index,url,valid,domain,title,description,image,published,archive,content,quote,language,keyword
https://www.bild.de/sport/fussball/freudentanz-aufgefuehrt-trump-minister-provoziert-iraner-nach-wm-aus-6a44515dc6ebf6ddb5b5f51c,https://www.bild.de/sport/fussball/freudentanz-aufgefuehrt-trump-minister-provoziert-iraner-nach-wm-aus-6a44515dc6ebf6ddb5b5f51c,0,www.bild.de,„Freudentanz aufgeführt“ - Trump-Minister provoziert Iraner nach WM-Aus,"WM 2026: Markwayne Mullin, Minister für Innere Sicherheit im Kabinett von Donald Trump, feiert ganz öffentlich das WM-Aus des Kriegs-Gegners.","https://images.bild.de/6a44515dc6ebf6ddb5b5f51c/0472a8e5a4e1df25511ab551fe2aaec0,fff61a19?w=1280",2026-07-01T00:09:15Z,,"TTS-Player überspringenArtikel weiterlesenWenn die Weltmeisterschaft stattfindet, sollte die Weltpolitik mal Pause machen. Tut sie aber nicht. Wegen des Krieges im Nahen Osten musste die Mannschaft d… [+1773 chars]",,de,'Iran'
https://www.sueddeutsche.de/politik/liveblog-nahost-iran-news-trump-iran-verhandlungen-doha-usa-li.3508345,https://www.sueddeutsche.de/politik/liveblog-nahost-iran-news-trump-iran-verhandlungen-doha-usa-li.3508345,0,www.sueddeutsche.de,Krieg in Nahost: USA melden positive Gespräche in Doha – kein direktes Treffen mit Iran,"Die Delegationen von den USA und Iran treffen sich in Doha zwar nicht direkt, nähern sich laut US-Vertretern dennoch an. Laut einem Medienbericht schließt Trump eine nächste breite Militärkampagne aus.",https://www.sueddeutsche.de/2026/06/30/c057ea9c-50b5-4480-9764-37acad9802f9.jpg?q=60&fm=webp&width=1200&rect=0%2C209%2C4000%2C2250,2026-07-01T01:32:38Z,,"Iran weist eine internationale Beteiligung an der Minenräumung in der Straße von Hormus entschieden zurück. Vizeaußenminister Kasem Gharibabadi erklärte auf der Plattform X, der von Frankreichs Präsi… [+1727 chars]",,de,'Iran'
https://www.zeit.de/news/2026-07/01/neue-beratungsstelle-fuer-besseren-klimaschutz,https://www.zeit.de/news/2026-07/01/neue-beratungsstelle-fuer-besseren-klimaschutz,0,www.zeit.de,Klima: Neue Beratungsstelle für besseren Klimaschutz,Hier finden Sie Informationen zu dem Thema „Klima“. Lesen Sie jetzt „Neue Beratungsstelle für besseren Klimaschutz“.,https://img.zeit.de/news/2026-07/01/neue-beratungsstelle-fuer-besseren-klimaschutz-image-group/wide__1300x731,2026-07-01T02:30:15Z,,"Thüringen startet ein neues Beratungsangebot für die Anbieter von Projekten, die dem Klimaschutz dienen. Die Stelle nimmt ihre Arbeit in Erfurt auf, wie das Umweltministerium auf Anfrage mitteilte. G… [+1319 chars]",,de,'Klima'
https://www.tagesschau.de/wissen/klima/meere-warm-copernicus-100.html,https://www.tagesschau.de/wissen/klima/meere-warm-copernicus-100.html,0,www.tagesschau.de,Meere im Juni so aufgeheizt wie nie zuvor,Die Meerestemperatur im Juni war noch nie so hoch wie in diesem Jahr. Das hat der EU-Klimadienst ermittelt. Bei etwa 21 Grad lag die durchschnittliche Temperatur. Forscher rechnen mit Folgen - nicht nur für die Meere.,https://images.tagesschau.de/image/e787ef14-5e57-4c2c-b2e7-704bfb65bd34/AAABnxt9j40/AAABnSSvrFg/16x9-big/meerestemperatur-100.jpg?width=1280,2026-07-01T03:26:59Z,,"Stand: 01.07.2026 05:26 Uhr
Die Meerestemperatur im Juni war noch nie so hoch wie in diesem Jahr. Das hat der EU-Klimadienst ermittelt. Bei etwa 21 Grad lag die durchschnittliche Temperatur. Forsche… [+1479 chars]",,de,'Klima'
https://www.diepresse.com/33737166/wie-sich-europa-ohne-erdoel-selbst-versorgen-koennte,https://www.diepresse.com/33737166/wie-sich-europa-ohne-erdoel-selbst-versorgen-koennte,0,www.diepresse.com,Wie sich Europa ohne Erdöl selbst versorgen könnte [premium],"Eine neue Studie zeigt, dass Europas Straßenverkehr bis 2040 komplett ohne fossile Energie auskommen könnte.",https://img.diepresse.com/public/wirtschaft/gfkjiv-bilder155jpg/alternates/WEBP_WIDE_1200/Bilder_155.jpg,2026-07-01T04:03:29Z,,"Wenn die Politik über die Zukunft der individuellen Mobilität redet, reduziert sich die Debatte schnell auf ein einziges Thema: auf batteriebetriebene Fahrzeuge. Möglicherweise wird man ab 2035 noch … [+5619 chars]",,de,'Erdöl'
https://www.morgenpost.de/politik/article412436296/zukunft-der-spritpreise-drei-szenarien-wie-es-im-iran-krieg-weitergeht.html,https://www.morgenpost.de/politik/article412436296/zukunft-der-spritpreise-drei-szenarien-wie-es-im-iran-krieg-weitergeht.html,0,www.morgenpost.de,"Zukunft der Spritpreise: Drei Szenarien, wie es im Iran-Krieg weitergeht",Hält das amerikanisch-iranische Rahmenabkommen – oder platzt es? Wie sich die Entwicklung am Golf auf unsere Wirtschaft auswirken könnte.,https://img.sparknews.funkemedien.de/412436835/412436835_1782880371_v16_9_1600.jpeg,2026-07-01T04:32:49Z,,"Nach der Unterzeichnung des amerikanisch-iranischen Rahmenabkommens Mitte Juni keimte Hoffnung auf, dass die Weltwirtschaft wieder auf Trab kommt. Eine verlängerte Waffenruhe, die Wiederöffnung der f… [+6727 chars]",,de,'Iran'
https://www.zeit.de/news/2026-07/01/oekonomen-russlands-wirtschaft-in-der-krise,https://www.zeit.de/news/2026-07/01/oekonomen-russlands-wirtschaft-in-der-krise,0,www.zeit.de,Hohe Zinsen und Spritmangel: Ökonomen: Russlands Wirtschaft in der Krise,Hier finden Sie Informationen zu dem Thema „Hohe Zinsen und Spritmangel“. Lesen Sie jetzt „Ökonomen: Russlands Wirtschaft in der Krise“.,https://img.zeit.de/news/2026-07/01/oekonomen-russlands-wirtschaft-in-der-krise-image-group/wide__1300x731,2026-07-01T06:00:07Z,,"Die russische Wirtschaft steckt aus Sicht von Ökonomen wegen hoher Zinsen, ukrainischer Angriffe und Internetsperren in einer Krise. Laut der jüngsten Prognose des Wiener Instituts für Internationale… [+2154 chars]",,de,'Hormus'
https://www.zeit.de/news/2026-07/01/russland-beschiesst-tankstellen-in-der-ukraine,https://www.zeit.de/news/2026-07/01/russland-beschiesst-tankstellen-in-der-ukraine,0,www.zeit.de,Ukraine-Krieg: Russland beschießt Tankstellen in der Ukraine,Hier finden Sie Informationen zu dem Thema „Ukraine-Krieg“. Lesen Sie jetzt „Russland beschießt Tankstellen in der Ukraine“.,https://img.zeit.de/news/2026-07/01/russland-beschiesst-tankstellen-in-der-ukraine-image-group/wide__1300x731,2026-07-01T06:03:38Z,,"Russische Luftangriffe haben im ukrainischen Gebiet Dnipropetrowsk über Nacht fünf Tankstellen getroffen. Mehrere Brände seien ausgebrochen, teilte der Gouverneur des Gebiets, Olexander Hanscha, auf … [+1381 chars]",,de,'Ukraine'
https://www.tagesschau.de/wirtschaft/konjunktur/inflation-tankrabatt-lebensmittel-preise-ezb-100.html,https://www.tagesschau.de/wirtschaft/konjunktur/inflation-tankrabatt-lebensmittel-preise-ezb-100.html,0,www.tagesschau.de,Inflation: Warum das Preisniveau bald wieder deutlich steigen könnte,"Die Inflation ist deutlich gesunken. Doch Ökonomen warnen: Die Energiepreis-Krise könnte nachwirken - und erst mit Verzögerung bei Konsumgütern, Lebensmitteln und Dienstleistungen ankommen. Von Angela Göpfert.",https://images.tagesschau.de/image/6a77a4e0-618b-44a0-b06b-bd63e6caf744/AAABnxeqkdM/AAABnSSvrFg/16x9-big/konsum-270.jpg?width=1280,2026-07-01T07:01:53Z,,"Stand: 01.07.2026 09:01 Uhr
Die Inflation ist deutlich gesunken. Doch Ökonomen warnen: Die Energiepreis-Krise könnte nachwirken - und erst mit Verzögerung bei Konsumgütern, Lebensmitteln und Dienstl… [+5952 chars]",,de,'Inflation'
https://www.zeit.de/news/2026-07/01/bundesregierung-warnt-vor-reisen-in-ganz-russland,https://www.zeit.de/news/2026-07/01/bundesregierung-warnt-vor-reisen-in-ganz-russland,0,www.zeit.de,Ukraine-Krieg: Bundesregierung warnt vor Reisen in ganz Russland,Hier finden Sie Informationen zu dem Thema „Ukraine-Krieg“. Lesen Sie jetzt „Bundesregierung warnt vor Reisen in ganz Russland“.,https://img.zeit.de/news/2026-07/01/bundesregierung-warnt-vor-reisen-in-ganz-russland-image-group/wide__1300x731,2026-07-01T07:40:39Z,,"Das Auswärtige Amt hat seine Reisewarnung für Russland angesichts der verstärkten ukrainischen Drohnenangriffe massiv ausgeweitet. Gewarnt wird jetzt vor Reisen im ganzen Land, bisher galt dies nur f… [+2031 chars]",,de,'Ukraine'
https://www.zeit.de/news/2026-07/01/bundesbankchef-nagel-die-inflation-ist-immer-noch-zu-hoch,https://www.zeit.de/news/2026-07/01/bundesbankchef-nagel-die-inflation-ist-immer-noch-zu-hoch,0,www.zeit.de,Geldpolitik: Bundesbankchef Nagel: «Die Inflation ist immer noch zu hoch»,Hier finden Sie Informationen zu dem Thema „Geldpolitik“. Lesen Sie jetzt „Bundesbankchef Nagel: «Die Inflation ist immer noch zu hoch»“.,https://img.zeit.de/news/2026-07/01/bundesbankchef-nagel-die-inflation-ist-immer-noch-zu-hoch-image-group/wide__1300x731,2026-07-01T07:51:07Z,,"Nach Ansicht von Bundesbankpräsident Joachim Nagel sollte die Europäische Zentralbank (EZB) trotz des starken Ölpreisrückgangs Kurs halten. «Die Inflation ist immer noch zu hoch», sagte Nagel der «Fr… [+1821 chars]",,de,'Inflation'
https://www.kino.de/news/bevor-es-auf-netflix-weitergeht-zweite-staffel-einer-der-groessten-fantasy-sensationen-feiert-free-tv-premiere--01KWEEPA0F197E1J2V89FQTFZN,https://www.kino.de/news/bevor-es-auf-netflix-weitergeht-zweite-staffel-einer-der-groessten-fantasy-sensationen-feiert-free-tv-premiere--01KWEEPA0F197E1J2V89FQTFZN,0,www.kino.de,Bevor es auf Netflix weitergeht: Zweite Staffel einer der größten Fantasy-Sensationen feiert Free-TV-Premiere,"„Frieren“ ist nicht nur auf Crunchyroll ein Hit, sondern zuletzt auch auf Netflix. Bevor es dort weitergeht, könnt ihr die zweite Staffel im Free-TV sehen.",https://static.kino.de/fd/75/52/4d7969b18186109da4138accfa_ZmMgNjY0MTVhNzRmZmZmIDE5MjAgMTA4MANmNTQ5YjExZDFhZg==.jpg,2026-07-01T09:03:21Z,,"Frieren ist nicht nur auf Crunchyroll ein Hit, sondern zuletzt auch auf Netflix. Bevor es dort weitergeht, könnt ihr die zweite Staffel im Free-TV sehen.
Die erste Anlaufstelle für Animes ist und bl… [+2166 chars]",,de,'Frieren'
https://www.zeit.de/wirtschaft/2026-07/fernwaerme-versorgung-grossstaedte-kommunale-waermeplanung,https://www.zeit.de/wirtschaft/2026-07/fernwaerme-versorgung-grossstaedte-kommunale-waermeplanung,0,www.zeit.de,Fernwärmeversorgung: So können Sie zukünftig heizen,"80 Großstädte haben Pläne vorgelegt, wie ihre Bürger künftig heizen sollen: mit Fernwärme oder doch besser mit Wärmepumpe? Aber viel mehr Klarheit gibt es noch nicht.",https://img.zeit.de/wirtschaft/2026-06/fernwaerme-versorgung-grossstaedte-kommunale-waermeplanung-bild/wide__1300x731,2026-07-01T09:26:06Z,,"Das Gasnetz, das sich unter der Republik erstreckt, ist länger als die Entfernung zum Mond. Ein Geflecht aus Rohren und Dichtungen, das sich Kilometer um Kilometer unter Feldern und Straßen hindurch … [+484 chars]",,de,'heizen'
https://www.faz.net/aktuell/finanzen/inflation-im-euroraum-faellt-im-juni-auf-2-8-prozent-accg-200986968.html,https://www.faz.net/aktuell/finanzen/inflation-im-euroraum-faellt-im-juni-auf-2-8-prozent-accg-200986968.html,0,www.faz.net,"Verbraucherpreise: Inflation im Euroraum fällt im Juni auf 2,8 Prozent",Die Inflation im Euroraum liegt unter den Erwartungen von Experten. Im EZB-Rat wird deswegen die Notwendigkeit eines abermaligen Zinsschritts diskutiert.,https://media0.faz.net/image/w1200h627/6149e2e481c5/w6000h3135x0y120o/202606/43601.0.2280004846/die-inflation-im-juni-fiel-im.webp,2026-07-01T09:26:34Z,,"Die Inflation im Euroraum hat sich deutlicher als erwartet abgeschwächt. Waren und Dienstleistungen verteuerten sich im Juni nur noch um durchschnittlich 2,8 Prozent im Vergleich zum Vorjahresmonat, … [+1688 chars]",,de,'Inflation'
https://www.zeit.de/news/2026-07/01/angriff-auf-lokfuehrer-zugfahrt-nach-vorfall-fortgesetzt,https://www.zeit.de/news/2026-07/01/angriff-auf-lokfuehrer-zugfahrt-nach-vorfall-fortgesetzt,0,www.zeit.de,Bahnhof: Angriff auf Lokführer - Zugfahrt nach Vorfall fortgesetzt,Hier finden Sie Informationen zu dem Thema „Bahnhof“. Lesen Sie jetzt „Angriff auf Lokführer - Zugfahrt nach Vorfall fortgesetzt“.,https://img.zeit.de/news/2026-07/01/angriff-auf-lokfuehrer-zugfahrt-nach-vorfall-fortgesetzt-image-group/wide__1300x731,2026-07-01T09:31:24Z,,"Ein Lokführer ist am Bahnhof in Kirchheim unter Teck (Kreis Esslingen) angegriffen worden. Laut Bundespolizei wollte der 31-Jährige seinen Zug in Betrieb nehmen, als ihm ein Mann mit dem Ellenbogen g… [+536 chars]",,de,'Angriff'
https://www.faz.net/premium/einspruch/exklusiv/geburtsortprinzip-warum-trump-vor-dem-supreme-court-scheiterte-accg-200986806.html,https://www.faz.net/premium/einspruch/exklusiv/geburtsortprinzip-warum-trump-vor-dem-supreme-court-scheiterte-accg-200986806.html,0,www.faz.net,Einspruch Exklusiv: Darum scheiterte Trumps Angriff auf das Geburtsortprinzip,"Wer in den Vereinigten Staaten geboren wird, ist amerikanischer Staatsbürger. Präsident Trump wollte das per Dekret ändern – und erleidet eine Niederlage vor dem höchsten Gericht.",https://media0.faz.net/image/w1200h627/fa520ec63f13/w5555h2902x0y665o/202606/43601.0.2282171192/grace-meng-mitte-und-weitere.webp,2026-07-01T09:33:14Z,,"Im Verhandlungssaal des Obersten Gerichtshofs der Vereinigten Staaten, in dem selten offen gelacht wird, sorgte Chief Justice John Roberts bereits Anfang April für einen ungewöhnlich leichten Moment.… [+221 chars]",,de,'Angriff'
https://www.china-gadgets.de/aliexpress-choice-day-juli-angebote/,https://www.china-gadgets.de/aliexpress-choice-day-juli-angebote/,0,www.china-gadgets.de,AliExpress Choice Day: Eiskalte Deals zur Abkühlung gegen die Sommerhitze & mehr,"Kompressor-Kühlboxen, Anker-Speicher und Tablets im Preissturz: Wir zeigen euch die Highlights zum AliExpress Choice Day für den Juli 2026.
Der Beitrag AliExpress Choice Day: Eiskalte Deals zur Abkühlung gegen die Sommerhitze & mehr erschien zuerst auf China-…",https://www.china-gadgets.de/app/uploads/2026/07/AliExpress-Choice-Day-Juli.2026.png,2026-07-01T10:00:13Z,,Der Sommer brennt vom Himmel und AliExpress liefert pünktlich zum Monatsanfang die passende Abkühlung. Der Juli Choice Day ist offiziell gestartet! Vom 1. bis zum 7. Juli 2026 winken wieder gestaffel… [+3759 chars],,de,'frieren'
https://www.dw.com/de/eu-klimaprogramm-copernicus-weltmeere-ozeane-erwaermung-klimawandel-carlo-buontempo-spanien-valencia/a-77782429,https://www.dw.com/de/eu-klimaprogramm-copernicus-weltmeere-ozeane-erwaermung-klimawandel-carlo-buontempo-spanien-valencia/a-77782429,0,www.dw.com,Ozeane heizen sich auf - Meere so warm wie nie,Neuer Wärmerekord in den Ozeanen: Die Temperatur der Weltmeere war an der Wasseroberfläche im vergangenen Monat so hoch wie nie zuvor in einem Juni. Das belegen zwei aktuelle Messungen.,https://static.dw.com/image/76907407_6.jpg,2026-07-01T10:27:00Z,,"Wissenschaftler des EU-Klimaprogramms Copernicus ermittelten an den Meeresoberflächen einen Durchschnittswert von 20,86 Grad. Der Copernicus-Meeresdienst nannte mit 21,0 Grad Celsius eine sogar noch … [+2920 chars]",,de,'heizen'
https://www.welt.de/gesundheit/article6a44c31f8fb3fff12ac431ef/erkaeltung-im-sommer-krank-wegen-der-klimaanlage-was-bei-sommergrippe-wirklich-hilft.html,https://www.welt.de/gesundheit/article6a44c31f8fb3fff12ac431ef/erkaeltung-im-sommer-krank-wegen-der-klimaanlage-was-bei-sommergrippe-wirklich-hilft.html,0,www.welt.de,Krank wegen der Klimaanlage? Was bei Sommergrippe wirklich hilft,"Was steckt hinter der Sommergrippe – und machen Klimaanlagen uns wirklich krank? Derzeit plagen sich viele Menschen trotz hoher Temperaturen mit Husten und Schnupfen herum. Wie Sie vorbeugen und was wirklich hilft, wenn es Sie erwischt hat.",https://images.welt.de/6a44c31f8fb3fff12ac431ef/2eaaa74cb2c9da23d86fd3a45d1744f3/ci16x9-w1200/gettyimages-1227085498-jpg,2026-07-01T10:40:15Z,,Was steckt hinter der Sommergrippe und machen Klimaanlagen uns wirklich krank? Derzeit plagen sich viele Menschen trotz hoher Temperaturen mit Husten und Schnupfen herum. Wie Sie vorbeugen und was wi… [+6294 chars],,de,'Klima'
https://www.zeit.de/politik/ausland/2026-06/jaroslaw-hrytsak-ukraine-krieg-geschichte-russland,https://www.zeit.de/politik/ausland/2026-06/jaroslaw-hrytsak-ukraine-krieg-geschichte-russland,0,www.zeit.de,"Jaroslaw Hrytsak: »Ich glaube nicht, dass Polen und Ukrainer sich bald versöhnen«","In der Ukraine werden Helden gefeiert, die bei ihren polnischen Nachbarn als Verbrecher gelten. Der renommierte Historiker Jaroslaw Hrytsak erklärt, warum das geschieht.",https://img.zeit.de/politik/2026-06/polen-ukraine-tusk-selenskyj-bild2-2/wide__1300x731,2026-07-01T11:15:11Z,,"Zwischen Polen und der Ukraine schwelt seit Wochen ein Geschichtsstreit. Auslöser
 des Streits war, dass der ukrainische Präsident Wolodymyr Selenskyj 
mehrere Einheiten auszeichnete, darunter eine… [+927 chars]",,de,'Ukraine'
https://taz.de/Proteste-gegen-Auslaender-in-Suedafrika/!6192382/,https://taz.de/Proteste-gegen-Auslaender-in-Suedafrika/!6192382/,0,taz.de,Proteste gegen Ausländer in Südafrika: Ein Klima von Einschüchterung und Angst,"Der Protesttag gegen „illegale“ Migranten in Südafrika eskalierte vielerorts in Gewalt. Viele Ausländer fliehen, aber so einfach ist das nicht.",https://taz.de/picture/8582647/1200/41542949.jpeg,2026-07-01T11:21:00Z,,"Der Protesttag gegen „illegale“ Migranten in Südafrika eskalierte vielerorts in Gewalt. Viele Ausländer fliehen, aber so einfach ist das nicht. mehr...",,de,'Klima'
https://www.tagesschau.de/wirtschaft/konjunktur/inflation-eurozone-juni-verbraucherpreise-100.html,https://www.tagesschau.de/wirtschaft/konjunktur/inflation-eurozone-juni-verbraucherpreise-100.html,0,www.tagesschau.de,"Inflation im Euroraum sinkt deutlich auf 2,8 Prozent","Die Entspannung im Iran-Konflikt dämpft die Inflation: Die Verbraucherpreise in der Eurozone stiegen im Juni um 2,8 Prozent im Vergleich zum Vorjahr. Das nimmt der EZB den Druck, die Zinsen rasch weiter anzuheben.",https://images.tagesschau.de/image/50ef0944-2d95-472b-b90d-4b96eab412b0/AAABnx0RYM4/AAABnSSvrFg/16x9-big/frankreich-800.jpg?width=1280,2026-07-01T11:51:51Z,,"Stand: 01.07.2026 13:51 Uhr
Die Entspannung im Iran-Konflikt dämpft die Inflation: Die Verbraucherpreise in der Eurozone stiegen im Juni um 2,8 Prozent im Vergleich zum Vorjahr. Das nimmt der EZB de… [+4361 chars]",,de,'Iran'
https://www.faz.net/aktuell/politik/ukraine/ukraine-liveticker-parlament-in-kiew-stimmt-fuer-umstrittene-gedenkstaette-faz-110683325.html,https://www.faz.net/aktuell/politik/ukraine/ukraine-liveticker-parlament-in-kiew-stimmt-fuer-umstrittene-gedenkstaette-faz-110683325.html,0,www.faz.net,Liveblog Ukrainekrieg: Parlament in Kiew stimmt für umstrittene Gedenkstätte,Keine Gegenstimme bei Abstimmung +++ Auswärtiges Amt weitet Reiswarnung für Russland aus +++ Saab liefert Kampfflugzeuge an die Ukraine +++  alle Neuigkeiten im Liveblog,https://media0.faz.net/image/w1200h627/4e217e5e5d6f/w5908h3086x0y426o/202605/43601.0.2147505044/kiew-moechte-auch-umstrittene.webp,2026-07-01T11:57:26Z,,Nach Angaben von Greenpeace sind mutmaßliche Schiffe der russischen Schattenflotte zuletzt dichter an der deutschen Ostseeküste entlanggefahren. Laut Auswertungen der Umweltschutzorganisation hielten… [+922 chars],,de,'Russland'
https://www.faz.net/aktuell/politik/ausland/liveblog-irankrieg-pistorius-erwaegt-abzug-deutscher-schiffe-in-dschibuti-faz-200583539.html,https://www.faz.net/aktuell/politik/ausland/liveblog-irankrieg-pistorius-erwaegt-abzug-deutscher-schiffe-in-dschibuti-faz-200583539.html,0,www.faz.net,Liveblog Irankrieg: Pistorius erwägt Abzug deutscher Schiffe in Dschibuti,„Im Zweifel lieber 40 Grad in Deutschland statt 50 in Dschibuti“ +++ Schiffe wurden für möglichen Einsatz in Hormus verlegt +++ Wadephul: Von Irans Atomprogramm darf „keine Gefahr“ mehr ausgehen +++ alle Entwicklungen im Liveblog,https://media0.faz.net/image/w1200h627/820b42df5a83/w5803h3032x0y418o/202605/43601.0.2082150312/auslaufen-in-kiel-das.webp,2026-07-01T12:03:45Z,,"Vertreter der USA und des Irans werden sich nach Angaben von US-Präsident Donald Trump an diesem Dienstag in Qatars Hauptstadt Doha treffen. Iran hat um ein Treffen gebeten, schrieb er auf seiner Pla… [+1143 chars]",,de,'Iran'
https://www.tagesschau.de/wirtschaft/finanzen/boerse-bilanz-halbjahr-marktbericht-100.html,https://www.tagesschau.de/wirtschaft/finanzen/boerse-bilanz-halbjahr-marktbericht-100.html,0,www.tagesschau.de,Halbjahresbilanz: Weniger Börsengänge trotz robuster Aktienmärkte,In den ersten sechs Monaten des Jahres haben deutlich weniger Unternehmen den Gang an die Börse gewagt. Obwohl sich die Aktienmärkte trotz des Iran-Kriegs robust gezeigt haben.,https://images.tagesschau.de/image/eee2f737-03cc-4107-872f-1a79f01488f4/AAABnipnoiI/AAABnSSvrFg/16x9-big/boerse-514.jpg?width=1280,2026-07-01T12:34:08Z,,"Stand: 01.07.2026 14:34 Uhr
In den ersten sechs Monaten des Jahres haben deutlich weniger Unternehmen den Gang an die Börse gewagt. Obwohl sich die Aktienmärkte trotz des Iran-Kriegs robust gezeigt … [+2999 chars]",,de,'Iran'
https://www.zeit.de/2026/29/vw-sparkurs-autoindustrie-mitarbeiter-china-konkurrenz,https://www.zeit.de/2026/29/vw-sparkurs-autoindustrie-mitarbeiter-china-konkurrenz,0,www.zeit.de,"VW-Sparkurs: Deutsche Autos? Teurer, aber nicht besser",Der Volkswagen-Konzern verschärft seinen Sparkurs drastisch. Aber auch BMW und Mercedes stecken in der Krise – denn China ist der neue Maßstab.,https://img.zeit.de/2026/29/teurer-aber-nicht-besser-bild-1/wide__1300x731,2026-07-01T13:43:46Z,,"Jetzt hat es sogar die Bayerischen Motoren Werke erwischt! Das ist die Reaktion bei deutschen Automanagern, wenn man sie auf die Lage in der Branche anspricht. Es ist kein schadenfroher Tonfall dabei… [+715 chars]",,de,'Krise'
https://www.faz.net/podcasts/f-a-z-podcast-fuer-deutschland/wladimir-kaminer-russendisko-gegen-den-krieg-200986458.html,https://www.faz.net/podcasts/f-a-z-podcast-fuer-deutschland/wladimir-kaminer-russendisko-gegen-den-krieg-200986458.html,0,www.faz.net,F.A.Z. Podcast für Deutschland: Wladimir Kaminer: „Russendisko gegen den Krieg“,Für Putin läuft es schlecht. Benzin und Lebensmittel werden knapp. Wächst der Unmut in der russischen Bevölkerung?,https://media0.faz.net/image/w1200h627/ab1e83f9604b/w5551h2900x0y286o/202606/43601.0.2280503252/4360102280503252.webp,2026-07-01T14:06:29Z,,Darüber sprechen wir im F.A.Z. Podcast für Deutschland mit unserem Russland-Korrespondenten Friedrich Schmidt und mit dem deutsch-russischen Autor Wladimir Kaminer.,,de,'Wladimir Putin'
https://www.diepresse.com/34098769/omv-chef-alfred-stern-mit-gas-zu-heizen-ist-verschwendung,https://www.diepresse.com/34098769/omv-chef-alfred-stern-mit-gas-zu-heizen-ist-verschwendung,0,www.diepresse.com,OMV-Chef Alfred Stern: „Mit Gas zu heizen ist Verschwendung“ [premium],"Der Energiekonzern warnt vor ausbleibenden Gaslieferungen. Stern will die fossile Produktion steigern, neue Gasfelder kaufen und in Graz nun doch nach Erdwärme bohren.",https://img.diepresse.com/public/incoming/bt79v9-kein-titel/alternates/WEBP_WIDE_1200/kein%20Titel,2026-07-01T14:06:54Z,,"Zwei Monate vor dem geplanten Ende seiner Ära als OMV-Generaldirektor nimmt sich Alfred Stern kein Blatt mehr vor den Mund: Europa wurde in den vergangenen fünf Jahren geschwächt, sagt er. Überborden… [+2934 chars]",,de,'heizen'
https://www.nzz.ch/international/pipeline-projekt-nord-stream-2-die-neusten-entwicklungen-ld.1483495,https://www.nzz.ch/international/pipeline-projekt-nord-stream-2-die-neusten-entwicklungen-ld.1483495,0,www.nzz.ch,Explosionen an den Nord-Stream-Pipelines: Bundesanwaltschaft erhebt Anklage gegen mutmasslichen Täter,Sprengstoffanschläge haben im September 2022 drei von vier Strängen der Gaspipelines Nord Stream 1 und 2 zerstört. Drei Jahre später sind mutmassliche Beteiligte festgenommen worden. Die wichtigsten Fragen und Antworten.,"https://img-msp-prod.nzz.ch/2022/09/30/f5fd3e58-1b1b-41f2-bcd5-5ad91166aaca.jpeg?width=1200&height=674&fit=bounds&quality=75&auto=webp&crop=3810,2143,x0,y737&wmark=nzz",2026-07-01T15:18:54Z,,Sprengstoffanschläge haben im September 2022 drei von vier Strängen der Gaspipelines Nord Stream1 und 2 zerstört. Drei Jahre später sind mutmassliche Beteiligte festgenommen worden. Die wichtigsten F… [+15775 chars],,de,'Erdöl'
https://taz.de/Kulturkampf-in-den-USA/!6192385/,https://taz.de/Kulturkampf-in-den-USA/!6192385/,0,taz.de,"Kulturkampf in den USA: Urteil gegen die 1,8 Prozent",Der Supreme Court billigt Verbote von Bundesstaaten für trans Frauen im Frauensport. Das passt zum längst vorherrschenden Klima in den USA.,https://taz.de/picture/8582677/1200/40960165.jpeg,2026-07-01T15:47:00Z,,Der Supreme Court billigt Verbote von Bundesstaaten für trans Frauen im Frauensport. Das passt zum längst vorherrschenden Klima in den USA. mehr...,,de,'Klima'
https://www.zeit.de/news/2026-07/01/hormus-haengepartie-zweifel-an-einsatz-deutscher-schiffe,https://www.zeit.de/news/2026-07/01/hormus-haengepartie-zweifel-an-einsatz-deutscher-schiffe,0,www.zeit.de,Iran-Konflikt: Hormus-Hängepartie: Zweifel an Einsatz deutscher Schiffe,Hier finden Sie Informationen zu dem Thema „Iran-Konflikt“. Lesen Sie jetzt „Hormus-Hängepartie: Zweifel an Einsatz deutscher Schiffe“.,https://img.zeit.de/news/2026-07/01/hormus-haengepartie-zweifel-an-einsatz-deutscher-schiffe-image-group/wide__1300x731,2026-07-01T16:28:10Z,,"Verteidigungsminister Boris Pistorius (SPD) will die beiden Schiffe der Bundeswehr, die für einen möglichen Militäreinsatz in der Straße von Hormus ins afrikanische Dschibuti verlegt wurden, mögliche… [+2938 chars]",,de,'Iran'
https://www.n-tv.de/politik/Veteran-droht-Putin-und-muss-ins-Gefaengnis-aus-ganz-anderem-Grund-id31035071.html,https://www.n-tv.de/politik/Veteran-droht-Putin-und-muss-ins-Gefaengnis-aus-ganz-anderem-Grund-id31035071.html,0,www.n-tv.de,Umgang mit Soldaten angeprangert: Veteran droht Putin und muss ins Gefängnis - aus ganz anderem Grund,"Alexander Lunin sorgt für Aufsehen in Russland: Die heftige Kritik des Veteranen am Umgang mit den eigenen Soldaten findet breite Zustimmung. Seine Forderung, mit Wladimir Putin persönlich sprechen zu dürfen, wirkt skurril. Die prompt erfolgte Haftstrafe ist …",https://www.n-tv.de/img/31035645/1782914149/Img_16_9/1200/edited_5c84a64a-d435-46df-80c3-7e91509ab4703944955633673940492.jpg,2026-07-01T17:33:57Z,,"In seiner mit Orden behängten Militäruniform wendete sich Lunin an Putin und Russland. 
Alexander Lunin sorgt für Aufsehen in Russland: Die heftige Kritik des Veteranen am Umgang mit den eigenen Sol… [+6988 chars]",,de,'Wladimir Putin'
https://www.n-tv.de/politik/Zahl-der-russischen-Drohnenangriffe-auf-die-Ukraine-bricht-ein-id31036886.html,https://www.n-tv.de/politik/Zahl-der-russischen-Drohnenangriffe-auf-die-Ukraine-bricht-ein-id31036886.html,0,www.n-tv.de,Im Mai noch Rekordwert erreicht: Zahl der russischen Drohnenangriffe auf die Ukraine bricht ein,Seit Jahren überzieht Russland die Ukraine mit Drohnen- und Raketenangriffen. Im Mai steigt die Zahl der Attacken auf einen Rekordwert. Im Folgemonat geht die Zahl einer Analyse zufolge aber deutlich zurück. Stattdessen erleidet Russland erhebliche Treffer.,https://www.n-tv.de/img/31036936/1782927245/Img_16_9/1200/Kampfdrohne-vermutlich-vom-Typ-Shahed-136-Schahed-136-iranischer-Bauart-Diese-Drohnen-nutzt-Russland-oft-fuer-den-Beschuss-von-Zielen-in-der-Ukraine.jpg,2026-07-01T18:54:40Z,,"Zunächst begann Russland, vom Iran gelieferte Schahed-Drohnen auf die Ukraine zu feuern. Mittlerweile baut es Angriffsdrohnen selbst. (Foto: picture alliance/dpa/AP)
Seit Jahren überzieht Russland d… [+2231 chars]",,de,'Erdöl'
https://www.zeit.de/news/2026-07/02/russland-fliegt-heftige-luftangriffe-auf-ukrainische-staedte,https://www.zeit.de/news/2026-07/02/russland-fliegt-heftige-luftangriffe-auf-ukrainische-staedte,0,www.zeit.de,Ukraine-Krieg: Russland fliegt heftige Luftangriffe auf ukrainische Städte,Hier finden Sie Informationen zu dem Thema „Ukraine-Krieg“. Lesen Sie jetzt „Russland fliegt heftige Luftangriffe auf ukrainische Städte“.,https://img.zeit.de/news/2026-07/02/russland-fliegt-heftige-luftangriffe-auf-ukrainische-staedte-image-group/wide__1300x731,2026-07-02T00:46:08Z,,"Mehrere Städte in der Ukraine sind zur Zielscheibe einer außergewöhnlich heftigen Angriffswelle mit russischen Kampfdrohnen, Raketen und Marschflugkörpern geworden. Aus der Hauptstadt Kiew wurden am … [+1410 chars]",,de,'Russland'
https://www.morgenpost.de/politik/article412317251/ukraine-news-krieg-aktuell-russland-drohnen-ukraine-tankstellen-oel-raffinerie.html,https://www.morgenpost.de/politik/article412317251/ukraine-news-krieg-aktuell-russland-drohnen-ukraine-tankstellen-oel-raffinerie.html,0,www.morgenpost.de,Russland fliegt massiven Luftangriff auf Kiew und andere Städte,"Moskau erlebte in der Nacht einen schweren Luftangriff. Eine Raffinerie stand in Flammen, der Flugverkehr war eingeschränkt. News im Blog.",https://img.sparknews.funkemedien.de/412455865/412455865_1782959092_v16_9_1600.jpeg,2026-07-02T02:25:00Z,,"Ein russischer Ukraine-Veteran, der dem russischen Präsidenten Wladimir Putin mit Meuterei gedroht hatte, ist zu einer Haftstrafe verurteilt worden. Ein Gericht in der Region Woronesch befand Alexand… [+1155 chars]",,de,'Wladimir Putin'
https://www.zeit.de/news/2026-07/02/landesforsten-wollen-weitere-moore-renaturieren,https://www.zeit.de/news/2026-07/02/landesforsten-wollen-weitere-moore-renaturieren,0,www.zeit.de,Klimaschutz: Landesforsten wollen weitere Moore renaturieren,Hier finden Sie Informationen zu dem Thema „Klimaschutz“. Lesen Sie jetzt „Landesforsten wollen weitere Moore renaturieren“.,https://img.zeit.de/news/2026-07/02/landesforsten-wollen-weitere-moore-renaturieren-image-group/wide__1300x731,2026-07-02T02:30:04Z,,"In Niedersachsen sollen auch in Zukunft weitere Moore renaturiert werden. Dazu haben die Niedersächsischen Landesforsten in den vergangenen Jahren mehr Fachkräfte eingestellt, um die Wiedervernässung… [+2690 chars]",,de,'Klima'
https://www.tagesschau.de/ausland/europa/ukraine-angriff-120.html,https://www.tagesschau.de/ausland/europa/ukraine-angriff-120.html,0,www.tagesschau.de,Ukraine meldet massive russische Luftangriffe,Die Ukraine ist in der Nacht wieder Ziel von heftigen russischen Luftangriffen geworden. In Kiew wurden mehrere Wohnhäuser und ein Hotel komplett zerstört. Auch aus anderen Städten wurden Angriffe gemeldet.,https://images.tagesschau.de/image/54ceffc1-b144-4e71-a109-f4a0090fa3f7/AAABnyDL8uA/AAABnSSvrFg/16x9-big/kiew-448.jpg?width=1280,2026-07-02T03:07:45Z,,"Stand: 02.07.2026 05:07 Uhr
Die Ukraine ist in der Nacht wieder Ziel von heftigen russischen Luftangriffen geworden. In Kiew wurden mehrere Wohnhäuser und ein Hotel komplett zerstört. Auch aus ander… [+1431 chars]",,de,'Angriff'
https://www.nzz.ch/international/polen-und-ukraine-streit-um-geschichte-bedroht-eu-perspektive-ld.10013673,https://www.nzz.ch/international/polen-und-ukraine-streit-um-geschichte-bedroht-eu-perspektive-ld.10013673,0,www.nzz.ch,Gefangen in der Geschichte: Der Streit zwischen Polen und der Ukraine bedroht die ukrainische EU-Perspektive,Präsident Selenski hat ein Pantheon für die Helden der ukrainischen Geschichte angekündigt. Für Polen ist das eine neuerliche Provokation. Der unterschiedliche Blick auf düstere Zeiten treibt einen Keil zwischen die beiden Staaten.,"https://img-msp-prod.nzz.ch/2026/07/01/cc92f315-4b08-4889-b390-6a51e82f4065.jpg?width=1200&height=674&fit=bounds&quality=75&auto=webp&crop=5629,3166,x0,y962&wmark=nzz",2026-07-02T03:30:00Z,,Präsident Selenski hat ein Pantheon für die Helden der ukrainischen Geschichte angekündigt. Für Polen ist das eine neuerliche Provokation. Der unterschiedliche Blick auf düstere Zeiten treibt einen K… [+8088 chars],,de,'Ukraine'
https://www.focus.de/politik/ausland/auf-konten-von-buergern-und-unternehmen-in-russland-liegen-130-billionen-rubel-sjuganow-will-jetzt-darauf-zugreifen_60748176-9889-4dc3-ab88-e3e958f5f98c.html,https://www.focus.de/politik/ausland/auf-konten-von-buergern-und-unternehmen-in-russland-liegen-130-billionen-rubel-sjuganow-will-jetzt-darauf-zugreifen_60748176-9889-4dc3-ab88-e3e958f5f98c.html,0,www.focus.de,Auf Konten von Bürgern und Unternehmen in Russland liegen 130 Billionen Rubel: Sjuganow will jetzt darauf zugreifen,Russlands Kommunistenchef Gennadi Sjuganow will einen Teil der Bankeinlagen für Staat und Wirtschaft mobilisieren. Der Vorstoß stößt auf heftigen Widerspruch und befeuert erneut Spekulationen über die Sicherheit privater Ersparnisse.,"https://quadro.burda-forward.de/ctf/21f4f139-1ada-47b9-9a00-676e99d715b9.02d11bdf-a82d-40f2-ad2b-5ac9fa7b7583.jpg?im=RegionOfInterestCrop=(1200,630),regionOfInterest=(2478,1936)&hash=f4e8504e216828d5fd703af499169a0269a137084b79f316b75347c9ef83fb64",2026-07-02T06:07:00Z,,"Russlands Kommunistenchef Gennadi Sjuganow hat vorgeschlagen, einen Teil der Bankeinlagen von Bürgern und Unternehmen zur Finanzierung von Staat und Wirtschaft zu nutzen. Damit hat der langjährige Ve… [+2660 chars]",,de,'Russland'
https://www.nzz.ch/pro/suwalki-luecke-eine-reise-durch-das-nadeloehr-der-nato-ld.10010205,https://www.nzz.ch/pro/suwalki-luecke-eine-reise-durch-das-nadeloehr-der-nato-ld.10010205,0,www.nzz.ch,Die Nato fürchtet in Litauen einen russischen Angriff: eine Reise entlang der Bruchlinie des Westens,"Vor den Toren der russischen Oblast Kaliningrad beginnt die Suwalki-Lücke. Ein strategischer Korridor der Nato, in dem die Geopolitik bröckelt, je näher man den Menschen kommt.","https://img-msp-prod.nzz.ch/2026/06/08/8d4e0df5-df0b-472b-bfe8-863731c6f86b.jpg?width=1200&height=675&fit=bounds&quality=75&auto=webp&crop=6000,3375,x0,y310&wmark=nzz",2026-07-02T06:44:00Z,,"Unten auf der Memel treibt ein Boot zwischen den Welten. Auf der einen Seite liegt die russische Exklave Kaliningrad, auf der anderen Litauen. Der Fluss teilt die Fronten zwischen dem Reich von Wladi… [+13094 chars]",,de,'Wladimir Putin'
https://www.zeit.de/news/2026-07/02/frau-in-u-bahn-niedergestochen-taeter-auf-der-flucht,https://www.zeit.de/news/2026-07/02/frau-in-u-bahn-niedergestochen-taeter-auf-der-flucht,0,www.zeit.de,Angriff mit Stichwaffe: Frau in U-Bahn niedergestochen - Täter auf der Flucht,Hier finden Sie Informationen zu dem Thema „Angriff mit Stichwaffe“. Lesen Sie jetzt „Frau in U-Bahn niedergestochen - Täter auf der Flucht“.,https://img.zeit.de/news/2026-07/02/frau-in-u-bahn-niedergestochen-taeter-auf-der-flucht-image-group/wide__1300x731,2026-07-02T06:48:52Z,,"Ein unbekannter Mann hat in der Essener U-Bahn eine Frau mit einer Stichwaffe angegriffen und schwer verletzt. Anschließend sei er geflüchtet, sagte ein Polizeisprecher. Die Fahndung nach ihm sei bis… [+607 chars]",,de,'Angriff'
https://www.zeit.de/news/2026-07/02/entspannung-in-nahost-airlines-erweitern-fluege-nach-israel,https://www.zeit.de/news/2026-07/02/entspannung-in-nahost-airlines-erweitern-fluege-nach-israel,0,www.zeit.de,Iran-Krieg: Entspannung in Nahost: Airlines erweitern Flüge nach Israel,Hier finden Sie Informationen zu dem Thema „Iran-Krieg“. Lesen Sie jetzt „Entspannung in Nahost: Airlines erweitern Flüge nach Israel“.,https://img.zeit.de/news/2026-07/02/entspannung-in-nahost-airlines-erweitern-fluege-nach-israel-image-group/wide__1300x731,2026-07-02T07:08:46Z,,Israel-Touristen können nach der Beruhigung im Iran-Krieg wieder auf ein größeres Flugangebot nach Tel Aviv zugreifen. Neben der Lufthansa-Gruppe plant nun auch die Gesellschaft Condor wieder regelmä… [+1054 chars],,de,'Iran'
https://www.diepresse.com/34460094/kaelte-keule-ueber-oesterreich,https://www.diepresse.com/34460094/kaelte-keule-ueber-oesterreich,0,www.diepresse.com,Kälte-Keule über Österreich [premium],"Der Sommer war intensiv, aber kurz – in den Elektromärkten werden bereits Heizstrahler nachgefragt.",https://img.diepresse.com/public/incoming/3ni1y5-kein-titel/alternates/WEBP_WIDE_1200/kein%20Titel,2026-07-02T08:37:26Z,,"So schnell kann es gehen. Gerade noch wurden knapp 40 Grad gemessen, verzeichneten die Freibäder Rekordbelegungen. Luigi, Toni und all die anderen Eissalons verzeichneten Rekordumsätze. Hunderte Mens… [+1226 chars]",,de,'frieren'
https://www.diepresse.com/34427593/nacht-des-schreckens-putin-will-mit-grausamem-luftkrieg-kapitulation,https://www.diepresse.com/34427593/nacht-des-schreckens-putin-will-mit-grausamem-luftkrieg-kapitulation,0,www.diepresse.com,„Nacht des Schreckens“: Putin will mit grausamem Luftkrieg Kapitulation der Ukraine herbeibomben [premium],In der Nacht auf Donnerstag führte Russland einen besonders langen und blutigen Luftangriff auf Kiew aus. Mindestens 17 Menschen starben bei der Attacke. Seinem Kriegsziel dürfte Putin trotzdem nicht näher kommen.,https://img.diepresse.com/public/incoming/36p1q0-ukraine-russia-conflict-war/alternates/WEBP_WIDE_1200/UKRAINE-RUSSIA-CONFLICT-WAR,2026-07-02T09:28:37Z,,Für Olga und Olena Stetsenko war es eine schlaflose Nacht. Im Morgengrauen machten sich die beiden Frauen auf den Heimweg vom Luftschutzkeller. Erst Donnerstagfrüh gab es Entwarnung Ende der Luftschl… [+4353 chars],,de,'Russland'
https://www.faz.net/aktuell/rhein-main/region-und-hessen/100-jahre-waldschwimmbad-neu-isenburg-als-der-eintritt-noch-25-pfennig-kostete-accg-200952797.html,https://www.faz.net/aktuell/rhein-main/region-und-hessen/100-jahre-waldschwimmbad-neu-isenburg-als-der-eintritt-noch-25-pfennig-kostete-accg-200952797.html,0,www.faz.net,Hohe Arbeitslosigkeit: Ein Schwimmbad als Arbeitsbeschaffungsmaßnahme,"Das Waldschwimmbad Neu-Isenburg ist schon immer mehr als ein Ort zur Abkühlung. Seine Geschichte führt in die Krisen der Weimarer Republik, durch die NS-Zeit und in die Debatten der Gegenwart.",https://media0.faz.net/image/w1200h627/6276a0418de9/w3910h2042x0y442o/202606/43601.0.2196908772/blick-auf-das-sportbecken.webp,2026-07-02T10:16:03Z,,"Es war keine Übertreibung, als das Neu-Isenburger Anzeigeblatt im Sommer 1926 schrieb: Unser Schwimmbad ist ein Kind der Not. Denn eine Erfolgsgeschichte war es erst in zweiter Linie. Noch Mitte der … [+9427 chars]",,de,'heizen'
https://www.zeit.de/politik/ausland/2026-07/russland-luftangriff-kyjiw-ukraine-raketen-drohnen-gxe,https://www.zeit.de/politik/ausland/2026-07/russland-luftangriff-kyjiw-ukraine-raketen-drohnen-gxe,0,www.zeit.de,Russischer Großangriff auf Kyjiw: Mindestens 18 Tote nach großflächigem russischen Angriff auf Kyjiw,Nach russischen Angriffen auf Kyjiw in der Nacht auf Donnerstag forderte die Ukraine weitere Luftverteidigung. Die EU kündigte neue Sanktionen gegen Moskau an.,https://img.zeit.de/politik/ausland/2026-07/russland-luftangriff-kyjiw-ukraine-raketen-drohnen-foto-1/wide__1300x731,2026-07-02T11:57:22Z,,Russland hat Kyjiw in der Nacht zum Donnerstag elf Stunden lang mit Raketen und Drohnen angegriffen. Bei den Attacken sind laut Kyjiws Bürgermeister Vitali Klitschko mindestens 18 Menschen getötet un… [+4428 chars],,de,'Ukraine'
https://www.focus.de/gesundheit/symptome/staendiges-frieren-und-muedigkeit-daran-kann-es-liegen_679b95ef-c0f4-498c-afe8-0de74e18bf03.html,https://www.focus.de/gesundheit/symptome/staendiges-frieren-und-muedigkeit-daran-kann-es-liegen_679b95ef-c0f4-498c-afe8-0de74e18bf03.html,0,www.focus.de,Ständiges Frieren und Müdigkeit: Daran kann es liegen,Ständiges Frieren und Müdigkeit können Symptome gesundheitlicher Probleme sein wie Schlafstörungen und Stress. Ein ärztlicher Check kann sinnvoll sein.,"https://quadro.burda-forward.de/ctf/6ef647b6-a490-49c0-8061-c95126f020c5.31da8fd4-a8d1-415d-bcfe-7ba374144b20.jpg?im=RegionOfInterestCrop=(1200,630),regionOfInterest=(980,561)&hash=545d738107469f2977467f045434d06810175a1a55ba6f5029f5ca2d739670dc",2026-07-02T12:22:00Z,,"Ständiges Frieren und Müdigkeit sind nicht nur unangenehme Begleiter im Alltag. Es ist unerlässlich, diese Symptome ernst zu nehmen und die Ursachen zu erforschen. Neben Übermüdung und Erschöpfung kö… [+112 chars]",,de,'Frieren'
https://stadt-bremerhaven.de/midea-profitiert-von-europas-hitzewelle-klimaanlagen-verkaeufe-ziehen-deutlich-an/,https://stadt-bremerhaven.de/midea-profitiert-von-europas-hitzewelle-klimaanlagen-verkaeufe-ziehen-deutlich-an/,0,stadt-bremerhaven.de,Midea profitiert von Europas Hitzewelle: Klimaanlagen-Verkäufe ziehen deutlich an,"Der Klimaanlagenhersteller Midea meldet kräftig steigende Verkaufszahlen in Europa. Hintergrund ist die anhaltend hohe Nachfrage, die unter anderem durch Hitzewellen befeuert wird. Besonders das PortaSplit-System des Unternehmens soll sich deutlich besser ver…",https://stadt-bremerhaven.de/wp-content/uploads/2026/06/HL_cFnWWMAE4K1s.jpg,2026-07-02T12:30:53Z,,"Der Klimaanlagenhersteller Midea meldet kräftig steigende Verkaufszahlen in Europa. Hintergrund ist die anhaltend hohe Nachfrage, die unter anderem durch Hitzewellen befeuert wird. Besonders das Port… [+2465 chars]",,de,'heizen'
https://www.zeit.de/news/2026-07/02/hammerattacke-auf-schneewittchens-zwerg,https://www.zeit.de/news/2026-07/02/hammerattacke-auf-schneewittchens-zwerg,0,www.zeit.de,Angriff auf Betonzwerge: Hammerattacke auf Schneewittchens Zwerg,Hier finden Sie Informationen zu dem Thema „Angriff auf Betonzwerge“. Lesen Sie jetzt „Hammerattacke auf Schneewittchens Zwerg“.,https://img.zeit.de/news/2026-07/02/hammerattacke-auf-schneewittchens-zwerg-image-group/wide__1300x731,2026-07-02T12:33:45Z,,Bei einem Streit um einen demolierten Gartenzwerg ist eine Seniorin in Unterfranken leicht verletzt worden. Zuvor hatte eine 42-Jährige - nach Polizeiangaben offensichtlich psychisch verwirrt - in Lo… [+827 chars],,de,'Angriff'
https://www.welt.de/sicherheitsgipfel/video6a464c7693e0921d609d38f4/welt-sicherheitsgipfel-airbus-defence-space-kooperiert-mit-bravo1-der-ukraine.html,https://www.welt.de/sicherheitsgipfel/video6a464c7693e0921d609d38f4/welt-sicherheitsgipfel-airbus-defence-space-kooperiert-mit-bravo1-der-ukraine.html,0,www.welt.de,Airbus Defence & Space kooperiert mit Bravo1 der Ukraine,"Airbus Defence & Space, kooperiert als erstes westliches Unternehmen mit der ukrainischen Initiative Brave1. Ziel ist die gemeinsame Entwicklung innovativer Drohnen- und KI-Technologien. „Wir müssen jetzt Gas geben“, sagt Dr. Michael Schöllhorn, CEO, bei WELT…",https://images.welt.de/6a464c7693e0921d609d38f4/213b12c2cc757cea54453335bf9ae9da-master/ci16x9-w1200/michael-schoellhorn-airbus-welt-sicherheitsgipfel-jpg,2026-07-02T12:49:29Z,,"Airbus Defence &amp; Space, kooperiert als erstes westliches Unternehmen mit der ukrainischen Initiative Brave1. Ziel ist die gemeinsame Entwicklung innovativer Drohnen- und KI-Technologien. Wir müss… [+125 chars]",,de,'Gas'
https://www.faz.net/aktuell/sport/fussball-wm/bob-hanning-und-die-duemmste-erklaerung-zur-fussball-wm-2026-200990773.html,https://www.faz.net/aktuell/sport/fussball-wm/bob-hanning-und-die-duemmste-erklaerung-zur-fussball-wm-2026-200990773.html,0,www.faz.net,Deutsches WM-Aus: Der Preis für die dümmste Erklärung geht an …,Rekordpreisträger Lothar Matthäus sieht schon wie der sichere Sieger aus. Doch dann kommt Bob Hanning um die Ecke. Wer ist schuld? Julian Nagelsmann natürlich. Aber warum?,https://media0.faz.net/image/w1200h627/736d01b6ee52/w4029h2105x369y278o/202607/43601.0.2283878412/nur-die-familien-im-kopf-die.webp,2026-07-02T13:25:20Z,,"Es ist schwer, in diesen Tagen der deutschen WM-Tristesse einen TV-Experten, früheren Nationalspieler oder auch einfach nur einen Fußballfan zu finden, der nicht genau weiß, woran es bei der National… [+2527 chars]",,de,'Preis'
https://www.zeit.de/news/2026-07/02/mit-der-waerme-aus-dem-fluss-wohnungen-heizen,https://www.zeit.de/news/2026-07/02/mit-der-waerme-aus-dem-fluss-wohnungen-heizen,0,www.zeit.de,Energie und Klima: Mit der Wärme aus dem Fluss Wohnungen heizen,Hier finden Sie Informationen zu dem Thema „Energie und Klima“. Lesen Sie jetzt „Mit der Wärme aus dem Fluss Wohnungen heizen“.,https://img.zeit.de/news/2026-07/02/mit-der-waerme-aus-dem-fluss-wohnungen-heizen-image-group/wide__1300x731,2026-07-02T13:53:36Z,,"In der Lahn bei Gießen ist die erste großtechnische Anlage zur Nutzung von Flusswärme in Hessen offiziell in Betrieb gegangen. Ihr Herzstück sind drei Großwärmepumpen, die der Lahn nach Angaben des W… [+1284 chars]",,de,'Klima'
https://www.zeit.de/news/2026-07/02/vater-stellt-sich-nach-angriff-auf-freund-der-tochter,https://www.zeit.de/news/2026-07/02/vater-stellt-sich-nach-angriff-auf-freund-der-tochter,0,www.zeit.de,In JVA gebracht: Vater stellt sich nach Angriff auf Freund der Tochter,Hier finden Sie Informationen zu dem Thema „In JVA gebracht“. Lesen Sie jetzt „Vater stellt sich nach Angriff auf Freund der Tochter“.,https://img.zeit.de/news/2026-07/02/vater-stellt-sich-nach-angriff-auf-freund-der-tochter-image-group/wide__1300x731,2026-07-02T14:39:24Z,,"Nachdem ein Vater in Bad Honnef den Freund seiner Tochter vor ihren Augen mit einer Stichwaffe attackiert haben soll, hat er sich zwei Tage später in Bonn gestellt. Er sei inzwischen ins Gefängnis ge… [+855 chars]",,de,'Angriff'
https://www.golem.de/sonstiges/zustimmung/auswahl.html?from=https://www.golem.de/news/konkurrenz-fuer-aws-meta-platforms-macht-plaene-fuer-ki-cloud-geschaeft-konkreter-2607-210450.html&referer=https://t.co/6a50c328a8,https://www.golem.de/sonstiges/zustimmung/auswahl.html?from=https://www.golem.de/news/konkurrenz-fuer-aws-meta-platforms-macht-plaene-fuer-ki-cloud-geschaeft-konkreter-2607-210450.html&referer=https://t.co/6a50c328a8,0,www.golem.de,Konkurrenz für AWS: Meta Platforms macht Pläne für KI-Cloud-Geschäft konkreter,"Meta hat offenbar mehr KI-Cloud-Kapazität, als es selbst benötigt. Der Konzern könnte zum Angriff auf Amazon Web Services, Microsoft Azure und Google Cloud übergehen. (Meta, KI)",,2026-07-02T15:35:02Z,,"Besuchen Sie Golem.de wie gewohnt mit Werbung und Tracking,
 indem Sie der Nutzung aller Cookies zustimmen.
 Details zum Tracking finden Sie im Privacy Center.
Skript wurde nicht geladen. Informat… [+607 chars]",,de,'Angriff'
https://www.faz.net/aktuell/politik/ausland/russland-im-treibstoffmangel-putin-setzt-auf-importe-200990872.html,https://www.faz.net/aktuell/politik/ausland/russland-im-treibstoffmangel-putin-setzt-auf-importe-200990872.html,0,www.faz.net,"Treibstoffmangel: Putin will Indien, Belarus und Kasachstan anzapfen",In Russland wird der Treibstoff knapp. Vor den Tankstellen stauen sich die Autos. Manche Behörden werden darum kreativ.,https://media0.faz.net/image/w1200h627/1c1c0450c125/w6144h3210x0y763o/202606/43601.0.2281889878/wer-tanken-will-muss-zeit.webp,2026-07-02T18:31:12Z,,"Aus immer mehr russischen Regionen häufen sich die Bilder von Autos und Lastwagen, die an Tankstellen Schlange stehen. Zwar heißt es im Staatsfernsehen in Anknüpfung an Präsident Wladimir Putins Dars… [+5813 chars]",,de,'Russland'
https://www.zeit.de/politik/ausland/2026-07/paketbomben-monaco-wadym-jermolajew-oligarch,https://www.zeit.de/politik/ausland/2026-07/paketbomben-monaco-wadym-jermolajew-oligarch,0,www.zeit.de,Paketbombenanschlag in Monaco: Ermittler identifizieren verdächtige Person nach Explosion in Monaco,Eine Paketbombe verletzte in Monaco drei Menschen – darunter offenbar einen Geschäftsmann aus der Ukraine. Nun wird eine verdächtige Person zur Fahndung ausgeschrieben.,https://img.zeit.de/politik/ausland/2026-07/paketbomben-monaco-wadym-jermolajew-oligarch-foto-1/wide__1300x731,2026-07-02T22:52:42Z,,Die Staatsanwaltschaft von Monaco hat nach der Explosion einer Paketbombe eine verdächtige Person identifiziert. Bei dem Vorfall war ein aus der Ukraine stammender Geschäftsmann schwer verletzt worde… [+1700 chars],,de,'Ukraine'
https://www.nzz.ch/pro/putin-schwaecht-mit-dem-ukraine-krieg-russlands-macht-ld.10013888,https://www.nzz.ch/pro/putin-schwaecht-mit-dem-ukraine-krieg-russlands-macht-ld.10013888,0,www.nzz.ch,Wladimir der Grosse?,Mit dem Ukraine-Krieg hat Putin den Traum von der russischen Weltmacht ruiniert. Die Pfeiler seiner Macht sind allesamt geschwächt.,"https://img-msp-prod.nzz.ch/2026/07/01/6d4dc5de-b7af-4029-90d7-82a0c95d6eed.jpg?width=1200&height=675&fit=bounds&quality=75&auto=webp&crop=4053,2280,x0,y1497&wmark=nzz",2026-07-03T03:30:00Z,,"Mit dem Ukraine-Krieg hat Putin den Traum von der russischen Weltmacht ruiniert. Die Pfeiler seiner Macht sind allesamt geschwächt.
Ulrich Speck03.07.2026, 05.30 Uhr
Kommentieren
Zusammenfassung
… [+8979 chars]",,de,'Wladimir Putin'
https://www.zeit.de/gesellschaft/2026-07/alexej-nawalny-wladimir-putin-russland-bibelpodcast,https://www.zeit.de/gesellschaft/2026-07/alexej-nawalny-wladimir-putin-russland-bibelpodcast,0,www.zeit.de,Alexej Nawalny: Einer gegen Putin,"So lang er konnte, kämpfte der russische Aktivist Alexej Nawalny gegen den Präsidenten Wladimir Putin, der das Land zugrunde richtet. Deshalb musste er sterben.",https://img.zeit.de/2026-07/alexej-nawalny-wladimir-putin-russland-bibelpodcast-bild/wide__1300x731,2026-07-03T04:05:07Z,,"Alexej Nawalny (1976 2024) erlebte den langsamen Untergang Russlands: Als er ein Kind war, explodierte das Atomkraftwerk in Tschernobyl. Später sah der junge Rechtsanwalt, wie überall Lügen, Korrupti… [+521 chars]",,de,'Russland'
https://www.zeit.de/politik/ausland/2026-07/angriffe-russland-benzinkrise-ukraine-5vor8,https://www.zeit.de/politik/ausland/2026-07/angriffe-russland-benzinkrise-ukraine-5vor8,0,www.zeit.de,Angriffe auf russisches Gebiet: Wann merken sie es endlich?,"Schlangen an den Tankstellen, steigende Preise, brennende Raffinerien: Der Krieg ist längst in Russland angekommen. Warum die Bevölkerung dennoch nicht aufbegehrt",https://img.zeit.de/politik/ausland/2026-07/angriffe-russland-benzinkrise-ukraine-5vor8-bild/wide__1300x731,2026-07-03T05:49:25Z,,"Schließen
Artikelzusammenfassung
Die Ukraine-Krise spitzt sich zu: Ukrainische Drohnen dringen immer tiefer in russisches Gebiet vor, lösen Chaos und Zerstörung aus. Die russische Bevölkerung leide… [+799 chars]",,de,'Preis'
https://www.tagesschau.de/ausland/europa/ukraine-russland-angriffe-tote-106.html,https://www.tagesschau.de/ausland/europa/ukraine-russland-angriffe-tote-106.html,0,www.tagesschau.de,Erneute Angriffe auf Ukraine - mindestens vier Tote,Bei russischen Angriffen auf mehrere Regionen in der Ukraine sind erneut mehrere Menschen getötet und verletzt worden. In Kiew ist die Zahl der Todesopfer durch die massiven Attacken in der Nacht auf Donnerstag auf mindestens 30 gestiegen.,https://images.tagesschau.de/image/24be2202-a792-4d0e-bb63-fbedf00b660a/AAABnyayqt4/AAABnSSvrFg/16x9-big/ukraine-krieg-624.jpg?width=1280,2026-07-03T06:37:51Z,,"Stand: 03.07.2026 08:37 Uhr
Bei russischen Angriffen auf mehrere Regionen in der Ukraine sind erneut mehrere Menschen getötet und verletzt worden. In Kiew ist die Zahl der Todesopfer durch die massi… [+2082 chars]",,de,'Ukraine'
https://www.kino.de/news/bevor-es-auf-netflix-weitergeht-frieren-staffel-2-feiert-in-kuerze-free-tv-premiere--01KWEEPA0F197E1J2V89FQTFZN,https://www.kino.de/news/bevor-es-auf-netflix-weitergeht-frieren-staffel-2-feiert-in-kuerze-free-tv-premiere--01KWEEPA0F197E1J2V89FQTFZN,0,www.kino.de,Bevor es auf Netflix weitergeht: „Frieren“ Staffel 2 feiert in Kürze Free-TV-Premiere,"„Frieren“ ist nicht nur auf Crunchyroll ein Hit, sondern zuletzt auch auf Netflix. Bevor es dort weitergeht, könnt ihr die zweite Staffel im Free-TV sehen.",https://static.kino.de/fd/75/52/4d7969b18186109da4138accfa_ZmMgNjY0MTVhNzRmZmZmIDE5MjAgMTA4MANmNTQ5YjExZDFhZg==.jpg,2026-07-03T07:09:53Z,,"Frieren ist nicht nur auf Crunchyroll ein Hit, sondern zuletzt auch auf Netflix. Bevor es dort weitergeht, könnt ihr die zweite Staffel im Free-TV sehen.
Die erste Anlaufstelle für Animes ist und bl… [+2166 chars]",,de,'Frieren'
https://www.focus.de/gesundheit/ernaehrung/frieren-beim-abnehmen-das-steckt-dahinter_bb183edd-38ac-4542-a0be-f807686b7ae8.html,https://www.focus.de/gesundheit/ernaehrung/frieren-beim-abnehmen-das-steckt-dahinter_bb183edd-38ac-4542-a0be-f807686b7ae8.html,0,www.focus.de,Frieren beim Abnehmen: Das steckt dahinter,"Frieren ist eine Begleiterscheinung beim Abnehmen. Dafür kann es mehrere Ursachen geben, denen Sie auf den Grund gehen sollten.","https://quadro.burda-forward.de/ctf/fee3be17-ee53-40bb-8493-937401bd97be.3d47abd9-c8d7-4c8e-8fd9-8afa26a5b404.jpg?im=RegionOfInterestCrop=(1200,630),regionOfInterest=(1000,577)&hash=9d18e3b9bcfaa12b016df091531ef90934ad39da5735025a18857a22656897a0",2026-07-03T08:19:00Z,,"Alle Inhalte, insbesondere die Texte und Bilder von Agenturen, sind
 urheberrechtlich geschützt und dürfen nur im Rahmen der gewöhnlichen
 Nutzung des Angebots vervielfältigt, verbreitet oder sonst… [+43 chars]",,de,'frieren'
https://www.golem.de/sonstiges/zustimmung/auswahl.html?from=https://www.golem.de/news/valar-atomics-teuerster-kernreaktor-aller-zeiten-hat-strom-produziert-2607-210470.html&referer=https://t.co/a3694dca52,https://www.golem.de/sonstiges/zustimmung/auswahl.html?from=https://www.golem.de/news/valar-atomics-teuerster-kernreaktor-aller-zeiten-hat-strom-produziert-2607-210470.html&referer=https://t.co/a3694dca52,0,www.golem.de,Valar Atomics: Teuerster Kernreaktor aller Zeiten hat Strom produziert,"Ein Nvidia Spark ist in den USA mit Strom aus einem neuartigen, kleinen Atomreaktor versorgt worden. Der Preis ist extrem, der Nutzen zweifelhaft. (Atomkraft, Nvidia)",,2026-07-03T08:48:01Z,,"Besuchen Sie Golem.de wie gewohnt mit Werbung und Tracking,
 indem Sie der Nutzung aller Cookies zustimmen.
 Details zum Tracking finden Sie im Privacy Center.
Skript wurde nicht geladen. Informat… [+607 chars]",,de,'Preis'
https://www.zeit.de/news/2026-07/03/17-jaehriger-nach-angriff-auf-jugendlichen-festgenommen,https://www.zeit.de/news/2026-07/03/17-jaehriger-nach-angriff-auf-jugendlichen-festgenommen,0,www.zeit.de,Versuchtes Tötungsdelikt: 17-Jähriger nach Angriff auf Jugendlichen festgenommen,Hier finden Sie Informationen zu dem Thema „Versuchtes Tötungsdelikt“. Lesen Sie jetzt „17-Jähriger nach Angriff auf Jugendlichen festgenommen“.,https://img.zeit.de/news/2026-07/03/17-jaehriger-nach-angriff-auf-jugendlichen-festgenommen-image-group/wide__1300x731,2026-07-03T10:38:14Z,,"Nach dem Angriff auf einen Jugendlichen in München hat die Polizei einen 17-jährigen Tatverdächtigen festgenommen. Er soll dem 16 Jahre alten Opfer schwere Verletzungen am Oberkörper zugefügt haben, … [+599 chars]",,de,'Angriff'
https://www.zeit.de/news/2026-07/03/explosion-in-monaco-ukrainerin-aus-deutschland-verdaechtigt,https://www.zeit.de/news/2026-07/03/explosion-in-monaco-ukrainerin-aus-deutschland-verdaechtigt,0,www.zeit.de,Mehrere Verletzte: Explosion in Monaco: Ukrainerin aus Deutschland verdächtigt,Hier finden Sie Informationen zu dem Thema „Mehrere Verletzte“. Lesen Sie jetzt „Explosion in Monaco: Ukrainerin aus Deutschland verdächtigt“.,https://img.zeit.de/news/2026-07/03/explosion-in-monaco-ukrainerin-aus-deutschland-verdaechtigt-image-group/wide__1300x731,2026-07-03T10:38:30Z,,"Nach der Explosion in Monaco mit Schwerverletzten suchen die Behörden eine Ukrainerin mit Wohnsitz in Deutschland. Anders als zunächst gedacht, handle es sich bei der verdächtigen Person um eine Frau… [+1628 chars]",,de,'Ukraine'
https://www.tagesspiegel.de/internationales/19-prozent-konnen-putin-nicht-genugen-diese-zahlen-zeigen-wie-miserabel-der-krieg-fur-russland-lauft-15785331.html,https://www.tagesspiegel.de/internationales/19-prozent-konnen-putin-nicht-genugen-diese-zahlen-zeigen-wie-miserabel-der-krieg-fur-russland-lauft-15785331.html,0,www.tagesspiegel.de,"19 Prozent können Putin nicht genügen: Diese Zahlen zeigen, wie miserabel der Krieg für Russland läuft",Der russische Machthaber gesteht inzwischen selbst Probleme mit seinem Ukraine-Krieg ein. Drei Zahlen zeichnen ein noch viel verheerenderes Bild. Für Euphorie aufseiten des Westens ist es trotzdem zu früh.,https://www.tagesspiegel.de/images/15791715/alternates/BASE_16_9_W1400/1783067970000/ukraine-krieg-russlands-prasident-putin.jpeg,2026-07-03T11:14:45Z,,"Wenn der russische Machthaber höchstpersönlich Probleme mit seinem Ukraine-Krieg einräumt, muss tatsächlich etwas im Argen liegen. Wladimir Putins Auftritt Ende Juni beim Kongress der Regierungsparte… [+7327 chars]",,de,'Erdöl'
https://www.tagesspiegel.de/internationales/400000-tote-soldaten-fur-19-prozent-der-ukraine-diese-zahlen-zeigen-wie-schlecht-putins-krieg-wirklich-lauft-15785331.html,https://www.tagesspiegel.de/internationales/400000-tote-soldaten-fur-19-prozent-der-ukraine-diese-zahlen-zeigen-wie-schlecht-putins-krieg-wirklich-lauft-15785331.html,0,www.tagesspiegel.de,"400.000 tote Soldaten für 19 Prozent der Ukraine: Diese Zahlen zeigen, wie schlecht Putins Krieg wirklich läuft",Der russische Machthaber gesteht inzwischen selbst Probleme mit seinem Ukraine-Krieg ein. Drei Zahlen zeichnen ein noch viel verheerenderes Bild. Für Euphorie aufseiten des Westens ist es trotzdem zu früh.,https://www.tagesspiegel.de/images/15791715/alternates/BASE_16_9_W1400/1783067970000/ukraine-krieg-russlands-prasident-putin.jpeg,2026-07-03T11:14:45Z,,"Wenn der russische Machthaber höchstpersönlich Probleme mit seinem Ukraine-Krieg einräumt, muss tatsächlich etwas im Argen liegen. Wladimir Putins Auftritt Ende Juni beim Kongress der Regierungsparte… [+7327 chars]",,de,'Ukraine'
https://www.zeit.de/news/2026-07/03/ukraine-soll-bei-nato-gipfel-milliardenversprechen-erhalten,https://www.zeit.de/news/2026-07/03/ukraine-soll-bei-nato-gipfel-milliardenversprechen-erhalten,0,www.zeit.de,Spitzentreffen in Ankara: Ukraine soll bei Nato-Gipfel Milliardenversprechen erhalten,Hier finden Sie Informationen zu dem Thema „Spitzentreffen in Ankara“. Lesen Sie jetzt „Ukraine soll bei Nato-Gipfel Milliardenversprechen erhalten“.,https://img.zeit.de/news/2026-07/03/ukraine-soll-bei-nato-gipfel-milliardenversprechen-erhalten-image-group/wide__1300x731,2026-07-03T12:32:27Z,,Die von Russland angegriffene Ukraine soll beim Nato-Gipfel in Ankara ein neues Versprechen für milliardenschwere Militärhilfen bekommen. Darauf verständigten sich Vertreter der 32 Bündnisstaaten wen… [+4846 chars],,de,'Ukraine'
https://www.zeit.de/politik/deutschland/2026-07/ruestungsindustrie-baltikum-deutschland-nato-friedrich-merz,https://www.zeit.de/politik/deutschland/2026-07/ruestungsindustrie-baltikum-deutschland-nato-friedrich-merz,0,www.zeit.de,Nato: Litauen will Teil der atomaren Abschreckung der Nato werden,Litauen will sich bei der nuklearen Abschreckung gegenüber Russland beteiligen. Bundeskanzler Merz vereinbart engere Zusammenarbeit mit den baltischen Staaten.,https://img.zeit.de/politik/deutschland/2026-07/ruestungsindustrie-baltikum-deutschland-nato-friedrich-merz-foto-1/wide__1300x731,2026-07-03T12:56:47Z,,Das baltische EU- und Natoland Litauen will Teil der atomaren Abschreckung der Allianz gegenüber Russland werden. Eine Verfassungsänderung solle die »bestehende Beschränkung über die mögliche Nutzung… [+1155 chars],,de,'Russland'
https://www.faz.net/aktuell/politik/ukraine/nato-sagt-ukraine-geld-zu-lieber-zahlen-als-putin-nachgeben-200995287.html,https://www.faz.net/aktuell/politik/ukraine/nato-sagt-ukraine-geld-zu-lieber-zahlen-als-putin-nachgeben-200995287.html,0,www.faz.net,Hilfe für die Ukraine: Europa hat sein Schicksal nun selbst in der Hand,"Die NATO-Staaten sagen der Ukraine noch mal sehr viel Geld zu. Das ist immer noch die bessere Wahl, als Putin einfach seinen Willen zu lassen.",https://media0.faz.net/image/w1200h627/399d15a182a9/w6144h3210x0y763o/202607/43601.0.2292550360/nach-einem-russischen-angriff.webp,2026-07-03T15:21:59Z,,"Es sind weiterhin große Beträge, die der Westen aufbringt, um den russischen Vormarsch in der Ukraine zu stoppen. Selbst für überwiegend wohlhabende Länder wie die NATO-Mitglieder sind die 140 Millia… [+1698 chars]",,de,'Ukraine'
https://www.zeit.de/news/2026-07/03/mutmasslicher-macheten-angriff-zwei-jugendliche-verletzt,https://www.zeit.de/news/2026-07/03/mutmasslicher-macheten-angriff-zwei-jugendliche-verletzt,0,www.zeit.de,Gewalt im Volkspark Mariendorf: Mutmaßlicher Macheten-Angriff: Zwei Jugendliche verletzt,Hier finden Sie Informationen zu dem Thema „Gewalt im Volkspark Mariendorf“. Lesen Sie jetzt „Mutmaßlicher Macheten-Angriff: Zwei Jugendliche verletzt“.,https://img.zeit.de/news/2026-07/03/mutmasslicher-macheten-angriff-zwei-jugendliche-verletzt-image-group/wide__1300x731,2026-07-03T15:43:55Z,,Ein Streit zwischen zwei Gruppen Jugendlicher im Volkspark Mariendorf in Tempelhof-Schöneberg ist eskaliert: Zwei 17-Jährige erlitten Schnittwunden. Ein Angreifer soll die beiden am Donnerstagabend m… [+448 chars],,de,'Angriff'
https://www.golem.de/sonstiges/zustimmung/auswahl.html?from=https://www.golem.de/news/anzeige-einhell-plus-akku-bei-amazon-guenstiger-als-im-schnitt-der-vergangenen-wochen-2607-210501.html&referer=https://t.co/6751ec691d,https://www.golem.de/sonstiges/zustimmung/auswahl.html?from=https://www.golem.de/news/anzeige-einhell-plus-akku-bei-amazon-guenstiger-als-im-schnitt-der-vergangenen-wochen-2607-210501.html&referer=https://t.co/6751ec691d,0,www.golem.de,Anzeige: Einhell-Plus-Akku bei Amazon günstiger als im Schnitt der vergangenen Wochen,"Amazon hat Einhells 18-V-Plus-Akku reduziert und macht damit zusammen mit einem anderen Shop den besten Preis laut Preisvergleich. (Technik/Hardware, Akku)",,2026-07-03T17:01:01Z,,"Besuchen Sie Golem.de wie gewohnt mit Werbung und Tracking,
 indem Sie der Nutzung aller Cookies zustimmen.
 Details zum Tracking finden Sie im Privacy Center.
Skript wurde nicht geladen. Informat… [+607 chars]",,de,'Preis'
https://www.faz.net/aktuell/politik/ukraine/ukraine-liveticker-russland-will-kostjantyniwka-an-der-front-erobert-haben-faz-110683325.html,https://www.faz.net/aktuell/politik/ukraine/ukraine-liveticker-russland-will-kostjantyniwka-an-der-front-erobert-haben-faz-110683325.html,0,www.faz.net,Liveblog Ukrainekrieg: Russland will Kostjantyniwka an der Front erobert haben,Einnahme würde Russlands Kontrolle in der Region Donezk ausweiten +++ Zahl der Toten in Kiew auf mindestens 30 gestiegen – Selenskyj kündigt Vergeltung an +++ alle Neuigkeiten im Liveblog,https://media0.faz.net/image/w1200h627/db85ff6fe3fd/w5472h2859x0y394o/202607/43601.0.2294863207/kostjantyniwka-30-november.webp,2026-07-03T20:42:49Z,,"Nach den jüngsten russischen Luftangriffen auf Kiew ist die Zahl der Todesopfer auf 30 gestiegen, teilte der Leiter der Militärverwaltung der ukrainischen Haupstadt, Tymur Tkatschenko, am Freitag mit… [+2010 chars]",,de,'Ukraine'
https://www.zeit.de/politik/ausland/2026-07/polen-ukraine-streit-upa-zweiter-weltkrieg,https://www.zeit.de/politik/ausland/2026-07/polen-ukraine-streit-upa-zweiter-weltkrieg,0,www.zeit.de,»Helden der UPA«: Außenminister Polens und der Ukraine versuchen Streit zu beruhigen,"Die Außenminister Polens und der Ukraine haben versucht, die Diplomatie zwischen den Ländern zu wahren. Zuvor war ein Streit zwischen den Präsidenten aufgeflammt.",https://img.zeit.de/administratives/sharing/fallback-image-die-zeit/wide__1300x731,2026-07-03T20:50:23Z,,Die Außenminister Polens und der Ukraine haben sich in Warschau um eine Deeskalation im Streit über die Geschichte ihrer Länder im Zweiten Weltkrieg bemüht. Der polnische Minister Radoslaw Sikorski u… [+1401 chars],,de,'Ukraine'
https://www.tagesschau.de/ausland/ukraine-russland-krieg-142.html,https://www.tagesschau.de/ausland/ukraine-russland-krieg-142.html,0,www.tagesschau.de,Russland meldet Einnahme wichtiger Stadt im ukrainischen Donbass,Russland rückt nach eigenen Angaben im Osten der Ukraine vor und will eine strategisch wichtige Stadt erobert haben. Bei einem russischen Angriff auf die ukrainische Stadt Sumy gibt es mehrere Tote.,https://images.tagesschau.de/image/ac433ffb-83bb-4e93-bd5d-18403a988516/AAABnyoZ_2g/AAABnSSvrFg/16x9-big/putin-1502.jpg?width=1280,2026-07-03T22:29:34Z,,"Stand: 04.07.2026 00:29 Uhr
Russland rückt nach eigenen Angaben im Osten der Ukraine vor und will eine strategisch wichtige Stadt erobert haben. Bei einem russischen Angriff auf die ukrainische Stad… [+1579 chars]",,de,'Angriff'
https://www.zeit.de/news/2026-07/04/paris-und-london-wollen-strasse-von-hormus-mit-oman-absichern,https://www.zeit.de/news/2026-07/04/paris-und-london-wollen-strasse-von-hormus-mit-oman-absichern,0,www.zeit.de,Neue Initiative: Paris und London wollen Straße von Hormus mit Oman absichern,Hier finden Sie Informationen zu dem Thema „Neue Initiative“. Lesen Sie jetzt „Paris und London wollen Straße von Hormus mit Oman absichern“.,https://img.zeit.de/news/2026-07/04/paris-und-london-wollen-strasse-von-hormus-mit-oman-absichern-image-group/wide__1300x731,2026-07-03T23:25:14Z,,Nach der iranischen Ablehnung einer internationalen Marinemission in der Straße von Hormus wollen Frankreich und Großbritannien mit dem Oman eine sichere Schifffahrt durch die Meerenge gewährleisten.… [+2396 chars],,de,'Hormus'
https://www.zeit.de/news/2026-07/04/basf-trotzt-iran-krise-warum-der-chemieriese-gelassen-ist,https://www.zeit.de/news/2026-07/04/basf-trotzt-iran-krise-warum-der-chemieriese-gelassen-ist,0,www.zeit.de,Geopolitik als Chance: BASF trotzt Iran-Krise: Warum der Chemieriese gelassen ist,Hier finden Sie Informationen zu dem Thema „Geopolitik als Chance“. Lesen Sie jetzt „BASF trotzt Iran-Krise: Warum der Chemieriese gelassen ist“.,https://img.zeit.de/news/2026-07/04/basf-trotzt-iran-krise-warum-der-chemieriese-gelassen-ist-image-group/wide__1300x731,2026-07-04T02:15:05Z,,Der Chemiekonzern BASF sieht sich trotz der geopolitischen Spannungen und der Unsicherheit rund um die Straße von Hormus im Iran-Krieg widerstandsfähig aufgestellt. Finanzvorstand Dirk Elvermann verw… [+2454 chars],,de,'Krise'
https://www.zeit.de/news/2026-07/04/lng-anteil-an-gasimporten-trotz-iran-konfliktes-gestiegen,https://www.zeit.de/news/2026-07/04/lng-anteil-an-gasimporten-trotz-iran-konfliktes-gestiegen,0,www.zeit.de,Flüssigerdgas: LNG-Anteil an Gasimporten trotz Iran-Konfliktes gestiegen,Hier finden Sie Informationen zu dem Thema „Flüssigerdgas“. Lesen Sie jetzt „LNG-Anteil an Gasimporten trotz Iran-Konfliktes gestiegen“.,https://img.zeit.de/news/2026-07/04/lng-anteil-an-gasimporten-trotz-iran-konfliktes-gestiegen-image-group/wide__1300x731,2026-07-04T02:30:05Z,,Trotz des Iran-Kriegs ist der Anteil des über die deutschen LNG-Terminals eingeführten Erdgases am Gesamtimport weiter gestiegen. Nach Zahlen der Bundesnetzagentur (BNetzA) kamen im ersten Halbjahr r… [+3222 chars],,de,'Iran'
https://www.zeit.de/2026/29/ingeborg-bachmann-preis-2026-lena-schaette-was-wir-tragen,https://www.zeit.de/2026/29/ingeborg-bachmann-preis-2026-lena-schaette-was-wir-tragen,0,www.zeit.de,Ingeborg-Bachmann-Preis: Diese Gewinnerin schont ihre Leser nicht,In seinem 50. Jahr geht es beim Ingeborg-Bachmann-Preis um Drama und Düsternis. Die Preisträgerin ist ungewöhnlich.,https://img.zeit.de/2026/29/diese-gewinnerin-schont-ihre-leser-nicht-bild-1/wide__1300x731,2026-07-04T03:36:32Z,,"Schließen
Artikelzusammenfassung
Beim Bachmannpreis in Klagenfurt wurden gleich zwei Jubiläen gefeiert: Ingeborg Bachmann wäre 100 Jahre alt geworden und der Preis selbst feierte seinen 50. Geburts… [+720 chars]",,de,'Preis'
https://www.faz.net/aktuell/politik/ausland/liveblog-irankrieg-hoechste-sicherheitsstufe-in-iran-waehrend-trauerfeiern-fuer-chamenei-faz-200583539.html,https://www.faz.net/aktuell/politik/ausland/liveblog-irankrieg-hoechste-sicherheitsstufe-in-iran-waehrend-trauerfeiern-fuer-chamenei-faz-200583539.html,0,www.faz.net,Liveblog Irankrieg: Höchste Sicherheitsstufe in Iran während Trauerfeiern für Chamenei,Mindestens fünf Tote bei Bombenexplosion in Damaskus +++ USA und Iran einigen sich in Qatar auf „Kommunikationskanal“ +++ Trump spricht von „sehr guten Treffen“ mit Iran +++ alle Entwicklungen im Liveblog,https://media0.faz.net/image/w1200h627/a9e019c3d9a2/w3569h1864x0y258o/202607/43601.0.2296400586/mehrere-millionen-menschen.webp,2026-07-04T04:39:54Z,,"Riesige Porträts, Gluthitze und hektische Betriebsamkeit unter strengen Sicherheitsvorkehrungen: In Teheran haben die Vorbereitungen für die staatlichen Trauerfeierlichkeiten für Ayatollah Ali Khamen… [+1199 chars]",,de,'Iran'
https://www.zeit.de/news/2026-07/04/ukraine-attackiert-russische-oelanlagen-bei-st-petersburg,https://www.zeit.de/news/2026-07/04/ukraine-attackiert-russische-oelanlagen-bei-st-petersburg,0,www.zeit.de,Ukraine-Krieg: Ukraine attackiert russische Ölanlagen bei St. Petersburg,Hier finden Sie Informationen zu dem Thema „Ukraine-Krieg“. Lesen Sie jetzt „Ukraine attackiert russische Ölanlagen bei St. Petersburg“.,https://img.zeit.de/news/2026-07/04/ukraine-attackiert-russische-oelanlagen-bei-st-petersburg-image-group/wide__1300x731,2026-07-04T06:30:56Z,,"Die Ukraine hat erneut russische Ölanlagen an der Ostsee bei St. Petersburg mit Drohnen angegriffen. Der Gouverneur des Umlands der Metropole, Alexander Drosdenko, berichtete, dass 67 feindliche Droh… [+1794 chars]",,de,'Ukraine'
https://www.tagesschau.de/ausland/europa/ukraine-russland-angriffe-174.html,https://www.tagesschau.de/ausland/europa/ukraine-russland-angriffe-174.html,0,www.tagesschau.de,Tote bei russischen Angriffen - Ukraine attackiert Ölanlagen,In der Ukraine sind bei russischen Angriffen zehn Menschen getötet worden. Die Ukraine attackiert derweil erneut Ölanlagen in St. Petersburg. Und Russland meldet die Einnahme einer strategisch wichtigen Stadt - Kiew dementiert.,https://images.tagesschau.de/image/b2b0e5c5-d19b-428d-9e87-3348393bbaf8/AAABnywS0Cc/AAABnSSvrFg/16x9-big/ukraine-russland-226.jpg?width=1280,2026-07-04T07:41:00Z,,"Stand: 04.07.2026 09:41 Uhr
In der Ukraine sind bei russischen Angriffen zehn Menschen getötet worden. Die Ukraine attackiert derweil erneut Ölanlagen in St. Petersburg. Und Russland meldet die Einn… [+4120 chars]",,de,'Angriff'
https://www.zeit.de/politik/ausland/2026-07/ukraine-russland-drohnenangriff-oelanlagen-ostsee-st-petersburg,https://www.zeit.de/politik/ausland/2026-07/ukraine-russland-drohnenangriff-oelanlagen-ostsee-st-petersburg,0,www.zeit.de,Ukraine-Russland-Krieg: Ukraine attackiert russische Ölanlagen bei St. Petersburg,Die Ukraine hat die Öl-Infrastruktur bei St. Petersburg erneut mit Drohnen beschossen. Im ukrainischen Sumy tötete ein russischer Bombenangriff mindestens vier Menschen.,https://img.zeit.de/politik/ausland/2026-07/ukraine-russland-drohnenangriff-oelanlagen-ostsee-st-petersburg-foto-1/wide__1300x731,2026-07-04T08:14:35Z,,"Die Ukraine hat erneut russische Ölanlagen an der Ostsee bei 
St. Petersburg mit Drohnen angegriffen. Der Gouverneur von Sankt
Petersburg, Alexander Beglow, bestätigte einen »großangelegten« Drohne… [+2541 chars]",,de,'Russland'
https://www.faz.net/aktuell/wirtschaft/alexandra-prokopenko-putin-kaempft-auf-die-kostspieligste-weise-accg-200986860.html,https://www.faz.net/aktuell/wirtschaft/alexandra-prokopenko-putin-kaempft-auf-die-kostspieligste-weise-accg-200986860.html,0,www.faz.net,"Der Krieg holt Putin ein: „Russland kämpft auf die kostspieligste Weise, die man sich nur denken kann“","Alexandra Prokopenko ist Kennerin der russischen Wirtschaft. Einen Kollaps sieht sie nicht. Doch gebe es ein Szenario, das Putin zwingen könnte, den Krieg zu beenden.",https://media0.faz.net/image/w1200h627/06532b6c69cf/w6180h3229x0y328o/202606/43601.0.2280756947/treibstoffmangel-selbst-in-der.webp,2026-07-04T11:04:26Z,,"Frau Prokopenko, viele im Westen zeichnen Untergangsszenarien für die russische Wirtschaft, manche Ökonomen sehen sie gar im Endstadium. Zu Recht?
Es ist unklar, was ein solcher Begriff für eine Vol… [+10695 chars]",,de,'Russland'
https://www.faz.net/aktuell/rhein-main/region-und-hessen/falschfahrer-auf-a67-polizei-stoppt-auto-mit-schuss-in-den-reifen-accg-200997850.html,https://www.faz.net/aktuell/rhein-main/region-und-hessen/falschfahrer-auf-a67-polizei-stoppt-auto-mit-schuss-in-den-reifen-accg-200997850.html,0,www.faz.net,Hessen: Polizei stoppt Falschfahrer auf A67 mit Schuss in den Reifen,"Ein Auto ist in den frühen Morgenstunden am Samstag entgegen der Fahrtrichtung unterwegs. Erst ein Schuss stoppt das Auto, nach kurzer Flucht wurde der berauscht wirkende Mann festgenommen.",https://media0.faz.net/image/w1200h627/1f0522ffc219/w5302h2770x0y382o/202607/43601.0.2293821661/die-polizei-stoppte-den.webp,2026-07-04T11:09:55Z,,Die Polizei hat auf der Autobahn 67 in Südhessen einen Falschfahrer mit einem Schuss in den Reifen gestoppt. Der 49 Jahre alte Mann war nach Polizeiangaben in den frühen Morgenstunden am Samstag zwis… [+1008 chars],,de,'Flucht'
https://www.zeit.de/news/2026-07/04/jugendlicher-soll-geld-gefordert-und-kind-attackiert-haben,https://www.zeit.de/news/2026-07/04/jugendlicher-soll-geld-gefordert-und-kind-attackiert-haben,0,www.zeit.de,Angriff in Stadtbahn: Jugendlicher soll Geld gefordert und Kind attackiert haben,Hier finden Sie Informationen zu dem Thema „Angriff in Stadtbahn“. Lesen Sie jetzt „Jugendlicher soll Geld gefordert und Kind attackiert haben“.,https://img.zeit.de/news/2026-07/04/jugendlicher-soll-geld-gefordert-und-kind-attackiert-haben-image-group/wide__1300x731,2026-07-04T11:20:08Z,,Ein Jugendlicher hat in einer Stadtbahn in Ostfildern (Landkreis Esslingen) von einem Jungen offenbar Geld gefordert und den Elfjährigen anschließend in den Schwitzkasten genommen. Das Kind sei nach … [+610 chars],,de,'Angriff'
https://www.zeit.de/politik/ausland/2026-07/trauerfeier-iran-ali-chamenei-staatschef-teheran,https://www.zeit.de/politik/ausland/2026-07/trauerfeier-iran-ali-chamenei-staatschef-teheran,0,www.zeit.de,Trauerfeier im Iran: Ein Toter soll Stärke zeigen,"Ab heute wird Ali Chamenei, der im Krieg getötete Staatschef, in Teheran aufgebahrt. Selbst Saudi-Arabien gibt sich die Ehre. Was das über den Zustand des Regimes sagt.",https://img.zeit.de/politik/ausland/2026-07/dsc07136-copy-bildtrauerfeier-iran-ali-chamenei-staatschef-teheran-bildneu-bild-07/wide__1300x731,2026-07-04T12:27:33Z,,"Die Bilder von diesem Wochenende sollen grandios werden. Im Iran beginnen die Trauerfeierlichkeiten für Ali Chamenei, ehemals Staatsoberhaupt und sogenannter Revolutionsführer, der bereits am ersten … [+421 chars]",,de,'Iran'
https://www.faz.net/aktuell/finanzen/finanzmarkt/eine-will-dividende-einer-wirkung-accg-200913425.html,https://www.faz.net/aktuell/finanzen/finanzmarkt/eine-will-dividende-einer-wirkung-accg-200913425.html,0,www.faz.net,"Family Offices und Klima: Eine will Dividende, einer Wirkung","Lange rangen die älteren und die jüngeren Generationen in Family Offices über das Thema Nachhaltigkeit. Viele wollen inzwischen in das Thema investieren, aber nur bei messbarem Effekt.",https://media0.faz.net/image/w1200h627/669834a7899a/w8256h4313x0y932o/202301/43600.0.1424903877/viessmann-macht-heute-nicht.webp,2026-07-04T13:23:33Z,,"Deutsche Unternehmen sind zu 90 Prozent in Familienhand. Nach einer älteren, aber noch nicht veralteten Studie der Stiftung Familienunternehmen stehen diese Unternehmen für 55 Prozent der Umsätze im … [+411 chars]",,de,'Klima'
https://stadt-bremerhaven.de/bisher-nur-us-fire-hd-10-tablet-bekommt-mehr-ram-aber-auch-einen-neuen-preis/,https://stadt-bremerhaven.de/bisher-nur-us-fire-hd-10-tablet-bekommt-mehr-ram-aber-auch-einen-neuen-preis/,0,stadt-bremerhaven.de,"Bisher nur US: Fire HD 10-Tablet bekommt mehr RAM, aber auch einen neuen Preis","Wer sich in letzter Zeit mit dem Gedanken getragen hat, sich Amazons Fire HD 10 zuzulegen, sollte genauer hinschauen. Ohne großes Aufheben hat Amazon nämlich die Ausstattung der Basisversion überarbeitet – zumindest drüben auf dem US-Markt. Ob sich die Aussta…",https://stadt-bremerhaven.de/wp-content/uploads/2023/09/Fire-HD-10_04.jpg,2026-07-04T15:30:30Z,,"Wer sich in letzter Zeit mit dem Gedanken getragen hat, sich Amazons Fire HD 10 zuzulegen, sollte genauer hinschauen. Ohne großes Aufheben hat Amazon nämlich die Ausstattung der Basisversion überarbe… [+1634 chars]",,de,'Preis'
https://www.zeit.de/news/2026-07/04/blutiger-streit-in-zwickau-zwei-festnahmen-nach-angriff,https://www.zeit.de/news/2026-07/04/blutiger-streit-in-zwickau-zwei-festnahmen-nach-angriff,0,www.zeit.de,Polizei-Einsatz: Blutiger Streit in Zwickau - zwei Festnahmen nach Angriff,Hier finden Sie Informationen zu dem Thema „Polizei-Einsatz“. Lesen Sie jetzt „Blutiger Streit in Zwickau - zwei Festnahmen nach Angriff“.,https://img.zeit.de/news/2026-07/04/blutiger-streit-in-zwickau-zwei-festnahmen-nach-angriff-image-group/wide__1300x731,2026-07-04T20:48:58Z,,"Bei einem handfesten Streit von vier Männern in der Zwickauer Innenstadt ist ein 26-Jähriger am Abend lebensgefährlich verletzt worden. Ein 20-Jähriger erlitt leichte Verletzungen, wie die Polizei mi… [+492 chars]",,de,'Angriff'
https://www.yahoo.com/news/articles/trump-offered-over-phone-help-225138179.html,https://www.yahoo.com/news/articles/trump-offered-over-phone-help-225138179.html,0,www.yahoo.com,"Trump offered over phone to help Putin find deal with Ukraine, Kremlin aide says",July 5 (Reuters) - U.S.,https://s.yimg.com/lo/mysterio/api/803503a424cab18e508e864fcf6d4eb548bf5611a99ccf6e25840696d4627e85/lightyear_networkapi/resizefill_w800_h502;quality_80;format_webp/https:%2F%2Fmedia.zenfs.com%2Fen%2Freuters.com%2F54fb8a778b90075d251c526dd8991f97,2026-07-04T22:51:38Z,,"July 5 (Reuters) - U.S. President Donald Trump, speaking to Russian leader Vladimir Putin by telephone for nearly 90 minutes, offered to help find a solution to the Ukraine war, Kremlin aide Yuri Ush… [+2730 chars]",,de,'Iran'
https://www.zeit.de/politik/deutschland/2026-07/afd-boris-pistorius-bundeswehr-informationen-minister,https://www.zeit.de/politik/deutschland/2026-07/afd-boris-pistorius-bundeswehr-informationen-minister,0,www.zeit.de,Boris Pistorius: AfD-Minister könnten von Bundeswehr-Infos ausgeschlossen werden,"Der Verteidigungsminister wirft der AfD Nähe zu Russland vor. Sollte die Partei Ministerpräsidenten stellen, könnte es riskant sein, geheime Informationen zu teilen.",https://img.zeit.de/politik/deutschland/2026-07/afd-boris-pistorius-bundeswehr-informationen-minister-bild/wide__1300x731,2026-07-04T22:59:28Z,,"Verteidigungsminister Boris Pistorius (SPD) hat die Möglichkeit ins Spiel gebracht, etwaige AfD-Minister künftig von geheim eingestuften Informationen auszuschließen. Mit Blick auf mögliche Konsequen… [+1704 chars]",,de,'Russland'
https://www.zeit.de/politik/ausland/2026-07/trump-putin-selenskyj-ukraine-telefonat-nato-gipfel,https://www.zeit.de/politik/ausland/2026-07/trump-putin-selenskyj-ukraine-telefonat-nato-gipfel,0,www.zeit.de,Ukraine-Krieg: Trump bietet nach Gespräche mit Putin und Selenskyj Vermittlung an,"Der US-Präsident hat der Ukraine Hilfe bei der Beendigung des Krieges angeboten. Zu Wladimir Putin sagte Trump, er werde sich für ein rasches Ende der Kämpfe einsetzen.",https://img.zeit.de/politik/ausland/2026-07/trump-putin-selenskyj-ukraine-telefonat-nato-gipfel-foto-1/wide__1300x731,2026-07-05T00:55:48Z,,US-Präsident Donald Trump hat nach Gesprächen mit dem russischen Staatschef Wladimir Putin und dem ukrainischen Präsidenten Wolodymyr Selenskyj Hilfe bei der Beendigung des Ukraine-Kriegs angeboten. … [+1826 chars],,de,'Ukraine'
https://stadt-bremerhaven.de/smartphones-2026-durchschnittspreise-steigen-deutlich-auslieferungsmengen-sinken/,https://stadt-bremerhaven.de/smartphones-2026-durchschnittspreise-steigen-deutlich-auslieferungsmengen-sinken/,0,stadt-bremerhaven.de,"Smartphones 2026: Durchschnittspreise steigen deutlich, Auslieferungsmengen sinken",Der Markt für Smartphones befindet sich 2026 im Wandel. So trifft die Speicherkrise auch dieses Segment und entsprechend steigen die Preise der mobilen Endgeräte – oder ihr bekommt fürs gleiche Geld wie im Vorjahr teilweise Geräte mit weniger RAM /...Zum Beit…,https://stadt-bremerhaven.de/wp-content/uploads/2026/02/Xiaomi-17-1.jpg,2026-07-05T06:00:25Z,,Der Markt für Smartphones befindet sich 2026 im Wandel. So trifft die Speicherkrise auch dieses Segment und entsprechend steigen die Preise der mobilen Endgeräte – oder ihr bekommt fürs gleiche Geld … [+2634 chars],,de,'Preis'
https://www.zeit.de/feuilleton/2026-07/russland-staerke-bild-westen-wladimir-putin-wladislaw-martinowitsch,https://www.zeit.de/feuilleton/2026-07/russland-staerke-bild-westen-wladimir-putin-wladislaw-martinowitsch,0,www.zeit.de,"Russland: »Russland falsch einzuschätzen, kann verheerend sein«","Wie schwach ist Russland wirklich? Der Westen scheitert immer wieder daran, das Land richtig zu bewerten, sagt der Historiker Wladislaw Subok. Und Putin weiß das.",https://img.zeit.de/politik/2026-06/martinowitsch-subok-interview-russland-staerke-putin-bild/wide__1300x731,2026-07-05T06:18:06Z,,"In Russland zerstören ukrainische Drohnen Öllager, es mangelt an Benzin, und Putin spricht von »beispiellosem Druck« auf sein Land. Nur lehrt die Geschichte: Der Westen vertut sich traditionell bei d… [+703 chars]",,de,'Russland'
https://www.tagesschau.de/ausland/europa/ukraine-selenskyj-trump-putin-100.html,https://www.tagesschau.de/ausland/europa/ukraine-selenskyj-trump-putin-100.html,0,www.tagesschau.de,Krieg gegen die Ukraine: Trump spricht mit Putin und Selenskyj,Thema war auch der russische Angriffskrieg gegen das Nachbarland: US-Präsident Trump hat mit Kremlchef Putin und dem ukrainischen Präsidenten Selenskyj telefoniert. Russland meldet massive Drohnenangriffe auf eigene Städte.,https://images.tagesschau.de/image/cefabf1c-0eb5-4773-b47c-1c2fe80924a0/AAABnzEet7M/AAABnSSvrFg/16x9-big/donald-trump-846.jpg?width=1280,2026-07-05T07:28:40Z,,"Stand: 05.07.2026 09:28 Uhr
Thema war auch der russische Angriffskrieg gegen das Nachbarland: US-Präsident Trump hat mit Kremlchef Putin und dem ukrainischen Präsidenten Selenskyj telefoniert. Russl… [+3067 chars]",,de,'Russland'
https://www.urlaubspiraten.de/pauschalreisen/mallorcas-schoenste-seiten,https://www.urlaubspiraten.de/pauschalreisen/mallorcas-schoenste-seiten,0,www.urlaubspiraten.de,Entdecke Mallorcas schönste Seiten!  ⛱️,"Mallorca kann noch viel mehr als nur Strandurlaub, wir beweisen es euch mit diesem Deal! Zunächst findet ihr hier Pauschalreise-Angebote mit dem besten Preis-Leistungs-Verhältnis: Tolles Hotels (mind. mit Frühstück), gepaart mit Flügen mit super Flugzeiten …",https://image.urlaubspiraten.de/720/image/upload/v1623238967/Impressions%20and%20Other%20Assets/Es%20Trenc.jpg,2026-07-05T08:00:00Z,,"Mallorca kann noch viel mehr als nur Strandurlaub, wir beweisen es euch mit diesem Deal! 
Zunächst findet ihr hier Pauschalreise-Angebote mit dem besten Preis-Leistungs-Verhältnis: Tolles Hotels (mi… [+506 chars]",,de,'Preis'
https://www.zeit.de/news/2026-07/05/nato-gipfel-mit-trump-unterwerfung-oder-klare-kante,https://www.zeit.de/news/2026-07/05/nato-gipfel-mit-trump-unterwerfung-oder-klare-kante,0,www.zeit.de,Bündnis in der Krise: Nato-Gipfel mit Trump: Unterwerfung oder klare Kante?,Hier finden Sie Informationen zu dem Thema „Bündnis in der Krise“. Lesen Sie jetzt „Nato-Gipfel mit Trump: Unterwerfung oder klare Kante?“.,https://img.zeit.de/news/2026-07/05/nato-gipfel-mit-trump-unterwerfung-oder-klare-kante-image-group/wide__1300x731,2026-07-05T08:00:06Z,,"Wie umgehen mit einem US-Präsidenten, der sich wenig um alte Bündnisse schert, Falschinformationen verbreitet und dessen Politikstil als narzisstisch, sprunghaft und autoritär gilt? Vor dem Nato-Gipf… [+6892 chars]",,de,'Preis'
https://www.tagesspiegel.de/internationales/bundnis-in-der-krise-nato-gipfel-mit-trump-unterwerfung-oder-klare-kante-15801896.html,https://www.tagesspiegel.de/internationales/bundnis-in-der-krise-nato-gipfel-mit-trump-unterwerfung-oder-klare-kante-15801896.html,0,www.tagesspiegel.de,Bündnis in der Krise: Nato-Gipfel mit Trump: Unterwerfung oder klare Kante?,"Kurz vor dem Nato-Gipfel in Ankara schüren anklagende Posts von Donald Trump Sorgen vor einem neuen Eklat. Nun stellt sich die Frage, mit welcher Strategie das Schlimmste verhindert werden kann.",https://www.tagesspiegel.de/images/15801895/alternates/BASE_16_9_W1400/1783238482000/merz-trump-und-meloni.jpeg,2026-07-05T08:01:22Z,,"Wie umgehen mit einem US-Präsidenten, der sich wenig um alte Bündnisse schert, Falschinformationen verbreitet und dessen Politikstil als narzisstisch, sprunghaft und autoritär gilt? Vor dem Nato-Gipf… [+6980 chars]",,de,'Krise'
https://www.golem.de/sonstiges/zustimmung/auswahl.html?from=https://www.golem.de/news/anzeige-4k-mini-ueberwachungskamera-mit-wi-fi-und-akku-zum-tiefstpreis-2607-210503.html&referer=https://t.co/b62647f06a,https://www.golem.de/sonstiges/zustimmung/auswahl.html?from=https://www.golem.de/news/anzeige-4k-mini-ueberwachungskamera-mit-wi-fi-und-akku-zum-tiefstpreis-2607-210503.html&referer=https://t.co/b62647f06a,0,www.golem.de,Anzeige: 4K-Mini-Überwachungskamera mit Wi-Fi und Akku zum Tiefstpreis,"Die Mini-Überwachungskamera von Javiscam sorgt für mehr Sicherheit im Haushalt. Amazon verkauft sie wieder zu ihrem niedrigsten Preis. (Technik/Hardware, Amazon)",,2026-07-05T08:40:01Z,,"Besuchen Sie Golem.de wie gewohnt mit Werbung und Tracking,
 indem Sie der Nutzung aller Cookies zustimmen.
 Details zum Tracking finden Sie im Privacy Center.
Skript wurde nicht geladen. Informat… [+607 chars]",,de,'Preis'
https://www.faz.net/aktuell/politik/ausland/liveblog-irankrieg-iran-china-erhaelt-sonderbehandlung-fuer-hormus-passage-faz-200583539.html,https://www.faz.net/aktuell/politik/ausland/liveblog-irankrieg-iran-china-erhaelt-sonderbehandlung-fuer-hormus-passage-faz-200583539.html,0,www.faz.net,Liveblog Irankrieg: Iran: China erhält Sonderbehandlung für Hormus-Passage,Botschafter verspricht „besondere Vergünstigungen“ bei Gebühren +++ Paris und London wollen Straße von Hormus mit Oman absichern +++ Höchste Sicherheitsstufe in Iran während Trauerfeiern für Khamenei +++ alle Entwicklungen im Liveblog,https://media0.faz.net/image/w1200h627/4ce716c04378/w5000h2612x0y360o/202607/43601.0.2296870402/der-iranische-botschafter-in.webp,2026-07-05T11:28:25Z,,"Irans Botschafter in China hat am Samstag erklärt, dass sein Land Gebühren für die Durchfahrt der Straße von Hormus erheben werde und dass befreundete Nationen dabei besondere Vergünstigungen erhalte… [+1490 chars]",,de,'Iran'
https://www.welt.de/wirtschaft/article6a48f6a8ad32e994f875b487/reisen-eis-espresso-sonnencreme-so-viel-kostet-der-urlaub-im-ausland-wirklich.html,https://www.welt.de/wirtschaft/article6a48f6a8ad32e994f875b487/reisen-eis-espresso-sonnencreme-so-viel-kostet-der-urlaub-im-ausland-wirklich.html,0,www.welt.de,"Eis, Espresso, Sonnencreme – so viel kostet der Urlaub im Ausland wirklich","Viele Urlauber beurteilen ein Reiseland nach dem Preis von bestimmten Produkten. Solche sogenannten Ankerpreise vermitteln oft ein verzerrtes Bild der tatsächlichen Lebenshaltungskosten. WELT zeigt, wo Urlauber tiefer in die Tasche greifen müssen – und für wa…",https://images.welt.de/6a48f6a8ad32e994f875b487/45e0e89a01012a71915578570ce37148-master/ci16x9-w1200/gettyimages-1289571950-jpg,2026-07-05T12:09:13Z,,"Viele Urlauber beurteilen ein Reiseland nach dem Preis von bestimmten Produkten. Solche sogenannten Ankerpreise vermitteln oft ein verzerrtes Bild der tatsächlichen Lebenshaltungskosten. WELT zeigt, … [+3599 chars]",,de,'Inflation'
https://www.zeit.de/news/2026-07/05/polnischer-streit-wegen-patriot-raketen-fuer-die-ukraine,https://www.zeit.de/news/2026-07/05/polnischer-streit-wegen-patriot-raketen-fuer-die-ukraine,0,www.zeit.de,Ukraine-Krieg: Polnischer Streit wegen Patriot-Raketen für die Ukraine,Hier finden Sie Informationen zu dem Thema „Ukraine-Krieg“. Lesen Sie jetzt „Polnischer Streit wegen Patriot-Raketen für die Ukraine“.,https://img.zeit.de/news/2026-07/05/polnischer-streit-wegen-patriot-raketen-fuer-die-ukraine-image-group/wide__1300x731,2026-07-05T12:59:06Z,,In Polen entspinnt sich innenpolitischer Streit wegen einer mutmaßlichen Lieferung von Patriot-Flugabwehrraketen an die Ukraine im Frühjahr. Die nationalkonservative PiS und andere rechte Oppositions… [+2195 chars],,de,'Ukraine'
https://www.zeit.de/news/2026-07/05/finanzminister-klingbeil-verteidigt-hoehere-neuverschuldung,https://www.zeit.de/news/2026-07/05/finanzminister-klingbeil-verteidigt-hoehere-neuverschuldung,0,www.zeit.de,Bundeshaushalt: Finanzminister Klingbeil verteidigt höhere Neuverschuldung,Hier finden Sie Informationen zu dem Thema „Bundeshaushalt“. Lesen Sie jetzt „Finanzminister Klingbeil verteidigt höhere Neuverschuldung“.,https://img.zeit.de/news/2026-07/05/finanzminister-klingbeil-verteidigt-hoehere-neuverschuldung-image-group/wide__1300x731,2026-07-05T16:47:01Z,,"Bundesfinanzminister Lars Klingbeil verteidigt die im kommenden Jahr geplante höhere Neuverschuldung im Bundeshaushalt. «Dass wir Schulden machen, hat damit zu tun, dass wir unsere Bundeswehr aufrüst… [+1725 chars]",,de,'Finanz'
https://www.zeit.de/2026/29/eckart-conze-weimarer-republik-afd-politische-mitte,https://www.zeit.de/2026/29/eckart-conze-weimarer-republik-afd-politische-mitte,0,www.zeit.de,Eckart Conze: »Ein teuflisches Dilemma«,"Wiederholt sich das Drama von Weimar? Der Historiker Eckart Conze über jüngste Wahlprognosen und die Länder, in denen damals der Angriff von rechts außen begann",https://img.zeit.de/2026/29/ein-teuflisches-dilemma-bild-1/wide__1300x731,2026-07-05T18:00:01Z,,"DIE ZEIT:AfD 27 Prozent, CDU 23, SPD 13: Herr Conze, denken Sie manchmal an Weimar, wenn Sie hören, wie die Deutschen abstimmen würden, wenn am Sonntag Bundestagswahl wäre?
Eckart Conze: Ja, denn de… [+559 chars]",,de,'Krise'
https://stadt-bremerhaven.de/juli-umfrage-umfrage-besitzt-ihr-eine-klimaanlage-oder-plant-ihr-die-anschaffung/,https://stadt-bremerhaven.de/juli-umfrage-umfrage-besitzt-ihr-eine-klimaanlage-oder-plant-ihr-die-anschaffung/,0,stadt-bremerhaven.de,Juli-Umfrage: Besitzt ihr eine Klimaanlage oder plant ihr die Anschaffung?,"Es ist mal wieder soweit: Der Sommer schlägt voll zu, das Thermometer klettert fröhlich nach oben und im Homeoffice oder generell in der Bude kommt man langsam ins Schwitzen. Während die einen entspannt bei knackigen 21 Grad durcharbeiten, ringen die...Zum Be…",https://stadt-bremerhaven.de/wp-content/uploads/2026/06/klima-anlageeverett-pachmann-JsPkVrHMQoo-unsplash-2.jpg,2026-07-05T18:00:19Z,,"Foto von Everett Pachmann auf Unsplash
Es ist mal wieder soweit: Der Sommer schlägt voll zu, das Thermometer klettert fröhlich nach oben und im Homeoffice oder generell in der Bude kommt man langsam… [+2126 chars]",,de,'Klima'
https://www.faz.net/aktuell/politik/ukraine/ukraine-liveticker-vor-nato-gipfel-in-ankara-selenskyj-rechnet-mit-massiven-russischen-angriffen-faz-110683325.html,https://www.faz.net/aktuell/politik/ukraine/ukraine-liveticker-vor-nato-gipfel-in-ankara-selenskyj-rechnet-mit-massiven-russischen-angriffen-faz-110683325.html,0,www.faz.net,Liveblog Ukrainekrieg: Selenskyj rechnet vor NATO-Gipfel mit massiven russischen Angriffen,Weißes Haus: Trump trifft Selenskyj am Mittwoch +++ Trump spricht 90 Minuten mit Putin +++ Selenskyj weist russische Einnahme von strategisch wichtiger Stadt zurück +++ alle Neuigkeiten im Liveblog,https://media0.faz.net/image/w1200h627/a4bcf10c7287/w5755h3006x0y414o/202607/43601.0.2290471948/der-ukrainische-praesident.webp,2026-07-05T19:07:21Z,,Der ukrainische Präsident Wolodymyr Selenskyj rechnet mit massiven russischen Angriffen noch vor dem NATO-Gipfel Mitte der Woche in Ankara. In einer Warnung auf Facebook berief er sich dabei auf Info… [+1134 chars],,de,'Wladimir Putin'
https://www.faz.net/aktuell/politik/ausland/das-ist-trumps-erfolg-iran-kontrolliert-den-golf-200999391.html,https://www.faz.net/aktuell/politik/ausland/das-ist-trumps-erfolg-iran-kontrolliert-den-golf-200999391.html,0,www.faz.net,Straße von Hormus: So sieht Trumps „enormer Erfolg“ aus,Gegen den Willen Irans geht nicht mehr viel am Golf. Das Regime verspricht China schon Sonderkonditionen für die Durchfahrt.,https://media0.faz.net/image/w1200h627/893a23234812/w5808h3034x0y116o/202605/43601.0.2146890078/ein-wandbild-mit-der.webp,2026-07-05T19:12:04Z,,"Zum enormen Erfolg, den das amerikanische Militär nach Trumps Ansicht im Krieg gegen Iran errungen hat, gehört, dass Teheran seine Pläne zur dauerhaften Kontrolle der Straße von Hormus vorantreiben k… [+1292 chars]",,de,'Hormus'
https://www.zeit.de/news/2026-07/06/russland-fliegt-neue-luftangriffe-auf-ukraine,https://www.zeit.de/news/2026-07/06/russland-fliegt-neue-luftangriffe-auf-ukraine,0,www.zeit.de,Ukraine-Krieg: Russland fliegt neue Luftangriffe auf Ukraine,Hier finden Sie Informationen zu dem Thema „Ukraine-Krieg“. Lesen Sie jetzt „Russland fliegt neue Luftangriffe auf Ukraine“.,https://img.zeit.de/news/2026-07/06/russland-fliegt-neue-luftangriffe-auf-ukraine-image-group/wide__1300x731,2026-07-05T23:29:25Z,,Die vorab befürchtete Welle schwerer Luftangriffe Russlands auf ukrainische Städte hat sich in der Nacht bestätigt. Kurz nach Mitternacht waren in der Hauptstadt Kiew laut Behördenangaben und Medienb… [+1505 chars],,de,'Russland'
https://www.tagesschau.de/ausland/trump-selenskyj-treffen-ankara-100.html,https://www.tagesschau.de/ausland/trump-selenskyj-treffen-ankara-100.html,0,www.tagesschau.de,Trump und Selenskyj wollen sich beim NATO-Gipfel treffen,"Erst ein Telefonat, jetzt ein Treffen: US-Präsident Trump und der ukrainische Präsident Selenskyj wollen ihr Gespräch beim NATO-Gipfel fortsetzen. Dabei dürfte es um ein Ende des Krieges gegen die Ukraine gehen.",https://images.tagesschau.de/image/85a9df9d-8596-4734-8810-fcbaa41ad075/AAABnzT_gMk/AAABnSSvrFg/16x9-big/donald-trump-848.jpg?width=1280,2026-07-06T01:56:37Z,,"Stand: 06.07.2026 03:56 Uhr
Erst ein Telefonat, jetzt ein Treffen: US-Präsident Trump und der ukrainische Präsident Selenskyj wollen ihr Gespräch beim NATO-Gipfel fortsetzen. Dabei dürfte es um ein … [+1732 chars]",,de,'Wladimir Putin'
https://www.zeit.de/news/2026-07/06/kabinett-will-haushalt-auf-den-weg-bringen-darum-geht-es,https://www.zeit.de/news/2026-07/06/kabinett-will-haushalt-auf-den-weg-bringen-darum-geht-es,0,www.zeit.de,Finanzen: Kabinett will Haushalt auf den Weg bringen - darum geht es,Hier finden Sie Informationen zu dem Thema „Finanzen“. Lesen Sie jetzt „Kabinett will Haushalt auf den Weg bringen - darum geht es“.,https://img.zeit.de/news/2026-07/06/kabinett-will-haushalt-auf-den-weg-bringen-darum-geht-es-image-group/wide__1300x731,2026-07-06T02:30:06Z,,Das Bundeskabinett will heute den Haushalt 2027 auf den Weg bringen. Der Regierungsentwurf sieht mehr Ausgaben und höhere Schulden vor. Finanzminister Lars Klingbeil verteidigte die geplante höhere N… [+4106 chars],,de,'Wladimir Putin'
https://www.tagesschau.de/inland/innenpolitik/haushaltsentwurf-ausschuss-klingbeil-100.html,https://www.tagesschau.de/inland/innenpolitik/haushaltsentwurf-ausschuss-klingbeil-100.html,0,www.tagesschau.de,Haushaltsentwurf: Warum Klingbeil mit mehr Schulden plant,"Heute stellt Finanzminister Klingbeil seinen Haushaltsentwurf für 2027 vor. Dem Haushaltsausschuss muss er erklären, warum er neue Schulden aufnimmt und Gelder aus dem Klima- und Transformationsfonds kürzen will. Von Nicole Kohnert.",https://images.tagesschau.de/image/eab13c77-ef1a-4011-ad3f-160351a624b1/AAABnzVQweU/AAABnSSvrFg/16x9-big/lars-klingbeil-202.jpg?width=1280,2026-07-06T02:45:12Z,,"Stand: 06.07.2026 04:45 Uhr
Heute stellt Finanzminister Klingbeil seinen Haushaltsentwurf für 2027 vor. Dem Haushaltsausschuss muss er erklären, warum er neue Schulden aufnimmt und Gelder aus dem Kl… [+3281 chars]",,de,'Klima'
https://www.zeit.de/news/2026-07/06/wer-hat-den-iran-krieg-gewonnen,https://www.zeit.de/news/2026-07/06/wer-hat-den-iran-krieg-gewonnen,0,www.zeit.de,Krieg in Nahost: Wer hat den Iran-Krieg gewonnen?,Hier finden Sie Informationen zu dem Thema „Krieg in Nahost“. Lesen Sie jetzt „Wer hat den Iran-Krieg gewonnen?“.,https://img.zeit.de/news/2026-07/06/wer-hat-den-iran-krieg-gewonnen-image-group/wide__1300x731,2026-07-06T02:57:05Z,,"Donald Trump spricht von einem Sieg der USA. Israels Ministerpräsident Benjamin Netanjahu feiert einen «historischen Erfolg», und auch Teheran reklamiert den Kriegsausgang für sich. Doch Experten zie… [+6214 chars]",,de,'Iran'
https://www.zeit.de/news/2026-07/06/tour-wie-waldbraende-und-hitze-fahrer-und-fans-belasten,https://www.zeit.de/news/2026-07/06/tour-wie-waldbraende-und-hitze-fahrer-und-fans-belasten,0,www.zeit.de,Radsport und Klima: Tour: Wie Waldbrände und Hitze Fahrer und Fans belasten,Hier finden Sie Informationen zu dem Thema „Radsport und Klima“. Lesen Sie jetzt „Tour: Wie Waldbrände und Hitze Fahrer und Fans belasten“.,https://img.zeit.de/news/2026-07/06/tour-wie-waldbraende-und-hitze-fahrer-und-fans-belasten-image-group/wide__1300x731,2026-07-06T04:18:04Z,,Bei der ersten Pyrenäen-Etappe der Tour de France sollen die Fans in Frankreich wegen der heftigen Walbrände zu Hause bleiben. In den kommenden Tagen könnte die extreme Hitze im Süden des Landes zu w… [+3837 chars],,de,'Klima'
https://www.tagesschau.de/ausland/europa/ukraine-russland-angriffe-176.html,https://www.tagesschau.de/ausland/europa/ukraine-russland-angriffe-176.html,0,www.tagesschau.de,Ukraine meldet mehrere Tote nach russischen Angriffen,"Luftalarm im ganzen Land, Explosionen in Kiew: Russland hat die Ukraine in der Nacht erneut attackiert - und das kurz vor einem NATO-Gipfel in der Türkei. Medien und Behörden zufolge gibt es mindestens neun Tote.",https://images.tagesschau.de/image/7e2de78d-1b7f-4971-934e-4274e7be23fd/AAABnzW2J8U/AAABnSSvrFg/16x9-big/explosion-kiew-102.jpg?width=1280,2026-07-06T04:35:58Z,,"Stand: 06.07.2026 06:35 Uhr
Luftalarm im ganzen Land, Explosionen in Kiew: Russland hat die Ukraine in der Nacht erneut attackiert - und das kurz vor einem NATO-Gipfel in der Türkei. Medien und Behö… [+1818 chars]",,de,'Angriff'
https://www.zeit.de/politik/ausland/2026-07/kiew-russland-luftangriffe-raketen-drohnen-tote,https://www.zeit.de/politik/ausland/2026-07/kiew-russland-luftangriffe-raketen-drohnen-tote,0,www.zeit.de,Russische Luftangriffe: Schwere russische Angriffe auf die Ukraine vor Nato-Gipfel,Mindestens sieben Menschen sind bei russischen Angriffen auf die Ukraine getötet worden. Selenskyj hatte vor heftigen Attacken kurz vor dem Nato-Gipfel gewarnt.,https://img.zeit.de/politik/ausland/2026-07/rettungskraefte-ort-russischer-raketenangriff-beschaedigtes-gebaeude-kyjiw/wide__1300x731,2026-07-06T04:38:18Z,,"Am Tag vor dem Nato-Gipfel in der Türkei hat Russland die nächste schwere 
Angriffswelle auf ukrainische Städte durchgeführt. Kurz nach Mitternacht 
löste die Flugabwehr in fast allen Landesregione… [+1025 chars]",,de,'Angriff'
https://www.zeit.de/politik/ausland/2026-07/venezuela-erdbeben-regierung-katastrophe-5vor8,https://www.zeit.de/politik/ausland/2026-07/venezuela-erdbeben-regierung-katastrophe-5vor8,0,www.zeit.de,"Venezuela: Kleine Wunder, große Wut",Die von den USA gestützte Übergangsregierung in Venezuela hat nach den verheerenden Erdbeben versagt. Dennoch könnte die Krise ihre Macht sogar noch festigen.,https://img.zeit.de/politik/ausland/2026-07/venezuela-erdbeben-regierung-katastrophe-5vor8-bild-1/wide__1300x731,2026-07-06T06:02:24Z,,"Wunder geschehen in Venezuela unglaubliche, kleine Geschichten, die trotz allem ein wenig Hoffnung machen. Fast zwei Tage nach den beiden gewaltigen Erdbeben, die das Land am 24. Juni im Abstand von … [+849 chars]",,de,'Krise'
https://www.faz.net/aktuell/feuilleton/medien-und-film/medienpolitik/andrej-zacharow-russischer-cyberpunk-und-digitale-macht-accg-200979047.html,https://www.faz.net/aktuell/feuilleton/medien-und-film/medienpolitik/andrej-zacharow-russischer-cyberpunk-und-digitale-macht-accg-200979047.html,0,www.faz.net,"Überwachungsstaat Russland: „Jeder kann prüfen, wo Putins Kinder wohnen“","Handys werden vom Geheimdienst überwacht, Tech-Unternehmen gehören Putins Vertrauten, aber auf dem Schwarzmarkt kann jeder Daten kaufen: Russland gleicht einer Cyberpunk-Dystopie, sagt Andrej Zacharow.",https://media0.faz.net/image/w1200h627/dcfef11147b5/w4000h2090x0y398o/202606/43601.0.2281517415/futuristisches-shopping-in.webp,2026-07-06T06:03:52Z,,"06.07.2026, 08:03Lesezeit: 6 Min.
Handys werden vom Geheimdienst überwacht, Tech-Unternehmen gehören Putins Vertrauten, aber auf dem Schwarzmarkt kann jeder Daten kaufen: Russland gleicht einer Cybe… [+36 chars]",,de,'Russland'
https://www.zeit.de/politik/ausland/2026-07/krieg-ukraine-krim-drohnen-angriff-wladimir-putin,https://www.zeit.de/politik/ausland/2026-07/krieg-ukraine-krim-drohnen-angriff-wladimir-putin,0,www.zeit.de,Krieg in der Ukraine: Wolodymyr Selenskyj hat einen Plan für die Krim,Putin versprach den Krimbewohnern blühende Landschaften. Nun stürzen ukrainische Angriffe die Halbinsel in die Krise – und bringen die Besatzer in Bedrängnis.,https://img.zeit.de/politik/ausland/2026-07/krieg-ukraine-krim-drohnen-angriff-wladimir-putin-bild/wide__1300x731,2026-07-06T07:31:09Z,,"Beruhigende Worte für die Krimbewohner hat Sergej Aksjonow, der Chef der russischen Besatzungsverwaltung, in dieser Woche nicht mehr allzu viele. »Leider«, sagt Aksjonow in einer Videobotschaft, »wer… [+755 chars]",,de,'Krise'
https://www.tagesschau.de/ausland/asien/china-russland-militaermanoever-100.html,https://www.tagesschau.de/ausland/asien/china-russland-militaermanoever-100.html,0,www.tagesschau.de,China und Russland starten Marineübung,China und Russland führen regelmäßig Militärübungen durch. Von heute an wollen beide eine Woche lang zusammen proben. China hat nach eigenen Angaben auch eine Rakete im Pazifik abgefeuert - Länder in der Region zeigten sich besorgt.,https://images.tagesschau.de/image/24cde245-6dcf-4e28-9a01-c9fb6d3f164d/AAABnzaB1i4/AAABnSSvrFg/16x9-big/china-russland-126.jpg?width=1280,2026-07-06T08:18:26Z,,"Stand: 06.07.2026 10:18 Uhr
China und Russland führen regelmäßig Militärübungen durch. Von heute an wollen beide eine Woche lang zusammen proben. China hat nach eigenen Angaben auch eine Rakete im P… [+2527 chars]",,de,'Russland'
https://www.golem.de/sonstiges/zustimmung/auswahl.html?from=https://www.golem.de/news/anzeige-at-at-der-reihe-lego-star-wars-bei-amazon-nie-guenstiger-2607-210534.html&referer=https://t.co/2f006d7b5e,https://www.golem.de/sonstiges/zustimmung/auswahl.html?from=https://www.golem.de/news/anzeige-at-at-der-reihe-lego-star-wars-bei-amazon-nie-guenstiger-2607-210534.html&referer=https://t.co/2f006d7b5e,0,www.golem.de,Anzeige: AT-AT der Reihe Lego Star Wars bei Amazon nie günstiger,"Zum bisher besten Amazon-Preis gibt es den AT-AT der Reihe Lego Star Wars aus 525 Klemmbausteinen. (Lego, Technik/Hardware)",,2026-07-06T09:20:02Z,,"Besuchen Sie Golem.de wie gewohnt mit Werbung und Tracking,
 indem Sie der Nutzung aller Cookies zustimmen.
 Details zum Tracking finden Sie im Privacy Center.
Skript wurde nicht geladen. Informat… [+607 chars]",,de,'Preis'
https://www.zeit.de/politik/deutschland/2026-07/haushalt-2027-foerderprogramme-kuerzungen-mathias-middelberg-cdu-gxe,https://www.zeit.de/politik/deutschland/2026-07/haushalt-2027-foerderprogramme-kuerzungen-mathias-middelberg-cdu-gxe,0,www.zeit.de,Haushaltsdebatte: Linken-Chefin fordert Ende der »Aufrüstungsspirale«,"Die Haushaltspläne der Bundesregierung sorgen bei der Opposition für Kritik. Die Linken kritisieren das Rüstungsbudget, die Grünen fordern mehr Geld für den Klimaschutz.",https://img.zeit.de/politik/deutschland/2026-07/haushalt-bitte-doch-ein-bild-von-der-schwerdtner-bild/wide__1300x731,2026-07-06T10:11:47Z,,"Linken-Co-Chefin Ines Schwerdtner hat der Bundesregierung vorgeworfen, mit ihrem Haushaltsentwurf für 2027 die falschen Prioritäten zu setzen und die Menschen zu wenig zu entlasten. Im ZDF-Morgenmaga… [+3217 chars]",,de,'Klima'
https://www.faz.net/aktuell/politik/ausland/kiew-fehlt-es-an-patriot-flugabwehr-accg-201001427.html,https://www.faz.net/aktuell/politik/ausland/kiew-fehlt-es-an-patriot-flugabwehr-accg-201001427.html,0,www.faz.net,Russischer Luftangriff: Keine einzige ballistische Rakete abgefangen,"Alle 29 Raketen, die Russland in der Nacht auf Montag auf die Ukraine feuert, kommen durch. Selenskyj bittet eindringlich um Flugabwehrmunition.",https://media0.faz.net/image/w1200h627/d0bb7e29c557/w4748h2480x296y95o/202607/43601.0.2303281688/loescharbeiten-in-kiew-ein.webp,2026-07-06T10:34:15Z,,"Bei einem russischen Luftangriff auf die ukrainische Hauptstadt Kiew sind in der Nacht zum Montag mindestens 14 Menschen ums Leben gekommen, teilte der Leiter der Militärverwaltung der Stadt, Tymur T… [+2788 chars]",,de,'Russland'
https://www.faz.net/aktuell/politik/ausland/drohnen-und-taktik-china-schult-russische-soldaten-accg-201001258.html,https://www.faz.net/aktuell/politik/ausland/drohnen-und-taktik-china-schult-russische-soldaten-accg-201001258.html,0,www.faz.net,F.A.Z. exklusiv: China bildet russische Soldaten an Drohnen aus,Peking bildet Moskaus Militär in Taktik und an Drohnen aus. Trainiert wird „sowohl in Russland als auch in China“. Auch die gemeinsamen Manöver werden umfassender.,https://media0.faz.net/image/w1200h627/2ad789411b75/w6144h3210x0y647o/202607/43601.0.2303305432/chinesische-marinesoldaten.webp,2026-07-06T12:09:57Z,,Die militärische Zusammenarbeit zwischen China und Russland seit dem Beginn des vollumfänglichen Kriegs in der Ukraine ist umfangreicher als bislang öffentlich bekannt. Nach F.A.Z-Informationen werde… [+8764 chars],,de,'Wladimir Putin'
https://www.faz.net/aktuell/politik/ausland/china-eisernes-buendnis-mit-putin-im-ukrainekrieg-201002146.html,https://www.faz.net/aktuell/politik/ausland/china-eisernes-buendnis-mit-putin-im-ukrainekrieg-201002146.html,0,www.faz.net,Hilfe für Russland: Chinas eisernes Bündnis mit Putin,Chinas militärische Zusammenarbeit mit Russland steht Europas Interessen diametral entgegen. Darauf sollte die Politik reagieren.,https://media0.faz.net/image/w1200h627/f01c3b32a0b6/w4102h2143x0y315o/202607/43601.0.2283766833/der-chinesische-staats-und.webp,2026-07-06T12:54:00Z,,"Zu den vielen Umbrüchen, mit denen sich Deutschland schwertut, gehört Chinas veränderte weltpolitische Rolle. Das Bild vom riesigen Absatzmarkt, der die Augen einer ganzen Generation von Politikern u… [+1731 chars]",,de,'Russland'
https://www.tagesschau.de/wirtschaft/kritik-haushaltsplaene-100.html,https://www.tagesschau.de/wirtschaft/kritik-haushaltsplaene-100.html,0,www.tagesschau.de,Breite Kritik an Haushaltsplänen der Bundesregierung,"Nicht nur aus der Opposition kommt Kritik an den Haushaltsplänen der Regierung. ""Alarmierend"" nennt die Industrie den Anstieg von Ausgaben und Schulden. Klimaschützer werfen Minister Klingbeil vor, den Klimafonds zu ""plündern"".",https://images.tagesschau.de/image/3e1edd63-3cfb-4786-8c9c-e8b4462e8e31/AAABnzdA-mw/AAABnSSvrFg/16x9-big/klingbeil-368.jpg?width=1280,2026-07-06T12:56:10Z,,"Stand: 06.07.2026 14:56 Uhr
Nicht nur aus der Opposition kommt Kritik an den Haushaltsplänen der Regierung. ""Alarmierend"" nennt die Industrie den Anstieg von Ausgaben und Schulden. Klimaschützer wer… [+6030 chars]",,de,'Klima'
https://www.zeit.de/news/2026-07/06/bahn-plant-riesenpuffer-fuer-grossprojekt-brenner-zulauf,https://www.zeit.de/news/2026-07/06/bahn-plant-riesenpuffer-fuer-grossprojekt-brenner-zulauf,0,www.zeit.de,Bahn: Bahn plant Riesenpuffer für Großprojekt Brenner-Zulauf,Hier finden Sie Informationen zu dem Thema „Bahnprojekt“. Lesen Sie jetzt „Bahn plant Milliarden-Finanzpuffer für Brenner-Zulaufstrecke“.,https://img.zeit.de/news/2026-07/06/bahn-plant-riesenpuffer-fuer-grossprojekt-brenner-zulauf-image-group/wide__1300x731,2026-07-06T13:00:09Z,,Eines der größten Neubauprojekte der Deutschen Bahn soll knapp neun Milliarden Euro kosten - im ungünstigen Fall könnte es auch erheblich mehr werden. Die Bahn geht für Planung und Bau der bayerische… [+4582 chars],,de,'Finanz'
https://www.faz.net/aktuell/politik/ukraine/ukraine-liveticker-donald-trump-sieht-baldige-einigung-im-ukraine-krieg-faz-110683325.html,https://www.faz.net/aktuell/politik/ukraine/ukraine-liveticker-donald-trump-sieht-baldige-einigung-im-ukraine-krieg-faz-110683325.html,0,www.faz.net,"Liveblog Ukrainekrieg: Trump: Einigung im Ukrainekrieg näher, „als die Menschen glauben“","Nach einem Telefonat mit Putin sei er sich sicher, dass dieser den Krieg beenden wolle +++ Ukraine greift westsibirsche Region Omsk mit Drohnen an +++ Britische F-35-Kampfflugzeuge fangen russisches Flugzeug ab +++ alle Neuigkeiten im Liveblog",https://media0.faz.net/image/w1200h627/9cd670e64589/w5829h3045x0y280o/202607/43601.0.2303658425/us-praesident-donald-trump-bei.webp,2026-07-06T13:00:24Z,,Kurz nach Mitternacht waren in der Hauptstadt Kiew laut Behördenangaben und Medienberichten Alarmsirenen und heftige Explosionen zu hören. Demnach wurde fast in allen Landesregionen Luftalarm ausgelö… [+1082 chars],,de,'Ukraine'
https://www.zeit.de/politik/deutschland/2026-07/bundeskabinett-beschliesst-den-haushaltsentwurf-fuer-2027,https://www.zeit.de/politik/deutschland/2026-07/bundeskabinett-beschliesst-den-haushaltsentwurf-fuer-2027,0,www.zeit.de,Bundeshaushalt: Kabinett beschließt den Haushaltsentwurf für 2027,Das Bundeskabinett hat dem Haushaltsentwurf von Finanzminister Lars Klingbeil für 2027 zugestimmt. Er sieht deutlich höhere Verteidigungsausgaben und mehr Schulden vor.,https://img.zeit.de/politik/deutschland/2026-07/bundeskabinett-haushalt-beschluss-bild/wide__1300x731,2026-07-06T13:16:57Z,,Das Kabinett um Bundeskanzler Friedrich Merz (CDU) hat den Regierungsentwurf für den Haushalt des kommenden Jahres beschlossen. Bundesfinanzminister Lars Klingbeil (SPD) veranschlagt für 2027 Ausgabe… [+2704 chars],,de,'Klima'
https://www.zeit.de/politik/ausland/2026-07/ukraine-krieg-kyjiw-ballistische-raketen-patriot-flugabwehr-verhandlungen-nato-gipfel,https://www.zeit.de/politik/ausland/2026-07/ukraine-krieg-kyjiw-ballistische-raketen-patriot-flugabwehr-verhandlungen-nato-gipfel,0,www.zeit.de,Russische Raketenangriffe: Was das Flugabwehr-Problem der Ukraine für den Krieg bedeutet,"Russland greift Kyjiw mit 23 ballistischen Raketen an, keine davon wird abgewehrt. Damit setzt sich ein Trend fort, der Hoffnungen auf ein baldiges Kriegsende schmälert.",https://img.zeit.de/politik/ausland/2026-07/ukraine-krieg-kyjiw-ballistische-raketen-patriot-flugabwehr-verhandlungen-nato-gipfel-bild/wide__1300x731,2026-07-06T14:48:56Z,,Binnen weniger Tage hat Russland die ukrainische Hauptstadt zwei großen Luftangriffen unterzogen. Zwischen Donnerstag und dem heutigen Montag setzte das russische Militär bei Angriffen auf die Ukrain… [+9736 chars],,de,'Russland'
https://www.golem.de/sonstiges/zustimmung/auswahl.html?from=https://www.golem.de/news/klima-bundestagsbeschluss-zum-heizungsgesetz-koennte-verschoben-werden-2607-210556.html&referer=https://t.co/6f2e1ae8c0,https://www.golem.de/sonstiges/zustimmung/auswahl.html?from=https://www.golem.de/news/klima-bundestagsbeschluss-zum-heizungsgesetz-koennte-verschoben-werden-2607-210556.html&referer=https://t.co/6f2e1ae8c0,0,www.golem.de,Klima: Bundestagsbeschluss zum Heizungsgesetz könnte verschoben werden,"Die Linke hat Klage gegen das neue Heizungsgesetz eingereicht. Das wirkt offenbar: Die Abstimmung soll verschoben werden. (Bundesregierung, GreenIT)",,2026-07-06T15:21:02Z,,"Besuchen Sie Golem.de wie gewohnt mit Werbung und Tracking,
 indem Sie der Nutzung aller Cookies zustimmen.
 Details zum Tracking finden Sie im Privacy Center.
Skript wurde nicht geladen. Informat… [+607 chars]",,de,'Klima'
https://www.golem.de/sonstiges/zustimmung/auswahl.html?from=https://www.golem.de/news/anzeige-acht-aufladbare-aaa-batterien-mit-800-mah-zum-jahresbestpreis-2607-210557.html&referer=https://t.co/157eb96f4a,https://www.golem.de/sonstiges/zustimmung/auswahl.html?from=https://www.golem.de/news/anzeige-acht-aufladbare-aaa-batterien-mit-800-mah-zum-jahresbestpreis-2607-210557.html&referer=https://t.co/157eb96f4a,0,www.golem.de,Anzeige: Acht aufladbare AAA-Batterien mit 800 mAh zum Jahresbestpreis,"Acht aufladbare AAA-Batterien von Eneloop sind bei Amazon zum tiefsten Preis seit Monaten im Angebot. Auch eine AA-Variante ist günstiger. (Technik/Hardware, Amazon)",,2026-07-06T15:29:02Z,,"Besuchen Sie Golem.de wie gewohnt mit Werbung und Tracking,
 indem Sie der Nutzung aller Cookies zustimmen.
 Details zum Tracking finden Sie im Privacy Center.
Skript wurde nicht geladen. Informat… [+607 chars]",,de,'Preis'
https://www.bild.de/politik/forscher-widersprechen-reiche-gasnetz-wird-bis-spaetestens-2045-stillgelegt-6a4b8aeed38ff307b9185c9a,https://www.bild.de/politik/forscher-widersprechen-reiche-gasnetz-wird-bis-spaetestens-2045-stillgelegt-6a4b8aeed38ff307b9185c9a,0,www.bild.de,Forscher widersprechen Reiche - Gasnetz wird bis spätestens 2045 stillgelegt,Studie warnt: Neue Gasheizung kann für Hausbesitzer bis 2045 zur Kostenfalle werden.,"https://images.bild.de/6a4b8aeed38ff307b9185c9a/af680aff890ea666debe806f290f5747,ef399ded?w=1280",2026-07-06T15:33:53Z,,TTS-Player überspringenArtikel weiterlesenBerlin Gerade erst will die Bundesregierung Gasheizungen wieder salonfähig machen. Jetzt kommt eine Studie zu einem ganz anderen Ergebnis. Forscher des Fraun… [+2016 chars],,de,'Gas'
https://www.zeit.de/news/2026-07/06/regierung-will-25-euro-zuschlag-fuer-arme-kinder-streichen,https://www.zeit.de/news/2026-07/06/regierung-will-25-euro-zuschlag-fuer-arme-kinder-streichen,0,www.zeit.de,Finanzen: Regierung will 25-Euro-Zuschlag für arme Kinder streichen,Hier finden Sie Informationen zu dem Thema „Finanzen“. Lesen Sie jetzt „Regierung will 25-Euro-Zuschlag für arme Kinder streichen“.,https://img.zeit.de/news/2026-07/06/regierung-will-25-euro-zuschlag-fuer-arme-kinder-streichen-image-group/wide__1300x731,2026-07-06T15:44:51Z,,Für von Armut betroffene Kinder und Jugendliche soll ein staatlicher Zuschlag in Höhe von 25 Euro pro Monat gestrichen werden. Das geht aus einem vom Bundeskabinett auf den Weg gebrachten Gesetz herv… [+2247 chars],,de,'Klima'
https://www.zeit.de/politik/ausland/2026-07/iran-ayatollah-chamenei-regime-beerdigung-maertyrer-gxe,https://www.zeit.de/politik/ausland/2026-07/iran-ayatollah-chamenei-regime-beerdigung-maertyrer-gxe,0,www.zeit.de,Iran: Dieses Regime ist gegen das Leben,"Die Islamische Republik verklärt Chameneis Tod zum Märtyrertum. Damit erschafft das Regime einen neuen nationalen Mythos. Und macht klar, wer sein größter Feind ist.",https://img.zeit.de/politik/ausland/2026-07/iran-ayatollah-chamenei-regime-beerdigung-maertyrer-gxe-bild5/wide__1300x731,2026-07-06T18:04:56Z,,"Im Persischen ist das Wort Märtyrer Schahid Substantiv und Adjektiv. Es bezeichnet einen Menschen, der für seine religiösen Überzeugungen den Tod in Kauf nimmt, und zugleich kann es jedem Namen, jede… [+905 chars]",,de,'Iran'
https://www.n-tv.de/politik/Russlands-Versorgungskrise-weitet-sich-aus-id31054220.html,https://www.n-tv.de/politik/Russlands-Versorgungskrise-weitet-sich-aus-id31054220.html,0,www.n-tv.de,Von der Tankstelle ins Brotregal: Russlands Versorgungskrise weitet sich aus,"Während Moskau die Lage beschönigt, gerät die Getreideernte ins Stocken. Wetter, ukrainische Angriffe auf Raffinerien und akuter Treibstoffmangel belasten Landwirtschaft und Logistik. Erste Warnungen vor Engpässen bei Lebensmitteln werden laut.",https://www.n-tv.de/img/31054232/1783354642/Img_16_9/1200/DIESES-FOTO-WIRD-VON-DER-RUSSISCHEN-STAATSAGENTUR-TASS-ZUR-VERFUeGUNG-GESTELLT-RUSSIA-ROSTOV-REGION-JUNE-11-2026-A-Rostselmash-2400-tractor-is-on-display-at-an-agricultural-exhibition-and-show-titled-Den-Donskogo-Polya-Don-Field-Day-in-the-town-Zernograd-some-70-km-southeast-of-Rostov-on-Don.jpg,2026-07-06T18:05:53Z,,"Getreidefeld in der Region Rostow Mitte Juni. Das Problem: Landwirtschaftliche Fahrzeuge benötigen Diesel. (Foto: picture alliance / TASS)
Während Moskau die Lage beschönigt, gerät die Getreideernte… [+5777 chars]",,de,'Russland'
https://www.zeit.de/feuilleton/2026-06/landtagswahlen-sachsen-anhalt-mecklenburg-vorpommern-afd-reform-demokratie,https://www.zeit.de/feuilleton/2026-06/landtagswahlen-sachsen-anhalt-mecklenburg-vorpommern-afd-reform-demokratie,0,www.zeit.de,Landtagswahlen 2026: Und so taumelt das Land auf die größte politische Krise zu,"Die AfD könnte in Sachsen-Anhalt gewinnen, die Merz-Regierung wird das nicht verhindern. Uns sollte klar sein, was das bedeutet: Der Widerstand muss aus der Mitte kommen.",https://img.zeit.de/feuilleton/2026-06/landtagswahlen-sachsen-anhalt-mecklenburg-vorpommern-afd-reform-demokratie-bild/wide__1300x731,2026-07-06T18:16:36Z,,"Wie anfangen,
wenn das Land durch den Sommer auf die größte politische
Krise seiner Geschichte zu taumelt? Wo anfangen und mit wem?
Der Kanzler kann es nicht. Und wohl auch nicht die SPD. Zwar ist… [+595 chars]",,de,'Krise'
https://www.zeit.de/news/2026-07/07/was-vom-nato-gipfel-zu-erwarten-ist,https://www.zeit.de/news/2026-07/07/was-vom-nato-gipfel-zu-erwarten-ist,0,www.zeit.de,Spitzentreffen in Krisenzeiten: Was vom Nato-Gipfel zu erwarten ist,Hier finden Sie Informationen zu dem Thema „Spitzentreffen in Krisenzeiten“. Lesen Sie jetzt „Was vom Nato-Gipfel zu erwarten ist“.,https://img.zeit.de/news/2026-07/07/was-vom-nato-gipfel-zu-erwarten-ist-image-group/wide__1300x731,2026-07-07T02:45:05Z,,Sucht US-Präsident Donald Trump auf dem Nato-Gipfel Streit? Die Kriege im Iran und in der Ukraine sowie die Lastenverteilung im Bündnis bieten beim heute beginnenden Treffen der 32 Staats- und Regier… [+5646 chars],,de,'Krise'
https://www.faz.net/aktuell/politik/ukraine/ukraine-liveticker-buergermeister-moskau-von-mehr-als-400-ukrainischen-drohnen-ins-visier-genommen-faz-110683325.html,https://www.faz.net/aktuell/politik/ukraine/ukraine-liveticker-buergermeister-moskau-von-mehr-als-400-ukrainischen-drohnen-ins-visier-genommen-faz-110683325.html,0,www.faz.net,Liveblog Ukrainekrieg: Bürgermeister: Moskau von mehr als 400 ukrainischen Drohnen ins Visier genommen,Trump: Einigung im Ukrainekrieg ist näher als viele denken +++ Ukraine greift westsibirsche Region Omsk mit Drohnen an +++ Britische F-35-Kampfflugzeuge fangen russisches Flugzeug ab +++ alle Neuigkeiten im Liveblog,https://media0.faz.net/image/w1200h627/4e97f7e91b0c/w3000h1567x0y216o/202607/43601.0.2304119529/langstreckendrohnen-des-typs.webp,2026-07-07T03:42:00Z,,Kurz nach Mitternacht waren in der Hauptstadt Kiew laut Behördenangaben und Medienberichten Alarmsirenen und heftige Explosionen zu hören. Demnach wurde fast in allen Landesregionen Luftalarm ausgelö… [+1082 chars],,de,'Ukraine'
https://www.faz.net/aktuell/politik/ukraine/die-ukrainische-drohnenblockade-der-krim-zeigt-wirkung-200974708.html,https://www.faz.net/aktuell/politik/ukraine/die-ukrainische-drohnenblockade-der-krim-zeigt-wirkung-200974708.html,0,www.faz.net,„Logistischer Lockdown“: Die Ukraine schlägt Russland mit einer russischen Taktik,"Ukrainische Drohnen greifen Russlands wichtigste Nachschubroute auf die Krim an. Damit Kiew seinen Vorteil weiter nutzen kann, braucht es westliche Hilfe.",https://media0.faz.net/image/w1200h627/6483dc3305a6/w3000h1567x0y165o/202606/43601.0.2206532942/ein-ukrainischer-soldat.webp,2026-07-07T04:53:29Z,,Die Mission Logistischer Lockdown ist ein Erfolg. Spätestens seit Mai nehmen ukrainische Drohnenpiloten systematisch russische Nachschubwege ins Visier und das in einem bislang nicht gekannten Ausmaß… [+4938 chars],,de,'Ukraine'
https://taz.de/Leben-mit-Hitze/!6187924/,https://taz.de/Leben-mit-Hitze/!6187924/,0,taz.de,Leben mit Hitze: Last exit Badezimmer,"Niemand muss unter Hitze leiden. Es gibt Möglichkeiten, Wohnungen gegen Hitze zu präparieren. Schließlich haben wir ja auch Heizungen gegen die Kälte.",https://taz.de/picture/8589168/1200/41573145.jpeg,2026-07-07T05:39:00Z,,"Niemand muss unter Hitze leiden. Es gibt Möglichkeiten, Wohnungen gegen Hitze zu präparieren. Schließlich haben wir ja auch Heizungen gegen die Kälte. mehr...",,de,'Kälte'
https://www.zeit.de/wirtschaft/2026-07/materialengpaesse-industrie-unternehmen-deutschland-ifo,https://www.zeit.de/wirtschaft/2026-07/materialengpaesse-industrie-unternehmen-deutschland-ifo,0,www.zeit.de,Materialmangel in der deutschen Wirtschaft: Immer mehr Industrieunternehmen melden Materialengpässe,"In der Industrie haben Firmen zunehmend Probleme, an Materialien für die Produktion zu gelangen. In Folge des Irankriegs hakt es immer noch bei den Lieferketten.",https://img.zeit.de/wirtschaft/2026-07/materialengpaesse-industrie-unternehmen-deutschland-ifo-foto-1/wide__1300x731,2026-07-07T07:04:56Z,,"Immer mehr Unternehmen in Deutschland klagen über Probleme bei der Beschaffung von Vorprodukten. Im Juni hatten 17,2 Prozent der Betriebe mit Materialengpässen zu kämpfen, wie das Münchner Ifo-Instit… [+1415 chars]",,de,'Hormus'
https://www.zeit.de/news/2026-07/07/angriff-auf-israelisches-konsulat-beschuldigter-ist-tot,https://www.zeit.de/news/2026-07/07/angriff-auf-israelisches-konsulat-beschuldigter-ist-tot,0,www.zeit.de,Nach Steinwürfen festgenommen: Angriff auf israelisches Konsulat - Beschuldigter ist tot,Hier finden Sie Informationen zu dem Thema „Nach Steinwürfen festgenommen“. Lesen Sie jetzt „Angriff auf israelisches Konsulat - Beschuldigter ist tot“.,https://img.zeit.de/news/2026-07/07/angriff-auf-israelisches-konsulat-beschuldigter-ist-tot-image-group/wide__1300x731,2026-07-07T08:30:15Z,,"Ein nach Steinwürfen auf das israelische Generalkonsulat und einem größeren Polizeieinsatz in München beschuldigter Mann ist tot. Wie die Generalstaatsanwaltschaft München auf Nachfrage mitteilte, wa… [+1734 chars]",,de,'Angriff'
https://www.faz.net/aktuell/karriere-hochschule/russian-studies-in-kiew-ukrainer-erforschen-russland-in-zeiten-des-krieges-accg-200981138.html,https://www.faz.net/aktuell/karriere-hochschule/russian-studies-in-kiew-ukrainer-erforschen-russland-in-zeiten-des-krieges-accg-200981138.html,0,www.faz.net,„Russian Studies“: Russland erforschen in Zeiten des Krieges,Zwei ukrainische Wissenschaftler bieten in Kooperation mit dem Militärgeheimdienst in Kiew Kurse zur Erforschung Russlands an. Die Ausbildung soll auch einen Beitrag zum Sieg der Ukraine leisten.,https://media0.faz.net/image/w1200h627/f1212580cfb5/w1600h836x0y115o/202606/2b0a91fa-5daf-47c5-93f7-93b7cadadc58/die-mohyla-akademie-in-kiew.webp,2026-07-07T08:42:07Z,,"Während auf Kiew Bomben fallen, sitzen ukrainische Studenten im Bunker der Mohyla-Akademie und befassen sich mit den Hintergründen der russischen Aggression. Maksym Jakowljew, Professor am Lehrstuhl … [+5255 chars]",,de,'Russland'
https://www.zeit.de/news/2026-07/07/klimafreundliches-heizen-bald-weniger-hilfen-vom-staat,https://www.zeit.de/news/2026-07/07/klimafreundliches-heizen-bald-weniger-hilfen-vom-staat,0,www.zeit.de,Haushalt: Klimafreundliches Heizen: Bald weniger Hilfen vom Staat,Hier finden Sie Informationen zu dem Thema „Haushalt“. Lesen Sie jetzt „Klimafreundliches Heizen: Bald weniger Hilfen vom Staat“.,https://img.zeit.de/news/2026-07/07/klimafreundliches-heizen-bald-weniger-hilfen-vom-staat-image-group/wide__1300x731,2026-07-07T08:55:12Z,,Die Förderung von Wärmepumpen und anderen klimafreundlichen Heizungen soll nach Plänen der Bundesregierung in den nächsten Jahren deutlich sinken. Dies geht aus einer Vorlage für den Haushaltsausschu… [+2162 chars],,de,'Klima'
https://www.tagesspiegel.de/wirtschaft/haushalt-klimafreundliches-heizen-bald-weniger-hilfen-vom-staat-15810598.html,https://www.tagesspiegel.de/wirtschaft/haushalt-klimafreundliches-heizen-bald-weniger-hilfen-vom-staat-15810598.html,0,www.tagesspiegel.de,Haushalt: Klimafreundliches Heizen: Bald weniger Hilfen vom Staat,"Die Bundesregierung muss sparen. Das betrifft auch die Förderung für Wärmepumpen und andere Heizarten, die das Klima weniger belasten als Gas und Co.",https://www.tagesspiegel.de/images/15810646/alternates/BASE_16_9_W1400/1783414971000/warmepumpen-au-engerat-vor-einem-einfamilienhaus.jpeg,2026-07-07T08:56:06Z,,Die Förderung von Wärmepumpen und anderen klimafreundlichen Heizungen soll nach Plänen der Bundesregierung in den nächsten Jahren deutlich sinken. Dies geht aus einer Vorlage für den Haushaltsausschu… [+2220 chars],,de,'Gas'
https://www.derstandard.at/story/3000000330312/wenn-der-parkplatz-zur-sauna-wird-vcoe-draengt-auf-begruenungspflicht-fuer-grosse-parkplaetze,https://www.derstandard.at/story/3000000330312/wenn-der-parkplatz-zur-sauna-wird-vcoe-draengt-auf-begruenungspflicht-fuer-grosse-parkplaetze,0,www.derstandard.at,Wenn der Parkplatz zur Sauna wird: VCÖ drängt auf Begrünungspflicht für große Parkplätze,"Versiegelte Flächen heizen sich im Sommer besonders stark auf. Der Verkehrsclub Österreich fordert daher mehr Begrünung, Entsiegelung und verbindliche Vorgaben für größere Parkflächen",https://i.ds.at/Bsn0-Q/rs:fill:1200:600/plain/lido-images/2026/07/07/dea4274e-0ad7-41db-88f7-ef70a02ddad3.jpg,2026-07-07T12:30:00Z,,"Sie entscheiden darüber, wie Sie unsere Inhalte nutzen wollen. Ihr Gerät erlaubt uns derzeit leider nicht, die entsprechenden Optionen anzuzeigen.
Bitte deaktivieren Sie sämtliche Hard- und Software… [+180 chars]",,de,'heizen'
https://www.tagesschau.de/ausland/asien/strasse-von-hormus-brand-tanker-100.html,https://www.tagesschau.de/ausland/asien/strasse-von-hormus-brand-tanker-100.html,0,www.tagesschau.de,Erneut Beschuss von Tankern in der Straße von Hormus,"In der Straße von Hormus droht ein Flüssiggastanker nach Beschuss zu explodieren, mindestens ein weiteres Schiff ist nach britischen Informationen von einem Geschoss getroffen worden. Katar macht Iran dafür verantwortlich.",https://images.tagesschau.de/image/956e307a-42a4-4802-ae8f-6dae03c270ee/AAABnzzcerI/AAABnSSvrFg/16x9-big/schiffe-hormus-110.jpg?width=1280,2026-07-07T14:33:19Z,,"Stand: 07.07.2026 16:33 Uhr
In der Straße von Hormus droht ein Flüssiggastanker nach Beschuss zu explodieren, mindestens ein weiteres Schiff ist nach britischen Informationen von einem Geschoss getr… [+1727 chars]",,de,'Hormus'
https://www.zeit.de/2026/29/klimawandel-finanzen-inflation-zentralbanken-sabine-mauderer,https://www.zeit.de/2026/29/klimawandel-finanzen-inflation-zentralbanken-sabine-mauderer,0,www.zeit.de,"Klimawandel und Finanzen: »Wir müssen verstehen, was der Klimawandel für die Preise bedeutet«","Hitzewellen und Überschwemmungen gefährden nicht nur Ökosysteme, sagt Sabine Mauderer, die Vizepräsidentin der Bundesbank. Wie extremes Wetter die Inflation treibt.",https://img.zeit.de/2026/29/wir-muessen-besser-verstehen-was-der-klimawandel-fuer-die-preise-bedeutet-bild-3/wide__1300x731,2026-07-07T15:00:27Z,,"Sabine Mauderer ist seit 2018 im Vorstand der Deutschen Bundesbank. Bis Juni 2026 leitete sie außerdem ein internationales Netzwerk, in dem sich Notenbanken und Finanzaufsichtsbehörden mit den Folgen… [+816 chars]",,de,'Inflation'
https://www.zeit.de/news/2026-07/07/ioc-hebt-sanktionen-gegen-russland-vorerst-auf,https://www.zeit.de/news/2026-07/07/ioc-hebt-sanktionen-gegen-russland-vorerst-auf,0,www.zeit.de,Sportpolitik: IOC hebt Sanktionen gegen Russland vorerst auf,Hier finden Sie Informationen zu dem Thema „Sportpolitik“. Lesen Sie jetzt „IOC hebt Sanktionen gegen Russland vorerst auf“.,https://img.zeit.de/news/2026-07/07/ioc-hebt-sanktionen-gegen-russland-vorerst-auf-image-group/wide__1300x731,2026-07-07T15:06:02Z,,Das IOC hebt die Sanktionen gegen russische Sportlerinnen und Sportler vorerst weitgehend auf. Die bisher geltenden Beschränkungen für die Teilnahme von Russen an internationalen Wettbewerben seien a… [+1891 chars],,de,'Russland'
https://www.golem.de/sonstiges/zustimmung/auswahl.html?from=https://www.golem.de/news/anzeige-ryzen-5-mini-pc-mit-16-gbyte-ram-und-win-11-pro-zum-jahresbestpreis-2607-210613.html&referer=https://t.co/5949b2e98f,https://www.golem.de/sonstiges/zustimmung/auswahl.html?from=https://www.golem.de/news/anzeige-ryzen-5-mini-pc-mit-16-gbyte-ram-und-win-11-pro-zum-jahresbestpreis-2607-210613.html&referer=https://t.co/5949b2e98f,0,www.golem.de,Anzeige: Ryzen-5-Mini-PC mit 16 GByte RAM und Win 11 Pro zum Jahresbestpreis,"Der Geekom A5 Mini-PC ist bei Amazon wieder zum niedrigsten Preis des Jahres im Angebot. So günstig wie jetzt war er zuletzt am Prime Day. (PC & Notebooks, Computer)",,2026-07-07T15:32:02Z,,"Besuchen Sie Golem.de wie gewohnt mit Werbung und Tracking,
 indem Sie der Nutzung aller Cookies zustimmen.
 Details zum Tracking finden Sie im Privacy Center.
Skript wurde nicht geladen. Informat… [+607 chars]",,de,'Preis'
https://www.faz.net/aktuell/sport/sportpolitik/ioc-hebt-suspendierung-des-russischen-nok-auf-201007477.html,https://www.faz.net/aktuell/sport/sportpolitik/ioc-hebt-suspendierung-des-russischen-nok-auf-201007477.html,0,www.faz.net,Suspendierung aufgehoben: IOC holt russische Sportler zurück,Das IOC hebt die Suspendierung des russischen NOK vorläufig auf. Mitten in Putins laufendem Angriffskrieg öffnet es Russlands Weg zu den Olympischen Spielen in Los Angeles 2028.,https://media0.faz.net/image/w1200h627/cbd10867de4c/w7866h4109x0y158o/202607/43601.0.2310284181/zurueck-im-spiel-das-russische.webp,2026-07-07T15:58:06Z,,Das Internationale Olympische Komitee hat die Suspendierung Russlands aufgehoben. Damit ebnet das IOC russischen Sportlerinnen und Sportlern den Weg zu den Olympischen Spielen 2028 in Los Angeles. Zu… [+2979 chars],,de,'Russland'
https://www.zeit.de/2026/29/zensur-russland-literatur-buecher-bibliotheken,https://www.zeit.de/2026/29/zensur-russland-literatur-buecher-bibliotheken,0,www.zeit.de,Zensur in Russland: »Am besten den ganzen Verlag verbrennen«,"Der russische Staat verbannt Bücher und macht die Literatur zu seinem größten Feind. Unter Verlagen, Autoren und Lesern herrscht nackte Angst.",https://img.zeit.de/2026/29/-2-bild-2/wide__1300x731,2026-07-07T17:34:20Z,,"Filipp Dzyadko, 1982 in Moskau geboren, ist TV-Moderator und Schriftsteller; er lebt in Deutschland im Exil.
Alexander Estis, 1986 in Moskau geboren, lebt als Schriftsteller in der Schweiz.
Einen M… [+593 chars]",,de,'Russland'
https://www.zeit.de/news/2026-07/07/usa-setzen-iranische-oelsanktionen-wieder-in-kraft,https://www.zeit.de/news/2026-07/07/usa-setzen-iranische-oelsanktionen-wieder-in-kraft,0,www.zeit.de,Iran-Krieg: USA setzen iranische Ölsanktionen wieder in Kraft,Hier finden Sie Informationen zu dem Thema „Iran-Krieg“. Lesen Sie jetzt „USA setzen iranische Ölsanktionen wieder in Kraft“.,https://img.zeit.de/news/2026-07/07/usa-setzen-iranische-oelsanktionen-wieder-in-kraft-image-group/wide__1300x731,2026-07-07T19:48:01Z,,"Die USA haben die zuvor gelockerten Sanktionen auf iranisches Öl wieder in Kraft gesetzt. Eine vor gut zwei Wochen erteilte Ausnahmegenehmigung werde wieder zurückgenommen, teilte das US-Finanzminist… [+1955 chars]",,de,'Iran'
https://www.faz.net/aktuell/politik/ausland/liveblog-irankrieg-usa-attackieren-iran-abermals-faz-200583539.html,https://www.faz.net/aktuell/politik/ausland/liveblog-irankrieg-usa-attackieren-iran-abermals-faz-200583539.html,0,www.faz.net,Liveblog Irankrieg: USA attackieren abermals Ziele in Iran,Nach Attacken auf Handelsschiffe in der Straße von Hormus +++ Qatar bestellt Irans Vize-Botschafter ein +++ Bericht: Tanker droht nach Angriff nahe der Straße von Hormus zu explodieren +++ alle Entwicklungen im Liveblog,https://media0.faz.net/image/w1200h627/948ac9cf2802/w4000h2090x0y455o/202607/43601.0.2307412929/der-persische-golf-die-strasse.webp,2026-07-07T21:44:29Z,,Masse ist Macht. So sieht es das iranische Regime. Nach offiziellen Angaben sollen bisher 15 bis 20 Millionen Menschen an den Trauerfeiern für das getötete Staatsoberhaupt Ali Khamenei teilgenommen h… [+1278 chars],,de,'Iran'
https://www.faz.net/aktuell/politik/ukraine/ukraine-liveticker-erneut-russischer-angriff-mit-ballistischen-raketen-auf-kiew-faz-110683325.html,https://www.faz.net/aktuell/politik/ukraine/ukraine-liveticker-erneut-russischer-angriff-mit-ballistischen-raketen-auf-kiew-faz-110683325.html,0,www.faz.net,Liveblog Ukrainekrieg: Erneut russischer Angriff mit ballistischen Raketen auf Kiew,Polizei: Hauptverdächtige von Monaco-Anschlag tot aufgefunden +++ Bürgermeister: Ukraine hat Moskau mit mehr als 400 Drohnen angegriffen +++ Trump: Einigung im Ukrainekrieg ist näher als viele denken +++ alle Neuigkeiten im Liveblog,https://media0.faz.net/image/w1200h627/4e6f660d62f1/w6144h3210x0y441o/202607/43601.0.2309962598/kiew-anwohner-raeumen-truemmer.webp,2026-07-08T00:34:00Z,,Im Fall des Anschlags auf den ehemaligen ukrainischen Geschäftsmann Wadim Jermolajew und dessen Familie in Monaco ist die Hauptverdächtige tot. Die 39 Jahre alte  Anastasija Beresowska sei am Montag … [+1981 chars],,de,'Ukraine'
https://www.zeit.de/news/2026-07/08/zeigt-trump-europa-beim-nato-gipfel-die-rote-karte,https://www.zeit.de/news/2026-07/08/zeigt-trump-europa-beim-nato-gipfel-die-rote-karte,0,www.zeit.de,Bündnis in der Krise: Zeigt Trump Europa beim Nato-Gipfel die rote Karte?,Hier finden Sie Informationen zu dem Thema „Bündnis in der Krise“. Lesen Sie jetzt „Zeigt Trump Europa beim Nato-Gipfel die rote Karte?“.,https://img.zeit.de/news/2026-07/08/zeigt-trump-europa-beim-nato-gipfel-die-rote-karte-image-group/wide__1300x731,2026-07-08T02:45:07Z,,Für die Nato steht heute die zweite große Bewährungsprobe seit dem Amtsantritt von US-Präsident Donald Trump an. Beim Gipfeltreffen in Ankara müssen Deutschland und die anderen europäischen Alliierte… [+5340 chars],,de,'Krise'
https://www.bild.de/sport/fussball/trend-in-argentinien-hexen-frieren-messi-gegner-ein-6a4db3cddfc0c82fa2909a29,https://www.bild.de/sport/fussball/trend-in-argentinien-hexen-frieren-messi-gegner-ein-6a4db3cddfc0c82fa2909a29,0,www.bild.de,Trend in Argentinien - Hexen frieren Messi-Gegner ein,WM 2026: Die Welt staunt über das Comeback der Argentinier gegen Ägypten. Haben da etwa übersinnliche Kräfte geholfen?,"https://images.bild.de/6a4db3cddfc0c82fa2909a29/1057e7cbfb3abe1886b21305f2a23c32,c2cf3b18?w=1280",2026-07-08T03:22:58Z,,"TTS-Player überspringenArtikel weiterlesenWenn Sie sich fragen, wie Argentinien das WM-Spiel gegen Ägypten nach 0:2-Rückstand noch gedreht hat: Ich hätte da eine Antwort für Sie  übersinnliche Kräfte… [+2217 chars]",,de,'frieren'
https://www.faz.net/premium/digitalwirtschaft/kuenstliche-intelligenz/together-ai-das-start-up-das-anthropic-und-openai-angreift-accg-201001266.html,https://www.faz.net/premium/digitalwirtschaft/kuenstliche-intelligenz/together-ai-das-start-up-das-anthropic-und-openai-angreift-accg-201001266.html,0,www.faz.net,"KI zum kleinen Preis: Das Start-up, das Anthropic und Open AI angreift",Together AI verkauft Rechenleistung für fremde Gratismodelle und ist bereits mehr als acht Milliarden Dollar wert. Der größte Geldgeber ist der saudische Ölkonzern Aramco. Die wichtigste Ware sind chinesische KI-Modelle.,https://media0.faz.net/image/w1200h627/cfcadef2f4f4/w4000h2090x0y142o/202607/438c3043f2-7914-11f1-bc5a-d41c83be99ee/vipul-ved-prakash-der-ceo-von.webp,2026-07-08T04:50:00Z,,"Paris, Anfang Juli 2025. Auf dem Branchentreffen Raise Summit rechnet Vipul Ved Prakash, Gründer und Chef des KI-Anbieters Together AI, dem Saal vor, was seine Ingenieure mit dem chinesischen Sprachm… [+319 chars]",,de,'Preis'
https://www.focus.de/immobilien/wohnen/gas-und-oelheizungen-bleiben-erlaubt-doch-kostenrisiken-steigen_5a24ce32-72c4-4683-a3a8-d588f43bf707.html,https://www.focus.de/immobilien/wohnen/gas-und-oelheizungen-bleiben-erlaubt-doch-kostenrisiken-steigen_5a24ce32-72c4-4683-a3a8-d588f43bf707.html,0,www.focus.de,"Gas- und Ölheizungen bleiben erlaubt, doch Kostenrisiken steigen","Der Reformentwurf fürs Heizungsgesetz ist endlich da. Neue Gas- und Ölheizungen bleiben erlaubt, Mieter werden geschützt. Warum das nur Kosten und Aufwand für alle bedeutet.","https://quadro.burda-forward.de/ctf/1e3d82d6-7274-489f-822f-a1fa9da33f4e.4a566ee3-7f28-429f-be7c-b5cf8cc52f13.jpeg?im=RegionOfInterestCrop=(1200,630),regionOfInterest=(1024,681.5)&hash=454f8cc3dbc97d0b0e02f8a6b9d763bca946e306c2b06233d047c821b503c597",2026-07-08T05:00:00Z,,"Gerade das Thema Heizung ist für viele Menschen emotional. Die Reform der Bundesregierung erlaubt jetzt neue, fossile Heizungen. Das birgt langfristig hohe Kostenrisiken, egal ob Sie mieten, vermiete… [+8040 chars]",,de,'Gas'
https://www.golem.de/sonstiges/zustimmung/auswahl.html?from=https://www.golem.de/news/abwehrfaehigkeiten-fehlen-russland-soll-drohnenfluege-ueber-europa-mit-schattenflotte-steuern-2607-210617.html&referer=https://t.co/9fb6117e56,https://www.golem.de/sonstiges/zustimmung/auswahl.html?from=https://www.golem.de/news/abwehrfaehigkeiten-fehlen-russland-soll-drohnenfluege-ueber-europa-mit-schattenflotte-steuern-2607-210617.html&referer=https://t.co/9fb6117e56,0,www.golem.de,Abwehrfähigkeiten fehlen: Russland soll Drohnenflüge über Europa mit Schattenflotte steuern,"Eine neue Analyse bringt verdächtige Drohnensichtungen quer durch Europa mit russischen Tankschiffen in Verbindung. (Drohne, Industrieanlage)",,2026-07-08T05:52:01Z,,"Besuchen Sie Golem.de wie gewohnt mit Werbung und Tracking,
 indem Sie der Nutzung aller Cookies zustimmen.
 Details zum Tracking finden Sie im Privacy Center.
Skript wurde nicht geladen. Informat… [+607 chars]",,de,'Russland'
https://www.golem.de/sonstiges/zustimmung/auswahl.html?from=https://www.golem.de/news/praxistest-laeuft-autonome-us-militaerfahrzeuge-im-ukraine-einsatz-2607-210616.html&referer=https://t.co/88630292e2,https://www.golem.de/sonstiges/zustimmung/auswahl.html?from=https://www.golem.de/news/praxistest-laeuft-autonome-us-militaerfahrzeuge-im-ukraine-einsatz-2607-210616.html&referer=https://t.co/88630292e2,0,www.golem.de,Praxistest läuft: Autonome US-Militärfahrzeuge im Ukraine-Einsatz,"Mehr als 100 selbstfahrende Fahrzeuge des US-Herstellers Forterra sind seit neun Monaten in der Ukraine im Einsatz. (Militär, Politik)",,2026-07-08T05:59:02Z,,"Besuchen Sie Golem.de wie gewohnt mit Werbung und Tracking,
 indem Sie der Nutzung aller Cookies zustimmen.
 Details zum Tracking finden Sie im Privacy Center.
Skript wurde nicht geladen. Informat… [+607 chars]",,de,'Ukraine'
https://www.focus.de/politik/usa-starten-trotz-waffenruhe-heftige-angriffe-gegen-iran_a852c93d-1987-4684-83f8-6aa531edcc8b.html,https://www.focus.de/politik/usa-starten-trotz-waffenruhe-heftige-angriffe-gegen-iran_a852c93d-1987-4684-83f8-6aa531edcc8b.html,0,www.focus.de,USA starten trotz Waffenruhe „heftige Angriffe” gegen Iran,Erneut wird mindestens ein Schiff in der wichtigen Meerenge von einem Geschoss getroffen. Die USA setzen Sanktionen auf iranisches Öl wieder in Kraft und starten „heftige Angriffe” gegen den Iran.,"https://quadro.burda-forward.de/ctf/2bd1037f-70ca-4e19-8462-e70f878ad3e6.bcd928ba-964a-4557-b88f-ecef611d3648.jpeg?im=RegionOfInterestCrop=(1200,630),regionOfInterest=(1556,1049)&hash=4e0c32981738a90720677a764ff003f25c15f5ce787dbaeca1fb4a8e6be92f99",2026-07-08T06:04:00Z,,"Rutte: US-Angriffe auf Iran absolut notwendig
Nato-Generalsekretär Mark Rutte verteidigt die neuen US-Angriffe auf den Iran nach Attacken gegen Tanker in der Straße von Hormus. Die US-Reaktion sei a… [+3099 chars]",,de,'Waffen'
https://www.focus.de/finanzen/oelpreis-steigt-nach-us-angriffen-auf-den-iran-deutlich_133b593c-c686-4f1c-87a3-fb2cedc2f591.html,https://www.focus.de/finanzen/oelpreis-steigt-nach-us-angriffen-auf-den-iran-deutlich_133b593c-c686-4f1c-87a3-fb2cedc2f591.html,0,www.focus.de,Ölpreis steigt nach US-Angriffen auf den Iran deutlich,Nach neuen US-Angriffen auf den Iran und verschärften Sanktionen steigt der Ölpreis kräftig. Anleger blicken mit Sorge auf die Straße von Hormus.,"https://quadro.burda-forward.de/ctf/e05ebed2-6563-49ea-89b6-b6b825135744.f447344a-0f09-433a-9bb2-cdf2034d11f6.jpeg?im=RegionOfInterestCrop=(1200,630),regionOfInterest=(1024,711)&hash=32a1367d9681a0f128c9bb5253346347ba5144cca66f434fcf694d2d0ea1d6bd",2026-07-08T07:03:00Z,,Die Ölpreise sind nach den erneuten Angriffen der Vereinigten Staaten auf den Iran und der erneuten Verschärfung der Sanktionen gegen Teheran kräftig zugelegt. Ein Barrel (159 Liter) der Nordseesorte… [+2963 chars],,de,'Hormus'
https://www.faz.net/aktuell/politik/ausland/strasse-von-hormus-neue-angriffe-von-usa-und-iran-accg-201008951.html,https://www.faz.net/aktuell/politik/ausland/strasse-von-hormus-neue-angriffe-von-usa-und-iran-accg-201008951.html,0,www.faz.net,Straße von Hormus: USA und Iran attackieren sich wieder – und kämpfen um Kontrolle,Abermals greift das US-Militär iranische Ziele in der Meerenge an. In Teheran fürchtet man um den wichtigsten Hebel zur Abschreckung von USA und Israel.,https://media0.faz.net/image/w1200h627/92c223b1edad/w6000h3135x0y433o/202607/43601.0.2308228606/handelsschiffe-sind-ende-juni.webp,2026-07-08T07:38:35Z,,Das Ringen der Vereinigten Staaten und Irans um die Kontrolle über die Straße von Hormus ist in der Nacht zum Mittwoch abermals eskaliert. Das US-Militär beschoss nach eigenen Angaben iranische Luftv… [+3881 chars],,de,'Iran'
https://www.faz.net/aktuell/politik/ukraine/ukraine-liveticker-merz-auf-nato-gipfel-russland-hat-keine-chance-faz-110683325.html,https://www.faz.net/aktuell/politik/ukraine/ukraine-liveticker-merz-auf-nato-gipfel-russland-hat-keine-chance-faz-110683325.html,0,www.faz.net,Liveblog Ukrainekrieg: Merz: Russland hat keine Chance,Bundeskanzler kündigt weitere Unterstützung für die Ukraine an +++ Kreml  nennt ukrainische Angrifffe „sehr gefährlich“ +++ Russland greift Kiew wieder mit ballistischer Rakete an +++ alle Neuigkeiten im Liveblog,https://media0.faz.net/image/w1200h627/989e039a7414/w6000h3135x0y120o/202607/43601.0.2312172348/bundeskanzler-friedrich-merz.webp,2026-07-08T10:29:00Z,,Im Fall des Anschlags auf den ehemaligen ukrainischen Geschäftsmann Wadim Jermolajew und dessen Familie in Monaco ist die Hauptverdächtige tot. Die 39 Jahre alte  Anastasija Beresowska sei am Montag … [+1981 chars],,de,'Russland'
https://www.faz.net/aktuell/politik/ausland/trump-stellt-waffenstillstand-mit-iran-infrage-accg-201009833.html,https://www.faz.net/aktuell/politik/ausland/trump-stellt-waffenstillstand-mit-iran-infrage-accg-201009833.html,0,www.faz.net,Trump über Iran: „Wir haben viel Zeit mit ihnen verschwendet“,"Nach der jüngsten Eskalation in der Straße von Hormus bezeichnet US-Präsident Trump die Verhandlungen mit Teheran als gescheitert. Wie er weiter vorgehen will, erklärt er nicht.",https://media0.faz.net/image/w1200h627/6293f29bea1f/w3467h1811x0y121o/202607/43601.0.2313423684/donald-trump-am-mittwoch-beim.webp,2026-07-08T11:12:58Z,,"Die Waffenruhe und die Verhandlungen zwischen den Vereinigten Staaten und Iran scheinen am seidenen Faden zu hängen, seit der amerikanische Präsident Donald Trump sie am Mittwoch für beendet erklärt … [+5948 chars]",,de,'Hormus'
https://www.tagesschau.de/ausland/asien/usa-iran-angriffe-perspektiven-100.html,https://www.tagesschau.de/ausland/asien/usa-iran-angriffe-perspektiven-100.html,0,www.tagesschau.de,"USA und Iran: ""Ich sehe keine Kompromisslösung""","Im US-Kurs gegenüber Iran erkennt der Nahost-Experte Guido Steinberg Ratlosigkeit. Nun gehe es erst einmal darum, das Abkommen zur Waffenruhe zu retten. Ein weitergehender Kompromiss in der Atomfrage sei nicht absehbar.",https://images.tagesschau.de/image/cb927cec-5749-4c9f-b4ea-d24b9e674735/AAABnYmlBOc/AAABnSSvrFg/16x9-big/strasse-von-hormus-138.jpg?width=1280,2026-07-08T11:28:45Z,,"Stand: 08.07.2026 13:28 Uhr
Im US-Kurs gegenüber Iran erkennt der Nahost-Experte Guido Steinberg Ratlosigkeit. Nun gehe es erst einmal darum, das Abkommen zur Waffenruhe zu retten. Ein weitergehende… [+6765 chars]",,de,'Iran'
https://www.faz.net/aktuell/wirtschaft/wirtschaftswissen/meerengen-die-nadeloehre-der-weltmeere-accg-200955744.html,https://www.faz.net/aktuell/wirtschaft/wirtschaftswissen/meerengen-die-nadeloehre-der-weltmeere-accg-200955744.html,0,www.faz.net,Meerengen: Die Nadelöhre der Weltmeere,"Die Blockade der Straße von Hormus hat wochenlang für Schlagzeilen gesorgt. Satellitendaten zeigen, welche Meerengen für Deutschland noch kritischer sind. Ein Überblick.",https://media0.faz.net/image/w1200h627/8cc9eef5019c/w1280h668x0y26o/202603/43601.0.1932391760/ein-satellitenbild-der.webp,2026-07-08T11:45:07Z,,"Der Irankrieg hat gezeigt, wie hoch die strategische Relevanz von Meerengen ist. Die Straße von Hormus findet vermutlich heute jeder auf Anhieb auf einer Weltkarte. Es gibt aber deutlich mehr hochgra… [+11164 chars]",,de,'Hormus'
https://www.zeit.de/news/2026-07/08/nato-staaten-versprechen-ukraine-bei-gipfel-milliardenbetrag,https://www.zeit.de/news/2026-07/08/nato-staaten-versprechen-ukraine-bei-gipfel-milliardenbetrag,0,www.zeit.de,Nato: Nato-Staaten versprechen Ukraine bei Gipfel Milliardenbetrag,Hier finden Sie Informationen zu dem Thema „Nato“. Lesen Sie jetzt „Nato-Staaten versprechen Ukraine bei Gipfel Milliardenbetrag“.,https://img.zeit.de/administratives/sharing/fallback-image-die-zeit/wide__1300x731,2026-07-08T12:39:08Z,,"Die von Russland angegriffene Ukraine hat beim Nato-Gipfel in Ankara eine neue Zusage für milliardenschwere Militärhilfen erhalten. Für dieses Jahr sagen Verbündete 70 Milliarden Euro für Ausrüstung,… [+249 chars]",,de,'Russland'
https://www.zeit.de/gesellschaft/2026-07/migranten-todesfaelle-mittelmeer-migration-europa-iom,https://www.zeit.de/gesellschaft/2026-07/migranten-todesfaelle-mittelmeer-migration-europa-iom,0,www.zeit.de,Todesfälle von Migranten: Deutlich mehr Migranten verunglücken auf dem Weg nach Europa,Laut UN-Zahlen sind 2026 bereits 2.676 Menschen auf Migrationsrouten gestorben oder werden vermisst. Auf allen Fluchtrouten im Mittelmeer wurden mehr Tote gezählt.,https://img.zeit.de/gesellschaft/2026-07/migranten-todesfaelle-mittelmeer-migration-europa-iom-foto-1/wide__1300x731,2026-07-08T12:50:19Z,,Seit Jahresbeginn sind nach aktuellen Zahlen der Vereinten Nationen (UN) mindestens 2.676 Menschen auf Migrationsrouten ums Leben gekommen oder werden vermisst. Wie die Internationale Organisation fü… [+836 chars],,de,'Flucht'
https://www.tagesschau.de/wirtschaft/finanzen/oelpreis-134.html,https://www.tagesschau.de/wirtschaft/finanzen/oelpreis-134.html,0,www.tagesschau.de,Ölpreise steigen: Krieg in Iran ist wieder Thema an der Börse,Nach den jüngsten Attacken auf Tanker in der Straße von Hormus hat das US-Militär Ziele in Iran angegriffen. Zudem wurden Sanktionen wieder in Kraft gesetzt. Die Reaktion an der Börse folgt prompt. <em>Von Claudia Wehrle. </em>,https://images.tagesschau.de/image/5bca3352-6870-4a05-874c-732b7a683a37/AAABnR9vgOI/AAABnSSvrFg/16x9-big/oel-184.jpg?width=1280,2026-07-08T13:04:04Z,,"Stand: 08.07.2026 15:04 Uhr
Nach den jüngsten Attacken auf Tanker in der Straße von Hormus hat das US-Militär Ziele in Iran angegriffen. Zudem wurden Sanktionen wieder in Kraft gesetzt. Die Reaktion… [+3969 chars]",,de,'Iran'
https://www.faz.net/aktuell/sport/sportpolitik/ioc-laedt-russen-ein-diktatoren-und-kriegsherren-bleiben-im-spiel-201010101.html,https://www.faz.net/aktuell/sport/sportpolitik/ioc-laedt-russen-ein-diktatoren-und-kriegsherren-bleiben-im-spiel-201010101.html,0,www.faz.net,IOC beugt sich Russland: Diktatoren und Kriegsherren bleiben im Spiel,"Während Putin die Ukraine bombardiert, macht das IOC den Weg frei für die Rückkehr seiner Sportler zu Olympischen Spielen. Der deutsche Sport spielt mit – als Opportunist.",https://media0.faz.net/image/w1200h627/6472120f8f59/w2585h1350x122y52o/202512/43601.0.1600800286/fahne-gehisst-das-ioc-zeigt.webp,2026-07-08T13:10:08Z,,"In der Nacht, die auf den Nachmittag folgte, an dem die Präsidentin des Internationalen Olympischen Komitees (IOC), Kirsty Coventry, verkündete, dass ihre Organisation den Sportlerinnen und Sportlern… [+2897 chars]",,de,'Russland'
https://www.zeit.de/news/2026-07/08/land-plant-finanzhilfen-fuer-strukturwandel,https://www.zeit.de/news/2026-07/08/land-plant-finanzhilfen-fuer-strukturwandel,0,www.zeit.de,Energiekosten: Land plant Finanzhilfen für Strukturwandel,Hier finden Sie Informationen zu dem Thema „Energiekosten“. Lesen Sie jetzt „Land plant Finanzhilfen für Strukturwandel“.,https://img.zeit.de/news/2026-07/08/land-plant-finanzhilfen-fuer-strukturwandel-image-group/wide__1300x731,2026-07-08T13:12:07Z,,"Thüringen plant weitere Finanzhilfen, um den schwierigen Strukturwandel nicht nur in der Automobilindustrie zu unterstützen. Ein Beteiligungsfonds, der Kapitalhilfen für expandierende Firmen ermöglic… [+2000 chars]",,de,'Klima'
https://www.faz.net/aktuell/politik/ausland/liveblog-irankrieg-trump-droht-iran-mit-weiteren-angriffen-heute-nacht-faz-200583539.html,https://www.faz.net/aktuell/politik/ausland/liveblog-irankrieg-trump-droht-iran-mit-weiteren-angriffen-heute-nacht-faz-200583539.html,0,www.faz.net,Liveblog Irankrieg: Trump droht Iran mit weiteren Angriffen heute Nacht,Zuvor hatte Trump das Rahmenabkommen mit Iran für hinfällig erklärt +++ Teheran attackiert amerikanische Stützpunkte in Kuwait und Bahrain +++ USA greifen Iran an +++ alle Entwicklungen im Liveblog,https://media0.faz.net/image/w1200h627/1697dd64419b/w6144h3210x0y133o/202607/43601.0.2314488078/us-praesident-donald-trump-bei.webp,2026-07-08T13:43:00Z,,"US-Präsident Donald Trump hat die Absichtserklärung zur Beendigung des Krieges mit Iran für nichtig erklärt. Die Vereinbarung sei hinfällig, sagte Trump am Mittwoch beim NATO-Gipfel in Ankara. Er wol… [+813 chars]",,de,'Iran'
https://www.faz.net/aktuell/finanzen/finanzmarkt/donald-trump-treibt-den-oelmarkt-dax-und-oelpreise-reagieren-201009275.html,https://www.faz.net/aktuell/finanzen/finanzmarkt/donald-trump-treibt-den-oelmarkt-dax-und-oelpreise-reagieren-201009275.html,0,www.faz.net,Fragiler Markt: Donald Trump lässt den Ölpreis steigen,"Der amerikanische Präsident stellt den Friedensprozess mit Iran infrage. Öl wird prompt teurer, der Dax gibt nach, Ölkonzerne profitieren. Im nächsten Jahr könnte es aber wieder ganz anders aussehen.",https://media0.faz.net/image/w1200h627/b4cea42ff591/w2835h1481x0y180o/202603/ef5964cf-2efe-4ae0-838c-c17e6a5a1201/iranisches-oel-unterliegt.webp,2026-07-08T13:48:31Z,,"Nach der Äußerung von Donald Trump, der Waffenstillstand mit Iran sei beendet, sind die Ölpreise am Mittwoch deutlich gestiegen. Der Preis für ein Barrel (159 Liter) der Nordseesorte Brent stieg zeit… [+4244 chars]",,de,'Iran'
https://www.faz.net/aktuell/wirtschaft/mehr-wirtschaft/folge-des-iran-kriegs-iwf-rechnet-mit-noch-schwaecherem-wachstum-in-deutschland-201011086.html,https://www.faz.net/aktuell/wirtschaft/mehr-wirtschaft/folge-des-iran-kriegs-iwf-rechnet-mit-noch-schwaecherem-wachstum-in-deutschland-201011086.html,0,www.faz.net,Folgen des Irankrieges: IWF rechnet mit noch schwächerem Wachstum in Deutschland,Die Blockade der Straße von Hormus führt zu hohen Spritpreisen und steigender Inflation. Der Internationale Währungsfonds senkt deswegen erneut seine Erwartungen für Deutschland.,https://media0.faz.net/image/w1200h627/d1ebbd072190/w4252h2221x0y307o/202606/43601.0.2219321671/durchlebt-schwere-zeiten-die.webp,2026-07-08T13:59:41Z,,Angesichts der Folgen des Irankrieges senkt der Internationale Währungsfonds (IWF) erneut seine Wachstumsprognosen für die deutsche Wirtschaft. Bis einschließlich 2027 dürfte sich die Bundesrepublik … [+5631 chars],,de,'Iran'
https://www.nzz.ch/der-andere-blick/kai-wegner-der-regierende-buergermeister-von-berlin-sollte-zuruecktreten-ld.10014694,https://www.nzz.ch/der-andere-blick/kai-wegner-der-regierende-buergermeister-von-berlin-sollte-zuruecktreten-ld.10014694,0,www.nzz.ch,DER ANDERE BLICK - Der Regierende Bürgermeister von Berlin wird seinem Amt nicht gerecht. Er sollte zurücktreten,"Kai Wegner hat sich mit seinem Krisenmanagement nicht gerade verausgabt. Schwerer noch wiegt, dass er den Bürgern nicht die Wahrheit darüber gesagt hat.","https://img-msp-prod.nzz.ch/2026/07/08/cf8c5010-ac2c-4cce-8c69-fd86d835769f.jpg?width=1200&height=675&fit=bounds&quality=75&auto=webp&crop=1754,987,x0,y91&wmark=nzz",2026-07-08T15:43:49Z,,"von Susanne Gaschke, Berlin
Kai Wegner hat sich mit seinem Krisenmanagement nicht gerade verausgabt. Schwerer noch wiegt, dass er den Bürgern nicht die Wahrheit darüber gesagt hat.
08.07.2026, 17.4… [+6156 chars]",,de,'Kälte'
https://www.faz.net/aktuell/politik/ukraine/versteckt-putin-seine-yacht-graceful-vor-selenskyjs-drohnen-201009528.html,https://www.faz.net/aktuell/politik/ukraine/versteckt-putin-seine-yacht-graceful-vor-selenskyjs-drohnen-201009528.html,0,www.faz.net,Im hohen Norden: Versteckt Putin seine Yacht vor Selenskyjs Drohnen?,"Die Luxusyacht „Graceful“, die Putin zugeschrieben wird, liegt nun bei Murmansk. Sicher vor ukrainischen Angriffen ist sie dort aber nicht, sagen Fachleute.",https://media0.faz.net/image/w1200h627/fda4f4b1bcc7/w3337h1743x244y161o/202203/43600.0.803919861/inklusive-salz-und.webp,2026-07-08T17:24:39Z,,"Die russische Luxusyacht Graceful, die Wladimir Putin zugerechnet wird, liegt mittlerweile in einem Hafen im Gebiet Murmansk. Das berichtet das dänische Fernsehen unter Berufung auf Satellitenfotos. … [+5925 chars]",,de,'Wladimir Putin'
https://www.zeit.de/politik/ausland/2026-07/irankrieg-usa-waffenruhe-angriffe-donald-trump,https://www.zeit.de/politik/ausland/2026-07/irankrieg-usa-waffenruhe-angriffe-donald-trump,0,www.zeit.de,Irankrieg: So bleibt Trump nichts anderes als Krieg,"Wenn USA und Iran ihren vermeintlichen Frieden nun wieder aufgeben, wird vor allem eines sichtbar: Das Regime in Teheran ist eine Gefahr, mit der nicht zu verhandeln ist.",https://img.zeit.de/politik/ausland/2026-07/irankrieg-usa-waffenruhe-angriffe-donald-trump-bild/wide__1300x731,2026-07-08T17:35:25Z,,"Ob der Krieg zwischen den USA und dem Iran in den kommenden Tagen wirklich ernsthaft wieder aufflammen wird, lässt sich noch nicht sagen. Donald Trump hat nach dem jüngsten Schlagabtausch der beiden … [+345 chars]",,de,'Iran'
https://www.faz.net/aktuell/politik/ukraine/ukrainische-drohnen-greifen-russische-raffinerien-an-201009611.html,https://www.faz.net/aktuell/politik/ukraine/ukrainische-drohnen-greifen-russische-raffinerien-an-201009611.html,0,www.faz.net,Ukrainische Angriffe: Selbst Raffinerien in Sibirien sind nicht mehr sicher,Sechzehn russische Raffinerien hat die Ukraine in diesem Jahr schon mehrfach attackiert. Die Drohnen legen immer größere Entfernungen zurück.,https://media0.faz.net/image/w1200h627/048645142574/w2558h1336x0y52o/202607/43601.0.2307002677/in-omsk-am-montag-ein-brand.webp,2026-07-08T19:32:11Z,,"Die Serie ukrainischer Drohnenangriffe auf russische Raffinerien reißt nicht ab. In der Nacht auf Mittwoch brach im Ölverarbeitungswerk von Saratow an der Wolga, das dem Konzern Rosneft gehört, ein B… [+4599 chars]",,de,'Ukraine'
https://www.zeit.de/politik/ausland/2026-07/explosionen-iran-bandar-abbas-sirik,https://www.zeit.de/politik/ausland/2026-07/explosionen-iran-bandar-abbas-sirik,0,www.zeit.de,Irankrieg: US-Militär greift erneut Ziele im Iran an,Nach der Ankündigung von US-Präsident Trump haben US-Streitkräfte wieder iranische Ziele angegriffen. Es ist das zweite Mal binnen 24 Stunden.,https://img.zeit.de/politik/ausland/2026-07/explosionen-iran-bandar-abbas-sirik-foto-1/wide__1300x731,2026-07-08T20:37:37Z,,Das US-Militär hat nach eigenen Angaben eine neue Welle von Angriffen gegen den Iran gestartet. Im Süden des Iran soll es örtlichen Medien zufolge zu Explosionen gekommen sein. Die iranische Luftabwe… [+758 chars],,de,'Hormus'
https://www.zeit.de/news/2026-07/09/akademie-gibt-neuen-buechner-preistraeger-bekannt,https://www.zeit.de/news/2026-07/09/akademie-gibt-neuen-buechner-preistraeger-bekannt,0,www.zeit.de,Literaturpreis: Akademie gibt neuen Büchner-Preisträger bekannt,Hier finden Sie Informationen zu dem Thema „Literaturpreis“. Lesen Sie jetzt „Akademie gibt neuen Büchner-Preisträger bekannt“.,https://img.zeit.de/news/2026-07/09/akademie-gibt-neuen-buechner-preistraeger-bekannt-image-group/wide__1300x731,2026-07-09T01:30:10Z,,"Die Deutsche Akademie für Sprache und Dichtung in Darmstadt will an diesem Donnerstag bekanntgeben, wer in diesem Jahr mit dem Georg-Büchner-Preis ausgezeichnet werden soll. Die Preisverleihung soll … [+418 chars]",,de,'Preis'
https://www.zeit.de/politik/ausland/2026-07/bundeswehr-schiffe-iran-konflikt-hormus-sara-nanni-adis-ahmetovic,https://www.zeit.de/politik/ausland/2026-07/bundeswehr-schiffe-iran-konflikt-hormus-sara-nanni-adis-ahmetovic,0,www.zeit.de,Bundeswehr: Grüne und SPD für Abzug der Bundeswehrschiffe aus Nahem Osten,Der Irankrieg geht wieder weiter. Die Bundestagsfraktionen von Grünen und SPD fordern daher die beiden in die Region entsandten Bundeswehrschiffe wieder zurückzuholen.,https://img.zeit.de/politik/deutschland/2026-07/minenjagdboot-fulda-startet-zu-einsatz-im-mittelmeer-bild/wide__1300x731,2026-07-09T03:18:57Z,,"Wegen der neuerlichen gegenseitigen Angriffe im Irankrieg steht die Rückholung der beiden in der Region befindlichen Bundeswehrschiffe im Raum. Sie könne sich »nicht vorstellen, dass man die Schiffe … [+1317 chars]",,de,'Hormus'
https://www.nzz.ch/pro/der-iran-krieg-eskaliert-wieder-was-bedeutet-das-fuer-die-region-und-die-weltwirtschaft-drei-szenarien-ld.10014675,https://www.nzz.ch/pro/der-iran-krieg-eskaliert-wieder-was-bedeutet-das-fuer-die-region-und-die-weltwirtschaft-drei-szenarien-ld.10014675,0,www.nzz.ch,Der Iran-Krieg eskaliert wieder. Was bedeutet das für die Region und die Weltwirtschaft? Drei Szenarien,"Donald Trump hat die Verhandlungen mit Iran als nutzlos bezeichnet. Dennoch müssten die Parteien ein Interesse an einer Deeskalation haben. «NZZ Pro» präsentiert drei Szenarien, wie es nun weitergehen könnte.","https://img-msp-prod.nzz.ch/2026/07/08/775dd4b3-df25-4a9d-b3be-d9246537d9b0.jpg?width=1200&height=675&fit=bounds&quality=75&auto=webp&crop=5000,2813,x0,y282&wmark=nzz",2026-07-09T03:30:00Z,,"Donald Trump hat die Verhandlungen mit Iran als nutzlos bezeichnet. Dennoch müssten die Parteien ein Interesse an einer Deeskalation haben. «NZZ Pro» präsentiert drei Szenarien, wie es nun weitergehe… [+14180 chars]",,de,'Erdöl'
https://www.zeit.de/news/2026-07/09/usa-und-iran-eskalieren-weiter-geht-der-krieg-wieder-los,https://www.zeit.de/news/2026-07/09/usa-und-iran-eskalieren-weiter-geht-der-krieg-wieder-los,0,www.zeit.de,Die Lage im Überblick: USA und Iran eskalieren weiter - Geht der Krieg wieder los?,Hier finden Sie Informationen zu dem Thema „Die Lage im Überblick“. Lesen Sie jetzt „USA und Iran eskalieren weiter - Geht der Krieg wieder los?“.,https://img.zeit.de/news/2026-07/09/usa-und-iran-eskalieren-weiter-geht-der-krieg-wieder-los-image-group/wide__1300x731,2026-07-09T03:55:54Z,,Die USA haben im Streit mit dem Iran um die Straße von Hormus in zweiter Nacht in Folge Ziele in der Islamischen Republik bombardiert. Es seien entlang der iranischen Küste rund 90 militärische Ziele… [+6371 chars],,de,'Hormus'
https://www.morgenpost.de/bezirke/marzahn-hellersdorf/article412520108/klimaanlagen-im-klassenzimmer-wir-sind-nicht-auf-die-klimakrise-vorbereitet.html,https://www.morgenpost.de/bezirke/marzahn-hellersdorf/article412520108/klimaanlagen-im-klassenzimmer-wir-sind-nicht-auf-die-klimakrise-vorbereitet.html,0,www.morgenpost.de,Klimaanlagen im Klassenzimmer? „Wir sind nicht auf die Klimakrise vorbereitet“,Berlin ächzte zuletzt unter Hitze – wie gut sind Schulen auf extreme Temperaturen vorbereitet? Ein Verantwortlicher gibt Einblicke.,https://img.sparknews.funkemedien.de/412523659/412523659_1783523401_v16_9_1600.jpeg,2026-07-09T04:00:00Z,,"Temperaturen über 40 Grad. Kurz vor den Sommerferien verzeichnete Berlin im Juni einen neuen Hitzerekord. Zwar an einem Wochenende, und doch stellt sich die Frage, wie Schulen auf so hohe Temperature… [+2530 chars]",,de,'heizen'
https://www.faz.net/premium/weltwirtschaft/weltwissen/ukraine-im-krieg-warum-deutsche-unternehmen-bleiben-accg-201003119.html,https://www.faz.net/premium/weltwirtschaft/weltwissen/ukraine-im-krieg-warum-deutsche-unternehmen-bleiben-accg-201003119.html,0,www.faz.net,Ukraine: „Die Unternehmen kommen mit dem Krieg relativ gut zurecht“,Russlands Angriff hat deutsche Unternehmen nicht aus der Ukraine vertrieben. Im Gegenteil: viele investieren. Die Hoffnung auf Frieden ist nur ein Grund.,https://media0.faz.net/image/w1200h627/d34d6f2de0c0/w6144h3210x0y443o/202607/43601.0.2293547225/noch-liegt-der-wiederaufbau-in.webp,2026-07-09T04:50:00Z,,"Die Lage der ukrainischen Wirtschaft bleibt auch im fünften Kriegsjahr angespannt: Das Wachstum fällt wieder geringer aus als erwartet, die Wirtschaftskraft liegt bei etwa vier Fünfteln des Vorkriegs… [+436 chars]",,de,'Ukraine'
https://www.golem.de/sonstiges/zustimmung/auswahl.html?from=https://www.golem.de/news/apex-recordhunter-quantum-systems-stellt-drohnen-geschwindigkeitsrekord-auf-2607-210620.html&referer=https://t.co/c25e617184,https://www.golem.de/sonstiges/zustimmung/auswahl.html?from=https://www.golem.de/news/apex-recordhunter-quantum-systems-stellt-drohnen-geschwindigkeitsrekord-auf-2607-210620.html&referer=https://t.co/c25e617184,0,www.golem.de,Apex Recordhunter: Quantum Systems stellt Drohnen-Geschwindigkeitsrekord auf,"Eine elektrisch angetriebene Drohne mit 699 km/h und zwei geplante Rekordversuche in der Ukraine: Quantum Systems treibt seine Rekordambitionen voran. (Drohne, Politik)",,2026-07-09T05:45:01Z,,"Besuchen Sie Golem.de wie gewohnt mit Werbung und Tracking,
 indem Sie der Nutzung aller Cookies zustimmen.
 Details zum Tracking finden Sie im Privacy Center.
Skript wurde nicht geladen. Informat… [+607 chars]",,de,'Ukraine'
https://www.zeit.de/news/2026-07/09/juni-war-der-waermste-in-westeuropa-seit-aufzeichnungsbeginn,https://www.zeit.de/news/2026-07/09/juni-war-der-waermste-in-westeuropa-seit-aufzeichnungsbeginn,0,www.zeit.de,Klimaerwärmung: Juni war der wärmste in Westeuropa seit Aufzeichnungsbeginn,Hier finden Sie Informationen zu dem Thema „Klimaerwärmung“. Lesen Sie jetzt „Juni war der wärmste in Westeuropa seit Aufzeichnungsbeginn“.,https://img.zeit.de/news/2026-07/09/juni-war-der-waermste-in-westeuropa-seit-aufzeichnungsbeginn-image-group/wide__1300x731,2026-07-09T07:46:26Z,,"Der vergangene Juni war in Westeuropa der heißeste jemals gemessene. Die Durchschnittstemperatur lag bei 20,74 Grad, mehr als drei Grad über dem Juni-Mittel der Jahre 1991 bis 2020, wie der Klimawand… [+2076 chars]",,de,'Klima'
https://www.zeit.de/news/2026-07/09/autorin-wunnicke-ist-georg-buechner-preistraegerin-2026,https://www.zeit.de/news/2026-07/09/autorin-wunnicke-ist-georg-buechner-preistraegerin-2026,0,www.zeit.de,Literaturpreis: Autorin Wunnicke ist Georg-Büchner-Preisträgerin 2026,Hier finden Sie Informationen zu dem Thema „Literaturpreis“. Lesen Sie jetzt „Autorin Wunnicke ist Georg-Büchner-Preisträgerin 2026“.,https://img.zeit.de/news/2026-07/09/autorin-wunnicke-ist-georg-buechner-preistraegerin-2026-image-group/wide__1300x731,2026-07-09T07:48:40Z,,"Die Schriftstellerin Christine Wunnicke ist Georg-Büchner-Preisträgerin 2026. Dies teilte die Deutsche Akademie für Sprache und Dichtung in Darmstadt mit.
«Die Deutsche Akademie für Sprache und Dich… [+1375 chars]",,de,'Preis'
https://www.zeit.de/news/2026-07/09/erneut-oelanlagen-in-russland-unter-beschuss,https://www.zeit.de/news/2026-07/09/erneut-oelanlagen-in-russland-unter-beschuss,0,www.zeit.de,Drohnenkrieg: Erneut Ölanlagen in Russland unter Beschuss,Hier finden Sie Informationen zu dem Thema „Drohnenkrieg“. Lesen Sie jetzt „Erneut Ölanlagen in Russland unter Beschuss“.,https://img.zeit.de/news/2026-07/09/erneut-oelanlagen-in-russland-unter-beschuss-image-group/wide__1300x731,2026-07-09T07:50:42Z,,Ukrainische Kampfdrohnen haben in der Nacht zwei Öldepots in Russland in Brand gesetzt. «In der vergangenen Nacht ist in Twer infolge der Abwehr eines Drohnenangriffs ein Feuer in einem der Reservoir… [+1224 chars],,de,'Russland'
https://www.zeit.de/feuilleton/literatur/2026-07/georg-buechner-preis-2026-geht-an-christine-wunnicke,https://www.zeit.de/feuilleton/literatur/2026-07/georg-buechner-preis-2026-geht-an-christine-wunnicke,0,www.zeit.de,Literatur: Georg-Büchner-Preis 2026 geht an Christine Wunnicke,Die Schriftstellerin Christine Wunnicke bekommt den diesjährigen Georg-Büchner-Preis. Die Jury lobte ihr »stets überraschendes und souverän konzipiertes Erzählwerk«.,https://img.zeit.de/feuilleton/2026-07/georg-buechner-preis-eilmeldung-bild/wide__1300x731,2026-07-09T07:52:32Z,,Die Schriftstellerin Christine Wunnicke ist mit dem diesjährigen Georg-Büchner-Preis geehrt worden. Das teilte die Deutsche Akademie für Sprache und Dichtung in Darmstadt mit. Der mit 50.000 Euro dot… [+2666 chars],,de,'Preis'
https://www.zeit.de/news/2026-07/09/toedlicher-angriff-auf-zugbegleiter-zehn-jahre-haft,https://www.zeit.de/news/2026-07/09/toedlicher-angriff-auf-zugbegleiter-zehn-jahre-haft,0,www.zeit.de,Urteil im Landgericht: Tödlicher Angriff auf Zugbegleiter: Zehn Jahre Haft,Hier finden Sie Informationen zu dem Thema „Urteil im Landgericht“. Lesen Sie jetzt „Tödlicher Angriff auf Zugbegleiter: Zehn Jahre Haft“.,https://img.zeit.de/administratives/sharing/fallback-image-die-zeit/wide__1300x731,2026-07-09T08:07:55Z,,Im Fall des tödlichen Angriffs auf einen Zugbegleiter in Rheinland-Pfalz ist der Angeklagte zu zehn Jahren Gefängnis verurteilt worden. Das Landgericht Zweibrücken sprach den 26-Jährigen nach der Tat… [+102 chars],,de,'Angriff'
https://www.welt.de/vermischtes/kriminalitaet/article6a4f5741bb0cf80de56a31b3/6a4f5741bb0cf80de56a31b3.html,https://www.welt.de/vermischtes/kriminalitaet/article6a4f5741bb0cf80de56a31b3/6a4f5741bb0cf80de56a31b3.html,0,www.welt.de,Tödlicher Angriff auf Zugbegleiter – zehn Jahre Haft für Angeklagten,Im Fall des tödlichen Angriffs auf einen Zugbegleiter in Rheinland-Pfalz ist der Angeklagte zu zehn Jahren Gefängnis verurteilt worden. Das Landgericht Zweibrücken sprach den 26-Jährigen nach der Tat vor fünf Monaten wegen Körperverletzung mit Todesfolge schu…,https://img.welt.de/img/masters/mobile160492822/7651629427-ci16x9-w1200/welt-fallback-jpg.jpg,2026-07-09T08:10:51Z,,Im Fall des tödlichen Angriffs auf einen Zugbegleiter in Rheinland-Pfalz ist der Angeklagte zu zehn Jahren Gefängnis verurteilt worden. Das Landgericht Zweibrücken sprach den 26-Jährigen nach der Tat… [+79 chars],,de,'Angriff'
https://www.morgenpost.de/panorama/article412526838/toedlicher-angriff-auf-zugbegleiter-zehn-jahre-haft.html,https://www.morgenpost.de/panorama/article412526838/toedlicher-angriff-auf-zugbegleiter-zehn-jahre-haft.html,0,www.morgenpost.de,Tödlicher Angriff auf Zugbegleiter: Zehn Jahre Haft,"Der Angeklagte hatte keine Fahrkarte und schlug den Schaffner so heftig, dass der Mann eine letztlich tödliche Hirnblutung erlitt.",https://img.sparknews.funkemedien.de/412526783/412526783_1783584729_v16_9_1600.jpeg,2026-07-09T08:12:09Z,,"Tödliche Faustschläge bei einer Ticketkontrolle: Fünf Monate nach dem brutalen Angriff auf einen Zugbegleiter in Rheinland-Pfalz ist der Angeklagte zu zehn Jahren Gefängnis verurteilt worden.
Der 26… [+2295 chars]",,de,'Angriff'
https://www.sueddeutsche.de/panorama/deutsche-bahn-zugbegleiter-serkan-c-angriff-urteil-li.3513061,https://www.sueddeutsche.de/panorama/deutsche-bahn-zugbegleiter-serkan-c-angriff-urteil-li.3513061,0,www.sueddeutsche.de,Tödlicher Angriff auf Zugbegleiter: Zehn Jahre Haft,Das Landgericht Zweibrücken spricht den 26-jährigen Angeklagten nach der Tat vor fünf Monaten wegen Körperverletzung mit Todesfolge schuldig. Die Nebenklage hatte auf eine lebenslange Haftstrafe plädiert.,https://www.sueddeutsche.de/2026/07/09/37fb87dc-487b-45a2-8b35-8801158be10d.jpg?q=60&fm=webp&width=1200&rect=0%2C208%2C4000%2C2250,2026-07-09T08:15:30Z,,"Der Anwalt der Hinterbliebenen hatte bereits vor dem Richterspruch in Saal 4 angekündigt, Revision beim Bundesgerichtshof einzulegen. Die Opferfamilie forderte eine Verurteilung wegen Totschlags oder… [+2431 chars]",,de,'Angriff'
https://www.zeit.de/gesellschaft/zeitgeschehen/2026-07/zehn-jahre-haft-nach-toedlichem-angriff-auf-zugbegleiter,https://www.zeit.de/gesellschaft/zeitgeschehen/2026-07/zehn-jahre-haft-nach-toedlichem-angriff-auf-zugbegleiter,0,www.zeit.de,Rheinland-Pfalz: Zehn Jahre Haft nach tödlichem Angriff auf Zugbegleiter,Im Februar schlug ein Mann in einer Bahn einen Kontrolleur zusammen – er starb an seinen Verletzungen. Der Täter wurde wegen Körperverletzung mit Todesfolge verurteilt.,https://img.zeit.de/gesellschaft/zeitgeschehen/2026-07/zugbegleiter-rheinland-pfalz-prozess-landgericht-zweibruecken-bild/wide__1300x731,2026-07-09T08:29:27Z,,Nach dem tödlichen Angriff auf einen Zugbegleiter in Rheinland-Pfalz im Februar ist der Angeklagte zu einer Haftstrafe von zehn Jahren verurteilt worden. Das Landgericht Zweibrücken sprach den 26-Jäh… [+918 chars],,de,'Angriff'
https://www.faz.net/aktuell/feuilleton/buecher/autoren/buechner-preis-fuer-christine-wunnicke-die-frau-mit-dem-blick-auf-die-raender-201013117.html,https://www.faz.net/aktuell/feuilleton/buecher/autoren/buechner-preis-fuer-christine-wunnicke-die-frau-mit-dem-blick-auf-die-raender-201013117.html,0,www.faz.net,Büchner-Preis für Wunnicke: Die Frau mit dem Blick auf die Ränder,"Christine Wunnicke ist der diesjährige Büchner-Preis zugesprochen worden. Damit wird eine Schriftstellerin gewürdigt, die sich früh für Diversität ihrer Protagonisten interessierte. Und eine, die Stilgefühl besitzt wie wenige sonst.",https://media0.faz.net/image/w1200h627/4155139f739b/w6045h3158x0y450o/202607/43601.0.2316950568/gewinnerin-des-buechner.webp,2026-07-09T08:50:26Z,,"Bis Christine Wunnicke in den Fokus der Literaturkritik und dann auch des Publikums gerückt ist, brauchte es Zeit. Zeit seit 1998, als Fortescues Fabrik erschien, ein schmaler Roman über einen englis… [+3560 chars]",,de,'Preis'
https://www.tagesschau.de/inland/regional/hessen/buechner-preis-wunnicke-100.html,https://www.tagesschau.de/inland/regional/hessen/buechner-preis-wunnicke-100.html,0,www.tagesschau.de,Schriftstellerin Wunnicke erhält Georg-Büchner-Preis 2026,"Er zählt zu den wichtigsten Auszeichnungen für deutschsprachige Literatur: Die Schriftstellerin Christine Wunnicke wird mit dem Georg-Büchner-Preis ausgezeichnet. Die Jury bezeichnet ihre Romane als ""brillante Kunst"".",https://images.tagesschau.de/image/86b9d39d-4cbb-4540-88e0-07d880629432/AAABn0YcVvE/AAABnSSvrFg/16x9-big/hr-christine-wunnicke-wird-mit-dem-buechner-preis-2026-ausgezeichnet-100.jpg?width=1280,2026-07-09T09:09:05Z,,"Stand: 09.07.2026 11:09 Uhr
Er zählt zu den wichtigsten Auszeichnungen für deutschsprachige Literatur: Die Schriftstellerin Christine Wunnicke wird mit dem Georg-Büchner-Preis ausgezeichnet. Die Jur… [+3018 chars]",,de,'Preis'
https://www.faz.net/aktuell/politik/ausland/liveblog-irankrieg-spd-deutsche-soldaten-fuer-hormus-mission-abziehen-faz-200583539.html,https://www.faz.net/aktuell/politik/ausland/liveblog-irankrieg-spd-deutsche-soldaten-fuer-hormus-mission-abziehen-faz-200583539.html,0,www.faz.net,Liveblog Irankrieg: SPD: Deutsche Soldaten für Hormus-Mission abziehen,Stellvertretende SPD-Fraktionsvorsitzende Möller sagt der F.A.Z: „Soldaten haben Klarheit verdient“ +++ US-Militär: Angriffe als Antwort auf Irans Aggressionen gegen Handelsschiffe +++ alle Entwicklungen im Liveblog,https://media0.faz.net/image/w1200h627/b61ee7b2fb2b/w4920h2570x0y393o/202606/43601.0.2178948463/die-stellvertretende-spd.webp,2026-07-09T09:11:56Z,,"Die USA haben im Streit mit Iran um die Straße von Hormus in zweiter Nacht in Folge Ziele in der Islamischen Republik bombardiert. Es seien entlang der iranischen Küste rund 90 militärische Ziele, da… [+1608 chars]",,de,'Iran'
https://www.golem.de/sonstiges/zustimmung/auswahl.html?from=https://www.golem.de/news/hohe-verluste-im-iran-die-usa-brauchen-auch-billige-kampfdrohnen-sagen-die-usa-2607-210683.html&referer=https://t.co/f96cd0b40e,https://www.golem.de/sonstiges/zustimmung/auswahl.html?from=https://www.golem.de/news/hohe-verluste-im-iran-die-usa-brauchen-auch-billige-kampfdrohnen-sagen-die-usa-2607-210683.html&referer=https://t.co/f96cd0b40e,0,www.golem.de,"Hohe Verluste im Iran: Die USA brauchen auch billige Kampfdrohnen, sagen die USA","Der Iran hat wohl bereits 30 MQ-9-Reaper-Drohnen des US-Militärs zerstört. Eine Reaper kostet so viel wie 1.000 iranische Shaheds. (Drohne, Politik)",,2026-07-09T09:13:01Z,,"Besuchen Sie Golem.de wie gewohnt mit Werbung und Tracking,
 indem Sie der Nutzung aller Cookies zustimmen.
 Details zum Tracking finden Sie im Privacy Center.
Skript wurde nicht geladen. Informat… [+607 chars]",,de,'Iran'
https://www.tagesschau.de/wirtschaft/konjunktur/exporte-handel-mai-100.html,https://www.tagesschau.de/wirtschaft/konjunktur/exporte-handel-mai-100.html,0,www.tagesschau.de,Trotz Iran-Kriegs: Exporte wachsen vierten Monat in Folge,Nach den Einzelhandelsumsätzen und Industrieaufträgen haben auch die deutschen Exporte im Mai erneut zugelegt - vor allem in die USA. Ökonomen schöpfen wieder Hoffnung für die schwächelnde Wirtschaft.,https://images.tagesschau.de/image/29940e74-6db5-46ab-a2df-ce4c03c45c8c/AAABn0XRzuU/AAABnSSvrFg/16x9-big/konjunktur-360.jpg?width=1280,2026-07-09T09:21:56Z,,"Stand: 09.07.2026 11:21 Uhr
Nach den Einzelhandelsumsätzen und Industrieaufträgen haben auch die deutschen Exporte im Mai erneut zugelegt - vor allem in die USA. Ökonomen schöpfen wieder Hoffnung fü… [+3974 chars]",,de,'Iran'
https://www.zeit.de/news/2026-07/09/was-nuetzen-der-ukraine-die-beschluesse-auf-dem-nato-gipfel,https://www.zeit.de/news/2026-07/09/was-nuetzen-der-ukraine-die-beschluesse-auf-dem-nato-gipfel,0,www.zeit.de,Russischer Angriffskrieg: Was nützen der Ukraine die Beschlüsse auf dem Nato-Gipfel?,Hier finden Sie Informationen zu dem Thema „Russischer Angriffskrieg“. Lesen Sie jetzt „Was nützen der Ukraine die Beschlüsse auf dem Nato-Gipfel?“.,https://img.zeit.de/news/2026-07/09/was-nuetzen-der-ukraine-die-beschluesse-auf-dem-nato-gipfel-image-group/wide__1300x731,2026-07-09T10:11:47Z,,Der ukrainische Präsident Wolodymyr Selenskyj kehrt mit vielen Zusagen vom Nato-Gipfeltreffen in Ankara zurück. Das westliche Bündnis hat seine Unterstützung für die von Russland angegriffene Ukraine… [+4532 chars],,de,'Russland'
https://www.zeit.de/politik/ausland/2026-07/stromausfall-nuklearer-elektromagnetischer-impuls-iran-russland-nordkorea,https://www.zeit.de/politik/ausland/2026-07/stromausfall-nuklearer-elektromagnetischer-impuls-iran-russland-nordkorea,0,www.zeit.de,Stromausfall durch NEMP: Mit einem Angriff in die digitale Dunkelheit,Wie gut wären wir auf einen großflächigen  Strom- und Internetausfall vorbereitet? Das Risiko dafür ist hoch wie nie: durch die Militarisierung des Weltraums.,https://img.zeit.de/politik/ausland/2026-07/stromausfall-nuklearer-elektromagnetischer-impuls-iran-russland-nordkorea-bild/wide__1300x731,2026-07-09T10:31:49Z,,"Plötzlich erlischt das
Licht in der Wohnung, der Strom ist weg. Auch die Smartphones sind aus und
lassen sich nicht mehr einschalten. Eine Familie sitzt in einer deutschen
Großstadt beim Abendesse… [+675 chars]",,de,'Angriff'
https://www.bild.de/politik/ausland-und-internationales/experte-enthuellt-wende-bei-donald-trump-die-wladimir-putin-nervoes-machen-sollte-6a4f4846bb0cf80de56a3012,https://www.bild.de/politik/ausland-und-internationales/experte-enthuellt-wende-bei-donald-trump-die-wladimir-putin-nervoes-machen-sollte-6a4f4846bb0cf80de56a3012,0,www.bild.de,Experte enthüllt - Trump-Wende! Ein Detail muss Putin nervös machen,Ukraine-Drohnenangriffe bringen Donald Trump auf Kiews Seite und setzen Wladimir Putin unter Druck.,"https://images.bild.de/6a4f4846bb0cf80de56a3012/a1679f3b58ca99b9f0011664456c6b71,85e135ec?w=1280",2026-07-09T11:30:40Z,,"Was für eine Wende! Plötzlich glaubt Trump dem russischen Diktator nicht mehr und deutet auf der Pressekonferenz mit Ukraine-Präsident Selenskyj etwas an, das ALLES verändern könnte. Ein Militärexper… [+184 chars]",,de,'Wladimir Putin'
https://www.diepresse.com/36208402/angriffe-auf-europaeische-ziele-putin-soll-eskalation-des-ukraine,https://www.diepresse.com/36208402/angriffe-auf-europaeische-ziele-putin-soll-eskalation-des-ukraine,0,www.diepresse.com,Angriffe auf europäische Ziele? Putin soll Eskalation des Ukraine-Krieges planen,Insidern zufolge lehnt der russische Präsident Friedensverhandlungen mit der Ukraine ab.,https://img.diepresse.com/public/incoming/edvaiy-imago-images-0860879301/alternates/WEBP_WIDE_1200/imago%20images%200860879301,2026-07-09T11:43:24Z,,"Die Presse auf Google als bevorzugte Nachrichtenquelle hinzufügen.
 Russlands Präsident Wladimir Putin lehnt Insidern zufolge Friedensverhandlungen mit der Ukraine ab und bereitet stattdessen eine E… [+2692 chars]",,de,'Angriff'
https://www.telepolis.de/article/Russlands-Nukleardebatte-Signalpolitik-mit-strategischem-Kalkuel-11359454.html,https://www.telepolis.de/article/Russlands-Nukleardebatte-Signalpolitik-mit-strategischem-Kalkuel-11359454.html,0,www.telepolis.de,Russlands Nukleardebatte: Signalpolitik mit strategischem Kalkül,"Atomare Ambitionen, europäische Ängste: Sind die russischen Nuklear-Debatten Vorboten eines Dammbruchs oder leere Drohung? Eine Analyse.",https://heise.cloudimg.io/bound/1200x1200/q85.png-lossy-85.webp-lossy-85.foil1/_www-heise-de_/imgs/18/5/1/1/4/1/6/4/shutterstock_1861533250-0a3d831e791d9f3d.jpg,2026-07-09T12:00:00Z,,"Was bedeutet Russlands Neujustierung der Nuklear-Strategie?
(Bild: Andrey Kryuchenko/Shutterstock.com)
Atomare Ambitionen, europäische Ängste: Sind die russischen Nuklear-Debatten Vorboten eines Da… [+7512 chars]",,de,'Wladimir Putin'
https://www.zeit.de/sport/2026-07/ausschluss-russische-athleten-world-athletics-cas,https://www.zeit.de/sport/2026-07/ausschluss-russische-athleten-world-athletics-cas,0,www.zeit.de,Leichtathletik: Russland zieht wegen Sperre im Leichtathletik vor Sportgerichtshof Cas,Russische Leichtathleten dürfen seit Beginn des Ukraine-Kriegs nur als neutrale Sportler ohne Flagge starten. Dagegen will der russische Verband vor Gericht vorgehen.,https://img.zeit.de/sport/2026-07/ausschluss-russische-athleten-world-athletics-cas-foto-1/wide__1300x731,2026-07-09T13:26:43Z,,Der russische Leichtathletik-Verband will gegen den Ausschluss seiner Sportlerinnen und Sportler von internationalen Wettbewerben vor den Internationalen Sportgerichtshof Cas ziehen. Man habe den Cas… [+651 chars],,de,'Ukraine'
https://www.welt.de/politik/ausland/article6a4f9180fe4170d03593b81e/ukraine-krieg-putin-bereitet-angeblich-eskalation-des-ukraine-kriegs-vor-peskow-sieht-irrglauben-bei-trump.html,https://www.welt.de/politik/ausland/article6a4f9180fe4170d03593b81e/ukraine-krieg-putin-bereitet-angeblich-eskalation-des-ukraine-kriegs-vor-peskow-sieht-irrglauben-bei-trump.html,0,www.welt.de,Putin bereitet angeblich Eskalation des Ukraine-Kriegs vor – Peskow sieht „Irrglauben“ bei Trump,"Trump glaubt, die ukrainischen Angriffe auf Russland könnten zu einem Ende des Kriegs beitragen. Der Kreml widerspricht – und droht der Ukraine. Insider rechnen offenbar mit einer Eskalation des Konflikts durch Putin.",https://images.welt.de/6a4f9180fe4170d03593b81e/cace28861bd49dab1b9d87f34cc140e8/ci16x9-w1200/apdpa-c74c3aa46ef147c2bb0793b6c4ab6773-jpg,2026-07-09T13:36:50Z,,"Trump glaubt, die ukrainischen Angriffe auf Russland könnten zu einem Ende des Kriegs beitragen. Der Kreml widerspricht und droht der Ukraine. Insider rechnen offenbar mit einer Eskalation des Konfli… [+4066 chars]",,de,'Russland'
https://www.tagesspiegel.de/politik/marschflugkorper-deal-mit-trump-merz-regierung-kauft-tomahawk--die-biden-kostenlos-in-deutschland-stationieren-wollte-15823587.html,https://www.tagesspiegel.de/politik/marschflugkorper-deal-mit-trump-merz-regierung-kauft-tomahawk--die-biden-kostenlos-in-deutschland-stationieren-wollte-15823587.html,0,www.tagesspiegel.de,Marschflugkörper-Deal mit Trump: Merz-Regierung kauft Tomahawk – die Biden kostenlos in Deutschland stationieren wollte,"Um Putin abzuschrecken, wird in Deutschland aufgerüstet – mit einem Waffensystem aus Washington. Weil der Präsident dort aber nicht mehr Biden, sondern Trump heißt, gibt es den Schutz nicht gratis.",https://www.tagesspiegel.de/images/15824163/alternates/BASE_16_9_W1400/1783601160000/files-australia-us-germany-defence.jpeg,2026-07-09T13:44:08Z,,In seiner Regierungserklärung hat Kanzler Friedrich Merz eine für die Bundeswehr und deren Fähigkeiten bedeutsame Ankündigung gemacht: Deutschland wird von den USA Marschflugkörper vom Typ Tomahawk e… [+5488 chars],,de,'Wladimir Putin'
https://www.tagesspiegel.de/internationales/berichte-von-kreml-insidern-putin-soll-eine-ausweitung-des-krieges-vorbereiten-15824376.html,https://www.tagesspiegel.de/internationales/berichte-von-kreml-insidern-putin-soll-eine-ausweitung-des-krieges-vorbereiten-15824376.html,0,www.tagesspiegel.de,Berichte von Kreml-Insidern: Putin soll eine Ausweitung des Krieges vorbereiten,"Trotz immenser Verluste ist Russlands Präsident offenbar entschlossen, den Konflikt weiter zu eskalieren. Dies könnte laut eines Analysten auch isolierte Attacken auf Nato-Staaten beinhalten.",https://www.tagesspiegel.de/images/15823574/alternates/BASE_16_9_W1400/1783596208000/russia-politics-security.jpeg,2026-07-09T13:47:21Z,,Russlands Präsident Wladimir Putin lehnt Insidern zufolge Friedensverhandlungen mit der Ukraine ab und bereitet stattdessen eine Eskalation des Konflikts vor. Die jüngsten ukrainischen Drohnenangriff… [+3407 chars],,de,'Wladimir Putin'
https://www.zeit.de/feuilleton/literatur/2026-07/christine-wunnicke-georg-buechner-preis-literatur-auszeichnung,https://www.zeit.de/feuilleton/literatur/2026-07/christine-wunnicke-georg-buechner-preis-literatur-auszeichnung,0,www.zeit.de,Georg-Büchner-Preis: Immer eigentlich sehr komisch,"Die Schriftstellerin Christine Wunnicke erhält den Georg-Büchner-Preis. Aus ihren Büchern lernen wir, dass alles vielleicht ganz anders ist, als wir zu sehen glauben.",https://img.zeit.de/feuilleton/literatur/2026-07/christine-wunnicke-georg-buechner-preis-literatur-auszeichnung-bild/wide__1300x731,2026-07-09T14:16:36Z,,"Manchmal gehen Geschichten eben doch ganz wunderbar aus. Im Alter
von vier Jahren erfand Christine Wunnicke Troll-Geschichten, mit Anfang 20
hatte sie eine verzweifelte Phase, in der sie wie der ve… [+632 chars]",,de,'Preis'
https://www.diepresse.com/36204299/energieexperte-benigni-prognostiziert-die-usa-werden-gas-von-russland,https://www.diepresse.com/36204299/energieexperte-benigni-prognostiziert-die-usa-werden-gas-von-russland,0,www.diepresse.com,Energieexperte Benigni prognostiziert: „Die USA werden Gas von Russland kaufen und uns weiterverkaufen“,"Europas Verzicht auf Russengas hat die globale Nachfrage nach Kohle auf Rekordniveaus getrieben. Und der Iran-Krieg hat den Gasmarkt weiter verengt. Dass die USA bald Gas in Russland für Europa kaufen dürften, hat laut Gasexperte Johannes Benigni aber einen a…",https://img.diepresse.com/public/incoming/xo7tn0-imago-images-149635605/alternates/WEBP_WIDE_1200/imago%20images%20149635605,2026-07-09T14:18:10Z,,"Die Presse auf Google als bevorzugte Nachrichtenquelle hinzufügen.
 Zeitgleich zwei Kriege in rohstoffreichen Ländern sind zu viel für eine Welt, die immer mehr Energie braucht. Die Folge sind schwe… [+2061 chars]",,de,'Iran'
https://www.faz.net/aktuell/wissen/erde-klima/wie-gerechtigkeit-beim-klimaschutz-moeglich-wird-201003127.html,https://www.faz.net/aktuell/wissen/erde-klima/wie-gerechtigkeit-beim-klimaschutz-moeglich-wird-201003127.html,0,www.faz.net,CO₂-Abgaben: Ist Gerechtigkeit beim Klimaschutz wirklich möglich?,"Die Kosten für den Klimaschutz gerecht zu verteilen, ist nicht einfach. Potsdamer Klimaökonomen legen einen weltweiten Vergleich vor und geben der Politik ein Instrument für sinnvolle Entlastungen an die Hand.",https://media0.faz.net/image/w1200h627/31d11625b014/w5835h3048x155y117o/202603/43601.0.1909506016/welches-fahrzeug-die-buerger.webp,2026-07-09T14:18:39Z,,"Deutschland bepreist klimaschädliche Kohlendioxid-Emissionen seit fünf Jahren, eine Tonne Kohlendioxid kostet inzwischen 55 bis 65 Euro. Ein Teil des Geldes, das der Staat dadurch einnimmt, soll eige… [+3923 chars]",,de,'Klima'
https://www.nzz.ch/meinung/iran-setzt-in-der-strasse-von-hormuz-auf-eskalation-weil-es-um-seine-schwaeche-weiss-ld.10014796,https://www.nzz.ch/meinung/iran-setzt-in-der-strasse-von-hormuz-auf-eskalation-weil-es-um-seine-schwaeche-weiss-ld.10014796,0,www.nzz.ch,"KOMMENTAR - Iran setzt in der Strasse von Hormuz auf Eskalation, weil es um seine Schwäche weiss","Die Kontrolle über das Zugangstor zum Persischen Golf ist Irans grosser Trumpf. Aber es ist praktisch sein einziger. Deshalb geht das Regime grosse Risiken ein, um die Hoheit über den Seeweg zu behaupten. Langfristig könnte sich Teheran damit überschätzen.","https://img-msp-prod.nzz.ch/2026/07/09/93d112f9-ecdb-4cf0-9102-48c4a768a846.jpg?width=1200&height=675&fit=bounds&quality=75&auto=webp&crop=7200,4050,x0,y375&wmark=nzz",2026-07-09T14:28:45Z,,"Die Kontrolle über das Zugangstor zum Persischen Golf ist Irans grosser Trumpf. Aber es ist praktisch sein einziger. Deshalb geht das Regime grosse Risiken ein, um die Hoheit über den Seeweg zu behau… [+4710 chars]",,de,'Iran'
https://www.n-tv.de/politik/Erdogans-Revolver-Geschenk-bringt-Nato-Partner-in-Verlegenheit-id31068455.html,https://www.n-tv.de/politik/Erdogans-Revolver-Geschenk-bringt-Nato-Partner-in-Verlegenheit-id31068455.html,0,www.n-tv.de,"""Irrsinnige"" Szenen nach Landung: Erdogans Revolver-Geschenk bringt Nato-Partner in Verlegenheit",Mit einem Revolver als Gastgeschenk sorgt Präsident Erdogan beim Nato-Gipfel für erstaunte Gesichter. Mehrere Staats- und Regierungschefs müssen sich um den legalen Transport der Waffe kümmern. Über die Symbolik wird spekuliert.,https://www.n-tv.de/img/31068462/1783612195/Img_16_9/1200/A-gun-gifted-by-Turkish-President-Recep-Tayyip-Erdogan-to-Belgium-s-Prime-Minister-Bart-De-Wever-at-NATO-summit-in-Ankara.jpg,2026-07-09T15:07:57Z,,"Belgiens Regierungschef fand erst nach der Landung heraus, was sich in der Schatulle verbarg. (Foto: via REUTERS)
Mit einem Revolver als Gastgeschenk sorgt Präsident Erdogan beim Nato-Gipfel für ers… [+4028 chars]",,de,'Iran'
https://www.zeit.de/politik/2026-07/friedrich-merz-reformen-raketen-deal-iran-nachrichtenpodcast,https://www.zeit.de/politik/2026-07/friedrich-merz-reformen-raketen-deal-iran-nachrichtenpodcast,0,www.zeit.de,"Friedrich Merz: Ob die Sommerpause eine wird, entscheidet sich morgen","Vor der Sommerpause versucht der Kanzler im Bundestag, Zuversicht zu verbreiten. Den Nato-Gipfel verbucht er als Erfolg. Und: Iran zwischen Staatstrauer und Angriffen",https://img.zeit.de/politik/2026-07/friedrich-merz-regierungserklaerung-was-jetzt-podcast-bild/wide__1300x731,2026-07-09T15:24:55Z,,In seiner letzten Regierungserklärung vor der Sommerpause hat Bundeskanzler Friedrich Merz noch einmal für die Reformen seiner Regierung geworben. In ihrem Koalitionsausschuss hatten sich Union und S… [+2558 chars],,de,'Angriff'
https://taz.de/Krieg-zwischen-Iran-und-USA/!6194764/,https://taz.de/Krieg-zwischen-Iran-und-USA/!6194764/,0,taz.de,"Krieg zwischen Iran und USA: Neue Angriffe, neuer Stillstand",Die erneute militärischen Eskalation zwischen USA und Iran wirkt sich abermals auf den Schiffsverkehr in der Straße von Hormus aus. Er kommt wieder zum Stillstand.,https://taz.de/picture/8601502/1200/41579873.jpeg,2026-07-09T15:44:00Z,,Die erneute militärischen Eskalation zwischen USA und Iran wirkt sich abermals auf den Schiffsverkehr in der Straße von Hormus aus. Er kommt wieder zum Stillstand. mehr...,,de,'Iran'
https://www.tagesspiegel.de/wirtschaft/energieversorgung-bundestag-billigt-gesetz-uber-neue-gaskraftwerke-15825195.html,https://www.tagesspiegel.de/wirtschaft/energieversorgung-bundestag-billigt-gesetz-uber-neue-gaskraftwerke-15825195.html,0,www.tagesspiegel.de,Energieversorgung: Bundestag billigt Gesetz über neue Gaskraftwerke,"Bis 2031 sollen in Deutschland große neue Kapazitäten entstehen, um Stromlücken und „Dunkelflauten“ auszugleichen. Die schwarz-rote Koalition bringt ihren Plan durchs Parlament.",https://www.tagesspiegel.de/images/15825194/alternates/BASE_16_9_W1400/1783611859000/gaskraftwerk.jpeg,2026-07-09T15:44:19Z,,Der Bundestag hat den Plan der Bundesregierung zum Bau neuer Gaskraftwerke gebilligt. Union und SPD stimmten in zweiter und dritter Lesung für den Gesetzentwurf. Die Opposition votierte dagegen. Die … [+1902 chars],,de,'Atomkraft'
https://www.tagesspiegel.de/wirtschaft/energieversorgung-neue-gaskraftwerke-fur-deutschland-bundestag-stimmt-zu-15825195.html,https://www.tagesspiegel.de/wirtschaft/energieversorgung-neue-gaskraftwerke-fur-deutschland-bundestag-stimmt-zu-15825195.html,0,www.tagesspiegel.de,Energieversorgung: Neue Gaskraftwerke für Deutschland: Bundestag stimmt zu,"Raus aus der Kohle, rein in die Erneuerbaren - daran hält die Regierung grundsätzlich fest. Ergänzt werden soll dies mit neuen Kapazitäten. Was heißt das für den Geldbeutel der Stromkunden?",https://www.tagesspiegel.de/images/15825246/alternates/BASE_16_9_W1400/1783613419000/h2-ready-gaskraftwerk-schwarze-pumpe.jpeg,2026-07-09T15:44:19Z,,Der Bundestag hat den Plan zum Bau zahlreicher neuer Gaskraftwerke in den nächsten fünf Jahren gebilligt. Die neuen Anlagen sollen den Kohleausstieg und den Ausbau von Ökostrom flankieren und befürch… [+4557 chars],,de,'Atomkraft'
https://www.n-tv.de/wirtschaft/Koalition-ebnet-Weg-fuer-neue-Gaskraftwerke-id31069085.html,https://www.n-tv.de/wirtschaft/Koalition-ebnet-Weg-fuer-neue-Gaskraftwerke-id31069085.html,0,www.n-tv.de,"""Sicherheitsgurt"" für Versorgung: Koalition ebnet Weg für neue Gaskraftwerke","Scheint keine Sonne und bläst kein Wind, sollen Gaskraftwerke die deutsche Stromversorgung sichern. Die Koalition verbesserte nun die Anreize für Unternehmen, solche Werke zu bauen. Auf Stromkunden kommen deswegen neue Kosten zu.",https://www.n-tv.de/img/31069084/1783620504/Img_16_9/1200/Gaskraftwerk-Irsching-am-17-05-2026-in-Vohburg-an-der-Donau-UBz-Die-beiden-Bloecke-des-Gaskraftwerk-Irsching-haben-nur-sehr-geringe-Betriebsstunden-pro-Jahr-Der-dritte-Block-frueher-mit-Oel-befeuert-wurde-bereits-vor-vielen-Jahren-stillgelegt-AL-Allgemeines-Bild-Allgemeines-Foto-Symboldbild-Symbolfoto.jpg,2026-07-09T16:10:28Z,,"Gaskraftwerke wie hier in Irsching sollen die Versorgung sichern, wenn Erneuerbare nicht genug liefern. (Foto: picture alliance / Jens Niering)
Scheint keine Sonne und bläst kein Wind, sollen Gaskra… [+2275 chars]",,de,'Atomkraft'
https://www.sueddeutsche.de/politik/liveblog-nahost-iran-news-hormus-strasse-li.3508345,https://www.sueddeutsche.de/politik/liveblog-nahost-iran-news-hormus-strasse-li.3508345,0,www.sueddeutsche.de,Krieg in Nahost: Schiffsverkehr in Straße von Hormus kommt wieder fast zum Erliegen,Nach der erneuten Eskalation zwischen USA und Iran und Attacken auf Tanker meiden die meisten Schiffskapitäne die Meerenge wieder.,https://www.sueddeutsche.de/2026/07/09/c5026515-9afe-4151-b657-25532548f387.jpg?q=60&fm=webp&width=1200&rect=0%2C109%2C3500%2C1969,2026-07-09T16:24:00Z,,"Der Vermittlerstaat Pakistan hat die USA und Iran angesichts der erneuten militärischen Eskalation zu Zurückhaltung aufgerufen. Ein erneuter Konflikt liegt in niemandes Interesse, heißt es in einer E… [+884 chars]",,de,'Iran'
https://www.freitag.de/autoren/lutz-herden/wer-mit-wladimir-putin-verhandeln-will-sollte-ihn-nicht-vorfuehren-wollen,https://www.freitag.de/autoren/lutz-herden/wer-mit-wladimir-putin-verhandeln-will-sollte-ihn-nicht-vorfuehren-wollen,0,www.freitag.de,"Wer mit Wladimir Putin verhandeln will, sollte ihn nicht vorführen wollen","Objektiv verschlechtert sich eine „europäische Verhandlungsposition“, wenn Russland die Angriffe auf sein Territorium als Beweis für erhebliche Sicherheitsrisiken deutet und Sicherheitsgarantien verlangt Von Wladimir Putin wird erwartet, dass er sich vorführe…",https://www.freitag.de/autoren/lutz-herden/wer-mit-wladimir-putin-verhandeln-will-sollte-ihn-nicht-vorfuehren-wollen/@@images/image/great,2026-07-09T16:25:00Z,,"Von Wladimir Putin wird erwartet, dass er sich vorführen lässt. Das ist verknappt die schlichte Weisheit, tatsächlich das Kalkül von Wolodymyr Selenskyj oder Friedrich Merz und ihrer Friedenssuche in… [+4700 chars]",,de,'Russland'
https://www.zeit.de/politik/ausland/2026-07/strasse-von-hormus-iran-usa-golfstaaten-konflikt,https://www.zeit.de/politik/ausland/2026-07/strasse-von-hormus-iran-usa-golfstaaten-konflikt,0,www.zeit.de,Straße von Hormus: Eine militärische Lösung gibt es nicht,"Die USA und der Iran führen derzeit Krieg und Verhandlungen zugleich. Was wie ein Widerspruch klingt, ist das neue Normal, mit dem sich die Welt arrangieren muss.",https://img.zeit.de/politik/ausland/2026-07/strasse-von-hormus-iran-usa-golfstaaten-konflikt-bild/wide__1300x731,2026-07-09T16:36:18Z,,"Wie soll man diese erneute Eskalation verstehen? Seit Tagen greift der Iran Tanker in der Meerenge von Hormus an, dazu US-Militärbasen am Golf. Die Amerikaner bombardieren im Gegenzug zahlreiche Ziel… [+631 chars]",,de,'Hormus'
https://orf.at/stories/3435763/,https://orf.at/stories/3435763/,0,orf.at,Verkehr in Straße von Hormus vor Stillstand,"Nach der jüngsten militärischen Eskalation zwischen den USA und dem Iran ist der Schiffsverkehr in der Straße von Hormus am Donnerstag nahezu vollständig zum Stillstand gekommen. Zuvor hatte der Iran militärische Einrichtungen in Kuwait, Bahrain und Katar att…",https://ibs.orf.at/news?image=https%3A%2F%2Fassets.orf.at%2Fmims%2F2026%2F28%2F66%2Fcrops%2Fw%3D1200%2Ch%3D630%2Cq%3D75%2F3107867_master_1203766_iran_krieg_golfregion_doab_gy.jpg%3Fs%3D6c58959b78c0a250c60e55048b9680a78a79e209,2026-07-09T16:59:59Z,,"Der Tankerverkehr durch die Straße von Hormus ist im Wesentlichen zum Erliegen gekommen, was im Moment mehr über die Risikowahrnehmung aussagt als jede Erklärung aus Washington oder Teheran, erklärte… [+5516 chars]",,de,'Iran'
https://www.bild.de/politik/ausland-und-internationales/kriegssumpf-irankrieg-versenkt-trumps-praesidentschaft-6a4fc1d143b7fd518500411e,https://www.bild.de/politik/ausland-und-internationales/kriegssumpf-irankrieg-versenkt-trumps-praesidentschaft-6a4fc1d143b7fd518500411e,0,www.bild.de,US-Experten über „Kriegssumpf“ - „Irankrieg versenkt Trumps Präsidentschaft!“,Trump wollte den Irankrieg schnell gewinnen. Doch nach 132 Tagen steckt der US-Präsident in einer neuen Nahost-Falle fest.,"https://images.bild.de/6a4fc1d143b7fd518500411e/427a27cdf2d97fa556bc9e4f3a12705b,37d13838?w=1280",2026-07-09T17:04:35Z,,TTS-Player überspringenArtikel weiterlesenWashington/Teheran Donald Trump (80) hatte wohl einen schnellen Sieg gegen den Iran erwartet: eine Enthauptung des Regimes mit der Tötung von Ober-Mullah Ali… [+3038 chars],,de,'Iran'
https://www.welt.de/politik/ausland/article6a4fd566bb0cf80de56a3e42/donald-trump-scherzt-ueber-moeglichen-angriff-auf-air-force-one-wenn-ich-gehe-gehen-sie-auch.html,https://www.welt.de/politik/ausland/article6a4fd566bb0cf80de56a3e42/donald-trump-scherzt-ueber-moeglichen-angriff-auf-air-force-one-wenn-ich-gehe-gehen-sie-auch.html,0,www.welt.de,"„Wenn ich gehe, gehen Sie auch“ – Trump scherzt über möglichen Angriff auf Air Force One","Nach Spekulationen über Sicherheitsbedenken bei der Nutzung einer alten Air Force One scherzte Donald Trump gegenüber einer Journalistin an Bord, dass sie im Falle eines Angriffs des Irans alle gemeinsam „gehen“ würden.",https://images.welt.de/6a4fd566bb0cf80de56a3e42/d187b0eef6e50fb23283a0ecd8783f45/ci16x9-w1200/1783616307415-2285378317-jpg,2026-07-09T17:30:28Z,,"Nach Spekulationen über Sicherheitsbedenken bei der Nutzung einer alten Air Force One scherzte Donald Trump gegenüber einer Journalistin an Bord, dass sie im Falle eines Angriffs des Irans alle gemei… [+1901 chars]",,de,'Iran'
https://www.derstandard.at/story/3000000330882/trump-zu-reporterin-an-bord-von-air-force-one-wenn-ich-gehe-gehen-sie-auch,https://www.derstandard.at/story/3000000330882/trump-zu-reporterin-an-bord-von-air-force-one-wenn-ich-gehe-gehen-sie-auch,0,www.derstandard.at,"Trump zu Reporterin an Bord von Air Force One: ""Wenn ich gehe, gehen Sie auch""","Trump wurde gefragt, ob er von einer glaubwürdigen Bedrohung durch den Iran Kenntnis habe. Er deutete an, dass bei einem Angriff auf das Flugzeug auch die Reporterin getötet werde",https://i.ds.at/wSJJMQ/rs:fill:1200:600/plain/lido-images/2026/07/09/070468d9-c447-47df-99a1-6a8282ef7a42.jpg,2026-07-09T17:40:48Z,,"Sie entscheiden darüber, wie Sie unsere Inhalte nutzen wollen. Ihr Gerät erlaubt uns derzeit leider nicht, die entsprechenden Optionen anzuzeigen.
Bitte deaktivieren Sie sämtliche Hard- und Software… [+180 chars]",,de,'Iran'
https://www.faz.net/aktuell/politik/ukraine/berlin-kauft-tomahawk-marschflugkoerper-um-putin-abzuschrecken-201014594.html,https://www.faz.net/aktuell/politik/ukraine/berlin-kauft-tomahawk-marschflugkoerper-um-putin-abzuschrecken-201014594.html,0,www.faz.net,Berlin kauft Tomahawk: Um Putin von einem Angriff abzuschrecken,"Im Kriegsfall muss man nicht nur angreifende Drohnen, Raketen und Panzerspitzen bekämpfen können. Sondern auch Startplätze, Kommandozentralen und Nachschubwege.",https://media0.faz.net/image/w1200h627/1831a7d53da9/w2100h1097x0y42o/202510/43601.0.1358811442/ein-amerikanisches.webp,2026-07-09T17:43:21Z,,"Die NATO sei stärker als je zuvor, behauptet deren Generalsekretär Rutte aus naheliegenden Gründen. Auch der deutsche Verteidigungsminister Pistorius spricht von der stärksten NATO ever.
Tatsächlich… [+1946 chars]",,de,'Angriff'
https://www.zeit.de/news/2026-07/10/irans-oberster-fuehrer-chamenei-beerdigt,https://www.zeit.de/news/2026-07/10/irans-oberster-fuehrer-chamenei-beerdigt,0,www.zeit.de,Iran-Krieg: Irans oberster Führer Chamenei beerdigt,Hier finden Sie Informationen zu dem Thema „Iran-Krieg“. Lesen Sie jetzt „Irans oberster Führer Chamenei beerdigt“.,https://img.zeit.de/news/2026-07/10/irans-oberster-fuehrer-chamenei-beerdigt-image-group/wide__1300x731,2026-07-09T22:15:53Z,,Mehr als vier Monate nach seiner Tötung ist Irans früherer oberster Führer Ajatollah Ali Chamenei beerdigt worden. Die Bestattung erfolgte im Imam-Resa-Schrein seiner Heimatstadt Maschhad im Nordoste… [+1811 chars],,de,'Iran'
https://www.faz.net/aktuell/politik/ausland/liveblog-irankrieg-us-medien-israel-warnte-trump-vor-iranischem-mordkomplott-faz-200583539.html,https://www.faz.net/aktuell/politik/ausland/liveblog-irankrieg-us-medien-israel-warnte-trump-vor-iranischem-mordkomplott-faz-200583539.html,0,www.faz.net,Liveblog Irankrieg: US-Medien: Israel warnte Trump vor iranischem Mordkomplott,Warnung aus Israel soll einen konkreten Anschlagsplan beinhaltet haben +++ US-Regierung: Gespräche mit Iran laufen weiter +++ SPD: Deutsche Soldaten für Hormus-Mission abziehen +++ alle Entwicklungen im Liveblog,https://media0.faz.net/image/w1200h627/473357ff39b4/w6000h3135x0y175o/202607/43601.0.2316838472/us-praesident-donald-trump.webp,2026-07-10T02:20:00Z,,"Nach den abermaligen Angriffen der USA auf Iran fordert die SPD, die Bundeswehrsoldaten nach Hause zu holen, die in die Region entsandt worden sind für einen möglichen Einsatz in der Straße von Hormu… [+1697 chars]",,de,'Hormus'
https://www.zeit.de/news/2026-07/10/abstimmung-im-bundestag-was-sich-beim-heizen-jetzt-aendert,https://www.zeit.de/news/2026-07/10/abstimmung-im-bundestag-was-sich-beim-heizen-jetzt-aendert,0,www.zeit.de,Heizungsgesetz: Abstimmung im Bundestag: Was sich beim Heizen jetzt ändert,Hier finden Sie Informationen zu dem Thema „Heizungsgesetz“. Lesen Sie jetzt „Abstimmung im Bundestag: Was sich beim Heizen jetzt ändert“.,https://img.zeit.de/news/2026-07/10/abstimmung-im-bundestag-was-sich-beim-heizen-jetzt-aendert-image-group/wide__1300x731,2026-07-10T02:30:06Z,,Das «Heizungsgesetz» der früheren Ampel-Regierung ist bald Geschichte. Der Bundestag soll heute über das neue Gebäudemodernisierungsgesetz abstimmen. Damit sollen zentrale Regelungen des bestehenden … [+5611 chars],,de,'Gas'
https://www.tagesspiegel.de/wirtschaft/heizungsgesetz-abstimmung-im-bundestag-was-sich-beim-heizen-jetzt-andert-15825458.html,https://www.tagesspiegel.de/wirtschaft/heizungsgesetz-abstimmung-im-bundestag-was-sich-beim-heizen-jetzt-andert-15825458.html,0,www.tagesspiegel.de,Heizungsgesetz: Abstimmung im Bundestag: Was sich beim Heizen jetzt ändert,Die Union hat ihr Ziel erreicht: Das „Heizungsgesetz“ Habecks wird abgeschafft. Warum aber auch diese Reform umstritten ist - und warum es nach dem Bundestagsbeschluss noch spannend werden könnte.,https://www.tagesspiegel.de/images/15825457/alternates/BASE_16_9_W1400/1783650734000/handwerker.jpeg,2026-07-10T02:32:14Z,,Das Heizungsgesetz der früheren Ampel-Regierung ist bald Geschichte. Der Bundestag soll heute über das neue Gebäudemodernisierungsgesetz abstimmen. Damit sollen zentrale Regelungen des bestehenden Ge… [+5650 chars],,de,'Heizen'
https://www.zeit.de/news/2026-07/10/erst-entsetzt-nun-begeistert-ukrainerin-wirbt-fuer-cottbus,https://www.zeit.de/news/2026-07/10/erst-entsetzt-nun-begeistert-ukrainerin-wirbt-fuer-cottbus,0,www.zeit.de,"Soziale Medien: Erst entsetzt, nun begeistert: Ukrainerin wirbt für Cottbus","Hier finden Sie Informationen zu dem Thema „Soziale Medien“. Lesen Sie jetzt „Erst entsetzt, nun begeistert: Ukrainerin wirbt für Cottbus“.",https://img.zeit.de/news/2026-07/10/erst-entsetzt-nun-begeistert-ukrainerin-wirbt-fuer-cottbus-image-group/wide__1300x731,2026-07-10T03:00:13Z,,"Als Diana Yukhimets vor vier Jahren nach Cottbus kam, war sie wenig begeistert. Ihr erster Eindruck: «Grau, schrecklich», sagt sie heute und lacht. Die Ukrainerin war nach ihrer Flucht zunächst im St… [+6347 chars]",,de,'Flucht'
https://www.zeit.de/news/2026-07/10/usa-wollen-trotz-attacken-mit-iran-reden-chamenei-beerdigt,https://www.zeit.de/news/2026-07/10/usa-wollen-trotz-attacken-mit-iran-reden-chamenei-beerdigt,0,www.zeit.de,Die Lage im Überblick: USA wollen trotz Attacken mit Iran reden - Chamenei beerdigt,Hier finden Sie Informationen zu dem Thema „Die Lage im Überblick“. Lesen Sie jetzt „USA wollen trotz Attacken mit Iran reden - Chamenei beerdigt“.,https://img.zeit.de/news/2026-07/10/usa-wollen-trotz-attacken-mit-iran-reden-chamenei-beerdigt-image-group/wide__1300x731,2026-07-10T03:27:38Z,,Trotz der jüngsten militärischen Eskalation zwischen den USA und dem Iran im Streit um die Straße von Hormus gehen die Bemühungen um eine Beilegung der Feindseligkeiten weiter. «Die Vereinigten Staat… [+5762 chars],,de,'Hormus'
https://www.nzz.ch/pro/nato-gipfel-in-ankara-das-buendnis-wird-europaeischer-was-heisst-das-fuer-putin-ld.10014842,https://www.nzz.ch/pro/nato-gipfel-in-ankara-das-buendnis-wird-europaeischer-was-heisst-das-fuer-putin-ld.10014842,0,www.nzz.ch,"Gefährlicher Übergang: Die Nato wird europäischer, das könnte von Moskau als Schwäche ausgelegt werden",Der Nato-Gipfel in Ankara ist harmonischer verlaufen als erwartet. Wladimir Putin wird ihn genau beobachtet haben.,"https://img-msp-prod.nzz.ch/2026/07/09/da18f744-ec66-4714-b046-90b8828acf63.jpg?width=1200&height=675&fit=bounds&quality=75&auto=webp&crop=4103,2308,x0,y214&wmark=nzz",2026-07-10T03:30:00Z,,"Der Nato-Gipfel in Ankara ist harmonischer verlaufen als erwartet. Wladimir Putin wird ihn genau beobachtet haben.
Kommentieren
Zusammenfassung
Donald Trump geht von der Bühne. Die USA ziehen sich… [+7092 chars]",,de,'Wladimir Putin'
https://www.nzz.ch/schweiz/atomkraft-oder-solarstrom-wer-braucht-mehr-staat-ld.10014706,https://www.nzz.ch/schweiz/atomkraft-oder-solarstrom-wer-braucht-mehr-staat-ld.10014706,0,www.nzz.ch,Atomkraft oder Solarstrom: Wer braucht mehr Subventionen?,Neue AKW sollen weniger auf staatliche Förderung angewiesen sein als Solaranlagen auf Dächern. Zu diesem Schluss kommt Economiesuisse. Doch die Rechnung stösst auf heftigen Widerspruch.,"https://img-msp-prod.nzz.ch/2026/07/09/b449d8fb-9e9f-481d-8370-530f0b4ec1a1.jpg?width=1200&height=674&fit=bounds&quality=75&auto=webp&crop=1300,731,x0,y0&wmark=nzz",2026-07-10T03:30:00Z,,"Neue AKW sollen weniger auf staatliche Förderung angewiesen sein als Solaranlagen auf Dächern. Zu diesem Schluss kommt Economiesuisse. Doch die Rechnung stösst auf heftigen Widerspruch.
Zusammenfass… [+5886 chars]",,de,'Atomkraft'
https://www.zeit.de/politik/2026-07/reform-krankenkassen-psychotherapie-nachrichtenpodcast,https://www.zeit.de/politik/2026-07/reform-krankenkassen-psychotherapie-nachrichtenpodcast,0,www.zeit.de,Reform der Krankenkassen: Werden Therapieplätze bald noch knapper?,Der Bundestag stimmt über die Gesundheitsreform ab. Psychotherapeuten warnen: Sie könnte Therapieplätze kosten. Und: Warum Venezuelas Erdbeben zur politischen Krise wird,https://img.zeit.de/gesundheit/2026-07/reform-krankenkassen-psychotherapie-nachrichtenpodcast-bild/wide__1300x731,2026-07-10T03:55:02Z,,"Der
Bundestag stimmt über die Reform der gesetzlichen Krankenversicherung ab. Davon ist auch die Psychotherapie betroffen. Bereits
vor einigen Monaten haben Psychotherapeuten bundesweit gegen die g… [+1722 chars]",,de,'Krise'
https://www.morgenpost.de/politik/article412317251/ukraine-news-krieg-aktuell-russland-putin-tschechien.html,https://www.morgenpost.de/politik/article412317251/ukraine-news-krieg-aktuell-russland-putin-tschechien.html,0,www.morgenpost.de,Tschechien warnt die Ukraine vor Putin – und nennt Datum für mögliche Eskalation,Droht der Krieg in der Ukraine eine neue Stufe der Eskalation zu erreichen? Davor warnt nun der tschechische Präsident Petr Pavel. News im Blog.,https://img.sparknews.funkemedien.de/412535614/412535614_1783658326_v16_9_1600.jpeg,2026-07-10T04:38:47Z,,"Während Kremlchef Wladimir Putin die Treibstoffkrise in Russland als vorübergehend einstuft, hat die Regierung in Moskau den Export von Diesel gestoppt und mit der Einfuhr von Kraftstoffen begonnen. … [+2266 chars]",,de,'Ukraine'
https://www.welt.de/sport/fussball/wm/article6a4f951943b7fd5185003bbc/wm-2026-nach-trump-feldversuch-schlaegt-die-stunde-des-dalai-lama-und-wladimir-putin.html,https://www.welt.de/sport/fussball/wm/article6a4f951943b7fd5185003bbc/wm-2026-nach-trump-feldversuch-schlaegt-die-stunde-des-dalai-lama-und-wladimir-putin.html,0,www.welt.de,Nach Feldversuch mit Trump schlägt nun die Stunde des Dalai Lama und Wladimir Putin,"Die Aufregung war groß, als Donald Trump dafür sorgte, dass die Sperre von US-Stürmer Balogun zur Bewährung ausgesetzt wurde. Was die Öffentlichkeit aber nicht wusste: Dies war nur die Vorstufe zu einer umfassenden Reform.",https://images.welt.de/6a4f951943b7fd5185003bbc/093ed1159075af8186e54d2e76ae3e4e/ci16x9-w1200/gettyimages-2263074475-jpg,2026-07-10T05:16:56Z,,"Die Aufregung war groß, als Donald Trump dafür sorgte, dass die Sperre von US-Stürmer Balogun zur Bewährung ausgesetzt wurde. Was die Öffentlichkeit aber nicht wusste: Dies war nur die Vorstufe zu ei… [+3047 chars]",,de,'Wladimir Putin'
https://www.focus.de/politik/ausland/putin-plant-laut-insidern-neue-eskalation-im-ukraine-krieg_e7071917-6261-49da-bb06-035e9d39479d.html,https://www.focus.de/politik/ausland/putin-plant-laut-insidern-neue-eskalation-im-ukraine-krieg_e7071917-6261-49da-bb06-035e9d39479d.html,0,www.focus.de,Putin plant laut Insidern neue Eskalation im Ukraine-Krieg,Mehrere mit dem Kreml vertraute Quellen erwarten keine Annäherung im Ukraine-Krieg. Stattdessen soll Wladimir Putin auf eine weitere militärische Eskalation setzen und den Donbas vollständig erobern wollen.,"https://quadro.burda-forward.de/ctf/9c6a6b01-a342-46f2-bbc6-194cc5499d98.4ec4e9fc-8c14-456e-b413-8cd8170cc308.jpg?im=RegionOfInterestCrop=(1200,630),regionOfInterest=(1915,780)&hash=fbd2bd714eef0825cdb6583ceea4ef38a31f2d849e0a44796b5dbbc6ea81d2de",2026-07-10T06:20:00Z,,Der Ukraine-Krieg könnte sich in den kommenden Monaten weiter verschärfen. Nach Informationen von Reuters rechnet ein enger Kreis um den russischen Präsidenten Wladimir Putin nicht mit Friedensverhan… [+2503 chars],,de,'Ukraine'
https://www.golem.de/sonstiges/zustimmung/auswahl.html?from=https://www.golem.de/news/geoengineering-kuenstliche-wolken-sollen-el-nino-daempfen-2607-210725.html&referer=https://t.co/400d0dc102,https://www.golem.de/sonstiges/zustimmung/auswahl.html?from=https://www.golem.de/news/geoengineering-kuenstliche-wolken-sollen-el-nino-daempfen-2607-210725.html&referer=https://t.co/400d0dc102,0,www.golem.de,Geoengineering: Künstliche Wolken sollen El Niño dämpfen,"US-Forscher wollen mit regionaler Wolkenaufhellung das Klima-Phänomen El Niño gezielt bekämpfen und Risiken minimieren. (Klima & Umwelt, Wissenschaft)",,2026-07-10T06:40:01Z,,"Besuchen Sie Golem.de wie gewohnt mit Werbung und Tracking,
 indem Sie der Nutzung aller Cookies zustimmen.
 Details zum Tracking finden Sie im Privacy Center.
Skript wurde nicht geladen. Informat… [+607 chars]",,de,'Klima'
https://www.focus.de/politik/ausland/ukraine-drohnen-haben-erstmals-die-raffinerie-in-omsk-erreicht-der-angriff-trifft-eine-wichtige-anlage-tief-in-sibirien_cc5f4d37-2e6f-422a-b727-502791021200.html,https://www.focus.de/politik/ausland/ukraine-drohnen-haben-erstmals-die-raffinerie-in-omsk-erreicht-der-angriff-trifft-eine-wichtige-anlage-tief-in-sibirien_cc5f4d37-2e6f-422a-b727-502791021200.html,0,www.focus.de,Ukraine-Drohnen haben erstmals die Raffinerie in Omsk erreicht. Der Angriff trifft eine wichtige Anlage tief in Sibirien,Ukrainische Drohnen haben erstmals die Raffinerie in Omsk erreicht. Der Angriff trifft eine wichtige Anlage tief in Sibirien.,"https://quadro.burda-forward.de/ctf/2b719a75-f72e-4d6e-8e3d-58f4a6a52f53.5b8695db-69e8-4e55-b7f9-038412378cb1.jpg?im=RegionOfInterestCrop=(1200,630),regionOfInterest=(2640,1672)&hash=6a68f022ab642719788c02cb38ec8d9571c0a7c15f7922a4f6b662392226a60f",2026-07-10T06:45:00Z,,Die Ukraine hat nach eigenen Angaben erstmals die Ölraffinerie im russischen Omsk angegriffen und damit ihr bislang weitest entferntes Ziel seit Beginn des Krieges getroffen. Aufnahmen in sozialen Ne… [+3009 chars],,de,'Wladimir Putin'
https://www.zeit.de/news/2026-07/10/wohnungsbau-wird-immer-teurer-preise-steigen-kraeftig,https://www.zeit.de/news/2026-07/10/wohnungsbau-wird-immer-teurer-preise-steigen-kraeftig,0,www.zeit.de,Wohnungsbau: Wohnungsbau wird immer teurer: Preise steigen kräftig,Hier finden Sie Informationen zu dem Thema „Wohnungsbau“. Lesen Sie jetzt „Wohnungsbau wird immer teurer: Preise steigen kräftig“.,https://img.zeit.de/news/2026-07/10/wohnungsbau-wird-immer-teurer-preise-steigen-kraeftig-image-group/wide__1300x731,2026-07-10T07:21:31Z,,"Bauen in Deutschland wird immer teurer. Die Preise für den Neubau konventioneller Wohngebäude stiegen im Mai um 5 Prozent gemessen am Vorjahresmonat, teilte das Statistische Bundesamt in Wiesbaden mi… [+1745 chars]",,de,'Iran'
https://www.faz.net/aktuell/feuilleton/buecher/sachbuch/klaus-schlichte-ueber-geopolitik-wie-putins-weltbild-salonfaehig-wurde-200842657.html,https://www.faz.net/aktuell/feuilleton/buecher/sachbuch/klaus-schlichte-ueber-geopolitik-wie-putins-weltbild-salonfaehig-wurde-200842657.html,0,www.faz.net,„Das Elend der Geopolitik“: Wie Putins Weltbild salonfähig wurde,"Seit dem russischen Angriff auf die Ukraine boomt das Reden über „Einflusssphären“. Der Politikwissenschaftler Klaus Schlichte seziert die Karriere eines Begriffs – und zeigt, warum er mehr verschleiert als erklärt.",https://media0.faz.net/image/w1200h627/4cbef173ad01/w4046h2114x0y81o/202602/43601.0.1742092581/der-russische-praesident.webp,2026-07-10T08:02:17Z,,"Hat Wladimir Putin gesiegt? Fast scheint es so, meint Klaus Schlichte, jedenfalls mit Blick auf Putins neoimperiales Narrativ vom Kampf der Großmächte. Tatsächlich hat das Sprechen über Geopolitik se… [+3947 chars]",,de,'Ukraine'
https://www.focus.de/politik/ausland/russlands-schattenflotte-brennt-erneut-mindestens-neun-tanker-zerstoert_46102744-7297-4621-b21e-f31960bf4093.html,https://www.focus.de/politik/ausland/russlands-schattenflotte-brennt-erneut-mindestens-neun-tanker-zerstoert_46102744-7297-4621-b21e-f31960bf4093.html,0,www.focus.de,Russlands Schattenflotte brennt erneut – mindestens neun Tanker zerstört,Die Ukraine attackiert nun auch Schiffe im Asowschen Meer. Auf der Krim fallen Strom und Treibstoff aus.,"https://quadro.burda-forward.de/ctf/b76c7605-05ae-4f27-8823-f1a2d71fd90f.8c505e3f-3ba4-431d-b8c6-f65b0bdc1a3a.jpg?im=RegionOfInterestCrop=(1200,630),regionOfInterest=(1651,1230)&hash=b2b89c88eca0caa818d2992091783777b4ed9f373737b014ceb5cab33d47ca71",2026-07-10T08:21:00Z,,Russland hat in nur wenigen Tagen zahlreiche Angriffe auf seine Nachschubwege zur besetzten Krim gemeldet. Im Asowschen Meer wurden mehrere Tanker und weitere Schiffe getroffen. Auf der Halbinsel sel… [+2975 chars],,de,'Wladimir Putin'
https://www.tagesschau.de/ausland/europa/russland-krieg-ukraine-tanken-kraftstoff-100.html,https://www.tagesschau.de/ausland/europa/russland-krieg-ukraine-tanken-kraftstoff-100.html,0,www.tagesschau.de,Kraftstoffkrise: Langes Warten an Russlands Tankstellen,"Der Kraftstoffmangel in Russland verschärft sich. Die Preise steigen - wer kann, tankt im Ausland. Zwar will der Kreml beruhigen, doch die Schlangen vor den Tankstellen sprechen eine andere Sprache. Von Lilia Becker.",https://images.tagesschau.de/image/a15375fa-9302-4ec7-8676-add1cb9fd4d9/AAABn0soxBs/AAABnSSvrFg/16x9-big/russland-tanken-100.jpg?width=1280,2026-07-10T08:33:10Z,,"Stand: 10.07.2026 10:33 Uhr
Der Kraftstoffmangel in Russland verschärft sich. Die Preise steigen - wer kann, tankt im Ausland. Zwar will der Kreml beruhigen, doch die Schlangen vor den Tankstellen s… [+2324 chars]",,de,'Wladimir Putin'
https://www.tagesschau.de/wirtschaft/konjunktur/inflation-verbraucherpreise-deutschland-100.html,https://www.tagesschau.de/wirtschaft/konjunktur/inflation-verbraucherpreise-deutschland-100.html,0,www.tagesschau.de,Welche Preise besonders stark steigen und sinken,"Der gesunkene Ölpreis und der Tankrabatt haben die Preisentwicklung zuletzt entscheidend gedämpft. Zudem waren Nahrungsmittel teils deutlich günstiger, während sich einige Dienstleistungen verteuerten.",https://images.tagesschau.de/image/55126ba5-d2d4-4564-a53d-a93bb60a0e3e/AAABn0rKrLQ/AAABnSSvrFg/16x9-big/konsum-272.jpg?width=1280,2026-07-10T09:16:43Z,,"Stand: 10.07.2026 11:16 Uhr
Der gesunkene Ölpreis und der Tankrabatt haben die Preisentwicklung zuletzt entscheidend gedämpft. Zudem waren Nahrungsmittel teils deutlich günstiger, während sich einig… [+3438 chars]",,de,'Preis'
https://www.tagesschau.de/ausland/europa/ukraine-angriffe-raffinerien-russland-100.html,https://www.tagesschau.de/ausland/europa/ukraine-angriffe-raffinerien-russland-100.html,0,www.tagesschau.de,Ukraine attackiert erneut russische Energieanlagen,Russischen Angaben zufolge hat die Ukraine das Land in der vergangenen Nacht erneut mit Hunderten Drohnen attackiert. Viele der Angriffe zielten auf Raffinerien und Ölanlagen. Todesopfer oder Verletzte wurden bisher nicht gemeldet.,https://images.tagesschau.de/image/9eb6ceb3-9870-49cb-a71c-bde641abb8bf/AAABn0s2ubw/AAABnSSvrFg/16x9-big/karte-ukraine-frontverlaeufe-2194.jpg?width=1280,2026-07-10T09:17:02Z,,"Stand: 10.07.2026 11:17 Uhr
Russischen Angaben zufolge hat die Ukraine das Land in der vergangenen Nacht erneut mit Hunderten Drohnen attackiert. Viele der Angriffe zielten auf Raffinerien und Ölanl… [+1619 chars]",,de,'Ukraine'
https://www.faz.net/aktuell/gesellschaft/ungluecke/spanien-touristen-verbrennen-auf-der-flucht-vor-den-flammen-accg-201016207.html,https://www.faz.net/aktuell/gesellschaft/ungluecke/spanien-touristen-verbrennen-auf-der-flucht-vor-den-flammen-accg-201016207.html,0,www.faz.net,Mindestens zwölf Opfer: Tod auf der Flucht vor den Flammen im Süden Spaniens,Auf der Flucht vor einem Walbrand in der spanischen Provinz Almería sind zwölf Menschen in den Tod gefahren. Fast alle waren angeblich ausländische Touristen.,https://media0.faz.net/image/w1200h627/291aa0c1d319/w4000h2090x0y151o/202607/43601.0.2321113220/in-almeria-im-sueden-spanien.webp,2026-07-10T09:23:48Z,,"Sie flohen vor den Flammen, die sich rasend schnell ausbreiteten. Zwölf Menschen sind in Spanien bei einem der verlustreichsten Waldbrände in ihren Autos ums Leben gekommen, 19 wurden am Freitagvormi… [+2621 chars]",,de,'Flucht'
https://www.zeit.de/news/2026-07/10/druck-und-debatten-in-der-partei-wegner-fehlt-im-bundesrat,https://www.zeit.de/news/2026-07/10/druck-und-debatten-in-der-partei-wegner-fehlt-im-bundesrat,0,www.zeit.de,Berliner CDU: Druck und Debatten in der Partei: Wegner fehlt im Bundesrat,Hier finden Sie Informationen zu dem Thema „Berliner CDU in der Krise“. Lesen Sie jetzt „Wegners Zukunft ungewiss – offener Brief und CDU-Beratungen“.,https://img.zeit.de/news/2026-07/10/druck-und-debatten-in-der-partei-wegner-fehlt-im-bundesrat-image-group/wide__1300x731,2026-07-10T09:34:22Z,,Wenige Stunden vor der entscheidenden Beratung der Berliner CDU ist die politische Zukunft des Regierenden Bürgermeisters und Spitzenkandidaten Kai Wegner noch unklar. Zusätzlicher Druck entsteht auf… [+2367 chars],,de,'Krise'
https://www.dw.com/de/iran-krieg-usa-donald-trump-beisetzung-ajatollah-ali-chamenei-strasse-von-hormus-israel/a-77900917,https://www.dw.com/de/iran-krieg-usa-donald-trump-beisetzung-ajatollah-ali-chamenei-strasse-von-hormus-israel/a-77900917,0,www.dw.com,USA-Iran-Krieg: Gespräche trotz Eskalation,Die erneuten gegenseitigen Angriffe zwischen USA und Iran haben den Schiffsverkehr in der Straße von Hormus wieder zum Erliegen gebracht. Die US-Regierung will dennoch mit der Führung in Teheran weiterverhandeln. Bomben und Diplomatie: Trotz der jüngsten mili…,https://static.dw.com/image/77899665_6.jpg,2026-07-10T09:35:00Z,,Bomben und Diplomatie: Trotz der jüngsten militärischen Eskalation zwischen den USA und dem Iran im Streit um die Straße von Hormus wird parallel an Möglichkeiten für ein Ende der Feindseligkeiten ge… [+4398 chars],,de,'Hormus'
https://www.derstandard.at/story/3000000330980/vertreibt-die-ukraine-russland-von-der-krim,https://www.derstandard.at/story/3000000330980/vertreibt-die-ukraine-russland-von-der-krim,0,www.derstandard.at,Vertreibt die Ukraine Russland von der Krim?,Wie die Ukraine mit Drohnenangriffen und anderen Methoden Russland auf der Krim in die Knie zwingen will,https://i.ds.at/ekhPWw/rs:fill:1200:600/plain/lido-images/2024/04/25/ad41fd82-c452-4972-a82f-d08f828253f3.jpeg,2026-07-10T10:16:23Z,,"Sie entscheiden darüber, wie Sie unsere Inhalte nutzen wollen. Ihr Gerät erlaubt uns derzeit leider nicht, die entsprechenden Optionen anzuzeigen.
Bitte deaktivieren Sie sämtliche Hard- und Software… [+180 chars]",,de,'Ukraine'
https://www.welt.de/politik/deutschland/article6a50bd0a7b3e59c5d2aefd66/ex-botschafter-andrij-melnyk-wuenscht-sich-rueckkehr-als-botschafter-ich-liebe-deutschland.html,https://www.welt.de/politik/deutschland/article6a50bd0a7b3e59c5d2aefd66/ex-botschafter-andrij-melnyk-wuenscht-sich-rueckkehr-als-botschafter-ich-liebe-deutschland.html,0,www.welt.de,„Ich liebe Deutschland“ – Andrij Melnyk wünscht sich Rückkehr als Botschafter,"Als Botschafter der Ukraine hat sich Andrij Melnyk in Deutschland viele Feinde gemacht. Er beleidigte Politiker und huldigte einem ukrainischen Faschisten. Manches bereue er heute, sagt er nun. Und für Gerhard Schröder hat er eine Job-Idee.",https://images.welt.de/6a50bd0a7b3e59c5d2aefd66/09f1ccfa3923020c43ed119e3ca553d4-master/ci16x9-w1200/dpa-com-260709-935-1468283-jpg,2026-07-10T10:17:30Z,,"Als Botschafter der Ukraine hat sich Andrij Melnyk in Deutschland viele Feinde gemacht. Er beleidigte Politiker und huldigte einem ukrainischen Faschisten. Manches bereue er heute, sagt er nun. Und f… [+3340 chars]",,de,'Ukraine'
https://www.zeit.de/news/2026-07/10/nach-angriffen-cottbus-setzt-beim-csd-zeichen-gegen-rechts,https://www.zeit.de/news/2026-07/10/nach-angriffen-cottbus-setzt-beim-csd-zeichen-gegen-rechts,0,www.zeit.de,Nach Brandanschlag: Nach Angriffen: Cottbus setzt beim CSD Zeichen gegen rechts,Hier finden Sie Informationen zu dem Thema „Nach Brandanschlag“. Lesen Sie jetzt „Nach Angriffen: Cottbus setzt beim CSD Zeichen gegen rechts“.,https://img.zeit.de/news/2026-07/10/nach-angriffen-cottbus-setzt-beim-csd-zeichen-gegen-rechts-image-group/wide__1300x731,2026-07-10T10:38:17Z,,Rund eineinhalb Wochen nach den mutmaßlich rechtsextremen Attacken in Cottbus wollen Demonstranten beim Christopher Street Day an diesem Samstag ein Zeichen für Vielfalt und gegen Rechtsextremismus s… [+1933 chars],,de,'Angriff'
https://taz.de/Tagebuch-aus-der-Ukraine/!6192880/,https://taz.de/Tagebuch-aus-der-Ukraine/!6192880/,0,taz.de,Tagebuch aus der Ukraine: Eine Misswahl? Für Kinder? Im Krieg?,"In Ternopil gibt es Talentwettbewerbe, um Mädchen zur „Mini-Miss Ukraine“ zu küren. Doch die Kinder stellen dort auch soziale Projekte vor.",https://taz.de/picture/8586021/1200/imago329127081.jpeg,2026-07-10T10:51:00Z,,"In Ternopil gibt es Talentwettbewerbe, um Mädchen zur „Mini-Miss Ukraine“ zu küren. Doch die Kinder stellen dort auch soziale Projekte vor. mehr...",,de,'Ukraine'
https://www.focus.de/politik/deutschland/ex-ukraine-botschafter-melnyk-verteidigt-kritik-an-muetzenich_09b4330e-7785-4907-9b93-b4b5cd038db0.html,https://www.focus.de/politik/deutschland/ex-ukraine-botschafter-melnyk-verteidigt-kritik-an-muetzenich_09b4330e-7785-4907-9b93-b4b5cd038db0.html,0,www.focus.de,Ex-Ukraine-Botschafter Melnyk verteidigt Kritik an Mützenich,"Im Frühjahr 2024 bezeichnete Andrij Melnyk, ehemaliger ukrainischer Botschafter in Deutschland, den SPD-Politiker Rolf Mützenich als den „widerlichsten deutschen Politiker”. In einem Spiegel-Interview untermauerte er seine Aussage noch einmal.","https://quadro.burda-forward.de/ctf/9fa9ba78-5f18-49af-bc29-2a0a93235c53.7a85914f-e5ed-4e56-b043-6a865532e24d.jpeg?im=RegionOfInterestCrop=(1200,630),regionOfInterest=(238,149)&hash=b925110705b4a7e556534e874b3787438ef9cdf6b2813a6cf248f6647ca80314",2026-07-10T11:03:00Z,,"Im Spiegel-Spitzengespräch wurde Andrij Melnyk von Moderator Markus Feldenkirchen gefragt, ob er seine damalige Äußerung gegenüber Rolf Mützenich bereue. Nein, dazu stehe ich, so der Ex-Botschafter d… [+1964 chars]",,de,'Ukraine'
https://taz.de/Kunst-gegen-Kaelte/!6191101/,https://taz.de/Kunst-gegen-Kaelte/!6191101/,0,taz.de,Kunst gegen Kälte: Wo Schlingensief die Suppe gereicht hat,"Ein paar Stunden im Warmen, dazu ein schräges Konzert: In Hamburg wurde mit einem Buch an die „Mission“ erinnert und ihre ganz eigene Straßensozialarbeit.",https://taz.de/picture/8601788/1200/9042808.jpeg,2026-07-10T11:10:00Z,,"Ein paar Stunden im Warmen, dazu ein schräges Konzert: In Hamburg wurde mit einem Buch an die „Mission“ erinnert und ihre ganz eigene Straßensozialarbeit. mehr...",,de,'Kälte'
https://www.welt.de/politik/ausland/plus6a50b8a75ee5db799e970da9/krieg-mit-dem-iran-warum-trump-die-strasse-von-hormus-nicht-geoeffnet-bekommt.html,https://www.welt.de/politik/ausland/plus6a50b8a75ee5db799e970da9/krieg-mit-dem-iran-warum-trump-die-strasse-von-hormus-nicht-geoeffnet-bekommt.html,0,www.welt.de,Warum Trump die Straße von Hormus nicht geöffnet bekommt,"Der US-Präsident glaubte, die teuren Konsequenzen seines Iran-Kriegs rechtzeitig vor den Wahlen im November eingefangen zu haben. Jetzt wird wieder geschossen. Zwar hat Trump Optionen – aber keine davon ist gut.",https://images.welt.de/6a50b8a75ee5db799e970da9/0333a4423da914fcf0af52be21602a2b-master/ci16x9-w1200/apdpa-1dc8737492cb4be9bb36f60fd2b8b0c3-jpg,2026-07-10T11:14:27Z,,"Der US-Präsident glaubte, die teuren Konsequenzen seines Iran-Kriegs rechtzeitig vor den Wahlen im November eingefangen zu haben. Jetzt wird wieder geschossen. Zwar hat Trump Optionen aber keine davo… [+9 chars]",,de,'Iran'
https://www.tagesspiegel.de/internationales/gefahrlicher-fehlschluss-russland-hat-den-krieg-nicht-verloren-warnt-selenskyjs-grosser-konkurrent-15825923.html,https://www.tagesspiegel.de/internationales/gefahrlicher-fehlschluss-russland-hat-den-krieg-nicht-verloren-warnt-selenskyjs-grosser-konkurrent-15825923.html,0,www.tagesspiegel.de,"„Gefährlicher Fehlschluss“: Russland hat den Krieg nicht verloren, warnt Selenskyjs großer Konkurrent","Er war Oberbefehlshaber und soll Ambitionen auf das Präsidentenamt haben. Nun veröffentlicht Walerij Saluschnyj eine Warnung. Sie klingt anders als das, was die ukrainische Regierung derzeit zum Krieg sagt.",https://www.tagesspiegel.de/images/15826390/alternates/BASE_16_9_W1400/1783675164000/ukraine-krieg-kiew.jpeg,2026-07-10T11:14:27Z,,"Der Krieg in der Ukraine ist immer auch ein Krieg um die Deutungshoheit. Die ukrainische Regierung um Präsident Wolodymyr Selenskyj war jüngst sehr bemüht, die derzeitigen objektiven Erfolge herauszu… [+4723 chars]",,de,'Russland'
https://www.focus.de/politik/ausland/die-warteschlange-fuer-polnische-mig-kampfjets-die-ueberraschenden-worte-des-stellvertretenden-ministers_25ca2ed0-c54f-4375-9e5c-673909f2983c.html,https://www.focus.de/politik/ausland/die-warteschlange-fuer-polnische-mig-kampfjets-die-ueberraschenden-worte-des-stellvertretenden-ministers_25ca2ed0-c54f-4375-9e5c-673909f2983c.html,0,www.focus.de,Die Warteschlange für polnische MiG-Kampfjets: Die überraschenden Worte des stellvertretenden Verteidigungsministers,Nach dem geplatzten MiG-29-Deal mit der Ukraine sucht Polen offenbar neue Abnehmer für seine Kampfjets. In Europa gibt es Interesse – in Frage kommen vor allem Länder mit sowjetischen Maschinen.,"https://quadro.burda-forward.de/ctf/e5a4a048-2149-4689-8c8a-ebe2d8be00a0.f9f19834-04c8-4bed-ae92-74feeb4a1669.jpg?im=RegionOfInterestCrop=(1200,630),regionOfInterest=(2372,1136)&hash=43bcce197c9aa085938a36d78dfeb91acd2d4a6493dfd4bc2a089894e8311e04",2026-07-10T11:34:00Z,,"Nachdem der Kampfjet-Deal zwischen Polen und der Ukraine geplatzt ist, hoffen die Polen offenbar auf andere Abnehmer für ihre alten MiG-29-Flieger. In Europa besteht großes Interesse an ihnen, daher … [+2203 chars]",,de,'Ukraine'
https://www.morgenpost.de/politik/article412537370/ukraine-soll-patriots-selbst-bauen-doch-kiew-fehlt-die-entscheidende-ressource.html,https://www.morgenpost.de/politik/article412537370/ukraine-soll-patriots-selbst-bauen-doch-kiew-fehlt-die-entscheidende-ressource.html,0,www.morgenpost.de,Ukraine soll Patriots selbst bauen – doch Kiew fehlt die entscheidende Ressource,"Selenskyj braucht sie dringend, Trump kann sie nicht liefern. Nun soll Kiew die Raketen selbst bauen dürfen. Damit fangen die Probleme erst an.",https://img.sparknews.funkemedien.de/412539896/412539896_1783683285_v16_9_1600.jpeg,2026-07-10T11:34:45Z,,"In der Verteidigung gegen Russlands Angriffskrieg hat die Ukraine von allem zu wenig. Panzer, Flugzeuge sind knapp, Munition ohnehin. In einem Punkt aber ist die Knappheit besonders gefährlich: Weil … [+4212 chars]",,de,'Ukraine'
https://www.bild.de/politik/ausland-und-internationales/raffinerie-nahe-dem-kreml-brennt-weitere-ziele-in-russland-getroffen-6a50c23e7b3e59c5d2aefe09,https://www.bild.de/politik/ausland-und-internationales/raffinerie-nahe-dem-kreml-brennt-weitere-ziele-in-russland-getroffen-6a50c23e7b3e59c5d2aefe09,0,www.bild.de,Nur 15 Kilometer vom Kreml entfernt - Schon wieder! Rauchsäule steigt über Moskau auf,Nur rund 15 Kilometer vom Kreml entfernt brennt die Raffinerie Kapotnja. In der Nacht wurden weitere Energie- und Rüstungsziele in Russland angegriffen.,"https://images.bild.de/6a50c23e7b3e59c5d2aefe09/df404a570138865d2107c8ca1cc2d28d,5103fc70?w=1280",2026-07-10T11:35:29Z,,TTS-Player überspringenArtikel weiterlesenMoskau Auf dem Gelände der Öl-Raffinerie Kapotnya steigen am Freitagmorgen dichte Rauchschwaden auf  nur 15 Kilometer vom Kreml entfernt. In der Nacht hatten… [+1973 chars],,de,'Ukraine'
https://www.focus.de/politik/ausland/vier-russland-mythen-die-europa-teuer-bezahlen-koennte_e8e1667b-464c-4ff4-8610-cc2c6be0977c.html,https://www.focus.de/politik/ausland/vier-russland-mythen-die-europa-teuer-bezahlen-koennte_e8e1667b-464c-4ff4-8610-cc2c6be0977c.html,0,www.focus.de,"Vier Russland-Mythen, die Europa teuer bezahlen könnte",Russland führt seit Jahren einen „kognitiven Krieg“ gegen den Westen. Die Ukraine widerlegt nun zentrale Mythen über Moskaus Stärke – und Europa muss daraus sicherheitspolitische Konsequenzen ziehen.,"https://quadro.burda-forward.de/ctf/24159e31-299b-4103-856f-bdac16be2672.1d80185c-993e-4ea0-884d-5f5d3d43bac5.jpg?im=RegionOfInterestCrop=(1200,630),regionOfInterest=(2315,1364)&hash=64ce13d25ccaa63e7bef908e33975cea23a2fc009b62385e4239b6a54d2704fb",2026-07-10T11:42:00Z,,"Russland führt seit Jahrzehnten einen kognitiven Krieg gegen den Westen. Lange vor der Großinvasion der Ukraine investierte der Kreml systematisch darin, europäische Wahrnehmungen über russische Mach… [+5684 chars]",,de,'Ukraine'
https://www.sueddeutsche.de/politik/getoeteter-oberster-fuehrer-irans-chamenei-in-maschhad-beigesetzt-li.3513908,https://www.sueddeutsche.de/politik/getoeteter-oberster-fuehrer-irans-chamenei-in-maschhad-beigesetzt-li.3513908,0,www.sueddeutsche.de,Getöteter oberster Führer Irans: Chamenei in Maschhad beigesetzt,,https://www.sueddeutsche.de/szde-assets/img/szde-article-sharing-image-no-teaser-image-fallback.png,2026-07-10T11:47:50Z,,"Der getötete iranische Staatschef Ayatollah Ali Chamenei ist in seiner Heimatstadt Maschhad bestattet worden. Die Beisetzung fand unter Ausschluss der Öffentlichkeit statt, wie mehrere iranische Medi… [+746 chars]",,de,'Iran'
https://www.faz.net/aktuell/wirtschaft/klima-nachhaltigkeit/bundestag-beschliesst-heizungsgesetz-jetzt-kommt-die-biotreppe-accg-201017572.html,https://www.faz.net/aktuell/wirtschaft/klima-nachhaltigkeit/bundestag-beschliesst-heizungsgesetz-jetzt-kommt-die-biotreppe-accg-201017572.html,0,www.faz.net,Neues Gesetz: Jetzt kommt die „Biotreppe“ in den Heizungskeller,Der Bundestag beschließt das neue Gebäudemodernisierungsgesetz. Der Einbau neuer Gas- und Ölheizungen bleibt erlaubt – unter Auflagen.,https://media0.faz.net/image/w1200h627/51398218d1f0/w6144h3210x0y626o/202602/43601.0.1824444064/noch-ohne-bioanteil-eine.webp,2026-07-10T12:11:32Z,,"Ein gutes Gesetz für die Freiheit nannte es Unionsfraktionsvize Sepp Müller: das neue Gebäudemodernisierungsgesetz, das der Bundestag am Freitag beschlossen hat. Die Regierung vertraue den Hauseigent… [+2713 chars]",,de,'Gas'
https://www.faz.net/aktuell/rhein-main/wirtschaft/klimawandel-hitze-und-zikaden-bedrohen-ernte-in-hessen-accg-201017598.html,https://www.faz.net/aktuell/rhein-main/wirtschaft/klimawandel-hitze-und-zikaden-bedrohen-ernte-in-hessen-accg-201017598.html,0,www.faz.net,Ernte in Hessen: Klimawandel lässt Erträge schrumpfen,"Nicht nur Hitze und fehlender Regen machen den hessischen Bauern zu schaffen, sondern auch die Folgen des Irankriegs und ein winziges Insekt.",https://media0.faz.net/image/w1200h627/ff632e7a9f52/w4500h2351x0y324o/202607/43601.0.2321363942/fruehschicht-die-getreideernte.webp,2026-07-10T12:24:39Z,,"Dass Bauern mit dem Wetter zufrieden sind, ist eine Seltenheit. Doch inzwischen geht es um mehr als etwas zu viel Regen oder Sonne für die hessischen Landwirte. Die Bauern klagen immer, sagt Verbands… [+4375 chars]",,de,'Klima'
https://www.focus.de/finanzen/news/75-milliarden-dollar-defizit-russlands-finanzen-geraten-trotz-kurzfristigen-vorteils-durch-den-iran-krieg-staerker-ins-wanken_be60d0ef-db73-420e-8d02-80e71040d344.html,https://www.focus.de/finanzen/news/75-milliarden-dollar-defizit-russlands-finanzen-geraten-trotz-kurzfristigen-vorteils-durch-den-iran-krieg-staerker-ins-wanken_be60d0ef-db73-420e-8d02-80e71040d344.html,0,www.focus.de,75 Milliarden Dollar Defizit: Russlands Finanzen geraten trotz kurzfristigen Vorteils durch den Iran-Krieg stärker ins Wanken,Das russische Finanzministerium meldet einen düsteren Ausblick. Das Defizit ist viel höher als geplant.,"https://quadro.burda-forward.de/ctf/b7b367ac-2a72-461d-9494-edfd75c35fef.b43303a0-3b1f-43a6-9839-97c6ea501ff4.jpg?im=RegionOfInterestCrop=(1200,630),regionOfInterest=(2562,1362)&hash=4e87bff15c34ef5914a91c3cdf2dfeff1d4ea0632ffae0b82a642a6647caaed8",2026-07-10T12:37:00Z,,"Die russischen Ölpreise fallen auf ein Niveau zurück, wie es vor Beginn des Irankriegs zu sehen war. Darum muss der Kreml sich verstärkt mit einem schärferen Haushaltsdefizit auseinandersetzen. Eine … [+4299 chars]",,de,'Russland'
https://www.freitag.de/autoren/sabine-kebir/usa-iran-verwirrspiel-auf-der-einen-klare-strategie-auf-der-anderen-seite,https://www.freitag.de/autoren/sabine-kebir/usa-iran-verwirrspiel-auf-der-einen-klare-strategie-auf-der-anderen-seite,0,www.freitag.de,"Irankrieg: Verwirrspiel auf der einen, klare Strategie auf der anderen Seite","Donald Trump scheint nicht mehr zu wissen, was er tut oder tun sollte. Er schmäht die iranische Führung als „Abschaum“ und erklärt die Waffenruhe für beendet, will aber kriegerische Handlungen nicht wieder aufnehmen. Was liegt dazwischen? Donald Trumps Politi…",https://www.freitag.de/autoren/sabine-kebir/usa-iran-verwirrspiel-auf-der-einen-klare-strategie-auf-der-anderen-seite/@@images/image/great,2026-07-10T12:50:00Z,,"Donald Trumps Politikstil ist ein ewiges Verwirrspiel. Ihn nur seinem Charakter zuzuschreiben, wäre gefährlich, denn es handelt sich zweifellos um eine Methode, die nicht nur die Feinde, sondern auch… [+2976 chars]",,de,'Iran'
https://www.zeit.de/wirtschaft/2026-07/gkv-reform-bundesregierung-sparpaket-gesundheitssystem,https://www.zeit.de/wirtschaft/2026-07/gkv-reform-bundesregierung-sparpaket-gesundheitssystem,0,www.zeit.de,"GKV-Reform: Viele kleine Pflaster, aber kein Heilmittel","Mit dem Sparpaket für die Krankenkassen erkauft sich die Politik Zeit. Den Preis dafür zahlen die Patienten. Umso wichtiger ist es jetzt, ihre Versorgung zu verbessern.",https://img.zeit.de/wirtschaft/geldanlage/2026-07/gkv-reform-bundesregierung-sparpaket-gesundheitssystem-bild-3/wide__1300x731,2026-07-10T12:59:58Z,,"Mehrfach musste Bundestagspräsidentin Julia Klöckner (CDU)
die Parlamentarier am Freitagvormittag zur Ruhe rufen. So turbulent ging es bei
den Beratungen über das Sparpaket für die gesetzlichen Kra… [+649 chars]",,de,'Preis'
https://www.tagesspiegel.de/politik/beim-arzt-kurzen-bis-der-aufschwung-kommt-der-richtige-reformkurs-ist-unpopular-15826977.html,https://www.tagesspiegel.de/politik/beim-arzt-kurzen-bis-der-aufschwung-kommt-der-richtige-reformkurs-ist-unpopular-15826977.html,0,www.tagesspiegel.de,"Beim Arzt kürzen, bis der Aufschwung kommt: Der richtige Reformkurs ist unpopulär","Das Sparpaket für die Gesundheitsreform hat Gerechtigkeitslücken, aber die Finanzlücken sind noch größer und belasten die Wirtschaft. Die Koalition muss sie stärken.",https://www.tagesspiegel.de/images/15828056/alternates/BASE_16_9_W1400/1783690323000/bundestag-letzter-sitzungstag-vor-der-sommerpause.jpeg,2026-07-10T13:39:07Z,,"Vielleicht hat die Regierungskoalition doch ein halbwegs ausgewogenes Sparpaket für den Gesundheitssektor hinbekommen, wenn sich alle beschweren. Die Ärzte, die Beschäftigten in der Pflege, die Krank… [+4958 chars]",,de,'Finanz'
https://www.zeit.de/politik/ausland/2026-07/alexander-lukaschenko-belarus-russland-wladimir-putin-wolodymyr-selenskyj-ukraine-gxe,https://www.zeit.de/politik/ausland/2026-07/alexander-lukaschenko-belarus-russland-wladimir-putin-wolodymyr-selenskyj-ukraine-gxe,0,www.zeit.de,Alexander Lukaschenko: Für den Diktator wird es ungemütlich,"Alexander Lukaschenko verspricht, Belarus nicht in Russlands Krieg zu ziehen. Doch Putin braucht seine Unterstützung. Das weiß auch Selenskyj und droht mit Angriffen.",https://img.zeit.de/politik/2026-07/alexander-lukaschenko-belarus-russland-wladimir-putin-wolodymyr-selenskyj-ukraine-bild/wide__1300x731,2026-07-10T14:00:12Z,,"Schließen
Artikelzusammenfassung
Belarus' Präsident Lukaschenko steht unter Druck, sich in den russisch-ukrainischen Krieg einzumischen, obwohl er das Gegenteil beteuert. Europäische Regierungen un… [+625 chars]",,de,'Angriff'
https://www.sueddeutsche.de/wirtschaft/heizungsgesetz-deutschland-aenderungen-folgen-klimaschutz-li.3513439,https://www.sueddeutsche.de/wirtschaft/heizungsgesetz-deutschland-aenderungen-folgen-klimaschutz-li.3513439,0,www.sueddeutsche.de,"Klimapolitik: Drei Dinge, die sich vom Heizungsgesetz lernen lassen","Kaum etwas hat die Deutschen so gegen Klimapolitik aufgebracht wie der Plan, ihnen saubere Heizungen vorzuschreiben. Seit diesem Freitag ist das Gesetz Geschichte. Ein paar Erkenntnisse bleiben.",https://www.sueddeutsche.de/2026/07/10/ec4ee146-baaf-4c53-b570-6c219f14d2ea.jpg?q=60&fm=webp&width=1200&rect=0%2C209%2C4000%2C2250,2026-07-10T14:01:19Z,,"Alles schien wie gemacht für den großen Wurf, damals, im März 2022. Der Einmarsch Russlands in die Ukraine lag gerade einen Monat zurück, die Gaskrise nahm ihren Lauf. Da beschloss ein Koalitionsauss… [+369 chars]",,de,'Klima'
https://www.n-tv.de/politik/Historischer-Streit-zwischen-Polen-und-Ukraine-droht-zu-eskalieren-id31071170.html,https://www.n-tv.de/politik/Historischer-Streit-zwischen-Polen-und-Ukraine-droht-zu-eskalieren-id31071170.html,0,www.n-tv.de,Polen gedenken Massaker-Opfer : Historischer Streit zwischen Warschau und Kiew droht zu eskalieren,Ukrainische Partisanen töteten im Zweiten Weltkrieg Zehntausende Polen. Heute werden sie als Streiter für die Unabhängigkeit von Präsident Selenskyj geehrt. Ein jahrzehntelanger Konflikt über die Weltkriegsvergangenheit der Ukraine droht sich zu vertiefen. Es…,https://www.n-tv.de/img/31071791/1783693472/Img_16_9/1200/Gedenkmarsch-organisiert-von-Organisationen-der-oestlichen-Grenzgebiete-waehrend-der-Feierlichkeiten-zum-70-Jahrestag-des-Wolhynien-Massakers-Zum-80-Jahrestag-der-Massaker-von-Wolhynien-haben-Kirchenvertreter-aus-Polen-und-der-Ukraine-eine-weitere-Aufklaerung-der-Verbrechen-gefordert-und-zu-Versoehnung-aufgerufen.jpg,2026-07-10T14:36:04Z,,"Polen gedenken Massaker-Opfer Historischer Streit zwischen Warschau und Kiew droht zu eskalieren
In Polen findet jährlich ein Gedenkmarsch zu Ehren der Wolhynien-Massaker statt. (Foto: picture allia… [+6133 chars]",,de,'Ukraine'
https://www.gameswelt.de/the-sinking-city-2/news/release-termin-preis-und-pc-systemanforderungen-bekannt-334221,https://www.gameswelt.de/the-sinking-city-2/news/release-termin-preis-und-pc-systemanforderungen-bekannt-334221,0,www.gameswelt.de,"The Sinking City 2 - Release-Termin, Preis und PC-Systemanforderungen bekannt",Das Survival-Horrorspiel hat einen sommerlichen Release-Termin sowie einen konkreten Preis verpasst bekommen.,https://img.gameswelt.de/public/images/202403/aff796f6ecdfe0f0f30b85dbb4c55250.png,2026-07-10T14:45:00Z,,"Das Survival-Horrorspiel hat einen sommerlichen Release-Termin sowie einen konkreten Preis verpasst bekommen. Auch die Systemanforderungen auf dem PC stehen fest.
Mit The Sinking City 2 erhält das S… [+2779 chars]",,de,'Ukraine'
https://www.n-tv.de/politik/Kiews-Armeechef-sieht-Kriegswende-noch-in-weiter-Ferne-id31072565.html,https://www.n-tv.de/politik/Kiews-Armeechef-sieht-Kriegswende-noch-in-weiter-Ferne-id31072565.html,0,www.n-tv.de,"""Feind nicht unterschätzen"": Kiews Armeechef sieht Kriegswende noch in weiter Ferne","Die russischen Truppen kommen laut Kiew deutlich langsamer in der Ukraine voran als in der Vergangenheit und erleiden hohe Verluste. Oberbefehlshaber Syrskyj warnt aber davor, Moskau zu unterschätzen. Einen Wendepunkt im Krieg sieht er noch nicht.",https://www.n-tv.de/img/31072580/1783695396/Img_16_9/1200/Servicemen-of-the-148th-Separate-Artillery-Zhytomyr-Brigade-of-the-Armed-Forces-of-Ukraine-fire-a-BM-21-Grad-multiple-launch-rocket-system-towards-Russian-troops-amid-Russia-s-attack-on-Ukraine-in-Dnipropetrovsk-region-Ukraine-June-22-2026.jpg,2026-07-10T15:10:45Z,,"Ein ukrainischer Soldat mit einem Raketenwertfer in der Region Dnipropetrowsk. (Foto: REUTERS)
Die russischen Truppen kommen laut Kiew deutlich langsamer in der Ukraine voran als in der Vergangenhei… [+3047 chars]",,de,'Ukraine'
https://orf.at/stories/3435866/,https://orf.at/stories/3435866/,0,orf.at,Ukraine: Vier Tote bei russischem Luftangriff,,https://orf.at/mojo/1_4_1/storyserver//news/common/images/og-fallback-news.png,2026-07-10T15:10:53Z,,"Bei einem russischen Luftangriff auf die ostukrainische Frontstadt Kostjantyniwka sind nach Behördenangaben heute mindestens vier Menschen getötet worden.
Unter den Opfern sei auch ein Jugendlicher,… [+798 chars]",,de,'Ukraine'
https://taz.de/1598-Tage-Krieg-in-der-Ukraine/!6193060/,https://taz.de/1598-Tage-Krieg-in-der-Ukraine/!6193060/,0,taz.de,"1.598 Tage Krieg in der Ukraine: Ein Leuchtturm, tausend Kilometer vom Meer entfernt",Im Café Dsendsyk in Lwiw erschaffen Berdjansker tausend Kilometer vom Meer entfernt ihre Heimat neu. Und erinnern an das Schicksal der russisch besetzten Gebiete.,https://taz.de/picture/8587809/1200/Averchuk-Majak.jpeg,2026-07-10T15:11:00Z,,Im Café Dsendsyk in Lwiw erschaffen Berdjansker tausend Kilometer vom Meer entfernt ihre Heimat neu. Und erinnern an das Schicksal der russisch besetzten Gebiete. mehr...,,de,'Ukraine'
https://www.n-tv.de/politik/Trump-stimmt-neuen-Gespraechen-mit-Teheran-zu-id31073320.html,https://www.n-tv.de/politik/Trump-stimmt-neuen-Gespraechen-mit-Teheran-zu-id31073320.html,0,www.n-tv.de,"Obwohl Waffenruhe ""VORBEI"" ist: Trump stimmt neuen ""Gesprächen"" mit Teheran zu","Vor wenigen Tagen erklärt US-Präsident Trump die Waffenruhe im Iran-Krieg für beendet, beschimpft Unterhändler aus Teheran und startet neue Angriffe. Die ""Gespräche"" sollen aber fortgesetzt werden, schreibt Trump nun. Warum er das Wort in Anführungszeichen se…",https://www.n-tv.de/img/31073333/1783704115/Img_16_9/1200/Praesident-Donald-Trump-spricht-nach-der-Landung-auf-dem-Stuetzpunkt-der-US-Luftwaffe-bei-der-RAF-Mildenhall-an-Bord-der-Air-Force-One-mit-Reportern.jpg,2026-07-10T15:47:41Z,,"Teheran habe um eine Fortführung von Gesprächen gebeten, erklärte Trump. (Foto: picture alliance/dpa/AP photo)
Vor wenigen Tagen erklärt US-Präsident Trump die Waffenruhe im Iran-Krieg für beendet, … [+2019 chars]",,de,'Iran'
https://www.tagesspiegel.de/internationales/in-form-eines-ultimatums-peking-warnte-moskau-offenbar-vor-atomwaffen-einsatz-gegen-die-ukraine-15828358.html,https://www.tagesspiegel.de/internationales/in-form-eines-ultimatums-peking-warnte-moskau-offenbar-vor-atomwaffen-einsatz-gegen-die-ukraine-15828358.html,0,www.tagesspiegel.de,„In Form eines Ultimatums“: Peking warnte Moskau offenbar vor Atomwaffen-Einsatz gegen die Ukraine,Nach ukrainischen Angriffen auf russisches Gebiet sind in Moskau Stimmen für einen Atomschlag lauter geworden. Das gefällt China offenbar ganz und gar nicht.,https://www.tagesspiegel.de/images/15828732/alternates/BASE_16_9_W1400/1783698657000/chinas-staatschef-xi-besucht-moskau.jpeg,2026-07-10T15:51:38Z,,"China soll Russland davor gewarnt haben, auf die ukrainischen Angriffe auf das russische Territorium, mit einem Atomschlag zu reagieren, sagte der ukrainische Präsident Wolodymyr Selenskyj am Donners… [+3422 chars]",,de,'Ukraine'
https://www.faz.net/aktuell/politik/ukraine/rekrutierungen-die-busifizierung-spaltet-die-ukraine-201015033.html,https://www.faz.net/aktuell/politik/ukraine/rekrutierungen-die-busifizierung-spaltet-die-ukraine-201015033.html,0,www.faz.net,Angriff auf Rekrutierer: Die „Busifizierung“ spaltet die Ukraine,"In Lemberg gehen Menschen gewaltsam auf Soldaten los. Das löst scharfe Kritik an den Tätern, aber auch an der Art und Weise der Mobilisierung aus.",https://media0.faz.net/image/w1200h627/549f83bff018/w5800h3030x0y238o/202411/43601.0.760884809/evhenij-ilija-und-solowyj.webp,2026-07-10T15:52:15Z,,Ein Vorfall in der westukrainischen Großstadt Lemberg (Lwiw) hat die Mobilisierungsprobleme der ukrainischen Armee ins Licht gerückt. Es gibt viele Fragen zu Lwiw und dem Angriff auf die TCK-Soldaten… [+7427 chars],,de,'Angriff'
https://www.golem.de/sonstiges/zustimmung/auswahl.html?from=https://www.golem.de/news/militaerische-kooperation-starlink-im-fadenkreuz-von-russland-und-china-2607-210767.html&referer=https://t.co/c8b5fec3c5,https://www.golem.de/sonstiges/zustimmung/auswahl.html?from=https://www.golem.de/news/militaerische-kooperation-starlink-im-fadenkreuz-von-russland-und-china-2607-210767.html&referer=https://t.co/c8b5fec3c5,0,www.golem.de,Militärische Kooperation: Starlink im Fadenkreuz von Russland und China,"Russische und chinesische Militärplaner sollen in einer neuen Allianz die Frage klären, wie sehr der Westen ohne Starlink ins Straucheln geraten könnte. (Starlink, Russland)",,2026-07-10T16:37:02Z,,"Besuchen Sie Golem.de wie gewohnt mit Werbung und Tracking,
 indem Sie der Nutzung aller Cookies zustimmen.
 Details zum Tracking finden Sie im Privacy Center.
Skript wurde nicht geladen. Informat… [+607 chars]",,de,'Russland'
https://www.faz.net/aktuell/politik/ausland/irankrieg-fuer-die-strasse-von-hormus-ist-keine-loesung-in-sicht-201005634.html,https://www.faz.net/aktuell/politik/ausland/irankrieg-fuer-die-strasse-von-hormus-ist-keine-loesung-in-sicht-201005634.html,0,www.faz.net,Irankrieg: Die Mär vom Märtyrer,"Irans Generäle fühlen sich als Sieger des Krieges. Doch auch die Anhänger des Regimes werden irgendwann fragen, warum sie ärmer sind als davor.",https://media0.faz.net/image/w1200h627/adcd8ef04222/w6000h3135x0y346o/202607/43601.0.2311071625/iraner-tragen-die-saerge-des.webp,2026-07-10T16:42:40Z,,"Die Vereinigten Staaten und Israel haben den iranischen Führer Ali Khamenei am ersten Kriegstag im Februar in der Hoffnung getötet, dass mit ihm das ganze System der Islamischen Republik zusammenbrec… [+3166 chars]",,de,'Hormus'
https://www.tagesschau.de/wirtschaft/verbraucher/heizen-gebaeudemodernisierungsgesetz-foerderung-100.html,https://www.tagesschau.de/wirtschaft/verbraucher/heizen-gebaeudemodernisierungsgesetz-foerderung-100.html,0,www.tagesschau.de,Neue Regeln für Wärmepumpe und Gas: Was sich beim Heizen ändert,Der Einbau einer Erdgas-Heizung in Neubauten ist künftig wieder möglich - wobei Experten vor den Kosten warnen. Und der Staat zahlt weniger Förderung für den Umstieg auf Wärmepumpen. Ein Überblick.,https://images.tagesschau.de/image/2cdfe5bc-c7ce-4c52-9335-c89282c12c74/AAABn0tnEMw/AAABnSSvrFg/16x9-big/waermepumpe-254.jpg?width=1280,2026-07-10T16:53:16Z,,"Stand: 10.07.2026 18:53 Uhr
Der Einbau einer Erdgas-Heizung in Neubauten ist künftig wieder möglich - wobei Experten vor den Kosten warnen. Und der Staat zahlt weniger Förderung für den Umstieg auf … [+7567 chars]",,de,'heizen'
https://www.tagesschau.de/wissen/technologie/waermepumpe-zum-kuehlen-100.html,https://www.tagesschau.de/wissen/technologie/waermepumpe-zum-kuehlen-100.html,0,www.tagesschau.de,Wie Wärmepumpen auch kühlen können,"An heißen Sommertagen sorgt eine Klimaanlage für erträgliche Temperaturen. Doch auch eine moderne Wärmepumpe, die sonst zum Heizen dient, kann ein Haus kühlen. Diese Optionen gibt es. Von Daniel Peter.",https://images.tagesschau.de/image/2fe137f3-48b7-45e7-9315-23d0694ad5a9/AAABn0Xz3jY/AAABnSSvrFg/16x9-big/waermepumpe-264.jpg?width=1280,2026-07-10T16:54:46Z,,"Stand: 10.07.2026 18:54 Uhr
An heißen Sommertagen sorgt eine Klimaanlage für erträgliche Temperaturen. Doch auch eine moderne Wärmepumpe, die sonst zum Heizen dient, kann ein Haus kühlen. Diese Opti… [+3623 chars]",,de,'Heizen'
https://www.dw.com/de/ukraine-emp%C3%B6rt-%C3%BCber-aufhebung-von-russlands-olympia-bann/a-77905468,https://www.dw.com/de/ukraine-emp%C3%B6rt-%C3%BCber-aufhebung-von-russlands-olympia-bann/a-77905468,0,www.dw.com,Ukraine empört über Aufhebung von Russlands Olympia-Bann,Das Internationale Olympische Komitee lässt für die Olympischen Spielen 2028 Mannschaften aus Russland wieder zu. Ukraines Sportminister Matwij Bidny erhebt Vorwürfe gegen das IOC und dessen Präsidentin. In dieser Woche hat das Internationale Olympische Komit…,https://static.dw.com/image/65143775_6.jpg,2026-07-10T17:04:00Z,,"In dieser Woche hat das Internationale Olympische Komitee (IOC) entscheiden, die Sanktionen gegen Sportlerinnen und Sportler aus Russland weiter aufzuweichen.
Rund viereinhalb Jahre nach dem Überfal… [+7266 chars]",,de,'Russland'
https://www.welt.de/videos/video6a512284aa05580511038d15/ukraine-krieg-das-waere-dann-tatsaechlich-die-maximale-eskalation.html,https://www.welt.de/videos/video6a512284aa05580511038d15/ukraine-krieg-das-waere-dann-tatsaechlich-die-maximale-eskalation.html,0,www.welt.de,„Das wäre dann tatsächlich die maximale Eskalation“,"In der Ukraine wird befürchtet, dass Putin nach den russischen Parlamentswahlen im Herbst eine Generalmobilmachung anordnen könnte. „Das würde für die ukrainische Front eine große Herausforderung darstellen“, so Axel Springer Global Reporter Paul Ronzheimer.",https://images.welt.de/6a512284aa05580511038d15/bc859feb86dad94b1b2c67b51826f0b0/ci16x9-w1200/2026-01-22t091504z-1730487541-rc296japu3ou-rtrmadp-3-ukraine-crisis-east-frontline-jpg,2026-07-10T17:17:00Z,,"In der Ukraine wird befürchtet, dass Putin nach den russischen Parlamentswahlen im Herbst eine Generalmobilmachung anordnen könnte. Das würde für die ukrainische Front eine große Herausforderung dars… [+116 chars]",,de,'Ukraine'
https://stadt-bremerhaven.de/asus-rog-gr70-gaming-mini-pc-mit-ryzen-9-hat-einen-preis/,https://stadt-bremerhaven.de/asus-rog-gr70-gaming-mini-pc-mit-ryzen-9-hat-einen-preis/,0,stadt-bremerhaven.de,ASUS ROG GR70: Gaming-Mini-PC mit Ryzen 9 hat einen Preis,"ASUS haut unter seiner Gaming-Marke Republic of Gamers (ROG) einen neuen Mini-PC raus. Der ROG GR70 ist der erste Gaming-Zwerg des Herstellers, der mit einer AMD Ryzen 9-CPU und NVIDIAS neuer GeForce RTX 50er-Laptop-Grafik bestückt ist. Das Ganze verpackt ASU…",https://stadt-bremerhaven.de/wp-content/uploads/2026/07/unnamed-2-1.jpg,2026-07-10T17:30:39Z,,"ASUS haut unter seiner Gaming-Marke Republic of Gamers (ROG) einen neuen Mini-PC raus. Der ROG GR70 ist der erste Gaming-Zwerg des Herstellers, der mit einer AMD Ryzen 9-CPU und NVIDIAS neuer GeForce… [+4334 chars]",,de,'Preis'
https://taz.de/Treibstoffmangel-in-Russland/!6191082/,https://taz.de/Treibstoffmangel-in-Russland/!6191082/,0,taz.de,"Treibstoffmangel in Russland: Nur 30 Liter, aber nicht im Kanister","Die Ukraine greift gezielt russische Raffinerien an, Benzin wird landesweit knapp. Auch in Sankt Petersburg bilden sich jetzt Schlangen vor Tankstellen.",https://taz.de/picture/8602611/1200/41532371.jpeg,2026-07-10T18:02:00Z,,"Die Ukraine greift gezielt russische Raffinerien an, Benzin wird landesweit knapp. Auch in Sankt Petersburg bilden sich jetzt Schlangen vor Tankstellen. mehr...",,de,'Russland'
https://www.tagesspiegel.de/internationales/jager-vom-typ-su-35-abgeschossen-ukraine-soll-modernen-russischen-kampfjet-in-falle-gelockt-haben-15829050.html,https://www.tagesspiegel.de/internationales/jager-vom-typ-su-35-abgeschossen-ukraine-soll-modernen-russischen-kampfjet-in-falle-gelockt-haben-15829050.html,0,www.tagesspiegel.de,Jäger vom Typ Su-35 abgeschossen: Ukraine soll modernen russischen Kampfjet in Falle gelockt haben,"Ein russischer Su-35-Jet ist abgestürzt, der Pilot konnte sich offenbar retten. Berichten zufolge steckte ein ausgeklügelter Plan dahinter.",https://www.tagesspiegel.de/images/15828867/alternates/BASE_16_9_W1400/1783700406000/imago0060408344h.jpeg,2026-07-10T18:21:16Z,,"Die Ukraine hat den Abschuss eines modernen russischen Kampfjets vom Typ Su-35 verkündet. Allein das wäre schon eine Nachricht wert, schließlich ist die Su-35 eines der modernsten russischen Kampfflu… [+3552 chars]",,de,'Ukraine'
https://www.focus.de/sport/fussball/u-19-em-spanien-deutschland-im-liveticker_5c489b29-06e5-42d3-b892-0e640dbee534.html,https://www.focus.de/sport/fussball/u-19-em-spanien-deutschland-im-liveticker_5c489b29-06e5-42d3-b892-0e640dbee534.html,0,www.focus.de,U-19-EM: Spanien - Deutschland im Liveticker,Die deutsche U19 setzt ihren Erfolgszug bei der Europameisterschaft fort. Im Halbfinale bezwingt das Team die Ukraine. Jetzt geht es gegen den Rekordsieger und Topfavoriten. Die Partie im Liveticker.,"https://quadro.burda-forward.de/ctf/3d12ee9f-f9dc-4350-a8af-dc84e4cd66b4.979a41b6-f293-4918-9c26-99ba1053ce63.jpg?im=RegionOfInterestCrop=(1200,630),regionOfInterest=(1551,634)&hash=a8a8a437322384e45061e9665a1da1d9e2a2ca1b71e71c3837db67f6f805fcf7",2026-07-10T18:32:00Z,,"Alle Inhalte, insbesondere die Texte und Bilder von Agenturen, sind
 urheberrechtlich geschützt und dürfen nur im Rahmen der gewöhnlichen
 Nutzung des Angebots vervielfältigt, verbreitet oder sonst… [+43 chars]",,de,'Ukraine'
https://www.zeit.de/news/2026-07/11/usa-iran-muss-oeffnung-der-strasse-von-hormus-zusichern,https://www.zeit.de/news/2026-07/11/usa-iran-muss-oeffnung-der-strasse-von-hormus-zusichern,0,www.zeit.de,Iran-Krieg: USA: Iran muss Öffnung der Straße von Hormus zusichern,Hier finden Sie Informationen zu dem Thema „Iran-Krieg“. Lesen Sie jetzt „USA: Iran muss Öffnung der Straße von Hormus zusichern“.,https://img.zeit.de/news/2026-07/11/usa-iran-muss-oeffnung-der-strasse-von-hormus-zusichern-image-group/wide__1300x731,2026-07-11T00:24:35Z,,"Die USA fordern Medienberichten zufolge ein Bekenntnis des Irans zu einer freien und sicheren Schifffahrt in der Straße von Hormus. Bis Samstag solle die iranische Führung öffentlich versichern, dass… [+1850 chars]",,de,'Iran'
https://www.tagesspiegel.de/internationales/iran-krieg-usa-iran-muss-offnung-der-strasse-von-hormus-zusichern-15829333.html,https://www.tagesspiegel.de/internationales/iran-krieg-usa-iran-muss-offnung-der-strasse-von-hormus-zusichern-15829333.html,0,www.tagesspiegel.de,Iran-Krieg: USA: Iran muss Öffnung der Straße von Hormus zusichern,Nach den jüngsten Spannungen zwischen dem Iran und den USA ist die Zukunft des Rahmenabkommens ungewiss. Nun fordern die USA vom Iran ein klares Bekenntnis.,https://www.tagesspiegel.de/images/15829332/alternates/BASE_16_9_W1400/1783729535000/nationaler-us-feiertag-memorial-day.jpeg,2026-07-11T00:25:35Z,,"Die USA fordern Medienberichten zufolge ein Bekenntnis des Irans zu einer freien und sicheren Schifffahrt in der Straße von Hormus. Bis Samstag solle die iranische Führung öffentlich versichern, dass… [+1902 chars]",,de,'Iran'
https://www.tagesspiegel.de/internationales/lage-im-uberblick-usa-fordern-energisch-hormus-offnung-zweifel-an-atomdeal-15829333.html,https://www.tagesspiegel.de/internationales/lage-im-uberblick-usa-fordern-energisch-hormus-offnung-zweifel-an-atomdeal-15829333.html,0,www.tagesspiegel.de,Lage im Überblick: USA fordern energisch Hormus-Öffnung - Zweifel an Atomdeal,Der Streit um die Straße von Hormus schürt Zweifel an einem Friedensabkommen zwischen Washington und Teheran. Die USA fordern vom Iran nun ein klares Bekenntnis. Reißt Trump der Geduldsfaden?,https://www.tagesspiegel.de/images/15829397/alternates/BASE_16_9_W1400/1783745651000/iran-krieg-stra-e-von-hormus.jpeg,2026-07-11T00:25:35Z,,"Die USA fordern Medienberichten zufolge ein Bekenntnis des Irans zu einer freien und sicheren Schifffahrt in der Straße von Hormus. Die iranische Führung solle öffentlich versichern, dass die Meereng… [+6313 chars]",,de,'Iran'
https://www.n-tv.de/politik/USA-Iran-muss-Sicherheit-der-Strasse-von-Hormus-zusichern-id31074174.html,https://www.n-tv.de/politik/USA-Iran-muss-Sicherheit-der-Strasse-von-Hormus-zusichern-id31074174.html,0,www.n-tv.de,Teheran widerspricht Trump: USA: Iran muss Sicherheit der Straße von Hormus zusichern,"Wie geht es weiter im Nahen Osten? Nach den jüngsten Spannungen zwischen dem Iran und den USA ist die Zukunft des Rahmenabkommens ungewiss. Die USA wollen vor allem sicherstellen, dass der Iran keine Schiffe in der Straße von Hormus angreift.",https://www.n-tv.de/img/31074157/1783740593/Img_16_9/1200/Vessels-in-the-Strait-of-Hormuz-near-the-beach-of-Bandar-Abbas-Iran-June-21-2026-Amirhosein-Khorgooi-ISNA-via-WANA-West-Asia-News-Agency-via-REUTERS-ATTENTION-EDITORS-THIS-PICTURE-WAS-PROVIDED-BY-A-THIRD-PARTY-ISRAEL-OUT-NO-COMMERCIAL-OR-EDITORIAL-SALES-IN-ISRAEL-NO-ACCESS-FOR-ISRAELI-MEDIA-NO-USE-BBC-PERSIAN-NO-USE-VOA-PERSIAN-NO-USE-MANOTO-NO-USE-IRAN-INTERNATIONAL-NO-USE-RADIO-FARDA-DIGITAL-NO-USE-BBC-PERSIAN-NO-USE-VOA-PERSIAN-NO-USE-MANOTO-NO-USE-IRAN-INTERNATIONAL-NO-USE-RADIO-FARDA.jpg,2026-07-11T01:33:12Z,,"Teheran widerspricht TrumpUSA: Iran muss Sicherheit der Straße von Hormus zusichern
Die USA verlangen ein öffentliches Bekenntnis vom Iran, dass die Straße von Hormus offen bleibt. (Foto: via REUTER… [+2828 chars]",,de,'Iran'
https://www.welt.de/politik/ausland/article6a518dfb1aef3ee586480f9d/usa-gelobt-sei-allah-fuegt-trump-seiner-scharfen-drohung-an-den-iran-an.html,https://www.welt.de/politik/ausland/article6a518dfb1aef3ee586480f9d/usa-gelobt-sei-allah-fuegt-trump-seiner-scharfen-drohung-an-den-iran-an.html,0,www.welt.de,"„Gelobt sei Allah“, fügt Trump seiner scharfen Drohung an den Iran an","Nach den Todesdrohungen gegen Donald Trump bei der Beerdigung des obersten Führers im Iran meldet sich der US-Präsident. Im Ernstfall seien „1000 Raketen“ geladen. Das US-Militär sei bereit, „alle Gebiete des Iran zu zerstören“.",https://images.welt.de/6a518dfb1aef3ee586480f9d/6dd2056cd6251f71dd2900bb095c236d-master/ci16x9-w1200/1775118519119-afp-a6hv22d-jpg,2026-07-11T01:46:36Z,,"Nach den Todesdrohungen gegen Donald Trump bei der Beerdigung des obersten Führers im Iran meldet sich der US-Präsident. Im Ernstfall seien 1000 Raketen geladen. Das US-Militär sei bereit, alle Gebie… [+5749 chars]",,de,'Iran'
https://www.welt.de/politik/ausland/article6a518dfb1aef3ee586480f9d/usa-fordern-bekenntnis-vom-iran-zur-strasse-von-hormus-teheran-weist-aussagen-von-trump-zurueck.html,https://www.welt.de/politik/ausland/article6a518dfb1aef3ee586480f9d/usa-fordern-bekenntnis-vom-iran-zur-strasse-von-hormus-teheran-weist-aussagen-von-trump-zurueck.html,0,www.welt.de,USA fordern Bekenntnis vom Iran zur Straße von Hormus – Teheran weist Aussagen von Trump zurück,"Der Iran soll sich auf US-Wunsch bis heute zu einer sicheren Schifffahrt in der Straße von Hormus bekennen. Welche Konsequenzen sonst drohen, bleibt allerdings offen. Unterdessen dementiert der Iran, dass er um eine Fortführung der Gespräche gebeten habe.",https://images.welt.de/6a518dfb1aef3ee586480f9d/6dd2056cd6251f71dd2900bb095c236d-master/ci16x9-w1200/1775118519119-afp-a6hv22d-jpg,2026-07-11T01:46:36Z,,"Der Iran soll sich auf US-Wunsch bis heute zu einer sicheren Schifffahrt in der Straße von Hormus bekennen. Welche Konsequenzen sonst drohen, bleibt allerdings offen. Unterdessen dementiert der Iran,… [+2756 chars]",,de,'Iran'
https://www.zeit.de/news/2026-07/11/verletzte-bei-raketenangriff-auf-kiew,https://www.zeit.de/news/2026-07/11/verletzte-bei-raketenangriff-auf-kiew,0,www.zeit.de,Ukraine-Krieg: Verletzte bei Raketenangriff auf Kiew,Hier finden Sie Informationen zu dem Thema „Ukraine-Krieg“. Lesen Sie jetzt „Verletzte bei Raketenangriff auf Kiew“.,https://img.zeit.de/news/2026-07/11/verletzte-bei-raketenangriff-auf-kiew-image-group/wide__1300x731,2026-07-11T02:20:13Z,,"Die ukrainische Hauptstadt Kiew ist in der Nacht erneut unter Raketenbeschuss geraten. Der Feind habe die Stadt mit ballistischen Raketen angegriffen, teilten Bürgermeister Vitali Klitschko und Milit… [+696 chars]",,de,'Ukraine'
https://www.tagesspiegel.de/internationales/ukraine-krieg-russischer-gleitbombenangriff-tote-und-verletzte-in-sumy-15829353.html,https://www.tagesspiegel.de/internationales/ukraine-krieg-russischer-gleitbombenangriff-tote-und-verletzte-in-sumy-15829353.html,0,www.tagesspiegel.de,Ukraine-Krieg: Russischer Gleitbombenangriff: Tote und Verletzte in Sumy,In der ukrainischen Großstadt Sumy nahe der Grenze zu Russland fordert der Abwurf von Gleitbomben mehrere Opfer. Unter den Toten ist auch eine Minderjährige.,https://www.tagesspiegel.de/images/15830237/alternates/BASE_16_9_W1400/1783777087000/ukraine-krieg.jpeg,2026-07-11T02:21:26Z,,"Das russische Militär hat durch den Abwurf von Gleitbomben auf die nordostukrainische Stadt Sumy mindestens vier Menschen getötet. Darunter ist auch ein Mädchen, sagte der Bürgermeister von Sumy, Art… [+1328 chars]",,de,'Ukraine'
https://www.tagesschau.de/ausland/usa-iran-174.html,https://www.tagesschau.de/ausland/usa-iran-174.html,0,www.tagesschau.de,Offenbar weiter Gespräche zwischen USA und Iran,"Die Zukunft für das Verhältnis zwischen den USA und Iran bleibt ungewiss: Das Rahmenabkommen aufgekündigt, immer wieder Angriffe. Die Gespräche gehen offenbar trotzdem weiter - auf Wunsch von Iran, betont US-Präsident Trump. Teheran dementiert.",https://images.tagesschau.de/image/2a97fabc-b722-4dc9-94f9-92e854b78910/AAABn08gIes/AAABnSSvrFg/16x9-big/teheran-302.jpg?width=1280,2026-07-11T03:02:13Z,,"Stand: 11.07.2026 05:02 Uhr
Die Zukunft für das Verhältnis zwischen den USA und Iran bleibt ungewiss: Das Rahmenabkommen aufgekündigt, immer wieder Angriffe. Die Gespräche gehen offenbar trotzdem we… [+1644 chars]",,de,'Iran'
https://www.nzz.ch/der-andere-blick/die-legende-vom-stillstand-der-franzoesischen-atomkraftwerke-ld.10015071,https://www.nzz.ch/der-andere-blick/die-legende-vom-stillstand-der-franzoesischen-atomkraftwerke-ld.10015071,0,www.nzz.ch,DER ANDERE BLICK MIT DATEN - Die Legende vom Stillstand der französischen Atomkraftwerke: In der Hitze schwächelten vor allem Windräder,In den heissen Tagen diskutierte Deutschland vor allem über die Reaktoren in Frankreich und der Schweiz. Doch NZZ-Daten zeigen: Das eigentliche Problem trat im eigenen Land zutage.,"https://img-msp-prod.nzz.ch/2026/07/10/5de96614-ac75-4bfd-be6c-ba22a67a55a9.jpg?width=1200&height=675&fit=bounds&quality=75&auto=webp&crop=1637,921,x82,y215&wmark=nzz",2026-07-11T03:30:00Z,,"Der andere Blick mit Daten
In den heissen Tagen diskutierte Deutschland vor allem über die Reaktoren in Frankreich und der Schweiz. Doch NZZ-Daten zeigen: Das eigentliche Problem trat im eigenen Lan… [+5226 chars]",,de,'Atomkraft'
https://www.nzz.ch/international/der-sicherste-ort-der-ukraine-transkarpatien-boomt-im-schatten-des-krieges-ld.10011430,https://www.nzz.ch/international/der-sicherste-ort-der-ukraine-transkarpatien-boomt-im-schatten-des-krieges-ld.10011430,0,www.nzz.ch,Der sicherste Ort der Ukraine: Transkarpatien boomt im Schatten des Krieges,Firmen und Flüchtlinge strömen in die abgelegene Provinz im Südwesten der Ukraine. Die Veränderungen lösen in der Bevölkerung aber auch Unbehagen aus.,"https://img-msp-prod.nzz.ch/2022/07/22/30ecfcfd-c7cd-4d95-9766-bd5c56a42a0d.jpeg?width=1200&height=675&fit=bounds&quality=75&auto=webp&crop=7692,4327,x0,y246&wmark=nzz",2026-07-11T03:30:00Z,,"Uschhorod ist so weit weg vom Krieg, wie es ein Ort in der Ukraine nur sein kann. Die Stadt an der namengebenden Usch liegt im äussersten Südwesten des Landes, direkt an der Grenze zur Slowakei. Auch… [+11574 chars]",,de,'Wladimir Putin'
https://www.faz.net/aktuell/politik/ausland/liveblog-irankrieg-forscher-vermuten-reparaturen-an-irans-atomwaffen-anlagen-faz-200583539.html,https://www.faz.net/aktuell/politik/ausland/liveblog-irankrieg-forscher-vermuten-reparaturen-an-irans-atomwaffen-anlagen-faz-200583539.html,0,www.faz.net,Liveblog Irankrieg: Forscher vermuten Reparaturen an Irans Atomwaffen-Anlagen,USA: Iran muss Öffnung der Straße von Hormus zusichern +++ Iran weist Trumps Darstellung über Bitte um Gespräche zurück +++ US-Medien: Israel warnte Trump vor iranischem Mordkomplott +++ alle Entwicklungen im Liveblog,https://media0.faz.net/image/w1200h627/b2f0f2a1cd2d/w3264h1705x0y235o/202607/43601.0.2323732142/dieses-satellitenfoto-von.webp,2026-07-11T04:10:00Z,,Israel hat die US-Regierung Berichten zufolge vor iranischen Plänen zur Ermordung von Präsident Donald Trump gewarnt. Der Warnung zufolge habe die Führung in Teheran den Plan erst kürzlich ausgearbei… [+908 chars],,de,'Iran'
https://www.bild.de/politik/ausland-und-internationales/bereit-iran-vollstaendig-zu-vernichten-trump-reagiert-auf-morddrohungen-6a51bc3d1aef3ee5864810c9,https://www.bild.de/politik/ausland-und-internationales/bereit-iran-vollstaendig-zu-vernichten-trump-reagiert-auf-morddrohungen-6a51bc3d1aef3ee5864810c9,0,www.bild.de,"„Bereit, Iran vollständig zu vernichten“ - Trump reagiert auf Morddrohungen","Teheran/Washington D. C. – Sie drohten, ihn umzubringen. Jetzt droht US-Präsident Donald Trump ihnen mit der Vernichtung.","https://images.bild.de/6a51bc3d1aef3ee5864810c9/6b916b804952ca93afa3ece99ed0e176,23ace85e?w=1280",2026-07-11T04:11:31Z,,"TTS-Player überspringenArtikel weiterlesenTeheran/Washington D. C. Sie drohten, ihn umzubringen. Jetzt droht er ihnen mit der Vernichtung. US-Präsident Donald Trump (80) kündigt schwere Raketenangrif… [+2062 chars]",,de,'Hormus'
https://www.sueddeutsche.de/politik/liveblog-nahost-iran-news-atomanlagen-li.3513707,https://www.sueddeutsche.de/politik/liveblog-nahost-iran-news-atomanlagen-li.3513707,0,www.sueddeutsche.de,Krieg in Nahost: Forscher vermuten Reparaturen an iranischen Atomanlagen,Satellitenbilder zeigen Berichten zufolge Lastwagen und Betonmischer an einer Militärforschungseinrichtung und anderen Anlagen. Die USA fordern von Iran Sicherheitsgarantien für die Straße von Hormus.,https://www.sueddeutsche.de/2026/07/11/52427a6b-c065-4fac-8216-1f94e83682aa.jpg?q=60&fm=webp&width=1200&rect=105%2C0%2C1838%2C1034,2026-07-11T04:40:00Z,,"Satellitenbilder legen Forschern zufolge die Vermutung nahe, dass Iran eine bekannte Militärforschungsanlage wieder aufbaut. Entsprechende Aktivitäten seien in den vergangenen Wochen etwa an dem Mili… [+1754 chars]",,de,'Iran'
https://www.morgenpost.de/podcast/article412545622/trump-patriot-und-putin-was-der-nato-gipfel-fuer-die-ukraine-veraendert.html,https://www.morgenpost.de/podcast/article412545622/trump-patriot-und-putin-was-der-nato-gipfel-fuer-die-ukraine-veraendert.html,0,www.morgenpost.de,"Trump, Patriot und Putin – Was der NATO-Gipfel für die Ukraine verändert","Der NATO-Gipfel endet überraschend geschlossen. Militär- und Sicherheitsexperte Dr. Gustav Gressel erklärt, was die neuen Patriot-Zusagen bedeuten, warum Putin unter Druck gerät und welche Rolle Europa jetzt übernehmen muss.",,2026-07-11T05:05:00Z,,"Der NATO-Gipfel in Ankara ist vorbei und anders als viele erwartet hatten, blieb die große Eskalation aus. Statt neuer Spannungen zwischen Donald Trump und den europäischen Partnern sendete das Bündn… [+2478 chars]",,de,'Hormus'
https://www.dw.com/de/wieviel-macht-hat-der-iran-%C3%BCber-die-stra%C3%9Fe-von-hormus-usa-krieg-trump-schifffahrt-%C3%B6l-frieden/a-77906695,https://www.dw.com/de/wieviel-macht-hat-der-iran-%C3%BCber-die-stra%C3%9Fe-von-hormus-usa-krieg-trump-schifffahrt-%C3%B6l-frieden/a-77906695,0,www.dw.com,Wieviel Macht hat der Iran über die Straße von Hormus?,"Die jüngsten Angriffe des Iran auf Schiffe in der Straße von Hormus zeigen erneut, wie leicht der Schiffsverkehr und die weltweite Energieversorgung gestört werden können. Doch die Strategie könnte auch ins Auge gehen.",https://static.dw.com/image/77875149_6.jpg,2026-07-11T05:10:00Z,,"Ist die brüchige Waffenruhe zwischen USA und dem Iran am Ende?
Der Iran-Konflikt scheint wieder aufgeflammt, seit iranische Raketen am Dienstag Vertretern der USA und der Schifffahrtsbranche zufolge… [+7885 chars]",,de,'Angriff'
https://www.zeit.de/politik/ausland/2026-07/donald-trump-iran-usa-drohung-mordanschlag-attentat-geheimdienst,https://www.zeit.de/politik/ausland/2026-07/donald-trump-iran-usa-drohung-mordanschlag-attentat-geheimdienst,0,www.zeit.de,Berichte über Anschlagspläne: Trump droht Iran im Fall eines Attentats mit vollständiger Zerstörung,"Donald Trump reagiert auf Hinweise, dass der Iran einen Anschlag auf ihn plant. Das US-Militär sei bereit, das Land zu vernichten, drohte der US-Präsident.",https://img.zeit.de/politik/ausland/2026-07/donald-trump-iran-drohung-mordanschlag-geheimdienst-foto-1/wide__1300x731,2026-07-11T05:59:15Z,,US-Präsident Donald Trump hat dem Iran im Falle eines Mordanschlags auf ihn mit »vollständiger« Vernichtung gedroht. »1.000 Raketen sind scharf gemacht und auf die Islamische Republik Iran gerichtet«… [+1717 chars],,de,'Iran'
https://www.dw.com/de/iran-trump-usa-stra%C3%9Fe-von-hormus-apple-openai-klage-ungarn-eu-reparieren-geraete-frankreich-hitze/a-77913504,https://www.dw.com/de/iran-trump-usa-stra%C3%9Fe-von-hormus-apple-openai-klage-ungarn-eu-reparieren-geraete-frankreich-hitze/a-77913504,0,www.dw.com,News kompakt: USA fordern freie Fahrt in Straße von Hormus,Die USA haben Iran ultimativ zu einem klaren Bekenntnis zur freien Schifffahrt am Persischen Golf aufgerufen. Apple verklagt den ChatGPT-Entwickler OpenAI. Der DW-Nachrichtenüberblick.,https://static.dw.com/image/77899780_6.jpg,2026-07-11T07:00:00Z,,Die USA verlangen laut Medienberichten ein Bekenntnis Irans zu einer freien und sicheren Schifffahrt in der Straße von Hormus. Bis zu diesem Samstag solle die Führung in Teheran öffentlich versichern… [+5906 chars],,de,'Iran'
https://www.zeit.de/news/2026-07/11/angriff-in-berlin-kreuzberg-polizei-rueckt-an,https://www.zeit.de/news/2026-07/11/angriff-in-berlin-kreuzberg-polizei-rueckt-an,0,www.zeit.de,Kriminalität: Angriff in Berlin-Kreuzberg - Polizei rückt an,Hier finden Sie Informationen zu dem Thema „Kriminalität“. Lesen Sie jetzt „Angriff in Berlin-Kreuzberg - Polizei rückt an“.,https://img.zeit.de/news/2026-07/11/angriff-in-berlin-kreuzberg-polizei-rueckt-an-image-group/wide__1300x731,2026-07-11T08:45:10Z,,"In Berlin-Kreuzberg läuft ein Polizeieinsatz nach einem Angriff auf eine Person. Nach ersten Erkenntnissen gab es einen Überfall mit Reizgas, wie die Polizei mitteilte. Ein Mensch habe eine Augenreiz… [+190 chars]",,de,'Angriff'
https://www.focus.de/politik/ausland/ukraine-krieg-trumps-friedenshoffnung-ist-unrealistisch_70a3cd83-dd61-49dd-b898-434bfe015874.html,https://www.focus.de/politik/ausland/ukraine-krieg-trumps-friedenshoffnung-ist-unrealistisch_70a3cd83-dd61-49dd-b898-434bfe015874.html,0,www.focus.de,Ukraine-Krieg: Trumps Friedenshoffnung ist unrealistisch,"Während US-Präsident Donald Trump nach einem Telefonat mit Putin auf Frieden hofft, stehen die Zeichen in Russland eher auf Eskalation.","https://quadro.burda-forward.de/ctf/d8324f77-50f0-4f44-8ddc-f42ec2fe179f.7103c7b0-b402-4502-a237-c86329d632d4.jpg?im=RegionOfInterestCrop=(1200,630),regionOfInterest=(1010,566)&hash=7d1cb1d73910eaf99fbfe56dc5ff1f0645e3de42f60b1bb7d71006ce9c5fe590",2026-07-11T09:27:00Z,,"Gibt es Friedensgespräche, wie Donald Trump sie nach seinem jüngsten Telefonat mit Russlands Präsident Wladimir Putin in Aussicht gestellt hat? Oder eine weitere militärische Eskalation, wie aus dem … [+1650 chars]",,de,'Russland'
https://www.tagesschau.de/ausland/angriffe-kiew-wadephul-100.html,https://www.tagesschau.de/ausland/angriffe-kiew-wadephul-100.html,0,www.tagesschau.de,Krieg gegen die Ukraine: Wieder russische Angriffe auf Kiew,In der Nacht hat Russland Kiew erneut mit Raketen angegriffen. Es gab mehrere Verletzte. Trotz der Eskalation in den vergangenen Wochen sieht Bundesaußenminister Wadephul jetzt einen guten Zeitpunkt für Verhandlungen.,https://images.tagesschau.de/image/a75208c5-195e-409c-9fa5-d27df48af6af/AAABn1CQuJU/AAABnSSvrFg/16x9-big/kiew-466.jpg?width=1280,2026-07-11T09:44:49Z,,"Stand: 11.07.2026 11:44 Uhr
In der Nacht hat Russland Kiew erneut mit Raketen angegriffen. Es gab mehrere Verletzte. Trotz der Eskalation in den vergangenen Wochen sieht Bundesaußenminister Wadephul… [+1578 chars]",,de,'Angriff'
https://www.focus.de/finanzen/news/billiges-gas-aus-russland-ist-ein-mythos-sachlich-widerlegt-afd-mitglied-die-parteilinie_02fa613d-641b-4269-932f-cd767420d734.html,https://www.focus.de/finanzen/news/billiges-gas-aus-russland-ist-ein-mythos-sachlich-widerlegt-afd-mitglied-die-parteilinie_02fa613d-641b-4269-932f-cd767420d734.html,0,www.focus.de,„Billiges Gas aus Russland ist ein Mythos”: Sachlich widerlegt AfD-Mitglied die Parteilinie,Eine Rückkehr zum russischen Gas soll Deutschlands Wirtschaft ankurbeln: So argumentiert die AfD seit Jahren. Ein Mitglied stellt sich dagegen.,"https://quadro.burda-forward.de/ctf/8fa176d1-7076-43e5-9f00-c312098c2b49.3f92387c-8f97-4e3a-94bd-cd17e4743d5e.jpg?im=RegionOfInterestCrop=(1200,630),regionOfInterest=(960,499)&hash=2734ba0c6f2be327523f9f260c67f3fa741f593519cca0e8cfe470ad920d39b5",2026-07-11T10:05:00Z,,"Billiges Gas aus Russland ist ein Mythos. Mit deutlichen Worten widerspricht Rainer Kraft, AfD-Bundestagsmitglied aus Augsburg, der AfD-Parteilinie. In einem ausführlichen Post auf X (vormals Twitter… [+4393 chars]",,de,'Gas'
https://www.zeit.de/2026/30/geoengineering-klimaanpassung-damm-beringstrasse-nordsee,https://www.zeit.de/2026/30/geoengineering-klimaanpassung-damm-beringstrasse-nordsee,0,www.zeit.de,Geoengineering: Letzte Rettung Größenwahn,"Meeresströmungen trennen, Gletscher bremsen, die Nordsee eindeichen – Forscher entwerfen gigantische Bauprojekte gegen die Folgen des Klimawandels. Völlig absurd! Oder?",https://img.zeit.de/2026/30/letzte-rettung-groessenwahn-bild-1/wide__1300x731,2026-07-11T11:56:01Z,,"Dieser Artikel ist Teil von ZEIT am Wochenende, Ausgabe 28/2026. 
Wo Sibirien und Alaska nur ein schmaler Streifen Wasser trennt, kaum 80 Kilometer breit, da ist das Meer auch nur durchschnittlich 5… [+352 chars]",,de,'Klima'
https://www.faz.net/aktuell/politik/ukraine/ukraine-liveticker-elf-verletzte-durch-angriffe-auf-kiew-faz-110683325.html,https://www.faz.net/aktuell/politik/ukraine/ukraine-liveticker-elf-verletzte-durch-angriffe-auf-kiew-faz-110683325.html,0,www.faz.net,Liveblog Ukrainekrieg: Elf Verletzte durch Angriffe auf Kiew,Nächtlicher Angriff mit ballistischen Raketen +++ Ukraine greift weitere Schiffe im Asowschen Meer an +++ alle Neuigkeiten im Liveblog,https://media0.faz.net/image/w1200h627/faec816da2f3/w6144h3210x0y441o/202607/43601.0.2324309041/krater-in-der-strasse.webp,2026-07-11T12:16:49Z,,"In der Ukraine schlägt der Fall hohe Wellen. Inzwischen arbeiten die Nationalpolizei, der Inlandsgeheimdienst SBU und der HUR an der Aufklärung. Die ukrainischen Strafverfolger erklärten, in dem Fall… [+896 chars]",,de,'Ukraine'
https://www.zeit.de/zeit-fuer-unternehmer/2026/02/kooperationen-unternehmen-start-ups-wirtschaftskrise-innovation,https://www.zeit.de/zeit-fuer-unternehmer/2026/02/kooperationen-unternehmen-start-ups-wirtschaftskrise-innovation,0,www.zeit.de,Kooperationen von Unternehmen: Unterschreiben Sie erst mal eine Geheimhaltungserklärung!,"Start-ups stoßen bei Konzernen auf taube Ohren, Mittelständler schotten sich ab. Dabei könnte es Unternehmen gerade in Krisenzeiten helfen, wenn sie zusammenarbeiten.",https://img.zeit.de/zeit-fuer-unternehmer/2026/02/allein-zu-klein-bild-1/wide__1300x731,2026-07-11T14:40:06Z,,"Schließen
Artikelzusammenfassung
Krise, Inflation, stagnierende Wirtschaft - die Zeiten sind hart. Doch Tina Dreimann setzt auf starke Netzwerke und Unternehmertum, um Innovationen voranzutreiben. … [+829 chars]",,de,'Krise'
https://www.zeit.de/wissenschaft/2026-07/david-albright-atomwaffen-anlage-iran-satellitenbilder-krieg,https://www.zeit.de/wissenschaft/2026-07/david-albright-atomwaffen-anlage-iran-satellitenbilder-krieg,0,www.zeit.de,"David Albright: »Der Iran scheint entschlossen, die Atomanlage wieder aufzubauen«","Satellitenbilder zeigen, dass der Iran eine Militäranlage repariert. Der Nuklearexperte David Albright erklärt, was das für das iranische Atomwaffenprogramm bedeutet.",https://img.zeit.de/wissenschaft/2026-07/david-albright-atomwaffen-anlage-iran-satellitenbilder-krieg-bild/wide__1300x731,2026-07-11T15:58:10Z,,"David Albright gilt als einer der kundigsten Atomwaffenexperten weltweit. Neue Satellitenbilder, die sein Institut zusammen mit CNN analysiert hat, offenbaren nun: Der Iran arbeitet daran, die zerstö… [+424 chars]",,de,'Iran'
https://www.zeit.de/news/2026-07/11/russland-bei-biennale-eu-kommission-fuer-foerderungsentzug,https://www.zeit.de/news/2026-07/11/russland-bei-biennale-eu-kommission-fuer-foerderungsentzug,0,www.zeit.de,Weltberühmte Ausstellung: Russland bei Biennale: EU-Kommission für Förderungsentzug,Hier finden Sie Informationen zu dem Thema „Weltberühmte Ausstellung“. Lesen Sie jetzt „Russland bei Biennale: EU-Kommission für Förderungsentzug“.,https://img.zeit.de/news/2026-07/11/russland-bei-biennale-eu-kommission-fuer-foerderungsentzug-image-group/wide__1300x731,2026-07-11T19:57:04Z,,Die Kunstbiennale von Venedig muss wegen der geplanten Wiedereröffnung des russischen Pavillons mit der Streichung von Zuschüssen der EU rechnen. «Die Kommission empfiehlt der EACEA (Europäische Exek… [+1148 chars],,de,'Russland'
https://www.zeit.de/news/2026-07/12/irans-revolutionsgarden-strasse-von-hormus-geschlossen,https://www.zeit.de/news/2026-07/12/irans-revolutionsgarden-strasse-von-hormus-geschlossen,0,www.zeit.de,Warnschüsse abgegeben: Irans Revolutionsgarden: Straße von Hormus geschlossen,Hier finden Sie Informationen zu dem Thema „Warnschüsse abgegeben“. Lesen Sie jetzt „Irans Revolutionsgarden: Straße von Hormus geschlossen“.,https://img.zeit.de/news/2026-07/12/irans-revolutionsgarden-strasse-von-hormus-geschlossen-image-group/wide__1300x731,2026-07-11T23:34:13Z,,Die Marine der Iranischen Revolutionsgarden (IRGC) hat nach eigenen Angaben Warnschüsse auf ein Schiff in der Straße von Hormus abgegeben und dieses gestoppt. Das Schiff habe die maritime Sicherheit … [+1345 chars],,de,'Hormus'
https://www.faz.net/aktuell/politik/ausland/liveblog-irankrieg-iran-schliesst-strasse-von-hormus-faz-200583539.html,https://www.faz.net/aktuell/politik/ausland/liveblog-irankrieg-iran-schliesst-strasse-von-hormus-faz-200583539.html,0,www.faz.net,Liveblog Irankrieg: Iran schließt Straße von Hormus,Warnschüsse auf ein Schiff in der Meerenge abgegeben +++ Trump droht Iran bei Mordanschlag auf ihn mit „vollständiger Vernichtung“ +++ Forscher vermuten Reparaturen an Irans Atomwaffen-Anlagen +++ alle Entwicklungen im Liveblog,https://media0.faz.net/image/w1200h627/c4440ff9ec3b/w6000h3135x0y120o/202605/43601.0.2045989455/oeltanker-liegen-in-der.webp,2026-07-11T23:40:00Z,,Israel hat die US-Regierung Berichten zufolge vor iranischen Plänen zur Ermordung von Präsident Donald Trump gewarnt. Der Warnung zufolge habe die Führung in Teheran den Plan erst kürzlich ausgearbei… [+908 chars],,de,'Hormus'
https://www.faz.net/aktuell/politik/ausland/liveblog-irankrieg-usa-starten-neue-angriffe-gegen-iran-faz-200583539.html,https://www.faz.net/aktuell/politik/ausland/liveblog-irankrieg-usa-starten-neue-angriffe-gegen-iran-faz-200583539.html,0,www.faz.net,Liveblog Irankrieg: USA starten neue Angriffe gegen Iran,US-Militär: Reaktion auf iranische Attacke auf Containerschiff +++ Iran schließt Straße von Hormus +++ Trump droht Iran bei Mordanschlag auf ihn mit „vollständiger Vernichtung“ +++ alle Entwicklungen im Liveblog,https://media0.faz.net/image/w1200h627/c4440ff9ec3b/w6000h3135x0y120o/202605/43601.0.2045989455/oeltanker-liegen-in-der.webp,2026-07-12T00:15:00Z,,Die Marine der Iranischen Revolutionsgarden (IRGC) hat nach eigenen Angaben Warnschüsse auf ein Schiff in der Straße von Hormus abgegeben und dieses gestoppt. Das Schiff habe die maritime Sicherheit … [+1297 chars],,de,'Iran'
https://www.tagesschau.de/ausland/asien/us-angriff-iran-100.html,https://www.tagesschau.de/ausland/asien/us-angriff-iran-100.html,0,www.tagesschau.de,Neue US-Angriffe auf Iran - Straße von Hormus gesperrt,Das US-Militär hat nach eigenen Angaben neue Angriffe auf Iran gestartet. Hintergrund sei eine Attacke der iranischen Revolutionsgarde auf ein Containerschiff in der Straße von Hormus. Iran erklärte die Meerenge für gesperrt.,https://images.tagesschau.de/image/12001675-4261-4a81-9d26-9a94e8e478b8/AAABnmIoK6o/AAABnSSvrFg/16x9-big/strasse-von-hormus-satellitenfoto-102.jpg?width=1280,2026-07-12T00:57:50Z,,"Stand: 12.07.2026 02:57 Uhr
Das US-Militär hat nach eigenen Angaben neue Angriffe auf Iran gestartet. Hintergrund sei eine Attacke der iranischen Revolutionsgarde auf ein Containerschiff in der Stra… [+2341 chars]",,de,'Hormus'
https://www.nzz.ch/nzz-am-sonntag-magazin/schweizer-schriftsteller-sommer-fluesse-seen-kindheit-ld.10013861,https://www.nzz.ch/nzz-am-sonntag-magazin/schweizer-schriftsteller-sommer-fluesse-seen-kindheit-ld.10013861,0,www.nzz.ch,"Mutprobe im Rhein, die Milchstrasse über der Aare: Elf literarische Fluchten zu den schönsten Gewässern der Schweiz","Bäche, die von Bergen herab strömen, Seen, die im Gegenlicht funkeln – in diesen Bildern steckt die ganze Sehnsucht unseres Sommers. Elf Schriftstellerinnen und Schriftsteller erzählen vom Wasser, vom Dahintreiben, vom Loslassen – und vom herrlichen Gefühl, d…","https://img-msp-prod.nzz.ch/2026/07/09/9bc76e08-1993-4d3d-87be-3c8d9d2f3da2.jpg?width=1200&height=675&fit=bounds&quality=75&auto=webp&crop=2542,1430,x0,y1092&wmark=nzz",2026-07-12T03:30:00Z,,"Optimieren Sie Ihre Browsereinstellungen
NZZ.ch benötigt JavaScript für wichtige Funktionen. Ihr Browser oder Adblocker verhindert dies momentan.
Bitte passen Sie die Einstellungen an.
Vor zwei Ja… [+68439 chars]",,de,'Flucht'
https://www.n-tv.de/politik/Merkels-Wirtschaftsberater-erklaert-die-Energiepolitik-der-Altkanzlerin-id31067552.html,https://www.n-tv.de/politik/Merkels-Wirtschaftsberater-erklaert-die-Energiepolitik-der-Altkanzlerin-id31067552.html,0,www.n-tv.de,"""Russisches Gas war Strategie"": Merkels Wirtschaftsberater erklärt die Energiepolitik der Altkanzlerin","Als Wladimir Putin 2022 die Ukraine angreift, wird deutlich: Die deutsche Energieversorgung ist von einem Kriegsverbrecher abhängig. Wie konnte es so weit kommen? Im Interview legt der langjährige wirtschaftspolitische Berater von Altkanzlerin Merkel seine Si…",https://www.n-tv.de/img/31068359/1783611253/Img_16_9/1200/ARCHIV-Bundeskanzlerin-Angela-Merkel-CDU-steht-am-25-11-2015-in-Berlin-im-Bundeskanzleramt-zusammen-mit-ihrem-wirtschaftspolitischen-Berater-Lars-Hendrik-Roeller-r-Foto-Kay-Nietfeld-dpa-ACHTUNG-Die-Aufnahnme-wurde-durch-eine-Glasscheibe-gemacht-zu-dpa-Merkels-Sherpa-oder-Gipfelkunst-namens-Roeller-vom-25-05.jpg,2026-07-12T05:08:34Z,,"Wo die Kanzlerin war, war auch Lars-Hendrik Röller nicht weit entfernt: Der Ökonom war von 2011 bis 2021 wirtschaftspolitischer Berater von Angela Merkel und Leiter der Wirtschafts- und Finanzabteilu… [+8308 chars]",,de,'Atomkraft'
https://www.faz.net/aktuell/politik/ukraine/ukraine-liveticker-ukraine-trifft-abermals-eine-russische-raffinerie-faz-110683325.html,https://www.faz.net/aktuell/politik/ukraine/ukraine-liveticker-ukraine-trifft-abermals-eine-russische-raffinerie-faz-110683325.html,0,www.faz.net,Liveblog Ukrainekrieg: Ukraine trifft abermals eine russische Raffinerie,Selenskyj fordert raschere Umsetzung von Waffenabkommen +++ Tusk kündigt Bau von Gedenkstätte für UPA-Opfer an +++ Videobotschaft am Wolhynien-Gedenktag +++ alle Neuigkeiten im Liveblog,https://media0.faz.net/image/w1200h627/f81166a38c0e/w3000h1567x0y163o/202607/43601.0.2327403291/ein-ukrainischer-soldat-des.webp,2026-07-12T05:50:00Z,,Kiews Bürgermeister Vitali Klitschko spricht angesichts mehrerer schwerer russischer Luftangriffe in den vergangenen Tagen von einer weiteren Eskalation des Ukrainekriegs durch Moskau. Er habe so etw… [+1055 chars],,de,'Wladimir Putin'
https://www.focus.de/politik/ausland/iranische-zeitung-setzt-merz-mit-droh-collage-auf-todesliste_e444e2e3-b2f6-4d2b-93b8-5bcabfed76f1.html,https://www.focus.de/politik/ausland/iranische-zeitung-setzt-merz-mit-droh-collage-auf-todesliste_e444e2e3-b2f6-4d2b-93b8-5bcabfed76f1.html,0,www.focus.de,Iranische Zeitung setzt Merz mit Droh-Collage auf Todesliste,Die iranische Zeitung „Hamshahri“ ruft in einer Online-Grafik zu Vergeltung gegen westliche Politiker auf. Darunter sind auch europäische Regierungschefs abgebildet.,"https://quadro.burda-forward.de/ctf/9d6df8ac-9c2a-4d61-bbdb-557db5f60949.35594042-3a1d-4771-a262-52f8cae4841c.png?im=RegionOfInterestCrop=(1200,630),regionOfInterest=(309,98)&hash=32efc47c1608b484fba9017637c1eb85380a9f9f59d0fed962b5aad8308627e1",2026-07-12T05:55:00Z,,Eine auflagenstarke Tageszeitung im Iran hat eine Infografik mit Racheaufrufen gegen Politiker aus dem Westen veröffentlicht. Auf ihrer Website publizierte das Blatt Hamshahri aus der Hauptstadt Tehe… [+907 chars],,de,'Iran'
https://www.diepresse.com/36751573/neue-eskalation-in-strasse-von-hormuz-us-angriffe-und-brennendes-schiff,https://www.diepresse.com/36751573/neue-eskalation-in-strasse-von-hormuz-us-angriffe-und-brennendes-schiff,0,www.diepresse.com,Neue Eskalation in Straße von Hormuz: US-Angriffe und brennendes Schiff,Der Iran wirft den USA nach der bereits dritten Angriffswelle diese Woche Vertragsbruch vor und reagiert mit Angriffen auf Verbündete.,https://www.diepresse.com/assets_v2/images/diepresse_nachrichten.png,2026-07-12T06:03:06Z,,"Die Presse auf Google als bevorzugte Nachrichtenquelle hinzufügen.
 Die Lage in der umkämpften Straße von Hormuz ist in der Nacht auf Sonntag wieder eskaliert. Nach dem Beschuss des Containerschiffe… [+6236 chars]",,de,'Angriff'
https://www.dw.com/de/stra%C3%9Fe-von-hormus-angriffe-usa-iran-handelsschiff-golfstaaten-jordanien-katar-us-stuetzpunkte/a-77921273,https://www.dw.com/de/stra%C3%9Fe-von-hormus-angriffe-usa-iran-handelsschiff-golfstaaten-jordanien-katar-us-stuetzpunkte/a-77921273,0,www.dw.com,Iran greift Frachter an und sperrt Straße von Hormus,Irans Revolutionsgarden haben die für den Welthandel wichtige Wasserstraße wieder abgeriegelt. Zudem attackieren sie US-Militärbasen in der Region. Die US-Armee wiederum greift militärische Ziele in Iran an. Irans Revolutionsgarden haben nach eigenen Angaben …,https://static.dw.com/image/76837376_6.jpg,2026-07-12T06:06:00Z,,Irans Revolutionsgarden haben nach eigenen Angaben ein zweites Schiff in der Straße von Hormus außer Gefecht gesetzt. Der Besatzung würden Verstöße gegen die Vorschriften in der Straße von Hormus vor… [+4839 chars],,de,'Hormus'
https://www.diepresse.com/36729208/das-iranische-regime-schiesst-sich-gerade-selbst-ins-knie,https://www.diepresse.com/36729208/das-iranische-regime-schiesst-sich-gerade-selbst-ins-knie,0,www.diepresse.com,Das iranische Regime schießt sich gerade selbst ins Knie [premium],"US-Präsident Trump ist im Iran mit seinem Latein am Ende. Doch auch das iranische Regime besteht nicht aus Meisterstrategen. Es vergibt eine Chance, sich mit einem Friedensabkommen eine Atempause zu verschaffen und sich die Taschen zu füllen.",https://img.diepresse.com/public/incoming/wyhion-imago-images-0860927156/alternates/WEBP_WIDE_1200/imago%20images%200860927156,2026-07-12T06:10:49Z,,Donald Trump hat so ziemlich alles ausprobiert im Iran. Funktioniert hat nichts. Zuerst wollte der US-Präsident das islamistische Regime wegbomben. Doch auf Khamenei senior folgte Khamenei junior. De… [+4143 chars],,de,'Iran'
https://www.n-tv.de/politik/Iranische-Revolutionsgarden-Haben-US-Basen-angegriffen-id31076314.html,https://www.n-tv.de/politik/Iranische-Revolutionsgarden-Haben-US-Basen-angegriffen-id31076314.html,0,www.n-tv.de,"""Haltet euer Wort oder zahlt"": Iranische Revolutionsgarden: Haben US-Basen angegriffen","Der Iran beschießt nicht nur Schiffe, sondern nimmt zuletzt auch wieder US-Militärbasen ins Visier. Zudem wirft das Mullah-Regime den USA Vertragsbruch vor.",https://www.n-tv.de/img/31076348/1783840787/Img_16_9/1200/Die-katarischen-Streitkraefte-wehren-einen-Raketenangriff-ab-Die-Vereinigten-Staaten-und-der-Iran-lieferten-sich-im-Rahmen-des-anhaltenden-Konflikts-um-die-Strasse-von-Hormus-gegenseitige-Angriffe.jpg,2026-07-12T06:23:04Z,,"Die katarischen Streitkräfte wehren einen Raketenangriff ab. (Foto: picture alliance/dpa)
Der Iran beschießt nicht nur Schiffe, sondern nimmt zuletzt auch wieder US-Militärbasen ins Visier. Zudem wi… [+3458 chars]",,de,'Iran'
https://www.tagesspiegel.de/internationales/republikanischer-us-senator-lindsey-graham-im-alter-von-71-jahren-gestorben-15830938.html,https://www.tagesspiegel.de/internationales/republikanischer-us-senator-lindsey-graham-im-alter-von-71-jahren-gestorben-15830938.html,0,www.tagesspiegel.de,Republikanischer US-Senator: Lindsey Graham im Alter von 71 Jahren gestorben,Er galt als Unterstützer der Ukraine und Hardliner im Iran-Konflikt: Nun ist der republikanische US-Senator Lindsey Graham im Alter von 71 Jahren gestorben.,https://www.tagesspiegel.de/images/15830945/alternates/BASE_16_9_W1400/1783839037000/file-photo-chairman-sen-lindsaey-graham-r-sc-speaks-at-a-senate-judiciary-subcommittee-on-crime-and-terrorism-hearing-about-russian-election-interference-on-capitol-hill.jpeg,2026-07-12T06:50:46Z,,"Der republikanische Senator Lindsey Graham ist tot. Er sei am Samstagabend nach kurzer und schwerer Krankheit gestorben, war auf seinen Profilen auf X und Facebook in einer Mitteilung seines Büros zu… [+29 chars]",,de,'Ukraine'
https://www.welt.de/politik/ausland/article6a533c2e36e98236c4bc5d60/ploetzlicher-tod-von-lindsey-graham-als-selenskyj-ihm-zum-geburtstag-gratulierte-scherzte-er-ueber-das-alter.html,https://www.welt.de/politik/ausland/article6a533c2e36e98236c4bc5d60/ploetzlicher-tod-von-lindsey-graham-als-selenskyj-ihm-zum-geburtstag-gratulierte-scherzte-er-ueber-das-alter.html,0,www.welt.de,"Als Selenskyj ihm zum Geburtstag gratulierte, scherzt Lindsey Graham über das Alter","Lindsey Graham, gerade 71 Jahre alt geworden und am Freitag noch in der Ukraine politisch aktiv, ist plötzlich verstorben. Der republikanische Senator galt einst als politischer Gegner Donald Trumps – ehe er einer seiner Vertrauten wurde.",https://images.welt.de/6a533c2e36e98236c4bc5d60/3d38e105e99d7f37187b324feb01b76c/ci16x9-w1200/dpa-com-260712-99-36583-jpg,2026-07-12T07:04:37Z,,"Lindsey Graham, gerade 71 Jahre alt geworden und am Freitag noch in der Ukraine politisch aktiv, ist plötzlich verstorben. Der republikanische Senator galt einst als politischer Gegner Donald Trumps … [+6773 chars]",,de,'Ukraine'
https://taz.de/-Nachrichten-im-Iran-Krieg-/!6195377/,https://taz.de/-Nachrichten-im-Iran-Krieg-/!6195377/,0,taz.de,+++ Nachrichten im Iran-Krieg +++: Straße von Hormus „bis auf Weiteres“ geschlossen,Die Straße von Hormus ist laut dem Iran wieder dicht. Der Iran wirft den USA Vertragsbruch vor. Gespräche im Oman enden ohne große Fortschritte.,https://taz.de/picture/8605598/1200/41655304.jpeg,2026-07-12T07:05:00Z,,Die Straße von Hormus ist laut dem Iran wieder dicht. Der Iran wirft den USA Vertragsbruch vor. Gespräche im Oman enden ohne große Fortschritte. mehr...,,de,'Iran'
https://www.zeit.de/news/2026-07/12/ukraine-attackiert-raffinerie-im-wolgagabiet-samara,https://www.zeit.de/news/2026-07/12/ukraine-attackiert-raffinerie-im-wolgagabiet-samara,0,www.zeit.de,Drohnenkrieg: Ukraine attackiert Raffinerie im Wolgagabiet Samara,Hier finden Sie Informationen zu dem Thema „Drohnenkrieg“. Lesen Sie jetzt „Ukraine attackiert Raffinerie im Wolgagabiet Samara“.,https://img.zeit.de/news/2026-07/12/ukraine-attackiert-raffinerie-im-wolgagabiet-samara-image-group/wide__1300x731,2026-07-12T07:06:02Z,,"Im russischen Gebiet Samara an der Wolga ist offiziellen Angaben nach ein Mann durch ukrainische Drohnenangriffe ums Leben gekommen. «Drei Personen wurden verletzt, darunter auch ein Kind», teilte Go… [+1867 chars]",,de,'Wladimir Putin'
https://www.welt.de/politik/ausland/article6a5339588eaf4a27fe1e3b9f/krieg-in-nahost-wunsch-nach-einem-ruhigen-tod-mit-ins-grab-nehmen-iranische-tageszeitung-droht-merz.html,https://www.welt.de/politik/ausland/article6a5339588eaf4a27fe1e3b9f/krieg-in-nahost-wunsch-nach-einem-ruhigen-tod-mit-ins-grab-nehmen-iranische-tageszeitung-droht-merz.html,0,www.welt.de,„Wunsch nach einem ruhigen Tod mit ins Grab nehmen“ – Iranische Tageszeitung droht Merz,Friedrich Merz rückt ins Zentrum iranischer Drohpropaganda: Eine Zeitung zeigt ihn in Häftlingskleidung neben Trump und Netanjahu – als angebliches Ziel der angekündigten Vergeltung nach Chameneis Tötung.,https://images.welt.de/6a5339588eaf4a27fe1e3b9f/c05ff72f8d1d3a5ce69346f1906037eb/ci16x9-w1200/1781772052856-afp-b7h29ue-jpg,2026-07-12T07:20:09Z,,Eine auflagenstarke Tageszeitung im Iran hat eine Infografik mit Racheaufrufen gegen Politiker aus dem Westen veröffentlicht. Auf ihrer Website publizierte das Blatt Hamshahri aus der Hauptstadt Tehe… [+899 chars],,de,'Iran'
https://www.n-tv.de/wissen/Wie-Sommerhitze-im-Winter-zum-Heizen-genutzt-werden-kann-id31061159.html,https://www.n-tv.de/wissen/Wie-Sommerhitze-im-Winter-zum-Heizen-genutzt-werden-kann-id31061159.html,0,www.n-tv.de,Künstlicher See als Speicher: Wie Sommerhitze im Winter zum Heizen genutzt werden kann,"Warum nicht Wärme im Sommer speichern und dann im Winter zum Heizen nutzen? Seespeicher sollen genau das machen, die ersten entstehen bereits in Deutschland. Die Abhängigkeit von fossilen Energien wird verringert. Doch das hat seinen Preis.",https://www.n-tv.de/img/31061396/1783507164/Img_16_9/1200/Riff-Erdbeckenspeicher-Solarwärme Bracht.jpg,2026-07-12T07:57:16Z,,"Der Erdbeckenspeicher im mittelhessischen Bracht misst 90 mal 90 Meter. (Foto: Solarwärme Bracht)
Warum nicht Wärme im Sommer speichern und dann im Winter zum Heizen nutzen? Seespeicher sollen genau… [+5531 chars]",,de,'Heizen'
https://www.zeit.de/news/2026-07/12/betrunkener-wuergt-taxifahrer-nach-streit-um-tempo,https://www.zeit.de/news/2026-07/12/betrunkener-wuergt-taxifahrer-nach-streit-um-tempo,0,www.zeit.de,Angriff auf Taxifahrer: Betrunkener würgt Taxifahrer nach Streit um Tempo,Hier finden Sie Informationen zu dem Thema „Angriff auf Taxifahrer“. Lesen Sie jetzt „Betrunkener würgt Taxifahrer nach Streit um Tempo“.,https://img.zeit.de/news/2026-07/12/betrunkener-wuergt-taxifahrer-nach-streit-um-tempo-image-group/wide__1300x731,2026-07-12T08:30:55Z,,Aus Wut über eine angeblich zu langsame Fahrt hat ein betrunkener 32-Jähriger in Wermelskirchen einen Taxifahrer gewürgt und geschlagen. Der Fahrgast hatte sich nach Polizeiangaben am späten Samstaga… [+535 chars],,de,'Angriff'
https://www.tagesschau.de/ausland/asien/iran-angriffe-golfstaaten-108.html,https://www.tagesschau.de/ausland/asien/iran-angriffe-golfstaaten-108.html,0,www.tagesschau.de,Iran attackiert Ziele in mehreren Golfstaaten,Der Konflikt zwischen den USA und Iran hat sich erneut zugespitzt. Nach Angriffen der USA in der Nacht befehligte Teheran neue Attacken auf US-Verbündete im Golf - und betonte die strategische Bedeutung der Straße von Hormus.,https://images.tagesschau.de/image/b140d380-7a09-42d1-9a5d-08b5552a41ee/AAABn1ZCZRM/AAABnSSvrFg/16x9-big/bahrain-iran-katar-kuwait-oman-vae-100.jpg?width=1280,2026-07-12T13:14:53Z,,"Stand: 12.07.2026 15:14 Uhr
Der Konflikt zwischen den USA und Iran hat sich erneut zugespitzt. Nach Angriffen der USA in der Nacht befehligte Teheran neue Attacken auf US-Verbündete im Golf - und be… [+3852 chars]",,de,'Hormus'
https://www.bild.de/leben-wissen/wohnen-living/so-bleibt-ihre-wohnung-im-sommer-angenehm-kuehl-6a424bf0f01db81211d54270,https://www.bild.de/leben-wissen/wohnen-living/so-bleibt-ihre-wohnung-im-sommer-angenehm-kuehl-6a424bf0f01db81211d54270,0,www.bild.de,Schutz vor der Sommerhitze - So bleibt Ihre Wohnung im Sommer angenehm kühl,Welche Maßnahmen die Wohnung im Sommer zu sehr aufheizen können und mit welchen einfachen Tipps sich die Sommerhitze mindern lässt.,"https://images.bild.de/6a424bf0f01db81211d54270/b58b1e997250d797009648b6502be32e,ff2daf2?w=1280",2026-07-12T15:02:27Z,,"TTS-Player überspringenArtikel weiterlesenWenn draußen die Temperaturen steigen, wird es auch in vielen Wohnungen schnell unangenehm warm. Doch nicht nur die Hitze von außen ist dafür verantwortlich.… [+1815 chars]",,de,'heizen'
https://www.n-tv.de/politik/Fast-alle-Besatzungsmitglieder-nach-Angriff-auf-Frachter-gerettet-id31077557.html,https://www.n-tv.de/politik/Fast-alle-Besatzungsmitglieder-nach-Angriff-auf-Frachter-gerettet-id31077557.html,0,www.n-tv.de,Ist die Straße von Hormus offen?: Fast alle Besatzungsmitglieder nach Angriff auf Frachter gerettet,"Die USA machen den Iran für den Beschuss eines Handelsschiffs vor der Küste des Oman verantwortlich. Die gute Nachricht: Fasst alle Seeleute können gerettet werden. Die schlechte Nachricht: Völlig unklar ist, ob die Straße von Hormus befahrbar ist.",https://www.n-tv.de/img/31075977/1783874245/Img_16_9/1200/Vessels-at-the-Strait-of-Hormuz-as-seen-from-Musandam-Oman-July-8-2026.jpg,2026-07-12T15:11:17Z,,"Der Angriff erfolgte vor der Küste des Omans, in der Straße von Hormus. (Foto: REUTERS)
Die USA machen den Iran für den Beschuss eines Handelsschiffs vor der Küste des Oman verantwortlich. Die gute … [+2980 chars]",,de,'Hormus'
https://www.zeit.de/politik/ausland/2026-07/angriffe-usa-iran-strasse-von-hormus-centcom,https://www.zeit.de/politik/ausland/2026-07/angriffe-usa-iran-strasse-von-hormus-centcom,0,www.zeit.de,Straße von Hormus: Trump dementiert Blockade von Hormus – Iran meldet neue Angriffe,"Der US-Präsident behauptet entgegen iranischer Angaben, dass die Straße von Hormus offen sei. Unterdessen berichten iranische Medien von Luftangriffen in der Meerenge.",https://img.zeit.de/politik/ausland/2026-07/angriffe-usa-iran-strasse-von-hormus-centcom-foto-1/wide__1300x731,2026-07-12T18:10:09Z,,Die Straße von Hormus ist nach Angaben von US-Präsident Donald Trump für die Handelsschifffahrt offen. Das sagte er in einem Interview der NBC-Sendung Meet the Press. Auch das für die Region zuständi… [+2295 chars],,de,'Hormus'
https://www.tagesschau.de/ausland/asien/strasse-von-hormus-geschlossen-oder-nicht-100.html,https://www.tagesschau.de/ausland/asien/strasse-von-hormus-geschlossen-oder-nicht-100.html,0,www.tagesschau.de,Unklarheit über Status der Straße von Hormus und gegenseitige Angriffe,"Trotz gegenseitigen Angriffe hat US-Präsident Trump die Straße von Hormus für offen erklärt - entgegen der iranischen Darstellung. Die Führung in Teheran betonte, für sie sei die Meerenge strategisch ""wichtiger als Atombomben"".",https://images.tagesschau.de/image/6d3e2280-2b86-4672-bb99-c55574730bba/AAABn1dxP_8/AAABnSSvrFg/16x9-big/strasse-von-hormus-170.jpg?width=1280,2026-07-12T19:01:38Z,,"Stand: 12.07.2026 21:01 Uhr
Trotz gegenseitigen Angriffe hat US-Präsident Trump die Straße von Hormus für offen erklärt - entgegen der iranischen Darstellung. Die Führung in Teheran betonte, für sie… [+2447 chars]",,de,'Hormus'
https://www.welt.de/politik/ausland/article6a54064436e98236c4bc6a5e/krieg-in-nahost-usa-greifen-erneut-iran-an-teheran-beschiesst-ziele-in-jordanien-kuwait-und-bahrain.html,https://www.welt.de/politik/ausland/article6a54064436e98236c4bc6a5e/krieg-in-nahost-usa-greifen-erneut-iran-an-teheran-beschiesst-ziele-in-jordanien-kuwait-und-bahrain.html,0,www.welt.de,"USA greifen erneut Iran an – Teheran beschießt Ziele in Jordanien, Kuwait und Bahrain","Das US-Militär hat erneut Raketenstellungen, Luftabwehranlagen und Radarstationen der Revolutionsgarden im Iran angegriffen. Teheran reagiert nach Angaben von Staatsmedien mit Angriffen auf US-Militärziele und -stützpunkte in Jordanien, Kuwait und Bahrain.",https://images.welt.de/6a54064436e98236c4bc6a5e/c198797dfa4456a74739b86438356009-master/ci16x9-w1200/dpa-com-260712-935-1475665-jpg,2026-07-12T21:28:50Z,,"Das US-Militär hat erneut Raketenstellungen, Luftabwehranlagen und Radarstationen der Revolutionsgarden im Iran angegriffen. Teheran reagiert nach Angaben von Staatsmedien mit Angriffen auf US-Militä… [+2760 chars]",,de,'Iran'
https://www.faz.net/aktuell/politik/ausland/liveblog-irankrieg-us-militaer-startet-neue-angriffe-auf-iran-faz-200583539.html,https://www.faz.net/aktuell/politik/ausland/liveblog-irankrieg-us-militaer-startet-neue-angriffe-auf-iran-faz-200583539.html,0,www.faz.net,Liveblog Irankrieg: US-Militär startet neue Angriffe auf Iran,US-Militär: Angriffe sollen iranische Attacken auf zivile Seeleute und Handelsschiffe verhindern +++ USA greifen in der Nacht auf Sonntag 140 Ziele in Iran an +++ Luftalarm in Golfstaaten +++ Iran schließt eigenen Angaben zufolge Straße von Hormus +++ alle En…,https://media0.faz.net/image/w1200h627/df76ae7af2a0/w6144h3210x0y443o/202607/43601.0.2312102249/ein-kampfflugzeug-manoevriert.webp,2026-07-12T21:36:38Z,,Nach nächtlichen Angriffen des US-Militärs gegen Iran herrschte in den frühen Morgenstunden in mehreren mit den USA verbündeten Golfstaaten Alarm.In Bahrain ertönten in den frühen Morgenstunden wiede… [+1031 chars],,de,'Angriff'
https://www.focus.de/finanzen/news/75-milliarden-dollar-im-minus-russlands-finanzen-geraten-trotz-hormus-krise-und-kurzzeitig-hoeheren-oelpreisen-ins-wanken_be60d0ef-db73-420e-8d02-80e71040d344.html,https://www.focus.de/finanzen/news/75-milliarden-dollar-im-minus-russlands-finanzen-geraten-trotz-hormus-krise-und-kurzzeitig-hoeheren-oelpreisen-ins-wanken_be60d0ef-db73-420e-8d02-80e71040d344.html,0,www.focus.de,75 Milliarden Dollar im Minus: Russlands Finanzen geraten trotz Hormus-Krise und kurzzeitig höheren Ölpreisen ins Wanken,Das russische Finanzministerium meldet einen düsteren Ausblick. Das Defizit ist viel höher als geplant.,"https://quadro.burda-forward.de/ctf/b7b367ac-2a72-461d-9494-edfd75c35fef.b43303a0-3b1f-43a6-9839-97c6ea501ff4.jpg?im=RegionOfInterestCrop=(1200,630),regionOfInterest=(2562,1362)&hash=4e87bff15c34ef5914a91c3cdf2dfeff1d4ea0632ffae0b82a642a6647caaed8",2026-07-12T21:43:00Z,,"Die russischen Ölpreise fallen auf ein Niveau zurück, wie es vor Beginn des Irankriegs zu sehen war. Darum muss der Kreml sich verstärkt mit einem schärferen Haushaltsdefizit auseinandersetzen. Eine … [+4299 chars]",,de,'Krise'
https://www.welt.de/wirtschaft/plus6a5534d9bd016e39ef4262cc/iran-deal-geplatzt-der-waechter-von-hormus-den-preis-fuer-trumps-schutzgeld-manoever-zahlen-die-europaeer.html,https://www.welt.de/wirtschaft/plus6a5534d9bd016e39ef4262cc/iran-deal-geplatzt-der-waechter-von-hormus-den-preis-fuer-trumps-schutzgeld-manoever-zahlen-die-europaeer.html,0,www.welt.de,Der „Wächter von Hormus“? – Den Preis für Trumps Schutzgeld-Manöver zahlen die Europäer,"Die Straße von Hormus war nie gesperrt, dann kam der Irankrieg. Jetzt verlangt Donald Trump eine 20-Prozent-Abgabe für Handelsschiffe. Was der US-Präsident als Erfolg verkauft, offenbart sein wahres Problem – und bedeutet für Europa nichts Gutes.",https://images.welt.de/6a5534d9bd016e39ef4262cc/b24fabd23def691e1c85dc372df7b1c5-master/ci16x9-w1200/gettyimages-2285231110-jpg,2026-07-12T22:00:00Z,,"Die Straße von Hormus war nie gesperrt, dann kam der Irankrieg. Jetzt verlangt Donald Trump eine 20-Prozent-Abgabe für Handelsschiffe. Was der US-Präsident als Erfolg verkauft, offenbart sein wahres … [+44 chars]",,de,'Hormus'
https://www.n-tv.de/politik/US-Militaer-greift-wieder-im-Iran-an-Revolutionsgarden-beschiessen-US-Stuetzpunkte-id31078034.html,https://www.n-tv.de/politik/US-Militaer-greift-wieder-im-Iran-an-Revolutionsgarden-beschiessen-US-Stuetzpunkte-id31078034.html,0,www.n-tv.de,Nach Angriffen auf Frachter: US-Militär greift wieder im Iran an - Revolutionsgarden beschießen US-Stützpunkte,"Im Streit um die Straße von Hormus greift erneut die US-Armee ein. Nachdem die Revolutionsgarden die Handelsstraße für gesperrt erklärt haben, attackieren die US-Streitkräfte die zweite Nacht in Folge Ziele im Iran. Teheran erklärt die bisherigen diplomatisch…",https://www.n-tv.de/img/31078031/1783901203/Img_16_9/1200/A-projectile-is-fired-during-what-the-U-S-Central-Command-CENTCOM-said-was-a-third-round-of-strikes-this-week-against-Iran-in-this-screen-grab-taken-from-a-handout-video-released-on-July-11-2026-U-S-Central-Command-Handout-via-REUTERS-THIS-IMAGE-HAS-BEEN-SUPPLIED-BY-A-THIRD-PARTY-MANDATORY-CREDIT-VERIFICATION-Location-and-date-could-not-be-verified-No-earlier-version-of-the-video-found-posted-online-before-Saturday-July-11.jpg,2026-07-12T22:22:30Z,,"Schon in der vergangenen Nacht hatte die US-Armee nach eigenen Angaben etwa 140 Ziele attackiert. (Foto: via REUTERS)
Im Streit um die Straße von Hormus greift erneut die US-Armee ein. Nachdem die R… [+3510 chars]",,de,'Iran'
https://www.tagesschau.de/ausland/asien/usa-iran-angriffe-112.html,https://www.tagesschau.de/ausland/asien/usa-iran-angriffe-112.html,0,www.tagesschau.de,Neue US-Angriffe auf Iran,"In der Nacht hat das US-Militär erneut Ziele in Iran bombardiert. Damit solle die Fähigkeit Teherans eingeschränkt werden, Handelsschiffe in der Straße von Hormus zu attackieren, hieß es.",https://images.tagesschau.de/image/85e75c9a-a1ed-4683-9c4d-6e2514a81630/AAABn1iE0OI/AAABnSSvrFg/16x9-big/usa-iran-176.jpg?width=1280,2026-07-13T01:25:42Z,,"Stand: 13.07.2026 03:25 Uhr
In der Nacht hat das US-Militär erneut Ziele in Iran bombardiert. Damit solle die Fähigkeit Teherans eingeschränkt werden, Handelsschiffe in der Straße von Hormus zu atta… [+1793 chars]",,de,'Iran'
https://www.zeit.de/news/2026-07/13/eu-und-ukraine-unterstuetzer-beraten-ueber-weitere-hilfen,https://www.zeit.de/news/2026-07/13/eu-und-ukraine-unterstuetzer-beraten-ueber-weitere-hilfen,0,www.zeit.de,Abwehrkampf gegen Russland: EU und Ukraine-Unterstützer beraten über weitere Hilfen,Hier finden Sie Informationen zu dem Thema „Abwehrkampf gegen Russland“. Lesen Sie jetzt „EU und Ukraine-Unterstützer beraten über weitere Hilfen“.,https://img.zeit.de/news/2026-07/13/eu-und-ukraine-unterstuetzer-beraten-ueber-weitere-hilfen-image-group/wide__1300x731,2026-07-13T03:00:33Z,,Die sogenannte Koalition der Willigen aus westlichen Unterstützerländern der Ukraine kommt am Montag zu Beratungen in Paris zusammen. Bei den Gesprächen des von Frankreich und Großbritannien angeführ… [+3882 chars],,de,'Russland'
https://www.nzz.ch/international/kreuzgaenge-supermaerkte-innenhoefe-barcelona-kaempft-mit-hunderten-von-klimarefugien-gegen-den-hitzetod-ld.10014862,https://www.nzz.ch/international/kreuzgaenge-supermaerkte-innenhoefe-barcelona-kaempft-mit-hunderten-von-klimarefugien-gegen-den-hitzetod-ld.10014862,0,www.nzz.ch,"Kreuzgänge, Supermärkte, Innenhöfe: Barcelona kämpft mit Hunderten von Klimarefugien gegen den Hitzetod","40 Grad am Tag und 100 tropische Nächte: Die Sommer in Barcelona werden immer gefährlicher. Die Stadt versucht, mit innovativen Massnahmen gegenzusteuern – bezahlt aber für Fehler der Vergangenheit.","https://img-msp-prod.nzz.ch/2026/07/09/5a7a8ad1-ba1b-4292-a345-d832bf2d5ddc.jpg?width=1200&height=674&fit=bounds&quality=75&auto=webp&crop=6317,3553,x508,y1080&wmark=nzz",2026-07-13T03:30:00Z,,"40 Grad am Tag und 100 tropische Nächte: Die Sommer in Barcelona werden immer gefährlicher. Die Stadt versucht, mit innovativen Massnahmen gegenzusteuern bezahlt aber für Fehler der Vergangenheit.
F… [+6189 chars]",,de,'Klima'
https://www.zeit.de/news/2026-07/13/us-militaer-erklaert-angriffe-auf-iran-vorerst-fuer-beendet,https://www.zeit.de/news/2026-07/13/us-militaer-erklaert-angriffe-auf-iran-vorerst-fuer-beendet,0,www.zeit.de,Iran-Krieg: US-Militär erklärt Angriffe auf Iran vorerst für beendet,Hier finden Sie Informationen zu dem Thema „Iran-Krieg“. Lesen Sie jetzt „US-Militär erklärt Angriffe auf Iran vorerst für beendet“.,https://img.zeit.de/news/2026-07/13/us-militaer-erklaert-angriffe-auf-iran-vorerst-fuer-beendet-image-group/wide__1300x731,2026-07-13T03:53:25Z,,"Das US-Militär hat seine nächtlichen Attacken auf Ziele im Iran nach mehreren Stunden für beendet erklärt. Die Angriffswelle sei vorbei und habe Dutzende Zielobjekte mit Präzisionsmunition getroffen,… [+1850 chars]",,de,'Iran'
https://steiermark.orf.at/stories/3362148/,https://steiermark.orf.at/stories/3362148/,0,steiermark.orf.at,Pelletspreise dürften hoch bleiben,"Die Pelletspreise bleiben auch im Hochsommer auf konstant hohem Niveau. Wer gehofft hatte, in den warmen Monaten günstig einlagern zu können, wird enttäuscht. Laut ProPellets Austria ist dafür der hohe Preis für Rundholz verantwortlich.",https://ibs.orf.at/stm?image=https%3A%2F%2Foekastatic.orf.at%2Fmims%2F2022%2F20%2F39%2Fcrops%2Fw%3D1200%2Ch%3D627%2Cq%3D75%2F1347186_master_482839_downloadmedium.ashx.jpg%3Fs%3Dcc91c6f688a5839e948aa3e798487d7f12fa11d9,2026-07-13T04:10:00Z,,"Kaufen wenns heiß ist, Heizen wenns weiß ist. Mit diesem Slogan appelliert die Pellets-Industrie zur Einlagerung im Sommer. Aktuell kostet eine Tonne Pellets aber je nach Bestellmenge zwischen 390 un… [+967 chars]",,de,'Preis'
https://www.faz.net/aktuell/politik/ukraine/ukraine-liveticker-eu-und-ukraine-unterstuetzer-beraten-ueber-weitere-hilfen-faz-110683325.html,https://www.faz.net/aktuell/politik/ukraine/ukraine-liveticker-eu-und-ukraine-unterstuetzer-beraten-ueber-weitere-hilfen-faz-110683325.html,0,www.faz.net,Liveblog Ukrainekrieg: EU und Ukraine-Unterstützer beraten über weitere Hilfen,Treffen der Koalition der Willigen in Paris +++ Selenskyj kündigt Ablösung von Ministerpräsidentin Swyrydenko an – Regierungsumbildung geplant +++ alle Neuigkeiten im Liveblog,https://media0.faz.net/image/w1200h627/3c501351b3f2/w4107h2145x0y364o/202607/43601.0.2328563964/bundeskanzler-friedrich-merz.webp,2026-07-13T05:38:13Z,,Der ukrainische Präsident Wolodymyr Selenskyj hat die Ablösung von Ministerpräsidentin Julija Swyrydenko und weitere personelle Änderungen in Kiew angekündigt. Er danke Swyrydenko für ihre Arbeit und… [+2174 chars],,de,'Ukraine'
https://www.zeit.de/politik/ausland/2026-07/iran-krieg-kosten-merz-5vor8,https://www.zeit.de/politik/ausland/2026-07/iran-krieg-kosten-merz-5vor8,0,www.zeit.de,Irankrieg: Sind uns unsere Prinzipien nichts mehr wert?,"Es wirkt, als sei der Irankrieg für den Bundeskanzler vor allem eine lästige Störung. Die Europäer haben diesen nicht begonnen – doch er sollte auch ihr Kampf sein.",https://img.zeit.de/politik/ausland/2026-07/iran-krieg-kosten-merz-5vor8-bild/wide__1300x731,2026-07-13T06:04:15Z,,"Es war ein denkwürdiger Tag, als Winston Churchill im Mai
1940 im britischen Unterhaus feststellte:
»Dieser Krieg schadet uns allen, übrigens auch den USA. Niemand kann sich diese
wirtschaftlichen… [+893 chars]",,de,'Inflation'
https://www.zeit.de/news/2026-07/13/oelpreise-ziehen-deutlich-an-weitere-us-angriffe-am-golf,https://www.zeit.de/news/2026-07/13/oelpreise-ziehen-deutlich-an-weitere-us-angriffe-am-golf,0,www.zeit.de,Rohstoffe: Ölpreise ziehen deutlich an - weitere US-Angriffe am Golf,Hier finden Sie Informationen zu dem Thema „Rohstoffe“. Lesen Sie jetzt „Ölpreise ziehen deutlich an - weitere US-Angriffe am Golf“.,https://img.zeit.de/news/2026-07/13/oelpreise-ziehen-deutlich-an-weitere-us-angriffe-am-golf-image-group/wide__1300x731,2026-07-13T06:24:44Z,,Die Ölpreise haben am Montag nach einer weiteren Angriffswelle des US-Militärs deutlich zugelegt. Ein Barrel (159 Liter) der Referenzsorte Brent zur Lieferung im September legte im frühen Handel zule… [+1619 chars],,de,'Angriff'
https://www.faz.net/aktuell/wirtschaft/unternehmen/50-000-drohnen-fuer-die-ukraine-ki-plattform-verspricht-erfolge-auf-breiter-front-accg-201022182.html,https://www.faz.net/aktuell/wirtschaft/unternehmen/50-000-drohnen-fuer-die-ukraine-ki-plattform-verspricht-erfolge-auf-breiter-front-accg-201022182.html,0,www.faz.net,KI-Ausrüstung von Auterion: Ein Schwarm von 50.000 Drohnen für die Ukraine,Es ist einer der größten Drohnenaufträge für die angegriffene Ukraine. Die KI-Plattform verspricht Erfolge auf breiter Front.,https://media0.faz.net/image/w1200h627/23a9594d656f/w1563h816x135y31o/202602/43601.0.1737566274/das-us-militaer-setzt-schon.webp,2026-07-13T06:34:02Z,,Im Abwehrkampf gegen Russland kommt ein neuer Großauftrag für die Ukraine zustande. An diesem Montag geben nach F.A.Z.-Informationen das amerikanisch-europäische Unternehmen Auterion und der ukrainis… [+5462 chars],,de,'Ukraine'
https://www.zeit.de/wirtschaft/2026-07/usa-iran-angriffe-golf-strasse-von-hormus-oelpreis,https://www.zeit.de/wirtschaft/2026-07/usa-iran-angriffe-golf-strasse-von-hormus-oelpreis,0,www.zeit.de,USA und Iran: Ölpreise steigen nach neuen Angriffen am Golf,Die neuen US-Angriffe auf den Iran und iranische Attacken in der Golfregion lassen den Ölpreis steigen. Der Anstieg ist aber deutlich geringer als zu Beginn des Krieges.,https://img.zeit.de/wirtschaft/2026-07/persischer-golf-strasse-von-hormus-iran-oelpreis-foto-1/wide__1300x731,2026-07-13T06:39:10Z,,"Nach den neuen Angriffen der USA auf den Iran und iranischen Attacken in der Golfregion ist der Ölpreis gestiegen. Ein Barrel (159 Liter) der Nordseesorte Brent verteuerte sich um 3,3 Prozent auf 78,… [+915 chars]",,de,'Iran'
https://www.tagesschau.de/ausland/asien/iran-usa-strasse-hormus-102.html,https://www.tagesschau.de/ausland/asien/iran-usa-strasse-hormus-102.html,0,www.tagesschau.de,USA-Iran-Konflikt: Wie geht es weiter mit der Straße von Hormus?,"Der Krieg zwischen den USA und Iran flammt wieder auf, US-Präsident Trump reagiert zunehmend gereizt. Hauptstreitpunkt bleibt die Straße von Hormus. Ein Ausweg - geschweige denn ein Atomabkommen - scheint nicht in Sicht. Von M. Ganslmeier.",https://images.tagesschau.de/image/e1d079e4-5936-47e1-9d57-e25fa716eb7f/AAABn1oJvmA/AAABnSSvrFg/16x9-big/schiffe-strasse-von-hormus-106.jpg?width=1280,2026-07-13T06:55:05Z,,"Stand: 13.07.2026 08:55 Uhr
Der Krieg zwischen den USA und Iran flammt wieder auf, US-Präsident Trump reagiert zunehmend gereizt. Hauptstreitpunkt bleibt die Straße von Hormus. Ein Ausweg - geschwei… [+3179 chars]",,de,'Iran'
https://www.zeit.de/news/2026-07/13/angriff-mit-pfefferspray-zwei-maenner-leicht-verletzt,https://www.zeit.de/news/2026-07/13/angriff-mit-pfefferspray-zwei-maenner-leicht-verletzt,0,www.zeit.de,Kriminalität: Angriff mit Pfefferspray - zwei Männer leicht verletzt,Hier finden Sie Informationen zu dem Thema „Kriminalität“. Lesen Sie jetzt „Angriff mit Pfefferspray - zwei Männer leicht verletzt“.,https://img.zeit.de/news/2026-07/13/angriff-mit-pfefferspray-zwei-maenner-leicht-verletzt-image-group/wide__1300x731,2026-07-13T07:06:51Z,,"In Gera sind zwei Männer mit Pfefferspray angegriffen und so leicht verletzt worden. Wie die Polizei mitteilte, wurden die 18 und 22 Jahre alten Männer in der Nacht von drei Unbekannten attackiert. D… [+623 chars]",,de,'Angriff'
https://www.teltarif.de/zimmer-kuehlen-hitze-wohnung-klimageraete/news/104658.html,https://www.teltarif.de/zimmer-kuehlen-hitze-wohnung-klimageraete/news/104658.html,0,www.teltarif.de,Hitze in der Wohnung: So lassen sich Räume im Sommer abkühlen,"Um der Sommerhitze zu entkommen, helfen oft schon abgedunkelte Fenster und Lüften am Abend. Reicht das nicht aus, sorgen Klimageräte oder Ventilatoren für Abkühlung.",https://www.teltarif.de/img/arch/2026/kw29/zimmer-kuehlen-hitze-wohnung-klimageraete-1og.jpg,2026-07-13T07:45:00Z,,"Bei sommer­licher Hitze heizen sich Wohnungen, Häuser und Büros unangenehm auf. Große, unge­schützte Fens­terflä­chen, fehlende Dämmung oder interne Wärme­quellen wie Computer und Fernseher treiben d… [+4697 chars]",,de,'heizen'
https://www.kino.de/news/noch-diese-woche-bei-prosieben-frieren-staffel-2-feiert-free-tv-premiere--01KWEEPA0F197E1J2V89FQTFZN,https://www.kino.de/news/noch-diese-woche-bei-prosieben-frieren-staffel-2-feiert-free-tv-premiere--01KWEEPA0F197E1J2V89FQTFZN,0,www.kino.de,Noch diese Woche bei ProSieben: „Frieren“ Staffel 2 feiert Free-TV-Premiere,"„Frieren“ ist nicht nur auf Crunchyroll ein Hit, sondern zuletzt auch auf Netflix. Bevor es dort weitergeht, könnt ihr die zweite Staffel im Free-TV sehen.",https://static.kino.de/fd/75/52/4d7969b18186109da4138accfa_ZmMgNjY0MTVhNzRmZmZmIDE5MjAgMTA4MANmNTQ5YjExZDFhZg==.jpg,2026-07-13T08:04:17Z,,"Frieren ist nicht nur auf Crunchyroll ein Hit, sondern zuletzt auch auf Netflix. Bevor es dort weitergeht, könnt ihr die zweite Staffel im Free-TV sehen.
Die erste Anlaufstelle für Animes ist und bl… [+2168 chars]",,de,'Frieren'
https://www.zeit.de/news/2026-07/13/angriff-auf-spaetkauf-in-potsdam,https://www.zeit.de/news/2026-07/13/angriff-auf-spaetkauf-in-potsdam,0,www.zeit.de,Loch in der Scheibe: Angriff auf Spätkauf in Potsdam,Hier finden Sie Informationen zu dem Thema „Loch in der Scheibe“. Lesen Sie jetzt „Angriff auf Spätkauf in Potsdam“.,https://img.zeit.de/news/2026-07/13/angriff-auf-spaetkauf-in-potsdam-image-group/wide__1300x731,2026-07-13T08:21:33Z,,"Nach einem Angriff auf einen Spätkauf in Potsdam ermittelt die Polizei. Seit sechs Uhr heute Morgen hätten die Beamten Kenntnis von einer beschädigten Scheibe des Geschäftes im Potsdamer Westen, sagt… [+290 chars]",,de,'Angriff'
https://www.faz.net/aktuell/politik/ausland/liveblog-irankrieg-iran-sieht-sich-bei-us-verstoessen-nicht-mehr-an-rahmenabkommen-gebunden-faz-200583539.html,https://www.faz.net/aktuell/politik/ausland/liveblog-irankrieg-iran-sieht-sich-bei-us-verstoessen-nicht-mehr-an-rahmenabkommen-gebunden-faz-200583539.html,0,www.faz.net,Liveblog Irankrieg: Iran sieht sich bei US-Verstößen nicht mehr an Rahmenabkommen gebunden,Baghaei: Vertragsbrüche gingen jedes Mal von Washington aus +++ Neue US-Angriffswelle gegen Iran – erstmals Seedrohne im Einsatz +++ Ölpreis steigt +++  alle Entwicklungen im Liveblog,https://media0.faz.net/image/w1200h627/7ea3bfe6e871/w4602h2404x281y832o/202607/43601.0.2317217786/esmail-baghai-sprecher-des.webp,2026-07-13T08:30:18Z,,"Das US-Militär greift nach eigenen Angaben abermals Ziele in Iran an. Damit solle die Fähigkeit des Landes geschwächt werden, zivile Seeleute und Handelsschiffe bei der Durchfahrt durch die Straße vo… [+680 chars]",,de,'Angriff'
https://www.faz.net/aktuell/wirtschaft/immobilien-wohnen/energie-heizung/hitze-fordert-europas-staedte-heraus-wie-reagieren-andere-laender-accg-200987435.html,https://www.faz.net/aktuell/wirtschaft/immobilien-wohnen/energie-heizung/hitze-fordert-europas-staedte-heraus-wie-reagieren-andere-laender-accg-200987435.html,0,www.faz.net,Immobilien im Wandel: Hitzewellen fordern Europas Städte heraus,"Schatten, Pflanzen und Klimaanlagen: Städte bemühen sich um Abkühlung im Sommer. Wie reagieren andere Länder auf die Hitze?",https://media0.faz.net/image/w1200h627/178a2fc69fb7/w5635h2944x0y363o/202607/43601.0.2289889037/wasserspiele-im-madrid-rio.webp,2026-07-13T08:46:13Z,,"Im Sommer kommt es zu immer neuen Hitzerekorden. Vor allem in den belebten Städten steigen die Temperaturen an. Viel Beton, wenig Grünflächen: Der urbane Raum heizt sich tendenziell auf. Das stellt d… [+14081 chars]",,de,'heizen'
https://www.tagesschau.de/ausland/europa/ukraine-russland-koalition-der-willigen-eu-aussenminister-100.html,https://www.tagesschau.de/ausland/europa/ukraine-russland-koalition-der-willigen-eu-aussenminister-100.html,0,www.tagesschau.de,"""Koalition der Willigen"" berät über weitere Hilfen für die Ukraine","Russlands Krieg gegen die Ukraine ist heute Thema in Paris und Brüssel. Bevor die ""Koalition der Willigen"" über weitere militärische Hilfe für die Ukraine berät, verhandeln die EU-Außenminister über nächste Sanktionen gegen Russland.",https://images.tagesschau.de/image/76944ba3-549d-46ee-8fe5-208b959b90f4/AAABn1qUOzk/AAABnSSvrFg/16x9-big/wadephul-368.jpg?width=1280,2026-07-13T09:23:04Z,,"Stand: 13.07.2026 11:23 Uhr
Russlands Krieg gegen die Ukraine ist heute Thema in Paris und Brüssel. Bevor die ""Koalition der Willigen"" über weitere militärische Hilfe für die Ukraine berät, verhande… [+5852 chars]",,de,'Russland'
https://www.zeit.de/news/2026-07/13/vw-chef-nennt-erstmals-zahl-bis-zu-50-000-jobs-bedroht,https://www.zeit.de/news/2026-07/13/vw-chef-nennt-erstmals-zahl-bis-zu-50-000-jobs-bedroht,0,www.zeit.de,Autokonzern in der Krise: VW-Chef nennt erstmals Zahl: Bis zu 50.000 Jobs bedroht,Hier finden Sie Informationen zu dem Thema „Autokonzern in der Krise“. Lesen Sie jetzt „VW-Chef nennt erstmals Zahl: Bis zu 50.000 Jobs bedroht“.,https://img.zeit.de/news/2026-07/13/vw-chef-nennt-erstmals-zahl-bis-zu-50-000-jobs-bedroht-image-group/wide__1300x731,2026-07-13T09:53:14Z,,Volkswagen-Konzernchef Oliver Blume hat erstmals das mögliche Ausmaß der erwarteten Einschnitte bei Europas größtem Autobauer genannt. Ohne Veränderung der Arbeitskosten würde sich eine Größenordnung… [+972 chars],,de,'Krise'
https://www.zeit.de/politik/deutschland/2026-07/iranische-zeitung-hamshahri-liste-friedrich-merz-anschlag,https://www.zeit.de/politik/deutschland/2026-07/iranische-zeitung-hamshahri-liste-friedrich-merz-anschlag,0,www.zeit.de,Iran: Sicherheitspolitiker warnen vor iranischen Anschlägen in Deutschland,"Eine iranische Tageszeitung ruft zu »Rache« an westlichen Politikern auf – auch an Friedrich Merz. Politiker von Union, SPD und Grünen mahnen, die Gefahr ernstzunehmen.",https://img.zeit.de/politik/deutschland/2026-07/iranische-zeitung-hamshahri-liste-friedrich-merz-anschlag-foto-1/wide__1300x731,2026-07-13T10:22:58Z,,"Politiker von Union, SPD und Grünen haben angesichts eines Racheaufrufs gegen westliche Politiker in einer iranischen Tageszeitung vor Anschlägen in Deutschland gewarnt. Die auflagenstarke Tageszeitu… [+1226 chars]",,de,'Iran'
https://www.faz.net/aktuell/politik/ukraine/ukraine-liveticker-eu-verhaengt-sanktionen-gegen-russland-wegen-cyberangriffen-faz-110683325.html,https://www.faz.net/aktuell/politik/ukraine/ukraine-liveticker-eu-verhaengt-sanktionen-gegen-russland-wegen-cyberangriffen-faz-110683325.html,0,www.faz.net,Liveblog Ukrainekrieg: EU verhängt Sanktionen gegen Russland wegen Cyberangriffen,Berlin bestellt russischen Botschafter ein +++ EU und Ukraine-Unterstützer beraten über weitere Hilfen +++ Selenskyj kündigt Regierungsumbildung an +++ alle Neuigkeiten im Liveblog,https://media0.faz.net/image/w1200h627/ef272dd316ff/w4000h2090x0y289o/202607/43601.0.2330559647/das-moskauer-hauptquartier-des.webp,2026-07-13T10:37:05Z,,Der ukrainische Präsident Wolodymyr Selenskyj hat die Ablösung von Ministerpräsidentin Julija Swyrydenko und weitere personelle Änderungen in Kiew angekündigt. Er danke Swyrydenko für ihre Arbeit und… [+2174 chars],,de,'Russland'
https://www.welt.de/wirtschaft/plus6a54964efa6efd2265aa64e1/die-flug-inflation-eskaliert-und-jetzt-laufen-die-schuetzenden-hedges-aus.html,https://www.welt.de/wirtschaft/plus6a54964efa6efd2265aa64e1/die-flug-inflation-eskaliert-und-jetzt-laufen-die-schuetzenden-hedges-aus.html,0,www.welt.de,Die Flug-Inflation eskaliert – und jetzt laufen die schützenden „Hedges“ aus,"Die Flugpreise in Deutschland sind im ersten Halbjahr stark angestiegen, zu Zielen in beliebten Regionen um mehr als zehn Prozent. Vieles deutet darauf hin, dass sich die Entwicklung noch verstärkt – was auch mit dem Hedging-Problem zu tun hat.",https://images.welt.de/6a54964efa6efd2265aa64e1/a53b1ec5f7cd5f50d17f3bca76df5a02/ci16x9-w1200/dpa-com-260507-911-017218-jpg,2026-07-13T11:32:44Z,,"Die Flugpreise in Deutschland sind im ersten Halbjahr stark angestiegen, zu Zielen in beliebten Regionen um mehr als zehn Prozent. Vieles deutet darauf hin, dass sich die Entwicklung noch verstärkt w… [+42 chars]",,de,'Inflation'
https://www.zeit.de/news/2026-07/13/bericht-land-prueft-beteiligung-an-vw-werk-osnabrueck,https://www.zeit.de/news/2026-07/13/bericht-land-prueft-beteiligung-an-vw-werk-osnabrueck,0,www.zeit.de,Krise bei Volkswagen: Bericht: Land prüft Beteiligung an VW-Werk Osnabrück,Hier finden Sie Informationen zu dem Thema „Krise bei Volkswagen“. Lesen Sie jetzt „Bericht: Land prüft Beteiligung an VW-Werk Osnabrück“.,https://img.zeit.de/news/2026-07/13/bericht-land-prueft-beteiligung-an-vw-werk-osnabrueck-image-group/wide__1300x731,2026-07-13T13:12:06Z,,Das Land Niedersachsen prüft einem Bericht zufolge eine Beteiligung an dem vom Aus bedrohten Volkswagen-Werk in Osnabrück. Das Wirtschaftsmagazin «Capital» schreibt unter Berufung auf Beteiligte am R… [+1596 chars],,de,'Krise'
https://www.zeit.de/politik/ausland/2026-07/us-praesident-donald-trump-verkuendet-erneute-seeblockade-gegen-den-iran,https://www.zeit.de/politik/ausland/2026-07/us-praesident-donald-trump-verkuendet-erneute-seeblockade-gegen-den-iran,0,www.zeit.de,US-Präsident Donald Trump verkündet erneute Seeblockade gegen den Iran,Lesen Sie jetzt „US-Präsident Donald Trump verkündet erneute Seeblockade gegen den Iran“.,https://img.zeit.de/administratives/eilmeldung/fallback-bild/wide__1300x731,2026-07-13T14:34:30Z,,"Schließen
Artikelzusammenfassung
US-Präsident Donald Trump kündigt die Wiederaufnahme der Seeblockade in der Straße von Hormus an, um Schiffe, die iranische Häfen ansteuern oder verlassen, zu stopp… [+411 chars]",,de,'Hormus'
https://www.faz.net/aktuell/politik/sanktionen-gegen-moskau-berlin-verteidigt-fischstaebchen-201024478.html,https://www.faz.net/aktuell/politik/sanktionen-gegen-moskau-berlin-verteidigt-fischstaebchen-201024478.html,0,www.faz.net,"Sanktionen gegen Moskau: Deutschland will der Ukraine helfen, aber dann sind da die Fischstäbchen",Die EU-Außenminister verhandeln über das nächste Sanktionspaket gegen Russland. Und beißen sich daran die Zähne aus. Deutschland ist von Russland abhängig – beim Seelachs.,https://media0.faz.net/image/w1200h627/a7b7bd285399/w3000h1567x0y342o/202304/43600.0.1626812523/ein-mitarbeiter-kontrolliert.webp,2026-07-13T14:39:59Z,,"Mit dem Wechsel der ungarischen Regierung war in Brüssel eine Hoffnung verbunden: dass es künftig einfacher wäre, Sanktionen gegen Russland zu beschließen. Tatsächlich ist jedoch das Gegenteil einget… [+5356 chars]",,de,'Russland'
https://www.faz.net/aktuell/politik/ukraine/eu-russland-sanktionen-deutschland-fuer-fischstaebchen-201025289.html,https://www.faz.net/aktuell/politik/ukraine/eu-russland-sanktionen-deutschland-fuer-fischstaebchen-201025289.html,0,www.faz.net,Russland-Sanktionen: Berlins Kampf für die Fischstäbchen,"Deutschlands Glaubwürdigkeit in der Ukrainepolitik leidet darunter, dass die Bundesregierung gegen Einfuhrbeschränkungen für russischen Fisch ist. Wie kann man da anderen Staaten ihre Ausnahmewünsche übelnehmen?",https://media0.faz.net/image/w1200h627/fe8b00338f35/w5700h2978x0y411o/202607/43601.0.2330282945/wadephul-vor-dem-treffen-mit.webp,2026-07-13T14:40:51Z,,"Deutschlands Außenminister Johann Wadephul hat sich am Montag abermals dafür ausgesprochen, den von der EU verhängten Preisdeckel für russisches Öl auf dem niedrigen Niveau der vergangenen Monate zu … [+1294 chars]",,de,'Russland'
https://www.tagesschau.de/wirtschaft/konjunktur/stimmung-wohnungsbau-ifo-100.html,https://www.tagesschau.de/wirtschaft/konjunktur/stimmung-wohnungsbau-ifo-100.html,0,www.tagesschau.de,ifo-Umfrage: Unternehmen im Wohnungsbau werden pessimistischer,Wohnungsbau-Unternehmen bewerten ihre Geschäftsaussichten so schlecht wie seit über einem Jahr nicht mehr. Das liegt auch am Iran-Krieg. Können neue Maßnahmen der Bundesregierung helfen?,https://images.tagesschau.de/image/733a09fc-4c20-48d9-be4d-d296e6dd23f0/AAABnisl4_4/AAABnSSvrFg/16x9-big/wohnungsbau-288.jpg?width=1280,2026-07-13T14:46:17Z,,"Stand: 13.07.2026 16:46 Uhr
Wohnungsbau-Unternehmen bewerten ihre Geschäftsaussichten so schlecht wie seit über einem Jahr nicht mehr. Das liegt auch am Iran-Krieg. Können neue Maßnahmen der Bundesr… [+2164 chars]",,de,'Inflation'
https://www.faz.net/aktuell/politik/ausland/liveblog-irankrieg-strasse-von-hormus-trump-will-abgabe-in-hoehe-von-20-prozent-auf-fracht-faz-200583539.html,https://www.faz.net/aktuell/politik/ausland/liveblog-irankrieg-strasse-von-hormus-trump-will-abgabe-in-hoehe-von-20-prozent-auf-fracht-faz-200583539.html,0,www.faz.net,Liveblog Irankrieg: Straße von Hormus: Trump will Abgabe in Höhe von 20 Prozent auf Fracht,Amerika würde künftig „Wächter“ der Meerenge +++ Iran sieht sich bei US-Verstößen nicht mehr an Rahmenabkommen gebunden +++ Neue amerikanische Angriffswelle gegen Iran +++ alle Entwicklungen im Liveblog,https://media0.faz.net/image/w1200h627/dca43117f730/w4927h2574x0y355o/202607/43601.0.2331342991/donald-trump-an-bord-der-air.webp,2026-07-13T14:52:47Z,,"Der Krieg gegen Iran richtet sich nicht nur gegen die Islamische Republik, sondern auch gegen seine Verbündeten. Am Montag wurde deshalb offenbar der internationale Flughafen der jemenitischen Haupts… [+970 chars]",,de,'Hormus'
https://www.faz.net/aktuell/politik/ausland/drohnenangriff-nahe-moskau-drei-tote-im-umland-201024315.html,https://www.faz.net/aktuell/politik/ausland/drohnenangriff-nahe-moskau-drei-tote-im-umland-201024315.html,0,www.faz.net,Russlands Krieg: Im Kreml gibt nur ein Todesfall Anlass zur Freude,"Putins Einpeitscher freuen sich über den Tod von Lindsey Graham. Zuletzt gelang es Russlands Herrscher immer schlechter, Trump zu beeinflussen.",https://media0.faz.net/image/w1200h627/40a3ddf14929/w5726h2991x0y345o/202607/43601.0.2322238388/es-laeuft-nicht-russlands.webp,2026-07-13T14:54:20Z,,"Auch im Moskauer Umland kommt es neuerdings häufig zu Schäden durch ukrainische Drohnenangriffe. Aber dass, wie in der Nacht auf Montag, drei Menschen getötet werden, hatte es zuvor erst zweimal gege… [+5497 chars]",,de,'Russland'
https://www.faz.net/aktuell/feuilleton/kunst-und-architektur/ausstellung/kriegsbedingt-ausgelagert-ukrainisches-khanenko-nationalmuseum-ist-in-aschaffenburg-zu-sehen-201007031.html,https://www.faz.net/aktuell/feuilleton/kunst-und-architektur/ausstellung/kriegsbedingt-ausgelagert-ukrainisches-khanenko-nationalmuseum-ist-in-aschaffenburg-zu-sehen-201007031.html,0,www.faz.net,Khanenko Museum in Franken: Was Putin nicht zerstören konnte,Mit dem kriegsbedingt ausgelagerten Kiewer Khanenko-Nationalmuseum ist die bedeutendste Kunstsammlung der Ukraine nun im fränkischen Aschaffenburg zu sehen: Ein einmaliges Erlebnis trotz des traurigen Anlasses.,https://media0.faz.net/image/w1200h627/84b452b38b63/w6218h3248x0y376o/202607/43601.0.2308381033/wie-atmend-juan-de-zurbar-ns.webp,2026-07-13T15:09:49Z,,Unter dem Titel A European Collection  Meisterwerke aus dem Khanenko Museum in Kyjiw sind 73 Gemälde und Skulpturen von Spanien im Westen des Kontinents bis hin zu ukrainischer Kunst im Christian Sch… [+10074 chars],,de,'Ukraine'
https://www.tagesschau.de/ausland/asien/iran-krieg-usa-trump-seeblockade-100.html,https://www.tagesschau.de/ausland/asien/iran-krieg-usa-trump-seeblockade-100.html,0,www.tagesschau.de,US-Präsident Trump kündigt neue Seeblockade gegen Iran an,Nach erneuten gegenseitigen Angriffen kündigt US-Präsident Trump eine neue Seeblockade gegen Iran an. Zudem wollen die USA in der Straße von Hormus offenbar selbst mitverdienen. Die tatsächliche Lage vor Ort bleibt jedoch unklar.,https://images.tagesschau.de/image/16428715-51e5-4ec4-929a-9bb6f75be57c/AAABn1v9Hxk/AAABnSSvrFg/16x9-big/trump-5134.jpg?width=1280,2026-07-13T15:41:04Z,,"Stand: 13.07.2026 17:41 Uhr
Nach erneuten gegenseitigen Angriffen kündigt US-Präsident Trump eine neue Seeblockade gegen Iran an. Zudem wollen die USA in der Straße von Hormus offenbar selbst mitver… [+2001 chars]",,de,'Iran'
https://www.zeit.de/politik/ausland/2026-07/fotograf-gaza-situation-journalismus-saher-alghorra,https://www.zeit.de/politik/ausland/2026-07/fotograf-gaza-situation-journalismus-saher-alghorra,0,www.zeit.de,"Fotograf in Gaza: »Wer hat noch mal in dem Haus gewohnt, das dort stand?«","Saher Alghorra lebt in Gaza. Mit seinen Fotografien gewann er den Pulitzer-Preis. Er erzählt vom Alltag in der Waffenruhe und davon, was die Menschen dort beschäftigt.",https://img.zeit.de/politik/ausland/2026-07/fotograf-gaza-situation-journalismus-saher-alghorra-bild-bild-09/wide__1300x731,2026-07-13T16:08:25Z,,"Saher Alghorra, 30, ist Fotojournalist in Gaza. Er dokumentiert den Krieg, aber auch den Alltag der Menschen unter anderem für die ZEIT und für die »New York Times«. Für seine Arbeit wurde er mehrfac… [+525 chars]",,de,'Preis'
https://www.faz.net/aktuell/politik/ukraine/ukraine-liveticker-europa-staerkt-ukraine-neues-buendnis-fuer-raketenabwehr-faz-110683325.html,https://www.faz.net/aktuell/politik/ukraine/ukraine-liveticker-europa-staerkt-ukraine-neues-buendnis-fuer-raketenabwehr-faz-110683325.html,0,www.faz.net,Liveblog Ukrainekrieg: Europa stärkt Ukraine – neues Bündnis für Raketenabwehr,Selenskyj wirbt für Investitionen in Raketenabwehrprogramm +++ Russischer Kriegsgegner Boris Nadjeschdin festgenommen +++ Deutscher Botschafter in Moskau einbestellt +++ alle Neuigkeiten im Liveblog,https://media0.faz.net/image/w1200h627/f6b23d3a7c10/w6000h3135x0y745o/202607/43601.0.2331621157/treffen-der-sogenannten.webp,2026-07-13T16:33:33Z,,"Der deutsche Botschafter Alexander Graf Lambsdorff ist ins russische Außenministerium einbestellt worden. Das Ministerium informierte in den sozialen Netzwerken über die Einbestellung, nannte aber zu… [+1967 chars]",,de,'Ukraine'
https://www.zeit.de/news/2026-07/13/us-iran-rahmenabkommen-was-hat-trump-ueberhaupt-erreicht,https://www.zeit.de/news/2026-07/13/us-iran-rahmenabkommen-was-hat-trump-ueberhaupt-erreicht,0,www.zeit.de,Iran-Krieg: US-Iran-Rahmenabkommen: Was hat Trump überhaupt erreicht?,Hier finden Sie Informationen zu dem Thema „Iran-Krieg“. Lesen Sie jetzt „US-Iran-Rahmenabkommen: Was hat Trump überhaupt erreicht?“.,https://img.zeit.de/news/2026-07/13/us-iran-rahmenabkommen-was-hat-trump-ueberhaupt-erreicht-image-group/wide__1300x731,2026-07-13T18:01:57Z,,Vor knapp einem Monat ist das Rahmenabkommen zwischen den USA und dem Iran in Kraft getreten. Es sollte der Startpunkt für vertiefte Verhandlungen mit dem Ziel eines dauerhaften Kriegsendes sein. In … [+5346 chars],,de,'Hormus'
https://www.faz.net/aktuell/wirtschaft/mehr-wirtschaft/chinesische-arbeiter-in-russland-proteste-wegen-ausbleibender-loehne-201016824.html,https://www.faz.net/aktuell/wirtschaft/mehr-wirtschaft/chinesische-arbeiter-in-russland-proteste-wegen-ausbleibender-loehne-201016824.html,0,www.faz.net,"„Putin, Helfen Sie“: Wenn chinesische Arbeiter in Russland protestieren","Tausende Chinesen arbeiten auf Baustellen und in Fabriken in Russland. Doch weil sie nicht bezahlt werden, kommt es immer wieder zu Protesten. Selbst die Konsulate mahnen schon.",https://media0.faz.net/image/w1200h627/132632cccbe0/w850h444x0y45o/202607/43601.0.2327775323/schon-im-april-auf-der-strasse.webp,2026-07-13T18:05:27Z,,"Die Chinesen sind wütend. Sie protestieren, streiken, posten Videos in ihren sozialen Medien. Seit Monaten sind die Arbeiter aus der Volksrepublik in Ust-Luga, einer Siedlung mit angeschlossenem Seeh… [+8390 chars]",,de,'Russland'
https://www.zeit.de/news/2026-07/13/macron-ueberrascht-mit-ankuendigung-von-manoevern-fuer-ukraine,https://www.zeit.de/news/2026-07/13/macron-ueberrascht-mit-ankuendigung-von-manoevern-fuer-ukraine,0,www.zeit.de,Koalition der Willigen: Macron überrascht mit Ankündigung von Manövern für Ukraine,Hier finden Sie Informationen zu dem Thema „Koalition der Willigen“. Lesen Sie jetzt „Macron überrascht mit Ankündigung von Manövern für Ukraine“.,https://img.zeit.de/news/2026-07/13/macron-ueberrascht-mit-ankuendigung-von-manoevern-fuer-ukraine-image-group/wide__1300x731,2026-07-13T20:15:36Z,,Frankreichs Präsident Emmanuel Macron hat überraschend schon für die nächsten Monate gemeinsame Manöver der «Koalition der Willigen» der Ukraine-Verbündeten in den Nachbarländern des von Russland ang… [+5159 chars],,de,'Ukraine'
https://www.zeit.de/news/2026-07/13/trump-kuendigte-weitere-angriffe-auf-den-iran-an,https://www.zeit.de/news/2026-07/13/trump-kuendigte-weitere-angriffe-auf-den-iran-an,0,www.zeit.de,Iran-Krieg: Trump kündigte weitere Angriffe auf den Iran an,Hier finden Sie Informationen zu dem Thema „Iran-Krieg“. Lesen Sie jetzt „US-Militär: Haben neue Angriffe auf den Iran begonnen“.,https://img.zeit.de/news/2026-07/13/trump-kuendigte-weitere-angriffe-auf-den-iran-an-image-group/wide__1300x731,2026-07-13T21:03:12Z,,"Das US-Militär greift nach eigenen Angaben erneut iranische Ziele an. Um 16.45 US-Ortsküstenzeit (22.45 deutscher Zeit) hätten die Streitkräfte die dritte Nacht in Folge Angriffe gestartet, teilte da… [+1039 chars]",,de,'Iran'
https://www.faz.net/aktuell/politik/ausland/liveblog-irankrieg-nach-beginn-weiterer-us-angriffe-greift-iran-offenbar-tanker-an-faz-200583539.html,https://www.faz.net/aktuell/politik/ausland/liveblog-irankrieg-nach-beginn-weiterer-us-angriffe-greift-iran-offenbar-tanker-an-faz-200583539.html,0,www.faz.net,Liveblog Irankrieg: Nach Beginn weiterer US-Angriffe greift Iran offenbar Tanker an,US-Militär greift dritte Nacht in Folge an +++ Trump kündigt Wiedereinführung einer Seeblockade gegen Iran an +++ Iran sieht sich bei US-Verstößen nicht mehr an Rahmenabkommen gebunden +++ alle Entwicklungen im Liveblog,https://media0.faz.net/image/w1200h627/51a7b10e28b5/w2560h1337x0y51o/202607/43601.0.2329674886/in-einem-von-centcom-geteilten.webp,2026-07-13T23:21:56Z,,"Der Krieg gegen Iran richtet sich nicht nur gegen die Islamische Republik, sondern auch gegen seine Verbündeten. Am Montag wurde deshalb offenbar der internationale Flughafen der jemenitischen Haupts… [+970 chars]",,de,'Angriff'
https://www.tagesschau.de/ausland/asien/iran-usa-angriffe-hormus-100.html,https://www.tagesschau.de/ausland/asien/iran-usa-angriffe-hormus-100.html,0,www.tagesschau.de,Straße von Hormus: Dritte Nacht in Folge US-Angriffe auf Iran,"Der Konflikt zwischen den USA und Iran um die Straße von Hormus eskaliert weiter. Die Vereinigten Arabischen Emirate melden Angriffe Irans auf Öltanker, bei dem es einen Toten geben soll.",https://images.tagesschau.de/image/6d3e2280-2b86-4672-bb99-c55574730bba/AAABn1dxP_8/AAABnSSvrFg/16x9-big/strasse-von-hormus-170.jpg?width=1280,2026-07-14T00:20:42Z,,"Stand: 14.07.2026 02:20 Uhr
Der Konflikt zwischen den USA und Iran um die Straße von Hormus eskaliert weiter. Die Vereinigten Arabischen Emirate melden Angriffe Irans auf Öltanker, bei dem es einen … [+2491 chars]",,de,'Hormus'
https://www.zeit.de/news/2026-07/14/irankrieg-und-berliner-sparplaene-loesen-solarboom-aus,https://www.zeit.de/news/2026-07/14/irankrieg-und-berliner-sparplaene-loesen-solarboom-aus,0,www.zeit.de,Energieversorgung: Irankrieg und Berliner Sparpläne lösen Solarboom aus,Hier finden Sie Informationen zu dem Thema „Energieversorgung“. Lesen Sie jetzt „Irankrieg und Berliner Sparpläne lösen Solarboom aus“.,https://img.zeit.de/news/2026-07/14/irankrieg-und-berliner-sparplaene-loesen-solarboom-aus-image-group/wide__1300x731,2026-07-14T03:10:04Z,,Der Irankrieg und Kürzungspläne der Bundesregierung haben den Ausbau der Solarenergie in Deutschland im ersten Halbjahr befeuert. Nach vorläufigen Zahlen gingen von Anfang Januar bis Ende Juni neue S… [+1472 chars],,de,'Iran'
https://www.faz.net/aktuell/politik/ausland/liveblog-irankrieg-trump-droht-mit-grossem-fettem-angriff-auf-atomanlage-faz-200583539.html,https://www.faz.net/aktuell/politik/ausland/liveblog-irankrieg-trump-droht-mit-grossem-fettem-angriff-auf-atomanlage-faz-200583539.html,0,www.faz.net,Liveblog Irankrieg: Trump droht mit „großem fettem Angriff“ auf Atomanlage,Über den genauen Zweck der Anlage „Pickaxe Mountain“ ist bisher nur wenig bekannt +++ Iran greift offenbar Tanker an +++ US-Militär greift dritte Nacht in Folge an alle Entwicklungen im Liveblog,https://media0.faz.net/image/w1200h627/957cc42e5bc5/w1838h960x99y37o/202607/43601.0.2333085205/die-anlage-pickaxe-mountain.webp,2026-07-14T08:06:39Z,,"Iran hat nach Angaben der Vereinigten Arabischen Emirate zwei ihrer Öltanker in der Straße von Hormus angegriffen. Ein Besatzungsmitglied sei getötet worden, teilte das Verteidigungsministerium in Ab… [+575 chars]",,de,'Angriff'
https://www.zeit.de/news/2026-07/14/polen-kuendigt-erste-manoever-der-koalition-der-willigen-an,https://www.zeit.de/news/2026-07/14/polen-kuendigt-erste-manoever-der-koalition-der-willigen-an,0,www.zeit.de,Ukraine-Krieg: Polen kündigt erste Manöver der «Koalition der Willigen» an,Hier finden Sie Informationen zu dem Thema „Ukraine-Krieg“. Lesen Sie jetzt „Polen kündigt erste Manöver der «Koalition der Willigen» an“.,https://img.zeit.de/news/2026-07/14/polen-kuendigt-erste-manoever-der-koalition-der-willigen-an-image-group/wide__1300x731,2026-07-14T08:06:47Z,,"Erste Militärmanöver der «Koalition der Willigen» zur Unterstützung der Ukraine sollen in diesem Herbst in Polen stattfinden. Das kündigte der polnische Ministerpräsident Donald Tusk in Paris an, nac… [+837 chars]",,de,'Ukraine'
https://www.zeit.de/politik/ausland/2026-07/koalition-der-willigen-militaermanoever-polen-ukraine-donald-tusk,https://www.zeit.de/politik/ausland/2026-07/koalition-der-willigen-militaermanoever-polen-ukraine-donald-tusk,0,www.zeit.de,Koalition der Willigen: Polen kündigt erste Manöver der Ukraineverbündeten für Herbst an,Die von Emmanuel Macron angekündigten gemeinsamen Manöver der Ukraine-Unterstützer werden konkreter: Im Herbst sollen laut Donald Tusk erste Übungen in Polen stattfinden.,https://img.zeit.de/politik/ausland/2026-07/koalition-der-willigen-militaermanoever-polen-ukraine-donald-tusk-foto-1/wide__1300x731,2026-07-14T08:45:44Z,,Der polnische Ministerpräsident Donald Tusk hat Details zu Militärmanövern der sogenannten Koalition der Willigen bekanntgegeben. Erste Übungen der Ukraineverbündeten finden ihm zufolge in diesem Her… [+2125 chars],,de,'Ukraine'
https://www.golem.de/sonstiges/zustimmung/auswahl.html?from=https://www.golem.de/news/erster-kampfeinsatz-us-militaer-schickt-drohnenboote-gegen-iran-2607-210836.html&referer=https://t.co/041f79f782,https://www.golem.de/sonstiges/zustimmung/auswahl.html?from=https://www.golem.de/news/erster-kampfeinsatz-us-militaer-schickt-drohnenboote-gegen-iran-2607-210836.html&referer=https://t.co/041f79f782,0,www.golem.de,Erster Kampfeinsatz: US-Militär schickt Drohnenboote gegen Iran,"Drei autonome Wasserfahrzeuge haben laut US-Militär einen Marinestützpunkt im Iran angegriffen. Das US-Kommando spricht von einer Premiere. (Schifffahrt, Politik)",,2026-07-14T09:05:02Z,,"Besuchen Sie Golem.de wie gewohnt mit Werbung und Tracking,
 indem Sie der Nutzung aller Cookies zustimmen.
 Details zum Tracking finden Sie im Privacy Center.
Skript wurde nicht geladen. Informat… [+607 chars]",,de,'Iran'
https://www.zeit.de/news/2026-07/14/immer-mehr-einkommensmillionaere-in-bayern,https://www.zeit.de/news/2026-07/14/immer-mehr-einkommensmillionaere-in-bayern,0,www.zeit.de,Finanzen: Immer mehr Einkommensmillionäre in Bayern,Hier finden Sie Informationen zu dem Thema „Finanzen“. Lesen Sie jetzt „Immer mehr Einkommensmillionäre in Bayern“.,https://img.zeit.de/news/2026-07/14/immer-mehr-einkommensmillionaere-in-bayern-image-group/wide__1300x731,2026-07-14T10:07:08Z,,In Bayern gibt es immer mehr Einkommensmillionäre. Im Jahr 2022 - aktuellere Daten liegen noch nicht vor - gab es laut Landesamt für Statistik 8.034 von ihnen. Das waren 327 mehr als ein Jahr zuvor. … [+1697 chars],,de,'Inflation'
https://www.zeit.de/2026/30/klimaanlagen-splitgeraete-stiftung-warentest-kaeltemittel-r32,https://www.zeit.de/2026/30/klimaanlagen-splitgeraete-stiftung-warentest-kaeltemittel-r32,0,www.zeit.de,Klimaanlagen: Cool bleiben,Es geht heiß her: Wie findet man die richtige Klimaanlage? Fragen wir Stiftung Warentest.,https://img.zeit.de/2026/30/klimaanlagen-splitgeraete-stiftung-warentest-kaeltemittel-r32-bild/wide__1300x731,2026-07-14T10:14:03Z,,"Jetzt ist es zwar heiß, aber eher kühl, noch, es ist ja vermutlich der kühlste Sommer der kommenden Jahre, und diese kleine Verschnaufpause wollen wir nutzen, um uns kühlungsklüger zu machen. Neben u… [+421 chars]",,de,'Klima'
https://www.golem.de/sonstiges/zustimmung/auswahl.html?from=https://www.golem.de/news/anzeige-shokz-sportkopfhoerer-bis-zu-30-euro-guenstiger-2607-210848.html&referer=https://t.co/d448eca392,https://www.golem.de/sonstiges/zustimmung/auswahl.html?from=https://www.golem.de/news/anzeige-shokz-sportkopfhoerer-bis-zu-30-euro-guenstiger-2607-210848.html&referer=https://t.co/d448eca392,0,www.golem.de,Anzeige: SHOKZ Sportkopfhörer bis zu 30 Euro günstiger,Normale In-Ears blockieren beim Sport wichtige Verkehrsgeräusche. Amazon reduziert sichere Knochenschall-Kopfhörer von SHOKZ massiv im Preis. (Technik/Hardware),,2026-07-14T10:56:02Z,,"Besuchen Sie Golem.de wie gewohnt mit Werbung und Tracking,
 indem Sie der Nutzung aller Cookies zustimmen.
 Details zum Tracking finden Sie im Privacy Center.
Skript wurde nicht geladen. Informat… [+607 chars]",,de,'Preis'
https://www.zeit.de/news/2026-07/14/hinweise-auf-extremistisches-motiv-nach-angriff-in-schongau,https://www.zeit.de/news/2026-07/14/hinweise-auf-extremistisches-motiv-nach-angriff-in-schongau,0,www.zeit.de,Notfälle: Hinweise auf extremistisches Motiv nach Angriff in Schongau,Hier finden Sie Informationen zu dem Thema „Messerattacke an Gymnasium“. Lesen Sie jetzt „Hinweise auf extremistisches Motiv nach Angriff in Schongau“.,https://img.zeit.de/news/2026-07/14/hinweise-auf-extremistisches-motiv-nach-angriff-in-schongau-image-group/wide__1300x731,2026-07-14T11:13:39Z,,Nach der Messerattacke an einem Gymnasium im oberbayerischen Schongau sehen Ermittler Hinweise auf ein extremistisches Motiv. Die Ermittlungen gegen den 16 Jahre alten Verdächtigen unter anderem wege… [+2313 chars],,de,'Angriff'
https://www.faz.net/aktuell/politik/ausland/militaerparade-in-paris-europas-staerke-gegen-russland-accg-201027760.html,https://www.faz.net/aktuell/politik/ausland/militaerparade-in-paris-europas-staerke-gegen-russland-accg-201027760.html,0,www.faz.net,Feier zum 14. Juli: Eine Parade der europäischen Entschlossenheit,Die Ukraine und ihre Verbündeten sind Ehrengäste in Paris. Auf das Defilee sollen Manöver der Koalition der Willigen folgen.,https://media0.faz.net/image/w1200h627/9f8d4bc943d0/w3740h1954x0y346o/202607/43601.0.2333327263/emmanuel-macron-mit-dem.webp,2026-07-14T12:29:27Z,,"Mit einer Militärparade der Superlative ist in Paris das strategische Erwachen Europas zelebriert worden. So lautete das Motto des französischen Nationalfeiertags, zu dem 25 Staats- und Regierungsche… [+5511 chars]",,de,'Ukraine'
https://www.tagesschau.de/wirtschaft/finanzen/marktberichte/marktbericht-usa-iran-oelpreis-hormus-100.html,https://www.tagesschau.de/wirtschaft/finanzen/marktberichte/marktbericht-usa-iran-oelpreis-hormus-100.html,0,www.tagesschau.de,Marktbericht: Trump treibt die Ölpreise wieder nach oben,Der US-Präsident will erneut die Straße von Hormus blockieren. Nach einem Zehn-Prozent-Sprung gestern klettern die Ölpreise heute weiter. Auch für Finanzprofis wird eine neuer Kriegsausbruch wahrscheinlicher.,https://images.tagesschau.de/image/980234e6-88b2-45c0-8bcc-82cdefb5ffe4/AAABn1_6o8Y/AAABnSSvrFg/16x9-big/oel-230.jpg?width=1280,2026-07-14T12:32:18Z,,"Stand: 14.07.2026 14:32 Uhr
Der US-Präsident will erneut die Straße von Hormus blockieren. Nach einem Zehn-Prozent-Sprung gestern klettern die Ölpreise heute weiter. Auch für Finanzprofis wird eine … [+2705 chars]",,de,'Finanz'
https://www.zeit.de/news/2026-07/14/winzer-in-der-krise-mehr-geld-fuer-steillagen,https://www.zeit.de/news/2026-07/14/winzer-in-der-krise-mehr-geld-fuer-steillagen,0,www.zeit.de,Weinbau unter Druck: Winzer in der Krise - Mehr Geld für Steillagen,Hier finden Sie Informationen zu dem Thema „Weinbau unter Druck“. Lesen Sie jetzt „Winzer in der Krise - Mehr Geld für Steillagen“.,https://img.zeit.de/news/2026-07/14/winzer-in-der-krise-mehr-geld-fuer-steillagen-image-group/wide__1300x731,2026-07-14T12:33:05Z,,"Frankens Winzer sollen zur Bewirtschaftung der arbeitsintensiven Steillagen künftig mehr Geld erhalten. «Wir werden ab dem Jahr 2027 die Steillagenförderung um 50 Prozent erhöhen», sagte Landwirtscha… [+2777 chars]",,de,'Krise'
https://www.tagesschau.de/ausland/europa/angriffe-ukraine-russland-104.html,https://www.tagesschau.de/ausland/europa/angriffe-ukraine-russland-104.html,0,www.tagesschau.de,"Ukraine greift Ölproduktion an, Russland ein Schiff",Die Ukraine setzt sich weiter gegen Russland zur Wehr. Das Militär griff mehrere russische Tanker und Frachtschiffe sowie Ölraffinerien an. Russland nahm Odessa ins Visier - und traf laut ukrainischen Angaben ein ziviles Schiff.,https://images.tagesschau.de/image/e0a5e477-b7f9-4b1b-a2c4-5de9a3b157c8/AAABn2A6fco/AAABnSSvrFg/16x9-big/feuer-schiff-100.jpg?width=1280,2026-07-14T12:44:26Z,,"Stand: 14.07.2026 14:44 Uhr
Die Ukraine setzt sich weiter gegen Russland zur Wehr. Das Militär griff mehrere russische Tanker und Frachtschiffe sowie Ölraffinerien an. Russland nahm Odessa ins Visie… [+3778 chars]",,de,'Russland'
https://www.zeit.de/news/2026-07/14/samuel-koch-erhaelt-erich-kaestner-preis-fuer-engagement,https://www.zeit.de/news/2026-07/14/samuel-koch-erhaelt-erich-kaestner-preis-fuer-engagement,0,www.zeit.de,Auszeichnungen: Samuel Koch erhält Erich-Kästner-Preis für Engagement,Hier finden Sie Informationen zu dem Thema „Auszeichnungen“. Lesen Sie jetzt „Samuel Koch erhält Erich-Kästner-Preis für Engagement“.,https://img.zeit.de/news/2026-07/14/samuel-koch-erhaelt-erich-kaestner-preis-fuer-engagement-image-group/wide__1300x731,2026-07-14T13:31:24Z,,Der Schauspieler Samuel Koch erhält den mit 10.000 Euro dotierten Erich-Kästner-Preis des Dresdner Presseclubs. Damit werde Kochs Engagement für ein respektvolles Miteinander von Menschen mit und ohn… [+1752 chars],,de,'Preis'
https://www.faz.net/podcasts/f-a-z-finanzen-immobilien/hitzeschutz-fuer-haeuser-gespraech-mit-bauphysikerin-201029129.html,https://www.faz.net/podcasts/f-a-z-finanzen-immobilien/hitzeschutz-fuer-haeuser-gespraech-mit-bauphysikerin-201029129.html,0,www.faz.net,F.A.Z. Podcast Finanzen & Immobilien: Heiße Zeiten: Wie schützen wir unsere Häuser vor der Hitze?,Deutschland hat die Hitze - und merkt: Unsere Häuser und Städte sind für heiße Zeiten nicht gemacht.,https://media0.faz.net/image/w1200h627/fac561f05616/w6000h3135x0y433o/202607/43601.0.2316869691/da-wird-es-so-richtig-schoen.webp,2026-07-14T13:46:41Z,,"Dieser Sommer bringt uns so richtig ins Schwitzen. Temperaturen von tagsüber mehr als 30, und nachts über 20 Grad sind seit einigen Wochen keine Ausnahme mehr. Das hat uns klargemacht: Wenn es so ric… [+354 chars]",,de,'Finanz'
https://www.zeit.de/news/2026-07/14/banken-wollen-russland-garantien-von-linde-zurueck,https://www.zeit.de/news/2026-07/14/banken-wollen-russland-garantien-von-linde-zurueck,0,www.zeit.de,Prozessauftakt: Banken wollen Russland-Garantien von Linde zurück,Hier finden Sie Informationen zu dem Thema „Prozessauftakt“. Lesen Sie jetzt „Banken wollen Russland-Garantien von Linde zurück“.,https://img.zeit.de/news/2026-07/14/banken-wollen-russland-garantien-von-linde-zurueck-image-group/wide__1300x731,2026-07-14T14:00:46Z,,Vor dem Frankfurter Landgericht hat ein erster Prozess um millionenschwere Zahlungen im Zusammenhang mit einem gescheiterten Gasprojekt in Russland begonnen. Die Deutsche Bank fordert vom Industriega… [+1965 chars],,de,'Russland'
https://www.faz.net/aktuell/reise/wandern-im-grand-canyon-unterwegs-auf-dem-hermit-trail-200983845.html,https://www.faz.net/aktuell/reise/wandern-im-grand-canyon-unterwegs-auf-dem-hermit-trail-200983845.html,0,www.faz.net,Grand Canyon: Wandern in einer erbarmungslosen Landschaft,"Der Preis der Einsamkeit: Der Hermit Trail ist der idyllischste der sieben Wege, von der Südkante des Grand Canyon zum Colorado River – und nichts für zaghafte Zeitgenossen.",https://media0.faz.net/image/w1200h627/97c5cdac7c4d/w5616h2934x0y415o/202607/43601.0.2305429471/schatten-wo-schatten.webp,2026-07-14T14:14:44Z,,"Es ist klar und kühl, als wir am frühen Morgen ein letztes Selfie an der Kante machen. Grinsend stehen wir unter der alten Glocke am Tor zum Hermits Rest, einem 1914 erbauten rustikalen Rasthaus ganz… [+6975 chars]",,de,'Preis'
https://www.n-tv.de/wirtschaft/US-Inflation-sinkt-ueberraschend-stark-id31085057.html,https://www.n-tv.de/wirtschaft/US-Inflation-sinkt-ueberraschend-stark-id31085057.html,0,www.n-tv.de,"Auf 3,5 Prozent: US-Inflation sinkt überraschend stark",Entspannung bei den Energiepreisen verschafft den US-Verbrauchern etwas Luft: Nach dem kräftigen Preisschub im Frühjahr ist die Inflation im Juni wieder zurückgegangen. Für die Notenbank bleibt das Ziel dennoch außer Reichweite.,https://www.n-tv.de/img/2279188/1734014857/Img_16_9/1200/In-den-USA-ist-die-Inflationsrate-zuletzt-wieder-gestiegen.jpg,2026-07-14T14:53:21Z,,"Der Inflationsdruck in den USA hat im Juni spürbar nachgelassen, wozu eine Deeskalation am Persischen Golf beitrug. (Foto: Mark Lennihan/AP/dpa)
Entspannung bei den Energiepreisen verschafft den US-… [+2208 chars]",,de,'Preis'
https://taz.de/Klimaschaedlicher-Luftverkehr/!6195900/,https://taz.de/Klimaschaedlicher-Luftverkehr/!6195900/,0,taz.de,"Klimaschädlicher Luftverkehr: Kaum Nachteile, wenn Airlines mehr fürs Klima blechen",Soll Europa auch den internationalen Luftverkehr mit dem Emissionshandel zur Kasse bitten? Eine Studie entkräftet Argumente der Gegner*innen.,https://taz.de/picture/8609536/1200/41667723.jpeg,2026-07-14T15:02:00Z,,Soll Europa auch den internationalen Luftverkehr mit dem Emissionshandel zur Kasse bitten? Eine Studie entkräftet Argumente der Gegner*innen. mehr...,,de,'Klima'
https://www.faz.net/podcasts/f-a-z-podcast-fuer-deutschland/trumps-gebuehren-indiskutabel-und-nicht-rechtlich-gedeckt-strasse-von-hormus-im-iran-krieg-201028797.html,https://www.faz.net/podcasts/f-a-z-podcast-fuer-deutschland/trumps-gebuehren-indiskutabel-und-nicht-rechtlich-gedeckt-strasse-von-hormus-im-iran-krieg-201028797.html,0,www.faz.net,F.A.Z. PODCAST FÜR DEUTSCHLAND: Straße von Hormus: „Trumps Gebühren indiskutabel und nicht rechtlich gedeckt“,"Die Lage im Irankrieg spitzt sich wieder zu. Wir sprechen mit dem maritimen Sicherheitsexperten Moritz Brake über die neuesten Pläne des US-Präsidenten, eine Geleitgebühr für Handelsschiffe zu verlangen.",https://media0.faz.net/image/w1200h627/dae9939a904b/w6000h3135x0y433o/202607/43601.0.2330431527/4360102330431527.webp,2026-07-14T15:08:28Z,,"Die Lage im Irankrieg spitzt sich wieder zu. Wir sprechen mit dem maritimen Sicherheitsexperten Moritz Brake über die neuesten Pläne des US-Präsidenten, eine Geleitgebühr für Handelsschiffe zu verlan… [+3 chars]",,de,'Iran'
https://www.zeit.de/feuilleton/film/2026-07/ellen-burstyn-goldener-loewe-lebenswerk-filmfestspiele-venedig,https://www.zeit.de/feuilleton/film/2026-07/ellen-burstyn-goldener-loewe-lebenswerk-filmfestspiele-venedig,0,www.zeit.de,Goldener Löwe: Ellen Burstyn wird mit Preis für ihr Lebenswerk ausgezeichnet,Bei den Filmfestspielen von Venedig wird Ellen Burstyn den Ehrenpreis erhalten. Die US-Schauspielerin ist mitunter aus dem Horror-Klassiker »Der Exorzist« bekannt.,https://img.zeit.de/feuilleton/film/2026-07/ellen-burstyn-goldener-loewe-lebenswerk-filmfestspiele-venedig-foto-1/wide__1300x731,2026-07-14T15:09:10Z,,"Die Schauspielerin Ellen Burstyn wird bei den diesjährigen Filmfestspielen von Venedig mit dem Goldenen Löwen für ihr Lebenswerk ausgezeichnet. Die 93-Jährige, die mitunter für ihre Darstellungen in … [+1390 chars]",,de,'Preis'
https://www.zeit.de/news/2026-07/14/strasse-von-hormus-trump-rueckt-von-gebuehrenidee-wieder-ab,https://www.zeit.de/news/2026-07/14/strasse-von-hormus-trump-rueckt-von-gebuehrenidee-wieder-ab,0,www.zeit.de,Krieg: Straße von Hormus: Trump rückt von Gebührenidee wieder ab,Hier finden Sie Informationen zu dem Thema „Krieg“. Lesen Sie jetzt „Straße von Hormus: Trump rückt von Gebührenidee wieder ab“.,https://img.zeit.de/administratives/sharing/fallback-image-die-zeit/wide__1300x731,2026-07-14T15:32:47Z,,Nur einen Tag nach der Ankündigung einer Gebühr für die sichere Durchfahrt von Schiffen durch die Straße von Hormus rückt US-Präsident Donald Trump wieder von seiner Idee ab. Nach «äußerst produktive… [+241 chars],,de,'Hormus'
https://www.faz.net/aktuell/politik/ausland/liveblog-irankrieg-trump-will-geplante-hormus-gebuehr-durch-handelsabkommen-ersetzen-faz-200583539.html,https://www.faz.net/aktuell/politik/ausland/liveblog-irankrieg-trump-will-geplante-hormus-gebuehr-durch-handelsabkommen-ersetzen-faz-200583539.html,0,www.faz.net,Liveblog Irankrieg: Trump will geplante Hormus-Gebühr durch Handelsabkommen ersetzen,"Nach „sehr produktiven Gesprächen“ mit Führungen im Nahen Osten +++ US-Präsident droht mit „großem, fettem Angriff“ auf Atomanlage +++ Iran greift offenbar Tanker an +++ alle Entwicklungen im Liveblog",https://media0.faz.net/image/w1200h627/efade1cf0de5/w5020h2622x0y423o/202606/43601.0.2254392095/handelsschiffe-liegen-am-29-6.webp,2026-07-14T15:34:18Z,,In Rom haben neue direkte Gespräche zwischen Israel und Libanon begonnen. Die Unterhändler der zwei Nachbarländer kamen in der italienischen Hauptstadt auf dem Gelände der US-Botschaft zusammen. Beid… [+1031 chars],,de,'Iran'
https://www.welt.de/wirtschaft/video6a565cab664e99bc41e92e01/niedrigere-us-inflationsrate-der-preisdruck-hat-im-juni-etwas-nachgelassen.html,https://www.welt.de/wirtschaft/video6a565cab664e99bc41e92e01/niedrigere-us-inflationsrate-der-preisdruck-hat-im-juni-etwas-nachgelassen.html,0,www.welt.de,„Der Preisdruck hat im Juni etwas nachgelassen“,"Die Eskalation im Iran-Konflikt sorgt für Unsicherheit an den Märkten. US-Inflation schwächt sich ab, bleibt aber ein Thema für die Notenbank. „Die US-Wirtschaft bleibt in einer Phase des inflationären Wachstums“, sagt Johannes Mayr, Chefvolkswirt bei Eyb & W…",https://images.welt.de/6a565cab664e99bc41e92e01/196fc32f160e0aea221803b699d313ba/ci16x9-w1200/boese-1407-02-png,2026-07-14T16:28:29Z,,"Die Eskalation im Iran-Konflikt sorgt für Unsicherheit an den Märkten. US-Inflation schwächt sich ab, bleibt aber ein Thema für die Notenbank. Die US-Wirtschaft bleibt in einer Phase des inflationäre… [+149 chars]",,de,'Preis'
https://www.golem.de/sonstiges/zustimmung/auswahl.html?from=https://www.golem.de/news/anzeige-mini-akku-fahrradpumpe-von-fanttik-zum-tiefstpreis-bei-amazon-2607-210871.html&referer=https://t.co/c81ec6111f,https://www.golem.de/sonstiges/zustimmung/auswahl.html?from=https://www.golem.de/news/anzeige-mini-akku-fahrradpumpe-von-fanttik-zum-tiefstpreis-bei-amazon-2607-210871.html&referer=https://t.co/c81ec6111f,0,www.golem.de,Anzeige: Mini-Akku-Fahrradpumpe von Fanttik zum Tiefstpreis bei Amazon,"Die leichte und kompakte Fanttik X10 ist bei Amazon wieder zu ihrem bisher niedrigsten Preis im Angebot. (Technik/Hardware, Amazon)",,2026-07-14T16:35:02Z,,"Besuchen Sie Golem.de wie gewohnt mit Werbung und Tracking,
 indem Sie der Nutzung aller Cookies zustimmen.
 Details zum Tracking finden Sie im Privacy Center.
Skript wurde nicht geladen. Informat… [+607 chars]",,de,'Preis'
https://www.tagesschau.de/ausland/amerika/usa-trump-gebuehren-hormus-100.html,https://www.tagesschau.de/ausland/amerika/usa-trump-gebuehren-hormus-100.html,0,www.tagesschau.de,Trump will nun doch keine Gebühren für Hormus-Durchfahrt erheben,"Erst am Montag sorgte US-Präsident Trump mit seinem Entschluss für Unmut, eine Maut für die Passage der Straße von Hormus zu fordern. Jetzt hält er selbst nichts mehr von dem Konzept - und präsentiert eine neue Idee.",https://images.tagesschau.de/image/7be0b612-8471-4365-8595-9d14522eb706/AAABn2GMz4M/AAABnSSvrFg/16x9-big/trump-5140.jpg?width=1280,2026-07-14T17:23:13Z,,"Stand: 14.07.2026 19:23 Uhr
Erst am Montag sorgte US-Präsident Trump mit seinem Entschluss für Unmut, eine Maut für die Passage der Straße von Hormus zu fordern. Jetzt hält er selbst nichts mehr von… [+2608 chars]",,de,'Hormus'
https://www.zeit.de/politik/2026-07/krieg-iran-usa-israel-nahost,https://www.zeit.de/politik/2026-07/krieg-iran-usa-israel-nahost,0,www.zeit.de,"Krieg im Iran: Wie mit der Nato, so mit dem Golf",Donald Trump setzt die Iran-Blockade wieder in Kraft. Er zerstört damit die Legitimation des US-Einsatzes: die Freiheit der Seewege. Das ist gefährlicher Irrsinn.,https://img.zeit.de/politik/2026-07/krieg-iran-usa-israel-nahost-bild/wide__1300x731,2026-07-14T18:32:58Z,,"Was der US-Präsident für diesen Dienstagabend auf seinem Netzwerk Truth Social angekündigt hat, verdient anders als zahlreiche andere wirre Posts höchste Aufmerksamkeit. Nicht nur, weil sich damit ei… [+631 chars]",,de,'Iran'
https://www.zeit.de/politik/ausland/2026-07/iran-israel-usa-angriffe-militaerische-infrastruktur,https://www.zeit.de/politik/ausland/2026-07/iran-israel-usa-angriffe-militaerische-infrastruktur,0,www.zeit.de,Angriffe auf den Iran: Wird der Iran gerade zum Failed State?,"Die Islamische Republik ist in einem instabilen Zustand. Genau das macht sie gleichzeitig schwach und gefährlich, sagt der Politikwissenschaftler Mehrzad Boroujerdi.",https://img.zeit.de/politik/ausland/2026-07/ran-israel-usa-angriffe-militaerische-infrastruktur-bild/wide__1300x731,2026-07-14T18:33:33Z,,"Seit dem Krieg kann der Iran seinen Luftraum kaum noch schützen. Dennoch verfügt das Land weiterhin über genügend Raketen, Drohnen und strategische Hebel, um seinen Gegnern erhebliche Kosten aufzuerl… [+555 chars]",,de,'Iran'
https://www.tagesschau.de/ausland/asien/nahost-konflikt-lage-golf-100.html,https://www.tagesschau.de/ausland/asien/nahost-konflikt-lage-golf-100.html,0,www.tagesschau.de,"Lage am Persischen Golf: ""Kein Krieg, aber auch kein Frieden""","Angriffe auf Tanker, Unsicherheit an der Straße von Hormus: Nach den jüngsten US-Schlägen gegen Iran wächst am Persischen Golf die Sorge vor einer Eskalation - und ihren Folgen für den Welthandel. Von Nina Amin.",https://images.tagesschau.de/image/4eeaa8b4-84eb-4eda-825b-164e57749fc5/AAABn2ImYDc/AAABnSSvrFg/16x9-big/bahrain-148.jpg?width=1280,2026-07-14T19:43:38Z,,"Stand: 14.07.2026 21:43 Uhr
Angriffe auf Tanker, Unsicherheit an der Straße von Hormus: Nach den jüngsten US-Schlägen gegen Iran wächst am Persischen Golf die Sorge vor einer Eskalation - und ihren … [+3104 chars]",,de,'Hormus'
https://www.faz.net/aktuell/wirtschaft/mehr-wirtschaft/fed-chef-kevin-warsh-verspricht-regimewechsel-201030495.html,https://www.faz.net/aktuell/wirtschaft/mehr-wirtschaft/fed-chef-kevin-warsh-verspricht-regimewechsel-201030495.html,0,www.faz.net,Auftritt im Kongress: Neuer Fed-Chef verspricht „Regimewechsel“,"Kevin Warsh stellt den Amerikanern in seiner ersten Anhörung vor dem Kongress ein Ende hoher Inflationsraten in Aussicht. Und er beteuert, sich nicht von Donald Trump unter Druck setzen zu lassen.",https://media0.faz.net/image/w1200h627/b9b3cf5e6a0f/w6144h3210x0y172o/202607/43601.0.2335120451/keine-toleranz-fuer-inflation.webp,2026-07-14T20:27:40Z,,Kevin Warsh verspricht Amerikanern ein Ende hoher Inflationsraten. In seiner mit Spannung erwarteten ersten Anhörung als Chef der Federal Reserve am Dienstag sagte er: Die Notenbank kann und wird Pre… [+4792 chars],,de,'Inflation'
https://www.n-tv.de/wirtschaft/US-Verbraucherpreise-geben-S-P-und-Nasdaq-Rueckenwind-id31086109.html,https://www.n-tv.de/wirtschaft/US-Verbraucherpreise-geben-S-P-und-Nasdaq-Rueckenwind-id31086109.html,0,www.n-tv.de,Brent und WTI weiter unter Druck: US-Verbraucherpreise geben S&P und Nasdaq Rückenwind,Im Juni ist die US-Teuerungsrate überraschend deutlich gesunken. Doch die jüngste Eskalation im Nahost-Konflikt treibt die Preise auf dem Rohölmarkt an. Bei den Einzelwerten stürzt die IT-Aktie von IBM ab.,https://www.n-tv.de/img/31086108/1784068371/Img_16_9/1200/Wirtschaft-11-06.jpg,2026-07-14T20:40:19Z,,"Das Ringen um die Energietransporte rund um die Straße von Hormus treibt die Ölpreise nach oben. (Foto: picture alliance / Pressefoto Ulmer)
Im Juni ist die US-Teuerungsrate überraschend deutlich ge… [+4000 chars]",,de,'Hormus'
https://www.sueddeutsche.de/politik/liveblog-nahost-iran-news-usa-seeblockade-li.3513707,https://www.sueddeutsche.de/politik/liveblog-nahost-iran-news-usa-seeblockade-li.3513707,0,www.sueddeutsche.de,Krieg in Nahost: Seeblockade gegen iranische Häfen gestartet,"Die US-Marine sperrt wie angekündigt erneut Häfen und Küstengebiete des Kriegsgegners, teilt das zuständige Kommando mit. Trump rückt von seinem Plan einer Hormus-Gebühr ab.",https://www.sueddeutsche.de/2026/07/14/ad00653b-c1cd-45f5-8550-c889125d430c.jpg?q=60&fm=webp&width=1200&rect=0%2C209%2C4000%2C2250,2026-07-14T21:05:00Z,,"Der Präsident behauptete, dass die nicht bezifferten Investitionen massiv und von Vorteil für die Golfstaaten werden würden. Unklar war zunächst, mit wem Trump gesprochen hat und ob Golfstaaten tatsä… [+1166 chars]",,de,'Hormus'
https://www.faz.net/aktuell/wissen/weltraum/iss-sojus-ms-29-fliegt-mit-russen-und-us-astronaut-201030794.html,https://www.faz.net/aktuell/wissen/weltraum/iss-sojus-ms-29-fliegt-mit-russen-und-us-astronaut-201030794.html,0,www.faz.net,Trotz Ukraine-Krieg: Zwei Russen und ein US-Amerikaner fliegen zur ISS,Der Ukraine-Krieg belastet die Beziehungen zwischen Russland und den USA. Dennoch reist ein Nasa-Chef zu einem russischen Raketenstart ins ferne Kasachstan.,https://media0.faz.net/image/w1200h627/f82766b85be3/w6000h3135x0y435o/202607/43601.0.2335446306/die-internationale-raumstation.webp,2026-07-14T23:15:23Z,,Trotz der Spannungen aufgrund des russisch-ukrainischen Krieges sind zwei russische Kosmonauten mit einem US-Astronauten an Bord eines russischen Raumschiffs zur Internationalen Raumstation ISS geflo… [+2219 chars],,de,'Russland'
https://www.zeit.de/politik/ausland/2026-07/seeblockade-iran-usa-strasse-von-hormus,https://www.zeit.de/politik/ausland/2026-07/seeblockade-iran-usa-strasse-von-hormus,0,www.zeit.de,Straße von Hormus: US-Militär beginnt erneute Blockade iranischer Häfen,Die von US-Präsident Donald Trump angekündigte Seeblockade ist wieder in Kraft. Mehr als 20 US-Kriegsschiffe sind nach Militärangaben an der Mission beteiligt.,https://img.zeit.de/politik/ausland/2026-07/seeblockade-iran-usa-strasse-von-hormus-foto-1/wide__1300x731,2026-07-14T23:22:46Z,,"Das US-Militär hat mit der erneuten Blockade iranischer Häfen und Küstengebiete begonnen. Die Seeblockade ist in der Nacht wieder aufgenommen worden, wie das zuständige Regionalkommando des US-Militä… [+2184 chars]",,de,'Hormus'
https://www.tagesschau.de/ausland/neue-angriffswelle-iran-100.html,https://www.tagesschau.de/ausland/neue-angriffswelle-iran-100.html,0,www.tagesschau.de,US-Seeblockade wieder in Kraft - Angriffe auf Iran gehen weiter,Erneut blockiert das US-Militär iranische Häfen und Küstengebiete - eine neue Seeblockade ist in Kraft getreten. Die vierte Nacht in Folge haben die USA zudem Luftangriffe auf Iran geflogen.,https://images.tagesschau.de/image/a3a0d945-a80b-4fa8-8c7c-99e05a59d67b/AAABnm137xE/AAABnSSvrFg/16x9-big/karte-strasse-von-hormus-persischer-golf-104.jpg?width=1280,2026-07-14T23:44:23Z,,"Stand: 15.07.2026 01:44 Uhr
Erneut blockiert das US-Militär iranische Häfen und Küstengebiete - eine neue Seeblockade ist in Kraft getreten. Die vierte Nacht in Folge haben die USA zudem Luftangriff… [+1529 chars]",,de,'Iran'
https://www.welt.de/wirtschaft/article6a56b602664e99bc41e9323c/zahlen-seit-2020-preise-fuer-lebensmittel-in-deutschland-deutlich-staerker-gestiegen-als-inflation.html,https://www.welt.de/wirtschaft/article6a56b602664e99bc41e9323c/zahlen-seit-2020-preise-fuer-lebensmittel-in-deutschland-deutlich-staerker-gestiegen-als-inflation.html,0,www.welt.de,Preise für Lebensmittel in Deutschland deutlich stärker gestiegen als die Inflation,Zwischen Anfang 2020 und Mitte 2025 haben sich die Lebensmittelpreise nach Angaben der Bundesregierung um mehr als 36 Prozent erhöht. Bei sechs Produkten fallen die Steigerungen besonders stark aus. Eine Linken-Politikerin sieht Handlungsbedarf.,https://images.welt.de/6a56b602664e99bc41e9323c/950cc34028b79f57a02958d369768682-master/ci16x9-w1200/dpa-com-260623-935-1428752-jpg,2026-07-15T00:10:28Z,,"Die Preise für Lebensmittel sind nach Angaben der Bundesregierung seit 2020 deutlich stärker gestiegen als die allgemeine Inflation. Seit Anfang 2020 bis Mitte 2025 erhöhten sie sich um insgesamt 36,… [+1224 chars]",,de,'Inflation'
https://www.zeit.de/news/2026-07/15/trump-droht-iran-mit-angriffen-auf-kraftwerke-und-bruecken,https://www.zeit.de/news/2026-07/15/trump-droht-iran-mit-angriffen-auf-kraftwerke-und-bruecken,0,www.zeit.de,Iran-Krieg: Trump droht Iran mit Angriffen auf Kraftwerke und Brücken,Hier finden Sie Informationen zu dem Thema „Iran-Krieg“. Lesen Sie jetzt „Trump droht Iran mit Angriffen auf Kraftwerke und Brücken“.,https://img.zeit.de/news/2026-07/15/trump-droht-iran-mit-angriffen-auf-kraftwerke-und-bruecken-image-group/wide__1300x731,2026-07-15T01:16:06Z,,"US-Präsident Donald Trump hat dem Iran mit Angriffen auf die zivile Infrastruktur des Landes gedroht. Nächste Woche würden alle Kraftwerke und Brücken zerstört, «es sei denn, sie kommen an den Verhan… [+1770 chars]",,de,'Hormus'
https://www.tagesspiegel.de/internationales/iran-krieg-trump-droht-iran-mit-angriffen-auf-zivile-infrastruktur-15839302.html,https://www.tagesspiegel.de/internationales/iran-krieg-trump-droht-iran-mit-angriffen-auf-zivile-infrastruktur-15839302.html,0,www.tagesspiegel.de,Iran-Krieg: Trump droht Iran mit Angriffen auf zivile Infrastruktur,"Der US-Präsident droht dem Iran erneut mit Angriffen auf Brücken und Kraftwerke. Ob die iranische Führung einlenkt und Verhandlungen zustimmt, ist unklar.",https://www.tagesspiegel.de/images/15839832/alternates/BASE_16_9_W1400/1784102037000/iran-krieg-teheran.jpeg,2026-07-15T01:17:42Z,,"US-Präsident Donald Trump hat dem Iran erneut mit Angriffen auf die zivile Infrastruktur des Landes gedroht. Nächste Woche würden alle Kraftwerke und Brücken zerstört, es sei denn, sie kommen an den … [+5314 chars]",,de,'Hormus'
https://www.tagesspiegel.de/internationales/iran-krieg-us-militar-verkundet-start-neuer-angriffswelle-auf-den-iran-15839302.html,https://www.tagesspiegel.de/internationales/iran-krieg-us-militar-verkundet-start-neuer-angriffswelle-auf-den-iran-15839302.html,0,www.tagesspiegel.de,Iran-Krieg: US-Militär verkündet Start neuer Angriffswelle auf den Iran,Seit Tagen gehen die US-Streitkräfte wieder gegen Ziele im Iran vor. Am Mittwoch kommt es zur zweiten Angriffswelle binnen eines Tages.,https://www.tagesspiegel.de/images/15844588/alternates/BASE_16_9_W1400/1784144048000/kampfflugzeugeder-usa.jpeg,2026-07-15T01:17:42Z,,"Das US-Militär hat nach eigenen Angaben die zweite Angriffswelle des Tages gegen den Iran gestartet. Diese habe um 15.00 US-Ostküstenzeit (21.00 Uhr deutscher Zeit) begonnen, teilte das zuständige Re… [+1053 chars]",,de,'Iran'
https://www.tagesspiegel.de/internationales/iran-krieg-trump-droht-iran-mit-angriffen-auf-kraftwerke-und-brucken-15839302.html,https://www.tagesspiegel.de/internationales/iran-krieg-trump-droht-iran-mit-angriffen-auf-kraftwerke-und-brucken-15839302.html,0,www.tagesspiegel.de,Iran-Krieg: Trump droht Iran mit Angriffen auf Kraftwerke und Brücken,"US-Präsident Trump will den Iran mit Angriffen auf das Land an den Verhandlungstisch zurückzwingen. Die Attacken würden weitergehen, „bis ich sage, dass es genug ist“.",https://www.tagesspiegel.de/images/15839301/alternates/BASE_16_9_W1400/1784078261000/us-prasident-trump.jpeg,2026-07-15T01:17:42Z,,"US-Präsident Donald Trump hat dem Iran mit Angriffen auf die zivile Infrastruktur des Landes gedroht. Nächste Woche würden alle Kraftwerke und Brücken zerstört, es sei denn, sie kommen an den Verhand… [+2392 chars]",,de,'Iran'
https://www.n-tv.de/politik/Trump-will-Teheran-mit-Kraftwerk-Angriffen-an-Verhandlungstisch-draengen-id31086224.html,https://www.n-tv.de/politik/Trump-will-Teheran-mit-Kraftwerk-Angriffen-an-Verhandlungstisch-draengen-id31086224.html,0,www.n-tv.de,"""Es sei denn, sie verhandeln"": Trump will Teheran mit Kraftwerk-Angriffen an Verhandlungstisch drängen","Das US-Militär setzt die Seeblockade gegen iranische Häfen durch - allerdings ohne Gebühren. Nach einer neuen Angriffswelle auf iranische Ziele reagiert Teheran mit Gegenschlägen. Die Attacken würden weitergehen, ""bis ich sage, dass es genug ist"", droht Trump.",https://www.n-tv.de/img/31086238/1784077229/Img_16_9/1200/Das-Regionalkommandos-der-US-Streitkraefte-veroeffentlicht-bei-X-ein-Foto-des-Einsatzes.jpg,2026-07-15T01:38:00Z,,"Das Regionalkommandos der US-Streitkräfte veröffentlicht bei X ein Foto des Einsatzes. (Foto: U.S. Central Command / x.com/CENTCOM)
Das US-Militär setzt die Seeblockade gegen iranische Häfen durch -… [+3899 chars]",,de,'Angriff'
https://www.zeit.de/politik/ausland/2026-07/usa-iran-angriffe-seeblockade-donald-trump,https://www.zeit.de/politik/ausland/2026-07/usa-iran-angriffe-seeblockade-donald-trump,0,www.zeit.de,"Iranüberblick: Seeblockade in Kraft, Trump droht mit Angriffen auf Zivilinfrastruktur","Die USA blockieren iranische Häfen und greifen Ziele im Iran an. Sollte der Iran sich nicht zurückhalten, werde man »Brücken« beschießen, sagt Donald Trump. Die Nacht",https://img.zeit.de/politik/ausland/2026-07/donald-trump-iran-usa-krieg/wide__1300x731,2026-07-15T01:43:31Z,,Die USA haben in der Nacht mit der erneuten Seeblockade iranischer Häfen begonnen und am vierten Tag in Folge mehrere Ziele im Iran angegriffen. Derzeit seien über 20 Kriegsschiffe der Marine und Hun… [+2595 chars],,de,'Iran'
https://www.politico.eu/podcast/berlin-playbook-podcast/der-kanzler-und-die-schwierigsten-90-minuten-des-sommers/,https://www.politico.eu/podcast/berlin-playbook-podcast/der-kanzler-und-die-schwierigsten-90-minuten-des-sommers/,0,www.politico.eu,Der Kanzler und die schwierigsten 90 Minuten des Sommers,"Friedrich Merz stellt sich heute der Sommerpressekonferenz. Statt neuer Angriffsflächen will er vor allem Stabilität vermitteln und seine jüngsten Kompromisse als Erfolge der demokratischen Mitte verkaufen, analysieren Gordon Repinski und Rasmus Buchsteiner. …","https://www.politico.eu/cdn-cgi/image/width=1200,height=630,fit=crop,quality=80,onerror=redirect/wp-content/uploads/2025/12/15/Berlin-Playbook-Website-card-1-1-1.jpg",2026-07-15T03:50:56Z,,Friedrich Merz stellt sich heute der Sommerpressekonferenz. Statt neuer Angriffsflächen will er vor allem Stabilität vermitteln und seine jüngsten Kompromisse als Erfolge der demokratischen Mitte ver… [+1393 chars],,de,'Angriff'
https://www.faz.net/podcasts/f-a-z-podcast-fruehdenker/wird-deutschland-jetzt-weniger-buerokratisch-faz-fruehdenker-201030613.html,https://www.faz.net/podcasts/f-a-z-podcast-fruehdenker/wird-deutschland-jetzt-weniger-buerokratisch-faz-fruehdenker-201030613.html,0,www.faz.net,F.A.Z.-Frühdenker: Wird Deutschland jetzt weniger bürokratisch?,"Die Regierung will den Papierstau auflösen, Trump verzichtet auf die Hormus-Gebühr, und England und Argentinien steht ein hitziges WM-Halbfinale bevor. Der F.A.Z.-Frühdenker.",https://media0.faz.net/image/w1200h627/07633b07917e/w7073h3695x0y142o/202605/43601.0.2057960436/bundeskanzer-friedrich-merz.webp,2026-07-15T03:56:27Z,,"Wie viel Streit verkraften die Koalitionsgespräche?
In Berlin müssen die Unterhändler von Union und SPD die Ergebnisse ihrer Beratungen abliefern, in Riad verhandeln die USA mit Russland und der Ukr… [+159 chars]",,de,'Hormus'
https://www.welt.de/videos/video6a57079d664e99bc41e933de/zahlen-seit-2020-preise-fuer-lebensmittel-in-deutschland-deutlich-staerker-gestiegen-als-die-inflation.html,https://www.welt.de/videos/video6a57079d664e99bc41e933de/zahlen-seit-2020-preise-fuer-lebensmittel-in-deutschland-deutlich-staerker-gestiegen-als-die-inflation.html,0,www.welt.de,Preise für Lebensmittel in Deutschland deutlich stärker gestiegen als die Inflation,Die Preise für Lebensmittel sind nach Angaben der Bundesregierung seit 2020 deutlich stärker gestiegen als die allgemeine Inflation.,https://images.welt.de/6a57079d664e99bc41e933de/041fbc6fcea4fedd66d8533ef716dd52/ci16x9-w1200/dpa-com-260623-935-1428752-jpg,2026-07-15T04:28:54Z,,Die WELT als ePaper: Die vollständige Ausgabe steht Ihnen bereits am Vorabend zur Verfügung so sind Sie immer hochaktuell informiert. Weitere Informationen https://epaper.welt.de,,de,'Preis'
https://www.zeit.de/wirtschaft/2026-07/lebensmittelpreise-inflation-anstieg-2020-2025-gxe,https://www.zeit.de/wirtschaft/2026-07/lebensmittelpreise-inflation-anstieg-2020-2025-gxe,0,www.zeit.de,Lebensmittelpreise: Lebensmittelpreise in Deutschland seit 2020 über 36 Prozent gestiegen,Die Preise für Lebensmittel sind innerhalb des Zeitraums 2020 bis 2025 deutlich stärker angestiegen als die allgemeine Inflation. Sie erhöhten sich um rund 36 Prozent.,https://img.zeit.de/wirtschaft/2026-07/lebensmittelpreise-inflation-anstieg-2020-2025-foto-1/wide__1300x731,2026-07-15T04:30:03Z,,"Nach Angaben der Bundesregierung sind die Preise für Lebensmittel seit 2020 deutlich stärker gestiegen als die allgemeine Inflation. Seit Anfang 2020 bis Mitte 2025 erhöhten sie sich um insgesamt 36,… [+1076 chars]",,de,'Preis'
https://www.faz.net/aktuell/politik/ausland/boris-nadjeschdin-wie-putin-kritiker-mundtot-macht-accg-201027916.html,https://www.faz.net/aktuell/politik/ausland/boris-nadjeschdin-wie-putin-kritiker-mundtot-macht-accg-201027916.html,0,www.faz.net,Repression in Russland: Plötzlich ein „ausländischer Agent“,"Das Vorgehen gegen den Antikriegspolitiker Boris Nadjeschdin zeigt, dass der Kreml keinerlei Kritik toleriert. Und bisweilen aus eigenen Fehlern lernt.",https://media0.faz.net/image/w1200h627/ed7f0a142e84/w5470h2858x0y212o/202607/43601.0.2331784164/kurzzeitig-festgehalten.webp,2026-07-15T05:27:38Z,,"Boris Nadjeschdin ist nicht nur einer der wenigen offenen Kriegsgegner, die noch in Russland sind. Der 63 Jahre alte Bartträger aus Dolgoprudnyj im Moskauer Umland, der sogar angesichts gröbster Will… [+4219 chars]",,de,'Wladimir Putin'
https://www.diepresse.com/37382497/ezb-ratsmitglied-kocher-sehen-derzeit-keine-zweitrundeneffekte,https://www.diepresse.com/37382497/ezb-ratsmitglied-kocher-sehen-derzeit-keine-zweitrundeneffekte,0,www.diepresse.com,EZB-Ratsmitglied Kocher: Sehen derzeit keine Zweitrundeneffekte,"„Wir sehen aktuell ​keine Zweitrundeneffekte, müssen unsere Geldpolitik jedoch auch an den Inflationserwartungen ausrichten“, sagt Österreichs Notenbankchef Martin Kocher.",https://img.diepresse.com/public/incoming/s3j3jh-pk-oenb-realwirtschaftliche-prognose-interimsprognose-kocher-jpg/alternates/WEBP_WIDE_1200/PK%20OENB%20REALWIRTSCHAFTLICHE%20PROGNOSE%20-%20INTERIMSPROGNOSE%20-%20KOCHER%20.jpg,2026-07-15T06:09:49Z,,"Die Presse auf Google als bevorzugte Nachrichtenquelle hinzufügen.
 Österreichs Notenbankchef Martin Kocher betont angesichts gestiegener Ölpreise durch den Iran-Krieg die Handlungsbereitschaft der … [+1760 chars]",,de,'Inflation'
https://www.morgenpost.de/ratgeber-wissen/finanzen/article409580553/goldpreis-sinkt-aktuell-profi-preistreiber-prognose-1507.html,https://www.morgenpost.de/ratgeber-wissen/finanzen/article409580553/goldpreis-sinkt-aktuell-profi-preistreiber-prognose-1507.html,0,www.morgenpost.de,Goldpreis aktuell: Kurs fällt – Profi nennt „wichtigsten Preistreiber“,"Was kostet Gold heute? Der Goldpreis sinkt aktuell. Was das Edelmetall in Euro kostet und welcher Preistreiber den Kurs beeinflusst, lesen Sie hier.",https://img.sparknews.funkemedien.de/410989272/410989272_1768981457_v16_9_1600.jpeg,2026-07-15T07:08:00Z,,"Der Goldpreis notiert seit Jahresbeginn im Minus auch im Tagesvergleich setzt sich der Rückgang fort. Eine Umfrage des Edelmetallhändlers Bullionvault zeigt, dass Anleger die Geldpolitik der Zentralb… [+6915 chars]",,de,'Preis'
https://www.faz.net/aktuell/wirtschaft/unternehmen/business-liveticker-deutsche-bank-razzia-privatkundenfiliale-in-frankfurter-zentrale-durchsucht-faz-200452404.html,https://www.faz.net/aktuell/wirtschaft/unternehmen/business-liveticker-deutsche-bank-razzia-privatkundenfiliale-in-frankfurter-zentrale-durchsucht-faz-200452404.html,0,www.faz.net,Business-Ticker: Deutsche-Bank-Razzia: Privatkundenfiliale in Frankfurter Zentrale durchsucht,"Mitteilung der Staatsanwaltschaft Frankfurt +++ IT-Unternehmen IBM erlöst weniger als erwartet +++ US-Inflation sinkt überraschend stark auf 3,5 Prozent +++ US-Regierung zahlt 81 Milliarden Dollar Zollgebühren an Unternehmen zurück +++ Eichbaum-Brauerei vor d…",https://media0.faz.net/image/w1200h627/af137dd8d4e0/w5760h3009x0y415o/201808/431.0.19068389/die-deutsche-bank-in-frankfurt.webp,2026-07-15T08:10:48Z,,"Chinas Exporte nach Deutschland sind im Juni weiter kräftig gestiegen. In US-Dollar gerechnet lagen sie 27,2 Prozent höher als im Vorjahresmonat, wie aus Daten der Zollbehörde in Peking hervorgeht. C… [+1990 chars]",,de,'Inflation'
https://hallespektrum.de/aktuelles/pflegekosten-in-sachsen-anhalt-steigen-deutlich-staerker-als-die-inflation/477953/,https://hallespektrum.de/aktuelles/pflegekosten-in-sachsen-anhalt-steigen-deutlich-staerker-als-die-inflation/477953/,0,hallespektrum.de,Pflegekosten in Sachsen-Anhalt steigen deutlich stärker als die Inflation,"Die Preise für Pflegeleistungen in Sachsen-Anhalt sind seit 2020 erheblich stärker gestiegen als die allgemeine Inflation. Wie das Statistische Landesamt mitteilt, lag die Teuerungsrate im Jahr 2025 gegenüber 2020 bei 23,5 Prozent. Demgegenüber verteuerten si…",https://hallespektrum.de/wp-content/uploads/2024/07/Pflegeheim.jpg,2026-07-15T08:28:56Z,,"Die Preise für Pflegeleistungen in Sachsen-Anhalt sind seit 2020 erheblich stärker gestiegen als die allgemeine Inflation. Wie das Statistische Landesamt mitteilt, lag die Teuerungsrate im Jahr 2025 … [+1467 chars]",,de,'Inflation'
https://www.golem.de/sonstiges/zustimmung/auswahl.html?from=https://www.golem.de/news/anzeige-oft-ausverkauftes-makita-makpac-bei-amazon-zum-besten-preis-2607-210782.html&referer=https://t.co/87b9b03b19,https://www.golem.de/sonstiges/zustimmung/auswahl.html?from=https://www.golem.de/news/anzeige-oft-ausverkauftes-makita-makpac-bei-amazon-zum-besten-preis-2607-210782.html&referer=https://t.co/87b9b03b19,0,www.golem.de,Anzeige: Oft ausverkauftes Makita Makpac bei Amazon zum besten Preis,Das beliebte Makpac von Makita in der Größe 2 ist bei Amazon zum besten Preis zu haben. Es war schon oft ausverkauft. (Technik/Hardware),,2026-07-15T09:23:01Z,,"Besuchen Sie Golem.de wie gewohnt mit Werbung und Tracking,
 indem Sie der Nutzung aller Cookies zustimmen.
 Details zum Tracking finden Sie im Privacy Center.
Skript wurde nicht geladen. Informat… [+607 chars]",,de,'Preis'
https://www.morgenpost.de/wirtschaft/article412583340/lebensmittelpreise-galoppieren-davon-das-erkennt-jetzt-auch-die-bundesregierung.html,https://www.morgenpost.de/wirtschaft/article412583340/lebensmittelpreise-galoppieren-davon-das-erkennt-jetzt-auch-die-bundesregierung.html,0,www.morgenpost.de,Lebensmittelpreise galoppieren davon: Das erkennt jetzt auch die Bundesregierung,Seit 2020 sind Lebensmittelpreise fast doppelt so stark wie die allgemeine Inflation. Das bestätigt jetzt die Bundesregierung.,https://img.sparknews.funkemedien.de/412583198/412583198_1784107523_v16_9_1600.jpeg,2026-07-15T09:25:23Z,,"Die gleiche Einkaufsliste wie immer, und doch wundert man sich über die Summe an der Kasse. Das ist offenbar keine subjektive Wahrnehmung. Seit 2020 sind die Preise für Lebensmittel laut der Bundesre… [+1430 chars]",,de,'Inflation'
https://www.diepresse.com/37456675/gegen-das-regime-protestiert-iran-richtet-kollaborateur-des-feindes-hin,https://www.diepresse.com/37456675/gegen-das-regime-protestiert-iran-richtet-kollaborateur-des-feindes-hin,0,www.diepresse.com,Gegen das Regime protestiert: Iran richtet „Kollaborateur des Feindes“ hin,Der Mann soll bei den Protesten am 9. Jänner vor dem Büro des Gouverneurs im zentraliranischen Dehaghan einen Molotowcocktail geworfen haben.,https://img.diepresse.com/public/incoming/m7wt6z-us-israel-iran-war-demonstration/alternates/WEBP_WIDE_1200/US-ISRAEL-IRAN-WAR-DEMONSTRATION,2026-07-15T10:26:00Z,,"Die Presse auf Google als bevorzugte Nachrichtenquelle hinzufügen.
 Im Iran ist erneut die Todesstrafe gegen einen Mann im Zusammenhang mit regierungskritischen Protesten vollstreckt worden. Der von… [+1531 chars]",,de,'Iran'
https://www.zeit.de/news/2026-07/15/deutschland-beteiligt-sich-an-manoever-der-ukraine-koalition,https://www.zeit.de/news/2026-07/15/deutschland-beteiligt-sich-an-manoever-der-ukraine-koalition,0,www.zeit.de,Ukraine-Krieg: Deutschland beteiligt sich an Manöver der Ukraine-Koalition,Hier finden Sie Informationen zu dem Thema „Ukraine-Krieg“. Lesen Sie jetzt „Deutschland beteiligt sich an Manöver der Ukraine-Koalition“.,https://img.zeit.de/news/2026-07/15/deutschland-beteiligt-sich-an-manoever-der-ukraine-koalition-image-group/wide__1300x731,2026-07-15T10:39:15Z,,Deutschland wird sich doch an dem ersten Manöver der von Ukraine-Verbündeten gegründeten «Koalition der Willigen» beteiligen. Am Freitag werde man in einer Sitzung des deutsch-französischen Sicherhei… [+2012 chars],,de,'Ukraine'
https://www.zeit.de/hamburg/2026-07/planeteer-start-up-hamburger-hafen-co2-nordsee-klimaschutz,https://www.zeit.de/hamburg/2026-07/planeteer-start-up-hamburger-hafen-co2-nordsee-klimaschutz,0,www.zeit.de,Start-up Planeteers: Ab ins Meer damit?,Ein Klima-Start-up will CO₂ aus dem Hamburger Hafen in der Nordsee speichern – und die Stadt will mitmachen.,https://img.zeit.de/hamburg/2026-07/planeteer-start-up-hamburger-hafen-co2-nordsee-klimaschutz-bild/wide__1300x731,2026-07-15T11:25:12Z,,"In einer Garage im Hamburger Stadtteil Eimsbüttel steht ein silberner Apparat mit Gefäßen und Leitungen: Das ist ein Reaktor. Daneben lehnen Gasflaschen, in Regalen stapeln sich Eimer mit Kalk. »Hier… [+551 chars]",,de,'Klima'
https://www.sueddeutsche.de/politik/japan-yen-kurs-auswirkungen-li.3515195,https://www.sueddeutsche.de/politik/japan-yen-kurs-auswirkungen-li.3515195,0,www.sueddeutsche.de,"Inflation: Wie Japan versucht, der Krise zu entkommen",Der Yen erreicht ein historisches Tief. Teurere Importe belasten die Bevölkerung. Gleichzeitig profitieren Exporte und der Tourismus. Premierministerin Takaichi will die Japaner nun entlasten.,https://www.sueddeutsche.de/2024/06/14/76ca274f-0fc9-4e86-9817-50db7fcc84a2.jpeg?q=60&fm=webp&width=1200&rect=0%2C210%2C4000%2C2250,2026-07-15T11:25:20Z,,"Wer schon immer mal Japan besuchen wollte, sollte es jetzt tun. In der vergangenen Woche erreichte der Yen einen historischen neuen Tiefstand, was einen Urlaub im Land für Ausländer günstig macht das… [+46 chars]",,de,'Inflation'
https://www.faz.net/aktuell/wirtschaft/unternehmen/business-liveticker-basf-hebt-nach-gewinnsprung-jahresziele-an-faz-200452404.html,https://www.faz.net/aktuell/wirtschaft/unternehmen/business-liveticker-basf-hebt-nach-gewinnsprung-jahresziele-an-faz-200452404.html,0,www.faz.net,Business-Ticker: BASF hebt nach Gewinnsprung Jahresziele an,"Zweites Quartal besser als erwartet +++ Deutsche-Bank-Razzia in Frankfurter Privatkundenfiliale +++ IT-Unternehmen IBM erlöst weniger als erwartet +++ US-Inflation sinkt auf 3,5 Prozent +++ Neuigkeiten im Unternehmen-Liveblog.",https://media0.faz.net/image/w1200h627/4c3fed80159e/w6144h3210x0y443o/202607/43601.0.2337242413/ludwigshafen-ein-schornstein.webp,2026-07-15T11:26:37Z,,"Die Inflation in den USA hat sich nach einem deutlichen Anstieg im Frühjahr wieder abgekühlt, berichtet die Nachrichtenagentur AFP. Sie ging im Juni auf 3,5 Prozent im Vergleich zum Vorjahreszeitraum… [+1339 chars]",,de,'Inflation'
https://www.focus.de/politik/ausland/totaler-blackout-in-kertsch-ukrainische-drohnen-legen-putins-wichtigen-knotenpunkt-auf-der-krim-lahm_b492e72c-0766-4b1f-a4ec-ef0ecef205c1.html,https://www.focus.de/politik/ausland/totaler-blackout-in-kertsch-ukrainische-drohnen-legen-putins-wichtigen-knotenpunkt-auf-der-krim-lahm_b492e72c-0766-4b1f-a4ec-ef0ecef205c1.html,0,www.focus.de,Totaler Blackout in Kertsch: Ukrainische Drohnen legen Putins wichtigen Knotenpunkt auf der Krim lahm,Nach einem Angriff fällt in Kertsch der Strom komplett aus. Auch anderswo auf der Krim gibt es Ausfälle und Probleme mit der Wasserversorgung.,"https://quadro.burda-forward.de/ctf/7894791b-899e-4476-aad4-6a2385eaf168.aae78dc1-07b8-4192-8dd8-1f522051df92.jpg?im=RegionOfInterestCrop=(1200,630),regionOfInterest=(2953,1700)&hash=1d0c326cd3da2f812d914e523e0455059f4ac81c0793aaa56962af1e808ee78d",2026-07-15T12:58:00Z,,Nach einem ukrainischen Drohnenangriff ist in Kertsch auf der von Russland besetzten Krim in der Nacht der Strom komplett ausgefallen. Betroffen waren nach Angaben der Besatzungsverwaltung auch weite… [+2398 chars],,de,'Angriff'
https://www.dw.com/de/deutschland-nimmt-an-ukraine-man%C3%B6ver-teil-koalition-der-willigen-drohnen-abkommen-eu-von-der-leyen/a-77967914,https://www.dw.com/de/deutschland-nimmt-an-ukraine-man%C3%B6ver-teil-koalition-der-willigen-drohnen-abkommen-eu-von-der-leyen/a-77967914,0,www.dw.com,Deutschland will sich doch an Ukraine-Manöver beteiligen,"Zunächst hieß es aus Regierungskreisen, Deutschland werde nicht am ersten Manöver der von Ukraine-Unterstützern gegründeten ""Koalition der Willigen"" teilnehmen. Nun scheint es einen Sinneswandel gegeben zu haben.",https://static.dw.com/image/76525131_6.jpg,2026-07-15T12:58:00Z,,"""Deutschland wird sich an diesem Manöver beteiligen"", sagte Regierungssprecher Stefan Kornelius der Deutschen Presse-Agentur. ""Die Bundesregierung prüft, wie diese Beteiligung aussehen wird.""
Am Fre… [+2887 chars]",,de,'Ukraine'
https://www.zeit.de/news/2026-07/15/eu-und-ukraine-schliessen-drohnen-deal-schiffe-angegriffen,https://www.zeit.de/news/2026-07/15/eu-und-ukraine-schliessen-drohnen-deal-schiffe-angegriffen,0,www.zeit.de,Verteidigung gegen Russland: EU und Ukraine schließen Drohnen-Deal - Schiffe angegriffen,Hier finden Sie Informationen zu dem Thema „Verteidigung gegen Russland“. Lesen Sie jetzt „EU und Ukraine schließen Drohnen-Deal - Schiffe angegriffen“.,https://img.zeit.de/news/2026-07/15/eu-und-ukraine-schliessen-drohnen-deal-schiffe-angegriffen-image-group/wide__1300x731,2026-07-15T13:02:28Z,,Vor dem Hintergrund weiterer massiver ukrainischer Angriffe auf russische Schiffe und andere Ziele schließen die EU und Kiew eine neue Partnerschaft zur gemeinsamen Produktion von Drohnen. Wie EU-Kom… [+4960 chars],,de,'Russland'
https://www.tagesspiegel.de/internationales/verteidigung-gegen-russland-eu-und-ukraine-schliessen-drohnen-deal-schiffe-angegriffen-15842229.html,https://www.tagesspiegel.de/internationales/verteidigung-gegen-russland-eu-und-ukraine-schliessen-drohnen-deal-schiffe-angegriffen-15842229.html,0,www.tagesspiegel.de,Verteidigung gegen Russland: EU und Ukraine schließen Drohnen-Deal - Schiffe angegriffen,Mit vereinten Kräften wollen die EU und die Ukraine die Produktion von Drohnen hochfahren. Derweil meldet Kiew erneut Attacken auf russische Schiffe und eine neue Etappe im Seekrieg.,https://www.tagesspiegel.de/images/15842228/alternates/BASE_16_9_W1400/1784120611000/staatschefs-aus-sudosteuropa-in-kiew.jpeg,2026-07-15T13:03:31Z,,Vor dem Hintergrund weiterer massiver ukrainischer Angriffe auf russische Schiffe und andere Ziele schließen die EU und Kiew eine neue Partnerschaft zur gemeinsamen Produktion von Drohnen. Wie EU-Kom… [+5012 chars],,de,'Russland'
https://www.tagesspiegel.de/internationales/wegen-benzinknappheit-in-russland-moskau-erwagt-nun-kraftstoff-priorisierung-fur-lebensmittel-transporte-15842251.html,https://www.tagesspiegel.de/internationales/wegen-benzinknappheit-in-russland-moskau-erwagt-nun-kraftstoff-priorisierung-fur-lebensmittel-transporte-15842251.html,0,www.tagesspiegel.de,Wegen Benzinknappheit in Russland: Moskau erwägt nun Kraftstoff-Priorisierung für Lebensmittel-Transporte,"Im Kreml wird aktuell diskutiert, ob man Einzelhandelsketten bei der Benzinversorgung priorisiert behandeln sollte. Auch die Kraftstoffbereitstellung in Russlands Agrarsektor wird aktuell verhandelt.",https://www.tagesspiegel.de/images/15842135/alternates/BASE_16_9_W1400/1784120310000/russia-ukraine-conflict-fuel-shortages.jpeg,2026-07-15T13:06:53Z,,"Während Russland landesweit mit Kraftstoffengpässen zu kämpfen hat, berät die russische Regierung aktuell darüber, die Kraftstoffversorgung für Fahrzeuge großer Lebensmitteleinzelhandelsketten vorran… [+3752 chars]",,de,'Russland'
https://www.bild.de/politik/ronzheimer-in-der-ost-ukraine-eine-nacht-mit-ukraines-elite-einheit-6a56b8cc88b6b373594b2015,https://www.bild.de/politik/ronzheimer-in-der-ost-ukraine-eine-nacht-mit-ukraines-elite-einheit-6a56b8cc88b6b373594b2015,0,www.bild.de,Ronzheimer in der Ost-Ukraine - Eine Nacht mit Ukraines Elite-Einheit,"Paul Ronzheimer berichtet von einem außergewöhnlichen Einsatz mit einer ukrainischen Drohneneinheit tief im Hinterland – dort, wo Angriffe auf Ziele in R...","https://images.bild.de/6a56b8cc88b6b373594b2015/15c93b46b490e440c38a28f14a5417b3,5ec343e6?w=1280",2026-07-15T13:27:02Z,,"Mehr zum Video anzeigen 
Paul Ronzheimer berichtet von einem außergewöhnlichen Einsatz mit einer ukrainischen Drohneneinheit tief im Hinterland dort, wo Angriffe auf Ziele in Russland vorbereitet we… [+40 chars]",,de,'Russland'
https://www.focus.de/politik/deutschland/deutschland-nimmt-doch-an-manoever-der-ukraine-koalition-teil_316124a6-b228-4b91-bd28-c883f1d0c4d3.html,https://www.focus.de/politik/deutschland/deutschland-nimmt-doch-an-manoever-der-ukraine-koalition-teil_316124a6-b228-4b91-bd28-c883f1d0c4d3.html,0,www.focus.de,Deutschland nimmt doch an Manöver der Ukraine-Koalition teil,Deutschland wird sich doch an dem ersten Manöver der von Ukraine-Verbündeten gegründeten „Koalition der Willigen“ beteiligen.,"https://quadro.burda-forward.de/ctf/2aff3a67-e66a-45d4-a188-5e78ca2f3ea5.3d49608b-fc30-4840-acb9-b414dd8e647e.jpeg?im=RegionOfInterestCrop=(1200,630),regionOfInterest=(1024,683)&hash=16cd5f2bed5733f5a42e181f3c3f5073fa9900afd5b4ca073bfd94c4816c7971",2026-07-15T13:28:00Z,,"Am Freitag werde man in einer Sitzung des deutsch-französischen Sicherheits- und Verteidigungsrats darüber beraten, sagte Regierungssprecher Stefan Kornelius der Deutschen Presse-Agentur. Deutschland… [+1861 chars]",,de,'Russland'
https://www.diepresse.com/37387101/sind-es-nun-die-ukrainischen-drohnen-die-putin-zu-fall-bringen-werden,https://www.diepresse.com/37387101/sind-es-nun-die-ukrainischen-drohnen-die-putin-zu-fall-bringen-werden,0,www.diepresse.com,"Sind es nun die ukrainischen Drohnen, die Putin zu Fall bringen werden?","Obwohl im ersten Halbjahr 64.000 ukrainische Drohnen von Russland abgefangen wurden, erreichten manche ihr Ziel und richteten große Schäden an. Wie kann das passieren? Welche Rolle spielt hier die KI? Und kann das den Krieg zugunsten der Ukraine entscheiden? …",https://img.diepresse.com/public/incoming/355qlr-Russia2.jpeg/alternates/WEBP_WIDE_1200/Russia2.jpeg,2026-07-15T14:14:27Z,,"In der 43. Folge des Presse-Podcasts gehen die Experten den Fragen nach, wie weit die Ukraine bei der Waffentechnologie ist, in welche Eskalationsgefahr der Westen mit Russland gerade schlittert und … [+686 chars]",,de,'Russland'
https://www.focus.de/finanzen/news/europa-kauft-so-viel-russisches-gas-wie-noch-nie_edac266a-28b9-43ae-959e-215de56dcc9d.html,https://www.focus.de/finanzen/news/europa-kauft-so-viel-russisches-gas-wie-noch-nie_edac266a-28b9-43ae-959e-215de56dcc9d.html,0,www.focus.de,Europa kauft so viel russisches Gas wie noch nie,"Rekordimporte von russischem LNG, leere Speicher, Fracking-Debatte: Deutschland steuert 2027 in einen Energie-Stresstest.","https://quadro.burda-forward.de/ctf/cf2a12f1-a4d8-474d-acbe-5c495919a49a.f1dd18be-9c72-44b9-9fea-efefe42abc56.jpg?im=RegionOfInterestCrop=(1200,630),regionOfInterest=(2305,1133)&hash=5c4e2bb41d34635459c258ad9fc831c5db6775e22295ff9892151ab90e14c4a1",2026-07-15T14:15:00Z,,Ausgerechnet in den letzten Monaten vor dem vollständigen Importverbot kauft Europa so viel verflüssigtes Erdgas aus Russland wie nie zuvor. Im ersten Halbjahr 2026 importierten die EU-Staaten nach D… [+6476 chars],,de,'Russland'
https://www.zeit.de/news/2026-07/15/zukunft-von-autozulieferer-standort-magdeburg-weiter-offen,https://www.zeit.de/news/2026-07/15/zukunft-von-autozulieferer-standort-magdeburg-weiter-offen,0,www.zeit.de,Autozulieferer in der Krise: Zukunft von Autozulieferer-Standort Magdeburg weiter offen,Hier finden Sie Informationen zu dem Thema „Autozulieferer in der Krise“. Lesen Sie jetzt „Zukunft von Autozulieferer-Standort Magdeburg weiter offen“.,https://img.zeit.de/news/2026-07/15/zukunft-von-autozulieferer-standort-magdeburg-weiter-offen-image-group/wide__1300x731,2026-07-15T14:25:33Z,,"Für den krisengeplagten Autozulieferer Weber ist die Zukunft des Standorts Magdeburg ungewiss. Wie die Albert Weber Gruppe mitteilte, läuft für das Werk weiter die Suche nach einem Investor. Für vier… [+1511 chars]",,de,'Krise'
https://www.welt.de/wirtschaft/plus6a5783b30fae4e2165e36396/oelsektor-der-iran-krieg-brachte-putin-milliarden-die-ukraine-nimmt-sie-ihm-wieder.html,https://www.welt.de/wirtschaft/plus6a5783b30fae4e2165e36396/oelsektor-der-iran-krieg-brachte-putin-milliarden-die-ukraine-nimmt-sie-ihm-wieder.html,0,www.welt.de,Der Iran-Krieg bringt Putin Extra-Milliarden – die Ukraine nimmt sie ihm wieder,"Der Iran-Krieg hat Russland Milliarden in die Kriegskasse gespült – jetzt frisst der Drohnenkrieg der Ukraine diese Sonderkonjunktur wieder auf. Raffinerien fallen aus, Treibstoff wird knapp, die Inflation zieht an und das Haushaltsloch in Moskau wächst.",https://images.welt.de/6a5783b30fae4e2165e36396/4c9987732c06ebbc40ce24dc70dd9d83-master/ci16x9-w1200/2026-07-07t000911z-414348195-rc2n8majrs12-rtrmadp-3-ukraine-crisis-russia-jpg,2026-07-15T14:34:45Z,,"Der Iran-Krieg hat Russland Milliarden in die Kriegskasse gespült jetzt frisst der Drohnenkrieg der Ukraine diese Sonderkonjunktur wieder auf. Raffinerien fallen aus, Treibstoff wird knapp, die Infla… [+52 chars]",,de,'Iran'
https://www.tagesschau.de/ausland/amerika/trump-iran-dilemma-100.html,https://www.tagesschau.de/ausland/amerika/trump-iran-dilemma-100.html,0,www.tagesschau.de,"US-Kurs gegenüber Iran: ""Trumps Politik ist von Strategielosigkeit geprägt""","Gerade einen Tag hatte Trumps Ankündigung einer Maut für die Straße von Hormus Bestand. Der Politikwissenschaftler Sascha Lohmann sagt im Interview, das sei symptomatisch für Trumps Politikstil. Vom Fehlen einer Strategie profitiere Iran.",https://images.tagesschau.de/image/2ba18d3f-23fa-45bb-b4ca-677dfd914a80/AAABn2VC5iM/AAABnSSvrFg/16x9-big/trump-vance-rubio-104.jpg?width=1280,2026-07-15T15:24:18Z,,"Stand: 15.07.2026 17:24 Uhr
Gerade einen Tag hatte Trumps Ankündigung einer Maut für die Straße von Hormus Bestand. Der Politikwissenschaftler Sascha Lohmann sagt im Interview, das sei symptomatisch… [+7650 chars]",,de,'Hormus'
https://www.morgenpost.de/politik/article412588594/ukraine-parlament-verabschiedet-pornografie-neuerung-hilfe-fuer-armee.html,https://www.morgenpost.de/politik/article412588594/ukraine-parlament-verabschiedet-pornografie-neuerung-hilfe-fuer-armee.html,0,www.morgenpost.de,Ukraine: Parlament verabschiedet Pornografie-Neuerung – Hilfe für Armee,Pornografie ist bisher in der Ukraine nicht legal. Damit entgehen dem Staat Millionen an Steuereinnahmen. Das soll sich jetzt ändern.,https://img.sparknews.funkemedien.de/412586172/412586172_1784113807_v16_9_1600.jpeg,2026-07-15T15:38:16Z,,"Das ukrainische Parlament hat den Weg für die Legalisierung von Pornografie frei gemacht. Was auf den ersten Blick wie ein Randthema im Krieg wirkt, hat für die Ukraine eine handfeste wirtschaftliche… [+2950 chars]",,de,'Russland'
https://www.bild.de/unterhaltung/tv-fernsehformate/markus-lanz-heute-das-sind-die-gaeste-und-themen-im-ueberblick-6a57a56268b3d65152689e4c,https://www.bild.de/unterhaltung/tv-fernsehformate/markus-lanz-heute-das-sind-die-gaeste-und-themen-im-ueberblick-6a57a56268b3d65152689e4c,0,www.bild.de,Gäste und Themen vom 15. Juli 2026 - Wer ist heute Abend bei Markus Lanz zu Gast?,"Dreimal in der Woche lädt Markus Lanz Experten ein, um über aktuelle Themen zu diskutieren. Wer ist heute Abend, am 15. Juli 2026, zu Gast?","https://images.bild.de/6a57a56268b3d65152689e4c/73dc6ac46d14323cdc9a19a8f2839381,40393eb2?w=1280",2026-07-15T15:50:53Z,,"TTS-Player überspringenArtikel weiterlesenMarkus Lanz (57) lädt dreimal die Woche diverse Gäste und Experten ein, um über aktuelle gesellschaftliche und politische Themen zu diskutieren. Dabei lässt … [+1462 chars]",,de,'Russland'
https://www.faz.net/podcasts/f-a-z-podcast-fuer-deutschland/friedensnobelpreistraeger-bjaljazki-ueber-russland-wladimir-putin-und-die-ukraine-201031632.html,https://www.faz.net/podcasts/f-a-z-podcast-fuer-deutschland/friedensnobelpreistraeger-bjaljazki-ueber-russland-wladimir-putin-und-die-ukraine-201031632.html,0,www.faz.net,F.A.Z. PODCAST FÜR DEUTSCHLAND: Friedensnobelpreisträger Bjaljazki: „Die bösen Jungs verbünden sich“,Wir haben exklusiv den weißrussischen Friedensnobelpreisträger Ales Bjaljazki getroffen. Außerdem erzählt uns unser Autor Robert Putzbach über seine Reise in die Ukraine.,https://media0.faz.net/image/w1200h627/8c95d5879871/w3000h1567x0y98o/202512/43601.0.1579121630/4360101579121630.webp,2026-07-15T15:59:41Z,,Wir haben exklusiv den weißrussischen Friedensnobelpreisträger Ales Bjaljazki getroffen. Außerdem erzählt uns unser Autor Robert Putzbach über seine Reise in die Ukraine.,,de,'Ukraine'
https://www.sueddeutsche.de/politik/news-merz-sommerpressekonferenz-schufa-nahost-li.3516688,https://www.sueddeutsche.de/politik/news-merz-sommerpressekonferenz-schufa-nahost-li.3516688,0,www.sueddeutsche.de,SZ am Abend: Nachrichten vom 15. Juli 2026,"News aktuell: Merz zieht Reformbilanz, geheimes Schufa-Archiv, Irans Angriffe auf Golfstaaten",https://www.sueddeutsche.de/2026/07/15/ad50a5e2-684b-4a06-a39c-5ec462556293.jpg?q=60&fm=webp&width=1200&rect=0%2C208%2C4000%2C2250,2026-07-15T16:24:52Z,,"EXKLUSIV Das fast geheime Archiv der Schufa. Die Schufa speichert alte Daten von Millionen Menschen in einem geheimen Archiv, ohne die Betroffenen darüber zu informieren. Diese historischen Daten wer… [+2456 chars]",,de,'Iran'
https://www.zeit.de/politik/ausland/2026-07/ruestungsexporte-bundesregierung-anstieg-kriegswaffen-genehmigungen,https://www.zeit.de/politik/ausland/2026-07/ruestungsexporte-bundesregierung-anstieg-kriegswaffen-genehmigungen,0,www.zeit.de,"Rüstungsexporte: Bundesregierung genehmigt Rüstungsexporte für 13,87 Milliarden Euro",Die Bundesregierung hat Genehmigungen für Rüstungsexporte in Rekordhöhe erteilt. Das wichtigste Empfängerland der deutschen Waffenexporte bleibt die Ukraine.,https://img.zeit.de/politik/ausland/2026-07/ruestungsexporte-bundesregierung-anstieg-kriegswaffen-genehmigungen-foto-1/wide__1300x731,2026-07-15T16:29:49Z,,Die deutschen Rüstungsexporte haben erneut einen Höchstwert erreicht. Nach vorläufigen Angaben des Bundeswirtschaftsministeriums wurden allein im ersten Halbjahr 2026 Genehmigungen für die Ausfuhr vo… [+798 chars],,de,'Russland'
https://orf.at/stories/3436297/,https://orf.at/stories/3436297/,0,orf.at,Vorerst keine Einigung auf neue Russland-Sanktionen,,https://orf.at/mojo/1_4_1/storyserver//news/common/images/og-fallback-news.png,2026-07-15T16:35:58Z,,Die Botschafter der EU-Staaten können sich vorerst nicht auf ein 21. Sanktionspaket gegen Russland einigen. Die Obergrenze für den Preis von russischem Rohöl bleibt jedoch bis zum 23. Juli unveränder… [+572 chars],,de,'Russland'
https://www.zeit.de/news/2026-07/15/eu-haelt-trotz-hoher-oel-preise-an-russland-preisdeckel-fest,https://www.zeit.de/news/2026-07/15/eu-haelt-trotz-hoher-oel-preise-an-russland-preisdeckel-fest,0,www.zeit.de,Ukraine-Krieg: EU hält trotz hoher Öl-Preise an Russland-Preisdeckel fest,Hier finden Sie Informationen zu dem Thema „Ukraine-Krieg“. Lesen Sie jetzt „EU hält trotz hoher Öl-Preise an Russland-Preisdeckel fest“.,https://img.zeit.de/news/2026-07/15/eu-haelt-trotz-hoher-oel-preise-an-russland-preisdeckel-fest-image-group/wide__1300x731,2026-07-15T16:36:11Z,,Die EU wird ihr Sanktionssystem zur Begrenzung von Russlands Einnahmen aus Ölexporten trotz der gestiegenen Weltmarktpreise wegen des Iran-Kriegs vorerst nicht lockern. Vertreter der Mitgliedstaaten … [+2042 chars],,de,'Russland'
https://www.zeit.de/politik/ausland/2026-07/sicherheitszusammenarbeit-finnland-russland-zivilschutz-gesellschaft,https://www.zeit.de/politik/ausland/2026-07/sicherheitszusammenarbeit-finnland-russland-zivilschutz-gesellschaft,0,www.zeit.de,Sicherheitszusammenarbeit mit Finnland: Johann Wadephul lobt Finnlands Widerstandskraft gegen Russland,"Für den Bundesaußenminister ist Finnland ein Vorbild im Bemühen, sich Bedrohungen aus Russland zu erwehren. Wadephul informiert sich in Helsinki über den Grenzschutz.",https://img.zeit.de/politik/ausland/2026-07/sicherheitszusammenarbeit-finnland-russland-zivilschutz-gesellschaft-foto-1/wide__1300x731,2026-07-15T17:26:53Z,,Deutschland und Finnland wollen ihre Zusammenarbeit in der Sicherheitspolitik angesichts von andauernden Bedrohungen durch Russland verstärken. Es gehe um den Schutz vor hybriden Angriffen und die Cy… [+880 chars],,de,'Russland'
https://www.nzz.ch/international/eigeninteressen-der-eu-staaten-blockieren-neue-russland-sanktionen-nun-sogar-bei-fischstaebchen-ld.10015559,https://www.nzz.ch/international/eigeninteressen-der-eu-staaten-blockieren-neue-russland-sanktionen-nun-sogar-bei-fischstaebchen-ld.10015559,0,www.nzz.ch,Eigeninteressen der EU-Staaten blockieren neue Russland-Sanktionen – nun sogar bei Fischstäbchen,"«So einfach ist das», sagte EU-Kommissions-Präsidentin Ursula von der Leyen im Juni. Doch so einfach war es dann nicht.","https://img-msp-prod.nzz.ch/2026/07/15/04f00a21-aa0f-4c25-84e9-f7e799d63433.jpg?width=1200&height=675&fit=bounds&quality=75&auto=webp&crop=5500,3094,x0,y573&wmark=nzz",2026-07-15T17:45:00Z,,"«So einfach ist das», sagte EU-Kommissions-Präsidentin Ursula von der Leyen im Juni. Doch so einfach war es dann nicht.
Zusammenfassung
Noch ist das jüngste EU-Sanktionspaket nicht unter Dach und F… [+6241 chars]",,de,'Russland'
https://www.zeit.de/news/2026-07/15/rosatom-drohne-toetet-chefingenieur-des-akw-saporischschja,https://www.zeit.de/news/2026-07/15/rosatom-drohne-toetet-chefingenieur-des-akw-saporischschja,0,www.zeit.de,Ukraine-Krieg: Rosatom: Drohne tötet Chefingenieur des AKW Saporischschja,Hier finden Sie Informationen zu dem Thema „Ukraine-Krieg“. Lesen Sie jetzt „Rosatom: Drohne tötet Chefingenieur des AKW Saporischschja“.,https://img.zeit.de/news/2026-07/15/rosatom-drohne-toetet-chefingenieur-des-akw-saporischschja-image-group/wide__1300x731,2026-07-15T18:39:50Z,,Eine ukrainische Drohne soll nach russischen Angaben den Chefingenieur des besetzten Atomkraftwerks Saporischschja in der Südostukraine getötet haben. «Eine Drohne der ukrainischen Streitkräfte griff… [+1515 chars],,de,'Ukraine'
https://www.zeit.de/news/2026-07/16/usa-erhoehen-mit-neuen-angriffen-und-drohungen-druck-auf-iran,https://www.zeit.de/news/2026-07/16/usa-erhoehen-mit-neuen-angriffen-und-drohungen-druck-auf-iran,0,www.zeit.de,Iran-Krieg: USA erhöhen mit neuen Angriffen und Drohungen Druck auf Iran,Hier finden Sie Informationen zu dem Thema „Iran-Krieg“. Lesen Sie jetzt „USA erhöhen mit neuen Angriffen und Drohungen Druck auf Iran“.,https://img.zeit.de/news/2026-07/16/usa-erhoehen-mit-neuen-angriffen-und-drohungen-druck-auf-iran-image-group/wide__1300x731,2026-07-16T00:33:10Z,,Nach den neuen Angriffen und Drohungen der USA gegen den Iran scheint eine diplomatische Lösung erneut in weite Ferne gerückt zu sein. Das US-Militär startete am Mittwoch gleich zwei Angriffswellen u… [+6021 chars],,de,'Hormus'
https://www.faz.net/aktuell/politik/ukraine/ukraine-liveticker-russland-wirft-ukraine-toetung-von-akw-chefingenieur-vor-faz-110683325.html,https://www.faz.net/aktuell/politik/ukraine/ukraine-liveticker-russland-wirft-ukraine-toetung-von-akw-chefingenieur-vor-faz-110683325.html,0,www.faz.net,Liveblog Ukrainekrieg: Russland wirft Ukraine Tötung von Akw-Chefingenieur vor,Russland feuert wieder ballistische Raketen auf Kiew +++ Abermals Tote nach russischen Angriffen in Saporischschja +++ Ukraine vor Wechsel im Verteidigungsministerium +++  alle Neuigkeiten im Liveblog,https://media0.faz.net/image/w1200h627/4325d360717b/w6000h3135x0y433o/202607/43601.0.2339132291/auf-diesem-waehrend-einer-vom.webp,2026-07-16T01:40:00Z,,Eine ukrainische Drohne soll nach russischen Angaben den Chefingenieur des besetzten Atomkraftwerks Saporischschja in der Südostukraine getötet haben. Eine Drohne der ukrainischen Streitkräfte griff … [+795 chars],,de,'Ukraine'
https://www.faz.net/aktuell/politik/ausland/liveblog-irankrieg-us-militaer-usa-erhoehen-mit-angriffen-und-drohungen-druck-auf-iran-faz-200583539.html,https://www.faz.net/aktuell/politik/ausland/liveblog-irankrieg-us-militaer-usa-erhoehen-mit-angriffen-und-drohungen-druck-auf-iran-faz-200583539.html,0,www.faz.net,Liveblog Irankrieg: USA erhöhen mit Angriffen und Drohungen Druck auf Iran,Lob von Trump: Iran lässt festgehaltene US-Staatsbürgerin ausreisen +++Luftabwehrsysteme in Teheran aktiviert +++ alle Entwicklungen im Liveblog,https://media0.faz.net/image/w1200h627/50e0707e5b48/w3840h2006x0y77o/202607/43601.0.2329797559/eine-vom-us-militaer-am-13.webp,2026-07-16T02:57:00Z,,"Das US-Militär hat nach eigenen Angaben die zweite Angriffswelle des Tages gegen Iran gestartet. Diese habe um 15:00 US-Ostküstenzeit (21:00 Uhr deutscher Zeit) begonnen, teilte das zuständige Region… [+1192 chars]",,de,'Angriff'
https://www.n-tv.de/wirtschaft/Trump-will-US-Waffenproduktion-deutlich-ausbauen-id31090846.html,https://www.n-tv.de/wirtschaft/Trump-will-US-Waffenproduktion-deutlich-ausbauen-id31090846.html,0,www.n-tv.de,"""Beste Qualität der Welt"": Trump will US-Waffenproduktion deutlich ausbauen","Mit den Kriegen im Nahen Osten und in der Ukraine sinken die US-Waffenbestände kontinuierlich. US-Präsident Trump will gegensteuern. Das Pentagon ködert die heimische Rüstungsproduktion mit ""langfristigen Beschaffungsverträgen"".",https://www.n-tv.de/img/30784178/1784179681/Img_16_9/1200/Militaerfahrzeuge-der-US-Army-stehen-auf-dem-Gelaende-des-Truppenuebungsplatzes-Grafenwoehr-Die-US-Army-verlegt-rund-1000-Soldaten-samt-Panzern-und-Militaerfahrzeugen-von-ihrem-Standort-Vilseck-in-der-Oberpfalz-nach-Rumaenien.jpg,2026-07-16T03:48:35Z,,"Die US-Regierung kündigt eine Wiederbelebung der industriellen Kapazitäten an. (Foto: picture alliance/dpa)
Mit den Kriegen im Nahen Osten und in der Ukraine sinken die US-Waffenbestände kontinuierl… [+2169 chars]",,de,'Waffen'
https://www.tagesspiegel.de/internationales/rosatom-chef-bestatigt-ukrainische-drohne-totet-chefingenieur-des-akw-saporischschja-15844508.html,https://www.tagesspiegel.de/internationales/rosatom-chef-bestatigt-ukrainische-drohne-totet-chefingenieur-des-akw-saporischschja-15844508.html,0,www.tagesspiegel.de,Rosatom-Chef bestätigt: Ukrainische Drohne tötet Chefingenieur des AKW Saporischschja,Seit 2022 steht das größte Atomkraftwerk Europas unter russischer Kontrolle. Immer wieder sorgt Beschuss für Gefahr. Nun soll der Chefingenieur getötet worden sein.,https://www.tagesspiegel.de/images/15844493/alternates/BASE_16_9_W1400/1784139849000/ukraine-krieg-saporischschja.jpeg,2026-07-16T03:56:43Z,,Eine ukrainische Drohne soll nach russischen Angaben den Chefingenieur des besetzten Atomkraftwerks Saporischschja in der Südostukraine getötet haben. Eine Drohne der ukrainischen Streitkräfte griff … [+1829 chars],,de,'Ukraine'
https://www.diepresse.com/37583005/usa-starten-neue-angriffswellen-gegen-iran-argentinien-steht-im-wm-im,https://www.diepresse.com/37583005/usa-starten-neue-angriffswellen-gegen-iran-argentinien-steht-im-wm-im,0,www.diepresse.com,USA starten neue Angriffswellen gegen Iran • Argentinien steht im WM-Finale • Vorentscheidung im Tiroler Transit-Streit fällt,"Guten Morgen, heute ist Donnerstag, der 16. Juli 2026. Hier sind die wichtigsten Nachrichten zum Start in den Tag.",https://www.diepresse.com/assets_v2/images/diepresse_nachrichten.png,2026-07-16T03:58:01Z,,"Die Presse auf Google als bevorzugte Nachrichtenquelle hinzufügen.
 Im Iran-Krieg scheint eine diplomatische Lösung erneut in weite Ferne gerückt zu sein. Das US-Militär startete am Mittwoch gleich … [+2246 chars]",,de,'Angriff'
https://www.zeit.de/politik/2026-07/vergangenheitsbewaeltigung-sowjetunion-zweiter-weltkrieg-russland,https://www.zeit.de/politik/2026-07/vergangenheitsbewaeltigung-sowjetunion-zweiter-weltkrieg-russland,0,www.zeit.de,Vergangenheitsbewältigung: Wie viel Schuld empfinden wir gegenüber Russland?,"Deutschland hat einen verbrecherischen Krieg gegen die Sowjetunion geführt – aber die Erinnerung gilt vor allem Russland, nicht den anderen Ländern. Warum eigentlich?",https://img.zeit.de/politik/deutschland/2026-07/vergangenheitsbewaeltigung-sowjetunion-zweiter-weltkrieg-russland-bild/wide__1300x731,2026-07-16T04:00:07Z,,Geschichtspolitik ist ein Fundament der Ideologie Wladimir Putins. Der russische Herrscher begründete den Überfall auf die Ukraine mit dem angeblichen Betrug des Westens an Russland und mit der Verga… [+1627 chars],,de,'Russland'
https://www.zeit.de/hamburg/2026-07/elbvertiefung-16-07-2026,https://www.zeit.de/hamburg/2026-07/elbvertiefung-16-07-2026,0,www.zeit.de,Elbvertiefung: Der tägliche Newsletter aus Hamburg: Privat statt Staat: Ein Motto zum Erhalt von Parkbänken?,"Die Elbvertiefung am Donnerstag – Mit neuen Plänen für die Innenstadt, Kulturspartipps von ganz oben und einem kleinen bisschen Hoffnung für den Klimaschutz",https://img.zeit.de/hamburg/2026-07/parkbank/wide__1300x731,2026-07-16T04:00:09Z,,"Liebe Leserin, lieber Leser,
vor
ein paar Tagen bin ich mit einer älteren Dame aus Hummelsbüttel am
Hummelsee spazieren gegangen, einer früheren Kiesgrube am nördlichen
Stadtrand. Zwanzig Jahre l… [+9901 chars]",,de,'Klima'
https://www.zeit.de/politik/ausland/2026-07/us-ueberblick-donald-trump-ruestungsproduktion-jeffrey-epstein,https://www.zeit.de/politik/ausland/2026-07/us-ueberblick-donald-trump-ruestungsproduktion-jeffrey-epstein,0,www.zeit.de,"Der US-Überblick am Morgen: Trump für schnellere Waffenproduktion, Vance räumt Epstein-Fehler ein",Der US-Präsident fordert mehr Tempo bei der Rüstungsproduktion. JD Vance kritisiert den Umgang mit den Epstein-Akten. Der US-Überblick am Morgen,https://img.zeit.de/politik/ausland/2026-07/us-ueberblick-donald-trump-ruestungsproduktion-jeffrey-epstein-bild/wide__1300x731,2026-07-16T04:01:18Z,,"Trump drängt Rüstungsindustrie zu schnellerer Waffenproduktion
US-Präsident Donald Trump hat führende Rüstungsmanager aufgefordert, die Waffenproduktion zu beschleunigen und die Fertigungskapazitäte… [+3642 chars]",,de,'Ukraine'
https://www.faz.net/podcasts/f-a-z-podcast-fruehdenker/wie-schwer-trifft-die-seeblockade-die-wirtschaft-in-iran-faz-fruehdenker-201034471.html,https://www.faz.net/podcasts/f-a-z-podcast-fruehdenker/wie-schwer-trifft-die-seeblockade-die-wirtschaft-in-iran-faz-fruehdenker-201034471.html,0,www.faz.net,F.A.Z. Frühdenker: Wie schwer trifft die Seeblockade die Wirtschaft in Iran?,Trump wendet sich an seine Landsleute. In Italien endet der Prozess um den Brückeneinsturz in Genua. Und: Die Neuinterpretation eines antiken Klassikers kommt in die Kinos. Der F.A.Z. Frühdenker.,https://media0.faz.net/image/w1200h627/1ba96c845f92/w6000h3135x0y433o/202607/43601.0.2337856111/militaeraktionen-im-blick-ein.webp,2026-07-16T04:14:25Z,,"Wie viel Streit verkraften die Koalitionsgespräche?
In Berlin müssen die Unterhändler von Union und SPD die Ergebnisse ihrer Beratungen abliefern, in Riad verhandeln die USA mit Russland und der Ukr… [+159 chars]",,de,'Iran'
https://www.derstandard.at/jetzt/livebericht/3000000331665/russland-feuert-erneut-ballistische-raketen-auf-kyjiw,https://www.derstandard.at/jetzt/livebericht/3000000331665/russland-feuert-erneut-ballistische-raketen-auf-kyjiw,0,www.derstandard.at,Russland feuert erneut ballistische Raketen auf Kyjiw,Die EU und die Ukraine vereinbaren eine enge Kooperation bei der Drohnenproduktion,https://i.ds.at/b2J6Vw/rs:fill:1200:600/plain/lido-images/2026/07/16/a319f4ab-bffa-420d-bd66-fd07d09d1550.jpg,2026-07-16T04:27:50Z,,"Sie entscheiden darüber, wie Sie unsere Inhalte nutzen wollen. Ihr Gerät erlaubt uns derzeit leider nicht, die entsprechenden Optionen anzuzeigen.
Bitte deaktivieren Sie sämtliche Hard- und Software… [+180 chars]",,de,'Ukraine'
https://www.faz.net/premium/weltwirtschaft/weltwissen/voelkerrechtler-fischer-zu-iran-20-prozent-gebuehr-erscheinen-mir-mafioes-accg-201028954.html,https://www.faz.net/premium/weltwirtschaft/weltwissen/voelkerrechtler-fischer-zu-iran-20-prozent-gebuehr-erscheinen-mir-mafioes-accg-201028954.html,0,www.faz.net,Kriegsvölkerrechtler: „Iran hat eine Art moralischen Vorsprung“,"Im Nahen Osten spitzt sich die Lage weiter zu. Damit Schiffe die Straße von Hormus frei passieren können, erwägt US-Präsident Donald Trump eine hohe Gebühr einzuführen.  Ein Völkerrechtler erklärt, was daran rechtlich heikel ist.",https://media0.faz.net/image/w1200h627/e2b2caa46e77/w6000h3135x0y433o/202607/43601.0.2330427557/nicht-so-ruhig-wie-es-scheint.webp,2026-07-16T04:50:00Z,,"Damit Schiffe die Straße von Hormus frei passieren können, forderte US-Präsident Donald Trump zeitweise eine Gebühr von 20 Prozent gemessen am Frachtwert. Der ehemalige Diplomat und Völkerrechtler Kl… [+165 chars]",,de,'Iran'
https://www.faz.net/premium/weltwirtschaft/weltwissen/neue-bahnrouten-umgehen-die-strasse-von-hormus-accg-201017411.html,https://www.faz.net/premium/weltwirtschaft/weltwissen/neue-bahnrouten-umgehen-die-strasse-von-hormus-accg-201017411.html,0,www.faz.net,Alternative Handelsrouten: Bahnstrecken sollen die Straße von Hormus ersetzen,Mit dem Wiederaufflammen der Kämpfe an der Straße von Hormus werden neue Handelsrouten dringlicher. Vor allem die Türkei und Syrien profitieren geoökonomisch von zwei Projekten. Das Nachsehen hätte Israel.,https://media0.faz.net/image/w1200h627/6e9ebd3f8378/w2049h1070x473y366o/201508/431.0.32942185/die-kuenftige-hedschasbahn.webp,2026-07-16T04:50:00Z,,"Kurzfristig bringen sie keine Entlastung, auf lange Frist jedoch können sie im neuen Nahen Osten zentrale Handelskorridore werden. Die Rede ist von den historischen Strecken der Hedschasbahn und der … [+259 chars]",,de,'Hormus'
https://www.sueddeutsche.de/politik/ukraine-drohnen-reichweite-krieg-russland-nachschubrouten-li.3513941,https://www.sueddeutsche.de/politik/ukraine-drohnen-reichweite-krieg-russland-nachschubrouten-li.3513941,0,www.sueddeutsche.de,"Ukraine: „Wenn wir so weiterkämpfen, halten wir noch ein paar Jahre durch“","Munition, Benzin, Proviant, Soldaten – ohne Nachschub fährt Russlands Angriffskrieg sich fest. Mit Kampfdrohnen mittlerer Reichweite legen es ukrainische Drohnenpiloten genau darauf an.",https://www.sueddeutsche.de/2026/07/15/02a16df2-cfee-4950-8e0a-98931534df4e.jpg?q=60&fm=webp&width=1200&rect=0%2C1265%2C3000%2C1687,2026-07-16T05:07:40Z,,"Munition, Benzin, Proviant, Soldaten ohne Nachschub fährt Russlands Angriffskrieg sich fest. Mit Kampfdrohnen mittlerer Reichweite legen es ukrainische Drohnenpiloten genau darauf an.
Von Florian Ha… [+36 chars]",,de,'Ukraine'
https://www.sueddeutsche.de/politik/ukraine-krieg-newsblog-selenskij-serhij-korezkij-li.3512468,https://www.sueddeutsche.de/politik/ukraine-krieg-newsblog-selenskij-serhij-korezkij-li.3512468,0,www.sueddeutsche.de,Krieg in der Ukraine: Selenskij will Chef von Energiekonzern als Ministerpräsident,Der ukrainische Präsident will den Chef eines Energiekonzerns als neuen Ministerpräsidenten.  Der bisherige Verteidigungsminister soll im Clinch mit dem Armeechef gelegen haben.,https://www.sueddeutsche.de/2026/07/16/bcbd6a2f-db36-4ef6-8bdd-179f085a90d8.jpg?q=60&fm=webp&width=1200&rect=0%2C0%2C4000%2C2250,2026-07-16T05:08:23Z,,Bei einem russischen Luftangriff auf die ukrainische Hafenstadt Odessa sind nach Behördenangaben drei Menschen getötet worden. Auch in nordukrainische Region Sumy sind nach Angaben des dortigen Gouve… [+2228 chars],,de,'Ukraine'
https://www.zeit.de/politik/ausland/2026-07/us-angriffe-iran-strasse-von-hormus-centcom,https://www.zeit.de/politik/ausland/2026-07/us-angriffe-iran-strasse-von-hormus-centcom,0,www.zeit.de,Irankrieg: US-Militär weitet Angriffe auf den Iran aus,Erstmals seit der erneuten Eskalation des Irankriegs meldet der Iran Explosionen aus der Umgebung Teherans. Das US-Militär beschießt außerdem einen Öltanker.,https://img.zeit.de/administratives/sharing/fallback-image-die-zeit/wide__1300x731,2026-07-16T05:34:23Z,,"Die USA haben in der Nacht eine neue Angriffswelle gegen den Iran gestartet die dritte innerhalb von 24 Stunden. Das US-Zentralkommando Centcom teilte mit, dass man militärische Einrichtungen attacki… [+2752 chars]",,de,'Iran'
https://www.zeit.de/arbeit/2026-07/gaertnern-pflanzen-sorten-selbstbewusstsein-horst-mager,https://www.zeit.de/arbeit/2026-07/gaertnern-pflanzen-sorten-selbstbewusstsein-horst-mager,0,www.zeit.de,Gärtnern: »Viele Hochbeete heizen sich auf und trocknen schnell aus«,"Horst Mager kümmert sich seit Jahrzehnten um Gärten. Hier erzählt er, weshalb man Pflanzen nicht im Supermarkt kaufen sollte und wie man am Garten den Besitzer erkennt.",https://img.zeit.de/arbeit/2026-07/gaertnern-pflanzen-sorten-selbstbewusstsein-gartenhaus/wide__1300x731,2026-07-16T08:32:31Z,,"Horst
Mager, 62, ist Landschaftsgärtner, Biologe und seit einigen Jahren Influencer.
Seine Tipps teilt er auf Instagram, YouTube und in seiner TV-Sendung. Im
Gespräch erzählt er, wie er mit seinen… [+583 chars]",,de,'heizen'
https://www.diepresse.com/37702717/impulstanz-vivaldis-vier-jahreszeiten-mit-breakdance-und-klimadiskurs,https://www.diepresse.com/37702717/impulstanz-vivaldis-vier-jahreszeiten-mit-breakdance-und-klimadiskurs,0,www.diepresse.com,Impulstanz: Vivaldis „Vier Jahreszeiten“ mit Breakdance und Klimadiskurs,Anne Teresa De Keersmaeker und Radouan Mriziga kehren mit „Il Cimento dell’Armonia e dell’Inventione“ im Burgtheater zum Impulstanz-Festival zurück.,https://img.diepresse.com/public/incoming/53j5k-26rosasilcimentodellarmoniaedellinventionecannevanaerschot05jpg/alternates/WEBP_WIDE_1200/26_Rosas_IlCimentodellArmoniaEdellInventione_c_AnneVanAerschot_05.jpg,2026-07-16T08:48:18Z,,"Die Presse auf Google als bevorzugte Nachrichtenquelle hinzufügen.
 Eine flackernde Leuchtstoffröhre erhellt den tiefschwarzen Saal des Burgtheaters, dann flirren Lichter rhythmisch, als spielten si… [+2831 chars]",,de,'Klima'
https://www.faz.net/aktuell/politik/ausland/liveblog-irankrieg-iran-droht-mit-zerstoerung-der-infrastruktur-in-der-region-faz-200583539.html,https://www.faz.net/aktuell/politik/ausland/liveblog-irankrieg-iran-droht-mit-zerstoerung-der-infrastruktur-in-der-region-faz-200583539.html,0,www.faz.net,Liveblog Irankrieg: Iran droht mit Zerstörung der Infrastruktur in der Region,Generalstab: Vergeltung bei Ausweitung von US-Angriffen +++ USA erhöhen mit Angriffen und Drohungen Druck auf Iran +++ Lob von Trump: Iran lässt festgehaltene US-Staatsbürgerin ausreisen +++ alle Entwicklungen im Liveblog,https://media0.faz.net/image/w1200h627/acf29a235b59/w6000h3135x0y214o/202607/43601.0.2340695598/we-kill-trump-steht-am-15-juli.webp,2026-07-16T09:18:48Z,,"Das US-Militär hat nach eigenen Angaben die zweite Angriffswelle des Tages gegen Iran gestartet. Diese habe um 15:00 US-Ostküstenzeit (21:00 Uhr deutscher Zeit) begonnen, teilte das zuständige Region… [+1192 chars]",,de,'Iran'
https://www.zeit.de/news/2026-07/16/parlament-bestaetigt-neuen-ministerpraesidenten-korezkyj,https://www.zeit.de/news/2026-07/16/parlament-bestaetigt-neuen-ministerpraesidenten-korezkyj,0,www.zeit.de,Regierungsumbau in der Ukraine: Parlament bestätigt neuen Ministerpräsidenten Korezkyj,Hier finden Sie Informationen zu dem Thema „Regierungsumbau in der Ukraine“. Lesen Sie jetzt „Parlament bestätigt neuen Ministerpräsidenten Korezkyj“.,https://img.zeit.de/news/2026-07/16/parlament-bestaetigt-neuen-ministerpraesidenten-korezkyj-image-group/wide__1300x731,2026-07-16T09:29:48Z,,In der Ukraine hat das Parlament den neuen Ministerpräsidenten Serhij Korezkyj bestätigt. Für die Ernennung stimmte eine deutliche Mehrheit von 289 Abgeordneten. 226 waren notwendig gewesen. Korezkyj… [+1201 chars],,de,'Ukraine'
https://www.zeit.de/news/2026-07/16/sozialminister-beschaeftigte-in-behoerden-verdienen-respekt,https://www.zeit.de/news/2026-07/16/sozialminister-beschaeftigte-in-behoerden-verdienen-respekt,0,www.zeit.de,Angriff im Jugendamt: Sozialminister: Beschäftigte in Behörden verdienen Respekt,Hier finden Sie Informationen zu dem Thema „Angriff im Jugendamt“. Lesen Sie jetzt „Sozialminister: Beschäftigte in Behörden verdienen Respekt“.,https://img.zeit.de/news/2026-07/16/sozialminister-beschaeftigte-in-behoerden-verdienen-respekt-image-group/wide__1300x731,2026-07-16T13:56:02Z,,"Brandenburgs Sozialminister René Wilke (SPD) hat mit großer Sorge auf den Angriff auf eine Behörden-Mitarbeiterin in Finsterwalde im Süden Brandenburgs reagiert. Er beklagte, dass Aggressionen gegen … [+1182 chars]",,de,'Angriff'
https://www.faz.net/aktuell/finanzen/hohe-tagesgeldzinsen-so-schlaegt-ihr-geld-wieder-die-inflation-201037170.html,https://www.faz.net/aktuell/finanzen/hohe-tagesgeldzinsen-so-schlaegt-ihr-geld-wieder-die-inflation-201037170.html,0,www.faz.net,Hohe Tagesgeldzinsen: Sparen lohnt sich,"Wer Kunde einer Sparkasse oder Volksbank ist, sollte nach rechts und links schauen. Auch mit Tagesgeld lässt sich der Inflation ein Schnäppchen schlagen.",https://media0.faz.net/image/w1200h627/60b01c2f8e3b/w6144h3210x0y763o/202607/43601.0.2342112821/im-richtigen-konto-laesst-sich.webp,2026-07-16T14:03:01Z,,"Immer mehr ausländische Banken drängen auf den deutschen Privatkundenmarkt. Gibt es nicht schon genug Banken in Deutschland? Das sicherlich, aber aus Sicht des Sparers eben nicht die richtigen. Gerad… [+1286 chars]",,de,'Inflation'
https://www.zeit.de/politik/2026-07/mychajlo-fedorow-verteidigungsminister-ruecktritt-nachrichtenpodcast,https://www.zeit.de/politik/2026-07/mychajlo-fedorow-verteidigungsminister-ruecktritt-nachrichtenpodcast,0,www.zeit.de,"Mychajlo Fedorow : Der ukrainische Verteidigungsminister geht, das Volk protestiert",Mit der Regierungsumbildung in der Ukraine muss auch Verteidigungsminister Fedorow gehen. Welche Ziele verfolgt Selenskyj damit? Und: Härtere Maßnahmen bei Steuerbetrug,https://img.zeit.de/politik/ausland/2026-07/ukrainischer-verteidigungsminister-ruecktritt-nachrichtenpodcast-bild/wide__1300x731,2026-07-16T14:09:57Z,,"Der ukrainische Präsident Wolodymyr Selenskyj plant eine umfassende Regierungsumbildung. Nachdem Ministerpräsidentin Julija Swyrydenko auf seine Bitte hin zurückgetreten ist, muss laut ukrainischer V… [+2194 chars]",,de,'Ukraine'
https://www.golem.de/sonstiges/zustimmung/auswahl.html?from=https://www.golem.de/news/anzeige-lego-delorean-aus-zurueck-in-die-zukunft-bei-amazon-nie-billiger-2607-210972.html&referer=https://t.co/f2fb5f7d5d,https://www.golem.de/sonstiges/zustimmung/auswahl.html?from=https://www.golem.de/news/anzeige-lego-delorean-aus-zurueck-in-die-zukunft-bei-amazon-nie-billiger-2607-210972.html&referer=https://t.co/f2fb5f7d5d,0,www.golem.de,Anzeige: Lego DeLorean aus Zurück in die Zukunft bei Amazon nie billiger,"Der viel gekaufte Lego DeLorean mit Marty und Doc Brown als Minifiguren ist erneut zum bisher besten Amazon-Preis zu haben. (Lego, Technik/Hardware)",,2026-07-16T16:57:01Z,,"Besuchen Sie Golem.de wie gewohnt mit Werbung und Tracking,
 indem Sie der Nutzung aller Cookies zustimmen.
 Details zum Tracking finden Sie im Privacy Center.
Skript wurde nicht geladen. Informat… [+607 chars]",,de,'Preis'
https://www.faz.net/aktuell/politik/ausland/liveblog-irankrieg-us-regierungssprecherin-leavitt-enger-austausch-zwischen-usa-und-iran-faz-200583539.html,https://www.faz.net/aktuell/politik/ausland/liveblog-irankrieg-us-regierungssprecherin-leavitt-enger-austausch-zwischen-usa-und-iran-faz-200583539.html,0,www.faz.net,Liveblog Irankrieg: US-Regierungssprecherin: Weiterhin enger Austausch zwischen USA und Iran,"Leavitt: Trump werde nicht tatenlos zusehen, wie Iran Schiffe angreife +++  Bericht: Iran bereitet Blockade am Roten Meer vor +++ Iran soll Huthi in Jemen aufgefordert haben, ⁠eine Sperrung für Öltransporte vorzubereiten +++ alle Entwicklungen im Liveblog",https://media0.faz.net/image/w1200h627/09b5c77bc4de/w4000h2090x0y153o/202607/43601.0.2343137257/die-sprecherin-der-us.webp,2026-07-16T18:48:24Z,,Nach den neuen Angriffen und Drohungen der USA gegen Iran scheint eine diplomatische Lösung in weite Ferne gerückt zu sein. Das US-Militär startete am Mittwoch gleich zwei Angriffswellen und attackie… [+556 chars],,de,'Iran'
https://www.n-tv.de/politik/USA-starten-weitere-Angriffswelle-Iran-beklagt-Aggression-id31095029.html,https://www.n-tv.de/politik/USA-starten-weitere-Angriffswelle-Iran-beklagt-Aggression-id31095029.html,0,www.n-tv.de,"Hafenstadt im Visier?: USA starten weitere Angriffswelle - Iran beklagt ""Aggression""","Die Angriffswellen der US-Streitkräfte auf den Iran hören nicht auf. Medien berichten von Attacken auf eine Insel und eine Hafenstadt. Nach einer Verhandlungslösung sieht es aktuell nicht aus. Angeblich gibt es aber einen ""engen Austausch"".",https://www.n-tv.de/img/31095032/1784236467/Img_16_9/1200/April-10-2026-Undisclosed-Location-United-States-A-U-S-Air-Force-F-35A-Lightning-II-stealth-fighter-refuels-from-a-KC-135-Stratotanker-aircraft-during-a-mission-in-support-of-Operation-Epic-Fury-April-5-2026-from-an-undisclosed-location-Undisclosed-Location-United-States-ZUMAp138-20260410-zaa-p138-041-Copyright-xUsxNavy-U-S.jpg,2026-07-16T19:39:38Z,,"Die Vereinigten Staaten setzen im Nahen Osten unter anderem F-35A-Kampfjets ein. (Foto: IMAGO/ZUMA Press Wire)
Die Angriffswellen der US-Streitkräfte auf den Iran hören nicht auf. Medien berichten v… [+1860 chars]",,de,'Angriff'
https://www.n-tv.de/wirtschaft/Starke-TSMC-Zahlen-koennen-Tech-Ausverkauf-an-Wall-Street-nicht-stoppen-id31095078.html,https://www.n-tv.de/wirtschaft/Starke-TSMC-Zahlen-koennen-Tech-Ausverkauf-an-Wall-Street-nicht-stoppen-id31095078.html,0,www.n-tv.de,Ölpreis belastet United Airlines: Starke TSMC-Zahlen können Tech-Ausverkauf an Wall Street nicht stoppen,Anhaltende Spannungen im Iran-Konflikt sowie Zweifel an immer höheren KI-Investitionen drücken die Stimmung der Anleger. Bei den Einzelwerten fliegt United Airlines zunehmend aus den Depots. Die Fluggesellschaft rechnet mit fast sechs Milliarden Dollar höhere…,https://www.n-tv.de/img/31095081/1784242017/Img_16_9/1200/The-New-York-Stock-Exchange-is-seen-in-the-Financial-District-in-Manhattan-New-York-City.jpg,2026-07-16T20:53:54Z,,"Nervosität an der Wall Street: Die Börsianer warten gespannt auf die anstehenden Bilanzen der US-Technologieunternehmen. (Foto: picture alliance / Sipa USA)
Anhaltende Spannungen im Iran-Konflikt so… [+3174 chars]",,de,'Iran'
https://www.welt.de/politik/ausland/article6a59583a29b150f031b15902/sechste-nacht-in-folge-usa-greifen-bruecken-und-flughafen-im-sueden-des-iran-an-berichte-ueber-mindestens-7-tote.html,https://www.welt.de/politik/ausland/article6a59583a29b150f031b15902/sechste-nacht-in-folge-usa-greifen-bruecken-und-flughafen-im-sueden-des-iran-an-berichte-ueber-mindestens-7-tote.html,0,www.welt.de,USA greifen Brücken und Flughafen im Süden des Iran an – Berichte über mindestens 7 Tote,"Das iranische Staatsfernsehen berichtet von Explosionen in Buschehr, wo sich das einzige aktive Atomkraftwerk befindet. Außerdem gibt es Explosionen in der Hafenstadt Bandar Abbas und am Flughafen Iranschahr. Das iranische Fernsehen berichtet von mindestens s…",https://images.welt.de/6a59583a29b150f031b15902/11d551faab02240b722d83c7da08bc39-master/ci16x9-w1200/dpa-com-260714-99-51476-jpg,2026-07-16T22:31:53Z,,"Das iranische Staatsfernsehen berichtet von Explosionen in Buschehr, wo sich das einzige aktive Atomkraftwerk befindet. Außerdem gibt es Explosionen in der Hafenstadt Bandar Abbas und am Flughafen Ir… [+4233 chars]",,de,'Iran'
https://www.welt.de/politik/ausland/article6a59583a29b150f031b15902/krieg-in-nahost-sechste-nacht-in-folge-usa-greifen-bruecken-und-flughafen-im-sueden-des-iran-an.html,https://www.welt.de/politik/ausland/article6a59583a29b150f031b15902/krieg-in-nahost-sechste-nacht-in-folge-usa-greifen-bruecken-und-flughafen-im-sueden-des-iran-an.html,0,www.welt.de,Sechste Nacht in Folge – USA greifen Brücken und Flughafen im Süden des Iran an,"Das iranische Staatsfernsehen berichtet unter anderem von zwei Explosionen in der Stadt Buschehr, wo sich das einzige aktive Atomkraftwerk des Landes befindet. Außerdem gab es eine Reihe von Explosionen in der Hafenstadt Bandar Abbas.",https://images.welt.de/6a59583a29b150f031b15902/11d551faab02240b722d83c7da08bc39-master/ci16x9-w1200/dpa-com-260714-99-51476-jpg,2026-07-16T22:31:53Z,,"Das iranische Staatsfernsehen berichtet unter anderem von zwei Explosionen in der Stadt Buschehr, wo sich das einzige aktive Atomkraftwerk des Landes befindet. Außerdem gab es eine Reihe von Explosio… [+1998 chars]",,de,'Iran'
https://www.zeit.de/news/2026-07/17/berichte-us-militaer-greift-bruecken-im-iran-an,https://www.zeit.de/news/2026-07/17/berichte-us-militaer-greift-bruecken-im-iran-an,0,www.zeit.de,Eskalation im Iran-Krieg: Berichte: US-Militär greift Brücken im Iran an,Hier finden Sie Informationen zu dem Thema „Eskalation im Iran-Krieg“. Lesen Sie jetzt „Berichte: US-Militär greift Brücken im Iran an“.,https://img.zeit.de/news/2026-07/17/berichte-us-militaer-greift-bruecken-im-iran-an-image-group/wide__1300x731,2026-07-16T22:35:29Z,,Iranischen Medienberichten zufolge hat das US-Militär zwei Brücken im Süden des Irans angegriffen. Bei den jüngsten US-Attacken auf die Provinz Hormusgan seien die Kahurestan- und die Gariveh-Brücke … [+1334 chars],,de,'Iran'
https://www.tagesspiegel.de/internationales/eskalation-im-iran-krieg-berichte-usa-greifen-brucken-und-flughafen-im-iran-an-15848057.html,https://www.tagesspiegel.de/internationales/eskalation-im-iran-krieg-berichte-usa-greifen-brucken-und-flughafen-im-iran-an-15848057.html,0,www.tagesspiegel.de,Eskalation im Iran-Krieg: Berichte: USA greifen Brücken und Flughafen im Iran an,US-Präsident Trump hatte dem Iran diese Woche mit Angriffen auf Brücken gedroht - nun gibt es iranischen Medien zufolge erste Attacken auf Verbindungen im Süden. Auch ein Flughafen war demnach Ziel.,https://www.tagesspiegel.de/images/15848056/alternates/BASE_16_9_W1400/1784241397000/kampfflugzeuge-der-usa.jpeg,2026-07-16T22:36:37Z,,Iranischen Medienberichten zufolge hat das US-Militär zwei Brücken sowie einen Flughafen im Iran angegriffen. Bei den jüngsten US-Attacken auf die Provinz Hormusgan im Süden seien die Kahurestan- und… [+1847 chars],,de,'Iran'
https://www.tagesspiegel.de/internationales/die-lage-im-uberblick-iran-us-angriffe-auf-brucken-vermittler-pakistan-hadert-15848057.html,https://www.tagesspiegel.de/internationales/die-lage-im-uberblick-iran-us-angriffe-auf-brucken-vermittler-pakistan-hadert-15848057.html,0,www.tagesspiegel.de,Die Lage im Überblick: Iran: US-Angriffe auf Brücken - Vermittler Pakistan hadert,Wieder bombardiert das US-Militär den Iran. Nach iranischen Angaben kommt es zu Schäden an der Infrastruktur. Jetzt hadert auch noch der Vermittler Pakistan mit seiner Rolle. Warum?,https://www.tagesspiegel.de/images/15850780/alternates/BASE_16_9_W1400/1784292796000/iran-krieg-stra-e-von-hormus.jpeg,2026-07-16T22:36:37Z,,Bei neuen massiven Angriffen auf den Iran haben die USA nach Medienberichten auch Infrastruktur beschädigt. Bis zum frühen Freitagmorgen (MESZ) bombardierte das US-Militär eine Reihe von Zielen. Nach… [+5045 chars],,de,'Angriff'
https://www.tagesspiegel.de/internationales/die-lage-im-uberblick-iran-meldet-us-angriffe-auf-brucken-pentagon-militarziele-15848057.html,https://www.tagesspiegel.de/internationales/die-lage-im-uberblick-iran-meldet-us-angriffe-auf-brucken-pentagon-militarziele-15848057.html,0,www.tagesspiegel.de,Die Lage im Überblick: Iran meldet US-Angriffe auf Brücken - Pentagon: Militärziele,In der nunmehr sechsten Nacht in Folge bombardiert das US-Militär den Iran. Die jüngste Angriffswelle richtete sich angeblich gegen militärische Ziele. Der Iran stellt das gänzlich anders dar.,https://www.tagesspiegel.de/images/15848194/alternates/BASE_16_9_W1400/1784258839000/kampfflugzeuge-der-usa.jpeg,2026-07-16T22:36:37Z,,Das US-Militär hat in der sechsten Angriffsnacht in Folge laut Medienberichten mehrere Brücken und einen Flughafen im Iran bombardiert. Mit den Angriffen auf Brücken sollten Nachschubwege zu einem ir… [+5654 chars],,de,'Iran'
https://www.n-tv.de/politik/Iranische-Medien-melden-US-Angriffe-auf-Bruecken-id31095172.html,https://www.n-tv.de/politik/Iranische-Medien-melden-US-Angriffe-auf-Bruecken-id31095172.html,0,www.n-tv.de,Explosion nahe Straße von Hormus: Iranische Medien melden US-Angriffe auf Brücken,"Trump will Teheran mit einer Angriffswelle auf zivile Infrastruktur zu Verhandlungen drängen. Das US-Militär schafft offenbar Fakten: Iranische Staatssender berichten über Explosionen an zwei Brücken, am Flughafen Iranschahr sowie nahe einem Atomkraftwerk.",https://www.n-tv.de/img/31095186/1784250347/Img_16_9/1200/A-view-shows-the-B1-bridge-in-Karaj-Iran-on-April-13-2026-after-it-was-damaged-in-a-strike-U-S-President-Donald-Trump-said-on-April-2-that-Irans-tallest-bridge-had-been-destroyed.jpg,2026-07-16T23:17:37Z,,"Explosion nahe Straße von HormusIranische Medien melden US-Angriffe auf Brücken
Im April hatte das US-Militär bereits eine iranische Brücke in Karaj angegriffen. (Foto: picture alliance / Middle Eas… [+2625 chars]",,de,'Hormus'
https://www.tagesschau.de/ausland/asien/usa-angriffe-iran-104.html,https://www.tagesschau.de/ausland/asien/usa-angriffe-iran-104.html,0,www.tagesschau.de,Iranische Medien: USA greifen Brücken und Flughafen an,Die USA haben in der sechsten Nacht in Folge Ziele in Iran angegriffen. Beim Beschuss von Brücken wurden iranischen Medien zufolge zwei Menschen getötet. Iran antwortete mit Schlägen gegen die Golfstaaten.,https://images.tagesschau.de/image/85e75c9a-a1ed-4683-9c4d-6e2514a81630/AAABn1iE0OI/AAABnSSvrFg/16x9-big/usa-iran-176.jpg?width=1280,2026-07-17T01:11:27Z,,"Stand: 17.07.2026 03:11 Uhr
Die USA haben in der sechsten Nacht in Folge Ziele in Iran angegriffen. Beim Beschuss von Brücken wurden iranischen Medien zufolge zwei Menschen getötet. Iran antwortete … [+1324 chars]",,de,'Iran'
https://www.faz.net/aktuell/politik/ausland/liveblog-irankrieg-iran-meldet-us-angriffe-auf-bruecken-faz-200583539.html,https://www.faz.net/aktuell/politik/ausland/liveblog-irankrieg-iran-meldet-us-angriffe-auf-bruecken-faz-200583539.html,0,www.faz.net,Liveblog Irankrieg: Iran meldet US-Angriffe auf Brücken,Blockade iranischer Häfen: US-Soldaten entern Schiff im Golf von Oman +++ Golfstaaten geraten erneut unter Beschuss +++ Bericht: Iran bereitet Blockade am Roten Meer vor +++ alle Entwicklungen im Liveblog,https://media0.faz.net/image/w1200h627/df373c2f0a27/w5000h2612x0y360o/202607/43601.0.2343182596/kampfflugzeuge-vom-typ.webp,2026-07-17T01:30:00Z,,"Nach Drohungen von US-Präsident Donald Trump, zivile Infrastruktur in Iran anzugreifen, droht der Iran mit umfangreichen Gegenschlägen. Dann werde sämtliche in der Region verbleibende Infrastruktur z… [+720 chars]",,de,'Iran'
https://www.zeit.de/news/2026-07/17/bundesgerichtshof-entscheidet-ueber-anspruch-auf-klimageraet,https://www.zeit.de/news/2026-07/17/bundesgerichtshof-entscheidet-ueber-anspruch-auf-klimageraet,0,www.zeit.de,Installation auf dem Balkon: Bundesgerichtshof entscheidet über Anspruch auf Klimagerät,Hier finden Sie Informationen zu dem Thema „Installation auf dem Balkon“. Lesen Sie jetzt „Bundesgerichtshof entscheidet über Anspruch auf Klimagerät“.,https://img.zeit.de/news/2026-07/17/bundesgerichtshof-entscheidet-ueber-anspruch-auf-klimageraet-image-group/wide__1300x731,2026-07-17T01:30:09Z,,"Der Bundesgerichtshof (BGH) entscheidet am Freitag (9.00 Uhr), ob Wohnungseigentümer einen Anspruch darauf haben, auf ihrem Balkon ein sogenanntes Klima-Splitgerät einbauen zu lassen. In dem konkrete… [+1211 chars]",,de,'Klima'
https://www.tagesspiegel.de/wissen/konzerte-und-klima-vorbild-coldplay-mega-events-konnen-klimaschutz-fordern-15848095.html,https://www.tagesspiegel.de/wissen/konzerte-und-klima-vorbild-coldplay-mega-events-konnen-klimaschutz-fordern-15848095.html,0,www.tagesspiegel.de,Konzerte und Klima: Vorbild Coldplay: Mega-Events können Klimaschutz fördern,Forscher sehen in den Zuschauerreisen den Hauptfaktor für CO₂-Emissionen bei Mega-Events. Sie liefern Klimaschutzideen für die Reisen und die Events - unter anderem inspiriert von der Band Coldplay.,https://www.tagesspiegel.de/images/15848094/alternates/BASE_16_9_W1400/1784253772000/chris-martin.jpeg,2026-07-17T02:02:52Z,,Bei Mega-Events wie Weltmeisterschaften und Konzerttourneen stammt der Großteil der Kohlendioxid-Emissionen von der An- und Abreise der Zuschauer. Darauf verweisen vier Forscher der Universität Cambr… [+5677 chars],,de,'Klima'
https://www.zeit.de/news/2026-07/17/bayerischer-hightech-preis-geht-an-roboter-forscherin,https://www.zeit.de/news/2026-07/17/bayerischer-hightech-preis-geht-an-roboter-forscherin,0,www.zeit.de,Ehrung in München: Bayerischer Hightech-Preis geht an Roboter-Forscherin,Hier finden Sie Informationen zu dem Thema „Ehrung in München“. Lesen Sie jetzt „Bayerischer Hightech-Preis geht an Roboter-Forscherin“.,https://img.zeit.de/news/2026-07/17/bayerischer-hightech-preis-geht-an-roboter-forscherin-image-group/wide__1300x731,2026-07-17T02:05:04Z,,Bayern ehrt dieses Jahr die US-Robotikforscherin Daniela Rus mit dem Hightech-Preis des Ministerpräsidenten. Die Direktorin des MIT Computer Science and Artificial Intelligence Laboratory in Boston w… [+1352 chars],,de,'Preis'
https://www.tagesspiegel.de/wirtschaft/klimaschutz-eu-kommission-will-emissionshandel-abschwachen-15848105.html,https://www.tagesspiegel.de/wirtschaft/klimaschutz-eu-kommission-will-emissionshandel-abschwachen-15848105.html,0,www.tagesspiegel.de,Klimaschutz: EU-Kommission will Emissionshandel abschwächen,Mit länger und mehr Verschmutzungsrechten will die Europäische Kommission Europas Industrie entlasten - und damit ein zentrales Klimaschutzinstrument aufweichen. Was ist geplant und wie kommt es an?,https://www.tagesspiegel.de/images/15850637/alternates/BASE_16_9_W1400/1784291811000/industriepark-hochst.jpeg,2026-07-17T02:31:27Z,,"Unter Druck von Wirtschaft und Mitgliedsstaaten schlägt die EU-Kommission eine Abschwächung eines zentralen Klimaschutzinstruments vor. So will die Brüsseler Behörde, dass die Gesamtzahl verfügbarer … [+6131 chars]",,de,'Klima'
https://www.sueddeutsche.de/politik/liveblog-nahost-iran-news-usa-angriff-bruecken-li.3513707,https://www.sueddeutsche.de/politik/liveblog-nahost-iran-news-usa-angriff-bruecken-li.3513707,0,www.sueddeutsche.de,Krieg in Nahost: Iran meldet US-Angriffe auf Brücken – Pentagon: Militärziele,In der sechsten Nacht in Folge hat das US-Militär Iran angegriffen – das Regime in Teheran reagierte mit Gegenschlägen auf US-Stützpunkte in den Golfstaaten.,https://www.sueddeutsche.de/2026/07/16/7fa95ff3-9307-487f-9a18-19833664eb12.jpg?q=60&fm=webp&width=1200&rect=0%2C107%2C2048%2C1152,2026-07-17T03:39:30Z,,"Das US-Militär hat nach eigenen Angaben einen Tanker angegriffen, der einen iranischen Hafen im Persischen Golf ansteuern wollte. Der unbeladene Öltanker habe verschiedene Warnungen ignoriert und ver… [+2228 chars]",,de,'Hormus'
https://www.bild.de/politik/ausland-und-internationales/us-experte-sieht-trump-in-ego-falle-wollen-die-usa-die-militaerische-eskalation-6a59663e29b150f031b15928,https://www.bild.de/politik/ausland-und-internationales/us-experte-sieht-trump-in-ego-falle-wollen-die-usa-die-militaerische-eskalation-6a59663e29b150f031b15928,0,www.bild.de,US-Experte sieht Trump in „Ego-Falle“ - Wollen die USA die militärische Eskalation?,"Experten: Interimsdeal demütigt Trump, Washington erwägt härtere Militäroptionen gegen Iran.","https://images.bild.de/6a59663e29b150f031b15928/3a7e18856057993673431971fb8bdabd,4abd8837?w=1280",2026-07-17T03:59:26Z,,"TTS-Player überspringenArtikel weiterlesenWashington Letzter Ausweg Eskalation? Der Iran-Konflikt wird für Donald Trump (80) zunehmend zur persönlichen Ego-Falle, sagt Ex-US-Militärgeheimdienstler Mi… [+2588 chars]",,de,'Iran'
https://www.welt.de/videos/video6a59ab2229b150f031b15b15/sechste-nacht-in-folge-usa-greifen-bruecken-und-flughafen-im-sueden-des-iran-an-berichte-ueber-mindestens-7-tote.html,https://www.welt.de/videos/video6a59ab2229b150f031b15b15/sechste-nacht-in-folge-usa-greifen-bruecken-und-flughafen-im-sueden-des-iran-an-berichte-ueber-mindestens-7-tote.html,0,www.welt.de,USA greifen Brücken und Flughafen im Süden des Iran an – Berichte über mindestens 7 Tote,"Das US-Militär hat nach eigenen Angaben am frühen Freitagmorgen die jüngste Runde von Luftangriffen gegen den Iran beendet. Es war die sechste Nacht in Folge mit Angriffen auf die Islamische Republik, während sich der Konflikt um die Straße von Hormus weiter …",https://images.welt.de/6a59ab2229b150f031b15b15/fc9cad7794f7f2320b9c58d9fd3ebc73/ci16x9-w1200/dpa-com-260714-99-51476-jpg,2026-07-17T04:27:24Z,,Das US-Militär hat nach eigenen Angaben am frühen Freitagmorgen die jüngste Runde von Luftangriffen gegen den Iran beendet. Es war die sechste Nacht in Folge mit Angriffen auf die Islamische Republik… [+128 chars],,de,'Hormus'
https://orf.at/stories/3436434/,https://orf.at/stories/3436434/,0,orf.at,Iran: Tote bei US-Angriffen auf Brücken,,https://orf.at/mojo/1_4_1/storyserver//news/common/images/og-fallback-news.png,2026-07-17T04:29:12Z,,Bei US-Angriffen auf Brücken in der südiranischen Hafenstadt Bandar Chamir sind nach Angaben der iranischen Nachrichtenagentur Irna in der Nacht auf heute sieben Menschen getötet worden. Mindestens n… [+1216 chars],,de,'Hormus'
https://www.diepresse.com/37946698/iran-meldet-us-angriffe-auf-bruecken,https://www.diepresse.com/37946698/iran-meldet-us-angriffe-auf-bruecken,0,www.diepresse.com,Iran meldet US-Angriffe auf Brücken und Flughafen,Es ist die sechste Nacht in Folge in der die USA Ziele im Iran angreift. Den iranischen Staatsmedien zufolge wurden dabei Brücken und der Flughafen Iranschahr getroffen.,https://img.diepresse.com/public/incoming/uxt20m-iran-crisisusa-strikes-targets/alternates/WEBP_WIDE_1200/IRAN-CRISISUSA-STRIKES-TARGETS,2026-07-17T04:37:08Z,,"Die Presse auf Google als bevorzugte Nachrichtenquelle hinzufügen.
 Das US-Militär hat in der sechsten Angriffsnacht in Folge laut Medienberichten mehrere Brücken und einen Flughafen im Iran bombard… [+5393 chars]",,de,'Angriff'
https://www.zeit.de/politik/ausland/2026-07/russland-ukraine-krieg-taktik-5vor8,https://www.zeit.de/politik/ausland/2026-07/russland-ukraine-krieg-taktik-5vor8,0,www.zeit.de,Russland: Mit der Nuklearoption aus dem Ukraine-Schlamassel,"Höchste Zeit für den Einsatz der Atombombe, findet ein Kreml-Berater. In Moskau reibt man sich die Augen. Würde Wladimir Putin so etwas ernsthaft in Betracht ziehen?",https://img.zeit.de/politik/2026-07/russland-ukraine-krieg-taktik-5vor8/wide__1300x731,2026-07-17T05:55:04Z,,"Viel
vorzuzeigen hat er nicht. Nach viereinhalb Jahren Krieg gegen die Ukraine steht
Wladimir Putin mit seinen Truppen also in Pokrowsk und vor Konstantiniwka. Der
Herrscher kündet von Triumphen, … [+429 chars]",,de,'Russland'
https://www.zeit.de/news/2026-07/17/mit-federers-tipps-teenager-antonelli-jagt-formel-1-titel,https://www.zeit.de/news/2026-07/17/mit-federers-tipps-teenager-antonelli-jagt-formel-1-titel,0,www.zeit.de,Großer Preis von Belgien: Mit Federers Tipps: Teenager Antonelli jagt Formel-1-Titel,Hier finden Sie Informationen zu dem Thema „Großer Preis von Belgien“. Lesen Sie jetzt „Mit Federers Tipps: Teenager Antonelli jagt Formel-1-Titel“.,https://img.zeit.de/news/2026-07/17/mit-federers-tipps-teenager-antonelli-jagt-formel-1-titel-image-group/wide__1300x731,2026-07-17T06:48:05Z,,"Kimi Antonelli hörte ganz genau hin, als Roger Federer dem jungen Formel-1-Spitzenreiter ein paar Ratschläge mitgab. «Er hat mir gesagt, ich soll nur von Rennen zu Rennen denken und die Emotionen kon… [+4245 chars]",,de,'Preis'
https://www.faz.net/aktuell/wirtschaft/klima-nachhaltigkeit/urteil-wohnungseigentuemer-duerfen-grundsaetzlich-klimaanlage-einbauen-accg-201039364.html,https://www.faz.net/aktuell/wirtschaft/klima-nachhaltigkeit/urteil-wohnungseigentuemer-duerfen-grundsaetzlich-klimaanlage-einbauen-accg-201039364.html,0,www.faz.net,Urteil aus Karlsruhe: Wohnungseigentümer dürfen grundsätzlich Klimaanlage einbauen,"Haben Wohnungseigentümer einen Anspruch darauf, auf ihrem Balkon ein sogenanntes Klima-Splitgerät einbauen zu lassen? Eigentümer hatten geklagt, nachdem ihnen der Einbau nicht gestattet worden war. Nun gibt es ein Urteil.",https://media0.faz.net/image/w1200h627/75d8d69af36b/w4400h2299x0y497o/202607/43601.0.2342644004/eine-klimaanlage-an-der.webp,2026-07-17T07:25:42Z,,"Wohnungseigentümer dürfen grundsätzlich von der Eigentümergemeinschaft verlangen, dass ihnen der Einbau eines Klima-Splitgeräts mit Außengerät auf dem Balkon erlaubt wird. Voraussetzung dafür ist, da… [+3864 chars]",,de,'Klima'
https://www.zeit.de/news/2026-07/17/nach-angriff-im-jugendamt-verdaechtiger-vor-haftrichter,https://www.zeit.de/news/2026-07/17/nach-angriff-im-jugendamt-verdaechtiger-vor-haftrichter,0,www.zeit.de,Versuchtes Tötungsdelikt: Nach Angriff im Jugendamt: Verdächtiger vor Haftrichter,Hier finden Sie Informationen zu dem Thema „Versuchtes Tötungsdelikt“. Lesen Sie jetzt „Nach Angriff im Jugendamt: Verdächtiger vor Haftrichter“.,https://img.zeit.de/news/2026-07/17/nach-angriff-im-jugendamt-verdaechtiger-vor-haftrichter-image-group/wide__1300x731,2026-07-17T08:01:52Z,,Nach dem Angriff in einem Jugendamt in Finsterwalde im Süden Brandenburgs kommt der Verdächtige heute vor den Haftrichter. Die Staatsanwaltschaft habe Haftantrag gestellt wegen des Verdachts eines ve… [+590 chars],,de,'Angriff'
https://www.bild.de/leben-wissen/sparfochs/hitze-hammer-fuer-eigentuemer-bgh-urteil-erleichtert-einbau-von-klimaanlagen-6a59dc8961b8a80211aa92aa,https://www.bild.de/leben-wissen/sparfochs/hitze-hammer-fuer-eigentuemer-bgh-urteil-erleichtert-einbau-von-klimaanlagen-6a59dc8961b8a80211aa92aa,0,www.bild.de,Sieg gegen die Sommerhitze - BGH-Urteil erleichtert Einbau von Klimaanlagen,BGH-Urteil: Eigentümer können Einbau von Split-Klimageräten auf dem Balkon verlangen; Geräusche allein sind kein Ablehnungsgrund.,"https://images.bild.de/6a59dc8961b8a80211aa92aa/ace9b89c7653cd80157e05ae2230a1c8,4583f3d3?w=1280",2026-07-17T08:03:31Z,,"TTS-Player überspringenArtikel weiterlesenSommer, Hitze, aufgeheizte Dachgeschosswohnungen und dann sagt die Eigentümergemeinschaft: Klimaanlage? Nein, danke! Damit ist jetzt nicht mehr so einfach Sc… [+2759 chars]",,de,'Klima'
https://www.faz.net/aktuell/wissen/erde-klima/wm-klimabilanz-wie-heiss-war-es-in-den-stadien-accg-201037546.html,https://www.faz.net/aktuell/wissen/erde-klima/wm-klimabilanz-wie-heiss-war-es-in-den-stadien-accg-201037546.html,0,www.faz.net,Rüge von UN-Behörde: Wo die WM-Spieler im Stadion gegrillt wurden,Die FIFA wird von der UN-Klimabehörde kritisiert. Hätten Spiele verschoben werden müssen? Beklagt werden „gefährliche“ Bedingungen in einem Viertel der Stadien.,https://media0.faz.net/image/w1200h627/7dc3d925db13/w2917h1524x0y219o/202607/43601.0.2339415860/im-halbfinale-konnten-sich-die.webp,2026-07-17T08:05:59Z,,Die Umweltbilanz der Drei-Länder-XXL-WM war schon vor Beginn des Turniers im Juni schlecht ausgefallen. Nun tritt das UN-Klimasekretariat UNFCCC mit seinem britischen Chef Simon Stiell noch mal nach … [+3204 chars],,de,'Klima'
https://orf.at/stories/3436439/,https://orf.at/stories/3436439/,0,orf.at,Iran meldet US-Angriffe auf Brücken,"Das US-Militär hat in der sechsten Angriffsnacht in Folge weitere Ziele im Iran bombardiert, darunter laut BBC mindestens eine Brücke. Der Iran meldete mehrere Angriffe auf zivile Infrastruktur sowie Tote. Bei Vergeltungsschlägen traf der Iran laut eigenen An…",https://ibs.orf.at/news?image=https%3A%2F%2Fassets.orf.at%2Fmims%2F2026%2F29%2F12%2Fcrops%2Fw%3D1200%2Ch%3D630%2Cq%3D75%2F3116683_master_1207512_iran_krieg_usa_angriffe_bruecke_r.jpg%3Fs%3D8054c1ca0a902a36a685cd08236d47f438f0b020,2026-07-17T08:07:57Z,,"Iranische Staatsmedien hatten zuvor gemeldet, dass bei neuen US-Luftangriffen ein Flughafen und zwei Brücken im Süden des Iran getroffen worden seien. Laut der iranische Nachrichtenagentur Fars wurde… [+5323 chars]",,de,'Iran'
https://www.n-tv.de/ratgeber/Wohnungseigentuemer-duerfen-eine-Klimaanlage-auf-Balkon-einbauen-id31096293.html,https://www.n-tv.de/ratgeber/Wohnungseigentuemer-duerfen-eine-Klimaanlage-auf-Balkon-einbauen-id31096293.html,0,www.n-tv.de,BGH urteilt: Wohnungseigentümer dürfen eine Klimaanlage auf Balkon einbauen,"Immer mehr Menschen wollen eine Klimaanlage zu Hause. Ein Urteil aus Karlsruhe hat nun weitreichende Folgen für interessierte Wohnungseigentümer, den der Einbau geht grundsätzlich in Ordnung. Fragen und Antworten zum Thema lesen Sie hier.",https://www.n-tv.de/img/31096360/1784282896/Img_16_9/1200/View-of-an-old-balcony-with-an-air-condition-machine-View-of-an-old-balcony-with-an-air-condition-machine-PUBLICATIONxINxGERxSUIxAUTxONLY-ZB5456-242324-2416-View-of-to-Old-balcony-With-to-Air-Condition-Machine-View-of-to-Old-balcony-With-to-Air-Condition-Machine-PUBLICATIONxINxGERxSUIxAUTxONLY.jpg,2026-07-17T08:21:53Z,,"Dass die Klimaanlage später beim Betrieb Geräusche macht, spielt für die Erlaubnis keine Rolle. (Foto: imago/Photoshot/Construction Photography)
Immer mehr Menschen wollen eine Klimaanlage zu Hause.… [+4016 chars]",,de,'Klima'
https://www.welt.de/politik/deutschland/article6a59dff5c7223262764992b5/klimaanlage-auf-balkon-fuer-wohnungseigentuemer-laut-bgh-urteil-erlaubt.html,https://www.welt.de/politik/deutschland/article6a59dff5c7223262764992b5/klimaanlage-auf-balkon-fuer-wohnungseigentuemer-laut-bgh-urteil-erlaubt.html,0,www.welt.de,Wohnungseigentümer dürfen Klimaanlage auf Balkon bauen,Klimaanlagen werden angesichts immer heißerer Sommer für viele Menschen attraktiver. Doch darf eine Hausgemeinschaft ein sogenanntes Klima-Splitgerät auf dem Balkon ablehnen? Darüber hat jetzt der BGH in Karlsruhe entschieden.,https://images.welt.de/6a59dff5c7223262764992b5/81e3fb34bc3494636a3fa447672867b2-master/ci16x9-w1200/dpa-com-260716-935-1484940-jpg,2026-07-17T08:28:29Z,,Klimaanlagen werden angesichts immer heißerer Sommer für viele Menschen attraktiver. Doch darf eine Hausgemeinschaft ein sogenanntes Klima-Splitgerät auf dem Balkon ablehnen? Darüber hat jetzt der BG… [+2348 chars],,de,'Klima'
https://www.mobiflip.de/bgh-faellt-wichtiges-urteil-zu-klimaanlagen-auf-dem-balkon/,https://www.mobiflip.de/bgh-faellt-wichtiges-urteil-zu-klimaanlagen-auf-dem-balkon/,0,www.mobiflip.de,BGH fällt wichtiges Urteil zu Klimaanlagen auf dem Balkon,"Der Bundesgerichtshof erleichtert Wohnungseigentümern den Einbau einer Klimaanlage auf dem Balkon. Wer in einer Eigentumswohnung lebt und eine Klimaanlage installieren möchte, hat künftig bessere Chancen. Der Bundesgerichtshof (BGH) hat entschieden, …",https://www.mobiflip.de/wp-content/uploads/2026/07/klimaanlage.jpg,2026-07-17T08:44:16Z,,"Der Bundesgerichtshof erleichtert Wohnungseigentümern den Einbau einer Klimaanlage auf dem Balkon.
Wer in einer Eigentumswohnung lebt und eine Klimaanlage installieren möchte, hat künftig bessere Ch… [+2322 chars]",,de,'Klima'
https://www.tagesspiegel.de/politik/merz-schweigen-zu-den-hitzetoten-klimaschutz-muss-wieder-ins-zentrum-der-aufmerksamkeit-rucken-15847463.html,https://www.tagesspiegel.de/politik/merz-schweigen-zu-den-hitzetoten-klimaschutz-muss-wieder-ins-zentrum-der-aufmerksamkeit-rucken-15847463.html,0,www.tagesspiegel.de,Merz’ Schweigen zu den Hitzetoten: Klimaschutz muss wieder ins Zentrum der Aufmerksamkeit rücken,"Ganze 5100 Tote forderte die Hitzewelle Ende Juni. Diese Warnung sollten wir ernstnehmen. Wann, wenn nicht jetzt, ist die Zeit für entschlossenes Gegensteuern?",https://www.tagesspiegel.de/images/15847755/alternates/BASE_16_9_W1400/1784215551000/hitze016-in-deutschland-berlin.jpeg,2026-07-17T08:48:51Z,,"5100. So viele Menschen hat die Hitzewelle Ende Juni nach Schätzungen des Robert-Koch-Instituts getötet. Man stelle sich einmal vor, was in diesem Land los wäre, wenn ein Terroranschlag 5100 Opfer fo… [+3011 chars]",,de,'Klima'
https://www.welt.de/kultur/literarischewelt/article6a4b71397bfb3e5e95d172ca/auswandern-leben-dort-noch-deutsche-ich-glaube-nicht-stalin-hat-sie-alle-weggebracht.html,https://www.welt.de/kultur/literarischewelt/article6a4b71397bfb3e5e95d172ca/auswandern-leben-dort-noch-deutsche-ich-glaube-nicht-stalin-hat-sie-alle-weggebracht.html,0,www.welt.de,„Leben dort noch Deutsche?“ – „Ich glaube nicht. Stalin hat sie alle weggebracht“,"„Russlanddeutsche“ lebten nicht nur in Russland, sondern auch im Kaukasus oder der Ukraine. Doch wer kennt ihre Geschichte? Auf den Spuren seiner Großmutter Hedwig ist Michael Riepl ins östlichste Europa gereist: Die Dachziegel der deutschen Diaspora halten b…",https://images.welt.de/6a4b71397bfb3e5e95d172ca/f772619b52db57c47e8af0cfb2833163-master/ci16x9-w1200/02-familienfoto-mit-jascha-jpg,2026-07-17T08:52:42Z,,"Russlanddeutsche lebten nicht nur in Russland, sondern auch im Kaukasus oder der Ukraine. Doch wer kennt ihre Geschichte? Auf den Spuren seiner Großmutter Hedwig ist Michael Riepl ins östlichste Euro… [+9882 chars]",,de,'Russland'
https://www.zeit.de/news/2026-07/17/anspruch-auf-klimaanlage-bgh-urteil-staerkt-eigentuemerrechte,https://www.zeit.de/news/2026-07/17/anspruch-auf-klimaanlage-bgh-urteil-staerkt-eigentuemerrechte,0,www.zeit.de,Bundesgerichtshof: Anspruch auf Klimaanlage? BGH-Urteil stärkt Eigentümerrechte,Hier finden Sie Informationen zu dem Thema „Bundesgerichtshof“. Lesen Sie jetzt „Anspruch auf Klimaanlage? BGH-Urteil stärkt Eigentümerrechte“.,https://img.zeit.de/news/2026-07/17/anspruch-auf-klimaanlage-bgh-urteil-staerkt-eigentuemerrechte-image-group/wide__1300x731,2026-07-17T09:08:47Z,,Klimaanlagen werden angesichts immer heißerer Sommer für viele Menschen attraktiver. Der Bundesgerichtshof (BGH) in Karlsruhe hat nun die Rechte von Wohnungseigentümern in dieser Hinsicht gestärkt: E… [+3368 chars],,de,'Klima'
https://www.zeit.de/politik/ausland/2026-07/nukleare-abschreckung-deutschland-frankreich-friedrich-merz-emmanuel-macron,https://www.zeit.de/politik/ausland/2026-07/nukleare-abschreckung-deutschland-frankreich-friedrich-merz-emmanuel-macron,0,www.zeit.de,Deutsch-französischer Verteidigungsrat: Merz und Macron wollen nukleare Partnerschaft ausbauen,Auf dem Fliegerhorst Nörvenich hat Bundeskanzler Merz den französischen Präsidenten empfangen. Bei den Gesprächen dürfte es auch um einen möglichen Hormus-Einsatz gehen.,https://img.zeit.de/politik/ausland/2026-07/nukleare-abschreckung-deutschland-frankreich-friedrich-merz-emmanuel-macron-foto-1/wide__1300x731,2026-07-17T09:28:06Z,,Bundeskanzler Friedrich Merz (CDU) und Frankreichs Präsident Emmanuel Macron wollen die deutsch-französische Kooperation bei der nuklearen Abschreckung weiter vorantreiben. In einer Wartungshalle auf… [+1865 chars],,de,'Hormus'
https://www.zeit.de/politik/ausland/2026-07/iran-angriffe-us-stuetzpunkte-nahost-raketen-drohnen,https://www.zeit.de/politik/ausland/2026-07/iran-angriffe-us-stuetzpunkte-nahost-raketen-drohnen,0,www.zeit.de,Irankrieg: Iran meldet Angriffe auf US-Stützpunkte in Nahost,"Die Revolutionsgarden haben nach eigenen Angaben US-Ziele in Bahrain, Kuwait, dem Oman und Jordanien angegriffen. Bei US-Attacken im Iran soll es Tote gegeben haben.",https://img.zeit.de/politik/ausland/2026-07/iran-angriffe-us-stuetzpunkte-nahost-raketen-drohnen-foto-1/wide__1300x731,2026-07-17T09:57:31Z,,"Der Iran hat in der Nacht Angriffe auf verschiedene US-Stützpunkte im Nahen Osten gemeldet. Nach iranischen Angaben wurden Raketen und Drohnen auf Einrichtungen in Bahrain, Kuwait und dem Oman sowie … [+1458 chars]",,de,'Hormus'
https://www.kino.de/news/heute-abend-bei-prosieben-maxx-frieren-staffel-2-feiert-endlich-free-tv-premiere--01KWEEPA0F197E1J2V89FQTFZN,https://www.kino.de/news/heute-abend-bei-prosieben-maxx-frieren-staffel-2-feiert-endlich-free-tv-premiere--01KWEEPA0F197E1J2V89FQTFZN,0,www.kino.de,Heute Abend bei ProSieben Maxx: „Frieren“ Staffel 2 feiert endlich Free-TV-Premiere,"„Frieren“ ist nicht nur auf Crunchyroll ein Hit, sondern zuletzt auch auf Netflix. Bevor es dort weitergeht, könnt ihr die zweite Staffel im Free-TV sehen.",https://static.kino.de/fd/75/52/4d7969b18186109da4138accfa_ZmMgNjY0MTVhNzRmZmZmIDE5MjAgMTA4MANmNTQ5YjExZDFhZg==.jpg,2026-07-17T10:06:00Z,,"Frieren ist nicht nur auf Crunchyroll ein Hit, sondern zuletzt auch auf Netflix. Bevor es dort weitergeht, könnt ihr die zweite Staffel im Free-TV sehen.
Die erste Anlaufstelle für Animes ist und bl… [+2158 chars]",,de,'frieren'
https://www.golem.de/sonstiges/zustimmung/auswahl.html?from=https://www.golem.de/news/solarstrom-rund-um-die-uhr-finnlands-perfekter-standortvorteil-fuer-sonnenenergie-2607-210984.html&referer=https://t.co/c9a985e58c,https://www.golem.de/sonstiges/zustimmung/auswahl.html?from=https://www.golem.de/news/solarstrom-rund-um-die-uhr-finnlands-perfekter-standortvorteil-fuer-sonnenenergie-2607-210984.html&referer=https://t.co/c9a985e58c,0,www.golem.de,Solarstrom rund um die Uhr: Finnlands perfekter Standortvorteil für Sonnenenergie,"Finnland setzt auf Atomkraft, um klimaneutral zu werden. Deutlich günstiger würde der Strom aber mit Photovoltaik, aus einem einfachen Grund. (Solarenergie, Smart Meter)",,2026-07-17T10:59:01Z,,"Besuchen Sie Golem.de wie gewohnt mit Werbung und Tracking,
 indem Sie der Nutzung aller Cookies zustimmen.
 Details zum Tracking finden Sie im Privacy Center.
Skript wurde nicht geladen. Informat… [+607 chars]",,de,'Atomkraft'
https://www.focus.de/politik/ausland/oel-fliesst-wie-nie-zuvor-trump-prahlerei-ist-nur-halb-wahr_770facb4-3eac-40d6-bf5a-db2a151434b7.html,https://www.focus.de/politik/ausland/oel-fliesst-wie-nie-zuvor-trump-prahlerei-ist-nur-halb-wahr_770facb4-3eac-40d6-bf5a-db2a151434b7.html,0,www.focus.de,„Öl fließt wie nie zuvor“: Trump-Prahlerei ist nur halb wahr,"Während die neue Eskalation in der Straße von Hormus die globalen Öl-Märkte aufscheucht, profitieren in den USA die großen Raffinerien. Bei den Bürgern kommt das kaum an.","https://quadro.burda-forward.de/ctf/7e29bd33-7212-4f9b-af43-e0ee2a6c0e0e.6b098865-d29f-469e-aa93-14b19abf31ec.jpg?im=RegionOfInterestCrop=(1200,630),regionOfInterest=(712,510)&hash=0c479d2ba3f64822267110e0b5ef9680628ada4b1bd811f4a07553967704bd07",2026-07-17T11:59:00Z,,"Öl fließt wie nie zuvor dank der großartigen Stärke des Militärs der Vereinigten Staaten, verkündete Donald Trump auf Truth Social. Dabei ist bekannt, dass die Verhandlungen zwischen dem Iran und den… [+5957 chars]",,de,'Hormus'
https://www.dw.com/de/risiken-in-der-stra%C3%9Fe-von-hormus-exporteure-setzen-auf-pipelines/a-78005136,https://www.dw.com/de/risiken-in-der-stra%C3%9Fe-von-hormus-exporteure-setzen-auf-pipelines/a-78005136,0,www.dw.com,Risiken in der Straße von Hormus - Exporteure setzen auf Pipelines,"Öl- und Gasproduzenten in der Golfregion suchen nach Alternativen zur Straße von Hormus, da der Schiffsverkehr dort erneut ins Visier geraten ist. Aber kann der Iran nicht auch die Pipelines ins Visier nehmen? Von Frieden oder nur Verständigung im Falle der S…",https://static.dw.com/image/77744080_6.jpg,2026-07-17T12:25:00Z,,Von Frieden oder nur Verständigung im Falle der Straße von Hormus ist nichts zu bemerken. Im Gegenteil: Gegenseitige Angriffe der USA und des Iran gefährden weiterhin die Öl- und Gasexporte aus der G… [+6288 chars],,de,'Hormus'
https://www.n-tv.de/wirtschaft/Athen-verhindert-Russland-Sanktionen-um-eine-Reederei-zu-schuetzen-id31097653.html,https://www.n-tv.de/wirtschaft/Athen-verhindert-Russland-Sanktionen-um-eine-Reederei-zu-schuetzen-id31097653.html,0,www.n-tv.de,"Tycoon verdient Milliarden: Athen verhindert Russland-Sanktionen, um eine Reederei zu schützen","Während sich andere westliche Reedereien aus dem Geschäft mit Russlands Energieexporten zurückgezogen haben, hat George Prokopiou Milliarden verdient. Ein neues Sanktionspaket der EU könnte für eine seiner Firmen den Ruin bedeuten. Die griechische Regierung w…",https://www.n-tv.de/img/31097732/1784300583/Img_16_9/1200/Founder-of-Dynacom-Tankers-Management-Dynagas-and-Sea-Traders-George-Procopiou-is-seen-during-the-Capital-Link-Maritime-Leaders-Summit-in-Athens-Greece-June-1-2026.jpg,2026-07-17T13:04:07Z,,"Reeder George Prokopiou ist bekannt dafür, Geschäfte zu machen und Risiken einzugehen, vor denen andere zurückschrecken. Er gehörte auch zu den wenigen, die Tanker in der heißen Phase des Irankriegs … [+3857 chars]",,de,'Hormus'
https://www.bild.de/politik/inland/spritpreis-schiesst-wieder-in-die-hoehe-2-31-euro-pro-liter-6a5a040abb3fbf9dba9878f9,https://www.bild.de/politik/inland/spritpreis-schiesst-wieder-in-die-hoehe-2-31-euro-pro-liter-6a5a040abb3fbf9dba9878f9,0,www.bild.de,"Iran-Krieg treibt die Preise - 2,31 Euro pro Liter! Spritpreis schießt wieder in die Höhe",Rohölpreise treiben Spritpreise. Deutschland zählt zu den teuersten EU-Ländern; Tanken im Nachbarland spart oft viel Geld.,"https://images.bild.de/6a5a040abb3fbf9dba9878f9/ad1e179201031b4d11c2c770e1bd7949,700f40b0?w=1280",2026-07-17T13:07:59Z,,"TTS-Player überspringenArtikel weiterlesenBerlin Die Zahlen sind ein Schlag in die Magengrube jedes Autofahrers: Ein Liter Superbenzin kostet in Deutschland am heutigen Freitag im Schnitt 2,31 Euro, … [+2005 chars]",,de,'Preis'
https://www.faz.net/aktuell/wirtschaft/klima-nachhaltigkeit/emissionshandel-reform-schwieriger-klima-spagat-201040195.html,https://www.faz.net/aktuell/wirtschaft/klima-nachhaltigkeit/emissionshandel-reform-schwieriger-klima-spagat-201040195.html,0,www.faz.net,Emissionshandel: Schwieriger Klima-Spagat,"Die Vorschläge zur Reform des Emissionshandels gehen in die richtige Richtung: Unternehmen erhalten mehr Luft zum Atmen, sollen aber nicht darauf spekulieren können, dass die Politik das Instrument immer weiter abschwächt.",https://media0.faz.net/image/w1200h627/11326cd86016/w3000h1567x0y202o/202103/43600.0.1176224785/die-unternehmen-dillinger.webp,2026-07-17T13:25:03Z,,Mit den Vorschlägen der EU-Kommission zur Reform des europäischen Emissionshandels beginnen die Verhandlungen zwischen Rat und Parlament über die Zukunft des wichtigsten europäischen Klimaschutzinstr… [+1991 chars],,de,'Klima'
https://www.sueddeutsche.de/wirtschaft/eu-emissionshandel-reform-klimaschutz-industrie-deutschland-li.3516652,https://www.sueddeutsche.de/wirtschaft/eu-emissionshandel-reform-klimaschutz-industrie-deutschland-li.3516652,0,www.sueddeutsche.de,Emissionshandel: Die EU schwächt ihr schärfstes Klimaschutz-Instrument ab – um es zu retten,"Wer CO₂ ausstößt, muss zahlen: So lautete zwei Jahrzehnte lang das Prinzip des europäischen Emissionshandels. Jetzt wird das umstrittene System reformiert.",https://www.sueddeutsche.de/2026/07/17/536a1717-ac09-4954-a2d8-5b6ddcfd09ea.jpg?q=60&fm=webp&width=1200&rect=0%2C209%2C4000%2C2250,2026-07-17T13:31:47Z,,Mangelnde Fantasie kann man Carsten Franzke gewiss nicht vorwerfen. Für den Namen seines Unternehmens hat sich der Chef des Düngemittelherstellers SKW Piesteritz jedenfalls schon mal eine neue Überse… [+338 chars],,de,'Hormus'
https://www.golem.de/sonstiges/zustimmung/auswahl.html?from=https://www.golem.de/news/anzeige-usb-c-hub-mit-acht-anschluessen-fuer-nur-29-99-euro-bei-amazon-2607-211016.html&referer=https://t.co/d304576c73,https://www.golem.de/sonstiges/zustimmung/auswahl.html?from=https://www.golem.de/news/anzeige-usb-c-hub-mit-acht-anschluessen-fuer-nur-29-99-euro-bei-amazon-2607-211016.html&referer=https://t.co/d304576c73,0,www.golem.de,"Anzeige: USB-C-Hub mit acht Anschlüssen für nur 29,99 Euro bei Amazon","Einen USB-C-Hub von Anker mit acht Anschlüssen inklusive 4K-HDMI, Kartenleser und USB-C-Ladeport gibt es bei Amazon zum reduzierten Preis. (Technik/Hardware, Anker)",,2026-07-17T14:17:02Z,,"Besuchen Sie Golem.de wie gewohnt mit Werbung und Tracking,
 indem Sie der Nutzung aller Cookies zustimmen.
 Details zum Tracking finden Sie im Privacy Center.
Skript wurde nicht geladen. Informat… [+607 chars]",,de,'Preis'
https://www.golem.de/sonstiges/zustimmung/auswahl.html?from=https://www.golem.de/news/extremwetter-warum-manche-technik-hitze-liebt-2607-211007.html&referer=https://t.co/33aae040ed,https://www.golem.de/sonstiges/zustimmung/auswahl.html?from=https://www.golem.de/news/extremwetter-warum-manche-technik-hitze-liebt-2607-211007.html&referer=https://t.co/33aae040ed,0,www.golem.de,Extremwetter: Warum manche Technik Hitze liebt,"Extreme Temperaturen bringen die Infrastruktur an ihre Grenzen. Doch nicht alle Systeme reagieren gleich: Einige werden sogar effizienter. Von Mario Petzold (Klima & Umwelt, Computer)",,2026-07-17T14:30:01Z,,"Besuchen Sie Golem.de wie gewohnt mit Werbung und Tracking,
 indem Sie der Nutzung aller Cookies zustimmen.
 Details zum Tracking finden Sie im Privacy Center.
Skript wurde nicht geladen. Informat… [+607 chars]",,de,'Klima'
https://www.zeit.de/gesellschaft/zeitgeschehen/2026-07/axel-springer-award-peter-thiel-berlin,https://www.zeit.de/gesellschaft/zeitgeschehen/2026-07/axel-springer-award-peter-thiel-berlin,0,www.zeit.de,US-Unternehmer: Peter Thiel soll Preis von Axel Springer erhalten,Der rechtskonservative und umstrittene Techinvestor Peter Thiel wird mit dem Axel Springer Award ausgezeichnet. Mathias Döpfner lobt seine Argumente »gegen den Konsens«.,https://img.zeit.de/gesellschaft/zeitgeschehen/2026-07/axel-springer-award-peter-thiel-berlin-foto-1/wide__1300x731,2026-07-17T14:31:17Z,,"Der US-Milliardär Peter Thiel soll den Axel Springer Award erhalten. Man wolle eine Persönlichkeit würdigen, »die in außergewöhnlicher Weise neue Märkte geschaffen, bestehende Märkte verändert und di… [+1455 chars]",,de,'Preis'
https://www.welt.de/wirtschaft/plus6a58cd4d8e06d6769140ef16/altersvorsorge-die-neue-rente-rechnen-sie-hier-aus-wie-viel-fuer-sie-drin-ist.html,https://www.welt.de/wirtschaft/plus6a58cd4d8e06d6769140ef16/altersvorsorge-die-neue-rente-rechnen-sie-hier-aus-wie-viel-fuer-sie-drin-ist.html,0,www.welt.de,"Die neue Rente – Rechnen Sie hier aus, wie viel für Sie drin ist","Die geplante Kapitalrente verknüpft die gesetzliche Rente mit der Kraft der weltweiten Börsen. Rendite, Inflation und steigendes Rentenalter greifen ineinander. Der exklusive WELT-Rechner zeigt, welche Zusatzrente Sie erwarten dürfen.",https://images.welt.de/6a58cd4d8e06d6769140ef16/565f0d0a4a754726e921aecad7dc7c38/ci16x9-w1200/dwosb-widget-wi-kapitalrente-ag-jpg,2026-07-17T15:17:15Z,,"Die geplante Kapitalrente verknüpft die gesetzliche Rente mit der Kraft der weltweiten Börsen. Rendite, Inflation und steigendes Rentenalter greifen ineinander. Der exklusive WELT-Rechner zeigt, welc… [+34 chars]",,de,'Inflation'
https://www.faz.net/aktuell/politik/ausland/irankrieg-wie-iranische-fischer-zwischen-die-fronten-geraten-201039675.html,https://www.faz.net/aktuell/politik/ausland/irankrieg-wie-iranische-fischer-zwischen-die-fronten-geraten-201039675.html,0,www.faz.net,Straße von Hormus: Wie iranische Fischer zwischen die Fronten geraten,"Die USA bombardieren Ziele entlang der Straße von Hormus. Die Fischer treibt das in den Ruin. Manche essen nun Wildschweinfleisch, obwohl es im Islam als verboten gilt.",https://media0.faz.net/image/w1200h627/1c9e8eee5632/w3000h1567x0y316o/202605/43e858e9f8-509d-11f1-91b0-cd36eab60358/im-hintergrund-die-strasse-von.webp,2026-07-17T19:34:06Z,,Für die Fischer von Bandar Abbas war der 8. Juli ein schlechter Tag. Präsident Donald Trump hatte gerade den Waffenstillstand mit Iran aufgekündigt. Schon am frühen Morgen traf eine Rakete oder ein M… [+8636 chars],,de,'Hormus'
https://www.zeit.de/news/2026-07/18/bauernpraesident-schlaegt-alarm-duenger-wird-immer-knapper,https://www.zeit.de/news/2026-07/18/bauernpraesident-schlaegt-alarm-duenger-wird-immer-knapper,0,www.zeit.de,Wegen des Iran-Kriegs: Bauernpräsident schlägt Alarm: Dünger wird immer knapper,Hier finden Sie Informationen zu dem Thema „Wegen des Iran-Kriegs“. Lesen Sie jetzt „Bauernpräsident schlägt Alarm: Dünger wird immer knapper“.,https://img.zeit.de/news/2026-07/18/bauernpraesident-schlaegt-alarm-duenger-wird-immer-knapper-image-group/wide__1300x731,2026-07-17T22:01:04Z,,"Der Präsident des Deutschen Bauernverbandes, Joachim Rukwied, sieht die Landwirtschaft in Deutschland durch den Iran-Krieg zusätzlich unter Druck und warnt vor neuen Risiken bei der Versorgung mit Dü… [+1613 chars]",,de,'Iran'
https://www.zeit.de/wirtschaft/2026-07/klimapolitik-union-johann-wadephul-strasse-von-hormus-energie,https://www.zeit.de/wirtschaft/2026-07/klimapolitik-union-johann-wadephul-strasse-von-hormus-energie,0,www.zeit.de,Klimapolitik: Wadephul drängt auf Ausbau erneuerbarer Energien,Wegen des anhaltenden Irankriegs spricht sich Außenminister Johann Wadephul für eine schnellere Energiewende aus. Die Blockade der Straße von Hormus sieht er als Weckruf.,https://img.zeit.de/wirtschaft/2026-07/klimapolitik-union-johann-wadephul-strasse-von-hormus-energie-bild-1/wide__1300x731,2026-07-17T22:03:02Z,,"Außenminister Johann Wadephul (CDU) drängt angesichts des Irankriegs auf einen schnelleren Umstieg auf erneuerbare Energien. »Die Blockade der Straße von Hormus war ein Weckruf an uns alle«, sagte Wa… [+1707 chars]",,de,'Hormus'
https://www.n-tv.de/politik/Zwei-Tanker-brennen-nach-Minenexplosion-in-Strasse-von-Hormus-id31099393.html,https://www.n-tv.de/politik/Zwei-Tanker-brennen-nach-Minenexplosion-in-Strasse-von-Hormus-id31099393.html,0,www.n-tv.de,Weiter Angriffe im Nahen Osten: Zwei Tanker brennen nach Minenexplosion in Straße von Hormus,"Das US-Militär attackiert die siebte Nacht in Folge iranische Ziele. Nach Explosionen geraten zwei Öltanker südlich der Straße von Hormus in Brand. Die Schiffe hätten zuvor ein vermintes Seegebiet durchquert, warnen die Revolutionsgarden.",https://www.n-tv.de/img/31075982/1784337055/Img_16_9/1200/Laut-den-Iranischen-Revolutionsgarden-ist-die-Strasse-von-Hormus-erneut-geschlossen.jpg,2026-07-17T23:12:18Z,,"Die Führung in Teheran hält die für die internationale Schifffahrt wichtige Meerenge wegen des Iran-Krieges geschlossen. (Foto: -/The Visible Earth/NASA/dpa)
Das US-Militär attackiert die siebte Nac… [+2754 chars]",,de,'Hormus'
https://www.zeit.de/news/2026-07/18/berichte-ueber-neue-explosionen-im-iran,https://www.zeit.de/news/2026-07/18/berichte-ueber-neue-explosionen-im-iran,0,www.zeit.de,Iran-Krieg: Berichte über neue Explosionen im Iran,Hier finden Sie Informationen zu dem Thema „Iran-Krieg“. Lesen Sie jetzt „Berichte über neue Explosionen im Iran“.,https://img.zeit.de/news/2026-07/18/berichte-ueber-neue-explosionen-im-iran-image-group/wide__1300x731,2026-07-17T23:49:19Z,,"Nach Beginn der neuen Angriffswelle des US-Militärs auf Ziele im Iran melden örtliche Medien Explosionen in mehreren Gebieten des Landes. Während das US-Militär keine Angaben dazu machte, wo es attac… [+1458 chars]",,de,'Hormus'
https://www.bild.de/politik/ausland-und-internationales/in-der-strasse-von-hormus-zwei-tanker-durch-minen-explodiert-6a5ac31c61b8a80211aaa270,https://www.bild.de/politik/ausland-und-internationales/in-der-strasse-von-hormus-zwei-tanker-durch-minen-explodiert-6a5ac31c61b8a80211aaa270,0,www.bild.de,In der Straße von Hormus - Zwei Tanker durch Minen „explodiert“?,In der Straße von Hormus sind nach Angaben der iranischen Revolutionsgarden zwei Öltanker auf Minen aufgefahren und „explodiert“.,"https://images.bild.de/6a5ac31c61b8a80211aaa270/9fdc07a6b5cdb43d9c6125142eab3690,40a4afc0?w=1280",2026-07-18T00:27:01Z,,TTS-Player überspringenArtikel weiterlesenIn der Straße von Hormus sind nach Angaben der iranischen Revolutionsgarden zwei Öltanker auf Minen aufgefahren und explodiert. Zudem seien auf den beiden Sc… [+1774 chars],,de,'Hormus'
https://www.tagesschau.de/ausland/asien/iran-angriffe-usa-104.html,https://www.tagesschau.de/ausland/asien/iran-angriffe-usa-104.html,0,www.tagesschau.de,USA und Iran melden neue gegenseitige Angriffe in der Golfregion,"Die USA haben erneut Iran attackiert. Ziel sei es, die militärischen Fähigkeiten des Landes weiter zu schwächen. Irans Revolutionsgarde meldet Angriffe auf Bahrain und Explosionen auf zwei Öltankern.",https://images.tagesschau.de/image/5d002b39-97da-4e0a-909b-7952c407bd11/AAABnc3SjeI/AAABnSSvrFg/16x9-big/persischer-golf-100.jpg?width=1280,2026-07-18T01:21:13Z,,"Stand: 18.07.2026 03:21 Uhr
Die USA haben erneut Iran attackiert. Ziel sei es, die militärischen Fähigkeiten des Landes weiter zu schwächen. Irans Revolutionsgarde meldet Angriffe auf Bahrain und Ex… [+1492 chars]",,de,'Angriff'
https://www.faz.net/aktuell/politik/ausland/liveblog-irankrieg-berichte-ueber-brennende-tanker-in-der-strasse-von-hormus-faz-200583539.html,https://www.faz.net/aktuell/politik/ausland/liveblog-irankrieg-berichte-ueber-brennende-tanker-in-der-strasse-von-hormus-faz-200583539.html,0,www.faz.net,Liveblog Irankrieg: Berichte über brennende Tanker in der Straße von Hormus,Berichte über neue Explosionen in Iran +++ Wieder heulen Sirenen in Bahrain +++ Iran: Revolutionsgarden halten vier Tanker in Straße von Hormus auf +++ alle Entwicklungen im Liveblog,https://media0.faz.net/image/w1200h627/068371aa291a/w6000h3135x0y120o/202607/43601.0.2339878211/oeltanker-und-frachtschiffe.webp,2026-07-18T01:48:00Z,,"Irans UN-Botschafter hatte daraufhin erklärt, die US-Angriffe auf zivile Infrastruktur stellten Kriegsverbrechen dar. Das US-Militär erklärte dagegen, man habe Dutzende militärische Ziele getroffen, … [+503 chars]",,de,'Iran'
https://www.sueddeutsche.de/politik/liveblog-nahost-iran-news-usa-kuwait-bahrain-li.3513707,https://www.sueddeutsche.de/politik/liveblog-nahost-iran-news-usa-kuwait-bahrain-li.3513707,0,www.sueddeutsche.de,Krieg in Nahost: Kuwait meldet Beschuss – Alarm auch in Bahrain,Die Golfstaaten Kuwait und Bahrain sind wieder unter Beschuss aus Iran. Die neue US-Offensive gegen Teheran läuft auch in der siebten Nacht in Folge weiter.,https://www.sueddeutsche.de/2024/08/28/1809e897-8b22-480e-a458-cb4fba9e6dff.jpeg?q=60&fm=webp&width=1200&rect=0%2C192%2C2048%2C1152,2026-07-18T02:03:00Z,,"Das US-Militär hat nach eigenen Angaben einen Tanker angegriffen, der einen iranischen Hafen im Persischen Golf ansteuern wollte. Der unbeladene Öltanker habe verschiedene Warnungen ignoriert und ver… [+2228 chars]",,de,'Iran'
https://www.zeit.de/news/2026-07/18/warum-hitze-die-krise-vieler-tierheime-noch-verschaerft,https://www.zeit.de/news/2026-07/18/warum-hitze-die-krise-vieler-tierheime-noch-verschaerft,0,www.zeit.de,Tiere im Sommer: Warum Hitze die Krise vieler Tierheime noch verschärft,Hier finden Sie Informationen zu dem Thema „Tiere im Sommer“. Lesen Sie jetzt „Warum Hitze die Krise vieler Tierheime noch verschärft“.,https://img.zeit.de/news/2026-07/18/warum-hitze-die-krise-vieler-tierheime-noch-verschaerft-image-group/wide__1300x731,2026-07-18T03:00:10Z,,Für Astrid Paperone war das Sommerwetter bislang kein Grund zur Freude. Als vor wenigen Wochen in Deutschland mehrere Tage hintereinander neue Hitzerekorde fielen und es auch in den Nächten tropisch … [+4777 chars],,de,'Krise'
https://www.zeit.de/politik/ausland/2026-07/us-angriffe-iran-centcom-hormosgan,https://www.zeit.de/politik/ausland/2026-07/us-angriffe-iran-centcom-hormosgan,0,www.zeit.de,Irankrieg: Iran reagiert mit Vergeltungsschlägen auf erneute US-Angriffsserie,"Zum siebten Mal in Folge hat das US-Militär in der Nacht Ziele im Iran angegriffen. Aus Kuwait, Jordanien und Bahrain wurden Attacken des iranischen Militärs gemeldet.",https://img.zeit.de/politik/ausland/2026-07/us-angriffe-iran-centcom-hormosgan-foto-1/wide__1300x731,2026-07-18T03:05:22Z,,Bei erneuten US-Angriffen auf den Iran sind nach Angaben iranischer Staatsmedien im Süden des Landes drei Menschen getötet worden. Zudem seien in der Provinz Hormosgan acht Menschen verletzt worden. … [+2734 chars],,de,'Iran'
https://www.tagesschau.de/ausland/asien/iran-blockade-maut-angriffe-recht-100.html,https://www.tagesschau.de/ausland/asien/iran-blockade-maut-angriffe-recht-100.html,0,www.tagesschau.de,USA und Iran: Rechtswidriger Krieg - aber zulässige Seeblockade?,"Um Iran unter Druck zu setzen, blockieren die USA die Häfen in der Straße von Hormus. Ein Tanker, der die Blockade durchbrechen wollte, wurde beschossen. Auch eine Maut war im Gespräch. Ist all das durch das Völkerrecht gedeckt? Von B.-H. Otte.",https://images.tagesschau.de/image/f242552c-5fc5-48b3-a4d9-bd5cd455a307/AAABn3A76Ik/AAABnSSvrFg/16x9-big/strasse-von-hormus-schiffe-108.jpg?width=1280,2026-07-18T03:10:36Z,,"Stand: 18.07.2026 05:10 Uhr
Um Iran unter Druck zu setzen, blockieren die USA die Häfen in der Straße von Hormus. Ein Tanker, der die Blockade durchbrechen wollte, wurde beschossen. Auch eine Maut w… [+7141 chars]",,de,'Hormus'
https://www.n-tv.de/politik/Iran-meldet-brennende-Tanker-Washington-dementiert-id31099393.html,https://www.n-tv.de/politik/Iran-meldet-brennende-Tanker-Washington-dementiert-id31099393.html,0,www.n-tv.de,Explosion in Straße von Hormus?: Iran meldet brennende Tanker - Washington dementiert,"Das US-Militär attackiert die siebte Nacht in Folge iranische Ziele. Nach Explosionen geraten zwei Öltanker südlich der Straße von Hormus in Brand, behaupten die Revolutionsgarden. ""Dies ist falsch"", kontert das US-Regionalkommando Centcom.",https://www.n-tv.de/img/31075982/1784337055/Img_16_9/1200/Laut-den-Iranischen-Revolutionsgarden-ist-die-Strasse-von-Hormus-erneut-geschlossen.jpg,2026-07-18T03:12:00Z,,"Die Führung in Teheran hält die für die internationale Schifffahrt wichtige Meerenge wegen des Iran-Krieges geschlossen. (Foto: -/The Visible Earth/NASA/dpa)
Das US-Militär attackiert die siebte Nac… [+3106 chars]",,de,'Iran'
https://orf.at/stories/3436533/,https://orf.at/stories/3436533/,0,orf.at,Neue Angriffe: Sorge vor Ausweitung des Krieges,,https://orf.at/mojo/1_4_1/storyserver//news/common/images/og-fallback-news.png,2026-07-18T05:29:12Z,,Der Konflikt zwischen den USA und dem Iran um die Straße von Hormus droht außer Kontrolle zu geraten. In der nunmehr siebenten Angriffsnacht in Folge bombardierten die US-Streitkräfte nach eigenen An… [+2003 chars],,de,'Angriff'
https://www.diepresse.com/37959874/so-umgehen-die-golfstaaten-irans-hormuz-blockade,https://www.diepresse.com/37959874/so-umgehen-die-golfstaaten-irans-hormuz-blockade,0,www.diepresse.com,So umgehen die Golfstaaten Irans Hormuz-Blockade [premium],Wegen der neu entflammten Kämpfe zwischen Iran und USA ist die Meerenge von Hormuz kaum befahrbar. Das trifft den Welthandel schwer. Doch nun wird mit Hochdruck an Alternativen gearbeitet.,https://img.diepresse.com/public/incoming/62w8ke-imago-images-0859661887/alternates/WEBP_WIDE_1200/imago%20images%200859661887,2026-07-18T05:52:01Z,,"Ausgerechnet aus dem Empty Quarter kommt die Hoffnung zum Abwenden einer tiefen Krise der Weltwirtschaft. Die gigantischen Ölvorkommen unter der weltgrößten Sandwüste, die leeres Viertel genannt wird… [+5835 chars]",,de,'Iran'
https://www.faz.net/aktuell/politik/ausland/liveblog-irankrieg-iran-greift-ziele-in-bahrain-und-kuweit-an-faz-200583539.html,https://www.faz.net/aktuell/politik/ausland/liveblog-irankrieg-iran-greift-ziele-in-bahrain-und-kuweit-an-faz-200583539.html,0,www.faz.net,Liveblog Irankrieg: Iran greift Ziele in Bahrain und Kuweit an,Siebte Nacht gegenseitiger Angriffe +++ USA bombardieren Ziele in Iran +++ Revolutionsgarden halten Tanker in Straße von Hormus auf +++ alle Entwicklungen im Liveblog,https://media0.faz.net/image/w1200h627/9d7245f88440/w5000h2612x0y421o/202607/43601.0.2329858142/ziel-iranischer.webp,2026-07-18T07:27:04Z,,"Iran hat am Samstag abermals mehrere Golfstaaten angegriffen. Bahrain erklärte, eine weitere iranische Angriffswelle abgewehrt zu haben. Kuwait meldete den Treffer auf ein zweites Kraftwerk mit anges… [+1489 chars]",,de,'Hormus'
https://www.n-tv.de/politik/Iran-berichtet-von-US-Angriffen-auf-Wasserversorgung-bei-Extremhitze-id31099840.html,https://www.n-tv.de/politik/Iran-berichtet-von-US-Angriffen-auf-Wasserversorgung-bei-Extremhitze-id31099840.html,0,www.n-tv.de,20 Dörfer ohne Trinkwasser: Iran berichtet von US-Angriffen auf Wasserversorgung bei Extremhitze,Eine fünfstellige Anzahl von Iranern soll nach Angriffen der USA derzeit ohne Trinkwasser sein. Besonders bei Temperaturen weit über 40 Grad sind solche Attacken gravierend. Auch Kuwait meldet Angriffe auf die Wasserversorgung - und zwar aus dem Iran.,https://www.n-tv.de/img/31099867/1784365618/Img_16_9/1200/24-05-2026-Iran-Bandar-Abbas-Drei-Jungen-spielen-im-seichten-Wasser-der-Strasse-von-Hormus-waehrend-im-Hintergrund-vor-der-Kueste-von-Bandar-Abbas-im-Iran-eine-Rauchwolke-nach-einer-Explosion-aufsteigt.jpg,2026-07-18T07:53:57Z,,"Drei Jungen spielen im seichten Wasser der Straße von Hormus. Nach der Bombardierung einer Meerwasserentsalzungsanlage soll vielen Iranern der Zugang zu sauberem Trinkwasser fehlen. (Foto: dpa)
Eine… [+2267 chars]",,de,'Angriff'
https://taz.de/-Nachrichten-im-Irankrieg-/!6197224/,https://taz.de/-Nachrichten-im-Irankrieg-/!6197224/,0,taz.de,+++ Nachrichten im Irankrieg +++: Siebte Nacht der gegenseitigen Attacken,Nach erneuten nächtlichen Angriffen der USA greift Iran greift wiederum mehrere Golfstaaten an. Die Lage in der Straße von Hormus spitzt sich weiter zu.,https://taz.de/picture/8618705/1200/Irankrieg-Hormus.jpeg,2026-07-18T08:27:00Z,,Nach erneuten nächtlichen Angriffen der USA greift Iran greift wiederum mehrere Golfstaaten an. Die Lage in der Straße von Hormus spitzt sich weiter zu. mehr...,,de,'Iran'
https://www.zeit.de/news/2026-07/18/verletzter-bei-queerfeindlichem-angriff-csd-in-frankfurt,https://www.zeit.de/news/2026-07/18/verletzter-bei-queerfeindlichem-angriff-csd-in-frankfurt,0,www.zeit.de,Schlag mit Glasflasche: Verletzter bei queerfeindlichem Angriff - CSD in Frankfurt,Hier finden Sie Informationen zu dem Thema „Schlag mit Glasflasche“. Lesen Sie jetzt „Verletzter bei queerfeindlichem Angriff - CSD in Frankfurt“.,https://img.zeit.de/news/2026-07/18/verletzter-bei-queerfeindlichem-angriff-csd-in-frankfurt-image-group/wide__1300x731,2026-07-18T08:30:57Z,,"Bei einem queerfeindlichen Angriff in Frankfurt ist ein Mann verletzt worden. Der 62-Jährige wurde nachts in der Innenstadt mit einer Glasflasche geschlagen, wie die Polizei mitteilt. 
Der unbekannt… [+1229 chars]",,de,'Angriff'
https://www.golem.de/sonstiges/zustimmung/auswahl.html?from=https://www.golem.de/news/anzeige-beliebte-heissluftfritteuse-von-ninja-bei-amazon-zum-bestpreis-mitnehmen-2607-211010.html&referer=https://t.co/5c446a9dd9,https://www.golem.de/sonstiges/zustimmung/auswahl.html?from=https://www.golem.de/news/anzeige-beliebte-heissluftfritteuse-von-ninja-bei-amazon-zum-bestpreis-mitnehmen-2607-211010.html&referer=https://t.co/5c446a9dd9,0,www.golem.de,Anzeige: Beliebte Heißluftfritteuse von Ninja bei Amazon zum Bestpreis mitnehmen,"Mit einer Heißluftfritteuse lassen sich Mahlzeiten schnell, einfach und gesund zubereiten. Und jetzt auch noch zum kleinen Preis. (Technik/Hardware, Amazon)",,2026-07-18T08:40:01Z,,"Besuchen Sie Golem.de wie gewohnt mit Werbung und Tracking,
 indem Sie der Nutzung aller Cookies zustimmen.
 Details zum Tracking finden Sie im Privacy Center.
Skript wurde nicht geladen. Informat… [+607 chars]",,de,'Preis'
https://www.zeit.de/news/2026-07/18/landkreistag-zu-angriff-im-jugendamt-sicherheit-pruefen,https://www.zeit.de/news/2026-07/18/landkreistag-zu-angriff-im-jugendamt-sicherheit-pruefen,0,www.zeit.de,Feuer in Behörde: Landkreistag zu Angriff im Jugendamt: Sicherheit prüfen,Hier finden Sie Informationen zu dem Thema „Feuer in Behörde“. Lesen Sie jetzt „Landkreistag zu Angriff im Jugendamt: Sicherheit prüfen“.,https://img.zeit.de/news/2026-07/18/landkreistag-zu-angriff-im-jugendamt-sicherheit-pruefen-image-group/wide__1300x731,2026-07-18T09:28:09Z,,Nach Angriffen auf Jugendamtsmitarbeiter rät der Deutsche Landkreistag zur Prüfung von mehr Sicherheitsmaßnahmen. «Die Landkreise nehmen diese Gefährdungen sehr ernst und haben vielerorts umfangreich… [+2094 chars],,de,'Angriff'
https://orf.at/stories/3436544/,https://orf.at/stories/3436544/,0,orf.at,Sorge vor Ausweitung des Iran-Krieges,"Im Iran-Krieg ist weiter keine Entspannung in Sicht: Die USA haben das Land in der Nacht auf Samstag erneut attackiert, es war die siebente Angriffsnacht in Folge. In der iranischen Küstenregion Jask ist nach eigenen Angaben die Wasserversorgung für Tausende …",https://ibs.orf.at/news?image=https%3A%2F%2Fassets.orf.at%2Fmims%2F2026%2F29%2F05%2Fcrops%2Fw%3D1200%2Ch%3D630%2Cq%3D75%2F3118082_master_1208105_iran_krieg_usa_savo_r.jpg%3Fs%3D469067f286ff95fb395e2277cbb6679dc51205a0,2026-07-18T10:15:38Z,,"In der Nacht bombardierten US-Streitkräfte nach eigenen Angaben iranische Überwachungsanlagen, unterirdische Waffenlager und andere militärische Infrastruktur. Iranische Medien sprachen dagegen erneu… [+5022 chars]",,de,'Iran'
https://www.faz.net/aktuell/gesellschaft/menschen/sommer-trotz-hitze-48-gruende-warum-wir-ihn-lieben-accg-201009602.html,https://www.faz.net/aktuell/gesellschaft/menschen/sommer-trotz-hitze-48-gruende-warum-wir-ihn-lieben-accg-201009602.html,0,www.faz.net,Jahreszeiten: Warum wir den Sommer trotzdem lieben,"Die Hitze verleidet uns fast den Sommer. Am Klimawandel kommen wir nicht vorbei – aber ein paar schöne Momente können wir ihm vielleicht abtrotzen. Hier sind 48 Gründe, warum wir schwitzen und genießen.",https://media0.faz.net/image/w1200h627/9b6128fc8d3d/w5712h2984x0y271o/202607/43601.0.2341912107/weil-man-bei-34-grad-niemandem.webp,2026-07-18T10:26:48Z,,1. Weil (manche) Sonnencreme einfach wahnsinnig gut riecht.2. Weil Fahrradfahren bei Hitze immer noch mehr Spaß macht als Fahrradfahren bei Regen und Kälte.3. Weil man bei 35 Grad plötzlich existenzi… [+4358 chars],,de,'Klima'
https://www.golem.de/sonstiges/zustimmung/auswahl.html?from=https://www.golem.de/news/urteil-bgh-staerkt-das-recht-des-einzelnen-auf-klimaanlage-2607-211031.html&referer=https://t.co/ef9a67ebae,https://www.golem.de/sonstiges/zustimmung/auswahl.html?from=https://www.golem.de/news/urteil-bgh-staerkt-das-recht-des-einzelnen-auf-klimaanlage-2607-211031.html&referer=https://t.co/ef9a67ebae,0,www.golem.de,Urteil: BGH stärkt das Recht des Einzelnen auf Klimaanlage,"Wohnungseigentümer dürfen ein Klima-Splitgerät künftig leichter durchsetzen, notfalls auch gegen den Willen der Gemeinschaft. (Bundesgerichtshof, Klima)",,2026-07-18T11:57:02Z,,"Besuchen Sie Golem.de wie gewohnt mit Werbung und Tracking,
 indem Sie der Nutzung aller Cookies zustimmen.
 Details zum Tracking finden Sie im Privacy Center.
Skript wurde nicht geladen. Informat… [+607 chars]",,de,'Klima'
https://www.golem.de/sonstiges/zustimmung/auswahl.html?from=https://www.golem.de/news/laufrad-tesla-verkauft-fahrrad-fuer-225-dollar-2607-211032.html&referer=https://t.co/4dab550945,https://www.golem.de/sonstiges/zustimmung/auswahl.html?from=https://www.golem.de/news/laufrad-tesla-verkauft-fahrrad-fuer-225-dollar-2607-211032.html&referer=https://t.co/4dab550945,0,www.golem.de,Laufrad: Tesla verkauft Fahrrad für 225 Dollar,"Tesla erweitert sein Sortiment um ein motorloses Laufrad für Kleinkinder, komplett im Markendesign und mit stolzem Preis. (Tesla, Elektroauto)",,2026-07-18T12:53:02Z,,"Besuchen Sie Golem.de wie gewohnt mit Werbung und Tracking,
 indem Sie der Nutzung aller Cookies zustimmen.
 Details zum Tracking finden Sie im Privacy Center.
Skript wurde nicht geladen. Informat… [+607 chars]",,de,'Preis'
https://www.zeit.de/news/2026-07/18/gdl-verlangt-nach-zug-angriff-haertere-konsequenzen,https://www.zeit.de/news/2026-07/18/gdl-verlangt-nach-zug-angriff-haertere-konsequenzen,0,www.zeit.de,Eskalation in Zügen: GDL verlangt nach Zug-Angriff härtere Konsequenzen,Hier finden Sie Informationen zu dem Thema „Eskalation in Zügen“. Lesen Sie jetzt „GDL verlangt nach Zug-Angriff härtere Konsequenzen“.,https://img.zeit.de/news/2026-07/18/gdl-verlangt-nach-zug-angriff-haertere-konsequenzen-image-group/wide__1300x731,2026-07-18T16:22:19Z,,"Nach dem Angriff auf einen Sicherheitsmitarbeiter der Bahn, der nach einem Streit um eine Ticketkontrolle aus einem fahrenden Zug stürzte, fordert die Gewerkschaft Deutscher Lokomotivführer (GDL) här… [+802 chars]",,de,'Angriff'
https://www.faz.net/aktuell/politik/ukraine/ukraine-liveticker-zwei-tote-nach-russischen-bombenangriffen-auf-kramatorsk-faz-110683325.html,https://www.faz.net/aktuell/politik/ukraine/ukraine-liveticker-zwei-tote-nach-russischen-bombenangriffen-auf-kramatorsk-faz-110683325.html,0,www.faz.net,Liveblog Ukrainekrieg: Zwei Tote nach russischen Bombenangriffen auf Kramatorsk,Militärgouverneur fordert die Einwohner zur Flucht auf +++ Wadephul für Schuldenbremse-Ausnahme für Ukraine-Hilfen +++ Demonstranten fordern die Rückkehr vom Verteidigungsminister  +++ alle Neuigkeiten im Liveblog,https://media0.faz.net/image/w1200h627/dc927ce2f7e0/w3000h1567x0y216o/202607/43601.0.2348253596/die-ostukrainische-stadt.webp,2026-07-18T16:43:16Z,,Der ukrainische Präsident Wolodymyr Selenskyj hat den bisherigen Innenminister Ihor Klymenko als neuen Chef des Nationalen Sicherheits- und Verteidigungsrates vorgeschlagen. Der 53 Jahre alte Politik… [+1615 chars],,de,'Ukraine'
https://www.zeit.de/news/2026-07/18/us-militaer-zwei-weitere-us-soldaten-im-iran-krieg-getoetet,https://www.zeit.de/news/2026-07/18/us-militaer-zwei-weitere-us-soldaten-im-iran-krieg-getoetet,0,www.zeit.de,Konflikte: US-Militär: Zwei weitere US-Soldaten im Iran-Krieg getötet,Hier finden Sie Informationen zu dem Thema „Eskalation im Iran-Krieg“. Lesen Sie jetzt „US-Militär: Zwei weitere US-Soldaten im Iran-Krieg getötet“.,https://img.zeit.de/news/2026-07/18/us-militaer-zwei-weitere-us-soldaten-im-iran-krieg-getoetet-image-group/wide__1300x731,2026-07-18T17:30:00Z,,"Erstmals seit der jüngsten Eskalation im Iran-Krieg sind nach Angaben des US-Militärs zwei US-Soldaten getötet worden. Sie seien am Freitag bei einem Einsatz in Jordanien ums Leben gekommen, als sich… [+2612 chars]",,de,'Hormus'
https://www.zeit.de/mobilitaet/2026-07/bahn-mitarbeiter-angriff-zug-niedersachsen-koerperverletzung,https://www.zeit.de/mobilitaet/2026-07/bahn-mitarbeiter-angriff-zug-niedersachsen-koerperverletzung,0,www.zeit.de,Angriff auf Bahn-Mitarbeiter: Festgenommener nach Angriff in Zug wieder auf freiem Fuß,"Ein Gericht hat den beantragten Haftbefehl gegen einen Fahrgast abgelehnt. Er soll einen Bahnmitarbeiter angegriffen haben, der daraufhin aus dem fahrenden Zug stürzte.",https://img.zeit.de/administratives/sharing/fallback-image-die-zeit/wide__1300x731,2026-07-18T17:53:43Z,,"Der nach dem Angriff auf einen Sicherheitsmitarbeiter der Deutschen Bahn zeitweise festgenommene Mann ist wieder auf freiem Fuß. Das Amtsgericht lehnte den Erlass eines Haftbefehls ab, wie die 
Staa… [+1115 chars]",,de,'Angriff'
https://www.faz.net/aktuell/politik/ukraine/ukraine-liveticker-selenskyj-verspricht-demonstranten-entscheidungen-zur-armee-faz-110683325.html,https://www.faz.net/aktuell/politik/ukraine/ukraine-liveticker-selenskyj-verspricht-demonstranten-entscheidungen-zur-armee-faz-110683325.html,0,www.faz.net,Liveblog Ukrainekrieg: Selenskyj verspricht Demonstranten Entscheidungen zur Armee,"„Entscheidungen bezüglich der Armee werden ausgearbeitet“, so Selenskyj +++ Zwei Tote nach russischen Bombenangriffen auf Kramatorsk +++ Ukraine attackiert russische Logistikzentren +++ alle Neuigkeiten im Liveblog",https://media0.faz.net/image/w1200h627/5696f55e650c/w2000h1045x0y68o/202607/43601.0.2348677587/seitdem-selenskyj-den.webp,2026-07-18T20:40:16Z,,Der ukrainische Präsident Wolodymyr Selenskyj hat den bisherigen Innenminister Ihor Klymenko als neuen Chef des Nationalen Sicherheits- und Verteidigungsrates vorgeschlagen. Der 53 Jahre alte Politik… [+1615 chars],,de,'Ukraine'
https://www.zeit.de/news/2026-07/19/usa-kuendigen-nach-tod-von-soldaten-vergeltungsschlaege-an,https://www.zeit.de/news/2026-07/19/usa-kuendigen-nach-tod-von-soldaten-vergeltungsschlaege-an,0,www.zeit.de,Eskalation im Iran-Krieg: USA kündigen nach Tod von Soldaten Vergeltungsschläge an,Hier finden Sie Informationen zu dem Thema „Eskalation im Iran-Krieg“. Lesen Sie jetzt „USA kündigen nach Tod von Soldaten Vergeltungsschläge an“.,https://img.zeit.de/news/2026-07/19/usa-kuendigen-nach-tod-von-soldaten-vergeltungsschlaege-an-image-group/wide__1300x731,2026-07-18T22:54:53Z,,Das US-Militär hat nach dem Tod von zwei seiner Soldaten Vergeltungsschläge gegen die iranischen Revolutionsgarden angekündigt. Um 18.00 Uhr US-Ostküstenzeit (1.30 Uhr Ortszeit im Iran) habe man neue… [+962 chars],,de,'Iran'
https://www.zeit.de/news/2026-07/19/massiver-russischer-raketenangriff-auf-kiew,https://www.zeit.de/news/2026-07/19/massiver-russischer-raketenangriff-auf-kiew,0,www.zeit.de,Ukraine-Krieg: Massiver russischer Raketenangriff auf Kiew,Hier finden Sie Informationen zu dem Thema „Ukraine-Krieg“. Lesen Sie jetzt „Massiver russischer Raketenangriff auf Kiew“.,https://img.zeit.de/news/2026-07/19/massiver-russischer-raketenangriff-auf-kiew-image-group/wide__1300x731,2026-07-18T23:34:49Z,,Die ukrainische Hauptstadt Kiew ist vom russischen Militär massiv mit ballistischen Raketen angegriffen worden. Dutzende Explosionen teils von Flugabwehrraketen waren in der Nacht im Zentrum der Drei… [+671 chars],,de,'Ukraine'
https://www.nzz.ch/klimaanlagen-haben-einen-schlechten-ruf-trotzdem-werden-sie-gerade-massenhaft-gekauft-wie-schlimm-sind-sie-wirklich-ld.10014321,https://www.nzz.ch/klimaanlagen-haben-einen-schlechten-ruf-trotzdem-werden-sie-gerade-massenhaft-gekauft-wie-schlimm-sind-sie-wirklich-ld.10014321,0,www.nzz.ch,Klimaanlagen haben einen schlechten Ruf – trotzdem werden sie gerade massenhaft gekauft. Wie schlimm sind sie wirklich?,"Umweltschädliche Kühlmittel, hoher Strombedarf und zusätzliche Hitze in den Strassen: Die kühle Luft hat einen Preis. Doch die Wahl des richtigen Geräts kann einen grossen Unterschied machen.","https://img-msp-prod.nzz.ch/2026/07/09/8bb57beb-a7bc-4bbb-a407-044977aaafa6.png?width=1200&height=675&fit=bounds&quality=75&auto=webp&crop=2401,1351,x0,y350&wmark=nzz",2026-07-19T03:30:00Z,,"Tagsüber brütende 38 Grad, in der Nacht tropische 23 Grad: Die Hitzewelle im Juni hat die Menschen in Europa an ihre Grenzen getrieben. Und nicht wenige haben wohl in den durchschwitzten Nächten die … [+7822 chars]",,de,'Preis'
https://www.zeit.de/news/2026-07/19/frau-stuerzt-nach-angriff-vom-vordach-ehemann-festgenommen,https://www.zeit.de/news/2026-07/19/frau-stuerzt-nach-angriff-vom-vordach-ehemann-festgenommen,0,www.zeit.de,Häusliche Gewalt: Frau stürzt nach Angriff vom Vordach - Ehemann festgenommen,Hier finden Sie Informationen zu dem Thema „Häusliche Gewalt“. Lesen Sie jetzt „Frau stürzt nach Angriff vom Vordach - Ehemann festgenommen“.,https://img.zeit.de/news/2026-07/19/frau-stuerzt-nach-angriff-vom-vordach-ehemann-festgenommen-image-group/wide__1300x731,2026-07-19T09:01:11Z,,Eine Frau ist in Saarbrücken mutmaßlich von ihrem Ehemann mit Stichen angegriffen worden und dabei aus dem zweiten Stock gestürzt. Die 30-Jährige wurde am Samstag in ein Krankenhaus gebracht und befi… [+1001 chars],,de,'Angriff'
https://www.zeit.de/wissenschaft/2026-07/tankerkrieg-persischer-golf-strasse-von-hormus-iran-usa,https://www.zeit.de/wissenschaft/2026-07/tankerkrieg-persischer-golf-strasse-von-hormus-iran-usa,0,www.zeit.de,Tankerkrieg im Persischen Golf: Aus einer Niederlage viel gelernt,Ende der 1980er-Jahre standen sich der Iran und die USA in der Straße von Hormus militärisch gegenüber. Damals siegten die Amerikaner. Warum tun sie sich heute so schwer?,https://img.zeit.de/wissenschaft/2026-07/tankerkrieg-persischer-golf-strasse-von-hormus-iran-usa-bild/wide__1300x731,2026-07-19T09:25:10Z,,"Wer noch im Juni gehofft hatte, die Lage in der Straße von Hormus könnte
sich bald wieder beruhigt haben, wird gerade eines Besseren belehrt: Die USA
haben eine erneute Seeblockade iranischer Häfen… [+1037 chars]",,de,'Hormus'
https://www.zeit.de/news/2026-07/19/brutale-attacke-auf-bahnmitarbeiter-was-ist-passiert,https://www.zeit.de/news/2026-07/19/brutale-attacke-auf-bahnmitarbeiter-was-ist-passiert,0,www.zeit.de,Haftbefehl abgelehnt: Nach Angriff in Regionalzug: Ermittlungen gehen weiter,Hier finden Sie Informationen zu dem Thema „Haftbefehl abgelehnt“. Lesen Sie jetzt „Nach Angriff in Regionalzug: Ermittlungen gehen weiter“.,https://img.zeit.de/news/2026-07/19/brutale-attacke-auf-bahnmitarbeiter-was-ist-passiert-image-group/wide__1300x731,2026-07-19T09:54:15Z,,"Nach dem gewalttätigen Angriff auf einen Bahnmitarbeiter, der aus einem fahrenden Regionalzug stürzte und lebensgefährlich verletzt wurde, gehen die Ermittlungen weiter. Neue Erkenntnisse gebe es der… [+1484 chars]",,de,'Angriff'
https://www.zeit.de/politik/ausland/2026-07/mail-islamismus-anefis-alkaida-azawad-gao,https://www.zeit.de/politik/ausland/2026-07/mail-islamismus-anefis-alkaida-azawad-gao,0,www.zeit.de,Westafrika: Islamisten und Seperatisten töten mindestens 50 Soldaten in Mali,In Nordmali sind mindestens 50 Soldaten bei einem Angriff getötet worden. Islamistische Gruppe sowie Separatisten bekannten sich zu dem Hinterhalt.,https://img.zeit.de/administratives/sharing/fallback-image-die-zeit/wide__1300x731,2026-07-19T10:15:15Z,,Bei einem gemeinsamen Angriff von Dschihadisten und Tuareg-Separatisten im Norden Malis sind mindestens 50 Soldaten getötet worden. Nach Angaben aus Militärkreisen und von einem der Militärjunta nahe… [+730 chars],,de,'Angriff'
https://www.faz.net/aktuell/wirtschaft/mehr-wirtschaft/danyal-bayaz-die-wirtschaftliche-lage-hat-etwas-ins-kippen-gebracht-accg-201011087.html,https://www.faz.net/aktuell/wirtschaft/mehr-wirtschaft/danyal-bayaz-die-wirtschaftliche-lage-hat-etwas-ins-kippen-gebracht-accg-201011087.html,0,www.faz.net,Danyal Bayaz im Interview: „Die wirtschaftliche Lage hat etwas ins Kippen gebracht“,"Danyal Bayaz gilt als Machertyp unter den Länderfinanzministern. Im Interview erklärt er, wie die Steuererklärung mit nur einem Klick funktionieren soll und warum die Autoindustrie in Baden-Württemberg trotz Krise nicht aufgibt.",https://media0.faz.net/image/w1200h627/9568125bea7e/w6749h3526x0y841o/202411/43253c5f22-9d02-11ef-a360-c2b42fffb5ec/alter-und-neuer-finanzminister.webp,2026-07-19T10:26:10Z,,"Die Bundesregierung hat vor der Sommerpause ihr Konzept für die Steuerreform vorgelegt. Kleine und mittlere Einkommen werden entlastet, sehr hohe Einkommen stärker belastet. Wollen Sie mit einem Lob … [+9710 chars]",,de,'Inflation'
https://www.nzz.ch/international/aktuell-iran-und-die-usa-steuern-auf-eine-eskalation-zu-ld.10016101,https://www.nzz.ch/international/aktuell-iran-und-die-usa-steuern-auf-eine-eskalation-zu-ld.10016101,0,www.nzz.ch,Erstmals seit April wurden amerikanische Soldaten getötet: Eine Ausweitung des Kriegs zwischen Iran und den USA wird immer wahrscheinlicher,Die iranische Führung erklärt das Abkommen über einen Waffenstillstand für hinfällig. Kommen Teheran und Washington aus der Spirale von immer härteren Angriffen und Gegenschlägen wieder heraus?,"https://img-msp-prod.nzz.ch/2026/07/19/1c23e069-c50e-4db6-b39f-1d2f401c1a45.jpg?width=1200&height=674&fit=bounds&quality=75&auto=webp&crop=4047,2276,x0,y0&wmark=nzz",2026-07-19T13:04:14Z,,"Die iranische Führung erklärt das Abkommen über einen Waffenstillstand für hinfällig. Kommen Teheran und Washington aus der Spirale von immer härteren Angriffen und Gegenschlägen wieder heraus?
Zusa… [+5538 chars]",,de,'Erdöl'
https://www.zeit.de/news/2026-07/19/nach-angriff-in-zug-gericht-erklaert-haftbefehl-ablehnung,https://www.zeit.de/news/2026-07/19/nach-angriff-in-zug-gericht-erklaert-haftbefehl-ablehnung,0,www.zeit.de,Haftbefehl abgelehnt: Nach Angriff in Zug: Gericht erklärt Haftbefehl-Ablehnung,Hier finden Sie Informationen zu dem Thema „Haftbefehl abgelehnt“. Lesen Sie jetzt „Nach Angriff in Zug: Gericht erklärt Haftbefehl-Ablehnung“.,https://img.zeit.de/news/2026-07/19/nach-angriff-in-zug-gericht-erklaert-haftbefehl-ablehnung-image-group/wide__1300x731,2026-07-19T13:45:54Z,,Ein Überwachungsvideo der Bahn hat nach Angaben des Amtsgerichts Karlsruhe Zweifel am konkreten Tatablauf nach dem lebensgefährlichen Sturz eines Bahnmitarbeiters aus einem Regionalzug aufkommen lass… [+1662 chars],,de,'Angriff'
https://www.faz.net/aktuell/sport/formel-1/sieg-in-spa-kimi-antonelli-baut-seine-fuehrung-in-der-formel-1-aus-accg-200608331.html,https://www.faz.net/aktuell/sport/formel-1/sieg-in-spa-kimi-antonelli-baut-seine-fuehrung-in-der-formel-1-aus-accg-200608331.html,0,www.faz.net,Sieg in Spa: Antonelli baut seine Führung in der Formel 1 aus,Kimi Antonelli hat beim Großen Preis von Belgien seinen sechsten Sieg in der Formel 1 eingefahren. Kurz vor Schluss setzt der Mercedes-Pilot zum entscheidenden Überholmanöver an.,https://media0.faz.net/image/w1200h627/2587203f7c46/w3609h1885x0y225o/202607/43601.0.2350728472/auf-und-davon-der-italiener.webp,2026-07-19T14:39:21Z,,"Das Auto hält, das Wunderkind liefert: Kimi Antonelli hat die jüngste Aufholjagd seiner Titelkonkurrenten hart ausgebremst und die Führung in der WM-Wertung wieder ausgebaut. Der 19 Jahre alte Merced… [+3330 chars]",,de,'Preis'
https://www.n-tv.de/politik/Iranische-Behoerde-meldet-US-Angriff-auf-geplantes-AKW-id31102455.html,https://www.n-tv.de/politik/Iranische-Behoerde-meldet-US-Angriff-auf-geplantes-AKW-id31102455.html,0,www.n-tv.de,Greift Teheran Touristen-Ort an?: Iranische Behörde meldet US-Angriff auf geplantes AKW,"Die Lage im Nahen Osten bleibt angespannt. Während Israel einen iranischen Angriff auf die jordanische Küstenstadt Akaba festgestellt haben will, moniert die iranische Atomenergieorganisation einen ""aggressiven und brutalen Akt"" seitens der USA auf einen AKW-…",https://www.n-tv.de/img/31102482/1784473418/Img_16_9/1200/AQABA-JORDAN-a-OCTOBER-25-A-view-of-the-Gulf-of-Aqaba-and-the-coastline-of-Aqaba-city-in-Jordan-with-Eilat-city-in-Israel-visible-across-the-water-is-seen-from-Aqaba-Aqaba-Governorate-Jordan-on-October-25-2025.jpg,2026-07-19T14:40:14Z,,"Das am Roten Meer gelegene Akaba im Süden Jordaniens. (Foto: picture alliance / NurPhoto)
Die Lage im Nahen Osten bleibt angespannt. Während Israel einen iranischen Angriff auf die jordanische Küste… [+4505 chars]",,de,'Iran'
https://www.welt.de/politik/ausland/plus6a50c022c13a557858aa0a2b/moderne-kriegsfuehrung-der-rueckstand-des-westens-der-im-worst-case-ueber-sieg-und-niederlage-entscheiden-kann.html,https://www.welt.de/politik/ausland/plus6a50c022c13a557858aa0a2b/moderne-kriegsfuehrung-der-rueckstand-des-westens-der-im-worst-case-ueber-sieg-und-niederlage-entscheiden-kann.html,0,www.welt.de,"Der Rückstand des Westens, der im Worst Case über Sieg und Niederlage entscheiden kann","Die Kriege im Iran und in der Ukraine zeigen, dass unterlegen scheinende Gegner nicht einfach zu besiegen sind. Militärs warnen: Passt sich der Westen nicht an, bietet das ein Einfallstor für neue Angriffsformen. Besonders Europa läuft die Zeit davon.",https://images.welt.de/6a50c022c13a557858aa0a2b/ba04982810116ef8320cd6d4adddd5c5-master/ci16x9-w1200/dpa-com-260715-99-71263-jpg,2026-07-19T14:42:40Z,,"Die Kriege im Iran und in der Ukraine zeigen, dass unterlegen scheinende Gegner nicht einfach zu besiegen sind. Militärs warnen: Passt sich der Westen nicht an, bietet das ein Einfallstor für neue An… [+51 chars]",,de,'Iran'
https://orf.at/stories/3436648/,https://orf.at/stories/3436648/,0,orf.at,Trump will Iran ins Russland-Sanktionspaket aufnehmen,,https://orf.at/mojo/1_4_1/storyserver//news/common/images/og-fallback-news.png,2026-07-19T14:47:43Z,,"US-Präsident Donald Trump hat seine republikanische Partei aufgefordert, den Iran in ein geplantes Sanktionspaket gegen Russland aufzunehmen. Wichtig!!!, schrieb Trump in Großbuchstaben hinter seine … [+1055 chars]",,de,'Iran'
https://orf.at/stories/3436649/,https://orf.at/stories/3436649/,0,orf.at,Zwei weitere Männer im Iran hingerichtet,,https://orf.at/mojo/1_4_1/storyserver//news/common/images/og-fallback-news.png,2026-07-19T15:06:30Z,,"Im Iran ist erneut die Todesstrafe gegen zwei Männer im Zusammenhang mit den regierungskritischen Protesten vom vergangenen Winter vollstreckt worden. Die beiden seien für schuldig befunden worden, f… [+1219 chars]",,de,'Iran'
https://www.welt.de/debatte/article6a5c907d61b8a80211aac56f/transatlantische-beziehungen-von-bismarck-lernen.html,https://www.welt.de/debatte/article6a5c907d61b8a80211aac56f/transatlantische-beziehungen-von-bismarck-lernen.html,0,www.welt.de,Von Bismarck lernen,Europas Sicherheit darf nicht länger von der Berechenbarkeit eines US-Präsidenten abhängen. Eine neue Realpolitik ist gefragt. Bei einem Scheitern wird der Wandel dennoch eintreten – in Form unkontrollierter Krisen.,https://images.welt.de/6a5c907d61b8a80211aac56f/48a60b3ec5c6224048bec679950b6f7d/ci16x9-w1200/dpa-com-260706-935-1460214-jpg,2026-07-19T15:06:33Z,,Europas Sicherheit darf nicht länger von der Berechenbarkeit eines US-Präsidenten abhängen. Eine neue Realpolitik ist gefragt. Bei einem Scheitern wird der Wandel dennoch eintreten in Form unkontroll… [+7295 chars],,de,'Krise'
https://www.tagesspiegel.de/internationales/das-wollte-lindsey-tun-trump-fordert-republikaner-auf-iran-ins-russland-sanktionspaket-aufzunehmen-15855966.html,https://www.tagesspiegel.de/internationales/das-wollte-lindsey-tun-trump-fordert-republikaner-auf-iran-ins-russland-sanktionspaket-aufzunehmen-15855966.html,0,www.tagesspiegel.de,"„Das wollte Lindsey tun“: Trump fordert Republikaner auf, Iran ins Russland-Sanktionspaket aufzunehmen","Trump schließt sich einem Wunsch des kürzlich gestorbenen Senators Lindsey Graham an. Nutzt der US-Präsident jetzt den Ukraine-Krieg, um Teheran weiter unter Druck zu setzen?",https://www.tagesspiegel.de/images/15855999/alternates/BASE_16_9_W1400/1784473775000/u-s-president-trump-boards-air-force-one-at-joint-base-andrews.jpeg,2026-07-19T15:14:37Z,,"US-Präsident Donald Trump hat seine republikanische Partei aufgefordert, den Iran in ein geplantes Sanktionspaket gegen Russland aufzunehmen. WICHTIG!!!, schrieb Trump in Großbuchstaben hinter seine … [+1974 chars]",,de,'Iran'
https://www.diepresse.com/38336365/trump-fordert-aufnahme-des-iran-in-russland-sanktionspaket,https://www.diepresse.com/38336365/trump-fordert-aufnahme-des-iran-in-russland-sanktionspaket,0,www.diepresse.com,Trump fordert Aufnahme des Iran in Russland-Sanktionspaket,Im US-Senat wird bereits seit über einem Jahr um das neue Sanktionspaket gegen Russland gerungen.,https://img.diepresse.com/public/incoming/mz94a-us-politics-trump/alternates/WEBP_WIDE_1200/US-POLITICS-TRUMP,2026-07-19T15:17:51Z,,"Die Presse auf Google als bevorzugte Nachrichtenquelle hinzufügen.
 US-Präsident Donald Trump hat seine republikanische Partei aufgefordert, den Iran in ein geplantes Sanktionspaket gegen Russland a… [+1705 chars]",,de,'Iran'
https://www.faz.net/aktuell/politik/ukraine/wildberries-drohnenangriff-ukraine-trifft-russland-hart-201043856.html,https://www.faz.net/aktuell/politik/ukraine/wildberries-drohnenangriff-ukraine-trifft-russland-hart-201043856.html,0,www.faz.net,Russlands Krieg: Wo Waren und Illusionen in Flammen aufgehen,Drohnen treffen ein Lager des Händlers Wildberries in Russland. Selenskyj spricht von einer Antwort auf die Attacken auf zivile Infrastruktur der Ukraine.,https://media0.faz.net/image/w1200h627/40cd6e54217c/w3577h1868x12y72o/202607/43601.0.2347670654/ein-standbild-aus-einem-video.webp,2026-07-19T15:41:55Z,,"Mit den Drohnenangriffen auf zwei Logistikzentren des russischen Onlinemarktplatzes Wildberries in der Nacht auf Samstag hat die Ukraine eine neue, verwundbare Kategorie von Zielen tief im Hinterland… [+4505 chars]",,de,'Ukraine'
https://www.n-tv.de/politik/Trump-will-Iran-ins-russische-Sanktionspaket-aufnehmen-id31102696.html,https://www.n-tv.de/politik/Trump-will-Iran-ins-russische-Sanktionspaket-aufnehmen-id31102696.html,0,www.n-tv.de,Wunsch des toten Senators Graham: Trump will Iran ins russische Sanktionspaket aufnehmen,"Die Republikaner sollen den Iran ins Russland-Sanktionsgesetz aufnehmen, fordert US-Präsident Trump. Die angedrohten Zölle richten sich gegen Drittstaaten, die Geschäfte mit Teheran machen.",https://www.n-tv.de/img/31102748/1784482365/Img_16_9/1200/US-Praesident-Donald-Trump-haelt-eine-Rede-bei-einem-FIFA-Empfang-im-Trump-Tower.jpg,2026-07-19T16:23:35Z,,"US-Präsident Donald Trump drängt Teheran an den Verhandlungstisch. (Foto: picture alliance/dpa/AP)
Die Republikaner sollen den Iran ins Russland-Sanktionsgesetz aufnehmen, fordert US-Präsident Trump… [+1964 chars]",,de,'Iran'
https://www.faz.net/aktuell/politik/ausland/syrien-geraet-in-den-sog-des-irankrieges-201044388.html,https://www.faz.net/aktuell/politik/ausland/syrien-geraet-in-den-sog-des-irankrieges-201044388.html,0,www.faz.net,Meldungen über Beschuss: Wie Syrien in den Sog des Irankriegs gerät,Damaskus will sich aus dem regionalen Konflikt heraushalten. Aber Trump will mehr syrischen Einsatz gegen die Hizbullah – und aus Teheran kommen Drohbotschaften.,https://media0.faz.net/image/w1200h627/0378beaad015/w3847h2010x354y926o/202602/43601.0.1767732535/die-militaerbasis-in-al-tanf.webp,2026-07-19T17:22:02Z,,"Bestätigt wurde der iranische Angriff auf Syrien nicht, aber die Drohung in Richtung Damaskus war eindeutig: Die Führung von Ahmed al-Scharaa soll sich aus der militärischen Konfrontation mit Israel … [+4479 chars]",,de,'Iran'
https://www.faz.net/aktuell/politik/ausland/die-usa-und-iran-wollen-sich-gegenseitig-in-die-knie-zwingen-201044676.html,https://www.faz.net/aktuell/politik/ausland/die-usa-und-iran-wollen-sich-gegenseitig-in-die-knie-zwingen-201044676.html,0,www.faz.net,Krieg gegen Iran: Eine Frage der Schmerztoleranz,Die USA und Iran wollen sich durch zunehmenden Druck gegenseitig in die Knie zwingen. Doch Teheran wird seinen Hebel so schnell nicht aus der Hand geben.,https://media0.faz.net/image/w1200h627/9141e9168cc5/w3071h1604x0y61o/202607/43601.0.2349625593/screenshot-einer-centcom.webp,2026-07-19T17:22:31Z,,"Nach mehr als einer Woche massiver gegenseitiger Angriffe hat das iranische Regime ausgesprochen, was längst offensichtlich war: Die Absichtserklärung zur Beendigung des Konfliktes, auf die sich Wash… [+1934 chars]",,de,'Iran'
https://www.focus.de/reisen/1175-euro-fuer-einen-monat-im-4-sterne-hotel-dubai-sucht-haenderingend-nach-touristen_092c40e1-020a-4405-9fb0-075b1ca050b1.html,https://www.focus.de/reisen/1175-euro-fuer-einen-monat-im-4-sterne-hotel-dubai-sucht-haenderingend-nach-touristen_092c40e1-020a-4405-9fb0-075b1ca050b1.html,0,www.focus.de,1175 Euro für einen Monat im 4-Sterne-Hotel: Dubai sucht händeringend nach Touristen,Der Iran-Krieg geht weiter und in Dubai sinken die Preise. Die ehemals beliebte Lifestyle-Metropole kämpft händeringend um Touristen.,"https://quadro.burda-forward.de/ctf/a2568d3a-c096-4e9a-9c49-c9c0d0922c80.e7d347b7-9380-420b-a3b8-4b59845a02e2.jpg?im=RegionOfInterestCrop=(1200,630),regionOfInterest=(969,711)&hash=9dbde8e8ef2df49a1436e47cc7c4b327752de40557c867b3479298b7dd5c76c6",2026-07-19T17:23:00Z,,"Der Tourismus in Dubai ist nach Ausbruch des Iran-Kriegs dramatisch eingebrochen. Flugbuchungen gingen laut Capital im ersten Quartal um etwa 88 Prozent zurück. Experten prognostizieren, dass die Hot… [+2785 chars]",,de,'Iran'
https://www.zeit.de/politik/ausland/2026-07/usa-iran-nahost-angriffe-golfregion-strasse-von-hormus,https://www.zeit.de/politik/ausland/2026-07/usa-iran-nahost-angriffe-golfregion-strasse-von-hormus,0,www.zeit.de,Konflikt zwischen USA und Iran: USA und der Iran verschärfen erneut die Lage in der Golfregion,"In der achten Nacht in Folge greifen die USA den Iran an, der Iran hat das erste Mal seit Monaten wieder US-Soldaten getötet. Die Gefahr einer weiteren Eskalation wächst.",https://img.zeit.de/politik/ausland/2026-07/usa-iran-nahost-angriffe-golfregion-strasse-von-hormus-foto-1/wide__1300x731,2026-07-19T17:26:01Z,,Nach tagelangen US-Angriffen im Iran und Vergeltungsschlägen in der Region droht der Konflikt sich erneut weiter zu verschärfen. Erstmals seit Monaten wurden auf einem Luftwaffenstützpunkt in Jordani… [+896 chars],,de,'Iran'
https://taz.de/Krieg-in-Iran/!6197328/,https://taz.de/Krieg-in-Iran/!6197328/,0,taz.de,Krieg in Iran: Die neue US-Offensive in Iran zieht an,"Zwei US-Soldaten kommen durch einen iranischen Angriff in Jordanien um, ein weiterer wird vermisst. Die USA schlagen zurück – und beide Seiten drohen.",https://taz.de/picture/8619225/1200/41700776.jpeg,2026-07-19T18:07:00Z,,"Zwei US-Soldaten kommen durch einen iranischen Angriff in Jordanien um, ein weiterer wird vermisst. Die USA schlagen zurück – und beide Seiten drohen. mehr...",,de,'Iran'
https://www.dw.com/de/iran-krieg-mehr-kooperation-am-golf-trotz-differenzen/a-78005626,https://www.dw.com/de/iran-krieg-mehr-kooperation-am-golf-trotz-differenzen/a-78005626,0,www.dw.com,Iran-Krieg: Mehr Kooperation am Golf trotz Differenzen,"Mehr Zusammenarbeit, aber keine Allianz. Der Iran-Krieg verändert die Sicherheitsarchitektur der arabischen Welt. Die Golfstaaten müssen nun enger kooperieren und verfolgen dennoch unterschiedliche Interessen. Stolze 20 Prozent des Warenwertes wollte vor weni…",https://static.dw.com/image/77979765_6.jpg,2026-07-19T18:15:00Z,,"Stolze 20 Prozent des Warenwertes wollte vor wenigen Tagen US-Präsident Donald Trump von Schiffen verlangen, die die Straße von Hormus passieren. So wie ihn die Welt inzwischen kennt, zog Trump wenig… [+6416 chars]",,de,'Iran'
https://www.n-tv.de/politik/Bericht-USA-verlegen-F-16-Jets-aus-der-Eifel-nach-Nahost-id31102875.html,https://www.n-tv.de/politik/Bericht-USA-verlegen-F-16-Jets-aus-der-Eifel-nach-Nahost-id31102875.html,0,www.n-tv.de,Neben F-35-Jets und Tankfliegern: Bericht: USA verlegen F-16-Jets aus der Eifel nach Nahost,Weiten die USA ihre Angriffe gegen den Iran aus? Die Verlegung von Kampfjets und Tankflugzeugen lässt dies vermuten. Berichten zufolge geht es auch um Flieger vom US-Stützpunkt im rheinland-pfälzischen Spangdahlem.,https://www.n-tv.de/img/31102890/1784489766/Img_16_9/1200/Ein-Kampfflugzeug-vom-Typ-F-16-der-US-Air-Force-startet-von-der-US-Air-Base-Spangdahlem-waehrend-der-Luftwaffenuebung-Air-Defender-2023-An-der-Luftwaffenuebung-unter-deutscher-Fuehrung-nehmen-bis-zum-23-Juni-25-Nationen-sowie-die-Nato-teil-Nach-Angaben-der-Bundeswehr-sind-rund-10-000-Soldatinnen-und-Soldaten-und-250-Flugzeuge-beteiligt.jpg,2026-07-19T18:24:59Z,,"Ein Kampfflugzeug vom Typ F-16 der US Air Force startet von der US-Air-Base in Spangdahlem. (Foto: picture alliance/dpa)
Weiten die USA ihre Angriffe gegen den Iran aus? Die Verlegung von Kampfjets … [+1401 chars]",,de,'Iran'
https://www.tagesschau.de/ausland/asien/iran-usa-krieg-100.html,https://www.tagesschau.de/ausland/asien/iran-usa-krieg-100.html,0,www.tagesschau.de,USA verlegen offenbar weitere Kampfjets nach Nahost,Weiten die USA ihre Angriffe auf Iran aus? Medienberichte in den USA deuten darauf hin: Offenbar werden weitere US-Kampfflugzeuge in den Nahen Osten verlegt - auch aus Deutschland.,https://images.tagesschau.de/image/1ed07d0b-b49f-49a3-9aca-8ffd37185d83/AAABnrDnu6s/AAABnSSvrFg/16x9-big/karte-jordanien-irak-iran-teheran-strasse-von-hormus-kuwait-bahrain-100.jpg?width=1280,2026-07-19T18:25:27Z,,"Stand: 19.07.2026 20:25 Uhr
Weiten die USA ihre Angriffe auf Iran aus? Medienberichte in den USA deuten darauf hin: Offenbar werden weitere US-Kampfflugzeuge in den Nahen Osten verlegt - auch aus De… [+1365 chars]",,de,'Iran'
https://www.faz.net/aktuell/wirtschaft/klima-nachhaltigkeit/so-verteidigt-die-eu-den-klimaschutz-und-schwaecht-die-finanzminister-201033566.html,https://www.faz.net/aktuell/wirtschaft/klima-nachhaltigkeit/so-verteidigt-die-eu-den-klimaschutz-und-schwaecht-die-finanzminister-201033566.html,0,www.faz.net,Emissionshandel: So verteidigt die EU den Klimaschutz,Die EU reformiert ihren Klimaschutz. Er wird dabei kaum geschwächt. Die größeren Verlierer sind die Finanzminister.,https://media0.faz.net/image/w1200h627/0c34089128ea/w8640h4514x0y623o/202607/43601.0.2344509348/produziert-nicht-nur.webp,2026-07-19T18:53:42Z,,"Groß war der Aufruhr, bevor die EU-Kommission am Freitag ihre Ideen zur Reform des Klimaschutzes vorgestellt hat. Überall war die Angst, die EU könne den Klimaschutz schleifen. Ausbaden müssen das di… [+9633 chars]",,de,'Klima'
https://www.faz.net/aktuell/politik/ausland/liveblog-irankrieg-demokraten-kritisieren-trump-nach-tod-von-us-soldaten-scharf-faz-200583539.html,https://www.faz.net/aktuell/politik/ausland/liveblog-irankrieg-demokraten-kritisieren-trump-nach-tod-von-us-soldaten-scharf-faz-200583539.html,0,www.faz.net,Liveblog Irankrieg: Demokraten kritisieren Trump nach Tod von US-Soldaten scharf,Irans Außenminister Araghchi spricht über ersten Kriegstag und Sicherheitslücken +++ Trump fordert: Iran ins Russland-Sanktionspaket aufnehmen +++ alle Entwicklungen im Liveblog,https://media0.faz.net/image/w1200h627/3b841572f196/w6144h3210x0y443o/202607/43601.0.2351317552/der-stellvertretende.webp,2026-07-19T19:01:32Z,,Irans Außenminister Abbas Araghchi hat in einem Interview überraschend offen über Sicherheitslücken vor dem Krieg mit den Vereinigten Staaten und Israel gesprochen. Im Gespräch mit dem regierungstreu… [+1232 chars],,de,'Russland'
https://www.tagesschau.de/ausland/asien/iran-angriffe-102.html,https://www.tagesschau.de/ausland/asien/iran-angriffe-102.html,0,www.tagesschau.de,Eskalation zwischen USA und Iran: Wie geht es in der Golfregion weiter?,"Die USA greifen wieder täglich iranische Ziele an - und Iran schlägt mit Attacken auf die Golfstaaten zurück. Die Situation ähnelt der im Frühjahr. Wie der Ausweg aus dem Konflikt aussehen könnte, ist ungewiss. Von Moritz Behrendt.",https://images.tagesschau.de/image/509341ee-ba76-4bfe-9a07-c01403e36fe2/AAABn3vjzkI/AAABnSSvrFg/16x9-big/iran-bruecke-angriff-100.jpg?width=1280,2026-07-19T19:39:15Z,,"Stand: 19.07.2026 21:39 Uhr
Die USA greifen wieder täglich iranische Ziele an - und Iran schlägt mit Attacken auf die Golfstaaten zurück. Die Situation ähnelt der im Frühjahr. Wie der Ausweg aus dem… [+3472 chars]",,de,'Iran'
https://www.zeit.de/news/2026-07/19/us-militaer-informiert-ueber-tod-eines-weiteren-soldaten,https://www.zeit.de/news/2026-07/19/us-militaer-informiert-ueber-tod-eines-weiteren-soldaten,0,www.zeit.de,Eskalation im Iran-Krieg: US-Militär informiert über Tod eines weiteren Soldaten,Hier finden Sie Informationen zu dem Thema „Eskalation im Iran-Krieg“. Lesen Sie jetzt „US-Militär informiert über Tod eines weiteren Soldaten“.,https://img.zeit.de/news/2026-07/19/us-militaer-informiert-ueber-tod-eines-weiteren-soldaten-image-group/wide__1300x731,2026-07-19T19:49:12Z,,Das US-Militär hat den Tod eines weiteren seiner Soldaten im Iran-Krieg gemeldet. Am Samstag sei ein US-Soldat im Nordirak bei einer kontrollierten Sprengung nicht detonierter Kampfmittel aus einer a… [+1030 chars],,de,'Iran'
https://www.tagesspiegel.de/internationales/eskalation-im-iran-krieg-us-militar-informiert-uber-tod-eines-weiteren-soldaten-15856229.html,https://www.tagesspiegel.de/internationales/eskalation-im-iran-krieg-us-militar-informiert-uber-tod-eines-weiteren-soldaten-15856229.html,0,www.tagesspiegel.de,Eskalation im Iran-Krieg: US-Militär informiert über Tod eines weiteren Soldaten,Am Samstag haben die USA nach iranischem Beschuss den Tod zweier weiterer US-Soldaten im Iran-Krieg gemeldet. Nun steigt die Zahl der Todesfälle weiter.,https://www.tagesspiegel.de/images/15856228/alternates/BASE_16_9_W1400/1784490619000/iranische-drohnen.jpeg,2026-07-19T19:50:19Z,,Das US-Militär hat den Tod eines weiteren seiner Soldaten im Iran-Krieg gemeldet. Am Samstag sei ein US-Soldat im Nordirak bei einer kontrollierten Sprengung nicht detonierter Kampfmittel aus einer a… [+1084 chars],,de,'Iran'
https://www.n-tv.de/politik/Anzahl-der-toten-US-Soldaten-im-Nahen-Osten-steigt-id31103134.html,https://www.n-tv.de/politik/Anzahl-der-toten-US-Soldaten-im-Nahen-Osten-steigt-id31103134.html,0,www.n-tv.de,Gefallene im Iran-Krieg: Anzahl der toten US-Soldaten im Nahen Osten steigt,"Erstmals seit Monaten verzeichnet das US-Militär am Wochenende wieder Tote in den eigenen Reihen. Erst am Samstag meldet das Regionalkommando Centcom, dass im Iran-Krieg zwei US-Soldaten gefallen sind. Nun kommt ein weiteres Opfer hinzu.",https://www.n-tv.de/img/31103119/1784500309/Img_16_9/1200/US-soldiers-US-army-USA-patch-flag-on-the-US-military-uniform-Soldiers-on-the-parade-ground-from-the-back-Veterans-Day-US-soldiers-US-army-USA-patch-flag-on-the-US-military-uniform-Soldiers-on-the-parade-ground-from-the-back-Veterans-Day-Memorial-Day.jpg,2026-07-19T20:42:18Z,,"Nach offiziellen Angaben der USA sind im Iran-Krieg insgesamt 17 US-Soldaten gefallen. (Foto: IMAGO/Dreamstime)
Erstmals seit Monaten verzeichnet das US-Militär am Wochenende wieder Tote in den eige… [+2262 chars]",,de,'Iran'
https://www.welt.de/politik/ausland/article6a5d434661b8a80211aae54c/krieg-in-nahost-us-soldat-stirbt-bei-sprengung-iranischer-drohne-usa-verlegen-kampfjets.html,https://www.welt.de/politik/ausland/article6a5d434661b8a80211aae54c/krieg-in-nahost-us-soldat-stirbt-bei-sprengung-iranischer-drohne-usa-verlegen-kampfjets.html,0,www.welt.de,US-Soldat stirbt bei Sprengung iranischer Drohne – USA verlegen noch mehr Kampfjets in die Region,Die USA verzeichnen im Iran-Krieg einen weiteren toten US-Soldaten. Er stirbt bei der kontrollierten Sprengung einer iranischen Einwegdrohne. Unterdessen häufen sich die Zeichen auf eine mögliche Ausweitung der US-Angriffe.,https://images.welt.de/6a5d434661b8a80211aae54c/2ae2c3b3426cf7d59bd4da79c2266182-master/ci16x9-w1200/dpa-com-260719-935-1490224-jpg,2026-07-19T22:19:41Z,,Die USA verzeichnen im Iran-Krieg einen weiteren toten US-Soldaten. Er stirbt bei der kontrollierten Sprengung einer iranischen Einwegdrohne. Unterdessen häufen sich die Zeichen auf eine mögliche Aus… [+4489 chars],,de,'Angriff'
https://www.welt.de/politik/ausland/article6a5d434661b8a80211aae54c/krieg-in-nahost-us-angriffswelle-zu-ehren-getoeteter-soldaten-schiff-in-der-strasse-von-hormus-in-flammen.html,https://www.welt.de/politik/ausland/article6a5d434661b8a80211aae54c/krieg-in-nahost-us-angriffswelle-zu-ehren-getoeteter-soldaten-schiff-in-der-strasse-von-hormus-in-flammen.html,0,www.welt.de,Neue US-Angriffswelle auf den Iran – Schiff in der Straße von Hormus steht in Flammen,Die USA verzeichnen im Iran-Krieg einen weiteren toten US-Soldaten. Unterdessen fliegt das Land neue Angriffe – und es häufen sich die Zeichen auf eine mögliche Ausweitung. Auch der Iran ist aktiv. Und in der Straße von Hormus brennt ein Schiff.,https://images.welt.de/6a5d434661b8a80211aae54c/2ae2c3b3426cf7d59bd4da79c2266182-master/ci16x9-w1200/dpa-com-260719-935-1490224-jpg,2026-07-19T22:19:41Z,,Die USA verzeichnen im Iran-Krieg einen weiteren toten US-Soldaten. Unterdessen fliegt das Land neue Angriffe und es häufen sich die Zeichen auf eine mögliche Ausweitung. Auch der Iran ist aktiv. Und… [+6955 chars],,de,'Iran'
https://www.welt.de/politik/ausland/article6a5d434661b8a80211aae54c/krieg-in-nahost-us-angriffswelle-zu-ehren-getoeteter-soldaten-iran-sprengt-zwei-oeltanker-in-der-strasse-von-hormus.html,https://www.welt.de/politik/ausland/article6a5d434661b8a80211aae54c/krieg-in-nahost-us-angriffswelle-zu-ehren-getoeteter-soldaten-iran-sprengt-zwei-oeltanker-in-der-strasse-von-hormus.html,0,www.welt.de,US-Angriffswelle „zu Ehren“ getöteter Soldaten – Iran sprengt zwei Öltanker in der Straße von Hormus,Die USA fliegen neue Angriffe auf den Iran – und es häufen sich die Zeichen auf eine mögliche Ausweitung des Krieges. Auch der Iran ist aktiv und greift nach eigenen Angaben zwei Schiffe in der Straße von Hormus an.,https://images.welt.de/6a5d434661b8a80211aae54c/2ae2c3b3426cf7d59bd4da79c2266182-master/ci16x9-w1200/dpa-com-260719-935-1490224-jpg,2026-07-19T22:19:41Z,,Die USA fliegen neue Angriffe auf den Iran und es häufen sich die Zeichen auf eine mögliche Ausweitung des Krieges. Auch der Iran ist aktiv und greift nach eigenen Angaben zwei Schiffe in der Straße … [+7931 chars],,de,'Iran'
https://www.bild.de/politik/ausland-und-internationales/usa-verlegen-weitere-kampfjets-nach-nahost-6a5d434be0a821422950ff18,https://www.bild.de/politik/ausland-und-internationales/usa-verlegen-weitere-kampfjets-nach-nahost-6a5d434be0a821422950ff18,0,www.bild.de,Kommt jetzt der große Krieg? - USA verlegen weitere Kampfjets nach Nahost,Washington – Die USA verlegen inmitten des eskalierenden Iran-Kriegs Medienberichten zufolge mehr Kampfflugzeuge in den Nahen Osten. Das „Wall Street Jou...,"https://images.bild.de/6a5d434be0a821422950ff18/5951ffcd3e2d59b041e411bfe18cdcdc,6a1eced1?w=1280",2026-07-19T22:26:00Z,,TTS-Player überspringenArtikel weiterlesenWashington Die USA verlegen inmitten des eskalierenden Iran-Kriegs Medienberichten zufolge mehr Kampfflugzeuge in den Nahen Osten. Das Wall Street Journal be… [+1520 chars],,de,'Iran'
https://www.zeit.de/news/2026-07/20/angriff-mit-lenkbomben-erneut-tote-in-saporischschja,https://www.zeit.de/news/2026-07/20/angriff-mit-lenkbomben-erneut-tote-in-saporischschja,0,www.zeit.de,Ukraine-Krieg: Angriff mit Lenkbomben – Erneut Tote in Saporischschja,Hier finden Sie Informationen zu dem Thema „Ukraine-Krieg“. Lesen Sie jetzt „Angriff mit Lenkbomben – Erneut Tote in Saporischschja“.,https://img.zeit.de/news/2026-07/20/angriff-mit-lenkbomben-erneut-tote-in-saporischschja-image-group/wide__1300x731,2026-07-19T23:11:21Z,,Bei einem russischen Luftangriff auf das südostukrainische Gebiet Saporischschja sind in der gleichnamigen Gebietshauptstadt mindestens zwei Menschen getötet worden. Mindestens 42 weitere wurden bei … [+592 chars],,de,'Angriff'
https://www.zeit.de/news/2026-07/20/neunte-nacht-in-folge-us-angriffe-gegen-iran-gehen-weiter,https://www.zeit.de/news/2026-07/20/neunte-nacht-in-folge-us-angriffe-gegen-iran-gehen-weiter,0,www.zeit.de,Iran-Krieg: Neunte Nacht in Folge: US-Angriffe gegen Iran gehen weiter,Hier finden Sie Informationen zu dem Thema „Iran-Krieg“. Lesen Sie jetzt „Neunte Nacht in Folge: US-Angriffe gegen Iran gehen weiter“.,https://img.zeit.de/news/2026-07/20/neunte-nacht-in-folge-us-angriffe-gegen-iran-gehen-weiter-image-group/wide__1300x731,2026-07-19T23:39:47Z,,"Das US-Militär hat nach eigenen Angaben die neunte Nacht in Folge Ziele im Iran attackiert. Die Angriffe seien um 19.00 Uhr US-Ostküstenzeit (2.30 Uhr Ortszeit im Iran) aufgenommen worden, teilte das… [+991 chars]",,de,'Iran'
https://www.tagesspiegel.de/internationales/die-lage-im-uberblick-sorge-vor-ausweitung-des-iran-kriegs-wachst-15856396.html,https://www.tagesspiegel.de/internationales/die-lage-im-uberblick-sorge-vor-ausweitung-des-iran-kriegs-wachst-15856396.html,0,www.tagesspiegel.de,Die Lage im Überblick: Sorge vor Ausweitung des Iran-Kriegs wächst,Das US-Militär hat in der bereits neunten Nacht in Folge Ziele im Iran bombardiert. Zugleich holte Teheran erneut zum Gegenschlag aus. Ist Washington zu einem größeren Krieg bereit?,https://www.tagesspiegel.de/images/15856417/alternates/BASE_16_9_W1400/1784515997000/iran-krieg.jpeg,2026-07-19T23:41:02Z,,"Während sich die Streitkräfte der USA und des Irans in einer weiteren Nacht gegenseitig attackieren, wächst die Sorge vor einem noch umfassenderen Krieg. Washington verlegt US-Medienberichten zufolge… [+5494 chars]",,de,'Iran'
https://www.tagesspiegel.de/internationales/iran-krieg-wieder-in-vollem-gang-berichte-uber-vorbereitung-grosserer-militareinsatze-15856396.html,https://www.tagesspiegel.de/internationales/iran-krieg-wieder-in-vollem-gang-berichte-uber-vorbereitung-grosserer-militareinsatze-15856396.html,0,www.tagesspiegel.de,Iran-Krieg wieder in vollem Gang: Berichte über Vorbereitung größerer Militäreinsätze,"Erneut bombardiert das US-Militär den Iran, wieder schlägt Teheran am Golf zurück. Washington zeigt sich zu Gesprächen bereit – dennoch stehen die Weichen aktuell auf Eskalation.",https://www.tagesspiegel.de/images/15858028/alternates/BASE_16_9_W1400/1784546404000/u-s-navy-aircraft-carrier-uss-harry-s-truman-flight-operations-against-houthis.jpeg,2026-07-19T23:41:02Z,,Im Iran-Krieg haben die USA die neunte Nacht in Folge Ziele in der Islamischen Republik bombardiert. Teheran meldete Explosionen in mehreren Landesteilen und reagierte wieder mit Vergeltungsangriffen… [+7923 chars],,de,'Iran'
https://www.tagesspiegel.de/internationales/iran-krieg-neunte-nacht-in-folge-us-angriffe-gegen-iran-gehen-weiter-15856396.html,https://www.tagesspiegel.de/internationales/iran-krieg-neunte-nacht-in-folge-us-angriffe-gegen-iran-gehen-weiter-15856396.html,0,www.tagesspiegel.de,Iran-Krieg: Neunte Nacht in Folge: US-Angriffe gegen Iran gehen weiter,Die USA verzeichneten in der vergangenen Woche im Iran-Krieg so viele Verluste in den eigenen Reihen wie seit Monaten nicht mehr. Die eigenen Angriffe auf den Iran setzen sie unvermindert fort.,https://www.tagesspiegel.de/images/15856395/alternates/BASE_16_9_W1400/1784504462000/kampfflugzeuge-der-usa.jpeg,2026-07-19T23:41:02Z,,"Das US-Militär hat nach eigenen Angaben die neunte Nacht in Folge Ziele im Iran attackiert. Die Angriffe seien um 19.00 Uhr US-Ostküstenzeit (2.30 Uhr Ortszeit im Iran) aufgenommen worden, teilte das… [+1045 chars]",,de,'Iran'
https://www.faz.net/aktuell/politik/ausland/liveblog-irankrieg-usa-verlegen-offenbar-weitere-kampfflugzeuge-nach-nahost-faz-200583539.html,https://www.faz.net/aktuell/politik/ausland/liveblog-irankrieg-usa-verlegen-offenbar-weitere-kampfflugzeuge-nach-nahost-faz-200583539.html,0,www.faz.net,Liveblog Irankrieg: USA verlegen offenbar weitere Kampfflugzeuge nach Nahost,Nahost-Konflikt bremst erneut Schiffsverkehr in der Straße von Hormus +++ US-Armee meldet neue Angriffe auf Iran – Trump: „Zu Ehren“ getöteter Soldaten +++ Drohnen über Kuwait – Explosionen in Iran +++ alle Entwicklungen im Liveblog,https://media0.faz.net/image/w1200h627/4c5b9cfd3d65/w5568h2909x0y401o/202607/43601.0.2350891444/ein-us-kampfflugzeug-vom-typ-f.webp,2026-07-20T01:48:00Z,,"Der amerikanische Präsident Donald Trump hat seine republikanische Partei aufgefordert, Iran in ein geplantes Sanktionspaket gegen Russland aufzunehmen. WICHTIG!!!, schrieb Trump in Großbuchstaben hi… [+1054 chars]",,de,'Angriff'
https://www.tagesschau.de/ausland/asien/iran-krieg-angriffe-102.html,https://www.tagesschau.de/ausland/asien/iran-krieg-angriffe-102.html,0,www.tagesschau.de,US-Armee meldet neue Angriffe auf Iran,Das US-Militär hat in der neunten Nacht in Folge Ziele im Iran bombadiert. Angriffe gab es auch in mehreren Golfstaaten. Außerdem sollen in der Straße von Hormus zwei Öltanker gesprengt worden sein.,https://images.tagesschau.de/image/1ed07d0b-b49f-49a3-9aca-8ffd37185d83/AAABnrDnu6s/AAABnSSvrFg/16x9-big/karte-jordanien-irak-iran-teheran-strasse-von-hormus-kuwait-bahrain-100.jpg?width=1280,2026-07-20T01:58:23Z,,"Stand: 20.07.2026 03:58 Uhr
Das US-Militär hat in der neunten Nacht in Folge Ziele im Iran bombadiert. Angriffe gab es auch in mehreren Golfstaaten. Außerdem sollen in der Straße von Hormus zwei Ölt… [+1741 chars]",,de,'Iran'
https://www.n-tv.de/politik/Neue-Explosionen-im-Iran-Tanker-in-Strasse-von-Hormus-gesprengt-id31103486.html,https://www.n-tv.de/politik/Neue-Explosionen-im-Iran-Tanker-in-Strasse-von-Hormus-gesprengt-id31103486.html,0,www.n-tv.de,Eskalation im Nahen Osten: Neue Explosionen im Iran - Tanker in Straße von Hormus gesprengt,"In der neunten Nacht in Folge greifen sich die USA und der Iran im Nahen Osten gegenseitig an. Laut Revolutionsgarden stehen auch Tanker in der Straße von Hormus unter Beschuss. Wer die Meerenge kontrolliert, stellen Teheran und Washington unterschiedlich dar.",https://www.n-tv.de/img/31103478/1784520612/Img_16_9/1200/ARCHIV-16-06-2026-Oman-Im-Golf-von-Oman-entlang-der-Schifffahrtsrouten-zwischen-der-Strasse-von-Hormus-und-dem-Arabischen-Meer-Tanker-und-Frachtschiffe-zu-sehen.jpg,2026-07-20T02:27:11Z,,"Eskalation im Nahen OstenNeue Explosionen im Iran - Tanker in Straße von Hormus gesprengt
""Wir kontrollieren die Meerenge, sie kontrollieren gar nichts"", sagt Trump mit Blick auf die Straße von Horm… [+5048 chars]",,de,'Iran'
https://orf.at/stories/3436676/,https://orf.at/stories/3436676/,0,orf.at,USA: Weitere Angriffswelle gegen den Iran,,https://orf.at/mojo/1_4_1/storyserver//news/common/images/og-fallback-news.png,2026-07-20T02:51:39Z,,"Das US-Militär hat seine erneute nächtliche Angriffswelle auf Ziele im Iran nach eigenen Angaben beendet. Man habe militärische Kommandozentralen, Anlagen zur Flugabwehr und Küstenüberwachung, Vorric… [+570 chars]",,de,'Iran'
https://www.diepresse.com/37233338/kuehlen-mit-waermepumpe-die-bessere-alternative-zur-klimaanlage,https://www.diepresse.com/37233338/kuehlen-mit-waermepumpe-die-bessere-alternative-zur-klimaanlage,0,www.diepresse.com,"Kühlen mit Wärmepumpe, die bessere Alternative zur Klimaanlage? [premium]","Wer im Sommer kühlen will, denkt meist an eine Klimaanlage. Doch auch viele Wärmepumpen können Wohnräume angenehm temperieren – oft sparsamer und energieeffizienter. Was die Alternative kann, wo ihre Grenzen liegen und wann sich eine Umrüstung lohnt.",https://img.diepresse.com/public/incoming/m5fmxc-imago758616357jpg/alternates/WEBP_WIDE_1200/imago758616357.jpg,2026-07-20T03:30:04Z,,"Spätestens als die Thermometer in Wien 40 Grad zeigten, war wohl für viele der Knackpunkt erreicht: Ohne Kühlung der Wohnräume geht es nicht mehr. Die Absatzzahlen von Klimaanlagen kletterten in die … [+5531 chars]",,de,'Klima'
https://www.zeit.de/politik/ausland/2026-07/iran-usa-krieg-hormus-brand-marco-rubio-donald-trump,https://www.zeit.de/politik/ausland/2026-07/iran-usa-krieg-hormus-brand-marco-rubio-donald-trump,0,www.zeit.de,"Der Iranüberblick: Trump begründet Angriffe mit getöteten US-Soldaten, Brand auf Tanker",Die neuen Angriffe auf den Iran sind laut Donald Trump »zu Ehren« von getöteten Militärangehörigen erfolgt. In der Straße von Hormus brennt erneut ein Schiff. Die Nacht,https://img.zeit.de/politik/ausland/2026-07/donald-trump-usa-iran/wide__1300x731,2026-07-20T03:42:17Z,,Die USA haben den Iran die neunte Nacht in Folge beschossen und nach eigenen Angaben verschiedene Militäreinrichtungen sowie Kommunikationsnetzwerke beschädigt. US-Präsident Donald Trump hat den Besc… [+2402 chars],,de,'Iran'
https://www.tagesspiegel.de/wirtschaft/mehr-reichweite-fur-immer-weniger-geld-elektroautos-seit-2020-deutlich-billiger-geworden-15856591.html,https://www.tagesspiegel.de/wirtschaft/mehr-reichweite-fur-immer-weniger-geld-elektroautos-seit-2020-deutlich-billiger-geworden-15856591.html,0,www.tagesspiegel.de,Mehr Reichweite für immer weniger Geld: Elektroautos seit 2020 deutlich billiger geworden,Forscher sehen bei den inflationsbereinigten Preisen eine deutliche Verschiebung im Vergleich zu Verbrennern. Beide Fahrzeugtypen könnten kostenmäßig in wenigen Jahren gleichauf liegen.,https://www.tagesspiegel.de/images/15840676/alternates/BASE_16_9_W1400/1784110492000/elektroauto-ladt-an-ladesaule.jpeg,2026-07-20T05:19:13Z,,"Elektroautos sind in den vergangenen fünf Jahren deutlich billiger geworden. Inflationsbereinigt sanken die Listenpreise von 2020 bis 2025 um 18 Prozent, wie eine Untersuchung des Fraunhofer-Institut… [+3051 chars]",,de,'Preis'
https://t3n.de/news/elektroautos-guenstiger-verbrenner-teurer-1753581/,https://t3n.de/news/elektroautos-guenstiger-verbrenner-teurer-1753581/,0,t3n.de,Elektroautos werden immer günstiger – wann sie so viel kosten sollen wie Verbrenner,"Fraunhofer-Institut und ICCT sehen bei den inflationsbereinigten Preisen eine deutliche Verschiebung im Vergleich zu Verbrennern – und erwarten, dass die Entwicklung anhält.
weiterlesen auf t3n.de",https://cdn.t3n.de/news/wp-content/uploads/2026/07/id_polo.jpg?class=content,2026-07-20T06:44:11Z,,"Elektroautos sind in den vergangenen fünf Jahren deutlich billiger geworden. Inflationsbereinigt sanken die Listenpreise von 2020 bis 2025 um 18 Prozent, wie eine Untersuchung des Fraunhofer-Institut… [+3474 chars]",,de,'Inflation'
https://www.golem.de/sonstiges/zustimmung/auswahl.html?from=https://www.golem.de/news/molniya-russische-drohnen-mit-magnet-kompass-gefunden-2607-211046.html&referer=https://t.co/c0077651e1,https://www.golem.de/sonstiges/zustimmung/auswahl.html?from=https://www.golem.de/news/molniya-russische-drohnen-mit-magnet-kompass-gefunden-2607-211046.html&referer=https://t.co/c0077651e1,0,www.golem.de,Molniya: Russische Drohnen mit Magnet-Kompass gefunden,"Weil GPS-Störsender im Ukraine-Krieg zum Dauerzustand geworden sind, greifen einige russische Drohnen-Einheiten zu einer simplen Lösung. (Drohne, GPS)",,2026-07-20T06:58:01Z,,"Besuchen Sie Golem.de wie gewohnt mit Werbung und Tracking,
 indem Sie der Nutzung aller Cookies zustimmen.
 Details zum Tracking finden Sie im Privacy Center.
Skript wurde nicht geladen. Informat… [+607 chars]",,de,'Ukraine'
https://www.tagesschau.de/wirtschaft/finanzen/marktberichte/marktbericht-dax-dow-jones-396.html,https://www.tagesschau.de/wirtschaft/finanzen/marktberichte/marktbericht-dax-dow-jones-396.html,0,www.tagesschau.de,Marktbericht: Schafft der DAX heute die Stabilisierung?,Nach tagelangen US-Angriffen auf Iran und Vergeltungsschlägen in der Region droht der Konflikt weiter außer Kontrolle zu geraten. Das treibt am Morgen die Ölpreise auf den höchsten Stand seit Juni.,https://images.tagesschau.de/image/b67c6b6d-ed89-46e7-9b57-495550086b8e/AAABn1pS1lI/AAABnSSvrFg/16x9-big/boerse-524.jpg?width=1280,2026-07-20T07:40:00Z,,"Stand: 20.07.2026 09:40 Uhr
Nach tagelangen US-Angriffen auf Iran und Vergeltungsschlägen in der Region droht der Konflikt weiter außer Kontrolle zu geraten. Das treibt am Morgen die Ölpreise auf de… [+4438 chars]",,de,'Inflation'
https://www.faz.net/aktuell/wirtschaft/auto-verkehr/elektroautos-seit-2020-deutlich-guenstiger-geworden-accg-201046389.html,https://www.faz.net/aktuell/wirtschaft/auto-verkehr/elektroautos-seit-2020-deutlich-guenstiger-geworden-accg-201046389.html,0,www.faz.net,Fraunhofer-Studie: Elektroautos seit 2020 deutlich günstiger geworden,"Die Listenpreise sind seit 2025 um fast ein Fünftel gesunken, geht aus einer neuen Auswertung hervor. Die Preise für Verbrenner haben demnach im gleichen Zeitraum leicht zugelegt.",https://media0.faz.net/image/w1200h627/9c0c9abcd613/w6000h3135x0y433o/202605/43601.0.2076894855/der-markt-fuer-elektroautos.webp,2026-07-20T08:10:41Z,,"Elektroautos sind in den vergangenen fünf Jahren deutlich günstiger geworden. Inflationsbereinigt sanken die Listenpreise von 2020 bis 2025 um 18 Prozent, wie eine Untersuchung des Fraunhofer-Institu… [+2699 chars]",,de,'Inflation'
https://www.zeit.de/mobilitaet/2026-07/elektroautos-preise-verbrenner-icct-fraunhofer-isi,https://www.zeit.de/mobilitaet/2026-07/elektroautos-preise-verbrenner-icct-fraunhofer-isi,0,www.zeit.de,Elektromobilität: Preise von E-Autos binnen fünf Jahren um 18 Prozent gesunken,Die Preise für Elektroautos sind zwischen 2020 und 2025 laut einer Studie um mehr als ein Sechstel zurückgegangen. Verbrenner wurden in dieser Zeit zwei Prozent teurer.,https://img.zeit.de/mobilitaet/2026-07/elektroautos-preise-verbrenner-icct-fraunhofer-isi-foto-1/wide__1300x731,2026-07-20T09:00:58Z,,Elektroautos sind in Deutschland zwischen 2020 und 2025 deutlich günstiger geworden. Das ist das Ergebnis einer Studie des International Council on Clean Transportation (ICCT) und des Fraunhofer-Inst… [+1035 chars],,de,'Preis'
https://www.zeit.de/news/2026-07/20/uwe-johnson-preis-geht-an-ingo-schulze,https://www.zeit.de/news/2026-07/20/uwe-johnson-preis-geht-an-ingo-schulze,0,www.zeit.de,Auszeichnungen: Uwe-Johnson-Preis geht an Ingo Schulze,Hier finden Sie Informationen zu dem Thema „Auszeichnungen“. Lesen Sie jetzt „Uwe-Johnson-Preis geht an Ingo Schulze“.,https://img.zeit.de/news/2026-07/20/uwe-johnson-preis-geht-an-ingo-schulze-image-group/wide__1300x731,2026-07-20T09:11:50Z,,Der Schriftsteller Ingo Schulze erhält für seinen neuen Roman «Das Wasser im August» den mit 20.000 Euro dotierten Uwe-Johnson-Preis 2026. Die fünfköpfige Jury des seit 1994 verliehenen Preises wählt… [+1813 chars],,de,'Preis'
https://www.sueddeutsche.de/wirtschaft/mieten-grossstaedte-inflation-li.3518516,https://www.sueddeutsche.de/wirtschaft/mieten-grossstaedte-inflation-li.3518516,0,www.sueddeutsche.de,Wohnen: Mieten steigen deutlich stärker als die Inflation,"Studie zeigt Mietenanstieg von 4 % im zweiten Quartal, besonders in Großstädten mit Ausnahme von Metropolen. Kaufpreise für Immobilien steigen moderat.",https://www.sueddeutsche.de/2026/07/20/21c68282-5144-4a06-835d-746ec4fbee51.jpg?q=60&fm=webp&width=1200&rect=0%2C226%2C4000%2C2250,2026-07-20T09:37:38Z,,"Besonders kräftig fällt die Entwicklung derzeit in den Großstädten außerhalb der größten Metropolen aus, erklärten die Autoren Pekka Sagner und Michael Voigtländer. Hier habe der Zuwachs bei 4,9 Proz… [+2658 chars]",,de,'Inflation'
https://www.zeit.de/news/2026-07/20/urteil-gegen-21-jaehrigen-nach-axt-angriff-in-ice,https://www.zeit.de/news/2026-07/20/urteil-gegen-21-jaehrigen-nach-axt-angriff-in-ice,0,www.zeit.de,Gerichtsverfahren: Urteil gegen 21-Jährigen nach Axt-Angriff in ICE,Hier finden Sie Informationen zu dem Thema „Gerichtsverfahren“. Lesen Sie jetzt „Urteil gegen 21-Jährigen nach Axt-Angriff in ICE“.,https://img.zeit.de/news/2026-07/20/urteil-gegen-21-jaehrigen-nach-axt-angriff-in-ice-image-group/wide__1300x731,2026-07-20T10:50:22Z,,"Weil er vor gut einem Jahr im Wahn mehrere Reisende in einem ICE in Niederbayern mit einer Axt angegriffen hat, ist für einen 21-Jährigen die Unterbringung in einer psychiatrischen Klinik angeordnet … [+1343 chars]",,de,'Angriff'
https://www.morgenpost.de/ratgeber-wissen/finanzen/article409580553/goldpreis-aktuell-kurs-dreht-wichtiger-faktor-jetzt-2007.html,https://www.morgenpost.de/ratgeber-wissen/finanzen/article409580553/goldpreis-aktuell-kurs-dreht-wichtiger-faktor-jetzt-2007.html,0,www.morgenpost.de,Goldpreis aktuell: Kurs dreht – Experte nennt wichtigen Faktor,"Wie hoch ist der Goldpreis aktuell? Der Kurs steigt heute leicht. Was das Edelmetall in Euro kostet und welcher Preistreiber den Kurs beeinflusst, lesen Sie hier.",https://img.sparknews.funkemedien.de/412516951/412516951_1783497285_v16_9_1600.jpeg,2026-07-20T11:46:00Z,,"Seit Jahresbeginn notiert der Goldpreis im Minus, im Tagesvergleich zeigt sich jedoch ein leichter Aufwärtstrend. Eine Umfrage des Edelmetallhändlers Bullionvault zeigt, dass Anleger die Geldpolitik … [+6992 chars]",,de,'Preis'
https://www.golem.de/sonstiges/zustimmung/auswahl.html?from=https://www.golem.de/news/anzeige-anker-powerbank-mit-magsafe-und-qi-charging-zum-jahrestiefstpreis-2607-211066.html&referer=https://t.co/a307161090,https://www.golem.de/sonstiges/zustimmung/auswahl.html?from=https://www.golem.de/news/anzeige-anker-powerbank-mit-magsafe-und-qi-charging-zum-jahrestiefstpreis-2607-211066.html&referer=https://t.co/a307161090,0,www.golem.de,Anzeige: Anker-Powerbank mit MagSafe und Qi-Charging zum Jahrestiefstpreis,"Lädt mit und ohne Kabel: Die Anker MagGo Powerbank ist bei Amazon wieder zum niedrigsten Preis des Jahres im Angebot. (Technik/Hardware, Amazon)",,2026-07-20T12:40:02Z,,"Besuchen Sie Golem.de wie gewohnt mit Werbung und Tracking,
 indem Sie der Nutzung aller Cookies zustimmen.
 Details zum Tracking finden Sie im Privacy Center.
Skript wurde nicht geladen. Informat… [+607 chars]",,de,'Preis'
https://www.zeit.de/news/2026-07/20/frau-nach-angriff-von-ehemann-notoperiert,https://www.zeit.de/news/2026-07/20/frau-nach-angriff-von-ehemann-notoperiert,0,www.zeit.de,Kriminalität: Frau nach Angriff von Ehemann notoperiert,Hier finden Sie Informationen zu dem Thema „Kriminalität“. Lesen Sie jetzt „Frau nach Angriff von Ehemann notoperiert“.,https://img.zeit.de/news/2026-07/20/frau-nach-angriff-von-ehemann-notoperiert-image-group/wide__1300x731,2026-07-20T12:54:57Z,,"Eine 30 Jahre alte Frau ist nach einem mutmaßlichen Angriff ihres Ehemanns in Saarbrücken notoperiert worden. Der Tatverdächtige befinde sich weiterhin in Untersuchungshaft, teilte ein Sprecher der S… [+1063 chars]",,de,'Angriff'
https://www.zeit.de/news/2026-07/20/29-jaehriger-beisst-zugbegleiter-nach-ticketkontrolle,https://www.zeit.de/news/2026-07/20/29-jaehriger-beisst-zugbegleiter-nach-ticketkontrolle,0,www.zeit.de,Angriff: 29-Jähriger beißt Zugbegleiter nach Ticketkontrolle,Hier finden Sie Informationen zu dem Thema „Angriff“. Lesen Sie jetzt „29-Jähriger beißt Zugbegleiter nach Ticketkontrolle“.,https://img.zeit.de/news/2026-07/20/29-jaehriger-beisst-zugbegleiter-nach-ticketkontrolle-image-group/wide__1300x731,2026-07-20T13:11:18Z,,"Bei einer Fahrscheinkontrolle in einem Regionalexpress hat ein 29-jähriger Mann einen Zugbegleiter gekratzt und gebissen. Gegen ihn wurden Strafverfahren wegen Körperverletzung, Betrugs und falscher … [+837 chars]",,de,'Angriff'
https://www.zeit.de/politik/ausland/2026-07/huthi-jemen-seeblockade-saudi-arabien-bab-al-mandab,https://www.zeit.de/politik/ausland/2026-07/huthi-jemen-seeblockade-saudi-arabien-bab-al-mandab,0,www.zeit.de,Huthi-Miliz im Jemen: Huthis verhängen Seeblockade gegen Saudi-Arabien,Neben der Straße von Hormus könnte eine zweite Meerenge zum Problem für die Schifffahrt von und nach Saudi-Arabien werden: Die Huthi-Miliz hat eine Seeblockade verkündet.,https://img.zeit.de/politik/ausland/2026-07/huthi-jemen-seeblockade-saudi-arabien-bab-al-mandab-foto-1/wide__1300x731,2026-07-20T13:37:58Z,,"Die mit dem Iran verbündete Huthi-Miliz im Jemen hat eine Seeblockade gegen Saudi-Arabien verkündet. Jahja Sari, ein Sprecher der Huthis, teilte per Video mit, die Blockade trete mit sofortiger Wirku… [+1159 chars]",,de,'Hormus'
https://www.zeit.de/news/2026-07/20/obduktionsergebnis-helfer-starb-durch-tiger-angriff,https://www.zeit.de/news/2026-07/20/obduktionsergebnis-helfer-starb-durch-tiger-angriff,0,www.zeit.de,Notfälle: Obduktionsergebnis: Helfer starb durch Tiger-Angriff,Hier finden Sie Informationen zu dem Thema „Notfälle“. Lesen Sie jetzt „Obduktionsergebnis: Helfer starb durch Tiger-Angriff“.,https://img.zeit.de/news/2026-07/20/obduktionsergebnis-helfer-starb-durch-tiger-angriff-image-group/wide__1300x731,2026-07-20T15:16:27Z,,"Der Tod eines Mannes nach einem Tiger-Ausbruch bei Leipzig ist auf die schweren Verletzungen zurückzuführen, die der 72-Jährige bei der Attacke der Raubkatze erlitten hatte. Das hat die Obduktion des… [+1132 chars]",,de,'Angriff'
https://www.morgenpost.de/politik/article412152244/iran-krieg-news-aktuell-live-trump-angriff-tod-us-soldat-verrgeltung-rache.html,https://www.morgenpost.de/politik/article412152244/iran-krieg-news-aktuell-live-trump-angriff-tod-us-soldat-verrgeltung-rache.html,0,www.morgenpost.de,Trump droht Iran nach Tod von US-Soldaten: „Wird um ein Vielfaches bezahlen“,US-Präsident Trump reagiert auf den Tod dreier US-Soldaten mit einer scharfen Drohung gegen den Iran. News zum Krieg im Blog.,https://img.sparknews.funkemedien.de/412632706/412632706_1784570043_v16_9_1600.jpeg,2026-07-20T17:54:04Z,,"US-Präsident Donald Trump hat die jüngsten Angriffe des amerikanischen Militärs auf Ziele im Iran mit dem Tod mehrerer US-Soldaten in der Region begründet. ""Diese großartigen Menschen, diese großarti… [+961 chars]",,de,'Iran'
https://www.welt.de/politik/ausland/video6a5e43053d7c8c257075ec64/nach-ruecktritt-von-starmer-im-moment-kommt-es-sehr-auf-burnhams-rhetorik-und-seine-reden-an.html,https://www.welt.de/politik/ausland/video6a5e43053d7c8c257075ec64/nach-ruecktritt-von-starmer-im-moment-kommt-es-sehr-auf-burnhams-rhetorik-und-seine-reden-an.html,0,www.welt.de,„Im Moment kommt es sehr auf Burnhams Rhetorik und seine Reden an“,"Andy Burnham steht als neuer britischer Regierungschef vor großen Herausforderungen: Er muss den Lebensstandard verbessern, die hohen Energiekosten senken und die Partei einen. „Wenn die Inflation nicht sinkt, wird es schwierig“, sagt Annabel Denham, leitende…",https://images.welt.de/6a5e43053d7c8c257075ec64/b17636a0028e5c669b943fc9a695ef3b/ci16x9-w1200/gyi-2286921767-jpg,2026-07-20T18:06:03Z,,"Andy Burnham steht als neuer britischer Regierungschef vor großen Herausforderungen: Er muss den Lebensstandard verbessern, die hohen Energiekosten senken und die Partei einen. Wenn die Inflation nic… [+157 chars]",,de,'Inflation'
https://www.bild.de/politik/ausland-und-internationales/nach-schweren-angriffen-der-usa-irans-praesident-spricht-von-totalem-krieg-6a5e69eedde33743432a7570,https://www.bild.de/politik/ausland-und-internationales/nach-schweren-angriffen-der-usa-irans-praesident-spricht-von-totalem-krieg-6a5e69eedde33743432a7570,0,www.bild.de,Nach schweren US-Angriffen - Irans Präsident spricht von „totalem Krieg“,"Die Lage im Nahen Osten eskaliert immer weiter! Irans Präsident Peseschkian spricht von einem „totalen Krieg“, in dem sich sein Land mit den USA befinde.","https://images.bild.de/6a5e69eedde33743432a7570/d30edfdd4a28a38df0ed40a5a087d592,251d3c3b?w=1280",2026-07-20T19:09:25Z,,TTS-Player überspringenArtikel weiterlesenTeheran Die Lage im Nahen Osten eskaliert immer weiter! Nach der neunten Nacht in Folge mit schweren US-Luftangriffen wählt der Präsident des Iran drastische… [+1966 chars],,de,'Hormus'
https://orf.at/stories/3436779/,https://orf.at/stories/3436779/,0,orf.at,Neue US-Angriffe gegen Iran,,https://orf.at/mojo/1_4_1/storyserver//news/common/images/og-fallback-news.png,2026-07-20T20:57:09Z,,"Das US-Militär hat eine neue Angriffswelle gegen den Iran begonnen. Die heute gestarteten Angriffe zielten darauf ab, die militärischen Mittel des Iran, Handelsschiffe in der Straße von Hormus attack… [+1134 chars]",,de,'Angriff'
https://www.faz.net/aktuell/politik/ausland/liveblog-irankrieg-us-militaer-greift-iran-in-zehnter-nacht-in-folge-an-faz-200583539.html,https://www.faz.net/aktuell/politik/ausland/liveblog-irankrieg-us-militaer-greift-iran-in-zehnter-nacht-in-folge-an-faz-200583539.html,0,www.faz.net,Liveblog Irankrieg: US-Militär greift Iran in zehnter Nacht in Folge an,Teheran hatte zuvor Vergeltungsschläge in der Region ausgeführt +++ Trump: Angriffe „zu Ehren“ getöteter Soldaten +++ Revolutionsgarden: Öltanker in der Straße von Hormus gesprengt +++ alle Entwicklungen im Liveblog,https://media0.faz.net/image/w1200h627/39a9732cb6b1/w3814h1992x0y79o/202607/43601.0.2353084029/rauch-steigt-nach-einer.webp,2026-07-20T21:11:19Z,,"Die im Zuge des Irankriegs angespannte Lage am Ölpreismarkt verschärfte sich am Montag nochmal, nachdem die Huthi-Rebellen im Jemen eine Seeblockade gegen Saudi-Arabien angekündigt haben. Eine entspr… [+1348 chars]",,de,'Hormus'
https://www.welt.de/politik/ausland/article6a5e959385fbf0a2ffee432a/krieg-im-nahen-osten-zehnte-nacht-in-folge-mit-us-angriffen-vermittler-unterbreiten-vorschlag-fuer-waffenruhe.html,https://www.welt.de/politik/ausland/article6a5e959385fbf0a2ffee432a/krieg-im-nahen-osten-zehnte-nacht-in-folge-mit-us-angriffen-vermittler-unterbreiten-vorschlag-fuer-waffenruhe.html,0,www.welt.de,Zehnte Nacht in Folge mit US-Angriffen – Vermittler unterbreiten offenbar Vorschlag für Waffenruhe,"Erneut haben die USA eine Angriffswelle auf den Iran durchgeführt. Die iranische Armee hat einen US-Stützpunkt in Kuwait angegriffen. Katar, Ägypten, Pakistan und andere regionale Vermittler unterbreiten laut eines Medienberichts einen Vorschlag für eine zehn…",https://images.welt.de/6a5e959385fbf0a2ffee432a/9d3a0e0db953a42f708777985c8f561c/ci16x9-w1200/dpa-com-20090101-260306-99-745075-jpg,2026-07-20T21:59:42Z,,"Erneut haben die USA eine Angriffswelle auf den Iran durchgeführt. Die iranische Armee hat einen US-Stützpunkt in Kuwait angegriffen. Katar, Ägypten, Pakistan und andere regionale Vermittler unterbre… [+4344 chars]",,de,'Iran'
https://www.welt.de/politik/ausland/article6a5e959385fbf0a2ffee432a/krieg-im-nahen-osten-zehnte-nacht-in-folge-mit-us-angriffen-trump-schwoert-rache-fuer-getoetete-soldaten.html,https://www.welt.de/politik/ausland/article6a5e959385fbf0a2ffee432a/krieg-im-nahen-osten-zehnte-nacht-in-folge-mit-us-angriffen-trump-schwoert-rache-fuer-getoetete-soldaten.html,0,www.welt.de,Zehnte Nacht in Folge mit US-Angriffen – Trump schwört Rache für getötete Soldaten,"Erneut läuft eine US-Angriffswelle auf den Iran. Unterdessen kündigt Donald Trumps Sprecherin an, dass der US-Präsident zur Ankunft der sterblichen Überreste dreier getöteter Soldaten reisen wird.",https://images.welt.de/6a5e959385fbf0a2ffee432a/9d3a0e0db953a42f708777985c8f561c/ci16x9-w1200/dpa-com-20090101-260306-99-745075-jpg,2026-07-20T21:59:42Z,,"Erneut läuft eine US-Angriffswelle auf den Iran. Unterdessen kündigt Donald Trumps Sprecherin an, dass der US-Präsident zur Ankunft der sterblichen Überreste dreier getöteter Soldaten reisen wird.Die… [+2660 chars]",,de,'Hormus'
https://www.n-tv.de/politik/Erneuter-Tanker-Beschuss-in-der-Strasse-von-Hormus-id31107094.html,https://www.n-tv.de/politik/Erneuter-Tanker-Beschuss-in-der-Strasse-von-Hormus-id31107094.html,0,www.n-tv.de,US-Armee fliegt Luftangriffe: Erneuter Tanker-Beschuss in der Straße von Hormus,"In der Straße von Hormus gerät erneut ein Tanker unter Beschuss. Der Iran pocht darauf, dass Schiffe eine von Teheran festgelegte Route nehmen. Derweil bombardiert die US-Armee erneut Ziele in der Islamischen Republik.",https://www.n-tv.de/img/31107093/1784600412/Img_16_9/1200/Three-boys-play-in-the-shallow-waters-of-the-Strait-of-Hormuz-as-a-plume-of-smoke-rises-from-an-explosion-in-the-background-off-Bandar-Abbas-Iran-Monday-July-13-2026.jpg,2026-07-21T00:23:10Z,,"US-Armee fliegt LuftangriffeErneuter Tanker-Beschuss in der Straße von Hormus 
Die Straße von Hormus bleibt umkämpft. (Foto: AP Photo/Razieh Poudat)
In der Straße von Hormus gerät erneut ein Tanker… [+2544 chars]",,de,'Hormus'
https://www.zeit.de/news/2026-07/21/vermittler-wollen-neue-waffenruhe-im-iran-krieg,https://www.zeit.de/news/2026-07/21/vermittler-wollen-neue-waffenruhe-im-iran-krieg,0,www.zeit.de,Die Lage im Überblick: Vermittler wollen neue Waffenruhe im Iran-Krieg,Hier finden Sie Informationen zu dem Thema „Die Lage im Überblick“. Lesen Sie jetzt „Vermittler wollen neue Waffenruhe im Iran-Krieg“.,https://img.zeit.de/news/2026-07/21/vermittler-wollen-neue-waffenruhe-im-iran-krieg-image-group/wide__1300x731,2026-07-21T03:39:39Z,,"Während die Militärschläge der USA im Iran seit nunmehr zehn Nächten andauern, bemühen sich die Vermittler Berichten zufolge um eine neue Waffenruhe. Katar, Ägypten, Pakistan und andere regionale Ver… [+5274 chars]",,de,'Iran'
https://www.tagesspiegel.de/internationales/die-lage-im-uberblick-vermittler-wollen-neue-waffenruhe-im-iran-krieg-15860138.html,https://www.tagesspiegel.de/internationales/die-lage-im-uberblick-vermittler-wollen-neue-waffenruhe-im-iran-krieg-15860138.html,0,www.tagesspiegel.de,Die Lage im Überblick: Vermittler wollen neue Waffenruhe im Iran-Krieg,Militärschläge und diplomatische Initiativen laufen parallel. Wird es eine neue Waffenruhe im Iran-Krieg geben oder spitzt sich der Konflikt weiter zu? Es geht dabei auch um einen anderen Konflikt.,https://www.tagesspiegel.de/images/15860137/alternates/BASE_16_9_W1400/1784605281000/iran-krieg.jpeg,2026-07-21T03:41:21Z,,"Während die Militärschläge der USA im Iran seit nunmehr zehn Nächten andauern, bemühen sich die Vermittler Berichten zufolge um eine neue Waffenruhe. Katar, Ägypten, Pakistan und andere regionale Ver… [+5316 chars]",,de,'Hormus'
https://www.derstandard.at/story/3000000332239/iran-us-milit228r-angriffswelle-beendet,https://www.derstandard.at/story/3000000332239/iran-us-milit228r-angriffswelle-beendet,0,www.derstandard.at,Zehnte Nacht in Folge: USA führten erneute Angriffswelle gegen Iran aus,Das US-Militär hat es eigenen Angaben zufolge auf iranische Startanlagen für Drohnen und Raketen abgesehen. In der Straße von Hormus gerieten zwei Schiffe in Brand,https://i.ds.at/9GJwlA/rs:fill:1200:600/plain/lido-images/2026/07/21/ae3167c2-75fd-43fc-9d0c-0a4adb8be565.jpg,2026-07-21T03:47:00Z,,"Das US-Militär veröffentlichte Bilder von Explosionen. Die genaue Location ist unklar.
via REUTERS/U.S. Central Command
Teheran Das US-Militär hat eigenen Angaben zufolge nach fünf Stunden seine ne… [+782 chars]",,de,'Iran'
https://www.zeit.de/wissenschaft/2026-07/elektromobilitaet-hybrid-emissionen-lobby-bundesregierung-krisenpodcast,https://www.zeit.de/wissenschaft/2026-07/elektromobilitaet-hybrid-emissionen-lobby-bundesregierung-krisenpodcast,0,www.zeit.de,Elektromobilität: Die dreckige Wahrheit über Hybrid-SUVs,"Der Verkehr ist das große Sorgenkind beim Klimaschutz. Experte Sebastian Bock erklärt, warum nicht alles taugt, was staatlich gefördert wird. Bestes Beispiel: Hybrid-Pkw",https://img.zeit.de/wissenschaft/2026-07/elektromobilitaet-hybrid-emissionen-lobby-bundesregierung-krisenpodcast-bild/wide__1300x731,2026-07-21T04:00:09Z,,Schwere Hybrid-Pkw sind deutlich weniger klimaschonend als ihr Ruf. Teilweise verbrauchen sie ein Mehrfaches der angegebenen Spritmenge und stoßen entsprechend viel CO aus. Die gemeinnützige Organisa… [+1860 chars],,de,'Klima'
https://www.tagesschau.de/ausland/asien/iran-krieg-angriffe-104.html,https://www.tagesschau.de/ausland/asien/iran-krieg-angriffe-104.html,0,www.tagesschau.de,US-Militär bombadiert Iran die zehnte Nacht infolge,Statt Waffenruhe nun die zehnte Nacht in Folge schwere Angriffe: Die USA haben wieder Iran bombardiert. Die Islamische Republik griff ihrerseits Ziele in Kuwait an. Auch ein Tanker wurde getroffen. US-Präsident Trump droht mit Vergeltung.,https://images.tagesschau.de/image/fd3cc969-ff80-4223-b5e0-221ca9b5cca4/AAABn4LsN80/AAABnSSvrFg/16x9-big/iran-1274.jpg?width=1280,2026-07-21T04:07:36Z,,"Stand: 21.07.2026 06:30 Uhr
Statt Waffenruhe nun die zehnte Nacht in Folge schwere Angriffe: Die USA haben wieder Iran bombardiert. Die Islamische Republik griff ihrerseits Ziele in Kuwait an. Auch … [+3789 chars]",,de,'Waffen'
https://www.morgenpost.de/politik/article412152244/iran-krieg-news-aktuell-live-trump-angriff-tod-soldat-rache-hormus-tanker.html,https://www.morgenpost.de/politik/article412152244/iran-krieg-news-aktuell-live-trump-angriff-tod-soldat-rache-hormus-tanker.html,0,www.morgenpost.de,Neue Trump-Drohungen gegen Iran – Tanker in der Straße von Hormus beschossen,US-Präsident Trump reagiert auf den Tod dreier US-Soldaten mit einer scharfen Drohung gegen den Iran. Die News zum Krieg im Blog.,https://img.sparknews.funkemedien.de/412633184/412633184_1784607516_v16_9_1600.jpeg,2026-07-21T04:18:37Z,,"US-Präsident Donald Trump hat die jüngsten Angriffe des amerikanischen Militärs auf Ziele im Iran mit dem Tod mehrerer US-Soldaten in der Region begründet. ""Diese großartigen Menschen, diese großarti… [+961 chars]",,de,'Hormus'
https://www.focus.de/politik/explosionen-im-iran-unbekanntes-geschoss-trifft-tanker_2b7b426b-f062-4fc1-9c7f-0203dcc482a8.html,https://www.focus.de/politik/explosionen-im-iran-unbekanntes-geschoss-trifft-tanker_2b7b426b-f062-4fc1-9c7f-0203dcc482a8.html,0,www.focus.de,Explosionen im Iran – „unbekanntes Geschoss” trifft Tanker,Die USA und der Iran schießen Raketen. In Jordanien sind bei einem iranischen Drohnenangriff zwei US-Soldaten gestorben. Alle Entwicklungen im Liveticker.,"https://quadro.burda-forward.de/ctf/05026a0d-4a46-4cba-bf32-d0045570e655.cb401e2f-58e4-480f-8f63-93f75e5401dc.jpg?im=RegionOfInterestCrop=(1200,630),regionOfInterest=(2345,1501)&hash=58a40a76630069580a8d4500f9815fe67d822d2b34dddfcdf910d7a6e0fc6e79",2026-07-21T04:44:00Z,,"US-Militär: Angriffswelle gegen Iran beendet
Das US-Militär hat eigenen Angaben zufolge nach fünf Stunden seine neuesten Angriffe gegen den Iran beendet. 
Ziel seien militärische Einrichtungen gewe… [+4827 chars]",,de,'Hormus'
https://www.focus.de/politik/ausland/zehnte-nacht-in-folge-us-streitkraefte-veroeffentlichen-luftangriffs-videos-auf-iran_7401b207-7ccf-4c52-b6c0-74c5db45cb74.html,https://www.focus.de/politik/ausland/zehnte-nacht-in-folge-us-streitkraefte-veroeffentlichen-luftangriffs-videos-auf-iran_7401b207-7ccf-4c52-b6c0-74c5db45cb74.html,0,www.focus.de,Zehnte Nacht in Folge: US-Streitkräfte veröffentlichen Luftangriffs-Videos auf Iran,Die US-Streitkräfte haben nach eigenen Angaben in der zehnten Nacht in Folge Ziele im Iran angegriffen und dazu neue Videos der Einsätze veröffentlicht.,"https://quadro.burda-forward.de/ctf/8134301d-4fd4-4bc9-aa66-4d229e6c15e2.5b6e99dc-7404-4744-b486-018fbc0d19d3.png?im=RegionOfInterestCrop=(1200,630),regionOfInterest=(1675,1029)&hash=d4707096e4f1d3b38dc77d5fd3c90e1599bca5be3c73bf0b903ff77fbc81e267",2026-07-21T05:00:00Z,,"Das geht aus einer Mitteilung des US-Zentralkommandos (Centcom) hervor. Demnach richteten sich die jüngsten Luftschläge gegen militärische Kommandozentralen, Raketen- und Drohnenabschussstellungen, L… [+741 chars]",,de,'Hormus'
https://www.focus.de/immobilien/wohnen/leere-gasspeicher-vor-dem-winter-werden-zum-problem-fuer-versorger_b5b8e425-eb95-47db-839a-76ba7a1b5452.html,https://www.focus.de/immobilien/wohnen/leere-gasspeicher-vor-dem-winter-werden-zum-problem-fuer-versorger_b5b8e425-eb95-47db-839a-76ba7a1b5452.html,0,www.focus.de,Leere Gasspeicher vor dem Winter werden zum Problem für Versorger,"Seit der Iran die Straße von Hormus wieder blockiert, steigen die Gaspreise stärker als die Ölpreise. Für Verbraucher kann das ein Problem bedeuten.","https://quadro.burda-forward.de/ctf/15b1743d-a334-4b16-8012-2a383d3ad7e3.a5c2761d-4718-4bf5-bc27-f14436c32dd8.jpg?im=RegionOfInterestCrop=(1200,630),regionOfInterest=(2056,1911)&hash=15212de0f2922121dd0033912fca1760b2fcf39387f1f1269e390abed2c31581",2026-07-21T05:09:00Z,,Um rund 20 Prozent sind die europäischen Gaspreise am niederländischen Handelspunkt TTF seit Ende Juni gestiegen. Allein in den vergangenen Tagen schossen sie um fünf Euro pro Megawattstunde nach obe… [+4033 chars],,de,'Iran'
https://www.faz.net/aktuell/politik/ausland/liveblog-irankrieg-us-militaer-bombadiert-iran-die-zehnte-nacht-in-folge-faz-200583539.html,https://www.faz.net/aktuell/politik/ausland/liveblog-irankrieg-us-militaer-bombadiert-iran-die-zehnte-nacht-in-folge-faz-200583539.html,0,www.faz.net,Liveblog Irankrieg: US-Militär bombardiert Iran die zehnte Nacht in Folge,Angriffswelle dauerte fünf Stunden +++ Berichte: Vermittler wollen neue Waffenruhe +++ Tanker in Straße von Hormus getroffen +++ alle Entwicklungen im Liveblog,https://media0.faz.net/image/w1200h627/39a9732cb6b1/w3814h1992x0y79o/202607/43601.0.2353084029/rauch-steigt-nach-einer.webp,2026-07-21T05:52:12Z,,"Während die Militärschläge der USA in Iran seit nunmehr zehn Nächten andauern, bemühen sich die Vermittler Berichten zufolge um eine neue Waffenruhe. Qatar, Ägypten, Pakistan und andere regionale Ver… [+654 chars]",,de,'Hormus'
https://www.bild.de/news/ausland/nach-attacke-auf-oeltanker-usa-greifen-den-iran-in-der-zehnten-nacht-in-folge-an-6a5f08c53d7c8c257075f7bd,https://www.bild.de/news/ausland/nach-attacke-auf-oeltanker-usa-greifen-den-iran-in-der-zehnten-nacht-in-folge-an-6a5f08c53d7c8c257075f7bd,0,www.bild.de,Nach Attacke auf Öltanker - USA greifen den Iran in der 10. Nacht in Folge an,Die USA greifen den Iran auch in der zehnten Nacht in Folge an – gleichzeitig spitzt sich die Lage in der Straße von Hormus weiter zu.,"https://images.bild.de/6a5f08c53d7c8c257075f7bd/02f348783cf40da897e117aef9ecb32d,5485bb63?w=1280",2026-07-21T06:34:58Z,,"Mehr zum Video anzeigen 
Die USA greifen den Iran auch in der zehnten Nacht in Folge an gleichzeitig spitzt sich die Lage in der Straße von Hormus weiter zu.
Quelle: X_@CENTCOM X_@fines7x The Visib… [+38 chars]",,de,'Iran'
https://www.zeit.de/wirtschaft/2026-07/digitalisierung-umwelt-kuenstliche-intelligenz-klimaschaden-emissionshandel,https://www.zeit.de/wirtschaft/2026-07/digitalisierung-umwelt-kuenstliche-intelligenz-klimaschaden-emissionshandel,0,www.zeit.de,Digitalisierung und Umwelt: Die KI wird ein Ökokiller,"Die Nutzung künstlicher Intelligenz droht den Planeten zu zerstören, wenn sich nichts ändert, meint unser Gastautor. Diskutieren Sie jetzt live mit ihm!",https://img.zeit.de/wirtschaft/2026-07/digitalisierung-umwelt-kuenstliche-intelligenz-klimaschaden-emissionshandel-bild/wide__1300x731,2026-07-21T07:58:53Z,,"Der
Jurist und Rechtsphilosoph Felix Ekardt arbeitet als Leiter der Leipziger Forschungsstelle Nachhaltigkeit und Klimapolitik
sowie Professor an der Uni Rostock und forscht zu Politik, Recht und E… [+6356 chars]",,de,'Gas'
https://www.dw.com/de/donald-trump-strasse-von-hormus-kuwait-golfstaaten-iran-waffenruhe-angriffe-tanker/a-78045133,https://www.dw.com/de/donald-trump-strasse-von-hormus-kuwait-golfstaaten-iran-waffenruhe-angriffe-tanker/a-78045133,0,www.dw.com,Vermittler sind wieder aktiv: Neue Waffenruhe im Iran-Krieg?,"Militärschläge, verbale Drohungen und diplomatische Initiativen laufen parallel. Wird es eine neue Waffenruhe in den Angriffen zwischen den USA und dem Iran geben oder spitzt sich der Konflikt weiter zu?",https://static.dw.com/image/78042792_6.jpg,2026-07-21T08:51:00Z,,"Während die Militärschläge der USA im Iran seit inzwischen zehn Nächten andauern, bemühen sich Vermittler Berichten zufolge um eine neue Waffenruhe. Katar, Ägypten, Pakistan und andere regionale Länd… [+2792 chars]",,de,'Iran'
https://www.tagesspiegel.de/internationales/trumps-krieg-gegen-iran-noch-gibt-es-einen-grossen-unterschied-zu-vietnam-oder-afghanistan-15856792.html,https://www.tagesspiegel.de/internationales/trumps-krieg-gegen-iran-noch-gibt-es-einen-grossen-unterschied-zu-vietnam-oder-afghanistan-15856792.html,0,www.tagesspiegel.de,Trumps Krieg gegen Iran: „Noch gibt es einen großen Unterschied zu Vietnam oder Afghanistan“,"Seit Tagen bombardiert Amerika wieder Ziele im Iran. Teheran scheint das kaum zu beeindrucken, die Mullahs reagieren mit Vergeltungsschlägen. Militärexperte Max Mutschler empfiehlt den USA Diplomatie.",https://www.tagesspiegel.de/images/15860873/alternates/BASE_16_9_W1400/1784625048000/iran-krieg-arabisches-meer.jpeg,2026-07-21T09:49:18Z,,"Herr Mutschler, die USA überziehen den Iran seit Tagen mit Angriffen. Was bezweckt Amerikas Führung um Donald Trump damit?Letztendlich geht es wohl für beide Seiten darum, zu signalisieren, dass sie … [+5022 chars]",,de,'Iran'
https://www.zeit.de/news/2026-07/21/nach-angriff-in-trier-dobrindt-bekraeftigt-abschiebekurs,https://www.zeit.de/news/2026-07/21/nach-angriff-in-trier-dobrindt-bekraeftigt-abschiebekurs,0,www.zeit.de,Nach Tötungsdelikt: Nach Angriff in Trier: Dobrindt bekräftigt Abschiebekurs,Hier finden Sie Informationen zu dem Thema „Nach Tötungsdelikt“. Lesen Sie jetzt „Nach Angriff in Trier: Dobrindt bekräftigt Abschiebekurs“.,https://img.zeit.de/news/2026-07/21/nach-angriff-in-trier-dobrindt-bekraeftigt-abschiebekurs-image-group/wide__1300x731,2026-07-21T10:24:05Z,,"Bundesinnenminister Alexander Dobrindt hat nach dem tödlichen Angriff auf einen Studenten in Trier die Absicht bekräftigt, weiterhin Straftäter nach Afghanistan abzuschieben. «Ich halte das nach wie … [+1005 chars]",,de,'Angriff'
https://www.tagesspiegel.de/internationales/verwundete-us-soldaten-im-iran-krieg-pentagon-soll-die-eigenen-verluste-kleinrechnen-15861069.html,https://www.tagesspiegel.de/internationales/verwundete-us-soldaten-im-iran-krieg-pentagon-soll-die-eigenen-verluste-kleinrechnen-15861069.html,0,www.tagesspiegel.de,Verwundete US-Soldaten im Iran-Krieg: Pentagon soll die eigenen Verluste kleinrechnen,"Seit Ende der Waffenruhe haben iranische Angriffe die Verluste der US-Armee in die Höhe schnellen lassen. Medienberichten zufolge liegt die Zahl der Verwundeten höher, als die Trump-Regierung zunächst einräumt.",https://www.tagesspiegel.de/images/15385097/alternates/BASE_16_9_W1400/1774087151000/iran-krieg-usa.jpeg,2026-07-21T11:24:08Z,,Die Angriffe Irans auf amerikanische Basen in der Golfregion haben der US-Streitmacht schmerzhafte Verluste beschert. Drei Soldaten starben in der vergangenen Woche bei einem Raketenangriff auf einen… [+2414 chars],,de,'Angriff'
https://www.zeit.de/news/2026-07/21/eu-stellt-unterstuetzung-fuer-kunstbiennale-in-venedig-ein,https://www.zeit.de/news/2026-07/21/eu-stellt-unterstuetzung-fuer-kunstbiennale-in-venedig-ein,0,www.zeit.de,Wegen Russlands Teilnahme: EU stellt Unterstützung für Kunstbiennale in Venedig ein,Hier finden Sie Informationen zu dem Thema „Kunst und Krieg“. Lesen Sie jetzt „EU stellt Unterstützung für Kunstbiennale in Venedig ein“.,https://img.zeit.de/news/2026-07/21/eu-stellt-unterstuetzung-fuer-kunstbiennale-in-venedig-ein-image-group/wide__1300x731,2026-07-21T11:57:52Z,,Die EU stellt die Förderung der Kunstbiennale von Venedig wegen der umstrittenen Teilnahme Russlands ein. Die Europäische Exekutivagentur für Bildung und Kultur (EACEA) habe nach der rechtlichen Bewe… [+3276 chars],,de,'Russland'
https://www.zeit.de/politik/ausland/2026-07/biennale-venedig-eu-foerderung-russland,https://www.zeit.de/politik/ausland/2026-07/biennale-venedig-eu-foerderung-russland,0,www.zeit.de,Biennale von Venedig: EU stellt Unterstützung für Kunstbiennale in Venedig ein,Wegen der Teilnahme Russlands stellt die EU eine Finanzhilfe für die Biennale ein. Für die dort stattfindenden Ausstellungen waren zwei Millionen Euro zugesagt.,https://img.zeit.de/politik/ausland/2026-07/biennale-venedig-eu-foerderung-russland-foto-1/wide__1300x731,2026-07-21T12:39:29Z,,Die Europäische Union stellt ihre finanzielle Förderung der Kunstbiennale von Venedig ein. Grund ist die umstrittene Teilnahme Russlands an der traditionsreichen Kunstausstellung. Wie ein Sprecher de… [+683 chars],,de,'Russland'
https://www.zeit.de/news/2026-07/21/mann-mit-israel-anstecker-bei-angriff-schwer-verletzt,https://www.zeit.de/news/2026-07/21/mann-mit-israel-anstecker-bei-angriff-schwer-verletzt,0,www.zeit.de,Bei Würzburg: Mann mit Israel-Anstecker bei Angriff schwer verletzt,Hier finden Sie Informationen zu dem Thema „Bei Würzburg“. Lesen Sie jetzt „Mann mit Israel-Anstecker bei Angriff schwer verletzt“.,https://img.zeit.de/news/2026-07/21/mann-mit-israel-anstecker-bei-angriff-schwer-verletzt-image-group/wide__1300x731,2026-07-21T12:48:39Z,,Ein Mann mit einer Israelflagge am Revers ist in Unterfranken angegriffen und schwer verletzt worden. Man gehe von einer israelfeindlichen oder antisemitischen und islamistischen Motivation des 20 Ja… [+1850 chars],,de,'Angriff'
https://www.zeit.de/politik/deutschland/2026-07/antisemitismus-gewalttat-bayern-festnahme-20-jaehriger,https://www.zeit.de/politik/deutschland/2026-07/antisemitismus-gewalttat-bayern-festnahme-20-jaehriger,0,www.zeit.de,Antisemitische Gewalt: Mann mit Israel-Anstecker bei Angriff schwer verletzt,Ein Mitglied der Deutsch-Israelischen Gesellschaft wurde in Höchberg bei Würzburg angegriffen und schwer verletzt. Er trug einen Anstecker mit israelischer Flagge.,https://img.zeit.de/politik/deutschland/2026-07/antisemitismus-gewalttat-bayern-festnahme-20-jaehriger-foto-1/wide__1300x731,2026-07-21T12:58:32Z,,Ein Mann mit einer Israelflagge am Revers ist in Unterfranken angegriffen und schwer verletzt worden. Man gehe von einer israelfeindlichen oder antisemitischen und islamistischen Motivation des 20 Ja… [+1599 chars],,de,'Angriff'
https://www.zeit.de/news/2026-07/21/point-alpha-preis-fuer-frueheren-us-general-ben-hodges,https://www.zeit.de/news/2026-07/21/point-alpha-preis-fuer-frueheren-us-general-ben-hodges,0,www.zeit.de,Würdigung: Point-Alpha-Preis für früheren US-General Ben Hodges,Hier finden Sie Informationen zu dem Thema „Würdigung“. Lesen Sie jetzt „Point-Alpha-Preis für früheren US-General Ben Hodges“.,https://img.zeit.de/news/2026-07/21/point-alpha-preis-fuer-frueheren-us-general-ben-hodges-image-group/wide__1300x731,2026-07-21T12:59:29Z,,Der frühere US-General Frederick Benjamin «Ben» Hodges erhält den Point-Alpha-Preis. Er soll damit für seine Verdienste um die deutsche und europäische Einigung in Frieden und Freiheit geehrt werden.… [+2014 chars],,de,'Preis'
https://www.golem.de/sonstiges/zustimmung/auswahl.html?from=https://www.golem.de/news/anzeige-besteller-soundbar-mit-dolby-atmos-und-340-w-soll-nur-129-98-euro-kosten-2607-211124.html&referer=https://t.co/d28990baf7,https://www.golem.de/sonstiges/zustimmung/auswahl.html?from=https://www.golem.de/news/anzeige-besteller-soundbar-mit-dolby-atmos-und-340-w-soll-nur-129-98-euro-kosten-2607-211124.html&referer=https://t.co/d28990baf7,0,www.golem.de,"Anzeige: Besteller-Soundbar mit Dolby Atmos und 340 W soll nur 129,98 Euro kosten","Bei Amazon wird derzeit die Bestseller-Soundbar mit Dolby Atmos und 340 Watt Leistungsangabe im befristeten Angebot verkauft. Zeit, mal genauer hinzuhören, was man für den Preis bekommt. (Soundbar, Amazon)",,2026-07-21T14:25:02Z,,"Besuchen Sie Golem.de wie gewohnt mit Werbung und Tracking,
 indem Sie der Nutzung aller Cookies zustimmen.
 Details zum Tracking finden Sie im Privacy Center.
Skript wurde nicht geladen. Informat… [+607 chars]",,de,'Preis'
https://www.zeit.de/news/2026-07/21/zu-wenig-konsum-wird-wuerttemberger-wein-zu-putzmittel,https://www.zeit.de/news/2026-07/21/zu-wenig-konsum-wird-wuerttemberger-wein-zu-putzmittel,0,www.zeit.de,Krisendestillation: Zu wenig Konsum - Wird Württemberger Wein zu Putzmittel?,Hier finden Sie Informationen zu dem Thema „Krisendestillation“. Lesen Sie jetzt „Zu wenig Konsum - Wird Württemberger Wein zu Putzmittel?“.,https://img.zeit.de/news/2026-07/21/zu-wenig-konsum-wird-wuerttemberger-wein-zu-putzmittel-image-group/wide__1300x731,2026-07-21T14:30:12Z,,"Weil zu viel Wein auf dem Markt ist, sollen Winzer aus Württemberg ihre überschüssigen Mengen künftig auch zu Industriealkohol weiterverarbeiten können. Einer entsprechenden Marktintervention habe di… [+1566 chars]",,de,'Inflation'
https://www.nzz.ch/international/iran-eroeffnen-die-huthi-jetzt-eine-zweite-front-am-roten-meer-ld.10016333,https://www.nzz.ch/international/iran-eroeffnen-die-huthi-jetzt-eine-zweite-front-am-roten-meer-ld.10016333,0,www.nzz.ch,Die Huthi drohen mit einer Seeblockade: Eröffnet Iran eine zweite Front am Roten Meer?,Die islamistische Miliz reagiert damit auf Angriffe Saudiarabiens in der jemenitischen Hauptstadt Sanaa. Die Eskalation könnte die Weltwirtschaft in eine noch tiefere Krise stürzen.,"https://img-msp-prod.nzz.ch/2026/07/21/b11f57c5-c376-4757-a850-6a14398ffd15.jpg?width=1200&height=675&fit=bounds&quality=75&auto=webp&crop=6000,3375,x0,y153&wmark=nzz",2026-07-21T14:44:26Z,,"Die islamistische Miliz reagiert damit auf Angriffe Saudiarabiens in der jemenitischen Hauptstadt Sanaa. Die Eskalation könnte die Weltwirtschaft in eine noch tiefere Krise stürzen.
Zusammenfassung… [+6203 chars]",,de,'Iran'
https://www.faz.net/aktuell/feuilleton/kunst-und-architektur/wegen-teilnahme-russlands-eu-stellt-foerderung-der-biennale-ein-201051418.html,https://www.faz.net/aktuell/feuilleton/kunst-und-architektur/wegen-teilnahme-russlands-eu-stellt-foerderung-der-biennale-ein-201051418.html,0,www.faz.net,Wegen Teilnahme Russlands: EU stellt Förderung der Biennale ein,Die EU stellt ihre Förderung der Biennale von Venedig ein. Grund dafür ist die umstrittene Wiederzulassung Russlands in diesem Jahr. In der Ukraine hat Russland Tausende Kulturdenkmäler zerstört.,https://media0.faz.net/image/w1200h627/4b1a24920c46/w5568h2909x0y326o/202607/43601.0.2357564989/steinbau-des-anstosses-der.webp,2026-07-21T14:59:40Z,,"Nun wird endlich vollzogen, was monatelang nur angedroht war und woran viele schon nicht mehr glaubten: Wegen der umstrittenen Wiederzulassung Russlands stellt die EU ihre Förderung der Biennale von … [+3826 chars]",,de,'Ukraine'
https://www.zeit.de/feuilleton/2026-07/dior-foto-iran-80er-jahre-humor,https://www.zeit.de/feuilleton/2026-07/dior-foto-iran-80er-jahre-humor,0,www.zeit.de,"Dior-Foto im Iran: »Mein Vater auf seinem Hochzeitsfoto, 1989«","Eine aktuelle Dior-Werbung erinnert Iraner an die Kleidung ihrer Väter und Onkel in den Achtzigern. Ihre Witze und Memes zeigen, wie wichtig Humor in einer Diktatur ist.",https://img.zeit.de/politik/2026-07/dior-foto-iran-80er-jahre-humor-bild/wide__1300x731,2026-07-21T18:28:58Z,,"Schließen
Artikelzusammenfassung
Eine Dior-Kampagne mit Josh OConnor hat in iranischen Social Feeds einen Erinnerungssturm ausgelöst. Denn der bewusst fade Look grauer Anzug, schiefer Business-Casu… [+1405 chars]",,de,'Iran'
https://www.welt.de/politik/ausland/article6a5fea258f5bba832e160d2d/iran-krieg-erneut-explosionen-in-teheran-usa-gehen-von-tod-einer-dritten-soldatin-aus.html,https://www.welt.de/politik/ausland/article6a5fea258f5bba832e160d2d/iran-krieg-erneut-explosionen-in-teheran-usa-gehen-von-tod-einer-dritten-soldatin-aus.html,0,www.welt.de,Erneut Explosionen in Teheran – USA gehen von Tod einer dritten Soldatin aus,Nach heftigen gegenseitigen Drohungen starten die USA neue Angriffe auf den Iran. In Teheran wird erstmals seit Beginn der jüngsten Eskalation die Flugabwehr aktiv. Unterdessen gehen die USA vom Tod einer dritten Soldatin aus.,https://images.welt.de/6a5fea258f5bba832e160d2d/f6b62ba5566bc367b220a3213928810b/ci16x9-w1200/dpa-com-260722-935-1494788-jpg,2026-07-21T22:29:12Z,,Nach heftigen gegenseitigen Drohungen starten die USA neue Angriffe auf den Iran. In Teheran wird erstmals seit Beginn der jüngsten Eskalation die Flugabwehr aktiv. Unterdessen gehen die USA vom Tod … [+6964 chars],,de,'Angriff'
https://www.welt.de/politik/ausland/article6a5fea258f5bba832e160d2d/iran-krieg-explosionen-in-teheran-flugabwehr-in-der-hauptstadt-erstmals-wieder-aktiviert.html,https://www.welt.de/politik/ausland/article6a5fea258f5bba832e160d2d/iran-krieg-explosionen-in-teheran-flugabwehr-in-der-hauptstadt-erstmals-wieder-aktiviert.html,0,www.welt.de,Explosionen in Teheran – Flugabwehr in Irans Hauptstadt erstmals wieder aktiviert,Nach heftigen gegenseitigen Drohungen starten die USA neue Angriffe auf den Iran. Diesmal wird offenbar auch Teheran ins Visier genommen. Erstmals seit Beginn der jüngsten Eskalation wurde die Flugabwehr in der iranischen Hauptstadt aktiv.,https://images.welt.de/6a5fea258f5bba832e160d2d/f6b62ba5566bc367b220a3213928810b/ci16x9-w1200/dpa-com-260722-935-1494788-jpg,2026-07-21T22:29:12Z,,Nach heftigen gegenseitigen Drohungen starten die USA neue Angriffe auf den Iran. Diesmal wird offenbar auch Teheran ins Visier genommen. Erstmals seit Beginn der jüngsten Eskalation wurde die Flugab… [+5474 chars],,de,'Angriff'
https://www.zeit.de/politik/ausland/2026-07/russland-kriegsschiff-aermelkanal-andy-burnham-wes-streeting,https://www.zeit.de/politik/ausland/2026-07/russland-kriegsschiff-aermelkanal-andy-burnham-wes-streeting,0,www.zeit.de,Ärmelkanal: Großbritannien kritisiert russische Schießübung im Ärmelkanal,Russlands Militär hat südlich von England mit scharfer Munition geübt. Der neue britische Verteidigungsminister Wes Streeting spricht von »unverantwortlicher« Aggression.,https://img.zeit.de/politik/ausland/2026-07/russland-kriegsschiff-aermelkanal-fregatte-neustraschimy-foto-1/wide__1300x731,2026-07-21T22:31:19Z,,"Der neue britische Verteidigungsminister Wes Streeting hat die Schießübung eines russischen Kriegsschiffs im Ärmelkanal als provokativ und verantwortungslos kritisiert. Es sei »nicht das erste Mal, d… [+1968 chars]",,de,'Russland'
https://www.zeit.de/news/2026-07/22/explosionen-in-teheran-flugabwehr-im-einsatz,https://www.zeit.de/news/2026-07/22/explosionen-in-teheran-flugabwehr-im-einsatz,0,www.zeit.de,Iran-Krieg: Explosionen in Teheran - Flugabwehr im Einsatz,Hier finden Sie Informationen zu dem Thema „Iran-Krieg“. Lesen Sie jetzt „Explosionen in Teheran - Flugabwehr im Einsatz“.,https://img.zeit.de/news/2026-07/22/explosionen-in-teheran-flugabwehr-im-einsatz-image-group/wide__1300x731,2026-07-22T00:17:28Z,,Erstmals seit Beginn der jüngsten Eskalation im Iran-Krieg ist wieder die Flugabwehr in der Hauptstadt Teheran aktiviert worden. Im Nordosten der Millionenmetropole waren in der Nacht dumpfe Detonati… [+2038 chars],,de,'Hormus'
https://www.tagesspiegel.de/internationales/iran-krieg-flugabwehrfeuer-in-teheran-angriffe-auf-us-stutzpunkte-15864181.html,https://www.tagesspiegel.de/internationales/iran-krieg-flugabwehrfeuer-in-teheran-angriffe-auf-us-stutzpunkte-15864181.html,0,www.tagesspiegel.de,Iran-Krieg: Flugabwehrfeuer in Teheran - Angriffe auf US-Stützpunkte,Das US-Militär fliegt neue Angriffe auf den Iran. In der Hauptstadt Teheran wird die Flugabwehr aktiv. Die Gefahr einer noch größeren regionalen Konfrontation wächst mit jedem Tag.,https://www.tagesspiegel.de/images/15865683/alternates/BASE_16_9_W1400/1784719086000/iran-krieg-teheran.jpeg,2026-07-22T00:18:28Z,,In der iranischen Hauptstadt Teheran hat nächtliches Flugabwehrfeuer Sorgen vor einer noch größeren militärischen Eskalation des Kriegs mit den USA geschürt. Im Nordosten der Millionenmetropole schre… [+5273 chars],,de,'Angriff'
https://www.tagesspiegel.de/internationales/iran-krieg-explosionen-in-teheran-flugabwehr-im-einsatz-15864181.html,https://www.tagesspiegel.de/internationales/iran-krieg-explosionen-in-teheran-flugabwehr-im-einsatz-15864181.html,0,www.tagesspiegel.de,Iran-Krieg: Explosionen in Teheran - Flugabwehr im Einsatz,Der Iran-Krieg kehrt mit Detonationen am Himmel wieder in die Hauptstadt Teheran zurück. Die Gefahr einer noch größeren regionalen Konfrontation wächst.,https://www.tagesspiegel.de/images/15864182/alternates/BASE_16_9_W1400/1784680096000/teheran.jpeg,2026-07-22T00:18:28Z,,Erstmals seit Beginn der jüngsten Eskalation im Iran-Krieg ist wieder die Flugabwehr in der Hauptstadt Teheran aktiviert worden. Im Nordosten der Millionenmetropole waren in der Nacht dumpfe Detonati… [+2094 chars],,de,'Iran'
https://www.tagesspiegel.de/internationales/iran-krieg-flugabwehr-aktiviert-erstmals-wieder-explosionen-in-teheran-15864181.html,https://www.tagesspiegel.de/internationales/iran-krieg-flugabwehr-aktiviert-erstmals-wieder-explosionen-in-teheran-15864181.html,0,www.tagesspiegel.de,Iran-Krieg: Flugabwehr aktiviert: Erstmals wieder Explosionen in Teheran,"Das US-Militär fliegt neue Angriffe, der Iran-Krieg kehrt mit Detonationen am Himmel in die Millionenmetropole Teheran zurück. Die Gefahr einer noch größeren regionalen Konfrontation wächst.",https://www.tagesspiegel.de/images/15864197/alternates/BASE_16_9_W1400/1784685369000/teheran.jpeg,2026-07-22T00:18:28Z,,Erstmals seit Beginn der jüngsten Eskalation im Iran-Krieg ist in der Hauptstadt Teheran wieder die Flugabwehr aktiviert worden. Im Nordosten der Millionenmetropole waren in der Nacht dumpfe Detonati… [+4629 chars],,de,'Iran'
https://orf.at/stories/3436894/,https://orf.at/stories/3436894/,0,orf.at,US-Militär meldet neue Angriffswelle gegen Iran,,https://orf.at/mojo/1_4_1/storyserver//news/common/images/og-fallback-news.png,2026-07-22T00:20:16Z,,"Das US-Militär hat nach eigenen Angaben neue Angriffe auf militärische Ziele im Iran gestartet. Damit sollten die Möglichkeiten des Landes geschwächt werden, Handelsschiffe in der für den Ölhandel wi… [+933 chars]",,de,'Iran'
https://www.sueddeutsche.de/politik/liveblog-nahost-iran-news-usa-centcom-li.3513707,https://www.sueddeutsche.de/politik/liveblog-nahost-iran-news-usa-centcom-li.3513707,0,www.sueddeutsche.de,Krieg in Nahost: USA greifen Iran erneut an – Hegseth nennt Kriegskosten,Die elfte Nacht in Folge greift das US-Militär Ziele in Iran an.  Bei einer Anhörung im US-Senat legt Verteidigungsminister Pete Hegseth die bisherigen Kriegskosten offen - und wirbt um mehr Geld.,https://www.sueddeutsche.de/2026/07/22/bc209890-8e63-42bb-89b7-07424313f0d1.jpg?q=60&fm=webp&width=1200&rect=114%2C0%2C1820%2C1024,2026-07-22T00:28:18Z,,"Die mit Iran verbündeten Huthi-Rebellen in Jemen verhängen nach eigenen Angaben eine Seeblockade gegen Saudi-Arabien. Diese gelte ab sofort, teilte der Militärsprecher der Huthi im Fernsehen mit. Dam… [+1364 chars]",,de,'Iran'
https://www.n-tv.de/politik/Flugabwehr-diesmal-auch-in-Teheran-im-Einsatz-id31110907.html,https://www.n-tv.de/politik/Flugabwehr-diesmal-auch-in-Teheran-im-Einsatz-id31110907.html,0,www.n-tv.de,US-Militär greift im Iran an: Flugabwehr diesmal auch in Teheran im Einsatz,"Die USA bombardieren erneut den Iran. Erstmals seit Wochen sind auch in der Hauptstadt Teheran wieder Explosionen zu hören. Das könnte darauf hindeuten, dass der Konflikt eine neue Phase erreicht hat.",https://www.n-tv.de/img/31110912/1784687827/Img_16_9/1200/In-der-Hauptstadt-Teheran-war-in-der-Nacht-die-Flugabwehr-im-Einsatz.jpg,2026-07-22T00:39:48Z,,"In der Hauptstadt Teheran hatte es seit Wochen keine US-Angriffe mehr gegeben. 
Die USA bombardieren erneut den Iran. Erstmals seit Wochen sind auch in der Hauptstadt Teheran wieder Explosionen zu h… [+3716 chars]",,de,'Iran'
https://orf.at/stories/3436895/,https://orf.at/stories/3436895/,0,orf.at,Neue US-Angriffswelle: Explosionen in Teheran,,https://orf.at/mojo/1_4_1/storyserver//news/common/images/og-fallback-news.png,2026-07-22T02:01:21Z,,Das US-Militär hat die elfte Nacht in Folge militärische Ziele im Iran angegriffen. Erstmals seit Beginn der jüngsten Eskalation ist auch wieder die Flugabwehr in Teheran aktiviert worden. Im Nordost… [+835 chars],,de,'Angriff'
https://www.tagesschau.de/ausland/teheran-iran-usa-100.html,https://www.tagesschau.de/ausland/teheran-iran-usa-100.html,0,www.tagesschau.de,Iran-Krieg: Erstmals wieder Explosionen in Teheran,"Das US-Militär startet neue Angriffe, die elfte Nacht in Folge auf Iran. Der Krieg kehrt nun auch erstmals seit dem jüngsten Aufflammen der Konflikte in die Millionenmetropole Teheran zurück.",https://images.tagesschau.de/image/2a97fabc-b722-4dc9-94f9-92e854b78910/AAABn08gIes/AAABnSSvrFg/16x9-big/teheran-302.jpg?width=1280,2026-07-22T02:20:48Z,,"Stand: 22.07.2026 04:20 Uhr
Das US-Militär startet neue Angriffe, die elfte Nacht in Folge auf Iran. Der Krieg kehrt nun auch erstmals seit dem jüngsten Aufflammen der Konflikte in die Millionenmetr… [+1705 chars]",,de,'Angriff'
https://www.sueddeutsche.de/politik/liveblog-nahost-iran-news-usa-iran-teheran-li.3513707,https://www.sueddeutsche.de/politik/liveblog-nahost-iran-news-usa-iran-teheran-li.3513707,0,www.sueddeutsche.de,Krieg in Nahost: USA greifen Iran elfte Nacht in Folge an – Explosionen in Teheran,"Erneut greift das US-Militär in der Nacht mehrere Ziele in Iran an. In der Hauptstadt Teheran wird die Flugabwehr aktiviert.  Das könnte darauf hindeuten, dass die Eskalation in eine neue Phase eintritt.",https://www.sueddeutsche.de/2026/07/22/bc209890-8e63-42bb-89b7-07424313f0d1.jpg?q=60&fm=webp&width=1200&rect=114%2C0%2C1820%2C1024,2026-07-22T02:21:55Z,,"Die mit Iran verbündeten Huthi-Rebellen in Jemen verhängen nach eigenen Angaben eine Seeblockade gegen Saudi-Arabien. Diese gelte ab sofort, teilte der Militärsprecher der Huthi im Fernsehen mit. Dam… [+1364 chars]",,de,'Iran'
https://www.zeit.de/news/2026-07/22/saleh-fordert-bundesratsinitiative-fuer-uebergewinnsteuer,https://www.zeit.de/news/2026-07/22/saleh-fordert-bundesratsinitiative-fuer-uebergewinnsteuer,0,www.zeit.de,Krisengewinnler: Saleh fordert Bundesratsinitiative für Übergewinnsteuer,Hier finden Sie Informationen zu dem Thema „Krisengewinnler“. Lesen Sie jetzt „Saleh fordert Bundesratsinitiative für Übergewinnsteuer“.,https://img.zeit.de/news/2026-07/22/saleh-fordert-bundesratsinitiative-fuer-uebergewinnsteuer-image-group/wide__1300x731,2026-07-22T03:00:09Z,,"Der SPD-Fraktionschef im Berliner Abgeordnetenhaus, Raed Saleh, fordert eine Übergewinnsteuer für große Konzerne, die von aktuellen Krisen wie dem Iran-Krieg profitieren. Der Berliner Senat könne daz… [+1843 chars]",,de,'Krise'
https://www.zeit.de/politik/ausland/2026-07/finanzierung-iran-sanktionen-strasse-von-hormus-geld,https://www.zeit.de/politik/ausland/2026-07/finanzierung-iran-sanktionen-strasse-von-hormus-geld,0,www.zeit.de,Finanzierung des Iran: Wo bekommt der Iran noch sein Geld her?,Das islamistische Regime steht unter strikten Sanktionen und wurde zweimal angegriffen. Trotzdem gehen ihm weder Munition noch Geld aus. Das liegt nicht nur an China.,https://img.zeit.de/politik/ausland/2026-07/finanzierung-iran-sanktionen-strasse-von-hormus-geld-bild/wide__1300x731,2026-07-22T03:38:01Z,,"Schließen
Artikelzusammenfassung
Irans Regime hält sich trotz Krieg und Sanktionsgewitter vor allem mit Öl über Wasser. Chronologisch zeigt der Text, wie Teheran seit Jahren den Weltmarkt-Exit per … [+1316 chars]",,de,'Finanz'
https://www.telepolis.de/article/Die-Huthi-Blockade-bringt-Trump-in-eine-ernste-Zwickmuehle-11372247.html,https://www.telepolis.de/article/Die-Huthi-Blockade-bringt-Trump-in-eine-ernste-Zwickmuehle-11372247.html,0,www.telepolis.de,Die Huthi-Blockade bringt Trump in eine ernste Zwickmühle,Jemens Huthi-Miliz blockiert Saudi-Arabien – und trifft damit Trump an einer empfindlichen Stelle. Doch Trumps Optionen schwinden rapide. Ein Gastbeitrag.,https://heise.cloudimg.io/bound/1200x1200/q85.png-lossy-85.webp-lossy-85.foil1/_www-heise-de_/imgs/18/5/1/2/0/6/4/4/shutterstock_2399826271-a1b69c05105f42a3.jpg,2026-07-22T04:00:00Z,,"Die mit dem Iran verbündeten Huthis planen, Saudi-Arabien vom Schiffsverkehr abzuschneiden
(Bild: Below the Sky/Shutterstock.com)
Jemens Huthi-Miliz blockiert Saudi-Arabien und trifft damit Trump a… [+6663 chars]",,de,'Hormus'
https://www.diepresse.com/38843676/explosionen-auch-in-teheran-usa-fliegen-neue-angriffswelle-auf-iran,https://www.diepresse.com/38843676/explosionen-auch-in-teheran-usa-fliegen-neue-angriffswelle-auf-iran,0,www.diepresse.com,Explosionen auch in Teheran: USA fliegen neue Angriffswelle auf Iran,Es ist die elfte Angriffs-Nacht in Folge. Die bisher letzten Angriffe auf die iranische Hauptstadt Teheran hatte es Anfang Juni gegeben. Damals hatte Israel als Reaktion auf iranische Raketenangriffe Ziele in der Stadt attackiert.,https://img.diepresse.com/public/incoming/4k2uqs-imago862084253jpg/alternates/WEBP_WIDE_1200/imago862084253.jpg,2026-07-22T04:05:45Z,,"Die Presse auf Google als bevorzugte Nachrichtenquelle hinzufügen.
 Das US-Militär hat die elfte Nacht in Folge militärische Ziele im Iran angegriffen. Erstmals seit Beginn der jüngsten Eskalation i… [+2247 chars]",,de,'Iran'
https://www.morgenpost.de/politik/article412152244/iran-krieg-news-aktuell-live-trump-angriff-hormus-teheran.html,https://www.morgenpost.de/politik/article412152244/iran-krieg-news-aktuell-live-trump-angriff-hormus-teheran.html,0,www.morgenpost.de,Explosionen in Teheran – Kriegsminister beziffert Kosten des Iran-Kriegs,Erstmals seit Beginn der jüngsten Eskalation im Iran-Krieg ist in Teheran wieder die Flugabwehr aktiviert worden. Die News zum Krieg im Blog.,https://img.sparknews.funkemedien.de/412616450/412616450_1784445784_v16_9_1600.jpeg,2026-07-22T04:16:33Z,,"Das US-Militär hat nach eigenen Angaben erneut militärische Ziele im Iran angegriffen. Damit sollten die Möglichkeiten des Landes geschwächt werden, Handelsschiffe in der für den Ölhandel wichtigen S… [+330 chars]",,de,'Hormus'
https://www.globenewswire.com/news-release/2026/07/22/3331080/0/de/EU-Phosphorindex-Russlands-Anteil-an-EU-Ausgaben-f%C3%BCr-Phosphatimporte-steigt.html,https://www.globenewswire.com/news-release/2026/07/22/3331080/0/de/EU-Phosphorindex-Russlands-Anteil-an-EU-Ausgaben-f%C3%BCr-Phosphatimporte-steigt.html,0,www.globenewswire.com,EU-Phosphorindex: Russlands Anteil an EU-Ausgaben für Phosphatimporte steigt,"STOCKHOLM, July 22, 2026 (GLOBE NEWSWIRE) -- Europäische Unternehmen haben im ersten Halbjahr 2026 Phosphatgestein im Wert von über 100 Mio. EUR aus Russland importiert. Das geht aus einer Analyse der Daten der Europäischen Kommission durch das schwedische Um…",https://ml-eu.globenewswire.com/Resource/Download/904d4a10-a7d9-4e34-8f91-068b67be760e,2026-07-22T05:45:00Z,,"STOCKHOLM, July 22, 2026 (GLOBE NEWSWIRE) -- Europäische Unternehmen haben im ersten Halbjahr 2026 Phosphatgestein im Wert von über 100 Mio. EUR aus Russland importiert. Das geht aus einer Analyse de… [+2928 chars]",,de,'Russland'
https://www.zeit.de/politik/ausland/2026-07/marco-rubio-us-aussenminister-internationaler-strafgerichtshof-5vor8,https://www.zeit.de/politik/ausland/2026-07/marco-rubio-us-aussenminister-internationaler-strafgerichtshof-5vor8,0,www.zeit.de,Marco Rubio: Amerikas Angriff auf das Weltgericht,"US-Außenminister Marco Rubio will den Internationalen Strafgerichtshof »niederreißen«. Warum sich Europa, bei aller Kritik, vor die Haager Richter stellen muss.",https://img.zeit.de/politik/ausland/2026-07/marco-rubio-us-aussenminister-internationaler-strafgerichtshof-5vor8-bild/wide__1300x731,2026-07-22T05:50:11Z,,"Schließen
Artikelzusammenfassung
Marco Rubio eröffnet den nächsten Kulturkampf der Weltpolitik mit dem Vorschlaghammer. In einem furiosen Gastbeitrag fürs Wall Street Journal kündigt der US-Außenmi… [+1474 chars]",,de,'Angriff'
https://orf.at/stories/3436827/,https://orf.at/stories/3436827/,0,orf.at,US-Republikaner im Dilemma,"US-Präsident Donald Trump hat den Iran-Krieg ohne Zustimmung des Kongresses begonnen – und nun auch nach den letztlich gescheiterten Verhandlungen über einen Waffenstillstand weitergeführt. Die Gelder für den Krieg, die vom Kongress freigegeben werden müssen,…",https://ibs.orf.at/news?image=https%3A%2F%2Fassets.orf.at%2Fmims%2F2026%2F30%2F91%2Fcrops%2Fw%3D1200%2Ch%3D630%2Cq%3D75%2F3121857_master_1209591_iran_krieg_kosten_republikaner_kongress_afp.jpg%3Fs%3D10c2fcab2773e3934461d3e9c87dce83ebf9ae20,2026-07-22T06:00:13Z,,"Die Regierung hatte im vergangenen Monat zusätzliche Mittel in Höhe von 87,6 Milliarden Dollar (rund 76,7 Mrd. Euro) beantragt, darunter 67,1 Milliarden Dollar (rund 58,8 Mrd. Euro) für zusätzliche M… [+5050 chars]",,de,'Waffen'
https://www.dw.com/de/ukraine-armeechef-frankreich-social-media-verbot-teheran-angriffe-t%C3%BCrkei-chp-aserbaidschan-gas/a-78060955,https://www.dw.com/de/ukraine-armeechef-frankreich-social-media-verbot-teheran-angriffe-t%C3%BCrkei-chp-aserbaidschan-gas/a-78060955,0,www.dw.com,News kompakt: Selenskyj entlässt ukrainischen Armeechef,Die Protestierenden in der Ukraine können für sich einen Erfolg verbuchen. Bundeskanzler Merz will mehr Erdgas und Öl aus Aserbaidschan beziehen. Der DW-Nachrichtenüberblick. Nach tagelangem Druck Demonstrierender in der Ukraine hat sich Präsident Wolodymyr S…,https://static.dw.com/image/68212341_6.jpg,2026-07-22T07:00:00Z,,"Nach tagelangem Druck Demonstrierender in der Ukraine hat sich Präsident Wolodymyr Selenskyj vom Oberkommandierenden der Streitkräfte, Olexander Syrskyj, getrennt. Zum neuen Armeechef bestimmte er de… [+6114 chars]",,de,'Ukraine'
https://www.tagesspiegel.de/internationales/nuklearabkommen-us-regierung-unterzeichnet-atom-deal-mit-saudi-arabien-15864637.html,https://www.tagesspiegel.de/internationales/nuklearabkommen-us-regierung-unterzeichnet-atom-deal-mit-saudi-arabien-15864637.html,0,www.tagesspiegel.de,Nuklearabkommen: US-Regierung unterzeichnet Atom-Deal mit Saudi-Arabien,"Mitten im Krieg mit dem Iran, der sich auch um dessen Atomprogramm dreht, verkünden die USA eine neue Einigung mit Saudi-Arabien. Das Königreich strebt schon länger nach der Nutzung von Atomkraft.",https://www.tagesspiegel.de/images/15868371/alternates/BASE_16_9_W1400/1784756005000/trump-genehmigt-atom-deal-mit-saudi-arabien-teaser.jpeg,2026-07-22T07:54:32Z,,"Die Regierung von US-Präsident Donald Trump will Saudi-Arabien beim Aufbau eines zivilen Atomprogramms helfen. Die Energieminister beider Länder, Chris Wright und Abdulasis bin Salman, unterzeichnete… [+4498 chars]",,de,'Atomkraft'
https://www.faz.net/aktuell/sport/fussball/pep-guardiola-nach-italien-italienischer-verband-fuehrt-gespraeche-mit-star-trainer-accg-201053972.html,https://www.faz.net/aktuell/sport/fussball/pep-guardiola-nach-italien-italienischer-verband-fuehrt-gespraeche-mit-star-trainer-accg-201053972.html,0,www.faz.net,Gattuso-Nachfolge: Italienischer Verband führt Gespräche mit Guardiola,Könnte Pep Guardiola Italiens Fußball aus der Krise führen? Der Chef des italienischen Fußballverbands hat Gespräche mit dem Star-Trainer nun bestätigt. Der Ausgang ist noch offen.,https://media0.faz.net/image/w1200h627/056fe9a0a692/w3523h1840x0y255o/202607/43601.0.2360265444/nimmt-pep-guardiola-wenige.webp,2026-07-22T09:28:53Z,,Italiens Verbandschef Giovanni Malagò hat das Interesse an und die Gespräche mit Star-Trainer Pep Guardiola für eine Nachfolge von Gennaro Gattuso bekräftigt. Eine mögliche Verpflichtung des 55 Jahre… [+1601 chars],,de,'Krise'
https://www.faz.net/aktuell/politik/ukraine/selenskyj-ernennt-mychajlo-drapatyj-zum-verteidigungsminister-accg-201053472.html,https://www.faz.net/aktuell/politik/ukraine/selenskyj-ernennt-mychajlo-drapatyj-zum-verteidigungsminister-accg-201053472.html,0,www.faz.net,Neuer Armeechef ernannt: Selenskyj vollzieht den Generationenwechsel,Nach tagelangen Protesten lenkt Wolodymyr Selenskyj ein und ernennt Mychajlo Drapatyj zum neuen Oberbefehlshaber. Hat der Präsident die Krise damit überstanden?,https://media0.faz.net/image/w1200h627/541a20b18c1c/w3000h1567x0y60o/202607/43601.0.2355188169/handschlag-mit-dem-neuen.webp,2026-07-22T10:05:08Z,,"Ich habe entschieden, dass Mychajlo Drapatyj der neue Oberbefehlshaber der Streitkräfte der Ukraine wird. Auf diesen Satz des ukrainischen Präsidenten Wolodymyr Selenskyj haben viele Menschen in der … [+7421 chars]",,de,'Krise'
https://www.freitag.de/autoren/sabine-kebir/solange-trump-iran-bombardiert-kann-israel-im-libanon-weiter-krieg-fuehren,https://www.freitag.de/autoren/sabine-kebir/solange-trump-iran-bombardiert-kann-israel-im-libanon-weiter-krieg-fuehren,0,www.freitag.de,Trump wollte einen arabischen Verbündeten im Iran-Krieg. Warum fand er keinen einzigen?,Seit Februar bombardiert Trump den Iran – doch kein arabischer Staat ließ sich in den Krieg hineinziehen. Stattdessen trauerten Katar und Saudi-Arabien um den iranischen Führer Khamenei. Was verrät dies über die Machtverhältnisse am Golf? Dass der Iran zum To…,https://www.freitag.de/autoren/sabine-kebir/solange-trump-iran-bombardiert-kann-israel-im-libanon-weiter-krieg-fuehren/@@images/image/great,2026-07-22T10:06:00Z,,"Dass der Iran zum Tod des früheren katarischen Herrschers Chalifa al-Thani kondolierte und Außenminister Abbas Araghtschi zum Begräbnis nach Doha reiste, kann nur auf den ersten Blick verwundern. Obw… [+4925 chars]",,de,'Iran'
https://www.golem.de/sonstiges/zustimmung/auswahl.html?from=https://www.golem.de/news/me-south-1-iran-will-aws-instanz-in-bahrain-zerstoert-haben-2607-211150.html&referer=https://t.co/2de54d2a8b,https://www.golem.de/sonstiges/zustimmung/auswahl.html?from=https://www.golem.de/news/me-south-1-iran-will-aws-instanz-in-bahrain-zerstoert-haben-2607-211150.html&referer=https://t.co/2de54d2a8b,0,www.golem.de,ME-South-1: Iran will AWS-Instanz in Bahrain zerstört haben,"Der Iran will die AWS-Rechenzentren in Bahrain mit Marschflugkörpern zerstört haben. Der Angriff wurde von den USA, Amazon oder unabhängiger Seite bislang weder bestritten noch verifiziert. (AWS, Web Service)",,2026-07-22T10:15:02Z,,"Besuchen Sie Golem.de wie gewohnt mit Werbung und Tracking,
 indem Sie der Nutzung aller Cookies zustimmen.
 Details zum Tracking finden Sie im Privacy Center.
Skript wurde nicht geladen. Informat… [+607 chars]",,de,'Iran'
https://taz.de/Jemen-im-Krieg-zwischen-Iran-und-USA/!6198078/,https://taz.de/Jemen-im-Krieg-zwischen-Iran-und-USA/!6198078/,0,taz.de,Jemen im Krieg zwischen Iran und USA: Nach der Straße von Hormus fällt die nächste Meerenge,Die Huthi-Miliz will den Schiffsverkehr durch Bab al-Mandab vor Jemens Küste einschränken. Der Konflikt mit Jemens Regierung spitzt sich zu.,https://taz.de/picture/8625162/1200/41693186.jpeg,2026-07-22T11:37:00Z,,Die Huthi-Miliz will den Schiffsverkehr durch Bab al-Mandab vor Jemens Küste einschränken. Der Konflikt mit Jemens Regierung spitzt sich zu. mehr...,,de,'Hormus'
https://www.zeit.de/news/2026-07/22/bab-al-mandab-koennte-naechster-engpass-fuer-schiffe-werden,https://www.zeit.de/news/2026-07/22/bab-al-mandab-koennte-naechster-engpass-fuer-schiffe-werden,0,www.zeit.de,Iran-Krieg: Bab al-Mandab könnte nächster Engpass für Schiffe werden,Hier finden Sie Informationen zu dem Thema „Iran-Krieg“. Lesen Sie jetzt „Bab al-Mandab könnte nächster Engpass für Schiffe werden“.,https://img.zeit.de/news/2026-07/22/bab-al-mandab-koennte-naechster-engpass-fuer-schiffe-werden-image-group/wide__1300x731,2026-07-22T11:55:46Z,,Nach der weitgehenden Blockade der Straße von Hormus könnte die Meerenge Bab al-Mandab vor der Küste Jemens zur nächsten Gefahr für die Schifffahrt werden. Das Risiko eines «doppelten Engpasses» stei… [+1917 chars],,de,'Iran'
https://www.tagesspiegel.de/internationales/iran-krieg-bab-al-mandab-konnte-nachster-engpass-fur-schiffe-werden-15865941.html,https://www.tagesspiegel.de/internationales/iran-krieg-bab-al-mandab-konnte-nachster-engpass-fur-schiffe-werden-15865941.html,0,www.tagesspiegel.de,Iran-Krieg: Bab al-Mandab könnte nächster Engpass für Schiffe werden,"Seit Monaten ringen Händler, Reedereien und Schiffsbesatzungen mit der gefährlichen Lage in der Straße von Hormus. Vor Jemens Küste steigt langsam auch das Risiko an der Meerenge Bab al-Mandab.",https://www.tagesspiegel.de/images/15865940/alternates/BASE_16_9_W1400/1784721422000/iran-krieg-jemen.jpeg,2026-07-22T11:57:02Z,,Nach der weitgehenden Blockade der Straße von Hormus könnte die Meerenge Bab al-Mandab vor der Küste Jemens zur nächsten Gefahr für die Schifffahrt werden. Das Risiko eines doppelten Engpasses steige… [+1961 chars],,de,'Iran'
https://www.focus.de/finanzen/6-monatsgehaelter-extra-fuer-eine-einmonatige-reise-was-unternehmen-seeleuten-fuer-die-strasse-von-hormus-bieten_c6bb0f2e-5a5f-437e-b235-5e38e107948b.html,https://www.focus.de/finanzen/6-monatsgehaelter-extra-fuer-eine-einmonatige-reise-was-unternehmen-seeleuten-fuer-die-strasse-von-hormus-bieten_c6bb0f2e-5a5f-437e-b235-5e38e107948b.html,0,www.focus.de,6 Monatsgehälter extra für eine einmonatige Reise: Was Unternehmen Seeleuten für die Straße von Hormus bieten,Reedereien locken Seeleute mit außergewöhnlichen Prämien für Fahrten durch die Straße von Hormus. Doch trotz hoher Vergütung scheuen viele Besatzungsmitglieder das Risiko.,"https://quadro.burda-forward.de/ctf/9084eb54-d61e-49c5-bc32-087324291268.f8d872b2-a24f-4f81-85a1-195a6411fcc1.jpg?im=RegionOfInterestCrop=(1200,630),regionOfInterest=(728,383)&hash=a655adc818dd5874d5415934fa6d67fdef9e87561293fb927054b270ea5bc333",2026-07-22T11:58:00Z,,Die wachsende Unsicherheit im Persischen Golf verändert den Arbeitsmarkt für Seeleute. Nach einem Bericht der griechischen Wirtschaftszeitung Naftemporiki bieten Reedereien inzwischen Prämien von meh… [+2890 chars],,de,'Hormus'
https://www.zeit.de/news/2026-07/22/mann-nach-angriff-auf-rettungssanitaeter-verurteilt,https://www.zeit.de/news/2026-07/22/mann-nach-angriff-auf-rettungssanitaeter-verurteilt,0,www.zeit.de,Tritte gegen Helfer: Mann nach Angriff auf Rettungssanitäter verurteilt,Hier finden Sie Informationen zu dem Thema „Tritte gegen Helfer“. Lesen Sie jetzt „Mann nach Angriff auf Rettungssanitäter verurteilt“.,https://img.zeit.de/news/2026-07/22/mann-nach-angriff-auf-rettungssanitaeter-verurteilt-image-group/wide__1300x731,2026-07-22T12:39:55Z,,"Ein Mann ist nach einem Angriff auf Rettungssanitäter verurteilt worden. Das Gericht verhängte eine Freiheitsstrafe von sechs Monaten wegen tätlichen Angriffs auf Personen, die Vollstreckungsbeamten … [+826 chars]",,de,'Angriff'
https://www.zeit.de/news/2026-07/22/angriff-wegen-israel-anstecker-verdaechtiger-geniesst-schutz,https://www.zeit.de/news/2026-07/22/angriff-wegen-israel-anstecker-verdaechtiger-geniesst-schutz,0,www.zeit.de,Kriminalität: Angriff wegen Israel-Anstecker? Verdächtiger genießt Schutz,Hier finden Sie Informationen zu dem Thema „Kriminalität“. Lesen Sie jetzt „Angriff wegen Israel-Anstecker? Verdächtiger genießt Schutz“.,https://img.zeit.de/news/2026-07/22/angriff-wegen-israel-anstecker-verdaechtiger-geniesst-schutz-image-group/wide__1300x731,2026-07-22T13:07:03Z,,Der mutmaßliche Angreifer auf ein Mitglied der Deutsch-Israelischen Gesellschaft in Franken genießt nach Behördenangaben einen Schutzstatus in Deutschland. Der 20-Jährige aus Syrien sei nicht ausreis… [+2137 chars],,de,'Angriff'
https://www.zeit.de/news/2026-07/22/trump-angriff-auf-bruecke-oder-kraftwerk-fuer-schiffsbeschuss,https://www.zeit.de/news/2026-07/22/trump-angriff-auf-bruecke-oder-kraftwerk-fuer-schiffsbeschuss,0,www.zeit.de,Krieg: Trump: Angriff auf Brücke oder Kraftwerk für Schiffsbeschuss,Hier finden Sie Informationen zu dem Thema „Krieg“. Lesen Sie jetzt „Trump: Angriff auf Brücke oder Kraftwerk für Schiffsbeschuss“.,https://img.zeit.de/administratives/sharing/fallback-image-die-zeit/wide__1300x731,2026-07-22T13:15:38Z,,"Die USA werden nach den Worten von US-Präsident Donald Trump künftig jedes Mal eine Brücke oder ein Kraftwerk im Iran «bombardieren und zerstören», wenn die Islamische Republik ein Schiff in der Stra… [+115 chars]",,de,'Hormus'
https://www.golem.de/sonstiges/zustimmung/auswahl.html?from=https://www.golem.de/news/matthias-doepfner-springer-chef-will-peter-thiel-seinen-demokratiepreis-verleihen-2607-211160.html&referer=https://t.co/611e519444,https://www.golem.de/sonstiges/zustimmung/auswahl.html?from=https://www.golem.de/news/matthias-doepfner-springer-chef-will-peter-thiel-seinen-demokratiepreis-verleihen-2607-211160.html&referer=https://t.co/611e519444,0,www.golem.de,Matthias Döpfner: Springer-Chef will Peter Thiel seinen Demokratiepreis verleihen,"Konzernchef Matthias Döpfner will dem Antidemokraten Peter Thiel in einigen Wochen den Axel-Springer-Preis verleihen. Dagegen wächst der Widerstand. (Axel Springer Verlag, Politik)",,2026-07-22T13:20:01Z,,"Besuchen Sie Golem.de wie gewohnt mit Werbung und Tracking,
 indem Sie der Nutzung aller Cookies zustimmen.
 Details zum Tracking finden Sie im Privacy Center.
Skript wurde nicht geladen. Informat… [+607 chars]",,de,'Preis'
https://www.faz.net/aktuell/politik/ausland/liveblog-irankrieg-trump-bombardierungen-fuer-jedes-angegriffene-schiff-in-der-strasse-von-hormus-faz-200583539.html,https://www.faz.net/aktuell/politik/ausland/liveblog-irankrieg-trump-bombardierungen-fuer-jedes-angegriffene-schiff-in-der-strasse-von-hormus-faz-200583539.html,0,www.faz.net,Liveblog Irankrieg: Trump: Bombardierungen für jedes angegriffene Schiff in der Straße von Hormus,US-Präsident bekräftigt Drohungen gegen zivile Infrastruktur +++ Neue US-Angriffe gegen Iran – Explosionen in Teheran +++ 25 hingerichtete Männer wegen Protesten im Januar +++ alle Entwicklungen im Liveblog,https://media0.faz.net/image/w1200h627/8911f9566f13/w6000h3135x0y433o/202607/43601.0.2352873921/schiffe-liegen-am-16-6-26-im.webp,2026-07-22T13:25:43Z,,Libanons Präsident Joseph Aoun hat US-Präsident Donald Trump um weitere Unterstützung für die staatliche libanesische Armee gebeten und andernfalls vor dem Szenario eines neuen Bürgerkriegs in seinem… [+1142 chars],,de,'Hormus'
https://www.zeit.de/politik/ausland/2026-07/us-angriffe-iran-teheran-strasse-von-hormus-donald-trump,https://www.zeit.de/politik/ausland/2026-07/us-angriffe-iran-teheran-strasse-von-hormus-donald-trump,0,www.zeit.de,Irankrieg: Trump droht mit Angriffen auf Brücken und Kraftwerke,"Die USA werden nach den Worten von US-Präsident Donald Trump künftig Infrastruktur im Iran bombardieren, sobald ein Schiff in der Straße von Hormus attackiert wird.",https://img.zeit.de/politik/ausland/2026-07/us-angriffe-iran-teheran-strasse-von-hormus-donald-trump-foto-1/wide__1300x731,2026-07-22T15:04:04Z,,"US-Präsident Donald Trump droht mit Angriffen auf Brücken und Kraftwerke im Iran und zwar jedes Mal, wenn der Iran Schiffe in der Straße von Hormus attackiert. Zuvor hatte die US-Armee die elfte Nach… [+1661 chars]",,de,'Iran'
https://www.zeit.de/feuilleton/2026-07/maria-do-mar-castro-varela-freundschaften-politikwissenschaft-krise,https://www.zeit.de/feuilleton/2026-07/maria-do-mar-castro-varela-freundschaften-politikwissenschaft-krise,0,www.zeit.de,"Freundschaft als politische Praxis: »Es braucht stabile Beziehungen, nicht korrekte«","Einengend, unecht, unkritisch: Freundschaft ist in der Krise, sagt die Wissenschaftlerin María do Mar Castro Varela. Dabei brauchen wir echte Freunde mehr denn je.",https://img.zeit.de/feuilleton/2026-07/maria-do-mar-castro-varela-freundschaften-politikwissenschaft-krise-bild-2/wide__1300x731,2026-07-22T17:56:55Z,,"Wir leben in Zeiten, die uns einiges Kopfzerbrechen bereiten. Deshalb fragen wir in dieser Serie, was interessante Kopfe gegenwartig bedenkenswert finden. Heute antwortet die Politikwissenschaftlerin… [+818 chars]",,de,'Krise'
https://www.faz.net/aktuell/feuilleton/debatten/wie-die-usa-mit-leihmuettern-umgehen-201053121.html,https://www.faz.net/aktuell/feuilleton/debatten/wie-die-usa-mit-leihmuettern-umgehen-201053121.html,0,www.faz.net,Der Markt der Leihmütter: Wie Amerika den Körper zur Ware macht,"Harvard und Schönheit treiben den Preis: In den USA kann man Eizellen kaufen, Leihmütter buchen und Embryonen vorselektieren. Was dort reproduktive Freiheit heißt, nennen Kritiker Eugenik.",https://media0.faz.net/image/w1200h627/6279e6f5a13d/w6000h3135x0y498o/202607/43601.0.2357721333/was-macht-elternschaft-aus.webp,2026-07-22T19:17:52Z,,"Früher hingen sie an Schwarzen Brettern amerikanischer Universitäten, heute sind sie eher im Internet zu finden: Anzeigen, die um Eizellspenden werben. Egg donors wanted: Gesucht werden junge Frauen,… [+8454 chars]",,de,'Preis'
https://www.tagesspiegel.de/politik/bundesverfassungsgericht-tempolimit-fur-gesetze-karlsruhe-urteilt-zum-heizungsgesetz-15868735.html,https://www.tagesspiegel.de/politik/bundesverfassungsgericht-tempolimit-fur-gesetze-karlsruhe-urteilt-zum-heizungsgesetz-15868735.html,0,www.tagesspiegel.de,Bundesverfassungsgericht: Tempolimit für Gesetze? Karlsruhe urteilt zum Heizungsgesetz,"Mit dem Heizungsgesetz wollte die Ampel-Regierung Heizen in Deutschland klimafreundlicher machen. Es hagelte Kritik - nicht nur am Inhalt, sondern auch am Gesetzgebungsprozess. Jetzt fällt ein Urteil.",https://www.tagesspiegel.de/images/15868734/alternates/BASE_16_9_W1400/1784777475000/bundesverfassungsgericht-verhandelt-zu-heizungsgesetz.jpeg,2026-07-23T03:31:15Z,,"Kaum ein Vorhaben der Ampel-Regierung sorgte für so hitzige Debatten wie das Heizungsgesetz. Während die schwarz-rote Koalition Kernpunkte kürzlich wieder abschaffte, hat das Bundesverfassungsgericht… [+5183 chars]",,de,'Heizen'
https://www.zeit.de/politik/ausland/2026-07/us-militaer-angriffe-iran-strasse-von-hormus,https://www.zeit.de/politik/ausland/2026-07/us-militaer-angriffe-iran-strasse-von-hormus,0,www.zeit.de,"Irankrieg: Zwei Tote bei US-Raketenangriffen auf Iran, Huthi schießen auf Tanker",Das US-Militär hat den ⁠Iran die ​zwölfte Nacht in Folge angegriffen. Auf Trumps Drohungen reagiert der Iran mit einer »Auge um Auge«-Doktrin. Das war die Nacht,https://img.zeit.de/politik/ausland/2026-07/us-militaer-angriffe-iran-strasse-von-hormus-foto-1/wide__1300x731,2026-07-23T03:47:04Z,,Das US-Militär hat in der Nacht seine Angriffe auf den Iran fortgesetzt. Es war die zwölfte nächtliche Angriffswelle in Folge. Das für den Nahen Osten zuständige Regionalkommando (Centcom) sagte erne… [+4076 chars],,de,'Iran'
https://www.tagesschau.de/wirtschaft/weltwirtschaft/klimaawandel-kosten-wirtschaft-100.html,https://www.tagesschau.de/wirtschaft/weltwirtschaft/klimaawandel-kosten-wirtschaft-100.html,0,www.tagesschau.de,Klimakrise: Was kostet das Nichtstun?,"Ökonomen warnen, die Folgen des Klimawandels belasteten die Wirtschaft immer stärker. Viele Unternehmen beklagen steigende Kosten durch zunehmende Extremwetter und fordern konsequenten Klimaschutz. Von Oda Lambrecht.",https://images.tagesschau.de/image/ce1f9c0b-3098-492c-8a5c-3ef9a8e6edc5/AAABnHFqiIg/AAABnSSvrFg/16x9-big/ueberschwemmung-marokko-104.jpg?width=1280,2026-07-23T04:00:17Z,,"Stand: 23.07.2026 06:00 Uhr
Ökonomen warnen, die Folgen des Klimawandels belasteten die Wirtschaft immer stärker. Viele Unternehmen beklagen steigende Kosten durch zunehmende Extremwetter und forder… [+6152 chars]",,de,'Klima'
https://www.tagesschau.de/wirtschaft/weltwirtschaft/ezb-lagarde-104.html,https://www.tagesschau.de/wirtschaft/weltwirtschaft/ezb-lagarde-104.html,0,www.tagesschau.de,EZB-Präsidentin Lagarde: Bleibt sie oder geht sie?,Verlässt Lagarde die EZB vor dem Ende ihrer Amtszeit? Vor einer weiteren Zinsentscheidung sind Mitarbeitende irritiert über Spekulationen. Denn die Aufgaben der Notenbank sind nicht erledigt: Die Inflation ist viel zu hoch. Von K.-J. Jackisch.,https://images.tagesschau.de/image/dee91844-8320-47df-84f1-8c8703b80ed5/AAABn4pJZxI/AAABnSSvrFg/16x9-big/lagarde-318.jpg?width=1280,2026-07-23T04:30:10Z,,"Stand: 23.07.2026 06:30 Uhr
Verlässt Lagarde die EZB vor dem Ende ihrer Amtszeit? Vor einer weiteren Zinsentscheidung sind Mitarbeitende irritiert über Spekulationen. Denn die Aufgaben der Notenbank… [+7509 chars]",,de,'Inflation'
https://www.faz.net/premium/weltwirtschaft/weltwissen/us-wirtschaft-fuenf-gruende-warum-sie-trotz-krise-waechst-accg-201047521.html,https://www.faz.net/premium/weltwirtschaft/weltwissen/us-wirtschaft-fuenf-gruende-warum-sie-trotz-krise-waechst-accg-201047521.html,0,www.faz.net,"Konjunktur: Fünf Gründe, warum die US-Wirtschaft nicht lahmt","In Amerika bleibt die vielfach vorhergesagte Krise bislang aus. Im Gegenteil: Die Wirtschaft wächst robust, der Arbeitsmarkt ist stabil und die Inflation erträglich. Analysten nennen dafür fünf Gründe.",https://media0.faz.net/image/w1200h627/bc09293d268d/w3000h1567x0y216o/202508/43601.0.1194798999/ist-es-ein-wunder-dass-es-der.webp,2026-07-23T04:50:00Z,,"Da ist es wieder, ein neues Zollgewitter von US-Präsident Donald Trump. Diesmal droht er Kanada mit einem Aufschlag von 50 Prozent auf bestimmte Produkte wie Hockeyschläger, Wein und Zement.  Damit r… [+244 chars]",,de,'Krise'
https://www.faz.net/premium/weltwirtschaft/weltwissen/der-iran-krieg-belebt-die-nordpolarroute-accg-201047772.html,https://www.faz.net/premium/weltwirtschaft/weltwissen/der-iran-krieg-belebt-die-nordpolarroute-accg-201047772.html,0,www.faz.net,Alternative Handelswege: Der Irankrieg belebt die Nordpolarroute,"Das durch die Blockade der Straße von Hormus neu entbrannte Ringen um die Schifffahrtsstraßen der Welt rückt auch die Nordpolarroute wieder in den Blickpunkt. Immer mehr asiatische Länder testen die Strecke, pumpen Geld in deren Erschließung oder vereinbaren …",https://media0.faz.net/image/w1200h627/b874b066e462/w8256h4313x0y595o/202604/43601.0.2015345387/im-schifffahrtsmuseum-von.webp,2026-07-23T04:50:00Z,,Südkorea will Anfang September mit einem Containerschiff die Strecke von seinem Hafen Busan über das norwegische Tromsø entlang Russlands Küste nach Rotterdam testen. Die Reisezeit soll statt 40 Tage… [+440 chars],,de,'Hormus'
https://www.zeit.de/politik/ausland/2026-07/oeltanker-encelia-rotes-meer-huthi-saudi-arabien,https://www.zeit.de/politik/ausland/2026-07/oeltanker-encelia-rotes-meer-huthi-saudi-arabien,0,www.zeit.de,Rotes Meer: Huthis greifen saudi-arabische Schiffe im Roten Meer an,Die Huthi-Miliz hat Tanker im Roten Meer beschossen. Anfang der Woche hatten die mit dem Iran verbündeten Huthis eine Seeblockade gegen saudi-arabische Schiffe verhängt.,https://img.zeit.de/politik/ausland/2026-07/oeltanker-encelia-rotes-meer-huthi-saudi-arabien-foto-1/wide__1300x731,2026-07-23T05:20:20Z,,Die jemenitische Huthi-Miliz hat eigenen Angaben zufolge zwei saudi-arabische Öltanker im Roten Meer beschossen. Damit setzte sie laut ihrer Darstellung eine kürzlich verhängte Seeblockade gegen Saud… [+1330 chars],,de,'Iran'
https://www.zeit.de/politik/ausland/2026-07/iran-krieg-usa-pete-hegseth-kongress-donald-trump,https://www.zeit.de/politik/ausland/2026-07/iran-krieg-usa-pete-hegseth-kongress-donald-trump,0,www.zeit.de,"Trumps Irankrieg: Ein »Scharmützel«, das außer Kontrolle gerät","Der Krieg gegen den Iran dauert länger und kostet deutlich mehr als von Donald Trump versprochen. Seine Ziele bleiben unklar, trotzdem droht der Präsident mit Eskalation.",https://img.zeit.de/politik/ausland/2026-07/iran-krieg-usa-pete-hegseth-kongress-donald-trump-bild-1/wide__1300x731,2026-07-23T05:32:18Z,,"Schließen
Artikelzusammenfassung
Der Krieg kommt im Leichenzug zurück nach Hause. Am Mittwoch salutierte Donald Trump auf der Dover Air Force Base bei der Überführung von vier gefallenen US-Soldate… [+1717 chars]",,de,'Hormus'
https://www.zeit.de/news/2026-07/23/video-fuehrt-polizei-zu-verdaechtigen-nach-obdachlosen-angriff,https://www.zeit.de/news/2026-07/23/video-fuehrt-polizei-zu-verdaechtigen-nach-obdachlosen-angriff,0,www.zeit.de,Kriminalität: Video führt Polizei zu Verdächtigen nach Obdachlosen-Angriff,Hier finden Sie Informationen zu dem Thema „Kriminalität“. Lesen Sie jetzt „Video führt Polizei zu Verdächtigen nach Obdachlosen-Angriff“.,https://img.zeit.de/news/2026-07/23/video-fuehrt-polizei-zu-verdaechtigen-nach-obdachlosen-angriff-image-group/wide__1300x731,2026-07-23T06:19:42Z,,"Nach einem Angriff auf einen obdachlosen Mann in Osnabrück im Juni hat die Polizei eine erste Durchsuchung durchgeführt. Wie ein Polizeisprecher mitteilte, trat und schlug ein 16-Jähriger in der Nach… [+648 chars]",,de,'Angriff'
https://www.zeit.de/news/2026-07/23/oelpreise-legen-weiter-zu-hoechster-stand-seit-anfang-juni,https://www.zeit.de/news/2026-07/23/oelpreise-legen-weiter-zu-hoechster-stand-seit-anfang-juni,0,www.zeit.de,Iran-Krieg: Ölpreise legen weiter zu - Höchster Stand seit Anfang Juni,Hier finden Sie Informationen zu dem Thema „Iran-Krieg“. Lesen Sie jetzt „Ölpreise legen weiter zu - Höchster Stand seit Anfang Juni“.,https://img.zeit.de/news/2026-07/23/oelpreise-legen-weiter-zu-hoechster-stand-seit-anfang-juni-image-group/wide__1300x731,2026-07-23T06:27:46Z,,Der Krieg zwischen den USA und dem Iran treibt die Ölpreise weiter in die Höhe. Der Preis für die Referenzsorte Brent aus der Nordsee zur Lieferung im September stieg erstmals seit Anfang Juni über d… [+1741 chars],,de,'Iran'
https://www.zeit.de/news/2026-07/23/angriff-in-neukoelln-ein-verdaechtiger-in-u-haft,https://www.zeit.de/news/2026-07/23/angriff-in-neukoelln-ein-verdaechtiger-in-u-haft,0,www.zeit.de,Kriminalität: Angriff in Neukölln: Ein Verdächtiger in U-Haft,Hier finden Sie Informationen zu dem Thema „Kriminalität“. Lesen Sie jetzt „Angriff in Neukölln: Ein Verdächtiger in U-Haft“.,https://img.zeit.de/news/2026-07/23/angriff-in-neukoelln-ein-verdaechtiger-in-u-haft-image-group/wide__1300x731,2026-07-23T06:39:48Z,,Am S-Bahnhof Neukölln haben zwei Männer auf einen weiteren Mann eingeschlagen und eingetreten und ihn dadurch verletzt. Zuvor war es laut einer Polizeimitteilung in der Nacht auf Mittwoch zu einer ve… [+982 chars],,de,'Angriff'
https://www.faz.net/aktuell/politik/ausland/liveblog-irankrieg-iran-greift-us-stellungen-in-jordanien-und-kuwait-an-faz-200583539.html,https://www.faz.net/aktuell/politik/ausland/liveblog-irankrieg-iran-greift-us-stellungen-in-jordanien-und-kuwait-an-faz-200583539.html,0,www.faz.net,Liveblog Irankrieg: Iran greift US-Stellungen in Jordanien und Kuwait an,Raketensysteme und Waffenlager ‌Ziel der Angriffe +++ USA melden Angriffe auf Iran +++ Nach Trumps Drohung: Iran kündigt Vergeltung und Ölblockade an +++ alle Entwicklungen im Liveblog,https://media0.faz.net/image/w1200h627/64d4c965e831/w6000h3135x0y438o/202607/43601.0.2357025697/auch-in-jordanien-hat-iran-us.webp,2026-07-23T06:45:54Z,,Nach der jüngsten Drohung von US-Präsident Donald Trump mit Angriffen auf Brücken oder Kraftwerke in Iran hat Teheran für diesen Fall Vergeltung angekündigt. Unsere Verteidigungsdoktrin ist klar: Aug… [+962 chars],,de,'Iran'
https://www.zeit.de/politik/ausland/2026-07/eu-sanktionen-russland-oelpreisdeckel-energiesektor,https://www.zeit.de/politik/ausland/2026-07/eu-sanktionen-russland-oelpreisdeckel-energiesektor,0,www.zeit.de,EU-Sanktionen gegen Russland: EU verhängt neue Sanktionen gegen Russland,Mit einem weiteren Sanktionspaket will die EU Druck auf Russland ausüben. Der Einigung auf die neuen Strafmaßnahmen waren schwierige Verhandlungen vorausgegangen.,https://img.zeit.de/politik/ausland/2026-07/eu-sanktionen-russland-oelpreisdeckel-energiesektor-foto-1/wide__1300x731,2026-07-23T09:34:22Z,,Die EU-Staaten haben sich auf ein neues Sanktionspaket gegen Russland geeinigt. Die Pläne sehen unter anderem weitere Maßnahmen gegen den russischen Finanz- und Energiesektor sowie ein Einreiseverbot… [+1055 chars],,de,'Hormus'
https://steiermark.orf.at/stories/3363915/,https://steiermark.orf.at/stories/3363915/,0,steiermark.orf.at,Lebensmittel: Preisvergleich lohnt sich,"Seit der Einführung der Mehrwertsteuersenkung auf viele Produkte ist ein Einkauf durchschnittlich um fast acht Prozent günstiger geworden. Laut AK kann sich ein Haushalt bis zu 30 Euro pro Einkauf sparen, wenn man Preise vergleicht.",https://ibs.orf.at/stm?image=https%3A%2F%2Foekastatic.orf.at%2Fmims%2F2026%2F21%2F86%2Fcrops%2Fw%3D1200%2Ch%3D627%2Cq%3D75%2F3045680_master_1178586_c055685e-9be7-4648-9f42-fe48b19cccc8.jpg%3Fs%3D3deb4831106c8e174dea3424da24e8e68e9af431,2026-07-23T09:45:47Z,,"Im Vergleich zum April ist ein Warenkorb der Arbeiterkammer Steiermark mit ausgesuchten Vergleichsprodukten um 7,58 Prozent billiger geworden. Andrea Büdenbender von der AK-Marktforschung zählt einig… [+1489 chars]",,de,'Inflation'
https://www.bild.de/leben-wissen/mein-geld-finanzportal/drei-experten-warnen-vor-diesen-fehlern-beim-sparen-und-anlegen-6a5e392bdde33743432a6d0f,https://www.bild.de/leben-wissen/mein-geld-finanzportal/drei-experten-warnen-vor-diesen-fehlern-beim-sparen-und-anlegen-6a5e392bdde33743432a6d0f,0,www.bild.de,Money Mittwoch bei BILD - Drei Experten warnen vor diesen Geld-Fehlern,"Börsenstarts im Herbst, steigende Inflation und teure Fehler bei der Steuererklärung.","https://images.bild.de/6a5e392bdde33743432a6d0f/34c36ce2e8338d6c6b5569957213971b,87e37b17?w=1280",2026-07-23T11:21:16Z,,"Mehr zum Video anzeigen 
Börsenstarts im Herbst, steigende Inflation und teure Fehler bei der Steuererklärung: Drei Experten geben im BILD-Finanztalk Money Mittwoch wichtige Tipps, damit Anleger und… [+63 chars]",,de,'Inflation'
https://www.nzz.ch/wirtschaft/die-erneute-eskalation-des-golfkriegs-alarmiert-die-ezb-doch-die-notenbank-verzichtet-vorerst-auf-eine-zinserhoehung-ld.10016278,https://www.nzz.ch/wirtschaft/die-erneute-eskalation-des-golfkriegs-alarmiert-die-ezb-doch-die-notenbank-verzichtet-vorerst-auf-eine-zinserhoehung-ld.10016278,0,www.nzz.ch,Die erneute Eskalation des Golfkriegs alarmiert die EZB – doch die Notenbank verzichtet vorerst auf eine Zinserhöhung,Die Entwicklung der Erdölpreise hat einen starken Einfluss auf die Inflation. Durch die neuerliche Verschärfung der Lage am Persischen Golf droht jetzt ein weiterer Energiepreis- und Inflationsschock.,"https://img-msp-prod.nzz.ch/2026/07/20/8e283548-8c45-4f88-b388-43fc32ab0af1.jpg?width=1200&height=674&fit=bounds&quality=75&auto=webp&crop=7592,4270,x0,y397&wmark=nzz",2026-07-23T12:15:20Z,,Die Entwicklung der Erdölpreise hat einen starken Einfluss auf die Inflation. Durch die neuerliche Verschärfung der Lage am Persischen Golf droht jetzt ein weiterer Energiepreis- und Inflationsschock… [+4641 chars],,de,'Inflation'
https://www.tagesspiegel.de/wirtschaft/geldpolitik-ezb-wartet-ab-zinserhohung-erst-im-september-erwartet-15871683.html,https://www.tagesspiegel.de/wirtschaft/geldpolitik-ezb-wartet-ab-zinserhohung-erst-im-september-erwartet-15871683.html,0,www.tagesspiegel.de,Geldpolitik: EZB wartet ab - Zinserhöhung erst im September erwartet,Die Inflation hat sich zuletzt abgeschwächt. Das ermöglicht der Europäischen Zentralbank eine Zinspause. Doch die Unsicherheit wegen des Iran-Krieges bleibt.,https://www.tagesspiegel.de/images/15871758/alternates/BASE_16_9_W1400/1784809240000/europaische-zentralbank.jpeg,2026-07-23T12:16:48Z,,Im Euroraum bleiben die Leitzinsen trotz anhaltender Inflationsgefahren vorerst unverändert. Nachdem die Europäische Zentralbank (EZB) im Juni erstmals seit fast drei Jahren die Zinsen angehoben hatt… [+3600 chars],,de,'Inflation'
https://www.sueddeutsche.de/wirtschaft/ezb-leitzins-inflation-eurozone-rohstoffpreise-li.3519943,https://www.sueddeutsche.de/wirtschaft/ezb-leitzins-inflation-eurozone-rohstoffpreise-li.3519943,0,www.sueddeutsche.de,Geldpolitik: EZB hält Leitzins konstant,Die Europäische Zentralbank hält den Leitzins stabil trotz steigender Inflation und Ölpreiserhöhung durch den Iran-Konflikt. Tagesgeldzinsen in Deutschland steigen kaum.,https://www.sueddeutsche.de/2026/07/23/8db3391c-c007-48f5-9202-5aef9d18fb56.jpg?q=60&fm=webp&width=1200&rect=0%2C213%2C4000%2C2250,2026-07-23T12:18:49Z,,"Angesichts der erneuten Eskalation im Iran-Krieg möchte die Notenbank aber zunächst Zeit gewinnen, um die Auswirkungen des Konflikts auf die Rohstoffpreise und die Inflation insgesamt abschätzen zu k… [+2225 chars]",,de,'Inflation'
https://www.derstandard.at/story/3000000332513/ezb-wartet-trotz-hoher-inflation-mit-zweiter-zinserhoehung-zu,https://www.derstandard.at/story/3000000332513/ezb-wartet-trotz-hoher-inflation-mit-zweiter-zinserhoehung-zu,0,www.derstandard.at,EZB wartet trotz hoher Inflation mit zweiter Zinserhöhung zu,"Nach einer Anhebung im Juni hält die Notenbank trotz der Folgen des Irankriegs die Zinsen vorerst stabil. Experten erwarten jedoch, dass die EZB im September nachlegen wird",https://i.ds.at/hXsqSg/rs:fill:1200:600/plain/lido-images/2026/07/22/5f3759d0-6a47-44db-85e7-ab7bbf2de974.jpg,2026-07-23T12:20:00Z,,"Der EZB-Rat um Notenbankchefin Christine Lagarde lässt die Zinsen auf dem bisherigen Niveau.
APA/dpa/Florian Wiegand
Trotz der deutlich erhöhten Inflation im Euroraum hat die Europäische Zentralban… [+829 chars]",,de,'Inflation'
https://www.zeit.de/news/2026-07/23/frau-nach-angriff-in-einkaufszentrum-in-lebensgefahr,https://www.zeit.de/news/2026-07/23/frau-nach-angriff-in-einkaufszentrum-in-lebensgefahr,0,www.zeit.de,Vorfall in Stuttgart: Frau nach Angriff in Einkaufszentrum in Lebensgefahr,Hier finden Sie Informationen zu dem Thema „Vorfall in Stuttgart“. Lesen Sie jetzt „Frau nach Angriff in Einkaufszentrum in Lebensgefahr“.,https://img.zeit.de/news/2026-07/23/frau-nach-angriff-in-einkaufszentrum-in-lebensgefahr-image-group/wide__1300x731,2026-07-23T12:27:26Z,,"Die Frau, die in einem Stuttgarter Einkaufszentrum angegriffen und angezündet wurde, schwebt nach Polizeiangaben in Lebensgefahr. Die 47-Jährige habe Stich- und Brandverletzungen erlitten und befinde… [+539 chars]",,de,'Angriff'
https://www.zeit.de/wirtschaft/2026-07/ezb-leitzins-zinsentscheidung-einlagensatz-geldpolitik,https://www.zeit.de/wirtschaft/2026-07/ezb-leitzins-zinsentscheidung-einlagensatz-geldpolitik,0,www.zeit.de,Europäische Zentralbank: EZB lässt Leitzinsen unverändert,Die EZB bleibt vorerst wie erwartet bei ihren Leitzinsen. Erst im Juni hatte sie diese angehoben – erstmals seit 2023 wegen der Inflation aufgrund des Irankriegs.,https://img.zeit.de/wirtschaft/2026-07/ezb-leitzins-zinsentscheidung-einlagensatz-geldpolitik-foto-1/wide__1300x731,2026-07-23T12:32:41Z,,"Die Europäische Zentralbank (EZB) hält den Leitzins
unverändert. Der Einlagensatz, über den die Notenbank maßgeblich ihre Geldpolitik
steuert, bleibt
bei 2,25 Prozent, teilte die Bank mit. Erst im… [+3308 chars]",,de,'Inflation'
https://www.zeit.de/wirtschaft/2026-07/regierung-bulgarien-discounter-preise-inflation-marktmacht,https://www.zeit.de/wirtschaft/2026-07/regierung-bulgarien-discounter-preise-inflation-marktmacht,0,www.zeit.de,Discounter: Wie Bulgarien Lidl und Rewe die Preise diktiert,Offiziell ist es Inflationsbekämpfung. Doch mit neuen Regeln wehrt sich Bulgariens Regierung auch gegen die Marktmacht der Discounterketten der Gruppen Schwarz und Rewe.,https://img.zeit.de/wirtschaft/2026-07/regierung-bulgarien-discounter-preise-inflation-marktmacht-bild/wide__1300x731,2026-07-23T12:43:03Z,,"Inhalt
Auf einer Seite lesen
 Inhalt
<ol><li>Seite 1Wie Bulgarien Lidl und Rewe die Preise diktiert
</li><li>Seite 2Wer treibt die Preise wirklich?</li></ol>
Sonja Lazarova hat den Einkaufswagen… [+6250 chars]",,de,'Inflation'
https://www.n-tv.de/wirtschaft/EZB-haelt-Leitzins-konstant-mit-Blick-auf-weitere-Erhoehung-id31117784.html,https://www.n-tv.de/wirtschaft/EZB-haelt-Leitzins-konstant-mit-Blick-auf-weitere-Erhoehung-id31117784.html,0,www.n-tv.de,Iran-Kämpfe treiben Inflation: EZB hält Leitzins konstant - mit Blick auf weitere Erhöhung,"Im Juni hatte die EZB den Leitzins angehoben, um den Preissteigerungen infolge des Iran-Kriegs zu begegnen. Nun legen die Währungshüter eine Pause ein - die jedoch nicht lange dauern dürfte. Denn der Iran-Krieg flammt wieder auf und lässt die Ölpreise steigen.",https://www.n-tv.de/img/31117772/1784816435/Img_16_9/1200/ARCHIV-11-06-2026-Rheinland-Pfalz-Frankfurt-am-Main-Die-Sonne-scheint-ueber-der-Europaeischen-Zentralbank-EZB-in-Frankfurt-am-Main.jpg,2026-07-23T12:55:18Z,,"Schönes Wetter für die EZB? Eher nicht. Der Iran-Krieg könnte die Inflation wieder steigen lassen. (Foto: dpa)
Im Juni hatte die EZB den Leitzins angehoben, um den Preissteigerungen infolge des Iran… [+3868 chars]",,de,'Iran'
https://www.zeit.de/news/2026-07/23/preis-fuer-brent-rohoel-steigt-ueber-100-dollar,https://www.zeit.de/news/2026-07/23/preis-fuer-brent-rohoel-steigt-ueber-100-dollar,0,www.zeit.de,Preise: Preis für Brent-Rohöl steigt über 100 Dollar,Hier finden Sie Informationen zu dem Thema „Preise“. Lesen Sie jetzt „Preis für Brent-Rohöl steigt über 100 Dollar“.,https://img.zeit.de/administratives/sharing/fallback-image-die-zeit/wide__1300x731,2026-07-23T13:15:44Z,,Der Preis für Rohöl der Referenzsorte Brent ist am Donnerstag auf 100 Dollar je Barrel (159 Liter) gestiegen. Damit setzt sich der Preisanstieg angesichts der anhaltenden Angriffe im Iran-Krieg fort.… [+38 chars],,de,'Preis'
https://www.faz.net/aktuell/finanzen/oelpreis-springt-wieder-ueber-100-dollar-201058751.html,https://www.faz.net/aktuell/finanzen/oelpreis-springt-wieder-ueber-100-dollar-201058751.html,0,www.faz.net,IRankrieg: Ölpreis springt wieder über 100 Dollar,"Der Irankrieg eskaliert, Öl wird teurer und teurer. Jetzt ist eine wichtige Marke überschritten.",https://media0.faz.net/image/w1200h627/aa7cef657d1a/w6720h3511x0y484o/202607/43601.0.2362968117/das-meerstueck-vor-bab-el.webp,2026-07-23T13:16:54Z,,Der Preis für ein Barrel (159 Liter) der Rohölsorte Brent überschritt am Donnerstag wieder die Marke von 100 Dollar. Innerhalb von drei Wochen ist der Preis damit um 37 Prozent gestiegen. Über 100 Do… [+2136 chars],,de,'Preis'
https://www.zeit.de/news/2026-07/23/angriff-in-einkaufszentrum-was-wir-wissen-und-was-nicht,https://www.zeit.de/news/2026-07/23/angriff-in-einkaufszentrum-was-wir-wissen-und-was-nicht,0,www.zeit.de,Kriminalität: Angriff in Einkaufszentrum: Was wir wissen und was nicht,Hier finden Sie Informationen zu dem Thema „Kriminalität“. Lesen Sie jetzt „Angriff in Einkaufszentrum: Was wir wissen und was nicht“.,https://img.zeit.de/news/2026-07/23/angriff-in-einkaufszentrum-was-wir-wissen-und-was-nicht-image-group/wide__1300x731,2026-07-23T13:28:07Z,,"Ein Mann soll eine Frau in einem Stuttgarter Einkaufszentrum mit einem Messer angegriffen und angezündet haben. 
Was wir wissen
- Ort und Zeitpunkt der Tat: In einem Einkaufszentrum am Mailänder Pl… [+2406 chars]",,de,'Angriff'
https://www.nzz.ch/international/die-eu-verwaessert-die-neuen-russland-sanktionen-griechenland-sichert-sich-eine-ausnahmeregelung-fuer-den-gastransport-ld.10016687,https://www.nzz.ch/international/die-eu-verwaessert-die-neuen-russland-sanktionen-griechenland-sichert-sich-eine-ausnahmeregelung-fuer-den-gastransport-ld.10016687,0,www.nzz.ch,Die EU verwässert die neuen Russland-Sanktionen: Griechenland sichert sich eine Ausnahmeregelung für den Gastransport,"Fischstäbchen werden weiterhin aus russischem Kabeljau gefertigt, und das Einreiseverbot für Soldaten kommt für den Moment nicht. Das 21. Sanktionspaket ist von Eigeninteressen der EU-Staaten geprägt.","https://img-msp-prod.nzz.ch/2026/07/23/466eb9f8-9ffb-4567-b415-c9cdfd33b3e8.jpg?width=1200&height=674&fit=bounds&quality=75&auto=webp&crop=5000,2812,x0,y260&wmark=nzz",2026-07-23T13:58:03Z,,"Fischstäbchen werden weiterhin aus russischem Kabeljau gefertigt, und das Einreiseverbot für Soldaten kommt für den Moment nicht. Das 21. Sanktionspaket ist von Eigeninteressen der EU-Staaten geprägt… [+5305 chars]",,de,'Erdöl'
https://www.golem.de/sonstiges/zustimmung/auswahl.html?from=https://www.golem.de/news/anzeige-akku-multifunktionswerkzeug-zum-sparpreis-bei-amazon-2607-211214.html&referer=https://t.co/abe4822164,https://www.golem.de/sonstiges/zustimmung/auswahl.html?from=https://www.golem.de/news/anzeige-akku-multifunktionswerkzeug-zum-sparpreis-bei-amazon-2607-211214.html&referer=https://t.co/abe4822164,0,www.golem.de,Anzeige: Akku-Multifunktionswerkzeug zum Sparpreis bei Amazon,Ein Akku-Multifunktionswerkzeug von Fanttik für Präzisionsarbeiten an filigranen Oberflächen gibt es bei Amazon zum reduzierten Preis. (Technik/Hardware),,2026-07-23T14:12:02Z,,"Besuchen Sie Golem.de wie gewohnt mit Werbung und Tracking,
 indem Sie der Nutzung aller Cookies zustimmen.
 Details zum Tracking finden Sie im Privacy Center.
Skript wurde nicht geladen. Informat… [+607 chars]",,de,'Preis'
https://www.zeit.de/news/2026-07/23/trump-droht-iran-nach-huthi-angriffen-mit-schwerer-strafe,https://www.zeit.de/news/2026-07/23/trump-droht-iran-nach-huthi-angriffen-mit-schwerer-strafe,0,www.zeit.de,Iran-Krieg: Trump droht Iran nach Huthi-Angriffen mit «schwerer Strafe»,Hier finden Sie Informationen zu dem Thema „Iran-Krieg“. Lesen Sie jetzt „Trump droht Iran nach Huthi-Angriffen mit «schwerer Strafe»“.,https://img.zeit.de/news/2026-07/23/trump-droht-iran-nach-huthi-angriffen-mit-schwerer-strafe-image-group/wide__1300x731,2026-07-23T15:30:45Z,,"Nach Angriffen der Huthi-Miliz vor Jemens Küste hat US-Präsident Donald Trump dem Iran im Falle einer erneuten Attacke mit Vergeltung gedroht. «Sollten sie dies erneut tun, werden die USA den Iran zu… [+5494 chars]",,de,'Angriff'
https://www.zeit.de/news/2026-07/23/dubai-will-besucher-locken-praemien-im-wert-von-700-euro,https://www.zeit.de/news/2026-07/23/dubai-will-besucher-locken-praemien-im-wert-von-700-euro,0,www.zeit.de,Folgen des Iran-Kriegs: Dubai will Besucher locken - Prämien im Wert von 700 Euro,Hier finden Sie Informationen zu dem Thema „Folgen des Iran-Kriegs“. Lesen Sie jetzt „Dubai will Besucher locken - Prämien im Wert von 700 Euro“.,https://img.zeit.de/news/2026-07/23/dubai-will-besucher-locken-praemien-im-wert-von-700-euro-image-group/wide__1300x731,2026-07-23T16:50:55Z,,"Die vom Iran-Krieg wirtschaftlich schwer getroffene Metropole Dubai bietet Anwohnern Prämien im Wert von umgerechnet 700 Euro, wenn sie Besucher in die Stadt holen. Jeder Anwohner könne Vergünstigung… [+1444 chars]",,de,'Iran'
https://www.faz.net/aktuell/wirtschaft/mehr-wirtschaft/folgen-des-iran-kriegs-dubai-will-mit-praemien-fuer-anwohner-besucher-locken-201059899.html,https://www.faz.net/aktuell/wirtschaft/mehr-wirtschaft/folgen-des-iran-kriegs-dubai-will-mit-praemien-fuer-anwohner-besucher-locken-201059899.html,0,www.faz.net,Folgen des IRan-kriegs: Dubai will mit Prämien für Anwohner Besucher locken,Das Image Dubais hat wegen des Iran-Kriegs gelitten — und damit der Tourismus. Nun versucht die Stadt wieder mehr Touristen anzuziehen.,https://media0.faz.net/image/w1200h627/50d4cb3f1e33/w6000h3135x0y433o/202607/43601.0.2364782038/der-iran-krieg-hat-den.webp,2026-07-23T17:20:42Z,,"Die vom Iran-Krieg wirtschaftlich schwer getroffene Metropole Dubai bietet Anwohnern Prämien im Wert von umgerechnet 700 Euro, wenn sie Besucher in die Stadt holen. Jeder Anwohner könne Vergünstigung… [+1379 chars]",,de,'Iran'
https://www.diepresse.com/39080820/iran-angriffe-auf-oeltanker-und-plaene-fuer-einen-bodenkrieg,https://www.diepresse.com/39080820/iran-angriffe-auf-oeltanker-und-plaene-fuer-einen-bodenkrieg,0,www.diepresse.com,Iran: Angriffe auf Öltanker und Pläne für einen Bodenkrieg [premium],"Die Houthis, Irans Verbündete im Jemen, attackieren saudische Schiffe. Die USA drohen mit Vergeltung und bereiten eine Ausweitung des Kampfeinsatzes vor.",https://img.diepresse.com/public/incoming/bwcms1-2026-07-23t142129z575821002rc2ofmayts88rtrmadp3iran-crisis-houthis-guardsjpg/alternates/WEBP_WIDE_1200/2026-07-23T142129Z_575821002_RC2OFMAYTS88_RTRMADP_3_IRAN-CRISIS-HOUTHIS-GUARDS.JPG,2026-07-23T18:11:52Z,,"Die Houthi-Milizen im Jemen haben ihre Drohungen wahr gemacht. Sie haben damit begonnen, saudische Öltanker im Roten Meer zu attackieren. Am Bug des Schiffes Encelia sei Feuer ausgebrochen, berichtet… [+4067 chars]",,de,'Erdöl'
https://www.zeit.de/news/2026-07/23/viele-verletzte-nach-russischem-bombenabwurf-auf-slowjansk,https://www.zeit.de/news/2026-07/23/viele-verletzte-nach-russischem-bombenabwurf-auf-slowjansk,0,www.zeit.de,Ukraine-Krieg: Viele Verletzte nach russischem Bombenabwurf auf Slowjansk,Hier finden Sie Informationen zu dem Thema „Ukraine-Krieg“. Lesen Sie jetzt „Viele Verletzte nach russischem Bombenabwurf auf Slowjansk“.,https://img.zeit.de/news/2026-07/23/viele-verletzte-nach-russischem-bombenabwurf-auf-slowjansk-image-group/wide__1300x731,2026-07-23T18:53:39Z,,"Russische Gleitbomben haben mindestens 14 Menschen in der Stadt Slowjansk im Osten der Ukraine verletzt. Sieben Wohnblocks seien beschädigt worden, schrieb der ukrainische Militärgouverneur der Regio… [+519 chars]",,de,'Ukraine'
https://www.faz.net/aktuell/wirtschaft/klima-nachhaltigkeit/flusswasserwaermepumpe-wenn-der-rhein-zur-heizung-wird-201059709.html,https://www.faz.net/aktuell/wirtschaft/klima-nachhaltigkeit/flusswasserwaermepumpe-wenn-der-rhein-zur-heizung-wird-201059709.html,0,www.faz.net,Flusswasserwärmepumpe: Wenn der Rhein zur Heizung wird,Der Bau von Europas größter Flusswasserwärmepumpe geht jetzt in die entscheidende Phase. Energieökonomen versprechen sich viel von dieser Art des Heizens – warnen allerdings vor mehreren Hürden.,https://media0.faz.net/image/w1200h627/9d8dded70eb4/w6144h3210x0y142o/202607/43601.0.2364399623/prominenz-fuer-ein.webp,2026-07-23T19:25:59Z,,"Wer das wärmewirtschaftliche Vorzeigeprojekt Kölns sehen möchte, muss ein Stück den Rhein entlangfahren. Den Fluss säumen in dieser Niedrigwasserperiode breite Kiesstrände, vom Ufer her riecht es muf… [+6841 chars]",,de,'heizen'
https://www.zeit.de/news/2026-07/24/trump-iran-muss-ab-sofort-fuer-schaeden-an-schiffen-zahlen,https://www.zeit.de/news/2026-07/24/trump-iran-muss-ab-sofort-fuer-schaeden-an-schiffen-zahlen,0,www.zeit.de,Iran-Krieg: Trump: Iran muss ab sofort für Schäden an Schiffen zahlen,Hier finden Sie Informationen zu dem Thema „Iran-Krieg“. Lesen Sie jetzt „Trump: Iran muss ab sofort für Schäden an Schiffen zahlen“.,https://img.zeit.de/news/2026-07/24/trump-iran-muss-ab-sofort-fuer-schaeden-an-schiffen-zahlen-image-group/wide__1300x731,2026-07-23T23:18:20Z,,Inmitten des Streits um die Straße von Hormus will US-Präsident Donald Trump den Iran für Schäden an Schiffen und Frachtgut zur Rechenschaft ziehen. Jegliche Schäden dieser Art würden ab sofort mit i… [+844 chars],,de,'Hormus'
https://www.tagesschau.de/ausland/nahost-schiffe-verlegung-100.html,https://www.tagesschau.de/ausland/nahost-schiffe-verlegung-100.html,0,www.tagesschau.de,Nahost: Deutschland zieht Marineschiffe aus Golf von Aden ab,"Erst im Juni hatte die Bundesregierung zwei Marineschiffe nach Ostafrika verlegt, um für einen möglichen Einsatz in der Straße von Hormus bereitzustehen. Nun sollen sie wieder abziehen - wegen der instabilen Lage in Nahost.",https://images.tagesschau.de/image/e788d1f0-a90e-4d87-b5bd-7aab56e326c8/AAABn5EqKQo/AAABnSSvrFg/16x9-big/schiff-marine-fulda-100.jpg?width=1280,2026-07-24T00:34:07Z,,"Stand: 24.07.2026 02:34 Uhr
Erst im Juni hatte die Bundesregierung zwei Marineschiffe nach Ostafrika verlegt, um für einen möglichen Einsatz in der Straße von Hormus bereitzustehen. Nun sollen sie w… [+1161 chars]",,de,'Hormus'
https://www.nzz.ch/meinung/zunehmende-hitzewellen-europas-klimapolitik-braucht-mehr-anpassung-weniger-illusionen-ld.10016562,https://www.nzz.ch/meinung/zunehmende-hitzewellen-europas-klimapolitik-braucht-mehr-anpassung-weniger-illusionen-ld.10016562,0,www.nzz.ch,"KOMMENTAR - Zunehmende Hitzewellen: Europas Klimapolitik braucht mehr Anpassung, weniger Illusionen","Es wird immer heisser, und das Pariser Klimaziel rückt in weite Ferne. Europas Klimapolitik braucht einen Kurswechsel: mehr Anpassung an die Hitze, mehr Technologie, mehr Kostenbewusstsein.","https://img-msp-prod.nzz.ch/2026/07/23/d959ed3f-f75a-4a19-bed0-41c145635da4.jpg?width=1200&height=675&fit=bounds&quality=75&auto=webp&crop=5415,3046,x0,y450&wmark=nzz",2026-07-24T03:30:00Z,,"Es wird immer heisser, und das Pariser Klimaziel rückt in weite Ferne. Europas Klimapolitik braucht einen Kurswechsel: mehr Anpassung an die Hitze, mehr Technologie, mehr Kostenbewusstsein.
24.07.20… [+10701 chars]",,de,'Erdöl'
https://www.nzz.ch/wirtschaft/iran-krieg-neben-erdoel-verteuern-raffinerie-probleme-benzin-und-diesel-ld.10016553,https://www.nzz.ch/wirtschaft/iran-krieg-neben-erdoel-verteuern-raffinerie-probleme-benzin-und-diesel-ld.10016553,0,www.nzz.ch,Preishoch bei Benzin und Diesel: Autolenker haben noch mehr Probleme als den Iran-Krieg,Erdöl kostet erneut über 100 Dollar pro Fass – aber Treibstoffe sind weltweit schon viel früher wieder teurer geworden. Die Schweiz hat eine besondere Sorge.,"https://img-msp-prod.nzz.ch/2026/07/23/3bf11b22-8b73-4c77-9f27-25c305465f88.jpg?width=1200&height=675&fit=bounds&quality=75&auto=webp&crop=2768,1557,x0,y518&wmark=nzz",2026-07-24T03:30:00Z,,"Erdöl kostet erneut über 100 Dollar pro Fass aber Treibstoffe sind weltweit schon viel früher wieder teurer geworden. Die Schweiz hat eine besondere Sorge.
Zusammenfassung
Benzin und Diesel sind kn… [+7071 chars]",,de,'Erdöl'
https://www.zeit.de/wirtschaft/2026-07/usa-iran-krieg-energiemaerkte-oel-preisanstieg,https://www.zeit.de/wirtschaft/2026-07/usa-iran-krieg-energiemaerkte-oel-preisanstieg,0,www.zeit.de,Irankrieg: Jetzt droht wirklich der Ölschock,"Durch Kriege und Krisen gibt es drei Engstellen in den Lieferrouten. Die Reserven sind so leer wie seit Jahrzehnten nicht. Die Ölkrise ist nicht vorbei, im Gegenteil.",https://img.zeit.de/politik/ausland/2026-07/oelpreis-anstieg-irankrieg-oelkrise-weltwirtschaft-bild-2/wide__1300x731,2026-07-24T05:32:52Z,,"Schließen
Artikelzusammenfassung
Der Ölmarkt steht wieder unter Strom. Nach der kurzen Entspannungsphase infolge des Deals zwischen Donald Trump und Teheran kippt die Lage erneut: Der Krieg flammt … [+1420 chars]",,de,'Iran'
https://www.telepolis.de/article/Deutschland-Kraftstoffpreise-nominal-auf-Hoechststaenden-11373241.html,https://www.telepolis.de/article/Deutschland-Kraftstoffpreise-nominal-auf-Hoechststaenden-11373241.html,0,www.telepolis.de,Deutschland: Kraftstoffpreise nominal auf Höchstständen,"Die Unsicherheiten nach den Angriffen um die Straße von Hormus, am Persischen Golf und am Eingang zum Roten Meer bringen neue Preiserhöhungen an den Zapfsäulen.",https://heise.cloudimg.io/bound/1200x1200/q85.png-lossy-85.webp-lossy-85.foil1/_www-heise-de_/imgs/18/5/1/2/1/1/5/4/auto-spardose-4-f8b91977333c572f.jpg,2026-07-24T06:00:00Z,,"Die Unsicherheiten nach den Angriffen um die Straße von Hormus, am Persischen Golf und am Eingang zum Roten Meer bringen neue Preiserhöhungen an den Zapfsäulen.
Nachdem der zweimonatige Tankrabatt p… [+5169 chars]",,de,'Angriff'
https://www.focus.de/politik/ausland/iran-einsatz-von-us-bodentruppen-ist-nicht-mehr-ausgeschlossen_8b6fdb2e-e737-400d-9441-712ed677f2b3.html,https://www.focus.de/politik/ausland/iran-einsatz-von-us-bodentruppen-ist-nicht-mehr-ausgeschlossen_8b6fdb2e-e737-400d-9441-712ed677f2b3.html,0,www.focus.de,Iran: Einsatz von US-Bodentruppen ist nicht mehr ausgeschlossen,Nach tödlichen Angriffen Irans auf US-Soldaten eskaliert Donald Trump den Krieg: Jetzt geraten nicht mehr nur Raketenstellungen und das Atomprogramm ins Visier. Analysten sehen längst auch den begrenzten Einsatz von Bodentruppen als Option.,"https://quadro.burda-forward.de/ctf/d537655b-4b7a-4072-b433-ce7e04ce6e90.48cdde5d-0e5f-43e9-a142-dfceac549504.jpg?im=RegionOfInterestCrop=(1200,630),regionOfInterest=(1395,1265)&hash=940c23f4d29733a8da188c93985933bec79b9f9faf00fdbb79c9705a1d8e3e98",2026-07-24T06:19:00Z,,Der Iran-Krieg erlebt eine massive Eskalation zunächst provoziert durch das Mullah-Regime in Teheran und nun erkennbar auch durch Maßnahmen Washingtons wie eine massive Truppenverlegung. Die Militäro… [+6066 chars],,de,'Angriff'
https://www.zeit.de/wirtschaft/2026-07/konsumklima-deutschland-gfk-nim-index-verbraucher-gxe,https://www.zeit.de/wirtschaft/2026-07/konsumklima-deutschland-gfk-nim-index-verbraucher-gxe,0,www.zeit.de,Konsumklima: Konsumstimmung bleibt auf niedrigem Niveau,"Der Tankrabatt ist ausgelaufen, die Menschen in Deutschland sorgen sich vor der Inflation. Das Konsumklima verschlechtert sich deswegen leicht.",https://img.zeit.de/wirtschaft/2026-07/konsumklima-deutschland-gfk-nim-index-verbraucher-foto-1/wide__1300x731,2026-07-24T07:16:56Z,,"Die Konsumstimmung in Deutschland bleibt auf einem niedrigen Niveau. Der Konsumklima-Index für August sank leicht um 0,3 Zähler auf minus 29,6 Punkte, wie die Forscher der Gesellschaft für Konsumfors… [+1470 chars]",,de,'Inflation'
https://www.dw.com/de/trump-drohung-iran-schaden-schiffe-stra%C3%9Fe-von-hormus-angriffe-golfstaaten-krieg-repraesentantenhaus/a-78097349,https://www.dw.com/de/trump-drohung-iran-schaden-schiffe-stra%C3%9Fe-von-hormus-angriffe-golfstaaten-krieg-repraesentantenhaus/a-78097349,0,www.dw.com,Trump: Iran soll Reparatur der Schäden an Frachtern bezahlen,"Neben anhaltenden Bombardements versucht US-Präsident Trump nun, Iran mit finanziellen Forderungen unter Druck zu setzen. Teheran reagiert empört. Angesichts anhaltender Angriffe auf Handelsschiffe in der Golfregion, will US-Präsident Donald Trump Teheran für…",https://static.dw.com/image/78092200_6.jpg,2026-07-24T10:18:00Z,,"Angesichts anhaltender Angriffe auf Handelsschiffe in der Golfregion, will US-Präsident Donald Trump Teheran für entstandene Schäden zur Kasse bitten. ""Von nun an werden Schäden an Schiffen, Ladung o… [+4771 chars]",,de,'Erdöl'
https://www.zeit.de/news/2026-07/24/festnahme-nach-steinwurf-aus-hochhaus-auf-polizeiauto,https://www.zeit.de/news/2026-07/24/festnahme-nach-steinwurf-aus-hochhaus-auf-polizeiauto,0,www.zeit.de,Angriff auf Polizisten: Festnahme nach Steinwurf aus Hochhaus auf Polizeiauto,Hier finden Sie Informationen zu dem Thema „Angriff auf Polizisten“. Lesen Sie jetzt „Festnahme nach Steinwurf aus Hochhaus auf Polizeiauto“.,https://img.zeit.de/news/2026-07/24/festnahme-nach-steinwurf-aus-hochhaus-auf-polizeiauto-image-group/wide__1300x731,2026-07-24T11:09:13Z,,Fast zwei Monate nach dem Wurf eines Pflastersteins aus einem Kieler Hochhaus auf ein Polizeiauto sitzt ein Verdächtiger in Untersuchungshaft. Fahnder nahmen am Donnerstag einen 21 Jahre alten Mann f… [+1024 chars],,de,'Angriff'
https://www.zeit.de/news/2026-07/24/ukraine-russland-hat-kriegsgefangenen-erschossen,https://www.zeit.de/news/2026-07/24/ukraine-russland-hat-kriegsgefangenen-erschossen,0,www.zeit.de,Ukraine-Krieg: Ukraine: Russland hat Kriegsgefangenen erschossen,Hier finden Sie Informationen zu dem Thema „Ukraine-Krieg“. Lesen Sie jetzt „Ukraine: Russland hat Kriegsgefangenen erschossen“.,https://img.zeit.de/news/2026-07/24/ukraine-russland-hat-kriegsgefangenen-erschossen-image-group/wide__1300x731,2026-07-24T11:20:15Z,,"Ukrainische Behörden werfen Russland vor, einen weiteren Kriegsgefangenen erschossen zu haben. Russische Militärs hätten einen Soldaten der ukrainischen Streitkräfte beim Dorf Jalta im Gebiet Donezk … [+608 chars]",,de,'Ukraine'
https://www.kino.de/news/heute-abend-bei-prosieben-maxx-frieren-staffel-2-mit-den-folgen-4-6-im-free-tv--01KWEEPA0F197E1J2V89FQTFZN,https://www.kino.de/news/heute-abend-bei-prosieben-maxx-frieren-staffel-2-mit-den-folgen-4-6-im-free-tv--01KWEEPA0F197E1J2V89FQTFZN,0,www.kino.de,Heute Abend bei ProSieben Maxx: „Frieren“ Staffel 2 mit den Folgen 4-6 im Free-TV,"„Frieren“ ist nicht nur auf Crunchyroll ein Hit, sondern zuletzt auch auf Netflix. Bevor es dort weitergeht, könnt ihr die zweite Staffel im Free-TV sehen.",https://static.kino.de/fd/75/52/4d7969b18186109da4138accfa_ZmMgNjY0MTVhNzRmZmZmIDE5MjAgMTA4MANmNTQ5YjExZDFhZg==.jpg,2026-07-24T11:59:48Z,,"Frieren ist nicht nur auf Crunchyroll ein Hit, sondern zuletzt auch auf Netflix. Bevor es dort weitergeht, könnt ihr die zweite Staffel im Free-TV sehen.
Die erste Anlaufstelle für Animes ist und bl… [+2149 chars]",,de,'Frieren'
https://www.focus.de/finanzen/news/oelfoerderlaender-in-nahost-wollen-strasse-von-hormus-umgehen-und-treiben-pipelines-mit-zusaetzlichen-7-3-millionen-barrel-kapazitaet-voran_b3801787-36f7-4026-98ab-93ba9a427cae.html,https://www.focus.de/finanzen/news/oelfoerderlaender-in-nahost-wollen-strasse-von-hormus-umgehen-und-treiben-pipelines-mit-zusaetzlichen-7-3-millionen-barrel-kapazitaet-voran_b3801787-36f7-4026-98ab-93ba9a427cae.html,0,www.focus.de,"Ölförderländer in Nahost wollen Straße von Hormus umgehen und treiben Pipelines mit zusätzlichen 7,3 Millionen Barrel Kapazität voran",Vor dem Irankrieg transportierten Schiffe täglich etwa 15 Millionen Barrel Öl durch die Straße von Hormus. In wenigen Jahren könnte ein Großteil der Öltransporte die Straße umgehen.,"https://quadro.burda-forward.de/ctf/36459b48-e60a-4d9b-8caa-4650b39aedc2.ced682a9-2ac3-45fd-a59e-8d60c0011ab3.jpg?im=RegionOfInterestCrop=(1200,630),regionOfInterest=(3030,1813)&hash=b4a4ab0e8383f4da6c5ba5e4310ada907bd84ac7d8d8312d98a4120a2e3659db",2026-07-24T12:26:00Z,,"Seitdem die Straße von Hormus blockiert ist, suchen die Anrainerstaaten des Persischen Golfs darunter etwa Saudi-Arabien und die Vereinigten Arabischen Emirate nach alternativen Exportrouten. Sie bau… [+3955 chars]",,de,'Hormus'
https://www.tagesschau.de/ausland/europa/schwarzes-meer-angriffe-schiffe-100.html,https://www.tagesschau.de/ausland/europa/schwarzes-meer-angriffe-schiffe-100.html,0,www.tagesschau.de,Russland und Ukraine: Droht die Rückkehr der Getreidekrise?,"Russland und die Ukraine intensivieren ihre Angriffe auch auf See. Die Ukraine greift die russische Schattenflotte an, Russland attackiert Schiffe auf dem Weg zum Hafen von Odessa. Droht eine neue Getreidekrise? Von S. Laack.",https://images.tagesschau.de/image/e89a0dc4-d933-4c1a-b182-79705a54f55f/AAABn5PeF0A/AAABnSSvrFg/16x9-big/schiff-rauch-odessa-100.jpg?width=1280,2026-07-24T12:33:42Z,,"Stand: 24.07.2026 14:33 Uhr
Russland und die Ukraine intensivieren ihre Angriffe auch auf See. Die Ukraine greift die russische Schattenflotte an, Russland attackiert Schiffe auf dem Weg zum Hafen v… [+3318 chars]",,de,'Russland'
https://taz.de/Besseres-Klima-im-Kino/!6198591/,https://taz.de/Besseres-Klima-im-Kino/!6198591/,0,taz.de,Besseres Klima im Kino: Bei Hitze mit Odysseus chillen,In Rom und Paris reagieren Kinos auf die Hitze: Besonders gefährdete Menschen haben während der heißesten Stunden des Tages freien Eintritt.,https://taz.de/picture/8629256/1200/41729178.jpeg,2026-07-24T13:06:00Z,,In Rom und Paris reagieren Kinos auf die Hitze: Besonders gefährdete Menschen haben während der heißesten Stunden des Tages freien Eintritt. mehr...,,de,'Klima'
https://www.faz.net/aktuell/politik/ausland/liveblog-irankrieg-bericht-bahrain-und-kuwait-flogen-vergeltungsangriffe-gegen-iran-faz-200583539.html,https://www.faz.net/aktuell/politik/ausland/liveblog-irankrieg-bericht-bahrain-und-kuwait-flogen-vergeltungsangriffe-gegen-iran-faz-200583539.html,0,www.faz.net,Liveblog Irankrieg: Bericht: Bahrain und Kuwait flogen Vergeltungsangriffe gegen Iran,Schläge auf militärische Einrichtungen Anfang des Monats +++ EU verhängt Sanktionen gegen iranische Richter +++ UN warnen: Isolierte Seeleute in Straße von Hormus in Not +++ alle Entwicklungen im Liveblog,https://media0.faz.net/image/w1200h627/57d992743dd2/w3743h1955x0y361o/202607/43601.0.2366290837/eine-frau-steht-am-24-7-26-vor.webp,2026-07-24T17:12:27Z,,Bahrain und Kuwait haben Recherchen des Wall Street Journals zufolge Anfang des Monats erstmals Vergeltungsangriffe mit eigenen Kampfflugzeugen auf Ziele in Iran ausgeführt. Die Angriffe hätten unter… [+1288 chars],,de,'Iran'
https://www.faz.net/aktuell/wirtschaft/unternehmen/business-liveticker-trump-droht-eu-wird-sehr-hohen-preis-fuer-google-strafe-zahlen-faz-200452404.html,https://www.faz.net/aktuell/wirtschaft/unternehmen/business-liveticker-trump-droht-eu-wird-sehr-hohen-preis-fuer-google-strafe-zahlen-faz-200452404.html,0,www.faz.net,Business-Ticker: Trump droht EU: „wird sehr hohen Preis“ für Google-Strafe zahlen,Varta stellt Insolvenzantrag +++ Milliardär soll 566 Millionen Euro an Ex-Frau zahlen +++ Weidmann fordert Unicredit zu Gesprächen über Commerzbank auf +++ Neuigkeiten im Unternehmen-Liveblog.,https://media0.faz.net/image/w1200h627/2158eaaadafc/w5767h3013x0y205o/202607/43601.0.2361332730/us-praesident-donald-trump.webp,2026-07-24T17:25:51Z,,"Cheys Vermögen ist im Zuge des Booms im Bereich der künstlichen Intelligenz, der eine enorme Nachfrage nach den fortschrittlichen Speicherchips von SK Hynix befeuert, sprunghaft angestiegen. Das Unte… [+3346 chars]",,de,'Preis'
https://www.diepresse.com/39543977/greift-oesterreich-wieder-zur-spritpreisbremse,https://www.diepresse.com/39543977/greift-oesterreich-wieder-zur-spritpreisbremse,0,www.diepresse.com,Greift Österreich wieder zur Spritpreisbremse? [premium],"Die neuerliche Eskalation im Nahen Osten hat den Ölpreis explodieren lassen. Auch der Gaspreis schnellt nun, da die Speicher für den Winter gefüllt werden müssen, nach oben. Österreichs Regierung feilt an Maßnahmen zur Entlastung.",https://img.diepresse.com/public/incoming/i2ayvg-2273039476616844jpg/alternates/WEBP_WIDE_1200/2273039476616844.jpg,2026-07-24T18:01:53Z,,"Steigt der Ölpreis, steigen die Treibstoffpreise. Steigen aber die Treibstoffpreise, steigt der Unmut in der Bevölkerung. Und auch der Druck auf die Politik. Jedenfalls kostete Diesel im österreichwe… [+5498 chars]",,de,'Erdöl'
https://www.diepresse.com/39601766/europas-riskante-gaswette-wenn-es-kein-warmer-winter-wird-wird-es-geben,https://www.diepresse.com/39601766/europas-riskante-gaswette-wenn-es-kein-warmer-winter-wird-wird-es-geben,0,www.diepresse.com,"Europas riskante Gaswette: „Wenn es kein warmer Winter wird, wird es Probleme geben“ [premium]","In der Hoffnung auf eine baldige Öffnung der Straße von Hormuz wurden größere LNG-Käufe in Europa hinausgeschoben. Nun stellt sich die Frage: Wie teuer wird es, den Winter noch rechtzeitig abzusichern?",https://img.diepresse.com/public/incoming/chn13y-461387470jpg/alternates/WEBP_WIDE_1200/461387470.jpg,2026-07-24T18:02:06Z,,"Europa hat den Wiederaufbau seiner Gasspeicher hinausgezögert in der Hoffnung, dass die Straße von Hormuz bald wieder für Flüssigerdgas geöffnet wird. Doch knapp fünf Monate nach Beginn des Iran-Krie… [+6827 chars]",,de,'Gas'
https://www.welt.de/wirtschaft/article6a6383413952477c49b2d083/energie-kosten-fuer-gasheizungen-koennten-sich-verdoppeln-warnt-iw-studie.html,https://www.welt.de/wirtschaft/article6a6383413952477c49b2d083/energie-kosten-fuer-gasheizungen-koennten-sich-verdoppeln-warnt-iw-studie.html,0,www.welt.de,"Kosten für Gasheizungen könnten sich verdoppeln, warnt IW-Studie",Durch das neue Heizungsgesetz droht eine Explosion der Heizkosten für Verbraucher. Davor warnt eine Studie des Instituts der Deutschen Wirtschaft. Der Preis für das Heizen mit Gas droht sich bis 2040 zu verdoppeln.,https://images.welt.de/6a6383413952477c49b2d083/b1d48e0aa458b29e59eff9eb3f8c3f44-master/ci16x9-w1200/507555890-jpg,2026-07-24T22:03:31Z,,Durch das neue Heizungsgesetz droht eine Explosion der Heizkosten für Verbraucher. Davor warnt eine Studie des Instituts der Deutschen Wirtschaft. Der Preis für das Heizen mit Gas droht sich bis 2040… [+2004 chars],,de,'Heizen'
https://www.faz.net/aktuell/politik/ausland/liveblog-irankrieg-saudi-koalition-greift-huthi-ziele-im-jemen-an-faz-200583539.html,https://www.faz.net/aktuell/politik/ausland/liveblog-irankrieg-saudi-koalition-greift-huthi-ziele-im-jemen-an-faz-200583539.html,0,www.faz.net,Liveblog Irankrieg: Saudi-Koalition greift Huthi-Ziele im Jemen an,Reaktion auf Angriff auf Schiff im Roten Meer +++ Bericht: Bahrain und Kuwait flogen Vergeltungsangriffe gegen Iran +++ EU verhängt Sanktionen gegen iranische Richter +++ alle Entwicklungen im Liveblog,https://media0.faz.net/image/w1200h627/22f1559387d9/w6144h3210x0y443o/202607/43601.0.2368770033/schiffe-sind-im-hafen-der.webp,2026-07-25T02:30:00Z,,Bahrain und Kuwait haben Recherchen des Wall Street Journals zufolge Anfang des Monats erstmals Vergeltungsangriffe mit eigenen Kampfflugzeugen auf Ziele in Iran ausgeführt. Die Angriffe hätten unter… [+1288 chars],,de,'Iran'
https://www.zeit.de/news/2026-07/25/hohe-nachfrage-nach-klimaanlagen-in-mecklenburg-vorpommern,https://www.zeit.de/news/2026-07/25/hohe-nachfrage-nach-klimaanlagen-in-mecklenburg-vorpommern,0,www.zeit.de,Wohnen: Hohe Nachfrage nach Klimaanlagen in Mecklenburg-Vorpommern,Hier finden Sie Informationen zu dem Thema „Wohnen“. Lesen Sie jetzt „Hohe Nachfrage nach Klimaanlagen in Mecklenburg-Vorpommern“.,https://img.zeit.de/news/2026-07/25/hohe-nachfrage-nach-klimaanlagen-in-mecklenburg-vorpommern-image-group/wide__1300x731,2026-07-25T03:00:07Z,,"Die Nachfrage nach Klimaanlagen in Mecklenburg-Vorpommern ist anhaltend hoch. Sprunghaft zugenommen habe das Interesse nach dem 27. und 28. Juni, teilte die Kreishandwerkerschaft Rostock und Bad Dobe… [+1732 chars]",,de,'Kälte'
https://www.tagesschau.de/ausland/europa/russland-angriffe-wildberries-petersburg-100.html,https://www.tagesschau.de/ausland/europa/russland-angriffe-wildberries-petersburg-100.html,0,www.tagesschau.de,Ukraine nimmt Russlands Online-Handel ins Visier,In Russland hat der Online-Händler Wildberries eine ähnliche Bedeutung wie hierzulande Amazon. Nun greift die Ukraine den Händler gezielt und wiederholt an. Das trifft auch viele kleine Unternehmer. Von Silke Diettrich.,https://images.tagesschau.de/image/ca94d73a-317f-4368-9d7a-f89c168344fe/AAABn5RERQk/AAABnSSvrFg/16x9-big/rauch-lagerhaus-wildberries-100.jpg?width=1280,2026-07-25T03:09:29Z,,"Stand: 25.07.2026 05:09 Uhr
In Russland hat der Online-Händler Wildberries eine ähnliche Bedeutung wie hierzulande Amazon. Nun greift die Ukraine den Händler gezielt und wiederholt an. Das trifft au… [+4043 chars]",,de,'Ukraine'
https://www.zeit.de/news/2026-07/25/diw-oekonomin-oelversorgung-in-europa-gesichert,https://www.zeit.de/news/2026-07/25/diw-oekonomin-oelversorgung-in-europa-gesichert,0,www.zeit.de,Nach sprunghaftem Preisanstieg: DIW-Ökonomin: Ölversorgung in Europa gesichert,Hier finden Sie Informationen zu dem Thema „Nach sprunghaftem Preisanstieg“. Lesen Sie jetzt „DIW-Ökonomin: Ölversorgung in Europa gesichert“.,https://img.zeit.de/news/2026-07/25/diw-oekonomin-oelversorgung-in-europa-gesichert-image-group/wide__1300x731,2026-07-25T04:00:04Z,,Nach dem sprunghaften Anstieg der Ölpreise infolge der Eskalation im Iran-Krieg sieht das Deutsche Institut für Wirtschaftsforschung (DIW) die Versorgung in Deutschland und Europa weiterhin stabil. A… [+1763 chars],,de,'Hormus'
https://www.zeit.de/news/2026-07/25/schwarzes-meer-bedroht-der-seekrieg-den-getreidehandel,https://www.zeit.de/news/2026-07/25/schwarzes-meer-bedroht-der-seekrieg-den-getreidehandel,0,www.zeit.de,Ukraine-Krieg: Schwarzes Meer: Bedroht der Seekrieg den Getreidehandel?,Hier finden Sie Informationen zu dem Thema „Ukraine-Krieg“. Lesen Sie jetzt „Schwarzes Meer: Bedroht der Seekrieg den Getreidehandel?“.,https://img.zeit.de/news/2026-07/25/schwarzes-meer-bedroht-der-seekrieg-den-getreidehandel-image-group/wide__1300x731,2026-07-25T05:00:05Z,,"Kiew spricht von einem Seekrieg in der Schwarzmeer-Region und wirft Moskau vor, die Ernährungssicherheit in Teilen der Welt zu gefährden. Täglich gibt es Berichte über Schiffe, die eine der Kriegspar… [+5800 chars]",,de,'Hormus'
https://www.n-tv.de/wirtschaft/In-zwei-Jahren-ist-Strom-guenstiger-als-im-alten-fossilen-System-id31116681.html,https://www.n-tv.de/wirtschaft/In-zwei-Jahren-ist-Strom-guenstiger-als-im-alten-fossilen-System-id31116681.html,0,www.n-tv.de,"Flucht aus 80-Milliarden-Falle: ""In zwei Jahren ist Strom günstiger als im alten fossilen System""","Deutschland gibt jedes Jahr 80 Milliarden Euro für Erdöl und Erdgas aus. Für einen Energie-Investor nichts anderes als eine unsichtbare Steuer. ""Das Geld ist weg. Für immer"", sagt er. Anders sieht es ihm zufolge aus, wenn der Staat Betriebe und Haushalte bei …",https://www.n-tv.de/img/31116692/1784806414/Img_16_9/1200/Entstehung-eines-neuen-Windparks-Windenergieprojekt-Windraeder-im-Aufbau-Nutzung-der-Windenergie-alternative-Energieerzeugung-hier-Windpark-Neubau-im-Weimarer-Land-Naehe-Kleinlohma-Thueringen-Zeitpunkt-06.jpg,2026-07-25T06:28:51Z,,"""Ein Wind- oder Solarpark muss ans Netz angeschlossen werden, ein großer Batteriespeicher auch. Das dauert derzeit je nach Region fünf bis sieben Jahre"", sagt Jan Loezk. (Foto: picture alliance / CHR… [+12794 chars]",,de,'Flucht'
https://www.welt.de/politik/ausland/plus6a61f36cefccf0c0d5536aa1/raketenangriffe-wir-bezahlen-den-preis-jetzt-geraet-ein-neues-land-ins-visier-des-iran.html,https://www.welt.de/politik/ausland/plus6a61f36cefccf0c0d5536aa1/raketenangriffe-wir-bezahlen-den-preis-jetzt-geraet-ein-neues-land-ins-visier-des-iran.html,0,www.welt.de,„Wir bezahlen den Preis“ – Jetzt gerät ein neues Land ins Visier des Iran,"Jordanien wird zunehmend zum Ziel iranischer Vergeltungsschläge. Offiziell heißt es, nur der Verbündete USA könne das Land schützen. Ein Besuch in der militärisch wichtigen Stadt Azraq zeigt: Andere sehen ein anderes Problem.",https://images.welt.de/6a61f36cefccf0c0d5536aa1/d0b81e89bca4e95e24bddce87548c528-master/ci16x9-w1200/dpa-com-260709-935-1468964-jpg,2026-07-25T07:07:37Z,,"Jordanien wird zunehmend zum Ziel iranischer Vergeltungsschläge. Offiziell heißt es, nur der Verbündete USA könne das Land schützen. Ein Besuch in der militärisch wichtigen Stadt Azraq zeigt: Andere … [+25 chars]",,de,'Preis'
https://www.morgenpost.de/politik/article412152244/iran-news-trumo-krieg-aktuell-live-saudi-arabien-jemen-huthi-miliz-usa-tanker.html,https://www.morgenpost.de/politik/article412152244/iran-news-trumo-krieg-aktuell-live-saudi-arabien-jemen-huthi-miliz-usa-tanker.html,0,www.morgenpost.de,Vergeltungsattacke: Huthi-Miliz gibt Angriff auf Saudi-Arabien bekannt,Nach einem Angriff auf Stellungen der Huthi-Miliz im Jemen haben die Huthis eine Vergeltungsattacke auf Saudi-Arabien bekanntgegeben. Der Blog.,https://img.sparknews.funkemedien.de/412661446/412661446_1784964204_v16_9_1600.jpeg,2026-07-25T07:23:24Z,,"Die Streitkräfte in Kuwait wehren nach eigenen Angaben erneut Raketen und Drohnen aus dem Iran ab. Etwaige Explosionsgeräusche seien darauf zurückzuführen, dass diese abgefangen werden, hieß es in ei… [+550 chars]",,de,'Angriff'
https://www.diepresse.com/39681808/saudi-koalition-greift-houthi-ziele-im-jemen-an,https://www.diepresse.com/39681808/saudi-koalition-greift-houthi-ziele-im-jemen-an,0,www.diepresse.com,Saudi-Koalition greift Houthi-Ziele im Jemen an,Berichte über Verletzte - Miliz droht mit Vergeltung - US-Militär feuerte auf dem Weg in den Iran,https://img.diepresse.com/public/incoming/r92nzj-ISRAEL-PALESTINIANSYEMEN-SECURITY/alternates/WEBP_WIDE_1200/ISRAEL-PALESTINIANSYEMEN-SECURITY%20,2026-07-25T07:32:03Z,,"Die Presse auf Google als bevorzugte Nachrichtenquelle hinzufügen.
 Nach einem Angriff auf ein Schiff im Roten Meer hat die von Saudi-Arabien angeführte Militärkoalition Luftangriffe auf Ziele im Je… [+5831 chars]",,de,'Iran'
https://www.focus.de/politik/saudis-greifen-huthis-an-die-bombardieren-oel-raffinerie_c9c0b8b5-d0e0-4af7-b3dc-7625b73b9b7d.html,https://www.focus.de/politik/saudis-greifen-huthis-an-die-bombardieren-oel-raffinerie_c9c0b8b5-d0e0-4af7-b3dc-7625b73b9b7d.html,0,www.focus.de,Saudis greifen Huthis an – die bombardieren Öl-Raffinerie,Trotz andauernder nächtlicher US-Angriffe stehen die USA nach den Worten von Präsident Donald Trump weiter in Kontakt mit dem Iran. Alle Entwicklungen im Liveticker.,"https://quadro.burda-forward.de/ctf/88d2d225-13bf-4380-8bb5-2c0fb4983c7b.babc2acd-c3a9-4d66-a401-d70e50d2705f.jpeg?im=RegionOfInterestCrop=(1200,630),regionOfInterest=(961,584)&hash=d0b026b509dec5a9fdb37b189b591029ea5ccdc07ef7a926992e5a943fb434f1",2026-07-25T07:41:00Z,,"Huthi-Miliz gibt Vergeltungsangriff auf Saudi-Arabien bekannt
Nach einem Angriff der von Saudi-Arabien angeführten Koalition auf Stellungen der pro-iranischen Huthi-Miliz im Jemen haben die Huthis e… [+8438 chars]",,de,'Angriff'
https://www.zeit.de/politik/ausland/2026-07/oesterreich-ukraine-eu-beitritt-claudia-bauer,https://www.zeit.de/politik/ausland/2026-07/oesterreich-ukraine-eu-beitritt-claudia-bauer,0,www.zeit.de,Europäische Union: Österreich lehnt zeitnahen EU-Beitritt der Ukraine ab,"Einen »Turbo-Beitritt« zur EU dürfe es für die Ukraine nicht geben, sagt Österreichs Europaministerin. Alle Beitrittskandidaten müssten dieselben Regeln befolgen.",https://img.zeit.de/politik/ausland/2026-07/oesterreich-ukraine-eu-beitritt-claudia-bauer-foto-1/wide__1300x731,2026-07-25T07:50:43Z,,Österreich hat sich gegen einen zeitnahen Beitritt der Ukraine in die Europäische Union ausgesprochen. Europaministerin Claudia Bauer von der konservativen ÖVP übte dabei auch Kritik an Präsident Wol… [+1633 chars],,de,'Ukraine'
https://www.telepolis.de/article/US-Saudi-Atomdeal-Warum-Riad-zwischen-Israel-und-Pakistan-waehlen-muss-11377630.html,https://www.telepolis.de/article/US-Saudi-Atomdeal-Warum-Riad-zwischen-Israel-und-Pakistan-waehlen-muss-11377630.html,0,www.telepolis.de,US-Saudi-Atomdeal: Warum Riad zwischen Israel und Pakistan wählen muss,Trump knüpft den US-Atomdeal mit Saudi-Arabien an ein Abkommen mit Israel. Doch Riad kooperiert bereits mit Russland und China sowie militärisch mit Pakistan.,https://heise.cloudimg.io/bound/1200x1200/q85.png-lossy-85.webp-lossy-85.foil1/_www-heise-de_/imgs/18/5/1/2/3/8/7/1/U.S._Department_of_Energy_cropped-3dd6cc564c4cad17.jpg,2026-07-25T08:00:00Z,,"Kaskade von Gaszentrifugen zur Urananreicherung in Piketon, Ohio.
(Bild: US-Energieministerium, CC1.0, wikimedia)
Trump knüpft den US-Atomdeal mit Saudi-Arabien an ein Abkommen mit Israel. Doch Ria… [+5794 chars]",,de,'Russland'
https://www.faz.net/aktuell/wirtschaft/unternehmen/business-liveticker-nvidia-und-sk-group-starten-ki-initiative-ueber-500-milliarden-dollar-faz-200452404.html,https://www.faz.net/aktuell/wirtschaft/unternehmen/business-liveticker-nvidia-und-sk-group-starten-ki-initiative-ueber-500-milliarden-dollar-faz-200452404.html,0,www.faz.net,Business-Ticker: Nvidia und Südkoreas SK Group starten KI-Initiative über 500 Milliarden Dollar,Trump: EU „wird sehr hohen Preis“ für Google-Strafe zahlen +++ Varta stellt Insolvenzantrag +++ Milliardär soll 566 Millionen Euro an Ex-Frau zahlen +++ Neuigkeiten im Unternehmen-Liveblog.,https://media0.faz.net/image/w1200h627/bddd33960ec7/w5370h2805x0y250o/202607/43601.0.2369389089/suedkoreas-praesident-lee-jae.webp,2026-07-25T08:06:32Z,,"Cheys Vermögen ist im Zuge des Booms im Bereich der künstlichen Intelligenz, der eine enorme Nachfrage nach den fortschrittlichen Speicherchips von SK Hynix befeuert, sprunghaft angestiegen. Das Unte… [+3346 chars]",,de,'Preis'
https://www.focus.de/politik/ausland/half-russland-dem-iran-bei-angriff-auf-cia-station-experte-vermutet-racheakt_b3c67b87-bd07-461b-8c2a-75359748cdf9.html,https://www.focus.de/politik/ausland/half-russland-dem-iran-bei-angriff-auf-cia-station-experte-vermutet-racheakt_b3c67b87-bd07-461b-8c2a-75359748cdf9.html,0,www.focus.de,Half Russland dem Iran bei Angriff auf CIA-Station? Experte vermutet Racheakt,Nach Iran-Attacken auf CIA-Stationen in Nahost prüfen Analysten einen Russland-Verdacht. Sicherheitsexperte Prof. Dr. Joachim Krause vermutet einen Racheakt.,"https://quadro.burda-forward.de/ctf/a4d26bd0-034e-494c-b8d4-46175d04fa8b.f7abf26b-cba1-490c-98e0-1f37b37fadbf.jpeg?im=RegionOfInterestCrop=(1200,630),regionOfInterest=(597,296)&hash=cabfbc779b17f6d10fba11959fa68cc8c5a95f71f28c6eff2ba3507a4d92583b",2026-07-25T08:11:00Z,,"Im März wurden bei iranischen Angriffen mindestens zwei CIA-Standorte in Nahost getroffen. Beim Angriff in Riad sollen dabei zwei von Russland aufgerüstete Shahed-Drohnen eingesetzt worden sein.
Ana… [+3200 chars]",,de,'Angriff'
https://www.focus.de/politik/ausland/3-optionen-fuer-bodeneinsatz-warum-der-us-iran-krieg-jetzt-in-eine-gefaehrliche-neue-phase-rutscht_92099f07-a7d9-45ef-9d09-74181d428124.html,https://www.focus.de/politik/ausland/3-optionen-fuer-bodeneinsatz-warum-der-us-iran-krieg-jetzt-in-eine-gefaehrliche-neue-phase-rutscht_92099f07-a7d9-45ef-9d09-74181d428124.html,0,www.focus.de,3 Optionen für Bodeneinsatz: Warum der US-Iran-Krieg jetzt in eine gefährliche neue Phase rutscht,Die USA könnten auf Bodentruppen im Iran setzen. Trump hat drei riskante Optionen für seine Soldaten.,"https://quadro.burda-forward.de/ctf/f2a68c6d-cf69-441e-8b08-68c0d883edb7.0483ece0-61e6-4bee-a8a1-3c79995a4cf7.jpeg?im=RegionOfInterestCrop=(1200,630),regionOfInterest=(750,500)&hash=b48d589be3ab79c466c3baec76a1221e18293afeee33d25aa97d7f10bc04184a",2026-07-25T08:13:00Z,,"Im Iran-Krieg geht es nicht mehr ausschließlich um Luftangriffe: Längst lässt US-Präsident Donald Trump zusätzliche militärische Optionen vorbereiten. Kampfflugzeuge, Tankflugzeuge, Langstreckenbombe… [+5664 chars]",,de,'Iran'
https://www.faz.net/aktuell/wirtschaft/mehr-wirtschaft/metal-business-club-netzwerken-mit-heavy-metal-accg-201057804.html,https://www.faz.net/aktuell/wirtschaft/mehr-wirtschaft/metal-business-club-netzwerken-mit-heavy-metal-accg-201057804.html,0,www.faz.net,Metal-Musik: Netzwerken mit Heavy Metal,"Der Metal Business Club will Unternehmer zusammenbringen, die eine Gemeinsamkeit haben: die Liebe zu harter Musik. Doch der Preis liegt im oberen Bereich anderer Business-Netzwerke.",https://media0.faz.net/image/w1200h627/25e959535cc1/w3221h1682x0y65o/201907/43600.0.1400825546/wacken-2002-mehr-metal-als.webp,2026-07-25T09:38:44Z,,"Ein gewöhnliches Hotelzimmer in München für 800 Euro die Nacht. Thorsten Schmiady war entsetzt, als er den Preis sah für einen kurzfristig anberaumten Geschäftstermin. Kurzerhand fragte der Unternehm… [+341 chars]",,de,'Preis'
https://www.faz.net/aktuell/wirtschaft/unternehmen/hilton-trennt-sich-von-frankfurter-hotels-wegen-ali-ansari-accg-201064511.html,https://www.faz.net/aktuell/wirtschaft/unternehmen/hilton-trennt-sich-von-frankfurter-hotels-wegen-ali-ansari-accg-201064511.html,0,www.faz.net,Iran-Verbindung: Hilton wirft Frankfurter Luxus-Hotels raus,"Der Eigentümer zweier Hotels in Hessen ist ein Iraner mit engen Beziehungen zum Mullah-Regime. Nachdem die US-Regierung gegen ihn Sanktionen verhängt hat, zieht der Hilton-Konzern die Reißleine.",https://media0.faz.net/image/w1200h627/b24cdd5d0b58/w11860h6196x638y237o/202607/43601.0.2369730801/das-hilton-hotel-frankfurt.webp,2026-07-25T10:36:55Z,,"Der amerikanische Hilton-Konzern bereitet nach Informationen der F.A.Z. eine Auflösung der Verträge mit zwei Frankfurter Luxushotels vor, nachdem deren iranischer Eigentümer vom US-Finanzministerium … [+5780 chars]",,de,'Iran'
https://www.dw.com/de/oelpreise-huthi-jemen-saudi-arabien-iran-usa-franziska-holz-strasse-von-hormus-babal-mandab/a-78110233,https://www.dw.com/de/oelpreise-huthi-jemen-saudi-arabien-iran-usa-franziska-holz-strasse-von-hormus-babal-mandab/a-78110233,0,www.dw.com,Sorge vor Eskalation: Saudi-Koalition greift im Jemen an,Neue Attacken auf Öltanker im Roten Meer durch die Huthi-Miliz lassen die Sorge vor einer Ausweitung des Iran-Konflikts wachsen. Wie reagiert Saudi-Arabien und was plant US-Präsident Trump? Durch den Konflikt zwischen den USA und dem Iran um die Straße von Ho…,https://static.dw.com/image/78107474_6.jpg,2026-07-25T10:49:00Z,,Durch den Konflikt zwischen den USA und dem Iran um die Straße von Hormus spitzt sich auch die Lage im Roten Meer zu. Nach einem erneuten Angriff auf ein Schiff dort flog eine von Saudi-Arabien angef… [+4091 chars],,de,'Iran'
https://www.focus.de/politik/ausland/ukraine-pilot-schiesst-russen-drohnen-aus-offenem-cockpit-ab_256a6456-ef36-4f63-a5b2-9d8515d2e279.html,https://www.focus.de/politik/ausland/ukraine-pilot-schiesst-russen-drohnen-aus-offenem-cockpit-ab_256a6456-ef36-4f63-a5b2-9d8515d2e279.html,0,www.focus.de,Ukraine-Pilot schießt Russen-Drohnen aus offenem Cockpit ab,"Spektakuläre Aufnahmen über der Ukraine zeigen, wie der Bordschütze eines Militärflugzeugs vom Typ „Yak-52” russische Shahed-Drohnen abschießt – aus dem offenen Cockpit.","https://quadro.burda-forward.de/ctf/1e2d818a-e59b-4626-8803-ddd11cb11506.6d40c7bc-6d41-4303-8180-d82e9394d992.png?im=RegionOfInterestCrop=(1200,630),regionOfInterest=(998,487)&hash=fc847dc4c4efeb4f301c9d0f32a00c620c526c1bba241978b4cc818e1a183dd6",2026-07-25T11:43:00Z,,"Die 11. Einzelbrigade der Heeresfliegertruppe Cherson der ukrainischen Streitkräfte teilt Aufnahmen der Aktion auf Facebook. Der Schütze verwendet dabei ein einfaches Sturmgewehr, um die Drohnen zum … [+1357 chars]",,de,'Ukraine'
https://taz.de/Die-Klima-News-der-Woche/!6199111/,https://taz.de/Die-Klima-News-der-Woche/!6199111/,0,taz.de,Die Klima-News der Woche: Bricht so die Energiewende zusammen?,Reiche bringt ihre Sparpläne für die Erneuerbaren voran. Die EU-Kommission will den Emissionshandel schwächen. Korallen bleichen immer mehr.,https://taz.de/picture/8632490/1200/00-QuadratMitTaz.jpeg,2026-07-25T12:18:00Z,,Reiche bringt ihre Sparpläne für die Erneuerbaren voran. Die EU-Kommission will den Emissionshandel schwächen. Korallen bleichen immer mehr. mehr...,,de,'Klima'
https://www.zeit.de/politik/ausland/2026-07/huthi-miliz-saudi-arabien-raketen-drohnen-aramco,https://www.zeit.de/politik/ausland/2026-07/huthi-miliz-saudi-arabien-raketen-drohnen-aramco,0,www.zeit.de,Rotes Meer: Huthis melden Angriffe auf Ölkonzern in Saudi-Arabien,Die Huthi-Miliz will in Saudi-Arabien Einrichtungen von Aramco getroffen haben. Eine Bestätigung gibt es bisher nicht. Irans Außenminister ruft zum Dialog auf.,https://img.zeit.de/administratives/sharing/fallback-image-die-zeit/wide__1300x731,2026-07-25T13:05:02Z,,"Die jemenitische Huthi-Miliz hat nach eigenen Angaben Saudi-Arabien mit Raketen und Drohnen beschossen. Es seien Einrichtungen des weltgrößten Ölkonzerns Aramco angegriffen worden, teilte ein Huthi-S… [+739 chars]",,de,'Angriff'
https://www.tagesschau.de/ausland/europa/ukraine-russland-240.html,https://www.tagesschau.de/ausland/europa/ukraine-russland-240.html,0,www.tagesschau.de,Viele Opfer bei gegenseitigen Angriffen zwischen Russland und der Ukraine,"Russland und die Ukraine greifen sich weiter gegenseitig an - mit Todesopfern und verletzten auf beiden Seiten. Kiew meldet zudem erneut Angriffe auf Ölanlagen, die teilweise tief im russischen Hinterland liegen.",https://images.tagesschau.de/image/9d85472f-067b-4574-b748-0de02c69ed43/AAABn5lq0Mc/AAABnSSvrFg/16x9-big/truemmerfeld-100.jpg?width=1280,2026-07-25T14:11:32Z,,"Stand: 25.07.2026 16:11 Uhr
Russland und die Ukraine greifen sich weiter gegenseitig an - mit Todesopfern und verletzten auf beiden Seiten. Kiew meldet zudem erneut Angriffe auf Ölanlagen, die teilw… [+2717 chars]",,de,'Ukraine'
https://www.welt.de/politik/ausland/article6a64c2aafe2765826e0fd080/nato-gipfel-in-der-tuerkei-anschlagsgefahr-durch-iran-verbuendete-soll-trump-zu-flugzeugwechsel-gezwungen-haben.html,https://www.welt.de/politik/ausland/article6a64c2aafe2765826e0fd080/nato-gipfel-in-der-tuerkei-anschlagsgefahr-durch-iran-verbuendete-soll-trump-zu-flugzeugwechsel-gezwungen-haben.html,0,www.welt.de,Anschlagsgefahr durch Iran-Verbündete soll Trump zu Flugzeugwechsel gezwungen haben,"Trump verließ den Nato-Gipfel in der Türkei Anfang Juli nicht mit dem neuen Präsidenten-Flugzeug aus Katar, sondern mit einer älteren Maschine. Laut einem Bericht der „New York Times“ lagen Hinweise für einen Anschlag vor.",https://images.welt.de/6a64c2aafe2765826e0fd080/f20f1990732139471d843ca4e4980973-master/ci16x9-w1200/2026-07-09t053419z-45339130-rc25amaq8tqp-rtrmadp-3-nato-summit-trump-jpg,2026-07-25T14:30:46Z,,"Trump verließ den Nato-Gipfel in der Türkei Anfang Juli nicht mit dem neuen Präsidenten-Flugzeug aus Katar, sondern mit einer älteren Maschine. Laut einem Bericht der New York Times lagen Hinweise fü… [+2940 chars]",,de,'Iran'
https://www.n-tv.de/politik/Mullahs-planten-wohl-Raketenangriff-auf-Trump-Flugzeug-id31124961.html,https://www.n-tv.de/politik/Mullahs-planten-wohl-Raketenangriff-auf-Trump-Flugzeug-id31124961.html,0,www.n-tv.de,Grund für Flugzeugtausch: Mullahs planten wohl Raketenangriff auf Trump-Flugzeug,"Beim Nato-Gipfel in Ankara gab es offenbar eine konkrete Gefahr für Donald Trump: Aus Sorge vor einem iranischen Angriff drängte der Secret Service den US-Präsidenten, lieber auf eine Ausweichmaschine zu setzen.",https://www.n-tv.de/img/31125015/1785002579/Img_16_9/1200/Praesident-Donald-Trump-spricht-nach-der-Landung-auf-dem-Stuetzpunkt-der-US-Luftwaffe-bei-der-RAF-Mildenhall-an-Bord-der-Air-Force-One-mit-Reportern.jpg,2026-07-25T16:05:15Z,,"Sicherheitsbedenken begleiten das Geschenk von Beginn an: Kritiker verweisen auf Katars historische Unterstützung für islamistische Gruppen wie die Hamas. (Foto: picture alliance/dpa/AP photo)
Beim … [+1871 chars]",,de,'Angriff'
https://www.zeit.de/politik/ausland/2026-07/susanne-weigelin-schwiedrzik-sinologie-iran-krieg-china,https://www.zeit.de/politik/ausland/2026-07/susanne-weigelin-schwiedrzik-sinologie-iran-krieg-china,0,www.zeit.de,"Susanne Weigelin-Schwiedrzik: »China will auf keinen Fall, dass der Iran diesen Krieg verliert«","China unterstützt den Iran indirekt auch militärisch, sagt die Sinologin Susanne Weigelin-Schwiedrzik. Aber klar auf der Seite des Iran steht Xi Jinping keineswegs.",https://img.zeit.de/politik/ausland/2026-07/susanne-schweigelin-schwirziyk-sinologie-iran-krieg-china-bild-5/wide__1300x731,2026-07-25T18:32:05Z,,"Schließen
Artikelzusammenfassung
China hält den Iran ökonomisch über Wasser. Susanne Weigelin-Schwiedrzik beschreibt, wie kleine chinesische Raffinerien trotz Sanktionen den Großteil der iranischen… [+1343 chars]",,de,'Iran'
https://www.zeit.de/news/2026-07/26/nach-angriff-polizei-einsatz-in-schoeneberg-keine-festnahme,https://www.zeit.de/news/2026-07/26/nach-angriff-polizei-einsatz-in-schoeneberg-keine-festnahme,0,www.zeit.de,Rettungseinsatz: Nach Angriff Polizei-Einsatz in Schöneberg - Keine Festnahme,Hier finden Sie Informationen zu dem Thema „Rettungseinsatz“. Lesen Sie jetzt „Nach Angriff Polizei-Einsatz in Schöneberg - Keine Festnahme“.,https://img.zeit.de/news/2026-07/26/nach-angriff-polizei-einsatz-in-schoeneberg-keine-festnahme-image-group/wide__1300x731,2026-07-26T00:27:56Z,,"Nach dem Angriff eines Autofahrers auf Passanten am Rande des Christopher Street Days in Berlin hat die Polizei eine Wohnung in Schöneberg durchsucht. Es erfolgte keine Festnahme, weil kein Mensch an… [+446 chars]",,de,'Angriff'
https://www.zeit.de/news/2026-07/26/tschentscher-sieht-klimaziele-durch-bund-gefaehrdet,https://www.zeit.de/news/2026-07/26/tschentscher-sieht-klimaziele-durch-bund-gefaehrdet,0,www.zeit.de,Klimaneutralität: Tschentscher sieht Klimaziele durch Bund gefährdet,Hier finden Sie Informationen zu dem Thema „Klimaneutralität“. Lesen Sie jetzt „Tschentscher sieht Klimaziele durch Bund gefährdet“.,https://img.zeit.de/news/2026-07/26/tschentscher-sieht-klimaziele-durch-bund-gefaehrdet-image-group/wide__1300x731,2026-07-26T04:00:14Z,,"Bürgermeister Peter Tschentscher sieht das Erreichen der Hamburger Klimaziele durch die Energiepolitik der Bundesregierung gefährdet. «Wir haben unsere Ziele nicht aufgegeben, sie sind erreichbar. Ab… [+4621 chars]",,de,'heizen'
https://www.focus.de/finanzen/news/oelfoerderlaender-in-nahost-wollen-strasse-von-hormus-umgehen-sie-treiben-pipelines-mit-zusaetzlichen-7-3-millionen-barrel-kapazitaet-voran_b3801787-36f7-4026-98ab-93ba9a427cae.html,https://www.focus.de/finanzen/news/oelfoerderlaender-in-nahost-wollen-strasse-von-hormus-umgehen-sie-treiben-pipelines-mit-zusaetzlichen-7-3-millionen-barrel-kapazitaet-voran_b3801787-36f7-4026-98ab-93ba9a427cae.html,0,www.focus.de,"Ölförderländer in Nahost wollen Straße von Hormus umgehen - sie treiben Pipelines mit zusätzlichen 7,3 Millionen Barrel Kapazität voran",Vor dem Irankrieg transportierten Schiffe täglich etwa 15 Millionen Barrel Öl durch die Straße von Hormus. In wenigen Jahren könnte ein Großteil der Öltransporte die Straße umgehen.,"https://quadro.burda-forward.de/ctf/36459b48-e60a-4d9b-8caa-4650b39aedc2.ced682a9-2ac3-45fd-a59e-8d60c0011ab3.jpg?im=RegionOfInterestCrop=(1200,630),regionOfInterest=(3030,1813)&hash=b4a4ab0e8383f4da6c5ba5e4310ada907bd84ac7d8d8312d98a4120a2e3659db",2026-07-26T05:34:00Z,,"Seitdem die Straße von Hormus blockiert ist, suchen die Anrainerstaaten des Persischen Golfs darunter etwa Saudi-Arabien und die Vereinigten Arabischen Emirate nach alternativen Exportrouten. Sie bau… [+3955 chars]",,de,'Hormus'
https://www.faz.net/aktuell/rhein-main/frankfurt/klimataler-verguenstigungen-fuer-umweltschuetzer-accg-201053716.html,https://www.faz.net/aktuell/rhein-main/frankfurt/klimataler-verguenstigungen-fuer-umweltschuetzer-accg-201053716.html,0,www.faz.net,Nachhaltigkeit: Neue Währung für das Klima,"Umweltschutz wird in Frankfurt belohnt. Mit der Klimataler-App gibt es für Fahrradfahrer, Bahnpassagiere und Fußgänger zahlreiche Vergünstigungen.",https://media0.faz.net/image/w1200h627/276acec84299/w5682h2968x0y250o/202607/43601.0.2338503957/treibhausgasbilanz-2025-ein.webp,2026-07-26T06:00:00Z,,Seit Ende 2025 können sich Frankfurter klimafreundlich zurückgelegte Wege mithilfe einer App namens Klimataler gutschreiben lassen. Jetzt dürfen erfolgreiche Nutzer neben anderen Vergünstigungen auch… [+3850 chars],,de,'Klima'
https://www.zeit.de/news/2026-07/26/iran-droht-usa-mit-ausweitung-des-konflikts,https://www.zeit.de/news/2026-07/26/iran-droht-usa-mit-ausweitung-des-konflikts,0,www.zeit.de,Iran-Krieg: Iran droht USA mit Ausweitung des Konflikts,Hier finden Sie Informationen zu dem Thema „Iran-Krieg“. Lesen Sie jetzt „Iran droht USA mit Ausweitung des Konflikts“.,https://img.zeit.de/news/2026-07/26/iran-droht-usa-mit-ausweitung-des-konflikts-image-group/wide__1300x731,2026-07-26T09:00:32Z,,"Irans Armeesprecher Amir Akraminia droht mit einer Ausweitung des Kriegsgebiets, falls die USA ihre Luftangriffe fortsetzen sollten. Unter Verweis auf Angriffe der jemenitischen Huthi-Miliz auf Schif… [+932 chars]",,de,'Iran'
https://www.zeit.de/news/2026-07/26/experte-hundertprozentige-sicherheit-nicht-moeglich,https://www.zeit.de/news/2026-07/26/experte-hundertprozentige-sicherheit-nicht-moeglich,0,www.zeit.de,Angriff beim CSD: Experte: Hundertprozentige Sicherheit nicht möglich,Hier finden Sie Informationen zu dem Thema „Angriff beim CSD“. Lesen Sie jetzt „Experte: Hundertprozentige Sicherheit nicht möglich“.,https://img.zeit.de/news/2026-07/26/experte-hundertprozentige-sicherheit-nicht-moeglich-image-group/wide__1300x731,2026-07-26T09:03:38Z,,"Taten wie der Angriff auf Passanten am Rande des Christopher Street Days in Berlin lassen sich nach Einschätzung von Experten praktisch nicht verhindern. «Ich glaube, dass ein Staat oder auch die Eur… [+2240 chars]",,de,'Angriff'
https://www.zeit.de/news/2026-07/26/fegebank-bestuerzt-von-attacke-am-rande-des-csd,https://www.zeit.de/news/2026-07/26/fegebank-bestuerzt-von-attacke-am-rande-des-csd,0,www.zeit.de,Tödlicher Angriff: Fegebank bestürzt von Attacke am Rande des CSD,Hier finden Sie Informationen zu dem Thema „Tödlicher Angriff“. Lesen Sie jetzt „Fegebank bestürzt von Attacke am Rande des CSD“.,https://img.zeit.de/news/2026-07/26/fegebank-bestuerzt-von-attacke-am-rande-des-csd-image-group/wide__1300x731,2026-07-26T09:14:00Z,,Hamburgs Zweite Bürgermeisterin und Umweltsenatorin Katharina Fegebank hat sich bestürzt über den Angriff auf feiernde Menschen am Rande des Christopher Street Day (CSD) in Berlin gezeigt. Auf der Pl… [+984 chars],,de,'Angriff'
https://www.zeit.de/news/2026-07/26/woidke-zu-csd-angriff-durch-nichts-zu-rechtfertigen,https://www.zeit.de/news/2026-07/26/woidke-zu-csd-angriff-durch-nichts-zu-rechtfertigen,0,www.zeit.de,Ministerpräsident entsetzt: Woidke zu CSD-Angriff: Durch nichts zu rechtfertigen,Hier finden Sie Informationen zu dem Thema „Ministerpräsident entsetzt“. Lesen Sie jetzt „Woidke zu CSD-Angriff: Durch nichts zu rechtfertigen“.,https://img.zeit.de/news/2026-07/26/woidke-zu-csd-angriff-durch-nichts-zu-rechtfertigen-image-group/wide__1300x731,2026-07-26T10:00:33Z,,Brandenburgs Ministerpräsident Dietmar Woidke (SPD) spricht nach dem Angriff am Rande des Berliner CSD von einer entsetzlichen Tat. «Ich bin zutiefst erschüttert! Es ist ein menschenverachtender Angr… [+551 chars],,de,'Angriff'
https://www.zeit.de/news/2026-07/26/guenther-islamistischer-terror-gegen-queere-community,https://www.zeit.de/news/2026-07/26/guenther-islamistischer-terror-gegen-queere-community,0,www.zeit.de,Angriff auf CSD: Günther: islamistischer Terror gegen queere Community,Hier finden Sie Informationen zu dem Thema „Angriff auf CSD“. Lesen Sie jetzt „Günther: islamistischer Terror gegen queere Community“.,https://img.zeit.de/news/2026-07/26/guenther-islamistischer-terror-gegen-queere-community-image-group/wide__1300x731,2026-07-26T10:26:30Z,,Schleswig-Holsteins Ministerpräsident Daniel Günther hat den Angriff eines Autofahrers auf feiernde Menschen am Rande des Berliner Christopher Street Day (CSD) als islamistischen Terror bezeichnet. W… [+526 chars],,de,'Angriff'
https://www.zeit.de/news/2026-07/26/rhein-zu-berlin-feiger-und-menschenverachtender-anschlag,https://www.zeit.de/news/2026-07/26/rhein-zu-berlin-feiger-und-menschenverachtender-anschlag,0,www.zeit.de,Angriff bei CSD: Rhein zu Berlin: «feiger und menschenverachtender Anschlag»,Hier finden Sie Informationen zu dem Thema „Angriff bei CSD“. Lesen Sie jetzt „Rhein zu Berlin: «feiger und menschenverachtender Anschlag»“.,https://img.zeit.de/news/2026-07/26/rhein-zu-berlin-feiger-und-menschenverachtender-anschlag-image-group/wide__1300x731,2026-07-26T10:28:42Z,,Hessens Ministerpräsident Boris Rhein hat den Angriff auf Passanten am Rande des CSD in Berlin als augenscheinliche «Terrortat» bezeichnet. «Wieder hat ein feiger und menschenverachtender Anschlag fr… [+551 chars],,de,'Angriff'
https://www.faz.net/aktuell/politik/ausland/liveblog-irankrieg-iran-droht-mit-ausweitung-des-kriegsgebiets-faz-200583539.html,https://www.faz.net/aktuell/politik/ausland/liveblog-irankrieg-iran-droht-mit-ausweitung-des-kriegsgebiets-faz-200583539.html,0,www.faz.net,Liveblog Irankrieg: Iran droht mit Ausweitung des Kriegsgebiets,Im Falle weiterer US-Luftangriffe +++ Saudi-Koalition greift Huthi-Ziele im Jemen an +++ Bericht: Bahrain und Kuwait flogen Vergeltungsangriffe gegen Iran +++ alle Entwicklungen im Liveblog,https://media0.faz.net/image/w1200h627/6182311f2d25/w4026h2103x0y527o/202607/43601.0.2372371803/iranische-zolfaghar-raketen.webp,2026-07-26T11:01:38Z,,Bahrain und Kuwait haben Recherchen des Wall Street Journals zufolge Anfang des Monats erstmals Vergeltungsangriffe mit eigenen Kampfflugzeugen auf Ziele in Iran ausgeführt. Die Angriffe hätten unter… [+1288 chars],,de,'Iran'
https://www.zeit.de/news/2026-07/26/nach-angriff-bei-csd-mahnwache-in-frankfurt,https://www.zeit.de/news/2026-07/26/nach-angriff-bei-csd-mahnwache-in-frankfurt,0,www.zeit.de,Gemeinsames Gedenken: Nach Angriff bei CSD: Mahnwache in Frankfurt,Hier finden Sie Informationen zu dem Thema „Gemeinsames Gedenken“. Lesen Sie jetzt „Nach Angriff bei CSD: Mahnwache in Frankfurt“.,https://img.zeit.de/news/2026-07/26/nach-angriff-bei-csd-mahnwache-in-frankfurt-image-group/wide__1300x731,2026-07-26T11:32:46Z,,Nach dem Angriff am Rande des CSD in Berlin findet am Sonntagabend eine Mahnwache am Frankfurter Römer statt. Dazu haben der CSD Frankfurt und Fridays for Future Frankfurt auf Instagram aufgerufen. «… [+782 chars],,de,'Angriff'
https://www.faz.net/aktuell/finanzen/finanzmarkt/was-die-hoeheren-anleihe-renditen-fuer-anleger-bedeuten-accg-201059273.html,https://www.faz.net/aktuell/finanzen/finanzmarkt/was-die-hoeheren-anleihe-renditen-fuer-anleger-bedeuten-accg-201059273.html,0,www.faz.net,Renditen auf Höchstniveau: Was die höheren Anleihe-Renditen für Anleger bedeuten,Eine ganze Generation von Anlegern kennt Staatsanleihen nur als Ertragsbremse. Diese Zeiten sind vorbei. Das hat nicht nur mit der Inflation zu tun.,https://media0.faz.net/image/w1200h627/5d60cbb7a683/w6372h3329x0y150o/202106/43600.0.236145477/grosse-und-teure-plaene-die.webp,2026-07-26T11:44:34Z,,Lange Jahre nach der Finanzkrise waren die Renditen der Staatsanleihen der G-10-Länder äußerst niedrig. Mit dem russischen Überfall auf die Ukraine begann sich dies zu ändern. Der Angriff traf auf ei… [+232 chars],,de,'Inflation'
https://www.faz.net/aktuell/politik/ausland/liveblog-irankrieg-iranische-medien-oeltanker-in-der-strasse-von-hormus-explodiert-faz-200583539.html,https://www.faz.net/aktuell/politik/ausland/liveblog-irankrieg-iranische-medien-oeltanker-in-der-strasse-von-hormus-explodiert-faz-200583539.html,0,www.faz.net,Liveblog Irankrieg: Iranische Medien: Öltanker in der Straße von Hormus explodiert,Schiff sei auf Seemine aufgelaufen +++ Iran droht mit Ausweitung des Kriegsgebiets +++ Saudi-Koalition greift Huthi-Ziele im Jemen an +++ alle Entwicklungen im Liveblog,https://media0.faz.net/image/w1200h627/5d50ceb22afb/w3000h1567x0y216o/202607/43601.0.2370697724/frachtschiffe-liegen-am-25-7.webp,2026-07-26T12:40:56Z,,Iran hat am Sonntag Fortschritte bei den Gesprächen mit dem Oman über die Verwaltung der für den Welthandel wichtigen Straße von Hormus verkündet. Mehrere Verhandlungsrunden zwischen den stellvertret… [+667 chars],,de,'Hormus'
https://www.zeit.de/news/2026-07/26/anschlag-in-berlin-ueberschattet-hamburger-csd,https://www.zeit.de/news/2026-07/26/anschlag-in-berlin-ueberschattet-hamburger-csd,0,www.zeit.de,Angriff auf Berliner CSD: Anschlag in Berlin überschattet Hamburger CSD,Hier finden Sie Informationen zu dem Thema „Angriff auf Berliner CSD“. Lesen Sie jetzt „Anschlag in Berlin überschattet Hamburger CSD“.,https://img.zeit.de/news/2026-07/26/anschlag-in-berlin-ueberschattet-hamburger-csd-image-group/wide__1300x731,2026-07-26T12:43:36Z,,Nach dem mutmaßlich islamistisch motivierten Angriff auf feiernde Menschen beim Christopher Street Day in Berlin soll die Sicherheit auch bei den Feiern der queeren Community in Hamburg noch einmal ü… [+4195 chars],,de,'Angriff'
https://www.zeit.de/news/2026-07/26/verletzte-nach-csd-angriff-nicht-mehr-in-lebensgefahr,https://www.zeit.de/news/2026-07/26/verletzte-nach-csd-angriff-nicht-mehr-in-lebensgefahr,0,www.zeit.de,Polizei-Info: Verletzte nach CSD-Angriff nicht mehr in Lebensgefahr,Hier finden Sie Informationen zu dem Thema „Polizei-Info“. Lesen Sie jetzt „Verletzte nach CSD-Angriff nicht mehr in Lebensgefahr“.,https://img.zeit.de/news/2026-07/26/verletzte-nach-csd-angriff-nicht-mehr-in-lebensgefahr-image-group/wide__1300x731,2026-07-26T13:51:47Z,,"Nach dem Angriff am Rande des CSD in Berlin gibt die Polizei mit Blick auf die Verletzten Entwarnung. Sie seien nicht mehr in Lebensgefahr, sagte ein Sprecher der Polizei. Niemand der Verletzten in d… [+310 chars]",,de,'Angriff'
https://www.zeit.de/news/2026-07/26/bundesopferbeauftragter-bietet-hilfen-nach-csd-angriff,https://www.zeit.de/news/2026-07/26/bundesopferbeauftragter-bietet-hilfen-nach-csd-angriff,0,www.zeit.de,Terror in Berlin: Bundesopferbeauftragter bietet Hilfen nach CSD-Angriff,Hier finden Sie Informationen zu dem Thema „Terror in Berlin“. Lesen Sie jetzt „Bundesopferbeauftragter bietet Hilfen nach CSD-Angriff“.,https://img.zeit.de/news/2026-07/26/bundesopferbeauftragter-bietet-hilfen-nach-csd-angriff-image-group/wide__1300x731,2026-07-26T14:06:37Z,,"Nach dem Angriff am Rande des Christopher Street Day in Berlin bietet der Bundesopferbeauftragte Roland Weber Betreuung für Opfer und Angehörige. Er und sein Team seien für die Betroffenen, erklärte … [+831 chars]",,de,'Angriff'
https://www.faz.net/aktuell/sport/formel-1/formel-1-lando-norris-rast-beim-grossen-preis-von-ungarn-zum-sieg-accg-200608332.html,https://www.faz.net/aktuell/sport/formel-1/formel-1-lando-norris-rast-beim-grossen-preis-von-ungarn-zum-sieg-accg-200608332.html,0,www.faz.net,Großer Preis von Ungarn: Lando Norris fährt zum ersten Saisonsieg,"In der Hitze von Budapest gelingt dem Weltmeister der erste Grand-Prix-Sieg der Saison. Zweiter wurde überraschend Max Verstappen, während Kimi Antonelli seinen Vorsprung in der Gesamtwertung ausbaute.",https://media0.faz.net/image/w1200h627/9bc825b16158/w5521h2884x0y398o/202607/43601.0.2373587159/sehr-her-ich-hab-s-vollbracht.webp,2026-07-26T15:01:14Z,,Der Weltmeister schlägt zurück: Lando Norris ist bei der Hitzeschlacht auf dem Hungaroring cool geblieben und hat McLaren den ersten Saisonsieg in der Formel 1 beschert. Der Brite behielt beim Großen… [+3496 chars],,de,'Preis'
https://www.faz.net/aktuell/politik/ukraine/fedorow-und-drapatyj-als-chance-fuer-die-ukraine-201064656.html,https://www.faz.net/aktuell/politik/ukraine/fedorow-und-drapatyj-als-chance-fuer-die-ukraine-201064656.html,0,www.faz.net,Personalwechsel in Kiew: Eine Chance für die Ukraine,"Die Personalwechsel hat Selenskyj nicht angestoßen, er wurde dazu getrieben. Schon das zeigt den Unterschied zu Moskau. Jetzt kann er sie zum Vorteil des Landes nutzen.",https://media0.faz.net/image/w1200h627/043e847d844c/w2000h1045x0y78o/202607/43601.0.2361069767/verteidigungsminister-jewhen.webp,2026-07-26T15:19:40Z,,"Die jüngsten politischen Ereignisse in der Ukraine haben wachen Beobachtern vor Augen geführt, wie groß der Unterschied zu Russland ist. Wer in Moskau gegen eine Entscheidung Putins auf die Straße ge… [+4482 chars]",,de,'Ukraine'
https://www.faz.net/aktuell/feuilleton/medien-und-film/medienpolitik/medienreform-in-ungarn-der-preis-der-unabhaengigkeit-accg-201038205.html,https://www.faz.net/aktuell/feuilleton/medien-und-film/medienpolitik/medienreform-in-ungarn-der-preis-der-unabhaengigkeit-accg-201038205.html,0,www.faz.net,"Medienreform in Ungarn: Das Land kann zu einem Preis von vorn beginnen, den vor allem die Bürger zahlen","Nachdem Viktor Orbán in Ungarn jahrelang die Medienlandschaft zu seinen Gunsten umgebaut hat, soll die Presse nach seiner Abwahl wieder unabhängig werden. Umfassende Reformen sind im Gang – mit überraschenden Problemen.",https://media0.faz.net/image/w1200h627/0c2ddbf79bb2/w8059h4210x0y400o/202604/43601.0.1971925478/ungarns-praesident-peter.webp,2026-07-26T16:07:54Z,,"Der Apparat, der sechzehn Jahre lang keine Sendeminute ohne Regierungsbotschaft ließ, schweigt. Am Dienstag, dem 7. Juli, brach der Hauptnachrichtenkanal M1 seine Sendung ab und tat, was das ungarisc… [+10657 chars]",,de,'Preis'
https://www.zeit.de/news/2026-07/27/oelpreis-faellt-nach-us-angriffspause-im-iran-deutlich,https://www.zeit.de/news/2026-07/27/oelpreis-faellt-nach-us-angriffspause-im-iran-deutlich,0,www.zeit.de,Märkte: Ölpreis fällt nach US-Angriffspause im Iran deutlich,Hier finden Sie Informationen zu dem Thema „Märkte“. Lesen Sie jetzt „Ölpreis fällt nach US-Angriffspause im Iran deutlich“.,https://img.zeit.de/news/2026-07/27/oelpreis-faellt-nach-us-angriffspause-im-iran-deutlich-image-group/wide__1300x731,2026-07-27T02:29:43Z,,Nach dem Ende der US-Angriffsserie im Iran hat der Ölpreis zu Wochenbeginn deutlich nachgegeben. Der Preis für Rohöl der Referenzsorte Brent lag zeitweise bei ungefähr 92 US-Dollar je Barrel (159 Lit… [+1219 chars],,de,'Angriff'
https://www.zeit.de/news/2026-07/27/schneider-waldbraende-mahnen-zu-vorfahrt-fuer-klimaschutz,https://www.zeit.de/news/2026-07/27/schneider-waldbraende-mahnen-zu-vorfahrt-fuer-klimaschutz,0,www.zeit.de,Inferno in Westeuropa: Schneider: Waldbrände mahnen zu «Vorfahrt» für Klimaschutz,Hier finden Sie Informationen zu dem Thema „Inferno in Westeuropa“. Lesen Sie jetzt „Schneider: Waldbrände mahnen zu «Vorfahrt» für Klimaschutz“.,https://img.zeit.de/news/2026-07/27/schneider-waldbraende-mahnen-zu-vorfahrt-fuer-klimaschutz-image-group/wide__1300x731,2026-07-27T02:30:28Z,,"Angesichts der Waldbrände in Westeuropa mahnt Bundesumweltminister Carsten Schneider dringend, den Klimaschutz voranzubringen. «Der Klimawandel ist bereits schmerzhafte Realität und er trifft unseren… [+1297 chars]",,de,'Klima'
https://www.nzz.ch/wirtschaft/gruenes-kerosin-aus-der-schweiz-wie-die-eu-nachhaltiges-fliegen-unbezahlbar-macht-ld.10015387,https://www.nzz.ch/wirtschaft/gruenes-kerosin-aus-der-schweiz-wie-die-eu-nachhaltiges-fliegen-unbezahlbar-macht-ld.10015387,0,www.nzz.ch,Grünes Kerosin aus der Schweiz: Wie die EU nachhaltiges Fliegen unbezahlbar macht,Die Schweizer Startups Metafuels und Synhelion entwickeln mithilfe der Swiss das nachhaltige Kerosin der Zukunft. Doch wegen unrealistischer Forderungen der EU droht nun ein Preisschock.,"https://img-msp-prod.nzz.ch/2026/07/24/518dae86-5699-4343-bd0c-bfc34073d595.jpg?width=1200&height=674&fit=bounds&quality=75&auto=webp&crop=5357,3013,x0,y481&wmark=nzz",2026-07-27T03:30:00Z,,"Die Schweizer Startups Metafuels und Synhelion entwickeln mithilfe der Swiss das nachhaltige Kerosin der Zukunft. Doch wegen unrealistischer Forderungen der EU droht nun ein Preisschock.
Kommentiere… [+8880 chars]",,de,'Erdöl'
https://www.nzz.ch/wirtschaft/schock-folgt-auf-schock-jetzt-bedroht-ein-super-el-nino-die-weltwirtschaft-ld.10016531,https://www.nzz.ch/wirtschaft/schock-folgt-auf-schock-jetzt-bedroht-ein-super-el-nino-die-weltwirtschaft-ld.10016531,0,www.nzz.ch,Schock folgt auf Schock: Jetzt bedroht ein Super-El-Niño die Weltwirtschaft,Das Klimaphänomen soll 2026 besonders stark ausfallen. Nach dem Energieschock durch den Iran-Krieg drohen nun noch höhere Preise für Lebensmittel und mehr Logistikprobleme.,"https://img-msp-prod.nzz.ch/2026/07/24/e856a0c9-295c-417b-9acc-f3b957109f8e.jpg?width=1200&height=674&fit=bounds&quality=75&auto=webp&crop=2522,1418,x180,y431&wmark=nzz",2026-07-27T03:30:00Z,,"Das Klimaphänomen soll 2026 besonders stark ausfallen. Nach dem Energieschock durch den Iran-Krieg drohen nun noch höhere Preise für Lebensmittel und mehr Logistikprobleme.
Kommentieren
Zusammenfas… [+8454 chars]",,de,'Klima'
https://www.zeit.de/politik/ausland/2026-07/argentinien-brasilien-javier-milei-luiz-inacio-lula-da-silva-gxe,https://www.zeit.de/politik/ausland/2026-07/argentinien-brasilien-javier-milei-luiz-inacio-lula-da-silva-gxe,0,www.zeit.de,Javier Milei: Milei beleidigt Brasiliens Präsident und löst diplomatische Krise aus,Vor der Präsidentenwahl in Brasilien unterstützt Javier Milei offen den Gegenkandidaten seines derzeitigen Amtskollegen. Präsident Lula beleidigte er in harschen Worten.,https://img.zeit.de/politik/ausland/2026-07/argentinien-brasilien-javier-milei-luiz-inacio-lula-da-silva-foto-1/wide__1300x731,2026-07-27T06:28:27Z,,Der argentinische Präsident Javier Milei hat bei einem Besuch in Brasilien scharfe Worte gegen seinen Amtskollegen Luiz Inácio Lula da Silva sowie die politischen Institutionen des Landes gerichtet u… [+2595 chars],,de,'Krise'
https://www.zeit.de/news/2026-07/27/zentralrat-der-muslime-verurteilt-csd-anschlag,https://www.zeit.de/news/2026-07/27/zentralrat-der-muslime-verurteilt-csd-anschlag,0,www.zeit.de,Reaktion auf Angriff: Zentralrat der Muslime verurteilt CSD-Anschlag,Hier finden Sie Informationen zu dem Thema „Reaktion auf Angriff“. Lesen Sie jetzt „Zentralrat der Muslime verurteilt CSD-Anschlag“.,https://img.zeit.de/news/2026-07/27/zentralrat-der-muslime-verurteilt-csd-anschlag-image-group/wide__1300x731,2026-07-27T08:07:51Z,,Der Zentralrat der Muslime in Deutschland (ZMD) hat den Anschlag am Rande des Christopher Street Day (CSD) in Berlin verurteilt. «Wo Menschen aufgrund ihrer Identität oder ihrer Lebensweise zur Ziels… [+1215 chars],,de,'Angriff'
https://www.zeit.de/politik/ausland/2026-07/pentagon-statistik-iran-krieg-us-soldaten-verluste-gxe,https://www.zeit.de/politik/ausland/2026-07/pentagon-statistik-iran-krieg-us-soldaten-verluste-gxe,0,www.zeit.de,US-Verteidigungsministerium: Pentagon verändert Statistik zu US-Verlusten im Irankrieg,Die offiziellen Pentagon-Zahlen zu getöteten und verwundeten US-Soldaten im Irankrieg wurden verändert. Sie tauchen nun in einer eigenen Statistik auf.,https://img.zeit.de/politik/ausland/2026-07/pentagon-statistik-iran-krieg-us-soldaten-verluste-foto-1/wide__1300x731,2026-07-27T10:05:45Z,,Das US-Verteidigungsministerium hat seine offizielle Statistik zu den eigenen Verlusten im Zusammenhang mit dem Irankrieg überarbeitet. Die vier in den vergangenen Wochen getöteten US-Soldaten werden… [+3419 chars],,de,'Hormus'
https://www.zeit.de/news/2026-07/27/soeder-nach-terroranschlag-zuegel-anziehen,https://www.zeit.de/news/2026-07/27/soeder-nach-terroranschlag-zuegel-anziehen,0,www.zeit.de,Angriff bei CSD in Berlin: Söder nach Terroranschlag: Zügel anziehen,Hier finden Sie Informationen zu dem Thema „Angriff bei CSD in Berlin“. Lesen Sie jetzt „Söder nach Terroranschlag: Zügel anziehen“.,https://img.zeit.de/news/2026-07/27/soeder-nach-terroranschlag-zuegel-anziehen-image-group/wide__1300x731,2026-07-27T11:27:01Z,,CSU-Chef Markus Söder hat nach dem Terroranschlag am Rande des Berliner Christopher Street Day (CSD) grundlegende Veränderungen für den Umgang mit islamistischen Gefährdern gefordert. «Wir müssen die… [+1762 chars],,de,'Angriff'
https://www.zeit.de/news/2026-07/27/trauerbeflaggung-in-sachsen-nach-csd-anschlag,https://www.zeit.de/news/2026-07/27/trauerbeflaggung-in-sachsen-nach-csd-anschlag,0,www.zeit.de,Angriff in Berlin: Trauerbeflaggung in Sachsen nach CSD-Anschlag,Hier finden Sie Informationen zu dem Thema „Angriff in Berlin“. Lesen Sie jetzt „Trauerbeflaggung in Sachsen nach CSD-Anschlag“.,https://img.zeit.de/news/2026-07/27/trauerbeflaggung-in-sachsen-nach-csd-anschlag-image-group/wide__1300x731,2026-07-27T11:33:46Z,,Zum Gedenken an Opfer und Verletzte des mutmaßlich islamistischen Anschlags am Rande des CSD in Berlin wehen die Fahnen in Sachsen auf halbmast. Die Trauerbeflaggung sei für alle Dienstgebäuden im Fr… [+574 chars],,de,'Angriff'
https://www.zeit.de/news/2026-07/27/pakistan-sieht-indizien-fuer-us-bodenoffensive-im-iran,https://www.zeit.de/news/2026-07/27/pakistan-sieht-indizien-fuer-us-bodenoffensive-im-iran,0,www.zeit.de,Iran-Krieg: Pakistan sieht Indizien für US-Bodenoffensive im Iran,Hier finden Sie Informationen zu dem Thema „Iran-Krieg“. Lesen Sie jetzt „Pakistan sieht Indizien für US-Bodenoffensive im Iran“.,https://img.zeit.de/news/2026-07/27/pakistan-sieht-indizien-fuer-us-bodenoffensive-im-iran-image-group/wide__1300x731,2026-07-27T12:04:58Z,,Mehr als fünf Monate nach Beginn des Iran-Kriegs halten gut informierte Quellen aus Pakistan eine limitierte US-Bodenoffensive für immer wahrscheinlicher. Die Bewertung pakistanischer Geheimdienste s… [+1622 chars],,de,'Iran'
https://www.zeit.de/news/2026-07/27/porsche-streicht-weitere-5-000-stellen,https://www.zeit.de/news/2026-07/27/porsche-streicht-weitere-5-000-stellen,0,www.zeit.de,Krise in der Autoindustrie: Porsche streicht weitere 5.000 Stellen,Hier finden Sie Informationen zu dem Thema „Krise in der Autoindustrie“. Lesen Sie jetzt „Porsche streicht weitere 5.000 Stellen“.,https://img.zeit.de/news/2026-07/27/porsche-streicht-weitere-5-000-stellen-image-group/wide__1300x731,2026-07-27T12:42:45Z,,Der Sport- und Geländewagenbauer Porsche streicht bis 2035 weitere 5.000 Stellen in der Region Stuttgart. Betroffen sind das Stammwerk in Stuttgart-Zuffenhausen und das Entwicklungszentrum in nahen W… [+6327 chars],,de,'Krise'
https://www.welt.de/politik/ausland/article6a674ec2b859610b50dd8b48/krieg-in-nahost-pakistanische-geheimdienste-sehen-indizien-fuer-baldige-us-bodenoffensive-im-iran.html,https://www.welt.de/politik/ausland/article6a674ec2b859610b50dd8b48/krieg-in-nahost-pakistanische-geheimdienste-sehen-indizien-fuer-baldige-us-bodenoffensive-im-iran.html,0,www.welt.de,Pakistanische Geheimdienste sehen Indizien für baldige US-Bodenoffensive im Iran,"Pakistan versucht nach wie vor, zwischen den USA und dem Iran zu vermitteln. Gleichzeitig sehen Geheimdienste Anzeichen für eine noch größere Eskalation: Es gebe Indizien für eine Bodeninvasion der USA.",https://images.welt.de/6a674ec2b859610b50dd8b48/10bdb36b27c95b46146c15a22a67f877-master/ci16x9-w1200/dpa-com-260727-935-1506359-jpg,2026-07-27T12:57:40Z,,"Pakistan versucht nach wie vor, zwischen den USA und dem Iran zu vermitteln. Gleichzeitig sehen Geheimdienste Anzeichen für eine noch größere Eskalation: Es gebe Indizien für eine Bodeninvasion der U… [+1946 chars]",,de,'Iran'
https://www.zeit.de/news/2026-07/27/besuch-bei-freund-trump-was-sich-netanjahu-erhofft,https://www.zeit.de/news/2026-07/27/besuch-bei-freund-trump-was-sich-netanjahu-erhofft,0,www.zeit.de,Iran-Krieg: Besuch bei «Freund» Trump - was sich Netanjahu erhofft,Hier finden Sie Informationen zu dem Thema „Iran-Krieg“. Lesen Sie jetzt „Besuch bei «Freund» Trump - was sich Netanjahu erhofft“.,https://img.zeit.de/news/2026-07/27/besuch-bei-freund-trump-was-sich-netanjahu-erhofft-image-group/wide__1300x731,2026-07-27T12:58:11Z,,"Vor dem Treffen mit US-Präsident Donald Trump am Dienstag gibt Israels Ministerpräsident Benjamin Netanjahu nur vage Hinweise darauf, worüber er mit Israels «Freund» in Washington sprechen will. Es w… [+4837 chars]",,de,'Iran'
https://www.zeit.de/wirtschaft/2026-07/oelpreise-brent-wti-usa-iran-rohstoffmarkt,https://www.zeit.de/wirtschaft/2026-07/oelpreise-brent-wti-usa-iran-rohstoffmarkt,0,www.zeit.de,Ölpreise: Hoffnung auf Gespräche zwischen USA und Iran lässt Ölpreis sinken,Das Aussetzen der Angriffe zwischen den USA und dem Iran hat zum größten Ölpreisrückgang an einem Tag seit Mai geführt. Analysten zeigten sich aber skeptisch.,https://img.zeit.de/wirtschaft/2026-07/oelpreise-brent-wti-usa-iran-rohstoffmarkt-foto-1/wide__1300x731,2026-07-27T13:13:43Z,,Die Aussicht auf eine Fortsetzung der Friedensgespräche zwischen den USA und dem Iran hat für kräftige Preisrückgänge am Ölmarkt gesorgt. Der Preis für die Nordsee-Rohölsorte Brent sank um fast acht … [+973 chars],,de,'Angriff'
https://www.tagesspiegel.de/internationales/angriff-kann-nicht-unbeantwortet-bleiben-iran-droht-ukraine-nach-beschuss-von-schiff-im-kaspischen-meer-15886017.html,https://www.tagesspiegel.de/internationales/angriff-kann-nicht-unbeantwortet-bleiben-iran-droht-ukraine-nach-beschuss-von-schiff-im-kaspischen-meer-15886017.html,0,www.tagesspiegel.de,Angriff „kann nicht unbeantwortet bleiben“: Iran droht Ukraine nach Beschuss von Schiff im Kaspischen Meer,"Die Ukraine hat eigenen Angaben zufolge Schiffe im Kaspischen Meer getroffen, die mit militärischen Gütern beladen waren. Aus Teheran kommt eine scharfe Reaktion.",https://www.tagesspiegel.de/images/15886020/alternates/BASE_16_9_W1400/1785157918000/irans-au-enminister-abbas-araghtschi.jpeg,2026-07-27T13:25:56Z,,"Der iranische Außenminister Abbas Araghtschi sagte am Sonntag, ein ukrainischer Angriff auf ein iranisches Handelsschiff kann nicht unbeantwortet bleiben. Der Iran teilte mit, der Angriff im Kaspisch… [+2095 chars]",,de,'Hormus'
https://www.n-tv.de/politik/Trump-soll-Bodenoffensive-im-Iran-erwaegen-id31129958.html,https://www.n-tv.de/politik/Trump-soll-Bodenoffensive-im-Iran-erwaegen-id31129958.html,0,www.n-tv.de,Trotz Warnung durch Militär: Trump soll Bodenoffensive im Iran erwägen,Trotz diplomatischer Bemühungen Pakistans und Katars droht im Iran-Krieg eine neue Eskalation: Laut pakistanischen Geheimdiensten könnte US-Präsident Trump eine riskante Bodenoffensive in der iranischen Küstenregion starten.,https://www.n-tv.de/img/30853830/1779616374/Img_16_9/1200/Menschen-gehen-ueber-den-Grossen-Basar-in-Teheran.jpg,2026-07-27T13:47:31Z,,"Irans Streitkräfte hatten die USA bereits vor einer Bodenoffensive gewarnt. (Foto: picture alliance/dpa/AP)
Trotz diplomatischer Bemühungen Pakistans und Katars droht im Iran-Krieg eine neue Eskalat… [+1885 chars]",,de,'Hormus'
https://www.faz.net/aktuell/finanzen/finanzmarkt/dax-und-co-profitieren-von-feuerpause-im-iran-201068199.html,https://www.faz.net/aktuell/finanzen/finanzmarkt/dax-und-co-profitieren-von-feuerpause-im-iran-201068199.html,0,www.faz.net,"Iran, KI, Zinsen: Börsianer holen Luft am Anfang einer dichten Woche",Schon kleine Entspannungssignale in der Weltpolitik bewegen zu Beginn der Woche die Kurse. Die weitere Richtung dürfte aber von den Zentralbanken und Unternehmensgewinnen abhängen.,https://media0.faz.net/image/w1200h627/b7f7c0f3c81b/w6000h3135x0y122o/202607/43601.0.2338921021/fed-chef-will-die-inflation-in.webp,2026-07-27T14:36:55Z,,"Es dürfte eine interessante Woche an den Börsen werden. Milde Entspannungssignale in Iran, drei Zentralbankentscheidungen und ein bunter Strauß von Quartalszahlen werfen ihre Schatten voraus.
Der Mo… [+4645 chars]",,de,'Hormus'
https://www.zeit.de/politik/ausland/2026-07/huthi-rebellen-jemen-drohnenangriffe-saudi-arabien-oelinfrastruktur,https://www.zeit.de/politik/ausland/2026-07/huthi-rebellen-jemen-drohnenangriffe-saudi-arabien-oelinfrastruktur,0,www.zeit.de,Huthi-Miliz im Jemen: Huthis melden Angriffe auf Ölinfrastruktur Saudi-Arabiens,"Der Konflikt zwischen den Huthis und Saudi-Arabien eskaliert weiter. Die Miliz will erneut Ziele im Königreich attackiert haben, auch aus dem Irak kamen Drohnenangriffe.",https://img.zeit.de/politik/ausland/2026-07/huthi-rebellen-jemen-drohnenangriffe-saudi-arabien-oelinfrastruktur-foto-1/wide__1300x731,2026-07-27T15:03:46Z,,Die jemenitische Huthi-Miliz hat Saudi-Arabien eigenen Angaben zufolge mit Drohnen angegriffen. Die Attacken richteten sich demnach gegen Infrastruktur für den Transport von Öl aus dem Osten Saudi-Ar… [+2644 chars],,de,'Hormus'
https://www.faz.net/podcasts/f-a-z-podcast-fuer-deutschland/csd-anschlag-in-berlin-fatale-fehleinschaetzungen-fuer-die-opfer-201068018.html,https://www.faz.net/podcasts/f-a-z-podcast-fuer-deutschland/csd-anschlag-in-berlin-fatale-fehleinschaetzungen-fuer-die-opfer-201068018.html,0,www.faz.net,F.A.Z. Podcast für Deutschland: CSD-Anschlag: „Fatale Fehleinschätzungen für die Opfer“,Warum konnte ein polizeibekannter mutmaßlicher Islamist zuschlagen – und was bedeutet das für das politische Klima und die queere Community?,https://media0.faz.net/image/w1200h627/05bb06428e49/w4000h2090x0y472o/202607/43601.0.2374923072/4360102374923072.webp,2026-07-27T15:14:56Z,,"Ein mutmaßlich islamistischer Terroranschlag beim Christopher Street Day  in Berlin erschüttert das Land: Eine Frau kommt ums Leben, 29 weitere Personen werden verletzt. Im Mittelpunkt stehen drängen… [+99 chars]",,de,'Klima'
https://www.faz.net/aktuell/politik/ausland/liveblog-irankrieg-zwei-weitere-hinrichtungen-in-iran-faz-200583539.html,https://www.faz.net/aktuell/politik/ausland/liveblog-irankrieg-zwei-weitere-hinrichtungen-in-iran-faz-200583539.html,0,www.faz.net,Liveblog Irankrieg: Zwei weitere Hinrichtungen in Iran,Nach Protesten im Januar +++ Trump lobt „sehr tiefgreifende Gespräche“ – und droht Iran +++ Huthi-Angriffe bremsen Schiffsverkehr +++ Ölpreis fällt +++ alle Entwicklungen im Liveblog,https://media0.faz.net/image/w1200h627/b6a000702d7b/w2680h1400x0y333o/202601/43601.0.1653140791/proteste-auf-den-strassen.webp,2026-07-27T16:34:55Z,,Nach dem Ende der US-Angriffsserie in Iran hat der Ölpreis zu Wochenbeginn deutlich nachgegeben. Der Preis für Rohöl der Referenzsorte Brent lag zeitweise bei ungefähr 92 US-Dollar je Barrel (159 Lit… [+1138 chars],,de,'Iran'
https://www.faz.net/aktuell/politik/ausland/liveblog-irankrieg-trump-sehr-tiefgreifende-gespraeche-mit-iran-faz-200583539.html,https://www.faz.net/aktuell/politik/ausland/liveblog-irankrieg-trump-sehr-tiefgreifende-gespraeche-mit-iran-faz-200583539.html,0,www.faz.net,Liveblog Irankrieg: Trump lobt „sehr tiefgreifende Gespräche“ – und droht Iran,US-Präsident: „Entweder es geht ‌schnell oder gar nicht“ +++ Huthi-Angriffe bremsen Schiffsverkehr +++ Ölpreis fällt +++ alle Entwicklungen im Liveblog,https://media0.faz.net/image/w1200h627/fe8515f4831f/w6000h3135x0y197o/202607/43601.0.2352873921/tanker-und-frachtschiffe-sind.webp,2026-07-27T16:34:55Z,,Nach dem Ende der US-Angriffsserie in Iran hat der Ölpreis zu Wochenbeginn deutlich nachgegeben. Der Preis für Rohöl der Referenzsorte Brent lag zeitweise bei ungefähr 92 US-Dollar je Barrel (159 Lit… [+1138 chars],,de,'Iran'
https://www.n-tv.de/politik/Der-Wettlauf-beider-Seiten-bis-zum-Winter-beginnt-jetzt-id31130114.html,https://www.n-tv.de/politik/Der-Wettlauf-beider-Seiten-bis-zum-Winter-beginnt-jetzt-id31130114.html,0,www.n-tv.de,"Reisners Blick auf die Front: ""Der Wettlauf beider Seiten bis zum Winter beginnt jetzt""","Präsident Selenskyj könne entspannt ins Gespräch mit seinem US-Amtskollegen Trump gehen, sagt Oberst Reisner. Beide würden gemeinsame Interessen verbinden. Militärisch gehe die Ukraine jetzt all in - schließlich laufe der Countdown bis zum Winter.",https://www.n-tv.de/img/31130177/1785167196/Img_16_9/1200/In-this-photo-provided-by-Ukraine-s-65th-Mechanized-Brigade-press-service-soldiers-practice-military-skills-at-a-training-ground-near-the-frontline-in-the-Zaporizhzhia-region-Ukraine-Friday-July-24-2026.jpg,2026-07-27T16:38:28Z,,"Immer wieder gelingt es der Ukraine, kleinere russische Stoß- und Sturmtrupps, die infiltrieren sollen, rechtzeitig aufzuklären und zurückzuwerfen. (Foto: Ukrainian 65 Mechanized brigade )
Präsident… [+10009 chars]",,de,'Ukraine'
https://www.zeit.de/news/2026-07/27/trump-angriffspause-im-iran-fuer-verhandlungen,https://www.zeit.de/news/2026-07/27/trump-angriffspause-im-iran-fuer-verhandlungen,0,www.zeit.de,Iran-Krieg: Trump: Angriffspause im Iran für Verhandlungen,Hier finden Sie Informationen zu dem Thema „Iran-Krieg“. Lesen Sie jetzt „Trump: Angriffspause im Iran für Verhandlungen“.,https://img.zeit.de/news/2026-07/27/trump-angriffspause-im-iran-fuer-verhandlungen-image-group/wide__1300x731,2026-07-27T17:18:00Z,,"US-Präsident Donald Trump hat nach eigenen Angaben die jüngsten Angriffe im Iran vorerst gestoppt, um laufenden Verhandlungen eine weitere Chance zu geben. «Wir sind in sehr tiefgehenden Verhandlunge… [+2445 chars]",,de,'Angriff'
https://www.tagesspiegel.de/internationales/iran-krieg-trump-angriffspause-im-iran-fur-verhandlungen-15886870.html,https://www.tagesspiegel.de/internationales/iran-krieg-trump-angriffspause-im-iran-fur-verhandlungen-15886870.html,0,www.tagesspiegel.de,Iran-Krieg: Trump: Angriffspause im Iran für Verhandlungen,Die jüngste Pause der US-Angriffe im Iran soll laut Donald Trump laufenden Gesprächen helfen. Medienberichten zufolge bereiten dem Militär aber auch schwindende Munitionsreserven Sorgen.,https://www.tagesspiegel.de/images/15886869/alternates/BASE_16_9_W1400/1785172760000/us-prasident-trump.jpeg,2026-07-27T17:19:20Z,,"US-Präsident Donald Trump hat nach eigenen Angaben die jüngsten Angriffe im Iran vorerst gestoppt, um laufenden Verhandlungen eine weitere Chance zu geben. Wir sind in sehr tiefgehenden Verhandlungen… [+2485 chars]",,de,'Hormus'
https://ca.news.yahoo.com/pentagon-says-not-finish-spending-220238146.html,https://ca.news.yahoo.com/pentagon-says-not-finish-spending-220238146.html,0,ca.news.yahoo.com,"Pentagon says it will not finish spending Ukraine funds until year Trump leaves office, source says","By Patricia Zengerle WASHINGTON, July 27 (Reuters) - U.S.",https://s.yimg.com/lo/mysterio/api/59bf2cc8771ced1276b0e08c6058e08720d726db0b78a04f2a8647204f491ad2/lightyear_networkapi/resizefill_w800_h533;quality_80;format_webp/https:%2F%2Fmedia.zenfs.com%2Fen%2Freuters.com%2F113587245324cb59003c29c07b718c8f,2026-07-27T22:13:20Z,,"By Patricia Zengerle
WASHINGTON, July 27 (Reuters) - U.S. President Donald Trump's administration has told members of Congress it will not finish spending $400 million Congress has authorized for ai… [+4768 chars]",,de,'Ukraine'
https://www.faz.net/aktuell/politik/usa-unter-trump/liveticker-usa-unter-trump-umfrage-rueckhalt-fuer-iran-krieg-in-den-usa-schwindet-faz-19444916.html,https://www.faz.net/aktuell/politik/usa-unter-trump/liveticker-usa-unter-trump-umfrage-rueckhalt-fuer-iran-krieg-in-den-usa-schwindet-faz-19444916.html,0,www.faz.net,USA unter Trump: Umfrage: Rückhalt für Iran-Krieg in den USA schwindet,US-Militär: Hinken Ukraine bei Drohnenproduktion hinterher +++ USA verlassen Sitzung des UN-Sicherheitsrats bei Redebeitrag Frankreichs +++ alle Neuigkeiten im Liveblog,https://media0.faz.net/image/w1200h627/1f2a8b2224d7/w4016h2098x0y289o/202607/43601.0.2377803987/us-praesident-donald-trump-der.webp,2026-07-28T00:48:00Z,,"Die Schweiz gehört zu jenen Ländern, die die USA mit einem Zollsatz von 12,5 Prozent belegt haben. Aus Sicht des Wirtschaftsdachverbands Economiesuisse ist das weder nachvollziehbar noch gerechtferti… [+1418 chars]",,de,'Ukraine'
https://www.freitag.de/autoren/lutz-herden/iranische-erfahrung-jedes-vertrauen-in-die-usa-ist-hoechst-fahrlaessig,https://www.freitag.de/autoren/lutz-herden/iranische-erfahrung-jedes-vertrauen-in-die-usa-ist-hoechst-fahrlaessig,0,www.freitag.de,Trump drohte sogar mit Entführung: Warum der Iran den USA seit 1979 kein Wort mehr glaubt,"Mitte Juni schlossen Washington und Teheran eine „Rahmenvereinbarung“, um den Krieg zu entschärfen. Wochen später ist sie krachend gescheitert. Mittlerweile greifen die Huthi-Rebellen sogar Saudi-Arabien an. Woran zerbrach die Diplomatie? Sollten die iranisch…",https://www.freitag.de/autoren/lutz-herden/iranische-erfahrung-jedes-vertrauen-in-die-usa-ist-hoechst-fahrlaessig/@@images/image/great,2026-07-28T02:00:00Z,,"Sollten die iranischen Unterhändler nicht parieren, werde er sie notfalls entführen lassen – mit dieser Drohung sorgte Donald Trump während der ersten Verhandlungen mit Teheran für Aufsehen. Wer das … [+4246 chars]",,de,'Iran'
https://www.zeit.de/news/2026-07/28/wo-taxifahren-in-niedersachsen-teurer-wird,https://www.zeit.de/news/2026-07/28/wo-taxifahren-in-niedersachsen-teurer-wird,0,www.zeit.de,Kleine und große Preissprünge: Wo Taxifahren in Niedersachsen teurer wird,Hier finden Sie Informationen zu dem Thema „Kleine und große Preissprünge“. Lesen Sie jetzt „Wo Taxifahren in Niedersachsen teurer wird“.,https://img.zeit.de/news/2026-07/28/wo-taxifahren-in-niedersachsen-teurer-wird-image-group/wide__1300x731,2026-07-28T02:30:05Z,,"Der Bus fährt nicht oder lässt zu lange auf sich warten: Das sind Situationen, in denen Menschen auf das Taxi zurückgreifen. Anders als bei Bussen und Bahnen waren die Preise dort in den vergangenen … [+5511 chars]",,de,'Preis'
https://www.nzz.ch/zuerich/die-lager-sind-groesstenteils-leer-ventilatoren-und-klimaanlagen-werden-zur-mangelware-ld.10017132,https://www.nzz.ch/zuerich/die-lager-sind-groesstenteils-leer-ventilatoren-und-klimaanlagen-werden-zur-mangelware-ld.10017132,0,www.nzz.ch,«Die Lager sind grösstenteils leer»: Ventilatoren und Klimaanlagen werden zur Mangelware,Ab Dienstag rollt die nächste Hitzewelle des Sommers heran. Händler melden Rekordzahlen und leer gekaufte Regale bei Kühlgeräten. Hochwertige Modelle sind begehrt – erst recht an der Goldküste am Zürichsee.,"https://img-msp-prod.nzz.ch/2023/04/06/fcb6759e-44b1-4a24-b973-392a81afbed8.jpeg?width=1200&height=675&fit=bounds&quality=75&auto=webp&crop=6000,3375,x0,y233&wmark=nzz",2026-07-28T03:07:00Z,,Ab Dienstag rollt die nächste Hitzewelle des Sommers heran. Händler melden Rekordzahlen und leer gekaufte Regale bei Kühlgeräten. Hochwertige Modelle sind begehrt  erst recht an der Goldküste am Züri… [+6073 chars],,de,'Klima'
https://www.faz.net/aktuell/politik/ukraine/ukraine-gegen-iran-eine-botschaft-an-donald-trump-201068973.html,https://www.faz.net/aktuell/politik/ukraine/ukraine-gegen-iran-eine-botschaft-an-donald-trump-201068973.html,0,www.faz.net,Ukraine und Iran: Eine politische Botschaft an Trump,Die Ukraine kann mit den Angriffen auf iranische Schiffe im Kaspischen Meer politisch gewinnen. Die Vergeltungsdrohungen Teherans braucht sie nicht zu fürchten.,https://media0.faz.net/image/w1200h627/37b157e310a4/w6360h3323x738y1622o/202607/43601.0.2314641108/selenskyj-und-trump-am-8-juli.webp,2026-07-28T06:29:45Z,,"Der Adressat der politischen Botschaft, welche die Ukraine mit dem Angriff auf iranische Schiffe im Kaspischen Meer ausgesendet hat, ist nicht das Regime in Teheran, sondern Donald Trump. Unmittelbar… [+1322 chars]",,de,'Ukraine'
https://www.faz.net/aktuell/rhein-main/region-und-hessen/biotope-fuer-den-klimaschutz-wolfgang-schleich-baggert-fuer-die-natur-und-seine-enkel-201053946.html,https://www.faz.net/aktuell/rhein-main/region-und-hessen/biotope-fuer-den-klimaschutz-wolfgang-schleich-baggert-fuer-die-natur-und-seine-enkel-201053946.html,0,www.faz.net,Baggern fürs Klima: „Meine Enkeltöchter sind mein Antrieb“,"Wolfgang Schleich legt mit seinem Bagger riesige Biotope im Vogelsbergkreis an. „Klimaanlagen für Wald und Flur“, sagt er dazu. Er will der Natur etwas zurückgeben und seinen Enkeln zeigen, dass man die Welt verändern kann.",https://media0.faz.net/image/w1200h627/0a989d2800dd/w4000h2090x0y289o/202607/43601.0.2341039619/4360102341039619.webp,2026-07-28T07:32:48Z,,"Und schon wieder ist ein Damm gebrochen. Es ist nicht das erste Mal an diesem Tag. Wolfgang Schleich nimmt es gelassen. Solange es nur seine Emotionen sind, die sich da ihren Weg bahnen, lohnt sich d… [+11297 chars]",,de,'Klima'
https://www.n-tv.de/wirtschaft/Italien-senkt-Dieselsteuer-um-17-Cent-id31131913.html,https://www.n-tv.de/wirtschaft/Italien-senkt-Dieselsteuer-um-17-Cent-id31131913.html,0,www.n-tv.de,Reaktion auf hohe Preise : Italien senkt Dieselsteuer um 17 Cent,"Italien entlastet seine Dieselfahrer - zumindest kurzfristig. Angesichts der immer weiter steigenden Kraftstoffpreise senkt die Regierung in Rom die Steuer auf Diesel bis Anfang August. Wie es danach weitergeht, entscheidet sich nächste Woche.",https://www.n-tv.de/img/31131920/1785230434/Img_16_9/1200/Aumento-dei-prezzi-del-carburante-In-3-settimane-il-prezzo-medio-del-gasolio-e-salito-di-27-9-centesimi-di-euro-sula-rete-ordinaria-con-una-impennata-che-sfiora-il-15-e-di-26-centesimi-in-autostrada-mentre-la-benzina-e-rincarata-di-16-5-centesimi-sottolinea-il-Codacons-parlando-di-aumenti-che-portano-un-pieno-di-gasolio-a-costare-14-euro-in-piu-rispetto-al-3-luglio-scorso-13-95-euro-per-la-precisione-quando-e-scaduto-il-taglio-delle-accise-13-euro-in-autostrada-mentre-un-pieno-di-benzina-costa-8-25-euro-in-piu-Venerdi-24-Luglio-2026-News-Photo-by-Marco-Alpozzi-Lapresse-Fuel-prices-on-the-rise-Over-three-weeks-the-average-price-of-diesel-rose-by-27-9-euro-cents-per-litre-at-regular-filling-stationsan-increase-of-nearly-15-and-by-26-cents-on-motorways-while-petrol-prices-climbed-by-16-5-cents-Codacons-said-describing-the-increases-as-driving-up-the-cost-of-a-full-tank-of-diesel-by-14-compared-with-July-3-13-95-more-to-be-precise-when-the-excise-tax-cut-expired-13-more-on-motorways-A-full-tank-of-petrol-now-costs-8-25-more-Friday-July-24-2026.jpg,2026-07-28T09:11:37Z,,"Der Dieselpreis soll um 17 Cent pro Liter fallen. (Foto: picture alliance / LAPRESSE)
Italien entlastet seine Dieselfahrer - zumindest kurzfristig. Angesichts der immer weiter steigenden Kraftstoffp… [+2373 chars]",,de,'Preis'
https://www.focus.de/politik/ausland/im-iran-krieg-stoesst-trump-auf-ungeahnte-grenzen-seiner-macht_a49da09a-b238-49f6-be28-3d923874ab95.html,https://www.focus.de/politik/ausland/im-iran-krieg-stoesst-trump-auf-ungeahnte-grenzen-seiner-macht_a49da09a-b238-49f6-be28-3d923874ab95.html,0,www.focus.de,Im Iran-Krieg stößt Trump an ungeahnte Grenzen seiner Macht,Der US-Präsident wollte den Iran schnell in die Knie zwingen. Monate später bleiben die Ziele unerreicht – und jeder der drei möglichen Auswege hat seinen Preis.,"https://quadro.burda-forward.de/ctf/e58a3097-bfc5-40c0-b596-991d02fe5972.dc20954f-a4ff-4d88-891a-3c53e53d3f46.jpg?im=RegionOfInterestCrop=(1200,630),regionOfInterest=(3037,1366)&hash=4e4198cadb4437a9798660b2c4cf480d9013728d2370c1095533c4a7e2072488",2026-07-28T09:25:00Z,,"Präsident Trump feiert oft seine Unberechenbarkeit als Taktik, um Verbündete wie Gegner in Atem zu halten. Seiner Darstellung nach spiegelt dieses Vorgehen eine klare Entschlossenheit wider.
Vor 13 … [+8162 chars]",,de,'Hormus'
https://www.zeit.de/news/2026-07/28/bundesbank-mini-wachstum-im-fruehjahr-trotz-iran-krieg,https://www.zeit.de/news/2026-07/28/bundesbank-mini-wachstum-im-fruehjahr-trotz-iran-krieg,0,www.zeit.de,Konjunktur: Bundesbank: Mini-Wachstum im Frühjahr trotz Iran-Krieg,Hier finden Sie Informationen zu dem Thema „Konjunktur“. Lesen Sie jetzt „Bundesbank: Mini-Wachstum im Frühjahr trotz Iran-Krieg“.,https://img.zeit.de/news/2026-07/28/bundesbank-mini-wachstum-im-fruehjahr-trotz-iran-krieg-image-group/wide__1300x731,2026-07-28T10:00:05Z,,Die deutsche Wirtschaft hat nach Einschätzung der Bundesbank im Frühjahr trotz der Belastungen infolge des Iran-Kriegs ein Mini-Wachstum geschafft. «Trotz des Gegenwinds durch den Krieg im Nahen Oste… [+2360 chars],,de,'Iran'
https://www.derstandard.at/story/3000000331603/mission-impossible-der-omanischen-diplomatie-am-golf,https://www.derstandard.at/story/3000000331603/mission-impossible-der-omanischen-diplomatie-am-golf,0,www.derstandard.at,Mission Impossible der omanischen Diplomatie am Golf,Das Sultanat Oman versucht an der Straße von Hormus einen Kompromiss zu schmieden – und gleichzeitig am Roten Meer Saudi-Arabien und die Huthis auseinanderzuhalten,https://i.ds.at/T7ZA0A/rs:fill:1200:600/plain/lido-images/2026/07/27/fcccfb0a-28b1-4278-9c78-c73e188892b7.jpg,2026-07-28T10:03:57Z,,"Sie entscheiden darüber, wie Sie unsere Inhalte nutzen wollen. Ihr Gerät erlaubt uns derzeit leider nicht, die entsprechenden Optionen anzuzeigen.
Bitte deaktivieren Sie sämtliche Hard- und Software… [+180 chars]",,de,'Hormus'
https://www.welt.de/politik/ausland/article6a6766f7ce05e81ee07f1c96/iran-konflikt-netanjahus-riskanter-besuch-bei-trump-und-der-hohe-preis-den-er-womoeglich-dafuer-zahlen-muss.html,https://www.welt.de/politik/ausland/article6a6766f7ce05e81ee07f1c96/iran-konflikt-netanjahus-riskanter-besuch-bei-trump-und-der-hohe-preis-den-er-womoeglich-dafuer-zahlen-muss.html,0,www.welt.de,"Netanjahus riskanter Besuch bei Trump – und der hohe Preis, den er womöglich dafür zahlen muss",Monatelang hatte der israelische Ministerpräsident Benjamin Netanjahu auf ein Vieraugengespräch mit Donald Trump gedrängt. Jetzt bekommt er es – doch es wird die angespannten Beziehungen kaum kitten können.,https://images.welt.de/6a6766f7ce05e81ee07f1c96/672e11f400cf50d6fce4de987f753088-master/ci16x9-w1200/dpa-com-260601-935-1380395-jpg,2026-07-28T10:18:53Z,,Monatelang hatte der israelische Ministerpräsident Benjamin Netanjahu auf ein Vieraugengespräch mit Donald Trump gedrängt. Jetzt bekommt er es doch es wird die angespannten Beziehungen kaum kitten kö… [+7170 chars],,de,'Preis'
https://www.faz.net/aktuell/politik/geschichte/nida-im-memelland-unterwegs-auf-den-spuren-thomas-manns-accg-201051255.html,https://www.faz.net/aktuell/politik/geschichte/nida-im-memelland-unterwegs-auf-den-spuren-thomas-manns-accg-201051255.html,0,www.faz.net,Thomas Manns Spuren: Vom Bösen ist nichts zu sehen,"Nida, ein Fischer- und Künstlerort im früheren Ostpreußen, lockt mit deutschem Kulturerbe. Putins Russland ist nur drei Kilometer entfernt. Ein Besuch im alten Memelland.",https://media0.faz.net/image/w1200h627/cd145d691c88/w5120h2675x0y291o/202607/43601.0.2360655033/thomas-mann-vor-seinem.webp,2026-07-28T11:37:20Z,,"Memelland, das klingt nach Ännchen von Tharau, Haffkähnen und verklärtem Ostpreußentum. Der frühere Zipfel des Kaiserreiches ist ein versunkenes Stück deutscher Geschichte, aber zumindest der Südwest… [+11436 chars]",,de,'Russland'
https://orf.at/stories/3437526/,https://orf.at/stories/3437526/,0,orf.at,Insider: Golfstaaten für Oman-Vorschlag zu Hormus,,https://orf.at/mojo/1_4_1/storyserver//news/common/images/og-fallback-news.png,2026-07-28T12:07:54Z,,"Oman treibt einen Kompromiss zur Lösung des Streits über die Straße von Hormus voran.
Inzwischen habe sich Oman die Unterstützung anderer Golfstaaten für seinen Ansatz gesichert, sagte ein Insider a… [+941 chars]",,de,'Hormus'
https://www.focus.de/finanzen/news/russlands-eisenbahn-hat-43-milliarden-euro-schulden-und-muss-die-preise-anheben_ad07f4d7-c0b1-413a-9509-434f74d318ba.html,https://www.focus.de/finanzen/news/russlands-eisenbahn-hat-43-milliarden-euro-schulden-und-muss-die-preise-anheben_ad07f4d7-c0b1-413a-9509-434f74d318ba.html,0,www.focus.de,Russlands Eisenbahn hat 43 Milliarden Euro Schulden und muss die Preise anheben,"Russian Railways, die staatliche russische Eisenbahn, hat hohe Schulden. Neue Tariferhöhungen sollen zusätzliches Geld in die Kasse spülen.","https://quadro.burda-forward.de/ctf/498b45fd-63a4-4c4f-8771-3cf3f2b18f56.ae236745-2823-49a5-a396-a6b81200bd3d.jpg?im=RegionOfInterestCrop=(1200,630),regionOfInterest=(3407,1840)&hash=b2702fd263be27f2e69116520ec1c3321ac4b92cfcea7ffb64f316ba3a834fcc",2026-07-28T12:45:00Z,,"Die Erhöhung der Bahntarife in Russland war zwar schon geplant, aber eigentlich erst für das Jahr 2027. Jetzt zieht der Kreml die Maßnahme auf Oktober vor. Das soll die Finanzen der staatlichen Bahng… [+3269 chars]",,de,'Preis'
https://www.dw.com/de/warum-baut-deutschland-noch-fuer-klima-von-gestern-hitzefeste-autobahnen-asphalt-infrastruktur-klima/a-78080205,https://www.dw.com/de/warum-baut-deutschland-noch-fuer-klima-von-gestern-hitzefeste-autobahnen-asphalt-infrastruktur-klima/a-78080205,0,www.dw.com,Warum baut Deutschland Straßen für das Klima von gestern?,"Aufgeplatzter Asphalt, gesperrte Autobahnen: Hitze beschädigt zunehmend deutsche Straßen. Dabei gibt es technische Lösungen für zukunftsfähige Infrastruktur, doch die Politik hinkt hinterher. Tagelange Hitzewellen mit Temperaturen teils über 40 Grad Celsius i…",https://static.dw.com/image/77169551_6.jpg,2026-07-28T13:11:00Z,,"Tagelange Hitzewellen mit Temperaturen teils über 40 Grad Celsius in Europa: Die Folgen zeigen sich immer öfter auch auf Deutschlands Autobahnen: Betonplatten platzen auf, Asphalt verformte sich, Fah… [+7471 chars]",,de,'Erdöl'
https://www.diepresse.com/39991716/die-neuerfindung-der-trump-aktivistin-laura-loomer-ich-glaubte-die-ist,https://www.diepresse.com/39991716/die-neuerfindung-der-trump-aktivistin-laura-loomer-ich-glaubte-die-ist,0,www.diepresse.com,"Die Neuerfindung der Trump-Aktivistin Laura Loomer: „Ich glaubte, die Ukraine ist voller Nazis“ [premium]","Die US-Influencerin Laura Loomer begab sich auf eine bemerkenswerte Reise. Sie besuchte die Ukraine, um sich dort für ihre prorussischen Auftritte zu entschuldigen. Ihren Sinneswandel habe unter anderem ein Mann ausgelöst, der in Österreich vor FPÖ-Politikern…",https://img.diepresse.com/public/incoming/7a7cqa-afpc3bb4kejpg/alternates/WEBP_WIDE_1200/AFP_C3BB4KE.jpg,2026-07-28T13:18:17Z,,Eine Influencerin sitzt im Garten des Marienpalastes in Kiew. Auf der anderen Seite des Gartentisches hat der ukrainische Präsident Wolodymyr Selenskyj seinen Platz eingenommen. Ich wurde verwirrt du… [+3646 chars],,de,'Iran'
https://www.focus.de/politik/ausland/putins-versteckte-luxusyacht-das-phantom-von-seweromorsk_0a6f5766-7c9e-4aa0-9acc-9e3f2393bdb8.html,https://www.focus.de/politik/ausland/putins-versteckte-luxusyacht-das-phantom-von-seweromorsk_0a6f5766-7c9e-4aa0-9acc-9e3f2393bdb8.html,0,www.focus.de,Putins versteckte Luxusyacht: Das Phantom von Seweromorsk,Vier Jahre lang war sie praktisch unsichtbar. Dann tauchte Wladimir Putins mutmaßliche Luxusyacht plötzlich wieder auf – eskortiert von einem russischen Kriegsschiff sowie einem Forschungsschiff.,"https://quadro.burda-forward.de/ctf/c0eced41-4f9f-4d2e-b9d3-9f10af51e3e6.e2c32ca6-391f-4da3-bf43-8968e1462a5e.png?im=RegionOfInterestCrop=(1200,630),regionOfInterest=(833,375)&hash=81fbbb69cf5d059c73ac0441308b63354db2e8aaef800c6547f792cfbb759236",2026-07-28T13:24:00Z,,"Vier Jahre lang war sie ein Phantom. Seit August 2022 sendete die mutmaßlich Wladimir Putin gehörende Luxusyacht Graceful kein AIS-Signal mehr. Wer ihren Standort verfolgen wollte, hatte kaum eine Ch… [+5839 chars]",,de,'Wladimir Putin'
https://www.tagesschau.de/ausland/asien/israel-usa-belastete-beziehung-100.html,https://www.tagesschau.de/ausland/asien/israel-usa-belastete-beziehung-100.html,0,www.tagesschau.de,Probleme in Beziehungen zu USA: Ein Sicherheitsrisiko für Israel,"Spätestens der Iran-Krieg hat die Beziehung der USA zu Israel verändert. In Washington wird die israelische Regierung zunehmend als Belastung wahrgenommen. Für Netanjahu geht es deshalb um viel, wenn er heute Trump trifft. Von J.-C. Kitzler.",https://images.tagesschau.de/image/4363fb11-7af5-4aa5-ac9e-cc44906f3196/AAABn5L8_tU/AAABnSSvrFg/16x9-big/netanjahu-trump-126.jpg?width=1280,2026-07-28T13:29:49Z,,"Stand: 28.07.2026 15:29 Uhr
Spätestens der Iran-Krieg hat die Beziehung der USA zu Israel verändert. In Washington wird die israelische Regierung zunehmend als Belastung wahrgenommen. Für Netanjahu … [+4950 chars]",,de,'Iran'
https://www.golem.de/sonstiges/zustimmung/auswahl.html?from=https://www.golem.de/news/anzeige-google-pixel-10a-war-bei-amazon-noch-nie-guenstiger-2607-211361.html&referer=https://t.co/2e4ddc45f5,https://www.golem.de/sonstiges/zustimmung/auswahl.html?from=https://www.golem.de/news/anzeige-google-pixel-10a-war-bei-amazon-noch-nie-guenstiger-2607-211361.html&referer=https://t.co/2e4ddc45f5,0,www.golem.de,Anzeige: Google Pixel 10a war bei Amazon noch nie günstiger,"Ein leistungsstarkes Smartphone zum niedrigen Preis gibt es mit dem Google Pixel 10a jetzt bei Amazon. Der Bestseller kostet nur 399 Euro. (Google Pixel, Telekommunikation)",,2026-07-28T13:35:01Z,,"Besuchen Sie Golem.de wie gewohnt mit Werbung und Tracking,
 indem Sie der Nutzung aller Cookies zustimmen.
 Details zum Tracking finden Sie im Privacy Center.
Skript wurde nicht geladen. Informat… [+607 chars]",,de,'Preis'
https://www.whudat.de/time-is-up-update-stand-juli-2026-dr-mark-benecke-ueber-die-globale-dringlichkeit-der-klimakrise/,https://www.whudat.de/time-is-up-update-stand-juli-2026-dr-mark-benecke-ueber-die-globale-dringlichkeit-der-klimakrise/,0,www.whudat.de,Time Is Up: Update Stand Juli 2026 // Dr. Mark Benecke über die globale Dringlichkeit der Klimakrise,Der Kriminalbiologe Dr. Mark Benecke meldet sich mit einem neuen Umweltupdate direkt vom Rheinufer zurück. Das historische Tiefstniveau des Pegelstandes Ende Juli 2026 dient dabei als anschauliche Kulisse für seine Bestandsaufnahme. Obwohl er diesmal bewusst …,https://www.whudat.de/images/2026/07/Mark-Benecke-Time-Is-Up-07-2026-BB.jpg,2026-07-28T13:55:05Z,,Der Kriminalbiologe Dr. Mark Benecke meldet sich mit einem neuen Umweltupdate direkt vom Rheinufer zurück. Das historische Tiefstniveau des Pegelstandes Ende Juli 2026 dient dabei als anschauliche Ku… [+8781 chars],,de,'Erdöl'
https://www.diepresse.com/39991434/selenskyj-will-in-washington-trump-von-der-staerke-der-ukraine,https://www.diepresse.com/39991434/selenskyj-will-in-washington-trump-von-der-staerke-der-ukraine,0,www.diepresse.com,Selenskyj will in Washington Trump von der Stärke der Ukraine überzeugen [premium],"US-Präsident Donald Trump äußerte sich zuletzt positiv über die ukrainische Kriegsführung. Doch das bedeutet nicht, dass Washington mehr Geld und Mittel für das angegriffene Land zur Verfügung stellen wird. Ein neues US-Sanktionspaket könnte Russland und sein…",https://img.diepresse.com/public/incoming/zbkw7r-imago862875060jpg/alternates/WEBP_WIDE_1200/imago862875060.jpg,2026-07-28T14:35:40Z,,"Als Wolodymyr Selenskyj im Morgengrauen in den USA ankam, lag ein langer Tag vor ihm. Ein 90-minütiges Treffen mit US-Präsident Donald Trump im Oval Office, eine Zusammenkunft mit dem gesamten Senat,… [+5746 chars]",,de,'Ukraine'
https://www.zeit.de/news/2026-07/28/mit-baseballschlaeger-und-messer-angriff-auf-22-jaehrigen,https://www.zeit.de/news/2026-07/28/mit-baseballschlaeger-und-messer-angriff-auf-22-jaehrigen,0,www.zeit.de,Zwei Festnahmen: Mit Baseballschläger und Messer: Angriff auf 22-Jährigen,Hier finden Sie Informationen zu dem Thema „Zwei Festnahmen“. Lesen Sie jetzt „Mit Baseballschläger und Messer: Angriff auf 22-Jährigen“.,https://img.zeit.de/news/2026-07/28/mit-baseballschlaeger-und-messer-angriff-auf-22-jaehrigen-image-group/wide__1300x731,2026-07-28T14:43:35Z,,Mit einem Baseballschläger und einem Messer bewaffnet sollen zwei Männer in eine Wohnung in Pirmasens eingedrungen sein und dort einen 22-Jährigen attackiert haben. Der junge Mann habe sich gegen den… [+545 chars],,de,'Angriff'
https://www.tagesspiegel.de/internationales/ukraine-unterstutzung-im-fokus-treffen-von-selenskyj-und-trump-im-weissen-haus-hat-begonnen-15890536.html,https://www.tagesspiegel.de/internationales/ukraine-unterstutzung-im-fokus-treffen-von-selenskyj-und-trump-im-weissen-haus-hat-begonnen-15890536.html,0,www.tagesspiegel.de,Ukraine-Unterstützung im Fokus: Treffen von Selenskyj und Trump im Weißen Haus hat begonnen,Der US-Präsident empfängt am Dienstag gleich zweimal hochrangigen ausländischen Besuch in Washington: Spitzenpolitiker aus der Ukraine und Israel. Selenskyj macht den Anfang.,https://www.tagesspiegel.de/images/15890551/alternates/BASE_16_9_W1400/1785249574000/trump-empfangt-selenskyj-im-wei-en-haus.jpeg,2026-07-28T14:44:16Z,,"Das Treffen von US-Präsident Donald Trump und dem ukrainischen Präsidenten Wolodymyr Selenskyj im Weißen Haus hat begonnen. Es sei um 9.47 Uhr Ortszeit (15.47 Uhr MESZ) losgegangen, teilte das Weiße … [+1403 chars]",,de,'Ukraine'
https://www.bild.de/politik/ausland-und-internationales/wladimir-putin-behauptet-polen-ungarn-und-rumaenien-wollen-teile-der-ukraine-6a689a38c435b807339bd42d,https://www.bild.de/politik/ausland-und-internationales/wladimir-putin-behauptet-polen-ungarn-und-rumaenien-wollen-teile-der-ukraine-6a689a38c435b807339bd42d,0,www.bild.de,Russland „Schutzmacht der Ukraine“ - Wirre Putin-Lüge: Polen will West-Ukraine haben,Putin stellt ausgerechnet Russland als Schutzmacht der Ukraine dar und behauptet: Polen will Teile der West-Ukraine übernehmen. Warschau weist das zurück.,"https://images.bild.de/6a689a38c435b807339bd42d/aa0f9c9ea9a6119228d81dfa4d0ca226,c07b289b?w=1280",2026-07-28T14:47:03Z,,TTS-Player überspringenArtikel weiterlesenWarschau/St. Petersburg Wladimir Putin (73) sorgt mit wirren Aufteilungsplänen zur Ukraine für Empörung in Europa. Bei einem Auftritt zum Tag der russischen … [+2045 chars],,de,'Wladimir Putin'
https://www.sueddeutsche.de/sport/schach-russland-fide-dworkowitsch-eu-sanktionen-li.3521528,https://www.sueddeutsche.de/sport/schach-russland-fide-dworkowitsch-eu-sanktionen-li.3521528,0,www.sueddeutsche.de,Sportpolitik: Nach mehr als 30 Jahren könnte die russische Herrschaft im Schach enden,Seit 1995 wird der Weltverband von einem Russen regiert. Jetzt ist der Präsident nach EU-Sanktionen zurückgetreten. Doch von den drei Kandidaten für seine Nachfolge hat nur einer keine Verbindungen nach Russland.,https://www.sueddeutsche.de/2026/07/28/2b8902c3-69d2-4939-b0e8-8195983fa699.jpg?q=60&fm=webp&width=1200&rect=319%2C624%2C3005%2C1690,2026-07-28T15:28:13Z,,"In der Begründung heißt es, Dworkowitsch habe nicht bloß eine Vergangenheit im Kreml, unter anderem als stellvertretender Ministerpräsident von 2012 bis 2018, sondern gefährde auch als Fide-Präsident… [+7123 chars]",,de,'Wladimir Putin'
https://www.golem.de/sonstiges/zustimmung/auswahl.html?from=https://www.golem.de/news/anzeige-drohne-faellt-bei-amazon-um-51-prozent-im-preis-2607-211376.html&referer=https://t.co/6eb4d8786d,https://www.golem.de/sonstiges/zustimmung/auswahl.html?from=https://www.golem.de/news/anzeige-drohne-faellt-bei-amazon-um-51-prozent-im-preis-2607-211376.html&referer=https://t.co/6eb4d8786d,0,www.golem.de,Anzeige: Drohne fällt bei Amazon um 51 Prozent im Preis,"Bei Amazon gibt es derzeit eine 4K-Drohne zum Sonderpreis im Angebot. Wie gut ist der Deal? (Drohne, Amazon)",,2026-07-28T16:05:01Z,,"Besuchen Sie Golem.de wie gewohnt mit Werbung und Tracking,
 indem Sie der Nutzung aller Cookies zustimmen.
 Details zum Tracking finden Sie im Privacy Center.
Skript wurde nicht geladen. Informat… [+607 chars]",,de,'Preis'
https://www.derstandard.at/story/3000000333275/wie-lange-israel-im-irankrieg-noch-aussen-vor-bleiben-kann,https://www.derstandard.at/story/3000000333275/wie-lange-israel-im-irankrieg-noch-aussen-vor-bleiben-kann,0,www.derstandard.at,Wie lange Israel im Irankrieg noch außen vor bleiben kann,"Während die USA den Iran angriffen und der Iran Ziele am Golf beschoss, blieb es in Israel erstaunlich ruhig. Doch das kann sich bald ändern",https://i.ds.at/o5tuRQ/rs:fill:1200:600/plain/lido-images/2026/07/28/2f83f57b-6164-46f4-99a9-403f6822c1fb.jpg,2026-07-28T16:08:56Z,,"Sie entscheiden darüber, wie Sie unsere Inhalte nutzen wollen. Ihr Gerät erlaubt uns derzeit leider nicht, die entsprechenden Optionen anzuzeigen.
Bitte deaktivieren Sie sämtliche Hard- und Software… [+180 chars]",,de,'Iran'
https://www.faz.net/aktuell/politik/ausland/liveblog-irankrieg-eu-verurteilt-aggression-gegen-franzoesische-diplomaten-im-iran-faz-200583539.html,https://www.faz.net/aktuell/politik/ausland/liveblog-irankrieg-eu-verurteilt-aggression-gegen-franzoesische-diplomaten-im-iran-faz-200583539.html,0,www.faz.net,Liveblog Irankrieg: EU verurteilt „Aggression“ gegen französische Diplomaten in Iran,Frankreich: Diplomat stundenlang festgehalten und misshandelt +++ Weitere Hinrichtungen in Iran +++ Trump lobt „sehr tiefgreifende Gespräche“ – und droht Iran +++ Huthi-Angriffe bremsen Schiffsverkehr +++ alle Entwicklungen im Liveblog,https://media0.faz.net/image/w1200h627/fe38ec5aa441/w6000h3135x0y283o/202607/43601.0.2365642328/die-eu-aussenbeauftragte-kaja.webp,2026-07-28T16:19:03Z,,Nach dem Ende der US-Angriffsserie in Iran hat der Ölpreis zu Wochenbeginn deutlich nachgegeben. Der Preis für Rohöl der Referenzsorte Brent lag zeitweise bei ungefähr 92 US-Dollar je Barrel (159 Lit… [+1138 chars],,de,'Iran'
https://www.zeit.de/politik/ausland/2026-07/donald-trump-wolodymyr-selenskyj-benjamin-netanjahu-weisses-haus-usa,https://www.zeit.de/politik/ausland/2026-07/donald-trump-wolodymyr-selenskyj-benjamin-netanjahu-weisses-haus-usa,0,www.zeit.de,"Washington, D.C.: Trump empfängt Selenskyj und Netanjahu zu Gesprächen","Der ukrainische Präsident hat in Washington, D.C. erneut für eine Stärkung der Flugabwehr seines Landes geworben. Mit Netanjahu spricht Trump über den Irankieg.",https://img.zeit.de/politik/ausland/2026-07/donald-trump-wolodymyr-selenskyj-benjamin-netanjahu-weisses-haus-usa-foto-1/wide__1300x731,2026-07-28T16:21:16Z,,Der ukrainische Präsident Wolodymyr Selenskyj hat sich nach einem Treffen mit US-Präsident Donald Trump zufrieden gezeigt. Hauptthema des Gesprächs im Oval Office waren nach seinen Angaben Lizenzen f… [+1723 chars],,de,'Iran'
https://www.zeit.de/news/2026-07/28/us-senatoren-einig-auf-gesetz-zu-mehr-russland-sanktionen,https://www.zeit.de/news/2026-07/28/us-senatoren-einig-auf-gesetz-zu-mehr-russland-sanktionen,0,www.zeit.de,Druck auf Moskau: US-Senatoren einig auf Gesetz zu mehr Russland-Sanktionen,Hier finden Sie Informationen zu dem Thema „Druck auf Moskau“. Lesen Sie jetzt „US-Senatoren einig auf Gesetz zu mehr Russland-Sanktionen“.,https://img.zeit.de/news/2026-07/28/us-senatoren-einig-auf-gesetz-zu-mehr-russland-sanktionen-image-group/wide__1300x731,2026-07-28T16:33:57Z,,"US-Senatoren der Republikaner und Demokraten haben sich auf ein Gesetz geeinigt, dass Russland durch neue Sanktionen stärker unter Druck setzen soll. Das Gesetz soll laut neu veröffentlichten Ergänzu… [+1961 chars]",,de,'Russland'
https://www.tagesspiegel.de/internationales/druck-auf-moskau-us-senatoren-einig-auf-gesetz-zu-mehr-russland-sanktionen-15890996.html,https://www.tagesspiegel.de/internationales/druck-auf-moskau-us-senatoren-einig-auf-gesetz-zu-mehr-russland-sanktionen-15890996.html,0,www.tagesspiegel.de,Druck auf Moskau: US-Senatoren einig auf Gesetz zu mehr Russland-Sanktionen,"Bis zu seinem Tod trieb US-Senator Lindsey Graham ein Gesetz voran, das Moskau mit Sanktionen stärker unter Druck setzen soll. Nun könnte es in einem ersten Schritt den Senat passieren.",https://www.tagesspiegel.de/images/15890995/alternates/BASE_16_9_W1400/1785256501000/trauerfeier-fur-den-verstorbenen-us-senator-graham.jpeg,2026-07-28T16:35:01Z,,"US-Senatoren der Republikaner und Demokraten haben sich auf ein Gesetz geeinigt, dass Russland durch neue Sanktionen stärker unter Druck setzen soll. Das Gesetz soll laut neu veröffentlichten Ergänzu… [+2017 chars]",,de,'Iran'
https://www.dw.com/de/pakistans-drahtseilakt-zwischen-saudi-arabien-und-dem-iran/a-78150735,https://www.dw.com/de/pakistans-drahtseilakt-zwischen-saudi-arabien-und-dem-iran/a-78150735,0,www.dw.com,Pakistans Drahtseilakt zwischen Saudi-Arabien und dem Iran,Nach jüngsten Angriffen der vom Iran unterstützten Huthi-Miliz in Jemen auf einen saudi-arabischen Öltanker steht Pakistan vor einem Dilemma. Islamabad will neutraler Vermittler bleiben und weitere Eskalation vermeiden. Die Huthi-Miliz hat zwei saudi-arabisch…,https://static.dw.com/image/78107474_6.jpg,2026-07-28T16:46:00Z,,"Die Huthi-Miliz hat zwei saudi-arabische Öltanker in der Meerenge Bab al-Mandab im Roten Meer attackiert und fordert damit die Friedensbemühungen Pakistans in der Region heraus.
Die schiitische Huth… [+6952 chars]",,de,'Angriff'
https://orf.at/stories/3437555/,https://orf.at/stories/3437555/,0,orf.at,Russland-Sanktionen: US-Senatoren einigen sich auf Gesetz,,https://orf.at/mojo/1_4_1/storyserver//news/common/images/og-fallback-news.png,2026-07-28T16:47:16Z,,"US-Senatorinnen und -Senatoren der Republikaner und Demokraten haben sich heute auf ein Gesetz geeinigt, das Russland durch neue Sanktionen stärker unter Druck setzen soll. Das Gesetz soll laut neu v… [+1887 chars]",,de,'Russland'
https://www.sueddeutsche.de/politik/washington-selenskij-trump-us-senat-lindsey-graham-li.3522808,https://www.sueddeutsche.de/politik/washington-selenskij-trump-us-senat-lindsey-graham-li.3522808,0,www.sueddeutsche.de,Ukraine und USA: Späte Genugtuung für Selenskij,"Nach seiner Demütigung im vergangenen Jahr kann der ukrainische Präsident Erfolge verbuchen: Donald Trump empfängt ihn mit offenen Armen, und der Senat will Sanktionen gegen Russland auf den Weg bringen.",https://www.sueddeutsche.de/2026/07/28/ba4a54f3-a243-497d-a1af-31ef24164a65.jpg?q=60&fm=webp&width=1200&rect=0%2C85%2C2048%2C1152,2026-07-28T17:34:08Z,,"Und zum dritten das war wohl die Voraussetzung für die beiden anderen Termine wurde Selenskij an diesem Dienstagvormittag, noch vor dem Gedenkgottesdienst, von Donald Trump im Weißen Haus empfangen, … [+4761 chars]",,de,'Ukraine'
https://www.zeit.de/news/2026-07/29/us-militaer-iranische-raketen-in-nahost-abgefangen,https://www.zeit.de/news/2026-07/29/us-militaer-iranische-raketen-in-nahost-abgefangen,0,www.zeit.de,Iran-Krieg: US-Militär: Iranische Raketen in Nahost abgefangen,Hier finden Sie Informationen zu dem Thema „Iran-Krieg“. Lesen Sie jetzt „US-Militär: Iranische Raketen in Nahost abgefangen“.,https://img.zeit.de/news/2026-07/29/us-militaer-iranische-raketen-in-nahost-abgefangen-image-group/wide__1300x731,2026-07-28T23:47:48Z,,"Das US-Militär hat nach eigenen Angaben einen iranischen Angriff mit mehreren ballistischen Raketen auf US-Truppen im Nahen Osten abgewehrt. «Alle iranischen Raketen wurden erfolgreich abgefangen», t… [+1188 chars]",,de,'Iran'
https://www.zeit.de/politik/ausland/2026-07/usa-iran-krieg-saudi-arabien-angriffe-irak,https://www.zeit.de/politik/ausland/2026-07/usa-iran-krieg-saudi-arabien-angriffe-irak,0,www.zeit.de,"Iranüberblick: USA greifen proiranische Milizen im Irak an, Iran beschießt US-Militär","Zusammen mit Saudi-Arabien attackieren die USA Ziele im Irak. Ein »Überraschungsangriff« auf US-Truppen sei abgewehrt worden, meldet das US-Militär. Die Nacht",https://img.zeit.de/politik/ausland/2026-07/iran-irak-usa-ueberblick/wide__1300x731,2026-07-29T02:53:03Z,,"Die USA haben nach eigenen Angaben gemeinsam mit saudi-arabischen Streitkräften mehrere Ziele im Irak angegriffen. Wie das zuständige US-Regionalkommando Centcom mitteilte, galten die Angriffe dem Ir… [+2553 chars]",,de,'Iran'
https://www.nzz.ch/meinung/wenn-es-fed-chef-kevin-warsh-ernst-meint-mit-der-nulltoleranz-gegenueber-der-inflation-kann-er-jetzt-ein-starkes-zeichen-setzen-ld.10017231,https://www.nzz.ch/meinung/wenn-es-fed-chef-kevin-warsh-ernst-meint-mit-der-nulltoleranz-gegenueber-der-inflation-kann-er-jetzt-ein-starkes-zeichen-setzen-ld.10017231,0,www.nzz.ch,"KOMMENTAR - Wenn es Fed-Chef Kevin Warsh ernst meint mit der Nulltoleranz gegenüber der Inflation, kann er jetzt ein starkes Zeichen setzen",In den USA liegt die Inflationsrate seit mehr als fünf Jahren deutlich über dem Ziel des Federal Reserve Board von 2 Prozent. Jetzt kann der neue Notenbankchef im Kampf gegen die Teuerung ein Zeichen setzen.,"https://img-msp-prod.nzz.ch/2026/07/27/41617433-ed6c-418d-85c0-faf522e321b4.jpg?width=1200&height=756&fit=bounds&quality=75&auto=webp&crop=2801,1765,x0,y0&wmark=nzz",2026-07-29T03:30:00Z,,In den USA liegt die Inflationsrate seit mehr als fünf Jahren deutlich über dem Ziel des Federal Reserve Board von 2 Prozent. Jetzt kann der neue Notenbankchef im Kampf gegen die Teuerung ein Zeichen… [+4675 chars],,de,'Inflation'
https://www.nzz.ch/eine-bodenoperation-im-persischen-golf-braucht-deutlich-mehr-militaerische-kraft-als-die-usa-gegenwaertig-in-dem-raum-haben-ld.10017289,https://www.nzz.ch/eine-bodenoperation-im-persischen-golf-braucht-deutlich-mehr-militaerische-kraft-als-die-usa-gegenwaertig-in-dem-raum-haben-ld.10017289,0,www.nzz.ch,"Eine Bodenoperation im Persischen Golf braucht deutlich mehr militärische Kraft, als die USA gegenwärtig in dem Raum haben","Mit Luftangriffen allein ist eine Entscheidung im Iran-Krieg kaum möglich. Es mehren sich deshalb Berichte, Washington könnte versuchen, mit einem Handstreich aus der Pattsituation auszubrechen.","https://img-msp-prod.nzz.ch/2026/07/28/4267b644-4cfa-4c5f-841a-ef42adf1435c.jpg?width=1200&height=675&fit=bounds&quality=75&auto=webp&crop=3171,1784,x171,y138&wmark=nzz",2026-07-29T03:30:00Z,,"Mit Luftangriffen allein ist eine Entscheidung im Iran-Krieg kaum möglich. Es mehren sich deshalb Berichte, Washington könnte versuchen, mit einem Handstreich aus der Pattsituation auszubrechen.
Kom… [+7133 chars]",,de,'Iran'
https://www.nzz.ch/meinung/russland-gegen-ukraine-zwei-kriegsstrategien-aber-gewinnen-kann-nur-eine-ld.10017252,https://www.nzz.ch/meinung/russland-gegen-ukraine-zwei-kriegsstrategien-aber-gewinnen-kann-nur-eine-ld.10017252,0,www.nzz.ch,"KOMMENTAR - Zwei Kriegsstrategien, aber nur eine kann gewinnen: Warum die Ukraine die beste Chance seit langem hat und Russland trotzdem nicht auf Frieden sinnt","Russland hat die militärische Oberhand verloren. Wer die Ukraine im letzten Jahr zu einem Kapitulationsfrieden zwingen wollte, lag falsch. Jetzt gilt es, Putin zu einem bedingungslosen Waffenstillstand zu bewegen.","https://img-msp-prod.nzz.ch/2026/07/24/6e41e952-1ba3-4fdd-b370-19ae932599f2.jpg?width=1200&height=675&fit=bounds&quality=75&auto=webp&crop=6000,3375,x0,y7&wmark=nzz",2026-07-29T03:35:00Z,,"Russland hat die militärische Oberhand verloren. Wer die Ukraine im letzten Jahr zu einem Kapitulationsfrieden zwingen wollte, lag falsch. Jetzt gilt es, Putin zu einem bedingungslosen Waffenstillsta… [+9875 chars]",,de,'Erdöl'
https://www.faz.net/aktuell/politik/ausland/liveblog-irankrieg-usa-und-saudi-arabien-greifen-terroristen-im-irak-an-faz-200583539.html,https://www.faz.net/aktuell/politik/ausland/liveblog-irankrieg-usa-und-saudi-arabien-greifen-terroristen-im-irak-an-faz-200583539.html,0,www.faz.net,Liveblog Irankrieg: USA und Saudi-Arabien greifen „Terroristen“ im Irak an,Bericht über abgewehrten iranischen Angriff auf US-Truppen im Nahen Osten +++ EU verurteilt „Aggression“ gegen französische Diplomaten in Iran +++ Weitere Hinrichtungen in Iran +++ Trump lobt „sehr tiefgreifende Gespräche“ – und droht Iran +++ alle Entwicklun…,https://media0.faz.net/image/w1200h627/9ef361f9ae9b/w3600h1881x0y260o/202607/43601.0.2337848873/archivbild-eines-us.webp,2026-07-29T04:01:15Z,,Nach dem Ende der US-Angriffsserie in Iran hat der Ölpreis zu Wochenbeginn deutlich nachgegeben. Der Preis für Rohöl der Referenzsorte Brent lag zeitweise bei ungefähr 92 US-Dollar je Barrel (159 Lit… [+1138 chars],,de,'Angriff'
https://www.zeit.de/politik/ausland/2026-07/internationaler-strafgerichtshof-venezuela-usa-eu,https://www.zeit.de/politik/ausland/2026-07/internationaler-strafgerichtshof-venezuela-usa-eu,0,www.zeit.de,Internationaler Strafgerichtshof: Ohne dieses Gericht wäre die Welt um eine Hoffnung ärmer,Der Internationale Strafgerichtshof steckt in der Krise. Unter dem Druck der USA verlassen Länder wie Venezuela das Weltgericht. Jetzt kommt es auf die EU an.,https://img.zeit.de/politik/deutschland/2026-07/strafgerichtshof-den-haag-eu-bild/wide__1300x731,2026-07-29T05:35:13Z,,"Schließen
Artikelzusammenfassung
Der Internationale Strafgerichtshof steht am Abgrund. Fast 25 Jahre nach seinem Start ist der Clash um das Haager Tribunal härter denn je: Während US-Außenminister … [+1405 chars]",,de,'Krise'
https://www.golem.de/sonstiges/zustimmung/auswahl.html?from=https://www.golem.de/news/aktion-callya-jahrespaket-m-bietet-mehr-datenvolumen-2607-211365.html&referer=https://t.co/d2b8c15347,https://www.golem.de/sonstiges/zustimmung/auswahl.html?from=https://www.golem.de/news/aktion-callya-jahrespaket-m-bietet-mehr-datenvolumen-2607-211365.html&referer=https://t.co/d2b8c15347,0,www.golem.de,Aktion: Callya Jahrespaket M bietet mehr Datenvolumen,"Der Jahrestarif M von Vodafone ist aktuell mit mehr Inklusivvolumen bei gleichem Preis erhältlich. Auch Bestandskunden können den Tarif buchen. (Vodafone, Mobilfunk)",,2026-07-29T06:05:02Z,,"Besuchen Sie Golem.de wie gewohnt mit Werbung und Tracking,
 indem Sie der Nutzung aller Cookies zustimmen.
 Details zum Tracking finden Sie im Privacy Center.
Skript wurde nicht geladen. Informat… [+607 chars]",,de,'Preis'
https://www.faz.net/aktuell/politik/usa-unter-trump/liveticker-usa-unter-trump-florida-fuehrt-erste-doppelhinrichtung-seit-mehr-als-60-jahren-aus-faz-19444916.html,https://www.faz.net/aktuell/politik/usa-unter-trump/liveticker-usa-unter-trump-florida-fuehrt-erste-doppelhinrichtung-seit-mehr-als-60-jahren-aus-faz-19444916.html,0,www.faz.net,USA unter Trump: Florida führt erste Doppelhinrichtung seit mehr als 60 Jahren aus,Debatte über das Alter von Verurteilten bei der Exekution +++ USA beginnen Überprüfung ihrer Truppenpräsenz in Europa +++ Umfrage in USA: Weniger Zustimmung zu Irankrieg +++ alle Neuigkeiten im Liveblog,https://media0.faz.net/image/w1200h627/bc57c4629a29/w3855h2014x0y278o/202607/43601.0.2381169609/im-gefaengnis-von-starke-hat.webp,2026-07-29T06:45:27Z,,"US-Senatoren der Republikaner und Demokraten haben sich auf ein Gesetz geeinigt, das Russland durch neue Sanktionen stärker unter Druck setzen soll. Das Gesetz soll laut neu veröffentlichten Ergänzun… [+1139 chars]",,de,'Erdöl'
https://www.focus.de/politik/ausland/ukraine-zerstoert-erstmals-den-neuen-russischen-raketenwerfer-sarma-der-laut-moskau-noch-leistungsstaerker-ist-als-himars_b3fe03d5-a5b0-48c9-9264-3d826d1e7239.html,https://www.focus.de/politik/ausland/ukraine-zerstoert-erstmals-den-neuen-russischen-raketenwerfer-sarma-der-laut-moskau-noch-leistungsstaerker-ist-als-himars_b3fe03d5-a5b0-48c9-9264-3d826d1e7239.html,0,www.focus.de,"Ukraine zerstört erstmals den neuen russischen Raketenwerfer „Sarma“, der laut Moskau noch leistungsstärker ist als „Himars“",Ukrainische Truppen haben nach eigenen Angaben erstmals das neue russische Raketenwerfersystem Sarma zerstört. Der Treffer fiel während eines großen Angriffs im Gebiet Donezk.,"https://quadro.burda-forward.de/ctf/b613b6f7-8dc7-4f7b-a106-6e6deed623a3.0ab1059d-35ff-4046-9a21-da425423cfbc.jpg?im=RegionOfInterestCrop=(1200,630),regionOfInterest=(1445,766)&hash=9e5d4536e92dd3022e37b132caa15a3f6efe49e63f2e5608e409e4646583dd2e",2026-07-29T07:05:00Z,,Die ukrainischen Streitkräfte haben nach Angaben der Nationalgarde erstmals das neue russische Mehrfachraketenwerfersystem Sarma zerstört. Der Angriff sei am 22. Juli während eines groß angelegten ru… [+2208 chars],,de,'Angriff'
https://www.focus.de/politik/ausland/oberst-reisner-selbst-weitere-300-000-soldaten-koennen-russland-nicht-dabei-helfen-die-drohnenmauer-der-ukraine-zu-ueberwinden_cebe6f40-a1b8-4d64-908d-d32ec949c7f3.html,https://www.focus.de/politik/ausland/oberst-reisner-selbst-weitere-300-000-soldaten-koennen-russland-nicht-dabei-helfen-die-drohnenmauer-der-ukraine-zu-ueberwinden_cebe6f40-a1b8-4d64-908d-d32ec949c7f3.html,0,www.focus.de,"Oberst Reisner: „Selbst weitere 300.000 Soldaten können Russland nicht dabei helfen, die ‚Drohnenmauer‘ der Ukraine zu überwinden“",Ein österreichischer Militärexperte hält selbst 300.000 zusätzliche russische Soldaten für zu wenig. Zugleich meldet Kiew neue Angriffe auf Ziele auf der Krim und im Donbass.,"https://quadro.burda-forward.de/ctf/8817eba6-13bf-42d4-ba46-266ebb646426.dff7a46c-8071-4c25-839a-0d87d1372e9d.jpeg?im=RegionOfInterestCrop=(1200,630),regionOfInterest=(521,219)&hash=819e6ab496b8610867fe851504e96ed06dc32cc5e78906cff7c5848a59fe3828",2026-07-29T07:06:00Z,,Nach Einschätzung des österreichischen Obersts Markus Reisner reichen selbst weitere 300.000 mobilisierte Soldaten nicht für einen entscheidenden russischen Durchbruch. Reisner leitet das Offiziersau… [+2349 chars],,de,'Ukraine'
https://www.focus.de/politik/ausland/kriege-im-iran-und-in-der-ukraine-prallen-am-groessten-see-der-welt-aufeinander-kiew-nimmt-iranisches-schiff-unter-beschuss_02282a3f-0b5c-4372-a572-93e31d7c2599.html,https://www.focus.de/politik/ausland/kriege-im-iran-und-in-der-ukraine-prallen-am-groessten-see-der-welt-aufeinander-kiew-nimmt-iranisches-schiff-unter-beschuss_02282a3f-0b5c-4372-a572-93e31d7c2599.html,0,www.focus.de,Kriege im Iran und in der Ukraine prallen am größten See der Welt aufeinander - Kiew nimmt iranisches Schiff unter Beschuss,Die Ukraine hat laut Präsident Wolodymyr Selenskyj Ziele im Kaspischen Meer getroffen. Der Angriff auf ein iranisches Schiff verschärft den Konflikt zwischen Kiew und Teheran.,"https://quadro.burda-forward.de/ctf/f20c668f-cf6f-4733-8c98-78a4415c0439.bc0d7025-6cfd-473a-ae7d-a9d58b95b47a.jpg?im=RegionOfInterestCrop=(1200,630),regionOfInterest=(2558,1471)&hash=fc8a6a9fb06221e796747bd21a759976d3ea34446f2bb0a5bbe84cd64e801d62",2026-07-29T07:09:00Z,,"Mit einem Angriff weit abseits der Front in der Ukraine hat Kiew den Konflikt mit Iran offen verschärft. Präsident Wolodymyr Selenskyj erklärte, ukrainische Streitkräfte hätten im Kaspischen Meer seh… [+2319 chars]",,de,'Angriff'
https://www.golem.de/sonstiges/zustimmung/auswahl.html?from=https://www.golem.de/news/neue-details-zum-ki-angriff-openai-hat-mehr-als-nur-hugging-face-gehackt-2607-211385.html&referer=https://t.co/bcb6e60b9a,https://www.golem.de/sonstiges/zustimmung/auswahl.html?from=https://www.golem.de/news/neue-details-zum-ki-angriff-openai-hat-mehr-als-nur-hugging-face-gehackt-2607-211385.html&referer=https://t.co/bcb6e60b9a,0,www.golem.de,Neue Details zum KI-Angriff: OpenAI hat mehr als nur Hugging Face gehackt,"Neben Hugging Face haben die bei OpenAI ausgebrochenen KI-Modelle Nutzerkonten bei mindestens vier weiteren Onlinediensten kompromittiert. (KI, Cyberwar)",,2026-07-29T07:17:02Z,,"Besuchen Sie Golem.de wie gewohnt mit Werbung und Tracking,
 indem Sie der Nutzung aller Cookies zustimmen.
 Details zum Tracking finden Sie im Privacy Center.
Skript wurde nicht geladen. Informat… [+607 chars]",,de,'Angriff'
https://www.zeit.de/news/2026-07/29/frau-in-kahla-mit-jochbeinbruch-und-wohl-sehbeeintraechtigt,https://www.zeit.de/news/2026-07/29/frau-in-kahla-mit-jochbeinbruch-und-wohl-sehbeeintraechtigt,0,www.zeit.de,Gewalttätiger Angriff: Frau in Kahla mit Jochbeinbruch und wohl sehbeeinträchtigt,Hier finden Sie Informationen zu dem Thema „Gewalttätiger Angriff“. Lesen Sie jetzt „Frau in Kahla mit Jochbeinbruch und wohl sehbeeinträchtigt“.,https://img.zeit.de/news/2026-07/29/frau-in-kahla-mit-jochbeinbruch-und-wohl-sehbeeintraechtigt-image-group/wide__1300x731,2026-07-29T07:36:18Z,,Bei einem gewalttätigen Angriff in Kahla (Saale-Holzland-Kreis) hat eine Frau mehrere Frakturen und möglicherweise eine dauerhafte Sehbeeinträchtigung erlitten. Ein Mann soll die 64-Jährige und eine … [+1035 chars],,de,'Angriff'
https://www.faz.net/aktuell/politik/ukraine/putin-will-polen-und-die-ukraine-spalten-201072373.html,https://www.faz.net/aktuell/politik/ukraine/putin-will-polen-und-die-ukraine-spalten-201072373.html,0,www.faz.net,Polen und die Ukraine: Eine Einladung an den Kreml,"Es ist kein Zufall, dass Wladimir Putin gerade jetzt wieder darüber redet, dass der Westen der Ukraine an Polen fallen kann.",https://media0.faz.net/image/w1200h627/0ae995ac8045/w5141h2686x0y395o/202607/43601.0.2373442840/wladimir-putin-am-sonntag-26.webp,2026-07-29T08:38:02Z,,"Eine der Vorstellungen über die Zukunft der Ukraine, die vom Kreml immer wieder vorgetragen werden, sieht so aus: Der Osten, der Süden und die Mitte des Landes werden Teil Russlands, während der West… [+1416 chars]",,de,'Wladimir Putin'
https://www.focus.de/politik/ausland/mullahs-spielen-auf-zeit-trump-hat-ein-waffen-problem_3aa78d8d-3ee5-425c-8fb4-ad33e4867f26.html,https://www.focus.de/politik/ausland/mullahs-spielen-auf-zeit-trump-hat-ein-waffen-problem_3aa78d8d-3ee5-425c-8fb4-ad33e4867f26.html,0,www.focus.de,"Mullahs spielen auf Zeit, Trump hat ein Waffen-Problem","Die iranische Führung glaubt, einen erneuten Konflikt bewältigen zu können und ein Druckmittel gegen Trump in der Hand zu haben. Unterdessen hat der ein Waffen-Problem: Schrumpfende Luftabwehr-Bestände machen einen massiven Schlag hochriskant.","https://quadro.burda-forward.de/ctf/57a3f53f-e600-4418-862e-2b72d87c7987.3a3751df-db54-439e-89c4-83cdbd3f2389.jpg?im=RegionOfInterestCrop=(1200,630),regionOfInterest=(2099,1226)&hash=dc11ea2d2535445ea12309af39bc8cd66f969aacfcf80cd89931d136686c59a2",2026-07-29T11:27:00Z,,"Nach einer Phase erneuter Kämpfe mit den USA blieb der Himmel über dem Iran in den vergangenen Tagen von Explosionen und Luftangriffen verschont. Iranische Regierungsvertreter stellen jedoch klar, ke… [+6487 chars]",,de,'Waffen'
https://www.dw.com/de/%C3%A4gypten-ringt-um-einfluss-in-der-region/a-78143312,https://www.dw.com/de/%C3%A4gypten-ringt-um-einfluss-in-der-region/a-78143312,0,www.dw.com,Ägypten ringt um Einfluss in der Region,"Der Konflikt mit Iran und die neuen Drohungen der Huthi setzen Ägypten wirtschaftlich und außenpolitisch unter Druck. Kairo setzt auf Diplomatie, doch der Einfluss auf den Konflikt bleibt begrenzt. Gute 193 Kilometer misst der Suezkanal. Damit erspart die Was…",https://static.dw.com/image/76547864_6.jpg,2026-07-29T11:56:00Z,,Gute 193 Kilometer misst der Suezkanal. Damit erspart die Wasserstraße zwischen Mittelmeer und Rotem Meer auf der Route zwischen Europa und Asien einen Umweg von rund 10.700 Kilometern um das Kap der… [+6459 chars],,de,'Hormus'
https://www.dw.com/de/zwischen-suezkanal-und-teheran-warum-%C3%A4gypten-auf-deeskalation-setzt/a-78143312,https://www.dw.com/de/zwischen-suezkanal-und-teheran-warum-%C3%A4gypten-auf-deeskalation-setzt/a-78143312,0,www.dw.com,Zwischen Suezkanal und Teheran: Warum Ägypten auf Deeskalation setzt,"Der Konflikt mit Iran und die neuen Drohungen der Huthi setzen Ägypten wirtschaftlich und außenpolitisch unter Druck. Kairo setzt auf Diplomatie, doch der Einfluss auf den Konflikt bleibt begrenzt.",https://static.dw.com/image/76547864_6.jpg,2026-07-29T11:56:00Z,,Gute 193 Kilometer misst der Suezkanal. Damit erspart die Wasserstraße zwischen Mittelmeer und Rotem Meer auf der Route zwischen Europa und Asien einen Umweg von rund 10.700 Kilometern um das Kap der… [+6459 chars],,de,'Iran'
https://www.maclife.de/test/midea-portasplit-cool-test-mobile-split-klimaanlage-mieter-100127386.html,https://www.maclife.de/test/midea-portasplit-cool-test-mobile-split-klimaanlage-mieter-100127386.html,0,www.maclife.de,Midea Portasplit Cool: Split-Power für Mietwohnungen,"Leiser, sparsamer und ganz ohne Handwerker: Die Midea Portasplit Cool ist als mobile Split-Klimaanlage im Sommer 2026 eines der begehrtesten Technik-Produkte überhaupt. Wir schicken das auch per iPhone steuerbare Gerät im Dachgeschoss ins Duell gegen einen kl…",https://www.maclife.de/media/maclife/styles/tec_frontend_opengraph/public/images/editors/2026_31/image-127386--4621230.jpg?itok=1XD3VMaF,2026-07-29T12:00:00Z,,"Der Sommer 2026 hat früh Hitzerekorde gerissen und könnte trotzdem der kühlste Sommer für den Rest unseres Lebens gewesen sein. Kein Wunder also, dass die schon 2025 gefeierte Midea Portasplit zu den… [+9078 chars]",,de,'Klima'
https://www.zeit.de/2026/33/ukrainischer-angriff-kaspisches-meer-iran-frachter-russland,https://www.zeit.de/2026/33/ukrainischer-angriff-kaspisches-meer-iran-frachter-russland,0,www.zeit.de,Ukrainischer Angriff im Kaspischen Meer: Ist das schon ein Krieg der Großmächte?,"Russland gegen die Ukraine, die USA gegen Iran? So klar ist es nicht mehr. Die jüngsten Ereignisse zeigen, wie sich zwei Kriege immer mehr ineinander verschränken.",https://img.zeit.de/2026/33/ist-das-schon-ein-krieg-der-grossmaechte-bild-2/wide__1300x731,2026-07-29T17:48:59Z,,"Schließen
Artikelzusammenfassung
Ein Beschuss im Kaspischen Meer macht aus einem vermeintlichen Side-Story-Moment plötzlich geopolitischen Prime Time Content. Die Ukraine reklamierte den Angriff au… [+1341 chars]",,de,'Iran'
https://www.zeit.de/news/2026-07/30/us-militaer-meldet-neue-angriffe-gegen-iran,https://www.zeit.de/news/2026-07/30/us-militaer-meldet-neue-angriffe-gegen-iran,0,www.zeit.de,Nahost: US-Militär meldet neue Angriffe gegen Iran,Hier finden Sie Informationen zu dem Thema „Nahost“. Lesen Sie jetzt „US-Militär meldet neue Angriffe gegen Iran“.,https://img.zeit.de/news/2026-07/30/us-militaer-meldet-neue-angriffe-gegen-iran-image-group/wide__1300x731,2026-07-30T01:11:06Z,,"Das US-Militär hat nach eigenen Angaben neue Angriffe gegen den Iran begonnen. Die Attacken, die am Mittwoch um 20.00 Uhr (US-Ostküstenzeit) starteten, seien eine «entschlossene Antwort» auf die vers… [+1682 chars]",,de,'Angriff'
https://www.nzz.ch/wissenschaft/psychologische-tricks-gegen-die-hitze-es-geht-darum-den-bereich-der-thermischen-behaglichkeit-zu-erweitern-ld.10016700,https://www.nzz.ch/wissenschaft/psychologische-tricks-gegen-die-hitze-es-geht-darum-den-bereich-der-thermischen-behaglichkeit-zu-erweitern-ld.10016700,0,www.nzz.ch,"Psychologische Tricks gegen die Hitze: «Es geht darum, den Bereich der thermischen Behaglichkeit zu erweitern»","Der Wahrnehmungspsychologe Charles Spence erklärt, wie wir die Klimaanlage in unserem Kopf mithilfe der anderen Sinne überlisten können.","https://img-msp-prod.nzz.ch/2026/07/29/8903661f-e9c7-42ca-a415-58561961ec4e.jpg?width=1200&height=675&fit=bounds&quality=75&auto=webp&crop=3450,1941,x0,y2&wmark=nzz",2026-07-30T03:30:00Z,,"Der Wahrnehmungspsychologe Charles Spence erklärt, wie wir die Klimaanlage in unserem Kopf mithilfe der anderen Sinne überlisten können.
Zusammenfassung
Schauen sie das Bild ruhig ein paar Augenbli… [+6894 chars]",,de,'Klima'
https://www.zeit.de/news/2026-07/30/ukraine-mindestens-acht-tote-bei-russischer-angriffswelle,https://www.zeit.de/news/2026-07/30/ukraine-mindestens-acht-tote-bei-russischer-angriffswelle,0,www.zeit.de,Ukraine-Krieg: Ukraine: Mindestens acht Tote bei russischer Angriffswelle,Hier finden Sie Informationen zu dem Thema „Ukraine-Krieg“. Lesen Sie jetzt „Ukraine: Mindestens acht Tote bei russischer Angriffswelle“.,https://img.zeit.de/news/2026-07/30/ukraine-mindestens-acht-tote-bei-russischer-angriffswelle-image-group/wide__1300x731,2026-07-30T03:58:19Z,,Die Ukraine ist in der Nacht wieder zur Zielscheibe einer massiven Angriffswelle des russischen Militärs geworden. Städte bis im weit von der Grenze entfernten Westen des Landes seien mit Dutzenden R… [+2115 chars],,de,'Ukraine'
https://www.zeit.de/politik/2026-07/hitze-deutschland-braende-daten-nachrichtenpodcast,https://www.zeit.de/politik/2026-07/hitze-deutschland-braende-daten-nachrichtenpodcast,0,www.zeit.de,Hitze in Deutschland: Hitze und Feuer: die neue Normalität in Europa?,"Eine neue Hitzeperiode in Deutschland, Waldbrände in Europa. Bleibt das jetzt für immer so? Und: Warum verzahnen sich die Kriege in der Ukraine und im Iran immer stärker?",https://img.zeit.de/wissenschaft/2026-07/hitze-deutschland-braende-daten-nachrichtenpodcast-bild/wide__1300x731,2026-07-30T04:01:04Z,,"Erneut hat eine Hitzewelle
Deutschland erreicht. Die Temperaturen können am Donnerstag laut dem Deutschen Wetterdienst in weiten Teilen Deutschlands bis über die 35-Grad-Marke klettern.
Als besonde… [+1971 chars]",,de,'Ukraine'
https://www.faz.net/premium/weltwirtschaft/weltwissen/irankrieg-und-die-regionalen-vier-neue-ordnung-im-nahen-osten-accg-201068781.html,https://www.faz.net/premium/weltwirtschaft/weltwissen/irankrieg-und-die-regionalen-vier-neue-ordnung-im-nahen-osten-accg-201068781.html,0,www.faz.net,Nahostkonflikt: Saudi-Arabiens neue Strategie gegen den Irankrieg,Die vom Irankrieg betroffenen Staaten arbeiten an einer neuen regionalen Ordnung für den Nahen Osten. Neues Gravitationszentrum ist die sunnitische Achse der „regionalen Vier“.,https://media0.faz.net/image/w1200h627/3165e0159839/w8038h4199x0y580o/202607/43601.0.2310963854/die-tuerkei-hat-eine.webp,2026-07-30T04:50:00Z,,Donald Trumps epischer Zorn hat den Nahen Osten instabiler gemacht und die Welt ärmer. Willkürlich schließen und öffnen Iran und seine Proxys die Meerenge von Hormus und das Bab al-Mandab. Daran wird… [+133 chars],,de,'Iran'
https://www.golem.de/sonstiges/zustimmung/auswahl.html?from=https://www.golem.de/news/ea-sports-fc-27-baut-angriffe-und-verteidigung-grundlegend-um-2607-211424.html&referer=https://t.co/ffca9382ba,https://www.golem.de/sonstiges/zustimmung/auswahl.html?from=https://www.golem.de/news/ea-sports-fc-27-baut-angriffe-und-verteidigung-grundlegend-um-2607-211424.html&referer=https://t.co/ffca9382ba,0,www.golem.de,EA Sports: FC 27 baut Angriffe und Verteidigung grundlegend um,"Im Mittelpunkt von FC 27 stehen intelligentere Laufwege, weniger Hilfen sowie Änderungen an Angriff, Verteidigung und Standardsituationen. (Fußball, Electronic Arts)",,2026-07-30T05:20:01Z,,"Besuchen Sie Golem.de wie gewohnt mit Werbung und Tracking,
 indem Sie der Nutzung aller Cookies zustimmen.
 Details zum Tracking finden Sie im Privacy Center.
Skript wurde nicht geladen. Informat… [+607 chars]",,de,'Angriff'
https://www.zeit.de/news/2026-07/30/bmw-gewinn-bricht-um-mehr-als-ein-drittel-ein,https://www.zeit.de/news/2026-07/30/bmw-gewinn-bricht-um-mehr-als-ein-drittel-ein,0,www.zeit.de,Auto: BMW-Gewinn bricht um mehr als ein Drittel ein,Hier finden Sie Informationen zu dem Thema „Krise der Autoindustrie“. Lesen Sie jetzt „BMW-Gewinn bricht um mehr als ein Drittel ein“.,https://img.zeit.de/news/2026-07/30/bmw-gewinn-bricht-um-mehr-als-ein-drittel-ein-image-group/wide__1300x731,2026-07-30T05:30:11Z,,"BMW brechen die Gewinne weg. Im zweiten Quartal verdiente der Konzern nach Steuern nur noch 1,2 Milliarden Euro - 35 Prozent weniger als im Vorjahreszeitraum, wie er mitteilte. Auch die Umsätze sanke… [+3706 chars]",,de,'Krise'
https://www.zeit.de/news/2026-07/30/deutsche-wirtschaft-schafft-mini-wachstum-trotz-iran-krieg,https://www.zeit.de/news/2026-07/30/deutsche-wirtschaft-schafft-mini-wachstum-trotz-iran-krieg,0,www.zeit.de,Konjunktur: Deutsche Wirtschaft schafft Mini-Wachstum trotz Iran-Krieg,Hier finden Sie Informationen zu dem Thema „Konjunktur“. Lesen Sie jetzt „Deutsche Wirtschaft schafft Mini-Wachstum trotz Iran-Krieg“.,https://img.zeit.de/news/2026-07/30/deutsche-wirtschaft-schafft-mini-wachstum-trotz-iran-krieg-image-group/wide__1300x731,2026-07-30T08:10:15Z,,"Die deutsche Wirtschaft hat trotz der Belastungen durch den Iran-Krieg im Frühjahr ein Mini-Wachstum geschafft. Im zweiten Quartal legte das Bruttoinlandsprodukt (BIP) zum Vorquartal um 0,2 Prozent z… [+3728 chars]",,de,'Iran'
https://www.zeit.de/politik/deutschland/2026-07/hitzetote-deutschland-robert-koch-institut-gruene-krisengipfel-gxe,https://www.zeit.de/politik/deutschland/2026-07/hitzetote-deutschland-robert-koch-institut-gruene-krisengipfel-gxe,0,www.zeit.de,Erdüberlastungstag: Grüne mahnen mehr staatlichen Klimaschutz an,»Nehmt die Klimakrise endlich ernst und handelt!«: Die Grünen fordern mehr Einsatz für Klimaschutz von der Regierung. Die Folgen des Klimawandels seien bereits sichtbar.,https://img.zeit.de/politik/deutschland/2026-07/hitzetote-deutschland-robert-koch-institut-gruene-krisengipfel-foto-1/wide__1300x731,2026-07-30T08:36:22Z,,"Anlässlich des sogenannten Erdüberlastungstags haben die Grünen
 von der Bundesregierung mehr Einsatz für den Klimaschutz gefordert. Ihre Erwartung an Bundesumweltminister Carsten Schneider (SPD) un… [+1984 chars]",,de,'Klima'
https://www.faz.net/aktuell/politik/ukraine/ukraine-liveticker-offenbar-russische-rakete-in-polen-eingeschlagen-faz-110683325.html,https://www.faz.net/aktuell/politik/ukraine/ukraine-liveticker-offenbar-russische-rakete-in-polen-eingeschlagen-faz-110683325.html,0,www.faz.net,Liveblog Ukrainekrieg: Russische Rakete schlägt in Polen ein,Tusk: „ernster Vorfall“ +++ Polnische F-16-Jagdflugzeuge aufgestiegen +++ Acht Tote durch russische Angriffe in der Ukraine +++ alle Neuigkeiten im Liveblog,https://media0.faz.net/image/w1200h627/955f96bd39c2/w4032h2106x0y81o/202607/43601.0.2386073310/polnische-rettungskraefte-bei.webp,2026-07-30T09:05:51Z,,US-Präsident Donald Trump soll laut ukrainischem Präsidenten Wolodymyr Selenskyj der Ukraine die vielfach geforderten Lizenzen zur Herstellung von Patriot-Abfangraketen zugesichert haben. Er hat zuge… [+1706 chars],,de,'Ukraine'
https://www.zeit.de/2026/33/mychajlo-drapatyj-oberbefehlshaber-ukrainische-armee-militaer,https://www.zeit.de/2026/33/mychajlo-drapatyj-oberbefehlshaber-ukrainische-armee-militaer,0,www.zeit.de,"Mychajlo Drapatyj: Sie hoffen, dass er das Sterben beenden kann","Die Ukraine hat einen neuen Armeechef: Mychajlo Drapatyj, 43. Seine Soldaten schätzen ihn als verantwortungsvoll und ehrlich. Kann er die Erwartungen erfüllen?",https://img.zeit.de/2026/33/sie-hoffen-dass-er-das-sterben-beenden-kann-bild-1/wide__1300x731,2026-07-30T09:36:57Z,,"Schließen
Artikelzusammenfassung
Mychajlo Drapatyj ist der neue Hoffnungsträger einer kriegsmüden Ukraine. Der 43-Jährige, öffentlich fast ein Ghost im Medienbetrieb, wurde nach Protesten gegen Prä… [+1249 chars]",,de,'Ukraine'
https://www.focus.de/politik/ausland/ein-sondertreffen-steht-bevor-eine-der-maechtigsten-militaermaechte-der-welt-koennte-sich-auf-die-seite-der-ukraine-stellen_a0dea781-df45-4db9-8632-2413657077a1.html,https://www.focus.de/politik/ausland/ein-sondertreffen-steht-bevor-eine-der-maechtigsten-militaermaechte-der-welt-koennte-sich-auf-die-seite-der-ukraine-stellen_a0dea781-df45-4db9-8632-2413657077a1.html,0,www.focus.de,Ein Sondertreffen steht bevor: Eine der mächtigsten Militärmächte der Welt könnte sich auf die Seite der Ukraine stellen,Israels Premier Benjamin Netanjahu und Wolodymyr Selenskyj könnten sich bald treffen. Laut „Times of Israel“ geht es dabei vor allem um den gemeinsamen Gegner Iran.,"https://quadro.burda-forward.de/ctf/98abbb1e-6795-4585-95de-0b10aed3efd0.2393b54c-6ad6-45cb-b9a0-6cb060d837c6.jpeg?im=RegionOfInterestCrop=(1200,630),regionOfInterest=(1028,413)&hash=7f53314ba0d8f08c0b2a95c2f14852e2a8ad79c6ca9cf8dd8268afdf6f87e6f6",2026-07-30T10:49:00Z,,Zwischen Israel und der Ukraine könnte sich eine vorsichtige Annäherung abzeichnen. Die Büros von Israels Ministerpräsident Benjamin Netanjahu und des ukrainischen Präsidenten Wolodymyr Selenskyj arb… [+1361 chars],,de,'Iran'
https://www.faz.net/aktuell/wissen/physik-mehr/klimaanlage-der-zukunft-so-funktioniert-kuehlen-mit-magneten-accg-201053985.html,https://www.faz.net/aktuell/wissen/physik-mehr/klimaanlage-der-zukunft-so-funktioniert-kuehlen-mit-magneten-accg-201053985.html,0,www.faz.net,Festkörperkühlung: Sieht so die Klimaanlage der Zukunft aus?,"In Europa werden Maschinen gebaut, die mit Magneten und modernen Materialien kühlen – ohne gefährliche Kältemittel und noch dazu stromsparend. So funktionieren sie.",https://media0.faz.net/image/w1200h627/3cf088a04bd6/w4132h2158x868y248o/202408/43601.0.484719456/ein-kuehlschrank-der-ohne.webp,2026-07-30T11:10:00Z,,"Vielleicht verbirgt sich die Zukunft der Klimaanlage unter Sahnepudding, Biomozzarella und Milchreis mit Zimtgeschmack. Die Lebensmittel liegen in der Kühltheke eines Supermarkts in Darmstadt. Sie si… [+406 chars]",,de,'Kälte'
https://www.welt.de/politik/ausland/plus6a6870891ff9bc89d8811705/taiwan-die-geheimen-orte-an-denen-china-den-krieg-gegen-den-westen-probt.html,https://www.welt.de/politik/ausland/plus6a6870891ff9bc89d8811705/taiwan-die-geheimen-orte-an-denen-china-den-krieg-gegen-den-westen-probt.html,0,www.welt.de,"Die geheimen Orte, an denen China den Krieg gegen den Westen probt","Die Übernahme von Taiwan hat für Chinas Regime oberste Priorität. Eine Analyse von Satellitenbildern zeigt, wie Pekings Armee den Angriff auf die Insel trainiert. Ein westlicher Verbündeter wird dabei explizit ins Visier genommen.",https://images.welt.de/6a6870891ff9bc89d8811705/ab78c8ba47a3967040cc8db3aeab1de5-master/ci16x9-w1200/image6-model-on-tracks-before-jpg,2026-07-30T11:25:46Z,,"Die Übernahme von Taiwan hat für Chinas Regime oberste Priorität. Eine Analyse von Satellitenbildern zeigt, wie Pekings Armee den Angriff auf die Insel trainiert. Ein westlicher Verbündeter wird dabe… [+30 chars]",,de,'Angriff'
https://www.morgenpost.de/sport/hertha/article412445500/hertha-bsc-news-aktuell-appell-fans-nach-csd-anschlag.html,https://www.morgenpost.de/sport/hertha/article412445500/hertha-bsc-news-aktuell-appell-fans-nach-csd-anschlag.html,0,www.morgenpost.de,„Diese Haltung erwarten wir“ – Hertha richtet Appell an Fans nach CSD-Anschlag,Fünf Tage nach dem Angriff äußert sich der Hauptstadtklub erneut in einem ausführlichen Statement. Die Hertha-News im Blog.,https://img.sparknews.funkemedien.de/412370413/412370413_1782223918_v16_9_1600.jpeg,2026-07-30T12:25:00Z,,"Hertha BSC II ist mit einem 0:4 gegen den Chemnitzer FC in die neue Regionalliga-Saison gestartet. Einen weiteren Rückschlag mussten die Berliner bereits nach 22 Minuten hinnehmen, als Kapitän Änis B… [+1196 chars]",,de,'Angriff'
https://www.bild.de/sport/fussball/hansa-rostock-warum-der-drittligist-diesen-oesterreicher-verpflichtet-6a6b3c4895262dd162785d92,https://www.bild.de/sport/fussball/hansa-rostock-warum-der-drittligist-diesen-oesterreicher-verpflichtet-6a6b3c4895262dd162785d92,0,www.bild.de,Sportchef erklärt den Plan dahinter - Warum Hansa Rostock diesen Ösi-Brecher holt,"Hansa Rostock verstärkt den Angriff mit Peter Kiedl. Warum der Transfer trotz Holten, Voglsammer und Hummel sportlich Sinn ergibt.","https://images.bild.de/6a6b3c4895262dd162785d92/5c79256e7e391399f863cba27f65b317,4f1a3529?w=1280",2026-07-30T12:38:29Z,,"TTS-Player überspringenArtikel weiterlesenHansa Rostock holt sich einen Riesen für den Angriff! Peter Kiedl (22) wechselt vom österreichischen Meister Sturm Graz an die Ostsee. Der 1,93-Meter-Mann so… [+2146 chars]",,de,'Angriff'
https://www.tagesspiegel.de/internationales/zu-wenige-soldaten-eu-erschwert-ukrainern-flucht-vor-krieg-was-andert-sich-15898339.html,https://www.tagesspiegel.de/internationales/zu-wenige-soldaten-eu-erschwert-ukrainern-flucht-vor-krieg-was-andert-sich-15898339.html,0,www.tagesspiegel.de,Zu wenige Soldaten: EU erschwert Ukrainern Flucht vor Krieg - Was ändert sich?,Viele ukrainische Männer wollen nicht im Krieg gegen Russland kämpfen - sie fliehen unter anderem nach Deutschland. Doch das wird jetzt schwieriger.,https://www.tagesspiegel.de/images/15898370/alternates/BASE_16_9_W1400/1785415425000/ukraine-krieg-kramatorsk.jpeg,2026-07-30T12:41:06Z,,"Fast 4,4 Millionen Menschen aus der Ukraine haben bisher in der Europäischen Union Schutz gefunden. Doch die EU erschwert ukrainischen Männern nun die Flucht vor dem Krieg gegen Russland: Wehrfähige … [+5284 chars]",,de,'Flucht'
https://www.zeit.de/news/2026-07/30/eu-erschwert-ukrainern-flucht-vor-krieg-was-aendert-sich,https://www.zeit.de/news/2026-07/30/eu-erschwert-ukrainern-flucht-vor-krieg-was-aendert-sich,0,www.zeit.de,Zu wenige Soldaten: EU erschwert Ukrainern Flucht vor Krieg - Was ändert sich?,Hier finden Sie Informationen zu dem Thema „Zu wenige Soldaten“. Lesen Sie jetzt „EU erschwert Ukrainern Flucht vor Krieg - Was ändert sich?“.,https://img.zeit.de/news/2026-07/30/eu-erschwert-ukrainern-flucht-vor-krieg-was-aendert-sich-image-group/wide__1300x731,2026-07-30T12:42:37Z,,"Fast 4,4 Millionen Menschen aus der Ukraine haben bisher in der Europäischen Union Schutz gefunden. Doch die EU erschwert ukrainischen Männern nun die Flucht vor dem Krieg gegen Russland: Wehrfähige … [+5216 chars]",,de,'Angriff'
https://www.nzz.ch/wirtschaft/von-shell-bis-glencore-die-gewinner-des-iran-krieges-stehen-bereits-fest-ld.10017610,https://www.nzz.ch/wirtschaft/von-shell-bis-glencore-die-gewinner-des-iran-krieges-stehen-bereits-fest-ld.10017610,0,www.nzz.ch,Von Shell bis Glencore: Die Gewinner des Iran-Krieges stehen bereits fest,"Öl ist teuer, Diesel noch viel mehr und volatile Preise machen Handelsgeschäfte zur Goldgrube. Die grösste Versorgungskrise des Ölmarktes hat eine sehr profitable Seite.","https://img-msp-prod.nzz.ch/2026/07/30/479fdcee-e879-4499-8a19-851be53c9b01.jpg?width=1200&height=675&fit=bounds&quality=75&auto=webp&crop=5500,3094,x0,y255&wmark=nzz",2026-07-30T14:51:09Z,,"Öl ist teuer, Diesel noch viel mehr und volatile Preise machen Handelsgeschäfte zur Goldgrube. Die grösste Versorgungskrise des Ölmarktes hat eine sehr profitable Seite.
Zusammenfassung
Weil Export… [+5548 chars]",,de,'Erdöl'
https://www.faz.net/aktuell/politik/ausland/liveblog-irankrieg-iran-warnt-bulgarien-und-zypern-vor-us-stationierungen-faz-200583539.html,https://www.faz.net/aktuell/politik/ausland/liveblog-irankrieg-iran-warnt-bulgarien-und-zypern-vor-us-stationierungen-faz-200583539.html,0,www.faz.net,Liveblog Irankrieg: Iran warnt Bulgarien und Zypern vor US-Stationierungen,USA melden erstmals seit fast einer Woche Angriffe auf Iran +++ US-Militär spricht von „kraftvoller“ Antwort  auf iranischen „Überraschungsangriff“ +++ alle Entwicklungen im Liveblog,https://media0.faz.net/image/w1200h627/5ed66db97dbb/w3202h1673x0y227o/202607/43601.0.2361214581/bis-zum-1-oktober-sollen.webp,2026-07-30T15:26:35Z,,"Der amerikanische Präsident Donald Trump hat zurückhaltend auf einen Bericht reagiert, dem zufolge Iran aus China innerhalb weniger Wochen eine Lieferung von bis zu 400 chinesischen schultergestützte… [+2022 chars]",,de,'Iran'
https://www.zeit.de/news/2026-07/31/braende-in-spanien-durch-klimakrise-20-mal-wahrscheinlicher,https://www.zeit.de/news/2026-07/31/braende-in-spanien-durch-klimakrise-20-mal-wahrscheinlicher,0,www.zeit.de,Klimafolgen: Brände in Spanien durch Klimakrise 20-mal wahrscheinlicher,Hier finden Sie Informationen zu dem Thema „Klimafolgen“. Lesen Sie jetzt „Brände in Spanien durch Klimakrise 20-mal wahrscheinlicher“.,https://img.zeit.de/news/2026-07/31/braende-in-spanien-durch-klimakrise-20-mal-wahrscheinlicher-image-group/wide__1300x731,2026-07-30T22:01:10Z,,"Die verheerenden Waldbrände in Spanien und Frankreich sind einer aktuellen Schnellanalyse zufolge durch den Klimawandel deutlich wahrscheinlicher geworden. Die Wetterbedingungen, die die enorme Ausbr… [+1949 chars]",,de,'Klima'
https://www.nzz.ch/pro/oel-der-nahostkrieg-und-ein-geheimnisvoller-deal-ld.10017321,https://www.nzz.ch/pro/oel-der-nahostkrieg-und-ein-geheimnisvoller-deal-ld.10017321,0,www.nzz.ch,Der «King of Oil» und ein Geheimprojekt: Wie Öl aus Nahost trotz blockierten Meerengen exportiert wird,"Es ist ein Glücksfall für die Weltwirtschaft. Zwei Pipelines, die ans Mittelmeer führen, können zum Export von saudischem Erdöl eingesetzt werden. Eine davon geht auf den Zuger Rohstoffhändler Marc Rich zurück.","https://img-msp-prod.nzz.ch/2026/07/30/480efc38-ec62-4671-8e4a-59dd4877ca7f.png?width=1200&height=674&fit=bounds&quality=75&auto=webp&crop=1801,1013,x0,y118&wmark=nzz",2026-07-31T03:30:00Z,,"Es ist ein Glücksfall für die Weltwirtschaft. Zwei Pipelines, die ans Mittelmeer führen, können zum Export von saudischem Erdöl eingesetzt werden. Eine davon geht auf den Zuger Rohstoffhändler Marc R… [+6185 chars]",,de,'Erdöl'
https://wien.orf.at/stories/3364993/,https://wien.orf.at/stories/3364993/,0,wien.orf.at,Starkes Gewinnplus bei der OMV,"Der Öl-, Gas- und Chemiekonzern OMV hat im zweiten Quartal 2026 ein starkes operatives Ergebnis erzielt. Der Gewinn stieg um 65 Prozent – trotz Sondereffekten durch die Borealis-Fusion. Erwartet wird ein Brent-Rohölpreis zwischen 85 und 95 Dollar je Barrel.",https://ibs.orf.at/wie?image=https%3A%2F%2Foekastatic.orf.at%2Fmims%2F2026%2F31%2F90%2Fcrops%2Fw%3D1200%2Ch%3D627%2Cq%3D75%2F3133176_master_1214390_themenbild_raffinerie_schwechat_gas_oel_omv_versorgungssicherheit_.jpg%3Fs%3D76a47bfdcb8fa0b046f04c5abf18ca8c91124eeb,2026-07-31T07:59:52Z,,"Die Konzernumsatzerlöse aus fortgeführten Geschäftsbereichen erhöhten sich um 39 Prozent auf 8,059 Milliarden Euro. Das Ergebnis enthält Netto-Sondereffekte von 743 Millionen Euro aus dem ersten Quar… [+2353 chars]",,de,'Gas'
https://taz.de/Konzertempfehlungen-fuer-Berlin/!6199856/,https://taz.de/Konzertempfehlungen-fuer-Berlin/!6199856/,0,taz.de,"Konzertempfehlungen für Berlin: Schwingungen, Gas und elektrische Hühner",Diese Woche bietet eine Klanginstallation mit recycleten Sounds den Abschluss der Gaswerk Music Days. Im Lido gibt es ein Konzert von Ana Frango Elétrico.,https://taz.de/picture/8638049/1200/0033218439-10.jpeg,2026-07-31T08:00:00Z,,Diese Woche bietet eine Klanginstallation mit recycleten Sounds den Abschluss der Gaswerk Music Days. Im Lido gibt es ein Konzert von Ana Frango Elétrico. mehr...,,de,'Gas'
https://www.faz.net/aktuell/wissen/erde-klima/kulturkampf-um-klimaanlagen-wie-viele-leben-sie-retten-accg-201056841.html,https://www.faz.net/aktuell/wissen/erde-klima/kulturkampf-um-klimaanlagen-wie-viele-leben-sie-retten-accg-201056841.html,0,www.faz.net,Hitzewelle und Kulturkampf: Der hohe Preis kalter Luft,"Forscher können ziemlich genau abschätzen, wie viele Leben Klimaanlagen retten, aber auch, wie sehr sie der Umwelt schaden. Das bringt Politiker in Wallung – und Ingenieure auf Ideen.",https://media0.faz.net/image/w1200h627/be689c3c99fb/w5328h2783x0y672o/202407/43d102d5c4-5bc7-11ef-8280-476d8d2bb23b/auch-wenn-das-wetter-es-schwer.webp,2026-07-31T09:00:10Z,,Klimaanlagen sind seit Neuestem rechts. Zumindest könnte man das meinen. Der Kulturkampf um die Kühlung betitelt die Neue Zürcher Zeitung einen Artikel über den Sinn und Unsinn von Klimaanlagen. Ande… [+5730 chars],,de,'Klima'
https://www.morgenpost.de/wirtschaft/article412685222/pelletspreise-aktuell-31-juli-heute-holz-pellets-kaufen-preis-tonne.html,https://www.morgenpost.de/wirtschaft/article412685222/pelletspreise-aktuell-31-juli-heute-holz-pellets-kaufen-preis-tonne.html,0,www.morgenpost.de,Pelletspreise aktuell: Das kostet eine Tonne heute (31. Juli),Seit Anfang des Monats steigen die Pelletspreise in Deutschland. Wo liegen sie heute (31. Juli)? Aktuelle Preise und Infos im Überblick.,https://img.sparknews.funkemedien.de/410910597/410910597_1768200108_v16_9_1600.jpeg,2026-07-31T09:40:12Z,,"Während die Kosten für die meisten Energieträger nach Beginn des Irankriegs deutlich gestiegen sind, blieben die Pelletspreise in Deutschland lange stabil. Doch zuletzt sind auch sie stark gestiegen.… [+6414 chars]",,de,'Gas'
https://www.kino.de/news/heute-abend-bei-prosieben-maxx-frieren-staffel-2-mit-den-folgen-7-10-im-free-tv--01KWEEPA0F197E1J2V89FQTFZN,https://www.kino.de/news/heute-abend-bei-prosieben-maxx-frieren-staffel-2-mit-den-folgen-7-10-im-free-tv--01KWEEPA0F197E1J2V89FQTFZN,0,www.kino.de,Heute Abend bei ProSieben Maxx: „Frieren“ Staffel 2 mit den Folgen 7-10 im Free-TV,"„Frieren“ ist nicht nur auf Crunchyroll ein Hit, sondern zuletzt auch auf Netflix. Bevor es dort weitergeht, könnt ihr die zweite Staffel im Free-TV sehen.",https://static.kino.de/fd/75/52/4d7969b18186109da4138accfa_ZmMgNjY0MTVhNzRmZmZmIDE5MjAgMTA4MANmNTQ5YjExZDFhZg==.jpg,2026-07-31T10:08:45Z,,"Frieren ist nicht nur auf Crunchyroll ein Hit, sondern zuletzt auch auf Netflix. Bevor es dort weitergeht, könnt ihr die zweite Staffel im Free-TV sehen.
Die erste Anlaufstelle für Animes ist und bl… [+2214 chars]",,de,'Frieren'
https://www.dw.com/de/in-polen-gibt-es-immer-mehr-angriff-auf-ukrainer-premier-donald-tusk-stellt-sich-gegen-die-gewalt/a-78187189,https://www.dw.com/de/in-polen-gibt-es-immer-mehr-angriff-auf-ukrainer-premier-donald-tusk-stellt-sich-gegen-die-gewalt/a-78187189,0,www.dw.com,Polens Premier Tusk trotzt antiukrainischen Exzessen,In Polen wächst die antiukrainische Stimmung. Die Zahl der Übergriffe gegen Kriegsflüchtlinge aus der Ukraine steigt. Premier Donald Tusk stellt sich gegen die Gewalt und warnt vor der Gefahr aus Russland. Polens Regierungschef Donald Tusk nahm diesmal kein B…,https://static.dw.com/image/77718987_6.jpg,2026-07-31T11:59:00Z,,"Polens Regierungschef Donald Tusk nahm diesmal kein Blatt vor den Mund: ""Wir müssen dieser Gewalt den Krieg erklären, weil Banditen, Hooligans, gewalttätige Extremisten immer stärker und dreister wer… [+7459 chars]",,de,'Ukraine'
https://www.faz.net/aktuell/wirtschaft/unternehmen/omv-profitiert-von-hohen-energiepreisen-im-ersten-halbjahr-accg-201084420.html,https://www.faz.net/aktuell/wirtschaft/unternehmen/omv-profitiert-von-hohen-energiepreisen-im-ersten-halbjahr-accg-201084420.html,0,www.faz.net,Rohstoffe: Energiepreise beflügeln OMV-Ergebnis,"Hohe Energiepreise treiben OMV an, doch Vorstandschef Alfred Stern warnt vor brüchigen Lieferketten. Gas fließt nun aus Deutschland nach Österreich.",https://media0.faz.net/image/w1200h627/67bb68413287/w5238h2736x0y535o/202604/43601.0.1961679012/das-logo-von-omv-in-wien.webp,2026-07-31T12:20:43Z,,"Der österreichische Erdöl-, Gas- und Chemiekonzern OMV hat im ersten Halbjahr von seinem integrierten Geschäftsmodell und den gestiegenen Energiepreisen profitiert. Der teilstaatliche Konzern erzielt… [+2195 chars]",,de,'Erdöl'
https://www.bild.de/regional/berlin/waffenrazzia-in-berlin-und-hamburg-sechs-verdaechtige-wieder-frei-6a6b2b653b5ab80bc2912154,https://www.bild.de/regional/berlin/waffenrazzia-in-berlin-und-hamburg-sechs-verdaechtige-wieder-frei-6a6b2b653b5ab80bc2912154,0,www.bild.de,Razzia in Berlin und Hamburg - Polizei findet scharfe Waffen und Gold,"Bei einer Razzia in Berlin und Hamburg beschlagnahmten 240 Beamte Waffen, Munition, Bargeld und Gold. Trotzdem ließ die Staatsanwaltschaft sechs Verdächtige frei.","https://images.bild.de/6a6b2b653b5ab80bc2912154/7650556e45e8a4044428bc790f3e8713,4a5c2933?w=1280",2026-07-31T12:30:34Z,,"TTS-Player überspringenArtikel weiterlesenBerlin/Hamburg Sie bunkerten illegale Waffen, Bargeld, Goldbarren und scharfe Munition. Die Polizei kassierte alles ein doch musste die sechs Tatverdächtigen… [+1724 chars]",,de,'Waffen'
https://www.welt.de/politik/deutschland/article6a6c2aff13a421986d6fa799/gesundheit-in-hitze-welle-hitze-ist-eine-klassenfrage-sagt-der-linke-chef-und-fordert-recht-auf-abkuehlung.html,https://www.welt.de/politik/deutschland/article6a6c2aff13a421986d6fa799/gesundheit-in-hitze-welle-hitze-ist-eine-klassenfrage-sagt-der-linke-chef-und-fordert-recht-auf-abkuehlung.html,0,www.welt.de,"„Hitze ist eine Klassenfrage“, sagt der Linke-Chef – und fordert „Recht auf Abkühlung“","Ausbau von Freibädern, Abkühlorte, Hitze-Kurzarbeitergeld: Die Linke fordert umfassende Hitzeschutz-Maßnahmen. Auch Grüne fordern mehr Bäume in den Städten, die SPD will „kreative Lösungen“ finden. Die AfD hingegen fordert ein Ende aller „sogenannten Klimasch…",https://images.welt.de/6a6c2aff13a421986d6fa799/b71659cd9f7669b060df06d62d5b0439-master/ci16x9-w1200/603219974-jpg,2026-07-31T12:40:35Z,,"Ausbau von Freibädern, Abkühlorte, Hitze-Kurzarbeitergeld: Die Linke fordert umfassende Hitzeschutz-Maßnahmen. Auch Grüne fordern mehr Bäume in den Städten, die SPD will kreative Lösungen finden. Die… [+8212 chars]",,de,'heizen'
https://ooe.orf.at/stories/3365076/,https://ooe.orf.at/stories/3365076/,0,ooe.orf.at,Raser ohne Führerschein gefährdete Kinder,"Ein 27-Jähriger ohne Führerschein ist zwei Tage nach seiner Raserei festgenommen und in die Justizanstalt Garsten gebracht worden. Als ihn eine Streife am 28. Juni bei Bad Hall (Bezirk Steyr-Land) anhalten wollte, stieg der Mann aufs Gas und riskierte auf der…",https://ibs.orf.at/ooe?image=https%3A%2F%2Foekastatic.orf.at%2Fmims%2F2024%2F40%2F81%2Fcrops%2Fw%3D1200%2Ch%3D627%2Cq%3D75%2F2376253_master_907381_fkstore_113705_1.jpg%3Fs%3D72e0e8f611f4590c7e8f47150e393b29302e77d8,2026-07-31T12:40:41Z,,"Bei der Ortseinfahrt Bad Hall fuhr der Mann mit rund 130 km/h bei einem Fahrbahnteiler auf die Gegenfahrbahn.
In der 30er-Zone am Hauptplatz wurden zahlreiche Personen, unter anderem auch Kinder, du… [+419 chars]",,de,'Gas'
https://www.n-tv.de/wirtschaft/Deutsches-KI-Wunderkind-verzockt-sich-Hedgefonds-stuerzt-um-67-Prozent-ab-id31146510.html,https://www.n-tv.de/wirtschaft/Deutsches-KI-Wunderkind-verzockt-sich-Hedgefonds-stuerzt-um-67-Prozent-ab-id31146510.html,0,www.n-tv.de,Komplettes Aktienportfolio weg: Deutsches Wunderkind verzockt mit seinem KI-Hedgefonds Milliarden,"Ohne jede Berufserfahrung in der Finanzbranche gründet Leopold Aschenbrenner einen Hedgefonds. Investoren vertrauen ihm Milliarden an. Das Wunderkind erzielt atemberaubende Gewinne - mit einer riskanten Strategie, die schließlich nach hinten losgeht.",https://www.n-tv.de/img/31146592/1785506136/Img_16_9/1200/New-York-Stock-Exchange-NYSE-Building-In-The-Night-Night-view-of-the-illuminated-exterior-of-New-York-Stock-Exchange-with-a-big-American-flag-from-the-front-facade-NYSE-building-has-the-style-of-classical-architecture-of-Greece-with-columns-the-inscription-New-York-Stock-Exchange-and-US-flags-hanging-The-financial-organization-at-Wall-Street-is-a-symbol-for-the-global-and-American-Economy-as-one-of-the-most-powerful-financial-institution-located-in-Wall-Street-at-lower-Manhattan-in-New-York-City-United-States-of-America-The-US-stock-market-is-reacting-with-heavy-losses-after-president-Trump-tariffs-announcement-on-April-2025-November-2024-in-NYC-USA-New-York-City-Netherlands-PUBLICATIONxNOTxINxFRA-Copyright-xNicolasxEconomoux-originalFilename-economou-notitle241110-npuxL.jpg,2026-07-31T12:46:10Z,,"Die Kurseinbrüche an der Börse wurden Aschenbrenner auch deshalb zum Verhängnis, weil die Investitionen seines Hedgefonds gehebelt, das heißt, teilweise mit Krediten finanziert waren. (Foto: IMAGO/Nu… [+5047 chars]",,de,'Finanz'
https://www.faz.net/aktuell/politik/ausland/hamas-entwaffnung-ist-das-donald-trumps-durchbruch-accg-201084110.html,https://www.faz.net/aktuell/politik/ausland/hamas-entwaffnung-ist-das-donald-trumps-durchbruch-accg-201084110.html,0,www.faz.net,Trump verkündet Einigung: Wird die Hamas wirklich ihre Waffen abgeben?,"Der amerikanische Präsident behauptet, die Hamas habe ihrer Entwaffnung zugestimmt, und feiert einen „Meilenstein“. Entscheidende Probleme bleiben ungeklärt.",https://media0.faz.net/image/w1200h627/c866508d756f/w7500h3918x0y932o/202502/43601.0.862396090/mitglieder-der-hamas-im.webp,2026-07-31T12:50:14Z,,Seit Monaten wird über die zweite Phase des von Donald Trump vermittelten Friedensplans im Gazastreifen gerungen. Nun soll es dem amerikanischen Präsidenten zufolge einen entscheidenden Durchbruch ge… [+5764 chars],,de,'Waffen'
https://www.tagesspiegel.de/gesundheit/vorsicht-bei-hitze-diese-medikamente-heizen-den-korper-zusatzlich-auf-15896739.html,https://www.tagesspiegel.de/gesundheit/vorsicht-bei-hitze-diese-medikamente-heizen-den-korper-zusatzlich-auf-15896739.html,0,www.tagesspiegel.de,Vorsicht bei Hitze: Diese Medikamente heizen den Körper zusätzlich auf,"Wer Blutdrucksenker, Antidepressiva oder Schmerzmittel nimmt, ist bei Hitzewellen stärker gefährdet als andere. Warnhinweise dazu sucht man auf den Packungsbeilagen vergebens.",https://www.tagesspiegel.de/images/15897427/alternates/BASE_16_9_W1400/1785408609000/mature-adult-woman-suffering-from-heat-stroke-outdoors.jpeg,2026-07-31T12:59:56Z,,"38 Grad im Schatten für den Organismus bedeutet das Schwerstarbeit, um den Körper auf Temperatur zu halten. Wir schwitzen, verlieren Wasser und wichtige Elektrolyte. Die Blutgefäße weiten sich und be… [+10475 chars]",,de,'heizen'
https://www.sueddeutsche.de/politik/hamas-entwaffnung-israels-gaza-konflikt-li.3524510,https://www.sueddeutsche.de/politik/hamas-entwaffnung-israels-gaza-konflikt-li.3524510,0,www.sueddeutsche.de,Gazastreifen: Zweifel an verkündeter Entwaffnung der Hamas,"US-Präsident Trump hat erklärt, die Terrororganisation sei bereit, ihre Waffen abzugeben. Doch ein Hamas-Sprecher knüpft die Zusage an eine Bedingung: Israel soll mit dem Abzug aus Gaza beginnen.",https://www.sueddeutsche.de/2026/07/31/b87e52d9-b2f8-4b85-bc34-7d600609a4fa.jpg?q=60&fm=webp&width=1200&rect=207%2C195%2C2479%2C1394,2026-07-31T13:00:13Z,,"US-Präsident Trump hat erklärt, die Terrororganisation sei bereit, ihre Waffen abzugeben. Doch ein Hamas-Sprecher knüpft die Zusage an eine Bedingung: Israel soll mit dem Abzug aus Gaza beginnen.
Vo… [+23 chars]",,de,'Waffen'
https://www.dw.com/de/vom-%C3%B6l-zu-lithium-wie-die-energiewende-asiens-geopolitik-ver%C3%A4ndert/a-78189922,https://www.dw.com/de/vom-%C3%B6l-zu-lithium-wie-die-energiewende-asiens-geopolitik-ver%C3%A4ndert/a-78189922,0,www.dw.com,Vom Öl zu Lithium: Wie die Energiewende Asiens Geopolitik verändert,Mit der Energiewende wollen Indien und China ihre Abhängigkeit von Öl und Gas verringern. Doch an die Stelle fossiler Energien treten neue geopolitische Risiken - von kritischen Mineralien bis zu globalen Lieferketten.,https://static.dw.com/image/77507758_6.jpg,2026-07-31T13:11:00Z,,Der indische Premierminister Narendra Modi war zuletzt viel unterwegs. In den vergangenen Wochen reiste er unter anderem nach Australien und Indonesien. Im Mittelpunkt standen Gespräche über kritisch… [+6013 chars],,de,'Gas'
https://wien.orf.at/stories/3365083/,https://wien.orf.at/stories/3365083/,0,wien.orf.at,Verurteilter Syrer soll aus Wien geflohen sein,"Der Ex-Leiter der Kriminalpolizei in Raqqa, Mussab Abou R. ist in erster Instanz in Wien zu acht Jahren Haft wegen Folter verurteilt worden. Jetzt soll er sich laut Nachrichtenmagazin „profil“ abgesetzt haben. Das OLG hat keine Fluchtgefahr gesehen.",https://ibs.orf.at/wie?image=https%3A%2F%2Foekastatic.orf.at%2Fmims%2F2026%2F28%2F63%2Fcrops%2Fw%3D1200%2Ch%3D627%2Cq%3D75%2F3102155_master_1201463_folter1.jpg%3Fs%3D264fac3bd2655f8d85fc8cedcc0ea609a8aee7ec,2026-07-31T13:12:53Z,,"Das Nachrichtenmagazin Profil berichtete am Freitag unter Bezugnahme auf einen für die New York Times tätigen Journalisten und nicht näher genannte anonyme Quellen über die mögliche Flucht.
Keine Be… [+1950 chars]",,de,'Flucht'
https://www.telepolis.de/article/Wie-Europa-seine-LNG-Abhaengigkeit-eindaemmen-kann-11384927.html,https://www.telepolis.de/article/Wie-Europa-seine-LNG-Abhaengigkeit-eindaemmen-kann-11384927.html,0,www.telepolis.de,Wie Europa seine LNG-Abhängigkeit eindämmen kann,"Bis 2030 könnte die EU mit Erneuerbaren doppelt so viel Gas einsparen, wie sie derzeit aus Katar importiert. Doch ausgerechnet der Strompreis bremst.",https://heise.cloudimg.io/bound/1200x1200/q85.png-lossy-85.webp-lossy-85.foil1/_www-heise-de_/imgs/18/5/1/2/8/7/5/3/gaspeicherneu-detail-e4e1fb38fd8b42ea.jpg,2026-07-31T14:00:00Z,,"Bis 2030 könnte die EU mit Erneuerbaren doppelt so viel Gas einsparen, wie sie derzeit aus Katar importiert. Doch ausgerechnet der Strompreis bremst.
Europas Gasspeicher sind vor dem Winter nur unzu… [+5071 chars]",,de,'Gas'
https://www.zeit.de/politik/2026-07/ceuta-migranten-marokko-melilla-nachrichtenpodcast,https://www.zeit.de/politik/2026-07/ceuta-migranten-marokko-melilla-nachrichtenpodcast,0,www.zeit.de,Migranten in Ceuta: Zehntausende erreichen ein Stück Europa – und Spanien schickt Soldaten,"Um zwei spanische Exklaven zu erreichen, sind Zehntausende Menschen durch das Mittelmeer vor Marokko geschwommen. Warum gerade jetzt? Und: Gibt die Hamas ihre Waffen ab?",https://img.zeit.de/politik/ausland/2026-07/ceuta-migranten-marokko-melilla-nachrichtenpodcast-bild/wide__1300x731,2026-07-31T15:00:12Z,,"In den
spanischen Exklaven mit Grenzen zu Marokko sind in den vergangenen Tagen laut örtlichen Behörden rund 60.000 Migranten angekommen unter ihnen auch
viele Minderjährige. Viele von ihnen sind a… [+2527 chars]",,de,'Waffen'
https://www.zeit.de/wirtschaft/2026-07/afd-linke-parteien-waehler-strategie-moralvorstellungen,https://www.zeit.de/wirtschaft/2026-07/afd-linke-parteien-waehler-strategie-moralvorstellungen,0,www.zeit.de,AfD und linke Parteien: Sie kämpfen mit den falschen Waffen gegen die AfD,Linke Politiker wollen gegen rechte Parteien mit günstigeren Mieten und höheren Löhnen gewinnen. Doch Befragungen zeigen: Das wird nicht gelingen.,https://img.zeit.de/wirtschaft/2026-07/afd-linke-parteien-waehler-strategie-moralvorstellungen-bild/wide__1300x731,2026-07-31T15:16:59Z,,"Inhalt
Auf einer Seite lesen
 Inhalt
<ol><li>Seite 1Sie kämpfen mit den falschen Waffen gegen die AfD
</li><li>Seite 2Die Sprache, die die Linke nicht spricht</li></ol>
Martin Schröder ist Profe… [+5662 chars]",,de,'Waffen'
https://www.sueddeutsche.de/politik/news-ceuta-waldbraende-arbeitslosenzahl-li.3524604,https://www.sueddeutsche.de/politik/news-ceuta-waldbraende-arbeitslosenzahl-li.3524604,0,www.sueddeutsche.de,SZ am Abend: Nachrichten vom 31. Juli 2026,"News aktuell: Krise in Ceuta, Waldbrände, Arbeitslosenzahl",https://www.sueddeutsche.de/2026/07/30/75bfc19e-bc3c-4f92-a8e4-51bdf6a9bd7f.jpg?q=60&fm=webp&width=1200&rect=0%2C209%2C4000%2C2250,2026-07-31T15:18:28Z,,"Klimaerwärmung vervielfacht Risiko großer Waldbrände. Der Sommer ist noch lange nicht vorbei, aber bereits die Zwischenbilanz fällt heftig aus. In Frankreich und Spanien richten Feuer bisher ungekann… [+1379 chars]",,de,'Waffen'
https://www.focus.de/politik/ausland/ex-minister-packt-aus-musste-luegendetektortests-anordnen_afa0a207-845d-4380-8a96-696613383013.html,https://www.focus.de/politik/ausland/ex-minister-packt-aus-musste-luegendetektortests-anordnen_afa0a207-845d-4380-8a96-696613383013.html,0,www.focus.de,Ex-Minister packt aus: Musste Lügendetektortests anordnen,Mychajlo Fedorow war als Verteidigungsminister der Ukraine sehr beliebt - jetzt wurde er entlassen. Im Interview erklärt er seine Vorstellung des modernen Krieges.,"https://quadro.burda-forward.de/ctf/527257aa-8e5d-4e46-a4c7-fc49200c83dc.553daa16-5fec-4402-a737-1f1dc936b3b9.jpg?im=RegionOfInterestCrop=(1200,630),regionOfInterest=(1543,626)&hash=7832a89970b545316d339ea56cdab45b17e989d14ff43295a0404df30039284c",2026-07-31T15:36:00Z,,"Wenn es eine Gruppe von Menschen gibt, die froh darüber ist, dass künstliche Intelligenz ihre Jobs übernimmt, dann sind es ukrainische Soldaten.
Zwei von ihnen machten gerade Pause in einem Kiewer C… [+7846 chars]",,de,'Waffen'
https://www.zeit.de/news/2026-07/31/krise-in-ceuta-kann-spanien-aus-dem-schengenraum-fliegen,https://www.zeit.de/news/2026-07/31/krise-in-ceuta-kann-spanien-aus-dem-schengenraum-fliegen,0,www.zeit.de,EU-Migrationspolitik: Krise in Ceuta - Kann Spanien aus dem Schengenraum fliegen?,Hier finden Sie Informationen zu dem Thema „EU-Migrationspolitik“. Lesen Sie jetzt „Krise in Ceuta - Kann Spanien aus dem Schengenraum fliegen?“.,https://img.zeit.de/news/2026-07/31/krise-in-ceuta-kann-spanien-aus-dem-schengenraum-fliegen-image-group/wide__1300x731,2026-07-31T16:11:24Z,,Zehntausende Menschen drängen irregulär in die spanische Exklave Ceuta auf dem afrikanischen Kontinent und stürzen das Land in eine Krise. Aus anderen EU-Ländern hagelt es Kritik an Spanien. Angebote… [+5897 chars],,de,'Krise'
https://www.bild.de/politik/ausland-und-internationales/krieg-in-iran-weitet-sich-aus-schon-17-laender-sind-betroffen-6a6a2a8595262dd162784f14,https://www.bild.de/politik/ausland-und-internationales/krieg-in-iran-weitet-sich-aus-schon-17-laender-sind-betroffen-6a6a2a8595262dd162784f14,0,www.bild.de,Die Welt in Sorge - 17 Länder betroffen! Iran-Krieg breitet sich aus,"Der Iran-Krieg weitet sich aus: Angriffe auf Schiffe, neue Fronten im Irak und Gefahr für Hormus und das Rote Meer.","https://images.bild.de/6a6a2a8595262dd162784f14/e0221d64805a8602bc1c5f524ea3c72e,5dcde064?w=1280",2026-07-31T17:22:19Z,,TTS-Player überspringenArtikel weiterlesenWashington/Teheran  Vier bis sechs Wochen So lautete Donald Trumps (80) erste Prognose für den gemeinsam mit Israel begonnenen Krieg der USA gegen den Iran. … [+2820 chars],,de,'Hormus'
https://www.faz.net/aktuell/politik/ausland/liveblog-irankrieg-trump-kuendigt-weitere-angriffe-an-faz-200583539.html,https://www.faz.net/aktuell/politik/ausland/liveblog-irankrieg-trump-kuendigt-weitere-angriffe-an-faz-200583539.html,0,www.faz.net,Liveblog Irankrieg: Trump kündigt weitere Angriffe an,US-Präsident: Iran fast besiegt +++ Saudi-Arabien gründet Allianz zum Schutz der Schifffahrt im Roten Meer +++ Iran warnt Bulgarien und Zypern vor US-Stationierungen +++ alle Entwicklungen im Liveblog,https://media0.faz.net/image/w1200h627/ebef5d033ae9/w5616h2934x0y405o/202607/43601.0.2391153430/us-praesident-donald-trump.webp,2026-07-31T17:25:14Z,,"Der amerikanische Präsident Donald Trump hat zurückhaltend auf einen Bericht reagiert, dem zufolge Iran aus China innerhalb weniger Wochen eine Lieferung von bis zu 400 chinesischen schultergestützte… [+2022 chars]",,de,'Angriff'
"https://www.gamestar.de/artikel/grillen-raeuchern-smoker-pelletgrill-test-burnhard-flint,3457314.html#article","https://www.gamestar.de/artikel/grillen-raeuchern-smoker-pelletgrill-test-burnhard-flint,3457314.html#article",0,www.gamestar.de,Deals: Heiß brennende Liebe! - Eine neue Art Grill hat meine Liebe zum BBQ neu entflammt! [Anzeige],Gasgrills und Kohlegrills sind die verbreitetsten Grillarten in Deutschland. Ich setze seit diesem Jahr jedoch auf eine neue Besonderheit. Und ohne zu übertreiben: So gut hat BBQ bei mir noch nie geschmeckt!,https://images.cgames.de/images/gamestar/293/burnhard-flint-pelletgrill-grill-smoker-test-hands-on-erfahrungsbericht-aufbau-_6416963.jpg,2026-07-31T18:02:00Z,,"Grillen hatte für mich den Reiz verloren - bis ich eine neue Art Grill ausprobieren durfte. 
Grillen hatte für mich in den letzten Jahren irgendwie den Reiz verloren. Natürlich ist es schön, was auf… [+5431 chars]",,de,'Gas'
https://www.golem.de/sonstiges/zustimmung/auswahl.html?from=https://www.golem.de/news/waermeinsel-effekt-wenn-ki-rechenzentren-ihre-umgebung-aufheizen-2607-211506.html&referer=https://t.co/3a3cf634db,https://www.golem.de/sonstiges/zustimmung/auswahl.html?from=https://www.golem.de/news/waermeinsel-effekt-wenn-ki-rechenzentren-ihre-umgebung-aufheizen-2607-211506.html&referer=https://t.co/3a3cf634db,0,www.golem.de,Wärmeinsel-Effekt: Wenn KI-Rechenzentren ihre Umgebung aufheizen,"KI ist nicht nur Teil der Klimakatastrophe, die Rechenzentren heizen auch direkt ihre Umgebung auf. Ein Beratungsunternehmen rät zu besseren Kühlkonzepten. (Klimakrise, Telekommunikation)",,2026-07-31T19:05:02Z,,"Besuchen Sie Golem.de wie gewohnt mit Werbung und Tracking,
 indem Sie der Nutzung aller Cookies zustimmen.
 Details zum Tracking finden Sie im Privacy Center.
Skript wurde nicht geladen. Informat… [+607 chars]",,de,'Klima'
https://www.zeit.de/news/2026-08/01/us-medien-trump-erwaegt-angriffe-auf-iranische-ziele,https://www.zeit.de/news/2026-08/01/us-medien-trump-erwaegt-angriffe-auf-iranische-ziele,0,www.zeit.de,Nahost: US-Medien: Trump erwägt Angriffe auf iranische Ziele,Hier finden Sie Informationen zu dem Thema „Nahost“. Lesen Sie jetzt „US-Medien: Trump erwägt Angriffe auf iranische Ziele“.,https://img.zeit.de/news/2026-08/01/us-medien-trump-erwaegt-angriffe-auf-iranische-ziele-image-group/wide__1300x731,2026-07-31T22:46:19Z,,US-Präsident Donald Trump erwägt US-Medienberichten zufolge bereits an diesem Wochenende neue Angriffe auf Ziele im Iran. Das berichteten etwa der US-Sender CBS News und das «Wall Street Journal» unt… [+1120 chars],,de,'Iran'
https://www.tagesspiegel.de/internationales/lage-im-uberblick-trump-erwagt-neue-angriffe-iran-droht-mit-gegenschlagen-15904518.html,https://www.tagesspiegel.de/internationales/lage-im-uberblick-trump-erwagt-neue-angriffe-iran-droht-mit-gegenschlagen-15904518.html,0,www.tagesspiegel.de,Lage im Überblick: Trump erwägt neue Angriffe - Iran droht mit Gegenschlägen,Wird das US-Militär noch an diesem Wochenende massive Angriffe auf Ziele im Iran fliegen? Das legen Berichte nahe. Selbst Israel könnte wieder in den Krieg eingreifen. Teheran droht seinen Gegnern.,https://www.tagesspiegel.de/images/15904542/alternates/BASE_16_9_W1400/1785552627000/iran-krieg-teheran.jpeg,2026-07-31T22:47:17Z,,Die USA stehen US-Medienberichten zufolge kurz vor dem Beginn einer der größten Angriffswellen auf den Iran. Diese könnten bereits an diesem Wochenende starten und auch iranische Infrastruktur oder E… [+4820 chars],,de,'Gas'
