index,url,valid,domain,title,description,image,published,archive,content,quote,language,keyword
https://www.nzz.ch/meinung/trumps-griff-nach-venezuelas-erdoelschaetzen-bleibt-ein-papiertiger-ld.10021740,https://www.nzz.ch/meinung/trumps-griff-nach-venezuelas-erdoelschaetzen-bleibt-ein-papiertiger-ld.10021740,0,www.nzz.ch,KOMMENTAR - Trumps Griff nach Venezuelas Erdölschätzen bleibt ein Papiertiger,Mit seinem Abkommen will Donald Trump die strategischen Ölreserven der USA aufstocken. Doch Venezuela produziert derzeit nur ein Prozent der globalen Rohölförderung. Das lässt sich nicht einfach und schnell ändern.,"https://img-msp-prod.nzz.ch/2026/08/31/4d9de37a-1c64-49c3-9ba2-8e692b924573.jpg?width=1200&height=675&fit=bounds&quality=75&auto=webp&crop=5500,3094,x0,y0&wmark=nzz",2026-09-01T03:30:00Z,,Mit seinem Abkommen will Donald Trump die strategischen Ölreserven der USA aufstocken. Doch Venezuela produziert derzeit nur ein Prozent der globalen Rohölförderung. Das lässt sich nicht einfach und … [+4810 chars],,de,'Erdöl'
https://www.nzz.ch/wirtschaft/trump-greift-nach-venezuelas-erdoel-die-wichtigsten-antworten-zum-deal-zwischen-den-usa-und-venezuela-ld.10021711,https://www.nzz.ch/wirtschaft/trump-greift-nach-venezuelas-erdoel-die-wichtigsten-antworten-zum-deal-zwischen-den-usa-und-venezuela-ld.10021711,0,www.nzz.ch,ERKLÄRT - Trump greift nach Venezuelas Erdöl. Doch das ist ein riskantes Spiel,Präsident Trump verspricht den Amerikanern tiefere Benzinpreise. Dafür setzt er auch auf umstrittene Figuren: Gegen einen involvierten venezolanischen Geschäftsmann läuft in der Schweiz ein Strafverfahren. Die wichtigsten Antworten zu dem Milliardendeal.,"https://img-msp-prod.nzz.ch/2026/08/31/fcf941a7-8a33-4e8c-8592-b7aec3aaea67.jpg?width=1200&height=674&fit=bounds&quality=75&auto=webp&crop=5759,3239,x0,y502&wmark=nzz",2026-09-01T03:30:00Z,,Präsident Trump verspricht den Amerikanern tiefere Benzinpreise. Dafür setzt er auch auf umstrittene Figuren: Gegen einen involvierten venezolanischen Geschäftsmann läuft in der Schweiz ein Strafverf… [+8798 chars],,de,'Erdöl'
https://www.faz.net/aktuell/politik/ausland/liveblog-irankrieg-medien-iran-will-bei-us-rueckkehr-zu-abkommen-nachziehen-faz-200583539.html,https://www.faz.net/aktuell/politik/ausland/liveblog-irankrieg-medien-iran-will-bei-us-rueckkehr-zu-abkommen-nachziehen-faz-200583539.html,0,www.faz.net,Liveblog Irankrieg: Iran will bei US-Rückkehr zu Abkommen nachziehen,Präsident Peseschkian kündigt dies nach neuen Angriffen und US-Sanktionen an +++ Wieder Tanker in Straße von Hormus angegriffen +++ Iran meldet zwei Tote durch US-Angriff auf Insel Larak +++ alle Entwicklungen im Liveblog,https://media0.faz.net/image/w1200h627/d08cb1184559/w3000h1567x0y216o/202608/43601.0.2473527702/irans-praesident-massud.webp,2026-09-01T06:30:05Z,,"Trump verwies zudem darauf, dass sein Militär ihn darüber informiert habe, dass alle Minen aus der Straße von Hormus entfernt oder gesprengt worden seien. Der US-Präsident hatte bereits Mitte August … [+1228 chars]",,de,'Hormus'
https://www.zeit.de/news/2026-09/01/ifo-inflation-steigt-2027-auf-3-prozent-wenig-entspannung,https://www.zeit.de/news/2026-09/01/ifo-inflation-steigt-2027-auf-3-prozent-wenig-entspannung,0,www.zeit.de,Verbraucherpreise: Ifo: Inflation steigt 2027 auf 3 Prozent - wenig Entspannung,Hier finden Sie Informationen zu dem Thema „Verbraucherpreise“. Lesen Sie jetzt „Ifo: Inflation steigt 2027 auf 3 Prozent - wenig Entspannung“.,https://img.zeit.de/news/2026-09/01/ifo-inflation-steigt-2027-auf-3-prozent-wenig-entspannung-image-group/wide__1300x731,2026-09-01T06:38:54Z,,"Das Ifo-Institut erwartet vorübergehend weniger Preisdruck in Deutschland, sieht aber keine nachhaltige Entspannung bei der Inflation. Im August planten nach Angaben des Münchner Wirtschaftsforschung… [+1196 chars]",,de,'heizen'
https://www.tagesspiegel.de/wirtschaft/verbraucherpreise-ifo-inflation-steigt-2027-auf-3-prozent-wenig-entspannung-16002535.html,https://www.tagesspiegel.de/wirtschaft/verbraucherpreise-ifo-inflation-steigt-2027-auf-3-prozent-wenig-entspannung-16002535.html,0,www.tagesspiegel.de,Verbraucherpreise: Ifo: Inflation steigt 2027 auf 3 Prozent - wenig Entspannung,Wegen des ungelösten Iran-Konflikts bleibt der Druck auf die Energiepreise hoch. Das treibt die Inflation in Deutschland. Das Ifo-Institut sieht nur vorübergehend Entspannung.,https://www.tagesspiegel.de/images/16002534/alternates/BASE_16_9_W1400/1788244799000/inflation.jpeg,2026-09-01T06:39:59Z,,"Das Ifo-Institut erwartet vorübergehend weniger Preisdruck in Deutschland, sieht aber keine nachhaltige Entspannung bei der Inflation. Im August planten nach Angaben des Münchner Wirtschaftsforschung… [+1246 chars]",,de,'Inflation'
https://stadt-bremerhaven.de/bosch-smart-home-neue-heiz-funktionen-fuer-home-und-personenunterscheidung-mit-eyes/,https://stadt-bremerhaven.de/bosch-smart-home-neue-heiz-funktionen-fuer-home-und-personenunterscheidung-mit-eyes/,0,stadt-bremerhaven.de,Bosch Smart Home: Neue Heiz-Funktionen für Home+ und Personenunterscheidung mit Eyes+,Bosch Smart Home feiert zehnjähriges Bestehen und zeigt zur IFA 2026 neue Funktionen für das eigene System. Im Fokus stehen dabei vor allem Neuerungen beim Heizen...Zum Beitrag: Bosch Smart Home: Neue Heiz-Funktionen für Home+ und Personenunterscheidung mit E…,https://stadt-bremerhaven.de/wp-content/uploads/2026/08/unnamed-7-scaled.webp,2026-09-01T06:59:42Z,,Bosch Smart Home feiert zehnjähriges Bestehen und zeigt zur IFA 2026 neue Funktionen für das eigene System. Im Fokus stehen dabei vor allem Neuerungen beim Heizen sowie bei den hauseigenen Überwachun… [+1896 chars],,de,'Heizen'
https://www.faz.net/aktuell/politik/ausland/wer-oder-was-hat-die-sturzflut-in-nepal-verursacht-accg-201174010.html,https://www.faz.net/aktuell/politik/ausland/wer-oder-was-hat-die-sturzflut-in-nepal-verursacht-accg-201174010.html,0,www.faz.net,Geopolitik im Himalaja: „Nepal hat so gut wie keinen Anteil an dieser Krise“,Das Katastrophengebiet ist die wichtigste Grenzregion für Chinas Seidenstraßen-Politik mit Nepal. Jetzt werden nach der Sturzflut Verantwortliche gesucht.,https://media0.faz.net/image/w1200h627/07119ff90c65/w8256h4313x0y351o/202608/43601.0.2477649329/der-bhotekoshi-fluss-in-dem.webp,2026-09-01T07:45:30Z,,Mit der Kraft eines Tsunamis hatte die Sturzflut im nepalesisch-chinesischen Grenzgebiet am vergangenen Mittwoch eine Spur der Zerstörung hinterlassen. Am Berg Langtang Lirung waren kurz vor neun Uhr… [+9521 chars],,de,'Krise'
https://www.zeit.de/news/2026-09/01/antisemitischer-angriff-auf-gruenen-politiker-taeter-gefasst,https://www.zeit.de/news/2026-09/01/antisemitischer-angriff-auf-gruenen-politiker-taeter-gefasst,0,www.zeit.de,Attacke im Wahlkampf: Antisemitischer Angriff auf Grünen-Politiker - Täter gefasst,Hier finden Sie Informationen zu dem Thema „Attacke im Wahlkampf“. Lesen Sie jetzt „Antisemitischer Angriff auf Grünen-Politiker - Täter gefasst“.,https://img.zeit.de/news/2026-09/01/antisemitischer-angriff-auf-gruenen-politiker-taeter-gefasst-image-group/wide__1300x731,2026-09-01T07:57:31Z,,"Nach einem antisemitischen Angriff auf einen Kandidaten der Grünen für die Berliner Abgeordnetenhauswahl hat die Polizei den mutmaßlichen Täter identifiziert. Es ist ein 68-jähriger Mann, wie die Pol… [+632 chars]",,de,'Angriff'
https://www.faz.net/aktuell/finanzen/finanzmarkt/inflation-im-euroraum-steigt-auf-3-3-prozent-accg-201176214.html,https://www.faz.net/aktuell/finanzen/finanzmarkt/inflation-im-euroraum-steigt-auf-3-3-prozent-accg-201176214.html,0,www.faz.net,"Vor der EZB-Sitzung: Inflation im Euroraum steigt deutlich auf 3,3 Prozent",Die spürbar höhere Inflation dürfte im Euroraum zu einer Zinserhöhung führen. Was heißt das für Sparer und Kreditnehmer?,https://media0.faz.net/image/w1200h627/54d8ddab627b/w7675h4010x0y554o/202608/43601.0.2473316706/notenbankzentrale-in-frankfurt.webp,2026-09-01T09:01:51Z,,"Die Inflation im Euroraum belief sich im August auf 3,3 Prozent. Das hat das europäische Statistikamt Eurostat in Luxemburg am Dienstag aufgrund einer ersten Schätzung mitgeteilt. Im Juli hatte die R… [+4436 chars]",,de,'Inflation'
https://www.zeit.de/wirtschaft/2026-09/inflation-eurozone-verbraucherpreise-ezb-zinserhoehung-gxe,https://www.zeit.de/wirtschaft/2026-09/inflation-eurozone-verbraucherpreise-ezb-zinserhoehung-gxe,0,www.zeit.de,"Eurozone: Inflation im Euroraum steigt laut Schätzung auf 3,3 Prozent",Die Preise in der Eurozone sind im August deutlich gestiegen. Treiber der Inflation sind die Energiekosten. In anderen Bereichen fällt die Teuerung moderater aus.,https://img.zeit.de/wirtschaft/2026-09/inflation-eurozone-verbraucherpreise-ezb-zinserhoehung-foto-1/wide__1300x731,2026-09-01T09:26:27Z,,"Die Inflation im Euroraum ist im August auf 3,3 Prozent gestiegen. Das teilte das EU-Statistikamt Eurostat mit. Bei den Zahlen handelt es sich um eine Schätzung, die auf vorläufigen Zahlen beruht. Im… [+1725 chars]",,de,'heizen'
https://www.tagesspiegel.de/wirtschaft/dpa-ezb-zinserhohung-uberfallig-16003568.html,https://www.tagesspiegel.de/wirtschaft/dpa-ezb-zinserhohung-uberfallig-16003568.html,0,www.tagesspiegel.de,"„EZB-Zinserhöhung überfällig“: Iran-Krieg treibt Inflation im Euroraum auf 3,3 Prozent","Der Ölpreisschock wegen des Iran-Kriegs schlägt auf die Verbraucherpreise im Euroraum durch. Die Inflation steigt deutlich auf 3,3 Prozent. Damit steigt der Handlungsdruck auf die EZB.",https://www.tagesspiegel.de/images/16003566/alternates/BASE_16_9_W1400/1788256198000/ezb.jpeg,2026-09-01T09:49:50Z,,"Die Inflation in der Eurozone ist im August wegen hoher Energiepreise deutlich gestiegen. Im Jahresvergleich legten die Verbraucherpreise um 3,3 Prozent zu, wie das Statistikamt Eurostat in Luxemburg… [+1674 chars]",,de,'Inflation'
https://www.zeit.de/news/2026-09/01/ermittlungen-gegen-bruder-nach-lebensbedrohlichem-angriff,https://www.zeit.de/news/2026-09/01/ermittlungen-gegen-bruder-nach-lebensbedrohlichem-angriff,0,www.zeit.de,Hattingen: Ermittlungen gegen Bruder nach lebensbedrohlichem Angriff,Hier finden Sie Informationen zu dem Thema „Hattingen“. Lesen Sie jetzt „Ermittlungen gegen Bruder nach lebensbedrohlichem Angriff“.,https://img.zeit.de/news/2026-09/01/ermittlungen-gegen-bruder-nach-lebensbedrohlichem-angriff-image-group/wide__1300x731,2026-09-01T09:51:10Z,,Im Fall der lebensgefährlichen Attacke auf einen Mann in Hattingen im südlichen Ruhrgebiet ermittelt die Polizei gegen den 54-jährigen Bruder des Opfers. Gegen den nebenan wohnenden Mann werde nach v… [+1316 chars],,de,'Angriff'
https://www.sueddeutsche.de/wirtschaft/inflation-europa-deutschland-zinsen-ezb-leitzins-li.3540516,https://www.sueddeutsche.de/wirtschaft/inflation-europa-deutschland-zinsen-ezb-leitzins-li.3540516,0,www.sueddeutsche.de,"Energiekrise: Inflation im Euroraum bei 3,3 Prozent","Der Krieg in Iran macht das Leben in Europa teurer. Die Inflationsrate liegt deutlich höher, als die EZB es anstrebt. Eine baldige Zinserhöhung deutet sich an.",https://www.sueddeutsche.de/2026/09/01/e5893b56-2e01-4367-84f9-0ef109e70f83.jpg?q=60&fm=webp&width=1200&rect=0%2C209%2C4000%2C2250,2026-09-01T09:56:41Z,,"Volkswirte rechnen fest damit, dass die EZB bei ihrem Zinsentscheid am 10. September die Leitzinsen erhöht. Eine Zinserhöhung auf der EZB-Sitzung nächste Woche ist überfällig, schrieb Commerzbank-Che… [+1094 chars]",,de,'Inflation'
https://www.telepolis.de/article/Iran-Krieg-nach-sechs-Monaten-Warum-die-USA-in-der-Sackgasse-stecken-11436617.html,https://www.telepolis.de/article/Iran-Krieg-nach-sechs-Monaten-Warum-die-USA-in-der-Sackgasse-stecken-11436617.html,0,www.telepolis.de,Iran-Krieg nach sechs Monaten: Warum die USA in der Sackgasse stecken,Sechs Monate nach Kriegsbeginn stecken die USA im Iran fest. Die Folgen treffen auch Deutschland: Diesel wurde bereits 70 Prozent teurer.,https://heise.cloudimg.io/v7/_www-heise-de_/imgs/18/5/1/5/6/6/6/9/shutterstock_515612632-ac848d2966d03e0b.jpg?func=bound&height=1200&org_if_sml=1&q=85&width=1200,2026-09-01T10:00:00Z,,"(Bild: esfera/Shutterstock.com)
Sechs Monate nach Kriegsbeginn stecken die USA im Iran fest. Die Folgen treffen auch Deutschland: Diesel wurde bereits 70 Prozent teurer.
Im sechsten Monat des völke… [+7572 chars]",,de,'Iran'
https://www.zeit.de/news/2026-09/01/moebelbranche-in-der-krise-umsaetze-sinken-im-ersten-halbjahr,https://www.zeit.de/news/2026-09/01/moebelbranche-in-der-krise-umsaetze-sinken-im-ersten-halbjahr,0,www.zeit.de,Unternehmen: Möbelbranche in der Krise: Umsätze sinken im ersten Halbjahr,Hier finden Sie Informationen zu dem Thema „Unternehmen“. Lesen Sie jetzt „Möbelbranche in der Krise: Umsätze sinken im ersten Halbjahr“.,https://img.zeit.de/news/2026-09/01/moebelbranche-in-der-krise-umsaetze-sinken-im-ersten-halbjahr-image-group/wide__1300x731,2026-09-01T10:00:05Z,,"Kunden halten sich beim Möbelkauf weiter zurück, die Branche kommt deshalb nicht aus der Krise. Im ersten Halbjahr setzten die Hersteller 7,7 Milliarden Euro um. Nominal lag der Umsatz damit 2,7 Proz… [+1490 chars]",,de,'Krise'
https://www.faz.net/aktuell/politik/ausland/endet-die-hegemonie-der-usa-im-nahen-osten-accg-201163994.html,https://www.faz.net/aktuell/politik/ausland/endet-die-hegemonie-der-usa-im-nahen-osten-accg-201163994.html,0,www.faz.net,Naher Osten: Das Ende der amerikanischen Ordnung,Der amerikanisch-israelische Krieg gegen Iran hat die alte Ordnung des Nahen Ostens zerstört. Besonders Syrien wird zur Arena machtpolitischer Kraftproben.,https://media0.faz.net/image/w1200h627/42bc90416c4d/w2816h1471x0y227o/202608/43601.0.2397754271/eine-iranerin-laeuft-in.webp,2026-09-01T10:02:45Z,,"Wir sollten niemals gezwungen sein, zwischen israelischer und iranischer expansionistischer Politik in der Region zu wählen, sagte Syriens Übergangspräsident Ahmed al-Scharaa Mitte August in einem In… [+13435 chars]",,de,'Iran'
https://www.bild.de/politik/ausland-und-internationales/neue-eskalation-im-krieg-iran-ist-tot-6a959048518a586e1855e750,https://www.bild.de/politik/ausland-und-internationales/neue-eskalation-im-krieg-iran-ist-tot-6a959048518a586e1855e750,0,www.bild.de,Neue Eskalation im Krieg - „Iran ist tot!“,US-Präsident Donald Trump erklärt den Iran für „tot“ und kündigt nach dem iranischen Raketenangriff auf US-Stellungen in Jordanien einen Gegenschlag an.,"https://images.bild.de/6a959048518a586e1855e750/16bbde097520ed2ae50586e0f382c404,edcc1a5?w=1280",2026-09-01T10:10:15Z,,TTS-Player überspringenArtikel weiterlesenWashington Neue Eskalation im Iran-Krieg! Und US-Präsident Donald Trump (80) legt verbal noch einmal nach. Nach dem iranischen Raketenangriff auf US-Stellung… [+2612 chars],,de,'Iran'
https://www.freitag.de/autoren/sebastianpuschner/tsafrir-cohen-warnt-der-krieg-hat-deutschland-laengst-im-kopf-erwischt,https://www.freitag.de/autoren/sebastianpuschner/tsafrir-cohen-warnt-der-krieg-hat-deutschland-laengst-im-kopf-erwischt,0,www.freitag.de,"Tsafrir Cohen: „Die Regierung weiß, wie man Kriege führt, aber nicht, wie man sie beendet“","Am 1. September ist weltweiter Antikriegstag. Medico-International-Chef Tsafrir Cohen erzählt von nächtlicher Flucht in Katakomben voller Ratten, warnt vor „Warfare statt Welfare“ und verrät, wer aktuell den Krieg vorbereitet. Ein Gespräch Bei allen Unterschi…",https://www.freitag.de/autoren/sebastianpuschner/tsafrir-cohen-warnt-der-krieg-hat-deutschland-laengst-im-kopf-erwischt/@@images/image/great,2026-09-01T10:16:00Z,,"Bei allen Unterschieden zwischen Ost- und Westdeutschland: Der Weltfriedens- bzw. Antikriegstag wurde in der DDR wie in der BRD am 1. September begangen. Friedensbewegungen, Gewerkschaften, Naturschü… [+11580 chars]",,de,'Flucht'
https://www.zeit.de/politik/deutschland/2026-09/bundesregierung-will-russland-fuer-drohnenvorfall-verantwortlich-machen-gxe,https://www.zeit.de/politik/deutschland/2026-09/bundesregierung-will-russland-fuer-drohnenvorfall-verantwortlich-machen-gxe,0,www.zeit.de,Drohne am Flughafen Leipzig: Bundesregierung will Russland für Drohnenvorfall verantwortlich machen,Deutschland vermutet Russland hinter dem Drohnenvorfall am Leipziger Flughafen. Am Nachmittag sollen Dobrindt und Wadephul sich in einer Pressekonferenz dazu äußern.,https://img.zeit.de/politik/ausland/2026-09/bundesregierung-russland-drohnenvorfall-leipzig-bild/wide__1300x731,2026-09-01T10:30:58Z,,Die deutsche Regierung will Russland nach ZEIT-Informationen offiziell für den Drohnenvorfall am Leipziger Flughafen verantwortlich machen. Bei einer Pressekonferenz am Nachmittag wollen sich Bundesi… [+2179 chars],,de,'Wladimir Putin'
https://www.focus.de/politik/ausland/die-us-navy-hat-ein-problem-iran-und-oman-stehen-kurz-vor-einem-abkommen-zur-strasse-von-hormus-bei-dem-kein-militaerschiff-mehr-passieren-wuerde_3732f77c-00b1-4621-9b6e-c905dac61b37.html,https://www.focus.de/politik/ausland/die-us-navy-hat-ein-problem-iran-und-oman-stehen-kurz-vor-einem-abkommen-zur-strasse-von-hormus-bei-dem-kein-militaerschiff-mehr-passieren-wuerde_3732f77c-00b1-4621-9b6e-c905dac61b37.html,0,www.focus.de,"Die US-Navy hat ein Problem: Iran und Oman stehen kurz vor einem Abkommen zur Straße von Hormus, bei dem kein Militärschiff mehr passieren würde",Iran und Oman beraten über eine vorläufige Regelung für die Straße von Hormus. Die USA bestreiten einen angeblichen Minentreffer und lehnen Einschränkungen für Militärschiffe ab.,"https://quadro.burda-forward.de/ctf/22d4f145-c893-43db-bf23-b8eca0d17e2f.88c2183b-6110-4b86-bd57-b276d649e477.jpg?im=RegionOfInterestCrop=(1200,630),regionOfInterest=(2335,1883)&hash=cc9adb95899d0f1a02913c1d16a93c6210880bb3e4a0e4d8f3bff7b4dfc1f2b4",2026-09-01T10:33:00Z,,"Iran und Oman arbeiten an einer vorläufigen Vereinbarung für die Straße von Hormus, die den Schiffsverkehr durch die strategisch wichtige Meerenge neu regeln würde. Demnach dürften Militärschiffe die… [+2799 chars]",,de,'Iran'
https://www.zeit.de/news/2026-09/01/frau-bei-angriff-in-berlin-hellersdorf-schwer-verletzt,https://www.zeit.de/news/2026-09/01/frau-bei-angriff-in-berlin-hellersdorf-schwer-verletzt,0,www.zeit.de,Gewalt: Frau bei Angriff in Berlin-Hellersdorf schwer verletzt,Hier finden Sie Informationen zu dem Thema „Gewalt“. Lesen Sie jetzt „Frau bei Angriff in Berlin-Hellersdorf schwer verletzt“.,https://img.zeit.de/news/2026-09/01/frau-bei-angriff-in-berlin-hellersdorf-schwer-verletzt-image-group/wide__1300x731,2026-09-01T10:42:56Z,,"Bei einem Angriff in Berlin-Marzahn ist eine 46-jährige Frau schwer verletzt worden. Die mutmaßliche Täterin ist ebenfalls eine Frau, wie ein Polizeisprecher sagte. Die verletzte Frau wurde in ein Kr… [+310 chars]",,de,'Angriff'
https://www.appgefahren.de/ikea-liljebagge-guenstiges-heizkoerper-thermostat-mit-matter-over-thread-404669.html,https://www.appgefahren.de/ikea-liljebagge-guenstiges-heizkoerper-thermostat-mit-matter-over-thread-404669.html,0,www.appgefahren.de,Ikea Liljebagge: Günstiges Heizkörper-Thermostat mit Matter over Thread,"Und schwupps, wir haben schon wieder September. Das heißt auch: Langsam aber sicher müssen wir uns wieder mit dem Thema Heizen auseinandersetzen. Spätestens im Oktober dürfte es zumindest abends und morgens wieder ordentlich frisch werden. Pünktlich zum Start…",https://www.appgefahren.de/wp-content/uploads/2026/09/Ikea-Liljebagge-Thermostat.jpg,2026-09-01T10:45:13Z,,"Und schwupps, wir haben schon wieder September. Das heißt auch: Langsam aber sicher müssen wir uns wieder mit dem Thema Heizen auseinandersetzen. Spätestens im Oktober dürfte es zumindest abends und … [+1715 chars]",,de,'heizen'
https://www.n-tv.de/politik/Bester-Zeitpunkt-Iranischer-Hardliner-will-USA-mit-Praeventivschlaegen-vertreiben-id31256330.html,https://www.n-tv.de/politik/Bester-Zeitpunkt-Iranischer-Hardliner-will-USA-mit-Praeventivschlaegen-vertreiben-id31256330.html,0,www.n-tv.de,"""Bester Zeitpunkt"": Iranischer Hardliner will USA mit Präventivschlägen attackieren","Die jüngsten Kampfhandlungen im Nahen Osten sorgen für Säbelrasseln im Iran. Ein Hardliner will den ""Feind"" mit einem neuen Angriff zum ""Rückzug"" aus der Region zwingen.",https://www.n-tv.de/img/31256258/1788268385/Img_16_9/1200/616131937.jpg,2026-09-01T11:59:38Z,,"Der Iran hat in der Vergangenheit mit seinen Raketen bereits für erhebliche Schäden an US-Stützpunkten gesorgt. (Foto: picture alliance/dpa/AP)
Die jüngsten Kampfhandlungen im Nahen Osten sorgen für… [+3340 chars]",,de,'Angriff'
https://www.tagesspiegel.de/dpa-berlin-brandenburg-16004595.html,https://www.tagesspiegel.de/dpa-berlin-brandenburg-16004595.html,0,www.tagesspiegel.de,"Berlin / Brandenburg: Inflation zieht weiter an: 2,9 Prozent im August","Inflation zieht weiter an: 2,9 Prozent im August",,2026-09-01T12:06:43Z,,"Das Leben in Deutschland hat sich im August weiter verteuert. Die Verbraucherpreise lagen um 2,9 Prozent über dem Niveau des Vorjahresmonats - nach 2,8 Prozent Inflation im Juli, wie das Statistische… [+142 chars]",,de,'Inflation'
https://www.n-tv.de/politik/USA-sichern-sich-Zugang-zu-Venezuelas-riesigen-Oelreserven-id31255502.html,https://www.n-tv.de/politik/USA-sichern-sich-Zugang-zu-Venezuelas-riesigen-Oelreserven-id31255502.html,0,www.n-tv.de,Öl-Deal veröffentlicht : USA sichern sich Zugang zu Venezuelas riesigen Ölreserven,"Nach Maduros umstrittener Verhaftung bleibt offen, was mit Venezuelas riesigen Ölreserven geschieht. Zugleich setzen hohe Spritpreise Trump wegen des Iran-Kriegs innenpolitisch unter Druck. Nun präsentiert seine Regierung Details zu einem Abkommen mit Venezue…",https://www.n-tv.de/img/31255627/1788262761/Img_16_9/1200/616063864.jpg,2026-09-01T12:19:35Z,,"Öl-Deal veröffentlicht USA sichern sich Zugang zu Venezuelas riesigen Ölreserven
Ein Öltanker liegt im venezolanischen Maracaibo-See vor Anker. (Foto: picture alliance/dpa/AP)
Nach Maduros umstritt… [+2791 chars]",,de,'Iran'
https://www.morgenpost.de/politik/article413025268/deutschlandticket-wird-teurer-so-viel-koennte-es-2027-kosten.html,https://www.morgenpost.de/politik/article413025268/deutschlandticket-wird-teurer-so-viel-koennte-es-2027-kosten.html,0,www.morgenpost.de,Deutschlandticket wird teurer: So viel könnte es 2027 kosten,Das Deutschlandticket kostet ab 2027 laut einer Analyse des WDR-Datenteams wohl knapp vier Euro mehr. Eine neue Preisformel ermöglicht die Prognose.,https://img.sparknews.funkemedien.de/413025777/413025777_1788258735_v16_9_1600.jpeg,2026-09-01T12:36:35Z,,Zum Jahreswechsel 2027 wird der Preis des Deutschlandtickets wohl erneut ansteigen. Das hat eine Analyse des WDR-Datenteams ergeben: Der monatliche Preis steigt demnach von aktuell 63 Euro auf voraus… [+3626 chars],,de,'Preis'
https://www.zeit.de/news/2026-09/01/schwerer-luftangriff-auf-kiew-mit-toten-und-verletzten,https://www.zeit.de/news/2026-09/01/schwerer-luftangriff-auf-kiew-mit-toten-und-verletzten,0,www.zeit.de,Krieg gegen die Ukraine: Schwerer Luftangriff auf Kiew mit Toten und Verletzten,Hier finden Sie Informationen zu dem Thema „Krieg gegen die Ukraine“. Lesen Sie jetzt „Schwerer Luftangriff auf Kiew mit Toten und Verletzten“.,https://img.zeit.de/news/2026-09/01/schwerer-luftangriff-auf-kiew-mit-toten-und-verletzten-image-group/wide__1300x731,2026-09-01T12:56:50Z,,Durch einen massiven russischen Luftangriff mit ballistischen Raketen und Drohnen sind in der Ukraine mindestens zwölf Menschen getötet und Dutzende verletzt worden. Das teilte der ukrainische Präsid… [+5162 chars],,de,'Ukraine'
https://www.zeit.de/news/2026-09/01/tu-muenchen-wirft-eu-falsche-klimavorgaben-fuer-autos-vor,https://www.zeit.de/news/2026-09/01/tu-muenchen-wirft-eu-falsche-klimavorgaben-fuer-autos-vor,0,www.zeit.de,CO2-Emissionen: TU München wirft EU falsche Klimavorgaben für Autos vor,Hier finden Sie Informationen zu dem Thema „CO2-Emissionen“. Lesen Sie jetzt „TU München wirft EU falsche Klimavorgaben für Autos vor“.,https://img.zeit.de/news/2026-09/01/tu-muenchen-wirft-eu-falsche-klimavorgaben-fuer-autos-vor-image-group/wide__1300x731,2026-09-01T12:56:59Z,,"Wissenschaftler der TU München werfen der EU vor, die Autohersteller beim Klimaschutz in die falsche Richtung zu lenken: In einem neuen Weißbuch fordern die Forscher, nicht mehr wie bisher die bei de… [+2837 chars]",,de,'Klima'
https://www.nzz.ch/international/hohe-kosten-begrenzter-erfolg-amerika-zieht-nach-sechs-monaten-iran-krieg-bilanz-ld.10021770,https://www.nzz.ch/international/hohe-kosten-begrenzter-erfolg-amerika-zieht-nach-sechs-monaten-iran-krieg-bilanz-ld.10021770,0,www.nzz.ch,"Hohe Kosten, begrenzter Erfolg: Amerika zieht nach sechs Monaten Iran-Krieg Bilanz","In den USA sehen viele Beobachter den Iran-Krieg als Misserfolg, die Unzufriedenheit in der Bevölkerung nimmt zu. Aber im Abnützungskampf steigt nun auch der Druck auf Iran stark an.","https://img-msp-prod.nzz.ch/2026/09/01/248043d6-4f94-4333-b115-2cdc84923214.jpg?width=1200&height=674&fit=bounds&quality=75&auto=webp&crop=5727,3221,x0,y0&wmark=nzz",2026-09-01T13:11:02Z,,"In den USA sehen viele Beobachter den Iran-Krieg als Misserfolg, die Unzufriedenheit in der Bevölkerung nimmt zu. Aber im Abnützungskampf steigt nun auch der Druck auf Iran stark an.
Kommentieren
Z… [+7415 chars]",,de,'Iran'
https://www.morgenpost.de/wirtschaft/article413024683/ifo-prognostiziert-wenig-entspannung-inflation-steigt-bis-2027-weiter-an.html,https://www.morgenpost.de/wirtschaft/article413024683/ifo-prognostiziert-wenig-entspannung-inflation-steigt-bis-2027-weiter-an.html,0,www.morgenpost.de,Ifo prognostiziert wenig Entspannung: Inflation steigt bis 2027 weiter an,Die Inflation in Deutschland bleibt hoch. Steigende Energiepreise und der Iran-Konflikt könnten die Teuerungsrate bis 2027 weiter antreiben.,https://img.sparknews.funkemedien.de/411648171/411648171_1783339281_v16_9_1600.jpeg,2026-09-01T13:17:50Z,,"Das Münchner Wirtschaftsforschungsinstitut Ifo erwartet vorübergehend weniger Preisdruck in Deutschland, sieht aber keine nachhaltige Entspannung bei der Inflation. Im August planten nach Angaben des… [+1227 chars]",,de,'Iran'
https://www.n-tv.de/wirtschaft/Jeder-zweite-Mieter-befuerchtet-keine-bezahlbare-Wohnung-zu-finden-id31256741.html,https://www.n-tv.de/wirtschaft/Jeder-zweite-Mieter-befuerchtet-keine-bezahlbare-Wohnung-zu-finden-id31256741.html,0,www.n-tv.de,"Klagen im ""Mietenreport"": Jeder zweite Mieter befürchtet, keine bezahlbare Wohnung zu finden","Viele Mieter in Deutschland leben in Angst, ihre Wohnung zu verlieren. Das ergibt eine Untersuchung des Deutschen Mieterbunds. Die Interessenvertreter fordern vom Bund mehrere Maßnahmen, um die Krise auf dem Immobilienmarkt zu lindern.",https://www.n-tv.de/img/31256761/1788272135/Img_16_9/1200/611401514.jpg,2026-09-01T13:17:54Z,,"Klagen im ""Mietenreport""Jeder zweite Mieter befürchtet, keine bezahlbare Wohnung zu finden
Die Mietenkrise habe sich verfestigt, bilanziert DMB-Präsidentin Melanie Weber-Moritz. (Foto: picture allia… [+5352 chars]",,de,'Inflation'
https://www.welt.de/wirtschaft/video6a96afd6518a586e1855f624/verbraucherpreise-im-euroraum-die-inflation-wird-nicht-konsequent-bekaempft.html,https://www.welt.de/wirtschaft/video6a96afd6518a586e1855f624/verbraucherpreise-im-euroraum-die-inflation-wird-nicht-konsequent-bekaempft.html,0,www.welt.de,„Die Inflation wird nicht konsequent bekämpft“,"Die Verbraucherpreise im Euroraum sind im August um 3,3 Prozent gestiegen. „Die EZB läuft der Inflation hinterher“, sagt Kapitalmarktanalyst Robert Halver im Gespräch mit Dietmar Deffner.",https://images.welt.de/6a96afd6518a586e1855f624/4c65d63a14838c4dfe6c944e91464e1f/ci16x9-w1200/deffner-png,2026-09-01T13:24:07Z,,"Die Verbraucherpreise im Euroraum sind im August um 3,3 Prozent gestiegen. Die EZB läuft der Inflation hinterher, sagt Kapitalmarktanalyst Robert Halver im Gespräch mit Dietmar Deffner.
© Axel Sprin… [+45 chars]",,de,'Inflation'
https://www.focus.de/politik/ausland/das-pentagon-weist-berichte-zurueck-wonach-hegseth-wiederholt-militaerische-empfehlungen-ignoriert-habe_40bdf9ac-a85e-4840-acf9-1f2b31342cf4.html,https://www.focus.de/politik/ausland/das-pentagon-weist-berichte-zurueck-wonach-hegseth-wiederholt-militaerische-empfehlungen-ignoriert-habe_40bdf9ac-a85e-4840-acf9-1f2b31342cf4.html,0,www.focus.de,"Das Pentagon weist Berichte zurück, wonach Hegseth wiederholt militärische Empfehlungen ignoriert habe",Mehrere US-Topmilitärs warnen vor einer Ausweitung des Iran-Kriegs. Der lange Einsatz schwächt nach ihrer Einschätzung die Schlagkraft an anderer Stelle.,"https://quadro.burda-forward.de/ctf/9274a643-5866-4c49-abcb-d79f2c23780c.75810eff-bb3e-4744-aebe-70a722b64364.jpg?im=RegionOfInterestCrop=(1200,630),regionOfInterest=(800,504)&hash=f051039efdf022277585307ff6db909a839a3789e12739ebeef723781f4827bf",2026-09-01T13:27:00Z,,"Mehrere hochrangige US-Militärs haben Verteidigungsminister Pete Hegseth davor gewarnt, den Krieg gegen Iran in bisherigem Umfang fortzusetzen oder noch auszuweiten. Laut Washington Post bindet der E… [+2925 chars]",,de,'Iran'
https://www.focus.de/finanzen/iran-krieg-kostet-deutsche-haushalte-16-8-milliarden-euro-geringverdiener-trifft-es-besonders-hart_f84ea4ca-6011-4b83-93d9-523c3fa9e1d4.html,https://www.focus.de/finanzen/iran-krieg-kostet-deutsche-haushalte-16-8-milliarden-euro-geringverdiener-trifft-es-besonders-hart_f84ea4ca-6011-4b83-93d9-523c3fa9e1d4.html,0,www.focus.de,"Iran-Krieg kostet deutsche Haushalte 16,8 Milliarden Euro – Geringverdiener trifft es besonders hart","Der Iran-Krieg verteuert Energie und schmälert die Kaufkraft. Für deutsche Haushalte entstehen 16,8 Milliarden Euro Mehrkosten.","https://quadro.burda-forward.de/ctf/b3ffc75d-9d31-422e-a2e2-8dd679b749d9.8a6dfe6c-ecd3-4da1-94fc-091eb7497c3a.jpg?im=RegionOfInterestCrop=(1200,630),regionOfInterest=(1550,828)&hash=95c2082156ed31e35d559b4b6e7fcb3d2d3f5f78f46d15a42af47c2ce3a1fcd6",2026-09-01T13:30:00Z,,"Der Iran-Krieg ist Tausende Kilometer entfernt. Seine Folgen sind jedoch an deutschen Tankstellen, in den Heizkostenabrechnungen und zunehmend auch in den Preisen anderer Waren spürbar. Eine neue bri… [+5159 chars]",,de,'Iran'
https://www.faz.net/aktuell/politik/ausland/liveblog-irankrieg-irans-praesident-dankt-putin-fuer-haltung-waehrend-des-krieges-faz-200583539.html,https://www.faz.net/aktuell/politik/ausland/liveblog-irankrieg-irans-praesident-dankt-putin-fuer-haltung-waehrend-des-krieges-faz-200583539.html,0,www.faz.net,Liveblog Irankrieg: Irans Präsident dankt Putin für Haltung während des Krieges,Peseschkian: Moskau hat zu jedem Zeitpunkt unsere Standpunkte vertreten +++ Iran will bei Rückkehr Amerikas zu Abkommen nachziehen +++ Tanker in Straße von Hormus angegriffen +++ alle Entwicklungen im Liveblog,https://media0.faz.net/image/w1200h627/6a8ec3a02c23/w5000h2612x0y300o/202609/43601.0.2492994709/der-russische-praesident.webp,2026-09-01T13:34:00Z,,"Das US-Verteidigungsministerium dementiert zumindest in Teilen einen Bericht, wonach mehrere ranghohe US-Militärs vor einer Verlängerung des US-Einsatzes gegen Iran warnen. Vieles davon ist schlichtw… [+1001 chars]",,de,'Hormus'
https://www.brigitte.de/academy/finanzen/geld-zurueck--4-geniale-finanz-tricks--14014446.html,https://www.brigitte.de/academy/finanzen/geld-zurueck--4-geniale-finanz-tricks--14014446.html,0,www.brigitte.de,Einfache Spar-Tipps: 4 Geld-Hacks aus der Finanz-Redaktion,"Das Geld liegt auf der Straße, sagt ein Sprichwort. Aber tut es das wirklich?  Zumindest liegt es teilweise in der eigenen Schublade. Hier kommen die besten Ideen, um Geld zu sparen oder auch einzunehmen.",https://image.brigitte.de/14014478/t/4L/v1/w1440/r1.7778/-/geldregen.jpg,2026-09-01T13:54:00Z,,"Unsere Finanz-Redakteurinnen sind täglich auf der Suche nach den besten Finanzhacks für euch, die eure . Wir haben sie gesammelt, die vier Finanztipps, die ganz easy Geld in die Kasse spülen. 
#1 De… [+2412 chars]",,de,'Finanz'
https://www.zeit.de/news/2026-09/01/mann-soll-im-wahn-auf-mutter-eingestochen-haben,https://www.zeit.de/news/2026-09/01/mann-soll-im-wahn-auf-mutter-eingestochen-haben,0,www.zeit.de,Angriff: Mann soll im Wahn auf Mutter eingestochen haben,Hier finden Sie Informationen zu dem Thema „Angriff“. Lesen Sie jetzt „Mann soll im Wahn auf Mutter eingestochen haben“.,https://img.zeit.de/news/2026-09/01/mann-soll-im-wahn-auf-mutter-eingestochen-haben-image-group/wide__1300x731,2026-09-01T13:55:02Z,,Mit einem Messer soll ein 37-Jähriger im Landkreis Karlsruhe mehrfach auf seine Mutter eingestochen haben. Weil der Mann mutmaßlich wegen einer psychischen Erkrankung in einem wahnhaften Zustand geha… [+608 chars],,de,'Angriff'
https://www.n-tv.de/politik/Crew-der-USS-Abraham-Lincoln-erhaelt-erstmals-wieder-Landgang-id31257083.html,https://www.n-tv.de/politik/Crew-der-USS-Abraham-Lincoln-erhaelt-erstmals-wieder-Landgang-id31257083.html,0,www.n-tv.de,"Zehn Monate Dauereinsatz auf See: Crew der ""USS Abraham Lincoln"" erhält erstmals wieder Landgang","Im vergangenen November verlässt die ""USS Abraham Lincoln"" ihren Heimathafen, um im Südchinesischen Meer Dienst zu leisten. Doch dann wird der Flugzeugträger wegen des Iran-Kriegs in den Nahen Osten verlegt. Nach zehn Monaten auf hoher See darf die Besatzung …",https://www.n-tv.de/img/31257105/1788275525/Img_16_9/1200/imago864394353.jpg,2026-09-01T14:09:48Z,,"Berichte über prekäre Bedingungen an Bord der ""USS Abraham Lincoln"" hatten für heftige Kritik in den USA gesorgt. (Foto: IMAGO/ZUMA Press Wire)
Im vergangenen November verlässt die ""USS Abraham Linc… [+2078 chars]",,de,'Iran'
https://www.zeit.de/news/2026-09/01/angriff-bei-loescheinsatz-feuerwehrmann-muss-ins-krankenhaus,https://www.zeit.de/news/2026-09/01/angriff-bei-loescheinsatz-feuerwehrmann-muss-ins-krankenhaus,0,www.zeit.de,Gewalt gegen Einsatzkräfte: Angriff bei Löscheinsatz: Feuerwehrmann muss ins Krankenhaus,Hier finden Sie Informationen zu dem Thema „Gewalt gegen Einsatzkräfte“. Lesen Sie jetzt „Angriff bei Löscheinsatz: Feuerwehrmann muss ins Krankenhaus“.,https://img.zeit.de/news/2026-09/01/angriff-bei-loescheinsatz-feuerwehrmann-muss-ins-krankenhaus-image-group/wide__1300x731,2026-09-01T14:15:20Z,,"Ein 64 Jahre alter Mann ist in der Wiesbadener Innenstadt handgreiflich gegenüber einem Feuerwehrmann geworden. Zu dem Tatzeitpunkt am Montagabend waren die Einsatzkräfte gerade dabei, einen Brand in… [+573 chars]",,de,'Angriff'
https://www.derstandard.at/story/3000000337950/214lpreise-legen-weiter-zu,https://www.derstandard.at/story/3000000337950/214lpreise-legen-weiter-zu,0,www.derstandard.at,"Europas Gaspreis auf Höchststand seit Beginn des Iran-Kriegs, auch Ölpreis steigt",In der Straße von Hormus ist ein Öltanker beschossen worden. Das lässt den Ölpreis ansteigen. Die Sorge um LNG aus der Golfregion wächst,https://i.ds.at/IGieMg/rs:fill:1200:600/plain/lido-images/2026/04/14/fe4ce6c5-76ed-4d67-b35f-4ce3a83c3e73.jpg,2026-09-01T14:28:39Z,,"Sie entscheiden darüber, wie Sie unsere Inhalte nutzen wollen. Ihr Gerät erlaubt uns derzeit leider nicht, die entsprechenden Optionen anzuzeigen.
Bitte deaktivieren Sie sämtliche Hard- und Software… [+180 chars]",,de,'Hormus'
https://www.tagesspiegel.de/internationales/dpa-weiterer-abgang-im-pentagon-16006061.html,https://www.tagesspiegel.de/internationales/dpa-weiterer-abgang-im-pentagon-16006061.html,0,www.tagesspiegel.de,Weiterer Abgang im Pentagon: Stühlerücken im Pentagon - Warum unter Hegseth viele gehen,Mitten im Iran-Krieg wird an der Spitze des US-Militärs und im Pentagon Personal ausgetauscht. Durch die vielen Abgänge gerät auch „Kriegsminister“ Hegseth selbst immer mehr in den Fokus.,https://www.tagesspiegel.de/images/16006060/alternates/BASE_16_9_W1400/1788273178000/pete-hegseth.jpeg,2026-09-01T14:32:58Z,,"Streit, gegensätzliche Ansichten, Gerüchte: Unter Verteidigungsminister Pete Hegseth häufen sich im Pentagon sich die Personalabgänge. Neuestes Beispiel: Der für das US-Heer zuständige Staatssekretär… [+3754 chars]",,de,'Iran'
https://www.bild.de/regional/niedersachsen/sechsfachmord-von-stade-mutmasslicher-waffen-verkaeufer-gefasst-6a96d12e9452c5223822facd,https://www.bild.de/regional/niedersachsen/sechsfachmord-von-stade-mutmasslicher-waffen-verkaeufer-gefasst-6a96d12e9452c5223822facd,0,www.bild.de,49-Jähriger festgenommen - Berliner soll Waffe an Stade-Killer verkauft haben,Rund zwei Monate nach dem Sechsfachmord von Stade ist ein Waffenhändler in Untersuchungshaft genommen worden. Der Mann wurde in Berlin festgenommen.,"https://images.bild.de/6a96d12e9452c5223822facd/ef9fe85428aea0852be302b05df44aed,7d9d1d55?w=1280",2026-09-01T14:54:58Z,,TTS-Player überspringenArtikel weiterlesenBerlin/Stade Zwei Monate nach dem Sechsfachmord in einer Jugendhilfe-Einrichtung in Stade (Niedersachsen) sind die Ermittler einen Schritt weiter in der Aufk… [+2325 chars],,de,'Waffen'
https://www.zeit.de/politik/2026-09/drohnenvorfall-leipzig-flughafen-nachrichtenpodcast,https://www.zeit.de/politik/2026-09/drohnenvorfall-leipzig-flughafen-nachrichtenpodcast,0,www.zeit.de,Drohnenvorfall in Leipzig: Jetzt auch offiziell Russland,Die Bundesregierung will Russland für den Drohnenvorfall in Leipzig verantwortlich machen. Warum das so lange gedauert hat. Und: Urteil wegen Mordes an Tupac Shakur,https://img.zeit.de/politik/deutschland/2026-09/drohnenvorfall-leipzig-flughafen-nachrichtenpodcast-bild/wide__1300x731,2026-09-01T15:00:12Z,,"Bundesinnenminister Alexander
Dobrindt (CSU) und Außenminister Johann Wadephul (CDU) werden sich am späten
Nachmittag zu dem Drohnenvorfall am Leipziger Flughafen äußern. Laut Informationen der ZEI… [+2346 chars]",,de,'Russland'
https://taz.de/Antisemitischer-Angriff-auf-Politiker/!6209186/,https://taz.de/Antisemitischer-Angriff-auf-Politiker/!6209186/,0,taz.de,Antisemitischer Angriff auf Politiker: Um wenige Zentimeter verfehlt,Der Grünen-Politiker Daniel Eliasson wird Opfer eines antisemitischen Angriffs. Auf einer Demo wird ihm das Mikrofon abgedreht.,https://taz.de/picture/8708811/1200/41395949.jpeg,2026-09-01T15:31:00Z,,Der Grünen-Politiker Daniel Eliasson wird Opfer eines antisemitischen Angriffs. Auf einer Demo wird ihm das Mikrofon abgedreht. mehr...,,de,'Angriff'
https://www.faz.net/aktuell/politik/inland/liveblog-bundespolitik-dobrindt-russland-hat-drohnenvorfall-zu-verantworten-faz-110093143.html,https://www.faz.net/aktuell/politik/inland/liveblog-bundespolitik-dobrindt-russland-hat-drohnenvorfall-zu-verantworten-faz-110093143.html,0,www.faz.net,Deutschland-Liveblog: Dobrindt: Russland hat Drohnenvorfall zu verantworten,"Innenminister zu Vorfall in Leipzig: Befinden uns nicht im Krieg, sind aber täglich Ziel hybrider Kriegführung +++ Wadephul kündigt Schließung des russischen Generalkonsulats in Bonn an +++ alle Entwicklungen im Liveblog",https://media0.faz.net/image/w1200h627/72cb97db2521/w3606h1884x690y353o/202609/43601.0.2493515430/aussenminister-johann-wadephul.webp,2026-09-01T15:41:40Z,,"Die F.A.Z. hat gesicherte Informationen, dass die Bundesregierung Russland für die Drohnenattacke in Leipzig verantwortlich macht. Fachleute hatten schon unmittelbar danach einen Angriff Russlands ve… [+1704 chars]",,de,'Angriff'
https://www.zeit.de/news/2026-09/01/bundesregierung-russland-steckt-hinter-sprengstoff-drohne,https://www.zeit.de/news/2026-09/01/bundesregierung-russland-steckt-hinter-sprengstoff-drohne,0,www.zeit.de,Terrorismus: Bundesregierung: Russland steckt hinter Sprengstoff-Drohne,Hier finden Sie Informationen zu dem Thema „Terrorismus“. Lesen Sie jetzt „Bundesregierung: Russland steckt hinter Sprengstoff-Drohne“.,https://img.zeit.de/administratives/sharing/fallback-image-die-zeit/wide__1300x731,2026-09-01T15:44:21Z,,Der misslungene Anschlag mit einer Sprengstoff-Drohne auf dem Flughafen Leipzig/Halle ist nach Erkenntnissen der Bundesregierung in russischem Auftrag verübt worden. Das sagte Bundesinnenminister Ale… [+175 chars],,de,'Russland'
https://www.morgenpost.de/politik/article413030769/dobrindt-russland-verantwortlich-fuer-versuchten-anschlag-in-leipzig.html,https://www.morgenpost.de/politik/article413030769/dobrindt-russland-verantwortlich-fuer-versuchten-anschlag-in-leipzig.html,0,www.morgenpost.de,Dobrindt: Russland verantwortlich für versuchten Anschlag in Leipzig,"Die Bundesregierung glaubt, dass Russland hinter dem versuchten Drohnen-Anschlag am Leipziger Flughafen steckt. Das soll Konsequenzen haben.",https://img.sparknews.funkemedien.de/413030813/413030813_1788277894_v16_9_1600.jpeg,2026-09-01T15:45:04Z,,"Die Bundesregierung glaubt, dass Russland hinter dem versuchten Anschlag auf den Flughafen Leipzig steckt. Informationen der Sicherheitsdienste deuteten klar auf eine russische Beteiligung hin, sagte… [+2249 chars]",,de,'Russland'
https://www.bild.de/politik/inland/alexander-dobrindt-moskau-hinter-drohnen-anschlag-in-leipzig-russische-involvierung-6a96f102518a586e1855fd17,https://www.bild.de/politik/inland/alexander-dobrindt-moskau-hinter-drohnen-anschlag-in-leipzig-russische-involvierung-6a96f102518a586e1855fd17,0,www.bild.de,Klartext vom Innenminister - Dobrindt zu Leipzig: „Russische Involvierung“,Klartext vom Innenminister: Dobrindt zu Drohnen-Angriff in Leipzig: „Russiche Involvierung“,"https://images.bild.de/6a96f102518a586e1855fd17/4885d0aa3103ff45e61ed61480814103,19c30152?w=1280",2026-09-01T15:50:34Z,,"+++Klartext von Innenminister Dobrindt: Russland ist verantwortlich für Drohnen-Angriff in Leipzig
+++Klartext von Innenminister Dobrindt: Russland ist verantwortlich für Drohnen-Angriff in Leipzig… [+798 chars]",,de,'Angriff'
https://www.welt.de/politik/ausland/article6a96a117518a586e1855f465/leipzig-russland-laut-regierung-verantwortlich-fuer-drohnen-attacke-wadephul-schliesst-russisches-konsulat.html,https://www.welt.de/politik/ausland/article6a96a117518a586e1855f465/leipzig-russland-laut-regierung-verantwortlich-fuer-drohnen-attacke-wadephul-schliesst-russisches-konsulat.html,0,www.welt.de,„Russland hat den Anschlag zu verantworten“ – Bundesregierung schließt russisches Generalkonsulat,Nach dem versuchten Drohnenanschlag am Leipziger Flughafen hat die Bundesregierung noch heute Maßnahmen bekanntgegeben.,https://images.welt.de/6a96a117518a586e1855f465/a1b683cfcb84ab08f66f7194a066a521/ci16x9-w1200/dpa-com-260901-936-77419-jpg,2026-09-01T15:54:00Z,,"Nach dem versuchten Drohnenanschlag am Leipziger Flughafen hat die Bundesregierung noch heute Maßnahmen bekanntgegeben.Klicken Sie hier, um sich Artikel von WELT in der Google-Suche bevorzugt anzeige… [+2463 chars]",,de,'Angriff'
https://www.diepresse.com/41221464/oesterreich-schickt-seinen-naturplan-nach-bruessel-und-verschiebt-die,https://www.diepresse.com/41221464/oesterreich-schickt-seinen-naturplan-nach-bruessel-und-verschiebt-die,0,www.diepresse.com,Österreich schickt seinen Naturplan nach Brüssel – und verschiebt die Rechnung [premium],Österreich hat einen ersten Plan für Renaturierung nach Brüssel geschickt. Umweltminister Norbert Totschnig sieht das Land auf Kurs. Doch die Finanzierung ist völlig offen. Experten warnen: Ohne Geld bleibt der Plan eine Absichtserklärung.,https://img.diepresse.com/public/incoming/9gytxc-imago864628637jpg/alternates/WEBP_WIDE_1200/imago864628637.jpg,2026-09-01T15:57:50Z,,"Es bedarf gewisser Flexibilität, einen Plan auszuarbeiten, von dessen Notwendigkeit man im Grunde nicht überzeugt ist. Umweltminister Norbert Totschnig (ÖVP) erwies sich mit seinem ersten Entwurf des… [+5388 chars]",,de,'Angriff'
https://www.freitag.de/autoren/barbara-schweizerhof/filmfestspiele-2026-venedig-hat-ein-berlinale-problem,https://www.freitag.de/autoren/barbara-schweizerhof/filmfestspiele-2026-venedig-hat-ein-berlinale-problem,0,www.freitag.de,Das Filmfestival Venedig hat ein Berlinale-Problem,"Gaza, Russland und eine Pressekonferenz, die fast abgesagt worden wäre: Für das 83. Filmfestival von Venedig zeichnet sich ab, dass mehr über aktuelle Reizthemen als über die Filme selbst debattiert werden wird Erstaunlicherweise ist zum Auftakt des 83. Filmf…",https://www.freitag.de/autoren/barbara-schweizerhof/filmfestspiele-2026-venedig-hat-ein-berlinale-problem/@@images/image/great,2026-09-01T16:09:00Z,,"Erstaunlicherweise ist zum Auftakt des 83. Filmfestivals von Venedig jetzt häufig von der Berlinale die Rede. Leider nicht „in a good way“.
Da wäre die Sache mit dem Dokumentarfilm Naza, dem neuen, … [+3262 chars]",,de,'Angriff'
https://www.diepresse.com/41223767/bundesregierung-sieht-russland-hinter-anschlagsversuch-auf-flughafen,https://www.diepresse.com/41223767/bundesregierung-sieht-russland-hinter-anschlagsversuch-auf-flughafen,0,www.diepresse.com,Bundesregierung sieht Russland hinter Anschlagsversuch auf Flughafen Leipzig,Die Bundesregierung macht Russland für den Anschlagsversuch auf den Flughafen Leipzig verantwortlich und kündigt Gegenmaßnahmen an.,https://img.diepresse.com/public/incoming/vyey9e-22730394794428732bldhiresjpg/alternates/WEBP_WIDE_1200/22730394794428732_BLD_HiRes.jpg,2026-09-01T16:13:46Z,,"Die Presse auf Google als bevorzugte Nachrichtenquelle hinzufügen.
 Der misslungene Anschlag mit einer Sprengstoffdrohne auf dem Flughafen Leipzig/Halle ist nach Erkenntnissen der deutschen Bundesre… [+5117 chars]",,de,'Angriff'
https://www.morgenpost.de/politik/article413030454/angriff-auf-leipziger-flughafen-diese-reaktion-wird-putin-kaum-beeindrucken.html,https://www.morgenpost.de/politik/article413030454/angriff-auf-leipziger-flughafen-diese-reaktion-wird-putin-kaum-beeindrucken.html,0,www.morgenpost.de,Angriff auf Leipziger Flughafen: Diese Reaktion wird Putin kaum beeindrucken,"Deutschland macht Moskau für den versuchten Anschlag verantwortlich. Die Replik ist angemessen, dürfte aber eingepreist gewesen sein.",https://img.sparknews.funkemedien.de/413005987/413005987_1788250843_v16_9_1600.jpeg,2026-09-01T16:15:48Z,,Die Bundesregierung hat sich viel Zeit gelassen. Fast einen Monat liegt der versuchte Anschlag mit einer Sprengstoffdrohne auf ukrainische Frachtmaschinen am Flughafen Leipzig zurück. Obwohl schon da… [+1617 chars],,de,'Angriff'
https://orf.at/stories/3440905/,https://orf.at/stories/3440905/,0,orf.at,Russland steckt hinter Leipzig-Drohne,Die deutsche Regierung macht Russland für den versuchten Sprengstoffanschlag auf dem Leipziger Flughafen verantwortlich. Das gaben Innenminister Alexander Dobrindt und Außenminister Johann Wadepul am Dienstag bei einer kurzfristig angekündigten Pressekonferen…,https://ibs.orf.at/news?image=https%3A%2F%2Fassets.orf.at%2Fmims%2F2026%2F36%2F30%2Fcrops%2Fw%3D1200%2Ch%3D630%2Cq%3D75%2F3168703_master_1228730_deutschland_leipzig_drohnen_diab_im.jpg%3Fs%3D2c313210650081eda858af1bbceab7fe5fc1d9eb,2026-09-01T16:17:21Z,,Zudem würden der Vertrag für das als Russisches Haus bekannte russische Kulturinstitut in Berlin gekündigt und die Einreisekontrollen für russische Staatsangehörige verschärft. Die deutsche Regierung… [+4864 chars],,de,'Angriff'
https://taz.de/Hacker-Angriff-auf-Berliner-Verwaltung/!6209192/,https://taz.de/Hacker-Angriff-auf-Berliner-Verwaltung/!6209192/,0,taz.de,Hacker-Angriff auf Berliner Verwaltung: „Das Land lässt sich nicht erpressen“,Die schwarz-rote Landesregierung will nicht auf die Forderung nach zwei Millionen Euro eingehen. Derzeit werden laut Senat alle Systeme untersucht.,https://taz.de/picture/8708837/1200/41941523.jpeg,2026-09-01T16:30:00Z,,Die schwarz-rote Landesregierung will nicht auf die Forderung nach zwei Millionen Euro eingehen. Derzeit werden laut Senat alle Systeme untersucht. mehr...,,de,'Angriff'
https://www.golem.de/sonstiges/zustimmung/auswahl.html?from=https://www.golem.de/news/flughafen-leipzig-halle-regierung-weist-russland-verantwortung-fuer-anschlagsversuch-zu-2609-212517.html&referer=https://t.co/ea90ddcb73,https://www.golem.de/sonstiges/zustimmung/auswahl.html?from=https://www.golem.de/news/flughafen-leipzig-halle-regierung-weist-russland-verantwortung-fuer-anschlagsversuch-zu-2609-212517.html&referer=https://t.co/ea90ddcb73,0,www.golem.de,Flughafen Leipzig/Halle: Regierung weist Russland Verantwortung für Anschlagsversuch zu,"Die Bundesregierung zieht diplomatische Konsequenzen aus der mutmaßlichen Beteiligung Russlands an dem Drohnenvorfall. (Bundesregierung, Politik)",,2026-09-01T16:37:02Z,,"Besuchen Sie Golem.de wie gewohnt mit Werbung und Tracking,
 indem Sie der Nutzung aller Cookies zustimmen.
 Details zum Tracking finden Sie im Privacy Center.
Skript wurde nicht geladen. Informat… [+607 chars]",,de,'Russland'
https://www.zeit.de/politik/deutschland/2026-09/bundesregierung-schliesst-russisches-generalkonsulat-in-bonn-gxe,https://www.zeit.de/politik/deutschland/2026-09/bundesregierung-schliesst-russisches-generalkonsulat-in-bonn-gxe,0,www.zeit.de,Sprengstoffdrohne am Flughafen Leipzig/Halle: Bundesregierung schließt Russisches Haus und Generalkonsulat in Bonn,Die Regierung macht Russland für den versuchten Anschlag am Flughafen Leipzig/Halle verantwortlich. Als Reaktion schließt sie das Generalkonsulat und das Russische Haus.,https://img.zeit.de/gesellschaft/zeitgeschehen/2026-09/johann-wadephul-alexander-dobrindt-sprengvorrichtung-brandenburg-bild/wide__1300x731,2026-09-01T16:42:48Z,,Nach dem Drohnenvorfall am Leipziger Flughafen hat die Bundesregierung Russland verantwortlich gemacht und mehrere Maßnahmen zum Schutz gegen russische Bedrohungen verkündet. So werde das russische G… [+6227 chars],,de,'Russland'
https://www.tagesspiegel.de/berlin/sanktionen-nach-drohnenangriff-auf-flughafen-bundesregierung-will-russisches-haus-in-berlin-schliessen-16006725.html,https://www.tagesspiegel.de/berlin/sanktionen-nach-drohnenangriff-auf-flughafen-bundesregierung-will-russisches-haus-in-berlin-schliessen-16006725.html,0,www.tagesspiegel.de,Sanktionen nach Drohnenangriff auf Flughafen: Bundesregierung will Russisches Haus in Berlin schließen,Die Bundesregierung macht Russland für den Drohnenangriff auf dem Flughafen Leipzig/Halle am 4. August verantwortlich. Als eine der Sanktionen wird der Vertrag mit dem Russischen Haus in Mitte gekündigt.,https://www.tagesspiegel.de/images/16006421/alternates/BASE_16_9_W1400/1788278356000/the-russky-dom-russian-house-known-as-the-russian-house-of-science-and-culture-is-pictured-in-berlin.jpeg,2026-09-01T16:44:22Z,,Das Russische Haus in Berlin wird geschlossen. Das kündigte Außenminister Johann Wadephul (CDU) am Dienstagnachmittag als eine von mehreren Sanktionen gegen die russische Regierung an. Hintergrund is… [+3326 chars],,de,'Angriff'
https://www.tagesspiegel.de/berlin/bundesregierung-kundigt-schliessung-an-was-hat-es-mit-dem-russischen-haus-in-berlin-auf-sich-16006725.html,https://www.tagesspiegel.de/berlin/bundesregierung-kundigt-schliessung-an-was-hat-es-mit-dem-russischen-haus-in-berlin-auf-sich-16006725.html,0,www.tagesspiegel.de,Bundesregierung kündigt Schließung an: Was hat es mit dem Russischen Haus in Berlin auf sich?,Die Bundesregierung macht Russland für den Drohnenangriff auf dem Flughafen Leipzig/Halle am 4. August verantwortlich. Als eine der Sanktionen wird der Vertrag mit dem Russischen Haus in Mitte gekündigt.,https://www.tagesspiegel.de/images/16006421/alternates/BASE_16_9_W1400/1788278356000/the-russky-dom-russian-house-known-as-the-russian-house-of-science-and-culture-is-pictured-in-berlin.jpeg,2026-09-01T16:44:22Z,,Das Russische Haus in Berlin wird geschlossen. Das kündigte Außenminister Johann Wadephul (CDU) am Dienstagnachmittag als eine von mehreren Sanktionen gegen die russische Regierung an. Hintergrund is… [+3642 chars],,de,'Russland'
https://www.tagesspiegel.de/berlin/schliessung-aber-nicht-sofort-wie-geht-es-denn-nun-weiter-mit-dem-russischen-haus-in-berlin-16006725.html,https://www.tagesspiegel.de/berlin/schliessung-aber-nicht-sofort-wie-geht-es-denn-nun-weiter-mit-dem-russischen-haus-in-berlin-16006725.html,0,www.tagesspiegel.de,"Schließung, aber nicht sofort: Wie geht es denn nun weiter mit dem Russischen Haus in Berlin?",Die Bundesregierung macht Russland für den Drohnenangriff auf dem Flughafen Leipzig/Halle verantwortlich. Eine der Sanktionen: Sie kündigt den Vertrag mit dem Russischen Haus in Mitte. Das steckt dahinter.,https://www.tagesspiegel.de/images/16006421/alternates/BASE_16_9_W1400/1788278356000/the-russky-dom-russian-house-known-as-the-russian-house-of-science-and-culture-is-pictured-in-berlin.jpeg,2026-09-01T16:44:22Z,,Das Russische Haus in Berlin wird geschlossen. Das kündigte Außenminister Johann Wadephul (CDU) am Dienstagnachmittag als eine von mehreren Sanktionen gegen die russische Regierung an. Hintergrund is… [+5126 chars],,de,'Russland'
https://www.zeit.de/news/2026-09/01/us-militaer-greifen-wieder-ziele-im-iran-an,https://www.zeit.de/news/2026-09/01/us-militaer-greifen-wieder-ziele-im-iran-an,0,www.zeit.de,Krieg: US-Militär: Greifen wieder Ziele im Iran an,Hier finden Sie Informationen zu dem Thema „Krieg“. Lesen Sie jetzt „US-Militär: Greifen wieder Ziele im Iran an“.,https://img.zeit.de/news/2026-09/01/us-militaer-greifen-wieder-ziele-im-iran-an-image-group/wide__1300x731,2026-09-01T16:59:14Z,,Das US-Militär hat nach eigenen Angaben neue Angriffe gegen den Iran gestartet. Diese hätten um 12.00 US-Ostküstenzeit (19.30 Ortszeit in Teheran) begonnen und richteten sich gegen Ziele der iranisch… [+959 chars],,de,'Iran'
https://www.tagesspiegel.de/internationales/dpa-erneute-eskalation-im-nahen-osten-usa-und-iran-melden-gegenseitige-angriffe-16006809.html,https://www.tagesspiegel.de/internationales/dpa-erneute-eskalation-im-nahen-osten-usa-und-iran-melden-gegenseitige-angriffe-16006809.html,0,www.tagesspiegel.de,Erneute Eskalation im Nahen Osten: USA und Iran melden gegenseitige Angriffe,In der Nacht zu Montag ist der Iran-Krieg erstmals seit Wochen mit gegenseitigen Angriffen wieder militärisch eskaliert. Nun folgen weitere Angriffe – und Trump droht dem Iran einmal mehr martialisch.,https://www.tagesspiegel.de/images/16007211/alternates/BASE_16_9_W1400/1788299187000/kampfflugzeuge-der-usa.jpeg,2026-09-01T17:00:14Z,,Die USA und der Iran haben neue gegenseitige Angriffe gemeldet. Die Vereinigten Staaten nahmen nach Angaben von Präsident Donald Trump iranische Ziele nahe der Straße von Hormus ins Visier. Die irani… [+7035 chars],,de,'Angriff'
https://www.tagesspiegel.de/internationales/dpa-krieg-16006809.html,https://www.tagesspiegel.de/internationales/dpa-krieg-16006809.html,0,www.tagesspiegel.de,Krieg: US-Militär: Greifen wieder Ziele im Iran an,Am Wochenende ist der Iran-Krieg erstmals seit Wochen wieder mit gegenseitigen Angriffen militärisch eskaliert. Nun folgt ein weiterer Angriff der USA.,https://www.tagesspiegel.de/images/16006808/alternates/BASE_16_9_W1400/1788282014000/kampfflugzeuge-der-usa.jpeg,2026-09-01T17:00:14Z,,Das US-Militär hat nach eigenen Angaben neue Angriffe gegen den Iran gestartet. Diese hätten um 12.00 US-Ostküstenzeit (19.30 Ortszeit in Teheran) begonnen und richteten sich gegen Ziele der iranisch… [+1011 chars],,de,'Iran'
https://www.faz.net/aktuell/wirtschaft/mehr-wirtschaft/inflationssprung-die-ezb-muss-dringend-handeln-201178620.html,https://www.faz.net/aktuell/wirtschaft/mehr-wirtschaft/inflationssprung-die-ezb-muss-dringend-handeln-201178620.html,0,www.faz.net,Europäische Zentralbank: Es ist höchste Zeit für eine Zinserhöhung,Die Inflation im Euroraum erreicht den höchsten Stand seit drei Jahren. Die Anleiherenditen schnellen hoch. Jetzt darf die EZB sich nicht von fiskalischen Erwägungen beeindrucken lassen.,https://media0.faz.net/image/w1200h627/2b7fe7d3c5fe/w6144h3210x0y835o/202609/43601.0.2492161371/die-ezb-muss-naechste-woche.webp,2026-09-01T17:01:52Z,,"Die Inflation ist viel zu hoch. Von 2,9 Prozent im Juli ist die Teuerung im Euroraum auf 3,3 Prozent im August gestiegen. Commerzbank-Ökonomen sprechen von einem Inflationssprung. In den ersten Eurol… [+2033 chars]",,de,'Inflation'
https://www.welt.de/politik/deutschland/video6a970260d32756d4be19bd69/anschlag-auf-umspannwerk-die-verletzlichkeit-der-kritischen-infrastruktur-ist-in-bestimmten-teilen-sehr-gross.html,https://www.welt.de/politik/deutschland/video6a970260d32756d4be19bd69/anschlag-auf-umspannwerk-die-verletzlichkeit-der-kritischen-infrastruktur-ist-in-bestimmten-teilen-sehr-gross.html,0,www.welt.de,„Die Verletzlichkeit der kritischen Infrastruktur ist in bestimmten Teilen sehr groß“,"Mit Sprengstoff gegen die Stromversorgung: Ein Angriff auf ein Umspannwerk in Brandenburg zeigt, wie verwundbar Deutschlands kritische Infrastruktur ist. Stefan Erdweg, Experte für hybride Gefahrenabwehr, fordert besseren Schutz - und sieht den Datenschutz al…",https://images.welt.de/6a970260d32756d4be19bd69/85bbb176e87f26d8cfab0824a250ac2d-master/ci16x9-w1200/dpa-com-260901-936-77272-jpg,2026-09-01T17:24:50Z,,"Mit Sprengstoff gegen die Stromversorgung: Ein Angriff auf ein Umspannwerk in Brandenburg zeigt, wie verwundbar Deutschlands kritische Infrastruktur ist. Stefan Erdweg, Experte für hybride Gefahrenab… [+127 chars]",,de,'Angriff'
https://www.tagesspiegel.de/politik/nach-anschlagsversuch-auf-leipziger-flughafen-deutschlands-neue-sanktionen-gegen-russland-im-check-16006156.html,https://www.tagesspiegel.de/politik/nach-anschlagsversuch-auf-leipziger-flughafen-deutschlands-neue-sanktionen-gegen-russland-im-check-16006156.html,0,www.tagesspiegel.de,Nach Anschlagsversuch auf Leipziger Flughafen: Deutschlands neue Sanktionen gegen Russland im Check,Die Bundesregierung macht Russland für den Sprengstoffanschlag am Leipziger Flughafen verantwortlich und hat umfassende Gegenmaßnahmen angekündigt. Werden sie etwas verändern?,https://www.tagesspiegel.de/images/16006413/alternates/BASE_16_9_W1400/1788277566000/2026-09-02-pol-01sanktionen-gegen-russland.jpeg,2026-09-01T17:27:28Z,,"Die Messlatte lag hoch: Bundeskanzler Friedrich Merz (CDU) hatte angekündigt, die Drahtzieher hinter der Drohnenattacke von Leipzig werden dafür bezahlen. Erwartet wurden harte, spürbare Schritte geg… [+5446 chars]",,de,'Angriff'
https://www.zeit.de/news/2026-09/01/iaea-iran-verweigert-kooperation-mit-atominspektoren,https://www.zeit.de/news/2026-09/01/iaea-iran-verweigert-kooperation-mit-atominspektoren,0,www.zeit.de,Hoch angereichertes Uran: IAEA: Iran verweigert Kooperation mit Atominspektoren,Hier finden Sie Informationen zu dem Thema „Hoch angereichertes Uran“. Lesen Sie jetzt „IAEA: Iran verweigert Kooperation mit Atominspektoren“.,https://img.zeit.de/news/2026-09/01/iaea-iran-verweigert-kooperation-mit-atominspektoren-image-group/wide__1300x731,2026-09-01T18:00:15Z,,"Der Iran lässt UN-Atomwächter weiter über seine umstrittenen Uran-Bestände im Dunkeln. Teheran habe sich auch in den vergangenen Monaten geweigert, mit der Internationalen Atomenergiebehörde (IAEA) z… [+1415 chars]",,de,'Iran'
https://www.zeit.de/politik/ausland/2026-09/drohne-anschlag-leipzig-flughafen-sprengstoff,https://www.zeit.de/politik/ausland/2026-09/drohne-anschlag-leipzig-flughafen-sprengstoff,0,www.zeit.de,"Drohnenanschlag in Leipzig: Wie die Ermittler herausfanden, woher die Drohne kam",Die Bundesregierung ist überzeugt: Russland steckt hinter dem Angriff auf den Leipziger Flughafen. Nach ZEIT-Recherchen wird gegen zwei Tatverdächtige ermittelt.,https://img.zeit.de/politik/deutschland/2026-09/drohne-anschlag-leipzig-flughafen-sprengstoff-bild/wide__1300x731,2026-09-01T18:08:46Z,,"Unter einer Brücke, tief im dichten
Gestrüpp, liegt das Versteck. An einem Ort, an dem Störche brüten. 
So friedlich. Abgelegen. ­Sicher. 
Es ist auch ein Ort, der eine
wichtige Rolle in Zusammen… [+632 chars]",,de,'Angriff'
https://www.zeit.de/politik/ausland/2026-09/flughafen-leipzig-halle-anschlagsversuch-drohne-russland-ukraine,https://www.zeit.de/politik/ausland/2026-09/flughafen-leipzig-halle-anschlagsversuch-drohne-russland-ukraine,0,www.zeit.de,Anschlagsversuch am Flughafen Leipzig/Halle: EU und Nato sichern Deutschland Solidarität gegen Russland zu,Nach dem Russland zugeschriebenen Anschlagsversuch in Leipzig haben die Spitzen von EU und Nato ihre Solidarität ausgedrückt. Man stehe gemeinsam gegen hybride Bedrohung.,https://img.zeit.de/politik/ausland/2026-09/flughafen-leipzig-halle-anschlagsversuch-drohne-russland-ukraine-foto-1/wide__1300x731,2026-09-01T18:17:07Z,,Nach der Ankündigung von Strafmaßnahmen gegen Russland wegen des Anschlagsversuchs in Leipzig haben die Europäische Union (EU) und die Nato Deutschland ihre Unterstützung zugesichert. Angesichts des … [+3879 chars],,de,'Russland'
https://www.zeit.de/politik/deutschland/2026-09/drohne-angriff-leipzig-flughafen-bundesregierung-russland,https://www.zeit.de/politik/deutschland/2026-09/drohne-angriff-leipzig-flughafen-bundesregierung-russland,0,www.zeit.de,Drohnenangriff in Leipzig: Russland war’s!,"Zum ersten Mal sagt die Regierung derart laut und deutlich, dass Russland hinter einem Angriff auf Deutschland steht. Das ist klug und immerhin halb mutig.",https://img.zeit.de/politik/deutschland/2026-09/drohne-angriff-leipzig-flughafen-bundesregierung-russland-bild/wide__1300x731,2026-09-01T18:40:18Z,,"Schließen
Artikelzusammenfassung
Berlin nennt erstmals offen Russland als Verantwortlichen für den Drohnenangriff auf ein ukrainisches Flugzeug in Leipzig. Die Minister Dobrindt und Wadephul ordnen… [+1029 chars]",,de,'Angriff'
https://www.faz.net/aktuell/politik/inland/liveblog-bundespolitik-moskau-will-auf-berlins-antirussische-entscheidung-reagieren-faz-110093143.html,https://www.faz.net/aktuell/politik/inland/liveblog-bundespolitik-moskau-will-auf-berlins-antirussische-entscheidung-reagieren-faz-110093143.html,0,www.faz.net,Deutschland-Liveblog: Moskau will auf Berlins „antirussische Entscheidung“ reagieren,"Bundesregierung geht nach Drohnenangriff gegen Russland vor +++ Wadephul: Letztes Generalkonsulat muss schließen, Vertrag des Russischen Hauses wird gekündigt +++ Dobrindt: „Wir sind nicht im Krieg“ +++ alle Entwicklungen im Liveblog",https://media0.faz.net/image/w1200h627/22c80c72a097/w4614h2410x0y361o/202608/43601.0.2454514747/blick-auf-den-kreml-in-moskau.webp,2026-09-01T19:07:29Z,,"Die F.A.Z. hat gesicherte Informationen, dass die Bundesregierung Russland für die Drohnenattacke in Leipzig verantwortlich macht. Fachleute hatten schon unmittelbar danach einen Angriff Russlands ve… [+1704 chars]",,de,'Russland'
https://www.tagesschau.de/ausland/asien/usa-iran-angriffe-124.html,https://www.tagesschau.de/ausland/asien/usa-iran-angriffe-124.html,0,www.tagesschau.de,USA und Iran melden erneut heftige Angriffe,Mehrere Wochen lang war es vergleichsweise ruhig an der Straße von Hormus. Doch seit dem Wochenende greifen sich Iran und die USA wieder gegenseitig an. Nun meldeten beide Seiten erneut heftige Attacken.,https://images.tagesschau.de/image/846f667d-87eb-4989-b674-6b97301648db/AAABn--09DQ/AAABnSSvrFg/16x9-big/strasse-von-hormus-176.jpg?width=1280,2026-09-01T19:37:07Z,,"Stand: 01.09.2026 21:37 Uhr
Mehrere Wochen lang war es vergleichsweise ruhig an der Straße von Hormus. Doch seit dem Wochenende greifen sich Iran und die USA wieder gegenseitig an. Nun meldeten beid… [+1226 chars]",,de,'Hormus'
https://www.n-tv.de/wirtschaft/Stimmung-an-der-Wall-Street-truebt-sich-weiter-ein-id31258797.html,https://www.n-tv.de/wirtschaft/Stimmung-an-der-Wall-Street-truebt-sich-weiter-ein-id31258797.html,0,www.n-tv.de,Ölpreis legt zu: Stimmung an der Wall Street trübt sich weiter ein,Die Wall Street ist auf Abwärtskurs: Den dritten Tag in Folge schließen die US-Börsen im Minus. Vor allem die neuen Militärschläge in der Straße von Hormus heizen die Inflationssorgen an. Inzwischen rechnen viele Anleger mit einer Zinserhöhung noch in diesem …,https://www.n-tv.de/img/31258814/1788304613/Img_16_9/1200/image.jpg,2026-09-01T21:26:04Z,,"September ist historisch der schlechteste Monat an der Wall Street. Der gerade begonnene scheint da keine Ausnahme zu machen. (Foto: AP Photo/Yuki Iwamura)
Die Wall Street ist auf Abwärtskurs: Den d… [+3415 chars]",,de,'Hormus'
https://www.faz.net/aktuell/politik/inland/liveblog-bundespolitik-putin-nennt-deutsche-strafmassnahmen-einen-schweren-fehler-faz-110093143.html,https://www.faz.net/aktuell/politik/inland/liveblog-bundespolitik-putin-nennt-deutsche-strafmassnahmen-einen-schweren-fehler-faz-110093143.html,0,www.faz.net,Deutschland-Liveblog: Putin bezeichnet deutsche Strafmaßnahmen als „schweren Fehler“,Russischer Präsident hält Beweise zu Leipziger Drohnenvorfall für „gefälscht“ +++ Moskau will auf Berlins „antirussische Entscheidung“ reagieren +++ Bundesregierung geht nach Drohnenangriff gegen Russland vor +++ alle Entwicklungen im Liveblog,https://media0.faz.net/image/w1200h627/2778bb1ff6bd/w5335h2787x0y342o/202609/43601.0.2494335629/wladimir-putin-bei-der.webp,2026-09-01T21:30:17Z,,"Die F.A.Z. hat gesicherte Informationen, dass die Bundesregierung Russland für die Drohnenattacke in Leipzig verantwortlich macht. Fachleute hatten schon unmittelbar danach einen Angriff Russlands ve… [+1704 chars]",,de,'Wladimir Putin'
https://www.zeit.de/news/2026-09/01/selenskyj-warnt-vor-fluegen-ueber-russland-putin-droht,https://www.zeit.de/news/2026-09/01/selenskyj-warnt-vor-fluegen-ueber-russland-putin-droht,0,www.zeit.de,Ukraine-Krieg: Selenskyj warnt vor Flügen über Russland - Putin droht,Hier finden Sie Informationen zu dem Thema „Ukraine-Krieg“. Lesen Sie jetzt „Selenskyj warnt vor Flügen über Russland - Putin droht“.,https://img.zeit.de/news/2026-09/01/selenskyj-warnt-vor-fluegen-ueber-russland-putin-droht-image-group/wide__1300x731,2026-09-01T21:39:19Z,,"Der ukrainische Präsident Wolodymyr Selenskyj hat wegen Kiews Drohnenattacken alle Fluggesellschaften vor Gefahren über Russland gewarnt. «Der russische Luftraum wird vollkommen unsicher», sagte Sele… [+2247 chars]",,de,'Ukraine'
https://www.zeit.de/news/2026-09/02/putin-spricht-bei-vormarsch-in-der-ukraine-von-fortschritten,https://www.zeit.de/news/2026-09/02/putin-spricht-bei-vormarsch-in-der-ukraine-von-fortschritten,0,www.zeit.de,Russischer Angriffskrieg: Putin spricht bei Vormarsch in der Ukraine von Fortschritten,Hier finden Sie Informationen zu dem Thema „Russischer Angriffskrieg“. Lesen Sie jetzt „Putin spricht bei Vormarsch in der Ukraine von Fortschritten“.,https://img.zeit.de/news/2026-09/02/putin-spricht-bei-vormarsch-in-der-ukraine-von-fortschritten-image-group/wide__1300x731,2026-09-01T22:24:27Z,,Im Krieg in der Ukraine kommen die russischen Truppen laut Darstellung von Kremlchef Wladimir Putin immer schneller voran. Russische Einheiten seien im Donezker Gebiet bis auf wenige Kilometer an die… [+1817 chars],,de,'Angriff'
https://www.bild.de/news/inland/taeter-auf-der-flucht-wilde-schiesserei-mitten-in-duisburg-6a972cfb1a0e87d5f2fe2cfc,https://www.bild.de/news/inland/taeter-auf-der-flucht-wilde-schiesserei-mitten-in-duisburg-6a972cfb1a0e87d5f2fe2cfc,0,www.bild.de,Täter auf der Flucht - Wilde Schießerei mitten in Duisburg,"Duisburg (Nordrhein-Westfalen) – Die Polizei hat den Tatort weiträumig abgesperrt. Überall sieht man Einschusslöcher und zersplitterte Fenster, ein Verle...","https://images.bild.de/6a972cfb1a0e87d5f2fe2cfc/ec514dfc29cc55d584a08a16cd1e061b-landscape,83ca7ba8?w=1280",2026-09-01T22:27:40Z,,"TTS-Player überspringenArtikel weiterlesenDuisburg (Nordrhein-Westfalen) Die Polizei hat den Tatort weiträumig abgesperrt. Überall sieht man Einschusslöcher und zersplitterte Fenster, ein Verletzter … [+1549 chars]",,de,'Flucht'
https://www.zeit.de/news/2026-09/02/kreml-erzuernt-ueber-deutsche-sanktionen-nach-drohnen-vorfall,https://www.zeit.de/news/2026-09/02/kreml-erzuernt-ueber-deutsche-sanktionen-nach-drohnen-vorfall,0,www.zeit.de,Bedrohung aus Russland: Kreml erzürnt über deutsche Sanktionen nach Drohnen-Vorfall,Hier finden Sie Informationen zu dem Thema „Bedrohung aus Russland“. Lesen Sie jetzt „Kreml erzürnt über deutsche Sanktionen nach Drohnen-Vorfall“.,https://img.zeit.de/news/2026-09/02/kreml-erzuernt-ueber-deutsche-sanktionen-nach-drohnen-vorfall-image-group/wide__1300x731,2026-09-02T02:30:07Z,,Die schweren Spannungen zwischen Berlin und Moskau haben sich infolge des gescheiterten Angriffs mit einer Sprengstoff-Drohne am Flughafen Leipzig/Halle nochmals deutlich verschärft. Russlands Präsid… [+4950 chars],,de,'Russland'
https://www.zeit.de/news/2026-09/02/acht-deutsche-familienunternehmen-aelter-als-400-jahre,https://www.zeit.de/news/2026-09/02/acht-deutsche-familienunternehmen-aelter-als-400-jahre,0,www.zeit.de,Krisenresistent: Acht deutsche Familienunternehmen älter als 400 Jahre,Hier finden Sie Informationen zu dem Thema „Krisenresistent“. Lesen Sie jetzt „Acht deutsche Familienunternehmen älter als 400 Jahre“.,https://img.zeit.de/news/2026-09/02/acht-deutsche-familienunternehmen-aelter-als-400-jahre-image-group/wide__1300x731,2026-09-02T03:00:19Z,,"Krise, welche Krise? Acht deutsche Familienunternehmen haben mit einer Firmengeschichte von jeweils über vierhundert Jahren sämtliche historischen Katastrophen überstanden. Zwei weitere werden in den… [+3500 chars]",,de,'Krise'
https://www.zeit.de/news/2026-09/02/usa-und-iran-kaempfen-um-kontrolle-ueber-strasse-von-hormus,https://www.zeit.de/news/2026-09/02/usa-und-iran-kaempfen-um-kontrolle-ueber-strasse-von-hormus,0,www.zeit.de,Die Lage im Überblick: USA und Iran kämpfen um Kontrolle über Straße von Hormus,Hier finden Sie Informationen zu dem Thema „Die Lage im Überblick“. Lesen Sie jetzt „USA und Iran kämpfen um Kontrolle über Straße von Hormus“.,https://img.zeit.de/news/2026-09/02/usa-und-iran-kaempfen-um-kontrolle-ueber-strasse-von-hormus-image-group/wide__1300x731,2026-09-02T03:30:14Z,,Die USA und der Iran haben sich im Kampf um die Kontrolle über die Straße von Hormus erneut gegenseitig angegriffen und damit die Ölpreise weiter nach oben getrieben. Das US-Militär attackierte nach … [+6566 chars],,de,'Iran'
https://www.zeit.de/news/2026-09/02/un-anstieg-ueber-1-5-grad-so-kurz-wie-moeglich-halten,https://www.zeit.de/news/2026-09/02/un-anstieg-ueber-1-5-grad-so-kurz-wie-moeglich-halten,0,www.zeit.de,"Klimakrise: UN: Anstieg über 1,5 Grad so kurz wie möglich halten","Hier finden Sie Informationen zu dem Thema „Klimakrise“. Lesen Sie jetzt „UN: Anstieg über 1,5 Grad so kurz wie möglich halten“.",https://img.zeit.de/news/2026-09/02/un-anstieg-ueber-1-5-grad-so-kurz-wie-moeglich-halten-image-group/wide__1300x731,2026-09-02T04:00:20Z,,"Auf ein inzwischen unvermeidliches Übersteigen der 1,5-Grad-Marke in der Klimakrise muss dem UN-Umweltprogramm (Unep) zufolge eine möglichst rasche Rückkehr unter diesen Wert folgen. Risiken und Ausw… [+4019 chars]",,de,'Krise'
https://www.zeit.de/news/2026-09/02/medwedew-deutschland-verdient-direkte-angriffe,https://www.zeit.de/news/2026-09/02/medwedew-deutschland-verdient-direkte-angriffe,0,www.zeit.de,Sprengstoff-Drohne in Leipzig: Medwedew: Deutschland verdient direkte Angriffe,Hier finden Sie Informationen zu dem Thema „Sprengstoff-Drohne in Leipzig“. Lesen Sie jetzt „Medwedew: Deutschland verdient direkte Angriffe“.,https://img.zeit.de/news/2026-09/02/medwedew-deutschland-verdient-direkte-angriffe-image-group/wide__1300x731,2026-09-02T06:58:55Z,,"Der Vizechef des russischen nationalen Sicherheitsrates, Dmitri Medwedew, droht Deutschland wegen der Sanktionen nach dem Fund einer Sprengstoff-Drohne auf dem Flughafen Halle/Leipzig mit Bestrafung.… [+2569 chars]",,de,'Angriff'
https://www.tagesschau.de/wirtschaft/konjunktur/inflation-ezb-renditen-anleihen-preise-100.html,https://www.tagesschau.de/wirtschaft/konjunktur/inflation-ezb-renditen-anleihen-preise-100.html,0,www.tagesschau.de,Was hilft gegen die gestiegene Inflation?,"Die Euro-Inflation liegt inzwischen bei 3,3 Prozent. Grund ist vor allem das teure Rohöl als Folge des Iran-Kriegs - ein Dilemma für Europas Notenbanker. Steigen die Preise bald womöglich noch schneller? Von Angela Göpfert.",https://images.tagesschau.de/image/19238128-5c1b-4352-85f7-01cee85ce630/AAABoBnNk84/AAABnSSvrFg/16x9-big/spritpreise-240.jpg?width=1280,2026-09-02T07:03:04Z,,"Stand: 02.09.2026 09:03 Uhr
Die Euro-Inflation liegt inzwischen bei 3,3 Prozent. Grund ist vor allem das teure Rohöl als Folge des Iran-Kriegs - ein Dilemma für Europas Notenbanker. Steigen die Prei… [+5700 chars]",,de,'Inflation'
https://www.zeit.de/news/2026-09/02/schuster-sieht-in-drohnen-vorfall-staatsterrorismus,https://www.zeit.de/news/2026-09/02/schuster-sieht-in-drohnen-vorfall-staatsterrorismus,0,www.zeit.de,Bedrohung aus Russland: Schuster sieht in Drohnen-Vorfall «Staatsterrorismus»,Hier finden Sie Informationen zu dem Thema „Bedrohung aus Russland“. Lesen Sie jetzt „Schuster sieht in Drohnen-Vorfall «Staatsterrorismus»“.,https://img.zeit.de/news/2026-09/02/schuster-sieht-in-drohnen-vorfall-staatsterrorismus-image-group/wide__1300x731,2026-09-02T07:22:15Z,,Sachsens Innenminister Armin Schuster hat den gescheiterten Angriff mit einer Sprengstoff-Drohne am Flughafen Leipzig/Halle als «Staatsterrorismus» eingeordnet. «Die deutschen Sicherheitsbehörden hab… [+1741 chars],,de,'Wladimir Putin'
https://www.zeit.de/news/2026-09/02/nach-leipzig-russland-droht-massives-sanktionspaket-der-eu,https://www.zeit.de/news/2026-09/02/nach-leipzig-russland-droht-massives-sanktionspaket-der-eu,0,www.zeit.de,Außenministertreffen in Irland: Nach Leipzig: Russland droht massives Sanktionspaket der EU,Hier finden Sie Informationen zu dem Thema „Außenministertreffen in Irland“. Lesen Sie jetzt „Nach Leipzig: Russland droht massives Sanktionspaket der EU“.,https://img.zeit.de/news/2026-09/02/nach-leipzig-russland-droht-massives-sanktionspaket-der-eu-image-group/wide__1300x731,2026-09-02T08:01:49Z,,Russland muss nach dem gescheiterten Angriff mit einer Sprengstoff-Drohne auf dem Flughafen Leipzig/Halle mit einem umfassenden neuen Sanktionspaket der Europäischen Union rechnen. Die EU-Außenbeauft… [+936 chars],,de,'Russland'
https://www.faz.net/aktuell/politik/ausland/liveblog-irankrieg-trump-koennte-abkommen-mit-iran-nicht-egaler-sein-faz-200583539.html,https://www.faz.net/aktuell/politik/ausland/liveblog-irankrieg-trump-koennte-abkommen-mit-iran-nicht-egaler-sein-faz-200583539.html,0,www.faz.net,Liveblog Irankrieg: Trump: Abkommen mit Iran „könnte mir nicht egaler sein“,US-Präsident spielt Aussichten auf Einigung herunter +++ Amerika greift wieder Ziele in Iran an +++ Teheran dankt Putin für Haltung während des Krieges +++ alle Entwicklungen im Liveblog,https://media0.faz.net/image/w1200h627/485518ad167b/w4759h2486x0y175o/202609/43601.0.2495444769/er-wolle-iran-nicht-an-den.webp,2026-09-02T08:04:11Z,,"Die amerikanischen Streitkräfte haben abermals Ziele in Iran angegriffen. Wie das für die Region zuständige Militärkommando Centcom am Dienstagabend mitteilte, sei dies auf versuchte Angriffe der ira… [+1673 chars]",,de,'Hormus'
https://www.zeit.de/2026/38/wladimir-putin-ziele-ukraine-krieg-nato-europa,https://www.zeit.de/2026/38/wladimir-putin-ziele-ukraine-krieg-nato-europa,0,www.zeit.de,Wladimir Putin: Er denkt nur an das eine,"Wladimir Putin wird so weit gehen, wie es der Westen ihm erlaubt. Für ihn ist völlig klar, wer länger durchhält. Drei Szenarien sind denkbar.",https://img.zeit.de/2026/38/er-denkt-nur-an-das-eine-bild-1/wide__1300x731,2026-09-02T08:34:22Z,,"Schließen
Artikelzusammenfassung
Putin setzt auf Eskalation. Der Artikel beschreibt zunächst zwei verbreitete Irrtümer in Deutschland: Weder weniger Waffen für die Ukraine noch maximale militärisch… [+1114 chars]",,de,'Wladimir Putin'
https://www.golem.de/sonstiges/zustimmung/auswahl.html?from=https://www.golem.de/news/moeglicher-anschlag-stoerung-an-umspannwerk-erzwingt-kraftwerksabschaltung-2609-212533.html&referer=https://t.co/f56c2d9f03,https://www.golem.de/sonstiges/zustimmung/auswahl.html?from=https://www.golem.de/news/moeglicher-anschlag-stoerung-an-umspannwerk-erzwingt-kraftwerksabschaltung-2609-212533.html&referer=https://t.co/f56c2d9f03,0,www.golem.de,Möglicher Anschlag: Störung an Umspannwerk erzwingt Kraftwerksabschaltung,"Dienstagabend ist es zu einem Erdschluss an Kraftwerksleitungen gekommen. Nach jetzigem Stand wird ein technischer Defekt ausgeschlossen. (Energie & Klima, Drohne)",,2026-09-02T08:47:02Z,,"Besuchen Sie Golem.de wie gewohnt mit Werbung und Tracking,
 indem Sie der Nutzung aller Cookies zustimmen.
 Details zum Tracking finden Sie im Privacy Center.
Skript wurde nicht geladen. Informat… [+607 chars]",,de,'Klima'
https://www.zeit.de/politik/ausland/2026-09/drohnenangriff-leipzig-halle-russland-sanktionen-michael-wadephul-kaja-kallas,https://www.zeit.de/politik/ausland/2026-09/drohnenangriff-leipzig-halle-russland-sanktionen-michael-wadephul-kaja-kallas,0,www.zeit.de,Drohnenangriff bei Leipzig: Außenminister Wadephul dringt auf weitere EU-Sanktionen gegen Russland,"Die EU-Außenminister beraten über neue Strafmaßnahmen gegen Russland. Das Land müsse nach dem Vorfall in Leipzig jetzt mit den Konsequenzen leben, sagt Johann Wadephul.",https://img.zeit.de/politik/ausland/2026-09/drohnenangriff-leipzig-halle-russland-sanktionen-michael-wadephul-kaja-kallas-foto-1/wide__1300x731,2026-09-02T08:47:16Z,,Bundesaußenminister Johann Wadephul hat nach dem versuchten Sprengstoffanschlag am Flughafen Leipzig/Halle weitere EU-Sanktionen gegen Russland gefordert. Bei einem Treffen der EU-Außenminister in Ir… [+1197 chars],,de,'Russland'
https://www.zeit.de/news/2026-09/02/angriff-in-anwaltskanzlei-tatverdaechtige-war-klientin,https://www.zeit.de/news/2026-09/02/angriff-in-anwaltskanzlei-tatverdaechtige-war-klientin,0,www.zeit.de,Gewalt: Angriff in Anwaltskanzlei: Tatverdächtige war Klientin,Hier finden Sie Informationen zu dem Thema „Gewalt“. Lesen Sie jetzt „Angriff in Anwaltskanzlei: Tatverdächtige war Klientin“.,https://img.zeit.de/news/2026-09/02/angriff-in-anwaltskanzlei-tatverdaechtige-war-klientin-image-group/wide__1300x731,2026-09-02T09:15:29Z,,Die gewaltvolle Auseinandersetzung in einer Anwaltskanzlei in Berlin-Marzahn hat sich nach Angaben der Staatsanwaltschaft zwischen einer Klientin und ihrer Rechtsanwältin abgespielt. Demnach soll die… [+702 chars],,de,'Angriff'
https://www.diepresse.com/41224578/emissionen-steigen-wieder-oesterreich-verfehlt-eu-klimavorgabe,https://www.diepresse.com/41224578/emissionen-steigen-wieder-oesterreich-verfehlt-eu-klimavorgabe,0,www.diepresse.com,"Emissionen steigen wieder, Österreich verfehlt EU-Klimavorgabe","Österreich hat 2025 wieder mehr Treibhausgase ausgestoßen. Die Emissionen stiegen laut einer vorläufigen Berechnung des Umweltbundesamts um 0,7 Prozent. Die EU-Vorgabe wurde überschritten.",https://img.diepresse.com/public/incoming/cznfti-644935689/alternates/WEBP_WIDE_1200/644935689,2026-09-02T09:18:51Z,,"Die Presse auf Google als bevorzugte Nachrichtenquelle hinzufügen.
 Nach mehreren Jahren mit rückläufigen Treibhausgas-Emissionen ist der Ausstoß in Österreich 2025 wieder gestiegen. Insgesamt wurde… [+5212 chars]",,de,'heizen'
https://steiermark.orf.at/stories/3369510/,https://steiermark.orf.at/stories/3369510/,0,steiermark.orf.at,Nach Flucht in Liezen: Raser ausgeforscht,"Ein 27-jähriger Pkw-Lenker hat sich am Dienstag in Wörschach im Bezirk Liezen einer Verkehrskontrolle mit überhöhter Geschwindigkeit entzogen. Die Polizei ermittelt nun gegen den Fahrer, der Fahrzeuglenker konnte vorerst nicht angetroffen werden.",https://ibs.orf.at/stm?image=https%3A%2F%2Foekastatic.orf.at%2Fmojo%2F1_4_1%2Fstoryserver%2Foeka%2Fcommon%2Fimages%2Fog-fallback-stm.png%3Fs%3D34639efb5eb3bfd56044a89259a23cc721f4f603,2026-09-02T09:30:39Z,,Die Polizei startete ihren Einsatz gegen 22.15 Uhr nach einer Meldung über einen möglicherweise alkoholisierten Fahrer im Raum Liezen. Polizisten entdeckten den betreffenden Pkw wenig später in Weiße… [+906 chars],,de,'Flucht'
https://www.faz.net/aktuell/rhein-main/frankfurt/brandanschlaege-in-frankfurt-mutmasslicher-hintermann-auf-der-flucht-accg-201181850.html,https://www.faz.net/aktuell/rhein-main/frankfurt/brandanschlaege-in-frankfurt-mutmasslicher-hintermann-auf-der-flucht-accg-201181850.html,0,www.faz.net,Niederlande: Mutmaßlicher Hintermann von Brandanschlägen auf der Flucht,"Ein Brandanschlag auf ein Café in Frankfurt, ein versuchter Anschlag in Taunusstein: Im Frühjahr wurde in Amsterdam ein mutmaßlicher Hintermann festgenommen. Jetzt ist der Mann untergetaucht.",https://media0.faz.net/image/w1200h627/d7577b7174be/w5231h2733x0y539o/202602/d8e7b953-3fd0-4ca5-8f5b-0e1d5865c409/violence-as-a-service-auch.webp,2026-09-02T10:46:13Z,,"Obwohl er von der Staatsanwaltschaft Frankfurt wegen mehrfachen versuchten Mordes gesucht wird, ist ein Mann in den Niederlanden aus dem Gefängnis entlassen worden und untergetaucht. Der Zwanzigjähri… [+2812 chars]",,de,'Flucht'
https://www.nzz.ch/international/tanker-fuer-tanker-trump-zuendet-in-der-strasse-von-hormuz-die-naechste-eskalationsstufe-ld.10022048,https://www.nzz.ch/international/tanker-fuer-tanker-trump-zuendet-in-der-strasse-von-hormuz-die-naechste-eskalationsstufe-ld.10022048,0,www.nzz.ch,«Tanker für Tanker»: Trump zündet in der Strasse von Hormuz die nächste Eskalationsstufe,Der Kampf um die Meerenge intensiviert sich erneut. Zum ersten Mal griffen die USA auch iranische Erdöltanker an. Teheran nahm im Gegenzug amerikanische Militärstützpunkte im Nahen Osten ins Visier. Trump ruft die Iraner erneut zum Umsturz auf.,"https://img-msp-prod.nzz.ch/2026/09/02/e7ac2042-b8b6-4979-b234-1c4b2e17dd24.jpg?width=1200&height=675&fit=bounds&quality=75&auto=webp&crop=5500,3094,x0,y306&wmark=nzz",2026-09-02T11:30:00Z,,Der Kampf um die Meerenge intensiviert sich erneut. Zum ersten Mal griffen die USA auch iranische Erdöltanker an. Teheran nahm im Gegenzug amerikanische Militärstützpunkte im Nahen Osten ins Visier. … [+5435 chars],,de,'Erdöl'
https://www.zeit.de/news/2026-09/02/polens-regierungschef-brand-in-drohnen-fabrik-war-sabotage,https://www.zeit.de/news/2026-09/02/polens-regierungschef-brand-in-drohnen-fabrik-war-sabotage,0,www.zeit.de,Rüstungsindustrie: Polens Regierungschef: Brand in Drohnen-Fabrik war Sabotage,Hier finden Sie Informationen zu dem Thema „Außenministertreffen in Irland“. Lesen Sie jetzt „Nach Leipzig: Russland droht massives Sanktionspaket der EU“.,https://img.zeit.de/news/2026-09/02/polens-regierungschef-brand-in-drohnen-fabrik-war-sabotage-image-group/wide__1300x731,2026-09-02T11:56:49Z,,Russland muss nach dem Anschlagsversuch mit einer Sprengstoffdrohne auf dem Flughafen Leipzig/Halle mit einem umfassenden neuen Sanktionspaket der Europäischen Union rechnen - und verschärft den Ton … [+4693 chars],,de,'Russland'
https://www.faz.net/aktuell/politik/ukraine/putin-droht-der-ukraine-und-medwedjew-berlin-accg-201181674.html,https://www.faz.net/aktuell/politik/ukraine/putin-droht-der-ukraine-und-medwedjew-berlin-accg-201181674.html,0,www.faz.net,Ukrainekrieg: Alle Zeichen stehen auf Eskalation,"Der ukrainische Präsident warnt Fluggesellschaften davor, russische Flughäfen anzusteuern. Der Kreml kündigt seinerseits Schläge gegen Energieanlagen an – und droht Deutschland.",https://media0.faz.net/image/w1200h627/3f11dcc7c8b3/w6144h3210x0y164o/202608/43601.0.2485723291/truemmer-liegen-verteilt-einen.webp,2026-09-02T12:11:50Z,,"Wolodymyr Selenskyj hat den Himmel über Russland zu einem unsicheren Ort erklärt. In einer Videoansprache vom Dienstagabend warnt der ukrainische Präsident internationale Fluggesellschaften davor, ru… [+7960 chars]",,de,'Ukraine'
https://www.focus.de/politik/ausland/drohnen-schock-russlands-neue-verstoerende-ukraine-taktik_4bf6b93c-ca07-4455-b517-24dce9d5ec78.html,https://www.focus.de/politik/ausland/drohnen-schock-russlands-neue-verstoerende-ukraine-taktik_4bf6b93c-ca07-4455-b517-24dce9d5ec78.html,0,www.focus.de,"Drohnen-Schock: Russlands neue, verstörende Ukraine-Taktik",Russland ist bei seinen Angriffen auf die Ukraine zu einer furchterregenden neuen Taktik übergegangen: Seit einigen Tagen schickt man pausenlos Wellen bewaffneter Drohnen in belebte Viertel der Hauptstadt Kiew.,"https://quadro.burda-forward.de/ctf/3f7ee22d-ea5f-436c-89b1-28597cb6dfaf.1dd55757-01df-4bee-a4ef-4e9f5bbf47e2.jpg?im=RegionOfInterestCrop=(1200,630),regionOfInterest=(1167,1167)&hash=e390c4a78c56fafe5002a311505d991979d475ea3d72219ea4b4551839c88a79",2026-09-02T12:56:00Z,,"Die unerbittlichen russischen Attacken hinterlassen die Einwohner Kiews erschöpft und nervlich am Ende, während die Sirenen des Luftalarms fast ununterbrochen heulen.
Während Moskau Drohne um Drohne… [+5634 chars]",,de,'Flucht'
https://www.kino.de/news/intensiver-kriegsfilm-den-kaum-jemand-kennt-amazon-hat-aktuell-einen-von-kritikern-stark-gefeierten-thriller-im-abo--01M1H3JPJKRXAAR7R4ZYBH2SJW,https://www.kino.de/news/intensiver-kriegsfilm-den-kaum-jemand-kennt-amazon-hat-aktuell-einen-von-kritikern-stark-gefeierten-thriller-im-abo--01M1H3JPJKRXAAR7R4ZYBH2SJW,0,www.kino.de,"Intensiver Kriegsfilm, den kaum jemand kennt: Amazon hat aktuell einen von Kritikern stark gefeierten Thriller im Abo",„Operation: Kabul – Flucht vor den Taliban“ gehört zu den eindringlichsten Politthrillern der letzten Jahre. Der Film verbindet reale Ereignisse mit nervenaufreibender Spannung und beklemmender Aktualität.,https://static.kino.de/14/57/46/b5c59cb8a5b8b3d244e92058ec_cmUgMTkyMCAxMDgwAzE3YjViNWIyZTBl.jpg,2026-09-02T13:05:20Z,,Operation: Kabul Flucht vor den Taliban gehört zu den eindringlichsten Politthrillern der letzten Jahre. Der Film verbindet reale Ereignisse mit nervenaufreibender Spannung und beklemmender Aktualitä… [+2906 chars],,de,'Flucht'
https://www.sueddeutsche.de/muenchen/flucht-rettung-meer-film-muenchen-tipp-li.3540795,https://www.sueddeutsche.de/muenchen/flucht-rettung-meer-film-muenchen-tipp-li.3540795,0,www.sueddeutsche.de,Filmgespräch in München: Überleben auf der Flucht,"„Where The Waves Took Her“ erzählt von Geflüchteten im Mittelmeer und Menschen, die sie retten. Die Filmemacher stellen ihren Dokumentarfilm in München persönlich vor.",https://www.sueddeutsche.de/2026/09/02/89c1d35b-b453-4891-9bc1-4d22af6f4ac4.jpg?q=60&fm=webp&width=1200&rect=323%2C59%2C1386%2C780,2026-09-02T13:26:30Z,,"Diesen Vorwurf kann man dem deutschen Dokumentarfilm Where The Waves Took Her nicht machen: Auch hier geht es um das Thema Seenotrettung, die Filmemacherin Jana Stallein zeigt Bilder von der Arbeit d… [+1170 chars]",,de,'Flucht'
https://www.zeit.de/news/2026-09/02/frau-stirbt-nach-angriff-in-stuttgarter-einkaufszentrum,https://www.zeit.de/news/2026-09/02/frau-stirbt-nach-angriff-in-stuttgarter-einkaufszentrum,0,www.zeit.de,Kriminalität: Frau stirbt nach Angriff in Stuttgarter Einkaufszentrum,Hier finden Sie Informationen zu dem Thema „Kriminalität“. Lesen Sie jetzt „Frau stirbt nach Angriff in Stuttgarter Einkaufszentrum“.,https://img.zeit.de/news/2026-09/02/frau-stirbt-nach-angriff-in-stuttgarter-einkaufszentrum-image-group/wide__1300x731,2026-09-02T13:41:58Z,,Rund sechs Wochen nach einem Angriff in einem Stuttgarter Einkaufszentrum ist eine Frau ihren schweren Verletzungen erlegen. Die 47-Jährige hatte bei dem Angriff durch ihren getrennt lebenden Ehemann… [+1364 chars],,de,'Angriff'
https://www.nzz.ch/finanzen/ausverkauf-bei-staatsanleihen-die-gruende-fuer-die-boersen-unruhe-sind-hartnaeckig-ld.10022036,https://www.nzz.ch/finanzen/ausverkauf-bei-staatsanleihen-die-gruende-fuer-die-boersen-unruhe-sind-hartnaeckig-ld.10022036,0,www.nzz.ch,"Der September an der Börse beginnt unruhig: sieben Entwicklungen, die die Finanzmärkte nervös machen","Steigende Renditen, teures Öl und der unersättliche Geldbedarf für KI – alles Probleme, für die keine schnelle Lösung in Sicht ist. Eine Übersicht, worauf Anleger sich einstellen müssen.","https://img-msp-prod.nzz.ch/2026/08/04/ccf90881-4883-456e-abc8-3ab7901fe533.jpg?width=1200&height=674&fit=bounds&quality=75&auto=webp&crop=4545,2556,x435,y441&wmark=nzz",2026-09-02T14:02:39Z,,"Steigende Renditen, teures Öl und der unersättliche Geldbedarf für KI alles Probleme, für die keine schnelle Lösung in Sicht ist. Eine Übersicht, worauf Anleger sich einstellen müssen.
Zusammenfassu… [+8196 chars]",,de,'Finanz'
https://www.bild.de/sport/fussball/fc-schalke-04-es-geht-um-den-punktabzug-das-ist-die-neue-finanz-wahrheit-6a98250a3ae913be367b6b1c,https://www.bild.de/sport/fussball/fc-schalke-04-es-geht-um-den-punktabzug-das-ist-die-neue-finanz-wahrheit-6a98250a3ae913be367b6b1c,0,www.bild.de,Punktabzug droht - Schalkes neue Finanz-Wahrheit!,"Transferfenster zu, Zeit für eine Schalke-Bilanz. Was bedeutet das für einen Punktabzug?","https://images.bild.de/6a98250a3ae913be367b6b1c/9c51131ee92cf49f2345ef2c60d53c8c,208b6896?w=1280",2026-09-02T14:45:44Z,,"Transferfenster zu, Zeit für eine Schalke-Bilanz. Sechs Neue, acht Abgänge, zahlreiche Verlängerungen. Was gut lief, was schlecht  und was die neue Finanz-Wahrheit ist!
Schalke ohne Top-Verkauf  erf… [+79 chars]",,de,'Finanz'
https://www.faz.net/aktuell/politik/ausland/neue-marschflugkoerper-wie-russland-iran-aufruestet-201182105.html,https://www.faz.net/aktuell/politik/ausland/neue-marschflugkoerper-wie-russland-iran-aufruestet-201182105.html,0,www.faz.net,Neue Marschflugkörper: Wie Russland Iran aufrüstet,Moskau soll Teheran bei der Entwicklung von Überschall-Marschflugkörpern geholfen haben. Es ist der jüngste Beleg für eine enger werdende Rüstungskooperation.,https://media0.faz.net/image/w1200h627/12ffc03b61dd/w5000h2612x0y405o/202609/43601.0.2492877535/treffen-im-kirgisischen.webp,2026-09-02T14:52:26Z,,"Russland hat Iran laut einem Bericht der Financial Times bei der Entwicklung von Überschall-Marschflugkörpern unterstützt, die künftig unter anderem gegen amerikanische Kriegsschiffe eingesetzt werde… [+3570 chars]",,de,'Iran'
https://www.zeit.de/news/2026-09/02/redmann-vermutet-koordinierten-angriff-auf-stromversorgung,https://www.zeit.de/news/2026-09/02/redmann-vermutet-koordinierten-angriff-auf-stromversorgung,0,www.zeit.de,Brandenburg und NRW: Redmann vermutet koordinierten Angriff auf Stromversorgung,Hier finden Sie Informationen zu dem Thema „Brandenburg und NRW“. Lesen Sie jetzt „Redmann vermutet koordinierten Angriff auf Stromversorgung“.,https://img.zeit.de/news/2026-09/02/redmann-vermutet-koordinierten-angriff-auf-stromversorgung-image-group/wide__1300x731,2026-09-02T15:11:36Z,,"Brandenburgs Innenminister Jan Redmann (CDU) hält einen Zusammenhang zwischen den Angriffen auf Stromversorgungs-Anlagen bei Jänschwalde und Bergheim für wahrscheinlich. 
«Die Anzeichen verdichten s… [+937 chars]",,de,'Angriff'
https://www.zeit.de/news/2026-09/02/pistorius-warnt-vor-militaerischem-erfolg-russlands,https://www.zeit.de/news/2026-09/02/pistorius-warnt-vor-militaerischem-erfolg-russlands,0,www.zeit.de,Abwehrkampf gegen Russland: Pistorius warnt vor militärischem Erfolg Russlands,Hier finden Sie Informationen zu dem Thema „Abwehrkampf gegen Russland“. Lesen Sie jetzt „Pistorius warnt vor militärischem Erfolg Russlands“.,https://img.zeit.de/news/2026-09/02/pistorius-warnt-vor-militaerischem-erfolg-russlands-image-group/wide__1300x731,2026-09-02T16:30:36Z,,"Bundesverteidigungsminister Boris Pistorius hat erneut vor einem militärischen Erfolg Russlands in der Ukraine gewarnt. «Wenn Russland, wenn Wladimir Putin diesen Krieg gewinnt, dann ist das eine Bla… [+1195 chars]",,de,'Russland'
https://www.n-tv.de/native/politik/Undercover-Recherchen-Wie-Russland-Desinformation-in-Deutschland-saet-id31257802.html,https://www.n-tv.de/native/politik/Undercover-Recherchen-Wie-Russland-Desinformation-in-Deutschland-saet-id31257802.html,0,www.n-tv.de,Undercover-Recherchen enthüllen: Wie Russland Desinformation in Deutschland sät,Prorussische Desinformation erreicht über soziale Netzwerke ein Millionenpublikum. Doch wer verbreitet die Inhalte - und wer zieht im Hintergrund die Fäden? Ein RTL-Team recherchiert ein Jahr lang undercover in der prorussischen Szene und stößt dabei auf eine…,https://www.n-tv.de/img/31261404/1788355252/Img_16_9/1200/KoelnNews_344735500_51849.jpg,2026-09-02T16:45:00Z,,"Undercover-Recherchen enthüllenWie Russland Desinformation in Deutschland sät
Als vermeintlich prorussische Influencerin ""Katja"" versucht eine RTL-Reporterin, Reichweite aufzubauen und Kontakte in d… [+4023 chars]",,de,'Russland'
https://www.derstandard.at/story/3000000338186/trump-erwaegt-umbenennung-der-strasse-von-hormus,https://www.derstandard.at/story/3000000338186/trump-erwaegt-umbenennung-der-strasse-von-hormus,0,www.derstandard.at,Trump erwägt Umbenennung der Straße von Hormus,Seit dem Beginn des Iran-Krieges vor gut sechs Monaten hat der Iran den Handelsweg weitgehend blockiert,https://i.ds.at/dUG6dA/rs:fill:1200:600/plain/lido-images/2026/08/14/1feaa06c-54b0-4e2f-b089-a89bb4da73b7.jpg,2026-09-02T17:02:37Z,,"Sie entscheiden darüber, wie Sie unsere Inhalte nutzen wollen. Ihr Gerät erlaubt uns derzeit leider nicht, die entsprechenden Optionen anzuzeigen.
Bitte deaktivieren Sie sämtliche Hard- und Software… [+180 chars]",,de,'Hormus'
https://www.bild.de/politik/ausland-und-internationales/trump-strait-donald-trump-will-strasse-von-hormus-nach-sich-selbst-benennen-6a984b11a33eb07b679461a9,https://www.bild.de/politik/ausland-und-internationales/trump-strait-donald-trump-will-strasse-von-hormus-nach-sich-selbst-benennen-6a984b11a33eb07b679461a9,0,www.bild.de,„Trump Strait“ - Trump will Straße von Hormus nach sich benennen,"US-Präsident Donald Trump schlägt vor, die Straße von Hormus in „Trump-Straße“ umzubenennen.","https://images.bild.de/6a984b11a33eb07b679461a9/f33709807a71a1b90c2f04c188cc66f3,757b93b8?w=1280",2026-09-02T17:25:28Z,,"TTS-Player überspringenArtikel weiterlesenWashington Erst der Golf von Amerika, dann der Amerikasee und jetzt die Trump-Straße? US-Präsident Donald Trump will der Straße von Hormus seinen eigenen Nam… [+1735 chars]",,de,'Hormus'
https://www.tagesspiegel.de/internationales/patt-im-iran-krieg-trump-erwagt-umbenennung-der-strasse-von-hormus-in-trump-strasse-16010797.html,https://www.tagesspiegel.de/internationales/patt-im-iran-krieg-trump-erwagt-umbenennung-der-strasse-von-hormus-in-trump-strasse-16010797.html,0,www.tagesspiegel.de,Patt im Iran-Krieg: Trump erwägt Umbenennung der Straße von Hormus in „Trump-Straße“,"Wiederholt drohte der US-Präsident, die vom Iran kontrollierte Meerenge unter Aufsicht der USA zu stellen. Nun denkt er laut über eine Umbennung nach – natürlich nach sich selbst.",https://www.tagesspiegel.de/images/16010810/alternates/BASE_16_9_W1400/1788369099000/trump-hosts-an-announcement-on-healthcare-affordability.jpeg,2026-09-02T17:28:37Z,,"US-Präsident Donald Trump erwägt, der Straße von Hormus seinen Namen zu geben. Da die Meerenge nun unter US-Kontrolle steht, sollten wir die Straße von Hormus in Trump-Straße umbenennen???, fragte de… [+2266 chars]",,de,'Hormus'
https://www.zeit.de/news/2026-09/02/ukraine-erhaelt-bei-eu-treffen-zusagen-fuer-luftverteidigung,https://www.zeit.de/news/2026-09/02/ukraine-erhaelt-bei-eu-treffen-zusagen-fuer-luftverteidigung,0,www.zeit.de,Abwehrkampf gegen Russland: Ukraine erhält bei EU-Treffen Zusagen für Luftverteidigung,Hier finden Sie Informationen zu dem Thema „Abwehrkampf gegen Russland“. Lesen Sie jetzt „Ukraine erhält bei EU-Treffen Zusagen für Luftverteidigung“.,https://img.zeit.de/news/2026-09/02/ukraine-erhaelt-bei-eu-treffen-zusagen-fuer-luftverteidigung-image-group/wide__1300x731,2026-09-02T17:29:52Z,,"Die Ukraine hat bei einem EU-Außenministertreffen in Irland neue Zusagen zur Unterstützung ihrer Flugabwehr erhalten. «Wir haben uns gefreut, heute Ankündigungen von Mitgliedstaaten zu hören, Luftver… [+1164 chars]",,de,'Russland'
https://kaernten.orf.at/stories/3369604/,https://kaernten.orf.at/stories/3369604/,0,kaernten.orf.at,SPÖ-Pläne heizen Debatte über Pflegezukunft an,"Nach dem Sommergespräch mit Landeshauptmann Daniel Fellner (SPÖ) rückt einmal mehr die Pflege in den Mittelpunkt. Die SPÖ fordert erneut, dass von privaten Heimbetreibern keine finanziellen Gewinne gemacht werden dürften, etwa bei Einzelzimmer-Zuschlägen bis …",https://ibs.orf.at/ktn?image=https%3A%2F%2Foekastatic.orf.at%2Fmims%2F2020%2F03%2F34%2Fcrops%2Fw%3D1200%2Ch%3D627%2Cq%3D75%2F436211_master_144534_on-2020-01-18-17h11m37s891.jpg%3Fs%3Dac398fa2130fef0e70c4819468d7bbc9934f3411,2026-09-02T17:33:26Z,,"Fellner hatte im Sommergespräch mit Chefredakteur Bernhard Bieche von überteuerten Einzelzimmerzuschlägen von privaten Pflegeheimbetreibern gesprochen: Das sind Gewinne, die man dann herauszieht aus … [+2649 chars]",,de,'heizen'
https://www.faz.net/aktuell/wirtschaft/christian-sewing-deutsche-bank-chef-sieht-keine-krise-am-anleihemarkt-201183083.html,https://www.faz.net/aktuell/wirtschaft/christian-sewing-deutsche-bank-chef-sieht-keine-krise-am-anleihemarkt-201183083.html,0,www.faz.net,Banken-Gipfel: „Ich sehe hier persönlich noch keine explizite Krise“,"Der diesjährige Banken-Gipfel fällt in eine Zeit, in der es Turbulenzen am Anleihemarkt gibt, die Übernahme der Commerzbank durch Unicredit bevorsteht sowie eine wegweisende Landtagswahl. Für Gesprächsstoff ist also gesorgt.",https://media0.faz.net/image/w1200h627/d36d1e214b4e/w6144h3210x0y179o/202609/43601.0.2495605382/christian-sewing.webp,2026-09-02T18:17:01Z,,"Anfang September, wenn das Handelsblatt in Frankfurt seinen Banken-gipfel veranstaltet, waren die Zeiten an den Kapitalmärkten schon einmal ruhiger. In diesem Jahr nicht. Die Renditen an den Anleihem… [+3518 chars]",,de,'Krise'
https://www.faz.net/aktuell/politik/ausland/liveblog-irankrieg-trump-schlaegt-umbenennung-der-hormus-strasse-vor-faz-200583539.html,https://www.faz.net/aktuell/politik/ausland/liveblog-irankrieg-trump-schlaegt-umbenennung-der-hormus-strasse-vor-faz-200583539.html,0,www.faz.net,Liveblog Irankrieg: Trump will Straße von Hormus in „Trump-Straße“ umbenennen,"US-Präsident behauptet, USA hätten Kontrolle über die Meerenge +++ Trump: Abkommen mit Iran „könnte mir nicht egaler sein“ +++ USA beenden abermalige Angriffswelle gegen Ziele in Iran +++ alle Entwicklungen im Liveblog",https://media0.faz.net/image/w1200h627/12e441e62c91/w8068h4215x0y214o/202609/43601.0.2497649070/us-praesident-donald-trump-im.webp,2026-09-02T18:31:50Z,,"Die amerikanischen Streitkräfte haben abermals Ziele in Iran angegriffen. Wie das für die Region zuständige Militärkommando Centcom am Dienstagabend mitteilte, sei dies auf versuchte Angriffe der ira… [+1673 chars]",,de,'Hormus'
https://www.welt.de/politik/ausland/article6a9873bcc53a6557d48dda6e/trump-schlaegt-naechste-umbenennung-vor-strasse-von-hormus-in-trump-strasse.html,https://www.welt.de/politik/ausland/article6a9873bcc53a6557d48dda6e/trump-schlaegt-naechste-umbenennung-vor-strasse-von-hormus-in-trump-strasse.html,0,www.welt.de,„Trump-Straße“ statt Straße von Hormus – US-Präsident schlägt nächste Umbenennung vor,"Golf von Amerika, Lake America und nun die Trump-Straße? Donald Trump hat via Truth Social eine weitere geografische Umbenennung vorgeschlagen. Die Machtverhältnisse vor Ort sehen allerdings anders aus.",https://images.welt.de/6a9873bcc53a6557d48dda6e/fc6cb29b2665f3a479ecb10b089da25b-master/ci16x9-w1200/apdpa-a87a9a91f79442df86fe22144bb6cacd-jpg,2026-09-02T19:29:30Z,,"Golf von Amerika, Lake America und nun die Trump-Straße? Donald Trump hat via Truth Social eine weitere geografische Umbenennung vorgeschlagen. Die Machtverhältnisse vor Ort sehen allerdings anders a… [+2656 chars]",,de,'Hormus'
https://www.faz.net/aktuell/politik/ukraine/ukraine-liveticker-daenischer-nachrichtendienst-warnt-vor-sabotageplaenen-russlands-faz-110683325.html,https://www.faz.net/aktuell/politik/ukraine/ukraine-liveticker-daenischer-nachrichtendienst-warnt-vor-sabotageplaenen-russlands-faz-110683325.html,0,www.faz.net,Liveblog Ukrainekrieg: Dänischer Nachrichtendienst warnt vor Sabotageplänen Russlands,Ziele seien Rüstungsunternehmen mit Verbindung zur Ukraine +++ Putin wirft Selenskyj einen „Aufruf zum Staatsterrorismus“ vor +++ Selenskyj kritisiert Partner für Urlaube und „Diplomatie nach Plan“ +++ alle Neuigkeiten im Liveblog,https://media0.faz.net/image/w1200h627/c292a58d57b6/w4762h2488x0y343o/202609/43601.0.2498222666/daenemarks-behoerden-haben.webp,2026-09-03T00:39:00Z,,Was sind nächsten Ziele Russlands in der Ukraine? Kommt eine neue Mobilisierungswelle? Solchen Fragen zum russischen Angriffskrieg in der Ukraine stellte sich Russlands Präsident Wladimir Putin in de… [+1374 chars],,de,'Wladimir Putin'
https://www.zeit.de/politik/deutschland/2026-09/drohnenanschlag-flughafen-leipzig-roderich-kiesewetter-russland-bundesregierung,https://www.zeit.de/politik/deutschland/2026-09/drohnenanschlag-flughafen-leipzig-roderich-kiesewetter-russland-bundesregierung,0,www.zeit.de,Drohnenvorfall: Kiesewetter nennt Reaktion des Bundes auf Drohnenvorfall unzureichend,"Die Bundesregierung habe nur »symbolische und diplomatische Maßnahmen« gegen Russland getroffen, kritisiert Roderich Kiesewetter. Er fordert eine Absprache mit der Nato.",https://img.zeit.de/politik/2026-09/roderich-kiesewetter-bild/wide__1300x731,2026-09-03T01:46:22Z,,Nach dem versuchten Drohnenanschlag in Leipzig hat der prominente CDU-Außen- und Sicherheitspolitiker Roderich Kiesewetter die Reaktion der Bundesregierung als unzureichend kritisiert. Es reiche nich… [+3045 chars],,de,'Russland'
https://www.faz.net/aktuell/politik/ausland/liveblog-irankrieg-iran-greift-abermals-ziele-in-kuwait-an-faz-200583539.html,https://www.faz.net/aktuell/politik/ausland/liveblog-irankrieg-iran-greift-abermals-ziele-in-kuwait-an-faz-200583539.html,0,www.faz.net,Liveblog Irankrieg: Iran greift abermals Ziele in Kuwait an,Iran: Angriffe sind Antwort auf „Amerikas Verbrechen“ +++ Trump will Straße von Hormus in „Trump-Straße“ umbenennen +++ Trump: Abkommen mit Iran „könnte mir nicht egaler sein“ +++ alle Entwicklungen im Liveblog,https://media0.faz.net/image/w1200h627/cf3f612cc28a/w5000h2612x0y742o/202609/43601.0.2494452241/skyline-von-kuwait-city.webp,2026-09-03T02:31:00Z,,"Die amerikanischen Streitkräfte haben abermals Ziele in Iran angegriffen. Wie das für die Region zuständige Militärkommando Centcom am Dienstagabend mitteilte, sei dies auf versuchte Angriffe der ira… [+1673 chars]",,de,'Angriff'
https://www.n-tv.de/politik/Iran-greift-wieder-Ziele-in-Kuwait-an-id31263734.html,https://www.n-tv.de/politik/Iran-greift-wieder-Ziele-in-Kuwait-an-id31263734.html,0,www.n-tv.de,Keine US-Attacken in dieser Nacht: Iran greift wieder Ziele in Kuwait an,Nach zwei Nächten mit gegenseitigen Militärschlägen schweigen die Waffen zwischen den USA und dem Iran zunächst. Jetzt meldet Kuwait aber erneut Attacken mit Drohnen und Raketen. Das US-Verteidigungsministerium scheint sich derweil auf einen längeren Einsatz …,https://www.n-tv.de/img/31263709/1788408863/Img_16_9/1200/image.jpg,2026-09-03T03:00:49Z,,"Kuwait-Stadt: Letzte Nacht war dort nach einem Luftangriff ein Brand in einem Wohngebäude ausgebrochen. (Foto: dpa)
Nach zwei Nächten mit gegenseitigen Militärschlägen schweigen die Waffen zwischen … [+3284 chars]",,de,'Waffen'
https://www.zeit.de/politik/ausland/2026-09/russland-goethe-institut-lawrow-drohnenvorfall-leipzig,https://www.zeit.de/politik/ausland/2026-09/russland-goethe-institut-lawrow-drohnenvorfall-leipzig,0,www.zeit.de,Drohnenvorfall: Russland schließt Goethe-Institut laut Staatsmedien,"Die Bundesregierung hatte am Dienstag beschlossen, ein russisches Kulturinstitut in Berlin zu schließen. Russland zieht nach und schließt das Goethe-Institut in Moskau.",https://img.zeit.de/politik/ausland/2026-09/russland-goethe-institut-schliessung-sergej-lawrow-bild/wide__1300x731,2026-09-03T03:34:27Z,,"Die russische Regierung wird nach Angaben von
Außenminister Sergej Lawrow das Goethe-Institut in Russland schließen. Das
sagte Lawrow der russischen staatlichen Nachrichtenagentur Interfax, wie die… [+937 chars]",,de,'Russland'
https://www.faz.net/podcasts/f-a-z-podcast-fruehdenker/russland-was-bedeutet-moskaus-harte-antwort-faz-fruehdenker-201184699.html,https://www.faz.net/podcasts/f-a-z-podcast-fruehdenker/russland-was-bedeutet-moskaus-harte-antwort-faz-fruehdenker-201184699.html,0,www.faz.net,F.A.Z. Frühdenker: Was bedeutet die „harte Antwort“ aus Moskau?,Russland leitet Gegenmaßnahmen gegen Deutschland ein. Eine neue Eskalation zwischen Russland und der Ukraine steht bevor. Und ein ewiger Rechtsstreit um wenige Musik-Sekunden könnte enden. Der F.A.Z. Frühdenker.,https://media0.faz.net/image/w1200h627/a1be86433a60/w6144h3210x0y198o/202609/43601.0.2494437414/das-russische-generalkonsulat.webp,2026-09-03T03:47:28Z,,"Das Wichtigste für Sie am Donnerstag:
<ol><li>Wie fällt Russlands harte Antwort auf die Maßnahmen aus?</li><li>Zwischen Russland und der Ukraine stehen alle Zeichen auf Eskalation</li><li>Wie wahrsc… [+14951 chars]",,de,'Ukraine'
https://www.zeit.de/news/2026-09/03/doppelpack-gegen-die-krise-kane-legt-wieder-los,https://www.zeit.de/news/2026-09/03/doppelpack-gegen-die-krise-kane-legt-wieder-los,0,www.zeit.de,Bayern-Torjäger: Doppelpack gegen «die Krise»: Kane legt wieder los,Hier finden Sie Informationen zu dem Thema „Bayern-Torjäger“. Lesen Sie jetzt „Doppelpack gegen «die Krise»: Kane legt wieder los“.,https://img.zeit.de/news/2026-09/03/doppelpack-gegen-die-krise-kane-legt-wieder-los-image-group/wide__1300x731,2026-09-03T03:57:04Z,,"Eine launige Spitze gegen Bayern-Star Harry Kane konnte sich Münchens Sportdirektor Christoph Freund nicht verkneifen. «Jetzt war er ja in der Krise, hatte zwei Pflichtspiele nicht getroffen», scherz… [+1187 chars]",,de,'Krise'
https://www.faz.net/premium/weltwirtschaft/weltwissen/raman-kapoor-ueber-unseren-koepfen-flogen-die-raketen-accg-201168039.html,https://www.faz.net/premium/weltwirtschaft/weltwissen/raman-kapoor-ueber-unseren-koepfen-flogen-die-raketen-accg-201168039.html,0,www.faz.net,Kapitän aus Indien: „Über unseren Köpfen flogen die Raketen“,Monatelang saß Kapitän Raman Kapoor auf einem Öltanker im Kriegsgebiet der Straße von Hormus fest. Nun berichtet er von den Herausforderungen und was er sich von der internationalen Politik wünscht.,https://media0.faz.net/image/w1200h627/a1dbaacd32e3/w6000h3135x0y433o/202605/43601.0.2046015898/nichts-geht-mehr-oeltanker.webp,2026-09-03T04:00:00Z,,"Herr Kapitän, Ihr Schiff steckte in der Straße von Hormus fest hatten Sie Angst?
Ich saß zweieinhalb Monate lang wegen des Irankriegs auf einem Öltanker in der Straße von Hormus fest. Das waren schr… [+175 chars]",,de,'Hormus'
https://www.zeit.de/politik/ausland/2026-09/kriegsfuehrung-usa-iran-ok-america,https://www.zeit.de/politik/ausland/2026-09/kriegsfuehrung-usa-iran-ok-america,0,www.zeit.de,Kriegsführung der USA: Amerikas und Donald Trumps endlose Kriege,"Der Iran sei besiegt, behaupten die USA – und greifen weiter an. Der nächste »forever war«? Das Thema im US‑Podcast. Und: der CIA-Chef in Moskau, Trumps Ukrainepolitik",https://img.zeit.de/politik/ausland/2026-09/kriegsfuehrung-usa-iran-ok-america-bild/wide__1300x731,2026-09-03T04:05:06Z,,"Donald Trump, US-Präsident und Oberbefehlshaber der Streitkräfte© [M] DIe ZEIT, Foto: Kevin Dietsch/Getty Images
»Was für eine dumme Frage.« So herrschte Donald Trump eine Journalistin an, die den U… [+1405 chars]",,de,'Iran'
https://www.tagesspiegel.de/internationales/abscheuliche-aggression-iran-greift-erneut-us-stutzpunkte-in-kuwait-an-16011377.html,https://www.tagesspiegel.de/internationales/abscheuliche-aggression-iran-greift-erneut-us-stutzpunkte-in-kuwait-an-16011377.html,0,www.tagesspiegel.de,„Abscheuliche Aggression“: Iran greift erneut US-Stützpunkte in Kuwait an,Am Mittwoch war bei einem iranischen Drohnenangriff ein Brand in einem Wohngebäude im Gebiet der Hauptstadt Kuwait-Stadt ausgebrochen. Am Donnerstag folgte der nächste Angriff.,https://www.tagesspiegel.de/images/16011385/alternates/BASE_16_9_W1400/1788410166000/kuwait-files-kuwait-iran-us-israel-war.jpeg,2026-09-03T04:37:36Z,,"Das Golfemirat Kuwait hat einen neuen iranischen Luftangriff auf sein Staatsgebiet gemeldet. Die kuwaitische Luftabwehr sei derzeit dabei, feindliche Raketen- und Drohnenangriffe abzuwehren, die auf … [+2040 chars]",,de,'Hormus'
https://www.focus.de/politik/ausland/us-navy-hat-ein-problem-iran-und-oman-stehen-kurz-vor-einem-abkommen-zur-strasse-von-hormus-bei-dem-kein-militaerschiff-jemals-passieren-wuerde_3732f77c-00b1-4621-9b6e-c905dac61b37.html,https://www.focus.de/politik/ausland/us-navy-hat-ein-problem-iran-und-oman-stehen-kurz-vor-einem-abkommen-zur-strasse-von-hormus-bei-dem-kein-militaerschiff-jemals-passieren-wuerde_3732f77c-00b1-4621-9b6e-c905dac61b37.html,0,www.focus.de,"US-Navy hat ein Problem: Iran und Oman stehen kurz vor einem Abkommen zur Straße von Hormus, bei dem kein Militärschiff jemals passieren würde",Iran und Oman beraten über eine vorläufige Regelung für die Straße von Hormus. Die USA bestreiten einen angeblichen Minentreffer und lehnen Einschränkungen für Militärschiffe ab.,"https://quadro.burda-forward.de/ctf/22d4f145-c893-43db-bf23-b8eca0d17e2f.88c2183b-6110-4b86-bd57-b276d649e477.jpg?im=RegionOfInterestCrop=(1200,630),regionOfInterest=(2335,1883)&hash=cc9adb95899d0f1a02913c1d16a93c6210880bb3e4a0e4d8f3bff7b4dfc1f2b4",2026-09-03T05:24:00Z,,"Iran und Oman arbeiten an einer vorläufigen Vereinbarung für die Straße von Hormus, die den Schiffsverkehr durch die strategisch wichtige Meerenge neu regeln würde. Demnach dürften Militärschiffe die… [+2799 chars]",,de,'Hormus'
https://www.faz.net/aktuell/feuilleton/medien-und-film/medienpolitik/mordfall-daphne-caruana-galizia-freispruch-loest-empoerung-aus-accg-201185426.html,https://www.faz.net/aktuell/feuilleton/medien-und-film/medienpolitik/mordfall-daphne-caruana-galizia-freispruch-loest-empoerung-aus-accg-201185426.html,0,www.faz.net,Mutmasslicher Hintermann: Freispruch im Mordfall Daphne Caruana Galizia löst Entsetzen aus,Fast neun Jahre nach dem Mord an der bekanntesten Journalistin Maltas bleiben die Auftraggeber unbehelligt. Und auch das „Klima der Straflosigkeit“ bleibt.,https://media0.faz.net/image/w1200h627/8d715818d5b6/w2374h1240x0y169o/202609/43601.0.2498218541/freigesprochen-der.webp,2026-09-03T07:09:29Z,,Der Freispruch des maltesischen Geschäftsmanns Yorgen Fenech im Prozess wegen der Ermordung der Enthüllungsjournalistin Daphne Caruana Galizia ist auf Malta und im Ausland weithin mit Entsetzen aufge… [+6740 chars],,de,'Klima'
https://www.zeit.de/wirtschaft/2026-09/benzinpreis-super-e10-adac-rekord-iran-konflikt-gxe,https://www.zeit.de/wirtschaft/2026-09/benzinpreis-super-e10-adac-rekord-iran-konflikt-gxe,0,www.zeit.de,Benzinpreis in Deutschland: Benzinpreis erreicht nach neuen Angriffen auf den Iran Höchststand,"Gemessen ohne Inflation ist Benzin in Deutschland so teuer wie noch nie. Seit den jüngsten US-Angriffen auf den Iran kostet ein Liter E10 im Schnitt 2,22 Euro.",https://img.zeit.de/wirtschaft/2026-09/benzinpreis-super-e10-adac-rekord-iran-konflikt-foto-1/wide__1300x731,2026-09-03T08:06:33Z,,"Nach den erneuten Angriffen der USA auf den Iran ist der Preis für Superbenzin E10 in Deutschland auf einen Höchststand gestiegen. Ein Liter kostete am Mittwoch im bundesweiten Durchschnitt 2,215 Eur… [+1615 chars]",,de,'Inflation'
https://www.faz.net/aktuell/politik/ukraine/ukraine-liveticker-russland-bezichtigt-norwegen-der-piraterie-faz-110683325.html,https://www.faz.net/aktuell/politik/ukraine/ukraine-liveticker-russland-bezichtigt-norwegen-der-piraterie-faz-110683325.html,0,www.faz.net,Liveblog Ukrainekrieg: Russland bezichtigt Norwegen der Piraterie,Russisches Schiff auf Spitzbergen beschlagnahmt +++ Dänischer Geheimdienst warnt vor Sabotageplänen Russlands +++ alle Neuigkeiten im Liveblog,https://media0.faz.net/image/w1200h627/cfd04774c5c5/w3816h1993x0y275o/202609/43601.0.2500557190/norwegische-flagge-waehrend.webp,2026-09-03T08:28:47Z,,Was sind nächsten Ziele Russlands in der Ukraine? Kommt eine neue Mobilisierungswelle? Solchen Fragen zum russischen Angriffskrieg in der Ukraine stellte sich Russlands Präsident Wladimir Putin in de… [+1374 chars],,de,'Ukraine'
https://www.zeit.de/politik/2026-09/afd-bsw-russland-ostdeutschland-podcast,https://www.zeit.de/politik/2026-09/afd-bsw-russland-ostdeutschland-podcast,0,www.zeit.de,AfD und BSW: Nah dran an Moskau,"Bei den Wahlen im Osten Deutschlands verstehen es AfD und BSW, die Haltung zu Russland auszunutzen. Warum verfängt dieses Vorgehen?",https://img.zeit.de/politik/deutschland/2026-09/afd-bsw-russland-ostdeutschland-podcast-bild/wide__1300x731,2026-09-03T08:45:48Z,,"Besucher eines Wahlkampfstandes der AfD auf dem Marktplatz in Sangerhausen stehen in einer Schlange vor dem Zelt mit dem Spitzenkandidaten Siegmund. © [M] Hendrik Schmidt/dpa
Wenn die Menschen in Sa… [+2109 chars]",,de,'Russland'
https://www.zeit.de/wirtschaft/2026-09/konjunktur-wirtschaftswachstum-chemieindustrie-oekonomie,https://www.zeit.de/wirtschaft/2026-09/konjunktur-wirtschaftswachstum-chemieindustrie-oekonomie,0,www.zeit.de,"Konjunktur : Selbst die, die am lautesten geklagt haben, sind plötzlich gut gelaunt","Die deutsche Wirtschaft wächst wieder, ausgerechnet der Krieg im Iran sorgt für Aufwind. Ist das eine nachhaltige Wende? Was Ökonomen zu dieser Frage sagen.",https://img.zeit.de/wirtschaft/2026-09/konjunktur-wirtschaftswachstum-chemieindustrie-oekonomie-bild-neu/wide__1300x731,2026-09-03T09:01:08Z,,"Schließen
Artikelzusammenfassung
Plötzlich sendet die deutsche Chemiebranche wieder Zuversicht. Nach der Sperrung der Straße von Hormus stiegen Transportkosten und Preise, asiatische Konkurrenz ver… [+944 chars]",,de,'Hormus'
https://www.zeit.de/news/2026-09/03/angriff-auf-polizisten-autofahrer-auf-bewaehrung,https://www.zeit.de/news/2026-09/03/angriff-auf-polizisten-autofahrer-auf-bewaehrung,0,www.zeit.de,Landgericht Oldenburg: Angriff auf Polizisten - Autofahrer auf Bewährung,Hier finden Sie Informationen zu dem Thema „Landgericht Oldenburg“. Lesen Sie jetzt „Angriff auf Polizisten - Autofahrer auf Bewährung“.,https://img.zeit.de/news/2026-09/03/angriff-auf-polizisten-autofahrer-auf-bewaehrung-image-group/wide__1300x731,2026-09-03T09:41:40Z,,"Das Landgericht Oldenburg hat die Unterbringung eines Mannes in einem psychiatrischen Krankenhaus zur Bewährung ausgesetzt, obwohl er zuvor mit seinem Auto gezielt auf einen Polizisten zugefahren war… [+2032 chars]",,de,'Angriff'
https://www.zeit.de/news/2026-09/03/alarm-und-pruegelei-was-ist-bloss-los-an-der-burger-schule,https://www.zeit.de/news/2026-09/03/alarm-und-pruegelei-was-ist-bloss-los-an-der-burger-schule,0,www.zeit.de,Lehranstalt in der Krise: Alarm und Prügelei: Was ist bloß los an der Burger-Schule?,Hier finden Sie Informationen zu dem Thema „Lehranstalt in der Krise“. Lesen Sie jetzt „Alarm und Prügelei: Was ist bloß los an der Burger-Schule?“.,https://img.zeit.de/news/2026-09/03/alarm-und-pruegelei-was-ist-bloss-los-an-der-burger-schule-image-group/wide__1300x731,2026-09-03T10:23:33Z,,Brennpunkt Karolina-Burger-Realschule plus: Am betreffenden Schulzentrum in Ludwigshafen-Mundenheim war zuletzt wiederholt von Unbekannten der Feueralarm ausgelöst worden - der Stadtverwaltung zufolg… [+1525 chars],,de,'Krise'
https://www.zeit.de/news/2026-09/03/preisspruenge-bei-oel-und-gas-machen-tanken-und-heizen-teurer,https://www.zeit.de/news/2026-09/03/preisspruenge-bei-oel-und-gas-machen-tanken-und-heizen-teurer,0,www.zeit.de,Energiepreise: Preissprünge bei Öl und Gas machen Tanken und Heizen teurer,Hier finden Sie Informationen zu dem Thema „Energiepreise“. Lesen Sie jetzt „Preissprünge bei Öl und Gas machen Tanken und Heizen teurer“.,https://img.zeit.de/news/2026-09/03/preisspruenge-bei-oel-und-gas-machen-tanken-und-heizen-teurer-image-group/wide__1300x731,2026-09-03T10:45:33Z,,Schlechte Nachrichten für Autofahrer und Heizölkunden - und möglicherweise noch mehr Verbraucher: Auf dem Weltmarkt ist der Preis für Rohöl wieder deutlich gestiegen. Die Notierung für Rohöl der Nord… [+5580 chars],,de,'Heizen'
https://www.tagesspiegel.de/wirtschaft/dpa-energiepreise-16013361.html,https://www.tagesspiegel.de/wirtschaft/dpa-energiepreise-16013361.html,0,www.tagesspiegel.de,Energiepreise: Preissprünge bei Öl und Gas machen Tanken und Heizen teurer,"Auch wenn es zwischenzeitlich etwas Entspannung gab, der Iran-Krieg hält die Preise für Öl und Gas hoch. Das trifft die Wirtschaft, aber auch die Verbraucher, die tanken und heizen müssen.",https://www.tagesspiegel.de/images/16013360/alternates/BASE_16_9_W1400/1788432389000/raffinerie-pck.jpeg,2026-09-03T10:46:29Z,,Schlechte Nachrichten für Autofahrer und Heizölkunden - und möglicherweise noch mehr Verbraucher: Auf dem Weltmarkt ist der Preis für Rohöl wieder deutlich gestiegen. Die Notierung für Rohöl der Nord… [+5637 chars],,de,'Heizen'
https://www.faz.net/aktuell/politik/ukraine/russland-wirft-norwegen-piraterie-vor-schiff-beschlagnahmt-accg-201185503.html,https://www.faz.net/aktuell/politik/ukraine/russland-wirft-norwegen-piraterie-vor-schiff-beschlagnahmt-accg-201185503.html,0,www.faz.net,Schiffsbeschlagnahmung: Russland wirft Norwegen Piraterie vor,Norwegen hat auf Betreiben einer ukrainischen Firma ein russisches Schiff beschlagnahmt. Laut Forschern wurde dieses für Propagandazwecke genutzt.,https://media0.faz.net/image/w1200h627/293c40fe5644/w5102h2665x0y368o/202508/43601.0.1211007357/zunehmende-spannungen-auf.webp,2026-09-03T10:51:24Z,,Die Sprecherin des russischen Außenministeriums hat Norwegen wegen der Beschlagnahmung eines Schiffes auf Spitzbergen echte Piraterie vorgeworfen und eine entsprechende Reaktion angekündigt. Norwegen… [+2276 chars],,de,'Russland'
https://www.faz.net/aktuell/politik/ukraine/ukraine-liveticker-putin-keine-weitere-mobilisierung-notwendig-faz-110683325.html,https://www.faz.net/aktuell/politik/ukraine/ukraine-liveticker-putin-keine-weitere-mobilisierung-notwendig-faz-110683325.html,0,www.faz.net,Liveblog Ukrainekrieg: Putin: Keine weitere Mobilisierung notwendig,Rede beim Östlichen Wirtschaftsforum +++ Norwegen beschlagnahmt russisches Schiff +++ Dänischer Geheimdienst warnt vor Sabotageplänen +++ alle Neuigkeiten im Liveblog,https://media0.faz.net/image/w1200h627/2b7752959b8b/w3000h1567x0y216o/202609/43601.0.2501326290/russlands-praesident-wladimir.webp,2026-09-03T11:23:54Z,,Was sind nächsten Ziele Russlands in der Ukraine? Kommt eine neue Mobilisierungswelle? Solchen Fragen zum russischen Angriffskrieg in der Ukraine stellte sich Russlands Präsident Wladimir Putin in de… [+1374 chars],,de,'Ukraine'
https://www.zeit.de/news/2026-09/03/deutschland-hilft-ukraine-mit-250-millionen-fuer-reparaturen,https://www.zeit.de/news/2026-09/03/deutschland-hilft-ukraine-mit-250-millionen-fuer-reparaturen,0,www.zeit.de,Energieinfrastruktur: Deutschland hilft Ukraine mit 250 Millionen für Reparaturen,Hier finden Sie Informationen zu dem Thema „Energieinfrastruktur“. Lesen Sie jetzt „Deutschland hilft Ukraine mit 250 Millionen für Reparaturen“.,https://img.zeit.de/news/2026-09/03/deutschland-hilft-ukraine-mit-250-millionen-fuer-reparaturen-image-group/wide__1300x731,2026-09-03T11:24:16Z,,Deutschland beteiligt sich mit weiteren 250 Millionen Euro an den Kosten für akute Reparaturarbeiten in der ukrainischen Energieinfrastruktur. Aus einem entsprechenden Fonds werden Ersatzteile und Au… [+1978 chars],,de,'Ukraine'
https://www.zeit.de/news/2026-09/03/polizei-sucht-zeugen-nach-angriff-auf-gruppe-in-mannheim,https://www.zeit.de/news/2026-09/03/polizei-sucht-zeugen-nach-angriff-auf-gruppe-in-mannheim,0,www.zeit.de,Mehrere Verletzte: Polizei sucht Zeugen nach Angriff auf Gruppe in Mannheim,Hier finden Sie Informationen zu dem Thema „Mehrere Verletzte“. Lesen Sie jetzt „Polizei sucht Zeugen nach Angriff auf Gruppe in Mannheim“.,https://img.zeit.de/news/2026-09/03/polizei-sucht-zeugen-nach-angriff-auf-gruppe-in-mannheim-image-group/wide__1300x731,2026-09-03T11:28:39Z,,"Nach einer gewaltsamen Auseinandersetzung in Mannheim haben die Staatsanwaltschaft und die Polizei die Ermittlungen aufgenommen. Wie aus einer gemeinsamen Mitteilung der beiden Behörden hervorgeht, s… [+1365 chars]",,de,'Angriff'
https://www.nzz.ch/international/treibstoffmangel-in-iran-leere-tankstellen-befeuern-den-volkszorn-ld.10022108,https://www.nzz.ch/international/treibstoffmangel-in-iran-leere-tankstellen-befeuern-den-volkszorn-ld.10022108,0,www.nzz.ch,Treibstoffmangel in Iran: Leere Tankstellen befeuern den Volkszorn,Subventionierter Treibstoff gehört zu den zentralen Pfeilern der iranischen Planwirtschaft. Doch nun werden Benzin und Gas knapp. Das Regime rüstet sich für einen neuen Aufstand.,"https://img-msp-prod.nzz.ch/2026/09/03/31edcd69-b2b1-49d7-871b-542037d9abc6.jpg?width=1200&height=674&fit=bounds&quality=75&auto=webp&crop=4959,2789,x877,y1211&wmark=nzz",2026-09-03T12:40:11Z,,"Subventionierter Treibstoff gehört zu den zentralen Pfeilern der iranischen Planwirtschaft. Doch nun werden Benzin und Gas knapp. Das Regime rüstet sich für einen neuen Aufstand.
Teseo La Marca03.09… [+6558 chars]",,de,'Gas'
https://www.zeit.de/politik/2026-09/deutsch-russische-beziehung-goethe-institute-schliessung-nachrichtenpodcast,https://www.zeit.de/politik/2026-09/deutsch-russische-beziehung-goethe-institute-schliessung-nachrichtenpodcast,0,www.zeit.de,Deutsch-russische Beziehungen: Deutschland setzt ein Zeichen – versteht Putin es auch?,Russland schließt die letzten drei Goethe-Institute im Land. Wie reagiert Moskau auf Deutschlands neue Maßnahmen? Und: Neue Hoffnung für die deutsche Wirtschaft,https://img.zeit.de/politik/ausland/2026-09/deutsch-russische-beziehung-goethe-institute-schliessung-nachrichtenpodcast-bild/wide__1300x731,2026-09-03T15:00:16Z,,Die deutsch-russischen Beziehungen sind diese Woche auf einem neuen Tiefpunkt angelangt. Die Bundesregierung machte Russland für den gescheiterten Anschlagsversuch am Leipziger Flughafen verantwortli… [+2324 chars],,de,'Russland'
https://www.zeit.de/news/2026-09/03/vollbetrieb-erst-kommende-woche-nach-angriff-auf-umspannwerk,https://www.zeit.de/news/2026-09/03/vollbetrieb-erst-kommende-woche-nach-angriff-auf-umspannwerk,0,www.zeit.de,Später als zunächst gedacht: Vollbetrieb erst kommende Woche nach Angriff auf Umspannwerk,Hier finden Sie Informationen zu dem Thema „Später als zunächst gedacht“. Lesen Sie jetzt „Vollbetrieb erst kommende Woche nach Angriff auf Umspannwerk“.,https://img.zeit.de/news/2026-09/03/vollbetrieb-erst-kommende-woche-nach-angriff-auf-umspannwerk-image-group/wide__1300x731,2026-09-03T15:10:31Z,,Nach dem Angriff auf das Umspannwerk in Bergheim im Rheinland wird die volle Kraftwerkskapazität erst in der kommenden Woche und damit später als zunächst vermutet wieder bereitstehen. Seit Mittwocha… [+1800 chars],,de,'Angriff'
https://www.faz.net/aktuell/politik/inland/hybride-angriffe-so-koennen-sie-sich-wappnen-201185499.html,https://www.faz.net/aktuell/politik/inland/hybride-angriffe-so-koennen-sie-sich-wappnen-201185499.html,0,www.faz.net,Resilienz gegen Angriffe: Die Gefahr hybrider Attacken wächst – wie kann sich jeder Einzelne wappnen?,"Bisher waren es Einzelfälle, aber ein koordinierter hybrider Angriff auf die Strom- und Gasversorgung in Deutschland wird wahrscheinlicher. Was tun?",https://media0.faz.net/image/w1200h627/a779335f9c96/w6144h3210x0y443o/202609/43601.0.2496501009/angriff-auf-das-stromnetz.webp,2026-09-03T15:13:08Z,,"Bundesinnenminister Alexander Dobrindt hatte eine Warnung mitgebracht. Man gehe davon aus, dass Deutschland das Ziel weiterer hybrider Angriffe Russlands ist, sagte er, als er die Sanktionen verkünde… [+7135 chars]",,de,'Gas'
https://www.telepolis.de/article/Europas-Gasspeicher-vor-dem-Winter-nur-zu-65-Prozent-gefuellt-11440584.html,https://www.telepolis.de/article/Europas-Gasspeicher-vor-dem-Winter-nur-zu-65-Prozent-gefuellt-11440584.html,0,www.telepolis.de,Europas Gasspeicher vor dem Winter nur zu 65 Prozent gefüllt,"EU-Speicher auf 15-Jahres-Tief, LNG-Preise auf 3,5-Jahres-Hoch: Der Iran-Krieg und zögerliche Einkäufe gefährden die Energieversorgung.",https://heise.cloudimg.io/v7/_www-heise-de_/imgs/18/5/1/5/8/6/6/5/shutterstock_1660250275-7f684530eaef6827.jpg?func=bound&height=1200&org_if_sml=1&q=85&width=1200,2026-09-03T15:30:00Z,,"(Bild: Vova Shevchuk / Shutterstock.com)
EU-Speicher auf 15-Jahres-Tief, LNG-Preise auf 3,5-Jahres-Hoch: Der Iran-Krieg und zögerliche Einkäufe gefährden die Energieversorgung.
Europa geht ein hohe… [+3224 chars]",,de,'Iran'
https://www.zeit.de/news/2026-09/03/sabotage-am-stromnetz-polizei-prueft-bekennerschreiben,https://www.zeit.de/news/2026-09/03/sabotage-am-stromnetz-polizei-prueft-bekennerschreiben,0,www.zeit.de,Nach Angriff auf Stromnetz: Sabotage am Stromnetz: Polizei prüft Bekennerschreiben,Hier finden Sie Informationen zu dem Thema „Nach Angriff auf Stromnetz“. Lesen Sie jetzt „Sabotage am Stromnetz: Polizei prüft Bekennerschreiben“.,https://img.zeit.de/news/2026-09/03/sabotage-am-stromnetz-polizei-prueft-bekennerschreiben-image-group/wide__1300x731,2026-09-03T16:07:48Z,,Nach der Sabotage am Stromnetz in Südbrandenburg prüft die Brandenburger Polizei ein Bekennerschreiben. «Die Polizei Brandenburg wurde heute über ein Bekennerschreiben im Zusammenhang mit dem Anschla… [+1013 chars],,de,'Angriff'
https://www.zeit.de/politik/deutschland/2026-09/baerbel-bas-vw-standortgarantie-autoindustrie-china-zoelle,https://www.zeit.de/politik/deutschland/2026-09/baerbel-bas-vw-standortgarantie-autoindustrie-china-zoelle,0,www.zeit.de,Krise in der Automobilindustrie: SPD-Chefin Bas knüpft Hilfe für Autoindustrie an Standortgarantie,"Wenn der Staat der Autoindustrie helfen soll, erwartet er etwas im Gegenzug: die Sicherung von deutschen Arbeitsplätzen. Bärbel Bas fordert daher Standortgarantien.",https://img.zeit.de/politik/deutschland/2026-09/baerbel-bas-vw-standortgarantie-autoindustrie-china-zoelle-foto-1/wide__1300x731,2026-09-03T16:58:59Z,,"Angesichts der Sparpläne bei Volkswagen hat SPD-Chefin Bärbel Bas eine staatliche Unterstützung der Autoindustrie an Standortgarantien geknüpft. Wenn die Politik der Autoindustrie helfe, müsse das Un… [+443 chars]",,de,'Krise'
https://www.faz.net/aktuell/politik/ausland/liveblog-irankrieg-netanjahu-sturz-von-iranischer-fuehrung-bleibt-hauptziel-faz-200583539.html,https://www.faz.net/aktuell/politik/ausland/liveblog-irankrieg-netanjahu-sturz-von-iranischer-fuehrung-bleibt-hauptziel-faz-200583539.html,0,www.faz.net,Liveblog Irankrieg: Netanjahu: Sturz von iranischer Führung bleibt Hauptziel,"„Die wichtigste Aufgabe, die noch vor uns liegt“, so der israelische Ministerpräsident +++ Iran greift abermals Ziele in Kuwait an +++ Trump will Straße von Hormus in „Trump-Straße“ umbenennen +++ alle Entwicklungen im Liveblog",https://media0.faz.net/image/w1200h627/111e3ce35afe/w3788h1979x0y88o/202609/43601.0.2496880263/der-israelische.webp,2026-09-03T19:13:18Z,,"Die amerikanischen Streitkräfte haben abermals Ziele in Iran angegriffen. Wie das für die Region zuständige Militärkommando Centcom am Dienstagabend mitteilte, sei dies auf versuchte Angriffe der ira… [+1673 chars]",,de,'Hormus'
https://www.zeit.de/politik/ausland/2026-09/russland-norwegen-botschafter-schiff-professor-moltschanow-beschlagnahme-spitzbergen-naftogaz,https://www.zeit.de/politik/ausland/2026-09/russland-norwegen-botschafter-schiff-professor-moltschanow-beschlagnahme-spitzbergen-naftogaz,0,www.zeit.de,Forschungsschiff: Russland bestellt Norwegens Botschafter wegen Schiffsfestsetzung ein,Norwegen hat ein russisches Forschungsschiff in Spitzbergen beschlagnahmt. Russland protestiert und fordert die Freigabe des Schiffes.,https://img.zeit.de/politik/ausland/2026-09/a-screengrab-from-an-archive-video-shot-in-july-2022-shows-professor-molchanov-a-russian-ship-which-was-seized-by-norway-in-the-arctic-bild/wide__1300x731,2026-09-03T23:04:26Z,,"Russland hat den norwegischen Botschafter einbestellt, nachdem das Land ein russisches Schiff in einem Hafen der Inselgruppe Spitzbergen beschlagnahmt hatte. »Dem Botschafter wurde ein entschiedener … [+1457 chars]",,de,'Russland'
https://www.zeit.de/news/2026-09/04/hessens-wirte-hoffen-auf-biergarten-schub-im-september,https://www.zeit.de/news/2026-09/04/hessens-wirte-hoffen-auf-biergarten-schub-im-september,0,www.zeit.de,Gastgewerbe: Hessens Wirte hoffen auf Biergarten-Schub im September,Hier finden Sie Informationen zu dem Thema „Gastgewerbe“. Lesen Sie jetzt „Hessens Wirte hoffen auf Biergarten-Schub im September“.,https://img.zeit.de/news/2026-09/04/hessens-wirte-hoffen-auf-biergarten-schub-im-september-image-group/wide__1300x731,2026-09-04T01:00:06Z,,"Nach einem mauen ersten Halbjahr hofft das hessische Gastgewerbe auch dank nochmals sommerlicher Wetteraussichten auf einen Schub im Herbst. «September ist eine wunderbare Biergartenzeit», sagte der … [+2079 chars]",,de,'Gas'
https://www.faz.net/aktuell/politik/ausland/suedkorea-besaenftigt-trump-und-will-truppen-in-die-strasse-von-hormus-entsenden-accg-201190316.html,https://www.faz.net/aktuell/politik/ausland/suedkorea-besaenftigt-trump-und-will-truppen-in-die-strasse-von-hormus-entsenden-accg-201190316.html,0,www.faz.net,Seoul besänftigt Trump: Südkorea will Truppen in die Straße von Hormus entsenden,Trump sagte ein Militärmanöver mit Südkorea wegen mangelnder Unterstützung im Irankrieg ab. Jetzt bereitet Seoul die Entsendung von Schiffen und Flugzeugen vor.,https://media0.faz.net/image/w1200h627/d332830bd06a/w3000h1567x0y216o/202508/43601.0.1242255889/suedkoreanische-und.webp,2026-09-04T05:56:40Z,,"Südkorea hat mit den Vorbereitungen für eine Truppenentsendung in die Straße von Hormus begonnen. Die Regierung in Seoul habe den USA im vergangenen Monat mitgeteilt, sie sei bereit, den Amerikanern … [+4235 chars]",,de,'Iran'
https://www.welt.de/regionales/hamburg/article6a9a6b47b3e0470a1975b310/st-pauli-zwei-tote-bei-hamburger-messe-ermittler-pruefen-milieu-hintergrund.html,https://www.welt.de/regionales/hamburg/article6a9a6b47b3e0470a1975b310/st-pauli-zwei-tote-bei-hamburger-messe-ermittler-pruefen-milieu-hintergrund.html,0,www.welt.de,Zwei Tote bei Hamburger Messe – Ermittler prüfen Milieu-Hintergrund,"Auf einem Gewerbehof nahe der Hamburger Messe werden zwei Männer erschossen, ein weiterer wird verletzt. Die Täter sind weiterhin auf der Flucht. Bereits Ende Juni explodierte auf demselben Gelände eine Handgranate.",https://images.welt.de/6a9a6b47b3e0470a1975b310/cb55cf9c2f952f6d8f2ce6e552b35286-master/ci16x9-w1200/dpa-com-260902-936-77786-jpg,2026-09-04T07:10:03Z,,"Auf einem Gewerbehof nahe der Hamburger Messe werden zwei Männer erschossen, ein weiterer wird verletzt. Die Täter sind weiterhin auf der Flucht. Bereits Ende Juni explodierte auf demselben Gelände e… [+3960 chars]",,de,'Flucht'
https://www.golem.de/sonstiges/zustimmung/auswahl.html?from=https://www.golem.de/news/sabotage-an-umspannwerken-drittes-umspannwerk-sollte-beschaedigt-werden-2609-212646.html&referer=https://t.co/3996dc8e06,https://www.golem.de/sonstiges/zustimmung/auswahl.html?from=https://www.golem.de/news/sabotage-an-umspannwerken-drittes-umspannwerk-sollte-beschaedigt-werden-2609-212646.html&referer=https://t.co/3996dc8e06,0,www.golem.de,Sabotage an Umspannwerken: Drittes Umspannwerk sollte beschädigt werden,"Bei Dormagen nahe Köln wurden verdächtige Abschussvorrichtungen gefunden. Zudem gibt es ein Bekennerschreiben, das weitere Tatorte nennt. (Energie & Klima, Security)",,2026-09-04T08:06:05Z,,"Besuchen Sie Golem.de wie gewohnt mit Werbung und Tracking,
 indem Sie der Nutzung aller Cookies zustimmen.
 Details zum Tracking finden Sie im Privacy Center.
Skript wurde nicht geladen. Informat… [+607 chars]",,de,'Klima'
https://www.zeit.de/news/2026-09/04/spritkosten-treiben-inflation-im-august,https://www.zeit.de/news/2026-09/04/spritkosten-treiben-inflation-im-august,0,www.zeit.de,Hohe Preise: Spritkosten treiben Inflation im August,Hier finden Sie Informationen zu dem Thema „Hohe Preise“. Lesen Sie jetzt „Spritkosten treiben Inflation im August“.,https://img.zeit.de/news/2026-09/04/spritkosten-treiben-inflation-im-august-image-group/wide__1300x731,2026-09-04T09:39:06Z,,Vor allem Spritkosten haben zuletzt ordentlich angezogen und sich auch in den Geldbörsen der Menschen in Thüringen bemerkbar gemacht. Durchschnittlich erhöhten sich die Verbraucherpreise verglichen m… [+1655 chars],,de,'Inflation'
https://www.zeit.de/wirtschaft/2026-09/vw-sparpaket-michael-kretschmer-cdu-autoproduktion-deutschland,https://www.zeit.de/wirtschaft/2026-09/vw-sparpaket-michael-kretschmer-cdu-autoproduktion-deutschland,0,www.zeit.de,Krise bei Volkswagen: Kretschmer sieht trotz VW-Sparpaket Zukunft für sächsisches Werk,"Die Einigung auf ein Sparpaket bei VW sorgt auch in der Politik für Verunsicherung. Die sächsische Landesregierung äußert Hoffnung, anderswo zeigt sich offener Frust.",https://img.zeit.de/wirtschaft/2026-09/vw-sparpaket-michael-kretschmer-cdu-autoproduktion-deutschland-foto-1/wide__1300x731,2026-09-04T10:17:43Z,,Der sächsische Ministerpräsident Michael Kretschmer (CDU) sieht in dem angekündigten Sparpaket bei VW auch Positives. Der Aufsichtsrat von Volkswagen habe keine Schließung von deutschen Werken beschl… [+3983 chars],,de,'Krise'
https://www.zeit.de/news/2026-09/04/oezdemir-fordert-echte-perspektive-fuer-audi-werk-neckarsulm,https://www.zeit.de/news/2026-09/04/oezdemir-fordert-echte-perspektive-fuer-audi-werk-neckarsulm,0,www.zeit.de,VW-Krise: Özdemir fordert echte Perspektive für Audi-Werk Neckarsulm,Hier finden Sie Informationen zu dem Thema „VW-Krise“. Lesen Sie jetzt „Özdemir fordert echte Perspektive für Audi-Werk Neckarsulm“.,https://img.zeit.de/news/2026-09/04/oezdemir-fordert-echte-perspektive-fuer-audi-werk-neckarsulm-image-group/wide__1300x731,2026-09-04T11:29:38Z,,Der baden-württembergische Ministerpräsident Cem Özdemir (Grüne) mahnt nach der Einigung auf den Sparplan bei Volkswagen konkrete Vorschläge für den Audi-Standort in Neckarsulm an. Özdemir sagte in S… [+1930 chars],,de,'Krise'
https://www.deutsche-startups.de/2026/09/04/atira-erhaelt-15-millionen-pyure-uebernimmt-klimaso-callstack-kauft-margelo/,https://www.deutsche-startups.de/2026/09/04/atira-erhaelt-15-millionen-pyure-uebernimmt-klimaso-callstack-kauft-margelo/,0,www.deutsche-startups.de,#DealMonitor - Atira erhält 15 Millionen – Pyure übernimmt klima&so – Callstack kauft Margelo,+++ #DealMonitor +++ Münchner KI-Startup Atira erhält 15 Millionen +++ DefenseTech Skylance aus Hürth sammelt 1 Million ein +++ Finanzspritze für Foldcast +++ Berliner SustainTech Pyure übernimmt klima&so +++ Callstack kauft Margelo +++,https://www.deutsche-startups.de/wp-content/uploads/2021/01/ds-streetart_41.jpg,2026-09-04T11:55:00Z,,"Im #DealMonitor für den 4. September werfen wir einen Blick auf die wichtigsten, spannendsten und interessantesten Investments und Exits des Tages in der DACH-Region. Alle Deals der Vortage gibt es i… [+3524 chars]",,de,'Klima'
https://www.focus.de/politik/ausland/pete-hegseth-habe-im-pentagon-ein-klima-der-angst-geschaffen-sagt-der-ehemalige-sekretaer-der-luftwaffe_1fb11111-e7ea-423c-a6db-1d48a61a9db5.html,https://www.focus.de/politik/ausland/pete-hegseth-habe-im-pentagon-ein-klima-der-angst-geschaffen-sagt-der-ehemalige-sekretaer-der-luftwaffe_1fb11111-e7ea-423c-a6db-1d48a61a9db5.html,0,www.focus.de,"Pete Hegseth habe im Pentagon ein „Klima der Angst“ geschaffen, sagt der ehemalige Sekretär der Luftwaffe","Frank Kendall erhebt schwere Vorwürfe gegen Pentagon-Chef Pete Hegseth. Er warnt vor Angst, Schweigen und einem gefährlichen Verlust an Führung.","https://quadro.burda-forward.de/ctf/d7cc204a-2d6e-4f80-8fa2-4b4df5feaf7c.de671896-a68f-4671-8591-295db8340197.jpg?im=RegionOfInterestCrop=(1200,630),regionOfInterest=(747,478)&hash=2911a0723da1033c06eccafb5ddda33ce8dd0a1d85df9fd95663b465c868db21",2026-09-04T12:09:00Z,,"Der frühere US-Luftwaffenminister Frank Kendall wirft Verteidigungsminister Pete Hegseth vor, im Pentagon ein Klima der Angst geschaffen zu haben. Nach Kendalls Darstellung trauen sich viele Mitarbei… [+3031 chars]",,de,'Klima'
https://www.zeit.de/politik/deutschland/2026-09/bsw-fraktion-thueringen-austritt-mario-voigt-katja-wolf,https://www.zeit.de/politik/deutschland/2026-09/bsw-fraktion-thueringen-austritt-mario-voigt-katja-wolf,0,www.zeit.de,Thüringen: Mario Voigt will trotz BSW-Krise in Thüringen weiterregieren,"Die Thüringer BSW-Fraktion ist fast geschlossen aus der Partei ausgetreten, will aber weiterregieren. Ministerpräsident Voigt sprach von einem »Tag der Klarheit«.",https://img.zeit.de/politik/deutschland/2026-09/bsw-fraktion-thueringen-austritt-mario-voigt-katja-wolf-foto-1/wide__1300x731,2026-09-04T12:15:22Z,,Nach dem Parteiaustritt eines Großteils der BSW-Fraktion im Thüringer Landtag will die Landesregierung um Ministerpräsident Mario Voigt (CDU) weitermachen. »Wir haben ein gemeinsames Verständnis für … [+3425 chars],,de,'Krise'
https://www.derstandard.at/story/3000000338424/milei-und-trump-heizen-den-streit-um-die-falkland-inseln-an-mit-fragwuerdigen-motiven,https://www.derstandard.at/story/3000000338424/milei-und-trump-heizen-den-streit-um-die-falkland-inseln-an-mit-fragwuerdigen-motiven,0,www.derstandard.at,Milei und Trump heizen den Streit um die Falkland-Inseln an – mit fragwürdigen Motiven,"Argentiniens Präsident ringt mit sinkender Popularität, der US-Präsident mag die britische Regierung nicht. Daraus erwächst ein unnötiger Konflikt",https://i.ds.at/9UZ1_Q/rs:fill:1200:600/plain/lido-images/2026/07/16/2c8c0c11-7d85-46d4-aa57-8c945e749bb2.jpg,2026-09-04T13:13:48Z,,"Sie entscheiden darüber, wie Sie unsere Inhalte nutzen wollen. Ihr Gerät erlaubt uns derzeit leider nicht, die entsprechenden Optionen anzuzeigen.
Bitte deaktivieren Sie sämtliche Hard- und Software… [+180 chars]",,de,'heizen'
https://www.zeit.de/news/2026-09/04/ukraine-russische-drohne-attackiert-geheimdienstzentrale,https://www.zeit.de/news/2026-09/04/ukraine-russische-drohne-attackiert-geheimdienstzentrale,0,www.zeit.de,Ukraine-Krieg: Ukraine: Russische Drohne attackiert Geheimdienstzentrale,Hier finden Sie Informationen zu dem Thema „Ukraine-Krieg“. Lesen Sie jetzt „Ukraine: Russische Drohne attackiert Geheimdienstzentrale“.,https://img.zeit.de/news/2026-09/04/ukraine-russische-drohne-attackiert-geheimdienstzentrale-image-group/wide__1300x731,2026-09-04T13:38:13Z,,Eine russische Drohne hat das Hauptgebäude des ukrainischen Geheimdienstes SBU im Zentrum der Hauptstadt Kiew angegriffen. «Die Drohne zielte direkt auf das Arbeitszimmer des SBU-Leiters in diesem Ge… [+399 chars],,de,'Ukraine'
https://www.zeit.de/politik/ausland/2026-09/russische-drohne-kiew-sbu-geheimdienst-ukraine,https://www.zeit.de/politik/ausland/2026-09/russische-drohne-kiew-sbu-geheimdienst-ukraine,0,www.zeit.de,Krieg gegen die Ukraine: Russische Drohne trifft Geheimdienstzentrale in Kiew,"Im Hauptquartier des ukrainischen Inlandsgeheimdienstes SBU ist eine Drohne eingeschlagen. Präsident Wolodymyr Selenskyj kündigt eine »angemessene, spürbare« Reaktion an.",https://img.zeit.de/politik/ausland/2026-09/russische-drohne-kiew-sbu-geheimdienst-ukraine-foto-1/wide__1300x731,2026-09-04T14:57:15Z,,"Eine russische Drohne hat das Hauptquartier des ukrainischen Inlandsgeheimdienste SBU in Kiew getroffen. Die Drohne sei auf das Büro des Geheimdienstleiters gerichtet gewesen, schrieb der ukrainische… [+510 chars]",,de,'Ukraine'
https://www.faz.net/aktuell/wissen/erde-klima/duerre-hitze-braende-eine-denkwuerdige-bilanz-des-sommers-2026-201184117.html,https://www.faz.net/aktuell/wissen/erde-klima/duerre-hitze-braende-eine-denkwuerdige-bilanz-des-sommers-2026-201184117.html,0,www.faz.net,Klimawandel: Wie war der Hitzesommer?,"Der Sommer 2026 ist Geschichte. Was bleibt ist die Erinnerung an Waldbrände, Trockenheit und quälende Hitze, die viele Menschen nicht überlebten. Eine denkwürdige Bilanz mit Zahlen und Daten.",https://media0.faz.net/image/w1200h627/eb75f6abf9e6/w1867h975x167y37o/202609/ee295d11-96ad-4e0c-8711-a12988bf0a83/krkx9styocwn.webp,2026-09-04T15:08:01Z,,"Wie war der Hitzesommer?
Von Frauke Zbikowski, Andreas Frey und Pia Heinemann (Texte), Claudia Bothe und Julia Bellan (Grafiken)
5. September 2026 · Der Sommer ist Geschichte. Was bleibt ist die Er… [+14397 chars]",,de,'Klima'
https://www.n-tv.de/wirtschaft/Bericht-London-genehmigt-Ausbeutung-von-umstrittenem-Gasfeld-id31271219.html,https://www.n-tv.de/wirtschaft/Bericht-London-genehmigt-Ausbeutung-von-umstrittenem-Gasfeld-id31271219.html,0,www.n-tv.de,Nächste Kehrtwende des Premiers?: Bericht: London genehmigt Ausbeutung von umstrittenem Gasfeld,"Neue Regierung, alter Streit: Großbritanniens Premier Andy Burnham steht offenbar vor einer heiklen energiepolitischen Entscheidung. Es geht um Gas aus der Nordsee, ein Wahlversprechen und Milliardeninvestitionen.",https://www.n-tv.de/img/31271246/1788539735/Img_16_9/1200/imago0860568474h.jpg,2026-09-04T16:04:29Z,,"Aktivisten von ""Fossil Free London"" veranstalten vor dem Parlament eine Protestaktion. (Foto: IMAGO/ZUMA Press Wire)
Neue Regierung, alter Streit: Großbritanniens Premier Andy Burnham steht offenbar… [+2092 chars]",,de,'Erdöl'
https://www.zeit.de/news/2026-09/04/selenskyj-us-vermittler-kommen-am-sonntag-nach-kiew,https://www.zeit.de/news/2026-09/04/selenskyj-us-vermittler-kommen-am-sonntag-nach-kiew,0,www.zeit.de,Ukraine-Krieg: Selenskyj: US-Vermittler kommen am Sonntag nach Kiew,Hier finden Sie Informationen zu dem Thema „Ukraine-Krieg“. Lesen Sie jetzt „Selenskyj: US-Vermittler kommen am Sonntag nach Kiew“.,https://img.zeit.de/news/2026-09/04/selenskyj-us-vermittler-kommen-am-sonntag-nach-kiew-image-group/wide__1300x731,2026-09-04T17:21:16Z,,"Der ukrainische Präsident Wolodymyr Selenskyj hat einen Besuch der US-Vermittler Steve Witkoff und Jared Kushner am Sonntag in Kiew angekündigt. Es sei heute besprochen worden, dass Steve Witkoff und… [+2134 chars]",,de,'Ukraine'
https://vorarlberg.orf.at/stories/3369372/,https://vorarlberg.orf.at/stories/3369372/,0,vorarlberg.orf.at,Begrünung als Klimaanlage auf dem Dach,"Im Kampf gegen den Klimawandel setzen viele Städte auf Dachbegrünungen. Sie speichern Regenwasser, geben Feuchtigkeit ab und sorgen dafür, dass sich Oberflächen weniger aufheizen. So funktionieren Dachbegrünungen wie Klimaanlagen. In Dornbirn wird in Workshop…",https://ibs.orf.at/vbg?image=https%3A%2F%2Foekastatic.orf.at%2Fmims%2F2026%2F36%2F38%2Fcrops%2Fw%3D1200%2Ch%3D627%2Cq%3D75%2F3171632_master_1229838_dscf6962.jpg%3Fs%3D3df56b766881de02e17ee80ccf3ce475ed3cc29e,2026-09-04T17:31:15Z,,"Am Modell wird im Kurs demonstriert, wie ein Dach begrünt wird. Die Schritte sind recht einfach: Vlies auslegen; Erde in der Mitte auftragen und verteilen; die Dachränder mit Kies auffüllen, um die A… [+3270 chars]",,de,'heizen'
https://www.diepresse.com/41217895/am-balkan-droht-eine-grosse-teuerungswelle,https://www.diepresse.com/41217895/am-balkan-droht-eine-grosse-teuerungswelle,0,www.diepresse.com,Am Balkan droht eine große Teuerungswelle [premium],Durch die Dürre verursachte Missernten schüren auf dem Balkan die Angst vor Preissprüngen bei Lebensmitteln – und einem neuen Inflationsschub.,https://img.diepresse.com/public/incoming/dnz59p-imagost0702141100010860573695jpg/alternates/WEBP_WIDE_1200/imago_st_0702_14110001_0860573695.jpg,2026-09-04T17:59:23Z,,Ob gute oder schlechte Ernten auch auf dem Balkan pflegen Landwirte entweder über zu geringe Preise oder zu dürftige Mengen zu klagen. Doch egal ob Obst-. Gemüse- und Getreidebauern oder Viehzüchter:… [+4677 chars],,de,'Klima'
https://www.zeit.de/wirtschaft/2026-09/volkswagen-unternehmen-autoindustrie-profit-entlassungen,https://www.zeit.de/wirtschaft/2026-09/volkswagen-unternehmen-autoindustrie-profit-entlassungen,0,www.zeit.de,Volkswagen: So schlimm ist die Lage bei VW,"Stagnierende Verkaufszahlen, drohende Werksschließungen und Jobabbau: VW muss sparen. Diese Grafiken zeigen das Ausmaß der Krise bei dem deutschen Autokonzern.",https://img.zeit.de/wirtschaft/2026-09/volkswagen-unternehmen-autoindustrie-profit-entlassungen-bild/wide__1300x731,2026-09-04T18:23:33Z,,"Schließen
Artikelzusammenfassung
Volkswagen stellt mit dem Zukunftsplan 2030 die Weichen für einen tiefen Umbau. Am Donnerstagabend einigten sich Eigentümer und Arbeitnehmer darauf, weltweit 100.00… [+1065 chars]",,de,'Krise'
https://www.zeit.de/news/2026-09/05/vorstoss-zu-ende-des-ukraine-kriegs-trump-schickt-vermittler,https://www.zeit.de/news/2026-09/05/vorstoss-zu-ende-des-ukraine-kriegs-trump-schickt-vermittler,0,www.zeit.de,Die Lage im Überblick: Vorstoß zu Ende des Ukraine-Kriegs? Trump schickt Vermittler,Hier finden Sie Informationen zu dem Thema „Die Lage im Überblick“. Lesen Sie jetzt „Vorstoß zu Ende des Ukraine-Kriegs? Trump schickt Vermittler“.,https://img.zeit.de/news/2026-09/05/vorstoss-zu-ende-des-ukraine-kriegs-trump-schickt-vermittler-image-group/wide__1300x731,2026-09-04T23:28:39Z,,In die Verhandlungen über ein Ende des Ukraine-Kriegs könnte unter Vermittlung der USA wieder Bewegung kommen. Der ukrainische Präsident Wolodymyr Selenskyj kündigte einen Besuch des US-Sondergesandt… [+4570 chars],,de,'Ukraine'
https://www.zeit.de/news/2026-09/05/duerre-und-klimawandel-wie-sicher-ist-der-waldspaziergang,https://www.zeit.de/news/2026-09/05/duerre-und-klimawandel-wie-sicher-ist-der-waldspaziergang,0,www.zeit.de,Herbst: Dürre und Klimawandel: Wie sicher ist der Waldspaziergang?,Hier finden Sie Informationen zu dem Thema „Herbst“. Lesen Sie jetzt „Dürre und Klimawandel: Wie sicher ist der Waldspaziergang?“.,https://img.zeit.de/news/2026-09/05/duerre-und-klimawandel-wie-sicher-ist-der-waldspaziergang-image-group/wide__1300x731,2026-09-05T02:00:09Z,,"Mit dem Blick nicht nur nach unten, sondern auch nach oben: Damit der Waldspaziergang im Herbst sicherer wird, gibt es ein paar Regeln zu beachten, besonders nach dem heißen Sommer.
«Der Zustand der… [+2456 chars]",,de,'Klima'
https://www.zeit.de/2026/38/russland-wirtschaft-krise-kriegswirtschaft-struktur-wladimir-putin,https://www.zeit.de/2026/38/russland-wirtschaft-krise-kriegswirtschaft-struktur-wladimir-putin,0,www.zeit.de,Russlands Wirtschaft: Das Codewort lautet: »Mobilisierung«,"Angesichts der Krise fordern russische Politiker, die Wirtschaft staatlich zu kontrollieren wie einst in der UdSSR. Erste Schritte zur Kommandowirtschaft wurden gemacht.",https://img.zeit.de/2026/38/unternehmen-an-die-front-bild-1/wide__1300x731,2026-09-05T04:03:13Z,,"Wenn es mit der russischen Wirtschaft schlecht läuft, tritt der oberste Befehlshaber ans Mikrofon und sagt: »Die Wirtschaft muss unbedingt auf einen stabilen Wachstumspfad zurückkehren!« So sprach Wl… [+742 chars]",,de,'Krise'
https://www.morgenpost.de/bezirke/steglitz-zehlendorf/article413018514/verkehr-natur-klima-gemeinsam-aktiv-fuer-die-zukunft-von-steglitz-zehlendorf.html,https://www.morgenpost.de/bezirke/steglitz-zehlendorf/article413018514/verkehr-natur-klima-gemeinsam-aktiv-fuer-die-zukunft-von-steglitz-zehlendorf.html,0,www.morgenpost.de,"Verkehr, Natur, Klima: Gemeinsam aktiv für die Zukunft von Steglitz-Zehlendorf","Beim ersten Fest der Initiativen bündeln 33 Gruppen ihre Kräfte, stellen Bezirksstadträten unbequeme Fragen und planen die nächste Ausgabe.",https://img.sparknews.funkemedien.de/413026219/413026219_1788266045_v16_9_1600.jpeg,2026-09-05T05:00:00Z,,Das Ergebnis überrascht: Thomas Brüggemann hat drei Wasserproben vorbereitet und lässt die Tester jeweils einen Schluck davon trinken. Die Frage ist: Welches Wasser schmeckt am besten? Die meisten bu… [+6833 chars],,de,'Klima'
https://www.faz.net/aktuell/rhein-main/wirtschaft/gaspreise-steigen-was-verbraucher-jetzt-tun-koennen-accg-201183157.html,https://www.faz.net/aktuell/rhein-main/wirtschaft/gaspreise-steigen-was-verbraucher-jetzt-tun-koennen-accg-201183157.html,0,www.faz.net,Deutlicher Preisanstieg: Mit diesen Schritten können Gaskunden Kosten sparen,"Erdgas ist so teuer wie lange nicht. Verbraucherschützer rechnen mit einer herausfordernden Heizperiode. Wer jetzt seinen Tarif prüft, kann sich möglicherweise noch gegen weitere Preiserhöhungen absichern.",https://media0.faz.net/image/w1200h627/77d9312533a7/w5392h2817x0y667o/202608/43601.0.2394461758/man-mag-kaum-hinschauen.webp,2026-09-05T06:15:21Z,,"Der Konflikt im Nahen Osten ist wieder aufgeflammt, damit stirbt die Hoffnung der Branche, die Straße von Hormus, der wichtigste Transportweg in der Welt für die Energiewirtschaft, könne wieder geöff… [+5367 chars]",,de,'Gas'
https://www.faz.net/aktuell/rhein-main/wirtschaft/erdgas-wird-noch-teurer-was-verbraucher-jetzt-tun-sollten-accg-201183157.html,https://www.faz.net/aktuell/rhein-main/wirtschaft/erdgas-wird-noch-teurer-was-verbraucher-jetzt-tun-sollten-accg-201183157.html,0,www.faz.net,Deutlicher Preisanstieg: Gas-Kunden sollten jetzt neue Verträge schließen,"Erdgas ist so teuer wie lange nicht. Verbraucherschützer rechnen mit einer herausfordernden Heizperiode. Wer jetzt seinen Tarif prüft, kann das Schlimmste vielleicht noch abwehren.",https://media0.faz.net/image/w1200h627/77d9312533a7/w5392h2817x0y667o/202608/43601.0.2394461758/man-mag-kaum-hinschauen.webp,2026-09-05T06:15:21Z,,"Der Konflikt im Nahen Osten ist wieder aufgeflammt, damit stirbt die Hoffnung der Branche, die Straße von Hormus, der wichtigste Transportweg in der Welt für die Energiewirtschaft, könne wieder geöff… [+5363 chars]",,de,'Erdöl'
https://www.zeit.de/politik/deutschland/2026-09/afd-sachsen-anhalt-innenminister-georg-maier-russland-verfassungsschutz,https://www.zeit.de/politik/deutschland/2026-09/afd-sachsen-anhalt-innenminister-georg-maier-russland-verfassungsschutz,0,www.zeit.de,AfD in Sachsen-Anhalt: Landesminister warnt vor Gefahren für Infrastruktur bei AfD-Regierung,"Sollte die AfD in Sachsen-Anhalt regieren, könnten Daten an Russland gelangen, warnt Thüringens Innenminister Georg Maier. Die kritische Infrastruktur wäre in Gefahr.",https://img.zeit.de/politik/deutschland/2026-09/afd-sachsen-anhalt-innenminister-georg-maier-russland-verfassungsschutz-foto-1/wide__1300x731,2026-09-05T07:02:58Z,,"Thüringens Innenminister Georg Maier sieht wichtige Infrastruktur gefährdet, sollte die AfD in Sachsen-Anhalt künftig den Innenminister stellen. »Angesichts der aktuellen Angriffe auf unsere kritisch… [+733 chars]",,de,'Russland'
https://www.politico.eu/podcast/berlin-playbook-podcast/ein-spaziergang-mit-sahra-wagenknecht/,https://www.politico.eu/podcast/berlin-playbook-podcast/ein-spaziergang-mit-sahra-wagenknecht/,0,www.politico.eu,Ein Spaziergang mit Sahra Wagenknecht,"Endspurt im Wahlkampf in Sachsen-Anhalt: Zwischen Plattenbauten in Halle-Neustadt steht für das Bündnis Sahra Wagenknecht (BSW) weit mehr auf dem Spiel als nur der Einzug in den Landtag. Sahra Wagenknecht skizziert ein Klima der extremen Polarisierung, in dem…","https://www.politico.eu/cdn-cgi/image/width=1200,height=630,fit=crop,quality=80,onerror=redirect/wp-content/uploads/2026/05/21/Berlin-Playbook-Thumbnail-1.jpg",2026-09-05T08:00:00Z,,Endspurt im Wahlkampf in Sachsen-Anhalt: Zwischen Plattenbauten in Halle-Neustadt steht für das Bündnis Sahra Wagenknecht (BSW) weit mehr auf dem Spiel als nur der Einzug in den Landtag. Sahra Wagenk… [+1622 chars],,de,'Klima'
https://www.dw.com/de/trumps-druck-auf-iran-drei-l%C3%A4nder-drei-reaktionen/a-78961094,https://www.dw.com/de/trumps-druck-auf-iran-drei-l%C3%A4nder-drei-reaktionen/a-78961094,0,www.dw.com,"Trumps Druck auf Iran: Drei Länder, drei Reaktionen","Trumps neue Sanktionsdrohungen gegen Iran stellen dessen Handelspartner vor unterschiedliche Herausforderungen. China widersteht, Indien balanciert und die Emirate gehen unter doppeltem Druck auf Distanz. US-Finanzminister Scott Bessent zeigt sich entschlosse…",https://static.dw.com/image/78594330_6.jpg,2026-09-05T09:56:00Z,,"US-Finanzminister Scott Bessent zeigt sich entschlossen. Er werde die Regierung des Iran ökonomisch ""würgen"", erklärte er Medienberichten zufolge Anfang der Woche - und zwar so lange, bis sie einem F… [+8606 chars]",,de,'Iran'
https://www.zeit.de/news/2026-09/05/selenskyj-russland-beschiesst-vor-us-besuch-kiewer-flughaefen,https://www.zeit.de/news/2026-09/05/selenskyj-russland-beschiesst-vor-us-besuch-kiewer-flughaefen,0,www.zeit.de,Vermittlungsmission: Selenskyj: Russland beschießt vor US-Besuch Kiewer Flughäfen,Hier finden Sie Informationen zu dem Thema „Vermittlungsmission“. Lesen Sie jetzt „Selenskyj: Russland beschießt vor US-Besuch Kiewer Flughäfen“.,https://img.zeit.de/news/2026-09/05/selenskyj-russland-beschiesst-vor-us-besuch-kiewer-flughaefen-image-group/wide__1300x731,2026-09-05T10:02:38Z,,Kurz vor dem erwarteten Besuch von US-Unterhändlern in Kiew haben die russischen Streitkräfte nach Angaben des ukrainischen Präsidenten Wolodymyr Selenskyj die Flughäfen der Hauptstadt beschossen. Di… [+1627 chars],,de,'Wladimir Putin'
https://www.zeit.de/news/2026-09/05/us-unterhaendler-in-moskau-treffen-mit-putin-geplant,https://www.zeit.de/news/2026-09/05/us-unterhaendler-in-moskau-treffen-mit-putin-geplant,0,www.zeit.de,Ukraine-Krieg: US-Unterhändler in Moskau - Treffen mit Putin geplant,Hier finden Sie Informationen zu dem Thema „Ukraine-Krieg“. Lesen Sie jetzt „US-Unterhändler in Moskau - Treffen mit Putin geplant“.,https://img.zeit.de/news/2026-09/05/us-unterhaendler-in-moskau-treffen-mit-putin-geplant-image-group/wide__1300x731,2026-09-05T11:05:16Z,,Die Unterhändler von US-Präsident Donald Trump zum Ukraine-Krieg sind für Gespräche mit dem russischen Staatschef Wladimir Putin in Moskau eingetroffen. Die staatliche russische Nachrichtenagentur Ta… [+585 chars],,de,'Ukraine'
https://www.golem.de/sonstiges/zustimmung/auswahl.html?from=https://www.golem.de/news/umspannwerke-suche-nach-verdaechtigem-stromsaboteur-laeuft-2609-212688.html&referer=https://t.co/2e037b9550,https://www.golem.de/sonstiges/zustimmung/auswahl.html?from=https://www.golem.de/news/umspannwerke-suche-nach-verdaechtigem-stromsaboteur-laeuft-2609-212688.html&referer=https://t.co/2e037b9550,0,www.golem.de,Umspannwerke: Suche nach verdächtigem Stromsaboteur läuft,"Die versuchten Sabotageakte gegen das Strom-Netz häufen sich, es gibt Bekennerschreiben. Das Fahrzeug des mutmaßlichen Verfassers hat die Polizei gefunden - er selbst ist flüchtig. (Energie & Klima, Security)",,2026-09-05T11:13:02Z,,"Besuchen Sie Golem.de wie gewohnt mit Werbung und Tracking,
 indem Sie der Nutzung aller Cookies zustimmen.
 Details zum Tracking finden Sie im Privacy Center.
Skript wurde nicht geladen. Informat… [+607 chars]",,de,'Klima'
https://www.golem.de/sonstiges/zustimmung/auswahl.html?from=https://www.golem.de/news/klimaanlagen-midea-stellt-neue-portasplit-mit-propan-vor-2609-212685.html&referer=https://t.co/c99b773d92,https://www.golem.de/sonstiges/zustimmung/auswahl.html?from=https://www.golem.de/news/klimaanlagen-midea-stellt-neue-portasplit-mit-propan-vor-2609-212685.html&referer=https://t.co/c99b773d92,0,www.golem.de,Klimaanlagen: Midea stellt neue Portasplit mit Propan vor,"Midea überarbeitet die Splitklimaanlage Portasplit. Das neue Modell nutzt Propan statt R32 und unterstützt Matter 1.6. (Energie & Klima, Matter)",,2026-09-05T12:16:01Z,,"Besuchen Sie Golem.de wie gewohnt mit Werbung und Tracking,
 indem Sie der Nutzung aller Cookies zustimmen.
 Details zum Tracking finden Sie im Privacy Center.
Skript wurde nicht geladen. Informat… [+607 chars]",,de,'Klima'
https://www.faz.net/aktuell/feuilleton/buecher/literatur/maxim-billers-schwarze-samstage-antisemitismus-und-die-krise-des-judentums-201169742.html,https://www.faz.net/aktuell/feuilleton/buecher/literatur/maxim-billers-schwarze-samstage-antisemitismus-und-die-krise-des-judentums-201169742.html,0,www.faz.net,Maxim Billers neues Buch: Die ewige Gegenwart der Barbarei,"Was, wenn Geschichte nicht vergeht, sondern wiederkehrt? Während der globale Judenhass das Ausmaß der Dreißigerjahre sogar übersteigt, ist der Staat Israel in eine tiefe Krise geraten. Was das auch für Juden außerhalb Israels bedeutet, versteht, wer Maxim Bil…",https://media0.faz.net/image/w1200h627/6fce5b921228/w3032h1584x303y1623o/202609/43601.0.2496882945/der-schriftsteller-maxim.webp,2026-09-05T12:32:46Z,,"Was tun, wenn man an Fortschritt glauben möchte, die ganze Chose sich aber stets nur zwei Schritte nach vorne und dann wieder einen zurück bewegt? Dann ist der Fortschritt immerhin noch einen Schritt… [+9780 chars]",,de,'Krise'
https://www.zeit.de/news/2026-09/05/merz-warnt-vor-verlust-von-arbeitsplaetzen-in-der-industrie,https://www.zeit.de/news/2026-09/05/merz-warnt-vor-verlust-von-arbeitsplaetzen-in-der-industrie,0,www.zeit.de,Autobauer in der Krise: Merz warnt vor Verlust von Arbeitsplätzen in der Industrie,Hier finden Sie Informationen zu dem Thema „Autobauer in der Krise“. Lesen Sie jetzt „Merz warnt vor Verlust von Arbeitsplätzen in der Industrie“.,https://img.zeit.de/news/2026-09/05/merz-warnt-vor-verlust-von-arbeitsplaetzen-in-der-industrie-image-group/wide__1300x731,2026-09-05T13:22:42Z,,Bundeskanzler Friedrich Merz hat angesichts der Krise bei Volkswagen vor einem weiteren Verlust von Industriearbeitsplätzen gewarnt. Volkswagen stehe beispielhaft für die schwierige Lage der Automobi… [+2001 chars],,de,'Krise'
https://www.bild.de/politik/in-der-strasse-von-hormus-usa-greifen-drei-iranische-oeltanker-an-6a9c1e218353bf8643b57685,https://www.bild.de/politik/in-der-strasse-von-hormus-usa-greifen-drei-iranische-oeltanker-an-6a9c1e218353bf8643b57685,0,www.bild.de,In der Straße von Hormus - USA greifen drei iranische Öltanker an,"US-Militär meldet Angriff auf drei Tanker, Iran droht mit harter Reaktion.","https://images.bild.de/6a9c1e218353bf8643b57685/1591186771a272f9d966aa3e0ade36b6,1f796978?w=1280",2026-09-05T13:53:02Z,,"+++Rauchwolke neben Luftwaffen-Airbus: Griechen-Jet stürzt bei Flugshow ab 
+++Rauchwolke neben Luftwaffen-Airbus: Griechen-Jet stürzt bei Flugshow ab 
+++Rauchwolke neben Luftwaffen-Airbus: Griech… [+567 chars]",,de,'Hormus'
https://www.focus.de/politik/ausland/ukraine-zerstoert-5-millionen-dollar-teure-buk-flugabwehr_154852b5-ae69-47a2-87de-9365e4b13301.html,https://www.focus.de/politik/ausland/ukraine-zerstoert-5-millionen-dollar-teure-buk-flugabwehr_154852b5-ae69-47a2-87de-9365e4b13301.html,0,www.focus.de,Ukraine zerstört 5 Millionen Dollar teure „Buk”-Flugabwehr,Die ukrainische Armee hat ein Fahrzeug eines russisches „Buk”-Flugabwehrsystems zerstört. Ein Video des Vorfalls teilte die 45. Brigade der Streitkräfte in den Sozialen Medien.,"https://quadro.burda-forward.de/ctf/3ab5d3dc-876f-4aba-bd55-9301586ad07f.e98644cd-71f5-4877-8f88-0d53f545c9a2.png?im=RegionOfInterestCrop=(1200,630),regionOfInterest=(1764,580)&hash=deb6de108901603e319f5d4dc7574f37baa2b89905f58142317901577249388a",2026-09-05T13:55:00Z,,"Bei dem Angriff setzte die Ukraine ein Himars-System ein. Das Video zeigt, wie das russische Flugabwehrsystem versucht, die anfliegende Bedrohung zunächst abzuwehren. Der Buk-Werfer feuert dabei mind… [+1045 chars]",,de,'Ukraine'
https://www.n-tv.de/wirtschaft/Europa-haengt-am-russischen-LNG-Hahn-dreht-die-Ukraine-ihn-ab-id31265765.html,https://www.n-tv.de/wirtschaft/Europa-haengt-am-russischen-LNG-Hahn-dreht-die-Ukraine-ihn-ab-id31265765.html,0,www.n-tv.de,Putins verwundbare Gasflotte: Europa hängt am russischen LNG-Hahn - dreht die Ukraine ihn ab?,Im Sommer verwandelt die Ukraine Russlands wichtigste Geldquelle in eine strategische Schwachstelle: das Ölgeschäft. Dasselbe könnte sie mit russischen LNG-Lieferungen machen. 15 Tanker halten den Export am Laufen. Sie rücken in Reichweite. Doch es gibt ein P…,https://www.n-tv.de/img/31265771/1788439979/Img_16_9/1200/387773714.jpg,2026-09-05T14:14:38Z,,"Für LNG-Lieferungen aus dem hohen Norden sind ebenso teure wie seltene Tanker der Eisklasse nötig. (Foto: picture alliance/dpa/TASS)
Im Sommer verwandelt die Ukraine Russlands wichtigste Geldquelle … [+6822 chars]",,de,'Russland'
https://www.zeit.de/digital/2026-09/cyberangriff-berlin-daten-veroeffentlicht,https://www.zeit.de/digital/2026-09/cyberangriff-berlin-daten-veroeffentlicht,0,www.zeit.de,Cyberangriff in Berlin: Was über das Datenleak in Berlin bekannt ist,"Zehntausende Mails, Telefonnummern und Passwörter sollen nach dem Angriff auf Berliner Behörden einsehbar sein. Darunter finden sich auch Verschlusssachen. Ein Überblick",https://img.zeit.de/digital/2026-09/cyberangriff-berlin-daten-veroeffentlicht-bild-2/wide__1300x731,2026-09-05T14:20:56Z,,"Schließen
Artikelzusammenfassung
Berlins Datenleck ist nun öffentlich. Nachdem die Stadt das geforderte Lösegeld von rund zwei Millionen Euro nicht zahlte, veröffentlichten Hacker 5,79 Terabyte mut… [+982 chars]",,de,'Angriff'
https://www.zeit.de/news/2026-09/05/merz-an-russland-fest-entschlossen-uns-zu-verteidigen,https://www.zeit.de/news/2026-09/05/merz-an-russland-fest-entschlossen-uns-zu-verteidigen,0,www.zeit.de,"Drohnen-Angriff: Merz an Russland: «Fest entschlossen, uns zu verteidigen»","Hier finden Sie Informationen zu dem Thema „Drohnen-Angriff“. Lesen Sie jetzt „Merz an Russland: «Fest entschlossen, uns zu verteidigen»“.",https://img.zeit.de/news/2026-09/05/merz-an-russland-fest-entschlossen-uns-zu-verteidigen-image-group/wide__1300x731,2026-09-05T14:51:15Z,,"Nach dem gescheiterten Drohnen-Angriff auf den Leipziger Flughafen hat Bundeskanzler Friedrich Merz eindringlich gefordert, die «hybride Kriegsführung» gegen Deutschland zu stoppen. «Jeder, der uns a… [+2031 chars]",,de,'Angriff'
https://www.tagesspiegel.de/berlin/dpa-polizei-sucht-opfer-und-tater-nach-schussen-in-berlin-16021603.html,https://www.tagesspiegel.de/berlin/dpa-polizei-sucht-opfer-und-tater-nach-schussen-in-berlin-16021603.html,0,www.tagesspiegel.de,Angriff mit Schreckschusswaffe: Polizei sucht Opfer und Täter nach Schüssen in Berlin,"Ein Mann wird mit einer Schreckschusswaffe beschossen, bleibt regungslos liegen und verschwindet dann spurlos. Die Polizei sucht nun Opfer und Täter.",https://www.tagesspiegel.de/images/16021602/alternates/BASE_16_9_W1400/1788621839000/polizei.jpeg,2026-09-05T15:23:58Z,,"Unbekannte sollen einen Mann in Berlin-Niederschönhausen mit einer Schreckschusswaffe beschossen und mutmaßlich verletzt haben. Zeugen beobachteten ein Auto, das am frühen Morgen an der Grabbeallee E… [+718 chars]",,de,'Angriff'
https://www.faz.net/aktuell/politik/ausland/liveblog-irankrieg-us-militaer-zerstoert-drei-iranische-oeltanker-faz-200583539.html,https://www.faz.net/aktuell/politik/ausland/liveblog-irankrieg-us-militaer-zerstoert-drei-iranische-oeltanker-faz-200583539.html,0,www.faz.net,Liveblog Irankrieg: US-Militär zerstört drei iranische Öltanker,Das teilte das zuständige US-Regionalkommando Centcom mit +++ Zivilschutz findet sterbliche Überreste von 55 Menschen unter Wohnhaus in Gaza +++ Mindestens drei Tote und 23 Verletzte bei israelischen Angriffen in Libanon +++ alle Entwicklungen im Liveblog,https://media0.faz.net/image/w1200h627/39489d378d7d/w2560h1337x0y51o/202609/43601.0.2515883122/feuer-und-rauch-steigen-nach.webp,2026-09-05T15:49:37Z,,"Das US-Militär hat nach eigenen Angaben im Persischen Golf und im Golf von Oman drei iranische Öltanker außer Gefecht gesetzt. Wie das zuständige US-Regionalkommando Centcom weiter mitteilte, reagier… [+987 chars]",,de,'Angriff'
https://www.diepresse.com/41234026/us-militaer-setzt-drei-iranische-oeltanker-ausser-gefecht,https://www.diepresse.com/41234026/us-militaer-setzt-drei-iranische-oeltanker-ausser-gefecht,0,www.diepresse.com,US-Militär setzt drei iranische Öltanker außer Gefecht,Die USA üben Vergeltung für Angriffe auf ihre Kriegsschiffe.,https://img.diepresse.com/public/incoming/ld4922-2026-09-05t154054z462517769rc22dnakw34qrtrmadp3iran-crisis-centcomjpg/alternates/WEBP_WIDE_1200/2026-09-05T154054Z_462517769_RC22DNAKW34Q_RTRMADP_3_IRAN-CRISIS-CENTCOM.JPG,2026-09-05T15:54:26Z,,"Die Presse auf Google als bevorzugte Nachrichtenquelle hinzufügen.
 Das US-Militär hat nach eigenen Angaben im Persischen Golf und im Golf von Oman drei iranische Öltanker außer Gefecht gesetzt. Wie… [+1584 chars]",,de,'Angriff'
https://www.faz.net/aktuell/sport/formel-1/formel-1-pierre-gasly-sichert-sich-pole-position-in-monza-accg-201197897.html,https://www.faz.net/aktuell/sport/formel-1/formel-1-pierre-gasly-sichert-sich-pole-position-in-monza-accg-201197897.html,0,www.faz.net,Formel 1 in MOnza: „Unglaubliches Qualifying“: Gasly sichert sich Pole Position,"Nicht Russell, Hamilton oder Antonelli – Pierre Gasly startet am Sonntag von Platz eins in den Großen Preis von Italien. Im Qualifying überrascht er im Alpine und kann das später selbst kaum fassen.",https://media0.faz.net/image/w1200h627/840c4e9ec1bd/w4611h2409x646y1116o/202609/43601.0.2516021351/im-alpine-pierre-gasly-zeigt.webp,2026-09-05T16:13:52Z,,"Die meisten Fans auf den Tribünen wollten Ferrari ganz vorne sehen, die Eindrücke sprachen für Mercedes doch als es ernst wurde am Samstagnachmittag in Monza, da war plötzlich ein Auto in Rosa das sc… [+3064 chars]",,de,'Preis'
https://www.welt.de/sport/fussball/bundesliga/article6a9c3e648353bf8643b578f6/leidenschaft-kampf-karius-schalke-trotz-bayern-einen-punkt-ab.html,https://www.welt.de/sport/fussball/bundesliga/article6a9c3e648353bf8643b578f6/leidenschaft-kampf-karius-schalke-trotz-bayern-einen-punkt-ab.html,0,www.welt.de,"Leidenschaft, Kampf, Karius – Schalke trotzt Bayern einen Punkt ab","Der FC Bayern kommt beim FC Schalke nicht über ein 0:0 hinaus. Die Gastgeber verdienen sich mit leidenschaftlichem Kampf den Punkt. Bei den München, die in der Tabelle hinter Elversberg stehen, feiert Jamal Musiala sein Comeback.",https://images.welt.de/6a9c3e648353bf8643b578f6/d2612f6171b64db4cc93e7fe7635e9d8/ci16x9-w1200/2026-09-05t180315z-810400173-up1em951e5c6h-rtrmadp-3-soccer-germany-s04-fcb-jpg,2026-09-05T16:18:27Z,,"Der FC Bayern kommt beim FC Schalke nicht über ein 0:0 hinaus. Die Gastgeber verdienen sich mit leidenschaftlichem Kampf den Punkt. Bei den München, die in der Tabelle hinter Elversberg stehen, feier… [+4067 chars]",,de,'Gas'
https://www.tagesschau.de/ausland/europa/witkoff-kushner-treffen-putin-100.html,https://www.tagesschau.de/ausland/europa/witkoff-kushner-treffen-putin-100.html,0,www.tagesschau.de,US-Sondergesandte Witkoff und Kushner treffen Putin in Moskau,"Mit einer ""Idee für den Frieden"" sind die US-Sondergesandten Witkoff und Kushner nach Russland gereist und dort von Präsident Putin empfangen worden. Details des Friedensplans bleiben unbekannt - als nächstes wird er in Kiew vorgestellt.",https://images.tagesschau.de/image/32a0ad20-ce64-46b0-ac00-166040620a87/AAABoHNETuA/AAABnSSvrFg/16x9-big/putin-witkoff-kushner-100.jpg?width=1280,2026-09-05T20:42:55Z,,"Stand: 05.09.2026 22:42 Uhr
Mit einer ""Idee für den Frieden"" sind die US-Sondergesandten Witkoff und Kushner nach Russland gereist und dort von Präsident Putin empfangen worden. Details des Friedens… [+3329 chars]",,de,'Russland'
https://www.tagesschau.de/ausland/asien/iran-usa-krieg-tanker-100.html,https://www.tagesschau.de/ausland/asien/iran-usa-krieg-tanker-100.html,0,www.tagesschau.de,Iran meldet Angriffe auf mehrere US-Tanker in Straße von Hormus,Die gegenseitigen Angriffe zwischen Iran und den USA dauern an: Die iranische Revolutionsgarde griff nach eigenen Angaben mehrere Schiffe in der Straße von Hormus an. Erst gestern hatten die USA drei iranische Tanker zerstört.,https://images.tagesschau.de/image/bd6ab990-d861-4e40-829d-b57200f1701b/AAABoHWEcBc/AAABnSSvrFg/16x9-big/schiff-strasse-von-hormus-100.jpg?width=1280,2026-09-06T07:00:08Z,,"Stand: 06.09.2026 09:00 Uhr
Die gegenseitigen Angriffe zwischen Iran und den USA dauern an. Die iranische Revolutionsgarde griff nach eigenen Angaben mehrere Schiffe in der Straße von Hormus an. Ers… [+2653 chars]",,de,'Angriff'
https://www.zeit.de/politik/ausland/2026-09/ukraine-krieg-drohne-russland-moskau-steve-witkoff-jared-kushner,https://www.zeit.de/politik/ausland/2026-09/ukraine-krieg-drohne-russland-moskau-steve-witkoff-jared-kushner,0,www.zeit.de,Ukraine-Krieg: Drohnenangriffe gehen trotz US-Vermittlungsgesprächen weiter,Nach ihrem Moskau-Besuch treffen die US-Sondergesandten Steve Witkoff und Jared Kushner nun in Kyjiw ein. Derweil kam es in mehreren Gebieten erneut zu Drohnenangriffen.,https://img.zeit.de/politik/ausland/2026-09/pause-angriffe-kiew-moskau-ukraine-russland-steve-witkoff-jared-kushner-foto-1/wide__1300x731,2026-09-06T07:39:00Z,,Trotz der laufenden Vermittlungsaktion im Ukraine-Krieg durch die US-Gesandten Steve Witkoff und Jared Kushner ist es zu Luftangriffen in der Ukraine gekommen. Die Hauptstädte Kyjiw und Moskau bliebe… [+1341 chars],,de,'Ukraine'
https://www.tagesschau.de/ausland/europa/ukraine-angriffe-vermittlungsversuch-100.html,https://www.tagesschau.de/ausland/europa/ukraine-angriffe-vermittlungsversuch-100.html,0,www.tagesschau.de,US-Gesandte in Russland und der Ukraine: Krieg und Friedensgespräche,Nach ihrem Treffen mit Kremlchef Putin in Moskau sind die US-Sondergesandten Kushner und Witkoff zu Präsident Selenskyj nach Kiew weitergereist. Während der Gespräche gilt in beiden Städten eine Waffenruhe - andernorts gehen die Angriffe weiter.,https://images.tagesschau.de/image/ed4a6f29-32a5-40e3-b80e-ab5f1f0d8b80/AAABoHYF1VA/AAABnSSvrFg/16x9-big/kushner-144.jpg?width=1280,2026-09-06T09:23:44Z,,"Stand: 06.09.2026 11:23 Uhr
Nach ihrem Treffen mit Kremlchef Putin in Moskau sind die US-Sondergesandten Kushner und Witkoff zu Präsident Selenskyj nach Kiew weitergereist. Während der Gespräche gil… [+2905 chars]",,de,'Ukraine'
https://www.zeit.de/news/2026-09/06/mann-bei-angriff-auf-herbstmarkt-schwer-verletzt,https://www.zeit.de/news/2026-09/06/mann-bei-angriff-auf-herbstmarkt-schwer-verletzt,0,www.zeit.de,Kriminalität: Mann bei Angriff auf Herbstmarkt schwer verletzt,Hier finden Sie Informationen zu dem Thema „Kriminalität“. Lesen Sie jetzt „Mann bei Angriff auf Herbstmarkt schwer verletzt“.,https://img.zeit.de/news/2026-09/06/mann-bei-angriff-auf-herbstmarkt-schwer-verletzt-image-group/wide__1300x731,2026-09-06T10:44:23Z,,"Ein 43 Jahre alter Mann ist auf dem Herbstmarkt in Zeven im Landkreis Rotenburg schwer verletzt worden. Ein 15-Jähriger habe aus einer Gruppe anderer Jugendlichen heraus auf den Mann eingeschlagen, t… [+266 chars]",,de,'Angriff'
https://www.faz.net/aktuell/politik/ukraine/ukraine-liveticker-selenskyj-witkoff-und-kushner-beginnen-gespraeche-faz-110683325.html,https://www.faz.net/aktuell/politik/ukraine/ukraine-liveticker-selenskyj-witkoff-und-kushner-beginnen-gespraeche-faz-110683325.html,0,www.faz.net,"Liveblog Ukrainekrieg: Selenskyj, Witkoff und Kushner beginnen Gespräche",Selenskyj begrüßte Sondergesandte in Kiew +++ Lawrow nach Leipzig-Anschlag: Im Großen und Ganzen Beginn eines echten Krieges +++ Luftangriffe Russlands und der Ukraine trotz Vermittlungsaktion der USA +++ alle Neuigkeiten im Liveblog,https://media0.faz.net/image/w1200h627/63c7b7c942c9/w3000h1567x0y216o/202609/43601.0.2519194822/wolodymyr-selenskyj-r-und-die.webp,2026-09-06T12:24:29Z,,Die US-Sondergesandten Steve Witkoff und Jared Kushner sind in der ukrainischen Hauptstadt Kiew eingetroffen. Die beiden wollen mit dem ukrainischen Präsidenten Wolodymyr Selenskyj beraten. Am Samsta… [+1018 chars],,de,'Russland'
https://www.nzz.ch/international/iran-usa-attackieren-drei-iranische-tanker-nachdem-teheran-eskaliert-ld.10022595,https://www.nzz.ch/international/iran-usa-attackieren-drei-iranische-tanker-nachdem-teheran-eskaliert-ld.10022595,0,www.nzz.ch,"Die USA bombardieren drei iranische Tanker, nachdem Teheran seine Attacken ausweitet","Zum ersten Mal hat Iran einen amerikanischen Flugzeugträger ins Visier genommen. Während Teheran im Persischen Golf in die Offensive geht, hält es sich bei der Unterstützung des Hizbullah in Libanon zurück.","https://img-msp-prod.nzz.ch/2026/09/06/4a4f30f3-43bf-4291-9f91-33f0ebdf4844.jpg?width=1200&height=675&fit=bounds&quality=75&auto=webp&crop=3008,1692,x0,y0&wmark=nzz",2026-09-06T12:40:51Z,,"Zum ersten Mal hat Iran einen amerikanischen Flugzeugträger ins Visier genommen. Während Teheran im Persischen Golf in die Offensive geht, hält es sich bei der Unterstützung des Hizbullah in Libanon … [+4754 chars]",,de,'Iran'
https://www.zeit.de/news/2026-09/06/braunschweiger-krise-osnabrueck-gewinnt-niedersachsen-duell,https://www.zeit.de/news/2026-09/06/braunschweiger-krise-osnabrueck-gewinnt-niedersachsen-duell,0,www.zeit.de,2. Fußball-Bundesliga: Braunschweiger Krise: Osnabrück gewinnt Niedersachsen-Duell,Hier finden Sie Informationen zu dem Thema „2. Fußball-Bundesliga“. Lesen Sie jetzt „Braunschweiger Krise: Osnabrück gewinnt Niedersachsen-Duell“.,https://img.zeit.de/news/2026-09/06/braunschweiger-krise-osnabrueck-gewinnt-niedersachsen-duell-image-group/wide__1300x731,2026-09-06T13:31:23Z,,Der Abwärtstrend von Eintracht Braunschweig geht weiter. Die Eintracht unterlag in der 2. Fußball-Bundesliga auch im Niedersachsen-Duell beim VfL Osnabrück mit 1:3 (0:0) und hat nun vier Pflichtspiel… [+1498 chars],,de,'Krise'
https://www.zeit.de/politik/ausland/2026-09/sergej-lawrow-russland-deutschland-drohne-leipzig,https://www.zeit.de/politik/ausland/2026-09/sergej-lawrow-russland-deutschland-drohne-leipzig,0,www.zeit.de,Sergej Lawrow: Lawrow sieht in Vorwurf zu Leipziger Drohnenangriff »echten Kreig«,Mit scharfen Worten hat Russlands Außenminister die deutsche Reaktion auf den Angriff in Leipzig kritisiert. Bundeskanzler Merz steuere auf eine Kriegserklärung zu.,https://img.zeit.de/politik/ausland/2026-09/sergej-lawrow-russland-deutschland-drohne-leipzig-foto-1/wide__1300x731,2026-09-06T13:32:15Z,,"Der russische Außenminister Sergej Lawrow hat der deutschen Bundesregierung vorgeworfen, »wieder Krieg« gegen Russland führen zu wollen. Zu den Vorwürfen, Russland stecke hinter dem geplanten Drohnen… [+2315 chars]",,de,'Russland'
https://www.faz.net/aktuell/politik/ukraine/ukraine-liveticker-witkoff-nennt-erste-gespraechsrunde-ermutigend-faz-110683325.html,https://www.faz.net/aktuell/politik/ukraine/ukraine-liveticker-witkoff-nennt-erste-gespraechsrunde-ermutigend-faz-110683325.html,0,www.faz.net,Liveblog Ukrainekrieg: Witkoff nennt erste Gesprächsrunde „ermutigend“,Erste Gespräche von Selenskyj mit Witkoff und Kushner beendet +++ Lawrow nach Leipzig-Anschlag: Im Großen und Ganzen Beginn eines echten Krieges +++ Luftangriffe Russlands und der Ukraine trotz Vermittlungsaktion der USA +++ alle Neuigkeiten im Liveblog,https://media0.faz.net/image/w1200h627/dcd8e245f9ea/w5917h3091x0y735o/202609/43601.0.2519858090/wolodymyr-selenskyj-links.webp,2026-09-06T14:57:01Z,,Die US-Sondergesandten Steve Witkoff und Jared Kushner sind in der ukrainischen Hauptstadt Kiew eingetroffen. Die beiden wollen mit dem ukrainischen Präsidenten Wolodymyr Selenskyj beraten. Am Samsta… [+1018 chars],,de,'Russland'
https://www.autobild.de/artikel/formel-1-antonelli-wahnsinn-in-monza-28799085.html,https://www.autobild.de/artikel/formel-1-antonelli-wahnsinn-in-monza-28799085.html,0,www.autobild.de,Mercedes-Star mit irrer Aufholjagd zum Heimsieg,Was für ein Heimsieg für Kimi Antonelli! Der italienische WM-Spitzenreiter startet beim Großen Preis von Italien wegen einer Motorenstrafe nur von Platz 19 – und gewinnt trotzdem.,https://i.auto-bild.de/ir_img/4/1/0/3/0/4/9/Mercedes-Star-mit-irrer-Aufholjagd-zum-Heimsieg-2869-1800x1012-9a47d81be29654b4.jpg?impolicy=og_images,2026-09-06T15:11:00Z,,"Ganz Monza feiert Kimi Antonelli!
Eigentlich schien der Traum vom Heimsieg schon vor dem Start geplatzt. Wegen einer Motorenstrafe muss der WM-Spitzenreiter von Platz 19 losfahren. Doch Antonelli ma… [+2996 chars]",,de,'Preis'
https://www.faz.net/aktuell/politik/ukraine/ukraine-liveticker-selenskyj-gespraeche-ueber-sicherheits-und-wirtschaftsgarantien-gefuehrt-faz-110683325.html,https://www.faz.net/aktuell/politik/ukraine/ukraine-liveticker-selenskyj-gespraeche-ueber-sicherheits-und-wirtschaftsgarantien-gefuehrt-faz-110683325.html,0,www.faz.net,Liveblog Ukrainekrieg: Selenskyj: Gespräche über Sicherheits- und Wirtschaftsgarantien geführt,Unterredungen mit Witkoff und Kushner „sehr substanziell“ +++ Witkoff nennt erste Gesprächsrunde „ermutigend“ +++ Lawrow nach Leipzig-Anschlag: Im Großen und Ganzen Beginn eines echten Krieges +++ alle Neuigkeiten im Liveblog,https://media0.faz.net/image/w1200h627/6d379a3c17c4/w4593h2399x0y92o/202609/43601.0.2520268274/jared-kushner-steve-witkoff.webp,2026-09-06T16:29:35Z,,Die US-Sondergesandten Steve Witkoff und Jared Kushner sind in der ukrainischen Hauptstadt Kiew eingetroffen. Die beiden wollen mit dem ukrainischen Präsidenten Wolodymyr Selenskyj beraten. Am Samsta… [+1018 chars],,de,'Wladimir Putin'
https://www.faz.net/aktuell/politik/ukraine/trumps-emissaere-in-kiew-putin-bleibt-im-ukrainekrieg-bei-seinen-forderungen-201198420.html,https://www.faz.net/aktuell/politik/ukraine/trumps-emissaere-in-kiew-putin-bleibt-im-ukrainekrieg-bei-seinen-forderungen-201198420.html,0,www.faz.net,Witkoff und Kushner: Die US-Emissäre bringen Kiew eine Verschnaufpause,"Trumps Gesandte reisen erstmals nicht nur nach Moskau, sondern auch nach Kiew. Putin zeigt sich im Hinblick auf seinen Angriffskrieg weiter stur.",https://media0.faz.net/image/w1200h627/921ba3ff3d93/w3342h1746x0y197o/202609/43601.0.2517013075/jared-kushner-steve-witkoff.webp,2026-09-06T17:26:18Z,,"Ein handfestes Ergebnis der Reise von Jared Kushner und Steve Witkoff war in Kiew schon am Samstagabend zu spüren. Seit dem späten Nachmittag, also nachdem die beiden Unterhändler des amerikanischen … [+9035 chars]",,de,'Angriff'
https://orf.at/stories/3441393/,https://orf.at/stories/3441393/,0,orf.at,US-Gesandte drängen auf Kompromisse,Bei ihrem ersten Besuch in Kiew seit Beginn des russischen Angriffskrieges gegen die Ukraine haben die US-Gesandten Steve Witkoff und Jared Kushner Zugeständnisse von beiden Seiten gefordert. „Beide Parteien müssen Kompromisse eingehen und Differenzen abbauen…,https://ibs.orf.at/news?image=https%3A%2F%2Fassets.orf.at%2Fmims%2F2026%2F37%2F67%2Fcrops%2Fw%3D1200%2Ch%3D630%2Cq%3D75%2F3173960_master_1230767_ukraine_krieg_us_gesandte_sonacht_r.jpg%3Fs%3D187dd9b58982bb92edfacb2cf01c99d4c267b91e,2026-09-06T18:22:55Z,,"Wir denken, über die notwendigen Elemente für einen Kompromiss zu verfügen, sagte Witkoff in der ukrainischen Hauptstadt, in die er gemeinsam mit dem Schwiegersohn von US-Präsident Donald Trump, Kush… [+4575 chars]",,de,'Angriff'
https://www.zeit.de/politik/deutschland/2026-09/hambacher-forst-sabotage-stromnetz-polizei-fahndung,https://www.zeit.de/politik/deutschland/2026-09/hambacher-forst-sabotage-stromnetz-polizei-fahndung,0,www.zeit.de,Sabotage-Angriff: Polizei beendet Großsuche am Hambacher Forst erfolglos,Die Polizei sucht nach der mutmaßlichen Sabotage an mehreren Umspannwerken nicht mehr im Hambacher Forst nach einem Tatverdächtigen. Die generelle Fahndung geht weiter.,https://img.zeit.de/politik/deutschland/2026-09/hambacher-forst-sabotage-stromnetz-polizei-fahndung-foto-1/wide__1300x731,2026-09-06T18:32:53Z,,"Die Polizei hat die Suche
am Hambacher Forst nach einem Tatverdächtigen wegen versuchter Sabotage ohne
Erfolg beendet. Am Mittag war die Suchaktion bei Kerpen westlich von Köln
gestartet und am Ab… [+573 chars]",,de,'Angriff'
https://www.faz.net/aktuell/politik/inland/nach-stromnetz-angriff-suche-nach-tatverdaechtigem-im-hambacher-forst-endet-erfolglos-201200412.html,https://www.faz.net/aktuell/politik/inland/nach-stromnetz-angriff-suche-nach-tatverdaechtigem-im-hambacher-forst-endet-erfolglos-201200412.html,0,www.faz.net,Nach Stromnetz-Angriff: Suche nach Tatverdächtigem im Hambacher Forst endet vorerst erfolglos,"Mit einem Großaufgebot sucht die Polizei im Hambacher Forst nach dem Mann, der Sabotage-Angriffe auf das Stromnetz gestartet haben soll. Gefunden wird ein bewohntes Baumhaus – das aber nicht durchsucht werden kann.",https://media0.faz.net/image/w1200h627/db649b3fdcee/w4770h2492x0y325o/202609/43601.0.2519941629/polizeibeamte-bei-der-suche-im.webp,2026-09-06T18:59:49Z,,Wegen versuchter Sabotage-Angriffe auf das deutsche Stromnetz hat die Polizei mit einem Großaufgebot am Hambacher Forst bei Kerpen westlich von Köln nach dem Tatverdächtigen gesucht ohne Erfolg. Die … [+1077 chars],,de,'Angriff'
https://www.bild.de/politik/inland/hacker-stellen-geheime-zugangsdaten-ins-netz-6a9daf36181cb962d4885dbe,https://www.bild.de/politik/inland/hacker-stellen-geheime-zugangsdaten-ins-netz-6a9daf36181cb962d4885dbe,0,www.bild.de,Nach Angriff auf Berliner Verwaltung - Hacker stellen geheime Zugangsdaten ins Netz,"Nachdem Cyberkriminelle bereits sensible Daten erbeutet hatten, veröffentlichten sie nun auch interne Zugangsdaten.","https://images.bild.de/6a9daf36181cb962d4885dbe/e214f0a72502ed4787161a7ba0e7491f,160866ed?w=1280",2026-09-06T19:16:04Z,,"TTS-Player überspringenArtikel weiterlesenBerlin Der Hacker-Angriff auf die Berliner Verwaltung zieht immer weitere Kreise. Nachdem Cyberkriminelle bereits sensible Daten erbeutet hatten, veröffentli… [+2128 chars]",,de,'Angriff'
https://www.jungewelt.de/artikel/529273.militarisierung-minister-auf-drohnenjagd.html,https://www.jungewelt.de/artikel/529273.militarisierung-minister-auf-drohnenjagd.html,0,www.jungewelt.de,Militarisierung: Minister auf Drohnenjagd,Drohnen und Sabotage: Innenminister Dobrindt will einen »Schutzschirm gegen russische Sabotage« durch schnell verlegbare Einheiten schaffen. Die Politik arbeitet an einem Bedrohungsszenario aus »hybriden Attacken« und »Klimaextremismus«.,https://www.jungewelt.de/img/1100/226959.jpg,2026-09-06T20:26:06Z,,Der obskure Drohnenvorfall von Leipzig wird weiterhin politisch verwertet. Nachdem die Bundesregierung vergangene Woche Russland ohne Vorlage irgendwelcher konkreter Anhaltspunkte für die Vorgänge An… [+3513 chars],,de,'Klima'
https://www.zeit.de/news/2026-09/07/arbeitgeber-warnen-nach-wahl-vor-klima-der-abschottung,https://www.zeit.de/news/2026-09/07/arbeitgeber-warnen-nach-wahl-vor-klima-der-abschottung,0,www.zeit.de,Wahl: Arbeitgeber warnen nach Wahl vor «Klima der Abschottung»,Hier finden Sie Informationen zu dem Thema „Wahl“. Lesen Sie jetzt „Arbeitgeber warnen nach Wahl vor «Klima der Abschottung»“.,https://img.zeit.de/news/2026-09/07/arbeitgeber-warnen-nach-wahl-vor-klima-der-abschottung-image-group/wide__1300x731,2026-09-07T01:30:08Z,,"Die Arbeitgeber warnen nach dem AfD-Wahlsieg in Sachsen-Anhalt vor den wirtschaftlichen Folgen des Wahlausgangs. «Ein Klima der Abschottung ist Gift für den Standort», sagte Steffen Kampeter, Hauptge… [+1701 chars]",,de,'Klima'
https://www.n-tv.de/politik/Mann-stuerzt-sich-auf-demokratische-Gouverneurs-Kandidatin-in-Ohio-id31275977.html,https://www.n-tv.de/politik/Mann-stuerzt-sich-auf-demokratische-Gouverneurs-Kandidatin-in-Ohio-id31275977.html,0,www.n-tv.de,Angriff im Wahlkampf: Mann stürzt sich auf demokratische Gouverneurs-Kandidatin in Ohio,"Bei einem Volksfest im US-Bundesstaat Ohio bahnt sich ein Mann rabiat den Weg auf durch eine Menschenmenge. Offenbar hat er es auf die demokratische Gouverneurs-Kandidatin abgesehen, die gerade spricht. Die Demokratin bleibt unverletzt.",https://www.n-tv.de/img/31275984/1788748847/Img_16_9/1200/592877027.jpg,2026-09-07T02:46:17Z,,"Angriff im WahlkampfMann stürzt sich auf demokratische Gouverneurs-Kandidatin in Ohio
Amy Acton liefert sich bei der Gouverneurswahl in Ohio ein enges Rennen mit dem Amtsinhaber. (Foto: picture alli… [+2230 chars]",,de,'Angriff'
https://www.tagesschau.de/ausland/asien/iran-strasse-von-hormus-100.html,https://www.tagesschau.de/ausland/asien/iran-strasse-von-hormus-100.html,0,www.tagesschau.de,Gegenseitige Angriffe: Schiffsverkehr in Straße von Hormus eingebrochen,Die USA und Iran greifen immer wieder Tanker in der Straße von Hormus an. Der Schiffsverkehr in der Meerenge ist auf dem niedrigsten Stand seit Mai. Iran plant außerdem die Einrichtung einer Sperrzone.,https://images.tagesschau.de/image/a3a0d945-a80b-4fa8-8c7c-99e05a59d67b/AAABnm137xE/AAABnSSvrFg/16x9-big/karte-strasse-von-hormus-persischer-golf-104.jpg?width=1280,2026-09-07T03:27:09Z,,"Stand: 07.09.2026 05:27 Uhr
Die USA und Iran greifen immer wieder Tanker in der Straße von Hormus an. Der Schiffsverkehr in der Meerenge ist auf dem niedrigsten Stand seit Mai. Iran plant außerdem d… [+1338 chars]",,de,'Hormus'
https://www.nzz.ch/wirtschaft/nvidia-will-seine-macht-zementieren-und-kauft-fuer-fast-13-milliarden-dollar-eine-firma-dreier-nerds-aus-frankreich-die-nach-einem-emoji-benannt-ist-ld.10022386,https://www.nzz.ch/wirtschaft/nvidia-will-seine-macht-zementieren-und-kauft-fuer-fast-13-milliarden-dollar-eine-firma-dreier-nerds-aus-frankreich-die-nach-einem-emoji-benannt-ist-ld.10022386,0,www.nzz.ch,"Nvidia will seine Macht zementieren – und kauft für fast 13 Milliarden Dollar eine Firma dreier Nerds aus Frankreich, die nach einem Emoji benannt ist",Hugging Face ist eine Plattform für KI-Modelle. Ausgerechnet ein Angriff durch KI-Agenten von Open AI hat die Firma berühmt und ihr Geschäftsmodell noch interessanter für Nvidia gemacht.,https://www.nzz.ch/nzz-fb.png,2026-09-07T03:30:00Z,,"Hugging Face ist eine Plattform für KI-Modelle. Ausgerechnet ein Angriff durch KI-Agenten von Open AI hat die Firma berühmt und ihr Geschäftsmodell noch interessanter für Nvidia gemacht.
Zusammenfas… [+7770 chars]",,de,'Angriff'
https://www.zeit.de/news/2026-09/07/hitzewellen-und-braende-verschaerfen-luftverschmutzung,https://www.zeit.de/news/2026-09/07/hitzewellen-und-braende-verschaerfen-luftverschmutzung,0,www.zeit.de,Klima und Luft: Hitzewellen und Brände verschärfen Luftverschmutzung,Hier finden Sie Informationen zu dem Thema „Klima und Luft“. Lesen Sie jetzt „Hitzewellen und Brände verschärfen Luftverschmutzung“.,https://img.zeit.de/news/2026-09/07/hitzewellen-und-braende-verschaerfen-luftverschmutzung-image-group/wide__1300x731,2026-09-07T04:00:08Z,,"Hitzewellen und Waldbrände erschweren nach einem Bericht der Weltwetterorganisation (WMO) den Kampf um saubere Luft auch in Europa. 
Steigende Temperaturen begünstigten nicht nur extreme Brände, der… [+1498 chars]",,de,'Klima'
https://www.faz.net/aktuell/politik/usa-unter-trump/liveticker-usa-unter-trump-taetlicher-angriff-auf-kandidatin-der-demokraten-in-ohio-faz-19444916.html,https://www.faz.net/aktuell/politik/usa-unter-trump/liveticker-usa-unter-trump-taetlicher-angriff-auf-kandidatin-der-demokraten-in-ohio-faz-19444916.html,0,www.faz.net,USA unter Trump: Tätlicher Angriff auf Kandidatin der Demokraten in Ohio,Politikerin Amy Acton unverletzt +++ US-Militär startet offenbar Tests mit Lügendetektor bei ranghohen Mitarbeitern +++ alle Neuigkeiten im Liveblog,https://media0.faz.net/image/w1200h627/b62fedd08a6b/w3300h1724x0y66o/202609/43601.0.2521557382/amy-acton-will-gouverneurin.webp,2026-09-07T04:18:47Z,,Die USA stehen laut Außenminister Marco Rubio einer Rückkehr der venezolanischen Oppositionsführerin und Friedensnobelpreisträgerin María Corina Machado in ihr Heimatland nicht im Weg. Sie sei venezo… [+1247 chars],,de,'Angriff'
https://www.derstandard.at/story/3000000338664/angriff-auf-demokratische-gouverneurs-kandidatin-in-den-usa,https://www.derstandard.at/story/3000000338664/angriff-auf-demokratische-gouverneurs-kandidatin-in-den-usa,0,www.derstandard.at,Angriff auf demokratische Gouverneurs-Kandidatin in den USA,"Die demokratische Kandidatin für das Gouverneursamt im US-Bundesstaat Ohio, Amy Acton, blieb unverletzt",https://i.ds.at/_StdXw/rs:fill:1200:600/plain/lido-images/2026/09/07/5c10f1af-0fad-43b3-8a33-e739ac0e1148.jpg,2026-09-07T04:24:43Z,,"Sie entscheiden darüber, wie Sie unsere Inhalte nutzen wollen. Ihr Gerät erlaubt uns derzeit leider nicht, die entsprechenden Optionen anzuzeigen.
Bitte deaktivieren Sie sämtliche Hard- und Software… [+180 chars]",,de,'Angriff'
https://www.n-tv.de/panorama/Wer-steckt-hinter-Angriff-auf-Neffen-von-Pablo-Escobar-Europas-id31268588.html,https://www.n-tv.de/panorama/Wer-steckt-hinter-Angriff-auf-Neffen-von-Pablo-Escobar-Europas-id31268588.html,0,www.n-tv.de,"Zehn Schüsse, sieben Treffer: Wer steckt hinter Angriff auf Neffen von ""Pablo Escobar Europas""?",Eine Taxifahrt in Düsseldorf endet im vergangenen Dezember in einem Blutbad. Ein 40-Jähriger überlebt nur knapp. War eine Bande für den Anschlag auf den Verwandten eines berüchtigten Drogenbarons verantwortlich?,https://www.n-tv.de/img/31268985/1788515854/Img_16_9/1200/616691548.jpg,2026-09-07T04:34:49Z,,"Zehn Schüsse, sieben TrefferWer steckt hinter Angriff auf Neffen von ""Pablo Escobar Europas""?
Die Schüsse wurden gezielt auf den Beifahrer im Taxi abgegeben. (Foto: picture alliance/dpa)
Eine Taxif… [+3929 chars]",,de,'Angriff'
https://www.zeit.de/politik/ausland/2026-09/strasse-von-hormus-iran-sperrzone-us-marine-schifffahrt,https://www.zeit.de/politik/ausland/2026-09/strasse-von-hormus-iran-sperrzone-us-marine-schifffahrt,0,www.zeit.de,Straße von Hormus: Iran will nahe Straße von Hormus »Sperrzone« einrichten,Der Iran hat eine Sperrzone außerhalb der Straße von Hormus angekündigt. Damit erweitert sich die Sperrung des für den Welthandel mit Öl und Gas wichtigen Gebiets.,https://img.zeit.de/politik/ausland/2026-09/strasse-von-hormus-iran-sperrzone-us-marine-schifffahrt-foto-1/wide__1300x731,2026-09-07T06:20:27Z,,"Der Iran will nahe der strategisch
wichtigen Straße von Hormus eine »Sperrzone«
einrichten. Das sagte der Chef des Obersten
Nationalen Sicherheitsrats des Irans, Mohsen Resaei, im iranischen Staat… [+942 chars]",,de,'Hormus'
https://www.faz.net/aktuell/sport/fussball/bundesliga/borussia-moenchengladbach-fussball-bundesliga-fehlstart-ins-mittelmass-201199513.html,https://www.faz.net/aktuell/sport/fussball/bundesliga/borussia-moenchengladbach-fussball-bundesliga-fehlstart-ins-mittelmass-201199513.html,0,www.faz.net,Gladbachs Fehlstart: Borussia Mittelmaß,Bei Borussia Mönchengladbach sollte in dieser Bundesliga-Saison eine neue Zeit anbrechen. Dabei ist alles wie immer. Zwei Spielen haben für die nächste Krise genügt. Das ist kein Zufall.,https://media0.faz.net/image/w1200h627/f6a5996d72ca/w4695h2453x0y513o/202609/43601.0.2516079777/nur-nicht-hinsehen-borussia.webp,2026-09-07T07:46:12Z,,"Nicht erst seit dem Elversberg-Schock vom Samstag ist die Selbsttäuschung sichtbar, die bei Borussia Mönchengladbach seit langem mit beachtlicher Konsequenz betrieben wird. Wieder einmal wurde im Som… [+2930 chars]",,de,'Krise'
https://www.focus.de/panorama/welt/6000-liter-urin-taeglich-eis-am-mount-everest-schmilzt-auch-wegen-pinkelnder-touristen_99cdfa01-9b21-427b-ae90-bf9fdef63b7d.html,https://www.focus.de/panorama/welt/6000-liter-urin-taeglich-eis-am-mount-everest-schmilzt-auch-wegen-pinkelnder-touristen_99cdfa01-9b21-427b-ae90-bf9fdef63b7d.html,0,www.focus.de,6000 Liter Urin täglich: Eis am Mount Everest schmilzt – auch wegen pinkelnder Touristen,"Am Everest-Basislager heizen nicht nur Brennstoffe die Gletscherschmelze an. Eine Studie zeigt, dass Urin den Khumbu-Gletscher zusätzlich belastet.","https://quadro.burda-forward.de/ctf/49df22c2-6bc3-4839-ab49-93a07ffcb9ad.33c98f54-b1ae-4c43-85b4-36e4ea0ecc66.jpg?im=RegionOfInterestCrop=(1200,630),regionOfInterest=(3112,2209)&hash=f650bf2f5e7f4b4240b7df64ffd202e9b285a23f1f8743caf84d4ccf87c4845c",2026-09-07T09:30:00Z,,"Am Everest-Basislager sorgt menschlicher Urin für schwindendes Eis: Die New York Times (NYT) berichtet über eine Studie, nach der dort täglich mehr als 6000 Liter Urin entstehen. Die meisten Klettere… [+2838 chars]",,de,'Heizen'
https://www.zeit.de/news/2026-09/07/iran-neue-anti-schiffs-rakete-im-einsatz,https://www.zeit.de/news/2026-09/07/iran-neue-anti-schiffs-rakete-im-einsatz,0,www.zeit.de,Iran-Krieg: Iran: Neue Anti-Schiffs-Rakete im Einsatz,Hier finden Sie Informationen zu dem Thema „Iran-Krieg“. Lesen Sie jetzt „Iran: Neue Anti-Schiffs-Rakete im Einsatz“.,https://img.zeit.de/news/2026-09/07/iran-neue-anti-schiffs-rakete-im-einsatz-image-group/wide__1300x731,2026-09-07T09:42:07Z,,Der Iran hat im Persischen Golf nach eigenen Angaben eine neue Anti-Schiffs-Rakete gegen die US-Marine eingesetzt. In einem Interview mit dem staatlichen Rundfunk berichtete der Generalsekretär des N… [+2706 chars],,de,'Hormus'
https://www.zeit.de/news/2026-09/07/zwei-menschen-bei-angriff-in-ahrensburg-verletzt,https://www.zeit.de/news/2026-09/07/zwei-menschen-bei-angriff-in-ahrensburg-verletzt,0,www.zeit.de,Notfälle: Zwei Menschen bei Angriff in Ahrensburg verletzt,Hier finden Sie Informationen zu dem Thema „Notfälle“. Lesen Sie jetzt „Zwei Menschen bei Angriff in Ahrensburg verletzt“.,https://img.zeit.de/news/2026-09/07/zwei-menschen-bei-angriff-in-ahrensburg-verletzt-image-group/wide__1300x731,2026-09-07T09:52:11Z,,"Bei einem Angriff im schleswig-holsteinischen Ahrensburg sind am Vormittag zwei Menschen verletzt worden. Ein Tatverdächtiger wurde festgenommen, wie ein Polizeisprecher der Deutschen Presse-Agentur … [+401 chars]",,de,'Angriff'
https://www.zeit.de/news/2026-09/07/jaguar-land-rover-streicht-4-000-stellen,https://www.zeit.de/news/2026-09/07/jaguar-land-rover-streicht-4-000-stellen,0,www.zeit.de,Krise bei Autobauer: Jaguar Land Rover streicht 4.000 Stellen,Hier finden Sie Informationen zu dem Thema „Krise bei Autobauer“. Lesen Sie jetzt „Jaguar Land Rover streicht 4.000 Stellen“.,https://img.zeit.de/news/2026-09/07/jaguar-land-rover-streicht-4-000-stellen-image-group/wide__1300x731,2026-09-07T09:59:36Z,,"Der britische Autobauer Jaguar Land Rover hat ein umfangreiches Sparpaket mit erheblichen Stellenstreichungen angekündigt. 4.000 Jobs sollen in den kommenden zwei Jahren wegfallen, wie das Unternehme… [+940 chars]",,de,'Krise'
https://www.computerbase.de/news/apps/openai-agenten-schwarm-besprach-sandbox-flucht-in-offenem-wiki.99282/,https://www.computerbase.de/news/apps/openai-agenten-schwarm-besprach-sandbox-flucht-in-offenem-wiki.99282/,0,www.computerbase.de,OpenAI: Agenten-Schwarm besprach Sandbox-Flucht in offenem Wiki,"Sicherheitsforscher haben ein öffentlich zugängliches Wiki entdeckt, in dem rund 3.700 Agenten in 18.000 Nachrichten einen Sandbox-Ausbruch einräumten. OpenAI bestätigte den Vorfall. Nun stellen sich Fragen über die Art, wie das Unternehmen öffentlich mit sol…",https://pics.computerbase.de/1/2/4/7/6/5-97a83589c4de184e/article-1280x720.df2e51b8.jpg,2026-09-07T10:00:00Z,,"Sicherheitsforscher haben ein öffentlich zugängliches Wiki entdeckt, in dem rund 3.700 Agenten in 18.000 Nachrichten einen Sandbox-Ausbruch einräumten. OpenAI bestätigte den Vorfall. Nun stellen sich… [+2746 chars]",,de,'Flucht'
https://www.n-tv.de/wissen/Nord-und-Ostsee-heizen-sich-deutlich-auf-id31277684.html,https://www.n-tv.de/wissen/Nord-und-Ostsee-heizen-sich-deutlich-auf-id31277684.html,0,www.n-tv.de,Langjähriges Mittel übertroffen: Nord- und Ostsee heizen sich deutlich auf,"In diesem Hitzesommer jagt eine Rekordtemperatur die nächste. Nun zeigen neue Messungen, dass es auch in Nord- und Ostsee deutlich wärmer wird. Das hat weitreichende Folgen für Lebensräume und Nahrungsnetze - und auch das Risiko für Extremwetter steigt.",https://www.n-tv.de/img/31277691/1788780865/Img_16_9/1200/617510629.jpg,2026-09-07T10:11:09Z,,"Die Gewässer um Helgoland gehörten zu den besonders stark erwärmten Regionen der Nordsee. (Foto: picture alliance/dpa | Stefan Rampfel)
In diesem Hitzesommer jagt eine Rekordtemperatur die nächste. … [+3198 chars]",,de,'Heizen'
https://www.zeit.de/news/2026-09/07/anklage-nach-angriff-mit-axt,https://www.zeit.de/news/2026-09/07/anklage-nach-angriff-mit-axt,0,www.zeit.de,Anklage wegen Totschlags: Anklage nach Angriff mit Axt,Hier finden Sie Informationen zu dem Thema „Anklage wegen Totschlags“. Lesen Sie jetzt „Anklage nach Angriff mit Axt“.,https://img.zeit.de/news/2026-09/07/anklage-nach-angriff-mit-axt-image-group/wide__1300x731,2026-09-07T11:12:11Z,,"Ein 84 Jahre alter Mann soll seine Ehefrau mit einer Axt getötet haben. Die Staatsanwaltschaft Mosbach hat gegen den deutschen Staatsangehörigen Ende August Anklage wegen Totschlags erhoben, wie die … [+563 chars]",,de,'Angriff'
https://www.zeit.de/news/2026-09/07/bauforscher-klimaneutrale-gasheizungen-nicht-machbar,https://www.zeit.de/news/2026-09/07/bauforscher-klimaneutrale-gasheizungen-nicht-machbar,0,www.zeit.de,Vor Start der Nordbau: Bauforscher: Klimaneutrale Gasheizungen «nicht machbar»,Hier finden Sie Informationen zu dem Thema „Vor Start der Nordbau“. Lesen Sie jetzt „Bauforscher: Klimaneutrale Gasheizungen «nicht machbar»“.,https://img.zeit.de/news/2026-09/07/bauforscher-klimaneutrale-gasheizungen-nicht-machbar-image-group/wide__1300x731,2026-09-07T11:26:57Z,,"Der Leiter des Bauforschungsinstituts Arge, Dietmar Walberg, hat das im Juli von der Bundesregierung beschlossene Gebäudemodernisierungsgesetz scharf kritisiert. «Wenn man etwas technologieoffen besc… [+2626 chars]",,de,'Gas'
https://www.sueddeutsche.de/panorama/mount-everest-urin-studie-gletscher-schmelzen-li.3533662,https://www.sueddeutsche.de/panorama/mount-everest-urin-studie-gletscher-schmelzen-li.3533662,0,www.sueddeutsche.de,Himalaya: Gelber Schnee am Everest,"6000 Liter Urin fließen täglich im Everest-Basislager – Forscher haben nun berechnet, wie viel Gletschereis dadurch wegschmilzt. Die Ergebnisse heizen die alte Debatte an, wie lange das Lager noch nutzbar ist.",https://www.sueddeutsche.de/2025/10/05/bf200af9-a881-43a1-862e-b286a1933353.jpg?q=60&fm=webp&width=1200&rect=0%2C375%2C4000%2C2250,2026-09-07T12:30:13Z,,"Gelber Schnee ist an hohen, stark frequentierten Bergen wie dem Mont Blanc, dem Kilimandscharo und dem Mount Everest ein ernsthaftes Problem, nicht nur optisch. Eine im Juli 2026 in der Fachzeitschri… [+2992 chars]",,de,'Heizen'
https://www.tagesschau.de/wirtschaft/konjunktur/sachsen-anhalt-wirtschaft-100.html,https://www.tagesschau.de/wirtschaft/konjunktur/sachsen-anhalt-wirtschaft-100.html,0,www.tagesschau.de,"Wahl in Sachsen-Anhalt: Arbeitgeber warnen von ""Klima der Abschottung""","Vertreter der deutschen Industrie und Ökonomen sehen mögliche negative wirtschaftliche Folgen durch den Wahlsieg der AfD in Sachsen-Anhalt. An die Bundesregierung richten sie den Appell, am Reformkurs festzuhalten.",https://images.tagesschau.de/image/f2f6b755-07b5-4373-b281-e7e9ec5fad68/AAABoHutpo8/AAABnSSvrFg/16x9-big/sachsen-anhalt-174.jpg?width=1280,2026-09-07T13:37:16Z,,"Stand: 07.09.2026 15:37 Uhr
Vertreter der deutschen Industrie und Ökonomen sehen mögliche negative wirtschaftliche Folgen durch den Wahlsieg der AfD in Sachsen-Anhalt. An die Bundesregierung richten… [+2881 chars]",,de,'Klima'
https://www.zeit.de/gesellschaft/2026-09/russland-nordkorea-strassenbruecke-tumen-grenzuebergang-michail-mischustin-gxe,https://www.zeit.de/gesellschaft/2026-09/russland-nordkorea-strassenbruecke-tumen-grenzuebergang-michail-mischustin-gxe,0,www.zeit.de,Straßenbrücke zwischen Russland und Nordkorea: Russland und Nordkorea eröffnen erste direkte Straßenverbindung,"Russland und Nordkorea haben eine direkte Straßenverbindung eröffnet. Die beiden Länder wollen ihre Zusammenarbeit weiter verstärken, sagte Russlands Ministerpräsident.",https://img.zeit.de/gesellschaft/2026-09/russland-nordkorea-strassenbruecke-tumen-grenzuebergang-michail-mischustin-foto-1/wide__1300x731,2026-09-07T15:16:11Z,,"Russland und Nordkorea haben die erste Straßenbrücke über ihre gemeinsame Grenze eröffnet. Russlands Ministerpräsident Michail Mischustin sagte in einer Videoansprache bei der Eröffnungszeremonie, de… [+1640 chars]",,de,'Wladimir Putin'
https://www.zeit.de/news/2026-09/07/ukraine-krieg-will-putin-nach-duma-wahl-verhandeln,https://www.zeit.de/news/2026-09/07/ukraine-krieg-will-putin-nach-duma-wahl-verhandeln,0,www.zeit.de,Russischer Angriffskrieg: Ukraine-Krieg: Will Putin nach Duma-Wahl verhandeln?,Hier finden Sie Informationen zu dem Thema „Russischer Angriffskrieg“. Lesen Sie jetzt „Ukraine-Krieg: Will Putin nach Duma-Wahl verhandeln?“.,https://img.zeit.de/news/2026-09/07/ukraine-krieg-will-putin-nach-duma-wahl-verhandeln-image-group/wide__1300x731,2026-09-07T15:26:10Z,,Die USA setzen nach Angaben aus dem französischen Präsidentenpalast auf einen zügigen Beginn von konkreten neuen Verhandlungen über ein Ende des russischen Angriffskriegs gegen die Ukraine. «Was die … [+2316 chars],,de,'Angriff'
https://www.tagesspiegel.de/internationales/dpa-russischer-angriffskrieg-16028290.html,https://www.tagesspiegel.de/internationales/dpa-russischer-angriffskrieg-16028290.html,0,www.tagesspiegel.de,Russischer Angriffskrieg: Ukraine-Krieg: Will Putin nach Duma-Wahl verhandeln?,"Die USA nehmen einen neuen Anlauf, um die Ukraine und Russland für Friedensgespräche an einen Tisch zu bringen. Nun wird in europäischen Regierungskreisen auch ein mögliches Zeitfenster genannt.",https://www.tagesspiegel.de/images/16028289/alternates/BASE_16_9_W1400/1788794842000/ukraine-krieg-kiew.jpeg,2026-09-07T15:27:22Z,,Die USA setzen nach Angaben aus dem französischen Präsidentenpalast auf einen zügigen Beginn von konkreten neuen Verhandlungen über ein Ende des russischen Angriffskriegs gegen die Ukraine. Was die A… [+2370 chars],,de,'Wladimir Putin'
https://www.zeit.de/news/2026-09/07/finnland-stellt-zaun-an-der-russischen-grenze-fertig,https://www.zeit.de/news/2026-09/07/finnland-stellt-zaun-an-der-russischen-grenze-fertig,0,www.zeit.de,Bedrohung durch Russland: Finnland stellt Zaun an der russischen Grenze fertig,Hier finden Sie Informationen zu dem Thema „Bedrohung durch Russland“. Lesen Sie jetzt „Finnland stellt Zaun an der russischen Grenze fertig“.,https://img.zeit.de/news/2026-09/07/finnland-stellt-zaun-an-der-russischen-grenze-fertig-image-group/wide__1300x731,2026-09-07T15:29:41Z,,"Nach zwei Jahren Bauzeit hat Nato-Mitglied Finnland einen 200 Kilometer langen Zaun an der Grenze zu Russland fertiggestellt. «Die wichtigste Aufgabe des Staates ist es, die Sicherheit seiner Bürger … [+1219 chars]",,de,'Russland'
https://www.tagesschau.de/ausland/europa/russland-schliessung-konsulat-100.html,https://www.tagesschau.de/ausland/europa/russland-schliessung-konsulat-100.html,0,www.tagesschau.de,Russland schließt deutsches Konsulat in St. Petersburg,Die Beziehungen zwischen Berlin und Moskau werden zunehmend schlechter: Die russische Führung ordnete nach der Schließung der Goethe-Instituten nun auch die des deutschen Generalkonsulats in St. Petersburg an.,https://images.tagesschau.de/image/f8380752-13b4-4732-894f-f5c9510b9a9b/AAABoHyPQEA/AAABnSSvrFg/16x9-big/konsulat-st-petersburg-100.jpg?width=1280,2026-09-07T15:49:18Z,,"Stand: 07.09.2026 17:49 Uhr
Die Beziehungen zwischen Berlin und Moskau werden zunehmend schlechter: Die russische Führung ordnete nach der Schließung der Goethe-Instituten nun auch die des deutschen… [+3521 chars]",,de,'Wladimir Putin'
https://www.appgefahren.de/dreo-auf-der-ifa-2026-ki-soll-luft-und-heizung-smarter-machen-405004.html,https://www.appgefahren.de/dreo-auf-der-ifa-2026-ki-soll-luft-und-heizung-smarter-machen-405004.html,0,www.appgefahren.de,DREO auf der IFA 2026: KI soll Luft und Heizung smarter machen,"Luft reinigen und Räume heizen klingt zunächst wenig spektakulär. Der bekannte Hersteller DREO will daraus auf der IFA 2026 allerdings ein Smart Home-Thema machen. Unter dem Motto „AIR, Mastered“ zeigt der Hersteller neue Geräte, die ihre Umgebung stärker übe…",https://www.appgefahren.de/wp-content/uploads/2026/09/DREO-IFA-2026-Berlin.jpg,2026-09-07T16:18:06Z,,"Luft reinigen und Räume heizen klingt zunächst wenig spektakulär. Der bekannte Hersteller DREO will daraus auf der IFA 2026 allerdings ein Smart Home-Thema machen. Unter dem Motto „AIR, Mastered“ zei… [+3275 chars]",,de,'Heizen'
https://www.zeit.de/politik/2026-09/sachsen-anhalt-landtagswahl-reaktionen-ausland,https://www.zeit.de/politik/2026-09/sachsen-anhalt-landtagswahl-reaktionen-ausland,0,www.zeit.de,Sachsen-Anhalt: Russland: »Deutschland ist erwacht!«,"Noch nie hat eine Landtagswahl international so viel Aufmerksamkeit erzeugt. Unsere Korrespondenten erklären, wie Politik und Medien in ihren Ländern reagieren.",https://img.zeit.de/politik/2026-09/sachsen-anhalt-landtagswahl-reaktionen-ausland-bild/wide__1300x731,2026-09-07T17:08:44Z,,"Schließen
Artikelzusammenfassung
Der AfD-Sieg in Sachsen-Anhalt löst weltweit Alarm, Jubel und taktisches Schweigen aus. In Frankreich warnen Medien und Politiker vor Folgen für Europa und den eige… [+1110 chars]",,de,'Russland'
https://www.n-tv.de/politik/Putin-setzt-eindeutig-auf-Eskalation-id31279084.html,https://www.n-tv.de/politik/Putin-setzt-eindeutig-auf-Eskalation-id31279084.html,0,www.n-tv.de,"Reisners Blick auf die Front: ""Putin setzt eindeutig auf Eskalation""","Die Front stagniert und die US-Sondergesandten trafen Putin in Moskau. Doch entscheidender für einen Durchbruch ist die Situation am Himmel über der Ukraine, erklärt Oberst Reisner ntv.de.",https://www.n-tv.de/img/31279563/1788799610/Img_16_9/1200/imago0807165693h.jpg,2026-09-07T17:17:00Z,,"Wladimir Putin bei einem militärischen Briefing im Jahr 2025 (Foto: IMAGO/ITAR-TASS)
Die Front stagniert und die US-Sondergesandten trafen Kremlchef Wladimir Putin in Moskau. Doch entscheidender für… [+7527 chars]",,de,'Wladimir Putin'
https://www.faz.net/aktuell/politik/ukraine/suedkorea-und-die-ukraine-warum-seoul-keine-waffen-liefert-201178650.html,https://www.faz.net/aktuell/politik/ukraine/suedkorea-und-die-ukraine-warum-seoul-keine-waffen-liefert-201178650.html,0,www.faz.net,Geopolitik Südkoreas: Warum Seoul der Ukraine keine Waffen liefert,"Südkorea ist von Russlands Energielieferungen abhängiger denn je – und der Konflikt mit Nordkorea hält an. Moskau nutzt das, um Seoul unter Druck zu setzen.",https://media0.faz.net/image/w1200h627/2074e45c582e/w1199h626x0y87o/202607/43601.0.2313753005/ein-erstes-treffen-die.webp,2026-09-07T17:28:51Z,,"Nordkorea unterstützt Russlands Krieg gegen die Ukraine mehr denn je, aber Südkorea liefert weiterhin keine Waffen an Kiew. Daran ändern weder die Westbindung des Landes noch seine zur Weltspitze zäh… [+5425 chars]",,de,'Waffen'
https://www.zeit.de/news/2026-09/07/eu-aussenbeauftragte-russland-nicht-an-frieden-interessiert,https://www.zeit.de/news/2026-09/07/eu-aussenbeauftragte-russland-nicht-an-frieden-interessiert,0,www.zeit.de,Ukraine-Krieg: EU-Außenbeauftragte: Russland nicht an Frieden interessiert,Hier finden Sie Informationen zu dem Thema „Ukraine-Krieg“. Lesen Sie jetzt „EU-Außenbeauftragte: Russland nicht an Frieden interessiert“.,https://img.zeit.de/news/2026-09/07/eu-aussenbeauftragte-russland-nicht-an-frieden-interessiert-image-group/wide__1300x731,2026-09-07T17:56:12Z,,"Trotz des neuen Vorstoßes der US-Vermittler hat die EU-Außenbeauftragte Kaja Kallas wenig Hoffnung auf ein baldiges Ende des Ukraine-Kriegs. «Wir sehen nicht, dass Russland wirklich an Frieden intere… [+958 chars]",,de,'Ukraine'
https://www.tagesspiegel.de/internationales/dpa-ukraine-krieg-16028673.html,https://www.tagesspiegel.de/internationales/dpa-ukraine-krieg-16028673.html,0,www.tagesspiegel.de,Ukraine-Krieg: EU-Außenbeauftragte: Russland nicht an Frieden interessiert,"Die US-Unterhändler unternehmen einen neuen Anlauf in Vermittlungen für ein Ende des Ukraine-Kriegs. Kaja Kallas erwartet angesichts Moskaus Haltung wenig, sieht aber zumindest einen positiven Aspekt.",https://www.tagesspiegel.de/images/16028672/alternates/BASE_16_9_W1400/1788803830000/kaja-kallas-in-litauen.jpeg,2026-09-07T17:57:10Z,,"Trotz des neuen Vorstoßes der US-Vermittler hat die EU-Außenbeauftragte Kaja Kallas wenig Hoffnung auf ein baldiges Ende des Ukraine-Kriegs. Wir sehen nicht, dass Russland wirklich an Frieden interes… [+1006 chars]",,de,'Wladimir Putin'
https://www.bild.de/politik/ausland-und-internationales/goethe-institute-in-russland-geschlossen-mitarbeiter-muessen-ausreisen-6a9ec5fe721eb476650a2c44,https://www.bild.de/politik/ausland-und-internationales/goethe-institute-in-russland-geschlossen-mitarbeiter-muessen-ausreisen-6a9ec5fe721eb476650a2c44,0,www.bild.de,Auch Konsulat betroffen - Russland schließt deutsche Institute,"Nach dem Drohnenanschlag bei Leipzig verschärft Moskau den Streit mit Berlin: Goethe-Institute und deutsches Konsulat schließen, Mitarbeiter müssen ausreisen.","https://images.bild.de/6a9ec5fe721eb476650a2c44/412a782800d700dc4dff7d8cb4901135,c41da588?w=1280",2026-09-07T18:10:07Z,,TTS-Player überspringenArtikel weiterlesenMoskau (Russland) Als Reaktion auf den russischen Drohnenanschlag in Leipzig schloß die Bundesregierung unter anderem das russische Generalkonsulat. Jetzt sc… [+1955 chars],,de,'Russland'
https://www.zeit.de/politik/ausland/2026-09/finnland-grenzzaun-russland-ostgrenze-sicherheit,https://www.zeit.de/politik/ausland/2026-09/finnland-grenzzaun-russland-ostgrenze-sicherheit,0,www.zeit.de,Grenzzaun zu Russland: Finnland errichtet 200 Kilometer langen Grenzzaun zu Russland,Ein Zaun und ein technisches Überwachungssystem sichern Abschnitte der Grenze Finnlands zu Russland. So soll »hybride Kriegsführung« durch Migranten eingedämmt werden.,https://img.zeit.de/politik/ausland/2026-09/finnland-grenzzaun-russland-ostgrenze-sicherheit-foto-1/wide__1300x731,2026-09-07T18:49:47Z,,Nach zwei Jahren Bauzeit hat Finnland einen 200 Kilometer langen Stacheldrahtzaun an der Grenze zu Russland fertiggestellt. »Der Grenzzaun an der Ostgrenze ist in diesen unvorhersehbaren Zeiten ein w… [+962 chars],,de,'Russland'
https://www.sueddeutsche.de/politik/ukraine-krieg-akw-saporischschja-strom-li.3524928,https://www.sueddeutsche.de/politik/ukraine-krieg-akw-saporischschja-strom-li.3524928,0,www.sueddeutsche.de,Newsblog zum Ukraine-Krieg: AKW Saporischschja hat wieder Strom,"Das große, von Russland besetzte Kernkraftwerk war lange ohne externen Strom – das war gefährlich. Nun gab es in einer Feuerpause Reparaturarbeiten.",https://www.sueddeutsche.de/2026/09/07/b5b7b77c-2c78-43f2-ba8e-d2d967b4cf5b.jpg?q=60&fm=webp&width=1200&rect=0%2C130%2C4000%2C2250,2026-09-07T19:47:40Z,,In Moskau sind die kurzfristig anberaumten neuen Gespräche zum russischen Angriffskrieg in der Ukraine zwischen Kremlchef Wladimir Putin und den US-Unterhändlern Steve Witkoff und Jared Kushner zu En… [+1691 chars],,de,'Ukraine'
https://www.n-tv.de/politik/21-00-Ukraine-attackiert-russische-Millionenstadt-im-Ural-Gebirge-id31280534.html,https://www.n-tv.de/politik/21-00-Ukraine-attackiert-russische-Millionenstadt-im-Ural-Gebirge-id31280534.html,0,www.n-tv.de,Ukraine-Krieg im Liveticker: +++ 21:00 Ukraine attackiert russische Millionenstadt im Ural-Gebirge +++,"Berlin, Washington, Brüssel - überall. ntv berichtet von allen wichtigen Schauplätzen der Innen- und Außenpolitik.",https://www.n-tv.de/img/2339153/1721988811/Img_16_9/1200/image.jpg,2026-09-07T20:00:00Z,,Langstreckendrohnen der ukrainischen Streitkräfte schlagen in der russischen Stadt Perm ein. Aufnahmen zeigen Einschläge in einem Wohnhaus. Die Stadt im Ural-Gebirge liegt rund 1500 Kilometer entfern… [+34174 chars],,de,'Ukraine'
https://www.prnewswire.com/news-releases/midea-stellt-vitabreeze-vor-eine-klimaanlage-die-mehr-kann-als-nur-kuhlen-und-heizen-302871631.html,https://www.prnewswire.com/news-releases/midea-stellt-vitabreeze-vor-eine-klimaanlage-die-mehr-kann-als-nur-kuhlen-und-heizen-302871631.html,0,www.prnewswire.com,"Midea stellt VitaBreeze vor: Eine Klimaanlage, die mehr kann als nur kühlen und heizen","BERLIN,/PRNewswire/ -- Midea wird die Klimatisierung von Wohnräumen revolutionieren – mit der Einführung von VitaBreeze, seinem neuesten Klimatisierungssystem, das für wirklich individuellen Komfort in jedem Winkel des Raums und zu jeder Jahreszeit sorgt. Das…",,2026-09-07T20:04:00Z,,"BERLIN,/PRNewswire/ -- Midea wird die Klimatisierung von Wohnräumen revolutionieren mit der Einführung von VitaBreeze, seinem neuesten Klimatisierungssystem, das für wirklich individuellen Komfort in… [+3208 chars]",,de,'Klima'
https://orf.at/stories/3441500/,https://orf.at/stories/3441500/,0,orf.at,Wieder russische Angriffe auf Kiew,,https://orf.at/mojo/1_4_1/storyserver//news/common/images/og-fallback-news.png,2026-09-08T01:11:38Z,,Nach dem Ende einer dreitägigen Angriffspause wegen des Besuchs ranghoher US-Vermittler in Kiew hat Russland seine Attacken auf die ukrainische Hauptstadt ukrainischen Angaben zufolge wieder aufgenom… [+540 chars],,de,'Angriff'
https://www.tagesschau.de/ausland/ukraine-russland-angriffe-krieg-100.html,https://www.tagesschau.de/ausland/ukraine-russland-angriffe-krieg-100.html,0,www.tagesschau.de,Ukraine meldet neue russische Angriffe nach dreitägiger Feuerpause,"Nach einer kurzzeitigen Feuerpause während des Besuchs von US-Unterhändlern in der Ukraine hat Russland seine schweren Luftangriffe wieder aufgenommen. Aus Kiew wurden Explosionen gemeldet, berichteten ukrainische Medien.",https://images.tagesschau.de/image/ad7118b4-e673-4ab6-a7f9-50c1b0716aa9/AAABoH7kvZw/AAABnSSvrFg/16x9-big/kiew-530.jpg?width=1280,2026-09-08T02:56:39Z,,"Stand: 08.09.2026 05:09 Uhr
Nach einer kurzzeitigen Feuerpause während des Besuchs von US-Unterhändlern in der Ukraine hat Russland seine schweren Luftangriffe wieder aufgenommen. Aus Kiew wurden Ex… [+2717 chars]",,de,'Wladimir Putin'
https://orf.at/stories/3441503/,https://orf.at/stories/3441503/,0,orf.at,Nach Feuerpause erneut russische Angriffe auf Kiew,,https://orf.at/mojo/1_4_1/storyserver//news/common/images/og-fallback-news.png,2026-09-08T04:29:45Z,,"Nach einer kurzzeitigen Feuerpause während des Besuchs der Unterhändler von US-Präsident Donald Trump in der Ukraine hat Russland seine Luftangriffe auf die Hauptstadt Kiew wieder aufgenommen.
Aus K… [+1109 chars]",,de,'Angriff'
https://www.n-tv.de/politik/Nach-dreitaegiger-Feuerpause-greift-Russland-erneut-Kiew-an-id31280640.html,https://www.n-tv.de/politik/Nach-dreitaegiger-Feuerpause-greift-Russland-erneut-Kiew-an-id31280640.html,0,www.n-tv.de,Zwei Tote und mehrere Verletzte: Nach dreitägiger Feuerpause greift Russland erneut Kiew an,Die US-Gesandten Kushner und Witkoff treffen Putin in Moskau und erstmals Selenskyj in Kiew. Danach sprechen sie von Chancen auf neue Friedensgespräche. Doch nach mehrtägiger Feuerpause greift Russland Kiew erneut mit Raketen und Drohnen an.,https://www.n-tv.de/img/31280711/1788849446/Img_16_9/1200/617700814.jpg,2026-09-08T05:29:38Z,,"In mehreren Stadteilen Kiews bricht Feuer aus. (Foto: picture alliance/dpa/AP)
Die US-Gesandten Kushner und Witkoff treffen Putin in Moskau und erstmals Selenskyj in Kiew. Danach sprechen sie von Ch… [+3667 chars]",,de,'Russland'
https://www.morgenpost.de/politik/article413092067/ukraine-krieg-russland-laut-selenskyj-bereit-zu-verhandeln.html,https://www.morgenpost.de/politik/article413092067/ukraine-krieg-russland-laut-selenskyj-bereit-zu-verhandeln.html,0,www.morgenpost.de,Ukraine-Krieg: Russland laut Selenskyj „bereit zu verhandeln“,"Der ukrainische Präsident ist davon überzeugt, dass Donald Trump vor dem Winter Druck auf Russland-Präsident Wladimir Putin ausüben könne.",https://img.sparknews.funkemedien.de/413075322/413075322_1788699905_v16_9_1600.jpeg,2026-09-08T06:12:47Z,,"Russland hat einem US-Medienbericht zufolge, der sich auf den ukrainischen Präsidenten Wolodymyr Selenskyj beruft, bei den jüngsten Gesprächen mit US-Vermittlern Bereitschaft zu Verhandlungen über ei… [+2195 chars]",,de,'Wladimir Putin'
https://www.n-tv.de/politik/Selenskyj-setzt-auf-US-Druck-fuer-Verhandlungsfenster-im-Herbst-id31280827.html,https://www.n-tv.de/politik/Selenskyj-setzt-auf-US-Druck-fuer-Verhandlungsfenster-im-Herbst-id31280827.html,0,www.n-tv.de,"""Putin braucht Trump"": Selenskyj setzt auf US-Druck für Verhandlungsfenster im Herbst","Russland fühlt sich im Angriffskrieg gegen die Ukraine im Vorteil, Moskau will das Nachbarland im Winter weiter zermürben. Doch nach der diplomatischen Initiative der USA vom Wochenende eröffnet sich in den Augen von Präsident Selenskyj eine Chance für Verhan…",https://www.n-tv.de/img/31280830/1788852552/Img_16_9/1200/617478190.jpg,2026-09-08T06:48:53Z,,"Die US-Gesandten Witkoff und Kushner hätten ihm mitgeteilt, dass Russland zu Verhandlungen bereit sei, sagte der ukrainische Präsident Selenskyj. (Foto: picture alliance / SvenSimon-Press Service Of … [+3264 chars]",,de,'Ukraine'
https://www.diepresse.com/41242513/russland-greift-kiew-wieder-an-grossbritannien-schnuert-neues,https://www.diepresse.com/41242513/russland-greift-kiew-wieder-an-grossbritannien-schnuert-neues,0,www.diepresse.com,Russland greift Kiew wieder an – Großbritannien schnürt neues Luftabwehrpaket,Nach der kurzen Feuerpause am Wochenende hat Russland seine Luftangriffe auf die Ukraine fortgesetzt. Großbritannien sagt Kiew nun zusätzliche Hilfe für die Luftverteidigung zu – inklusive Patriot-Raketen.,https://img.diepresse.com/public/incoming/cmoft1-afpc7lz7g3jpg/alternates/WEBP_WIDE_1200/AFP_C7LZ7G3.jpg,2026-09-08T06:51:41Z,,"Die Presse auf Google als bevorzugte Nachrichtenquelle hinzufügen.
 Nach einer kurzzeitigen Feuerpause während des Besuchs der Unterhändler von US-Präsident Donald Trump in der Ukraine hat Russland … [+2694 chars]",,de,'Russland'
https://www.zeit.de/news/2026-09/08/mehr-als-70-verletzte-bei-huthi-angriffen-in-saudi-arabien,https://www.zeit.de/news/2026-09/08/mehr-als-70-verletzte-bei-huthi-angriffen-in-saudi-arabien,0,www.zeit.de,Jemen-Krieg: Mehr als 70 Verletzte bei Huthi-Angriffen in Saudi-Arabien,Hier finden Sie Informationen zu dem Thema „Jemen-Krieg“. Lesen Sie jetzt „Mehr als 70 Verletzte bei Huthi-Angriffen in Saudi-Arabien“.,https://img.zeit.de/news/2026-09/08/mehr-als-70-verletzte-bei-huthi-angriffen-in-saudi-arabien-image-group/wide__1300x731,2026-09-08T08:20:13Z,,"Bei Angriffen der jemenitischen Huthi-Miliz sind in Saudi-Arabien nach dortigen Angaben 73 Menschen verletzt worden. Unter den Opfern seien auch Frauen und Kinder, teilte der Sprecher des saudisch an… [+1914 chars]",,de,'Iran'
https://www.diepresse.com/41242879/historisch-niedriger-fuellstand-deutsche-gasspeicher-betreiber-warnen,https://www.diepresse.com/41242879/historisch-niedriger-fuellstand-deutsche-gasspeicher-betreiber-warnen,0,www.diepresse.com,„Historisch niedriger Füllstand“: Deutsche Gasspeicher-Betreiber warnen vor geringen Winterreserven,In Österreich sind die Gasspeicher laut dem Gasnetz-Verwalter AGGM aktuell zu 67 Prozent gefüllt.,https://img.diepresse.com/public/incoming/b5d4w3-22730394791696086bldhiresjpg/alternates/WEBP_WIDE_1200/22730394791696086_BLD_HiRes.jpg,2026-09-08T08:36:13Z,,"Die Presse auf Google als bevorzugte Nachrichtenquelle hinzufügen.
 Die Betreiber von Gasspeichern in Deutschland haben vor einem sich schließenden Zeitfenster für die Befüllung ihrer Anlagen gewarn… [+2172 chars]",,de,'Gas'
https://www.tagesspiegel.de/internationales/dpa-ukraine-krieg-16029648.html,https://www.tagesspiegel.de/internationales/dpa-ukraine-krieg-16029648.html,0,www.tagesspiegel.de,Ukraine-Krieg: Nach US-Gesprächen: Kiew meldet neue russische Angriffe,"Kaum sind Donald Trumps Vermittler aus Kiew abgereist, nimmt Russland die Hauptstadt der Ukraine wieder unter Feuer. Aus einer russischen Region werden derweil neue ukrainische Luftangriffe gemeldet.",https://www.tagesspiegel.de/images/16029647/alternates/BASE_16_9_W1400/1788857450000/ukraine-krieg-kiew.jpeg,2026-09-08T08:50:49Z,,Nach einer kurzzeitigen Feuerpause während des Besuchs der Unterhändler von US-Präsident Donald Trump in der Ukraine hat Russland seine Luftangriffe auf Kiew wieder aufgenommen. In der Nacht wurden E… [+3304 chars],,de,'Ukraine'
https://www.zeit.de/politik/ausland/2026-09/jemen-huthi-miliz-angriffe-saudi-arabien-gxe,https://www.zeit.de/politik/ausland/2026-09/jemen-huthi-miliz-angriffe-saudi-arabien-gxe,0,www.zeit.de,Saudi-Arabien: Huthis melden Großangriff auf Saudi-Arabien,Bei Huthi-Angriffen auf Saudi-Arabien sind mehr als 70 Menschen verletzt worden. Die vom Iran unterstützte Miliz will auch Anlagen des Ölkonzerns Aramco getroffen haben.,https://img.zeit.de/politik/ausland/2026-09/jemen-huthi-miliz-angriffe-saudi-arabien-foto-1/wide__1300x731,2026-09-08T08:51:26Z,,Bei Angriffen der jemenitischen Huthis in Saudi-Arabien sind nach saudi-arabischen Angaben mehr als 70 Menschen verletzt worden. Die vom Iran unterstützte Miliz griff Energieanlagen im Süden des Land… [+1739 chars],,de,'Iran'
https://www.nzz.ch/schweiz/die-stromtarife-sinken-aber-nicht-ueberall-in-welchen-gemeinden-die-preise-2027-besonders-guenstig-sind-ld.10021748,https://www.nzz.ch/schweiz/die-stromtarife-sinken-aber-nicht-ueberall-in-welchen-gemeinden-die-preise-2027-besonders-guenstig-sind-ld.10021748,0,www.nzz.ch,"INTERAKTIV - Die Stromtarife sinken, aber nicht überall – in welchen Gemeinden die Preise 2027 besonders günstig sind",Die Haushalte können beim Strom im Schnitt 53 Franken sparen. Die regionalen Unterschiede bleiben jedoch gross. Besonders in der Ostschweiz müssen sich viele Kunden auf höhere Tarife einstellen.,"https://img-msp-prod.nzz.ch/2026/09/08/1730250b-c886-436e-ac6b-7213ef1a09e7.gif?width=1200&height=674&fit=bounds&quality=75&auto=webp&crop=1801,1013,x0,y169&wmark=nzz",2026-09-08T09:00:00Z,,"Die Haushalte können beim Strom im Schnitt 53 Franken sparen. Die regionalen Unterschiede bleiben jedoch gross. Besonders in der Ostschweiz müssen sich viele Kunden auf höhere Tarife einstellen.
Zus… [+5900 chars]",,de,'Preis'
https://www.faz.net/aktuell/politik/ausland/russland-und-nordkorea-verbindet-jetzt-eine-direkte-strasse-accg-201201830.html,https://www.faz.net/aktuell/politik/ausland/russland-und-nordkorea-verbindet-jetzt-eine-direkte-strasse-accg-201201830.html,0,www.faz.net,Vertiefte Beziehungen: Russland und Nordkorea verbindet jetzt eine direkte Straße,Die Baukosten für die „Freundschaftsbrücke“ über den Tumen-Fluss trägt offenbar Russland – das Nordkorea wohl auch Technik für einen neuen Zerstörer geliefert hat.,https://media0.faz.net/image/w1200h627/244408c60f24/w2560h1337x0y51o/202609/43601.0.2522752847/lastwagen-ueberqueren-die.webp,2026-09-08T09:33:26Z,,Sieben Jahrzehnte war die Eisenbahnbrücke über dem Tumen-Fluss die einzige Landverbindung zwischen Nordkorea und Russland. Die Sowjetunion hatte das Stahlträgerwerk absichtlich so tief über den Fluss… [+3974 chars],,de,'Russland'
https://www.zeit.de/news/2026-09/08/66-jaehriger-nach-angriff-mit-stichwaffe-in-lebensgefahr,https://www.zeit.de/news/2026-09/08/66-jaehriger-nach-angriff-mit-stichwaffe-in-lebensgefahr,0,www.zeit.de,Häusliche Gewalt: 66-Jähriger nach Angriff mit Stichwaffe in Lebensgefahr,Hier finden Sie Informationen zu dem Thema „Häusliche Gewalt“. Lesen Sie jetzt „66-Jähriger nach Angriff mit Stichwaffe in Lebensgefahr“.,https://img.zeit.de/news/2026-09/08/66-jaehriger-nach-angriff-mit-stichwaffe-in-lebensgefahr-image-group/wide__1300x731,2026-09-08T09:47:16Z,,Ein 36-Jähriger soll in Rheinbach (Rhein-Sieg-Kreis) einen Bekannten mit einer Stichwaffe angegriffen und lebensgefährlich verletzt haben. Nach Angaben der Polizei hatte der 36-Jährige wenige Stunden… [+626 chars],,de,'Angriff'
https://www.n-tv.de/politik/London-wird-Ukraine-Patriot-Raketen-und-Waffen-liefern-id31281741.html,https://www.n-tv.de/politik/London-wird-Ukraine-Patriot-Raketen-und-Waffen-liefern-id31281741.html,0,www.n-tv.de,Noch vor dem Winter : London wird Ukraine Patriot-Raketen und Waffen liefern,Angesichts verheerender russischer Luftangriffe und des nahenden Winters schnürt Großbritannien ein millionenschweres Rüstungspaket für die Ukraine. Darin enthalten sind auch Patriots. In der vergangenen Nacht hätte die Ukraine die Abfangraketen bereits gut g…,https://www.n-tv.de/img/31281914/1788865411/Img_16_9/1200/605816486.jpg,2026-09-08T10:10:48Z,,"F-16-Kampfflugzeuge fliegen an einem unbekannten Ort in der Ukraine über ein Patriot-Raketenabwehrsystem. (Foto: picture alliance / AP Photo/Efrem Lukatsky)
Angesichts verheerender russischer Luftan… [+2861 chars]",,de,'Iran'
https://www.tagesspiegel.de/internationales/es-ist-wie-bei-the-hunger-games-russland-uberzieht-kyjiw-nach-dreitagiger-pause-mit-neuen-luftangriffen-16029596.html,https://www.tagesspiegel.de/internationales/es-ist-wie-bei-the-hunger-games-russland-uberzieht-kyjiw-nach-dreitagiger-pause-mit-neuen-luftangriffen-16029596.html,0,www.tagesspiegel.de,„Es ist wie bei The Hunger Games“: Russland überzieht Kyjiw nach dreitägiger Pause mit neuen Luftangriffen,Die ukrainische Hauptstadt blieb während des Besuchs zweier US-Gesandter von Drohnen und Raketen verschont. Doch kurz nach deren Abreise setzt Moskau den Terror gegen die Zivilbevölkerung fort.,https://www.tagesspiegel.de/images/16029823/alternates/BASE_16_9_W1400/1788859967000/russian-missile-strike-in-kyiv.jpeg,2026-09-08T10:18:47Z,,Nach dem Ende einer dreitägigen Feuerpause wegen des Besuchs ranghoher US-Vermittler in Kyjiw hat Russland seine Luftangriffe auf die ukrainische Hauptstadtregion wieder aufgenommen. Die russischen S… [+4745 chars],,de,'Russland'
https://www.focus.de/politik/ausland/putin-will-blinde-krebskranke-und-verwundete-zur-drohnenabwehr-einsetzen_7e804414-c321-497c-8f4a-e38a872779ae.html,https://www.focus.de/politik/ausland/putin-will-blinde-krebskranke-und-verwundete-zur-drohnenabwehr-einsetzen_7e804414-c321-497c-8f4a-e38a872779ae.html,0,www.focus.de,"Putin will Blinde, Krebskranke und Verwundete zur Drohnenabwehr einsetzen",Russland will offenbar selbst Menschen mit schweren Erkrankungen für regionale Einheiten gewinnen. Sie sollen unter anderem ukrainische Drohnen über russischen Städten abwehren.,"https://quadro.burda-forward.de/ctf/d6aa9354-40fa-4082-8c0e-a42141bd2052.0b538bb7-41fb-4111-a27e-5fd0960be88e.jpg?im=RegionOfInterestCrop=(1200,630),regionOfInterest=(910,465)&hash=e51793bdc149b905d766ca541e3479d481f140bc975bffbc8dc07f21d7568315",2026-09-08T10:20:00Z,,Russlands Präsident Wladimir Putin unterstützt Pläne zum Einsatz von Menschen mit schweren Erkrankungen und Behinderungen in der Armee. Sie könnten ukrainische Drohnen über russischen Städten und Anl… [+3347 chars],,de,'Russland'
https://www.bild.de/politik/ausland-und-internationales/china-konzern-vor-gericht-huawei-soll-roboterarm-in-usa-geklaut-haben-6a9fc21a181cb962d4887909,https://www.bild.de/politik/ausland-und-internationales/china-konzern-vor-gericht-huawei-soll-roboterarm-in-usa-geklaut-haben-6a9fc21a181cb962d4887909,0,www.bild.de,Prozess gegen Handygigant aus China - Huawei-Spion soll Roboterarm in USA geklaut haben,"In New York beginnt der Prozess gegen Huawei. Die US‑Justiz wirft dem Konzern Diebstahl von Technik, Iran-Geschäfte und den Fall um Roboter Tappy vor.","https://images.bild.de/6a9fc21a181cb962d4887909/eaaf55596a0f45adec538e90bbf024e8,63997b4a?w=1280",2026-09-08T10:38:46Z,,"TTS-Player überspringenArtikel weiterlesenNew York Technik-Klau, Firmengeheimnisse und Iran-Geschäfte? In New York beginnt der Strafprozess gegen den chinesischen Tech-Riesen Huawei. Die US-Justiz wi… [+2262 chars]",,de,'Iran'
https://www.dw.com/de/russland-greift-ukraine-nach-feuerpause-wieder-an-wolodymyr-selenskyj-kyjiw/a-79157437,https://www.dw.com/de/russland-greift-ukraine-nach-feuerpause-wieder-an-wolodymyr-selenskyj-kyjiw/a-79157437,0,www.dw.com,Ukraine-Krieg: Auf beiden Seiten Tote nach der Feuerpause,"Kaum sind die US-Gesandten abgereist, fließt wieder Blut: Die Angriffe Russlands auf die Ukraine und deren Beschuss vice versa gehen weiter. In Kyjiw hofft Präsident Selenskyj auf US-Hilfen.",https://static.dw.com/image/79155304_6.jpg,2026-09-08T10:41:00Z,,"Bei russischen Angriffen auf die Ukraine sind in der Hauptstadt Kyjiw mindestens zwei Menschen getötet worden. Wie die Behörden mitteilten, wurden mehrere Bewohner eines Hauses verschüttet. Es gab Sc… [+4559 chars]",,de,'Russland'
https://www.sueddeutsche.de/politik/ukraine-krieg-raketen-drohnen-russland-kiew-li.3524928,https://www.sueddeutsche.de/politik/ukraine-krieg-raketen-drohnen-russland-kiew-li.3524928,0,www.sueddeutsche.de,Newsblog zum Ukraine-Krieg: Nach Gesprächen mit US-Gesandten: Kiew meldet neue russische Angriffe,"Ballistische Raketen trafen Wohngebäude, eine Schule und mehrere Autos.  Am Wochenende waren Unterhändler von US-Präsident Trump für Verhandlungen nach Moskau und Kiew gereist, kamen aber ohne Ergebnisse zurück.",https://www.sueddeutsche.de/2026/09/08/124735eb-0fed-4147-ba53-4d6a924a8edb.jpg?q=60&fm=webp&width=1200&rect=0%2C208%2C4000%2C2250,2026-09-08T10:48:16Z,,In Moskau sind die kurzfristig anberaumten neuen Gespräche zum russischen Angriffskrieg in der Ukraine zwischen Kremlchef Wladimir Putin und den US-Unterhändlern Steve Witkoff und Jared Kushner zu En… [+1691 chars],,de,'Angriff'
https://www.welt.de/politik/ausland/article6a9fb948181cb962d4887876/ukraine-krieg-darum-setzt-putin-auf-eskalation-kreml-chef-rechnet-laut-experte-mit-sieg-im-naechsten-jahr.html,https://www.welt.de/politik/ausland/article6a9fb948181cb962d4887876/ukraine-krieg-darum-setzt-putin-auf-eskalation-kreml-chef-rechnet-laut-experte-mit-sieg-im-naechsten-jahr.html,0,www.welt.de,„Darum setzt Putin auf Eskalation“ – Kreml-Chef rechnet laut Experte mit Sieg im nächsten Jahr,Militärexperte Markus Reisner sieht die Ukraine strategisch unter Druck. Wladimir Putin rechne mit einem Sieg im kommenden Jahr. Wolodymyr Selenskyj spricht hingegen von russischer Bereitschaft zu Verhandlungen.,https://images.welt.de/6a9fb948181cb962d4887876/35405a695ced7a72a8b9908421121e2a-master/ci16x9-w1200/dpa-com-260907-99-561817-jpeg,2026-09-08T10:53:34Z,,Militärexperte Markus Reisner sieht die Ukraine strategisch unter Druck. Wladimir Putin rechne mit einem Sieg im kommenden Jahr. Wolodymyr Selenskyj spricht hingegen von russischer Bereitschaft zu Ve… [+4444 chars],,de,'Wladimir Putin'
https://www.welt.de/politik/ausland/article6a9fb948181cb962d4887876/ukraine-krieg-putin-ist-ueberzeugt-dass-die-ukraine-allmaehlich-kippt-experte-erklaert-strategie-des-kremlchefs.html,https://www.welt.de/politik/ausland/article6a9fb948181cb962d4887876/ukraine-krieg-putin-ist-ueberzeugt-dass-die-ukraine-allmaehlich-kippt-experte-erklaert-strategie-des-kremlchefs.html,0,www.welt.de,"„Putin ist überzeugt, dass die Ukraine allmählich kippt“ – Experte erklärt Strategie des Kremlchefs",Militärexperte Markus Reisner sieht die Ukraine strategisch unter Druck. Wladimir Putin rechne mit einem Sieg im kommenden Jahr. Wolodymyr Selenskyj spricht hingegen von russischer Bereitschaft zu Verhandlungen.,https://images.welt.de/6a9fb948181cb962d4887876/35405a695ced7a72a8b9908421121e2a-master/ci16x9-w1200/dpa-com-260907-99-561817-jpeg,2026-09-08T10:53:34Z,,Militärexperte Markus Reisner sieht die Ukraine strategisch unter Druck. Wladimir Putin rechne mit einem Sieg im kommenden Jahr. Wolodymyr Selenskyj spricht hingegen von russischer Bereitschaft zu Ve… [+4444 chars],,de,'Wladimir Putin'
https://www.diepresse.com/41242924/die-hoelle-bereitet-iran-und-usa-weiten-ihren-seekrieg-aus,https://www.diepresse.com/41242924/die-hoelle-bereitet-iran-und-usa-weiten-ihren-seekrieg-aus,0,www.diepresse.com,„Die Hölle bereitet“: Iran und USA weiten ihren Seekrieg aus [premium],Das iranische Regime greift erstmals amerikanische Kriegsschiffe mit einer neu entwickelten Rakete an. Und es kündigt eine Sperrzone an.,https://img.diepresse.com/public/incoming/ugh2lh-2026-09-05t154054z462517769rc22dnakw34qrtrmadp3iran-crisis-centcomjpg/alternates/WEBP_WIDE_1200/2026-09-05T154054Z_462517769_RC22DNAKW34Q_RTRMADP_3_IRAN-CRISIS-CENTCOM.JPG,2026-09-08T11:42:03Z,,"Der Iran hat einen Seekrieg gegen die USA eröffnet. Die Revolutionsgarden schossen nach eigenen Angaben jetzt zum ersten Mal ballistische Raketen auf einen Flugzeugträger und einen Zerstörer, die bei… [+4954 chars]",,de,'Iran'
https://www.tagesschau.de/ausland/asien/huthi-angriff-saudi-arabien-100.html,https://www.tagesschau.de/ausland/asien/huthi-angriff-saudi-arabien-100.html,0,www.tagesschau.de,Mindesten 73 Verletzte bei Angriffen der Huthi-Miliz auf Saudi-Arabien,"Die Huthi-Miliz hat mehrere Ziele in Saudi-Arabien angegriffen. Mehr als 70 Menschen wurden laut örtlichen Behörden verletzt. Das saudisch angeführte Militärbündnis spricht von einer ""gefährlichen Eskalation"" und droht mit Vergeltung.",https://images.tagesschau.de/image/3d29d34e-abba-452e-a3ac-c2c01f5c462c/AAABoIClVpg/AAABnSSvrFg/16x9-big/satellitenaufnahme-rauch-100.jpg?width=1280,2026-09-08T11:51:39Z,,"Stand: 08.09.2026 13:51 Uhr
Die Huthi-Miliz hat mehrere Ziele in Saudi-Arabien angegriffen. Mehr als 70 Menschen wurden laut örtlichen Behörden verletzt. Das saudisch angeführte Militärbündnis spric… [+2469 chars]",,de,'Angriff'
https://www.focus.de/politik/ausland/selenskyj-hofft-auf-neue-gespraeche-russland-nimmt-angriffe-auf-kiew-nach-feuerpause-wieder-auf_51a51191-f162-43c5-9a26-292744b6ecbd.html,https://www.focus.de/politik/ausland/selenskyj-hofft-auf-neue-gespraeche-russland-nimmt-angriffe-auf-kiew-nach-feuerpause-wieder-auf_51a51191-f162-43c5-9a26-292744b6ecbd.html,0,www.focus.de,Selenskyj hofft auf neue Gespräche: Russland nimmt Angriffe auf Kiew nach Feuerpause wieder auf,"Nach einer dreitägigen Feuerpause hat Russland seine Angriffe auf Kiew wieder aufgenommen. Mindestens zwei Menschen starben, sieben weitere wurden verletzt.","https://quadro.burda-forward.de/ctf/349b81ba-f878-4f13-95d5-5319c7bc6861.0fa36447-9995-4bca-aba4-cb0a0f4a01e3.jpg?im=RegionOfInterestCrop=(1200,630),regionOfInterest=(1045,566)&hash=016a9c1b561241db07cdb40fabca89aa14c2863522b583d59c45481e7104f317",2026-09-08T11:56:00Z,,"Russland hat seine Angriffe auf die ukrainische Hauptstadt Kiew nach einer dreitägigen Feuerpause wieder aufgenommen. Bei den Attacken seien mindestens zwei Menschen getötet worden, teilte Kiews Mili… [+4726 chars]",,de,'Russland'
https://www.sueddeutsche.de/wirtschaft/gasspeicher-gaspreise-speicherstaende-deutschland-winterbeginn-li.3544202,https://www.sueddeutsche.de/wirtschaft/gasspeicher-gaspreise-speicherstaende-deutschland-winterbeginn-li.3544202,0,www.sueddeutsche.de,"Gasversorgung: Leere Speicher, volles Risiko","Drei Wochen vor Beginn der Heizperiode ist der Füllstand der Gasspeicher immer noch niedrig. Die Branche warnt, das Ministerium mahnt zur Ruhe. Kann das gutgehen?",https://www.sueddeutsche.de/2026/02/02/f5ff9979-cbdb-4e9e-b6b1-19f81696bdc8.jpg?q=60&fm=webp&width=1200&rect=0%2C208%2C4000%2C2250,2026-09-08T12:22:08Z,,"Seit Wochen spiegelt sich diese Marktlage auch in den deutschen Gasspeichern. Drei Wochen vor Beginn der Heizperiode, die formal am 1. Oktober beginnt, sind sie gerade mal zu 55 Prozent gefüllt. Auch… [+4109 chars]",,de,'Gas'
https://www.zeit.de/news/2026-09/08/nach-us-gespraechen-kiew-meldet-neue-russische-angriffe,https://www.zeit.de/news/2026-09/08/nach-us-gespraechen-kiew-meldet-neue-russische-angriffe,0,www.zeit.de,Ukraine-Krieg: Nach US-Gesprächen: Kiew meldet neue russische Angriffe,Hier finden Sie Informationen zu dem Thema „Ukraine-Krieg“. Lesen Sie jetzt „Nach US-Gesprächen: Kiew meldet neue russische Angriffe“.,https://img.zeit.de/news/2026-09/08/nach-us-gespraechen-kiew-meldet-neue-russische-angriffe-image-group/wide__1300x731,2026-09-08T12:58:28Z,,Nach einer kurzzeitigen Feuerpause während des Besuchs der Unterhändler von US-Präsident Donald Trump in der Ukraine hat Russland seine Luftangriffe auf Kiew wieder aufgenommen. In der Nacht wurden E… [+3698 chars],,de,'Ukraine'
https://www.zeit.de/news/2026-09/08/bericht-zahl-der-streubombenopfer-rasant-gestiegen,https://www.zeit.de/news/2026-09/08/bericht-zahl-der-streubombenopfer-rasant-gestiegen,0,www.zeit.de,Geächtete Waffen: Bericht: Zahl der Streubombenopfer rasant gestiegen,Hier finden Sie Informationen zu dem Thema „Geächtete Waffen“. Lesen Sie jetzt „Bericht: Zahl der Streubombenopfer rasant gestiegen“.,https://img.zeit.de/news/2026-09/08/bericht-zahl-der-streubombenopfer-rasant-gestiegen-image-group/wide__1300x731,2026-09-08T13:00:06Z,,"Die Zahl der Streubombenopfer ist 2025 rasant gestiegen: Im Vergleich zum Vorjahr hat sie sich mehr als verdreifacht. Mindestens 1.063 Menschen wurden getötet oder verletzt, einer der höchsten Jahres… [+1660 chars]",,de,'Waffen'
https://www.zeit.de/news/2026-09/08/nach-angriff-auf-reinigungskraefte-mann-in-psychiatrie,https://www.zeit.de/news/2026-09/08/nach-angriff-auf-reinigungskraefte-mann-in-psychiatrie,0,www.zeit.de,Kriminalität: Nach Angriff auf Reinigungskräfte - Mann in Psychiatrie,Hier finden Sie Informationen zu dem Thema „Kriminalität“. Lesen Sie jetzt „Nach Angriff auf Reinigungskräfte - Mann in Psychiatrie“.,https://img.zeit.de/news/2026-09/08/nach-angriff-auf-reinigungskraefte-mann-in-psychiatrie-image-group/wide__1300x731,2026-09-08T14:23:57Z,,Nach einem Angriff mit einem Schwert auf zwei Reinigungskräfte in Ahrensburg ist der tatverdächtige Mann in ein psychiatrisches Krankenhaus gebracht worden. Der 32-Jährige war kurz nach der Tat am Mo… [+1473 chars],,de,'Angriff'
https://www.zeit.de/news/2026-09/08/pistorius-sagt-ukraine-umfangreiche-waffenlieferungen-zu,https://www.zeit.de/news/2026-09/08/pistorius-sagt-ukraine-umfangreiche-waffenlieferungen-zu,0,www.zeit.de,Militärhilfe für die Ukraine: Pistorius sagt Ukraine umfangreiche Waffenlieferungen zu,Hier finden Sie Informationen zu dem Thema „Militärhilfe für die Ukraine“. Lesen Sie jetzt „Pistorius sagt Ukraine umfangreiche Waffenlieferungen zu“.,https://img.zeit.de/news/2026-09/08/pistorius-sagt-ukraine-umfangreiche-waffenlieferungen-zu-image-group/wide__1300x731,2026-09-08T14:30:27Z,,Verteidigungsminister Boris Pistorius hat der Ukraine weitere umfangreiche Waffenlieferungen zur Verteidigung gegen russische Angriffe zugesagt. Einschüchterungsversuche Russlands und hybride Angriff… [+1356 chars],,de,'Ukraine'
https://www.faz.net/aktuell/wirtschaft/klima-nachhaltigkeit/gasspeicher-in-deutschland-droht-ein-kalter-winter-201201819.html,https://www.faz.net/aktuell/wirtschaft/klima-nachhaltigkeit/gasspeicher-in-deutschland-droht-ein-kalter-winter-201201819.html,0,www.faz.net,"Gasversorgung: Wehe, wenn der Winter kalt wird",Das deutsche Füllstandsziel kann aus technischen Gründen nicht mehr erreicht werden. Wie es in anderen Ländern aussieht und was das für die kalte Jahreszeit bedeutet.,https://media0.faz.net/image/w1200h627/de201e68dcc5/w5000h2612x0y205o/202609/43601.0.2526625494/auch-die-gasspeicher-in-den.webp,2026-09-08T15:09:35Z,,"Gasspeicher kann man sich vorstellen wie große Luftballons: Man kann Gas hineinpusten, aber nur in einer bestimmten Geschwindigkeit. Fängt man nicht früh genug damit an oder pustet nicht kräftig genu… [+7235 chars]",,de,'Gas'
https://www.tagesschau.de/ausland/europa/streubomben-monitor-100.html,https://www.tagesschau.de/ausland/europa/streubomben-monitor-100.html,0,www.tagesschau.de,Zahl der Opfer durch Streubomben laut Hilfsorganisationen verdreifacht,1.063 Menschen wurden im vergangenen Jahr durch Streubomben getötet oder verletzt - das sind dreimal so viele wie 2024. Besonders stark betroffen ist laut einer Erhebung von Nichtregierungsorganisationen die Ukraine. Von Sandra Biegger.,https://images.tagesschau.de/image/64e3d810-6efa-476f-af5a-e8211ee54637/AAABoIF-mhM/AAABnSSvrFg/16x9-big/cluster-bombe-100.jpg?width=1280,2026-09-08T15:50:54Z,,"Stand: 08.09.2026 17:50 Uhr
1.063 Menschen wurden im vergangenen Jahr durch Streubomben getötet oder verletzt - das sind dreimal so viele wie 2024. Besonders stark betroffen ist laut einer Erhebung … [+3658 chars]",,de,'Ukraine'
https://www.derstandard.at/story/3000000338990/usa-belegen-27-iranische-airlines-mit-neuen-sanktionen,https://www.derstandard.at/story/3000000338990/usa-belegen-27-iranische-airlines-mit-neuen-sanktionen,0,www.derstandard.at,USA belegen 27 iranische Airlines mit neuen Sanktionen,Die Sanktionen dürften auch Auswirkungen auf Reisende haben. Internationale Fluglinien meiden seit Kriegsbeginn Verbindungen in den Iran,https://i.ds.at/_iOVXA/rs:fill:1200:600/plain/lido-images/2026/09/08/eae851b4-caf3-4b53-9e69-15e304581f43.jpg,2026-09-08T16:02:40Z,,"Sie entscheiden darüber, wie Sie unsere Inhalte nutzen wollen. Ihr Gerät erlaubt uns derzeit leider nicht, die entsprechenden Optionen anzuzeigen.
Bitte deaktivieren Sie sämtliche Hard- und Software… [+180 chars]",,de,'Iran'
https://www.welt.de/politik/ausland/article6aa029da1c634564db632f71/putin-telefoniert-mit-trump-angeblichkeine-aggressiven-plaene-gegen-europa.html,https://www.welt.de/politik/ausland/article6aa029da1c634564db632f71/putin-telefoniert-mit-trump-angeblichkeine-aggressiven-plaene-gegen-europa.html,0,www.welt.de,Putin telefoniert mit Trump – angeblich „keine aggressiven Pläne gegen Europa“,"In einem Telefonat mit Donald Trump stellt Wladimir Putin Beratern zufolge in Aussicht, Europa nicht zu bedrohen. Für den Fall eines Kriegsendes sei Moskau eine verbesserte Beziehung zu den USA in Aussicht gestellt worden.",https://images.welt.de/6aa029da1c634564db632f71/ed30d1e354e3d27bab4ec19e3e4cfe08-master/ci16x9-w1200/1786692938390-afp-c4mm764-jpg,2026-09-08T16:14:57Z,,"In einem Telefonat mit Donald Trump stellt Wladimir Putin Beratern zufolge in Aussicht, Europa nicht zu bedrohen. Für den Fall eines Kriegsendes sei Moskau eine verbesserte Beziehung zu den USA in Au… [+2468 chars]",,de,'Wladimir Putin'
https://www.freitag.de/autoren/der-freitag/haaretz-eineinhalb-wochen-vor-dem-7-oktober-wurde-benjamin-netanjahu-gewarnt,https://www.freitag.de/autoren/der-freitag/haaretz-eineinhalb-wochen-vor-dem-7-oktober-wurde-benjamin-netanjahu-gewarnt,0,www.freitag.de,Exklusiv-Bericht: Eineinhalb Wochen vor dem 7. Oktober wurde Benjamin Netanjahu gewarnt,Der Präsident der Arabischen Emirate soll Netanjahu in einem 45-minütigen Gespräch vor einem Hamas-Angriff gewarnt haben. Doch warum wussten die Geheimdienstchefs davon nichts? Recherchen der israelischen Zeitung „Haaretz“ geben Antworten Ende September im Ja…,https://www.freitag.de/autoren/der-freitag/haaretz-eineinhalb-wochen-vor-dem-7-oktober-wurde-benjamin-netanjahu-gewarnt/@@images/image/great,2026-09-08T16:29:00Z,,Ende September im Jahr 2023. Immer wieder kommt es zu Terroranschlägen im Westjordanland. Regelmäßig demonstrieren Bewohner des Gaza-Streifen am Grenzzaun. Die israelische Innenpolitik wird von inter… [+42193 chars],,de,'Iran'
https://www.tagesschau.de/ausland/europa/pistorius-waffenhilfe-ukraine-100.html,https://www.tagesschau.de/ausland/europa/pistorius-waffenhilfe-ukraine-100.html,0,www.tagesschau.de,Pistorius verspricht mehr Waffen - Trump telefoniert mit Putin,"Verteidigungsminister Pistorius sagt der Ukraine weitere Abfangraketen zu. Während Kiews Unterstützer ihre Hilfe ausbauen, spricht Moskau nach einem Telefonat zwischen Putin und Trump von einer möglichen Wiederannäherung an die USA.",https://images.tagesschau.de/image/8dd3bd8c-e3f4-40c4-ba09-b40680037abb/AAABoIG8icw/AAABnSSvrFg/16x9-big/boris-pistorius-208.jpg?width=1280,2026-09-08T16:47:44Z,,"Stand: 08.09.2026 18:47 Uhr
Verteidigungsminister Pistorius sagt der Ukraine weitere Abfangraketen zu. Während Kiews Unterstützer ihre Hilfe ausbauen, spricht Moskau nach einem Telefonat zwischen Pu… [+3942 chars]",,de,'Ukraine'
https://www.n-tv.de/politik/Trump-und-Putin-sprechen-eine-Stunde-aeusserst-offen-miteinander-id31284585.html,https://www.n-tv.de/politik/Trump-und-Putin-sprechen-eine-Stunde-aeusserst-offen-miteinander-id31284585.html,0,www.n-tv.de,"Telefonat nach Gesandtenbesuch: Trump und Putin sprechen eine Stunde ""äußerst offen"" miteinander",Nach den jüngsten US-Vermittlungsreisen sprechen Donald Trump und Wladimir Putin telefonisch über den Ukraine-Krieg. Der Kreml betont Harmonie und Offenheit. Bei den entscheidenden Streitpunkten bleibt Moskau vage.,https://www.n-tv.de/img/31284590/1788895631/Img_16_9/1200/collage_1920x1080%20(2).jpg,2026-09-08T18:17:22Z,,"Nach den Gesprächen durch Gesandte telefonierten Trump und Putin persönlich miteinander. (Foto: imago)
Nach den jüngsten US-Vermittlungsreisen sprechen Donald Trump und Wladimir Putin telefonisch üb… [+2167 chars]",,de,'Wladimir Putin'
https://www.n-tv.de/politik/US-Militaer-Haben-fuenf-iranische-Tanker-zerstoert-id31284904.html,https://www.n-tv.de/politik/US-Militaer-Haben-fuenf-iranische-Tanker-zerstoert-id31284904.html,0,www.n-tv.de,"Explosionen vor Öl-Insel Charg: US-Militär: Haben fünf iranische Tanker ""zerstört""",Mit einer Seeblockade in der Straße von Hormus wollen die USA die iranischen Ölexporte unterbinden. Erneut greift das US-Militär Tanker der Revolutionsgarden an. Iranische Medien berichten von Explosionen nahe der Öl-Insel Charg.,https://www.n-tv.de/img/31284905/1788912038/Img_16_9/1200/617512120.jpg,2026-09-08T22:08:04Z,,"Handelsschiffe liegen in der Straße von Hormus vor Anker. (Foto: picture alliance/dpa/AP)
Mit einer Seeblockade in der Straße von Hormus wollen die USA die iranischen Ölexporte unterbinden. Erneut g… [+3423 chars]",,de,'Iran'
https://www.zeit.de/politik/ausland/2026-09/strasse-von-hormus-iran-usa-oeltanker-revolutionsgarde,https://www.zeit.de/politik/ausland/2026-09/strasse-von-hormus-iran-usa-oeltanker-revolutionsgarde,0,www.zeit.de,Straße von Hormus: USA greifen offenbar erneut iranische Tanker an,Das US-Militär hat Berichten zufolge weitere iranische Öltanker attackiert. Auf der Insel Charg sind Explosionen zu hören. Die Regierung in Teheran kündigt Vergeltung an.,https://img.zeit.de/politik/ausland/2026-09/strasse-von-hormus-iran-usa-oeltanker-revolutionsgarde-foto-1/wide__1300x731,2026-09-08T22:13:28Z,,"Das US-Militär hat Medienberichten zufolge erneut mehrere iranische Tanker angegriffen, die mit der iranischen
 Revolutionsgarde in Verbindung stehen sollen. Die Attacken seien eine 
Reaktion auf R… [+2351 chars]",,de,'Erdöl'
https://www.zeit.de/news/2026-09/09/iranische-medien-melden-raketenangriffe-auf-jordanien,https://www.zeit.de/news/2026-09/09/iranische-medien-melden-raketenangriffe-auf-jordanien,0,www.zeit.de,Iran-Krieg: Iranische Medien melden Raketenangriffe auf Jordanien,Hier finden Sie Informationen zu dem Thema „Iran-Krieg“. Lesen Sie jetzt „Iranische Medien melden Raketenangriffe auf Jordanien“.,https://img.zeit.de/news/2026-09/09/iranische-medien-melden-raketenangriffe-auf-jordanien-image-group/wide__1300x731,2026-09-08T22:29:15Z,,Der Iran hat Medienberichten zufolge US-Militärstützpunkte in Jordanien mit einer «Welle an Raketen» angegriffen. Wie unter anderem der regierungstreue Sender Press TV in der Nacht auf Telegram melde… [+817 chars],,de,'Erdöl'
https://www.zeit.de/news/2026-09/09/klimawandel-und-schaedlinge-resistente-kartoffeln-gesucht,https://www.zeit.de/news/2026-09/09/klimawandel-und-schaedlinge-resistente-kartoffeln-gesucht,0,www.zeit.de,Grundnahrungsmittel: Klimawandel und Schädlinge: Resistente Kartoffeln gesucht,Hier finden Sie Informationen zu dem Thema „Grundnahrungsmittel“. Lesen Sie jetzt „Klimawandel und Schädlinge: Resistente Kartoffeln gesucht“.,https://img.zeit.de/news/2026-09/09/klimawandel-und-schaedlinge-resistente-kartoffeln-gesucht-image-group/wide__1300x731,2026-09-09T02:30:05Z,,"Mehr Hitzetage und die Invasion der Schilf-Glasflügelzikade aus wärmeren Gefilden stellen die Kartoffelbauern vor große Probleme. «Das Thema Klima ist ein Dauerbrenner, wir müssen Sorten finden, die … [+2741 chars]",,de,'Klima'
https://www.tagesschau.de/ausland/asien/usa-iran-krieg-angriff-tanker-100.html,https://www.tagesschau.de/ausland/asien/usa-iran-krieg-angriff-tanker-100.html,0,www.tagesschau.de,USA zerstören fünf iranische Öltanker - Iran reagiert mit Angriffen,US-Streitkräfte haben nach eigenen Angaben fünf iranische Öltanker zerstört. Die Angriffe seien eine Vergeltung für frühere iranische Attacken gewesen. Iran reagierte mit Raketenangriffen auf US-Militärstützpunkte in Jordanien.,https://images.tagesschau.de/image/4c6fcc79-c98f-4fda-8313-f901a4a75681/AAABoINlvyI/AAABnSSvrFg/16x9-big/usa-flugzeugtraeger-102.jpg?width=1280,2026-09-09T03:08:34Z,,"Stand: 09.09.2026 05:08 Uhr
US-Streitkräfte haben nach eigenen Angaben fünf iranische Öltanker zerstört. Die Angriffe seien eine Vergeltung für frühere iranische Attacken gewesen. Iran reagierte mit… [+2619 chars]",,de,'Angriff'
https://www.diepresse.com/41245532/usa-greifen-fuenf-iranische-oeltanker-an-iran-kontert-mit-beschuss-von,https://www.diepresse.com/41245532/usa-greifen-fuenf-iranische-oeltanker-an-iran-kontert-mit-beschuss-von,0,www.diepresse.com,"USA greifen fünf iranische Öltanker an, Iran kontert mit Beschuss von US-Basis in Jordanien","US-Außenminister Marco Rubio warnt den Iran, dass das Land jedes Mal, wenn es versuche, Schiffe der US-Marine zu treffen, Tanker verlieren werde.",https://img.diepresse.com/public/incoming/ovrbai-2026-09-09t025208z1283160783rc2efnayw0r4rtrmadp3iran-crisis-centcomjpg/alternates/WEBP_WIDE_1200/2026-09-09T025208Z_1283160783_RC2EFNAYW0R4_RTRMADP_3_IRAN-CRISIS-CENTCOM.JPG,2026-09-09T03:24:03Z,,"Die Presse auf Google als bevorzugte Nachrichtenquelle hinzufügen.
 Das US-Militär hat laut eigenen Angaben erneut mehrere iranische Rohöltanker angegriffen, die mit den Iranischen Revolutionsgarden… [+3502 chars]",,de,'Erdöl'
https://www.diepresse.com/41242654/dieselfahrer-sind-die-grossen-verlierer-des-irankriegs,https://www.diepresse.com/41242654/dieselfahrer-sind-die-grossen-verlierer-des-irankriegs,0,www.diepresse.com,Dieselfahrer sind die großen Verlierer des Irankriegs [premium],Der Ölmarkt ist angespannt. Am schlimmsten ist die Situation aber bei Ölprodukten wie Diesel. Wie der Irankrieg eine Schwachstelle im globalen System für Treibstoffversorgung offengelegt hat – und warum Österreich besonders betroffen ist.,https://img.diepresse.com/public/incoming/g3hkyq-imagost0827214100010865068585jpg/alternates/WEBP_WIDE_1200/imago_st_0827_21410001_0865068585.jpg,2026-09-09T03:48:58Z,,"Ein halbes Jahr Krieg im Nahen Osten, und der große Ölpreisschock ist noch immer nicht in Sicht. Zumindest nicht in der Form, in der ihn viele Experten von der Internationalen Energieagentur (IEA) ab… [+4759 chars]",,de,'Iran'
https://www.welt.de/politik/ausland/video6aa0ee73181cb962d4888c27/rotes-telefon-putin-telefoniert-mit-trump-angeblichkeine-aggressiven-plaene-gegen-europa.html,https://www.welt.de/politik/ausland/video6aa0ee73181cb962d4888c27/rotes-telefon-putin-telefoniert-mit-trump-angeblichkeine-aggressiven-plaene-gegen-europa.html,0,www.welt.de,Putin telefoniert mit Trump – angeblich „keine aggressiven Pläne gegen Europa“,Nach der Reise von US-Vermittlern nach Kiew und Moskau zu Gesprächen über ein Ende des Ukraine-Kriegs haben US-Präsident Donald Trump und der russische Präsident Wladimir Putin telefoniert.,https://images.welt.de/6aa0ee73181cb962d4888c27/c4ae0405894c20fcf616eefd65df5da7/ci16x9-w1200/1786692938390-afp-c4mm764-jpg,2026-09-09T05:30:53Z,,Die WELT als ePaper: Die vollständige Ausgabe steht Ihnen bereits am Vorabend zur Verfügung so sind Sie immer hochaktuell informiert. Weitere Informationen https://epaper.welt.de,,de,'Wladimir Putin'
https://www.zeit.de/news/2026-09/09/preis-fuer-brent-rohoel-steigt-ueber-100-dollar,https://www.zeit.de/news/2026-09/09/preis-fuer-brent-rohoel-steigt-ueber-100-dollar,0,www.zeit.de,Preise: Preis für Brent-Rohöl steigt über 100 Dollar,Hier finden Sie Informationen zu dem Thema „Preise“. Lesen Sie jetzt „Preis für Brent-Rohöl steigt über 100 Dollar“.,https://img.zeit.de/administratives/sharing/fallback-image-die-zeit/wide__1300x731,2026-09-09T07:22:08Z,,Der Preis für Rohöl der Referenzsorte Brent ist am Mittwoch über 100 Dollar je Barrel (159 Liter) gestiegen. Hintergrund sind weitere Angriffe rund um den wichtigen Öl-Transportweg durch die Straße v… [+48 chars],,de,'Hormus'
https://www.tagesspiegel.de/wirtschaft/dpa-neue-angriffe-im-nahen-ostenpreis-fur-brent-rohol-steigt-uber-100-dollar-je-barrel-16032712.html,https://www.tagesspiegel.de/wirtschaft/dpa-neue-angriffe-im-nahen-ostenpreis-fur-brent-rohol-steigt-uber-100-dollar-je-barrel-16032712.html,0,www.tagesspiegel.de,Neue Angriffe im Nahen Osten: Preis für Brent-Rohöl steigt über 100 Dollar je Barrel,Erneut eskaliert der Krieg zwischen den USA und dem Iran in der Straße von Hormus. Die Angriffe in der wichtigen Öl-Transportroute haben Folgen weit über die Region hinaus.,https://www.tagesspiegel.de/images/16032721/alternates/BASE_16_9_W1400/1788938865000/iran-krieg-stra-e-von-hormus.jpeg,2026-09-09T07:23:06Z,,"Der Preis für Rohöl der Referenzsorte Brent ist am Mittwoch wieder über 100 US-Dollar je Barrel (159 Liter) gestiegen. Hintergrund sind weitere, gegenseitige Angriffe von den USA und dem Iran rund um… [+2723 chars]",,de,'Iran'
https://www.n-tv.de/wirtschaft/Eskalation-im-Nahen-Osten-treibt-Preis-fuer-Brent-Oel-ueber-100-Dollar-id31285840.html,https://www.n-tv.de/wirtschaft/Eskalation-im-Nahen-Osten-treibt-Preis-fuer-Brent-Oel-ueber-100-Dollar-id31285840.html,0,www.n-tv.de,Erstmals seit Juli: Eskalation im Nahen Osten treibt Preis für Brent-Öl über 100 Dollar,Der Iran und die USA greifen gegenseitig Schiffe im Nahen Osten an. Das treibt zum wiederholten Male die Ölpreise. Die Höchststände aus diesem Jahr sind aber noch ein ganzes Stück entfernt.,https://www.n-tv.de/img/31285851/1788946087/Img_16_9/1200/609080663.jpg,2026-09-09T07:24:36Z,,"Steigende Ölpreise sind für Unternehmen und Verbraucher eine Belastung. (Foto: picture alliance / APA-Images)
Der Iran und die USA greifen gegenseitig Schiffe im Nahen Osten an. Das treibt zum wiede… [+1866 chars]",,de,'Iran'
https://www.focus.de/finanzen/news/preis-fuer-brent-rohoel-steigt-ueber-100-dollar_37a434dc-6732-4606-8fd9-2f1751b3ba21.html,https://www.focus.de/finanzen/news/preis-fuer-brent-rohoel-steigt-ueber-100-dollar_37a434dc-6732-4606-8fd9-2f1751b3ba21.html,0,www.focus.de,Preis für Brent-Rohöl steigt über 100 Dollar,Der Preis für Rohöl der Referenzsorte Brent ist am Mittwoch über 100 Dollar je Barrel (159 Liter) gestiegen.,"https://quadro.burda-forward.de/ctf/452d84a2-a550-4f88-937a-5b14e61f7d4b.a8a0b701-3479-42ce-b692-6a89d8d51fc1.jpeg?im=RegionOfInterestCrop=(1200,630),regionOfInterest=(1024,683)&hash=292ccf55242b9b12cf3d04c74ba29de516e480e339ebd4aaab7fa65ad3b0b4ac",2026-09-09T07:25:00Z,,"Der Preis für Rohöl der Referenzsorte Brent ist am Mittwoch wieder über 100 US-Dollar je Barrel (159 Liter) gestiegen. Hintergrund sind weitere, gegenseitige Angriffe von den USA und dem Iran rund um… [+2272 chars]",,de,'Preis'
https://www.zeit.de/news/2026-09/09/angriffe-im-nahen-osten-treiben-rohoelpreis-ueber-100-dollar,https://www.zeit.de/news/2026-09/09/angriffe-im-nahen-osten-treiben-rohoelpreis-ueber-100-dollar,0,www.zeit.de,Energie: Angriffe im Nahen Osten treiben Rohölpreis über 100 Dollar,Hier finden Sie Informationen zu dem Thema „Energie“. Lesen Sie jetzt „Angriffe im Nahen Osten treiben Rohölpreis über 100 Dollar“.,https://img.zeit.de/news/2026-09/09/angriffe-im-nahen-osten-treiben-rohoelpreis-ueber-100-dollar-image-group/wide__1300x731,2026-09-09T07:26:35Z,,"Der Preis für Rohöl der Referenzsorte Brent ist am Mittwoch wieder über 100 US-Dollar je Barrel (159 Liter) gestiegen. Hintergrund sind weitere, gegenseitige Angriffe von den USA und dem Iran rund um… [+2665 chars]",,de,'Iran'
https://www.faz.net/aktuell/politik/ausland/liveblog-irankrieg-oelpreis-steigt-auf-ueber-100-dollar-wegen-neuer-eskalation-zwischen-usa-und-iran-faz-200583539.html,https://www.faz.net/aktuell/politik/ausland/liveblog-irankrieg-oelpreis-steigt-auf-ueber-100-dollar-wegen-neuer-eskalation-zwischen-usa-und-iran-faz-200583539.html,0,www.faz.net,Liveblog Irankrieg: Neue Eskalation zwischen USA und Iran lässt Rohölpreis auf mehr als 100 Dollar steigen,Jordanien: Haben fast zwei Dutzend iranische Raketen abgefangen +++ Teheran: Reaktion auf US-Angriff auf fünf iranische Tanker +++ USA melden Zerstörung von fünf iranischen Tankern +++ alle Entwicklungen im Liveblog,https://media0.faz.net/image/w1200h627/b0ad7919b6f3/w6000h3135x0y433o/202609/43601.0.2528589953/die-jordanische-armee-hat-in.webp,2026-09-09T07:38:02Z,,Irans Außenministerium übt scharfe Kritik an einer möglichen Unterstützung der US-Marine durch Südkorea. Jede operative Beteiligung oder jede weitere militärische Präsenz anderer Parteien im Persisch… [+881 chars],,de,'Iran'
https://www.dw.com/de/usa-und-iran-wechselseitige-angriffe-auf-schiffe-militaerstuetzpunkt-jordanien/a-79196585,https://www.dw.com/de/usa-und-iran-wechselseitige-angriffe-auf-schiffe-militaerstuetzpunkt-jordanien/a-79196585,0,www.dw.com,USA und Iran attackieren einander wieder,"Diesmal stehen wechselseitige Angriffe auf Schiffe im Mittelpunkt, aber auch eine Attacke auf einen US-Militärstützpunkt in Jordanien, den die Revolutionsgarden für sich reklamieren. Das US-Militär hat als Vergeltung für iranische Angriffe auf ein US-Kriegssc…",https://static.dw.com/image/79194761_6.jpg,2026-09-09T07:42:00Z,,"Das US-Militär hat als Vergeltung für iranische Angriffe auf ein US-Kriegsschiff fünf iranische Rohöltanker zerstört; einer von ihnen sei versenkt worden, hieß es. Der Schlag sei erfolgt, nachdem die… [+2222 chars]",,de,'Iran'
https://www.zeit.de/wirtschaft/2026-09/oelpreis-brent-strasse-von-hormus-usa-iran,https://www.zeit.de/wirtschaft/2026-09/oelpreis-brent-strasse-von-hormus-usa-iran,0,www.zeit.de,Ölpreis: Eskalation im Nahen Osten treibt Rohölpreis über hundert Dollar,Der Kampf zwischen den USA und dem Iran eskaliert erneut. In der Straße von Hormus versenken die USA fünf iranische Öltanker. Das treibt den Rohölpreis in die Höhe.,https://img.zeit.de/wirtschaft/2026-09/oelpreis-brent-strasse-von-hormus-usa-iran-foto-1/wide__1300x731,2026-09-09T07:45:44Z,,Der Preis für Rohöl der Referenzsorte Brent ist wieder über 100 US-Dollar je Barrel (159 Liter) gestiegen. Grund dafür sind die erneuten gegenseitigen Angriffe von USA und Iran in der Straße von Horm… [+632 chars],,de,'Iran'
https://www.n-tv.de/politik/Ukraine-koennte-gerade-einer-ihrer-groessten-Erfolge-in-diesem-Jahr-gelingen-id31285565.html,https://www.n-tv.de/politik/Ukraine-koennte-gerade-einer-ihrer-groessten-Erfolge-in-diesem-Jahr-gelingen-id31285565.html,0,www.n-tv.de,Hinweis auf Lyman-Gegenoffensive: Gelingt der Ukraine gerade eine ihrer größten Erfolge in diesem Jahr?,"Noch gibt es keine offiziellen Informationen und ukrainische Quellen halten sich bedeckt. Doch bei Lyman könnte es in den vergangenen Monaten eine erfolgreiche Operation von Kiews Truppen gegeben haben, um einen größeren russischen Vorstoß zu beseitigen.",https://www.n-tv.de/img/31285750/1788945184/Img_16_9/1200/UkraineBrigadegeneral.jpg,2026-09-09T07:47:11Z,,"Hinweis auf Lyman-GegenoffensiveGelingt der Ukraine gerade eine ihrer größten Erfolge in diesem Jahr?
Der Kommandeur des 3. ukrainischen Armeekorps, Andrij Bilezkyj, in der Stadt Swjatohirsk nordwes… [+3205 chars]",,de,'Wladimir Putin'
https://www.diepresse.com/41245905/bundesheer-militaerexperte-russland-will-ukraine-im-winter-endgueltig,https://www.diepresse.com/41245905/bundesheer-militaerexperte-russland-will-ukraine-im-winter-endgueltig,0,www.diepresse.com,Bundesheer-Militärexperte: Russland will Ukraine „im Winter endgültig in die Knie zwingen“,"Der Ukraine würden Abwehrraketen fehlen. Diese „Achillesferse“ habe der russische Präsident Putin erkannt. Die Ukraine sei aber deswegen noch lange nicht so leicht zu bezwingen, wie sich Putin das vorstelle, sagt Bundesheer-Oberst Markus Reisner.",https://img.diepresse.com/public/incoming/kdnpi0-imago0865434297hjpg/alternates/WEBP_WIDE_1200/imago0865434297h.jpg,2026-09-09T08:08:03Z,,"Die Presse auf Google als bevorzugte Nachrichtenquelle hinzufügen.
 Eine Befürchtung des ukrainischen Präsidenten Wolodymyr Selenskyj ist nach Ansicht eines österreichischen Militärexperten durchaus… [+7134 chars]",,de,'Russland'
https://www.welt.de/wirtschaft/article6aa10c0b639d45f0a23ced74/krieg-in-nahost-preis-fuer-rohoel-steigt-auf-mehr-als-100-dollar.html,https://www.welt.de/wirtschaft/article6aa10c0b639d45f0a23ced74/krieg-in-nahost-preis-fuer-rohoel-steigt-auf-mehr-als-100-dollar.html,0,www.welt.de,Preis für Rohöl steigt auf mehr als 100 Dollar,Die USA melden die Zerstörung von fünf iranischen Rohöltankern in der Straße von Hormus. Der Preis für Rohöl schoss deshalb in die Höhe. Das trifft auch deutsche Verbraucher.,https://images.welt.de/6aa10c0b639d45f0a23ced74/10ff1c3010b62a49023f1dcb9e710c53-master/ci16x9-w1200/dpa-com-260907-99-559753-jpg,2026-09-09T08:15:35Z,,"Der Preis für Rohöl der Referenzsorte Brent ist am Mittwoch wieder über 100 US-Dollar je Barrel (159 Liter) gestiegen. Hintergrund sind weitere, gegenseitige Angriffe von den USA und dem Iran rund um… [+1976 chars]",,de,'Hormus'
https://www.diepresse.com/41245969/angriffe-im-nahen-osten-treiben-preise-fuer-oel-und-gas-in-die-hoehe,https://www.diepresse.com/41245969/angriffe-im-nahen-osten-treiben-preise-fuer-oel-und-gas-in-die-hoehe,0,www.diepresse.com,Angriffe im Nahen Osten treiben Preise für Öl und Gas in die Höhe,Rohöl der Referenzsorte Brent kostet wieder über 100 Dollar pro Barrel. Ein hoher Ölpreis beeinflusst auch die Preisentwicklung insgesamt.,https://img.diepresse.com/public/incoming/909zxq-2026-09-08t134501z1198003014rc2mdnapqoxprtrmadp3iran-crisis-south-koreajpg/alternates/WEBP_WIDE_1200/2026-09-08T134501Z_1198003014_RC2MDNAPQOXP_RTRMADP_3_IRAN-CRISIS-SOUTH-KOREA.JPG,2026-09-09T08:16:01Z,,"Die Presse auf Google als bevorzugte Nachrichtenquelle hinzufügen.
 Der Preis für Rohöl der Sorte Brent ist am Mittwoch wieder über 100 US-Dollar je Barrel (159 Liter) gestiegen. Grund sind weitere,… [+2549 chars]",,de,'Iran'
https://www.zeit.de/politik/ausland/2026-09/benjamin-netanjahu-hamas-angriff-warnung-7-oktober-haaretz,https://www.zeit.de/politik/ausland/2026-09/benjamin-netanjahu-hamas-angriff-warnung-7-oktober-haaretz,0,www.zeit.de,"Warnung vor Hamas-Angriff: Netanjahu bestreitet, vor Angriff der Hamas gewarnt worden zu sein",Israels Ministerpräsident Benjamin Netanjahu soll vor dem 7. Oktober über den Angriffsplan der Hamas informiert worden sein. Er dementiert entsprechende Medienberichte.,https://img.zeit.de/politik/ausland/2026-09/benjamin-netanjahu-hamas-angriff-warnung-7-oktober-haaretz-foto-1/wide__1300x731,2026-09-09T08:52:24Z,,"Israels Ministerpräsident Benjamin Netanjahu streitet ab, dass er vor dem geplanten Angriff der Hamas auf Israel gewarnt worden sei. Auf der Plattform X schrieb er, dass es »entgegen der Behauptung v… [+1533 chars]",,de,'Angriff'
https://www.focus.de/politik/ausland/iran-meldet-erbeutung-einer-us-unterwasserdrohne-vom-typ-anduril-dive-ld-pentagon-bestaetigt-den-verlust-einer-defekten-drohne-ohne-geheime-sensorik_5155a98f-24b6-4053-bcf7-421fd3131657.html,https://www.focus.de/politik/ausland/iran-meldet-erbeutung-einer-us-unterwasserdrohne-vom-typ-anduril-dive-ld-pentagon-bestaetigt-den-verlust-einer-defekten-drohne-ohne-geheime-sensorik_5155a98f-24b6-4053-bcf7-421fd3131657.html,0,www.focus.de,Iran meldet Erbeutung einer US-Unterwasserdrohne vom Typ Anduril Dive-LD: Pentagon bestätigt den Verlust einer defekten Drohne ohne geheime Sensorik,"Iran will eine US-Unterwasserdrohne in der Straße von Hormus erbeutet haben. Das Pentagon bestätigt den Verlust, weist aber auf eine Panne und fehlende Geheimtechnik hin.","https://quadro.burda-forward.de/ctf/542db06d-98c1-4318-a53e-ef3eda94c693.374f5453-46ce-4d38-a4a4-9bd2a5ae57dd.jpg?im=RegionOfInterestCrop=(1200,630),regionOfInterest=(793,547)&hash=a830f5203b57461fbc4c6dda84520df9ada23aa773ce8f87f7e8e29476cc1513",2026-09-09T09:21:00Z,,Iranische Revolutionsgarden haben nach eigenen Angaben eine US-Unterwasserdrohne am Eingang der Straße von Hormus unter ihre Kontrolle gebracht. Iranische Staatsmedien veröffentlichten ein Bild des m… [+2445 chars],,de,'Hormus'
https://www.focus.de/politik/ausland/russland-experte-trump-will-vom-iran-krieg-ablenken-und-putin-spielt-mit_4376f85f-ac0d-4f39-b274-5bfdc17dc8c4.html,https://www.focus.de/politik/ausland/russland-experte-trump-will-vom-iran-krieg-ablenken-und-putin-spielt-mit_4376f85f-ac0d-4f39-b274-5bfdc17dc8c4.html,0,www.focus.de,Russland-Experte: Trump will vom Iran-Krieg ablenken und „Putin spielt mit”,Nach der Reise der US-Sondergesandten nach Moskau und Kiew sieht Russland-Kenner Stefan Meister kein Momentum für Friedensverhandlungen.,"https://quadro.burda-forward.de/ctf/5f905157-2f8b-4a74-a19e-73a60353ad5d.6c3bbb34-d2a6-41f0-8a98-6af7fae9d6a7.jpg?im=RegionOfInterestCrop=(1200,630),regionOfInterest=(471,246)&hash=3ccf0742372b27c8fdbe58b1915b3ecdb989a9a3c5b7ab043d57679d9d44a6f0",2026-09-09T09:58:00Z,,"Es ist vor allem Trump, der innenpolitisch unter Druck steht und zeigen möchte, dass er weiterhin ein wichtiger Friedensbringer ist und deswegen diese beiden Gesandten geschickt hat, sagt Meister, Le… [+2129 chars]",,de,'Wladimir Putin'
https://www.zeit.de/news/2026-09/09/europaeischer-gaspreis-erreicht-hoechsten-stand-seit-ende-2022,https://www.zeit.de/news/2026-09/09/europaeischer-gaspreis-erreicht-hoechsten-stand-seit-ende-2022,0,www.zeit.de,Rohstoffe: Europäischer Gaspreis erreicht höchsten Stand seit Ende 2022,Hier finden Sie Informationen zu dem Thema „Rohstoffe“. Lesen Sie jetzt „Europäischer Gaspreis erreicht höchsten Stand seit Ende 2022“.,https://img.zeit.de/news/2026-09/09/europaeischer-gaspreis-erreicht-hoechsten-stand-seit-ende-2022-image-group/wide__1300x731,2026-09-09T10:21:40Z,,Der Preis für europäisches Erdgas hat am Mittwoch angesichts der Zuspitzung der Lage im Nahen Osten seinen Höhenflug fortgesetzt. Erstmals seit Ende 2022 stieg der richtungsweisende Erdgas-Terminkont… [+2087 chars],,de,'Iran'
https://www.focus.de/politik/ausland/putin-verspricht-engste-zusammenarbeit-china-und-russland-bekraeftigen-naehe-zu-nordkorea_014fd371-485f-4176-a73c-d4c882c5b390.html,https://www.focus.de/politik/ausland/putin-verspricht-engste-zusammenarbeit-china-und-russland-bekraeftigen-naehe-zu-nordkorea_014fd371-485f-4176-a73c-d4c882c5b390.html,0,www.focus.de,Putin verspricht „engste Zusammenarbeit“: China und Russland bekräftigen Nähe zu Nordkorea,Xi Jinping und Wladimir Putin haben Nordkorea zum 78. Gründungstag weitere Zusammenarbeit zugesichert. Sie betonten ihre strategische Nähe zu Kim Jong Un.,"https://quadro.burda-forward.de/ctf/1d413873-fe1c-44f2-a299-8e7ccf3077b2.e5858f40-9679-4a29-93bf-cf37acf9402b.jpg?im=RegionOfInterestCrop=(1200,630),regionOfInterest=(1234,629)&hash=2e25139cec8771b9d8412a6880fdedccdfc6937c59f6bec2450f5c56f926d014",2026-09-09T10:43:00Z,,China und Russland haben ihre strategischen Beziehungen zu Nordkorea bekräftigt. In Glückwunschbotschaften zum 78. Gründungstag des Landes signalisierten Chinas Präsident Xi Jinping und Russlands Prä… [+2106 chars],,de,'Wladimir Putin'
https://www.nzz.ch/international/usa-attackieren-fuenf-iranische-tanker-iran-feuert-raketen-auf-jordanien-ld.10023001,https://www.nzz.ch/international/usa-attackieren-fuenf-iranische-tanker-iran-feuert-raketen-auf-jordanien-ld.10023001,0,www.nzz.ch,Neue Gefechte in der Strasse von Hormuz: Iran und die USA signalisieren Bereitschaft zu noch heftigeren Angriffen,"Nachdem Washington fünf iranische Tanker bombardiert hat, feuert Teheran zwanzig Raketen auf Jordanien ab. Die Attacken am Persischen Golf dürften sich ausweiten.","https://img-msp-prod.nzz.ch/v/2026/09/09/Aa9Yd8MM?width=1200&height=674&fit=bounds&quality=75&auto=webp&crop=3812,2144,x0,y2&wmark=nzz",2026-09-09T11:31:27Z,,"Nachdem Washington fünf iranische Tanker bombardiert hat, feuert Teheran zwanzig Raketen auf Jordanien ab. Die Attacken am Persischen Golf dürften sich ausweiten.
Zusammenfassung
Ein iranischer Tan… [+4606 chars]",,de,'Angriff'
https://www.zeit.de/news/2026-09/09/brandenburgs-energieministerin-befuerchtet-keinen-gasmangel,https://www.zeit.de/news/2026-09/09/brandenburgs-energieministerin-befuerchtet-keinen-gasmangel,0,www.zeit.de,Niedrige Füllstände: Brandenburgs Energieministerin befürchtet keinen Gasmangel,Hier finden Sie Informationen zu dem Thema „Niedrige Füllstände“. Lesen Sie jetzt „Brandenburgs Energieministerin befürchtet keinen Gasmangel“.,https://img.zeit.de/news/2026-09/09/brandenburgs-energieministerin-befuerchtet-keinen-gasmangel-image-group/wide__1300x731,2026-09-09T11:35:56Z,,Trotz niedrigerer Füllstände der Speicher droht in Brandenburg nach Ansicht der Landesregierung keine Gefahr für den Winter. «Wir laufen nach aktueller Einschätzung nicht auf eine Gasmangellage zu un… [+1700 chars],,de,'Hormus'
https://www.n-tv.de/politik/Russischer-Frachter-treibt-nach-Drohnenangriff-im-Mittelmeer-id31286941.html,https://www.n-tv.de/politik/Russischer-Frachter-treibt-nach-Drohnenangriff-im-Mittelmeer-id31286941.html,0,www.n-tv.de,Beschuss durch die Ukraine?: Russischer Frachter treibt nach Drohnenangriff im Mittelmeer,Ein russisches Schiff wird bei Sizilien beschädigt und treibt mittlerweile zwischen Kreta und Libyen. Es ist bereits der dritte Drohnenangriff auf einen russischen Frachter innerhalb von neun Monaten. Hinter den Attacken könnte der ukrainische Geheimdienst st…,https://www.n-tv.de/img/31287083/1788958639/Img_16_9/1200/501952379.jpg,2026-09-09T11:53:25Z,,"Die ""Lady Mariia"" auf einem Archivbild unter der Öresundbrücke bei Malmö. (Foto: picture alliance / TT NYHETSBYRÅN)
Ein russisches Schiff wird bei Sizilien beschädigt und treibt mittlerweile zwische… [+2811 chars]",,de,'Erdöl'
https://www.faz.net/aktuell/politik/wahl-in-sachsen-anhalt/wahl-sachsen-anhalt-2026-wolfgang-kubicki-setzt-auf-christian-lindner-201209180.html,https://www.faz.net/aktuell/politik/wahl-in-sachsen-anhalt/wahl-sachsen-anhalt-2026-wolfgang-kubicki-setzt-auf-christian-lindner-201209180.html,0,www.faz.net,Krise der FDP: „Ein Kubicki macht noch keinen Sommer“,Wolfgang Kubicki will die FDP retten. Doch die kassierte eben die nächste Niederlage. Worauf der Parteichef hofft – und was Christian Lindner damit zu tun hat.,https://media0.faz.net/image/w1200h627/955f96f8b388/w5754h3006x0y318o/202609/43601.0.2522779863/nach-der-sachsen-anhalt-wahl.webp,2026-09-09T12:59:07Z,,"Am Wochenende ist die FDP aus einem weiteren Landtag geflogen. Geht es mit Ihnen als Parteichef so weiter wie vorher?
Nein. Wir hatten dort vor einigen Wochen in Umfragen noch eine Vier vorm Komma. … [+2315 chars]",,de,'Krise'
https://www.focus.de/politik/ausland/kreml-trump-putin-und-xi-koennten-sich-im-november-in-china-treffen_087a6438-315c-4f35-babd-a6885bac0949.html,https://www.focus.de/politik/ausland/kreml-trump-putin-und-xi-koennten-sich-im-november-in-china-treffen_087a6438-315c-4f35-babd-a6885bac0949.html,0,www.focus.de,"Kreml: Trump, Putin und Xi könnten sich im November in China treffen","Ein Treffen von Donald Trump, Wladimir Putin und Xi Jinping rückt näher. Im November könnte es am Rande des Apec-Gipfels in China stattfinden.","https://quadro.burda-forward.de/ctf/7d7233a4-4bd3-450b-8b1e-cb61f7917e3a.5ab93593-8227-420a-b62d-660520b180ae.png?im=RegionOfInterestCrop=(1200,630),regionOfInterest=(604,319)&hash=ed21869f0915b6bd89f7f596474562d9129c12883676660f04ec0b55212e20ee",2026-09-09T13:07:00Z,,"Am Rande eines Wirtschaftsgipfels in China könnte es im November zu einem Dreiertreffen zwischen US-Präsident Donald Trump, Kreml-Chef Wladimir Putin und Chinas Staatspräsident Xi Jinping kommen.
Tr… [+1491 chars]",,de,'Wladimir Putin'
https://www.faz.net/aktuell/politik/ausland/zwischen-iran-und-usa-eskaliert-der-tankerkrieg-201209178.html,https://www.faz.net/aktuell/politik/ausland/zwischen-iran-und-usa-eskaliert-der-tankerkrieg-201209178.html,0,www.faz.net,Im Persischen Golf: Der Tankerkrieg eskaliert,Iran nimmt amerikanische Kriegsschiffe ins Visier. Die USA versuchen den Feind mit Angriffen auf Tankschiffe abzuschrecken. Doch Teheran scheint eskalationsbereit.,https://media0.faz.net/image/w1200h627/c52efacce967/w2237h1168x101y196o/202609/43601.0.2529784592/dieser-screenshot-der-aus.webp,2026-09-09T13:29:05Z,,"Iran scheint entschlossen, ein amerikanisches Kriegsschiff zu treffen und damit womöglich weitere amerikanische Soldaten zu töten. In Washington wächst laut dem Wall Street Journal die Sorge, dass Ch… [+5675 chars]",,de,'Angriff'
https://www.zeit.de/news/2026-09/09/hannover-trainer-ohne-jobangst-da-gibt-es-keine-endspiele,https://www.zeit.de/news/2026-09/09/hannover-trainer-ohne-jobangst-da-gibt-es-keine-endspiele,0,www.zeit.de,Aufstiegsfavorit in der Krise: Hannover-Trainer ohne Jobangst: «Da gibt es keine Endspiele»,Hier finden Sie Informationen zu dem Thema „Aufstiegsfavorit in der Krise“. Lesen Sie jetzt „Hannover-Trainer ohne Jobangst: «Da gibt es keine Endspiele»“.,https://img.zeit.de/news/2026-09/09/hannover-trainer-ohne-jobangst-da-gibt-es-keine-endspiele-image-group/wide__1300x731,2026-09-09T13:35:50Z,,Trainer Christian Titz von Hannover 96 steht vor dem Auswärtsspiel beim 1. FC Nürnberg stark unter Druck. Der Aufstiegskandidat gewann in der 2. Fußball-Bundesliga nur eines der ersten vier Spiele. D… [+1449 chars],,de,'Krise'
https://www.diepresse.com/41245705/kryptische-kapitalflucht-und-bewegungen-beim-gold-in-russland-finden,https://www.diepresse.com/41245705/kryptische-kapitalflucht-und-bewegungen-beim-gold-in-russland-finden,0,www.diepresse.com,Kryptische Kapitalflucht und Bewegungen beim Gold: In Russland finden auffällige Finanzoperationen statt [premium],"Die „graue“ Kapitalflucht aus Russland hat im zweiten Quartal einen historischen Rekordwert erreicht und lässt sogar die Zentralbank ratlos zurück. Gleichzeitig verkauft die Zentralbank selbst Gold in Rekordhöhe, und auch der verbotene Export blüht. Wovon zeu…",https://img.diepresse.com/public/incoming/k10hss-349041074jpg/alternates/WEBP_WIDE_1200/349041074.jpg,2026-09-09T13:45:54Z,,"Es kommt immer wieder vor, dass hochrangige Vertreter des russischen Staats unangenehme Wahrheiten unverblümt äußern. Und solange sie nur die Wirtschaft betreffen, geht das im Land auch meist durch. … [+4696 chars]",,de,'Russland'
https://www.sueddeutsche.de/politik/strasse-von-hormus-iran-greift-us-stuetzpunkt-an-li.3544987,https://www.sueddeutsche.de/politik/strasse-von-hormus-iran-greift-us-stuetzpunkt-an-li.3544987,0,www.sueddeutsche.de,Straße von Hormus: Iran greift US-Stützpunkt an,,https://www.sueddeutsche.de/szde-assets/img/szde-article-sharing-image-no-teaser-image-fallback.png,2026-09-09T13:48:41Z,,Die iranische Revolutionsgarde hat nach eigenen Angaben am Mittwoch einen von US-Truppen genutzten Militärstützpunkt in Jordanien attackiert. Nach Angaben der dortigen Regierung wurden 18 der 20 Rake… [+459 chars],,de,'Angriff'
https://www.nzz.ch/international/ukraine-krieg-kiew-kaempft-mit-russlands-staendigen-luftangriffen-ld.10023012,https://www.nzz.ch/international/ukraine-krieg-kiew-kaempft-mit-russlands-staendigen-luftangriffen-ld.10023012,0,www.nzz.ch,Kiew ist so schutzlos gegen Moskaus Luftangriffe wie seit Jahren nicht – und seine Bewohner sind einsamer geworden,Nach einer kurzen Waffenruhe setzt Russland seine Attacken gegen die Ukraine unerbittlich fort. Der Alltag in der Hauptstadt schwankt zwischen Alarmstimmung und Stillstand.,"https://img-msp-prod.nzz.ch/2026/09/09/add16f52-2bbb-4f1c-b3dd-993779ef37ce.jpg?width=1200&height=675&fit=bounds&quality=75&auto=webp&crop=6000,3375,x0,y0&wmark=nzz",2026-09-09T14:00:00Z,,"Nach einer kurzen Waffenruhe setzt Russland seine Attacken gegen die Ukraine unerbittlich fort. Der Alltag in der Hauptstadt schwankt zwischen Alarmstimmung und Stillstand.
Zusammenfassung
Russland… [+6957 chars]",,de,'Russland'
https://www.tagesspiegel.de/politik/geschatzter-prasident-putin-afd-politiker-wurdigt-kremlchef--pistorius-und-spahn-werfen-koegel-verrat-vor-16035732.html,https://www.tagesspiegel.de/politik/geschatzter-prasident-putin-afd-politiker-wurdigt-kremlchef--pistorius-und-spahn-werfen-koegel-verrat-vor-16035732.html,0,www.tagesspiegel.de,„Geschätzter Präsident Putin“: AfD-Politiker würdigt Kremlchef – Pistorius und Spahn werfen Koegel Verrat vor,"Während Russland Krieg in der Ukraine führt und Deutschland hybrid bedroht, fällt ein AfD-Politiker mit rhetorischer Wertschätzung für Putin auf. Pistorius und Spahn reagieren mit deutlichen Worten.",https://www.tagesspiegel.de/images/16035791/alternates/BASE_16_9_W1400/1788963256000/berlin-deutschland-08-09-2026-deutscher-bundestag-91-bundestagssitzung-haushaltswoche-bundesminister-der-verteid.jpeg,2026-09-09T14:16:50Z,,Mit rhetorischer Wertschätzung für den russischen Präsidenten Wladimir Putin hat die AfD im Bundestag empörten Widerspruch provoziert. In einer Rede zum Etat des Auswärtigen Amts bezeichnete der AfD-… [+2449 chars],,de,'Wladimir Putin'
https://taz.de/Warnung-vor-Hamas-Angriff/!6211758/,https://taz.de/Warnung-vor-Hamas-Angriff/!6211758/,0,taz.de,Warnung vor Hamas-Angriff: Kam Sinwars Drohung nicht an?,"Israels Ministerpräsident Netanjahu soll vor dem Terrorangriff des 7. Oktober gewarnt worden sein – das aber für sich behalten haben. Stimmt das, ist er als Regierungschef untragbar.",https://taz.de/picture/8726943/1200/42020233.jpeg,2026-09-09T14:48:00Z,,"Israels Ministerpräsident Netanjahu soll vor dem Terrorangriff des 7. Oktober gewarnt worden sein – das aber für sich behalten haben. Stimmt das, ist er als Regierungschef untragbar. mehr...",,de,'Angriff'
https://www.bild.de/regional/schleswig-holstein/blutiger-angriff-in-ratzeburg-toedliche-messerattacke-im-lidl-6aa16979240b302c8a83efd2,https://www.bild.de/regional/schleswig-holstein/blutiger-angriff-in-ratzeburg-toedliche-messerattacke-im-lidl-6aa16979240b302c8a83efd2,0,www.bild.de,Blutiger Angriff - Tödliche Messerattacke im Lidl,"Person sticht in Ratzeburger Supermarkt mit Messer zu, ein Opfer stirbt.","https://images.bild.de/6aa16979240b302c8a83efd2/83e8f239f2f4fcbdafb6477e3b0ca1a7,8eed38db?w=1280",2026-09-09T14:54:04Z,,TTS-Player überspringenArtikel weiterlesenRatzeburg (Schleswig-Holstein) Tödliche Messerattacke in einem Supermarkt in Ratzeburg! Seit 15.45 Uhr läuft in einem Lidl in der Bahnhofsallee ein Großeinsa… [+377 chars],,de,'Angriff'
https://www.tagesspiegel.de/internationales/verzerrtes-bild-von-der-frontlage-prasentiert-putin-soll-telefonat-mit-trump-dazu-genutzt-haben-den-druck-auf-kyjiw-zu-erhohen-16036152.html,https://www.tagesspiegel.de/internationales/verzerrtes-bild-von-der-frontlage-prasentiert-putin-soll-telefonat-mit-trump-dazu-genutzt-haben-den-druck-auf-kyjiw-zu-erhohen-16036152.html,0,www.tagesspiegel.de,"„Verzerrtes Bild von der Frontlage präsentiert“: Putin soll Telefonat mit Trump dazu genutzt haben, den Druck auf Kyjiw zu erhöhen","Einer ISW-Analyse zufolge könnte der Kremlchef Trump „ein verzerrtes Bild“ der Lage vermittelt haben. Das Ziel sei demnach, dass die USA die Ukraine dazu drängen, den Forderungen Moskaus nachzugeben.",https://www.tagesspiegel.de/images/15434239/alternates/BASE_16_9_W1400/1788967437000/russian-president-putin-call-with-belovsky-district-mayor-nikolai-volobuyev.jpeg,2026-09-09T15:45:31Z,,"Russlands Präsident Wladimir Putin hat sein Telefongespräch mit US-Präsident Donald Trump am 8. September möglicherweise dazu genutzt, ihm ein verzerrtes Bild der Lage an der Front zu vermitteln und … [+5422 chars]",,de,'Ukraine'
https://www.tagesspiegel.de/berlin/unbekannte-auf-scooter-schlugen-zu-queerfeindlicher-angriff-im-berliner-regenbogenkiez-16036501.html,https://www.tagesspiegel.de/berlin/unbekannte-auf-scooter-schlugen-zu-queerfeindlicher-angriff-im-berliner-regenbogenkiez-16036501.html,0,www.tagesspiegel.de,Unbekannte auf Scooter schlugen zu: Queerfeindlicher Angriff im Berliner Regenbogenkiez,"Eine queere Person ist im Regenbogenzkiez in Schöneberg unterwegs, als sich zwei Unbekannte nähern und zuschlagen. Das Opfer wird im Gesicht verletzt.",https://www.tagesspiegel.de/images/16036413/alternates/BASE_16_9_W1400/1788968395000/motzstra-enfest012.jpeg,2026-09-09T16:06:23Z,,"Im Schöneberger Regenbogenkiez hat es am Dienstagabend einen queerfeindlichen Angriff gegeben. Wie die Polizei mitteilte, soll eine erkennbar der LSBTIQ+-Community angehörende Person auf dem Gehweg d… [+680 chars]",,de,'Angriff'
https://www.nzz.ch/international/angriff-auf-den-zaun-von-ceuta-wie-sich-im-internet-der-sturm-auf-die-spanische-exklave-organisierte-ld.10023079,https://www.nzz.ch/international/angriff-auf-den-zaun-von-ceuta-wie-sich-im-internet-der-sturm-auf-die-spanische-exklave-organisierte-ld.10023079,0,www.nzz.ch,«Angriff auf den Zaun von Ceuta»: Wie sich im Internet der Sturm auf die spanische Exklave organisierte,Enthüllungen über das Ausmass der Vorbereitungen bringen die spanische Regierung weiter in Erklärungsnot. Die Opposition wirft Regierungschef Sánchez eine Erpressbarkeit gegenüber Marokko vor.,"https://img-msp-prod.nzz.ch/2026/08/18/91181fc4-4697-4eb5-89b1-8d045bcdd364.jpg?width=1200&height=675&fit=bounds&quality=75&auto=webp&crop=4807,2704,x0,y0&wmark=nzz",2026-09-09T16:30:00Z,,"Enthüllungen über das Ausmass der Vorbereitungen bringen die spanische Regierung weiter in Erklärungsnot. Die Opposition wirft Regierungschef Sánchez eine Erpressbarkeit gegenüber Marokko vor.
Flori… [+7414 chars]",,de,'Angriff'
https://orf.at/stories/3441692/,https://orf.at/stories/3441692/,0,orf.at,Berichte über ukrainischen Angriff in Westsibirien,,https://orf.at/mojo/1_4_1/storyserver//news/common/images/og-fallback-news.png,2026-09-09T16:33:50Z,,"Die ukrainischen Streitkräfte haben Medienberichten zufolge ein weit entferntes Ziel in Russland mit Drohnen angegriffen und möglicherweise beschädigt.
Berichte: Gas-Kondensationsanlage getroffen
N… [+1175 chars]",,de,'Angriff'
https://www.focus.de/wissen/mensch/skelett-in-riesenkrug-erzaehlt-letztes-drama-eines-jungen-roemers_496cffd9-75c0-442f-b7b2-f2717c02dc01.html,https://www.focus.de/wissen/mensch/skelett-in-riesenkrug-erzaehlt-letztes-drama-eines-jungen-roemers_496cffd9-75c0-442f-b7b2-f2717c02dc01.html,0,www.focus.de,Skelett in Riesenkrug erzählt letztes Drama eines jungen Römers,In Bulgarien fanden Archäologen ein Skelett in einem antiken Vorratsgefäß. Die Körperhaltung erzählt von einem vergeblichen Rettungsversuch im Feuer eines feindlichen Angriffs.,"https://quadro.burda-forward.de/ctf/b38c7304-7255-4ced-8fbb-6d4e6e6885a9.6e79ef99-1221-4511-bdaa-ba0b6d5541a2.png?im=RegionOfInterestCrop=(1200,630),regionOfInterest=(596,323)&hash=9399732e3d5edb465cd2abf49a685600cac160b52e06ef89e9b92810dc3584d6",2026-09-09T16:48:00Z,,"Bei Ausgrabungen in Bulgarien stießen Archäologen auf ein Skelett, wie die bulgarische Tageszeitung Standart News berichtet. Forscher fanden die Knochen in einem spätantiken Torturm, der in dieser Gr… [+3003 chars]",,de,'Angriff'
https://www.n-tv.de/politik/Flugzeug-von-Selenskyj-beinahe-von-Drohne-getroffen-id31289262.html,https://www.n-tv.de/politik/Flugzeug-von-Selenskyj-beinahe-von-Drohne-getroffen-id31289262.html,0,www.n-tv.de,Auf dem Weg nach Norwegen: Flugzeug von Selenskyj beinahe von Drohne getroffen,Der ukrainische Präsident Selenskyj nimmt in Oslo an den Trauerfeierlichkeiten des gestorbenen Königs Harald V. teil. Auf dem Weg dorthin entkommt der Staatschef offenbar nur knapp einem Angriff mit einer Drohne. Die Herkunft des Flugobjekts ist noch unklar.,https://www.n-tv.de/img/31289263/1788988499/Img_16_9/1200/618033316.jpg,2026-09-09T19:44:32Z,,"Selenskyj war mit seiner First Lady Olena Selenska bei den norwegischen Trauerfeierlichkeiten für König Harald V. (Foto: picture alliance/dpa/NTB)
Der ukrainische Präsident Selenskyj nimmt in Oslo a… [+1722 chars]",,de,'Angriff'
https://www.sueddeutsche.de/politik/ukraine-krieg-selenskij-flugzeug-drohne-oslo-li.3524928,https://www.sueddeutsche.de/politik/ukraine-krieg-selenskij-flugzeug-drohne-oslo-li.3524928,0,www.sueddeutsche.de,Newsblog zum Ukraine-Krieg: Selenskijs Flugzeug offenbar fast von Drohne getroffen,Dem norwegischen Ministerpräsidenten Støre zufolge passierte der Vorfall als der ukrainische Präsident von Moldau aus auf dem Weg nach Oslo war. Dort nahm er an den Trauerfeierlichkeiten für König Harald teil.,https://www.sueddeutsche.de/2026/09/09/f51e08d9-4aa0-421c-a6ea-1bed858344a0.jpg?q=60&fm=webp&width=1200&rect=0%2C209%2C4000%2C2250,2026-09-09T19:44:41Z,,Nach einer kurzzeitigen Feuerpause während des Besuchs der Unterhändler von US-Präsident Donald Trump in der Ukraine hat Russland seine Luftangriffe auf Kiew wieder aufgenommen. In der Nacht wurden E… [+1674 chars],,de,'Angriff'
https://www.nzz.ch/feuilleton/reliquien-sollen-es-richten-nun-mobilisiert-russland-auch-noch-religioese-wunderkraefte-fuer-die-front-in-der-ukraine-ld.10020958,https://www.nzz.ch/feuilleton/reliquien-sollen-es-richten-nun-mobilisiert-russland-auch-noch-religioese-wunderkraefte-fuer-die-front-in-der-ukraine-ld.10020958,0,www.nzz.ch,Reliquien sollen es richten – nun mobilisiert Russland auch noch religiöse Wunderkräfte für die Front in der Ukraine,"Die kürzlich gefundenen Gebeine des heiligen Fürsten Donskoi kommen Putin gut zupass. Der mittelalterliche Superheld, der einst die Mongolenhorde besiegte, soll Russland zum Sieg verhelfen. Die imperiale Instrumentalisierung der Religion hat schon lange Syste…","https://img-msp-prod.nzz.ch/2026/09/09/3c6bb081-c740-4084-97a8-21705c8a9c40.jpg?width=1200&height=675&fit=bounds&quality=75&auto=webp&crop=4183,2353,x1385,y669&wmark=nzz",2026-09-10T03:30:00Z,,"Die kürzlich gefundenen Gebeine des heiligen Fürsten Donskoi kommen Putin gut zupass. Der mittelalterliche Superheld, der einst die Mongolenhorde besiegte, soll Russland zum Sieg verhelfen. Die imper… [+8243 chars]",,de,'Wladimir Putin'
https://www.zeit.de/news/2026-09/10/wie-der-klimawandel-europas-stadtbewohnern-zu-schaffen-macht,https://www.zeit.de/news/2026-09/10/wie-der-klimawandel-europas-stadtbewohnern-zu-schaffen-macht,0,www.zeit.de,Folgen für Städte: Wie der Klimawandel Europas Stadtbewohnern zu schaffen macht,Hier finden Sie Informationen zu dem Thema „Folgen für Städte“. Lesen Sie jetzt „Wie der Klimawandel Europas Stadtbewohnern zu schaffen macht“.,https://img.zeit.de/news/2026-09/10/wie-der-klimawandel-europas-stadtbewohnern-zu-schaffen-macht-image-group/wide__1300x731,2026-09-10T04:53:28Z,,Die Menschen in europäische Städten sind schon heute deutlich vom Klimawandel betroffen. So hat die hitzebedingte Sterblichkeit in den Städten im Zeitraum 2015 bis 2024 gegenüber dem Vergleichszeitra… [+4580 chars],,de,'Klima'
https://www.zeit.de/wissenschaft/umwelt/2026-09/copernicus-waermster-august-klima-rekord-2026,https://www.zeit.de/wissenschaft/umwelt/2026-09/copernicus-waermster-august-klima-rekord-2026,0,www.zeit.de,Klima: Weltweit wärmster August seit Beginn der Aufzeichnungen,"Der vergangene Monat war dem EU-Klimadienst Copernicus zufolge der wärmste August seit Beginn der Aufzeichnungen. Er lag 1,65 Grad über dem vorindustriellen Niveau.",https://img.zeit.de/wissenschaft/umwelt/2026-09/copernicus-waermster-august-klima-rekord-2026-foto-1/wide__1300x731,2026-09-10T05:19:19Z,,"Der vergangene August ist der weltweit wärmste seit Beginn der Aufzeichnungen. Das hat der Klimawandeldienst des
EU-Programms Copernicus mitgeteilt. Die globale durchschnittliche Lufttemperatur lag… [+3689 chars]",,de,'Klima'
https://www.zeit.de/wirtschaft/2026-09/klima-transformationsfonds-bundeshaushalt-finanzen-bundesregierung,https://www.zeit.de/wirtschaft/2026-09/klima-transformationsfonds-bundeshaushalt-finanzen-bundesregierung,0,www.zeit.de,Klima- und Transformationsfonds: Verrat am Klima,Mit einem Sondervermögen wollte Deutschland Klimaschutzprojekte finanzieren. Jetzt aber nutzt die Regierung die Milliarden für andere Vorhaben – zum Ärger der Grünen.,https://img.zeit.de/wirtschaft/2026-09/klima-transformationsfonds-bundeshaushalt-finanzen/wide__1300x731,2026-09-10T05:22:46Z,,"Schließen
Artikelzusammenfassung
Im Bundestag beginnt die Debatte über einen Klimafonds mit neuem Kurs. Der Klima- und Transformationsfonds, den die Grünen nach dem Verfassungsgerichtsurteil und ne… [+1118 chars]",,de,'Klima'
https://www.zeit.de/news/2026-09/10/teure-energie-treibt-inflation-an-die-drei-prozent-marke,https://www.zeit.de/news/2026-09/10/teure-energie-treibt-inflation-an-die-drei-prozent-marke,0,www.zeit.de,Verbraucherpreise: Teure Energie treibt Inflation an die Drei-Prozent-Marke,Hier finden Sie Informationen zu dem Thema „Verbraucherpreise“. Lesen Sie jetzt „Teure Energie treibt Inflation an die Drei-Prozent-Marke“.,https://img.zeit.de/news/2026-09/10/teure-energie-treibt-inflation-an-die-drei-prozent-marke-image-group/wide__1300x731,2026-09-10T06:09:51Z,,"Der Iran-Krieg treibt die Energiepreise in die Höhe und verteuert das Leben in Deutschland. Im August lagen die Verbraucherpreise um 2,9 Prozent über dem Niveau des Vorjahresmonats, wie das Statistis… [+3016 chars]",,de,'Inflation'
https://www.faz.net/aktuell/politik/ausland/liveblog-irankrieg-bericht-us-streitkraefte-sollen-30-patriots-abgefeuert-haben-faz-200583539.html,https://www.faz.net/aktuell/politik/ausland/liveblog-irankrieg-bericht-us-streitkraefte-sollen-30-patriots-abgefeuert-haben-faz-200583539.html,0,www.faz.net,Liveblog Irankrieg: US-Streitkräfte sollen 30 Patriots abgefeuert haben,Laut Bericht zur Verteidigung gegen iranischen Angriff auf Stützpunkt in Jordanien +++ Berichte über Explosionen im Süden Irans +++ IAEA meldet Iran wegen Atomverstößen an UN-Sicherheitsrat +++ alle Entwicklungen im Liveblog,https://media0.faz.net/image/w1200h627/6b36e85a076a/w6000h3135x0y352o/202609/43601.0.2528589953/in-der-nacht-auf-mittwoch-soll.webp,2026-09-10T06:53:03Z,,Iranische Medien haben mehrere Explosionen auf der Insel Kharg im Persischen Golf sowie nahe der Hafenstadt Dschask an der Straße von Hormus gemeldet. Laut der regierungsnahen Nachrichtenagentur Mehr… [+693 chars],,de,'Hormus'
https://www.telepolis.de/article/Klimaskepsis-Die-blinden-Flecken-der-Medienkritik-11448276.html,https://www.telepolis.de/article/Klimaskepsis-Die-blinden-Flecken-der-Medienkritik-11448276.html,0,www.telepolis.de,Klimaskepsis: Die blinden Flecken der Medienkritik,Ein Übermedien-Podcast kritisiert verzerrte Klimaberichte rechter Portale. Doch bei den eigenen Begriffen und Maßstäben bleibt das Gespräch erstaunlich vage.,https://heise.cloudimg.io/v7/_www-heise-de_/imgs/18/5/1/6/2/5/6/0/Master_Klimaleugner-b1009b59438390f0.jpg?func=bound&height=1200&org_if_sml=1&q=85&width=1200,2026-09-10T07:00:00Z,,"Ein Übermedien-Podcast kritisiert verzerrte Klimaberichte rechter Portale. Doch bei den eigenen Begriffen und Maßstäben bleibt das Gespräch erstaunlich vage.
""Klimaskepsis durch 'Alternativmedien'? … [+8806 chars]",,de,'Klima'
https://www.focus.de/politik/ausland/neuer-rekord-ukrainische-drohnen-legen-3000-kilometer-zurueck-und-treffen-russlands-gashauptstadt-in-der-arktis_75d2e825-89ef-4c16-9c68-9a632284f7eb.html,https://www.focus.de/politik/ausland/neuer-rekord-ukrainische-drohnen-legen-3000-kilometer-zurueck-und-treffen-russlands-gashauptstadt-in-der-arktis_75d2e825-89ef-4c16-9c68-9a632284f7eb.html,0,www.focus.de,Neuer Rekord: Ukrainische Drohnen legen 3000 Kilometer zurück und treffen Russlands „Gashauptstadt” in der Arktis,"Der Ukraine-Krieg erreicht Regionen, die in Russland lange als sicher galten. In Nowy Urengoi brannte nach einem Angriff eine wichtige Gasanlage.","https://quadro.burda-forward.de/ctf/265c15ed-4539-4bca-8b92-5ed22a65149b.cea989d8-d1dc-4962-86bc-2e5203494016.jpg?im=RegionOfInterestCrop=(1200,630),regionOfInterest=(902,659)&hash=ade0abbb88f8bec81779a51342b8af340f32b80c65aa096bde04c5f46107c67c",2026-09-10T08:56:00Z,,"Die Ukraine hat nach eigenen Angaben erstmals einen Gasstandort im hohen Norden Russlands angegriffen, etwa 3000 Kilometer von der Grenze entfernt. In Nowy Urengoi im autonomen Kreis der Jamal-Nenzen… [+2734 chars]",,de,'Ukraine'
https://science.orf.at/stories/3237253/,https://science.orf.at/stories/3237253/,0,science.orf.at,Klimawandel trifft Stadtbewohner mehrfach,"Hitze, Brände, Infektionskrankheiten, Allergien: Menschen in Europas Städten sind solchen Belastungen in den vergangenen zehn Jahren deutlich häufiger ausgesetzt als noch um die Jahrtausendwende. Das zeigt der „2026 Europe Cities Report“. Auch die Zahl an hit…",https://ibs.orf.at/science?image=https%3A%2F%2Ftubestatic.orf.at%2Fmims%2F2026%2F28%2F84%2Fcrops%2Fw%3D1200%2Ch%3D627%2Cq%3D75%2F3108803_master_1204184_adobestock_865830368.jpeg%3Fs%3Db55660ae8c5759c508eec654c09fa69c2f5a2c4d,2026-09-10T09:05:10Z,,Menschen in europäischen Städten sind bereits deutlich vom Klimawandel betroffen. So hat die hitzebedingte Sterblichkeit in den Städten im Zeitraum 2015 bis 2024 gegenüber dem Vergleichszeitraum 1991… [+4205 chars],,de,'Klima'
https://www.zeit.de/news/2026-09/10/hormus-blockade-treibt-weltweiten-kohleverbrauch-an,https://www.zeit.de/news/2026-09/10/hormus-blockade-treibt-weltweiten-kohleverbrauch-an,0,www.zeit.de,Ersatz für Erdgas: Hormus-Blockade treibt weltweiten Kohleverbrauch an,Hier finden Sie Informationen zu dem Thema „Ersatz für Erdgas“. Lesen Sie jetzt „Hormus-Blockade treibt weltweiten Kohleverbrauch an“.,https://img.zeit.de/news/2026-09/10/hormus-blockade-treibt-weltweiten-kohleverbrauch-an-image-group/wide__1300x731,2026-09-10T09:30:26Z,,"Die Blockade der Straße von Hormus im Zuge des Iran-Kriegs treibt die weltweite Kohle-Nachfrage in die Höhe. Durch die Blockade komme es zu einem massiven Rückgang der Flüssiggas-Lieferungen, was die… [+830 chars]",,de,'Hormus'
https://www.tagesschau.de/ausland/europa/angriffe-ukraine-russland-108.html,https://www.tagesschau.de/ausland/europa/angriffe-ukraine-russland-108.html,0,www.tagesschau.de,Tote nach russischem Angriff auf Einkaufszentrum in Sumy,Russland und die Ukraine haben ihre gegenseitigen Angriffe fortgesetzt. Bei einer russischen Attacke auf ein Einkaufszentrum starben laut Behörden zwei Menschen. Die Ukraine nahm russische Infrastruktur und den Badeort Sotschi ins Visier.,https://images.tagesschau.de/image/4a52c396-448e-4ca8-8191-01dc066552cb/AAABoIptDBI/AAABnSSvrFg/16x9-big/einkaufszentrum-sumy-100.jpg?width=1280,2026-09-10T09:33:23Z,,"Stand: 10.09.2026 11:33 Uhr
Russland und die Ukraine haben ihre gegenseitigen Angriffe fortgesetzt. Bei einer russischen Attacke auf ein Einkaufszentrum starben laut Behörden zwei Menschen. Die Ukra… [+2213 chars]",,de,'Angriff'
https://www.spektrum.de/news/hitze-waermster-august-weltweit-meere-auf-rekordtemperatur/2344007,https://www.spektrum.de/news/hitze-waermster-august-weltweit-meere-auf-rekordtemperatur/2344007,0,www.spektrum.de,Klima: Wärmster August weltweit – Meere auf Rekordtemperatur,"Extreme Hitze, Trockenheit und große Waldbrände prägten den Sommer 2026 in Westeuropa. Was die weltweiten Klimadaten zeigen.",https://static.spektrum.de/fm/912/f1920x1080/GettyImages-2180055889.jpg,2026-09-10T09:38:44Z,,"Schwere Dürrebedingungen, niedrige Wasserstände
Laut Copernicus waren im August weiterhin große Teile von Westeuropa sowie einige Gebiete in Mittel- und Osteuropa von verbreiteter Trockenheit betrof… [+1160 chars]",,de,'Klima'
https://www.welt.de/wirtschaft/article6aa17555240b302c8a83f149/russlands-raetselhafte-kapitalflucht-putins-reiche-bringen-ihr-geld-in-sicherheit.html,https://www.welt.de/wirtschaft/article6aa17555240b302c8a83f149/russlands-raetselhafte-kapitalflucht-putins-reiche-bringen-ihr-geld-in-sicherheit.html,0,www.welt.de,Russlands rätselhafte Kapitalflucht – Putins Eliten bringen ihr Geld in Sicherheit,Die „graue“ Kapitalflucht aus Russland hat im zweiten Quartal einen historischen Rekordwert erreicht und lässt sogar die Zentralbank ratlos zurück. Gleichzeitig verkauft die Notenbank selbst Gold in Rekordhöhe. Wovon zeugen diese Vorgänge?,https://images.welt.de/6aa17555240b302c8a83f149/728bfc1e7bf49ce2716193203ccb37e4-master/ci16x9-w1200/gettyimages-2027926930-jpg,2026-09-10T09:40:47Z,,Die graue Kapitalflucht aus Russland hat im zweiten Quartal einen historischen Rekordwert erreicht und lässt sogar die Zentralbank ratlos zurück. Gleichzeitig verkauft die Notenbank selbst Gold in Re… [+5312 chars],,de,'Russland'
https://www.dw.com/de/korallen-als-klimaarchiv-hinweise-auf-st%C3%A4rkere-el-ni%C3%B1os/a-79190286,https://www.dw.com/de/korallen-als-klimaarchiv-hinweise-auf-st%C3%A4rkere-el-ni%C3%B1os/a-79190286,0,www.dw.com,Korallen als Klimaarchiv: Hinweise auf stärkere El Niños,Aufzeichnungen der letzten Jahrzehnte zeigen häufig auftretende und starke El Niños. Forschende fragten sich: Ist das normal oder könnte der Klimawandel damit zu tun haben? Korallen liefern nun deutliche Hinweise.,https://static.dw.com/image/79197110_6.jpg,2026-09-10T10:35:00Z,,"Es braut sich etwas zusammen. Sehr wahrscheinlich etwas Großes. El Niño ist zwar ein natürliches Klimaphänomen, das alle zwei bis sieben Jahre zum Jahresende hin auftritt. Aber El Niños können wenige… [+7175 chars]",,de,'Klima'
https://www.zeit.de/wissenschaft/umwelt/2026-09/kinder-klimawandel-klimafolgen-hitzeschutz-diakonie-greenpeace-gxe,https://www.zeit.de/wissenschaft/umwelt/2026-09/kinder-klimawandel-klimafolgen-hitzeschutz-diakonie-greenpeace-gxe,0,www.zeit.de,Kinder und Klimawandel: Bündnis fordert mehr Schutz für Kinder in der Klimakrise,"Ein Zusammenschluss von rund 80 Organisationen verlangt Hitzeschutz in Schulen, Kitas und Jugendhilfeeinrichtungen. Junge Menschen sollen politisch stärker mitbestimmen.",https://img.zeit.de/wissenschaft/umwelt/2026-09/kinder-klimawandel-klimafolgen-hitzeschutz-diakonie-greenpeace-foto-1/wide__1300x731,2026-09-10T10:57:50Z,,"Ein Bündnis aus rund 80 Organisationen und Verbänden hat besseren Schutz von Kindern und Jugendlichen vor den Folgen der Erderwärmung gefordert. »Sie tragen am wenigsten Verantwortung für die Krise, … [+2861 chars]",,de,'Klima'
https://www.dw.com/de/unicef-klimabedingter-schulausfall-trifft-jedes-zehnte-kind-d%C3%BCrre-%C3%BCberschwemmungen-st%C3%BCrme/a-79212209,https://www.dw.com/de/unicef-klimabedingter-schulausfall-trifft-jedes-zehnte-kind-d%C3%BCrre-%C3%BCberschwemmungen-st%C3%BCrme/a-79212209,0,www.dw.com,UNICEF: Klimabedingter Schulausfall trifft jedes zehnte Kind,"Stürme waren 2025 die häufigste Ursache dafür, dass Schüler nicht wie gewohnt lernen konnten. Aber auch Überschwemmungen und Hitzewellen brachten die Unterrichtspläne durcheinander.",https://static.dw.com/image/78227073_6.jpg,2026-09-10T11:28:00Z,,"Wegen extremer Wetterereignisse - vor allem Stürme, Hitzewellen, Überschwemmungen und Waldbrände - ist im vergangenen Jahr weltweit jedes zehnte Schulkind von Unterrichtsausfall betroffen gewesen. La… [+3687 chars]",,de,'Klima'
https://www.zeit.de/2026/39/politisches-system-deutschland-rechtsextremismus-cdu-afd-bundesregierung,https://www.zeit.de/2026/39/politisches-system-deutschland-rechtsextremismus-cdu-afd-bundesregierung,0,www.zeit.de,Politisches System in Deutschland: Etwas wird passieren,Nach der Wahl in Sachsen-Anhalt wirken amtierende Politiker wie von der Realität entkoppelt. Dabei denken einflussreiche Insider bereits über Auswege aus der Krise nach.,https://img.zeit.de/2026/39/etwas-wird-passieren-bild-3/wide__1300x731,2026-09-10T11:29:35Z,,"Die Parlamentarische Gesellschaft ist so etwas wie das noble Wohnzimmer der Berliner Republik. Ein kleiner Palast im historistischen Stil, in dem früher einmal der Reichstagspräsident residierte, dir… [+574 chars]",,de,'Krise'
https://www.zeit.de/news/2026-09/10/sprengstoff-drohne-streit-um-beweise-fuer-russlands-schuld,https://www.zeit.de/news/2026-09/10/sprengstoff-drohne-streit-um-beweise-fuer-russlands-schuld,0,www.zeit.de,Sondersitzung im Bundestag: Sprengstoff-Drohne: Streit um Beweise für Russlands Schuld,Hier finden Sie Informationen zu dem Thema „Sondersitzung im Bundestag“. Lesen Sie jetzt „Sprengstoff-Drohne: Streit um Beweise für Russlands Schuld“.,https://img.zeit.de/news/2026-09/10/sprengstoff-drohne-streit-um-beweise-fuer-russlands-schuld-image-group/wide__1300x731,2026-09-10T12:01:01Z,,"Innenpolitiker von Union und SPD haben Forderungen der Opposition zurückgewiesen, die Bundesregierung müsse ihre Schuldzuweisung an Russland nach dem misslungenen Drohnenanschlag am Flughafen Leipzig… [+2177 chars]",,de,'Russland'
https://www.faz.net/aktuell/finanzen/finanzmarkt/wegen-hoher-inflation-ezb-hebt-die-zinsen-um-einen-viertelprozentpunkt-an-201210475.html,https://www.faz.net/aktuell/finanzen/finanzmarkt/wegen-hoher-inflation-ezb-hebt-die-zinsen-um-einen-viertelprozentpunkt-an-201210475.html,0,www.faz.net,Wegen hoher Inflation: EZB hebt die Zinsen um einen Viertelprozentpunkt an,"Die Inflation ist von 2,9 auf 3,3 Prozent gestiegen. Die Notenbank reagiert und erhöht die Zinsen abermals. Was heißt das für Sparer und Hausbauer?",https://media0.faz.net/image/w1200h627/a74ecc139e4d/w4000h2090x0y286o/202609/43601.0.2534770866/ezb-praesidentin-christine.webp,2026-09-10T12:15:53Z,,"Die Europäische Zentralbank (EZB) hebt die Leitzinsen an. Wie die Notenbank am Donnerstag nach der September-Zinssitzung des EZB-Rates in Berlin mitteilte, steigen alle drei Leitzinsen um 0,25 Prozen… [+5250 chars]",,de,'Inflation'
https://www.zeit.de/news/2026-09/10/ezb-stemmt-sich-mit-hoeheren-zinsen-gegen-inflationsschub,https://www.zeit.de/news/2026-09/10/ezb-stemmt-sich-mit-hoeheren-zinsen-gegen-inflationsschub,0,www.zeit.de,Geldpolitik: EZB stemmt sich mit höheren Zinsen gegen Inflationsschub,Hier finden Sie Informationen zu dem Thema „Geldpolitik“. Lesen Sie jetzt „EZB stemmt sich mit höheren Zinsen gegen Inflationsschub“.,https://img.zeit.de/news/2026-09/10/ezb-stemmt-sich-mit-hoeheren-zinsen-gegen-inflationsschub-image-group/wide__1300x731,2026-09-10T12:22:47Z,,Die Europäische Zentralbank (EZB) reagiert mit der zweiten Zinserhöhung in diesem Jahr auf den Ölpreisschock infolge des Iran-Kriegs. Die Notenbank hebt den für Banken und Sparer wichtigen Einlagenzi… [+4647 chars],,de,'Iran'
https://www.zeit.de/wirtschaft/2026-09/europaeische-zentralbank-erhoeht-leitzins-auf-2-50-prozent-gxe,https://www.zeit.de/wirtschaft/2026-09/europaeische-zentralbank-erhoeht-leitzins-auf-2-50-prozent-gxe,0,www.zeit.de,"Inflation: Europäische Zentralbank erhöht Leitzins auf 2,5 Prozent","Angesichts der hohen Inflation hat die EZB den Leitzins von 2,25 auf 2,5 Prozent angehoben. Es ist bereits die zweite Erhöhung in diesem Jahr.",https://img.zeit.de/wirtschaft/2026-09/ezb-zinsentscheidung-leitzins-bild/wide__1300x731,2026-09-10T12:43:27Z,,"Die Europäische Zentralbank (EZB) hat den Leitzins zum zweiten Mal in diesem Jahr angehoben. Der für Banken und Sparer wichtige Einlagenzins steigt von 2,25 auf 2,5 Prozent, wie die EZB in Berlin mit… [+1648 chars]",,de,'Inflation'
https://www.sueddeutsche.de/kultur/gastbeitrag-timothy-snyder-9-11-trump-putin-terrorismus-li.3533256,https://www.sueddeutsche.de/kultur/gastbeitrag-timothy-snyder-9-11-trump-putin-terrorismus-li.3533256,0,www.sueddeutsche.de,Debatte: Haben die Terroristen gewonnen?,"Amerikas Antwort auf den 11. September hat genau das erreicht, was die Angreifer wollten: Kriege, Entdemokratisierung und ein Klima der Lüge, das Putin und Trump ausnutzen. Doch es gibt noch Mittel zur Gegenwehr.",https://www.sueddeutsche.de/2026/01/19/cab8c620-6307-409b-ae1e-38e27636d5e9.jpg?q=60&fm=webp&width=1200&rect=0%2C41%2C4000%2C2250,2026-09-10T12:57:56Z,,"Am 11. September 2001, als ich meine dritte Vorlesung als Professor für Osteuropäische Geschichte in Yale hielt, wusste ich, worum es gehen musste: Provokation. Die russischen kaiserlichen Geheimdien… [+220 chars]",,de,'Klima'
https://www.zeit.de/news/2026-09/10/plattes-gras-verraet-strom-saboteur-bodycam-filmt-festnahme,https://www.zeit.de/news/2026-09/10/plattes-gras-verraet-strom-saboteur-bodycam-filmt-festnahme,0,www.zeit.de,Angriffe auf Energieversorgung: Plattes Gras verrät Strom-Saboteur - Bodycam filmt Festnahme,Hier finden Sie Informationen zu dem Thema „Angriffe auf Energieversorgung“. Lesen Sie jetzt „Plattes Gras verrät Strom-Saboteur - Bodycam filmt Festnahme“.,https://img.zeit.de/news/2026-09/10/plattes-gras-verraet-strom-saboteur-bodycam-filmt-festnahme-image-group/wide__1300x731,2026-09-10T13:05:53Z,,"Es war nur etwas niedergetretenes Gras an einem Feldweg. Aber das war für zwei junge Polizisten die entscheidende Spur, die am Dienstag zur Festnahme des 48-jährigen mutmaßlichen Energie-Attentäters … [+5673 chars]",,de,'Angriff'
https://www.morgenpost.de/politik/article413054005/anschlaege-stromnetz-aktuell-news-sabotage-tatverdaechtiger-u-haft-bundesanwaltschaft.html,https://www.morgenpost.de/politik/article413054005/anschlaege-stromnetz-aktuell-news-sabotage-tatverdaechtiger-u-haft-bundesanwaltschaft.html,0,www.morgenpost.de,Strom-Sabotage: Daniel V. in U‑Haft – Bundesanwaltschaft übernimmt Ermittlungen,Der 48-Jährige soll mehrere Angriffe auf die Stromversorgung im Land zu verantworten haben. Jetzt übernimmt der Bundesanwalt. Die News im Blog.,https://img.sparknews.funkemedien.de/413119310/413119310_1789051314_v16_9_1600.jpeg,2026-09-10T14:41:54Z,,"Sachsens Innenminister Armin Schuster hat nach der Festnahme eines 48-Jährigen nach den Sabotage-Angriffen auf das Stromnetz vor vorschnellen Schlüssen über die Tathintergründe gewarnt. ""Der Fall ist… [+796 chars]",,de,'Angriff'
https://www.telepolis.de/article/BSW-Populismus-in-Magdeburg-Ein-Antrag-fuellt-keinen-Gasspeicher-11449269.html,https://www.telepolis.de/article/BSW-Populismus-in-Magdeburg-Ein-Antrag-fuellt-keinen-Gasspeicher-11449269.html,0,www.telepolis.de,BSW-Populismus in Magdeburg: Ein Antrag füllt keinen Gasspeicher,"Sahra Wagenknecht will per Landtagsantrag Nord Stream öffnen. Die Pipeline ist zerstört, EU-verboten – Magdeburg hat null Zuständigkeit. Ein Kommentar.",https://heise.cloudimg.io/v7/_www-heise-de_/imgs/18/5/1/6/3/0/6/6/shutterstock_2469809941-e9dce4e248b4d90f.jpg?func=bound&height=1200&org_if_sml=1&q=85&width=1200,2026-09-10T15:00:00Z,,"(Bild: penofoto / Shutterstock.com)
Sahra Wagenknecht will per Landtagsantrag Nord Stream öffnen. Die Pipeline ist zerstört, EU-verboten Magdeburg hat null Zuständigkeit. Ein Kommentar.
Wenn wir in… [+5036 chars]",,de,'heizen'
https://www.zeit.de/politik/deutschland/2026-09/hybride-kriegsfuehrung-cemas-russland-julia-smirnova-sabotage-landtagswahlen,https://www.zeit.de/politik/deutschland/2026-09/hybride-kriegsfuehrung-cemas-russland-julia-smirnova-sabotage-landtagswahlen,0,www.zeit.de,"Hybride Kriegsführung: »Putin hofft, die AfD könne die Bundesregierung in eine Krise stürzen«","Russland überzieht Deutschland mit hybriden Angriffen. Das Ziel: die Gesellschaft psychisch zu zermürben und die AfD zu stärken, sagt die Forscherin Julia Smirnova.",https://img.zeit.de/politik/deutschland/2026-09/hybride-kriegsfuehrung-cemas-russland-julia-smirnova-sabotage-landtagswahlen-bild-4/wide__1300x731,2026-09-10T18:19:25Z,,"Schließen
Artikelzusammenfassung
Russlands hybride Angriffe auf Deutschland zielen auf Verunsicherung und politische Wirkung. Julia Smirnova beschreibt, wie Moskau den AfD-Erfolg in Sachsen-Anhalt … [+1046 chars]",,de,'Russland'
https://www.freitag.de/autoren/velten-schaefer/haben-alle-mitbekommen-dass-nicht-putin-deutsche-umspannwerke-attackiert-hat,https://www.freitag.de/autoren/velten-schaefer/haben-alle-mitbekommen-dass-nicht-putin-deutsche-umspannwerke-attackiert-hat,0,www.freitag.de,"Ein psychologischer Effekt erklärt, warum wir hinter jeder Sabotage Putin vermuten","Kürzlich sorgten Sabotageakte an deutschen Umspannwerken für Panik – schnell fiel der Verdacht auf Russland. Dabei ist der mutmaßliche Täter nur ein Deutscher aus der Klimaszene. Ein bekanntes Phänomen ließ uns aber nur gen Moskau starren „Ist es das, wonach …",https://www.freitag.de/autoren/velten-schaefer/haben-alle-mitbekommen-dass-nicht-putin-deutsche-umspannwerke-attackiert-hat/@@images/image/great,2026-09-10T18:30:00Z,,"„Ist es das, wonach es aussieht?“ Das fragt jüngst die Zeit in einem Artikel, in dem es um eine Mini-Serie von – wenig spektakulären und wirkungslosen – Sabotageversuchen gegen deutsche Umspannwerke … [+5244 chars]",,de,'Russland'
https://scilogs.spektrum.de/natur-des-glaubens/mimetische-abhaengigkeiten-drogen-fossile-gewaltenergien-algorithmische-konzernmedien-verschwoerungsmythen/,https://scilogs.spektrum.de/natur-des-glaubens/mimetische-abhaengigkeiten-drogen-fossile-gewaltenergien-algorithmische-konzernmedien-verschwoerungsmythen/,0,scilogs.spektrum.de,"Mimetische Abhängigkeiten: Drogen, fossile Gewaltenergien, algorithmische Konzernmedien & Verschwörungsmythen","Aus den SciLogs: Der Terroranschlag des 11. September 2001 sowie die Kriege und rassistischen Diskurse danach sind für mich jedes Jahr ein Grund, über die fossile Abhängigkeit von Öl und Gas zu sprechen. Mit finanziellem und medialen Lobbying gelang es dem Öl…",https://scilogs.spektrum.de/natur-des-glaubens/files/ExternalisierteKostenfossileGewaltenergienKokain.jpg,2026-09-10T19:49:21Z,,"Der Terroranschlag des 11. September 2001 sowie die Kriege und rassistischen Diskurse danach sind für mich jedes Jahr ein Grund, über die fossile Abhängigkeit von Öl und Gas zu sprechen. Mit finanzie… [+4606 chars]",,de,'Erdöl'
https://www.zeit.de/news/2026-09/10/preis-fuer-brent-rohoel-steigt-auf-108-dollar,https://www.zeit.de/news/2026-09/10/preis-fuer-brent-rohoel-steigt-auf-108-dollar,0,www.zeit.de,Energiepreiskrise: Preis für Brent-Rohöl steigt auf 108 Dollar,Hier finden Sie Informationen zu dem Thema „Energiepreiskrise“. Lesen Sie jetzt „Preis für Brent-Rohöl steigt auf 108 Dollar“.,https://img.zeit.de/news/2026-09/10/preis-fuer-brent-rohoel-steigt-auf-108-dollar-image-group/wide__1300x731,2026-09-10T21:10:57Z,,Der Preis für ein Fass (159 Liter) der Nordsee-Ölsorte Brent hat am Donnerstag 108 US-Dollar erreicht und damit den höchsten Stand seit Mai. Erst am Vortag wurde die Marke von 100 Dollar überschritte… [+1053 chars],,de,'Preis'
https://www.zeit.de/wirtschaft/2026-09/oelpreis-brent-nordsee-strasse-von-hormus-usa-iran,https://www.zeit.de/wirtschaft/2026-09/oelpreis-brent-nordsee-strasse-von-hormus-usa-iran,0,www.zeit.de,Treibstoffpreise: Ölpreis erreicht höchsten Stand seit Mai,Wegen erneuter Angriffe in der Straße von Hormus ist der Preis von Rohöl wieder gestiegen. In den USA kostet Diesel erstmals mehr als sechs ​Dollar pro Gallone.,https://img.zeit.de/wirtschaft/2026-09/oelpreis-brent-nordsee-strasse-von-hormus-usa-iran-foto-1/wide__1300x731,2026-09-11T00:43:46Z,,Der Ölpreis ist erneut angestiegen und hat den höchsten Stand seit Mai erreicht. Ein Fass der Nordseesorte Brent kostete am Donnerstag 108 US-Dollar (etwa 93 Euro). Hintergrund der hohen Öl- und Trei… [+1868 chars],,de,'Heizen'
https://www.zeit.de/news/2026-09/11/portal-us-diesel-kostet-erstmals-6-us-dollar-pro-gallone,https://www.zeit.de/news/2026-09/11/portal-us-diesel-kostet-erstmals-6-us-dollar-pro-gallone,0,www.zeit.de,Krieg im Iran: Portal: US-Diesel kostet erstmals 6 US-Dollar pro Gallone,Hier finden Sie Informationen zu dem Thema „Krieg im Iran“. Lesen Sie jetzt „Portal: US-Diesel kostet erstmals 6 US-Dollar pro Gallone“.,https://img.zeit.de/news/2026-09/11/portal-us-diesel-kostet-erstmals-6-us-dollar-pro-gallone-image-group/wide__1300x731,2026-09-11T04:49:54Z,,"Der landesweite Durchschnittspreis für Diesel ist in den USA nach Daten des Marktanalyseportals Gasbuddy auf die Rekordmarke von 6,00 US-Dollar pro Gallone (3,785 Liter) geklettert. Damit sei Diesel … [+1584 chars]",,de,'Iran'
https://www.zeit.de/politik/deutschland/2026-09/polen-grenze-ukraine-donald-tusk-russland-gxe,https://www.zeit.de/politik/deutschland/2026-09/polen-grenze-ukraine-donald-tusk-russland-gxe,0,www.zeit.de,Bedrohung durch Russland: Polen meldet Abwehr von Bedrohung an Grenzübergang zur Ukraine,"Donald Tusk hat erneut vor russischen Provokationen an der Nato-Ostgrenze gewarnt. Dabei geht er auf Geheimdienstinformationen der USA ein, die mit ihm geteilt wurden.",https://img.zeit.de/politik/deutschland/2026-09/polen-grenze-ukraine-donald-tusk-russland-foto-1/wide__1300x731,2026-09-11T05:17:23Z,,"Polen hat nach Angaben von Ministerpräsident Donald Tusk eine Bedrohung
an einem der Grenzübergänge in die Ukraine abgewendet. Das sagte Tusk bei einer
Pressekonferenz auf einem Besuch in Bratislav… [+1916 chars]",,de,'Russland'
https://www.focus.de/politik/ausland/bis-heute-galt-dieses-gebiet-als-sicher-ukrainische-drohnen-legen-3000-km-zurueck-um-wichtige-gasanlagen-in-der-russischen-arktis-anzugreifen_75d2e825-89ef-4c16-9c68-9a632284f7eb.html,https://www.focus.de/politik/ausland/bis-heute-galt-dieses-gebiet-als-sicher-ukrainische-drohnen-legen-3000-km-zurueck-um-wichtige-gasanlagen-in-der-russischen-arktis-anzugreifen_75d2e825-89ef-4c16-9c68-9a632284f7eb.html,0,www.focus.de,"„Bis heute galt dieses Gebiet als sicher“ – Ukrainische Drohnen legen 3000 km zurück, um wichtige Gasanlagen in der russischen Arktis anzugreifen","Der Ukraine-Krieg erreicht Regionen, die in Russland lange als sicher galten. In Nowy Urengoi brannte nach einem Angriff eine wichtige Gasanlage.","https://quadro.burda-forward.de/ctf/265c15ed-4539-4bca-8b92-5ed22a65149b.cea989d8-d1dc-4962-86bc-2e5203494016.jpg?im=RegionOfInterestCrop=(1200,630),regionOfInterest=(902,659)&hash=ade0abbb88f8bec81779a51342b8af340f32b80c65aa096bde04c5f46107c67c",2026-09-11T06:13:00Z,,"Die Ukraine hat nach eigenen Angaben erstmals einen Gasstandort im hohen Norden Russlands angegriffen, etwa 3000 Kilometer von der Grenze entfernt. In Nowy Urengoi im autonomen Kreis der Jamal-Nenzen… [+2734 chars]",,de,'Russland'
https://orf.at/stories/3441835/,https://orf.at/stories/3441835/,0,orf.at,Schwere gegenseitige Angriffe,Russland hat in den letzten 24 Stunden eine schwere Angriffswelle mit Drohnen und Raketen ausgeführt. In der ukrainischen Hauptstadt Kiew ging in der Nacht auf Freitag ein neunstöckiges Wohnhaus in Flammen auf. Die Ukraine reagierte mit Angriffen unter andere…,https://ibs.orf.at/news?image=https%3A%2F%2Fassets.orf.at%2Fmims%2F2026%2F37%2F67%2Fcrops%2Fw%3D1200%2Ch%3D630%2Cq%3D75%2F3178983_master_1232767_ukraine_krieg_frfr_ap.jpg%3Fs%3D02a0a6afc21b05cc5e7794c9579d656e98f733c6,2026-09-11T06:26:00Z,,"Bei dem russischen Angriff auf Kiew wurden laut Behörden mindestens acht Menschen verletzt. Insgesamt habe Russland in der Nacht 66 Drohnen eingesetzt, davon mehr als 50 vom Typ Shaheed. 62 seien abg… [+3319 chars]",,de,'Ukraine'
https://www.zeit.de/news/2026-09/11/lagarde-inflation-wird-schlimmer-bevor-sie-besser-wird,https://www.zeit.de/news/2026-09/11/lagarde-inflation-wird-schlimmer-bevor-sie-besser-wird,0,www.zeit.de,"Geldpolitik: Lagarde: «Inflation wird schlimmer, bevor sie besser wird»","Hier finden Sie Informationen zu dem Thema „Geldpolitik“. Lesen Sie jetzt „Lagarde: «Inflation wird schlimmer, bevor sie besser wird»“.",https://img.zeit.de/news/2026-09/11/lagarde-inflation-wird-schlimmer-bevor-sie-besser-wird-image-group/wide__1300x731,2026-09-11T08:20:18Z,,EZB-Präsidentin Christine Lagarde macht den Menschen im Euroraum Hoffnung auf mittelfristig wieder sinkende Inflationsraten. «In unseren aktuellen Prognosen steigt die Inflation bis Ende '26 weiter. … [+1733 chars],,de,'Inflation'
https://www.tagesspiegel.de/internationales/schifffahrt-im-roten-meer-bedroht-huthi-im-jemen-erobern-insel-in-wichtiger-meerenge-bab-al-mandab-16041644.html,https://www.tagesspiegel.de/internationales/schifffahrt-im-roten-meer-bedroht-huthi-im-jemen-erobern-insel-in-wichtiger-meerenge-bab-al-mandab-16041644.html,0,www.tagesspiegel.de,Schifffahrt im Roten Meer bedroht: Huthi im Jemen erobern Insel in wichtiger Meerenge Bab al-Mandab,Die Rebellen erhalten weitreichende Kontrolle über eine der wichtigsten Handelsrouten. Die Gefahr für Tanker und Frachter steigt damit weiter. In der Region sind Zehntausende auf der Flucht.,https://www.tagesspiegel.de/images/16041646/alternates/BASE_16_9_W1400/1789119043000/iran-krieg-jemen.jpeg,2026-09-11T09:29:39Z,,Die mit dem Iran verbündeten Huthi-Rebellen haben jemenitischen Regierungsquellen zufolge eine strategisch gelegene Insel in der Meerenge Bab al-Mandab erobert. Die Insel Majun (oder Perim) liegt am … [+4111 chars],,de,'Flucht'
https://www.faz.net/aktuell/finanzen/ezb-zinserhoehung-ein-vernuenftiger-zinsschritt-201211056.html,https://www.faz.net/aktuell/finanzen/ezb-zinserhoehung-ein-vernuenftiger-zinsschritt-201211056.html,0,www.faz.net,Europäische Zentralbank: Gebotener Zinsschritt,"Die Inflation ist nach wie vor zum allergrößten Teil durch höhere Energiepreise geprägt. Trotzdem ist es richtig, dass die EZB die Zinsen anhebt.",https://media0.faz.net/image/w1200h627/84259a04ac06/w6144h3210x0y431o/202609/43601.0.2515521948/die-europaeische-zentralbank.webp,2026-09-11T10:21:30Z,,"Die Europäische Zentralbank (EZB) erhöht nach Juni abermals die Leitzinsen, um 0,25 Prozentpunkte. Das ist keine Überraschung. An den Finanzmärkten war das weitgehend erwartet worden. Trotzdem war de… [+2099 chars]",,de,'Inflation'
https://www.zeit.de/news/2026-09/11/neues-leitbild-soll-sachsens-industrie-aus-der-krise-fuehren,https://www.zeit.de/news/2026-09/11/neues-leitbild-soll-sachsens-industrie-aus-der-krise-fuehren,0,www.zeit.de,Wirtschaftspolitik: Neues Leitbild soll Sachsens Industrie aus der Krise führen,Hier finden Sie Informationen zu dem Thema „Wirtschaftspolitik“. Lesen Sie jetzt „Neues Leitbild soll Sachsens Industrie aus der Krise führen“.,https://img.zeit.de/news/2026-09/11/neues-leitbild-soll-sachsens-industrie-aus-der-krise-fuehren-image-group/wide__1300x731,2026-09-11T10:47:13Z,,"Sachsens Wirtschaft will keine verlängerte Werkbank sein und seine Stärken besser ausspielen. Neben einem starken Mittelstand und Handwerk sieht man dabei industrielle Kompetenz, Forschung und Entwic… [+894 chars]",,de,'Krise'
https://www.zeit.de/news/2026-09/11/huthi-rebellen-greifen-nach-wichtiger-meerenge-bab-al-mandab,https://www.zeit.de/news/2026-09/11/huthi-rebellen-greifen-nach-wichtiger-meerenge-bab-al-mandab,0,www.zeit.de,Erfolg für Verbündete des Iran: Huthi-Rebellen greifen nach wichtiger Meerenge Bab al-Mandab,Hier finden Sie Informationen zu dem Thema „Erfolg für Verbündete des Iran“. Lesen Sie jetzt „Huthi-Rebellen greifen nach wichtiger Meerenge Bab al-Mandab“.,https://img.zeit.de/news/2026-09/11/huthi-rebellen-greifen-nach-wichtiger-meerenge-bab-al-mandab-image-group/wide__1300x731,2026-09-11T12:36:57Z,,Die mit dem Iran verbündeten Huthi-Rebellen haben jemenitischen Regierungsquellen zufolge die gesamte Küste des Roten Meeres im Jemen und strategisch wichtige Inseln eingenommen. Damit haben die Huth… [+5396 chars],,de,'Iran'
https://www.faz.net/aktuell/politik/ausland/huthi-rueckt-im-jemen-vor-angriff-auf-die-lebensader-des-welthandels-201217883.html,https://www.faz.net/aktuell/politik/ausland/huthi-rueckt-im-jemen-vor-angriff-auf-die-lebensader-des-welthandels-201217883.html,0,www.faz.net,Huthi im Roten Meer: „Angriff auf die Lebensader des Welthandels“,Die mit Iran verbündeten Huthi-Rebellen erhalten Zugriff auf eine der wichtigsten Meerengen der Welt. Der Druck auf den Welthandel steigt – und Deutschland dürfte besonders hart getroffen werden.,https://media0.faz.net/image/w1200h627/c5042f34b296/w3984h2081x0y405o/202603/43601.0.1930792506/huthi-kaempfer-waehrend-einer.webp,2026-09-11T13:41:00Z,,Die Huthi-Miliz hat jemenitischen Regierungsquellen zufolge am Freitag eine strategisch gelegene Insel in der Meerenge Bab al-Mandab erobert. Damit erhalten sie Zugriff auf eine der wichtigsten Schif… [+4647 chars],,de,'Angriff'
https://www.teltarif.de/gas-heizen-gasspeicher-winter/news/106013.html,https://www.teltarif.de/gas-heizen-gasspeicher-winter/news/106013.html,0,www.teltarif.de,Gasspeicher auf Rekordtief: Droht Winter-Engpass?,"Gasspeicher nur zur Hälfte gefüllt: Während die Energiebranche vor Engpässen warnt, sieht die Regierung noch keinen Grund zur Sorge.",https://www.teltarif.de/img/arch/2026/kw37/gas-heizen-gasspeicher-winter-1og.jpg,2026-09-11T13:50:00Z,,Harter Spar-Winter im Anmarsch? Die deutschen Gasspeicher sind so leer wie nie zuvor zu dieser Jahreszeit. Anfang September standen nur noch rund 53 Prozent des Fassungs­vermö­gens zur Verfügung  ei… [+5243 chars],,de,'Gas'
https://www.faz.net/aktuell/wirtschaft/usa-amerikas-inflation-bleibt-hartnaeckig-201218556.html,https://www.faz.net/aktuell/wirtschaft/usa-amerikas-inflation-bleibt-hartnaeckig-201218556.html,0,www.faz.net,US-Inflation: Amerikas Inflation bleibt hartnäckig,Keine Entspannung an der Preisfront in den USA. Vor allem wegen Energie will die Inflation nicht nachgeben.,https://media0.faz.net/image/w1200h627/70d4b554156f/w6144h3210x0y155o/202609/43601.0.2538864489/inflation-wird-zum.webp,2026-09-11T14:10:45Z,,"Die Teuerung erweist sich als zäh in den USA: Der amerikanische Verbraucherpreisindex CPI lag im August 3,4 Prozent höher als vor einem Jahr. Rechnet man die starken Schwankungen unterworfenen Preise… [+2059 chars]",,de,'heizen'
https://www.focus.de/finanzen/der-spanier-iker-wohnt-in-einem-100-jahre-alten-steinhaus-fuer-den-strom-nutze-ich-ein-tragbares-stromaggregat-das-etwa-1800-euro-kostet-und-sich-in-vier-jahren-amortisiert-da-ich-nur-35-euro-im-monat-ausgebe_aad33bd3-d6c6-4130-a445-dde7397f003e.html,https://www.focus.de/finanzen/der-spanier-iker-wohnt-in-einem-100-jahre-alten-steinhaus-fuer-den-strom-nutze-ich-ein-tragbares-stromaggregat-das-etwa-1800-euro-kostet-und-sich-in-vier-jahren-amortisiert-da-ich-nur-35-euro-im-monat-ausgebe_aad33bd3-d6c6-4130-a445-dde7397f003e.html,0,www.focus.de,"Der Spanier Iker wohnt in einem 100 Jahre alten Steinhaus: „Für den Strom nutze ich ein tragbares Stromaggregat, das etwa 1800 Euro kostet und sich in vier Jahren amortisiert, da ich nur 35 Euro im Monat ausgebe.“","Der Spanier Iker lebt mit seiner Familie in einem alten Steinhaus in den Bergen. Mit Solarstrom, Gas und Holz senkt er seine Energiekosten deutlich.","https://quadro.burda-forward.de/ctf/098b1e60-807c-414d-9bb9-11fc82e51414.432f9a46-6268-4dd3-9140-46b679cb8a25.png?im=RegionOfInterestCrop=(1200,630),regionOfInterest=(1151,586)&hash=2205c659ce7a1ec89a3cb7b4d919136c006ae5b71b30b270de457b83b838d778",2026-09-11T14:30:00Z,,"Iker lebt mit seiner Partnerin Rosa und ihrer kleinen Tochter in einem 100 bis 200 Jahre alten Steinhaus im Norden Navarras, einer Region im spanischen Baskenland. Das abgelegene Gebäude ist nicht an… [+3809 chars]",,de,'Gas'
https://www.zeit.de/politik/deutschland/2026-09/afd-wahlsieg-sachsen-anhalt-lsvd-queere-menschen-alva-traebert,https://www.zeit.de/politik/deutschland/2026-09/afd-wahlsieg-sachsen-anhalt-lsvd-queere-menschen-alva-traebert,0,www.zeit.de,AfD-Wahlsieg in Sachsen-Anhalt: AfD-Wahlsieg in Sachsen-Anhalt verstärkt Sorgen queerer Menschen,Der Wahlsieg der AfD verstärkt das feindselige Klima gegen queere Menschen. Laut dem Verband »Queere Vielfalt« werden Menschenrechte »aktiv bedroht«.,https://img.zeit.de/politik/deutschland/2026-09/afd-wahlsieg-sachsen-anhalt-lsvd-queere-menschen-alva-traebert-foto-1/wide__1300x731,2026-09-11T19:20:28Z,,Laut dem Verband Queere Vielfalt (LSDV+) droht nach dem AfD-Wahlsieg in Sachsen-Anhalt eine Verschärfung der ohnehin schwierigen Situation queerer Menschen und anderer marginalisierter Gruppen. »Unse… [+1137 chars],,de,'Klima'
https://www.zeit.de/news/2026-09/11/saudi-arabien-schaltet-nach-angriffen-wichtige-pipeline-ab,https://www.zeit.de/news/2026-09/11/saudi-arabien-schaltet-nach-angriffen-wichtige-pipeline-ab,0,www.zeit.de,Energie: Saudi-Arabien schaltet nach Angriffen wichtige Pipeline ab,Hier finden Sie Informationen zu dem Thema „Energie“. Lesen Sie jetzt „Saudi-Arabien schaltet nach Angriffen wichtige Pipeline ab“.,https://img.zeit.de/news/2026-09/11/saudi-arabien-schaltet-nach-angriffen-wichtige-pipeline-ab-image-group/wide__1300x731,2026-09-11T19:54:02Z,,"Saudi-Arabien hat die wichtige Ost-West-Pipeline, die unter Umgehung der faktisch blockierten Straße von Hormus Öl vom Persischen Golf zum Roten Meer bringen kann, nach Angriffen auf die Leitung in d… [+1698 chars]",,de,'Angriff'
https://www.zeit.de/politik/ausland/2026-09/ost-west-oelpipeline-saudi-arabien-drohnenangriff-irak,https://www.zeit.de/politik/ausland/2026-09/ost-west-oelpipeline-saudi-arabien-drohnenangriff-irak,0,www.zeit.de,Ost-West-Pipeline: Saudi-Arabien stellt Betrieb wichtiger Ölpipeline nach Angriff ein,Nach einem Angriff aus dem Irak stoppt Saudi-Arabien den Betrieb der wichtigen Ost-West-Pipeline. Die Regierung will vorerst nicht darauf reagieren.,https://img.zeit.de/politik/deutschland/2026-09/oelfeld-in-saudi-arabien-bild/wide__1300x731,2026-09-11T22:36:48Z,,Nach einem Angriff hat Saudi-Arabien den Betrieb einer wichtigen Ölpipeline eingestellt. In einer Stellungnahme bezeichnete das saudische Energieministerium den Stopp des Betriebs der sogenannten Ost… [+1950 chars],,de,'Iran'
https://www.welt.de/politik/ausland/article6aa49db2240b302c8a841f83/energie-saudi-arabien-schliesst-nach-drohnenangriffen-wichtige-erdoel-pipeline-irak-feuert-kommandeur.html,https://www.welt.de/politik/ausland/article6aa49db2240b302c8a841f83/energie-saudi-arabien-schliesst-nach-drohnenangriffen-wichtige-erdoel-pipeline-irak-feuert-kommandeur.html,0,www.welt.de,Saudi-Arabien schließt nach Drohnenangriffen wichtige Erdöl-Pipeline – Irak feuert Kommandeur,"Über die Ost-West-Pipeline fließen täglich Millionen Liter Rohöl. Saudi-Arabien erklärt sich nach den Drohnenangriffen von irakischem Gebiet aus bereit, „zu diesem Zeitpunkt nicht zu reagieren“. Bagdad kündigt an, die Verantwortlichen zur Rechenschaft zu zieh…",https://images.welt.de/6aa49db2240b302c8a841f83/ba511d32a80ce102266c27c8e90a2b8c-master/ci16x9-w1200/dpa-com-260911-935-1604226-jpg,2026-09-12T00:46:35Z,,"Über die Ost-West-Pipeline fließen täglich Millionen Liter Rohöl. Saudi-Arabien erklärt sich nach den Drohnenangriffen von irakischem Gebiet aus bereit, zu diesem Zeitpunkt nicht zu reagieren. Bagdad… [+2143 chars]",,de,'Erdöl'
https://www.zeit.de/news/2026-09/12/putin-fuehrt-afd-erfolg-auf-fehler-des-westens-zurueck,https://www.zeit.de/news/2026-09/12/putin-fuehrt-afd-erfolg-auf-fehler-des-westens-zurueck,0,www.zeit.de,Ukraine-Krieg: Putin führt AfD-Erfolg auf Fehler des Westens zurück,Hier finden Sie Informationen zu dem Thema „Ukraine-Krieg“. Lesen Sie jetzt „Putin führt AfD-Erfolg auf Fehler des Westens zurück“.,https://img.zeit.de/news/2026-09/12/putin-fuehrt-afd-erfolg-auf-fehler-des-westens-zurueck-image-group/wide__1300x731,2026-09-12T02:06:01Z,,"Kremlchef Wladimir Putin hat das starke Ergebnis der AfD bei der jüngsten Landtagswahl in Sachsen-Anhalt auch auf Fehler des Westens zurückgeführt. Alles, was derzeit in Europa passiere, sei das Erge… [+4093 chars]",,de,'Ukraine'
https://www.nzz.ch/wissenschaft/maiswuesten-oder-fracking-deutschland-sucht-verzweifelt-nach-mehr-gas-ld.10009763,https://www.nzz.ch/wissenschaft/maiswuesten-oder-fracking-deutschland-sucht-verzweifelt-nach-mehr-gas-ld.10009763,0,www.nzz.ch,Maiswüsten oder Fracking: Deutschland sucht verzweifelt nach mehr Gas,"Gas als Energieträger wird knapp, gleichzeitig soll in Deutschland – wie in der Schweiz – immer mehr Biomethan in das Netz eingespeist werden. Doch woher soll das kommen?","https://img-msp-prod.nzz.ch/2026/08/03/7b9071a9-f5e2-44fd-884a-46fbce7b439e.jpg?width=1200&height=675&fit=bounds&quality=75&auto=webp&crop=4593,2584,x0,y373&wmark=nzz",2026-09-12T03:30:00Z,,"Gas als Energieträger wird knapp, gleichzeitig soll in Deutschland  wie in der Schweiz  immer mehr Biomethan in das Netz eingespeist werden. Doch woher soll das kommen?
Andreas Frey12.09.2026, 05.30… [+9795 chars]",,de,'Erdöl'
https://www.zeit.de/politik/deutschland/2026-09/drohnenanschlag-flughafen-leipzig-halle-russland-geheimdienst-gru,https://www.zeit.de/politik/deutschland/2026-09/drohnenanschlag-flughafen-leipzig-halle-russland-geheimdienst-gru,0,www.zeit.de,Vereitelter Drohnenanschlag in Leipzig/Halle: Russischer Militärgeheimdienst soll hinter Anschlagsversuch stecken,Ein mutmaßlicher russischer Geheimdienstagent soll laut einem Medienbericht den Drohnenanschlag in Leipzig vorbereitet haben. Der Mann sei inzwischen wieder in Russland.,https://img.zeit.de/politik/deutschland/2026-09/drohnenanschlag-flughafen-leipzig-halle-russland-geheimdienst-gru-foto-1/wide__1300x731,2026-09-12T06:31:00Z,,Die Ermittlungen zum versuchten Drohnenanschlag auf den Flughafen Leipzig/Halle führen einem Medienbericht zufolge zum russischen Militärgeheimdienst GRU. Wie die Welt am Sonntag unter Berufung auf g… [+1125 chars],,de,'Russland'
https://www.diepresse.com/41254827/co-ausstoss-der-modeindustrie-ist-in-zwei-jahren-um-14-prozent,https://www.diepresse.com/41254827/co-ausstoss-der-modeindustrie-ist-in-zwei-jahren-um-14-prozent,0,www.diepresse.com,CO₂-Ausstoß der Modeindustrie ist in zwei Jahren um 14 Prozent gewachsen,"Vor allem die Produktion von Kunstfasern feuert den CO₂-Ausstoß an. Vor allem Polyester, das aus Erdöl hergestellt wird.",https://www.diepresse.com/assets_v2/images/diepresse_nachrichten.png,2026-09-12T06:42:32Z,,"Die Presse auf Google als bevorzugte Nachrichtenquelle hinzufügen.
 Der CO-Ausstoß der Modeindustrie weltweit ist laut einem Bericht der NGO Apparel Impact Institute binnen zwei Jahren bis 2024 um f… [+738 chars]",,de,'Erdöl'
https://www.zeit.de/news/2026-09/12/hubig-warnt-afd-veraendert-das-klima-beamte-in-der-pflicht,https://www.zeit.de/news/2026-09/12/hubig-warnt-afd-veraendert-das-klima-beamte-in-der-pflicht,0,www.zeit.de,Mögliche AfD-Regierung: Hubig warnt: AfD verändert das Klima – Beamte in der Pflicht,Hier finden Sie Informationen zu dem Thema „Mögliche AfD-Regierung“. Lesen Sie jetzt „Hubig warnt: AfD verändert das Klima – Beamte in der Pflicht“.,https://img.zeit.de/news/2026-09/12/hubig-warnt-afd-veraendert-das-klima-beamte-in-der-pflicht-image-group/wide__1300x731,2026-09-12T09:08:12Z,,Bundesjustizministerin Stefanie Hubig sieht bei einer möglichen AfD-geführten Regierung in Sachsen-Anhalt auch Beamte in der Pflicht. «Beamtinnen und Beamte schwören einen Eid auf die Verfassung. Sie… [+865 chars],,de,'Klima'
https://www.zeit.de/news/2026-09/12/klingbeil-kritisiert-cdu-angriff-auf-bas-was-soll-das,https://www.zeit.de/news/2026-09/12/klingbeil-kritisiert-cdu-angriff-auf-bas-was-soll-das,0,www.zeit.de,Koalition: Klingbeil kritisiert CDU-Angriff auf Bas: «Was soll das?»,Hier finden Sie Informationen zu dem Thema „Koalition“. Lesen Sie jetzt „Klingbeil kritisiert CDU-Angriff auf Bas: «Was soll das?»“.,https://img.zeit.de/news/2026-09/12/klingbeil-kritisiert-cdu-angriff-auf-bas-was-soll-das-image-group/wide__1300x731,2026-09-12T09:20:57Z,,SPD-Chef Lars Klingbeil hat entgeistert reagiert auf einen heftigen Angriff auf seine Co-Parteichefin Bärbel Bas aus den Reihen der Union. «Was soll das? Wir sind in verdammt schwierigen Zeiten. Wir … [+1384 chars],,de,'Angriff'
https://www.zeit.de/news/2026-09/12/mann-erleidet-schwere-kopfverletzung,https://www.zeit.de/news/2026-09/12/mann-erleidet-schwere-kopfverletzung,0,www.zeit.de,Angriff in Ludwigshafen: Mann erleidet schwere Kopfverletzung,Hier finden Sie Informationen zu dem Thema „Angriff in Ludwigshafen“. Lesen Sie jetzt „Mann erleidet schwere Kopfverletzung“.,https://img.zeit.de/news/2026-09/12/mann-erleidet-schwere-kopfverletzung-image-group/wide__1300x731,2026-09-12T10:37:34Z,,Ein 45-Jähriger ist nach Polizeiangaben in Ludwigshafen angegriffen worden und hat eine schwere Kopfverletzung erlitten. Er sei in der Nacht zum Samstag aufgefunden und in eine Klinik gebracht worden… [+102 chars],,de,'Angriff'
https://www.nzz.ch/international/angriff-auf-die-lebensader-nach-einer-drohnenattacke-ist-saudiarabiens-wichtigste-pipeline-ausser-betrieb-ld.10023538,https://www.nzz.ch/international/angriff-auf-die-lebensader-nach-einer-drohnenattacke-ist-saudiarabiens-wichtigste-pipeline-ausser-betrieb-ld.10023538,0,www.nzz.ch,Angriff auf die Lebensader: Nach einer Drohnenattacke ist Saudiarabiens wichtigste Pipeline ausser Betrieb,In der Nacht aus Samstag haben mehrere aus dem Irak kommende Drohen die saudische Ost-West-Pipeline angegriffen. Es ist eine weitere Eskalation im Wirtschaftskrieg am Golf.,"https://img-msp-prod.nzz.ch/2026/09/12/9134ae28-b2f5-4109-b1ad-92d99a5561d3.jpg?width=1200&height=674&fit=bounds&quality=75&auto=webp&crop=5000,2812,x0,y260&wmark=nzz",2026-09-12T11:15:35Z,,"In der Nacht aus Samstag haben mehrere aus dem Irak kommende Drohen die saudische Ost-West-Pipeline angegriffen. Es ist eine weitere Eskalation im Wirtschaftskrieg am Golf.
Zusammenfassung
Ölanlage… [+4535 chars]",,de,'Erdöl'
https://www.faz.net/aktuell/politik/ausland/indien-und-china-treffen-am-rand-des-brics-gipfels-accg-201220483.html,https://www.faz.net/aktuell/politik/ausland/indien-und-china-treffen-am-rand-des-brics-gipfels-accg-201220483.html,0,www.faz.net,BRICS-Gruppe: Der Gipfel der ungleichen Giganten,Der Besuch Xi Jinpings dominiert das Treffen der Staatengruppe in Neu Delhi. Gastgeber Indien verfolgt dabei einen „sanften“ BRICS-Kurs. Für die antiwestliche Rhetorik sorgt ein anderer.,https://media0.faz.net/image/w1200h627/b094d056bb26/w2837h1482x0y205o/202609/43601.0.2543175527/der-chinesische-praesident-xi.webp,2026-09-12T12:04:52Z,,"Weniger als 24 Stunden soll Xi Jinping in Neu Delhi bleiben, nachdem er am Samstag mit einem Flugzeug der Air China in der indischen Hauptstadt gelandet ist. Trotzdem ist der erste Indien-Besuch des … [+4651 chars]",,de,'Wladimir Putin'
https://www.zeit.de/news/2026-09/12/hassen-euch-angriff-auf-cottbuser-regenbogenkombinat,https://www.zeit.de/news/2026-09/12/hassen-euch-angriff-auf-cottbuser-regenbogenkombinat,0,www.zeit.de,Hakenkreuze: «Hassen euch» - Angriff auf Cottbuser Regenbogenkombinat,Hier finden Sie Informationen zu dem Thema „Hakenkreuze“. Lesen Sie jetzt „«Hassen euch» - Angriff auf Cottbuser Regenbogenkombinat“.,https://img.zeit.de/news/2026-09/12/hassen-euch-angriff-auf-cottbuser-regenbogenkombinat-image-group/wide__1300x731,2026-09-12T12:31:48Z,,"In der Nacht haben Unbekannte Hakenkreuze auf mehrere Regenbogenfahnen vor dem Regenbogenkombinat Cottbus gesprüht. Das teilte die Initiative mit. «Außerdem wurde die Fassade mit dem Schriftzug ""Wir … [+688 chars]",,de,'Angriff'
https://www.welt.de/wirtschaft/article6aa53876579bc99aee516be8/angriff-auf-ost-west-oelpipeline-linken-chefin-will-staatliche-massnahmen-gegen-hohe-spritpreise-woidke-fordert-spritpreisdeckel.html,https://www.welt.de/wirtschaft/article6aa53876579bc99aee516be8/angriff-auf-ost-west-oelpipeline-linken-chefin-will-staatliche-massnahmen-gegen-hohe-spritpreise-woidke-fordert-spritpreisdeckel.html,0,www.welt.de,"Linken-Chefin will staatliche Maßnahmen gegen hohe Spritpreise, Woidke fordert Spritpreisdeckel","Der Iran-Krieg treibt die Spritpreise immer höher. Linken-Chefin Ines Schwerdtner mahnt einen Notfallplan der Politik an, bevor die Preise für die Verbraucher endgültig „unbezahlbar“ werden würden. SPD-Ministerpräsident Woidke bringt einen konkreten Vorschlag…",https://images.welt.de/6aa53876579bc99aee516be8/0b438988ae6577d2c03deb1879a562b2-master/ci16x9-w1200/dpa-com-260903-935-1584942-jpg,2026-09-12T12:46:19Z,,"Der Iran-Krieg treibt die Spritpreise immer höher. Linken-Chefin Ines Schwerdtner mahnt einen Notfallplan der Politik an, bevor die Preise für die Verbraucher endgültig unbezahlbar werden würden. SPD… [+3289 chars]",,de,'Preis'
https://www.zeit.de/news/2026-09/12/antisemitischer-angriff-zwei-maenner-greifen-frau-an,https://www.zeit.de/news/2026-09/12/antisemitischer-angriff-zwei-maenner-greifen-frau-an,0,www.zeit.de,Staatsschutz ermittelt: Antisemitischer Angriff: Zwei Männer greifen Frau an,Hier finden Sie Informationen zu dem Thema „Staatsschutz ermittelt“. Lesen Sie jetzt „Antisemitischer Angriff: Zwei Männer greifen Frau an“.,https://img.zeit.de/news/2026-09/12/antisemitischer-angriff-zwei-maenner-greifen-frau-an-image-group/wide__1300x731,2026-09-12T13:55:08Z,,"Bei einem antisemitischen Angriff ist eine Frau von zwei Männern verletzt worden. Nachdem die Männer die Frau in der Nacht zu Freitag auf der Torstraße im Bezirk Mitte antisemitisch beleidigt hatten,… [+440 chars]",,de,'Angriff'
https://www.zeit.de/politik/ausland/2026-09/brics-gipfel-indien-mittlerer-osten-erklaerung,https://www.zeit.de/politik/ausland/2026-09/brics-gipfel-indien-mittlerer-osten-erklaerung,0,www.zeit.de,Brics-Gipfel: Brics-Staaten rufen bei Gipfel zu Zurückhaltung im Irankrieg auf,Bei ihrem Gipfeltreffen in Indien äußern sich die Brics-Staaten besorgt über eine neue Eskalation des Irankriegs. Auch Putin und Xi Jinping waren vor Ort.,https://img.zeit.de/administratives/sharing/fallback-image-die-zeit/wide__1300x731,2026-09-12T14:10:29Z,,Die elf Brics-Staaten haben bei ihrem Gipfeltreffen im indischen Neu-Delhi zu »maximaler Zurückhaltung« im Irankrieg aufgerufen. »Wir bringen unsere tiefe Besorgnis angesichts der anhaltenden Eskalat… [+698 chars],,de,'Wladimir Putin'
https://www.zeit.de/geld/2026-09/inflation-ezb-preissteigerung-oel-gas-verbraucher,https://www.zeit.de/geld/2026-09/inflation-ezb-preissteigerung-oel-gas-verbraucher,0,www.zeit.de,Inflation: Wird jetzt alles noch teurer?,Fast schien die Inflation unter Kontrolle. Doch jetzt steigen Öl- und Gaspreise rasant. Die Finanzmärkte sind alarmiert. Müssen Verbraucher es auch sein?,https://img.zeit.de/geld/2026-09/inflation-ezb-preissteigerung-oel-gas-verbraucher-bild-2/wide__1300x731,2026-09-12T16:26:21Z,,"Schließen
Artikelzusammenfassung
Eine teurere Packung Butter macht vielen Deutschen die Rückkehr der Inflation plötzlich greifbar. Auslöser der neuen Sorge sind der Krieg mit Iran, die blockierte S… [+1059 chars]",,de,'Finanz'
https://www.focus.de/politik/ausland/fuer-trumps-riskante-iran-rechnung-zahlen-wir-jetzt-den-preis_fc814a4c-c74a-499c-903b-a928b01aa57f.html,https://www.focus.de/politik/ausland/fuer-trumps-riskante-iran-rechnung-zahlen-wir-jetzt-den-preis_fc814a4c-c74a-499c-903b-a928b01aa57f.html,0,www.focus.de,Für Trumps riskante Iran-Rechnung zahlen wir jetzt den Preis,Nach der Einnahme der Hafenstadt Mokka erobern die Huthis auch die strategisch wichtige Insel Perim in der Meerenge Bab al-Mandab. Politikexperte Joachim Krause ordnet die jüngste Eskalation im Jemen ein.,"https://quadro.burda-forward.de/ctf/8ee62fd1-c0dd-481b-838e-42352cf1b7fc.653df986-3327-4776-9137-ca2d7aa73c2b.jpeg?im=RegionOfInterestCrop=(1200,630),regionOfInterest=(1016,683)&hash=bedad52437c77f66afd35f0edd5c17401055574791d1175c39c22730d26c87a2",2026-09-12T17:14:00Z,,"Mit der Eroberung der gesamten jemenitischen Küste zum Roten Meer und der Insel Perim haben die Huthis im Auftrag der iranischen Revolutionsgarden den Saudis eine entscheidende Niederlage zugefügt.
… [+4145 chars]",,de,'Iran'
https://www.zeit.de/news/2026-09/12/gladbacher-krise-schroeder-vermeidet-bekenntnis-zu-polanski,https://www.zeit.de/news/2026-09/12/gladbacher-krise-schroeder-vermeidet-bekenntnis-zu-polanski,0,www.zeit.de,Fußball-Bundesliga: Gladbacher Krise: Schröder vermeidet Bekenntnis zu Polanski,Hier finden Sie Informationen zu dem Thema „Fußball-Bundesliga“. Lesen Sie jetzt „Gladbacher Krise: Schröder vermeidet Bekenntnis zu Polanski“.,https://img.zeit.de/news/2026-09/12/gladbacher-krise-schroeder-vermeidet-bekenntnis-zu-polanski-image-group/wide__1300x731,2026-09-12T18:04:52Z,,Eugen Polanski muss stark um seine Zukunft als Cheftrainer von Borussia Mönchengladbach bangen. Nach dem 0:5-Debakel in der Fußball-Bundesliga beim SC Freiburg vermied es Sportdirektor Rouven Schröde… [+2169 chars],,de,'Krise'
https://www.nzz.ch/wissenschaft/kuehlung-mit-nebenwirkungen-was-hilft-am-besten-gegen-die-ueberhitzung-in-schweizer-staedten-ld.10022101,https://www.nzz.ch/wissenschaft/kuehlung-mit-nebenwirkungen-was-hilft-am-besten-gegen-die-ueberhitzung-in-schweizer-staedten-ld.10022101,0,www.nzz.ch,Kühlung mit Nebenwirkungen: Was hilft am besten gegen die Überhitzung in Schweizer Städten?,"Dass die Gesellschaft immer älter wird, macht die Hitzewellen der Zukunft zu einem umso grösseren Problem. Klimaanlagen und Lüftungen sind sinnvoll, vor allem zusammen mit weiteren Massnahmen. Doch das hat seinen Preis.","https://img-msp-prod.nzz.ch/2026/09/08/f439e313-176b-4817-8358-e2fd5aa1838d.jpg?width=1200&height=674&fit=bounds&quality=75&auto=webp&crop=5311,2987,x0,y554&wmark=nzz",2026-09-13T03:30:00Z,,"Dass die Gesellschaft immer älter wird, macht die Hitzewellen der Zukunft zu einem umso grösseren Problem. Klimaanlagen und Lüftungen sind sinnvoll, vor allem zusammen mit weiteren Massnahmen. Doch d… [+7578 chars]",,de,'Klima'
https://www.faz.net/aktuell/politik/ausland/strasse-von-hormus-angriff-auf-schiff-gemeldet-accg-201221566.html,https://www.faz.net/aktuell/politik/ausland/strasse-von-hormus-angriff-auf-schiff-gemeldet-accg-201221566.html,0,www.faz.net,Schiff angegriffen: Wachsende Sorgen um Ölversorgung könnten Preise weiter hochtreiben,"Aus der Straße von Hormus wird wieder ein Angriff auf ein Schiff gemeldet. In der Meerenge ist der Verkehr ohnehin zum Erliegen gekommen, aber Saudi-Arabien hat auch eine wichtige alternative Transportroute für Öl geschlossen.",https://media0.faz.net/image/w1200h627/482294bad74d/w5500h2873x0y111o/202609/43601.0.2538748071/eine-aufnahme-vom-2-september.webp,2026-09-13T03:36:24Z,,Nach einem Angriff auf ein Schiff in der Straße von Hormus und der Schließung einer wichtigen saudischen Ölpipeline wachsen die Sorgen um die Energieversorgung. Die britische Seehandelsorganisation (… [+2541 chars],,de,'Angriff'
https://www.bild.de/leben-wissen/mein-recht-verbraucherportal/vom-zocker-zum-20-millionen-unternehmer-6a9fe03f240b302c8a83d477,https://www.bild.de/leben-wissen/mein-recht-verbraucherportal/vom-zocker-zum-20-millionen-unternehmer-6a9fe03f240b302c8a83d477,0,www.bild.de,Er packt immer noch mit an - Vom Zocker zum Klimaanlagen-Millionär,Nach der Kündigung bei BASF gründete er Cool & Smart. Heute beschäftigt der 33-jährige Sascha Schalk 100 Angestellte und setzt auf ein digitales System.,"https://images.bild.de/6a9fe03f240b302c8a83d477/47b6f6957c0c3128842d1106a19c8082,20eec94a?w=1280",2026-09-13T05:00:12Z,,TTS-Player überspringenArtikel weiterlesenLudwigshafen Früher verbrachte er seine Nächte zockend im Kinderzimmer. Heute baut Sascha Schalk (33) an einem 20-Millionen-Imperium. Mit seinem Unternehmen … [+2654 chars],,de,'Klima'
https://www.bild.de/leben-wissen/mein-recht-verbraucherportal/marius-kroesser-diese-deckenleuchte-heizt-kuehlt-und-entfeuchtet-6a93ee4999cae3c1912aaa84,https://www.bild.de/leben-wissen/mein-recht-verbraucherportal/marius-kroesser-diese-deckenleuchte-heizt-kuehlt-und-entfeuchtet-6a93ee4999cae3c1912aaa84,0,www.bild.de,"Licht, heizen, kühlen - Eine Lampe für alle Fälle","Marius Krösser entwickelt mit Clight eine Deckenleuchte, die heizt, kühlt sowie be- und entfeuchtet. So soll sie mehrere Klimageräte ersetzen.","https://images.bild.de/6a93ee4999cae3c1912aaa84/3bd848e16a2a003fe77789d93ede98a2,3dfa7999?w=1280",2026-09-13T05:00:13Z,,"TTS-Player überspringenArtikel weiterlesenKonstanz Eine Deckenleuchte, die gleichzeitig heizt, kühlt sowie be- und entfeuchtet? Was nach Zukunftsmusik klingt, ist die Erfindung von Marius Krösser (27… [+2403 chars]",,de,'heizen'
https://www.focus.de/finanzen/spanier-wohnt-in-100-jahre-altem-steinhaus-fuer-den-strom-nutze-ich-ein-tragbares-stromaggregat-das-etwa-1800-euro-kostet-und-sich-in-vier-jahren-amortisiert-da-ich-nur-35-euro-im-monat-ausgebe_aad33bd3-d6c6-4130-a445-dde7397f003e.html,https://www.focus.de/finanzen/spanier-wohnt-in-100-jahre-altem-steinhaus-fuer-den-strom-nutze-ich-ein-tragbares-stromaggregat-das-etwa-1800-euro-kostet-und-sich-in-vier-jahren-amortisiert-da-ich-nur-35-euro-im-monat-ausgebe_aad33bd3-d6c6-4130-a445-dde7397f003e.html,0,www.focus.de,"Spanier wohnt in 100 Jahre altem Steinhaus: „Für den Strom nutze ich ein tragbares Stromaggregat, das etwa 1800 Euro kostet und sich in vier Jahren amortisiert, da ich nur 35 Euro im Monat ausgebe“","Der Spanier Iker lebt mit seiner Familie in einem alten Steinhaus in den Bergen. Mit Solarstrom, Gas und Holz senkt er seine Energiekosten deutlich.","https://quadro.burda-forward.de/ctf/098b1e60-807c-414d-9bb9-11fc82e51414.432f9a46-6268-4dd3-9140-46b679cb8a25.png?im=RegionOfInterestCrop=(1200,630),regionOfInterest=(1151,586)&hash=2205c659ce7a1ec89a3cb7b4d919136c006ae5b71b30b270de457b83b838d778",2026-09-13T06:51:00Z,,"Iker lebt mit seiner Partnerin Rosa und ihrer kleinen Tochter in einem 100 bis 200 Jahre alten Steinhaus im Norden Navarras, einer Region im spanischen Baskenland. Das abgelegene Gebäude ist nicht an… [+3809 chars]",,de,'Gas'
https://www.zeit.de/news/2026-09/13/fuenf-torschuetzen-magdeburg-zeigt-neue-staerke-im-angriff,https://www.zeit.de/news/2026-09/13/fuenf-torschuetzen-magdeburg-zeigt-neue-staerke-im-angriff,0,www.zeit.de,Fußball: Fünf Torschützen: Magdeburg zeigt neue Stärke im Angriff,Hier finden Sie Informationen zu dem Thema „Fußball“. Lesen Sie jetzt „Fünf Torschützen: Magdeburg zeigt neue Stärke im Angriff“.,https://img.zeit.de/news/2026-09/13/fuenf-torschuetzen-magdeburg-zeigt-neue-staerke-im-angriff-image-group/wide__1300x731,2026-09-13T07:18:08Z,,Fußball-Zweitligist 1. FC Magdeburg hat sich nach fünf Spieltagen in der Spitzengruppe festgesetzt und nebenbei auch zu neuer Variabilität in der Offensive gefunden. Dabei glänzte beim 3:0-Erfolg übe… [+2727 chars],,de,'Angriff'
https://www.zeit.de/news/2026-09/13/ein-toter-nach-angriff-auf-iranisches-containerschiff,https://www.zeit.de/news/2026-09/13/ein-toter-nach-angriff-auf-iranisches-containerschiff,0,www.zeit.de,Iran-Krieg: Ein Toter nach Angriff auf iranisches Containerschiff,Hier finden Sie Informationen zu dem Thema „Iran-Krieg“. Lesen Sie jetzt „Ein Toter nach Angriff auf iranisches Containerschiff“.,https://img.zeit.de/news/2026-09/13/ein-toter-nach-angriff-auf-iranisches-containerschiff-image-group/wide__1300x731,2026-09-13T07:24:47Z,,Bei einem Angriff auf ein iranisches Containerschiff in der Straße von Hormus ist nach Angaben aus Teheran ein Mann getötet worden. Vier weitere Besatzungsmitglieder seien bei dem Vorfall am Sonntagm… [+1316 chars],,de,'Iran'
https://www.zeit.de/news/2026-09/13/gruene-und-linke-verurteilen-antisemitischen-angriff-auf-frau,https://www.zeit.de/news/2026-09/13/gruene-und-linke-verurteilen-antisemitischen-angriff-auf-frau,0,www.zeit.de,Antisemitismus: Grüne und Linke verurteilen antisemitischen Angriff auf Frau,Hier finden Sie Informationen zu dem Thema „Antisemitismus“. Lesen Sie jetzt „Grüne und Linke verurteilen antisemitischen Angriff auf Frau“.,https://img.zeit.de/news/2026-09/13/gruene-und-linke-verurteilen-antisemitischen-angriff-auf-frau-image-group/wide__1300x731,2026-09-13T10:11:52Z,,"Nach einem antisemitischen Angriff auf eine Frau in Berlin-Mitte haben die Spitzenkandidaten der Grünen und Linken diesen verurteilt. «Antisemitische Gewalt darf in unserer Stadt keinen Platz haben»,… [+1604 chars]",,de,'Angriff'
https://www.focus.de/finanzen/oelpreis-steigt-huthi-angriffe-koennten-sprit-verteuern_d4cdf949-0e0f-409b-b979-10102eedb9fa.html,https://www.focus.de/finanzen/oelpreis-steigt-huthi-angriffe-koennten-sprit-verteuern_d4cdf949-0e0f-409b-b979-10102eedb9fa.html,0,www.focus.de,Ölpreis steigt: Huthi-Angriffe könnten Sprit verteuern,"Die Huthi greifen Saudi-Arabien an, wichtige Exportrouten sind bedroht. Was das für den Ölpreis, Benzin, Diesel und Heizöl bedeutet.","https://quadro.burda-forward.de/ctf/5a6a26ee-ae9d-4dd1-ab31-713bd9151397.8ef974fc-4cf5-4ef1-9eb4-c243df7a517d.jpg?im=RegionOfInterestCrop=(1200,630),regionOfInterest=(483,354)&hash=91c5b628e95d5e7ee2bf80b8d5ca0fd6034605fddb9062a4fabc5ab262882a01",2026-09-13T10:12:00Z,,"Der größte Ölexporteur der Welt, Saudi-Arabien, gerät weiter unter Druck: Die mit dem Iran verbündeten Huthi haben laut ihrem Militärsprecher Jahja Saree einen Armeestützpunkt im Süden Saudi-Arabiens… [+9266 chars]",,de,'heizen'
https://www.tagesschau.de/ausland/europa/russland-schliessung-goethe-institute-100.html,https://www.tagesschau.de/ausland/europa/russland-schliessung-goethe-institute-100.html,0,www.tagesschau.de,Goethe-Institute in Russland geschlossen,Nach mehr als 30 Jahren endet die Arbeit der Goethe-Institute in Russland. Die drei verbliebenen Standorte sind geschlossen. Moskau reagiert damit auf deutsche Strafmaßnahmen gegen Russland. Von Stephan Laack.,https://images.tagesschau.de/image/1cf11886-a8fc-462b-ad26-789385504fdb/AAABoGVk3Rw/AAABnSSvrFg/16x9-big/goethe-institut-moskau-102.jpg?width=1280,2026-09-13T10:26:53Z,,"Stand: 13.09.2026 12:26 Uhr
Nach mehr als 30 Jahren endet die Arbeit der Goethe-Institute in Russland. Die drei verbliebenen Standorte sind geschlossen. Moskau reagiert damit auf deutsche Strafmaßna… [+4156 chars]",,de,'Russland'
https://www.zeit.de/politik/ausland/2026-09/eisenbahn-ukraine-angriffe-russland-dnipro-polnischer-zug-drohne,https://www.zeit.de/politik/ausland/2026-09/eisenbahn-ukraine-angriffe-russland-dnipro-polnischer-zug-drohne,0,www.zeit.de,Angriffe auf die Ukraine: Ukraine meldet mehrere russische Angriffe auf das Bahnnetz,"Die Ukraine wirft Russland vor, ihr Eisenbahnnetz systematisch anzugreifen. Bei einem Drohnenangriff nahe der polnischen Grenze ist eine Lokomotive in Brand geraten.",https://img.zeit.de/politik/ausland/2026-09/eisenbahn-ukraine-angriffe-russland-dnipro-polnischer-zug-drohne-foto-1/wide__1300x731,2026-09-13T13:39:24Z,,Die Ukraine hat Russland einen systematischen Angriff auf ihr Eisenbahnnetz vorgeworfen. Wegen landesweiter Angriffe seien das Überwachungszentrum und das gesamte Personal der ukrainischen Bahn »in h… [+1298 chars],,de,'Ukraine'
https://www.faz.net/aktuell/wirtschaft/unternehmen/swiss-re-chef-berger-hitzerisiken-werden-stark-unterschaetzt-accg-201196030.html,https://www.faz.net/aktuell/wirtschaft/unternehmen/swiss-re-chef-berger-hitzerisiken-werden-stark-unterschaetzt-accg-201196030.html,0,www.faz.net,Tödlicher Klimawandel: „Kaum ein Risiko wird so stark unterschätzt wie Hitze“,"Die Schweiz entwickelt sich zu einem Klima-Hotspot, sagt Andreas Berger. Der Chef des Rückversicherers Swiss Re warnt davor, Künstliche Intelligenz einfach gewähren zu lassen: „Das wäre ein großer Fehler.“",https://media0.faz.net/image/w1200h627/41c25e9e6d3f/w5000h2612x0y357o/202608/43601.0.2424986396/ein-tourist-steht-im-august-am.webp,2026-09-13T14:29:20Z,,"Herr Berger, sind Sie in diesem Sommer ordentlich ins Schwitzen gekommen?
Ja. Unser Hauptgebäude hier in Zürich ist nicht auf so hohe Temperaturen ausgerichtet, wie wir sie im Sommer hatten. Wir hab… [+364 chars]",,de,'Klima'
https://www.tagesschau.de/ausland/asien/saudi-arabien-huthi-oelpreis-100.html,https://www.tagesschau.de/ausland/asien/saudi-arabien-huthi-oelpreis-100.html,0,www.tagesschau.de,Nach Angriffen auf Öl-Infrastruktur: Saudi-Arabien unter Druck,Nach dem Huthi-Vormarsch und dem Angriff auf eine Pipeline wächst der Druck auf Saudi-Arabien - denn nach der Straße von Hormus ist nun auch die Ausweichroute für Ölexporte vorerst nicht nutzbar. Von den USA kommt keine Hilfe. Von A. Osius.,https://images.tagesschau.de/image/e668afa7-2072-45b9-9507-9f195799ec20/AAABoIIIH2g/AAABnSSvrFg/16x9-big/oeldepot-saudi-aramco-100.jpg?width=1280,2026-09-13T15:56:14Z,,"Stand: 13.09.2026 17:56 Uhr
Nach dem Huthi-Vormarsch und dem Angriff auf eine Pipeline steht Saudi-Arabien unter Druck - denn nach der Straße von Hormus ist nun auch die Ausweichroute für Ölexporte … [+3778 chars]",,de,'Hormus'
https://www.faz.net/aktuell/politik/ausland/liveblog-irankrieg-neue-angriffe-in-nahost-treiben-oelpreis-kraeftig-an-faz-200583539.html,https://www.faz.net/aktuell/politik/ausland/liveblog-irankrieg-neue-angriffe-in-nahost-treiben-oelpreis-kraeftig-an-faz-200583539.html,0,www.faz.net,Liveblog Irankrieg: Neue Angriffe in Nahost treiben Ölpreis kräftig an,Preis pro Barrel steigt um mehr als drei Dollar +++ Spannungen unter Golf-Staaten: Gespräche zur Straße von Hormus kurzfristig verschoben:  +++ Saudi-Arabien schließt wichtige Ost-West-Pipeline +++ alle Entwicklungen im Liveblog,https://media0.faz.net/image/w1200h627/ca1ea3fb89f6/w5518h2883x0y595o/202608/43601.0.2400393143/tanklager-in-der-north-jiddah.webp,2026-09-14T03:04:17Z,,"Saudi-Arabien hat nach Angaben der jemenitischen Huthi-Miliz neue Angriffe auf Ziele im Jemen geflogen. Der den Huthi nahestehende Fernsehsender Almasirah berichtete, es habe am Sonntag zwei Luftangr… [+839 chars]",,de,'Hormus'
https://www.welt.de/politik/deutschland/plus6aa40635240b302c8a841828/neue-bundeswehr-faehigkeit-deutschlands-milliardenschwerer-tomahawk-plan.html,https://www.welt.de/politik/deutschland/plus6aa40635240b302c8a841828/neue-bundeswehr-faehigkeit-deutschlands-milliardenschwerer-tomahawk-plan.html,0,www.welt.de,Deutschlands milliardenschwerer Tomahawk-Plan,"Präzisionsschläge aus großer Entfernung: Deutschland will für US-Tomahawk-Marschflugkörper und dazugehörige Abschussanlagen Milliarden einplanen. Ein internes Papier zeigt, wie weitreichend die neuen Waffen eingesetzt werden sollen.",https://images.welt.de/6aa40635240b302c8a841828/6991eac384ba50f630db1455470202c9/ci16x9-w1200/579524966-jpg,2026-09-14T05:22:17Z,,"Präzisionsschläge aus großer Entfernung: Deutschland will für US-Tomahawk-Marschflugkörper und dazugehörige Abschussanlagen Milliarden einplanen. Ein internes Papier zeigt, wie weitreichend die neuen… [+32 chars]",,de,'Waffen'
https://www.tagesspiegel.de/wirtschaft/dpa-mobilitatskosten-benzinpreis-auf-rekordhoch-diesel-kurz-davor-16048839.html,https://www.tagesspiegel.de/wirtschaft/dpa-mobilitatskosten-benzinpreis-auf-rekordhoch-diesel-kurz-davor-16048839.html,0,www.tagesspiegel.de,Mobilitätskosten: Benzinpreis auf Rekordhoch - Diesel kurz davor,Erste Stimmen warnen schon vor 3 Euro pro Liter - andere widersprechen. Kurzfristig sieht es aber nach weiter steigenden Preisen aus. Das gibt Forderungen nach einem Spritpreisdeckel neue Nahrung.,https://www.tagesspiegel.de/images/16050294/alternates/BASE_16_9_W1400/1789381092000/spritpreise.jpeg,2026-09-14T05:42:20Z,,"Tanken wird immer teurer: Übers Wochenende ist der Preis für Superbenzin der Sorte E10 auf ein neues Rekordhoch gestiegen. Im bundesweiten Tagesdurchschnitt des Sonntags kostete ein Liter 2,273 Euro,… [+6078 chars]",,de,'Preis'
https://www.focus.de/politik/ausland/experte-joachim-krause-fuer-donald-trumps-riskante-iran-rechnung-zahlen-wir-nun-den-preis_fc814a4c-c74a-499c-903b-a928b01aa57f.html,https://www.focus.de/politik/ausland/experte-joachim-krause-fuer-donald-trumps-riskante-iran-rechnung-zahlen-wir-nun-den-preis_fc814a4c-c74a-499c-903b-a928b01aa57f.html,0,www.focus.de,Experte Joachim Krause: Für Donald Trumps riskante Iran-Rechnung zahlen wir nun den Preis,Nach der Einnahme der Hafenstadt Mokka erobern die Huthis auch die strategisch wichtige Insel Perim in der Meerenge Bab al-Mandab. Politikexperte Prof. Dr. Joachim Krause ordnet die jüngste Eskalation im Jemen ein.,"https://quadro.burda-forward.de/ctf/8ee62fd1-c0dd-481b-838e-42352cf1b7fc.653df986-3327-4776-9137-ca2d7aa73c2b.jpeg?im=RegionOfInterestCrop=(1200,630),regionOfInterest=(1016,683)&hash=bedad52437c77f66afd35f0edd5c17401055574791d1175c39c22730d26c87a2",2026-09-14T06:11:00Z,,"Mit der Eroberung der gesamten jemenitischen Küste zum Roten Meer und der Insel Perim haben die Huthis im Auftrag der iranischen Revolutionsgarden den Saudis eine entscheidende Niederlage zugefügt.
… [+4145 chars]",,de,'Erdöl'
https://www.n-tv.de/wirtschaft/Bundesregierung-kann-kuenftige-Gruengaspreise-nicht-abschaetzen-id31302819.html,https://www.n-tv.de/wirtschaft/Bundesregierung-kann-kuenftige-Gruengaspreise-nicht-abschaetzen-id31302819.html,0,www.n-tv.de,Baustein im Heizungsgesetz: Bundesregierung kann künftige Grüngaspreise nicht abschätzen,"Schwarz-Rot dreht das Heizungsgesetz der Ampel wieder zurück. Weniger Verbote, dafür wieder mehr Einsatz von Gas, so die Idee. Das soll immer öfter grünen Ursprungs sein. Dabei gibt es allerdings ein gravierendes Problem.",https://www.n-tv.de/img/31302835/1789379216/Img_16_9/1200/614300449.jpg,2026-09-14T08:30:44Z,,"Bis 2045 soll das Heizen in Deutschland auf grüne Biogase umgestellt werden. Ob die aber in ausreichendem Maße vorhanden sein werden, weiß die Bundesregierung nicht. (Foto: picture alliance / imageBR… [+2791 chars]",,de,'Gas'
https://www.diepresse.com/41249809/das-jahr-1989-als-globaler-wendepunkt-wie-mauerfall-tienanmen-und-die,https://www.diepresse.com/41249809/das-jahr-1989-als-globaler-wendepunkt-wie-mauerfall-tienanmen-und-die,0,www.diepresse.com,"Das Jahr 1989 als globaler Wendepunkt: Wie Mauerfall, Tienanmen und Afghanistan die Welt veränderten [premium]","1989 galt als das Jahr, in dem die Demokratie den endgültigen Sieg davontrug. Doch statt einer Epoche des globalen Friedens erleben wir, dass mächtige Zentrifugalkräfte und globale Krisen die liberale Weltordnung ins Wanken bringen. In seinem neuen Buch „Die …",https://img.diepresse.com/public/incoming/zbh4l5-apaimg213899232hrjpg/alternates/WEBP_WIDE_1200/APAIMG_213899232.HR.jpg,2026-09-14T08:53:29Z,,"An welchem Punkt beginnt eine Geschichte? Muss man nicht immer einen Schritt zurückgehen, um zu verstehen, wo wir sind? Die Geschichte des 21. Jahrhunderts beginnt 1989. Oder nein, nicht die Geschich… [+16885 chars]",,de,'Erdöl'
https://www.freitag.de/autoren/der-freitag/erdoel-deal-mit-den-usa-erlebt-venezuela-jetzt-den-maga-chavismo,https://www.freitag.de/autoren/der-freitag/erdoel-deal-mit-den-usa-erlebt-venezuela-jetzt-den-maga-chavismo,0,www.freitag.de,Erdöl-Deal mit den USA: Erlebt Venezuela nach dem Castro-Chavismo jetzt den MAGA-Chavismo?,"Ein Deal, der an Kolonialzeiten erinnert: Rund ein Fünftel des Rohöls Venezuelas steht seit Ende August unter der Kontrolle des US-Außenministeriums unter Marco Rubio. Was bedeutet das Abkommen für die Interimspräsidentin Delcy Rodríguez? Es waren wie üblich …",https://www.freitag.de/autoren/der-freitag/erdoel-deal-mit-den-usa-erlebt-venezuela-jetzt-den-maga-chavismo/@@images/image/great,2026-09-14T09:40:00Z,,"Es waren wie üblich hochtrabende Worte, mit denen US-Präsident Donald Trump Ende August das zwischen den USA und Venezuela vereinbarte Erdölabkommen verkündete.
In Zusammenarbeit mit der „hochgeschä… [+6257 chars]",,de,'Erdöl'
https://www.zeit.de/news/2026-09/14/forscher-aus-freiberg-erstellen-kaeltekarte-fuer-hitzetage,https://www.zeit.de/news/2026-09/14/forscher-aus-freiberg-erstellen-kaeltekarte-fuer-hitzetage,0,www.zeit.de,Wetter: Forscher aus Freiberg erstellen «Kältekarte» für Hitzetage,Hier finden Sie Informationen zu dem Thema „Wetter“. Lesen Sie jetzt „Forscher aus Freiberg erstellen «Kältekarte» für Hitzetage“.,https://img.zeit.de/news/2026-09/14/forscher-aus-freiberg-erstellen-kaeltekarte-fuer-hitzetage-image-group/wide__1300x731,2026-09-14T09:44:06Z,,Forscherinnen und Forscher der Bergakademie Freiberg (TU) erstellen für künftige Hitzetage eine «Kältekarte». In Kooperation mit dem Gastechnologischen Institut in Freiberg werden schon seit 2025 Dat… [+1728 chars],,de,'heizen'
https://www.zeit.de/wirtschaft/2026-09/spritpreise-benzinpreis-mineraloelkonzerne-steuern-mehrwertsteuer,https://www.zeit.de/wirtschaft/2026-09/spritpreise-benzinpreis-mineraloelkonzerne-steuern-mehrwertsteuer,0,www.zeit.de,Spritpreise: Tankstellenverband hält Spritpreise von drei Euro je Liter für möglich,Mit dem steigenden Ölpreis verteuern sich auch Benzin und Diesel. Der Tankstellenverband warnt vor einem weiteren Preisanstieg und fordert eine Steuersenkung.,https://img.zeit.de/wirtschaft/2026-09/spritpreise-benzinpreis-mineraloelkonzerne-steuern-mehrwertsteuer-foto-1/wide__1300x731,2026-09-14T09:44:10Z,,"Die Spritpreise könnten nach Einschätzung des Tankstellenverbandes in Deutschland bald auf drei Euro je Liter steigen. An den Autobahnen sei dies bereits der Fall, sagte Herbert Rabl, Sprecher des Ta… [+1018 chars]",,de,'Preis'
https://www.tagesschau.de/ausland/asien/krieg-naher-osten-oman-huthi-100.html,https://www.tagesschau.de/ausland/asien/krieg-naher-osten-oman-huthi-100.html,0,www.tagesschau.de,Golftstaaten: Krisentreffen zur Lage in Straße von Hormus verschoben,Das für heute geplante Treffen der Golfstaaten zum Konflikt um die Straße von Hormus ist verschoben. Eine Rolle spielten dabei offenbar die erneuten Angriffe der Huthi-Miliz im Jemen auf Saudi-Arabien. Derweil steigen die Öl- und Benzinpreise.,https://images.tagesschau.de/image/df1baf9e-d3de-4be2-85d4-dee8de9bf0c3/AAABoJ9FIOs/AAABnSSvrFg/16x9-big/huthi-148.jpg?width=1280,2026-09-14T10:10:56Z,,"Stand: 14.09.2026 12:10 Uhr
Das für heute geplante Treffen der Golfstaaten zum Konflikt um die Straße von Hormus ist verschoben. Eine Rolle spielten dabei offenbar die erneuten Angriffe der Huthi-Mi… [+3748 chars]",,de,'Angriff'
https://www.zeit.de/news/2026-09/14/angriff-auf-uber-fahrer-tatverdaechtiger-in-haft,https://www.zeit.de/news/2026-09/14/angriff-auf-uber-fahrer-tatverdaechtiger-in-haft,0,www.zeit.de,Festnahme: Angriff auf Uber-Fahrer: Tatverdächtiger in Haft,Hier finden Sie Informationen zu dem Thema „Festnahme“. Lesen Sie jetzt „Angriff auf Uber-Fahrer: Tatverdächtiger in Haft“.,https://img.zeit.de/news/2026-09/14/angriff-auf-uber-fahrer-tatverdaechtiger-in-haft-image-group/wide__1300x731,2026-09-14T12:22:29Z,,Die Polizei hat nach einem Angriff auf einen Uber-Fahrer in Gelsenkirchen einen Tatverdächtigen festgenommen. Nach Angaben der Polizei nahm sie einen 17-Jährigen am vergangenen Freitag in seiner Wohn… [+622 chars],,de,'Angriff'
https://www.zeit.de/news/2026-09/14/anspruchsvolle-besucher-gastgewerbe-vor-herausforderungen,https://www.zeit.de/news/2026-09/14/anspruchsvolle-besucher-gastgewerbe-vor-herausforderungen,0,www.zeit.de,Tourismus: Anspruchsvolle Besucher - Gastgewerbe vor Herausforderungen,Hier finden Sie Informationen zu dem Thema „Tourismus“. Lesen Sie jetzt „Anspruchsvolle Besucher - Gastgewerbe vor Herausforderungen“.,https://img.zeit.de/news/2026-09/14/anspruchsvolle-besucher-gastgewerbe-vor-herausforderungen-image-group/wide__1300x731,2026-09-14T12:40:47Z,,Steigende Ansprüche von Besuchern an Qualität und Preis-Leistungs-Verhältnis stellen das Gastgewerbe in Rheinland-Pfalz vor große Aufgaben - und das in für die Betriebe selbst wirtschaftlich schwieri… [+1683 chars],,de,'Klima'
https://www.freitag.de/autoren/sabine-kebir/jemen-iran-die-achse-des-widerstandes-setzt-den-welthandel-weiter-unter-druck,https://www.freitag.de/autoren/sabine-kebir/jemen-iran-die-achse-des-widerstandes-setzt-den-welthandel-weiter-unter-druck,0,www.freitag.de,Wird die Straße von Hormus geöffnet? Ein Vertrag aus dem Jahr 1936 könnte ein Vorbild sein,Die Huthi haben in 18 Stunden wichtige Küstengebiete im Jemen erobert und kontrollieren eine zentrale Passage für den Welthandel. Der Ölpreis stieg derweil auf 100 Dollar. Ausgerechnet eine fast 90 Jahre alte Regel könnte den Konflikt lösen Mit ihrem raschen …,https://www.freitag.de/autoren/sabine-kebir/jemen-iran-die-achse-des-widerstandes-setzt-den-welthandel-weiter-unter-druck/@@images/image/great,2026-09-14T12:41:00Z,,Mit ihrem raschen Vorstoß an der Westküste des Jemen und der Einnahme vorgelagerter strategisch wichtiger Inseln haben die Truppen der Huthi die Kräftebalance im Nahen Osten erneut zugunsten der vom … [+5132 chars],,de,'Hormus'
https://www.faz.net/aktuell/wirtschaft/ki-und-oelpreis-ein-bedrohlicher-krisencocktail-201224448.html,https://www.faz.net/aktuell/wirtschaft/ki-und-oelpreis-ein-bedrohlicher-krisencocktail-201224448.html,0,www.faz.net,KI und Ölpreis: Ein bedrohlicher Krisen-Cocktail,"KI als Menschheitsbedrohung, Rekordpreise fürs Tanken und explodierende Zinskosten: Die Unsicherheit in der Bevölkerung ist zu Recht enorm. Die Bundesregierung hat nur noch eine Chance.",https://media0.faz.net/image/w1200h627/33b1276009d2/w3136h1638x0y193o/201512/431.0.31191089/die-zerstoerung-der-welt-john.webp,2026-09-14T13:56:26Z,,"Es kann einem schwindelig werden dieser Tage. Zwar ist Krise seit Ausbruch der Covid-Pandemie Ende 2019 Normalzustand, ganz aktuell braut sich aber etwas zusammen, das wirtschaftlich und darüber hina… [+1859 chars]",,de,'Krise'
https://www.tagesspiegel.de/internationales/dpa-ukraine-krieg-trump-moskau-und-kiew-wollen-angriffe-auf-energie-stoppen-16052109.html,https://www.tagesspiegel.de/internationales/dpa-ukraine-krieg-trump-moskau-und-kiew-wollen-angriffe-auf-energie-stoppen-16052109.html,0,www.tagesspiegel.de,Ukraine-Krieg: Trump: Moskau und Kiew wollen Angriffe auf Energie stoppen,"Erst am Sonntag warf Präsident Trump der Ukraine vor, für die hohen Dieselpreise verantwortlich zu sein. Nun soll es Trump zufolge Zugeständnisse geben.",https://www.tagesspiegel.de/images/16052139/alternates/BASE_16_9_W1400/1789401740000/us-prasident-trump.jpeg,2026-09-14T15:47:30Z,,"Russland und die Ukraine wollen nach Darstellung von US-Präsident Donald Trump auf Angriffe auf gegnerische Energieanlagen verzichten. Das teilte Trump auf seiner Plattform Truth Social mit, ohne wei… [+1870 chars]",,de,'Erdöl'
https://www.welt.de/politik/ausland/article6aa81aaae453142c1f5217e2/ukraine-keine-angriffe-mehr-auf-energieanlagen-trump-verkuendet-angebliche-einigung-zwischen-kiew-und-moskau.html,https://www.welt.de/politik/ausland/article6aa81aaae453142c1f5217e2/ukraine-keine-angriffe-mehr-auf-energieanlagen-trump-verkuendet-angebliche-einigung-zwischen-kiew-und-moskau.html,0,www.welt.de,Trump verkündet Einigung zwischen Ukraine und Russland – Selenskyj zeigt sich skeptisch,Laut US-Präsident Trump werden Russland und die Ukraine künftig keine Energieanlagen des Gegners mehr beschießen. Eine Bestätigung aus Moskau gibt es bislang nicht. Der ukrainische Präsident Selenskyj äußert sich.,https://images.welt.de/6aa81aaae453142c1f5217e2/e32e31b5f44da53ac426a4abfdd7cb10-master/ci16x9-w1200/2026-09-14t150124z-1153299042-rc27bnatf408-rtrmadp-3-usa-trump-ai-jpg,2026-09-14T16:20:28Z,,Laut US-Präsident Trump werden Russland und die Ukraine künftig keine Energieanlagen des Gegners mehr beschießen. Eine Bestätigung aus Moskau gibt es bislang nicht. Der ukrainische Präsident Selensky… [+3329 chars],,de,'Ukraine'
https://www.n-tv.de/politik/Trump-Moskau-und-Kiew-wollen-Angriffe-auf-Energie-Ziele-stoppen-id31305341.html,https://www.n-tv.de/politik/Trump-Moskau-und-Kiew-wollen-Angriffe-auf-Energie-Ziele-stoppen-id31305341.html,0,www.n-tv.de,US-Präsident macht Ankündigung: Trump: Moskau und Kiew wollen Angriffe auf Energie-Ziele stoppen,Täglich greift Moskau Energieanlagen in der Ukraine an. Kiew kontert mit ähnlichen Attacken in Russland. Nun verkündet der US-Präsident einen angeblichen Stopp solcher Angriffe. Doch die Bestätigung der Kriegsparteien steht aus.,https://www.n-tv.de/img/31305522/1789411711/Img_16_9/1200/618492925.jpg,2026-09-14T16:50:27Z,,"Eine beschädigte Tankstelle nach einem russischen Drohnenangriff in Kiew. (Foto: picture alliance/dpa/AP)
Täglich greift Moskau Energieanlagen in der Ukraine an. Kiew kontert mit ähnlichen Attacken … [+2461 chars]",,de,'Ukraine'
https://www.zeit.de/politik/ausland/2026-09/eu-russland-sanktionen-alischer-usmanow-slowakei-frankreich,https://www.zeit.de/politik/ausland/2026-09/eu-russland-sanktionen-alischer-usmanow-slowakei-frankreich,0,www.zeit.de,Krieg gegen die Ukraine: EU debattiert Verlängerung von Sanktionspaket für Russland weiter,Morgen läuft ein Sanktionspaket gegen Russland aus. Die EU wird sich nicht einig und verlängert es nur wenige Tage. Berichten zufolge soll es um einen Oligarchen gehen.,https://img.zeit.de/politik/ausland/2026-09/eu-russland-sanktionen-alischer-usmanow-slowakei-frankreich-foto-1/wide__1300x731,2026-09-14T17:03:43Z,,"In der EU gibt es erneut Streit um Sanktionen gegen Russland. Wie ein Sprecher der derzeitigen irischen Ratspräsidentschaft mitteilte, konnten sich die Mitgliedstaaten nicht auf eine einjährige Verlä… [+727 chars]",,de,'Ukraine'
https://www.tagesspiegel.de/internationales/dpa-russland-und-ukraine-wollen-laut-trump-keine-energie-ziele-mehr-angreifen-16052298.html,https://www.tagesspiegel.de/internationales/dpa-russland-und-ukraine-wollen-laut-trump-keine-energie-ziele-mehr-angreifen-16052298.html,0,www.tagesspiegel.de,„Krieg muss beendet werden“: Russland und Ukraine wollen laut Trump keine Energie-Ziele mehr angreifen,"Erst am Sonntag warf der US-Präsident der Ukraine vor, für die hohen Dieselpreise verantwortlich zu sein. Nun soll es Trump zufolge Zugeständnisse geben.",https://www.tagesspiegel.de/images/16052306/alternates/BASE_16_9_W1400/1789409670000/ukraine-russia-conflict-war-energy-petrol.jpeg,2026-09-14T18:21:09Z,,"Russland und die Ukraine wollen nach Darstellung von US-Präsident Donald Trump auf Angriffe auf gegnerische Energieanlagen verzichten. Das teilte Trump auf seiner Plattform Truth Social mit, ohne wei… [+2051 chars]",,de,'Russland'
https://www.morgenpost.de/wirtschaft/article413155564/gaspreise-gruene-fordern-kuerzungsrecht-bei-heizkostenabrechnung-fuer-mieter.html,https://www.morgenpost.de/wirtschaft/article413155564/gaspreise-gruene-fordern-kuerzungsrecht-bei-heizkostenabrechnung-fuer-mieter.html,0,www.morgenpost.de,Gaspreise: Grüne fordern Kürzungsrecht bei Heizkostenabrechnung für Mieter,Steigende Gaspreise könnten für Mieter teuer werden. Die Grünen wollen deshalb mehr Transparenz – aber das ist noch nicht alles.,https://img.sparknews.funkemedien.de/413133364/413133364_1789397807_v16_9_1600.jpeg,2026-09-14T19:00:00Z,,"Die Vize-Fraktionschefin der Grünen im Bundestag, Julia Verlinden, fordert angesichts hoher Gaspreise eine neue Transparenzregel für Mieter. Vermieter sollen ihre Mieter künftig mindestens einmal im … [+1809 chars]",,de,'Gas'
https://www.zeit.de/news/2026-09/15/pussycat-dolls-heizen-olympiahalle-ein-8-500-fans-jubeln,https://www.zeit.de/news/2026-09/15/pussycat-dolls-heizen-olympiahalle-ein-8-500-fans-jubeln,0,www.zeit.de,«PCD Forever»-Tour: Pussycat Dolls heizen Olympiahalle ein - 8.500 Fans jubeln,Hier finden Sie Informationen zu dem Thema „«PCD Forever»-Tour“. Lesen Sie jetzt „Pussycat Dolls heizen Olympiahalle ein - 8.500 Fans jubeln“.,https://img.zeit.de/news/2026-09/15/pussycat-dolls-heizen-olympiahalle-ein-8-500-fans-jubeln-image-group/wide__1300x731,2026-09-14T23:43:34Z,,"Energiegeladene Choreographien, dynamische Outfitwechsel, Feuerfontänen und eine gewisse Nostalgie, die sich nicht nur bei den Fans breit machte: Die US-Popgruppe The Pussycat Dolls hat auf ihrer «PC… [+2440 chars]",,de,'Heizen'
https://www.derstandard.at/story/3000000339698/trump-fordert-niedrigere-us-zinsen-obwohl-teures-erdoel-die-inflation-anheizt,https://www.derstandard.at/story/3000000339698/trump-fordert-niedrigere-us-zinsen-obwohl-teures-erdoel-die-inflation-anheizt,0,www.derstandard.at,"Trump fordert niedrigere US-Zinsen, obwohl teures Erdöl die Inflation anheizt",Die US-Notenbank wird am Mittwoch die Zinsen zur Bekämpfung der Inflation voraussichtlich trotzdem erhöhen. Denn die Verwerfungen wegen des Irankriegs treiben den Ölpreis weiter nach oben,https://i.ds.at/bAQzEA/rs:fill:1200:600/plain/lido-images/2026/09/14/35dc66e3-8fa2-48b7-a83d-a382c5cf93cd.jpg,2026-09-15T03:00:00Z,,"Sie entscheiden darüber, wie Sie unsere Inhalte nutzen wollen. Ihr Gerät erlaubt uns derzeit leider nicht, die entsprechenden Optionen anzuzeigen.
Bitte deaktivieren Sie sämtliche Hard- und Software… [+180 chars]",,de,'Inflation'
https://www.nzz.ch/international/mohammed-bin-salmans-jemenitischer-albtraum-der-huthi-vormarsch-schockt-saudiarabien-ld.10023715,https://www.nzz.ch/international/mohammed-bin-salmans-jemenitischer-albtraum-der-huthi-vormarsch-schockt-saudiarabien-ld.10023715,0,www.nzz.ch,Mohammed bin Salmans jemenitischer Albtraum: Der Huthi-Vormarsch schockt Saudiarabien,Seit der Eroberung der Meerenge von Bab al-Mandab durch die Huthi kann das Königreich kaum mehr Erdöl exportieren. Welche Optionen hat der Kronprinz jetzt?,"https://img-msp-prod.nzz.ch/2026/09/14/47fa09f9-aa4b-4b28-b696-54b44c3a3ff7.jpg?width=1200&height=675&fit=bounds&quality=75&auto=webp&crop=4698,2643,x0,y150&wmark=nzz",2026-09-15T03:30:00Z,,"Seit der Eroberung der Meerenge von Bab al-Mandab durch die Huthi kann das Königreich kaum mehr Erdöl exportieren. Welche Optionen hat der Kronprinz jetzt?
Kommentieren
Zusammenfassung
Saudiarabie… [+7423 chars]",,de,'Erdöl'
https://www.zeit.de/news/2026-09/15/brandenburgs-cdu-fraktionsvize-keine-sonntagsreden-mehr,https://www.zeit.de/news/2026-09/15/brandenburgs-cdu-fraktionsvize-keine-sonntagsreden-mehr,0,www.zeit.de,Kanzler-Krise: Brandenburgs CDU-Fraktionsvize: Keine «Sonntagsreden» mehr,Hier finden Sie Informationen zu dem Thema „Kanzler-Krise“. Lesen Sie jetzt „Brandenburgs CDU-Fraktionsvize: Keine «Sonntagsreden» mehr“.,https://img.zeit.de/news/2026-09/15/brandenburgs-cdu-fraktionsvize-keine-sonntagsreden-mehr-image-group/wide__1300x731,2026-09-15T03:30:04Z,,"Brandenburgs stellvertretender CDU-Fraktionschef Frank Bommert sieht wachsenden Druck der Basis gegen den Kanzler und Parteivorsitzenden Friedrich Merz. «Es müssen schnelle Lösungen her», sagte Bomme… [+1686 chars]",,de,'Krise'
https://www.zeit.de/politik/2026-09/ki-eu-entwicklung-usa-bremse-strategie-nachrichtenpodcast,https://www.zeit.de/politik/2026-09/ki-eu-entwicklung-usa-bremse-strategie-nachrichtenpodcast,0,www.zeit.de,KI in der EU: USA bremsen bei KI – Europa will aufholen,"Während KI-Unternehmen in den USA bremsen wollen, macht sich die EU bereit für die Aufholjagd. Kann das gut gehen? Und: Russland setzt weiter auf Eskalation.",https://img.zeit.de/politik/deutschland/2026-09/ki-eu-entwicklung-usa-bremse-strategie-nachrichtenpodcast-bild/wide__1300x731,2026-09-15T04:02:50Z,,"In den USA warnen immer mehr führende IT-Experten
vor den Gefahren von künstlicher
Intelligenz. Sie fordern Politik und Techunternehmen auf, das Wettrennen um
die besten KI-Modelle zu verlangsamen… [+2045 chars]",,de,'Russland'
https://www.zeit.de/news/2026-09/15/trotz-trump-ansage-ukraine-greift-russische-anlage-an,https://www.zeit.de/news/2026-09/15/trotz-trump-ansage-ukraine-greift-russische-anlage-an,0,www.zeit.de,Ukraine-Krieg: Trotz Trump-Ansage: Ukraine greift russische Anlage an,Hier finden Sie Informationen zu dem Thema „Ukraine-Krieg“. Lesen Sie jetzt „Trotz Trump-Ansage: Ukraine greift russische Anlage an“.,https://img.zeit.de/news/2026-09/15/trotz-trump-ansage-ukraine-greift-russische-anlage-an-image-group/wide__1300x731,2026-09-15T04:39:28Z,,"Die Ukraine hat in der Nacht mit Drohnen eine Industrieanlage in Russland angegriffen. Dabei seien die Anlage sowie mehrere Wohngebäude in der Region Samara im Südosten des Landes beschädigt worden, … [+1842 chars]",,de,'Ukraine'
https://www.tagesspiegel.de/internationales/dpa-ukraine-krieg-trotz-trump-ansage-ukraine-greift-russische-anlage-an-16052586.html,https://www.tagesspiegel.de/internationales/dpa-ukraine-krieg-trotz-trump-ansage-ukraine-greift-russische-anlage-an-16052586.html,0,www.tagesspiegel.de,Ukraine-Krieg: Trotz Trump-Ansage: Ukraine greift russische Anlage an,"Trump verkündet, Russland und die Ukraine würden ihre gegenseitigen Angriffe auf Energieanlagen einstellen. Kurz danach beschädigen Drohnen nach Angaben aus Moskau eine russische Industrieanlage.",https://www.tagesspiegel.de/images/16052585/alternates/BASE_16_9_W1400/1789447226000/ukraine-krieg-ukrainische-drohnen.jpeg,2026-09-15T04:40:26Z,,"Die Ukraine hat in der Nacht mit Drohnen eine Industrieanlage in Russland angegriffen. Dabei seien die Anlage sowie mehrere Wohngebäude in der Region Samara im Südosten des Landes beschädigt worden, … [+1896 chars]",,de,'Erdöl'
https://www.tagesspiegel.de/internationales/dpa-ukraine-krieg-trotz-trump-ansage-ukraine-greift-russische-anlagen-an-16052586.html,https://www.tagesspiegel.de/internationales/dpa-ukraine-krieg-trotz-trump-ansage-ukraine-greift-russische-anlagen-an-16052586.html,0,www.tagesspiegel.de,Ukraine-Krieg: Trotz Trump-Ansage: Ukraine greift russische Anlagen an,"Trump prescht voraus mit der Nachricht, Russland und die Ukraine wollten gegenseitige Angriffe auf Energieanlagen einstellen. Doch in der Nacht fliegen wieder Drohnen in beide Richtungen.",https://www.tagesspiegel.de/images/16052585/alternates/BASE_16_9_W1400/1789447226000/ukraine-krieg-ukrainische-drohnen.jpeg,2026-09-15T04:40:26Z,,"Die Ukraine hat in der Nacht mit Drohnen eine Industrieanlage in Russland angegriffen. Dabei seien die Anlage sowie mehrere Wohngebäude in der Region Samara im Südosten des Landes beschädigt worden, … [+3220 chars]",,de,'Russland'
https://www.zeit.de/news/2026-09/15/vw-krise-experte-warnt-vor-folgen-fuer-personalgewinnung,https://www.zeit.de/news/2026-09/15/vw-krise-experte-warnt-vor-folgen-fuer-personalgewinnung,0,www.zeit.de,Autobranche: VW-Krise - Experte warnt vor Folgen für Personalgewinnung,Hier finden Sie Informationen zu dem Thema „Autobranche“. Lesen Sie jetzt „VW-Krise - Experte warnt vor Folgen für Personalgewinnung“.,https://img.zeit.de/news/2026-09/15/vw-krise-experte-warnt-vor-folgen-fuer-personalgewinnung-image-group/wide__1300x731,2026-09-15T05:34:15Z,,"Nach der Einigung auf einen verschärften Sparkurs bei Volkswagen hat ein Wirtschaftspsychologe vor Auswirkungen auf die Personalgewinnung gewarnt. «Zu erwarten ist nicht unbedingt, dass die Anzahl de… [+2679 chars]",,de,'Krise'
https://www.welt.de/politik/ausland/article6aa8eab177bd109fcdd01875/7-tage-frist-gesetzt-eine-personalie-bringt-neue-eu-sanktionen-gegen-russland-ins-wanken.html,https://www.welt.de/politik/ausland/article6aa8eab177bd109fcdd01875/7-tage-frist-gesetzt-eine-personalie-bringt-neue-eu-sanktionen-gegen-russland-ins-wanken.html,0,www.welt.de,Eine Personalie bringt neue EU-Sanktionen gegen Russland ins Wanken,Der Streit um den russischen Milliardär Alischer Usmanow bremst die Verlängerung der EU-Sanktionen gegen Russland. Die Mitgliedstaaten haben die Maßnahmen gegen rund 3000 Personen nur um sieben Tage verlängert.,https://images.welt.de/6aa8eab177bd109fcdd01875/21a3fc2b88ff2034233882bee494a265-master/ci16x9-w1200/apdpa-3f339530f8fd4b1ab2b824e2bd1e8c2a-jpg,2026-09-15T07:45:53Z,,Der Streit um den russischen Milliardär Alischer Usmanow bremst die Verlängerung der EU-Sanktionen gegen Russland. Die Mitgliedstaaten haben die Maßnahmen gegen rund 3000 Personen nur um sieben Tage … [+4535 chars],,de,'Russland'
https://www.focus.de/politik/ausland/russland-droht-litauen-mit-atomwaffen-falls-das-land-das-verbot-fuer-die-stationierung-nuklearer-waffen-aufhebt_73874e77-d8eb-4eea-9085-b02957ac03f2.html,https://www.focus.de/politik/ausland/russland-droht-litauen-mit-atomwaffen-falls-das-land-das-verbot-fuer-die-stationierung-nuklearer-waffen-aufhebt_73874e77-d8eb-4eea-9085-b02957ac03f2.html,0,www.focus.de,"Russland droht Litauen mit Atomwaffen, falls das Land das Verbot für die Stationierung nuklearer Waffen aufhebt",Der Kreml warnt Litauen vor den Folgen einer möglichen Stationierung westlicher Atomwaffen. Anlass ist eine geplante Verfassungsänderung in dem Nato-Staat.,"https://quadro.burda-forward.de/ctf/09a05955-965a-4afd-a39b-eee23cd964ee.06c547c9-0c5b-4fd0-8f66-da9fb6d4ff9a.jpeg?im=RegionOfInterestCrop=(1200,630),regionOfInterest=(1020,889)&hash=6c6f474171934a077051961ad216c9479edd3a6489a32e20ac46791e4a3f545b",2026-09-15T07:51:00Z,,"Russland verschärft den Ton gegenüber Litauen. Kreml-Sprecher Dmitri Peskow warnte am Freitag, 11. September, dass litauisches Gebiet ins Visier russischer Atomwaffen geraten könnte wenn dort Nuklear… [+2607 chars]",,de,'Wladimir Putin'
https://www.welt.de/politik/deutschland/plus6aa8156977bd109fcdd01137/vertrauliches-bka-lagebild-die-neue-bleihaltige-zeit-in-deutschland.html,https://www.welt.de/politik/deutschland/plus6aa8156977bd109fcdd01137/vertrauliches-bka-lagebild-die-neue-bleihaltige-zeit-in-deutschland.html,0,www.welt.de,Die neue bleihaltige Zeit in Deutschland,"Kriminelle, die bis in Justiz und Behörden vordringen – und eine Schwemme an Waffen: Das BKA-Lagebild zeigt eine Organisierte Kriminalität, die jede Hemmung verliert. Sorgen macht eine Zuwanderergruppe.",https://images.welt.de/6aa8156977bd109fcdd01137/1487b22e3f152cbc4a43da1c5b421661/ci16x9-w1200/312274979-jpg,2026-09-15T08:00:05Z,,"Kriminelle, die bis in Justiz und Behörden vordringen und eine Schwemme an Waffen: Das BKA-Lagebild zeigt eine Organisierte Kriminalität, die jede Hemmung verliert. Sorgen macht eine Zuwanderergruppe.",,de,'Waffen'
https://www.n-tv.de/politik/Ich-will-nicht-einen-einzigen-Cent-an-diese-Oelkonzerne-geben-id31306982.html,https://www.n-tv.de/politik/Ich-will-nicht-einen-einzigen-Cent-an-diese-Oelkonzerne-geben-id31306982.html,0,www.n-tv.de,"Grüne über hohe Spritpreise: ""Ich will nicht einen einzigen Cent an diese Ölkonzerne geben""","Die Spritpreise steigen kräftig, ein neuer Tankrabatt kommt für die Grünen nicht infrage. Grünen-Fraktionsvize Andreas Audretsch fordert stattdessen eine Übergewinnsteuer für Öl- und Gaskonzerne und will die Stromsteuer senken. Bei der konkreten Ausgestaltung…",https://www.n-tv.de/img/31307063/1789468490/Img_16_9/1200/Screenshot%202026-09-15%20103437.jpg,2026-09-15T08:47:38Z,,"Grüne über hohe Spritpreise""Ich will nicht einen einzigen Cent an diese Ölkonzerne geben""
Die Spritpreise steigen kräftig, ein neuer Tankrabatt kommt für die Grünen nicht infrage. Grünen-Fraktionsvi… [+4023 chars]",,de,'Wladimir Putin'
https://www.zeit.de/news/2026-09/15/rendite-von-us-staatsanleihen-erreicht-hoch-seit-finanzkrise,https://www.zeit.de/news/2026-09/15/rendite-von-us-staatsanleihen-erreicht-hoch-seit-finanzkrise,0,www.zeit.de,Finanzen: Rendite von US-Staatsanleihen erreicht Hoch seit Finanzkrise,Hier finden Sie Informationen zu dem Thema „Finanzen“. Lesen Sie jetzt „Rendite von US-Staatsanleihen erreicht Hoch seit Finanzkrise“.,https://img.zeit.de/news/2026-09/15/rendite-von-us-staatsanleihen-erreicht-hoch-seit-finanzkrise-image-group/wide__1300x731,2026-09-15T09:02:35Z,,"Der Ausverkauf an den weltweiten Märkten für Staatsanleihen hält an. In den USA setzen sich die Kursverluste fort, im Gegenzug kletterte die Rendite zehnjähriger Anleihen am Dienstagvormittag bis auf… [+2374 chars]",,de,'Finanz'
https://www.focus.de/politik/ausland/sotschi-ist-erneut-ziel-ukrainischer-drohnenangriffe-nahe-putins-sommerresidenz-soll-ein-luftabwehrsystem-getroffen-worden-sein_fbccb867-8d82-484c-a0bb-5c55d7fe92d6.html,https://www.focus.de/politik/ausland/sotschi-ist-erneut-ziel-ukrainischer-drohnenangriffe-nahe-putins-sommerresidenz-soll-ein-luftabwehrsystem-getroffen-worden-sein_fbccb867-8d82-484c-a0bb-5c55d7fe92d6.html,0,www.focus.de,Sotschi ist erneut Ziel ukrainischer Drohnenangriffe: Nahe Putins Sommerresidenz soll ein Luftabwehrsystem getroffen worden sein,"Ukraine greift den russischen Ferienort Sotschi am Schwarzen Meer an. Fünf Menschen werden verletzt, während Explosionen nahe Putins Sommerresidenz gemeldet werden.","https://quadro.burda-forward.de/ctf/321328be-6c7a-4d57-8f53-3e78199f2202.e0543a7f-557d-4132-85f7-d7273ec52b48.jpg?im=RegionOfInterestCrop=(1200,630),regionOfInterest=(1963,2013)&hash=b31558a1415eed710ecf882fb9b6375714206d0209373a6c52f39b09f3ea2ab2",2026-09-15T09:04:00Z,,"Der russische Ferienort Sotschi ist erneut von ukrainischen Drohnen angegriffen worden. Bei den nächtlichen Attacken wurden nach Angaben regionaler Behörden fünf Menschen verletzt, darunter ein Kind.… [+2552 chars]",,de,'Wladimir Putin'
https://www.welt.de/politik/deutschland/article6aa8eee614e96b91c66fab83/landtagswahl-im-nordosten-wagenknecht-will-merkel-und-schroeder-als-friedensvermittler-zwischen-russland-und-ukraine.html,https://www.welt.de/politik/deutschland/article6aa8eee614e96b91c66fab83/landtagswahl-im-nordosten-wagenknecht-will-merkel-und-schroeder-als-friedensvermittler-zwischen-russland-und-ukraine.html,0,www.welt.de,Wagenknecht will Merkel und Schröder als „Friedensvermittler“ zwischen Russland und Ukraine,"Merkel und Schröder sollen in einen „Dialog mit Moskau“ treten, fordern BSW-Gründerin Wagenknecht und ihre Partei in Mecklenburg-Vorpommern. Die Altkanzler hätten die „Autorität“ für Gespräche mit Putin.",https://images.welt.de/6aa8eee614e96b91c66fab83/2d2c7aab93e198ef5eeabfc25ebf82c8/ci16x9-w1200/dpa-com-260913-935-1607530-jpg,2026-09-15T09:42:21Z,,"Merkel und Schröder sollen in einen Dialog mit Moskau treten, fordern BSW-Gründerin Wagenknecht und ihre Partei in Mecklenburg-Vorpommern. Die Altkanzler hätten die Autorität für Gespräche mit Putin.… [+4696 chars]",,de,'Ukraine'
https://www.focus.de/politik/ausland/putin-hat-neue-front-an-russlands-schulen-eroeffnet_943ac0cb-c546-43f9-9c7c-458e8b3ae630.html,https://www.focus.de/politik/ausland/putin-hat-neue-front-an-russlands-schulen-eroeffnet_943ac0cb-c546-43f9-9c7c-458e8b3ae630.html,0,www.focus.de,Putin hat „neue Front“ an Russlands Schulen eröffnet,"Putins Kampf um den Geist russischer Kinder beginnt schon im Klassenzimmer. Soldaten erzählen vom Töten, Lehrer vermitteln Kreml-Propaganda, der Krieg wird zum Unterrichtsstoff. Doch die Indoktrination hat eine Schwachstelle.","https://quadro.burda-forward.de/ctf/a3ded0a3-9700-4d59-9701-b71ffd987b50.63c7c638-cbce-4b38-977b-eb944a67efbc.png?im=RegionOfInterestCrop=(1200,630),regionOfInterest=(640,392)&hash=40878c2a2b511f2d79b5cbc38634b80538b87cdd5368694440729a2ad737b33a",2026-09-15T09:47:00Z,,"Wie haben Sie sich gefühlt, als Sie Ihren ersten Mord begangen haben?, fragt ein Schüler einen Mann in Militäruniform im Klassenzimmer. Ein Lehrer unterbricht: Das sind keine Morde. Das ist Krieg.
D… [+6593 chars]",,de,'Russland'
https://www.n-tv.de/sport/NHL-Rekordtorschuetze-macht-jetzt-Werbung-fuer-Putin-id31307324.html,https://www.n-tv.de/sport/NHL-Rekordtorschuetze-macht-jetzt-Werbung-fuer-Putin-id31307324.html,0,www.n-tv.de,Zum Saisonstart in den USA: NHL-Rekordtorschütze macht jetzt Werbung für Putin,"Kurz vor dem NHL-Start sorgt Liga-Rekordtorschütze Alexander Owetschkin für Aufsehen: Der Russe ist in einem Wahlwerbespot der Partei ""Einiges Russland"", die Wladimir Putin unterstützt, zu sehen. Sein Team und die Liga schweigen.",https://www.n-tv.de/img/31307451/1789472435/Img_16_9/1200/imago1061086194h.jpg,2026-09-15T10:26:52Z,,"Kurz vor dem NHL-Start sorgt Liga-Rekordtorschütze Alexander Owetschkin für Aufsehen: Der Russe ist in einem Wahlwerbespot der Partei ""Einiges Russland"", die Wladimir Putin unterstützt, zu sehen. Sei… [+2518 chars]",,de,'Wladimir Putin'
https://www.focus.de/politik/ausland/bekannter-amerikanischer-geostratege-russland-ist-schwach-polen-ist-fuer-die-usa-wichtiger-als-deutschland_3565b14c-17f2-499f-b774-015168354876.html,https://www.focus.de/politik/ausland/bekannter-amerikanischer-geostratege-russland-ist-schwach-polen-ist-fuer-die-usa-wichtiger-als-deutschland_3565b14c-17f2-499f-b774-015168354876.html,0,www.focus.de,Bekannter amerikanischer Geostratege: Russland ist schwach – Polen ist für die USA wichtiger als Deutschland,"Europa sucht nach Antworten auf Krieg, Abschreckung und neue Machtachsen. Ein US-Geopolitiker sieht Polen dabei deutlich vor Deutschland – und Russland auf dem absteigenden Ast.","https://quadro.burda-forward.de/ctf/bc286ff7-03c7-42a5-92c0-d48b31df7638.1c7f8f34-3361-4d09-a2df-fd2e6dde21cf.jpg?im=RegionOfInterestCrop=(1200,630),regionOfInterest=(1129,1214)&hash=c5bc33a1873e595bf9e43f5b0596796074c8edbf52a2513d0e938f8b01d4f382",2026-09-15T10:57:00Z,,Russland ist nach Ansicht des amerikanischen Geostrategen und Politologen George Friedman nur noch eine Regionalmacht. Zudem sei Polen für die Vereinigten Staaten inzwischen wichtiger als Deutschland… [+3569 chars],,de,'Russland'
https://www.tagesspiegel.de/internationales/putins-neue-terror-waffe-600-kmh-drohnen-uberfordern-ukrainische-abwehr--was-jetzt-16053126.html,https://www.tagesspiegel.de/internationales/putins-neue-terror-waffe-600-kmh-drohnen-uberfordern-ukrainische-abwehr--was-jetzt-16053126.html,0,www.tagesspiegel.de,Putins neue „Terror“-Waffe: 600-km/h-Drohnen überfordern ukrainische Abwehr – was jetzt?,Die Ukraine hatte die russischen Drohnenattacken relativ gut im Griff. Aber das hat sich nun geändert. Kyjiw muss vorerst auf eine teure Notlösung setzen.,https://www.tagesspiegel.de/images/16055664/alternates/BASE_16_9_W1400/1789478468000/president-putin-on-woking-visit-to-india.jpeg,2026-09-15T11:37:29Z,,"Etwas hat sich verändert: Russlands Drohnenattacken auf die ukrainische Zivilbevölkerung werden allmählich immer terroristischer, schrieb der ukrainische Präsident Wolodymyr Selenskyj am Freitag nach… [+3685 chars]",,de,'Wladimir Putin'
https://www.n-tv.de/politik/Preisdeckel-Klimageld-Tankrabatt-Vorschlaege-gegen-hohe-Spritpreise-id31308407.html,https://www.n-tv.de/politik/Preisdeckel-Klimageld-Tankrabatt-Vorschlaege-gegen-hohe-Spritpreise-id31308407.html,0,www.n-tv.de,"Merz will Autofahrer entlasten: Preisdeckel, Klimageld, Tankrabatt - Vorschläge gegen hohe Spritpreise","Die Lage im Nahen Osten bleibt angespannt, das bekommen deutsche Autofahrer täglich an den Tankstellen zu spüren. Der Kanzler sieht sich gezwungen, neue Entlastungsmaßnahmen anzukündigen. Kommt der Tankrabatt 3.0? Von Experten und Politikern gibt es auch ande…",https://www.n-tv.de/img/31308437/1789482389/Img_16_9/1200/619459681.jpg,2026-09-15T12:47:29Z,,"Zuletzt stieg der Preis für einen Liter Super E10 auf durchschnittlich 2,286 Euro, Diesel kostete 2,412 Euro pro Liter. (Foto: picture alliance / M.i.S.)
Die Lage im Nahen Osten bleibt angespannt, d… [+5554 chars]",,de,'Erdöl'
https://www.politico.eu/podcast/berlin-playbook-podcast/security-update-russlands-neuer-luftkrieg-mit-moritz-schularick/,https://www.politico.eu/podcast/berlin-playbook-podcast/security-update-russlands-neuer-luftkrieg-mit-moritz-schularick/,0,www.politico.eu,Security-Update: Russlands neuer Luftkrieg – mit Moritz Schularick,"Ein Nachtzug aus Kyjiw stoppt abrupt, weil eine russische Drohne in unmittelbarer Nähe einschlägt. An Bord ist Moritz Schularick, Präsident des Kieler Instituts für Weltwirtschaft, der die neue Realität des Krieges hautnah erlebt: Russland greift inzwischen m…","https://www.politico.eu/cdn-cgi/image/width=1200,height=630,fit=crop,quality=80,onerror=redirect/wp-content/uploads/2026/02/17/Berlin-Playbook-podca-1920x1080-px-Max-Quality.jpg",2026-09-15T13:31:53Z,,"Ein Nachtzug aus Kyjiw stoppt abrupt, weil eine russische Drohne in unmittelbarer Nähe einschlägt. An Bord ist Moritz Schularick, Präsident des Kieler Instituts für Weltwirtschaft, der die neue Reali… [+1365 chars]",,de,'Russland'
https://www.n-tv.de/politik/Ukraine-bricht-Schweigen-ueber-Gegenoffensive-bei-Lyman-id31308867.html,https://www.n-tv.de/politik/Ukraine-bricht-Schweigen-ueber-Gegenoffensive-bei-Lyman-id31308867.html,0,www.n-tv.de,"""Schwerer Schlag"" für Russland: Ukraine bricht Schweigen über Gegenoffensive bei Lyman","Wegen strikter Geheimhaltung gab es in den vergangenen Wochen von ukrainischer Seite kaum offizielle Informationen über die Lage bei Lyman. Nun spricht Kiews Militär erstmals über die Operation ""Vivaldi"" in dem Gebiet.",https://www.n-tv.de/img/31308944/1789486845/Img_16_9/1200/607060397.jpg,2026-09-15T14:52:41Z,,"Ein ukrainischer Soldat der 93. Brigade nahe der Front in der Region Donezk. (Foto: picture alliance / Ukrainian 93rd Mechanized brigade via AP)
Wegen strikter Geheimhaltung gab es in den vergangene… [+2342 chars]",,de,'Ukraine'
https://www.tagesschau.de/ausland/europa/ukraine-krieg-unterstuetzung-100.html,https://www.tagesschau.de/ausland/europa/ukraine-krieg-unterstuetzung-100.html,0,www.tagesschau.de,"Russland gegen die Ukraine: ""Übergang zu einem Vernichtungskrieg""","Russlands Strategie hat sich von einem Abnutzungs- zu einem Vernichtungskrieg in der Ukraine gewandelt, sagt Politologe Heinemann-Grüder. Sollte der Westen die Unterstützung der Ukraine weiter drosseln, hätte das gefährliche Konsequenzen für Europa.",https://images.tagesschau.de/image/81f9bee2-3f96-4aef-9020-c89247900fa8/AAABoKWYna4/AAABnSSvrFg/16x9-big/angriff-ukraine-110.jpg?width=1280,2026-09-15T15:03:57Z,,"Stand: 15.09.2026 17:03 Uhr
Russlands Strategie hat sich von einem Abnutzungs- zu einem Vernichtungskrieg in der Ukraine gewandelt, sagt Politologe Heinemann-Grüder. Sollte der Westen die Unterstütz… [+5804 chars]",,de,'Wladimir Putin'
https://www.dw.com/de/ukraine-krieg-gespr%C3%A4chsbereitschaft-in-moskau/a-79278080,https://www.dw.com/de/ukraine-krieg-gespr%C3%A4chsbereitschaft-in-moskau/a-79278080,0,www.dw.com,Ukraine-Krieg: Gesprächsbereitschaft in Moskau?,"US-Unterhändler sehen eine ""neue Bereitschaft"" Russlands zu einem Dialog. Experten rechnen aber nicht mit einer schnellen Lösung im Ukraine-Krieg. Was steckt hinter der derzeitigen Zunahme diplomatischer Aktivitäten?",https://static.dw.com/image/79054809_6.jpg,2026-09-15T16:03:00Z,,Mögliche Verhandlungen zur Beendigung von Russlands Krieg gegen die Ukraine sind nach monatelanger Pause derzeit wieder ein aktuelles Thema. In einem Exklusivinterview mit der DW erklärte der ukraini… [+7151 chars],,de,'Russland'
https://www.focus.de/politik/neue-russische-drohnen-ueberfordern-kiews-luftabwehr_d9d692a3-c116-4168-ac9a-9513582c6728.html,https://www.focus.de/politik/neue-russische-drohnen-ueberfordern-kiews-luftabwehr_d9d692a3-c116-4168-ac9a-9513582c6728.html,0,www.focus.de,Neue russische Drohnen überfordern Kiews Luftabwehr,Die Ukraine hatte die russischen Drohnenattacken relativ gut im Griff. Aber das hat sich nun geändert. Kyjiw muss vorerst auf eine teure Notlösung setzen.,"https://quadro.burda-forward.de/ctf/d34041a5-4ea4-4db6-8e7c-25c86572f531.044fa03f-3be5-4edb-83c3-63820ba24b1c.png?im=RegionOfInterestCrop=(1200,630),regionOfInterest=(848,741)&hash=81893187a9a3819e3ee13fd4ca93c45c2fcadbb7a9d45dfc30f1c2b0f1be53d6",2026-09-15T16:12:00Z,,"Etwas hat sich verändert: Russlands Drohnenattacken auf die ukrainische Zivilbevölkerung werden allmählich immer terroristischer, schrieb der ukrainische Präsident Wolodymyr Selenskyj am Freitag nach… [+3280 chars]",,de,'Ukraine'
https://www.faz.net/aktuell/politik/ausland/liveblog-irankrieg-us-energieminister-saudische-pipeline-nach-angriff-bald-wieder-in-betrieb-faz-200583539.html,https://www.faz.net/aktuell/politik/ausland/liveblog-irankrieg-us-energieminister-saudische-pipeline-nach-angriff-bald-wieder-in-betrieb-faz-200583539.html,0,www.faz.net,Liveblog Irankrieg: US-Energieminister: Saudische Pipeline nach Angriff bald wieder in Betrieb,Chris Wright spricht über Reparaturen +++ USA machen unterschiedliche Angaben zu explodiertem Öltanker in Straße von Hormus +++ Österreich verweigert Visum auf US-Druck +++  alle Entwicklungen im Liveblog,https://media0.faz.net/image/w1200h627/e395a75123f1/w7265h3795x0y901o/202609/43601.0.2557202991/us-energieminister-chris.webp,2026-09-15T17:46:07Z,,"Saudi-Arabien hat nach Angaben der jemenitischen Huthi-Miliz neue Angriffe auf Ziele im Jemen geflogen. Der den Huthi nahestehende Fernsehsender Almasirah berichtete, es habe am Sonntag zwei Luftangr… [+839 chars]",,de,'Hormus'
https://www.morgenpost.de/politik/article413165002/merz-in-der-krise-warum-der-kanzler-auf-einmal-kennedy-zitiert.html,https://www.morgenpost.de/politik/article413165002/merz-in-der-krise-warum-der-kanzler-auf-einmal-kennedy-zitiert.html,0,www.morgenpost.de,Friedrich Merz in der Krise: Warum der Kanzler auf einmal Kennedy zitiert,Friedrich Merz trifft bei einer Veranstaltung konservative Jungwähler. Der Nachwuchs ist verunsichert. Dann trifft eine bemerkenswerte Meldung ein.,https://img.sparknews.funkemedien.de/413166441/413166441_1789494402_v16_9_1600.jpeg,2026-09-15T17:54:35Z,,"Kurz nach 18 Uhr geht ein breites Lächeln über das Gesicht des Kanzlers. Der Mann, den die allermeisten Deutschen gerade für eine Fehlbesetzung halten, hat am Dienstagabend einen richtig guten Moment… [+2960 chars]",,de,'Krise'
https://www.focus.de/politik/ausland/diesen-winter-wird-putin-versuchen-die-ukraine-zu-brechen_28d98a8c-cc28-4829-b89f-281c12d65b6e.html,https://www.focus.de/politik/ausland/diesen-winter-wird-putin-versuchen-die-ukraine-zu-brechen_28d98a8c-cc28-4829-b89f-281c12d65b6e.html,0,www.focus.de,"„Diesen Winter wird Putin versuchen, die Ukraine zu brechen“",US-Unterhändler sehen eine „neue Bereitschaft“ Russlands zu einem Dialog. Experten rechnen aber nicht mit einer schnellen Lösung im Ukraine-Krieg. Was steckt hinter der derzeitigen Zunahme diplomatischer Aktivitäten?,"https://quadro.burda-forward.de/ctf/71dd9edc-2dd1-41f9-b821-be851968cbe9.bdcdf5e4-b871-4a0f-ab31-cec190d83c49.jpeg?im=RegionOfInterestCrop=(1200,630),regionOfInterest=(1146,569)&hash=073bdac182bc1c629869f4bb7e6ed8c61119ccf3af1bb2cd8a04fc70ea4e021b",2026-09-15T18:17:00Z,,Mögliche Verhandlungen zur Beendigung von Russlands Krieg gegen die Ukraine sind nach monatelanger Pause derzeit wieder ein aktuelles Thema. In einem Exklusivinterview mit der DW erklärte der ukraini… [+5922 chars],,de,'Russland'
https://www.bild.de/politik/inland/roland-koch-prescht-vor-es-gibt-keinen-besseren-kanzler-als-merz-6aa95d18a25e6df915e9a809,https://www.bild.de/politik/inland/roland-koch-prescht-vor-es-gibt-keinen-besseren-kanzler-als-merz-6aa95d18a25e6df915e9a809,0,www.bild.de,Roland Koch prescht vor - Es gibt „keinen besseren Kanzler“ als Merz,Roland Koch stärkt Merz vor CDU-Krisenwochenende und warnt klar vor Kanzlertausch.,"https://images.bild.de/6aa95d18a25e6df915e9a809/a5fd944c37fc0f73c9deaac945006677,5eff949c?w=1280",2026-09-15T19:01:19Z,,TTS-Player überspringenArtikel weiterlesenBerlin Vor dem Schicksalswochenende für die CDU erhält Bundeskanzler Friedrich Merz öffentliche Unterstützung vom früheren Hessen-Ministerpräsidenten Roland … [+3478 chars],,de,'Krise'
https://orf.at/stories/3442286/,https://orf.at/stories/3442286/,0,orf.at,Jemen-Krise belastet weiter Ölpreis,"Der Ölpreis legt weiter zu. Für ein Barrel (159 Liter) Rohöl der Nordseesorte Brent wurden am Dienstag über 107 US-Dollar verrechnet. Verschärft haben die Lage zuletzt die Entwicklungen im Jemen, wo die Huthi-Miliz die Meerenge Bab al-Mandab kontrolliert und …",https://ibs.orf.at/news?image=https%3A%2F%2Fassets.orf.at%2Fmims%2F2026%2F38%2F29%2Fcrops%2Fw%3D1200%2Ch%3D630%2Cq%3D75%2F3184271_master_1235029_iran_krieg_huthis_oelpreis_im.jpg%3Fs%3D180a4f5a2a87d1cd2ae929d53c06168858037376,2026-09-15T21:44:43Z,,Brent-Öl hat sich seither deutlich verteuert. Ende Februar hatte der Preis für ein Barrel Brent-Öl noch bei 70 Dollar gelegen. Der Preis für Rohöl der Organisation Erdölexportierender Länder (OPEC) s… [+5094 chars],,de,'Krise'
https://www.morgenpost.de/kultur/tv-streaming/article413166964/jetzt-reichtE28099s-mir-aber-schneider-geht-bei-maischberger-wagenknecht-an.html,https://www.morgenpost.de/kultur/tv-streaming/article413166964/jetzt-reichtE28099s-mir-aber-schneider-geht-bei-maischberger-wagenknecht-an.html,0,www.morgenpost.de,„Jetzt reicht’s mir aber“: Schneider geht bei „Maischberger“ Wagenknecht an,Bei „Maischberger“ liefern sich Carsten Schneider (SPD) und Sahra Wagenknecht (BSW) einen heftigen Schlagabtausch über AfD und Russland.,https://img.sparknews.funkemedien.de/413032909/413032909_1788316927_v16_9_1600.jpeg,2026-09-16T03:13:46Z,,"Sahra Wagenknecht und Carsten Schneider sind beide in Thüringen geboren. Thüringen ist Heimat, sagt Wagenknecht. Schneider erzählt von einer glücklichen Kindheit: Die Menschen hätten versucht, das Be… [+6253 chars]",,de,'Wladimir Putin'
https://www.diepresse.com/41263790/der-seeweg-durch-die-arktis-gewinnt-rasant-an-bedeutung-aber-europa,https://www.diepresse.com/41263790/der-seeweg-durch-die-arktis-gewinnt-rasant-an-bedeutung-aber-europa,0,www.diepresse.com,Der Seeweg durch die Arktis gewinnt rasant an Bedeutung – aber Europa zögert [premium],"Wegen der Nahost-Krise wächst das Interesse an der arktischen Nordostpassage, die bisher von Russen und Chinesen benützt wird. Doch nun bauen auch die Südkoreaner diese teure und riskante Route aus. Und verärgern die Europäer. Die denken an Wladimir Putin. Un…",https://img.diepresse.com/public/incoming/ytdlo7-imagost0824164600010860858228jpg/alternates/WEBP_WIDE_1200/imago_st_0824_16460001_0860858228.jpg,2026-09-16T03:13:51Z,,"Diesen Tabubruch beobachtete Europa genau. Im August schickte Südkorea sein erstes Handelsschiff über die Arktis nach Europa als einer der ersten, westlich orientierten Staaten seit Beginn des Ukrain… [+5205 chars]",,de,'Wladimir Putin'
https://www.faz.net/aktuell/wirtschaft/wirtschaftsweise-schnitzer-warnt-vor-tankrabatt-und-preisdeckel-accg-201230950.html,https://www.faz.net/aktuell/wirtschaft/wirtschaftsweise-schnitzer-warnt-vor-tankrabatt-und-preisdeckel-accg-201230950.html,0,www.faz.net,Entlastungsdebatte: Wirtschaftsweise Schnitzer warnt vor Tankrabatt und Preisdeckel,Bundeskanzler Merz verspricht angesichts hoher Spritpreise Entlastungen für Autofahrer. Die Chefin der Wirtschaftsweisen hält Preisdeckel und einen neuen Tankrabatt für den falschen Weg.,https://media0.faz.net/image/w1200h627/5220e7bea33a/w5301h2769x0y382o/202609/43601.0.2555558503/teures-tanken-die.webp,2026-09-16T03:16:10Z,,"Die Chefin der Wirtschaftsweisen, Monika Schnitzer, hat angesichts jüngster Überlegungen in der Bundesregierung vor einem abermaligen Tankrabatt oder pauschalen Preisdeckeln beim Spritpreis gewarnt. … [+3302 chars]",,de,'Preis'
https://www.faz.net/aktuell/rhein-main/region-und-hessen/vorsorge-in-krisenzeiten-das-sollte-wirklich-zum-notvorrat-gehoeren-accg-201211831.html,https://www.faz.net/aktuell/rhein-main/region-und-hessen/vorsorge-in-krisenzeiten-das-sollte-wirklich-zum-notvorrat-gehoeren-accg-201211831.html,0,www.faz.net,Vorsorge in Krisenzeiten: Was wirklich in den Notvorrat gehört,"Angesichts der vielen hybriden Bedrohungen rät der Staat den Bürgern, Notvorräte anzulegen. Doch was bedeutet das konkret?",https://media0.faz.net/image/w1200h627/0872de4dbad3/w4220h2204x0y366o/202609/43601.0.2530844468/dieser-vorrat-wird-nicht.webp,2026-09-16T04:00:33Z,,"Im Saalbau Bornheim, einem Frankfurter Bürgerzentrum im Osten der Stadt, geht es an diesem Abend um den Ernstfall. Es ist Ende August. Zwei Wochen bevor am Bundesweiten Warntag um 11 Uhr Sirenen aufh… [+10268 chars]",,de,'Krise'
https://www.sueddeutsche.de/politik/cdu-in-der-krise-eu-regeln-fuer-social-media-kennedy-center-geschlossen-li.3548233,https://www.sueddeutsche.de/politik/cdu-in-der-krise-eu-regeln-fuer-social-media-kennedy-center-geschlossen-li.3548233,0,www.sueddeutsche.de,SZ am Morgen: Nachrichten des Tages – die Übersicht für Eilige,Die CDU und Merz sind vor den Landtagswahlen in der Krise. Von der Leyen stellt neue EU-Regeln zu Social Media vor.,https://www.sueddeutsche.de/2026/09/15/afb66ce8-7045-4e82-b2c6-da0d7ca0d91a.jpg?q=60&fm=webp&width=1200&rect=0%2C231%2C3500%2C1969,2026-09-16T04:53:44Z,,"Mir geht es um den ganz legalen Dopaminkick, den die neuesten Umfragen bei Parteifunktionären auslöst. Steigt oder fällt die eigene Partei um einen Prozentpunkt, wird das in den internen Chatgruppen … [+4503 chars]",,de,'Krise'
https://www.focus.de/immobilien/hormus-krise-treibt-energiepreise-auf-neue-rekorde-neukunden-zahlen-26-euro-mehr-pro-megawattstunde_1361c5fc-08a1-47d7-8e53-5844e901874c.html,https://www.focus.de/immobilien/hormus-krise-treibt-energiepreise-auf-neue-rekorde-neukunden-zahlen-26-euro-mehr-pro-megawattstunde_1361c5fc-08a1-47d7-8e53-5844e901874c.html,0,www.focus.de,Hormus-Krise treibt Energiepreise auf neue Rekorde: Neukunden zahlen 26 Euro mehr pro Megawattstunde,Das fehlende Gas macht sich im Gas-Großhandel bemerkbar. Auch Strom ist betroffen. Verbraucher stehen vor einer entscheidenden Wahl.,"https://quadro.burda-forward.de/ctf/bcd384b1-a5ea-400a-8d74-bdba5b033e38.dc63875e-7ee8-48ca-81a5-cabccd2be848.jpg?im=RegionOfInterestCrop=(1200,630),regionOfInterest=(2430,1419)&hash=9a1e98a627701acdfaa38173052e3f68a66b5e717ede755e127980d8938e33f9",2026-09-16T05:06:00Z,,"Deutschland hat im europäischen Vergleich ohnehin schon fast die teuersten Strompreise, aber die Krise am Persischen Golf verschärft das Problem weiter. Laut dem Strommarktexperten John Horstmann ist… [+5624 chars]",,de,'Krise'
https://www.faz.net/aktuell/politik/ausland/banken-skandal-in-brasilien-oberstes-gericht-zerlegt-sich-selbst-accg-201230855.html,https://www.faz.net/aktuell/politik/ausland/banken-skandal-in-brasilien-oberstes-gericht-zerlegt-sich-selbst-accg-201230855.html,0,www.faz.net,Banken-Skandal: Brasiliens Oberstes Gericht zerlegt sich selbst,Eine historische Sitzung des Obersten Gerichts in Brasilien endet im Eklat. Die Krise dominiert nun vollends den Wahlkampf.,https://media0.faz.net/image/w1200h627/81c58ed57f8b/w2167h1132x0y43o/202609/43601.0.2556995365/stehen-im-zentrum-des-skandals.webp,2026-09-16T05:40:20Z,,"Bewaffnete Polizisten schirmten am Dienstag den Obersten Gerichtshof in Brasilia ab, Drohnen überwachten das Gelände, Sprengstoffspürhunde kontrollierten die Zugänge. Sprengkraft hatte jedoch das, wa… [+4387 chars]",,de,'Krise'
https://www.focus.de/politik/ausland/eine-europaeische-militaermacht-vertieft-ihre-beziehungen-zu-libyen-waehrend-russland-dort-auf-sechs-stuetzpunkten-praesent-ist_e711e69d-d7f1-4a9b-834d-baa49877d107.html,https://www.focus.de/politik/ausland/eine-europaeische-militaermacht-vertieft-ihre-beziehungen-zu-libyen-waehrend-russland-dort-auf-sechs-stuetzpunkten-praesent-ist_e711e69d-d7f1-4a9b-834d-baa49877d107.html,0,www.focus.de,"Eine europäische Militärmacht vertieft ihre Beziehungen zu Libyen, während Russland dort auf sechs Stützpunkten präsent ist",Italien und Libyen wollen ihre militärische Zusammenarbeit ausbauen. Ein Treffen in Tripolis hat weit über Ausbildung hinaus politische Brisanz.,"https://quadro.burda-forward.de/ctf/5ee477c7-e95a-45f3-97c8-1ef16ffdb4a9.3ff88cd2-74d5-48fa-8d62-06d5c751f05a.jpg?im=RegionOfInterestCrop=(1200,630),regionOfInterest=(1516,1030)&hash=26975688a73e578109b522ae3b6c24ce37f8dd75fa6af0e03dcd9538ccf6e09a",2026-09-16T06:19:00Z,,"Italien und Libyen haben bei einem Treffen in Tripolis eine engere militärische Zusammenarbeit vereinbart. Im Gespräch waren Ausbildung, fachliche Fortbildung und der Ausbau laufender Projekte.
Wie … [+2425 chars]",,de,'Russland'
https://www.sport1.de/news/internationaler-fussball/league-cup/2026/09/magisch-szoboszlai-sorgt-fuer-ekstase,https://www.sport1.de/news/internationaler-fussball/league-cup/2026/09/magisch-szoboszlai-sorgt-fuer-ekstase,0,www.sport1.de,„Magisch“: Szoboszlai sorgt für Ekstase,"Der FC Liverpool hat seine aufsteigende Formkurve mit einem 3:1-Sieg im League Cup gegen Tottenham unter Beweis gestellt und die Spurs noch tiefer in die Krise geschossen. Obwohl Trainer Andoni Iraola seine Startelf auf zehn Positionen veränderte, stellten Al…",https://reshape.sport1.de/c/t/27388ec0-a586-4118-9002-142065a876dd/1290x726,2026-09-16T06:34:53Z,,Dominik Szoboszlai und Giorgi Mamardashvili sichern dem FC Liverpool das Pokal-Weiterkommen gegen Tottenham. Beide werden nach ihren Leistungen mächtig gefeiert.Der FC Liverpool hat seine aufsteigend… [+3288 chars],,de,'Krise'
https://www.tagesschau.de/ausland/asien/syrien-proteste-energiepreise-100.html,https://www.tagesschau.de/ausland/asien/syrien-proteste-energiepreise-100.html,0,www.tagesschau.de,Syrien: Größte Proteste seit Sturz von Assad,Gleich zweimal in kurzer Zeit hat die syrische Regierung Energiepreise erhöht. Dagegen regt sich im Land nun breiter Protest. Die Energiekrise hängt weniger mit der Entwicklung rund um Iran zusammen - sondern mit einem anderen Krieg. Von M. Behrendt.,https://images.tagesschau.de/image/07dfa3ef-ef4c-49e3-8058-c135f01b320e/AAABoKtMa_U/AAABnSSvrFg/16x9-big/tanklastwagen-100.jpg?width=1280,2026-09-16T18:11:51Z,,"Stand: 16.09.2026 20:11 Uhr
Gleich zweimal in kurzer Zeit hat die syrische Regierung Energiepreise erhöht. Dagegen regt sich im Land nun breiter Protest. Die Energiekrise hängt weniger mit der Entwi… [+3571 chars]",,de,'Erdöl'
https://www.tagesschau.de/ausland/asien/hormus-oel-100.html,https://www.tagesschau.de/ausland/asien/hormus-oel-100.html,0,www.tagesschau.de,Kampf um die Straße von Hormus: Eine Bedrohung auch für die Umwelt,"Minen in der Straße von Hormus, Beschuss von Tankern: Satellitenbilder zeigen nun, was das für die Umwelt bedeutet. Rund um die Meerenge gibt es laut Greenpeace mehrere Ölteppiche. Viele Schutzgebiete seien bedroht. Von N. Amin.",https://images.tagesschau.de/image/c697b51d-2cc4-4c33-aed8-ded1681211ca/AAABoKsVPE0/AAABnSSvrFg/16x9-big/tanker-rauch-100.jpg?width=1280,2026-09-17T03:47:49Z,,"Stand: 17.09.2026 05:47 Uhr
Minen in der Straße von Hormus, Beschuss von Tankern: Satellitenbilder zeigen nun, was das für die Umwelt bedeutet. Rund um die Meerenge gibt es laut Greenpeace mehrere Ö… [+3842 chars]",,de,'Hormus'
https://www.focus.de/politik/ausland/russland-baut-ein-riesiges-raketenzentrum-tief-in-sibirien-die-neue-fabrik-entsteht-ausserhalb-der-reichweite-ukrainischer-langstreckendrohnen_1ca358fb-923c-451c-9ab5-8e7bd6c5e5a0.html,https://www.focus.de/politik/ausland/russland-baut-ein-riesiges-raketenzentrum-tief-in-sibirien-die-neue-fabrik-entsteht-ausserhalb-der-reichweite-ukrainischer-langstreckendrohnen_1ca358fb-923c-451c-9ab5-8e7bd6c5e5a0.html,0,www.focus.de,Russland baut ein riesiges Raketenzentrum tief in Sibirien – die neue Fabrik entsteht außerhalb der Reichweite ukrainischer Langstreckendrohnen,Russland erweitert seine Rüstungsindustrie im sibirischen Hinterland. Dokumente belegen den Bau einer großen Anlage für Raketenteile in Bijsk – weit abseits ukrainischer Drohnen.,"https://quadro.burda-forward.de/ctf/a98746e2-6dfd-4f08-8085-ef848d9197ed.b192c1bb-de58-4137-847f-1e5ac339f2ba.jpg?im=RegionOfInterestCrop=(1200,630),regionOfInterest=(1229,875)&hash=3634e9346e9808a3919f8c9c954c46d6336eccd374e64b44bb7a25d46dbe74b6",2026-09-17T08:15:00Z,,"Russland baut seine militärische Produktion im Hinterland aus. Im sibirischen Bijsk soll ein neuer Komplex zur Herstellung und Lagerung von Raketenteilen entstehen.
Das berichtet das ukrainische Onl… [+3310 chars]",,de,'Russland'
https://www.focus.de/politik/ausland/russland-baute-in-der-arktis-einen-gigantischen-oelkomplex-das-endergebnis-ist-bisher-ein-beladener-oeltanker_e360034b-6fa6-4549-8b44-a2df3c3364ed.html,https://www.focus.de/politik/ausland/russland-baute-in-der-arktis-einen-gigantischen-oelkomplex-das-endergebnis-ist-bisher-ein-beladener-oeltanker_e360034b-6fa6-4549-8b44-a2df3c3364ed.html,0,www.focus.de,Russland baute in der Arktis einen gigantischen Ölkomplex – Das Endergebnis ist bisher ein beladener Öltanker,Rosneft hat erstmals Öl aus dem arktischen Vostok-Oil-Projekt verschifft. Russland will damit seine Präsenz in der Arktis und seine Exporte nach Asien ausbauen.,"https://quadro.burda-forward.de/ctf/1875055d-c806-42ac-9609-3f2c907bc440.649d033b-97ab-4c2d-9f6c-b3f1816738e3.jpeg?im=RegionOfInterestCrop=(1200,630),regionOfInterest=(1644,1040)&hash=060587da347d276dd068bc521e785aede59f6edfb984732bc3a0c06cefadfad5",2026-09-17T08:49:00Z,,Russland hat erstmals Rohöl aus dem gigantischen Vostok-Oil-Projekt über die Nördliche Seeroute verschifft. Der Tanker Valentin Pikul wurde am neu gebauten Terminal Sever Bay in der Region Taimyr bel… [+2273 chars],,de,'Russland'
https://www.welt.de/regionales/hamburg/article6aab9a48a9420481bd2144d4/marinegasoel-hohe-spritpreise-wirken-sich-jetzt-auf-die-fisch-fangmenge-aus.html,https://www.welt.de/regionales/hamburg/article6aab9a48a9420481bd2144d4/marinegasoel-hohe-spritpreise-wirken-sich-jetzt-auf-die-fisch-fangmenge-aus.html,0,www.welt.de,Hohe Spritpreise wirken sich jetzt auf die Fisch-Fangmenge aus,"Hohe Kraftstoffpreise machen Fangfahrten in Nord- und Ostsee zunehmend unrentabel. Hamburgs Zweite Bürgermeisterin Katharina Fegebank fordert jetzt die Abschöpfung von Krisengewinnen, direkte Entlastungspauschalen und eine Senkung der Stromsteuer.",https://images.welt.de/6aab9a48a9420481bd2144d4/f89d777f865752d7e9ec4c6b9cfe4f79-master/ci16x9-w1200/dpa-com-260911-935-1603615-jpg,2026-09-17T08:59:30Z,,"Hohe Kraftstoffpreise machen Fangfahrten in Nord- und Ostsee zunehmend unrentabel. Hamburgs Zweite Bürgermeisterin Katharina Fegebank fordert jetzt die Abschöpfung von Krisengewinnen, direkte Entlast… [+3265 chars]",,de,'Krise'
https://www.derstandard.at/story/3000000340075/bei-wahlen-in-russland-wird-nichts-dem-zufall-ueberlassen,https://www.derstandard.at/story/3000000340075/bei-wahlen-in-russland-wird-nichts-dem-zufall-ueberlassen,0,www.derstandard.at,Bei Wahlen in Russland wird nichts dem Zufall überlassen,"Am Wochenende wird in Russland das neue Parlament gewählt. Wahlen gibt es auch in den russisch besetzten Gebieten in der Ukraine. Alle Parteien am Wahlzettel unterscheiden sich in Details, alle aber stehen hinter Putin und dem Krieg in der Ukraine",https://i.ds.at/6JmRJA/rs:fill:1200:600/plain/lido-images/2026/09/16/220d77a0-5945-402b-8e1f-cd74b6b1f9b1.jpg,2026-09-17T09:00:00Z,,"Sie entscheiden darüber, wie Sie unsere Inhalte nutzen wollen. Ihr Gerät erlaubt uns derzeit leider nicht, die entsprechenden Optionen anzuzeigen.
Bitte deaktivieren Sie sämtliche Hard- und Software… [+180 chars]",,de,'Ukraine'
https://www.freitag.de/autoren/lutz-herden/warum-wird-russland-feindschaft-bei-kanzler-merz-und-anderen-zur-obsession,https://www.freitag.de/autoren/lutz-herden/warum-wird-russland-feindschaft-bei-kanzler-merz-und-anderen-zur-obsession,0,www.freitag.de,"Obsession | Wer Merz’ Kriegsrhetorik verstehen will, muss diese verdrängte Geschichts-Episode kennen","Am Tag nach der Sachsen-Anhalt-Wahl verkündete Friedrich Merz, er werde „keinen Millimeter“ von seinem Russland-Kurs abweichen. Wer nach Gründen für diese Sprache sucht, landet bei antisowjetischen Ressentiments, die sich nach 1945 entluden „Ich werde von mei…",https://www.freitag.de/autoren/lutz-herden/warum-wird-russland-feindschaft-bei-kanzler-merz-und-anderen-zur-obsession/@@images/image/great,2026-09-17T09:04:00Z,,"„Ich werde von meiner Grundüberzeugung, dass wir unsere Freiheit gerade jetzt gegen Russland verteidigen müssen, keinen Millimeter abweichen“, hat Friedrich Merz am Tag nach der Sachsen-Anhalt-Wahl v… [+5042 chars]",,de,'Russland'
https://www.focus.de/politik/ausland/ein-bewaffneter-soldat-und-eine-wahlurne-so-fuehrt-russland-parlamentswahlen-in-besetzten-gebieten-durch_fc2b7c4e-1af4-4825-87a6-54937732d432.html,https://www.focus.de/politik/ausland/ein-bewaffneter-soldat-und-eine-wahlurne-so-fuehrt-russland-parlamentswahlen-in-besetzten-gebieten-durch_fc2b7c4e-1af4-4825-87a6-54937732d432.html,0,www.focus.de,Ein bewaffneter Soldat und eine Wahlurne: So führt Russland Parlamentswahlen in besetzten Gebieten durch,"Russland stimmt über ein neues Parlament ab. In besetzten ukrainischen Gebieten stehen Wähler unter Bewachung bewaffneter Soldaten, während Drohnenangriffe die Angst im Land verschärfen.","https://quadro.burda-forward.de/ctf/71dd9edc-2dd1-41f9-b821-be851968cbe9.bdcdf5e4-b871-4a0f-ab31-cec190d83c49.jpeg?im=RegionOfInterestCrop=(1200,630),regionOfInterest=(1146,569)&hash=073bdac182bc1c629869f4bb7e6ed8c61119ccf3af1bb2cd8a04fc70ea4e021b",2026-09-17T09:06:00Z,,Russland hält vom 18. bis 20. September 2026 seine Parlamentswahl ab. Erstmals seit Beginn der russischen Vollinvasion der Ukraine können auch Menschen in den von Moskau besetzten ukrainischen Gebiet… [+2395 chars],,de,'Russland'
https://www.n-tv.de/politik/Russland-setzt-neuen-Marschflugkoerper-Typ-gegen-Ukraine-ein-id31315755.html,https://www.n-tv.de/politik/Russland-setzt-neuen-Marschflugkoerper-Typ-gegen-Ukraine-ein-id31315755.html,0,www.n-tv.de,Viele Verletzte nach Angriff: Russland setzt neuen Marschflugkörper-Typ gegen Ukraine ein,"In der Nacht überzieht Russland sein Nachbarland erneut mit massiven Luftangriffen. In Kiew werden nach ukrainischen Angaben mindestens 18 Menschen verletzt, darunter Kinder. Neuerdings setzt Russland auch einen Waffentypen ein, der besonders einen Vorteil ge…",https://www.n-tv.de/img/31315778/1789640786/Img_16_9/1200/image.jpg,2026-09-17T09:50:28Z,,"Viele Verletzte nach AngriffRussland setzt neuen Marschflugkörper-Typ gegen Ukraine ein 
In der Regionalhauptstadt Odessa am Schwarzen Meer wurden bei russischen Angriffen Wohngebäude beschädigt. (F… [+4178 chars]",,de,'Ukraine'
https://www.focus.de/politik/ausland/schutz-fuer-den-winter-die-ukraine-schickt-das-italienisch-schweizerische-luftabwehrsystem-skyguard-an-die-front_54268bb3-75e4-44c3-b8be-feb2e24a9791.html,https://www.focus.de/politik/ausland/schutz-fuer-den-winter-die-ukraine-schickt-das-italienisch-schweizerische-luftabwehrsystem-skyguard-an-die-front_54268bb3-75e4-44c3-b8be-feb2e24a9791.html,0,www.focus.de,Schutz für den Winter: Die Ukraine schickt das italienisch-schweizerische Luftabwehrsystem „Skyguard“ an die Front,Die Ukraine stärkt ihre Luftabwehr vor dem Winter mit einem weiteren westlichen System. Die Armee nutzt nun Skyguard/Aspide gegen Bedrohungen aus der Luft.,"https://quadro.burda-forward.de/ctf/cbddfcac-b2f2-4bed-9488-8ffc3739edcf.5ae2b36e-892f-410c-ae59-953f1a85ef66.jpg?im=RegionOfInterestCrop=(1200,630),regionOfInterest=(1542,1358)&hash=24109f069437e046bd13abd175795395dd25e372d6c731dac53c3cd7dc57cf81",2026-09-17T09:58:00Z,,"Die Ukraine hat das italienisch-schweizerische Luftabwehrsystem Skyguard/Aspide in Dienst gestellt. Die Streitkräfte veröffentlichten Aufnahmen auf Facebook, die das System beim Beladen und in Bereit… [+2505 chars]",,de,'Ukraine'
https://www.welt.de/politik/deutschland/plus6aaa8c28a9420481bd2138fd/afd-politiker-lucassen-angriffskrieg-legitimiert-schlaege-gegen-militaerische-ziele-auf-gegnerischem-gebiet.html,https://www.welt.de/politik/deutschland/plus6aaa8c28a9420481bd2138fd/afd-politiker-lucassen-angriffskrieg-legitimiert-schlaege-gegen-militaerische-ziele-auf-gegnerischem-gebiet.html,0,www.welt.de,„Angriffskrieg legitimiert Schläge gegen militärische Ziele auf gegnerischem Gebiet“,"Nach einer Ukraine-Reise erklärt der AfD-Verteidigungspolitiker Lucassen, warum er deutsche Waffenlieferungen ablehnt. Er kritisiert eine starke Russland-Freundlichkeit in seiner Partei – und macht Höcke einen Vorwurf.",https://images.welt.de/6aaa8c28a9420481bd2138fd/aec5fc854c039a89d664eba9be324a19-master/ci16x9-w1200/546608216-jpg,2026-09-17T10:03:51Z,,"Nach einer Ukraine-Reise erklärt der AfD-Verteidigungspolitiker Lucassen, warum er deutsche Waffenlieferungen ablehnt. Er kritisiert eine starke Russland-Freundlichkeit in seiner Partei und macht Höc… [+16 chars]",,de,'Angriff'
https://www.welt.de/politik/deutschland/plus6aaa8c28a9420481bd2138fd/afd-politiker-lucassen-es-gibt-in-grossen-teilen-meiner-partei-und-fraktion-eine-grosse-affinitaet-zu-russland.html,https://www.welt.de/politik/deutschland/plus6aaa8c28a9420481bd2138fd/afd-politiker-lucassen-es-gibt-in-grossen-teilen-meiner-partei-und-fraktion-eine-grosse-affinitaet-zu-russland.html,0,www.welt.de,„Es gibt in großen Teilen meiner Partei und Fraktion eine große Affinität zu Russland“,"Nach einer Ukraine-Reise erklärt der AfD-Verteidigungspolitiker Lucassen, warum er deutsche Waffenlieferungen ablehnt. Er kritisiert eine starke Russland-Freundlichkeit in seiner Partei – und macht Höcke einen Vorwurf.",https://images.welt.de/6aaa8c28a9420481bd2138fd/aec5fc854c039a89d664eba9be324a19-master/ci16x9-w1200/546608216-jpg,2026-09-17T10:03:51Z,,"Nach einer Ukraine-Reise erklärt der AfD-Verteidigungspolitiker Lucassen, warum er deutsche Waffenlieferungen ablehnt. Er kritisiert eine starke Russland-Freundlichkeit in seiner Partei und macht Höc… [+16 chars]",,de,'Waffen'
https://www.faz.net/aktuell/politik/ukraine/die-neuen-russland-sanktionen-der-usa-staerken-trump-201235495.html,https://www.faz.net/aktuell/politik/ukraine/die-neuen-russland-sanktionen-der-usa-staerken-trump-201235495.html,0,www.faz.net,Russland-Sanktionen: Ein schaler Beigeschmack auch für Europa,Mit neuen Russland-Sanktionen bekennt Washington endlich Farbe – einerseits. Andererseits darf Trump einen neuen Zoll-Knüppel schwingen. Er wird dabei nicht nur an Kiew denken.,https://media0.faz.net/image/w1200h627/6195ae6237a8/w3000h1567x0y121o/202510/43601.0.1397603218/eine-echte-abkehr-der.webp,2026-09-17T10:25:12Z,,Zum ersten Mal seit Donald Trumps zweitem Amtsantritt hat der Kongress mit einem weitreichenden Gesetz über Russland-Sanktionen klar Position zugunsten der Ukraine bezogen. Das ist nicht zuletzt das … [+2691 chars],,de,'Russland'
https://www.morgenpost.de/politik/article412317251/ukraine-krieg-russland-news-aktuell-putin-selenskyj-sanktionen-usa-china-indien.html,https://www.morgenpost.de/politik/article412317251/ukraine-krieg-russland-news-aktuell-putin-selenskyj-sanktionen-usa-china-indien.html,0,www.morgenpost.de,Wadephul lobt US-Sanktionspaket – China und Indien geraten unter Druck,"Der US-Kongress hat ein Sanktionspaket gegen Russland verabschiedet. Aus China kommt, Indien pocht auf eigene Energiesicherheit. News im Blog.",https://img.sparknews.funkemedien.de/413179758/413179758_1789640925_v16_9_1600.jpeg,2026-09-17T10:28:45Z,,Nach der Entscheidung für verschärfte Russland-Sanktionen im US-Kongress will Indien eigenen Angaben zufolge weiterhin Öl von diversifizierten Lieferanten beziehen. Das indische Außenministerium erkl… [+1675 chars],,de,'Russland'
https://www.focus.de/politik/ausland/russlands-aussenminister-sergei-lawrow-warnt-europa-vor-einem-sehr-kurzen-krieg-sollte-russland-angegriffen-werden_4ee4f79d-b4dc-4394-b7e2-b01feaf2f63b.html,https://www.focus.de/politik/ausland/russlands-aussenminister-sergei-lawrow-warnt-europa-vor-einem-sehr-kurzen-krieg-sollte-russland-angegriffen-werden_4ee4f79d-b4dc-4394-b7e2-b01feaf2f63b.html,0,www.focus.de,"Russlands Außenminister Sergei Lawrow warnt Europa vor einem „sehr kurzen“ Krieg, sollte Russland angegriffen werden","Russlands Außenminister Sergei Lawrow warnt vor einem schnellen Krieg, sollte Europa Russland angreifen. Gleichzeitig verschärfen sich die Spannungen zwischen Moskau und europäischen Staaten.","https://quadro.burda-forward.de/ctf/3ce4307c-5964-4803-ac9f-3041c4e71c7d.807ce949-d094-4b00-8ff2-32087deb1f94.jpg?im=RegionOfInterestCrop=(1200,630),regionOfInterest=(2635,1382)&hash=318a35067c9b341aceb2b1cccc54212df3977fe9d953ccdd70dc4f6b1deee4d0",2026-09-17T10:30:00Z,,"Russlands Außenminister Sergei Lawrow warnt vor den Folgen eines möglichen Krieges mit Europa. Russland habe kein Interesse an einem Angriff auf westliche Staaten, sagte Lawrow am Mittwoch beim Inter… [+2295 chars]",,de,'Russland'
https://www.tagesschau.de/ausland/europa/russland-twer-stimmung-wahl-100.html,https://www.tagesschau.de/ausland/europa/russland-twer-stimmung-wahl-100.html,0,www.tagesschau.de,Was Wähler in Russlands Provinz beschäftigt,"Brennende Ölterminals, Drohnenangriffe, Benzinmangel an den Tankstellen: Wird sich die aktuelle Situation in Russland auf die Parlamentswahl ab Freitag auswirken? Eine Reportage aus der Stadt Twer. Von S. Diettrich.",https://images.tagesschau.de/image/25a4731c-a31d-4007-a72f-319aa2930bb9/AAABoKtIl0g/AAABnSSvrFg/16x9-big/sendungsbild-1797206.jpg?width=1280,2026-09-17T10:33:12Z,,"Stand: 17.09.2026 12:33 Uhr
Brennende Ölterminals, Drohnenangriffe, Benzinmangel an den Tankstellen: Wird sich die aktuelle Situation in Russland auf die Parlamentswahl ab Freitag auswirken? Eine Re… [+7231 chars]",,de,'Russland'
https://www.focus.de/politik/ausland/russischer-drohnenangriff-zerstoert-lager-von-selenskyjs-ehemaligem-fernsehstudio-eine-grosse-zahl-an-requisiten-geht-dabei-verloren_d49d522c-0739-4bd8-a0c1-62bc417c8cf7.html,https://www.focus.de/politik/ausland/russischer-drohnenangriff-zerstoert-lager-von-selenskyjs-ehemaligem-fernsehstudio-eine-grosse-zahl-an-requisiten-geht-dabei-verloren_d49d522c-0739-4bd8-a0c1-62bc417c8cf7.html,0,www.focus.de,Russischer Drohnenangriff zerstört Lager von Selenskyjs ehemaligem Fernsehstudio – eine „große Zahl“ an Requisiten geht dabei verloren,Bei einem russischen Angriff auf Kiew wurde die frühere Produktionsfirma von Wolodymyr Selenskyj getroffen. Requisiten aus 20 Jahren Arbeit gingen dadurch verloren.,"https://quadro.burda-forward.de/ctf/37ebb0cc-6fa9-464d-861d-c806f67d8102.16725dbc-1112-43a1-8b4c-8c0232011664.jpeg?im=RegionOfInterestCrop=(1200,630),regionOfInterest=(1043,607)&hash=74a57f00bffe78bf02661eb5d359d59074c81f1f870aba72eb64c366e0402f5d",2026-09-17T10:48:00Z,,"Ein russischer Drohnenangriff hat in Kiew ein Lager der Produktionsfirma Kvartal 95 zerstört, die Präsident Wolodymyr Selenskyj einst mitgegründet hatte. Verletzt wurde niemand, teilte das Studio am … [+1084 chars]",,de,'Russland'
https://www.faz.net/aktuell/politik/ukraine/ukraine-liveticker-babis-fordert-ein-airbus-fuer-europas-luftverteidigung-faz-110683325.html,https://www.faz.net/aktuell/politik/ukraine/ukraine-liveticker-babis-fordert-ein-airbus-fuer-europas-luftverteidigung-faz-110683325.html,0,www.faz.net,Liveblog Ukrainekrieg: Babiš fordert ein „Airbus“ für Europas Luftverteidigung,Prager Regierungschef will System wie „Patriot“ aus Europa +++ US-Kongress stimmt für verschärfte Russland-Sanktionen +++ Wadephul nennt Beschluss „ein starkes Signal“ +++ alle Neuigkeiten im Liveblog,https://media0.faz.net/image/w1200h627/8e3c8f1fa09c/w7210h3767x0y524o/202606/43601.0.2260594232/vorstoss-aus-prag-der.webp,2026-09-17T10:56:58Z,,"Die Drohne, die in der Nacht auf Dienstag über Litauen von einem NATO-Kampfflugzeug abgeschossen wurde, stammt laut den litauischen Behörden aus Russland. Litauens Präsident Gitanas Nausda sagte am M… [+2299 chars]",,de,'Ukraine'
https://www.telepolis.de/article/Krieg-mit-Russland-Deutschlands-Gesundheitssystem-waere-in-Tagen-am-Limit-11456553.html,https://www.telepolis.de/article/Krieg-mit-Russland-Deutschlands-Gesundheitssystem-waere-in-Tagen-am-Limit-11456553.html,0,www.telepolis.de,Krieg mit Russland: Deutschlands Gesundheitssystem wäre in Tagen am Limit,"90 Prozent der Arztpraxen fühlen sich unvorbereitet, Medikamente fehlen schon im Frieden. Ärztekammer und Forschungsinstitute warnen.",https://heise.cloudimg.io/v7/_www-heise-de_/imgs/18/5/1/6/6/7/9/5/shutterstock_1530542450-b90698e52ee7cda1.jpg?func=bound&height=1200&org_if_sml=1&q=85&width=1200,2026-09-17T11:00:00Z,,"(Bild: Elnur/Shutterstock.com)
90 Prozent der Arztpraxen fühlen sich unvorbereitet, Medikamente fehlen schon im Frieden. Ärztekammer und Forschungsinstitute warnen.
Deutschland soll kriegstüchtig w… [+12029 chars]",,de,'Russland'
https://www.sueddeutsche.de/politik/russland-putin-wahl-duma-li.3546751,https://www.sueddeutsche.de/politik/russland-putin-wahl-duma-li.3546751,0,www.sueddeutsche.de,Russland: Krieg ist nicht das beste Wahlkampfthema,Kurz vor den Wahlen reist Präsident Putin durch ein verunsichertes Russland. Immer wieder wirbt er für seine „Militäroperation“ in der Ukraine – und behindert damit den Wahlkampf seiner eigenen Partei.,https://www.sueddeutsche.de/2026/09/17/ec3fae72-d196-4fdc-bdbc-f2385d4a2594.jpg?q=60&fm=webp&width=1200&rect=109%2C121%2C2208%2C1242,2026-09-17T11:06:41Z,,"Wladimir Putin war in letzter Zeit ungewöhnlich sichtbar. Im Sommer reiste er auf großer Tour durch Sibirien und darüber hinaus, traf sich mit 20 Gouverneuren, wie die Zeitung Wedomosti berichtete, t… [+417 chars]",,de,'Russland'
https://www.tagesspiegel.de/kultur/so-gut-ist-der-neue-tatort-und-das-soll-der-letzte-mensch-von-koln-sein-16057821.html,https://www.tagesspiegel.de/kultur/so-gut-ist-der-neue-tatort-und-das-soll-der-letzte-mensch-von-koln-sein-16057821.html,0,www.tagesspiegel.de,So gut ist der neue „Tatort“: Und das soll der letzte Mensch von Köln sein?,Mit einem Mordfall rund um die Prepper-Szene samt Apokalypse hätte der Kölner „Tatort“ einiges zu bieten. Am Ende dieses Krimis interessieren aber nur drei Fragen zur Krisenvorsorge.,https://www.tagesspiegel.de/images/16058554/alternates/BASE_16_9_W1400/1789552403000/tatort-die-letzten-menschen-von-koln.jpeg,2026-09-17T11:32:58Z,,Chaos in einer deutschen Großstadt. Die Russen haben eine Atombombe über Düsseldorf abgeworfen. In Köln haben sich die letzten Überlebenden in einem Schutzbunker verschanzt. Mittendrin müssen die Kom… [+2975 chars],,de,'Krise'
https://www.faz.net/aktuell/politik/usa-unter-trump/donald-trump-und-die-russland-sanktionen-zoelle-gegen-verbuendete-accg-201235583.html,https://www.faz.net/aktuell/politik/usa-unter-trump/donald-trump-und-die-russland-sanktionen-zoelle-gegen-verbuendete-accg-201235583.html,0,www.faz.net,Kongressabstimmung: Sanktionen gegen Moskau oder Zölle gegen Freunde?,"Der Kongress hat einen neuen Gesetzentwurf für schärfere Russland-Sanktionen verabschiedet. Kritiker befürchten, Trump könne damit gegen Verbündete vorgehen.",https://media0.faz.net/image/w1200h627/b20e811a0a9f/w5246h2741x0y375o/202607/43601.0.2363705357/ein-tanker-vor-einem.webp,2026-09-17T11:52:52Z,,"Geht es nach den Unterstützern, war es ein großer Erfolg, als das Repräsentantenhaus am Mittwoch für schärfere Sanktionen gegen Russland stimmte. Unterschreibt Präsident Donald Trump den Gesetzentwur… [+3168 chars]",,de,'Russland'
https://www.faz.net/aktuell/feuilleton/medien-und-film/medienpolitik/russische-desinformation-ueber-bundeskanzler-friedrich-merz-201236846.html,https://www.faz.net/aktuell/feuilleton/medien-und-film/medienpolitik/russische-desinformation-ueber-bundeskanzler-friedrich-merz-201236846.html,0,www.faz.net,Aus Russland gesteuert: Propaganda gegen Merz,Die gegen Friedrich Merz persönlich gerichtete Desinformation aus Russland hat sich laut Verfassungsschutz zuletzt spürbar verstärkt. Verwundern kann das nicht.,https://media0.faz.net/image/w1200h627/9622d02bc953/w6000h3135x0y514o/202609/43601.0.2559844022/die-russische-propaganda-hat.webp,2026-09-17T16:03:54Z,,"Der Verfassungsschutz, schreibt das Handelsblatt, stelle seit einigen Wochen fest, dass die russische Desinformation, die sich direkt gegen Friedrich Merz richtet, massiv zugenommen habe. Seit Ende J… [+2199 chars]",,de,'Russland'
https://www.faz.net/aktuell/politik/ukraine/ukraine-liveticker-tusk-warnt-vor-hybriden-angriffen-russlands-auf-verbuendete-der-ukraine-faz-110683325.html,https://www.faz.net/aktuell/politik/ukraine/ukraine-liveticker-tusk-warnt-vor-hybriden-angriffen-russlands-auf-verbuendete-der-ukraine-faz-110683325.html,0,www.faz.net,Liveblog Ukrainekrieg: Tusk warnt vor „hybriden Angriffen“ Russlands auf Verbündete der Ukraine,Polnischer Ministerpräsident: Russland will Zusammenhalt innerhalb der NATO schwächen +++ Babiš fordert ein „Airbus“ für Europas Luftverteidigung +++ US-Kongress stimmt für verschärfte Russland-Sanktionen +++ alle Neuigkeiten im Liveblog,https://media0.faz.net/image/w1200h627/de641aa0dd3f/w7040h3678x0y252o/202609/43601.0.2563019886/donald-tusk-am-donnerstag-in.webp,2026-09-17T17:47:39Z,,"Die Drohne, die in der Nacht auf Dienstag über Litauen von einem NATO-Kampfflugzeug abgeschossen wurde, stammt laut den litauischen Behörden aus Russland. Litauens Präsident Gitanas Nausda sagte am M… [+2299 chars]",,de,'Ukraine'
https://www.tagesschau.de/inland/innenpolitik/generalkonsulat-russland-schliessung-102.html,https://www.tagesschau.de/inland/innenpolitik/generalkonsulat-russland-schliessung-102.html,0,www.tagesschau.de,Nach Schließung des Konsulats: Deutschlands schwieriger Kurs gegenüber Russland,"Flagge eingeholt, Personal ausgeflogen: Das russische Generalkonsulat in Bonn ist seit heute als Reaktion auf den Leipziger Drohnen-Vorfall geschlossen. Außenminister Wadephul nennt das eine harte Reaktion, er setzt aber weiter auf Dialog. Von M. Sambale.",https://images.tagesschau.de/image/5a92fa85-2d0e-4be9-8ceb-97867f2491e1/AAABoLG39ZA/AAABnSSvrFg/16x9-big/generalkonsulat-russland-bonn-100.jpg?width=1280,2026-09-18T02:52:54Z,,"Stand: 18.09.2026 04:52 Uhr
Flagge eingeholt, Personal ausgeflogen: Das russische Generalkonsulat in Bonn ist seit heute als Reaktion auf den Leipziger Drohnen-Vorfall geschlossen. Außenminister Wad… [+3218 chars]",,de,'Erdöl'
https://www.faz.net/aktuell/feuilleton/debatten/was-jetzt-hilft-energiekrise-tankrabatt-und-die-lehre-aus-der-oelkrise-von-1973-accg-201233661.html,https://www.faz.net/aktuell/feuilleton/debatten/was-jetzt-hilft-energiekrise-tankrabatt-und-die-lehre-aus-der-oelkrise-von-1973-accg-201233661.html,0,www.faz.net,Wege aus der Energiekrise: Mit Benzin fährt man langfristig an die Wand,"Die Kraftstoffpreise erreichen Rekordwerte, Rufe nach kurzfristiger Entlastung werden laut. Doch die Erfahrung der Ölkrise von 1973 zeigt: Krisenfest machen uns erst langfristige Veränderungen.",https://media0.faz.net/image/w1200h627/d59f6cb944ed/w5098h2663x0y383o/202609/43601.0.2559924847/die-kraftstoffpreise-an-einer.webp,2026-09-18T11:22:19Z,,"Die Kraftstoffpreise in Deutschland haben neue Höchststände erreicht. Mitte September kostete Superbenzin der Sorte E10 im bundesweiten Tagesdurchschnitt rund 2,31 Euro je Liter. Diesel lag mit etwa … [+7877 chars]",,de,'Krise'
https://www.focus.de/politik/ausland/jemen-krieg-verschaerft-die-humanitaere-krise-22-millionen-menschen-brauchen-hilfe-mindestens-112-000-wurden-vertrieben_f1652305-1056-4450-ab25-f6d6e0e4964c.html,https://www.focus.de/politik/ausland/jemen-krieg-verschaerft-die-humanitaere-krise-22-millionen-menschen-brauchen-hilfe-mindestens-112-000-wurden-vertrieben_f1652305-1056-4450-ab25-f6d6e0e4964c.html,0,www.focus.de,"Jemen-Krieg verschärft die humanitäre Krise: 22 Millionen Menschen brauchen Hilfe, mindestens 112.000 wurden vertrieben",Bombardierungen und Kämpfe treiben die Menschen aus dem Jemen. Mehr als 100.000 wurden allein in den vergangenen zwei Wochen vertrieben.,"https://quadro.burda-forward.de/ctf/1ce0ce4a-aeff-4a8c-8741-dcac1406b149.1afb6f55-6d0d-4f54-869d-f604efb2a236.jpeg?im=RegionOfInterestCrop=(1200,630),regionOfInterest=(1024,683)&hash=5fcfcd5edb2bbae5d401c49383ddc6981f183c7dc8ec54fe34914993503f26d1",2026-09-18T12:49:00Z,,"Die Kämpfe im Jemen haben nach UN-Angaben die desolate Lage der Menschen noch verschlimmert. Die Krise wächst stündlich, sagt Francesco Galtieri, Vertreter des UN-Bevölkerungsfonds (UNFPA), der für s… [+2170 chars]",,de,'Krise'
https://www.tagesspiegel.de/internationales/dpa-duma-wahl-in-russland-putins-kriegswahl-russland-wahlt-neues-parlament-16071212.html,https://www.tagesspiegel.de/internationales/dpa-duma-wahl-in-russland-putins-kriegswahl-russland-wahlt-neues-parlament-16071212.html,0,www.tagesspiegel.de,Duma-Wahl in Russland: Putins Kriegswahl - Russland wählt neues Parlament,"Zum ersten Mal seit Beginn des Angriffskriegs gegen die Ukraine wählt Russland ein neues Parlament. Die Opposition ist nicht zugelassen. Kremlchef Putin erwartet, dass sein Kriegskurs bestätigt wird.",https://www.tagesspiegel.de/images/16071211/alternates/BASE_16_9_W1400/1789736981000/vor-den-parlamentswahlen-in-russland.jpeg,2026-09-18T13:09:41Z,,In Russland hat unter dem Eindruck des Angriffskrieges von Kremlchef Wladimir Putin gegen die Ukraine die dreitägige Parlamentswahl begonnen. Gleich am ersten Tag mussten wegen Drohnenalarms in der S… [+5018 chars],,de,'Angriff'
https://www.bild.de/sport/fussball/hsv-polzin-vertrag-trotz-krise-deutliche-krueger-worte-an-kritiker-6aacebbf7a2a14cb01becf14,https://www.bild.de/sport/fussball/hsv-polzin-vertrag-trotz-krise-deutliche-krueger-worte-an-kritiker-6aacebbf7a2a14cb01becf14,0,www.bild.de,Neuer Polzin-Vertrag trotz Krise - Deutliche Krüger-Worte an HSV-Kritiker,Rund um die Verlängerung der Verträge von Merlin Polzin und seinem Team äußerten sich die HSV-Bosse auch zum Zeitpunkt während der Krise.,"https://images.bild.de/6aacebbf7a2a14cb01becf14/a0fccba40b2a9c3a5e3a6bf309b1886c,acc1c6f2?w=1280",2026-09-18T13:12:25Z,,"Drei Spiele, drei Pleiten und 0:12 Tore: In der Start-Krise des HSV setzt der Verein ein Zeichen und verlängert die Verträge des Trainerteams rund um Merlin Polzin.
Rund um die offizielle Verkündung… [+157 chars]",,de,'Krise'
https://www.tagesspiegel.de/internationales/wegen-irgendeines-artikels-5-slowakischer-regierungschef-stellt-beistandspflicht-der-nato-infrage-16068866.html,https://www.tagesspiegel.de/internationales/wegen-irgendeines-artikels-5-slowakischer-regierungschef-stellt-beistandspflicht-der-nato-infrage-16068866.html,0,www.tagesspiegel.de,„Wegen irgendeines Artikels 5“: Slowakischer Regierungschef stellt Beistandspflicht der Nato infrage,"Robert Fico will sein Land aus einem Konflikt mit Russland heraushalten. Es gebe Versuche, „einen Vorwand für einen größeren Konflikt zwischen der Nato und Russland“ zu finden, meint der Ministerpräsident.",https://www.tagesspiegel.de/images/16068882/alternates/BASE_16_9_W1400/1789721630000/v4-country-pms-meet-pm-of-ireland-in-slovakia.jpeg,2026-09-18T13:24:40Z,,"Der slowakische Ministerpräsident Robert Fico hat Zweifel gesät, ob sein Land einem Nato-Verbündeten im Kriegsfall zur Hilfe käme. Ich möchte nicht, dass die Slowakei wegen irgendeines Artikels 5 in … [+4529 chars]",,de,'Krise'
https://www.focus.de/sport/fussball/bundesliga-im-ticker-freiburg-trifft-auf-ex-atubolu-kriselnder-hsv-gegen-koeln_761a2ed9-3cc4-4b28-81f3-b0a0316bc953.html,https://www.focus.de/sport/fussball/bundesliga-im-ticker-freiburg-trifft-auf-ex-atubolu-kriselnder-hsv-gegen-koeln_761a2ed9-3cc4-4b28-81f3-b0a0316bc953.html,0,www.focus.de,Bundesliga im Ticker: Freiburg trifft auf Ex Atubolu – Kriselnder HSV gegen Köln,Noah Atubolu steht beim Duell Frankfurt gegen Freiburg im Fokus. Die punktlosen Teams Hamburg (gegen Köln) und Mönchengladbach (gegen Mainz) wollen die ersten Zähler. Bremen empfängt Augsburg. Die Bundesliga im Ticker.,"https://quadro.burda-forward.de/ctf/377dfc63-6f57-4120-b289-07ddcf477d07.753d45b9-5aa8-48bb-be7c-1ffac38cefb1.jpeg?im=RegionOfInterestCrop=(1200,630),regionOfInterest=(990,484)&hash=97f25619f6d2fb9b181c874df816783cad530dc113fe924635202d961a4b3c80",2026-09-18T13:42:00Z,,Da kommt etwas zu auf Noah Atubolu. Schon vor dem anstehenden Abstecher zur Nationalmannschaft. 22 Tore in sechs Pflichtspielen hat der SC Freiburg in dieser Saison bereits erzielt. Nun stellt sich E… [+1670 chars],,de,'Krise'
https://www.sueddeutsche.de/projekte/artikel/wirtschaft/benzinpreis-spritpreis-grafiken-diesel-e724133/,https://www.sueddeutsche.de/projekte/artikel/wirtschaft/benzinpreis-spritpreis-grafiken-diesel-e724133/,0,www.sueddeutsche.de,Benzinpreise: Die Spritpreis-Krise in Grafiken,"An der Tankstelle muss man schmerzhaft tief in die Tasche greifen, die Bundesregierung einigt sich offenbar auf Möglichkeiten der Entlastung. Die Benzinkrise in Grafiken.","https://www.sueddeutsche.de/projekte/artikel/wirtschaft/benzinpreis-spritpreis-grafiken-diesel-e724133/325d35237e5b34fff3e2c8e1aa04e7a2ce2118982c5a4f750e12d74f0b7c7f7d_w2400_h1256_r40,0,2079,1088_q70.jpg",2026-09-18T15:38:00Z,,"Die Benzinpreise in Europa unterscheiden sich, auch wegen aktueller Maßnahmen: Italien etwa hat die Diesel-Steuer gesenkt, in Kroatien gilt ein Preisdeckel.",,de,'Krise'
https://www.welt.de/sport/fussball/bundesliga/hamburger-sv/article6aad4f2f7a2a14cb01bedd03/hsv-null-punkte-null-tore-der-seltsame-zeitpunkt-der-vertragsverlaengerung-mit-trainer-polzin.html,https://www.welt.de/sport/fussball/bundesliga/hamburger-sv/article6aad4f2f7a2a14cb01bedd03/hsv-null-punkte-null-tore-der-seltsame-zeitpunkt-der-vertragsverlaengerung-mit-trainer-polzin.html,0,www.welt.de,"Null Punkte, null Tore – der seltsame Zeitpunkt der Vertragsverlängerung mit Trainer Polzin","Der HSV steht am Tabellenende, durchlebt eine große Krise und hat in drei Ligaspielen noch nicht einmal ein Tor erzielt. Trotzdem verlängert der Verein den Vertrag mit Trainer Merlin Polzin.",https://images.welt.de/6aad4f2f7a2a14cb01bedd03/176176989f2064902f4b897af6b9ec97-master/ci16x9-w1200/gyi-2295423781-jpg,2026-09-18T15:38:03Z,,"Der HSV steht am Tabellenende, durchlebt eine große Krise und hat in drei Ligaspielen noch nicht einmal ein Tor erzielt. Trotzdem verlängert der Verein den Vertrag mit Trainer Merlin Polzin.Klicken S… [+3015 chars]",,de,'Krise'
https://www.faz.net/aktuell/wirtschaft/unternehmen/volkswagen-gewinnprognose-2026-auf-ein-prozent-gekuerzt-201241798.html,https://www.faz.net/aktuell/wirtschaft/unternehmen/volkswagen-gewinnprognose-2026-auf-ein-prozent-gekuerzt-201241798.html,0,www.faz.net,aUTOKONZERN SCHWÄCHELT: VW rechnet dieses Jahr kaum noch mit Gewinn,Der größte Autohersteller Europas steckt seit Langem in einer Krise. Nun hat der Konzern seine Gewinnprognose deutlich nach unten korrigiert.,https://media0.faz.net/image/w1200h627/c68199b7a20e/w4286h2239x0y309o/202609/43601.0.2538852335/volkswagen-steckt-in-einer.webp,2026-09-18T16:04:56Z,,"Die anhaltende Marktschwäche in China, eine Milliardenabschreibung auf Porsche, die Kosten für den Konzernumbau und der Trend zu margenschwachen Elektroautos lassen den Gewinn bei Europas größtem Aut… [+1755 chars]",,de,'Krise'
https://www.tagesspiegel.de/wirtschaft/dpa-krise-in-der-autoindustrie-volkswagen-senkt-gewinnprognose-deutlich-16072936.html,https://www.tagesspiegel.de/wirtschaft/dpa-krise-in-der-autoindustrie-volkswagen-senkt-gewinnprognose-deutlich-16072936.html,0,www.tagesspiegel.de,Krise in der Autoindustrie: Volkswagen senkt Gewinnprognose deutlich,"Milliarden-Abschreibung auf Porsche, schwache China-Geschäfte und teurer Konzernumbau: Bei VW läuft es schlechter als erwartet. 2026 könnte Europas größter Autokonzern nur einen Mini-Gewinn einfahren.",https://www.tagesspiegel.de/images/16072935/alternates/BASE_16_9_W1400/1789753333000/volkswagen.jpeg,2026-09-18T17:42:12Z,,"Wegen einer milliardenschweren Abschreibung auf Porsche, schwacher Geschäfte in China und weiterer Kosten für den Konzernumbau senkt VW seine Prognose für das Geschäftsjahr 2026. Der Autobauer rechne… [+3802 chars]",,de,'Krise'
https://www.welt.de/wirtschaft/article6aad7cf7b1857e86757a688c/energiepreise-starkes-signal-fuer-unser-land-17-cent-weniger-pro-liter-bund-und-laender-beschliessen-tankrabatt.html,https://www.welt.de/wirtschaft/article6aad7cf7b1857e86757a688c/energiepreise-starkes-signal-fuer-unser-land-17-cent-weniger-pro-liter-bund-und-laender-beschliessen-tankrabatt.html,0,www.welt.de,"„Starkes Signal für unser Land“ – 17 Cent weniger pro Liter, Bund und Länder beschließen Tankrabatt","Benzin und Diesel sollen bis Ende 2026 günstiger werden. Ein Beschlusspapier, das WELT und POLITICO vorliegt, sieht eine Entlastung von rund 2,5 Milliarden Euro vor. Danach soll ein krisenbedingter Preisdeckel folgen.",https://images.welt.de/6aad7cf7b1857e86757a688c/8274ae3f0b3e36025c2e010d3cc002a0-master/ci16x9-w1200/619571146-jpg,2026-09-18T18:05:50Z,,"Benzin und Diesel sollen bis Ende 2026 günstiger werden. Ein Beschlusspapier, das WELT und POLITICO vorliegt, sieht eine Entlastung von rund 2,5 Milliarden Euro vor. Danach soll ein krisenbedingter P… [+7853 chars]",,de,'Krise'
https://www.derstandard.at/story/3000000340460/angriff-auf-polizeiwache-in-pakistan-zahl-der-toten-auf-31-gestiegen,https://www.derstandard.at/story/3000000340460/angriff-auf-polizeiwache-in-pakistan-zahl-der-toten-auf-31-gestiegen,0,www.derstandard.at,Angriff auf Polizeiwache in Pakistan: Zahl der Toten auf 31 gestiegen,Die pakistanischen Behörden meldeten mehr als hundert Verletzte,https://i.ds.at/K5M3LQ/rs:fill:1200:600/plain/lido-images/2026/09/19/5da00e69-a32b-4b0a-9e82-8e636213d8d5.jpg,2026-09-19T05:17:14Z,,"Sie entscheiden darüber, wie Sie unsere Inhalte nutzen wollen. Ihr Gerät erlaubt uns derzeit leider nicht, die entsprechenden Optionen anzuzeigen.
Bitte deaktivieren Sie sämtliche Hard- und Software… [+180 chars]",,de,'Angriff'
https://www.focus.de/politik/ausland/krieg-mit-europa-waere-sehr-kurz-russlands-aussenminister-lawrow-verschaerft-die-rhetorik-gegenueber-europa_4ee4f79d-b4dc-4394-b7e2-b01feaf2f63b.html,https://www.focus.de/politik/ausland/krieg-mit-europa-waere-sehr-kurz-russlands-aussenminister-lawrow-verschaerft-die-rhetorik-gegenueber-europa_4ee4f79d-b4dc-4394-b7e2-b01feaf2f63b.html,0,www.focus.de,„Krieg mit Europa wäre sehr kurz“: Russlands Außenminister Lawrow verschärft die Rhetorik gegenüber Europa,Der russische Außenminister Sergei Lawrow verschärft die Rhetorik gegenüber Europa. Er reagiert damit auf Aussagen seines polnischen Amtskollegen Radosław Sikorski.,"https://quadro.burda-forward.de/ctf/3ce4307c-5964-4803-ac9f-3041c4e71c7d.807ce949-d094-4b00-8ff2-32087deb1f94.jpg?im=RegionOfInterestCrop=(1200,630),regionOfInterest=(2635,1382)&hash=318a35067c9b341aceb2b1cccc54212df3977fe9d953ccdd70dc4f6b1deee4d0",2026-09-19T05:29:00Z,,"Russlands Außenminister Sergei Lawrow warnt vor den Folgen eines möglichen Krieges mit Europa. Russland habe kein Interesse an einem Angriff auf westliche Staaten, sagte Lawrow am Mittwoch beim Inter… [+2553 chars]",,de,'Russland'
https://www.focus.de/politik/ausland/wir-sehen-bereits-erste-erfolge-ukrainische-raketen-erhalten-eine-neue-ausgekluegelte-eigenschaft_e0fe7776-0652-48ef-bb43-e12a7ae998cc.html,https://www.focus.de/politik/ausland/wir-sehen-bereits-erste-erfolge-ukrainische-raketen-erhalten-eine-neue-ausgekluegelte-eigenschaft_e0fe7776-0652-48ef-bb43-e12a7ae998cc.html,0,www.focus.de,„Wir sehen bereits erste Erfolge“ – Ukrainische Raketen erhalten eine neue ausgeklügelte Eigenschaft,Künstliche Intelligenz erfasst im Krieg nun auch neue Waffentypen. In der Ukraine wird die Technik nicht mehr nur in Drohnen eingebaut.,"https://quadro.burda-forward.de/ctf/28fd2dd0-f88e-45b2-ab2b-01bc4a146c82.4608c2ba-1c17-462a-a75b-b2329e9abc9e.jpg?im=RegionOfInterestCrop=(1200,630),regionOfInterest=(784,463)&hash=ceac78647ccb8de7e85422420a3a046021760aee8902aeaec6b72a02ee8db03a",2026-09-19T05:32:00Z,,"Die Ukraine entwickelt Angriffsraketen, die mit künstlicher Intelligenz arbeiten sollen. Bislang nutzte das Land solche Technik vor allem in Drohnen und Bodenrobotern.
Nach Angaben der staatlich unt… [+3203 chars]",,de,'Ukraine'
https://www.bild.de/politik/ausland-und-internationales/fehlalarm-im-amerikanischen-militaer-falsche-analyse-mit-ki-haette-fast-krieg-ausgeloest-6aae18a1b1857e86757a6d3b,https://www.bild.de/politik/ausland-und-internationales/fehlalarm-im-amerikanischen-militaer-falsche-analyse-mit-ki-haette-fast-krieg-ausgeloest-6aae18a1b1857e86757a6d3b,0,www.bild.de,Fehlalarm im US-Militär - Falsche KI-Analyse hätte fast Krieg ausgelöst,Mitten im Krieg zwischen den USA und dem Iran sorgt ein Geheimdienstbericht für Alarm.,"https://images.bild.de/6aae18a1b1857e86757a6d3b/c4b17f9193492cb643f484aa1101dc80,1fce0729?w=1280",2026-09-19T05:45:58Z,,TTS-Player überspringenArtikel weiterlesenWashington Mitten im Krieg zwischen den USA und dem Iran sorgt ein Geheimdienstbericht für Alarm. Ein chinesisches Schiff im Nahen Osten soll Komponenten ein… [+2371 chars],,de,'Angriff'
https://www.faz.net/aktuell/politik/inland/bundeswehr-generalinspekteur-breuer-im-interview-accg-201232720.html,https://www.faz.net/aktuell/politik/inland/bundeswehr-generalinspekteur-breuer-im-interview-accg-201232720.html,0,www.faz.net,General Breuer: „Daten sind das Schießpulver der Zukunft“,"Generalinspekteur Carsten Breuer ist der ranghöchste Soldat der Bundeswehr. Seine Aufgabe ist es, die Streitkräfte wieder zu ertüchtigen. Den Vorwurf, dabei kaufe er die falschen Waffen, will er nicht auf sich sitzen lassen.",https://media0.faz.net/image/w1200h627/63c4ac55faf6/w4326h2260x0y910o/202609/43601.0.2539299195/carsten-breuer-vor-der.webp,2026-09-19T06:57:59Z,,"Herr General Breuer, die Bundeswehr hat in den vergangenen vier Jahren für etwa 200 Milliarden Euro Waffen und Munition bestellt. Was von den Hubschraubern, Flugzeugen, Panzern und Fregatten ist inzw… [+13109 chars]",,de,'Angriff'
https://kaernten.orf.at/stories/3371800/,https://kaernten.orf.at/stories/3371800/,0,kaernten.orf.at,Festnahme nach Würge-Angriff und Rauferei,Bei einer Auseinandersetzung im Bezirk Villach-Land ist am Freitagabend ein 56-jähriger Mann verletzt worden. Ein 38-Jähriger wurde nach einem größeren Polizeieinsatz festgenommen. Laut Polizei soll der Mann zwei Frauen bedroht und zuvor eine 22-Jährige gewür…,https://ibs.orf.at/ktn?image=https%3A%2F%2Foekastatic.orf.at%2Fmojo%2F1_4_1%2Fstoryserver%2Foeka%2Fcommon%2Fimages%2Fog-fallback-ktn.png%3Fs%3Dd1ef40bef2ffd65644b4df37900c0e4d80e97249,2026-09-19T07:03:19Z,,"Am Freitag gegen 21.20 Uhr ist über den Polizeinotruf eine Rauferei mit mehreren Beteiligten im Bezirk Villach-Land gemeldet worden. Vor Ort trafen Polizeikräfte einen 56-jährigen Mann, eine 22-jähri… [+1524 chars]",,de,'Angriff'
https://orf.at/stories/3442626/,https://orf.at/stories/3442626/,0,orf.at,Pakistan: Bereits über 30 Tote nach Angriff auf Polizeiwache,,https://orf.at/mojo/1_4_1/storyserver//news/common/images/og-fallback-news.png,2026-09-19T07:12:23Z,,"Die Zahl der Todesopfer bei einer Explosion und einem Angriff mit Schusswaffen auf eine Polizeiwache im Norden Pakistans ist nach Angaben eines ranghohen Polizeibeamten auf mindestens 31 gestiegen.
… [+1516 chars]",,de,'Angriff'
https://orf.at/stories/3442627/,https://orf.at/stories/3442627/,0,orf.at,Gegenseitige Angriffe mit Toten und Verletzten,,https://orf.at/mojo/1_4_1/storyserver//news/common/images/og-fallback-news.png,2026-09-19T07:18:13Z,,"Russische Angriffe haben im Gebiet Schytomyr westlich von Kiew mindestens zwei Menschen getötet. Zwei weitere seien verletzt worden, teilte der Chef der Militärverwaltung der Region, Witalij Bunetsch… [+2344 chars]",,de,'Angriff'
https://www.freitag.de/autoren/thomas-gesterkamp/gewerkschafterin-ulrike-eifler-warnt-vor-arbeitsplatz-hoffnungen-durch-ruestung,https://www.freitag.de/autoren/thomas-gesterkamp/gewerkschafterin-ulrike-eifler-warnt-vor-arbeitsplatz-hoffnungen-durch-ruestung,0,www.freitag.de,Ulrike Eifler warnt: „Waffenproduktion im Krieg ist mit freien Gewerkschaften unvereinbar“,"Sie hat die Initiative „Gewerkschaften gegen Aufrüstung und Krieg“ mitbegründet: Was sagt Ulrike Eifler dazu, dass im Aufruf der DGB-Demonstration gegen Sozialabbau am 26.9. Rüstung kein Thema ist? Ein Gespräch über Waffen und Arbeitsplätze Ulrike Eifler gehö…",https://www.freitag.de/autoren/thomas-gesterkamp/gewerkschafterin-ulrike-eifler-warnt-vor-arbeitsplatz-hoffnungen-durch-ruestung/@@images/image/great,2026-09-19T07:32:00Z,,Ulrike Eifler gehört zu den bekanntesten Friedensaktivistinnen in Deutschland. In den vergangenen Jahren hat sie mehrere Gewerkschaftskonferenzen gegen Aufrüstung und Kriegsvorbereitung mitorganisier… [+9891 chars],,de,'Waffen'
https://www.telepolis.de/article/Baut-China-T-800-Terminatoren-Teil-3-Die-letzte-menschliche-Instanz-11455806.html,https://www.telepolis.de/article/Baut-China-T-800-Terminatoren-Teil-3-Die-letzte-menschliche-Instanz-11455806.html,0,www.telepolis.de,"Baut China ""T-800 Terminatoren""? – Teil 3: Die letzte menschliche Instanz",Bewaffnete Roboterhunde und autonome Drohnen sind keine Science-Fiction mehr. Die Entwicklung von KI-Waffen wirft ethische Fragen auf.,https://heise.cloudimg.io/v7/_www-heise-de_/imgs/18/5/1/6/6/4/2/0/field-ai-news-613c8bd1b56a4268.jpg?func=bound&height=1200&org_if_sml=1&q=85&width=1200,2026-09-19T08:00:00Z,,"Ein Boston Dynamics Roboterhund, der für die Baustellenüberwachung eingesetzt wird, steht in einem unfertigen Gebäude.
(Bild: Boston Dynamics)
Bewaffnete Roboterhunde und autonome Drohnen sind kein… [+8875 chars]",,de,'Waffen'
https://www.morgenpost.de/politik/article413095399/putins-perfide-taktik-warum-der-alltag-in-kiew-immer-schwieriger-wird.html,https://www.morgenpost.de/politik/article413095399/putins-perfide-taktik-warum-der-alltag-in-kiew-immer-schwieriger-wird.html,0,www.morgenpost.de,Putins perfide Taktik: Warum der Alltag in Kiew immer schwieriger wird,"Unser Korrespondent berichtet, wie sich der Raketenterror im Alltag Kiews auswirkt. Wladimir Putin verfolgt eine perfide Taktik.",https://img.sparknews.funkemedien.de/413157600/413157600_1789806180_v16_9_1600.jpeg,2026-09-19T08:23:01Z,,"Diesen Hinweis lesen die Einwohner von Kiew jetzt öfter beim täglichen Einkauf: Liebe Kunden, wegen eines feindlichen Angriffs haben wir wichtige Lagerhallen verloren. Deswegen wird es demnächst weni… [+7009 chars]",,de,'Angriff'
"https://winfuture.de/news,161392.html","https://winfuture.de/news,161392.html",0,winfuture.de,KI erfindet Waffen: USA stoppen Angriff auf China-Frachter gerade noch,Ein fehlerhafter Bericht hat angeblich beinahe einen bewaffneten Konflikt zwischen den USA und China ausgelöst. Eine halluzinierende KI soll dem US-Militär falsche Daten über angebliche Nuklear­komponenten auf einem chinesischen Frachter geliefert haben.(Weit…,https://img.winfuture.de/teaser/1920/74113.png,2026-09-19T08:37:00Z,,Ein fehlerhafter Bericht hat angeblich beinahe einen bewaffneten Konflikt zwischen den USA und China ausgelöst. Eine halluzinierende KI soll dem US-Militär falsche Daten über angebliche Nuklear­kompo… [+3834 chars],,de,'Waffen'
https://www.freitag.de/autoren/wimalasena/odessa-unter-russischem-dauerbeschuss-so-leben-die-ukrainer-mit-den-drohnen,https://www.freitag.de/autoren/wimalasena/odessa-unter-russischem-dauerbeschuss-so-leben-die-ukrainer-mit-den-drohnen,0,www.freitag.de,"Sekt und Sirenen: Was in Odessa passiert, wenn Russland die Stadt mit Drohnen beschießt","Warnapps zeigen Dutzende von Drohnen in der Bucht von Odessa: Das ist Normalzustand in der ukrainischen Metropole am Schwarzen Meer. Über dem Alltagsleben der Menschen liegt eine trügerische Idylle. Wie sie reagieren, wenn der Alarm warnt Die ersten Drohnenei…",https://www.freitag.de/autoren/wimalasena/odessa-unter-russischem-dauerbeschuss-so-leben-die-ukrainer-mit-den-drohnen/@@images/image/great,2026-09-19T09:00:00Z,,"Die ersten Drohneneinschläge sind bereits kurz hinter der Grenze zu sehen. Auf der Brücke, die nahe dem Ort Palanca die Republik Moldau mit der Ukraine verbindet, flicken Bauarbeiter breite Löcher – … [+5926 chars]",,de,'Angriff'
https://www.tagesspiegel.de/internationales/hatte-fast-einen-krieg-ausgelost-ustruppen-bereiteten-offenbar-angriff-auf-schiff-aus-china-vor--nach-ki-fehler-16073539.html,https://www.tagesspiegel.de/internationales/hatte-fast-einen-krieg-ausgelost-ustruppen-bereiteten-offenbar-angriff-auf-schiff-aus-china-vor--nach-ki-fehler-16073539.html,0,www.tagesspiegel.de,„Hätte fast einen Krieg ausgelöst“: US‑Truppen bereiteten offenbar Angriff auf Schiff aus China vor – nach KI-Fehler,Im Frühjahr soll in Washington ein Geheimdienstbericht einen Militäreinsatz in Gang gesetzt haben. Dem Sender CNN zufolge waren die Informationen „vollständig falsch“. Sie stammten von Künstlicher Intelligenz.,https://www.tagesspiegel.de/images/16006216/alternates/BASE_16_9_W1400/1789806740000/special-operations-forces-soldier-equipped-with-night-vision-and-an-hk416-assault-rifle-publication.jpeg,2026-09-19T09:24:00Z,,"Es ist ein Szenario, das angesichts der angespannten geopolitischen Lage alle befürchten: Falsche Informationen von Künstlicher Intelligenz (KI) lösen einen militärischen Einsatz aus, der unkontrolli… [+5394 chars]",,de,'Angriff'
