topic,sentiment_mean,sentiment_std,subjectivity_mean,subjectivity_std,counting
Energie,0.02000675536066007,0.9685777065281637,-0.025572932468804325,0.9456146785785103,3423.0
Krieg,-0.05478735117853027,0.993085936937639,-0.08695642387516572,0.9002096187465407,4946.0
Krise,0.016814873185294035,1.0140675482742287,0.053567937727226636,1.086704814770897,3621.0
Winter,0.0524342630347571,1.0034619450846207,0.11836561410770564,1.0771543988374774,2779.0
