topic,sentiment_mean,sentiment_std,subjectivity_mean,subjectivity_std,counting
Energie,0.009778348252337891,0.9642756457119569,-0.02659488910745525,0.951507590082823,2950.0
Krieg,-0.04979106179374851,0.9944853238640751,-0.09120853553631567,0.894037743821058,4183.0
Krise,0.01809623141255145,1.0097061979090614,0.04953066723657031,1.0800040523003274,3108.0
Winter,0.049409310606208,1.008607117421109,0.12042341225959384,1.077346687895632,2585.0
