topic,sentiment_mean,sentiment_std,subjectivity_mean,subjectivity_std,counting
Energie,0.026531077470287445,0.9665454745667414,-0.025393267543362352,0.9483319049932418,3884.0
Krieg,-0.06207016677304613,1.0033837719763607,-0.08616138804292948,0.8996765817279017,5808.0
Krise,0.021258873489423298,1.0077333824807235,0.059084809695965065,1.0937412105588624,4061.0
Winter,0.05666856344724169,0.9974759191233363,0.11780314550162076,1.0760198899720166,3080.0
