topic,sentiment_mean,sentiment_std,subjectivity_mean,subjectivity_std,counting
Energie,0.006301514345093271,0.9700628704056411,-0.05459280339979718,0.9826129698515935,484.0
Krieg,0.02268596744345717,1.0210906009054912,-0.09074532476556611,0.9015271584698312,539.0
Krise,-0.06443457466556626,0.9399863355337686,0.05852809273889199,1.0199342355806698,467.0
Winter,0.027426255176019324,0.9845990491067551,0.07997386508608548,1.0143159847984207,655.0
