topic,sentiment_mean,sentiment_std,subjectivity_mean,subjectivity_std,counting
Energie,0.028089196796750576,0.96672126535312,-0.028457656646153604,0.9455210457568116,3930.0
Krieg,-0.06339206973390088,1.0041424624016646,-0.08566917111679861,0.8982682431600013,5893.0
Krise,0.02144930475799426,1.0073253411869842,0.06227140531015014,1.0964119706956268,4114.0
Winter,0.057132559403490366,0.9963309354129242,0.11665544326434794,1.0779966824545553,3122.0
