topic,sentiment_mean,sentiment_std,subjectivity_mean,subjectivity_std,counting
Energie,0.024168638176728107,0.9660293635882915,-0.026473006763582926,0.9452808814802929,3761.0
Krieg,-0.06411273905702644,0.9971599251684177,-0.08445654247679238,0.9039597147113311,5455.0
Krise,0.0278142963202239,1.0147480903714385,0.057142599694138964,1.0926571879608653,3955.0
Winter,0.05160178223746607,0.9993787513004779,0.11422261226756489,1.069408657991314,2953.0
