topic,sentiment_mean,sentiment_std,subjectivity_mean,subjectivity_std,counting
Energie,0.013358858285968655,0.9664702480540001,-0.028520091903263597,0.941670100947298,3245.0
Krieg,-0.05241154012970221,0.9934936889556535,-0.08699241004206358,0.8982948435608569,4642.0
Krise,0.01907342764136958,1.0140962062991588,0.05033934185000996,1.085974034233494,3395.0
Winter,0.05129457887875252,1.004196549161722,0.12197198971263354,1.0815368936333545,2709.0
