topic,sentiment_mean,sentiment_std,subjectivity_mean,subjectivity_std,counting
Energie,0.02966174111873732,0.9672908812043304,-0.02954492721979453,0.9433898565380696,3989.0
Krieg,-0.06406659387533423,1.0051011513905341,-0.08631674984234562,0.8961685927195722,5972.0
Krise,0.020202419411063984,1.0053488915067963,0.06341122702981981,1.0991291398508392,4158.0
Winter,0.05849948164025627,0.9964739701239188,0.11871561294597864,1.0804750992080936,3147.0
