,phrase,label,sentiment,subjectivity,language,count
Ukraine,,,,,,
Russland,,,,,,
Deutschland,,,,,,
USA,,,,,,
Iran,,,,,,
Berlin,,,,,,
Russlands,,,,,,
Moskau,,,,,,
Kiew,,,,,,
US-Präsident,,,,,,
Israel,,,,,,
Europa,,,,,,
Washington,,,,,,
Straße von Hormus,,,,,,
China,,,,,,
Privacy Center,,,,,,
Kreml,,,,,,
\u00fcberall,,,,,,
Br\u00fcssel,,,,,,
…,,,,,,
Frankreich,,,,,,
Polen,,,,,,
den USA,,,,,,
Großbritannien,,,,,,
London,,,,,,
Türkei,,,,,,
Deutschlands,,,,,,
Ukraine-Liveblog,,,,,,
Staaten,,,,,,
Stadt,,,,,,
Brüssel,,,,,,
Kursk,,,,,,
Österreich,,,,,,
Charkiw,,,,,,
Krim,,,,,,
Europas,,,,,,
Hamburg,,,,,,
Ungarn,,,,,,
Landes,,,,,,
Nordkorea,,,,,,
Bayern,,,,,,
Libanon,,,,,,
Paris,,,,,,
US-Regierung,,,,,,
München,,,,,,
Teheran,,,,,,
Schweiz,,,,,,
Odessa,,,,,,
Syrien,,,,,,
Cherson,,,,,,
Ostsee,,,,,,
Belarus,,,,,,
Trump,,,,,,
Peking,,,,,,
Frankfurt,,,,,,
Saudi-Arabien,,,,,,
Brandenburg,,,,,,
Italien,,,,,,
Spanien,,,,,,
Indien,,,,,,
Pakistan,,,,,,
Gaza,,,,,,
Union,,,,,,
Donezk,,,,,,
Slowakei,,,,,,
Bund,,,,,,
Wien,,,,,,
Saporischschja,,,,,,
Irans,,,,,,
Selenskyj,,,,,,
Istanbul,,,,,,
US-Präsidenten,,,,,,
Finnland,,,,,,
Schweden,,,,,,
Hessen,,,,,,
Sachsen-Anhalt,,,,,,
nan,,,,,,
Gazastreifen,,,,,,
Japan,,,,,,
Erde,,,,,,
Israels,,,,,,
Thüringen,,,,,,
Putins,,,,,,
Land,,,,,,
Sachsen,,,,,,
Niedersachsen,,,,,,
Vereinigten Staaten,,,,,,
d…,,,,,,
Ukrainer,,,,,,
Rheinland-Pfalz,,,,,,
Sudan,,,,,,
Leyen,,,,,,
New York,,,,,,
Ägypten,,,,,,
St. Petersburg,,,,,,
Südkorea,,,,,,
Belgorod,,,,,,
Moskauer,,,,,,
Dresden,,,,,,
Bremen,,,,,,
NRW,,,,,,
Dänemark,,,,,,
Venezuela,,,,,,
Australien,,,,,,
Kanada,,,,,,
Finanzminister,,,,,,
Jemen,,,,,,
Estland,,,,,,
Tschechien,,,,,,
Mittelmeer,,,,,,
Litauen,,,,,,
Düsseldorf,,,,,,
Leipzig,,,,,,
Sumy,,,,,,
Köln,,,,,,
Moldau,,,,,,
Schwarzen Meer,,,,,,
Behördenangaben,,,,,,
Kyjiw,,,,,,
Norwegen,,,,,,
Amerika,,,,,,
Katar,,,,,,
Mecklenburg-Vorpommern,,,,,,
Dubai,,,,,,
Donbass,,,,,,
Rom,,,,,,
Russen,,,,,,
Saarland,,,,,,
Kremlchef,,,,,,
der Schweiz,,,,,,
Chinas,,,,,,
Rumänien,,,,,,
Amerikaner,,,,,,
Warschau,,,,,,
Landtag,,,,,,
Alaska,,,,,,
Nordsee,,,,,,
Pokrowsk,,,,,,
Bulgarien,,,,,,
Afrika,,,,,,
Niederlande,,,,,,
Moskaus,,,,,,
Statistische Bundesamt,,,,,,
Weißen Haus,,,,,,
Ostukraine,,,,,,
Magdeburg,,,,,,
Baden-Württemberg,,,,,,
Taiwan,,,,,,
Asien,,,,,,
G7,,,,,,
Frankreichs,,,,,,
Nahost,,,,,,
Bachmut,,,,,,
Argentinien,,,,,,
Irak,,,,,,
Serbien,,,,,,
Wiesbaden,,,,,,
Ramstein,,,,,,
Schleswig-Holstein,,,,,,
Abu Dhabi,,,,,,
Brasilien,,,,,,
Nordrhein-Westfalen,,,,,,
Polens,,,,,,
Dnipro,,,,,,
Potsdam,,,,,,
Florida,,,,,,
Griechenland,,,,,,
Inflationsrate,,,,,,
Diesel,,,,,,
Gaspreis,,,,,,
Den Haag,,,,,,
Genf,,,,,,
Weiße Haus,,,,,,
“,,,,,,
Lettland,,,,,,
Kuba,,,,,,
Awdijiwka,,,,,,
D…,,,,,,
Stuttgart,,,,,,
Hannover,,,,,,
Hamas,,,,,,
Stoltenberg,,,,,,
Kraft,,,,,,
Luxemburg,,,,,,
Armenien,,,,,,
US-Außenminister,,,,,,
Staat,,,,,,
Ukraine-Überblick,,,,,,
Briten,,,,,,
Afghanistan,,,,,,
Kasachstan,,,,,,
Bundesrepublik,,,,,,
Belgien,,,,,,
Ukraine-Hilfen,,,,,,
Rafah,,,,,,
Essen,,,,,,
Kommunen,,,,,,
Golf,,,,,,
Halle,,,,,,
Davos,,,,,,
Teuerungsrate,,,,,,
Brand,,,,,,
Mexiko,,,,,,
Aserbaidschan,,,,,,
Oman,,,,,,
Georgien,,,,,,
Südafrika,,,,,,
Tel Aviv,,,,,,
Mannheim,,,,,,
Roten Meer,,,,,,
Lwiw,,,,,,
Budapest,,,,,,
Vereinigten Arabischen Emirate,,,,,,
Mehrwertsteuer,,,,,,
Putin,,,,,,
Gaspreisbremse,,,,,,
Grönland,,,,,,
Eurozone,,,,,,
Pariser,,,,,,
Gebiet,,,,,,
Russland-Sanktionen,,,,,,
Krim-Brücke,,,,,,
Ukraine-Hilfe,,,,,,
Huthi-Miliz,,,,,,
Beirut,,,,,,
Monaten,,,,,,
Taurus-Marschflugkörpern,,,,,,
Vilnius,,,,,,
B…,,,,,,
Nürnberg,,,,,,
US-Verteidigungsminister,,,,,,
Bundesverfassungsgericht,,,,,,
Gazastreifens,,,,,,
Bayerns,,,,,,
Bürgergeld,,,,,,
Republik Moldau,,,,,,
Schuldenbremse,,,,,,
Wagner-Chef,,,,,,
Westjordanland,,,,,,
Ankara,,,,,,
Riad,,,,,,
Westens,,,,,,
Mongolei,,,,,,
Habeck,,,,,,
Jordanien,,,,,,
Brandenburger Tor,,,,,,
Klimageld,,,,,,
Persischen Golf,,,,,,
Kolumbien,,,,,,
Corona-Krise,,,,,,
Tag,,,,,,
Flughafen,,,,,,
Polizeiangaben,,,,,,
Milliardenhöhe,,,,,,
Thüringer,,,,,,
Schüssen,,,,,,
Lemberg,,,,,,
Ukraine-Gipfel,,,,,,
Bonn,,,,,,
Ukraine-Liveticker,,,,,,
t3n.de,,,,,,
Sydney,,,,,,
Netanjahu,,,,,,
Kiel,,,,,,
Gebiet Donezk,,,,,,
Straße,,,,,,
Rügen,,,,,,
Kuwait,,,,,,
Elektroautos,,,,,,
Niger,,,,,,
Bewohner,,,,,,
Razzia,,,,,,
Hamburgs,,,,,,
Wall Street,,,,,,
Sewastopol,,,,,,
Südlibanon,,,,,,
Kalifornien,,,,,,
Österreichs,,,,,,
Kosovo,,,,,,
Erfurt,,,,,,
Wärmepumpen,,,,,,
E-Autos,,,,,,
Borkum,,,,,,
Nazi-Deutschland,,,,,,
Prag,,,,,,
Berlins,,,,,,
Ungarns,,,,,,
Mariupol,,,,,,
Lebensgefahr,,,,,,
Niederlanden,,,,,,
Gebiet Kursk,,,,,,
Los Angeles,,,,,,
Lingen,,,,,,
Ostdeutschland,,,,,,
Italiens,,,,,,
England,,,,,,
Klimaziele,,,,,,
Waffenruhe,,,,,,
Taurus,,,,,,
Athen,,,,,,
Corona-Pandemie,,,,,,
Dortmund,,,,,,
Pazifik,,,,,,
Sankt Petersburg,,,,,,
Benzin,,,,,,
Liveblog Russland,,,,,,
Luhansk,,,,,,
Baku,,,,,,
Verteidigungsministeriums,,,,,,
Amerikas,,,,,,
Islamabad,,,,,,
Vatikan,,,,,,
Leitzins,,,,,,
Transnistrien,,,,,,
Stromausfälle,,,,,,
Wilhelmshaven,,,,,,
russische Regierung,,,,,,
Thailand,,,,,,
Nigeria,,,,,,
US-Hilfen,,,,,,
Haiti,,,,,,
Vereinigten Arabischen Emiraten,,,,,,
Duisburg,,,,,,
Aschaffenburg,,,,,,
Rostow,,,,,,
Verbraucher,,,,,,
Sibirien,,,,,,
Waffenlieferungen,,,,,,
Reuters,,,,,,
Telegram,,,,,,
Cottbus,,,,,,
Madrid,,,,,,
Wolfsburg,,,,,,
Ceuta,,,,,,
Emsland,,,,,,
Rhein,,,,,,
Niederbayern,,,,,,
Soledar,,,,,,
Temperaturen,,,,,,
Mainz,,,,,,
Huthis,,,,,,
Miami,,,,,,
Krywyj Rih,,,,,,
Umständen,,,,,,
Klima- und Transformationsfonds,,,,,,
Großbritanniens,,,,,,
Doha,,,,,,
Estlands,,,,,,
Zypern,,,,,,
Stockholm,,,,,,
Mond,,,,,,
Pjöngjang,,,,,,
Sachsens,,,,,,
Jerusalem,,,,,,
Rostock,,,,,,
Technik/Hardware,,,,,,
Kasan,,,,,,
Finnlands,,,,,,
Syriens,,,,,,
Energiepreisbremsen,,,,,,
Damaskus,,,,,,
Bergkarabach,,,,,,
Bedrängnis,,,,,,
Freistaat,,,,,,
Minsk,,,,,,
Pipelines,,,,,,
Bielefeld,,,,,,
Tokio,,,,,,
Kiews,,,,,,
Strompreisbremse,,,,,,
Statistische Landesamt,,,,,,
Libyen,,,,,,
Roten Platz,,,,,,
Saarbrücken,,,,,,
Klimawandel,,,,,,
Lützerath,,,,,,
Solingen,,,,,,
Zürich,,,,,,
Federal Reserve,,,,,,
Welthandel,,,,,,
Gelsenkirchen,,,,,,
St…,,,,,,
Klima-Protest,,,,,,
Venedig,,,,,,
Münster,,,,,,
Bern,,,,,,
Konsequenzen,,,,,,
Balkan,,,,,,
Hause,,,,,,
Bali,,,,,,
Brandenburger,,,,,,
Hitze,,,,,,
Drohnen,,,,,,
Kassel,,,,,,
Innenstadt,,,,,,
Augsburg,,,,,,
Raffinerien,,,,,,
Kiewer,,,,,,
Alpen,,,,,,
Pentagon,,,,,,
US-Amerikaner,,,,,,
nan nan,,,,,,
Atomkraftwerken,,,,,,
Getreideabkommens,,,,,,
Auswärtige Amt,,,,,,
Texas,,,,,,
Kambodscha,,,,,,
Chinesen,,,,,,
Mali,,,,,,
Hauptbahnhof,,,,,,
Tunesien,,,,,,
Tass,,,,,,
Krisenmodus,,,,,,
Israelis,,,,,,
Wagenknecht,,,,,,
Finanzministerium,,,,,,
US-Waffen,,,,,,
Druschba-Pipeline,,,,,,
Tankrabatt,,,,,,
Ukraine-Verhandlungen,,,,,,
Flughafen Leipzig/Halle,,,,,,
Milei,,,,,,
Ifo,,,,,,
Trier,,,,,,
Nato-Gipfel,,,,,,
Ukraine-News,,,,,,
Südukraine,,,,,,
Irland,,,,,,
b…,,,,,,
Gebäuden,,,,,,
Gasspeicher,,,,,,
Chemnitz,,,,,,
Portugal,,,,,,
Antarktis,,,,,,
Mykolajiw,,,,,,
Biden,,,,,,
Donau,,,,,,
Graz,,,,,,
Wohnhaus,,,,,,
Nord-,,,,,,
Erdogan,,,,,,
Liveticker,,,,,,
Republik,,,,,,
Faktencheck,,,,,,
Kollaps,,,,,,
Scholz,,,,,,
Kreuzberg,,,,,,
Sylt,,,,,,
Ölpreis,,,,,,
Kroatien,,,,,,
Rubio,,,,,,
Marokko,,,,,,
Trumps,,,,,,
Supermarkt,,,,,,
Vietnam,,,,,,
Manchester,,,,,,
Khartum,,,,,,
Bremer,,,,,,
Notenbanken,,,,,,
Sudscha,,,,,,
Neckarwestheim,,,,,,
Bahrain,,,,,,
Klimafonds,,,,,,
Hamas-Angriff,,,,,,
Kopenhagen,,,,,,
Kupjansk,,,,,,
Hanau,,,,,,
Dividenden,,,,,,
Sicherheitsgründen,,,,,,
AfD-Politiker,,,,,,
Indonesien,,,,,,
Volksrepublik,,,,,,
Oberbayern,,,,,,
Schwarze Meer,,,,,,
Frankfurter Flughafen,,,,,,
Bratislava,,,,,,
Regierungsangaben,,,,,,
Spaniens,,,,,,
Nato-Staaten,,,,,,
Klima-Kleber,,,,,,
Dnipropetrowsk,,,,,,
Selenskyjs,,,,,,
Ulm,,,,,,
Bundesgerichtshof,,,,,,
Hormuz,,,,,,
Biogas,,,,,,
Olympia,,,,,,
Elektroauto,,,,,,
US-Sender,,,,,,
ukrainischen Regierung,,,,,,
Brandenburgs,,,,,,
Kramatorsk,,,,,,
Brics-Gipfel,,,,,,
Landtagswahlen,,,,,,
Demokratischen Republik Kongo,,,,,,
Bidens,,,,,,
Gaza-Streifen,,,,,,
Energiekrise,,,,,,
Rhein-Main,,,,,,
Seoul,,,,,,
Myanmar,,,,,,
FDP-Chef,,,,,,
Regensburg,,,,,,
Klima-Volksentscheid,,,,,,
Homeoffice,,,,,,
Klimaprotest,,,,,,
Münchner Sicherheitskonferenz,,,,,,
Singapur,,,,,,
Brjansk,,,,,,
Angriff,,,,,,
Kapitol,,,,,,
Gaspreise,,,,,,
Statistischen Bundesamts,,,,,,
KI,,,,,,
Neu-Delhi,,,,,,
Landtagswahl,,,,,,
Bad Oeynhausen,,,,,,
Frankfurt am Main,,,,,,
Ländern,,,,,,
Kabul,,,,,,
Sotschi,,,,,,
Schwedt,,,,,,
Prüfstand,,,,,,
Karibik,,,,,,
Ukraine-Konflikt,,,,,,
Gaskunden,,,,,,
Amsterdam,,,,,,
Kernkraftwerk Saporischschja,,,,,,
Methan,,,,,,
Nordkoreas,,,,,,
Hamburger Hauptbahnhof,,,,,,
Preisbremsen,,,,,,
Schwerin,,,,,,
Energiewende,,,,,,
Hiroshima,,,,,,
Gladbach,,,,,,
Bundes,,,,,,
Kuleba,,,,,,
San Francisco,,,,,,
Waffenstillstand,,,,,,
UN-Generaldebatte,,,,,,
Neukunden,,,,,,
Kürze,,,,,,
Gegner,,,,,,
Philippinen,,,,,,
SZ am Morgen,,,,,,
Iraner,,,,,,
Treibhausgasen,,,,,,
Krisen,,,,,,
Salzburg,,,,,,
Verfolgungsjagd,,,,,,
Bodensee,,,,,,
Kaliningrad,,,,,,
Kanadas,,,,,,
Grünen-Politikerin,,,,,,
Haus,,,,,,
Straße von Hormuz,,,,,,
Malta,,,,,,
Veröffentlichung,,,,,,
Äthiopien,,,,,,
Südrussland,,,,,,
Fukushima,,,,,,
Atomkraftwerk Saporischschja,,,,,,
Selenskij,,,,,,
Drohnenangriff,,,,,,
BRICS-Gipfel,,,,,,
Liveblog Iran,,,,,,
Messerangriff,,,,,,
Schwedens,,,,,,
Immobilienmarkt,,,,,,
Bundesanwaltschaft,,,,,,
Gasmarkt,,,,,,
Huthi,,,,,,
Kenia,,,,,,
Cyberwar,,,,,,
Elbe,,,,,,
Hisbollah-Miliz,,,,,,
Offenbach,,,,,,
Essener,,,,,,
Höchststand,,,,,,
Oval Office,,,,,,
U.S.,,,,,,
Afrikas,,,,,,
Ecuador,,,,,,
Taurus-Marschflugkörper,,,,,,
Aleppo,,,,,,
Feuerpause,,,,,,
Tisch,,,,,,
Greifswald,,,,,,
Berlin-Neukölln,,,,,,
Wärmepumpe,,,,,,
Islamische Republik,,,,,,
Bergen,,,,,,
britische Regierung,,,,,,
Brasiliens,,,,,,
Amerikanern,,,,,,
Bundesverfassungsgerichts,,,,,,
Kachowka-Staudamms,,,,,,
Waldbränden,,,,,,
BGH,,,,,,
Mittwochabend,,,,,,
Woronesch,,,,,,
MV,,,,,,
Ahaus,,,,,,
Umweltbundesamt,,,,,,
Kremls,,,,,,
Europäer,,,,,,
Italiener,,,,,,
Ukraine-Gesprächen,,,,,,
US-Senator,,,,,,
Krisenzeiten,,,,,,
Kärnten,,,,,,
Dschidda,,,,,,
Franken,,,,,,
Klagenfurt,,,,,,
Tschernobyl,,,,,,
Wuhledar,,,,,,
Königreich,,,,,,
Sierra Leone,,,,,,
Oberhausen,,,,,,
Schwarzmeerflotte,,,,,,
Slowenien,,,,,,
Schnee,,,,,,
Atlantik,,,,,,
Neu Delhi,,,,,,
Drohnen-Vorfall,,,,,,
Klima-Aktivisten,,,,,,
Aachen,,,,,,
Kreml-Chef,,,,,,
Ruhrgebiet,,,,,,
Mönchengladbach,,,,,,
Darmstadt,,,,,,
Unterfranken,,,,,,
Kampagne,,,,,,
Protesten,,,,,,
Gera,,,,,,
Messerattacke,,,,,,
Neukaledonien,,,,,,
Görlitz,,,,,,
Reichweite,,,,,,
Melitopol,,,,,,
Auswärtiges Amt,,,,,,
Indiens,,,,,,
M…,,,,,,
Revolutionsgarden,,,,,,
Mittwoch,,,,,,
Neukölln,,,,,,
europäischen Staaten,,,,,,
Klima-,,,,,,
Usbekistan,,,,,,
Krasnodar,,,,,,
Westafrika,,,,,,
Kaiserslautern,,,,,,
Wagner-Chef Prigoschin,,,,,,
Konfliktparteien,,,,,,
Manöver,,,,,,
Versand,,,,,,
Zentralasien,,,,,,
Tiktok,,,,,,
Millionenhöhe,,,,,,
Gefangenenaustausch,,,,,,
Tschassiw Jar,,,,,,
Panama,,,,,,
Göttingen,,,,,,
Osnabrück,,,,,,
Sieges,,,,,,
Warnungen,,,,,,
Dax,,,,,,
Unsicherheiten,,,,,,
Kaukasus,,,,,,
Lindner,,,,,,
New Yorker,,,,,,
Dunkeln,,,,,,
Barcelona,,,,,,
Dagestan,,,,,,
Heidelberg,,,,,,
Bukarest,,,,,,
russischen Überfalls,,,,,,
Preisbremse,,,,,,
Stau,,,,,,
Berlin-Mitte,,,,,,
Orenburg,,,,,,
di…,,,,,,
Berliner Landgericht,,,,,,
Mallorca,,,,,,
Ohio,,,,,,
Tagesgeld,,,,,,
Moldawien,,,,,,
El Niño,,,,,,
Konsens,,,,,,
Bremerhaven,,,,,,
Nordseeinsel,,,,,,
Wuppertal,,,,,,
Rekordtempo,,,,,,
Nürnberger,,,,,,
Berlin-Friedrichshain,,,,,,
Luxus,,,,,,
Lecks,,,,,,
Dresdner,,,,,,
e…,,,,,,
Corona,,,,,,
Luftangriffen,,,,,,
Monaco,,,,,,
Oberösterreich,,,,,,
Jobs,,,,,,
Goldpreis,,,,,,
Chile,,,,,,
Klima-Chaoten,,,,,,
Ukraine-Unterstützer,,,,,,
US-Konzern,,,,,,
Butscha,,,,,,
Lohnt,,,,,,
Neuseeland,,,,,,
Messer-Angriff,,,,,,
Verbrenner-Aus,,,,,,
Burkina Faso,,,,,,
Gespräche,,,,,,
F.A.Z.-Newsletter,,,,,,
Energiepreisen,,,,,,
Erlangen,,,,,,
Slowjansk,,,,,,
Lübeck,,,,,,
Reichling,,,,,,
Hisbollah,,,,,,
Tirol,,,,,,
Spanier,,,,,,
Iran-Konflikt,,,,,,
Lira,,,,,,
Harz,,,,,,
Verfassungsgericht,,,,,,
US-Moderator,,,,,,
Trümmern,,,,,,
Golf von Oman,,,,,,
Mukran,,,,,,
Évian,,,,,,
Tankstelle,,,,,,
US-Inflation,,,,,,
Wolgograd,,,,,,
Rahmenabkommens,,,,,,
Jena,,,,,,
Notstand,,,,,,
Leverkusen,,,,,,
Telefonat,,,,,,
russischen Regierung,,,,,,
Land…,,,,,,
Südamerika,,,,,,
Iowa,,,,,,
Rotterdam,,,,,,
Ölmarkt,,,,,,
Potsdamer,,,,,,
US-Journalisten,,,,,,
Braunschweig,,,,,,
Ampel-Koalition,,,,,,
Paderborn,,,,,,
Energiebedarf,,,,,,
Poltawa,,,,,,
Wladiwostok,,,,,,
Wiesbadener,,,,,,
Jahresvergleich,,,,,,
ZEIT am Wochenende,,,,,,
Gaza-Stadt,,,,,,
Konzerne,,,,,,
Kreminna,,,,,,
Golfregion,,,,,,
Kreml-Angaben,,,,,,
Somalia,,,,,,
Ternopil,,,,,,
Sch…,,,,,,
Ural,,,,,,
Baerbock,,,,,,
Gasreserven,,,,,,
Steiermark,,,,,,
Sicherheitslücke,,,,,,
Lebensmitteln,,,,,,
Wolga,,,,,,
Bahnhöfen,,,,,,
Duisburger,,,,,,
Mars,,,,,,
Preisdruck,,,,,,
Südostasien,,,,,,
Klimakrise,,,,,,
Saratow,,,,,,
Danzig,,,,,,
Oberfranken,,,,,,
Kaspischen Meer,,,,,,
Landgericht,,,,,,
Vormarsch,,,,,,
Uniper,,,,,,
Japans,,,,,,
Altstadt,,,,,,
Hormus,,,,,,
Gasleck,,,,,,
Vereinigten Königreich,,,,,,
Pforzheim,,,,,,
Rostow am Don,,,,,,
Jets,,,,,,
Schwaben,,,,,,
Prognosen,,,,,,
Euro-Zone,,,,,,
Weimar,,,,,,
US-,,,,,,
Füllstand,,,,,,
SPD-Chef,,,,,,
Energiemarkt,,,,,,
Nachschub,,,,,,
Spahn,,,,,,
Pellets,,,,,,
Gases,,,,,,
Tesla,,,,,,
Belgrad,,,,,,
Tuvalu,,,,,,
Nachbarn,,,,,,
Straße von Hormus“,,,,,,
Mann,,,,,,
Ludwigshafen,,,,,,
Koblenz,,,,,,
Luftangriff,,,,,,
Bundesfinanzministerium,,,,,,
Algerien,,,,,,
Thüringens,,,,,,
Brent,,,,,,
Bussen,,,,,,
Maine,,,,,,
Knast,,,,,,
Ostseeküste,,,,,,
Straßenblockaden,,,,,,
Fortschritte,,,,,,
Siwersk,,,,,,
Brüsseler,,,,,,
Linz,,,,,,
Nahost-Konflikt,,,,,,
Kurachowe,,,,,,
Hamm,,,,,,
Tiflis,,,,,,
Litauens,,,,,,
Kostjantyniwka,,,,,,
Norwegens,,,,,,
Grenzen,,,,,,
Würzburg,,,,,,
Atommüll,,,,,,
Transformationsfonds,,,,,,
Kreise,,,,,,
Heizungen,,,,,,
Tschetschenien,,,,,,
dpa/bb,,,,,,
Widerstands,,,,,,
Stade,,,,,,
Freiburg,,,,,,
Männern,,,,,,
Elterngeld,,,,,,
LNG-Terminals,,,,,,
Helsinki,,,,,,
Noworossijsk,,,,,,
Gemeinde,,,,,,
Kongo,,,,,,
Oblast Donezk,,,,,,
Magdeburger,,,,,,
Drohne,,,,,,
Grazer,,,,,,
Portemonnaie,,,,,,
Südkoreas,,,,,,
NATO-Gipfel,,,,,,
Peru,,,,,,
Interfax,,,,,,
Polizeieinsatz,,,,,,
Wagner-Söldnern,,,,,,
Schoigu,,,,,,
Nikopol,,,,,,
Weißrussland,,,,,,
Fulda,,,,,,
Brandenburger Landtag,,,,,,
Natans,,,,,,
Wand,,,,,,
Grafiken,,,,,,
Österreicher,,,,,,
Waffenbesitz,,,,,,
Waldbrand,,,,,,
Las Vegas,,,,,,
Berlin-Kreuzberg,,,,,,
Sondervermögen,,,,,,
Frachter,,,,,,
LNG,,,,,,
Energiebranche,,,,,,
Marseille,,,,,,
Pistorius,,,,,,
Burgenland,,,,,,
Gorleben,,,,,,
Glatteis,,,,,,
Bundesfinanzminister,,,,,,
Glasgow,,,,,,
Finanzen,,,,,,
Attacke,,,,,,
Island,,,,,,
Tartu,,,,,,
Westerwald,,,,,,
Flüssiggas,,,,,,
Nashville,,,,,,
D.C.,,,,,,
Statistischen Landesamtes,,,,,,
Dienstag,,,,,,
Taurus-Lieferungen,,,,,,
Frankfurt/Main,,,,,,
Atomkraftwerk,,,,,,
Nordirak,,,,,,
Immobilienbesitzer,,,,,,
Oblast Cherson,,,,,,
Bündnisses,,,,,,
Newsblog,,,,,,
Jülich,,,,,,
Franzosen,,,,,,
Koalitionspartner,,,,,,
Machtwechsel,,,,,,
Wärmewende,,,,,,
Luzern,,,,,,
Oberpfalz,,,,,,
US-Bundesstaat,,,,,,
Südafrikas,,,,,,
Rekordtief,,,,,,
Bitcoin,,,,,,
Leuna,,,,,,
Westen,,,,,,
Medwedew,,,,,,
CDU-Chef,,,,,,
Cookies,,,,,,
Straflager,,,,,,
Nord Stream,,,,,,
Norweger,,,,,,
Nato-Gebiet,,,,,,
Bundesrechnungshof,,,,,,
Rehden,,,,,,
EU-Sanktionen,,,,,,
Drohnenvorfall,,,,,,
ukrainischen Grenze,,,,,,
Leipziger Flughafen,,,,,,
Albanien,,,,,,
Aufruhr,,,,,,
Johannesburg,,,,,,
CSU-Chef,,,,,,
Neapel,,,,,,
Granada,,,,,,
Huthi-Rebellen,,,,,,
Kältekammern,,,,,,
Dauer,,,,,,
Durchsuchungen,,,,,,
Bolivien,,,,,,
Balkon,,,,,,
Stromausfällen,,,,,,
Engpässen,,,,,,
F…,,,,,,
Gazas,,,,,,
Tatarstan,,,,,,
Shanghai,,,,,,
Risiko,,,,,,
Oblast Kursk,,,,,,
Hollywood,,,,,,
Kremlsprecher,,,,,,
Flüssigerdgas,,,,,,
Hanoi,,,,,,
Oberste Gericht,,,,,,
Krankenhäusern,,,,,,
Öfen,,,,,,
Hadamar,,,,,,
Heizens,,,,,,
Isar,,,,,,
Hagen,,,,,,
Greenpeace,,,,,,
Tschernihiw,,,,,,
Niederösterreich,,,,,,
Umgang,,,,,,
Medienberichten,,,,,,
Australiens,,,,,,
Ampel,,,,,,
Ibiza,,,,,,
Klimaaktivisten,,,,,,
ukrainische Regierung,,,,,,
Asiens,,,,,,
Samara,,,,,,
Saudiarabien,,,,,,
VAE,,,,,,
Auftrag Russlands,,,,,,
US-Angaben,,,,,,
Gas-Pipeline,,,,,,
Islamischen Republik,,,,,,
Münsterland,,,,,,
Bosch,,,,,,
Waffenfund,,,,,,
Nordkaukasus,,,,,,
Bahnhof,,,,,,
Marschflugkörper,,,,,,
Beiruts,,,,,,
Tübingen,,,,,,
Startseite</li><li,,,,,,
Weihnachtsmarkt,,,,,,
Energie,,,,,,
Krementschuk,,,,,,
Klima-Klebern,,,,,,
Anchorage,,,,,,
Li…,,,,,,
Mittelfranken,,,,,,
EU-Regeln,,,,,,
Mailand,,,,,,
Teilrepublik Dagestan,,,,,,
Strompreis,,,,,,
Kamikaze-Drohnen,,,,,,
Ukraine-Frieden,,,,,,
Schleswig-Holsteins,,,,,,
Alexanderplatz,,,,,,
Bamberg,,,,,,
Reinickendorf,,,,,,
Kiew“,,,,,,
Nord-Stream-Pipelines,,,,,,
Minusgrade,,,,,,
Präsidentenpalast,,,,,,
Britische Regierung,,,,,,
Südfront,,,,,,
Luftalarm,,,,,,
Kryptomarkt,,,,,,
Brüsseler Behörde,,,,,,
Silicon Valley Bank,,,,,,
Gewahrsam,,,,,,
Ukraine-Krieg,,,,,,
Kassen,,,,,,
Bochum,,,,,,
Lustenau,,,,,,
Weitefeld,,,,,,
US-Sondergesandter,,,,,,
US-Gesandten,,,,,,
Kauflaune,,,,,,
Tennessee,,,,,,
Brasilia,,,,,,
Wowtschansk,,,,,,
Osteuropas,,,,,,
Lupe,,,,,,
Gaskessel,,,,,,
Saale,,,,,,
Dornbirn,,,,,,
Brite,,,,,,
Flughafen BER,,,,,,
Home-Office,,,,,,
Regierungskreisen,,,,,,
Dax-Konzern,,,,,,
Griechenlands,,,,,,
Gastbeitrag,,,,,,
Medien,,,,,,
Ingolstadt,,,,,,
Jahr,,,,,,
Charg,,,,,,
US-Gesandte,,,,,,
Georgiens,,,,,,
Heilbronn,,,,,,
Heizperiode,,,,,,
Wohngebäuden,,,,,,
Roth,,,,,,
Ärmelkanal,,,,,,
Bagdad,,,,,,
Unternehmen-Liveblog,,,,,,
Ozeane,,,,,,
Neuseelands,,,,,,
Salzburger,,,,,,
kühl,,,,,,
Büro,,,,,,
LNG-Terminal,,,,,,
Finanz-Kollaps,,,,,,
Na…,,,,,,
Pelletspreis,,,,,,
Institute for the Study of War,,,,,,
Bayreuth,,,,,,
Schottland,,,,,,
Leopard-Kampfpanzern,,,,,,
fr.de,,,,,,
Reutlingen,,,,,,
Absatz,,,,,,
Ampel-Aus,,,,,,
Nachrichtenüberblick,,,,,,
Lanz,,,,,,
US-Botschafterin,,,,,,
Minusgraden,,,,,,
Blockaden,,,,,,
Indischen Ozean,,,,,,
Ottawa,,,,,,
Riga,,,,,,
Klimaanlagen,,,,,,
Hauptstadt,,,,,,
Klim…,,,,,,
Kerosin,,,,,,
Niedersachsens,,,,,,
Fracking,,,,,,
Vonovia,,,,,,
Kampfjets,,,,,,
Gesprächen,,,,,,
Tasche,,,,,,
Palästina,,,,,,
Festgeld,,,,,,
st…,,,,,,
Wohngeld,,,,,,
Westdeutschland,,,,,,
Japaner,,,,,,
Nahrungsmitteln,,,,,,
sn,,,,,,
Three Mile Island,,,,,,
US-Staat,,,,,,
Lappland,,,,,,
Terminals,,,,,,
Straßburg,,,,,,
Ölhahn,,,,,,
ei…,,,,,,
J.D.,,,,,,
Kampfflugzeugen,,,,,,
Flughafen Leipzig,,,,,,
Fürth,,,,,,
Kachelöfen,,,,,,
Gepäck,,,,,,
Kanadier,,,,,,
Chisinau,,,,,,
Wismar,,,,,,
Sabotage,,,,,,
baltischen Staaten,,,,,,
Verbraucherschützern,,,,,,
Starlink,,,,,,
Prenzlauer Berg,,,,,,
Holzheizungen,,,,,,
Genua,,,,,,
Bundesbürger,,,,,,
Insel Larak,,,,,,
Chicago,,,,,,
Wohnungsmarkt,,,,,,
Hotel Adlon,,,,,,
Kamenz,,,,,,
Heizungsgesetz,,,,,,
US-Vertretern,,,,,,
Amazonas,,,,,,
Baltimore,,,,,,
Vereinigte Königreich,,,,,,
Unfälle,,,,,,
Wagner-Gruppe,,,,,,
Militärangaben,,,,,,
Grenzregion,,,,,,
Solaranlagen,,,,,,
Zwickau,,,,,,
Kärntner,,,,,,
Preiserhöhungen,,,,,,
Omsk,,,,,,
Bürgerschaft,,,,,,
russischen Außenministeriums,,,,,,
Industriestrompreis,,,,,,
Sizilien,,,,,,
Booms,,,,,,
Bargeld,,,,,,
Jekaterinburg,,,,,,
Dänemarks,,,,,,
Währungshüter,,,,,,
Libanons,,,,,,
Isfahan,,,,,,
US-Senatoren,,,,,,
Port-au-Prince,,,,,,
Torezk,,,,,,
Altersvorsorge,,,,,,
Varta,,,,,,
Rekordhöhe,,,,,,
Lyman,,,,,,
leiden,,,,,,
Ausfälle,,,,,,
US-Sicherheitsgarantien,,,,,,
Russ…,,,,,,
Nischni Nowgorod,,,,,,
Landkreis Heilbronn,,,,,,
Artensterben,,,,,,
Schattenflotte,,,,,,
Verstappen,,,,,,
Heide,,,,,,
Fahrgast,,,,,,
Zug,,,,,,
ol><li,,,,,,
Anbieterwechsel,,,,,,
Illerkirchberg,,,,,,
Kloster Seeon,,,,,,
Austin,,,,,,
Bad Camberg,,,,,,
New Mexico,,,,,,
Kinderkrankenhaus,,,,,,
Netflix,,,,,,
Wohnimmobilien,,,,,,
Aktienmarkt,,,,,,
Albstadt,,,,,,
Asowschen Meer,,,,,,
Dauereinsatz,,,,,,
Delhi,,,,,,
"Kiew
",,,,,,
Ministerien,,,,,,
Südsudan,,,,,,
Schwarzmeer-Halbinsel,,,,,,
Münchner Flughafen,,,,,,
Südkaukasus,,,,,,
Ostens,,,,,,
Georgia,,,,,,
Vorarlberg,,,,,,
Stadt Awdijiwka,,,,,,
Ukraine-Gespräche,,,,,,
Teherans,,,,,,
Oslo,,,,,,
Waffenstillstands,,,,,,
Drohungen,,,,,,
Hessens,,,,,,
AKW Saporischschja,,,,,,
S-Bahn,,,,,,
Hongkong,,,,,,
Islamischer Staat,,,,,,
Allgäu,,,,,,
US-Hauptstadt,,,,,,
finnischen Grenze,,,,,,
Holocaust-Mahnmal,,,,,,
Verteidigungsausgaben,,,,,,
Smartphone,,,,,,
Oldenburg,,,,,,
polnischen Grenze,,,,,,
Goma,,,,,,
Stromausfall,,,,,,
Genfersee,,,,,,
chars,,,,,,
Stralsund,,,,,,
US-Justiz,,,,,,
Nepal,,,,,,
US-Raketen,,,,,,
Neubrandenburg,,,,,,
Finanzbranche,,,,,,
W…,,,,,,
Grenzzaun,,,,,,
Grevesmühlen,,,,,,
U-Bahnen,,,,,,
Debatten,,,,,,
Holzpellets,,,,,,
Colorado,,,,,,
Narva,,,,,,
Südhessen,,,,,,
Treffen,,,,,,
Atommülllager Asse,,,,,,
Washington D.C.,,,,,,
den Niederlanden,,,,,,
Synagoge,,,,,,
Atomstrom,,,,,,
Finnen,,,,,,
Lebensmittelpreise,,,,,,
dpo,,,,,,
Brunsbüttel,,,,,,
Atomkraftwerks Saporischschja,,,,,,
Beratungen,,,,,,
Uganda,,,,,,
Europa-Gipfel,,,,,,
Amtsgericht Tiergarten,,,,,,
Melbourne,,,,,,
Mannheimer,,,,,,
Nachbarländern,,,,,,
Fliegeralarm,,,,,,
Weißes Haus,,,,,,
Petersberger,,,,,,
Ceuta-Krise,,,,,,
Deutschland-Liveblog,,,,,,
Militärmanöver,,,,,,
Irkutsk,,,,,,
US-Seite,,,,,,
Madagaskar,,,,,,
Rio de Janeiro,,,,,,
Tartus,,,,,,
Chan Junis,,,,,,
Tür,,,,,,
Politik</li></ol,,,,,,
Berlin-Schöneberg,,,,,,
Sachsen-Anhalts,,,,,,
US-Investor,,,,,,
Küste,,,,,,
Torgau,,,,,,
Hacker-Angriff,,,,,,
Rheingau,,,,,,
Kontrollen,,,,,,
Karuizawa,,,,,,
Sauerland,,,,,,
Ölembargo,,,,,,
Bad Freienwalde,,,,,,
Russla…,,,,,,
Rekordniveau,,,,,,
Dschabalia,,,,,,
Rhein-Main-Gebiet,,,,,,
Gasspeicherverband,,,,,,
Mount Everest,,,,,,
Vorquartal,,,,,,
Drittanbietern,,,,,,
Taiwans,,,,,,
Start-up,,,,,,
Lubmin,,,,,,
Crocus City Hall,,,,,,
Rote Meer,,,,,,
Kurden,,,,,,
Privatjets,,,,,,
Twer,,,,,,
Hapag-Lloyd,,,,,,
Bonner,,,,,,
Sprit,,,,,,
Emden,,,,,,
Zandvoort,,,,,,
Rheinmetall,,,,,,
Selenskyj-Besuch,,,,,,
Stockelsdorf,,,,,,
Landkreis Rostock,,,,,,
Uni,,,,,,
Pennsylvania,,,,,,
Brandenburg an der Havel,,,,,,
Namibia,,,,,,
Pankow,,,,,,
Russin,,,,,,
Machatschkala,,,,,,
Grafenrheinfeld,,,,,,
Schöneberg,,,,,,
Argentinier,,,,,,
Insel Borkum,,,,,,
Aktien,,,,,,
Wagner-Aufstand,,,,,,
Bundeshaushalt,,,,,,
Celle,,,,,,
Landkreis Oberhavel,,,,,,
Lichtenberg,,,,,,
Kottbusser Tor,,,,,,
Leitungen,,,,,,
Klimawende,,,,,,
Gipfeltreffens,,,,,,
DR Kongo,,,,,,
Sa…,,,,,,
Buenos Aires,,,,,,
Dnjepr,,,,,,
Kernkraftwerk Stade,,,,,,
Herausforderungen,,,,,,
Herdecke,,,,,,
Silicon Valley,,,,,,
Straubing,,,,,,
Bad Münstereifel,,,,,,
Lissabon,,,,,,
Streubomben,,,,,,
Fudschaira,,,,,,
Mogadischu,,,,,,
Bachmuts,,,,,,
Flughafen München,,,,,,
Gasaustritt,,,,,,
Waffenverbotszone,,,,,,
Raketenangriffen,,,,,,
Wiens,,,,,,
Tonne,,,,,,
Oktoberfest,,,,,,
Erdgasspeicher,,,,,,
Heidenheim,,,,,,
Bangladesch,,,,,,
Nordamerika,,,,,,
Duma-Wahl,,,,,,
Sanaa,,,,,,
BND-Chef,,,,,,
Tula,,,,,,
Weisse Haus,,,,,,
Ukraine-Update am Morgen,,,,,,
Zentrum des Landes,,,,,,
Netze,,,,,,
Bregenz,,,,,,
Kompromissen,,,,,,
Flughafen Köln/Bonn,,,,,,
Nahostkonflikt,,,,,,
Niederländer,,,,,,
Neubauten,,,,,,
Insidern,,,,,,
Rostocker,,,,,,
Luxusautos,,,,,,
Venezuelas,,,,,,
Kliniken,,,,,,
Gasbohrungen,,,,,,
Regierungsparteien,,,,,,
Stadt Wien,,,,,,
Atomkraft,,,,,,
Ost-Jerusalem,,,,,,
Bosporus,,,,,,
Börsianer,,,,,,
Gastank,,,,,,
Klimakonferenz,,,,,,
Kopfhörer,,,,,,
Kühlturm,,,,,,
Kanzlers,,,,,,
Girokonto,,,,,,
Startlöchern,,,,,,
Klimawandels,,,,,,
Gewässern,,,,,,
Turbulenzen,,,,,,
Weser,,,,,,
Landkreis München,,,,,,
Netzentgelte,,,,,,
Hambacher Forst,,,,,,
Verbraucherzentralen,,,,,,
Kontinents,,,,,,
Grönlands,,,,,,
Großeinsatz,,,,,,
Straße von Malakka,,,,,,
Getreide-Deal,,,,,,
Spandau,,,,,,
Kiesewetter,,,,,,
Demokratische Republik Kongo,,,,,,
Berlin-Lichtenberg,,,,,,
US-Banken,,,,,,
Ölterminal,,,,,,
Nord-Stream-Gaspipelines,,,,,,
Mosambik,,,,,,
Gas-Deal,,,,,,
Cybercrime,,,,,,
Crunchyroll,,,,,,
Silvesternacht,,,,,,
russische Außenministerium,,,,,,
Stockholmer,,,,,,
Hammer-Angriff,,,,,,
Friedensgespräche,,,,,,
Spitzbergen,,,,,,
G20-Gipfels,,,,,,
Scharm el Scheich,,,,,,
Geldbeutel,,,,,,
Volkswagen-Konzern,,,,,,
Quartal,,,,,,
Aserbaidschans,,,,,,
Beit Lahia,,,,,,
Ukraine Russlands,,,,,,
Antisemitismusbeauftragter,,,,,,
Steuer,,,,,,
UN-Flüchtlingskommissar,,,,,,
UN,,,,,,
Karlsruher Hauptbahnhof,,,,,,
Rekordzeit,,,,,,
US-Medien,,,,,,
Rjasan,,,,,,
Lage,,,,,,
USA-Besuch,,,,,,
Kampfpanzer,,,,,,
Militärhilfen,,,,,,
Bondi Beach,,,,,,
Startups,,,,,,
Ruin,,,,,,
Ölraffinerie,,,,,,
Statistischen Bundesamt,,,,,,
Regierungstruppen,,,,,,
Gebiet Dnipropetrowsk,,,,,,
Ru…,,,,,,
Mullah-Regime,,,,,,
US-Delegation,,,,,,
Senegal,,,,,,
Suezkanal,,,,,,
Schwarzmeer-Halbinsel Krim,,,,,,
Zugeständnissen,,,,,,
Galeria,,,,,,
israelische Regierung,,,,,,
Bäume,,,,,,
Heizöl,,,,,,
Mehrfamilienhäusern,,,,,,
Wildberries,,,,,,
Auswärtigen Amt,,,,,,
Statistischen Bundesamtes,,,,,,
Apolda,,,,,,
Anleger,,,,,,
Megawattstunde,,,,,,
Schwarzes Meer,,,,,,
Polizeiauto,,,,,,
Hitzesommer,,,,,,
Wärmenetze,,,,,,
Frankfurter Hauptbahnhof,,,,,,
Eskalation,,,,,,
Gebiets,,,,,,
Astana,,,,,,
Eklat im Weißen Haus,,,,,,
Kreis Esslingen,,,,,,
Schwarz-Rot,,,,,,
Irre,,,,,,
Nachtragshaushalt,,,,,,
Wagner-Truppen,,,,,,
Hisbollah-Angriff,,,,,,
Leopard-Panzern,,,,,,
Hormus-Mission,,,,,,
Westrussland,,,,,,
Kernkraftwerken,,,,,,
Englands,,,,,,
Honduras,,,,,,
Land Berlin,,,,,,
Kirgistan,,,,,,
Obdachlosenheim,,,,,,
Glühwein,,,,,,
Evian,,,,,,
Kertsch-Brücke,,,,,,
lsw,,,,,,
EU-Kommissarin,,,,,,
G20,,,,,,
Marl,,,,,,
Parkhaus,,,,,,
Warendorf,,,,,,
Not,,,,,,
Göppingen,,,,,,
Kremlchef Putin,,,,,,
Maschen,,,,,,
Repression,,,,,,
Zügen,,,,,,
Gas-Pipelines Nord Stream 1,,,,,,
Saudi-Arabiens,,,,,,
Kreta,,,,,,
Liverpool,,,,,,
UN-Klimagipfel,,,,,,
Ulmer,,,,,,
Dehoga,,,,,,
Dammbruch,,,,,,
Platzeck,,,,,,
Bundeskartellamt,,,,,,
Pre…,,,,,,
Dänen,,,,,,
Säbelrasseln,,,,,,
Seeblockade,,,,,,
Drohnenangriffen,,,,,,
Brosius-Gersdorf,,,,,,
Hitzewellen,,,,,,
See,,,,,,
Landshut,,,,,,
Gebäudebestand,,,,,,
Visier,,,,,,
Ofen,,,,,,
Starmer,,,,,,
Sparkassen-Raub,,,,,,
Marine Le Pen,,,,,,
Beijing,,,,,,
Landes…,,,,,,
WELT-Interview,,,,,,
russischen Fernsehen,,,,,,
Ludwigsburg,,,,,,
Rückenwind,,,,,,
Deeskalation,,,,,,
Köpenick,,,,,,
Staus,,,,,,
Klimaschutz,,,,,,
Gießen,,,,,,
nan Russland,,,,,,
Wahn,,,,,,
Ahrtal,,,,,,
Bahnen,,,,,,
Fitness-Studio,,,,,,
Grossbritannien,,,,,,
Endlagersuche,,,,,,
Marjinka,,,,,,
Öllager,,,,,,
Omans,,,,,,
Marihuana,,,,,,
Serben,,,,,,
Halbinsel Krim,,,,,,
Stadt Dachau,,,,,,
Nordkoreaner,,,,,,
Söder,,,,,,
Gebiet Cherson,,,,,,
Lenovo,,,,,,
Friedrichshafen,,,,,,
Terroranschlag,,,,,,
Hohen Neuendorf,,,,,,
Flensburg,,,,,,
Taganrog,,,,,,
Liveblog China,,,,,,
Westeuropa,,,,,,
Papenburg,,,,,,
New Start,,,,,,
Friedensgesprächen,,,,,,
Nachbarlandes,,,,,,
Mülheim an der Ruhr,,,,,,
Krankenhaus,,,,,,
Faktor,,,,,,
Morgen,,,,,,
Spree,,,,,,
Lengerich,,,,,,
Ölpreises,,,,,,
Planeten,,,,,,
Tschad,,,,,,
Ukrainern,,,,,,
Rekordhoch,,,,,,
Flugzeugabsturz,,,,,,
Petersburg,,,,,,
Golf von Aden,,,,,,
Putin-Regime,,,,,,
Argentiniens,,,,,,
Mexikos,,,,,,
New York City,,,,,,
Atomkraftwerk Grafenrheinfeld,,,,,,
Hoffnungen,,,,,,
Klima-Fonds,,,,,,
Kerpen,,,,,,
Chemiebranche,,,,,,
Atomprogramm,,,,,,
Neunkirchen,,,,,,
Schebekino,,,,,,
SZ.de,,,,,,
Berlin-Reinickendorf,,,,,,
Rechnungshof,,,,,,
Frieden,,,,,,
Handschellen,,,,,,
Wostotschny,,,,,,
Ost-West-Pipeline,,,,,,
Smartphones,,,,,,
Jemens,,,,,,
Grenznähe,,,,,,
Philippsburg,,,,,,
Frankenthal,,,,,,
Mondes,,,,,,
si…,,,,,,
Ostseeinsel,,,,,,
Seattle,,,,,,
Waffenhilfe,,,,,,
Prigoschin,,,,,,
Bloomberg,,,,,,
Dominikanische Republik,,,,,,
Schießereien,,,,,,
Vorjahres,,,,,,
Michigan,,,,,,
Rhodos,,,,,,
Kriegsangst,,,,,,
Bund-Länder-Gipfel,,,,,,
Ausweg,,,,,,
Schorndorf,,,,,,
Kachowka-Stausee,,,,,,
Erdbeben,,,,,,
Emiraten,,,,,,
Landkreis Hildesheim,,,,,,
Flughafen“,,,,,,
Oranienburg,,,,,,
Bundesverwaltungsgericht,,,,,,
Kernkraftwerk Emsland,,,,,,
A7,,,,,,
Hizbullah,,,,,,
Auswegen,,,,,,
Kertsch,,,,,,
Germersheim,,,,,,
Elversberg,,,,,,
Bedarfs,,,,,,
Erklärungsnot,,,,,,
Flughafen Halle/Leipzig,,,,,,
Vert…,,,,,,
Ga…,,,,,,
Bab al-Mandab,,,,,,
afrikanische Land,,,,,,
Flüchtlingsheim,,,,,,
Wisconsin,,,,,,
Southport,,,,,,
Montagabend,,,,,,
Kap Verde,,,,,,
Dreier-Gipfel,,,,,,
Bologna,,,,,,
Aufwind,,,,,,
Belgier,,,,,,
Schweinfurt,,,,,,
Siegessäule,,,,,,
Hochhaus,,,,,,
Alster,,,,,,
Zollernalbkreis,,,,,,
Gas-Pipelines,,,,,,
Gas,,,,,,
Nato,,,,,,
Freising,,,,,,
Personalwechsel,,,,,,
angegriffene Land,,,,,,
Uroschajne,,,,,,
Gaspreisdeckel,,,,,,
US-Verbraucherpreise,,,,,,
Sturm,,,,,,
Kaufland,,,,,,
Entlassungen,,,,,,
Oblast Sumy,,,,,,
europäischen Ländern,,,,,,
Nachbarländer,,,,,,
Lösungen,,,,,,
Wolfsburger,,,,,,
Terroranschlags,,,,,,
Warnstreiks,,,,,,
Vergleichsportals Verivox,,,,,,
Patriots,,,,,,
Grünheide,,,,,,
Foto,,,,,,
Verden,,,,,,
Großen,,,,,,
Evakuierungen,,,,,,
Saturn,,,,,,
Ökostrom,,,,,,
Schalke-Fans,,,,,,
Südkoreaner,,,,,,
Hawaii,,,,,,
Görlitzer Park,,,,,,
Kanzler Scholz,,,,,,
Eisenberg,,,,,,
Aussicht,,,,,,
Strategiewechsel,,,,,,
Gotha,,,,,,
Mitgliedstaaten,,,,,,
Utah,,,,,,
Kriegsgegner,,,,,,
Warmwasser,,,,,,
Krankenhäuser,,,,,,
Fretterode,,,,,,
Umfragen,,,,,,
Darfur,,,,,,
Endkunden,,,,,,
Gasfüllstand,,,,,,
Streiks,,,,,,
Oppositionspolitiker,,,,,,
Expertenrat,,,,,,
Caracas,,,,,,
Atomkraftwerk Emsland,,,,,,
Kurs,,,,,,
Kehrtwende,,,,,,
US-Vorschlag,,,,,,
Fessenheim,,,,,,
Rheinhessen,,,,,,
Wiener Neustadt,,,,,,
Weltwirtschaftsforums,,,,,,
Brückenkopf am Dnipro,,,,,,
Bandar Abbas,,,,,,
Schlachtfeld,,,,,,
Donnerstagnachmittag,,,,,,
Klimaschützer,,,,,,
Jakutsk,,,,,,
Manhattan,,,,,,
Umweltbundesamts,,,,,,
Geschworenen,,,,,,
A3,,,,,,
Oppositionspolitikers,,,,,,
Kubicki,,,,,,
Mo…,,,,,,
Lidl,,,,,,
Baden-Württembergs,,,,,,
Hausbesitzern,,,,,,
Handelsschiffe,,,,,,
US-Sondergesandte,,,,,,
Uni Graz,,,,,,
Tibet,,,,,,
Stadt Sewastopol,,,,,,
Süddeutschland,,,,,,
Nordsyrien,,,,,,
Lütjensee,,,,,,
Raketen,,,,,,
Klimablog,,,,,,
Vergeltungsschläge,,,,,,
Lampedusa,,,,,,
Schornstein,,,,,,
Petersplatz,,,,,,
Verbot,,,,,,
Rostocker Hafen,,,,,,
Großstädten,,,,,,
Berlin-Brandenburg,,,,,,
Strack-Zimmermann,,,,,,
Tiny House,,,,,,
Ukraine-Krieges,,,,,,
Statistische Bundesamt am Freitag,,,,,,
Steglitz-Zehlendorf,,,,,,
Borussia Dortmund,,,,,,
Iran-Verhandlungen,,,,,,
Finanznot,,,,,,
Ticker,,,,,,
US-Kollegen,,,,,,
Zentrum der Stadt,,,,,,
Arizona,,,,,,
Kamtschatka,,,,,,
Fernen Osten Russlands,,,,,,
Putins Reich,,,,,,
Engländer,,,,,,
Kreis Groß-Gerau,,,,,,
Südamerikas,,,,,,
Biblis,,,,,,
Hrosa,,,,,,
Pipeline-Lecks,,,,,,
Nazideutschland,,,,,,
Neptun,,,,,,
Christopher Street Days,,,,,,
Bergstraße,,,,,,
Wales,,,,,,
TTS-Player,,,,,,
Nord-Stream-Anschläge,,,,,,
Bundesrepublik Deutschland,,,,,,
Szenario,,,,,,
Verteidigungsbereich,,,,,,
Baden,,,,,,
Verspätungen,,,,,,
Atomkraftwerk Brokdorf,,,,,,
Klima-Demonstranten,,,,,,
Stadt Dnipro,,,,,,
Nagorni Karabach,,,,,,
Stadt Kostjantyniwka,,,,,,
Oreschnik,,,,,,
Erfolgskurs,,,,,,
Abgeordnetenhaus,,,,,,
Barrikaden,,,,,,
al…,,,,,,
Energiekonzerne,,,,,,
Stellungen,,,,,,
Speicher,,,,,,
Ölkonzerne,,,,,,
Instagram,,,,,,
Offshore-Windparks,,,,,,
Pfalz,,,,,,
Luftangriffe,,,,,,
Bordeaux,,,,,,
Arbeitsplatz,,,,,,
südamerikanischen Land,,,,,,
Lindenberg,,,,,,
Rafah-Angriff,,,,,,
Nato-Luftraums,,,,,,
Neuwahlen,,,,,,
Nord-Stream-Lecks,,,,,,
Südkalifornien,,,,,,
Türken,,,,,,
N26,,,,,,
Photovoltaik,,,,,,
Rohölpreis,,,,,,
Juba,,,,,,
Lawrow,,,,,,
Esslingen,,,,,,
Eberswalde,,,,,,
Mieter,,,,,,
Makijiwka,,,,,,
Kanal,,,,,,
Cattenom,,,,,,
Rathaus,,,,,,
Oberverwaltungsgericht Berlin-Brandenburg,,,,,,
Flughafen Berlin-Brandenburg,,,,,,
Calw,,,,,,
Illner,,,,,,
Nordrhein-Westfalens,,,,,,
Kiew …,,,,,,
Roskosmos,,,,,,
Häftlingen,,,,,,
Libyens,,,,,,
Kreis Höxter,,,,,,
Einsparungen,,,,,,
Stromnetze,,,,,,
Mecklenburg-Vorpommerns,,,,,,
deutschen Staat,,,,,,
Dachau,,,,,,
Bangkok,,,,,,
Büros,,,,,,
Gefahr,,,,,,
Netzagentur-Chef,,,,,,
US-Reporter,,,,,,
Landkreis Ebersberg,,,,,,
britischen Regierung,,,,,,
Umweltschäden,,,,,,
Bündnis,,,,,,
Energie-Infrastruktur,,,,,,
Innsbruck,,,,,,
Huthi-Angriffen,,,,,,
Russen-Geld,,,,,,
Landgericht Zweibrücken,,,,,,
Straße von Hormus +++,,,,,,
Eigenheim,,,,,,
Landkreis Prignitz,,,,,,
Meloni,,,,,,
Pump,,,,,,
Eifel,,,,,,
Waffenarsenal,,,,,,
Berg-Karabach,,,,,,
Profiteur,,,,,,
Norddeutschland,,,,,,
Baltic Pipe,,,,,,
Bürgerbewegung,,,,,,
Budapester,,,,,,
Finsterwalde,,,,,,
Gebiet Sumy,,,,,,
Ergebnis-Krise,,,,,,
Landgericht Hamburg,,,,,,
kriegsgebeutelten Land,,,,,,
iOS,,,,,,
Baustellen,,,,,,
Dijon,,,,,,
Klima-Debatte,,,,,,
s…,,,,,,
Wochenmitte,,,,,,
RWE-Chef,,,,,,
Altschewsk,,,,,,
Kreis Calw,,,,,,
Hoppegarten,,,,,,
Baubranche,,,,,,
Pfefferspray,,,,,,
Schifa-Klinik,,,,,,
Infantino,,,,,,
Freitagvormittag,,,,,,
Weissen Haus,,,,,,
WM-Rennen,,,,,,
Bauernregeln,,,,,,
Pamplona,,,,,,
Präs…,,,,,,
Gebäudeenergiegesetzes,,,,,,
Verhandlungstisch,,,,,,
russischen Grenze,,,,,,
Fest,,,,,,
Diehl,,,,,,
Stadt München,,,,,,
Mondoberfläche,,,,,,
Oberlandesgericht München,,,,,,
Bauzinsen,,,,,,
Detmold,,,,,,
Statistische Bundesamt am Montag,,,,,,
Carlsberg,,,,,,
Taifun,,,,,,
Protesthochburg,,,,,,
Oleniwka,,,,,,
Reich,,,,,,
Bahnhofsviertel,,,,,,
Bündnispartner,,,,,,
Gleitbomben,,,,,,
S-Bahnhof,,,,,,
Atommüll-Endlager,,,,,,
Sacharow-Zentrum,,,,,,
Papua-Neuguinea,,,,,,
Atomkraftwerks Paks,,,,,,
Nahost-Krise,,,,,,
Samstagabend,,,,,,
Kreis Lippe,,,,,,
Mangelware,,,,,,
Krakau,,,,,,
Lewiston,,,,,,
Charlottenburg,,,,,,
Deutschlan…,,,,,,
Baywa,,,,,,
Passau,,,,,,
US-Militär,,,,,,
Potenzial,,,,,,
Unterstützern,,,,,,
Verivox,,,,,,
A9,,,,,,
Auftrag,,,,,,
iranischen Küste,,,,,,
Preisschub,,,,,,
Staat Israel,,,,,,
Landgericht München I,,,,,,
Beteiligungen,,,,,,
Madeira,,,,,,
Anker,,,,,,
Westukraine,,,,,,
Alpenland,,,,,,
Liveblog Nordkorea,,,,,,
Liveblog Israel,,,,,,
Atlantiks,,,,,,
Tablets,,,,,,
Winnyzja,,,,,,
Handlungsbedarf,,,,,,
Hizbullah-Miliz,,,,,,
Inflation,,,,,,
Streumunition,,,,,,
Gericht,,,,,,
Groß-Gerau,,,,,,
Guatemala,,,,,,
Auto,,,,,,
Tallinn,,,,,,
ungarische Regierung,,,,,,
North Carolina,,,,,,
Gebiet Krasnodar,,,,,,
Bundeskabinett,,,,,,
Kitas,,,,,,
Nato-Gipfels,,,,,,
Extremwetter,,,,,,
NATO-Mitgliedstaat,,,,,,
Dachgeschoss,,,,,,
Kli…,,,,,,
St. Pauli,,,,,,
Grenzübergänge,,,,,,
russischen Verteidigungsministeriums,,,,,,
St. Petersburg,,,,,,
Militär,,,,,,
Hamas-Angaben,,,,,,
Presseschau,,,,,,
Kairo,,,,,,
Klimafragen,,,,,,
Strombedarf,,,,,,
Stadt Salzburg,,,,,,
GPS,,,,,,
Offenburg,,,,,,
Ukraine-Flüchtlingen,,,,,,
Milliardenwert,,,,,,
koreanischen Halbinsel,,,,,,
Unterschiede,,,,,,
Bautzen,,,,,,
Himalaya,,,,,,
Bundeswirtschaftsministerin,,,,,,
Ulan Bator,,,,,,
S-Bahnen,,,,,,
New Orleans,,,,,,
Landkreis Limburg-Weilburg,,,,,,
Hennigsdorf,,,,,,
Ammersees,,,,,,
Gaspreisen,,,,,,
Börsen,,,,,,
Kreis Stormarn,,,,,,
Berliner Messe,,,,,,
TikTok,,,,,,
Washington“,,,,,,
Spionageverdacht,,,,,,
Schwung,,,,,,
A…,,,,,,
Lausitz,,,,,,
Opioid-Krise,,,,,,
Heizenergiebedarf,,,,,,
Anleihen,,,,,,
Vereinigten Staaten von Amerika,,,,,,
Rohstoffabkommens,,,,,,
Südbrandenburg,,,,,,
Eisbaden,,,,,,
Korea,,,,,,
Landkreis Märkisch-Oderland,,,,,,
Landkreis Vorpommern-Greifswald,,,,,,
Angriff am Holocaust-Mahnmal,,,,,,
Tschechische Republik,,,,,,
Rohstoffdeal,,,,,,
Kellogg,,,,,,
Verwaltungsgericht Berlin,,,,,,
Lübecker,,,,,,
Rezession,,,,,,
Klimaschutzes,,,,,,
Nienburg,,,,,,
Handelsschiffen,,,,,,
Mittelmeerraum,,,,,,
Halle (Saale,,,,,,
Ukraine-Kommando,,,,,,
Kriegsgegner Russland,,,,,,
Tankern,,,,,,
Linkin Park,,,,,,
Vermietern,,,,,,
Amtsgericht Regensburg,,,,,,
Rosenheim,,,,,,
Chamenei,,,,,,
Ostsibirien,,,,,,
Gazprom,,,,,,
Beifahrer,,,,,,
Land Niedersachsen,,,,,,
Südfrankreich,,,,,,
Reaktoren,,,,,,
Gange,,,,,,
Nord Stream 2,,,,,,
Spezialoperation,,,,,,
Fenstern,,,,,,
Bezirk,,,,,,
South Pars,,,,,,
Küstenwache,,,,,,
Panzerbrigade 45,,,,,,
Bund-Länder-Treffen,,,,,,
Inflationsschub,,,,,,
Kontrast,,,,,,
Greiz,,,,,,
Kreis Limburg-Weilburg,,,,,,
Ukraine-Friedensgipfel,,,,,,
Meeresboden,,,,,,
Klimastreiks,,,,,,
Palmyra,,,,,,
Ruanda,,,,,,
jüdische Staat,,,,,,
Stadt Solingen,,,,,,
Qatar,,,,,,
US,,,,,,
Main,,,,,,
Sri Lanka,,,,,,
Klima-Gipfel,,,,,,
Parlamentsausschuss,,,,,,
Stuttgarter Flughafen,,,,,,
Centcom,,,,,,
Energie-Krise,,,,,,
russischen Staat,,,,,,
Orjol,,,,,,
Tickets,,,,,,
Witkoff,,,,,,
Supermarktkette Globus,,,,,,
Fidschi-Inseln,,,,,,
Mietern,,,,,,
Oberlandesgericht Düsseldorf,,,,,,
Élysée-Palast,,,,,,
Großbeeren,,,,,,
Som…,,,,,,
Bankensektor,,,,,,
Voigt,,,,,,
nan Rivva,,,,,,
Forschern,,,,,,
Münchener Rück,,,,,,
Halbinsel,,,,,,
Deir al-Balah,,,,,,
Kostengründen,,,,,,
Gasfeld,,,,,,
Ursachen,,,,,,
Vodafone,,,,,,
Hilfen,,,,,,
Berlin-Charlottenburg,,,,,,
Wissenschaftlern,,,,,,
Feldberg,,,,,,
Tianjin,,,,,,
Pipeline Nord Stream 1,,,,,,
Nato-Kreisen,,,,,,
Rosatom,,,,,,
Verbrauch,,,,,,
Notbremse,,,,,,
Militärpersonal des russischen Verteidigungsministeriums,,,,,,
Militärpersonal,,,,,,
Geschäfte,,,,,,
Biberach,,,,,,
Villach,,,,,,
Wäldern,,,,,,
PamS,,,,,,
Hannover Messe,,,,,,
Sanssouci,,,,,,
Al-Faschir,,,,,,
südamerikanische Land,,,,,,
Ukraine</li><li,,,,,,
Bad Hersfeld,,,,,,
Freigang,,,,,,
Schweriner,,,,,,
Hochwassergebiet,,,,,,
Umweltverbänden,,,,,,
Tripolis,,,,,,
AfD-Bundestagsfraktion,,,,,,
Berlin-Marzahn,,,,,,
Kindergeld,,,,,,
Hauptlast,,,,,,
Dax-Konzerne,,,,,,
Hamas-Geiseln,,,,,,
Schadcode,,,,,,
Mengen,,,,,,
Elsass,,,,,,
Verbands,,,,,,
Farbattacke,,,,,,
Behörde,,,,,,
Hals,,,,,,
Trump-Straße,,,,,,
Iran-Angriff,,,,,,
Örebro,,,,,,
Ukrainer Usyk,,,,,,
Energiepreisbremse,,,,,,
Inneren Russlands,,,,,,
Weßling,,,,,,
Frauke Brosius-Gersdorf,,,,,,
Elends,,,,,,
Panamakanal,,,,,,
Nowaja Gaseta,,,,,,
Einsatzkräfte,,,,,,
Klebe-Attacke,,,,,,
Esten,,,,,,
Rotes Meer,,,,,,
Si…,,,,,,
Cafés,,,,,,
Petuschki,,,,,,
Rems-Murr-Kreis,,,,,,
Golanhöhen,,,,,,
Weltverband,,,,,,
Speyer,,,,,,
Grenzkontrollen,,,,,,
Stahlbranche,,,,,,
Kriegsbeginns,,,,,,
Wohnhäusern,,,,,,
Gastgeberland,,,,,,
Flüssiggas-Terminal,,,,,,
Häusern,,,,,,
Petersburger,,,,,,
Berlin-Wedding,,,,,,
Haifa,,,,,,
Dörfern,,,,,,
Überflutungen,,,,,,
Stresstest,,,,,,
Polizeikontrolle,,,,,,
Städten,,,,,,
Udmurtien,,,,,,
Lieferengpässe,,,,,,
Haus…,,,,,,
Sarajevo,,,,,,
Prigoschins,,,,,,
Drohnenangriffe,,,,,,
Ver…,,,,,,
Arktis,,,,,,
Böhlen,,,,,,
Iffezheim,,,,,,
Bereichen,,,,,,
Niedersachsens Landtag,,,,,,
US-Vizepräsident,,,,,,
Präside…,,,,,,
Duma,,,,,,
Lambrecht,,,,,,
Garching,,,,,,
Ostkongo,,,,,,
Unionsfraktionschef Spahn,,,,,,
südafrikanischen Regierung,,,,,,
Putins Russland,,,,,,
Bürger,,,,,,
Gas-Pipelines Nord,,,,,,
Geflohener,,,,,,
Fenstersturz,,,,,,
Lemgo,,,,,,
Amazonas-Regenwald,,,,,,
Donnerstagmorgen,,,,,,
Flusses Dnipro,,,,,,
Nestlé,,,,,,
Ozean,,,,,,
Polizeigewahrsam,,,,,,
Staatsanleihen,,,,,,
Flüssen,,,,,,
Leningrad,,,,,,
Terrormiliz Islamischer Staat,,,,,,
Cannes,,,,,,
lnw,,,,,,
Antwerpen,,,,,,
Heizungstausch,,,,,,
Bundesgerichtshofs,,,,,,
Elfenbeinküste,,,,,,
Plug-in-Hybride,,,,,,
Steinwürfen,,,,,,
Friedensplan,,,,,,
Todesfällen,,,,,,
Russische Haus,,,,,,
Buxtehude,,,,,,
Frontstadt,,,,,,
Paketen,,,,,,
Gegenwind,,,,,,
Tourismusbranche,,,,,,
Flughafen Frankfurt,,,,,,
Tusk,,,,,,
Militärflugplatz,,,,,,
Gasag,,,,,,
Nairobi,,,,,,
Truppenübungsplatz,,,,,,
Frieren,,,,,,
Kameras,,,,,,
Erdbeben im türkisch-syrischen Grenzgebiet,,,,,,
Eis,,,,,,
Einfamilienhaus,,,,,,
Sonnabend,,,,,,
Holland,,,,,,
Temperatursturz,,,,,,
Leipzig/Halle,,,,,,
Zäune,,,,,,
Wagner-Kämpfer,,,,,,
Bran…,,,,,,
EU-Gipfels,,,,,,
Bundeswirtschaftsministerium,,,,,,
Armeniern,,,,,,
Selenskyi,,,,,,
Wolfenbüttel,,,,,,
Sierra Nevada,,,,,,
Belarussen,,,,,,
russische Staat,,,,,,
Landtag von Sachsen-Anhalt,,,,,,
Liebig Centre,,,,,,
Straße von Kertsch,,,,,,
überfallene Land,,,,,,
Meerenge,,,,,,
Versuchtes Tötungsdelikt,,,,,,
baltischen Landes,,,,,,
europäische Strompreis,,,,,,
Kherson,,,,,,
Brasilia au…,,,,,,
Ermittler,,,,,,
Kita-Krise,,,,,,
Atomkatastrophe von Fukushima,,,,,,
Isjum,,,,,,
S-Bahnhof Neukölln,,,,,,
Lützen,,,,,,
Montagmorgen,,,,,,
Wel…,,,,,,
Reichsbürger,,,,,,
Energiehunger,,,,,,
Zinswende,,,,,,
Rollkragenpullover,,,,,,
Klima-Fragen,,,,,,
Atomkatastrophe von Tschernobyl,,,,,,
Leopard-Panzer,,,,,,
Sysran,,,,,,
Fluchtauto,,,,,,
Nachbarn Polen,,,,,,
US-Unterhändlern,,,,,,
Alfeld,,,,,,
Wedding,,,,,,
Supermarktregal,,,,,,
Nato-Ukraine-Rat,,,,,,
Eklat,,,,,,
Abriss,,,,,,
Homey Pro,,,,,,
Corona-Hilfen,,,,,,
Weltmarkt,,,,,,
Bankenstresstest,,,,,,
Viren,,,,,,
Stadt…,,,,,,
Hei…,,,,,,
Ölheizungen,,,,,,
Pipeline Nord Stream 2,,,,,,
Emirate,,,,,,
Banaszak,,,,,,
Nordderby,,,,,,
Russland-Geschäft,,,,,,
NATO,,,,,,
Neuruppin,,,,,,
Zeitlupe,,,,,,
Deggendorf,,,,,,
Behauptungen,,,,,,
Gady,,,,,,
Ukraine-Debatte,,,,,,
Anlegern,,,,,,
Kiewer Regimes,,,,,,
Marburg,,,,,,
Hauseinsturz,,,,,,
Flughafens Nürnberg,,,,,,
Bel…,,,,,,
Abo,,,,,,
Starnberg,,,,,,
NATO-Chef,,,,,,
Heizungswechsel,,,,,,
Stein,,,,,,
Ampelkoalition,,,,,,
Hohe Öl-,,,,,,
Landgericht Neuruppin,,,,,,
Ismajil,,,,,,
El Salvador,,,,,,
Pollensaison,,,,,,
Straßenrand,,,,,,
Waffendepots,,,,,,
Mecklenburgische Seenplatte,,,,,,
Theatern,,,,,,
Torgelow,,,,,,
(g+),,,,,,
Hormus-Einsatz,,,,,,
Klima-Kipppunkt,,,,,,
Schloss Meseberg,,,,,,
Atlantikküste,,,,,,
Ni…,,,,,,
<li,,,,,,
Jobverluste,,,,,,
US-Militärbasen,,,,,,
Wärmepläne,,,,,,
Ifo-Institut,,,,,,
Brics-Staaten,,,,,,
Challenger-Kampfpanzer,,,,,,
Landkreis Emsland,,,,,,
Boomer,,,,,,
Hansestadt,,,,,,
Jour­na­lis­t,,,,,,
Kürzungen,,,,,,
Aktienfonds,,,,,,
Regierungswechsel,,,,,,
Ölanlagen,,,,,,
Nordatlantik,,,,,,
Kreml-Gelände,,,,,,
Flughafen Memmingen,,,,,,
Wittenberg,,,,,,
Seenot,,,,,,
Kakao,,,,,,
Ghana,,,,,,
Eisessen,,,,,,
no…,,,,,,
Geländegewinne,,,,,,
Oberkörper,,,,,,
Weltkriegsgedenken,,,,,,
Aufeinandertreffens,,,,,,
Konzert,,,,,,
Nato-Länder,,,,,,
Heizölpreise,,,,,,
UN-Mission,,,,,,
Afrikaner,,,,,,
russischen Außenministerium,,,,,,
DNA-Spur,,,,,,
Ortschaften,,,,,,
Pole,,,,,,
Corona-Geld,,,,,,
Starlink-Station,,,,,,
Freiberg,,,,,,
Schiffsverkehrs,,,,,,
Brennholz,,,,,,
Flughafen Shannon,,,,,,
Häftling,,,,,,
Mittelsachsen,,,,,,
Vorarlberger,,,,,,
Iran-Deal,,,,,,
Iran-Newsblog,,,,,,
Das,,,,,,
Internationalen Wirtschaftsforum,,,,,,
Autobahn 480,,,,,,
Nord-Gaza,,,,,,
Butter,,,,,,
Sambia,,,,,,
Mailänder,,,,,,
Sicherheitsgarantien,,,,,,
Gebiet Belgorod,,,,,,
Tacoma,,,,,,
Gastkommentar,,,,,,
Chadera,,,,,,
noc…,,,,,,
Nowa Kachowka,,,,,,
Maskenpflicht,,,,,,
Ticketkontrolle,,,,,,
Ampel-Regierung,,,,,,
Berdjansk,,,,,,
Bundeswehrschiffe,,,,,,
Kölner Dom,,,,,,
Landgericht Bremen,,,,,,
Nato-Ostflanke,,,,,,
Wirtschafts-News,,,,,,
Krisensituationen,,,,,,
Auswärtigen Amtes,,,,,,
Corona-Pause,,,,,,
Energiepreise,,,,,,
Landesaufnahmebehörde,,,,,,
UN-Botschafter,,,,,,
Georgier,,,,,,
Uk…,,,,,,
Krim-Halbinsel,,,,,,
Guardiola,,,,,,
Unifil,,,,,,
Trümmer,,,,,,
Frontnähe,,,,,,
Abwärme,,,,,,
Wifo,,,,,,
Russische Föderation,,,,,,
Wasserstand,,,,,,
Technologieoffenheit,,,,,,
Urne,,,,,,
Krisengebieten,,,,,,
Ukraine-Partner,,,,,,
Berlin-Pankow,,,,,,
Ostfrankreich,,,,,,
Shenyang,,,,,,
Berg am Laim,,,,,,
Folgen,,,,,,
Galopprennbahn,,,,,,
Massaker,,,,,,
Olkiluoto,,,,,,
Sanktionen,,,,,,
Bundestagswahlkampf,,,,,,
Garmisch-Partenkirchen,,,,,,
Ste…,,,,,,
Arnstadt,,,,,,
Teneriffa,,,,,,
Kältekammer,,,,,,
<strong>,,,,,,
Geldern,,,,,,
Kolumbiens,,,,,,
Donbass-Region,,,,,,
Moldawiens,,,,,,
FOCUS-online-Gastautor,,,,,,
Frankfurter Paulskirche,,,,,,
Palermo,,,,,,
Landgericht Ulm,,,,,,
skandinavische Land,,,,,,
Pokal-Viertelfinale,,,,,,
Weißenfels,,,,,,
Sackgasse,,,,,,
Raketeneinschlag,,,,,,
Türkis-Grün,,,,,,
Axt-Angriff,,,,,,
Notfallmodus,,,,,,
Ostelsheim,,,,,,
Nachrichtenportal Politico,,,,,,
rechts-religiösen Regierung,,,,,,
BRD,,,,,,
Hunderassen,,,,,,
F.A.Z.-Interview,,,,,,
Bundesverteidigungsministerium,,,,,,
Landgericht Münster,,,,,,
Schal,,,,,,
NATO-Gipfels,,,,,,
Brüss…,,,,,,
Liveblog Moskau,,,,,,
Panik,,,,,,
Stadt Potsdam,,,,,,
Uni Innsbruck,,,,,,
Finanzmarkt,,,,,,
Ölinsel,,,,,,
Golf von Mexiko,,,,,,
"Sanfermines""-Fest",,,,,,
Flughäfen,,,,,,
Ex-Präsident,,,,,,
Unterhose,,,,,,
Lettlands,,,,,,
Blumenau,,,,,,
Rhein-Main-Region,,,,,,
G7-Außenminister,,,,,,
Basel,,,,,,
Moringen,,,,,,
Turnhallen,,,,,,
Coburg,,,,,,
Brics-Gipfels,,,,,,
Nieder-Olm,,,,,,
Olexander Luzenko,,,,,,
Gaskonsum,,,,,,
Kamin,,,,,,
Hauswand,,,,,,
MS Eisvogel,,,,,,
Audio/Video,,,,,,
Castrop-Rauxel,,,,,,
Islamische Republik Iran,,,,,,
Kapitolsturm,,,,,,
Mehrfamilienhaus,,,,,,
S…,,,,,,
Tschonhar-Brücke,,,,,,
Kolumne,,,,,,
Abschlagszahlungen,,,,,,
Geschäftsleute,,,,,,
Privatkunden,,,,,,
Spritpreisbremse,,,,,,
Yogastunde,,,,,,
Parlament,,,,,,
Kolosseum,,,,,,
Ravensburg,,,,,,
Hoffenheim,,,,,,
Mülheim,,,,,,
Pariser Klima-Zielen,,,,,,
Badezimmer,,,,,,
den Vereinigten Staaten,,,,,,
Roborock,,,,,,
Lünen,,,,,,
Hochdruck,,,,,,
Potsdam-Institut,,,,,,
Ostafrika,,,,,,
Bio-Lebensmittel,,,,,,
Influencer,,,,,,
Jänner,,,,,,
Raketenangriff,,,,,,
Unternehmensangaben,,,,,,
Entwicklungen,,,,,,
Pforzheimer,,,,,,
US-Bundesstaaten,,,,,,
Meteorologen,,,,,,
Ukraine-Update am Morgen -,,,,,,
Klimastudie,,,,,,
Kapitalmarkt,,,,,,
Freetown,,,,,,
Selenski,,,,,,
Kuusamo,,,,,,
Waldkraiburg,,,,,,
Kiew/Moskau,,,,,,
Mini-Kernkraftwerken,,,,,,
Wirtschaftskammer,,,,,,
Öldepots,,,,,,
Langenfeld,,,,,,
Ukraine-Front,,,,,,
Bad Segeberg,,,,,,
Landgericht Berlin,,,,,,
Waldbrände,,,,,,
Dürren,,,,,,
Gotland,,,,,,
Konstanz,,,,,,
Kreis Dithmarschen,,,,,,
Binnenmeer,,,,,,
EU-Ebene,,,,,,
Recklinghausen,,,,,,
Gastronomie,,,,,,
Haushaltsurteil,,,,,,
Enerhodar,,,,,,
Stadt Frankfurt,,,,,,
Sonnenschein,,,,,,
Versorgungsengpässen,,,,,,
Marzahn-Hellersdorf,,,,,,
Herne,,,,,,
Otscheretyne,,,,,,
Provinz Gansu,,,,,,
Landkreis Jishishan,,,,,,
Unstrut-Hainich-Kreis,,,,,,
Veranstalterangaben,,,,,,
Viersen,,,,,,
essen,,,,,,
Amazfit,,,,,,
Orbán,,,,,,
Bohnenkaffee,,,,,,
Wiener Museum,,,,,,
Ungarns Regierungschef,,,,,,
Drohnen-Bauteilen,,,,,,
Auschwitz,,,,,,
Fico,,,,,,
Landau,,,,,,
Germanwatch,,,,,,
Trump-Ultimatum,,,,,,
Temperaturrekord,,,,,,
Schneechaos,,,,,,
Pyrenäen,,,,,,
Partylaune,,,,,,
Stromversorger,,,,,,
Klima-Urteil,,,,,,
Bolschoi-Theater,,,,,,
Jabloko,,,,,,
Kanye West,,,,,,
Antikorruptionsbehörden,,,,,,
Holocaust-Mahnmals,,,,,,
Manila,,,,,,
Zölle,,,,,,
Berlin/Kiew,,,,,,
Bari,,,,,,
Peskow,,,,,,
Ukraine-Kredit,,,,,,
Nato-Einsatz,,,,,,
No…,,,,,,
Euromaidan,,,,,,
Völklingen,,,,,,
Beschlüsse,,,,,,
Erdbeben in der Türkei,,,,,,
Winterjacke,,,,,,
Miersch,,,,,,
Rohstoff-Deal,,,,,,
Lieferstopp,,,,,,
EU-Ratspräsident,,,,,,
Freistaat Bayern,,,,,,
Munitionsnachschub,,,,,,
Straße …,,,,,,
Gaza-Streifens,,,,,,
St. Pölten,,,,,,
Vorwoche,,,,,,
Tirana,,,,,,
Louvre,,,,,,
Armeeangaben,,,,,,
Hürth,,,,,,
sol…,,,,,,
Weltbank,,,,,,
Notenbank,,,,,,
Ukrainekrieg,,,,,,
Kohlendioxid,,,,,,
Lachgas,,,,,,
Frankfurter Landgericht,,,,,,
Donnerstag,,,,,,
Zeugen,,,,,,
Hensoldt-Chef,,,,,,
Selydowe,,,,,,
Alaska-Gipfel,,,,,,
Konto,,,,,,
Straßenbahn,,,,,,
Wohnungsverband,,,,,,
Edelmetall,,,,,,
Verkehrswende,,,,,,
Desinformationskampagne,,,,,,
Landkreis Esslingen,,,,,,
Dreier-Treffen,,,,,,
Malware,,,,,,
Thüringer Landtag,,,,,,
Insel Rügen,,,,,,
Berliner Weltzeituhr,,,,,,
Autobahn 3,,,,,,
Bosnien-Herzegowina,,,,,,
Ansbach,,,,,,
US-Konzerne,,,,,,
Landgericht Mannheim,,,,,,
Drahtzieher,,,,,,
Schadenersatz,,,,,,
Fahrbahn,,,,,,
Havanna,,,,,,
Dobropillja,,,,,,
Bundesnetzagentur,,,,,,
Murnau,,,,,,
Paraguay,,,,,,
Granate,,,,,,
Prinzip,,,,,,
Filderstadt,,,,,,
Barentssee,,,,,,
Ferne,,,,,,
Tablet,,,,,,
Friedlicher Klima-Protest,,,,,,
Nord-Stream-Gasleitungen,,,,,,
Eisdiele,,,,,,
Atomkraftwerk Tschernobyl,,,,,,
Terror,,,,,,
Kugelhagel,,,,,,
Blackouts,,,,,,
Turku,,,,,,
Sächsischen Landtag,,,,,,
Rigaer Straße,,,,,,
Po…,,,,,,
Champions-League-Finale,,,,,,
Amt,,,,,,
Husum,,,,,,
Brückeneinsturz,,,,,,
Autobahnbrücke,,,,,,
Mottenkiste,,,,,,
Küstenstreifens,,,,,,
Partners Correctiv,,,,,,
Luxushotels,,,,,,
Cannabis,,,,,,
Museum,,,,,,
Griesheim,,,,,,
Weihnachtsmarkt-Besuch,,,,,,
Alten Synagoge,,,,,,
Büttelborn,,,,,,
Wesel,,,,,,
Huthi-Angriff,,,,,,
Geldstrafen,,,,,,
Ch…,,,,,,
Nordenham,,,,,,
Ballsaals im Weißen Haus,,,,,,
Haushaltskasse,,,,,,
Vance,,,,,,
Land stecke,,,,,,
Gemeinden,,,,,,
polnische Regierung,,,,,,
Nato-Land,,,,,,
Hagenow,,,,,,
Castor-Behältern,,,,,,
Covid,,,,,,
Dienstagabend,,,,,,
F.A.Z.,,,,,,
Japan-Tag,,,,,,
Altai-Gebirge,,,,,,
Prognose,,,,,,
Jamel,,,,,,
türkischen Istanbul,,,,,,
Nawalny,,,,,,
Alten Pinakothek,,,,,,
Amtsgericht München,,,,,,
Nürnberger Hauptbahnhof,,,,,,
Ak­ti­vis­t*in­nen,,,,,,
Nato-Landes,,,,,,
Ostpreußen,,,,,,
Stadion,,,,,,
A1,,,,,,
Saalekreis,,,,,,
Stadt Nürnberg,,,,,,
Statistische B…,,,,,,
Islamische Staat,,,,,,
Hüskens,,,,,,
Hohn,,,,,,
Staatsoper,,,,,,
in­nen,,,,,,
Preisfalle,,,,,,
Mokka,,,,,,
Braunkohle,,,,,,
Kleinen,,,,,,
Kvikkjokk,,,,,,
Intensivstation,,,,,,
Bernburg,,,,,,
Unterstützer Kiews,,,,,,
Augustdorf,,,,,,
Drohnen-Attacke,,,,,,
Staatsfinanzen,,,,,,
Ampel-Zeiten,,,,,,
Politi…,,,,,,
Landkreis Würzburg,,,,,,
Bad Friedrichshall,,,,,,
Konsumlaune,,,,,,
Landgericht Düsseldorf,,,,,,
Starkregen,,,,,,
Harburg,,,,,,
Marzahn,,,,,,
Malaysia,,,,,,
Brüssel de…,,,,,,
Chipbranche,,,,,,
Weltkriegs-Gedenken,,,,,,
Pirmasens,,,,,,
Ostwestfalen,,,,,,
Rügener,,,,,,
Bundesjustizminister,,,,,,
Kurve,,,,,,
Luftfracht,,,,,,
Smolensk,,,,,,
Karibikinsel,,,,,,
Ukraine-Update am Morgen - Putin,,,,,,
Schadensersatz,,,,,,
Hai-Angriff,,,,,,
Kaschmir,,,,,,
Lego,,,,,,
Bloomberg-Bericht,,,,,,
Videoschnipselportal,,,,,,
Ost…,,,,,,
Metro,,,,,,
Nacktschlafen,,,,,,
Hitze-Check,,,,,,
Werbetour,,,,,,
Wartburg,,,,,,
Zentralisrael,,,,,,
Schutt und Asche,,,,,,
Dnepr,,,,,,
Demo,,,,,,
Staatsmedien,,,,,,
Militärregierung,,,,,,
Kansas City,,,,,,
Vordermann,,,,,,
Westmecklenburg,,,,,,
Gifhorn,,,,,,
Nawrocki,,,,,,
EU-Staat,,,,,,
St. Leon-Rot,,,,,,
Gebiet Saporischschja,,,,,,
Schützengräben,,,,,,
Atomkraftwerk Stade,,,,,,
Gebiet Odessa,,,,,,
Gebiet Woronesch,,,,,,
Vorwand,,,,,,
spe,,,,,,
Anschlagspläne,,,,,,
Neumünster,,,,,,
ukrainis…,,,,,,
Rage,,,,,,
Cyber-Attacken,,,,,,
US-Berater,,,,,,
Kinderzimmer,,,,,,
Kernkraftwerks Gundremmingen,,,,,,
Zerbst,,,,,,
Zapfsäulen,,,,,,
Raumfahrt,,,,,,
Hamburger Flughafen,,,,,,
Scharm al-Scheich,,,,,,
Sumi,,,,,,
Nato-Kommando,,,,,,
Ukrainerinnen,,,,,,
Ermittlungen,,,,,,
Inflationssorgen,,,,,,
Bezirk Pankow,,,,,,
kolumbianische Regierung,,,,,,
Schnittwunden,,,,,,
Weinviertel,,,,,,
Lula,,,,,,
Russischen Föderation,,,,,,
Ölsanktionen,,,,,,
Verteidigungsfonds,,,,,,
Welterbe Wattenmeer,,,,,,
Spekulationen,,,,,,
Ukraine…,,,,,,
Aufrüstung,,,,,,
Oleschky,,,,,,
Nachrichtenportal,,,,,,
Wacken,,,,,,
Samstagmorgen,,,,,,
Start-up Decarbon1ze,,,,,,
Nato-Chef,,,,,,
Schwächezeichen,,,,,,
Bundestagswahl,,,,,,
Kritikern,,,,,,
Petrobras,,,,,,
Stadt Zürich,,,,,,
Guyana,,,,,,
Arbeitsmarkt,,,,,,
Heiligkreuzsteinach,,,,,,
US-Produktion,,,,,,
Gebiet…,,,,,,
Nato-Truppen,,,,,,
Wiesn,,,,,,
Krimbrücke,,,,,,
Bosnien,,,,,,
Tarif,,,,,,
US-Flugzeugbauer,,,,,,
Bohrinsel,,,,,,
lrs,,,,,,
Ilmenau,,,,,,
Bilanz,,,,,,
Republik Abchasien,,,,,,
Antalya,,,,,,
Jackson Hole,,,,,,
Ammersee,,,,,,
Bornholm,,,,,,
Landebahn,,,,,,
D. C.,,,,,,
Land Nordrhein-Westfalen,,,,,,
WEB.DE News,,,,,,
schwedische Regierung,,,,,,
Todesopfern,,,,,,
russischem Gebiet,,,,,,
Klimaschutzabkommens,,,,,,
Feiertagen,,,,,,
Rollfeld,,,,,,
Abchasien,,,,,,
Ensdorf,,,,,,
Hitzeschutz,,,,,,
Sassnitz,,,,,,
Ges…,,,,,,
Mercedes,,,,,,
Al-Shabaab,,,,,,
Bundesstaat,,,,,,
Gefechten,,,,,,
Flughafen Dortmund,,,,,,
Sondergipfel,,,,,,
Kühlmethoden,,,,,,
Tokmak,,,,,,
Vorjahren,,,,,,
Trump-Telefonat,,,,,,
Bulgaren,,,,,,
Punxsutawney,,,,,,
FDP-Verteidigungspolitikerin,,,,,,
Europäische Staaten,,,,,,
East Side Gallery,,,,,,
Amazonasgebiet,,,,,,
Tech-Werten,,,,,,
Kamikaze-Drohne,,,,,,
Regierungskoalition,,,,,,
Kallas,,,,,,
UNO-Generaldebatte,,,,,,
Selenskyj-Berater,,,,,,
Schweigen,,,,,,
Belém,,,,,,
Kraftwerks,,,,,,
Hamburger Hafen,,,,,,
Oblast Saporischschja,,,,,,
Klima-Proteste,,,,,,
ostukrainischen Stadt,,,,,,
Coop,,,,,,
Kanzleramt,,,,,,
Niederrhein,,,,,,
Tiefe,,,,,,
Nowy Urengoi,,,,,,
Eriwan,,,,,,
Schockstarre,,,,,,
Straße von Ho…,,,,,,
Ust-Luga,,,,,,
Khanenko Museum,,,,,,
Vanuatu,,,,,,
UN-Sicherheitsrates,,,,,,
Westjordanlands,,,,,,
auc…,,,,,,
Landgericht Neubrandenburg,,,,,,
Taliban,,,,,,
Bichl,,,,,,
Wirbel,,,,,,
Räder,,,,,,
Borneo,,,,,,
Hertha,,,,,,
Händlern,,,,,,
Waffenfunden,,,,,,
Kiewer Höhlenklosters,,,,,,
Niamey,,,,,,
Raketeneinsatz-Erlaubnis,,,,,,
lni,,,,,,
Drusen,,,,,,
US-Unterstützung,,,,,,
Ukraine-Waffenhilfe,,,,,,
Frankfurter Airport,,,,,,
Arabischen Meer,,,,,,
Landkreis Börde,,,,,,
Münsteraner,,,,,,
Haitis,,,,,,
EU-Vorgaben,,,,,,
Bußgeld,,,,,,
Klimawandel-Folgen,,,,,,
Welterbe-Park Sanssouci,,,,,,
Einsätzen,,,,,,
Milliarden-Hilfen,,,,,,
Polarmeer,,,,,,
Ölexporten,,,,,,
DoS,,,,,,
Sumy Oblast,,,,,,
podcast@faz.de,,,,,,
BayWa,,,,,,
Villa Kellermann,,,,,,
Landkreis Birkenfeld,,,,,,
Warschauer,,,,,,
Tiefsee,,,,,,
Rosdorf,,,,,,
Bruttolöhne,,,,,,
Nacken,,,,,,
Rheinsberg,,,,,,
Gasheizungen,,,,,,
Iron Dome,,,,,,
Lücke,,,,,,
Landkreis Karlsruhe,,,,,,
Dahme-Spreewald,,,,,,
Seuche,,,,,,
Abschiebestopp,,,,,,
Lech,,,,,,
Fellmützen,,,,,,
Nordfriesland,,,,,,
Charles-Besuch,,,,,,
Selenskyj-Attentat,,,,,,
Goa,,,,,,
Schalker,,,,,,
Haushaltsdebatte,,,,,,
Arabischen Wüste,,,,,,
Gladbeck,,,,,,
Dautphetal,,,,,,
Cyber-Angriffen,,,,,,
Mont…,,,,,,
Entsetzen,,,,,,
Flughafen Hahn,,,,,,
Tag des Sieges,,,,,,
Atomkraft-Gegner,,,,,,
Kerosinpreise,,,,,,
Außengrenzen,,,,,,
Schönhausen,,,,,,
Wohnviertel,,,,,,
Landgericht Erfurt,,,,,,
Ost-Duell,,,,,,
Höxter,,,,,,
Schifferstadt,,,,,,
Citi,,,,,,
Nachbarland Moldau,,,,,,
Menschenrechte,,,,,,
Sportministern,,,,,,
Flughafen Braunschweig-Wolfsburg,,,,,,
Finfluencer,,,,,,
Flächenbrand,,,,,,
Beslan,,,,,,
Jupiter,,,,,,
Myanmars,,,,,,
Liveblog Deutschland,,,,,,
Landgericht Mosbach,,,,,,
Junta,,,,,,
Saarlouis,,,,,,
Niagarafälle,,,,,,
Ost-Darfur,,,,,,
Bad Ems,,,,,,
Isar 2,,,,,,
Urlaub,,,,,,
Huawei,,,,,,
Messern,,,,,,
Christchurch,,,,,,
Kongressgebäudes,,,,,,
Warnemünde,,,,,,
Weltmeere,,,,,,
Merkel,,,,,,
Sommertagen,,,,,,
Pu…,,,,,,
Bundesinnenministeriums,,,,,,
BKA,,,,,,
Landkreis Ludwigslust-Parchim,,,,,,
Sachen Russland,,,,,,
westrussische Kursker Gebiet,,,,,,
Art Basel,,,,,,
Region Kursk,,,,,,
Jahreshoch,,,,,,
Atomwaffenprogramms,,,,,,
Saida,,,,,,
Peenemünde,,,,,,
Pattaya,,,,,,
Ungemach,,,,,,
Geraer,,,,,,
Landkreis Landsberg am Lech,,,,,,
Morgengrauen,,,,,,
Spitze Russlands,,,,,,
Essener Hauptbahnhof,,,,,,
Nürnberger Flughafen,,,,,,
Bruttoinlandsprodukts,,,,,,
Hackern,,,,,,
Ottendorf-Okrilla,,,,,,
italienischen Alpen,,,,,,
Kriegsgebieten,,,,,,
Tscherkassy,,,,,,
Praxen,,,,,,
Orsk,,,,,,
EU-Kommissionschefin,,,,,,
Hohenems,,,,,,
Kunsthalle Mannheim,,,,,,
Bayer-Chef,,,,,,
Klarna,,,,,,
Hobbygärtner,,,,,,
Langenholzen,,,,,,
Kreis Hildesheim,,,,,,
ultraorthodoxer,,,,,,
Northeim,,,,,,
Jakutien,,,,,,
Triwo,,,,,,
FPÖ-Chef Kickl,,,,,,
Ukraine-Deal,,,,,,
Ernteausfälle,,,,,,
Ludwig-Erhard-Gipfel,,,,,,
St. Peter-Ording,,,,,,
Opec,,,,,,
Landkreis Oberallgäu,,,,,,
Pariser Klimazielen,,,,,,
Investitionsfonds,,,,,,
russische Katastrophenschutzministerium,,,,,,
Wechselkurse,,,,,,
Brandherde,,,,,,
Angermünde,,,,,,
Raisin,,,,,,
Landkreis Uckermark,,,,,,
Mülltonne,,,,,,
Transitstopp,,,,,,
Euro-Inflation,,,,,,
Mobilfunkanbieter,,,,,,
Pawlohrad,,,,,,
Motivwagen,,,,,,
Nuklearkatastrophe von Tschernobyl,,,,,,
Selenskyj-Treffen,,,,,,
Teuer-Schock,,,,,,
Wenzenbach,,,,,,
Justizvollzugsanstalt Nürnberg,,,,,,
Uralgebirges,,,,,,
Klempau,,,,,,
Botsuana,,,,,,
Krah,,,,,,
Verg…,,,,,,
Ulan-Bator,,,,,,
bayerische Landeskriminalamt,,,,,,
deutsche Staat,,,,,,
Lockerungen,,,,,,
Berliner S-Bahn,,,,,,
Friedensdeal,,,,,,
Jahren,,,,,,
Münchner Innenstadt,,,,,,
US-Regierungskreisen,,,,,,
Sonos,,,,,,
Start-ups,,,,,,
Straße von Hormus - USA,,,,,,
Austausch,,,,,,
Friedensverhandlungen,,,,,,
Unterarm,,,,,,
Homestead,,,,,,
Kreis Herzogtum Lauenburg,,,,,,
Kernkraftwerk Tschernobyl,,,,,,
Scholz-Besuch,,,,,,
Kneipe,,,,,,
Stellantis,,,,,,
Diskussion,,,,,,
Drohgebärden,,,,,,
Malis,,,,,,
Tal,,,,,,
Rhein-Neckar-Kreis,,,,,,
Kirchheim unter Teck,,,,,,
Ukraine-Verbündeten,,,,,,
Nachrichtenpodcast,,,,,,
Phoenix,,,,,,
Nestle,,,,,,
Solardach,,,,,,
Greußen,,,,,,
Ostpazifik,,,,,,
Bürgerpark,,,,,,
AFP-Informationen,,,,,,
Immobilien-Krise,,,,,,
Treibhausgas-Emissionen,,,,,,
Gartenlaube,,,,,,
Milliarden-Paket,,,,,,
Kreis Böblingen,,,,,,
Leonberg,,,,,,
Staaken Center,,,,,,
Baumarkt,,,,,,
Welthandels,,,,,,
Sowjetrepublik Moldau,,,,,,
Mexiko-Stadt,,,,,,
Bosch-Heizungstochter,,,,,,
Geywitz,,,,,,
SZ,,,,,,
Sony,,,,,,
Steffen Clement,,,,,,
Abrisskosten,,,,,,
Risiken,,,,,,
Alfred-Wegener-Institut,,,,,,
Kreis,,,,,,
Powerstation,,,,,,
Schmeichelei,,,,,,
Gehren,,,,,,
Öl-Scheichs,,,,,,
Polizeisprecherin,,,,,,
Südchinesischen Meer,,,,,,
"Brandenburg
",,,,,,
Atombomben,,,,,,
Kriegsendes,,,,,,
Russischer Staat,,,,,,
Schallgeschwindigkeit,,,,,,
Lichterfelde,,,,,,
Gashahn,,,,,,
Jugendämtern,,,,,,
US-Vertreter,,,,,,
Outlook,,,,,,
Klingbeil,,,,,,
Akademie der Künste,,,,,,
Straße von,,,,,,
Fake-News,,,,,,
Hormus-Passage,,,,,,
Kernkraftwerk Kursk,,,,,,
Kasseler,,,,,,
Abrissbirne,,,,,,
Preis-Leistungs-Verhältnis,,,,,,
Santa Marta,,,,,,
Arbeiterkammer Steiermark,,,,,,
Limbach,,,,,,
Liveblog Dänemark,,,,,,
Rumänen,,,,,,
Oblast Brjansk,,,,,,
Moers,,,,,,
US-Zeitung,,,,,,
Handwaffen,,,,,,
Berlin-Wilmersdorf,,,,,,
Bundesamt,,,,,,
Ampeln,,,,,,
Dräger-Chef,,,,,,
Taunus,,,,,,
Top-Ökonom,,,,,,
Akw Saporischschja,,,,,,
Laune,,,,,,
Demokratischer Republik Kongo,,,,,,
Watt,,,,,,
Mineralölkonzerne,,,,,,
Russlands Schattenflotte,,,,,,
Volkswagen,,,,,,
Landes …,,,,,,
Ukraine-Konferenz,,,,,,
Valencia,,,,,,
Munitionsbestände,,,,,,
Tschechoslowakei,,,,,,
Lahn,,,,,,
Wolmirstedt,,,,,,
Limburg,,,,,,
Kunsthaus Zürich,,,,,,
Inkrafttreten,,,,,,
Henndorf,,,,,,
Einnahme,,,,,,
Rüstungskonzern,,,,,,
Behörde USAID,,,,,,
Tabellennachbarn,,,,,,
Gefängnissen,,,,,,
Holzofen,,,,,,
Eismassen,,,,,,
Pokal-Aus,,,,,,
Prerow,,,,,,
Tiefstand,,,,,,
Ladogasee,,,,,,
Verkehrskontrolle,,,,,,
Hugo-Junkers-Preis,,,,,,
Bundesweit,,,,,,
Elementarschäden,,,,,,
Insel Kharg,,,,,,
Passanten,,,,,,
Herten,,,,,,
Philadelphia,,,,,,
Landkreis Landshut,,,,,,
Migration,,,,,,
Europaparlaments,,,,,,
Durchstoß,,,,,,
Kreis Gießen,,,,,,
St. Petersburg“,,,,,,
Straße von Horm…,,,,,,
Illinois,,,,,,
Ukraine-Kommandos,,,,,,
Celtic Park,,,,,,
Steuerlast,,,,,,
Neodigital,,,,,,
Rheinland,,,,,,
Kreis Göppingen,,,,,,
Ukrainische Drohne,,,,,,
Eutin,,,,,,
Niederaichbach,,,,,,
Sofia,,,,,,
Polizeikreisen,,,,,,
Endlager,,,,,,
Gewalttat,,,,,,
Oberlandesgericht Stuttgart,,,,,,
Land bei Wärmewende,,,,,,
Kreis Ammerland,,,,,,
US-Finanzministerium am Mittwoch,,,,,,
Jenaer Universitätsklinikums,,,,,,
Berdytschi,,,,,,
Klar,,,,,,
Sta…,,,,,,
Ölterminals,,,,,,
Län…,,,,,,
Geheimdienstes,,,,,,
EU-,,,,,,
Bad Gastein,,,,,,
Aktienkurs,,,,,,
Kreis Rastatt,,,,,,
Attentat,,,,,,
Bodenseekreis,,,,,,
Iranern,,,,,,
Halle-Neustadt,,,,,,
Palazzo Vecchio,,,,,,
Klinikkreisen,,,,,,
Gas-Stopp,,,,,,
Raketenattacke,,,,,,
Florenz,,,,,,
Finanz-Diva,,,,,,
Autoreparatur-Studie,,,,,,
Moskaus Mega-Freizeit-,,,,,,
Höcke,,,,,,
Landkreis Hof,,,,,,
Kindern,,,,,,
Straße von Hormus für Handelsschiffe,,,,,,
Iran-Gesprächen,,,,,,
Schlägereien zu Verfolgungsjagden,,,,,,
Autobauer,,,,,,
Häuserkampf,,,,,,
Kleinstadt,,,,,,
Cyberangriff,,,,,,
Vereinigten Staaten g,,,,,,
Flughafen Hamburg,,,,,,
Paramount+,,,,,,
Online-Broker Flatexdegiro,,,,,,
Kentucky,,,,,,
Messepark WDNCh,,,,,,
Oer-Erkenschwick,,,,,,
Energiepauschale,,,,,,
Wehrpflicht,,,,,,
Borodjanka,,,,,,
Internationalen Strafgerichtshofs,,,,,,
Uran-Munition,,,,,,
Landkreis Nordwestmecklenburg,,,,,,
Absage,,,,,,
Oberste Gericht Russlands,,,,,,
S. Hahne,,,,,,
Unsicherheitsrepublik Deutschland,,,,,,
Rheinmetall-Chef,,,,,,
Mittelhessen,,,,,,
Moldaus,,,,,,
Fraktionschef,,,,,,
Saale-Orla-Kreis,,,,,,
Ebersdorf,,,,,,
Stadt Leipzig,,,,,,
Havelberg,,,,,,
Zukunftsängste,,,,,,
Hürden,,,,,,
Bluetooth,,,,,,
Putin-Besuch,,,,,,
Seim,,,,,,
US-Außenamt,,,,,,
Tötungsdelikts,,,,,,
Roten Meeres,,,,,,
Nato-Beschluss,,,,,,
Ökonom Brzeski,,,,,,
Donezk …,,,,,,
Bündnispartnern,,,,,,
Lochau,,,,,,
Gewerbesteuer,,,,,,
Haus am Waldsee,,,,,,
Baustelle,,,,,,
Militäreinrichtungen,,,,,,
Leck,,,,,,
Finanztest,,,,,,
Strafverfahren,,,,,,
Stichverletzungen,,,,,,
Wagner-Konvoi,,,,,,
ukrainischen Verteidigungsministeriums,,,,,,
Gegenoffensive,,,,,,
Microsoft-Rechenzentren,,,,,,
Seenotretter,,,,,,
Malsch,,,,,,
Krems,,,,,,
Deutsc…,,,,,,
Ukraine-Kurs,,,,,,
Aufstands,,,,,,
Immortals of Aveum,,,,,,
Bagger,,,,,,
Omdurman,,,,,,
ATACMS-Raketen,,,,,,
Hauptstadtflughafen,,,,,,
Frauengefängnis,,,,,,
Seidenstraßen-Gipfel,,,,,,
Heidenheim an der Brenz,,,,,,
Geiseln,,,,,,
Bodenoffensive,,,,,,
Zittau,,,,,,
US-Flugzeugträger,,,,,,
Wei…,,,,,,
Lipezk,,,,,,
Verstößen,,,,,,
Bhutan,,,,,,
GfK-Konsumklima,,,,,,
Militärgruppen,,,,,,
Costa Rica,,,,,,
Gaspipelines,,,,,,
Gaslobby-Verband,,,,,,
Bilopillja,,,,,,
Bundesliga,,,,,,
Willebadessen,,,,,,
US-Podcast,,,,,,
Thailands,,,,,,
Fensternähe,,,,,,
Ukrenergo,,,,,,
Landkreis Ansbach,,,,,,
Nagornyj Karabach,,,,,,
Au am Rhein,,,,,,
St,,,,,,
Brüssel/Berlin,,,,,,
Statistische Bundes…,,,,,,
Baus,,,,,,
Kriegs,,,,,,
Atombehörde,,,,,,
Regalen,,,,,,
Schweizer Regierung,,,,,,
Bayer,,,,,,
Land Mecklenburg-Vorpommern,,,,,,
Stadt Tichorezk,,,,,,
Republik Arzach,,,,,,
Finnischen Meerbusen,,,,,,
Kita-Moratorium,,,,,,
Waffen-Attrappe,,,,,,
Düren,,,,,,
Xiaomi,,,,,,
Oste…,,,,,,
Kanadas Unterhaus,,,,,,
Bayerischen Wald,,,,,,
Sudans,,,,,,
Weltzeituhr,,,,,,
Landkreis Havelland,,,,,,
durchleiten,,,,,,
Dschabalija,,,,,,
Salzlandkreis,,,,,,
Hundebox,,,,,,
Ausbau,,,,,,
Verteidigungsministerium,,,,,,
Statistische Landesamt am Montag,,,,,,
Sölden,,,,,,
Ölembargos,,,,,,
Nahrungsmittelpreise,,,,,,
Pager-Attacke,,,,,,
Itzehoe,,,,,,
US-Inflationsdaten,,,,,,
Polizei-News,,,,,,
Nord-Front,,,,,,
Briefkasten,,,,,,
Angelverein,,,,,,
Bad Honnef,,,,,,
Innenstädten,,,,,,
Landgericht Darmstadt,,,,,,
Vogtlandkreis,,,,,,
Hauptbahnhof Dortmund,,,,,,
Lohnkürzungen,,,,,,
Jahresabo,,,,,,
Olivenöl,,,,,,
Toskana,,,,,,
Warschauer Straße,,,,,,
Österreicherinnen,,,,,,
Ukrainska Pravda,,,,,,
Fernsehens,,,,,,
Cali,,,,,,
Kellerbrand,,,,,,
Reeperbahn,,,,,,
Europa-Park,,,,,,
Jerichower Land,,,,,,
Harrisburg,,,,,,
Heiligenblut,,,,,,
Röderaue,,,,,,
Ressourcen,,,,,,
Berlin-Tiergarten,,,,,,
Landkreis Main-Spessart,,,,,,
Luftraum,,,,,,
Dima,,,,,,
Lido,,,,,,
Nato-Verteidigungsminister,,,,,,
Militär-Hauptquartier,,,,,,
Schlamassel,,,,,,
Klima-Kriminelle,,,,,,
Handelspartner,,,,,,
Rechenzentren,,,,,,
Spielfeld,,,,,,
Albstadt-Ebingen,,,,,,
Luftabwehrsysteme,,,,,,
Zwischenlager Ahaus,,,,,,
Neubauer,,,,,,
Gebietsfragen,,,,,,
Kriegsflüchtlingen,,,,,,
Nasser-Krankenhaus,,,,,,
Köhlbrandbrücke,,,,,,
Bad Langensalza,,,,,,
Queensland,,,,,,
Lausanne,,,,,,
Schimmel,,,,,,
Neonazis,,,,,,
Kaufmoment,,,,,,
US-Sängerin,,,,,,
Großer Teil von Kiew,,,,,,
Region Donezk,,,,,,
Emder,,,,,,
Sarkophag,,,,,,
Tschernobyl-Sarkophag,,,,,,
Bergkarabachs,,,,,,
Energiekonzern One-Dyas,,,,,,
Ukraine-Unterstützern,,,,,,
NATO-Ukraine-Rat,,,,,,
Rüstungsindustrie,,,,,,
Lauterbach,,,,,,
Region Brjansk,,,,,,
Mittelmeer-Insel,,,,,,
Putins Herrschaft,,,,,,
Parnitha,,,,,,
Kaluga,,,,,,
Klima-Check,,,,,,
Afrika-Gipfel,,,,,,
Stundenkilometern,,,,,,
Bezirk Treptow-Köpenick,,,,,,
Russland-Wahlen,,,,,,
Niederschönhausen,,,,,,
Haushaltsdefizit,,,,,,
Münchens,,,,,,
Drohnen-Bauteile,,,,,,
Fernen Osten,,,,,,
Statistische Bundesamt am Mittwoch,,,,,,
Rekordmengen,,,,,,
Großkrotzenburg,,,,,,
Bundesgartenschau,,,,,,
Chip-Krise,,,,,,
Kolzewoi-Pipeline,,,,,,
Vorjahresvergleich,,,,,,
Bundeskanzleramt,,,,,,
Jacksonville,,,,,,
Hamburg-Hoheluft,,,,,,
Palästinenser,,,,,,
Chemiegipfel,,,,,,
Lauchhammer,,,,,,
Immobilienriese Evergrande,,,,,,
Trump Tower,,,,,,
Stepanakert,,,,,,
Berichtssaison,,,,,,
US-Plans,,,,,,
Nebel,,,,,,
Burgenlandkreis,,,,,,
Maui,,,,,,
Weltraumbahnhof Wostotschny,,,,,,
Ki…,,,,,,
Schwarzmeerküste,,,,,,
Adriaküste,,,,,,
Rhein-Sieg-Kreis,,,,,,
Ukraine Russland,,,,,,
Landgericht Regensburg,,,,,,
Dschiddah,,,,,,
Italien-Urlaub,,,,,,
Berkshire Hathaway,,,,,,
Onlinenetzwerken,,,,,,
Klima-Apokalypse,,,,,,
Investitionsbank-Chef,,,,,,
Tech-Aktien,,,,,,
Schwarzen Meeres,,,,,,
Rendite,,,,,,
Hamas-Anschläge,,,,,,
Brücke,,,,,,
Medienschau,,,,,,
Land Luftalarm,,,,,,
Linke-Chef,,,,,,
Konfrontationskurs,,,,,,
Flughafen Moskau-Wnukowo,,,,,,
Moskwa City,,,,,,
Börsenwoche,,,,,,
Egli,,,,,,
Leopoldplatz,,,,,,
Sommers,,,,,,
Bellenberg,,,,,,
Stadt Kiel,,,,,,
Superreiche,,,,,,
Putin-Doppelgänger,,,,,,
Heidelberger Platz,,,,,,
Fridays for Futre,,,,,,
Region Cherson,,,,,,
Nord Stream-Pipelines,,,,,,
Beitrittsgespräche,,,,,,
Friedrichshain-Kreuzberg,,,,,,
Privatjet-Flüge,,,,,,
Derna,,,,,,
Vereinsheim,,,,,,
Großraum Tel Aviv,,,,,,
UN-Treffen,,,,,,
US-General,,,,,,
Scheinwahlen,,,,,,
Mitsokatis,,,,,,
Oblast Dnipropetrowsk,,,,,,
Ninja,,,,,,
Waffenexporte,,,,,,
Hisbollah-Stellungen,,,,,,
Kernkraftwerks Tschernobyl,,,,,,
Sebnitz,,,,,,
Weltgerichtshof,,,,,,
Bezirk Donezk,,,,,,
Klischtschijiwka,,,,,,
Drohnenalarm,,,,,,
Kranichen,,,,,,
Armeniens,,,,,,
Lindau,,,,,,
Symbolik,,,,,,
L…,,,,,,
Temrjuk,,,,,,
Frankfurt/Oder,,,,,,
Zell unter Aichelberg,,,,,,
Main-Kinzig-Kreis,,,,,,
Sam…,,,,,,
Düsseldorfer Flughafen,,,,,,
Luftalarms,,,,,,
Brücke zur Krim,,,,,,
Ukraine-Treffen,,,,,,
Pinzgau,,,,,,
Taurus-Raketen,,,,,,
Akku,,,,,,
Nexperia-Krise,,,,,,
Getreidekorridor,,,,,,
Bayerischen Staatsorchesters,,,,,,
Landgericht München,,,,,,
Odessas,,,,,,
Voerde,,,,,,
ukrainischen Stadt,,,,,,
Schweriner Landesregierung,,,,,,
Hamburger Hauptbahnhofs,,,,,,
Unternehmenschef,,,,,,
Gauersheim,,,,,,
Lkw-Fahrer,,,,,,
Auftrag Kiews,,,,,,
Fahnenmast,,,,,,
Mini-Atomkraftwerke,,,,,,
Landkreis Gießen,,,,,,
Drohnen-Abschuss,,,,,,
Luxemburger,,,,,,
Klimasozialfonds,,,,,,
Kreis Rottweil,,,,,,
Trump-Anruf,,,,,,
Sommerurlaub,,,,,,
Kreis Saarlouis,,,,,,
Nordhausen,,,,,,
Freibädern,,,,,,
ostasiatischen Land,,,,,,
Heizbedarf,,,,,,
Coburger,,,,,,
Anpassungen,,,,,,
Südpazifik,,,,,,
Dschibuti,,,,,,
Busan,,,,,,
Schwandorf,,,,,,
Angriff der Hamas,,,,,,
Atombombe,,,,,,
Tulln,,,,,,
Finanznachrichtenagentur Bloomberg,,,,,,
Schmallenberg,,,,,,
Windböen,,,,,,
Pasta,,,,,,
Klimaschutzziele,,,,,,
Unfällen,,,,,,
Minnesota,,,,,,
Westend,,,,,,
Bundesumweltminister,,,,,,
Hinterhof,,,,,,
Praxistest,,,,,,
Königsbrunn,,,,,,
Neuenbrook,,,,,,
Leoben,,,,,,
Washington/Gaza/Beirut,,,,,,
Messer-Attacke,,,,,,
Außenministerium,,,,,,
Basra,,,,,,
Mi…,,,,,,
Klimagründen,,,,,,
Modschtaba Chamenei,,,,,,
Artilleriegeschossen,,,,,,
Lohnplus,,,,,,
Nato-Manöver,,,,,,
Caesarea,,,,,,
Rheins,,,,,,
Wohngebiete,,,,,,
Zeitz,,,,,,
Autobahn 1,,,,,,
Kälterekord,,,,,,
hohen Preisen,,,,,,
Statistische …,,,,,,
St. Petersburg +++,,,,,,
Käufer,,,,,,
Bamberger,,,,,,
US-Inflationszahlen,,,,,,
Befürchtungen,,,,,,
La Niña,,,,,,
Kostendruck,,,,,,
Gesundheitswesen,,,,,,
Kasse,,,,,,
Raketeneinsatz,,,,,,
Atom-Comeback,,,,,,
Landkreis Wunsiedel,,,,,,
Werksschließungen,,,,,,
Nabatijeh,,,,,,
Heizstromtarife,,,,,,
Android,,,,,,
Netrebko-Auftritt,,,,,,
Phänomens,,,,,,
Nato-Luftraum,,,,,,
Bulgariens,,,,,,
Nordwestbahn,,,,,,
Dessau,,,,,,
Landgericht Hanau,,,,,,
Sportvorstand,,,,,,
Börsenkurse,,,,,,
STERN.de,,,,,,
Podolsk,,,,,,
Minab,,,,,,
Oberhof,,,,,,
Benko,,,,,,
Usedom,,,,,,
Industriegase-Konzern,,,,,,
Trump-Putin-Treffen,,,,,,
Metrostation,,,,,,
Berliner Tiergarten,,,,,,
Remlingen,,,,,,
Bodentruppen-Debatte,,,,,,
Gendern,,,,,,
kremlnahe,,,,,,
Erzgebirge,,,,,,
Nizza,,,,,,
US-Druck,,,,,,
Klima-Kleberin,,,,,,
Asturien-Preis,,,,,,
Angriff im Roten Meer,,,,,,
Land Schleswig-Holstein,,,,,,
Social-Media-Post,,,,,,
Morddrohungen,,,,,,
ukrainische Staat,,,,,,
Neonazi-Nachwuchs,,,,,,
Garten,,,,,,
Helium,,,,,,
Rechtslage,,,,,,
Milliarden-Deals,,,,,,
Unterfangen,,,,,,
Maischberger,,,,,,
Erzeugerpreise,,,,,,
US-Präsident …,,,,,,
Deko-Waffen,,,,,,
Gesundbrunnen,,,,,,
St. Ingbert,,,,,,
Charlottenburg-Wilmersdorf,,,,,,
Medion,,,,,,
Brics,,,,,,
Verteidigungsbündnisses,,,,,,
Biomasse,,,,,,
Neues Nürnberger Stadion,,,,,,
Immobilieneigentümer,,,,,,
Spritpreisen,,,,,,
Klimaschutz-Preis,,,,,,
Finanz-Drama,,,,,,
Asyl-Zurückweisungen,,,,,,
US-Talkmaster,,,,,,
Bädern,,,,,,
Putin-Interview,,,,,,
Australier,,,,,,
Eiermann-Bau,,,,,,
tschechische Regierung,,,,,,
Knallhart-Duell,,,,,,
Millimeter Fortschritt,,,,,,
tschechischen Grenze,,,,,,
Klima-Politik,,,,,,
Düsseldorfer Altstadt,,,,,,
Hamas-Zentrale,,,,,,
Unterhändler Kiews,,,,,,
Säbener Straße,,,,,,
Berliner Verwaltungsgericht,,,,,,
islamische Republik,,,,,,
Akkuyu,,,,,,
Kämpfer,,,,,,
Deutsch…,,,,,,
Berliner Fernsehturm,,,,,,
Slowakische Regierung,,,,,,
Ukraine …,,,,,,
Südtürkei,,,,,,
Atomausstieg,,,,,,
Parlamentskammer,,,,,,
Vogelsbergkreis,,,,,,
Schuldenregeln,,,,,,
Uman,,,,,,
Kharg,,,,,,
Statistische Bundesamt…,,,,,,
Ottawa-Konvention,,,,,,
Branchenangaben,,,,,,
Oleh Kiper,,,,,,
Nova Scotia,,,,,,
Cyberkriminellen,,,,,,
Klimabeauftragte,,,,,,
Calbe,,,,,,
Sterbende Innenstädte,,,,,,
Oblast,,,,,,
Ermittlungskomitee,,,,,,
Moskauer Kreml,,,,,,
Winterstau,,,,,,
Vorkrisenniveau,,,,,,
Saugroboter,,,,,,
Waffenlager,,,,,,
westafrikanischen Landes,,,,,,
Ausnahmefällen,,,,,,
Notfälle,,,,,,
Klima-Nische,,,,,,
EWE-Chef,,,,,,
Hamburg-Harburg,,,,,,
Kanzler,,,,,,
Bio,,,,,,
Gasgrill,,,,,,
Kohlegrill,,,,,,
Spott,,,,,,
FAZ,,,,,,
deutsch-polnische Grenze,,,,,,
T-Shirt,,,,,,
Liefervertrag,,,,,,
Thalia Theater,,,,,,
Tauberbischofsheim,,,,,,
Große Lücken,,,,,,
Druschba,,,,,,
Salzgitter,,,,,,
Nordmazedonien,,,,,,
Uckermark,,,,,,
US-Finanzminister,,,,,,
Bezirk Mitte,,,,,,
Neuzulassungen,,,,,,
Baltika,,,,,,
Hammer-Attacke,,,,,,
Klima-Ikone,,,,,,
Golfstaaten,,,,,,
Schifa-Krankenhaus,,,,,,
Tottenham,,,,,,
Ammoniak-Pipeline,,,,,,
Massa,,,,,,
Rekordwerte,,,,,,
Stadt Gaza,,,,,,
Mobilfunktarif,,,,,,
Mobilfunk,,,,,,
Staudamm-Zerstörung,,,,,,
Sicherheitskabinett,,,,,,
Inflationsgefühl,,,,,,
Alpenrepublik,,,,,,
B,,,,,,
Bad Kissingen,,,,,,
Rekordemissionen,,,,,,
Misere,,,,,,
Brics-Gruppe,,,,,,
Delmenhorst,,,,,,
Wallis,,,,,,
Irlands,,,,,,
Gasbranche,,,,,,
Biden-Absage,,,,,,
Sevilla,,,,,,
Bahnhof Uelzen,,,,,,
Bahnpersonal,,,,,,
Maidan,,,,,,
Indonesischem,,,,,,
Köpenicker,,,,,,
US-Gesandter,,,,,,
Grünberg,,,,,,
Kapstadt,,,,,,
Equinor,,,,,,
Brandenburger Vorstadt,,,,,,
Munition,,,,,,
Heizungskeller,,,,,,
Geeste,,,,,,
Bundesbank-Chef,,,,,,
CDU-Vorsitzende,,,,,,
Boulevard Unter den Linden,,,,,,
Rückschlag,,,,,,
Einlagezins,,,,,,
Uno-Friedenstruppen,,,,,,
Hurrikans,,,,,,
Hyperschallraketen,,,,,,
tz.de,,,,,,
Nigerias,,,,,,
Ägyptens,,,,,,
Rügens Küste,,,,,,
Pohlheim,,,,,,
Attacken,,,,,,
Döttingen,,,,,,
Keller-Duell,,,,,,
Zusammenhalt,,,,,,
Oligarchen,,,,,,
Kernkraftwerk Golfech,,,,,,
Hildesheim,,,,,,
Feodosija,,,,,,
Bergwerks Gorleben,,,,,,
Kurzarbeitergeld,,,,,,
Nuseirat,,,,,,
Vertretern,,,,,,
Ratingen,,,,,,
Zentrum des Gazastreifens,,,,,,
Diktatoren,,,,,,
Ukraine Museum,,,,,,
Republik Udmurtien,,,,,,
Geheimdienstangaben,,,,,,
Klima-Allianz,,,,,,
Frostbeule,,,,,,
US-Energieminister,,,,,,
Chancen,,,,,,
Optimismus,,,,,,
Emilia-Romagna,,,,,,
Sandhausen,,,,,,
Ahr,,,,,,
Notstrom,,,,,,
Santander,,,,,,
Autodach,,,,,,
Altona,,,,,,
A100,,,,,,
Reichsbürger-Szene,,,,,,
Leiden,,,,,,
Luxusbranche,,,,,,
Orban,,,,,,
Werdau,,,,,,
US-Sänger,,,,,,
Ampel-Spitzen,,,,,,
Nahrungsmittelkrisen,,,,,,
Bauteile,,,,,,
Korruptionsfreie Gemeinderatsklub,,,,,,
Stadt Torezk,,,,,,
Söldner,,,,,,
Landgericht Marburg,,,,,,
Emmendingen,,,,,,
Zentrum der Dreimillionenstadt,,,,,,
Dax-Kurs,,,,,,
Floridas,,,,,,
Unser Land,,,,,,
Liveblog Schweden,,,,,,
Kims,,,,,,
Kilimanjaro,,,,,,
Druckabfall,,,,,,
Vergeltungsschlägen,,,,,,
Luftabwehrsystemen,,,,,,
Golf von Amerika,,,,,,
Lützerath-Einsatz,,,,,,
Spendengala,,,,,,
Bundesnetzagentur-Chef,,,,,,
K.-R.,,,,,,
französische Regierung,,,,,,
Landkreis Goslar,,,,,,
Genfer See,,,,,,
Wirtschaftsstabilisierungsfonds,,,,,,
Le Maire,,,,,,
Krieg,,,,,,
Trab,,,,,,
Fi…,,,,,,
Offshore-Anlagen,,,,,,
Islamischen Staat,,,,,,
Donbass-Gebiet,,,,,,
Auswärtige Amt ha…,,,,,,
Évian-les-Bains,,,,,,
Entlastungen,,,,,,
Lastwagen,,,,,,
Pollensammeln,,,,,,
Liveblog Bahrain,,,,,,
Kreml …,,,,,,
Boxberg,,,,,,
ha…,,,,,,
Teuer-Winter,,,,,,
Mi­gran­t,,,,,,
Handelskonzerns Metro,,,,,,
Stromkosten,,,,,,
Ostsee-Gaspipelines,,,,,,
Bundeswehr-Decken,,,,,,
Komyschany,,,,,,
Minen,,,,,,
Amtsgericht getürmter Mörder,,,,,,
Rumäniens,,,,,,
IS,,,,,,
Ronaldo-Assistent,,,,,,
Lyssytschansk,,,,,,
Schwert-Attacke,,,,,,
Aschersleben,,,,,,
Grünen-Politiker,,,,,,
US-Portal,,,,,,
Gebiet Luhansk,,,,,,
Härtefällen,,,,,,
Ebersberger,,,,,,
tagesthemen-Interview,,,,,,
Monatsende,,,,,,
Söldner-Chef,,,,,,
West…,,,,,,
Fördermittel,,,,,,
Wattenmeer,,,,,,
Schlangenlinien,,,,,,
Vitali Klitschko,,,,,,
Landkreis Verden,,,,,,
griechische Regierung,,,,,,
Spätherbst,,,,,,
Flügen,,,,,,
Südpol,,,,,,
Medienangaben,,,,,,
Oyten,,,,,,
Mehrparteienhäusern,,,,,,
Boden-Boden-Raketen,,,,,,
Schuldenberg,,,,,,
Bundesfinanzministeriums,,,,,,
Gelnhausen,,,,,,
Schloss Neuschwanstein,,,,,,
Ölpreisdeckel,,,,,,
Ölströme,,,,,,
Ergebnissen,,,,,,
Geschäften,,,,,,
runtergedreht,,,,,,
Donnerstagabend,,,,,,
Marokkos,,,,,,
Saporischja,,,,,,
Schieflage,,,,,,
Bolsonaro,,,,,,
Jahresabstand,,,,,,
Mikolajiw,,,,,,
Gilching,,,,,,
Brokstedt,,,,,,
Rekordwert,,,,,,
Erzbistum Köln,,,,,,
Holzöfen,,,,,,
Wumms,,,,,,
Subventionen,,,,,,
Ölpipeline Druschba,,,,,,
Finanzkapitalistisch,,,,,,
Auchan,,,,,,
Soja,,,,,,
Chalkida,,,,,,
Uran,,,,,,
Berliner Mauer,,,,,,
Autoindustrie,,,,,,
Marstall,,,,,,
l-r,,,,,,
Energielieferant Norwegen,,,,,,
Maschhad,,,,,,
WM-Stadien,,,,,,
Benzinpreis,,,,,,
Europaparlament,,,,,,
Finanzminister Hunt,,,,,,
Energieversorgers,,,,,,
Mascha,,,,,,
Rüsselsheim,,,,,,
Rekorde,,,,,,
Ryanair,,,,,,
Ostschweiz,,,,,,
Landgericht Schwerin,,,,,,
Lüttich,,,,,,
Merseburg,,,,,,
Berliner Abgeordnetenhaus,,,,,,
Ostsee-Insel,,,,,,
Hubschrauberabsturz,,,,,,
Demonstrationen,,,,,,
Südasien,,,,,,
Schlagabtausch,,,,,,
o…,,,,,,
Abhängigkeiten,,,,,,
Energiefragen,,,,,,
Braunschweiger,,,,,,
Deutsch-Ukrainischen Wirtschaftsforum,,,,,,
Tanker,,,,,,
A6,,,,,,
Ko…,,,,,,
Geldanlagen,,,,,,
Zollfahnder,,,,,,
Deutschlands Gasspeicher,,,,,,
Baggersee,,,,,,
Spurensuche,,,,,,
IOC-Chef,,,,,,
AKW Neckarwestheim,,,,,,
Statistische Bundesamt am Dienstag,,,,,,
Adria,,,,,,
Mindestlohn,,,,,,
Landkreis Dachau,,,,,,
Ampelfraktionen,,,,,,
Leipzig-Anschlag,,,,,,
Enpal,,,,,,
Eichenprozessionsspinner,,,,,,
Deu…,,,,,,
Teelichtöfen,,,,,,
Engels,,,,,,
Naturschützern,,,,,,
Dienstleistungen,,,,,,
Bundesrats,,,,,,
Elon Musk,,,,,,
Atomkraftwerks Emsland,,,,,,
Kreml am Mittwoch,,,,,,
Gas-Untertagespeicher,,,,,,
Region Luhansk,,,,,,
Geldvermögen,,,,,,
Millionenmetropole,,,,,,
Wüstenstaat,,,,,,
Aktivistenangaben,,,,,,
E-Fuels,,,,,,
Do…,,,,,,
Finanzrat,,,,,,
Friedensnobelpreis,,,,,,
Erdnähe,,,,,,
Fernwärmbremse,,,,,,
Grenze zu,,,,,,
Krefeld,,,,,,
Islamischen Republik Iran,,,,,,
Bitterfeld,,,,,,
Wasserstoffnetze,,,,,,
Schutzräume,,,,,,
Nordhorn,,,,,,
Elysée-Palast,,,,,,
Przewodów,,,,,,
Svatove,,,,,,
US-Basketballerin,,,,,,
Luftabwehrraketen,,,,,,
Große Preisunterschiede,,,,,,
Rückgang,,,,,,
Industriestaaten,,,,,,
Kreml-Herrscher,,,,,,
BERLIN,,,,,,
Konferenz,,,,,,
Friedrichshain,,,,,,
Frankfurts,,,,,,
Schneesturm,,,,,,
Flughafens,,,,,,
US-Unternehmen,,,,,,
Inflationsdruck,,,,,,
Stahlwerken,,,,,,
Gasgeruch,,,,,,
Schanghai,,,,,,
Justizvollzugsanstalt Berlin,,,,,,
Großoffensive,,,,,,
Fed-Chef,,,,,,
Ifo-Instituts,,,,,,
Machthabern,,,,,,
Pipeline Druschba,,,,,,
Live-Ticker,,,,,,
Wohlbefinden,,,,,,
Eiswein,,,,,,
Klima-Hölle,,,,,,
Energieversorgern,,,,,,
Gaskondensat,,,,,,
Nachbesserungen,,,,,,
Totschlags,,,,,,
Flughafen Iranschahr,,,,,,
Ortenaukreis,,,,,,
Bessarabien,,,,,,
Ukraine-Russland-News,,,,,,
Stromkonzerne,,,,,,
Anschlägen,,,,,,
Tricksereien,,,,,,
Aare,,,,,,
spätherbstlich,,,,,,
Lukas,,,,,,
Nahrungsmittelriese,,,,,,
<em,,,,,,
Kennedy Center,,,,,,
Londons,,,,,,
Penly,,,,,,
Finanz-Vergleiche,,,,,,
Südspanien,,,,,,
Speicherverband,,,,,,
Golfemirat Kuwait,,,,,,
Dschask,,,,,,
Wirtschaftsweisen,,,,,,
Tankrabatts,,,,,,
Souterrain,,,,,,
Hurghada,,,,,,
Dauerkrisenmodus,,,,,,
Washingtons,,,,,,
Rot-Grün,,,,,,
GrÃ¼ne,,,,,,
Ang…,,,,,,
Gaspipelines Nord Stream 1,,,,,,
nordrhein-westfälische Landtag,,,,,,
Boni,,,,,,
Klimakatastrophe,,,,,,
Nord-Stream-Pipeline,,,,,,
La…,,,,,,
Kachowka,,,,,,
Al-Wakra,,,,,,
Arbeitsmarkt-Studie,,,,,,
UN-Generalversammlung,,,,,,
Wärmestuben,,,,,,
Kundgebungen,,,,,,
Kilowattstunden,,,,,,
Smog,,,,,,
Schwarzwald,,,,,,
Wildpark,,,,,,
Getreide-Abkommen,,,,,,
Erdbeben in Türkei,,,,,,
Cyberangriffe,,,,,,
Minister,,,,,,
Eon,,,,,,
Kita-Essen,,,,,,
AKW,,,,,,
Boeing,,,,,,
Tempelhof-Schöneberg,,,,,,
US-Territorium,,,,,,
Civaux,,,,,,
Affiliate-Links,,,,,,
Oklahoma,,,,,,
Deutschlands Klimaziele,,,,,,
Horn von Afrika,,,,,,
Kraftwerke,,,,,,
Linzer,,,,,,
Dürre,,,,,,
Landgericht Oldenburg,,,,,,
Devisen,,,,,,
A26,,,,,,
Schiffweiler,,,,,,
Vorachstraße,,,,,,
Hochtouren,,,,,,
Energieeffizienz,,,,,,
italienische Regierung,,,,,,
Landkreis Freising,,,,,,
Nordirland,,,,,,
Waldviertel,,,,,,
omanischen Küste,,,,,,
Existenznot,,,,,,
Regenbogenfarben,,,,,,
deutsch-niederländischen Küste,,,,,,
Perim,,,,,,
US-Bürgerin,,,,,,
Wiener Staatsoper,,,,,,
US-Wahlen,,,,,,
Wohnmobil,,,,,,
Zentralafrika,,,,,,
Ermi…,,,,,,
Auswärtigem Amt,,,,,,
Ba…,,,,,,
Zentralafrikanischen Republik,,,,,,
Briefbomben,,,,,,
europäischen Küste,,,,,,
Herbstferien,,,,,,
Geräten,,,,,,
ostukrainische Stadt,,,,,,
Kreis Recklinghausen,,,,,,
Rekordhöhen,,,,,,
Kreis Heilbronn,,,,,,
Hormus-Straße,,,,,,
Verdi,,,,,,
Inflationsausgleich,,,,,,
Neuköllner,,,,,,
Waggons,,,,,,
Volkspark Mariendorf,,,,,,
Gummistiefeln,,,,,,
Luhansker Volksrepublik,,,,,,
Rentner,,,,,,
Vorgängern,,,,,,
Sondierern,,,,,,
Misskredit,,,,,,
Start-up Clanq,,,,,,
Landkreis Neu-Ulm,,,,,,
Volkel,,,,,,
Landeschef,,,,,,
Währungsunion,,,,,,
Wetter-Chaos,,,,,,
Klimaproblem,,,,,,
Wa…,,,,,,
Sumatra,,,,,,
rheinland-pfälzische Landeskriminalamt,,,,,,
Lohnanstiegen,,,,,,
Gartenparzelle,,,,,,
lby,,,,,,
Bundesstraße,,,,,,
Baggerunfall,,,,,,
Country Garden,,,,,,
Simferopol,,,,,,
Energiegeld,,,,,,
Jahresgutachtens,,,,,,
Siemens,,,,,,
Willy-Brand-Hauses,,,,,,
Bruch,,,,,,
Bischofsmühle,,,,,,
PAC-3-MSE-Rakete,,,,,,
Europäern,,,,,,
hohen Strom- und Gaspreisen,,,,,,
Punjab,,,,,,
lebensbedrohlichem,,,,,,
Rutschpartien,,,,,,
Bad Sooden-Allendorf,,,,,,
Krisenkonzerns Evergrande,,,,,,
Messergewalt,,,,,,
Preisfront,,,,,,
Rudow,,,,,,
Nord-Länder,,,,,,
wirtschaftsstarker,,,,,,
Treuhandfonds,,,,,,
Jordaniens,,,,,,
Gasbrand,,,,,,
Bargeldberge,,,,,,
Robotyne,,,,,,
Berliner Bebelplatz,,,,,,
polnischen Regierung,,,,,,
Staatskonzerne,,,,,,
tiefen Ozean,,,,,,
Oradour-sur-Glane,,,,,,
Kreml-Sprachrohr,,,,,,
Kreml-Insider,,,,,,
Cashback-Prämien,,,,,,
Donezk ++,,,,,,
Tauchsieder,,,,,,
Menschenrechtsgericht Russland,,,,,,
Black Ops 6,,,,,,
Sahel,,,,,,
Asow-Regiment,,,,,,
La Rioja,,,,,,
Testprogramm,,,,,,
Härtefallzuschüsse,,,,,,
London Calling,,,,,,
Waffenteilen,,,,,,
Sipri,,,,,,
Energiehilfen,,,,,,
Liezen,,,,,,
Kupiansk,,,,,,
Atom-Deal,,,,,,
Drohnen-Angriff,,,,,,
Aktie rauscht,,,,,,
Atom-Renaissance,,,,,,
Theiß,,,,,,
Hamas-Festnahmen,,,,,,
Aufmerksamkeitsressourcen,,,,,,
St. Paulis,,,,,,
Newsweek,,,,,,
Pyla,,,,,,
Primorje,,,,,,
Liveb…,,,,,,
Aqara Heizkörperthermostat W600,,,,,,
Pile,,,,,,
China Taiwan,,,,,,
Silbereisen,,,,,,
Eisbergs,,,,,,
Bundesnetzagentur Restrisiken,,,,,,
Uwe-Johnson-Preis,,,,,,
dicke Pyjamas a…,,,,,,
dicke Pyjamas,,,,,,
Lake America,,,,,,
Region Krasnodar,,,,,,
Siegerfoto,,,,,,
Bakterien,,,,,,
Beelitz,,,,,,
Partikeln,,,,,,
partout,,,,,,
Krim Russland,,,,,,
Schutzmacht USA,,,,,,
Nordukraine,,,,,,
Gutschein,,,,,,
vzbv,,,,,,
Rubel-Kurs,,,,,,
Port Sudan,,,,,,
Ostasiens,,,,,,
Klima-Fond,,,,,,
Luna-25,,,,,,
Gratis-Schirm,,,,,,
Raketenalarm,,,,,,
Großer Wahltag,,,,,,
Whatsapp,,,,,,
Anlageklasse,,,,,,
Credit-Suisse-Kleinanleger,,,,,,
Toronto,,,,,,
Augsburger,,,,,,
Bottrop Kokereigas,,,,,,
Spangdahlem,,,,,,
detonierter,,,,,,
Latschin-Korridors,,,,,,
Goethe-Institut,,,,,,
kriegsgeplagte Land,,,,,,
Botschafter Kiews,,,,,,
Bad Bramstedt,,,,,,
B206,,,,,,
Niederösterreich heuer,,,,,,
Kalten,,,,,,
russi…,,,,,,
Amtsgericht Hamburg,,,,,,
Huljajpole,,,,,,
Zentrum der Angriffe,,,,,,
Nebelmeer,,,,,,
November-Zahlen,,,,,,
Königs-Wusterhausen,,,,,,
US-amerikanische Regierung,,,,,,
Langeweile,,,,,,
Provinz Saporischja,,,,,,
Wiederaufbaus,,,,,,
Rekordkälte an der Ostküste,,,,,,
Reisendem,,,,,,
Extremwetterereignissen,,,,,,
Verhandlungsparteien,,,,,,
Aschheim,,,,,,
Weltmeeren,,,,,,
Akaba,,,,,,
UN-Palästinenserhilfswerks,,,,,,
Energie-Sanktionen,,,,,,
Ukraine-Angriff,,,,,,
Russland angegriffenes Land,,,,,,
Aufwand,,,,,,
Boliviens,,,,,,
Bafin,,,,,,
Liveblog Litauen,,,,,,
Bezirk Liezen,,,,,,
Belastungsgrenze,,,,,,
Monopolkommission,,,,,,
Kriegsmadrigale,,,,,,
Großbuchstaben,,,,,,
Warme Bässe,,,,,,
Trondheim,,,,,,
Verklärungskirche von,,,,,,
Kempen,,,,,,
Amhara,,,,,,
Laute Bässe,,,,,,
Normandie,,,,,,
Winterwochenende,,,,,,
"Taurus""-Debatte",,,,,,
Süd…,,,,,,
Moska…,,,,,,
Senats,,,,,,
Ukraine Moskau,,,,,,
Tomahawk-Lieferung,,,,,,
Fördertopf,,,,,,
Rave-Event,,,,,,
Seegrenzen,,,,,,
Tschetschenen-Führers,,,,,,
Stadtprozelten,,,,,,
Autobahn 5,,,,,,
Energiefirmen,,,,,,
Orange,,,,,,
Landkreis Miltenberg,,,,,,
Moskauer Verteidigungsministeriums,,,,,,
Bundesopferbeauftragter,,,,,,
Greenpeace-Chefin,,,,,,
Stachus,,,,,,
Dnipro-Inseln,,,,,,
westukrainischen Stadt,,,,,,
erlangen,,,,,,
englischen Stadt,,,,,,
Ostberlin,,,,,,
Europarats,,,,,,
Händen,,,,,,
Statistikamt Eurostat,,,,,,
Konjunkturausblick,,,,,,
Kiewer Regierungsangaben,,,,,,
Russland-Besuch,,,,,,
US-Angriffspause,,,,,,
Talkshow-Gast,,,,,,
Macrons,,,,,,
Mölling,,,,,,
Richtlinien,,,,,,
tschechischen Regierung,,,,,,
Mitte-Rechts-Bündnisses,,,,,,
Heimkino,,,,,,
Jakarta,,,,,,
Jackisch,,,,,,
Borussia-Hauptsponsor,,,,,,
Berliner Bezirken,,,,,,
Finanzaufsicht,,,,,,
Ban…,,,,,,
Santiago de Compostela,,,,,,
Ampel-Fraktionen,,,,,,
italienischen Insel,,,,,,
Biogasanlagen,,,,,,
Gasflaschen,,,,,,
Ebersbach-Neugersdorf,,,,,,
Camper,,,,,,
Supermarkt in Sachsen,,,,,,
US-Rüstungsfirmen,,,,,,
Andrijiwka,,,,,,
U-Bahnhöfe,,,,,,
Grönemeier,,,,,,
Berliner Staatsoper,,,,,,
chinesische Außenministerium,,,,,,
Hannoveraner,,,,,,
Asheville,,,,,,
Bio-Ware,,,,,,
Oberkirchberg,,,,,,
St. Marienkirche,,,,,,
Jerewan,,,,,,
Bärenpark Worbis,,,,,,
Sentix-Investmentbarometer,,,,,,
Angriff im Stadtpark,,,,,,
Militärbezirk,,,,,,
niederländischen Staat,,,,,,
Landkreises,,,,,,
Dampierre,,,,,,
Stadt Orjol,,,,,,
Landkreis Oldenburg,,,,,,
Maia Sandu,,,,,,
Memelland,,,,,,
Garde-Marineinfanterie-Brigade,,,,,,
Drittländer,,,,,,
Institute,,,,,,
Paria,,,,,,
Russland</li><li,,,,,,
Kuala Lumpur Convention Centre,,,,,,
Nato-Zusammenhalt,,,,,,
Leser-Debatte,,,,,,
Usyk,,,,,,
Gasometer,,,,,,
nan Moskau,,,,,,
Energiepark Hafen,,,,,,
Robert-Blum-Preis,,,,,,
RT-Chefredakteurin,,,,,,
Deutsche-Bank-Vermögen,,,,,,
Starlink-System,,,,,,
Straße von …,,,,,,
Schalker Vereinslied,,,,,,
Banjska,,,,,,
Rouen,,,,,,
Millionen-Subventionen,,,,,,
Duingen,,,,,,
Armenier,,,,,,
DE,,,,,,
Kelce,,,,,,
nachschärfen,,,,,,
Ha…,,,,,,
Remscheid,,,,,,
Deckels,,,,,,
EU,,,,,,
Kohlekraftwerk Wedel,,,,,,
Bitburg,,,,,,
Bundesumweltamt,,,,,,
Kreml Völkermord,,,,,,
Le Havre,,,,,,
Schein-Lösungen,,,,,,
US-Gesundheitsminister,,,,,,
Office 365,,,,,,
Stahlkrise,,,,,,
Deutschen Schauspielhaus,,,,,,
Antananarivo,,,,,,
Boxweltmeister,,,,,,
Appell,,,,,,
Kostensprüngen,,,,,,
Hai-Attacke,,,,,,
Kartbahn,,,,,,
Kontro…,,,,,,
Getreidelieferungen,,,,,,
Gasanbieter,,,,,,
Misk,,,,,,
Unwettern,,,,,,
Kaltfront,,,,,,
Gas-Leitung Midcat,,,,,,
russische Volk,,,,,,
Scala,,,,,,
Stadtzürcher,,,,,,
Campus Kuchl,,,,,,
Genkai,,,,,,
Elbphilharmonie,,,,,,
Meinungsforschungsinstituts Insa,,,,,,
Großbahnhof Stuttgart,,,,,,
Sophos,,,,,,
Kiew s…,,,,,,
Billig-Strom,,,,,,
Ostseeraum,,,,,,
Wüstenland,,,,,,
Endkundenpreise,,,,,,
Pongau,,,,,,
Charkiws,,,,,,
Chinas Russland-Unterstützung,,,,,,
Badische Landesmuseum,,,,,,
Sternerestaurants,,,,,,
Gastronomie-Krise,,,,,,
Stadtwerkeverband,,,,,,
Unwetterkatastrophe,,,,,,
Rosneft,,,,,,
Schwimm-Weltverband,,,,,,
Zentrum Kreuzberg,,,,,,
Ostfildern,,,,,,
Lindners,,,,,,
Fördermitteln,,,,,,
Forchheim,,,,,,
Ozeanregionen,,,,,,
Planegger Straße,,,,,,
Rosneft-Raffinerie,,,,,,
Rückbaukosten,,,,,,
Appellen,,,,,,
Wohnungsnot,,,,,,
Atom-Manöver,,,,,,
Protest-Hochburg,,,,,,
Habeck-Ministerium,,,,,,
Klima- und Transformationsfond,,,,,,
Armawir,,,,,,
Zertifikate-Handel,,,,,,
Die Niederlande,,,,,,
Münchens Lena Oberdorf,,,,,,
Statistische…,,,,,,
Altenberg,,,,,,
Euroland,,,,,,
Gemeinschaftsunterkunft,,,,,,
Nasa,,,,,,
Klima-Hilfsgeldern,,,,,,
Heizlüfter,,,,,,
Rügener Terminals,,,,,,
Willy-Brandt-Haus,,,,,,
Kanlzer,,,,,,
Notenbankern,,,,,,
Mitgliedsländern,,,,,,
schottischen See,,,,,,
Mar…,,,,,,
See Loch Ness,,,,,,
Meseberg,,,,,,
Landkreis Rottweil,,,,,,
Wangen,,,,,,
Tollwood,,,,,,
Trabrennbahn Mariendorf,,,,,,
Finanzhilfen,,,,,,
wiede…,,,,,,
Myall Beach,,,,,,
Mund,,,,,,
Vereinigten Staaten…,,,,,,
Simbabwe,,,,,,
Kaiserpinguin-Kolonien,,,,,,
Russischen Haus,,,,,,
Oligarch Ihor Kolomojskyj,,,,,,
Wirtschaftsministeriums,,,,,,
Privatautos,,,,,,
Putin-Reaktion,,,,,,
Ausschlusses von Russland,,,,,,
Gerichtssaal,,,,,,
Russisches Haus,,,,,,
Rollbahn,,,,,,
Berliner Volksbühne,,,,,,
Westfälischen Friedenspreis,,,,,,
Vereinigten Königreichs,,,,,,
Haare,,,,,,
Rio,,,,,,
Ingolstädter,,,,,,
Kreml Nordkoreas,,,,,,
Dos and Don'ts,,,,,,
Gartenutensilien,,,,,,
Stabilität,,,,,,
Heimwerkerbedarf,,,,,,
israelischen Regierung,,,,,,
Saale-Holzland-Kreis,,,,,,
Elster,,,,,,
Gripen-Kampfjets,,,,,,
Treptower Park,,,,,,
spez…,,,,,,
Hitzerekord,,,,,,
Kühlanlage,,,,,,
Stadt Mönchengladbach,,,,,,
Treibstoffpreise,,,,,,
Asowsche Meer,,,,,,
Klima-Pflicht,,,,,,
Bogotá,,,,,,
Klima-Aktionen,,,,,,
Deurne,,,,,,
LNG-Streiks,,,,,,
Acker,,,,,,
Szene-Aussteiger,,,,,,
Landkreis Dahme-Spreewald,,,,,,
Stadt Azraq,,,,,,
Jahresverlauf,,,,,,
Wüstenland Libyen,,,,,,
Gegenmittel,,,,,,
Persischen Golfs,,,,,,
Rasputiza,,,,,,
Kabel,,,,,,
Wetterau,,,,,,
Laim,,,,,,
Yukos-Aktionären,,,,,,
Kurschus,,,,,,
Sigmaringen,,,,,,
Nato-Mitglied,,,,,,
Neu …,,,,,,
Straße von Hormus bereitzustehen,,,,,,
Populisten,,,,,,
Packungsgrößen,,,,,,
Gastein,,,,,,
Bundeswehrbeständen,,,,,,
Nationalpark Ostsee,,,,,,
Landesamt für Denkmalpflege,,,,,,
Ansgar Knauff,,,,,,
Polizist*innen,,,,,,
Öltransporte,,,,,,
Stadt Luzern,,,,,,
Kampfmontur,,,,,,
NATO-Verteidigungsminister,,,,,,
A12,,,,,,
Landkreis Haßberge,,,,,,
Verteidigungsminster Umerov,,,,,,
Inkompetenz,,,,,,
Grundwasser,,,,,,
Gipfels,,,,,,
Regierungsviertels,,,,,,
Steinwurf,,,,,,
Halle an der Saale,,,,,,
Kyjiwer,,,,,,
Militärstützpunkt Alakurtti,,,,,,
Marschflugkörper Taurus,,,,,,
Landkreis Bayreuth,,,,,,
Chemiestandorte,,,,,,
Finanz-Expertinnen,,,,,,
Juristin Brosius-Gersdorf,,,,,,
Großen Preis,,,,,,
Amazonas-Mündungsbecken,,,,,,
US-Stadt,,,,,,
Klimaschutz-Ziele,,,,,,
Frankfurter Zoo,,,,,,
Hybride,,,,,,
Obernzell,,,,,,
Nato-Gipf…,,,,,,
Weihnachtsmärkten,,,,,,
Metropolen,,,,,,
extradicken Daunendecke,,,,,,
Großreich,,,,,,
Kiewer Rus,,,,,,
Chemiepark Leuna,,,,,,
Teltowkanal,,,,,,
Briefkommunikation,,,,,,
Rüstungsindustrien,,,,,,
Gaspreis-Kommission,,,,,,
Rothensee,,,,,,
Yellen,,,,,,
Corona-Winter,,,,,,
Hafermilch,,,,,,
Heizungsnovelle,,,,,,
Rot-Schwarz,,,,,,
Landkreises Nordwestmecklenburg,,,,,,
Rushhour am Morgen,,,,,,
Trump-Attentäter,,,,,,
Handys,,,,,,
slowakischen Regierung,,,,,,
Atomkraft-Pläne,,,,,,
Nürnberger Mischkonzern,,,,,,
Dialogmarketing,,,,,,
Bereichen Paket,,,,,,
Straß…,,,,,,
Hessinnen,,,,,,
Bundesumweltministerium,,,,,,
Kaltluftschneisen,,,,,,
Landes für die Ukraine,,,,,,
Duisburger Hafen,,,,,,
Oberlausitz,,,,,,
Lagerhalle,,,,,,
Darß,,,,,,
Treptow,,,,,,
Wagner-Revolte,,,,,,
Mondelez,,,,,,
Trauerfeiern,,,,,,
Potomac,,,,,,
Krematorsk,,,,,,
Ökoenergien,,,,,,
Parteivorsitz,,,,,,
Degrowth,,,,,,
Shopping-Event,,,,,,
Dispozinsen,,,,,,
Wien/Kiew,,,,,,
Landkreis Starnberg,,,,,,
Friedensgipfel,,,,,,
Schweriner Zoo,,,,,,
A2,,,,,,
Heizungsfrage,,,,,,
Wagner-Kämpfern,,,,,,
NATO-Ausland,,,,,,
Anwohnerparkausweise,,,,,,
Neustadt,,,,,,
Nikosia,,,,,,
Elyseé-Palast,,,,,,
Selfies,,,,,,
ÖkonomInnen,,,,,,
Realitätscheck,,,,,,
Krawalle,,,,,,
Kapitän,,,,,,
Ukraine-Militärhilfe,,,,,,
US-Marschflugkörper,,,,,,
US-Dienstleister,,,,,,
ingesamt,,,,,,
Woschod,,,,,,
Ahrensburg,,,,,,
Chemieparks Leuna,,,,,,
Raiffeisen Schweiz,,,,,,
Verbraucherschutz-Regeln,,,,,,
Rekordjahren,,,,,,
Nato-Ukraine-Kommandos,,,,,,
Ästen,,,,,,
Bergtour,,,,,,
Alabama,,,,,,
Haus des Wagner-Chefs,,,,,,
Waldhof-Krise,,,,,,
Czernowitz,,,,,,
NATO-Ukraine-Kommandos,,,,,,
Allzeithoch,,,,,,
Nidden,,,,,,
Dezember-Abschlagszahlungen,,,,,,
BILD-Informationen,,,,,,
Gebrauchtwagenmarkt,,,,,,
Everest-Basislager,,,,,,
Fugen,,,,,,
Hasses,,,,,,
Münchendorf,,,,,,
US-Mittelstreckenwaffen,,,,,,
Energieversorger Ukrenerho,,,,,,
Schloss Rotenturm,,,,,,
Nato-Beitritt,,,,,,
Haustier,,,,,,
Unterseekabeln,,,,,,
Dogfighting,,,,,,
Steuer-Änderungen,,,,,,
Chan Yunis,,,,,,
Kiewer Regierungsviertel,,,,,,
Thüringer Verfassungsschutzchef,,,,,,
davongerast,,,,,,
Moskauer Angriffskrieges,,,,,,
Friedensabkommen,,,,,,
Gemini,,,,,,
Belta,,,,,,
Tadschikistan,,,,,,
Waffenfirma,,,,,,
Kirgisistan,,,,,,
Straßengraben,,,,,,
Feuerscheid,,,,,,
Autobahn 60,,,,,,
Norwegen…,,,,,,
Menschenmenge,,,,,,
Öst…,,,,,,
Reykjavik,,,,,,
Aramco,,,,,,
Autobahn-Maut,,,,,,
Putsch-Versuch,,,,,,
Oberstdorf,,,,,,
Bundeskriminalamts,,,,,,
Krisen-Gewinnerin,,,,,,
Neun Finanz-Bauernregeln,,,,,,
Musk,,,,,,
Grenzregionen,,,,,,
Ko Samui,,,,,,
Soforthilfefonds,,,,,,
verschneiten Bergen,,,,,,
Jahresbeginn,,,,,,
Erzgebirges,,,,,,
Tech-Milliardär,,,,,,
Hauptherkunftsländer,,,,,,
Boeing-Abschuss,,,,,,
Sülldorf,,,,,,
Foxconn,,,,,,
Göttinger,,,,,,
Sintra,,,,,,
Plauru,,,,,,
Wohnhäuser,,,,,,
Bio-Läden,,,,,,
BW-Innenminister,,,,,,
Köln/Bonn,,,,,,
Bataillon Aidar,,,,,,
Dang Dinh Bach,,,,,,
russische Fernsehen,,,,,,
Assads,,,,,,
US-Pensionsfonds,,,,,,
Augenhöhe,,,,,,
Regierungskonsultationen,,,,,,
Selbstversorgung,,,,,,
Nebensaison,,,,,,
Lehrberg,,,,,,
US-Atomwaffen,,,,,,
Rückschlags,,,,,,
Mohamud,,,,,,
Öko-Pionier,,,,,,
bitterarme Land,,,,,,
Zentralasiens,,,,,,
Wilke,,,,,,
Flick,,,,,,
Siziliens,,,,,,
Flughafens Köln-Bonn,,,,,,
Ölsektor,,,,,,
Kiews Bewohner,,,,,,
Startup-Geschäftsklima,,,,,,
Ascendant,,,,,,
Mittelmeerinsel,,,,,,
Flughafen Köln-Bonn,,,,,,
Gazakrieg,,,,,,
Sicherheitshürden,,,,,,
Palästinenserstaat,,,,,,
Ukraine-Sanktionen,,,,,,
WM-Aus,,,,,,
Treibhausgas-Leck,,,,,,
Chmelnyzkyj,,,,,,
Holzmarkt,,,,,,
Schnittholz,,,,,,
Theke,,,,,,
Wartezimmer,,,,,,
⁠Ukraine,,,,,,
Landkreis Vechta,,,,,,
Klima-Uhr,,,,,,
Landkreis Rotenburg,,,,,,
Wümme,,,,,,
Eur…,,,,,,
Gasnetz,,,,,,
Davos-Rede,,,,,,
Saki,,,,,,
Karachi,,,,,,
Kollaps“,,,,,,
Zaun,,,,,,
Ohnsorg Theater,,,,,,
Spionage-Vorwürfe,,,,,,
macOS,,,,,,
Dementi,,,,,,
‍Auswärtigen Amtes,,,,,,
Maskat,,,,,,
EU-Außenminister,,,,,,
baltische Land,,,,,,
Energiekonzern,,,,,,
Technologiebörsen,,,,,,
Haus in Wiesthal,,,,,,
Russland-Vermögen,,,,,,
Sicherheitskonzept,,,,,,
US-Kommentator,,,,,,
KI-Branche,,,,,,
Einzelspieler-Shooter,,,,,,
Polizeiinspektion Northeim,,,,,,
Freiland,,,,,,
Schönebeck,,,,,,
US-Präsidentschaftskandidaten,,,,,,
erneu…,,,,,,
Kaliningrader,,,,,,
Musiala,,,,,,
eig…,,,,,,
JVA,,,,,,
Idar-Oberstein,,,,,,
Hudaida,,,,,,
Lust-Level,,,,,,
Bewohner Moskaus,,,,,,
Gaming-Hardware,,,,,,
Kehl,,,,,,
Finanz-Front,,,,,,
Sonneberg,,,,,,
Baltikums,,,,,,
Tiefeninterviews,,,,,,
Energie Steiermark,,,,,,
Wagens,,,,,,
Hauptbahnhof Hannover,,,,,,
Wärme,,,,,,
Uniper-Eigentümer,,,,,,
Arbeiterunterkunft,,,,,,
WLAN,,,,,,
Liftpass,,,,,,
Ökonomen,,,,,,
Landgericht Mönchengladbach,,,,,,
Gasdruck,,,,,,
Wagner-Boss,,,,,,
Memmingen,,,,,,
Deckel,,,,,,
Berlin</em,,,,,,
Airlines,,,,,,
Landeskrankenhausgesellschaft Thüringen,,,,,,
Kühlregal,,,,,,
Spielekonsolen,,,,,,
Standorterhalt,,,,,,
Termine,,,,,,
Immo-Markt,,,,,,
US-Auslandssender,,,,,,
Montenegros,,,,,,
Auftakt,,,,,,
Rosenheimer Bahnhof,,,,,,
Vorjahresquartal,,,,,,
Amtsgericht Stuttgart,,,,,,
Trump-Lager,,,,,,
Auerbach,,,,,,
Höchstständen,,,,,,
Intrigen,,,,,,
Finanzcheck,,,,,,
Urkaine,,,,,,
US-Vermittlungsreisen,,,,,,
Streikwelle,,,,,,
Gaming-Equipment,,,,,,
Außenministertreffens,,,,,,
Kreis Schleswig-Flensburg,,,,,,
Rostow-am-Don,,,,,,
Militärkonvoi,,,,,,
TV-Ansprache,,,,,,
Anti-Terror-Notstand,,,,,,
Fischbach,,,,,,
Klinikbesuch,,,,,,
Parma,,,,,,
Oleh Snyjehubow,,,,,,
Wagner-Söldner,,,,,,
Tschechischen Republik,,,,,,
Palm Beach,,,,,,
Bündnisstaaten,,,,,,
Nobel-Laureatin,,,,,,
Mitschuld,,,,,,
Einfamilienhäuser,,,,,,
Pandemie Staatshilfen,,,,,,
Frontlinie,,,,,,
Langwaffen,,,,,,
Messer,,,,,,
Krisengesprächen,,,,,,
Russland-Kurs,,,,,,
Enthüllungen,,,,,,
Mumbai,,,,,,
Gas-Heizungen,,,,,,
Rwanda,,,,,,
Russland-Afrika-Forum,,,,,,
Afrikanische Staaten,,,,,,
Grünau,,,,,,
Googles,,,,,,
Verursacher,,,,,,
Landesgericht Klagenfurt,,,,,,
Schojgu,,,,,,
Buchungen,,,,,,
Fichtelgebirge,,,,,,
Schwarzmeer-Hafen Noworossijsk,,,,,,
Uniper am Abgrund,,,,,,
Yen,,,,,,
Rosenmontagszugs,,,,,,
Stonehenge,,,,,,
Metsola,,,,,,
Sunak,,,,,,
Wiederaufbau-Kosten,,,,,,
Kreis Mettmann,,,,,,
Schusswaffen,,,,,,
Provinz Castellón,,,,,,
Penny,,,,,,
Russland-Afrika-Gipfel,,,,,,
Montreal,,,,,,
Ferienhaus,,,,,,
Uno,,,,,,
Oscar-Akademie,,,,,,
Fußballevent,,,,,,
Besuchern,,,,,,
Grand Canyon,,,,,,
Euroclear,,,,,,
Öllieferungen,,,,,,
Nordmeer,,,,,,
Chmelnyzk…,,,,,,
Heizmaterialien,,,,,,
Treibstoffen,,,,,,
Landkreis Cham,,,,,,
Berlin-Hellersdorf,,,,,,
Verfassungsschutz,,,,,,
Sahel-Staaten,,,,,,
Einklang,,,,,,
warm,,,,,,
Siegerstraße,,,,,,
Kirchberg,,,,,,
Burgkirchen,,,,,,
Politikern,,,,,,
Eis auf Seen,,,,,,
Kellog,,,,,,
Friedenspreis des Deutschen Buchhandels,,,,,,
Hamburger Messe,,,,,,
Treptow-Köpenick,,,,,,
Vordergr…,,,,,,
Kopfschütteln,,,,,,
Laptops,,,,,,
Evotec,,,,,,
Militärflughafen,,,,,,
Böen,,,,,,
Großen Preis von Belgien,,,,,,
Prager Burg,,,,,,
Strand,,,,,,
Waldboden,,,,,,
griechische Inseln,,,,,,
Niger-Krise,,,,,,
Diplomatie,,,,,,
Jugendoffizier,,,,,,
Ex-Schüler,,,,,,
Nationalgardisten,,,,,,
Geiselnehmer,,,,,,
Abschlussdokument,,,,,,
Pekinger,,,,,,
Begehrlichkeiten,,,,,,
Supermark…,,,,,,
Lugano,,,,,,
Nationalgarde,,,,,,
Knappes Flüssigerdgas,,,,,,
Lugano Region,,,,,,
Investitionen,,,,,,
Oststadt,,,,,,
Daimler-Truck-Finanzvorstand,,,,,,
Provinz Hormusgan,,,,,,
Mega-Events,,,,,,
Mini-Atomkraftwerken,,,,,,
Friedensprozess,,,,,,
Grundsatz,,,,,,
Suwalki,,,,,,
Militärziele,,,,,,
Buschehr,,,,,,
Riesengebirge,,,,,,
Possad,,,,,,
US-Friedensplans,,,,,,
Hinweis,,,,,,
Burger-Schule,,,,,,
Staatenbundes,,,,,,
Shein,,,,,,
Ge…,,,,,,
Rohstoff-Zulieferer,,,,,,
Sirik,,,,,,
Getreide,,,,,,
Landkreis Südwestpfalz,,,,,,
Dahn,,,,,,
Kirkel,,,,,,
Großraum London,,,,,,
Energielieferungen,,,,,,
A,,,,,,
Nato-Grenze,,,,,,
Nöten,,,,,,
Donau-Hafen,,,,,,
VPN,,,,,,
Steuererleichterungen,,,,,,
Windkraft-Branche,,,,,,
Transitstreits,,,,,,
deutsch-niederländischen Grenze,,,,,,
A61,,,,,,
schief,,,,,,
Stadt Jekaterinburg,,,,,,
arabischen Golf,,,,,,
Landkreis Potsdam-Mittelmark,,,,,,
China-Versteher,,,,,,
Informationskrieg,,,,,,
Wut,,,,,,
Hamburger Kanal,,,,,,
Mittelkanal,,,,,,
Obersten Gerichtshof,,,,,,
Vertrauensverlust,,,,,,
Heizen,,,,,,
Hitzerekorde,,,,,,
Nord-Stream-Verdächtiger,,,,,,
Santa Fe,,,,,,
Ö3-Livesommer,,,,,,
Bad…,,,,,,
Haus der Geschichte,,,,,,
Land Steiermark,,,,,,
Nominierungen,,,,,,
Landstuhl,,,,,,
Ukraine-Finanzhilfen,,,,,,
Taipeh,,,,,,
Sorptionsanlagen,,,,,,
Stadt Dresden,,,,,,
US-Stürmer,,,,,,
Kampfjet-Lieferungen,,,,,,
Nawalnys Leiche,,,,,,
armenisch,,,,,,
Max-Abstürzen,,,,,,
Stadt Notlösungen,,,,,,
Potanin,,,,,,
Schwefelsäure,,,,,,
Waiblingen,,,,,,
Ego-Trip,,,,,,
Insel brauche Luftabwehrsysteme und Waffen,,,,,,
Jagdverband,,,,,,
Kreis Siegen-Wittgenstein,,,,,,
Kiew weitergereist,,,,,,
Krim-Hafen,,,,,,
Hauptursachen,,,,,,
Streaming-Branche,,,,,,
Hamm-Uentrop,,,,,,
Winterurlaubspläne,,,,,,
Christkindlmarkt,,,,,,
Oberste Verwaltungsgericht,,,,,,
Nordpol,,,,,,
Droge,,,,,,
Diplomatenkreisen,,,,,,
Berlin-Buckow,,,,,,
offener Straße,,,,,,
Reisebranche,,,,,,
Großraum Kairo,,,,,,
Allergikern,,,,,,
Haushaltsdefizits,,,,,,
Gespräche Russland,,,,,,
Chagos-Archipel,,,,,,
Grenke,,,,,,
Nacht Öltanks,,,,,,
Auswärtigen Ausschusses,,,,,,
Fraktionschefin Katharina Dröge,,,,,,
Wagner-Armee Prigoschin,,,,,,
Hizbullah-Stellungen,,,,,,
Klimaabkommens,,,,,,
Georg-Büchner-Preisträgerin,,,,,,
Streumunition-Zusage,,,,,,
Bauernverband,,,,,,
groß…,,,,,,
angesic…,,,,,,
Klitschko,,,,,,
Suhl,,,,,,
Shortseller-Attacke,,,,,,
Klima-Wind-Kanal,,,,,,
Verl,,,,,,
Justizminister,,,,,,
Dienstag…,,,,,,
Landgericht Aschaffenburg,,,,,,
Bangl,,,,,,
Bitcoin-Kurs,,,,,,
Leitungsplatzer,,,,,,
Nato-Kurs,,,,,,
Europe,,,,,,
Lego-Steinen,,,,,,
Iranerin,,,,,,
Liebich,,,,,,
Kulturschaffenden,,,,,,
Angriffskriege,,,,,,
Obertürkheim,,,,,,
schwed…,,,,,,
gefrierender Regen,,,,,,
Monheim am Rhein,,,,,,
Klima-Engagierten,,,,,,
Brrr,,,,,,
Paris-Gipfel,,,,,,
TV-Debatte,,,,,,
Digitalpodcast,,,,,,
Normalmodus,,,,,,
CO2-neutralen Volkswirtschaften,,,,,,
Tehe…,,,,,,
Gruppen-Aus,,,,,,
Kälte-Tal,,,,,,
Stimmzettel,,,,,,
Kosovo zu…,,,,,,
Dauer-Drama,,,,,,
Rosdoliwka,,,,,,
bri…,,,,,,
Kia,,,,,,
Südtirol,,,,,,
Zentr…,,,,,,
Keks,,,,,,
Bakhmut,,,,,,
Rio Grande,,,,,,
US-Preisdaten,,,,,,
Bad,,,,,,
Luxus-Stätten,,,,,,
Liveblog London,,,,,,
Kreises,,,,,,
Garage,,,,,,
Null,,,,,,
A 100,,,,,,
Eistonnen,,,,,,
Infl…,,,,,,
Waffenattrappe,,,,,,
Wohngebäude,,,,,,
Inselbewohnern,,,,,,
Tankstellenmitarbeiter,,,,,,
Plattenbauten,,,,,,
Branche,,,,,,
Weizenpreis,,,,,,
Merkur.de,,,,,,
Marvel,,,,,,
Beeinträchtigungen,,,,,,
Weidel,,,,,,
Griechen-Jet,,,,,,
Lohnanteil am Volkseinkommen,,,,,,
Weizen,,,,,,
ru…,,,,,,
Flugshow,,,,,,
Defizit,,,,,,
Stuttgart-Zuffenhausen,,,,,,
Region Stuttgart,,,,,,
Massengräbern,,,,,,
Landgericht Bonn,,,,,,
Vorwürfe,,,,,,
Survival-Horrorspiel,,,,,,
Kiewer Flughäfen,,,,,,
Netflix-Charts,,,,,,
Café Dsendsyk,,,,,,
Leitzinsen,,,,,,
Klima-Booster,,,,,,
Donn…,,,,,,
Bahnhof Brandenburger Tor,,,,,,
US-Besuch,,,,,,
Knopfdruck,,,,,,
Ukraine-Beratungen,,,,,,
Klima-Reichensteuer,,,,,,
Kohlenstoffkreislauf,,,,,,
Bodenfauna,,,,,,
Wiederaufbaufonds,,,,,,
Ahrweiler,,,,,,
Steuerausgleich,,,,,,
Einfamilienhäusern,,,,,,
Erm…,,,,,,
Scheremetjewo,,,,,,
Doppelmord,,,,,,
Cloudflare,,,,,,
G7-Runde,,,,,,
japanische Regierung,,,,,,
Khan Younis,,,,,,
Fukushima-Katastrophe,,,,,,
US-Reaktion,,,,,,
Russische Ermittler,,,,,,
Onlineshopping,,,,,,
China-Gadgets,,,,,,
Temperaturen kletter,,,,,,
Gadgets,,,,,,
Feodossija,,,,,,
Schiff,,,,,,
Schul-Skikurse,,,,,,
Marktforschungsinstitut GfK,,,,,,
Land …,,,,,,
Osttimor,,,,,,
Rettung,,,,,,
Öko-Umsatz,,,,,,
Elmshorn,,,,,,
Bio-Lebensmitteln,,,,,,
Brisanz,,,,,,
EU-Töpfen,,,,,,
Simmering,,,,,,
Hauptbahnhof Nürnberg,,,,,,
Seemine,,,,,,
Pfalzwerken,,,,,,
Meeresfrüchten,,,,,,
A 99,,,,,,
sechsspurig,,,,,,
Gastronomen,,,,,,
Jahr Schäden in Höhe,,,,,,
Diebe,,,,,,
Klima-Stresstests,,,,,,
Patriot-Munition,,,,,,
Outdoorchef Minichef,,,,,,
Afghanistans,,,,,,
Zentrum des Skandals,,,,,,
Montabaur,,,,,,
Landesverwaltungsgericht Oberösterreich,,,,,,
Alpenverein,,,,,,
Umweltdachverband,,,,,,
Taxi-Angriff,,,,,,
Melle-Buer,,,,,,
S41,,,,,,
ArcelorMittal Bremen,,,,,,
Akkord,,,,,,
Haus am Stapelholmer,,,,,,
Kreis Nordfriesland,,,,,,
Ostcast,,,,,,
Haushaltskunden,,,,,,
Banker,,,,,,
Recife,,,,,,
Konzerthaus bei Moskau,,,,,,
Kita,,,,,,
wiederzueröffnen,,,,,,
Utopien,,,,,,
Ber…,,,,,,
Everglades,,,,,,
Südflorida,,,,,,
Schutzräumen,,,,,,
Investments,,,,,,
Supermarktkasse,,,,,,
Fentanyl,,,,,,
Schwerindustrie global,,,,,,
Flughafen-Angriff,,,,,,
Polizeizelle,,,,,,
Tag des Sommers,,,,,,
Lateinische Patriarch von Jerusalem,,,,,,
Wirtschaftsmodell,,,,,,
US-Ukraine-Beauftragte Kellogg,,,,,,
Tag der Industrie weht,,,,,,
Google News,,,,,,
NATO-Einsatz,,,,,,
BVB-Coach Terzic,,,,,,
Kiew mel…,,,,,,
Landkreisen,,,,,,
Lenkbomben,,,,,,
Lehrer-Angriff,,,,,,
Dhaka,,,,,,
Öl-Preisdeckel,,,,,,
Online-Abo,,,,,,
Beschlüssen,,,,,,
Liveblog Ort des Gedenkens,,,,,,
Bundeswirtschaftsminister,,,,,,
Chemnitzer,,,,,,
Santiago de Chile,,,,,,
Spionagevorwürfen,,,,,,
Wohnräumen,,,,,,
Kapital,,,,,,
Innern,,,,,,
Skalierungserfolg,,,,,,
Spionage,,,,,,
Orientierung,,,,,,
Migrationsstreit,,,,,,
BSW-Politikerin,,,,,,
Wahl-Schmach,,,,,,
Finanztest-Abo,,,,,,
Schütze,,,,,,
Fordo,,,,,,
Bezirk Friedrichshain-Kreuzberg,,,,,,
Grünen-Fraktion,,,,,,
Live-Sport-Abo,,,,,,
Artenschwunds,,,,,,
Weltuntergang,,,,,,
Gashahn zudreht,,,,,,
Warnzeichen,,,,,,
Berliner Gasag,,,,,,
Kohle,,,,,,
Wärmenetzen,,,,,,
Halberstadt,,,,,,
Hilfsgütern,,,,,,
Artikeln,,,,,,
Selb,,,,,,
Waffendeal,,,,,,
Connewitz,,,,,,
M23,,,,,,
Vordach,,,,,,
Ukraine-Hilfstransporte,,,,,,
Tiefststand,,,,,,
Bosnien und Herzegowina,,,,,,
Garagendach,,,,,,
Klima-Fußabdruck,,,,,,
österreichischen Bergen,,,,,,
Rathenow,,,,,,
Klima-Asyl,,,,,,
Wettlesen,,,,,,
Hohe Ausfallquote,,,,,,
Spardruck,,,,,,
Backnang,,,,,,
Bachmann-Preis,,,,,,
Odenwaldkreis,,,,,,
Düsseldorfer Hightech-Konzern,,,,,,
Düsseldorfer Rüstungskonzern,,,,,,
Slowake Fico,,,,,,
Fremantle,,,,,,
Grünwald,,,,,,
Madonna,,,,,,
Austrialiens,,,,,,
Riesenproblem,,,,,,
New Yorker Rohstoffbörse,,,,,,
Horror-Szenarien,,,,,,
Ostseestadion,,,,,,
Militärhilfe,,,,,,
Lübeck-Krise,,,,,,
Werlte,,,,,,
Chefökonom Karsten Junius,,,,,,
Eschborn,,,,,,
Treibhausgas,,,,,,
Marinka,,,,,,
Khamenei,,,,,,
Statistischen Bu…,,,,,,
Südsudans,,,,,,
Neunburg,,,,,,
Bahn,,,,,,
Kraftwerk Saporischschja,,,,,,
Gas-Flasche,,,,,,
Weihnachtsgeschäft,,,,,,
Wiesbad…,,,,,,
Waldhof,,,,,,
US-Staatsbürger,,,,,,
Finanzamt bucht,,,,,,
Ukraine-Frage,,,,,,
Rückmarsch,,,,,,
Vize-Ministerpräsidentin,,,,,,
Renten,,,,,,
Inder,,,,,,
Wohlfahrtsverband,,,,,,
Studi-Ticket,,,,,,
Gerstensafts,,,,,,
Ratzeburg,,,,,,
Herstellerländer,,,,,,
Unstimmigkeiten,,,,,,
Donald,,,,,,
Abschreckungsdoktrin,,,,,,
Goldmine,,,,,,
Verschüttetensuche,,,,,,
Korruptionsskandal,,,,,,
Gundremmingen,,,,,,
Versandhändler,,,,,,
Galopprennbahn Hoppegarten,,,,,,
Grillfans,,,,,,
Hosenbund,,,,,,
Wembley-Stadion,,,,,,
Krankenwagen,,,,,,
Mühlhausen,,,,,,
le…,,,,,,
Softair-Pistole,,,,,,
Ransomware,,,,,,
Größenwahn,,,,,,
Bratwurst,,,,,,
Punsch,,,,,,
Poroschenko,,,,,,
Einsatzregeln,,,,,,
Castel Gandolfo,,,,,,
Industrieland,,,,,,
NATO-Fonds,,,,,,
Gründau,,,,,,
Landstraßer Fußvolk,,,,,,
Romüberraschend,,,,,,
Freilassing,,,,,,
Mechernich,,,,,,
Suweida,,,,,,
syrische Regierung,,,,,,
Petersdom,,,,,,
Casolaro Bros,,,,,,
Klima-Papst,,,,,,
Aug 22,,,,,,
Arbeitsplätzen,,,,,,
Drohnenschlägen,,,,,,
Polizei-Handys,,,,,,
Calais,,,,,,
Kreis Nordhausen,,,,,,
Stendal,,,,,,
Bodensee-Airport,,,,,,
Zentralmassiv,,,,,,
Rohrleitungen,,,,,,
China-Partner,,,,,,
Milliarden-Investitionen,,,,,,
Immenstaad am Bodensee,,,,,,
Richter-Skala,,,,,,
Milliarden-Schulden,,,,,,
Dortmunder Bahnhof,,,,,,
Wladimir,,,,,,
Mega-Verlust,,,,,,
Legende,,,,,,
Opferzahl,,,,,,
Feldkirch,,,,,,
Erdgas,,,,,,
Kälte-Fleck,,,,,,
Eberstadt,,,,,,
Hinkley Point C,,,,,,
schwächelnder,,,,,,
Statistischen Landesamts,,,,,,
Eritrea,,,,,,
R…,,,,,,
Moskau-Attentäter,,,,,,
Apfel,,,,,,
Milka,,,,,,
Gaspipeline,,,,,,
Detroit,,,,,,
Tätern,,,,,,
Euroraum,,,,,,
Syrer,,,,,,
Bahnhof Rastatt,,,,,,
Provinz Västmanland,,,,,,
Universität Graz,,,,,,
SEK-Einsatz,,,,,,
regierungsinterne,,,,,,
Kaminöfen,,,,,,
Crealogix,,,,,,
LGBTQ-Community,,,,,,
Großkunden,,,,,,
Fast-Channels,,,,,,
englischen Küste,,,,,,
LKA-Präsident de Vries,,,,,,
Raiffeisen-Urgestein,,,,,,
Republik Österreich,,,,,,
Monitor-Recherchen,,,,,,
Grimma,,,,,,
Bezirk Korneuburg,,,,,,
Raiffeisen Landesbank,,,,,,
Sommerferien,,,,,,
Milliardensummen,,,,,,
Blickfeld,,,,,,
Russlands Raketen-Terror,,,,,,
Westsachsen,,,,,,
NHM,,,,,,
Extra-Kosten,,,,,,
Kasachstans,,,,,,
Anbaden,,,,,,
Eichstätter,,,,,,
Landkreis Südliche Weinstraße,,,,,,
Statistische Bundesamt in Wie…,,,,,,
Haftstrafen für Hammer-Angriff,,,,,,
Haushalt,,,,,,
Fracking-Gas,,,,,,
Online-Tool,,,,,,
Malls,,,,,,
Bad Wildbach,,,,,,
Geringverdiener,,,,,,
Berlin-Dahlem,,,,,,
Nato-Staat,,,,,,
Huthi-Angaben,,,,,,
US-Europa-Hauptquartier,,,,,,
US-Militärexperten,,,,,,
Fordow,,,,,,
Härtefallfonds,,,,,,
US-Angriff,,,,,,
Babys,,,,,,
Transnistriens,,,,,,
Gasleck-Unglück,,,,,,
Klebens,,,,,,
Taurus-Debatte,,,,,,
Israel-Kritik,,,,,,
Boxverband,,,,,,
Vorwürfen,,,,,,
Geldwäsche,,,,,,
Hegemon,,,,,,
nan Italien,,,,,,
Landgericht Frankfurt,,,,,,
Bildschirm,,,,,,
Skepsis,,,,,,
Kartellamt,,,,,,
Biosphärenpark,,,,,,
Landeskriminalamtes Niedersachsen,,,,,,
Berliner Tierpark,,,,,,
Luxusurlauben,,,,,,
Russlandfreunden,,,,,,
Moskauer Metro,,,,,,
Anlagestrategien,,,,,,
Trump-Fans,,,,,,
russischen Krim-Brücke,,,,,,
Great Gatsby,,,,,,
Munz,,,,,,
Wegener Center,,,,,,
Ukraine-Coup,,,,,,
Technischen Uni Berlin,,,,,,
Jelez,,,,,,
Aug 18,,,,,,
Klimageräte,,,,,,
Autoreifen,,,,,,
Stadt Mannheim,,,,,,
Perowskit-Solarpanels,,,,,,
Perowskit-Solarzellen,,,,,,
Barbados,,,,,,
Nachbarland Polen,,,,,,
Amazonas-Dürre,,,,,,
Leim,,,,,,
Greifswalder,,,,,,
Greifswalder Bodden,,,,,,
Probebetrieb,,,,,,
Kansas,,,,,,
Strafbefehle,,,,,,
Hamburg-Niendorf,,,,,,
Niendorf,,,,,,
Viking,,,,,,
Sanierungen,,,,,,
Zypressengewächse,,,,,,
Eiben,,,,,,
Nationalgefängnis,,,,,,
Kreis Ostholstein,,,,,,
Bad Nauheim,,,,,,
Siegtalstraße,,,,,,
Kühle,,,,,,
Drittstaaten,,,,,,
Geesthacht,,,,,,
Hunde-Angriff,,,,,,
Straße von Hormus amerikanisches Territorium,,,,,,
Leningrads,,,,,,
Siegen-Niederschelden,,,,,,
Düsseldorfer Japan-Tag,,,,,,
Bahamas,,,,,,
Gas-Alarmstufe,,,,,,
Weinbaus,,,,,,
Templin,,,,,,
Klimaschädliches,,,,,,
Dampfsäule,,,,,,
Windenergieverband,,,,,,
Land Bremen,,,,,,
Preis-Reichweite-Verhältnis,,,,,,
Lkw-Unfall,,,,,,
Bestandskunden,,,,,,
Region Dnipropetrowsk,,,,,,
Drohungen Trumps,,,,,,
Grunderwerbsteuer,,,,,,
Waffengeschäft,,,,,,
Nischni Tagil,,,,,,
A70,,,,,,
US-Finanzinvestor,,,,,,
Münchner Arena,,,,,,
Gräuel,,,,,,
Ex-Sowjetrepublik Moldau,,,,,,
Milliardeneinbußen,,,,,,
Grotheer,,,,,,
Hitzehilfe,,,,,,
Pizzeria,,,,,,
Mekka,,,,,,
JVA Untermaßfeld,,,,,,
Nationalarchiv,,,,,,
US-Politologe,,,,,,
Salechard,,,,,,
Keith Kellogg,,,,,,
Smiley,,,,,,
Deutschlands Taurus-Debatte,,,,,,
LNG-Infrastruktur,,,,,,
Bundesamtes für Bevölkerungsschutz und Katastrophenhilfe,,,,,,
Spartan Race,,,,,,
Erdknollen,,,,,,
Bayern-Krise,,,,,,
Eigenheims,,,,,,
Handy-Blackout,,,,,,
Verhaftungen,,,,,,
Zugausfall,,,,,,
Qualm,,,,,,
Universität Bremen,,,,,,
Élyséepalast,,,,,,
Verbandes,,,,,,
Kreis Darmstadt-Dieburg,,,,,,
Bäckereien,,,,,,
Landkreis kämpfen,,,,,,
Energiesparmeister-Wettbewerb,,,,,,
Dieben,,,,,,
Atomstrom-Produktion,,,,,,
Altötting,,,,,,
Tote,,,,,,
Belvona,,,,,,
Guterres,,,,,,
Halle/Saale,,,,,,
Kiew britische Drohnen für Angriffe,,,,,,
Rohstofftechnik,,,,,,
Washington…,,,,,,
Weihnachtsmarkt-Outfit,,,,,,
Russland-Aus,,,,,,
Billig-Gas,,,,,,
Wiederaufbau-Plänen,,,,,,
Boulder,,,,,,
Ukraine-Nationalflaggen,,,,,,
Chiles Küste,,,,,,
Rub al-Chali,,,,,,
Lobbykampagne,,,,,,
Reichstagsgebäude,,,,,,
Atomkraftwerks Almaraz,,,,,,
Atomwaffen-Bomber,,,,,,
Chelsea,,,,,,
Washington/Moskau,,,,,,
Ölteppich,,,,,,
Polen Russland,,,,,,
Merz-Machtwort,,,,,,
Woidke,,,,,,
Erle,,,,,,
Drohnenattacke,,,,,,
Längsee,,,,,,
Herzlos-Tat,,,,,,
Burghausen,,,,,,
Immobilien-Aktien,,,,,,
Mungobohnensprossen,,,,,,
Peso,,,,,,
Atomwaffentests,,,,,,
Pölitz,,,,,,
Glatteies,,,,,,
Lieferketten-Risiko,,,,,,
Autoführerschein,,,,,,
Brüssel e…,,,,,,
Wall Street Kursverluste,,,,,,
Brandenburg/Havel,,,,,,
Sonderrabatt,,,,,,
Internationale Wirtschaftsforum,,,,,,
Bullensperma,,,,,,
Testschwimm-Events,,,,,,
Europawahl,,,,,,
Statistische Bundesamt …,,,,,,
Softair-Waffe,,,,,,
Verkehrskameras,,,,,,
Senioren-Wohnanlage,,,,,,
Dolphins,,,,,,
Playoff-Erfolg,,,,,,
DRM-freien,,,,,,
Backdoor,,,,,,
Startelf,,,,,,
medizinis…,,,,,,
Glätteunfällen,,,,,,
Delle,,,,,,
Wärmepumpen-Käufen,,,,,,
Houthi-Rebellen,,,,,,
Oblast Rostow,,,,,,
Klimaschützern,,,,,,
Low-Level-,,,,,,
Bielefelder Innenstadt,,,,,,
Haltungen zum Taurus,,,,,,
Zorneding,,,,,,
Südaustralien,,,,,,
Elz,,,,,,
Aug 10,,,,,,
Ouro-Tagba,,,,,,
Gao,,,,,,
Weißer Ring,,,,,,
Taurus-Frage,,,,,,
Ri…,,,,,,
Gdansk,,,,,,
Seeon,,,,,,
Brocken,,,,,,
Gesellschafts-Engagement,,,,,,
B-2 Bomber,,,,,,
Ukraine-Aussagen,,,,,,
Spam-Welle,,,,,,
Bundesvorstands,,,,,,
Ostküste,,,,,,
Redcare,,,,,,
Onliner,,,,,,
Marschflugkörpers Taurus,,,,,,
Kreis Haßberge,,,,,,
Ebelsbach,,,,,,
Petersburger Wirtschaftsforum,,,,,,
Bluetooth-Reichweite,,,,,,
Skihütten,,,,,,
Stadt Oldenburg,,,,,,
Funkturm,,,,,,
Makariw,,,,,,
Berliner Palais,,,,,,
Expertengesprächs,,,,,,
Messerstich,,,,,,
Eimsbüttel,,,,,,
Broderstorf,,,,,,
Taurus-Leck,,,,,,
i…,,,,,,
Hof,,,,,,
Betriebsschließungen,,,,,,
Rettungseinsatz,,,,,,
Vorgarten,,,,,,
Terrorliste,,,,,,
Klimowsk,,,,,,
Wechselkurs,,,,,,
Nadeschdin,,,,,,
Massenentlassungen,,,,,,
Fehlstart,,,,,,
Tierheim,,,,,,
Staatsbahn,,,,,,
Kasten,,,,,,
Lastwagens,,,,,,
Prothesen,,,,,,
Kremlmauern,,,,,,
Westeuropäern,,,,,,
Meer,,,,,,
Visselhövede,,,,,,
Bahnhof Gesundbrunnen,,,,,,
Investoren bullish,,,,,,
Energie-Ära,,,,,,
Kernkraftwerk Hinkley Point C,,,,,,
Esbjerg,,,,,,
Durchschnittshaushalt,,,,,,
Chirkow/Charkow,,,,,,
Bahnhof Berlin-Gesundbrunnen,,,,,,
Palästina-Konflikt,,,,,,
Migrations-Debatte,,,,,,
Landgericht Ingolstadt,,,,,,
Alltags-Rassismus,,,,,,
Stahl,,,,,,
Oblast Moskau,,,,,,
Klimastiftungs-Gutachten,,,,,,
schlimm,,,,,,
Schnee-Entzug,,,,,,
Armeebudget,,,,,,
Vorfalls,,,,,,
Wertstoffinsel,,,,,,
Australian Open,,,,,,
Raubmord,,,,,,
Minustemperaturen,,,,,,
Rechtsruck,,,,,,
Landkreis Wesermarsch,,,,,,
Eispanzer,,,,,,
Umweltminister,,,,,,
Dienstag Deutschland,,,,,,
Aug 11,,,,,,
Finanzhaus,,,,,,
Influencern,,,,,,
Turkstream-Pipeline,,,,,,
Israel-Iran-Krieg,,,,,,
Gaming-Bereich,,,,,,
Borissowskoje-Friedhof,,,,,,
Riesa,,,,,,
Verteidigungspläne,,,,,,
Combs-Anwesen,,,,,,
Golf von Oman +++,,,,,,
S. Stöber.</em,,,,,,
Kombibad Gropiusstadt,,,,,,
Russland-Handel,,,,,,
Petershagen,,,,,,
Winter-Wetter,,,,,,
Kiewer Militärangaben,,,,,,
Dr…,,,,,,
Aas,,,,,,
Insel Bornholm,,,,,,
Österreichern,,,,,,
Jesuitenpater,,,,,,
Pokrovsk,,,,,,
Heizkosten,,,,,,
Laserwaffen,,,,,,
Garaus,,,,,,
Russe,,,,,,
Jacken Sale,,,,,,
geomix,,,,,,
Klebe-Blockaden,,,,,,
Metro-Chef,,,,,,
Gastro-Sterben,,,,,,
ukrainischen Außenministeriums,,,,,,
Russlands Bevölkerungszahlen,,,,,,
Waldschwimmbad,,,,,,
Dorfladen,,,,,,
Demografie-Preis,,,,,,
Klimagasen,,,,,,
Vrbetice,,,,,,
Munitionslager,,,,,,
Bundesamtes für Sicherheit,,,,,,
Schimmel im Bad,,,,,,
Polit-Punk,,,,,,
Hitzewelle,,,,,,
Kältetelefon,,,,,,
Weltraumschrott,,,,,,
Gemeindebibliothek,,,,,,
Parka,,,,,,
Seniorenzentrum,,,,,,
SOS Méditerranée,,,,,,
Roten Meer +++ Iran,,,,,,
Drohnen-Trümmern,,,,,,
Fallout,,,,,,
Invalidenpark,,,,,,
Weihnachtsbaum-Produzenten,,,,,,
Klima-Hungerstreik,,,,,,
Orts Awdijiwka,,,,,,
Zitadelle Spandau,,,,,,
vernässen,,,,,,
Toulon,,,,,,
Dschenin,,,,,,
EU-Bürokraten,,,,,,
Masken-Deals,,,,,,
St. ,,,,,,
Exil-Russen,,,,,,
Tessin,,,,,,
Sila Sibiri,,,,,,
haben.weiterlesen,,,,,,
Vierwaldstättersee,,,,,,
US-Historiker,,,,,,
Museum für Angewandte Kunst,,,,,,
Huthi-Terroristen,,,,,,
Ampel-Kollegen,,,,,,
Geissens,,,,,,
Berl…,,,,,,
georgische Regierung,,,,,,
Großbrand,,,,,,
Zuger,,,,,,
Kreml-Funktionäre,,,,,,
Wohnklima,,,,,,
Bürokratenhölle,,,,,,
Russen-Ansturm,,,,,,
Kinschal,,,,,,
Internetleitungen,,,,,,
Gabel,,,,,,
Windkraft-Betrüger,,,,,,
US-Waffenhilfen,,,,,,
Hartmannsdorf,,,,,,
Arbeitslosenzahl,,,,,,
Wilhelmshaven Flüssigerdgas,,,,,,
Sulfurylfluorid,,,,,,
Energiepreis…,,,,,,
Edewecht,,,,,,
Shisha-Bar,,,,,,
Kälte-App,,,,,,
Neubiberg,,,,,,
Kriegseinsatz,,,,,,
Kessel,,,,,,
Washingtoner,,,,,,
Bundeswehr-Einsatz,,,,,,
Russisches Militärunternehmen,,,,,,
Doppel­be­steu­erungs­ab­kom­mens,,,,,,
AfD-Spitze,,,,,,
Mob,,,,,,
zukunftstauglich,,,,,,
Oktober-Wetter,,,,,,
Biomethan,,,,,,
Spieleherbst,,,,,,
TotalEnergies,,,,,,
Maisfeld,,,,,,
Motorrad-Event,,,,,,
arabischen Halbinsel,,,,,,
Apples,,,,,,
Birne,,,,,,
Stadt Cherson,,,,,,
Schondorf,,,,,,
Pensionen,,,,,,
Landsberger Landratsamt,,,,,,
"Bar ""Kultur",,,,,,
"Bahnhof""",,,,,,
Hochschwarzwald,,,,,,
Republika Srpska,,,,,,
Grad,,,,,,
Die Schweiz,,,,,,
Modekonzern,,,,,,
Gebietsabtretungen,,,,,,
<em>ARD-Sommerinterview</em,,,,,,
Geheimdienste,,,,,,
Gasmarkt in Europa,,,,,,
Putin-Selenskyj-Treffen,,,,,,
Oscar-Rennen,,,,,,
AfD-Forderungen,,,,,,
Nordthüringen,,,,,,
Windrädern,,,,,,
Donaueschingen,,,,,,
Liveblog,,,,,,
Munitions-Nachschub,,,,,,
Bosch-Tochter,,,,,,
Köder Banane - Äffchen,,,,,,
Wohngebieten,,,,,,
Nato-Partnern,,,,,,
Mittelmeer-Kurs,,,,,,
Taras-Schewtschenko-Park,,,,,,
Landkreis Ostallgäu,,,,,,
Gas-Deals,,,,,,
Mexikaner,,,,,,
Mama,,,,,,
Umweltrecht,,,,,,
Washington Optionen,,,,,,
Dom,,,,,,
Lincoln,,,,,,
Nato-Treffen,,,,,,
Nordafrika-Exklave,,,,,,
Autokonzernen,,,,,,
Afghanen,,,,,,
Marler,,,,,,
Klimazwillinge,,,,,,
Rentenlücke,,,,,,
Fed-Chef Powell,,,,,,
Europa-Park Rust,,,,,,
Nordbayern,,,,,,
Wald,,,,,,
pannengeplagt,,,,,,
Murmansk,,,,,,
Nationalflagge,,,,,,
Gülle,,,,,,
Hedgefonds,,,,,,
Cyber-Angriff,,,,,,
Condor,,,,,,
Museum für angewandte Kunst,,,,,,
Schülerinnen Schwangerschaftsprämie,,,,,,
Kerneuropäer,,,,,,
Ballon-Installation,,,,,,
Kunsthaus Minsk,,,,,,
Pakistans,,,,,,
Block 1,,,,,,
fränkischen Fürth,,,,,,
Gas-Soforthilfe,,,,,,
Nicht-Bedürftige,,,,,,
Gas-Soforthilfen,,,,,,
Intervision-Wettbewerb,,,,,,
ukrainischen Staat,,,,,,
Goris,,,,,,
Diskrepanz,,,,,,
Bezirk Tulln,,,,,,
Miran,,,,,,
Immobilienmarkt in Dubai,,,,,,
Stand-by-Modus,,,,,,
Assam,,,,,,
Verwaltungsgericht Gelsenkirchen,,,,,,
Südschwarzwald,,,,,,
Prädikatsweingütern,,,,,,
Finanzpolitik,,,,,,
Gasanschlüssen,,,,,,
Paket,,,,,,
Aug…,,,,,,
Vorarlbergs,,,,,,
Kriegsmüdigkeit,,,,,,
Greenpeace-Aktivisten,,,,,,
Bergnot,,,,,,
Verteidigungsministeriums Drohnen,,,,,,
Kroos,,,,,,
Co.,,,,,,
Spital,,,,,,
Nakba,,,,,,
Knochen-Kälte,,,,,,
Trump-Gesandter,,,,,,
Marktforschungsinstituts GfK,,,,,,
Thüringer Bergland,,,,,,
Alberta,,,,,,
Kälte-Tod,,,,,,
Bränden,,,,,,
Fort McMurray,,,,,,
US-Politiker,,,,,,
Oestrich-Winkel,,,,,,
armenische Regierung,,,,,,
Nakba-Tag,,,,,,
Abzocke,,,,,,
Rechtsradikalen,,,,,,
De…,,,,,,
Verwaltungsgericht Regensburg,,,,,,
Psychiatrie-Flucht,,,,,,
Mega-Krise,,,,,,
Regen,,,,,,
Hammer-Inflation,,,,,,
Bergsträsser,,,,,,
Notsituationen,,,,,,
West-Ukraine,,,,,,
Sparpotenzial,,,,,,
Betrugs,,,,,,
Bozner Platz,,,,,,
Schütze von Fürth,,,,,,
L'Aquila,,,,,,
Pegelstandes,,,,,,
Geisel,,,,,,
Cyber-Attacke,,,,,,
Gas-Mehrwertsteuer,,,,,,
m…,,,,,,
Kreis Steinfurt,,,,,,
Cottbuser,,,,,,
Oblast Kaluga,,,,,,
Abstur…,,,,,,
Redefin,,,,,,
Geiseldeal,,,,,,
Kap der,,,,,,
Sapad,,,,,,
Würzburger,,,,,,
Podoljak,,,,,,
Bosch Smart Home Heizkörperthermostat II,,,,,,
Bezirk Oberwart,,,,,,
Afrikanische Klima-Gipfel,,,,,,
Schwaz,,,,,,
St. Petersb…,,,,,,
Konfliktpotenzial,,,,,,
Bandenboss,,,,,,
Dead Island,,,,,,
Alexandroupoli,,,,,,
Nazi-Hetze,,,,,,
Wirtschaftsministerin Reiche,,,,,,
US-Minister,,,,,,
Berlin-Treptow,,,,,,
Balkans,,,,,,
Lüneburg,,,,,,
Luftraums,,,,,,
Hamas-Geheimdienstes,,,,,,
Luxus-Autobauer Porsche,,,,,,
Luftabwehrsystems,,,,,,
Eis Grönlands,,,,,,
Kamerun,,,,,,
Koblenz-Lützel,,,,,,
Golf…,,,,,,
Freiburg (Breisgau,,,,,,
Hessischen Staatstheater,,,,,,
Davidsterne,,,,,,
Reumannplatz,,,,,,
Nato-Ostgrenze,,,,,,
Spekulationen los,,,,,,
Immobilienkonzerns LEG,,,,,,
Essenbach,,,,,,
Ludwigslust-Parchim,,,,,,
Drohnenboote,,,,,,
Münchener Synagoge,,,,,,
Esa,,,,,,
Regierungschefin,,,,,,
München am…,,,,,,
Kempten,,,,,,
SPD-Europapolitiker,,,,,,
Bremer CO2-Hafenterminal,,,,,,
Schifffahrtsbranche,,,,,,
Nobelkomitee,,,,,,
Reformen,,,,,,
Konfliktregion Abchasien,,,,,,
Windsor,,,,,,
Hellersdorf,,,,,,
Berlin-Spandau,,,,,,
Rotem Meer,,,,,,
Landkreis Görlitz,,,,,,
Kerntechnik-Konzerne,,,,,,
Gas-Pipeline Balticconnector,,,,,,
Sparplänen,,,,,,
Ehrenamt,,,,,,
Fliß,,,,,,
Ozonloch,,,,,,
Nuklearversuchen,,,,,,
Vanessa Mai,,,,,,
UN-Menschenrechtsrat,,,,,,
Sozialkassen,,,,,,
Kahla,,,,,,
Energiearmut,,,,,,
Liberec,,,,,,
Striesener,,,,,,
Flüssiggas-Markt,,,,,,
Haus flattern,,,,,,
Putin-Trump-Gipfel,,,,,,
Walliser,,,,,,
Güterbahnhof bei Maschen,,,,,,
Pantanal,,,,,,
Furth im Wald,,,,,,
Mammutparteitag,,,,,,
Hildesheimer,,,,,,
Abwege,,,,,,
Wintertouristen,,,,,,
Verhältnisses zu Russland,,,,,,
Waffensystem,,,,,,
Einreisekontrolle,,,,,,
Hürtgenwald,,,,,,
Südwales,,,,,,
Halbmast,,,,,,
San José,,,,,,
Gaststätten,,,,,,
Bucha,,,,,,
Brandenburgs Kommunen,,,,,,
Angriffsmodus,,,,,,
Bestseller-Staubgebläse,,,,,,
pro-israelischste Land,,,,,,
Scham,,,,,,
Pestalozzistraße,,,,,,
Worms,,,,,,
Nachzahlungen,,,,,,
Öl-Kunden,,,,,,
Ostalbkreis,,,,,,
Oster-Feuerpause,,,,,,
Schmoll-Ecke,,,,,,
Glasfaser,,,,,,
Floater-Tarifen,,,,,,
Abhang,,,,,,
Rekordminus,,,,,,
Branitz,,,,,,
Nicaragua,,,,,,
Dönerfabrik,,,,,,
Völkermord,,,,,,
Einzelimmobilie,,,,,,
Fachleute,,,,,,
Warnsirenen am Toten Meer,,,,,,
Anti-Kriegs-Slogans,,,,,,
St. Petersburger Lebensmittelladen,,,,,,
Panzerbauer,,,,,,
Zoll-Deal,,,,,,
Schlüsselindustrien,,,,,,
Militär-Ausbau,,,,,,
Balaschicha,,,,,,
Drohnen-Kauf,,,,,,
Humboldt-Forum,,,,,,
Wetzikon,,,,,,
Kryptowährungs-Markt,,,,,,
Respektpreis,,,,,,
Tattoo-Studio,,,,,,
Ampel-Entscheidung,,,,,,
Kleinen Waffenschein,,,,,,
Chips,,,,,,
Shifa,,,,,,
Meeresgrund,,,,,,
Vidal-Quadras,,,,,,
Energieengpässen,,,,,,
Landgericht Lüneburg,,,,,,
EU-Beitrittsverhandlungen,,,,,,
Heizölpreis,,,,,,
Landwirten,,,,,,
Asyldebatte,,,,,,
Finnlands Grenze,,,,,,
Finanz-Riesen Blackrock,,,,,,
Treppe,,,,,,
Chongqing,,,,,,
Nordwestbahnhof-Gelände,,,,,,
Spa,,,,,,
LNG-Lieferanten,,,,,,
Startup Moss,,,,,,
Kie…,,,,,,
Landgericht Schweinfurt,,,,,,
Braga,,,,,,
Bremen-Huchting,,,,,,
Trailerparks,,,,,,
Ohmstraße,,,,,,
Skopje,,,,,,
Drohnenfabriken,,,,,,
Warstein,,,,,,
Republik…,,,,,,
Zwischenfall,,,,,,
Gerichtsgebäuden,,,,,,
Nowotscherskassk,,,,,,
Kredit,,,,,,
Beobacht…,,,,,,
Lingen an der Ems,,,,,,
Möhne,,,,,,
Krisenrunde,,,,,,
Mühlheim,,,,,,
Oldenburger Synagoge,,,,,,
Hafen Hudaida,,,,,,
Wirtschaftsleben,,,,,,
Hilfesuchenden,,,,,,
Bolschoi Theaters,,,,,,
Bolschoi-Chef,,,,,,
Hauptplatz,,,,,,
Großen Preis von Berlin,,,,,,
Skiurlaub,,,,,,
Obst,,,,,,
Ramadan,,,,,,
US-Soldaten,,,,,,
Konrad,,,,,,
Kälte,,,,,,
ma…,,,,,,
Schwellenländern,,,,,,
Ruka,,,,,,
Probe-Abo,,,,,,
Gedenkfeiern,,,,,,
Vermittlungsversuche Pekings,,,,,,
Holz,,,,,,
Bußprediger,,,,,,
Loipe,,,,,,
Skilangläufer,,,,,,
Odess…,,,,,,
Stadt Odinzowo,,,,,,
Wangen im Allgäu,,,,,,
Eis schmilzt,,,,,,
Komfort,,,,,,
Gebieten Donezk,,,,,,
Marktzinsen,,,,,,
Stadtgrün,,,,,,
russ…,,,,,,
nordostukrainischen Stadt,,,,,,
Wirtschaftsweise Prof. Veronika Grimm,,,,,,
Wirtschaft,,,,,,
Wimbledon,,,,,,
Fritsch,,,,,,
Wassergraben,,,,,,
Rentenerhöhungen,,,,,,
Kenias,,,,,,
Neuland,,,,,,
Vierbeiner,,,,,,
Wirtschaftsabkommen,,,,,,
Streusalz,,,,,,
Logistikzentren,,,,,,
Gastro-Mehrwertsteuer,,,,,,
Taktik,,,,,,
Cybercrime-Bande,,,,,,
Lieferant,,,,,,
Südgaza,,,,,,
Kriegs-Gedenken,,,,,,
Angreifern,,,,,,
Samstagnachmitta…,,,,,,
Frankfurter Römer,,,,,,
Kriegsgefangenenlager,,,,,,
Columbine,,,,,,
Widersprüchen,,,,,,
Hungerproblem,,,,,,
Straße in Saarbrücken,,,,,,
Umweltverbände,,,,,,
Podcast-Folgen,,,,,,
Wärmegesetz,,,,,,
Kunstmuseum,,,,,,
Rumäne,,,,,,
Finanztip,,,,,,
Bulawa,,,,,,
Waffen-Konzernen,,,,,,
Football-Podcast,,,,,,
Land am Hindukusch,,,,,,
Kopfzerbrechen,,,,,,
Solarpanelen,,,,,,
Krefelder,,,,,,
Tesla-Fahrern,,,,,,
Supercharger,,,,,,
Grüne Savanne,,,,,,
Winteranfang,,,,,,
Uno-Klimakonferenz,,,,,,
Ex-Jugoslawien,,,,,,
Kaffee-Genießer,,,,,,
Sportstreaming-Segment,,,,,,
Herzstillstand,,,,,,
Ängste,,,,,,
Aug 25,,,,,,
Groningen,,,,,,
Klima-Sondervermögen,,,,,,
Schützenverein,,,,,,
Zins-Bogen,,,,,,
Schöntal,,,,,,
Schöneberger,,,,,,
Pähler,,,,,,
Liquiditätsbedingungen,,,,,,
Donbass-Regionen Luhansk,,,,,,
Nowitschok-Naturtalent,,,,,,
Frankfurter Allee,,,,,,
Transfrau,,,,,,
Eishalle,,,,,,
Geldautomatensprengungen,,,,,,
Selenskyjs Händen,,,,,,
Reichling am Ammersee,,,,,,
Gasdeal,,,,,,
Aktienkurse,,,,,,
Dorfs Nowomychajliwka,,,,,,
Sturzfluten,,,,,,
Russlands Nordmeerflotte,,,,,,
Altertheim,,,,,,
Wall-Street-Wahnsinn,,,,,,
Rundfunkgebühren,,,,,,
Steakhaus-Millionärin,,,,,,
Bundeswehr-General,,,,,,
Walerij Saluschnyj,,,,,,
Rüssel,,,,,,
Hamas-Terroristen,,,,,,
Katar-Deal,,,,,,
Hisbollah-Chef,,,,,,
Iwano-Frankiwsk,,,,,,
Supermarktkunden,,,,,,
MESZ,,,,,,
Lieferkürzungen,,,,,,
Werte,,,,,,
Tank,,,,,,
E1,,,,,,
Hispaniola,,,,,,
Handlungsdruck,,,,,,
Thüringer AfD-Mitglieder,,,,,,
Kalabrien,,,,,,
Enel,,,,,,
Martinskirchstraße,,,,,,
Weißem Haus,,,,,,
Hummelsbüttel,,,,,,
Grunewald,,,,,,
Xanten,,,,,,
Psychologen,,,,,,
Cisco,,,,,,
Riesenunterschiede,,,,,,
Genossen,,,,,,
Stichtag 31,,,,,,
Sbrechnungen,,,,,,
Gazastreif…,,,,,,
Gasturbinen-Kraftwerke,,,,,,
Schulungen,,,,,,
Datenleck,,,,,,
Umweltpartei,,,,,,
Bad Salzuflen,,,,,,
Obersten Gericht,,,,,,
Marl-Polsum,,,,,,
Pendlerpauschale,,,,,,
Eppingen,,,,,,
Stammesföderation,,,,,,
Tenochtitlán,,,,,,
Atomkraftwerk Isar,,,,,,
Auskunftei Creditreform,,,,,,
Doppel-Wumms,,,,,,
Mühlenkampkanal,,,,,,
Gasprom,,,,,,
NATO-Land,,,,,,
Ermittlern,,,,,,
Bombenschutzkellern,,,,,,
Schnee-Maps,,,,,,
Gaza-Klinik,,,,,,
Zukunftsfonds,,,,,,
Berliner Grünen-Abgeordneter,,,,,,
Nadelbaumbestand,,,,,,
Waldumbau,,,,,,
Ankunft,,,,,,
Mitteleuropäer,,,,,,
Kiwala,,,,,,
Malle,,,,,,
Yokohama,,,,,,
Nachrichtenflut,,,,,,
Flammenmeer,,,,,,
Halleschen Wirtschaftsgespräche,,,,,,
BVG,,,,,,
Parl…,,,,,,
Sex-Angriff,,,,,,
niedersächsische Oberverwaltungsgericht,,,,,,
Strukturreformen,,,,,,
Bedrohungen,,,,,,
Kronberg,,,,,,
Extra-Feiertag,,,,,,
Rantisi-Krankenhauses,,,,,,
Kinderklinik,,,,,,
Kapitalmarktunion,,,,,,
Haus am See,,,,,,
Ukraine-Landkarte,,,,,,
Pawlo Riabikin,,,,,,
Deepfake,,,,,,
Geiranger,,,,,,
Trump-Putin-Gipfel,,,,,,
Plenum,,,,,,
Spielregeln,,,,,,
Getränken,,,,,,
Bad Säckingen,,,,,,
Mitt…,,,,,,
Landkreis Göttingen,,,,,,
Einhorn-Status,,,,,,
Landtagen,,,,,,
Freistaat Sachsen,,,,,,
NATO-Mitglied Rumänien,,,,,,
Lefkada,,,,,,
Rubel,,,,,,
Stadt Lübeck,,,,,,
Ostermärschen,,,,,,
Psychiatrie-Fluchten,,,,,,
Rettungsstelle,,,,,,
Bad Krozingen,,,,,,
Atomkraftwerk Isar 2,,,,,,
Luxemburg…,,,,,,
Abnutzungsschäden,,,,,,
Karies,,,,,,
rigid,,,,,,
Iran-Ultimatum,,,,,,
Mykolajiwka,,,,,,
Lautsprecher,,,,,,
Enkelin,,,,,,
Opa,,,,,,
Czernowitzer Literaturfestival,,,,,,
Nato-Pläne,,,,,,
Abgeordnetenhauses von Tennessee,,,,,,
Hamas-Ziele,,,,,,
Winterreifen,,,,,,
Reifenwechsel,,,,,,
Box-Weltmeister,,,,,,
Reaktorgebäudes,,,,,,
Klick-Coupon,,,,,,
Osterferien,,,,,,
Rohstoffmärkten,,,,,,
Kernkraftwerk Brunsbüttel,,,,,,
Magnolien,,,,,,
Unterstützer Russlands,,,,,,
"Straße von Hormus ""Straße von Trump",,,,,,
krisenfest,,,,,,
Tschechen,,,,,,
Bahnhof Dornbirn,,,,,,
Bahnhof in Dornbirn,,,,,,
Rohstoffen,,,,,,
nordrhein-westfälischen Hagen,,,,,,
Festlegungen,,,,,,
Königsteiner Schlüssel,,,,,,
Schiermonnikoog,,,,,,
Grundversorgungs-Tarifen,,,,,,
Kraftstoffsteuer,,,,,,
Ukraine-Kontaktgruppe,,,,,,
Jahidne,,,,,,
Militärkrankenhaus,,,,,,
Eislaufen,,,,,,
südeuropäischen Land,,,,,,
Land Atomwaffen,,,,,,
Torfhaus,,,,,,
Russlands Staatsduma,,,,,,
Ukraine-Botschafter,,,,,,
Suzuka,,,,,,
Freistaates Sachsen,,,,,,
Aktienkurs von Manz,,,,,,
Govee,,,,,,
Eisenach,,,,,,
Oberstes Gericht,,,,,,
Schweriner Landtags,,,,,,
Autoversicherungen,,,,,,
Dnipro</li><li,,,,,,
Atombehörden-Chef Kotin,,,,,,
Lichtblicke,,,,,,
Preismodelle,,,,,,
Oxfam,,,,,,
Altenheim,,,,,,
Schlusslicht,,,,,,
schwerstverletzt,,,,,,
Sparkurs,,,,,,
Luxus-Kooperationen,,,,,,
Militärangehörigen,,,,,,
Swarovski,,,,,,
Ungarns Veto,,,,,,
Milliarden-Finanzhilfen,,,,,,
Lützeraths,,,,,,
Rasswet,,,,,,
Porzellanfirma,,,,,,
Bredouille,,,,,,
Die Vereinigten Staaten,,,,,,
Norditalien,,,,,,
Jogger,,,,,,
Havarie,,,,,,
Libanons Israel,,,,,,
Lebensgefährliche Messerattacke,,,,,,
Bilderbuch-Album,,,,,,
Köln-Nippes,,,,,,
Berner,,,,,,
Kobane,,,,,,
US-Datenleck,,,,,,
Hamburg-St,,,,,,
Starlink-Terminals,,,,,,
Buchläden,,,,,,
Gas-Not,,,,,,
Verlagen,,,,,,
Walkie-Talkies,,,,,,
Pager,,,,,,
Teruel,,,,,,
Helvetia,,,,,,
Strausberg,,,,,,
Vulkanausbruch,,,,,,
Trentino,,,,,,
Ex-NATO-Oberbefehlshaber,,,,,,
Kreuzwegprozession,,,,,,
Sorgenkind,,,,,,
Branchen,,,,,,
Zagreb,,,,,,
Industrie-Umbaus,,,,,,
Haus & Grund,,,,,,
E…,,,,,,
Vorwahl-Getümmel,,,,,,
Wohnungsbaus,,,,,,
Baugenehmigungen,,,,,,
Starnberger Amtsgerichts,,,,,,
Fashion Week,,,,,,
Germany,,,,,,
Sächsische Städte- und Gemeindetag,,,,,,
Deutschlands Fleischkonsum,,,,,,
Zögerns,,,,,,
US-Klimapolitik,,,,,,
Palästinensern,,,,,,
Liveblog Russlands,,,,,,
Marines,,,,,,
Arminia,,,,,,
Lengenfeld,,,,,,
Handwerkern,,,,,,
Klimazielen,,,,,,
Indiskretion,,,,,,
Sparkasse,,,,,,
Staudamm-Sprengung,,,,,,
Chaos-Rennen,,,,,,
US-Präsidentschaftskandidat,,,,,,
Ostfriesland,,,,,,
Volksentscheid,,,,,,
Scherben,,,,,,
Brüssel/Wien,,,,,,
Okhmatdyt,,,,,,
Militäroffensive,,,,,,
Tunesiens,,,,,,
Verkehrswege,,,,,,
Sondertribunal,,,,,,
Westminster,,,,,,
Eskalationspanik,,,,,,
Stadt Paks,,,,,,
Countdown,,,,,,
Berufslebens,,,,,,
Jahrest…,,,,,,
Rentenalter,,,,,,
Luft-Luft-Wärmepumpe,,,,,,
Beobachtungsstelle greenwashed,,,,,,
Küstengewässer,,,,,,
Kleinverbrauchern,,,,,,
Landkreis Mittelsachsen,,,,,,
Lieferung von Kampfpanzern,,,,,,
Buttersäure-Angriff,,,,,,
Corona-Regeln,,,,,,
Herbstkälte,,,,,,
Showdown,,,,,,
europäische Staaten,,,,,,
Mümmelmannsberg,,,,,,
Vorreiter Dänemark,,,,,,
Bundesbürgerinnen,,,,,,
Straße von Hormus…,,,,,,
Fort Sill,,,,,,
Betreiberfirma,,,,,,
Lenovo-Tablet,,,,,,
MVV-Gebiet,,,,,,
Helldivers,,,,,,
Waffenruhe-Vereinbarung,,,,,,
Tromsø,,,,,,
Experten wittern,,,,,,
Anti-Gas-Protest,,,,,,
Reederverband,,,,,,
Stadt Nikopol,,,,,,
Kriegspartei,,,,,,
Ausstellen von Invaliditätsbescheinigungen,,,,,,
Achtelfinal-Kurs,,,,,,
Waffenruhe-Ankündigung,,,,,,
Ultimatums,,,,,,
Mantel,,,,,,
Kohleprotest,,,,,,
US-Ultimatums,,,,,,
Kiew Winterhilfe,,,,,,
Putin-Vertraute,,,,,,
Sirenen,,,,,,
Davos Klimagerechtigkeit,,,,,,
Lan…,,,,,,
Berg,,,,,,
Neuer NATO-Chef Rutte,,,,,,
Potsdamer Platz,,,,,,
Schlottern am Berg,,,,,,
Putin-Haftbefehl,,,,,,
Zeitraffer,,,,,,
Baden im Eiswasser,,,,,,
Erdölinsel,,,,,,
Erzeugerpreis,,,,,,
Landkreis Teltow-Fläming,,,,,,
US-Militärbasis,,,,,,
Scholz-Rede,,,,,,
Hisbollah-Kämpfer,,,,,,
Klitschko-Brüder,,,,,,
Atomwaffen-Einsatz,,,,,,
Notunterkünfte,,,,,,
Hahnöfersand,,,,,,
Möbelhersteller,,,,,,
Tasci,,,,,,
Chefposten,,,,,,
Trophäenschrank,,,,,,
Quebecs,,,,,,
Flugbenzin,,,,,,
Mittelgebirge,,,,,,
Herbst,,,,,,
Trafigura,,,,,,
Zerreißprobe,,,,,,
Rettung von Domo,,,,,,
Amt…,,,,,,
Flachgau,,,,,,
klimas…,,,,,,
Quimbaya-Schatz,,,,,,
te…,,,,,,
Maghreb-Staat,,,,,,
Wildtierstation,,,,,,
Lupinenkaffee,,,,,,
Bio-Preis,,,,,,
Straße von…,,,,,,
Schalke,,,,,,
Champions-League-Kurs,,,,,,
Tyros,,,,,,
Demokratien,,,,,,
Verbraucherschutz,,,,,,
Hizbullah-Hauptquartier,,,,,,
Kroatiens,,,,,,
Minderheitenfrage,,,,,,
Beiruter,,,,,,
Kola,,,,,,
Baum,,,,,,
Flucht,,,,,,
Rettungsleitstelle,,,,,,
<em>,,,,,,
Wuhledar Frontgebiet,,,,,,
Grossi,,,,,,
Verkehrsunfall,,,,,,
besetzten Halbinsel,,,,,,
Oligarch,,,,,,
Ukraine g,,,,,,
Dannenwalde,,,,,,
Diesel-Preis,,,,,,
Opel-Werk,,,,,,
Vulcan,,,,,,
Atomwaffen,,,,,,
Zeitfenstern,,,,,,
Denkfabrik Copenhagen Consensus Center,,,,,,
Kriegsheimkehrer,,,,,,
Königreich von Iran,,,,,,
Klima-Investitionen,,,,,,
Pleitewelle bei Krankenhäusern,,,,,,
Rucksack,,,,,,
Innovationspreis Thüringen,,,,,,
Luftraums für Iran-Kriegseinsätze,,,,,,
Speichermedien,,,,,,
Öl-Klemme,,,,,,
Hamburgs Hauptbahnhof,,,,,,
Helium-Engpässen,,,,,,
Tagebau Garzweiler,,,,,,
Fed,,,,,,
Sachen Ukraine-Krieg,,,,,,
Goldes,,,,,,
Zielgeraden,,,,,,
Notsituation,,,,,,
Kiew…,,,,,,
Qantas,,,,,,
coronamüde,,,,,,
Quadfahrer,,,,,,
Eiffelturm,,,,,,
US-Influencer,,,,,,
Elektro-Subventionen,,,,,,
Großanlagen,,,,,,
Penzberg,,,,,,
südsudanesischen Regierung,,,,,,
Inflationsdaten,,,,,,
Preußen,,,,,,
Sudan-Konflikt,,,,,,
Hypothek,,,,,,
Vogel-Kolonien,,,,,,
Windeseile,,,,,,
Jens,,,,,,
Klimaschutz-Projekte,,,,,,
Kyjiwer Höhlenklosters,,,,,,
Statistische Bundesam…,,,,,,
Zinserhöhungen,,,,,,
U21,,,,,,
Amtswechsel,,,,,,
Abnehmspritze,,,,,,
Gastransit-Streit,,,,,,
Exportboom,,,,,,
Nordostafrika,,,,,,
Neu-Isenburg,,,,,,
Niedersachs…,,,,,,
digitalisierungsschwach,,,,,,
Ölreserven,,,,,,
Bundesbankchef,,,,,,
Versorger,,,,,,
beunruhigendem,,,,,,
Holstein-Krise,,,,,,
Hamburg-Altona,,,,,,
Landkreis Reutlingen,,,,,,
Präsidialamts,,,,,,
WiWo-Redaktion,,,,,,
Klima-Bemühungen,,,,,,
Bru…,,,,,,
Campingurlaub,,,,,,
Kaffeemaschine,,,,,,
Kabinettswechsel,,,,,,
Landsberg am Lech,,,,,,
Nachbarhaus,,,,,,
Versorgungsengpass,,,,,,
St. Anton,,,,,,
Hamburg-Wandsbek,,,,,,
Niu-Jork,,,,,,
Industrieregion Dnipropetrowsk,,,,,,
Djibouti,,,,,,
Hacker-Angriffes,,,,,,
Übergangsfrist,,,,,,
Khartum am Sonntag,,,,,,
japanischen Regierung,,,,,,
Langau,,,,,,
Schütze von München,,,,,,
Erneuerbaren-Ausbau,,,,,,
Krim-Angriff,,,,,,
Erneuerbaren-Sparte,,,,,,
Klartext,,,,,,
Landgericht Augsburg,,,,,,
H5N1-Virus,,,,,,
Milliardenrisiko,,,,,,
Südpolarmeer,,,,,,
Strommix,,,,,,
Open-Air-Konzert,,,,,,
Kriegswoche,,,,,,
Ramsan Kadyrow,,,,,,
eigenen Land,,,,,,
Russland-Sabotage,,,,,,
Schoko-Inflation,,,,,,
Saalfelden,,,,,,
Berliner Verwaltung,,,,,,
Bundesverteidigungsminister,,,,,,
Desinformation,,,,,,
Corona-Welle,,,,,,
Naturkostläden,,,,,,
Bergen-Enkheim,,,,,,
Euböa,,,,,,
Firmengewinne,,,,,,
Bahnhof von Wunstorf,,,,,,
Niedersachen,,,,,,
Potsdamer Bohrplatz,,,,,,
Klima-Geld,,,,,,
Ölmulti Total,,,,,,
Königsberg,,,,,,
Ostpreußens,,,,,,
Abstand,,,,,,
Dessau-Roßlau,,,,,,
Mos…,,,,,,
Skyguard/Aspide,,,,,,
Hamburg-Billstedt,,,,,,
Kulturpromis,,,,,,
Istanbuler,,,,,,
Ungarn…,,,,,,
Volksverdikt,,,,,,
Verteidigungskreisen,,,,,,
Turkmenistan,,,,,,
Mordopfern,,,,,,
Zensur,,,,,,
Ulaanbaatar,,,,,,
Ökoworld,,,,,,
Gefängnis-Fluchtversuch,,,,,,
IFA-Tage,,,,,,
ur-grünen,,,,,,
New Yorker Starökonom,,,,,,
Reformhäuser,,,,,,
Hamas-Waffenbeschaffern,,,,,,
Corona-Hilfefonds,,,,,,
Gasverbrauch,,,,,,
Geschehens,,,,,,
Schieferöl-Revolution,,,,,,
ifo-Institut,,,,,,
Sozial-Bündnis,,,,,,
Imago,,,,,,
Bahnhofstraße,,,,,,
Rotenburg,,,,,,
BraLa,,,,,,
Krim-Annexion,,,,,,
Bettdecke einmummeln,,,,,,
Tendenz,,,,,,
Drohnenangriffen Russlands,,,,,,
Kraftwerks Konakowo,,,,,,
Berlin-Prenzlauer Berg,,,,,,
Kretschmer,,,,,,
Teheran Israel,,,,,,
Prigoschin-Kritik,,,,,,
Mersin,,,,,,
Verbraucherzentrale,,,,,,
Republik Indien,,,,,,
Duisburger Innenstadt,,,,,,
Dschihadistenmiliz Islamischer Staat,,,,,,
Badegast,,,,,,
Wahltag,,,,,,
UN-Sonderberichterstatterin,,,,,,
Bundesstraße 7,,,,,,
Rüstungs-Deals,,,,,,
Batterien,,,,,,
Waffenkonzerne,,,,,,
Spritpreise,,,,,,
Landkreises Starnberg,,,,,,
Jerusalems,,,,,,
Umweltschutz-Organisation,,,,,,
Online-Netzwerken,,,,,,
Oleg Sinegubow,,,,,,
Landkreis Vorpommern-Rügen,,,,,,
Eisbergen,,,,,,
Fitnessstudio,,,,,,
Liveblog Ukraine,,,,,,
Blankenese,,,,,,
Ernergien,,,,,,
+++ Arktische Seen trocknen,,,,,,
Seegras,,,,,,
St. Gallen,,,,,,
Atomkraft-Debatte,,,,,,
Glacier,,,,,,
Strömen,,,,,,
Regierungsgebäude,,,,,,
Lichtschweif,,,,,,
Kiew +++ Dänemark,,,,,,
Langstreckenwaffen,,,,,,
Kriegsmodus,,,,,,
Hotelzimmer,,,,,,
Scheinverhandlungen,,,,,,
Bundeskriminalamt,,,,,,
Pagern,,,,,,
Netto-Exporteur,,,,,,
Angriffspläne,,,,,,
Russlands Pazifikflotte,,,,,,
Manövers,,,,,,
Ukraine-Entwicklungen,,,,,,
Energiekrisen,,,,,,
Sosniwka,,,,,,
Ålandinseln,,,,,,
Shmyhal,,,,,,
Turnus,,,,,,
Buckingham Palace,,,,,,
Gas-Alarmzustand,,,,,,
Wiesn-Start,,,,,,
Ost-Ukraine,,,,,,
Wasserkraftwerks Kachowka,,,,,,
Tschechiens,,,,,,
Sparta,,,,,,
Pentagon-Leaks,,,,,,
Autopreise,,,,,,
Dehoga-Chef,,,,,,
Taiwan-Konflikt,,,,,,
Schlotheim,,,,,,
Messegelände,,,,,,
Juliaca,,,,,,
Lesbos,,,,,,
Staatsfernsehens,,,,,,
Westsahara,,,,,,
Südafrikaner,,,,,,
Moskauer Bolschoi,,,,,,
Orts Kfar Schuba,,,,,,
Badelatschen,,,,,,
Permafrostgebiet,,,,,,
Atomkrieg,,,,,,
Landkreis Wolfenbüttel,,,,,,
Aufbruchs,,,,,,
Verkehrsmitteln,,,,,,
Universität Innsbruck,,,,,,
Tolstoi,,,,,,
Grampians-Nationalpark,,,,,,
US-Bundestsstaates,,,,,,
Wüste,,,,,,
Auswärtige Amt Russland,,,,,,
Geschichtsbücher,,,,,,
wichtigen Straße von Hormus,,,,,,
nordostafrikanischen Land,,,,,,
Öltransporten,,,,,,
Rechnungshofs,,,,,,
Rechtsmittel,,,,,,
Hauptbahnhof von,,,,,,
Wiesbadens,,,,,,
CDU-Ministerpräsident Wüst,,,,,,
Hauptbahnhof Karlsruhe,,,,,,
Pazifikküste,,,,,,
Gewalt-Statistiken,,,,,,
kalifornischen Regierung,,,,,,
Raps,,,,,,
Zielscheibe,,,,,,
Alexander Owetschkin,,,,,,
Kursen,,,,,,
bai,,,,,,
Gesundheitsminister,,,,,,
Schnurrbärte,,,,,,
Schiefergestein,,,,,,
Luxus-Urlaub,,,,,,
Taybeh,,,,,,
Uniklinik Magdeburg,,,,,,
Stunden,,,,,,
Magdeburg-Attacke,,,,,,
Rohstoffhandel,,,,,,
Bezirk Villach-Land,,,,,,
slowakische Regierung,,,,,,
Rhein-Hunsrück-Kreis,,,,,,
Ahoi Kreuzfahrt-Piraten,,,,,,
☠,,,,,,
Liwa,,,,,,
Parlamentes,,,,,,
Sudanesen,,,,,,
Kampfjet,,,,,,
Irritation,,,,,,
Oscar-Gala,,,,,,
Stadt Konotop,,,,,,
Xi,,,,,,
Nordfrankreich,,,,,,
Bausektor,,,,,,
Dobropillia,,,,,,
Fars,,,,,,
F.A.Z.-Informationen,,,,,,
Bundesinnenministerin,,,,,,
Ifo-Index,,,,,,
Terrorismus,,,,,,
Reiche,,,,,,
lieÃŸen,,,,,,
Makijwka,,,,,,
Darf,,,,,,
Rotenburger Innenstadt,,,,,,
Ausstellungsjahres,,,,,,
Schicksalstunden,,,,,,
Thüringer Landtagswahl am Sonntag,,,,,,
Isartal,,,,,,
Ukraine-Verein,,,,,,
Wetzlar,,,,,,
Balingen,,,,,,
Oerlikon,,,,,,
Wachstumszwang,,,,,,
Diesel-Autos,,,,,,
Landes NRW,,,,,,
Heizungssektor,,,,,,
Google,,,,,,
Roten Rathaus,,,,,,
Stadt Selydowe,,,,,,
Einschlägen,,,,,,
Hilfsgelder,,,,,,
Icking,,,,,,
Volksrepublik Russland,,,,,,
unwillkommener,,,,,,
Perm,,,,,,
Strabag,,,,,,
Häfen,,,,,,
Investmentfonds,,,,,,
Simplebanking,,,,,,
KI-Anbindung,,,,,,
Bitcon-Preise,,,,,,
Luftverkehrssteuer,,,,,,
Regionalbahn,,,,,,
Güstrow,,,,,,
wegverhandeln,,,,,,
GfK-Konsumlaune,,,,,,
Erholungskurs,,,,,,
US-Pentagon,,,,,,
Lieferprobleme,,,,,,
geschlossene Straße von Hormus,,,,,,
Livebl…,,,,,,
Reverion,,,,,,
Wohnzimmer,,,,,,
Asylcontainer,,,,,,
Tutzinger,,,,,,
Au…,,,,,,
Weihnachtspäckchen,,,,,,
Jung,,,,,,
Peking Zusammenhalt,,,,,,
Los,,,,,,
Stadt Borkum,,,,,,
Fußball-Bundesligisten,,,,,,
Wirtschaftsinteressen,,,,,,
Öl-Sanktionen,,,,,,
EZB-Präsidentin,,,,,,
HMM Namu,,,,,,
Geräuschpegel,,,,,,
Pekings,,,,,,
Fairford,,,,,,
Einmarschs Russlands,,,,,,
Parkhauses,,,,,,
Iran Straße von Hormus,,,,,,
Industrien,,,,,,
Dubai International Financial Centre,,,,,,
DIFC,,,,,,
Hisbollah-Terroristen,,,,,,
Sparkassenverbands Westfalen-Lippe,,,,,,
Schiffsverkehrs in der Straße von Hormus,,,,,,
Teilrepublik Baschkortostan,,,,,,
Somalias,,,,,,
Rekord-Geländegewinne,,,,,,
Two Circles,,,,,,
Atom-Zwischenlagern,,,,,,
Herzogenaurach,,,,,,
Dissens,,,,,,
Banküberfall,,,,,,
Toilettenpapier,,,,,,
Zentrum von Cherson,,,,,,
Löhne in Deutschland,,,,,,
Windpark,,,,,,
Stadt Freising,,,,,,
Heiz…,,,,,,
Mär,,,,,,
Leitzinses,,,,,,
Arik-Brauer-Preis,,,,,,
Kaufkraft,,,,,,
Arbeitskreises,,,,,,
Dschihadisten-Milizen,,,,,,
Sommerquartal,,,,,,
SPD-Chefin Esken,,,,,,
Parteiangaben,,,,,,
Militärkreisen,,,,,,
Genexco,,,,,,
SPD-Bezirks Hannover,,,,,,
Tunis,,,,,,
Brjansk Terror,,,,,,
Bamako,,,,,,
Ukraine au,,,,,,
Friedensfreunden,,,,,,
Premierministerin,,,,,,
Elektroheizungen,,,,,,
Anti-Terror-Regeln,,,,,,
Produktionskapazitäten,,,,,,
Milliardenlochs,,,,,,
Haus des Attentäters,,,,,,
Schreckschusswaffe,,,,,,
Siri,,,,,,
Oberhavel,,,,,,
Bau-Turbo,,,,,,
Beobachtungsstelle,,,,,,
Schaeffler,,,,,,
türkischen Verteidigungsministeriums,,,,,,
Winterprognosen,,,,,,
Vorstoß Pekings,,,,,,
Geldanlage Global,,,,,,
Milliarden-Höhe,,,,,,
Indien-Beziehungen,,,,,,
Wirecard-Managers,,,,,,
Marsalek,,,,,,
Geldes,,,,,,
Gasmangellage,,,,,,
Euroraums,,,,,,
Branchenexperten,,,,,,
Wohnungsbaukonzern,,,,,,
Schenkungssteuer-Streitfall,,,,,,
Salz-Standort,,,,,,
Zweiter Platz,,,,,,
Kita-Preis,,,,,,
Finanz-Award,,,,,,
Württemberg,,,,,,
Klimaerhitzer,,,,,,
Kriegsgeschehens,,,,,,
Krim-Rückgabe,,,,,,
Zwölf-Punkte-Plan,,,,,,
Republik Tschad,,,,,,
Einzelfälle,,,,,,
Industrievertretern,,,,,,
Mittelplate,,,,,,
Tempelhofer Damm,,,,,,
belarussisch-ukrainische Grenze,,,,,,
Landkreis Tirschenreuth,,,,,,
Österreichs Regierung,,,,,,
Republik Kosovo,,,,,,
Aldi,,,,,,
Munitionsfabriken,,,,,,
Gießener,,,,,,
parteiinterner,,,,,,
Sportministerien,,,,,,
Ölstaaten,,,,,,
Mikolaijev,,,,,,
Hauptbestands,,,,,,
Polen</li><li,,,,,,
Klimakonfernz,,,,,,
Brennstoff,,,,,,
Sturm Graz,,,,,,
Katars,,,,,,
Radon,,,,,,
Selbstbewusstsein,,,,,,
Römer,,,,,,
Nahost-Ländern,,,,,,
Volksrepublik China,,,,,,
Abwasser,,,,,,
Minsker,,,,,,
US-Staatschef,,,,,,
IAEA-Chef,,,,,,
Jahrzehnts,,,,,,
Trump China,,,,,,
Stralsunder,,,,,,
Raketenteilen,,,,,,
Storm-Shadow-Raketen,,,,,,
Surfbrettern,,,,,,
Delray Beach,,,,,,
Schützenminen,,,,,,
Regionalkommandos Centcom,,,,,,
Lettlands Regierung,,,,,,
Nachholbedarf,,,,,,
Waffenschmiede,,,,,,
Trumps Zollpläne,,,,,,
West,,,,,,
Rekordzahl,,,,,,
Berlinwahl,,,,,,
Strategiepapier,,,,,,
Kiew</li><li,,,,,,
Kreml-Vertrauten,,,,,,
Nordbrücke,,,,,,
Bundesverteidigungsministers,,,,,,
Yamoussoukro,,,,,,
US-Entwurf,,,,,,
Eskalations-Optionen Russland,,,,,,
Hochlagen,,,,,,
Brasilianer,,,,,,
Landkrimi,,,,,,
Beit Lahiya,,,,,,
Lux…,,,,,,
Disco,,,,,,
Schönefeld,,,,,,
Schlaatz,,,,,,
Stern,,,,,,
Selenskij-Besuch,,,,,,
Fluktuation,,,,,,
Datenkabeln,,,,,,
Stadt Alexejewka,,,,,,
Kilchberg,,,,,,
Raffinerie,,,,,,
Tawria,,,,,,
Schwarzen Madonna von Einsiedeln,,,,,,
Iniu,,,,,,
Bewegung,,,,,,
Staatsfonds,,,,,,
KI-Ausbaus,,,,,,
High-End,,,,,,
Podium sitz…,,,,,,
syrischen Stadt,,,,,,
Montana,,,,,,
Mitgliederrekord,,,,,,
US-Marineeinsatz,,,,,,
Hormus-Krise,,,,,,
Syrischen Beobachtungsstelle für Menschenrechte,,,,,,
Wasserstrassen,,,,,,
Güterhandel,,,,,,
Weltkl…,,,,,,
Khan-Netzwerks,,,,,,
Buckower Damm,,,,,,
Großen Halle des Volkes begrüß…,,,,,,
Atomkraft-Befürwortern,,,,,,
Bad Füssing,,,,,,
Dieselreserven,,,,,,
Thwaites-Gletscher,,,,,,
Autobranche,,,,,,
Bestseller-Laptopständer,,,,,,
Vorkriegsniveau,,,,,,
Brauneck-Bergbahn,,,,,,
Neubauwohnungen,,,,,,
Oberhaus,,,,,,
Kuscheldecken,,,,,,
Kölner Landgericht,,,,,,
PO,,,,,,
Millionenbeträge,,,,,,
Dreierbündnisses,,,,,,
Russland-Debatte,,,,,,
Moskau/Kiew,,,,,,
Formentera,,,,,,
Industrieländer,,,,,,
Wohnmobilen,,,,,,
Gaslobby,,,,,,
Rein,,,,,,
Milieudefensie,,,,,,
Motorradrockern,,,,,,
Massen auf die Jecken niederprasseln,,,,,,
Gender-Fragen,,,,,,
El Paso,,,,,,
Schmölln,,,,,,
Limbo,,,,,,
Temelin,,,,,,
New Jersey,,,,,,
Machtgeste,,,,,,
Black Friday,,,,,,
Straße von Hormus – Waffenruhe,,,,,,
Baalbek,,,,,,
Wowtschenka,,,,,,
Landkreis Hersfeld-Rotenburg,,,,,,
Hecke,,,,,,
Cholera,,,,,,
Berlinale-Eröffnung,,,,,,
Weko,,,,,,
Finanz-Geschäftsführers,,,,,,
Zoo Kiew,,,,,,
Drittliga-Meister,,,,,,
S. Ueberbach,,,,,,
Kita-Jobs,,,,,,
Vorsorge,,,,,,
Versicherungen,,,,,,
Blütenviertel,,,,,,
Hisbollah-Kämpfern,,,,,,
Hotel Adlon!,,,,,,
Dec,,,,,,
Blockade,,,,,,
Absturz,,,,,,
Oranienplatz,,,,,,
Anmarsch,,,,,,
Trillerpfeifen,,,,,,
Saison-Finale,,,,,,
Energiekonzern Uniper,,,,,,
Choczewo,,,,,,
Ölpipeline,,,,,,
Montenegro,,,,,,
Luxushotel Adlon,,,,,,
Idlib,,,,,,
Militärmanövern,,,,,,
Klima-Diesel,,,,,,
Ukraine-Präsident Selenskyj,,,,,,
Assad-Sturz,,,,,,
US-Drohne,,,,,,
Steadfast Noon,,,,,,
Geheimdokument,,,,,,
Armeekost,,,,,,
Landgericht der Haupts…,,,,,,
Apulien,,,,,,
Skoda,,,,,,
Leitzins im Euroraum,,,,,,
Lorenzen,,,,,,
Militärtechnik,,,,,,
Surat,,,,,,
ZDF-Doku,,,,,,
Jana,,,,,,
Unr…,,,,,,
Nord-Stream-Erdgas-Pipelines,,,,,,
Regenwald,,,,,,
Özdemir,,,,,,
Finanzierungsmitteln,,,,,,
Munitionsmangel,,,,,,
UN-Friedenstruppen,,,,,,
Europäisches Land,,,,,,
Preissenkungen,,,,,,
Ost-Bachmut,,,,,,
Nachrichtendienste,,,,,,
Asemwald,,,,,,
Kathedrale Notre-Dame,,,,,,
Waffen-Stopp,,,,,,
Binjamina,,,,,,
Gletscher,,,,,,
Flintlock,,,,,,
russischen Besatzungstruppen,,,,,,
Netzgebühren,,,,,,
Bankenkollaps,,,,,,
Fatmap,,,,,,
Fatmap Ã¼bernommen,,,,,,
Mehrausgaben,,,,,,
Statistische Bundesamt am Donnerstag,,,,,,
US-Großbanken,,,,,,
mÃ¶chte,,,,,,
Kinshasa,,,,,,
Givaudan,,,,,,
Sulzer,,,,,,
Sika,,,,,,
Wallseer Hof,,,,,,
Kirchstraße,,,,,,
Regenwalds,,,,,,
Haselünne,,,,,,
Schulz,,,,,,
Straße v,,,,,,
Blauhelm-Soldaten,,,,,,
Adidas-Zentrale,,,,,,
blockierte Straße von Hormus,,,,,,
Bullenhaie,,,,,,
Maximalforderungen,,,,,,
Münchnerinnen,,,,,,
­Helvetia,,,,,,
Antonow,,,,,,
Palästinensische Autonomiebehörde,,,,,,
Landkreis Stendal,,,,,,
türkische Außenministerium,,,,,,
Flughafen Stuttgart,,,,,,
Tilo Spanhel.</em,,,,,,
Klima-Urlaub,,,,,,
vo…,,,,,,
Stadt Mariupol,,,,,,
Jacke,,,,,,
Ampel-Pläne,,,,,,
Portugiesen,,,,,,
Telefonate,,,,,,
Paks,,,,,,
Dortmunder Hauptbahnhof,,,,,,
Landesrechnungshof,,,,,,
Bagdads,,,,,,
Hamburg Airport,,,,,,
Pole…,,,,,,
Lublin,,,,,,
Atomkraft-Befürworter,,,,,,
Amtsgericht Frankfurt,,,,,,
Bayerischen Landtag,,,,,,
Landes Berlin,,,,,,
Feldheim,,,,,,
Haftbefehl,,,,,,
Ulken,,,,,,
Alexa,,,,,,
Blockchain,,,,,,
Krisensitzungen,,,,,,
Liquiditätsspritzen,,,,,,
Börsenturbulenzen,,,,,,
Aufsichtsbehörden,,,,,,
Dorfen,,,,,,
Grenzkontrolle,,,,,,
Panzer-Lieferung,,,,,,
Iberischen Halbinsel,,,,,,
"Three Mile Island""-Unfall",,,,,,
Ukrainegipfel,,,,,,
Edeka,,,,,,
Gernsbach,,,,,,
Deutschla…,,,,,,
Phishing-Attacke,,,,,,
Dubrovnik,,,,,,
Artemis,,,,,,
Was,,,,,,
Präzisionsbomben,,,,,,
Branchenkrise,,,,,,
Hamsterkäufen,,,,,,
Gagarin,,,,,,
Mijia Air Conditioner Eco-Serie,,,,,,
Industriekunden,,,,,,
Lahore,,,,,,
Balkan-Ukraine-Gipfel,,,,,,
Ramstein-Treffen,,,,,,
Iran-Konflikts,,,,,,
Parteitag am Wochenende,,,,,,
Klima-Demo,,,,,,
Gefolgsleuten,,,,,,
US-Blockade,,,,,,
Caputh,,,,,,
Oststeinbek,,,,,,
Besserverdienenden,,,,,,
Auskunftei Schufa,,,,,,
EU-Beistandsklausel,,,,,,
Schusswechsel,,,,,,
Landkreis Peine,,,,,,
Tuapse,,,,,,
Barmbek,,,,,,
Bundeswehreinsatz,,,,,,
Hamburg-Barmbek,,,,,,
Baudarlehen,,,,,,
Valeska Grisebach,,,,,,
Kreditnehmer,,,,,,
Porsche-Mitarbeiter,,,,,,
Hamburg-Bramfeld,,,,,,
Soho,,,,,,
Premiers,,,,,,
Theatiner,,,,,,
Tötens,,,,,,
Zerstörens,,,,,,
ul><li,,,,,,
Windparks,,,,,,
Draghi-Report,,,,,,
Bochumer,,,,,,
Nutri-Score,,,,,,
Klimaschutz-Anliegen,,,,,,
Landgericht Stuttgart,,,,,,
Firozabad,,,,,,
Euro-Office,,,,,,
Northvolt-Krise,,,,,,
Kriegsrecht,,,,,,
Pasing,,,,,,
Kleinwagen,,,,,,
Anschläge,,,,,,
Lichtenstein,,,,,,
Konnersreuth,,,,,,
Preis-Gala,,,,,,
Diät,,,,,,
Chemiefabrik,,,,,,
Gewerkschaftsangaben,,,,,,
Yanbu,,,,,,
Polizeihund,,,,,,
Gartenhütte,,,,,,
Kanzlerreise,,,,,,
Klima-Technologien,,,,,,
Heizkurve,,,,,,
Heizwärme,,,,,,
Bürgergeld-Empfänger,,,,,,
Wasserstoff,,,,,,
Gesprächs,,,,,,
Rimini,,,,,,
Aue,,,,,,
russischen Kultur,,,,,,
Pjongjang,,,,,,
Phishing-Kampagne,,,,,,
bayerischen Grenze,,,,,,
Ostjerusalem,,,,,,
Nato-Ländern,,,,,,
Energieriesen EnBW,,,,,,
Freitag Saudi-Arabien,,,,,,
Strafgerichtshof,,,,,,
Danke,,,,,,
Lieferengpässen,,,,,,
Muskelspiele,,,,,,
Morchfeldstraße,,,,,,
Tasnim,,,,,,
Start-up-Szene,,,,,,
Leegebruch,,,,,,
Profi-Fußball,,,,,,
Diablo 4,,,,,,
Lateinamerikas,,,,,,
Koalitionsspitzen,,,,,,
Deutschlands Verkehrsadern,,,,,,
Haret,,,,,,
Trump-Erfolg,,,,,,
Gewinneinbrüche,,,,,,
Bexbach,,,,,,
Moskau…,,,,,,
geplabt,,,,,,
Partnern,,,,,,
Stellenabbau,,,,,,
Aktionskünstlerin,,,,,,
Eivissa,,,,,,
Gaza…,,,,,,
Gesamtbedarf,,,,,,
Straße von Hor…,,,,,,
Luxushotel,,,,,,
Adlon,,,,,,
Geldhäuser,,,,,,
Bretton Woods,,,,,,
Heizöl-Lieferungen,,,,,,
Jobcenter,,,,,,
Neustadt an der Weinstraße,,,,,,
Klimaschutzmanager,,,,,,
Handelskonflikt,,,,,,
Löcher,,,,,,
Südkaukasusrepublik Armenien,,,,,,
Burg,,,,,,
Russen-Angriff,,,,,,
Dünger,,,,,,
Petersberger Klimadialogs,,,,,,
Großrazzia,,,,,,
Portal Verivox,,,,,,
Hauptredner,,,,,,
Hochsauerland,,,,,,
Nordsyriens,,,,,,
Energieversorger,,,,,,
Golf-Region,,,,,,
Rüstungskonzerne,,,,,,
Fernwärme,,,,,,
Erkenntnissen,,,,,,
Kanzler-Machtwort,,,,,,
Plug-in-Hybrid,,,,,,
Kronberg im Taunus,,,,,,
US-Vermittlern,,,,,,
Flugpläne,,,,,,
Düsseldorfer Schauspielhaus,,,,,,
Schwenk,,,,,,
Kernkraftwerk Isar,,,,,,
Flaute,,,,,,
Eva Horn,,,,,,
Latakia,,,,,,
NDR.de,,,,,,
Frontenhausen,,,,,,
Vollbrand,,,,,,
Hippokrates,,,,,,
Aristoteles,,,,,,
Marktes,,,,,,
Gauting,,,,,,
Bedeutung</li><li,,,,,,
Aktienfutures,,,,,,
Region Hannover,,,,,,
Kontrollen am Hauptbahnhof,,,,,,
Göpfritz,,,,,,
Frost,,,,,,
Bezirk Neusiedl am See,,,,,,
Landkreis Neunkirchen,,,,,,
Gegenangriffen,,,,,,
US-Bürgern,,,,,,
Phishing-Mails,,,,,,
Reaktion,,,,,,
Marsch,,,,,,
Kampfdrohnen,,,,,,
Macheten-Angriff,,,,,,
Adern,,,,,,
Umbach,,,,,,
Ukraine-Soldaten,,,,,,
US-Diesel,,,,,,
T-Shirts,,,,,,
Krawallen,,,,,,
Funkstille,,,,,,
Magdeburger Allee,,,,,,
Unterfranken Polizeiangaben,,,,,,
Dschankoj,,,,,,
Paypal,,,,,,
Müttern,,,,,,
Rezept,,,,,,
Nürnberger Flughafens,,,,,,
Waffen-Erlaubnis,,,,,,
Privatarmeen,,,,,,
Goslar,,,,,,
Elphi,,,,,,
Reuss,,,,,,
Kasparow,,,,,,
Kreis Segeberg,,,,,,
Satellitenbilder,,,,,,
Datenzentren,,,,,,
Limmat,,,,,,
NATO-Mitglied Türkei,,,,,,
Terroralarm,,,,,,
UN-Gremium,,,,,,
Datenklau,,,,,,
Innenministerium,,,,,,
Klima-Stiftung,,,,,,
Kokainhandels,,,,,,
National Mall,,,,,,
Gesetzgebungsprozess,,,,,,
Kronprinz,,,,,,
Tribunal,,,,,,
europäischen Asylregeln,,,,,,
Simsek,,,,,,
Landkreis Harz,,,,,,
wei…,,,,,,
Risse,,,,,,
Aussich…,,,,,,
Uppsala,,,,,,
Luftfahrt-Umbau holpert,,,,,,
Wacken Firefighters,,,,,,
Gas-Unglück,,,,,,
Hormus-Attacke,,,,,,
Parchim,,,,,,
prorussischen Regierung des Landes,,,,,,
Gesellschaft und Staat,,,,,,
Minneapolis,,,,,,
Nato-Chef Rutte,,,,,,
Cherson“,,,,,,
Atomkraftwerk Fessenheim,,,,,,
Tollwut-Virus,,,,,,
Bananen,,,,,,
Tiroler,,,,,,
Donezker,,,,,,
Motorrad-Rockern,,,,,,
südasiatischen Landes,,,,,,
Gewalttat in der Oberpfalz,,,,,,
Rohstoffmarkt,,,,,,
Moskauer Patriarchat,,,,,,
Generalstaatsanwaltschaft Frankfurt,,,,,,
Gressel,,,,,,
Energiesorgen,,,,,,
Irankonflikt,,,,,,
Pariser Platz,,,,,,
Hisbollah-Kommandeuren,,,,,,
Volksrepublik Donezk,,,,,,
Brutreviere,,,,,,
Gaspreisbremsen,,,,,,
Metropole,,,,,,
Putin-Vertrauter,,,,,,
Bijsk,,,,,,
Fakt,,,,,,
Amtsgericht Eckernförde,,,,,,
Stadttheater Gießen,,,,,,
Wendeburg,,,,,,
Geschlechtern,,,,,,
Schulden-Drama,,,,,,
Start-up-Gesetz,,,,,,
Grafschaft Bentheim,,,,,,
Dampferzeuger,,,,,,
Vorabe…,,,,,,
Berlin-Oberschöneweide,,,,,,
Sazan,,,,,,
jemenitischen Küste,,,,,,
Smart-Home-Geräten,,,,,,
Euronews,,,,,,
Rekordjahr,,,,,,
Gomel,,,,,,
Vor-Corona-Niveau,,,,,,
Erdöl,,,,,,
Nordkosovo,,,,,,
Pro Monat,,,,,,
Schlussquartal,,,,,,
Bahngleisen,,,,,,
Spritpreis,,,,,,
Frühjahrs,,,,,,
Kapitalmarkt ermöglich,,,,,,
Balearen,,,,,,
Pflanzenschutzmitteln,,,,,,
Krypto-Wunderland,,,,,,
Konflikts,,,,,,
Kokain,,,,,,
Aschaffenburger Innenstadt,,,,,,
Kraftwerken,,,,,,
Stadt Kursk,,,,,,
Theresienstadt,,,,,,
Centre Pompidou,,,,,,
Aktionärstreffens,,,,,,
Sicherheitskräfte,,,,,,
Infla…,,,,,,
Kalkar,,,,,,
Zelda,,,,,,
Kl…,,,,,,
Pussycat Dolls,,,,,,
Guide,,,,,,
Klimaschutz-Minister,,,,,,
Kältestarre,,,,,,
Leibe,,,,,,
Poseck,,,,,,
Kernkraftwerks Saporischschja,,,,,,
Euro-Cent,,,,,,
F.A.Z.-Hauptwache,,,,,,
Bibberkalt,,,,,,
Staat Ukraine,,,,,,
Zermatt,,,,,,
Kleiner Waffenschein,,,,,,
Erdöl-Krise,,,,,,
Thüringen-Trip,,,,,,
Treibstoffdepots,,,,,,
Partnerschaften,,,,,,
Netanjahus Regierung,,,,,,
Hintermann,,,,,,
Original-Fragmenten,,,,,,
All,,,,,,
Nowo-Ogarjowo,,,,,,
Shebekino,,,,,,
Buckow,,,,,,
Schwarzmeer-Getreideabkommens,,,,,,
Schmalz,,,,,,
Formsache,,,,,,
Münchner tiefer,,,,,,
Kreml-Truppen,,,,,,
Kiefernwäldern,,,,,,
Presse-Gespräch,,,,,,
Wärmflaschen,,,,,,
Autokonzerns Stellantis,,,,,,
Großmarkt,,,,,,
Oppositionelle,,,,,,
Gastro,,,,,,
Jordaniens Stabilität,,,,,,
Brandmauer,,,,,,
Staudamm-Explosion,,,,,,
Identitätskrise,,,,,,
Klimakurve,,,,,,
Orkanböen,,,,,,
saarländischen Landtag,,,,,,
Kampfgebieten,,,,,,
Berlin-Zehlendorf,,,,,,
Umwege,,,,,,
Rheingau-Taunus-Kreis,,,,,,
Faeser,,,,,,
Arsenale,,,,,,
Sozialverbände,,,,,,
Weinterrassen,,,,,,
Baskenland,,,,,,
Primaten,,,,,,
Angriffstopp,,,,,,
Hamburger Flughafens,,,,,,
NRWs,,,,,,
Aarbergen,,,,,,
Russlands Armee Pokrowsk,,,,,,
Nachwuchs,,,,,,
Staudamms Kachowka,,,,,,
mÃ¼ssen,,,,,,
Corona-Lockdowns,,,,,,
Inkasso-Verband,,,,,,
Expertenkreisen,,,,,,
Charkiw  +++,,,,,,
Belgiens,,,,,,
Harburger Rathausplatz,,,,,,
Oligarchenrepublik Transnistrien,,,,,,
Magdeburger Zoo,,,,,,
Dülken,,,,,,
Rinteln,,,,,,
Kältetote,,,,,,
Wassermassen,,,,,,
Kindeswohlgefährdungen,,,,,,
Suppenküchen im Freien,,,,,,
Staudammbruch,,,,,,
Einfamilienhaus ei,,,,,,
Liaoning,,,,,,
Hitze-Höllen,,,,,,
Gas-Vergiftung,,,,,,
Russland-Ukraine-News,,,,,,
Kapitol-Sturm,,,,,,
Reviere,,,,,,
Beamtisch,,,,,,
Anti-Kälte-Trick,,,,,,
Wayúu,,,,,,
Provinz La Guajira,,,,,,
Ukraine-News am Mittwoch,,,,,,
Untersuchungsausschusses,,,,,,
Ampfingstraße,,,,,,
Bruttoinlandsprodukt,,,,,,
Chipmangel,,,,,,
Gefangenen-Deal,,,,,,
Energienotstand,,,,,,
Atomkraft-Aus,,,,,,
Plattform-Betreibern,,,,,,
UBA,,,,,,
Hattingen,,,,,,
Schöningen,,,,,,
Roland-Garros,,,,,,
Cleveland,,,,,,
Innovations-Tiger,,,,,,
Schwabach,,,,,,
Pipeline-Infrastruktur,,,,,,
Kreis Germersheim,,,,,,
Heizungs-Hammer,,,,,,
Yellowstone-Nationalpark,,,,,,
Thorium-Kraftwerken,,,,,,
Niedrigzinsen,,,,,,
Moskaus Angriffskrieg,,,,,,
Epstein-Verbindungen,,,,,,
Preisdeckel,,,,,,
Gese…,,,,,,
Landkreis Northeim,,,,,,
Private-Equity-Branche,,,,,,
Frankfurt/Berlin,,,,,,
Medienbericht,,,,,,
Chip-Fabriken,,,,,,
Wacken Open Air,,,,,,
US-Finanzmanagerin,,,,,,
Asylheim,,,,,,
Militär-Hilfe,,,,,,
Vorabend,,,,,,
Arbeitgeberverbands,,,,,,
Skandale,,,,,,
US-Partner,,,,,,
Korjukiwka,,,,,,
Biobrennstoffe,,,,,,
Manching,,,,,,
Pelletsheizungen,,,,,,
AfD-Erfolg,,,,,,
Austauschpflicht,,,,,,
Angriffs-Pause,,,,,,
Straßenbahnen,,,,,,
Brennstoff Holz,,,,,,
Mandatsträger,,,,,,
Propaganda,,,,,,
Fünf-Sterne-Hotel,,,,,,
Ilsfeld,,,,,,
Kyffhäuserkreis,,,,,,
vereinigten Deutschland,,,,,,
L.A.,,,,,,
Landminen,,,,,,
Staudamms,,,,,,
Kachowka-Staudamm,,,,,,
Autofahrern,,,,,,
Kachowka-Staudammes,,,,,,
Doppelmoral,,,,,,
Sozialmediziner,,,,,,
Thüringer Gasspeicher,,,,,,
Westerland,,,,,,
Mykola,,,,,,
Pipeline Grenzübergang,,,,,,
Freitagabend,,,,,,
Plattling,,,,,,
Wiederaufbau,,,,,,
Fahrzeug-Export,,,,,,
Verhandlern,,,,,,
Fraunhofer-Studie,,,,,,
Kursker Gebiet,,,,,,
Bernauer Straße,,,,,,
Verhandlungen,,,,,,
US-Waffensystemen,,,,,,
Katzenberger-Mama,,,,,,
Fluchttunnel,,,,,,
Navarras,,,,,,
Foyer,,,,,,
Atomarsenalen Russlands,,,,,,
Zwischenlager Grafenrheinfeld,,,,,,
Atomkraftwerks Fessenheim,,,,,,
Alpenrand in Bayern,,,,,,
Klimakrise Waldbrände,,,,,,
Land z…,,,,,,
Frankfurter Grüneburgpark,,,,,,
innerkoreanische Grenze,,,,,,
Bahnhof“,,,,,,
Oblast Charkiw,,,,,,
Mosel,,,,,,
russisches Territorium,,,,,,
Arabischen Emirate,,,,,,
Nato-Panzer,,,,,,
Ukraine-Besuch,,,,,,
US-Verbündeten,,,,,,
Ukraine ve…,,,,,,
Geländes,,,,,,
Decin,,,,,,
Ukrainische Drohnenattacke,,,,,,
Österreich-Krise,,,,,,
Chrupalla,,,,,,
Neumarkt in der Oberpfalz,,,,,,
Kriegsfolgen,,,,,,
Politico,,,,,,
Elbschlick,,,,,,
Müllabfuhr,,,,,,
mexikanische Regierung,,,,,,
Konsumklimas,,,,,,
Sanierungsquote,,,,,,
Preisverhandlungen,,,,,,
Territorium</li><li,,,,,,
Sozialthemen,,,,,,
Windkraft-Ausbau,,,,,,
Zöllner,,,,,,
Fellbach,,,,,,
Kamala Harris,,,,,,
Pskow,,,,,,
Nvidia,,,,,,
Werkzeuggeschäft,,,,,,
Donnersta…,,,,,,
Menlyk,,,,,,
Flughafen Sylt,,,,,,
Rason,,,,,,
Einwanderungsgesellschaft,,,,,,
Büro Imamoglus,,,,,,
Schwimmbad,,,,,,
Topf,,,,,,
Wiesn-Chef,,,,,,
Gästeliste,,,,,,
Streaming-Bereich,,,,,,
El Nino,,,,,,
Tempelhof,,,,,,
Djerba,,,,,,
Herzinfarkt,,,,,,
Außenseiter,,,,,,
Bundesverkehrsministerium,,,,,,
Nato-Russland-Konflikt,,,,,,
Laufen,,,,,,
Verfassungsschutzes,,,,,,
Vorbesitzer,,,,,,
Frankfurter Waldstadion,,,,,,
Dax-Konzerns,,,,,,
PVT-Solarmodule,,,,,,
Klima-Blockaden,,,,,,
Schweizer Bergen,,,,,,
Ferienlagern,,,,,,
Rüstungsriese Rheinmetall,,,,,,
Böden,,,,,,
Mordversuch,,,,,,
UN-Flüchtlingshilfswerks,,,,,,
City,,,,,,
Iran-Überblick,,,,,,
Iran-Gespräche,,,,,,
Außenjalousien,,,,,,
Elterngelds,,,,,,
Belegschaft,,,,,,
Milliardengewinne,,,,,,
Oblast Belgorod,,,,,,
Park Sanssouci,,,,,,
Arnsberg,,,,,,
Wahllokale,,,,,,
Umfrage,,,,,,
Gas-Lecks,,,,,,
Systemrivalen,,,,,,
Auslaufmodell,,,,,,
Mosk…,,,,,,
Sexarbeiterinnen,,,,,,
Apple-Rechenzentrum,,,,,,
Vier-Tage-Woche,,,,,,
Südamerikaner,,,,,,
Verbraucherlaune,,,,,,
Südschweden,,,,,,
Wasserwerfer,,,,,,
Buckingham-Palast,,,,,,
Wahlbetrug,,,,,,
Alltagsleben,,,,,,
Mauerpark,,,,,,
Landgericht Hannover,,,,,,
Schiffsübungen,,,,,,
Land Uran,,,,,,
U-Boot-,,,,,,
Gorbitz,,,,,,
Meduza,,,,,,
petto,,,,,,
Bundesregierung,,,,,,
Sozialverbänden,,,,,,
Umfeld de…,,,,,,
Mütze,,,,,,
Weihnachtsfest,,,,,,
Ölpest,,,,,,
AfD-Umfeld,,,,,,
Netatmo,,,,,,
Nahe Osten,,,,,,
Landkreis Grafschaft Bentheim,,,,,,
Ostasien,,,,,,
afrikanischen Ländern,,,,,,
Moldau +++ Selenskyj,,,,,,
Bayerischen Hof,,,,,,
Sparquote,,,,,,
Montagmittag,,,,,,
Storm-Shadow-Marschflugkörpern,,,,,,
Bundesstraße“,,,,,,
Waffen,,,,,,
Nienwohlder Moor,,,,,,
Berlin-Moabit,,,,,,
Kanaren,,,,,,
Sport-Vorstand,,,,,,
Leidens,,,,,,
Solinger,,,,,,
Klima-Allianz Deutschland,,,,,,
UGREEN Noxode,,,,,,
HT-S2000,,,,,,
Hodges,,,,,,
Mörder,,,,,,
Linken-Chefin,,,,,,
Bac…,,,,,,
Start-up-Gründungen,,,,,,
Landkreis Regensburg,,,,,,
Versorgern,,,,,,
Insel Perim,,,,,,
Landkreis Augsburg,,,,,,
Deutschland</li><li,,,,,,
Nato-Gipfeln,,,,,,
"Iran
",,,,,,
Ampel-Aufruhr,,,,,,
Teuerungsrate im Währungsraum,,,,,,
Autounfällen,,,,,,
NRW-Minister,,,,,,
Verona,,,,,,
La Repubblica,,,,,,
Vermögensverwalter,,,,,,
Kälte-Test,,,,,,
Firmengelände von Bosch,,,,,,
Renovabis,,,,,,
Mänteln,,,,,,
B Bitcoin Fund,,,,,,
Wirecard-Vorstand,,,,,,
Wiesbaden …,,,,,,
Stiefeln,,,,,,
Arboretum,,,,,,
Kilimandscharo,,,,,,
Jahrtaus…,,,,,,
Liebig-Therme,,,,,,
Aushängeschildern,,,,,,
Kreis Rendsburg-Eckernförde,,,,,,
Nidda +++ Inflation,,,,,,
Spendenkampagne,,,,,,
Al-Mawasi,,,,,,
Ontario ex…,,,,,,
Mont Blanc,,,,,,
Kommando v,,,,,,
Amtsgericht Landau,,,,,,
Lunar Lake,,,,,,
Ukraine-Schutztruppe,,,,,,
Heizgesetz,,,,,,
Luftangriffen in der Ukraine,,,,,,
Flugreisen,,,,,,
Schwanbeck,,,,,,
Branitzer,,,,,,
Israels Sorge,,,,,,
Kiew übe…,,,,,,
Friedland,,,,,,
Landes Hessen,,,,,,
Leitfaden,,,,,,
Boutiquen,,,,,,
K…,,,,,,
Battlemage,,,,,,
ertüchti…,,,,,,
Zentrums,,,,,,
US-Luftwaffenexperten,,,,,,
SPD-Plan,,,,,,
AKWs,,,,,,
Timechain,,,,,,
Standard-Abo,,,,,,
Behördenangaben ei…,,,,,,
Landkreis …,,,,,,
Parteien am linken,,,,,,
Kanzler-Clip,,,,,,
Copernicus,,,,,,
Wowtschanksk,,,,,,
Grozew,,,,,,
Saudi-Arabiens…,,,,,,
Grosny getr…,,,,,,
Halberstädter Würstchen,,,,,,
Lindenpark Potsdam,,,,,,
Turnstile,,,,,,
Oeversee,,,,,,
Lindenpark,,,,,,
Straße von Hormus »Sperrzone,,,,,,
Chinas Ostküste,,,,,,
Mount Everest schmilzt,,,,,,
Zentrum für Autobatterien,,,,,,
Jugendtalk,,,,,,
Sóller,,,,,,
Fagersta,,,,,,
Umweltrisiko,,,,,,
Atommeiler-Rückbau,,,,,,
Schitomir,,,,,,
HSV-Fans,,,,,,
arktischen Barentsee,,,,,,
Kohlenstoff,,,,,,
Acht-Stunden-Tag,,,,,,
Neue Regierung,,,,,,
Youtube-Kanal,,,,,,
Trumps Golfclub,,,,,,
Russlands Oberstes Gericht,,,,,,
Netanyahu,,,,,,
Ningde-Ära,,,,,,
Cannstatter,,,,,,
Russland-Präsident,,,,,,
Kalorien,,,,,,
Tesla-Konzern,,,,,,
Baustein,,,,,,
Orcas,,,,,,
Gibraltar,,,,,,
Persischen Golf zum Roten Meer,,,,,,
Wesermarsch,,,,,,
andalusischen Küste,,,,,,
US-Forschung,,,,,,
Oberste Gerichtshof des Landes,,,,,,
Ertrinkender,,,,,,
Militäranlagen,,,,,,
Correctiv,,,,,,
Emoji,,,,,,
Ja…,,,,,,
Persischen Golf im Oman,,,,,,
Vereinigten Arabischen Emira…,,,,,,
FPÖ-Plänen,,,,,,
Erding,,,,,,
Energieriese EnBW,,,,,,
Auto-Sabotageserie,,,,,,
Furth im Wald“,,,,,,
Echardinger Grünstreifen,,,,,,
Lugansker,,,,,,
Wremiwka,,,,,,
Petropawlika,,,,,,
Ukrainehilfen,,,,,,
Koalitions-Stresstest,,,,,,
Frankreichs Sparkurs,,,,,,
Friedensverträgen,,,,,,
U-Bahnhof Kurfürstenstraße,,,,,,
Beobachter,,,,,,
Klimaresistenz,,,,,,
Dreimonatshoch,,,,,,
Nordwestmecklenburg,,,,,,
Friedenswille,,,,,,
Welser,,,,,,
Fernwär… Cherson,,,,,,
Chieti,,,,,,
Furth,,,,,,
Neue Uralt-Reaktoren,,,,,,
US-Drohungen,,,,,,
Vormonaten,,,,,,
Angriffsstopp,,,,,,
Bahrenfeld,,,,,,
Abwehrkam…,,,,,,
russisch-chinesischen Bündnisses,,,,,,
Floridsdorf,,,,,,
US-Podcast Hat,,,,,,
Obama,,,,,,
Kinderkanals KiKA,,,,,,
Toastern,,,,,,
Tausche Taiwan,,,,,,
US-Hochschule,,,,,,
Alt…,,,,,,
polnische Regierung Moskau,,,,,,
Agrarkonzerne,,,,,,
Selenskyj-Trump-Gespräch,,,,,,
Flughafen Stalingrad,,,,,,
Dual-Use-Gütern,,,,,,
Habecks Geist weht,,,,,,
Kreml erfre…,,,,,,
dpa/lno)-,,,,,,
Ural-Gebirge,,,,,,
Steckbrief,,,,,,
Weizenpreise,,,,,,
Martens,,,,,,
Zeugenvernehmungen,,,,,,
Schloss,,,,,,
Iberische Halbinsel,,,,,,
Geothermie-Heizwerk,,,,,,
Militärkolonne,,,,,,
Klimadiplomatie,,,,,,
Startup Nosh,,,,,,
Straße bei Jekaterinburg,,,,,,
ukrainische Stadt,,,,,,
Washington beispringe,,,,,,
zei…,,,,,,
Polizeiangaben am Samstagmittag,,,,,,
Tel Aviver Flughafens,,,,,,
Weltbühne,,,,,,
Keeling-Kurve,,,,,,
Kiew Sicherheitsgar…,,,,,,
Munitionsdepot,,,,,,
Autohersteller,,,,,,
Zentrum Seouls,,,,,,
Kamjanske,,,,,,
Doppelh…,,,,,,
Trümmerteile,,,,,,
Berlin-Lichterfelde,,,,,,
Yeouido,,,,,,
klimaschonender Erdwärme,,,,,,
Netzt,,,,,,
Ent…,,,,,,
Europas Küste,,,,,,
Hamburgern,,,,,,
Zarenhof,,,,,,
Corona-Verschwörungserzählungen,,,,,,
Zusammenbrüchen,,,,,,
Platz Kinder …,,,,,,
indische Regierung,,,,,,
Klima-Wahl-O-Mat,,,,,,
Beznau I u,,,,,,
Kriegsparteien,,,,,,
Dicke Socken,,,,,,
Klima-Podcast,,,,,,
Washington am Tag der Amtseinführung,,,,,,
Tag der Amtseinführung,,,,,,
Mohsen Resai,,,,,,
Hartberg,,,,,,
reich,,,,,,
Liter Urin,,,,,,
Ukraine-Gespräch,,,,,,
Everest,,,,,,
"Kriegsgebiete""</li><li>Youtube-Creator",,,,,,
Sollstedt,,,,,,
Ölpreis-Schock,,,,,,
Nosh,,,,,,
gl…,,,,,,
Mosbach,,,,,,
Weltbank-Chef,,,,,,
Flüchtlingsviertel Nu…,,,,,,
Russlands Küste,,,,,,
HR,,,,,,
Finanz-Guide,,,,,,
Maikop,,,,,,
Adygeja,,,,,,
Russkoje Poretschnoje,,,,,,
Chemieparks Leuna Christof Günther,,,,,,
SAMARKAND,,,,,,
Gaza City,,,,,,
Revers,,,,,,
Sicherheitsforscher,,,,,,
Landkreis Jerichower Land,,,,,,
Staatsvertrauen,,,,,,
Mdantsane,,,,,,
Schlägen,,,,,,
Geheimdienstberichten,,,,,,
Gladbach-Geständnis,,,,,,
Bukarester,,,,,,
Krankenhaus im Gazastreifen,,,,,,
Lebensraum,,,,,,
Stadtportals,,,,,,
Knipser-Krise,,,,,,
Gayton McKenzie,,,,,,
Saudiarabiens,,,,,,
Europa-Chance,,,,,,
ZEIT-Büros,,,,,,
Kreis Sudscha,,,,,,
Zynismus,,,,,,
Harzgerode,,,,,,
Reportern,,,,,,
Nazi-Reichs,,,,,,
Helgoland,,,,,,
Tief,,,,,,
KW,,,,,,
Großraum Hartberg,,,,,,
Wiederaufforsten,,,,,,
Kurachowe-Front,,,,,,
Kanton Aargau,,,,,,
Lancaster House,,,,,,
US-Wirtschaftsmaßnahmen,,,,,,
Atomkraftwerk Beznau,,,,,,
Hauptstadt-Flughafen Wnukowo,,,,,,
o1,,,,,,
sonnigere,,,,,,
Volksrepublik Taiwan,,,,,,
Gemüseresten,,,,,,
Konfliktthemen,,,,,,
Magnetangler,,,,,,
Kanton Schwyz,,,,,,
Mdehrkosten,,,,,,
Stichdatum,,,,,,
Waldbrände an der Westküste,,,,,,
Schlagworts,,,,,,
Alb…,,,,,,
Ostern,,,,,,
Europa-Endspurt,,,,,,
braungrünem,,,,,,
Nothing,,,,,,
Frankfurter Zeil,,,,,,
Kiew?,,,,,,
Unze Gold,,,,,,
Unsicherheitenstark,,,,,,
Maiswüsten,,,,,,
Bereichen Land,,,,,,
Team-Titel,,,,,,
Ferndorf,,,,,,
FPÖ-Chef,,,,,,
Expertenschätzungen,,,,,,
Schwelm,,,,,,
Feindes,,,,,,
Anime-Fashion,,,,,,
Initiatorinnen,,,,,,
Ennepe-Ruhr-Kreis,,,,,,
Spielebranche,,,,,,
Westküste,,,,,,
Gasspeicher-Problem,,,,,,
Beznau,,,,,,
Halbleiter-Pioniers,,,,,,
Erdöl-Pipeline,,,,,,
Adelmannsfelden,,,,,,
Freiwilligen-Einsätze,,,,,,
Finanz-Community,,,,,,
Solakon-Balkonkraftwerke,,,,,,
grossflächiger,,,,,,
amerikanischem Territorium zu,,,,,,
Gazastreifen Leichen,,,,,,
Vergleichsportals,,,,,,
Mediazona,,,,,,
Gebiet Smolensk,,,,,,
Reizgas,,,,,,
Liveblog Frankreich,,,,,,
Bottrop,,,,,,
Laufmützen,,,,,,
Ecstasy,,,,,,
Ammoniakaustritt,,,,,,
Biomass,,,,,,
U-Bahnhof Kottbusser Tor,,,,,,
Haus in Bamberg,,,,,,
Valletta,,,,,,
Kameraden robben,,,,,,
Branchenkenner,,,,,,
Bauzins,,,,,,
Kanzler-Duell,,,,,,
US-Sonderg,,,,,,
Amundi,,,,,,
Regierung Konsequenzen,,,,,,
Allianz,,,,,,
Weltkriegs-Gedenkfeiern,,,,,,
20-Millionen-Imperium,,,,,,
Naturhistorische Museum,,,,,,
Elisenpark,,,,,,
Shahid Radschaei,,,,,,
Flughafenbetreiber Fraport,,,,,,
de…,,,,,,
Cham,,,,,,
VW-Werks,,,,,,
Heut Nachmittag,,,,,,
Schwyzer Unteriberg,,,,,,
Brandenburgs BSW-Landtagsfraktionschef,,,,,,
Ex-SPD-Chef,,,,,,
Solarpaneele,,,,,,
Schweizerischen Beznau,,,,,,
Selenskij-Treffen,,,,,,
Kremser Fischergasse,,,,,,
Oberkreide Ost,,,,,,
europäischer Staaten,,,,,,
Megapark!,,,,,,
Laserstrahlen,,,,,,
Neuhardenberg,,,,,,
Flughafen St. Petersburg“,,,,,,
Donezk…,,,,,,
Weltkriegs-Gedenktage,,,,,,
Iserlohn,,,,,,
Lebensmittelkonzerns Unilever,,,,,,
Geräusch hallt,,,,,,
Handelskrieg,,,,,,
Starshield,,,,,,
Eiswaffeln,,,,,,
Urangst,,,,,,
Preisrückgang,,,,,,
Ukraine-Invasion,,,,,,
Bezirk Kirschatsch,,,,,,
Prepaid-Tarife,,,,,,
Schwedische Regierung,,,,,,
Luftbeobachter,,,,,,
Petrosawodsk,,,,,,
Trump-Äußerungen,,,,,,
Ukraine a…,,,,,,
Vis…,,,,,,
Fusionsgespräche,,,,,,
Flughafen St. Petersburg,,,,,,
KZ Neuengamme,,,,,,
wicht…,,,,,,
Dienstagab…,,,,,,
Berliner Republik,,,,,,
Zuschüss,,,,,,
Klima-Aktivistin,,,,,,
Jugendhilfeeinrichtungen,,,,,,
Liveblog Ex-Bundeskanzlerin,,,,,,
Atomrisiken,,,,,,
Rohöl,,,,,,
Unterrichtsausfall,,,,,,
Diesel-Reserven,,,,,,
Pivot,,,,,,
Berge…,,,,,,
Kriegspropaganda,,,,,,
Anti-Kiew-Kurs,,,,,,
Webcam,,,,,,
Altwerden,,,,,,
Nowaja Gazeta,,,,,,
Büroimmobilien,,,,,,
Bondi,,,,,,
Lwiwer,,,,,,
Scheringstraße 2,,,,,,
I…,,,,,,
Idaho,,,,,,
Oblast Luhansk,,,,,,
Ukrain…,,,,,,
Handelsbeziehungen,,,,,,
Milliardär Bessent,,,,,,
herunterschrauben,,,,,,
Vereinigten Arabische Emirate,,,,,,
Malmö,,,,,,
Bombardierungsplan,,,,,,
Lillehammer,,,,,,
Per Smartphone-App,,,,,,
Bauvorhaben,,,,,,
Liveblog Wo,,,,,,
Kältetod am Berg,,,,,,
Atom-Angst,,,,,,
Risiken d…,,,,,,
Obermayer-Stiftung,,,,,,
Atomschläge,,,,,,
Russland ei…,,,,,,
Judenhass…,,,,,,
Kiews Zentrum,,,,,,
Waffenpause,,,,,,
Zeit schmilzt,,,,,,
Ernst-Deutsch-Theater,,,,,,
Kiew bergen,,,,,,
Seismik-Messungen,,,,,,
Atomausstiegs,,,,,,
Rundschreiben,,,,,,
Moskauer Zoo,,,,,,
Brücke ,,,,,,
Judenhass,,,,,,
Welyka Nowosilka,,,,,,
Transn…,,,,,,
Berg  ,,,,,,
Oppos,,,,,,
Erkenntniszuwachs,,,,,,
Sorgenfalten,,,,,,
Fri…,,,,,,
Landesregi…,,,,,,
Donald Trump,,,,,,
Premium-Segment,,,,,,
Northvolt-Akten,,,,,,
Oppo,,,,,,
str…,,,,,,
Ölkessel,,,,,,
Schmid,,,,,,
Russland tät…,,,,,,
Hosen,,,,,,
Schutzboxen,,,,,,
Landkreis Bad Tölz-Wolfratshausen,,,,,,
türkischen Regierung,,,,,,
Abschlussgala,,,,,,
Zusamm…,,,,,,
Dresden-Bühlau,,,,,,
Uralgebirge,,,,,,
SachsenNetze,,,,,,
Putin-Telefonat,,,,,,
Spionage-Satelliten,,,,,,
Live-Podcast,,,,,,
Millionen-Deals,,,,,,
US-Spitzenpolitiker,,,,,,
Brandenburgs Grüne,,,,,,
arme Provinz,,,,,,
Klingenthal,,,,,,
Medinskij,,,,,,
Sieg,,,,,,
Drei-Millionen-Stadt,,,,,,
Film-Echsen,,,,,,
Gorilla-Kumpel,,,,,,
Uniklinikum,,,,,,
Mannheimer Landgericht,,,,,,
Umsiedlungspläne,,,,,,
Yale,,,,,,
Russland-Immobilien,,,,,,
Millionenbetrug,,,,,,
Hafenbeckens,,,,,,
Arbeiten im Weißen Haus,,,,,,
Nachrichtenagentur Wafa,,,,,,
Heiligenhaus,,,,,,
Uniklinikums Gießen,,,,,,
Flughafen Leipzig…,,,,,,
Wollpullover,,,,,,
Waffenruhe-Plan,,,,,,
Minister Rubio,,,,,,
russischen Altai-Gebirge,,,,,,
Meersburg,,,,,,
Stich-Attacke,,,,,,
grenzna…,,,,,,
Jüdischen Kulturtagen,,,,,,
Koreas,,,,,,
Großraum Los Angeles,,,,,,
Solakon,,,,,,
Außenministers,,,,,,
G-7-Länder,,,,,,
Straße Affwinkel,,,,,,
Swjatohirsk nordwes…,,,,,,
Lyman-Gegenoffensive,,,,,,
Krasnodar am Schwarzen Meer,,,,,,
Messerstecher von Aschaffenburg,,,,,,
Kerpener Amtsgericht,,,,,,
Amtsgericht Kerpen,,,,,,
Wnukowo,,,,,,
Unwetterereignissen,,,,,,
Diamantenquartier,,,,,,
Landkreis Tübingen,,,,,,
Zenica,,,,,,
Hügeln,,,,,,
Daunenjacke,,,,,,
Ruttes,,,,,,
Sammelbegriff Holz,,,,,,
US-Kriegssc,,,,,,
Lgow,,,,,,
Lös…,,,,,,
Stadion am Meer,,,,,,
hohen Temperaturen,,,,,,
Halbleiter Russland,,,,,,
Treffens des Nordischen Rats,,,,,,
Braunschweig International Filmfestival,,,,,,
Schrobenhausen,,,,,,
Riesenkrug,,,,,,
Zentrum Beiruts,,,,,,
Sterbens,,,,,,
Flugobjekts,,,,,,
Weissrusslands,,,,,,
Kreis Emmendingen,,,,,,
Waldkirch,,,,,,
Lungenpest,,,,,,
Islams,,,,,,
Oslo a,,,,,,
Sankt…,,,,,,
Offiziere,,,,,,
Außenhandelskammer,,,,,,
Klang-Schamanen,,,,,,
Statistis…,,,,,,
Gehirnhälften-Synchronisation,,,,,,
Wandsbek,,,,,,
Revolut,,,,,,
Energie-Infrastrukur,,,,,,
Bahnhofsallee,,,,,,
Sumy Schäden,,,,,,
Hluchiw,,,,,,
Tag von Russlands,,,,,,
Epizentr,,,,,,
daru…,,,,,,
­Ukraine,,,,,,
Steuertarif,,,,,,
Quarantäne,,,,,,
strong>.</strong,,,,,,
Regenbogenzkiez,,,,,,
Sex-Fantasien,,,,,,
Balkan-Korrespondent,,,,,,
Russland-Abwehr,,,,,,
Sommerkampagne,,,,,,
Charkiw s…,,,,,,
Stroivka,,,,,,
Bezirk Polohy,,,,,,
Stadt Köln,,,,,,
Verwaltungsgericht Braunschweig,,,,,,
Oberlandesgericht Frankfurt,,,,,,
Berlin-Besuch,,,,,,
Leibnitz,,,,,,
Grünen-Bundestagsabgeordneten Beck,,,,,,
Baustoffhersteller,,,,,,
Herr Lane,,,,,,
Liveblog Waffenstillstand,,,,,,
EZB-Chefvolkswirt Lane,,,,,,
Spindeln,,,,,,
Allnet Flat M,,,,,,
L.,,,,,,
Wehrschütz,,,,,,
Allnet-Flat-Tarifen M,,,,,,
nan Israel,,,,,,
Olympia-Gold,,,,,,
Regenbogenkiez,,,,,,
St.-Pauli-Theater,,,,,,
Westsibirien,,,,,,
Morgengra…,,,,,,
Kiew ++ Selenskyj,,,,,,
Schwarzen Meer  +++,,,,,,
Finanz-Content,,,,,,
Boeing-747-Basis,,,,,,
Gebiet Brjansk,,,,,,
Netto-Discounterfilialen,,,,,,
Militärgeheimdienstes,,,,,,
Kreml-Kriegstreiber,,,,,,
Porvoo,,,,,,
Ukraine-Lieferungen,,,,,,
nan Großbritannien,,,,,,
Dunkelrot,,,,,,
Budanow,,,,,,
Leonteq,,,,,,
Moskau London,,,,,,
Lenin-Bibliothek,,,,,,
Apec-Gipfels,,,,,,
nan Brasiliens,,,,,,
Innern Russlands,,,,,,
Entwu…,,,,,,
Edeka-Supermärkten,,,,,,
Atacms-Raketen,,,,,,
Prognose-Zirkus,,,,,,
Alternativmedien,,,,,,
Cornflakes,,,,,,
Youtube,,,,,,
Hedgefonds Henning,,,,,,
Rollkoffer-Mann,,,,,,
Darknet-Marktplätzen,,,,,,
Hattorf,,,,,,
Taganskaja,,,,,,
Stalin-Kult,,,,,,
Südliche Brücke,,,,,,
Auslandshilfen,,,,,,
Gewaltherrscher,,,,,,
Gassi,,,,,,
Unzerstörbar,,,,,,
Russland-Sorge,,,,,,
Mitte-rechts-Partei,,,,,,
Portal Krym,,,,,,
Reuters/Ipsos,,,,,,
Regionalwahlen,,,,,,
Sabotage-Ermittlungen,,,,,,
Schuldenberg der USA,,,,,,
US-Steuern,,,,,,
Kabelschäden,,,,,,
Tödliche Messerattacke,,,,,,
Papamobil,,,,,,
US-Haftanstalten,,,,,,
Atomschwelle,,,,,,
Lauter,,,,,,
Reaktors,,,,,,
Woronesch zerst…,,,,,,
Loknia,,,,,,
Otradne,,,,,,
Knien,,,,,,
Stupotschki,,,,,,
US-Beständen,,,,,,
Maputo,,,,,,
mosambikanischen Küste,,,,,,
Ukraine-Heldin,,,,,,
Ratzeburger,,,,,,
Sommer-Winter-Spread,,,,,,
Gubkin,,,,,,
Kotovo,,,,,,
Realii,,,,,,
Wall Street Journal,,,,,,
russischen Nowgorod,,,,,,
Negativ-Rekorde,,,,,,
Messengerdienste,,,,,,
Deepseek,,,,,,
Wegwerf-Agenten,,,,,,
imponiere,,,,,,
Taschenlampen,,,,,,
Autofokus,,,,,,
Kündigungsschutzklagen,,,,,,
Turin,,,,,,
Al-Qaida,,,,,,
Brandflächen,,,,,,
Kohleminen,,,,,,
Schuttberge,,,,,,
Los Angeles ausgeb,,,,,,
Gliedmaßen von Menschen,,,,,,
Sirat,,,,,,
Land Hessen,,,,,,
Kampfgebiet,,,,,,
Scholz-Telefonat,,,,,,
Spionage-Prozess,,,,,,
Ostseepipeline,,,,,,
Neb…,,,,,,
… Spanien,,,,,,
Liste der Länder ,,,,,,
Poonch,,,,,,
Rubel-Rutsch,,,,,,
Großeinsatz am See,,,,,,
Waffendeals,,,,,,
Hughes»-Feuer,,,,,,
Zins-Schock,,,,,,
Schattenflotte Russlands,,,,,,
Papppanzern,,,,,,
Insel Kyushu,,,,,,
Zöllen,,,,,,
Bundesligakicker,,,,,,
Stadt Bodenwerder,,,,,,
Kerzen,,,,,,
S. Donges,,,,,,
Forza-Horizon-Reihe,,,,,,
Fürstenwalde/Spree,,,,,,
Sortiment,,,,,,
Gatún,,,,,,
Rocky Mountains,,,,,,
Stadt Cuxhaven,,,,,,
Frühstart,,,,,,
Brandenburgs BSW-Chef Crumbach,,,,,,
Konflik…,,,,,,
Crumbach,,,,,,
Industriepark,,,,,,
Alhajuela,,,,,,
Ukraine-Bomber,,,,,,
Gespräche über Frieden in der Ukraine,,,,,,
Direktgesprächen,,,,,,
Tis…,,,,,,
F.A.Z.-Podcast Rhein-Main,,,,,,
Xbox,,,,,,
Fernwärmetunnel,,,,,,
Mini-Reaktoren,,,,,,
Gasschulden,,,,,,
Staates Israel,,,,,,
Mehrfachraketenwerfern,,,,,,
Petra,,,,,,
Basilius-Kathedrale,,,,,,
Poltawa in…,,,,,,
Karimun,,,,,,
Russlands Präs…,,,,,,
Stadt Vitali Klitschko,,,,,,
BVerfG,,,,,,
Huthi im Roten Meer,,,,,,
UN-Verhandlungen,,,,,,
GUR Kyrylo Budanow,,,,,,
Uri Vazana,,,,,,
Türchen,,,,,,
Schaffen de,,,,,,
Konstrukteurs-Titel,,,,,,
Berliner Autobahn,,,,,,
Erkenntnisstand,,,,,,
Notabschaltungen,,,,,,
Patriot-Notstand,,,,,,
Tumen-Fluss,,,,,,
Ludwigshafen…,,,,,,
Schlagern,,,,,,
Flughafen Aleppos,,,,,,
Anpfiff,,,,,,
Nachlese…,,,,,,
Verkäufe,,,,,,
Land geschass…,,,,,,
Stoltenberg-Idee,,,,,,
Wochensicht,,,,,,
Diversity-Spezialisten,,,,,,
Extra-large-Version,,,,,,
Friedenspalast,,,,,,
Par…,,,,,,
Kraftzwerg,,,,,,
Stadt Myrnohrad,,,,,,
Preis-Leistungs-Krone,,,,,,
Energie-Import,,,,,,
Tiefstands,,,,,,
Ukrainska Pravda unt…,,,,,,
Grundschüle…,,,,,,
Wartebereich,,,,,,
Deftones/Turnstile,,,,,,
Stadt Isjum,,,,,,
Gewalttat in Aschaffenburg,,,,,,
russischen Territorium,,,,,,
barfuß,,,,,,
Abschiebehäftling,,,,,,
Huawei-Spion,,,,,,
Landes für Russland,,,,,,
Start Moskauer Waffenruhe,,,,,,
Weiße Haus wil,,,,,,
Republik Udmurtien…,,,,,,
Vegetationsbränden,,,,,,
Garantien,,,,,,
Elbe-Parey,,,,,,
Rechenzentrum,,,,,,
Grenzübergang Poowce-Peschatka,,,,,,
Straße von Hormus Öl,,,,,,
Rheinbach,,,,,,
Süde…,,,,,,
Bad Kleinen,,,,,,
Außenministerium des Landes,,,,,,
Fluchthelfer,,,,,,
Wirbelsäule,,,,,,
Landgericht Landau,,,,,,
Dyson,,,,,,
Scheut Kiew,,,,,,
Haie,,,,,,
Vorjahresniveau,,,,,,
Industrieabbau,,,,,,
Pfal…,,,,,,
Stadtgebie…,,,,,,
Rohkaffeepreise,,,,,,
Unicredit-Chef,,,,,,
Unicredit,,,,,,
Zugausfälle,,,,,,
Bilhorod-Dnistrowskyj,,,,,,
Insel Majun,,,,,,
Aufsichtsratsvorsitzenden,,,,,,
Hundehaar,,,,,,
Waidmannslust,,,,,,
Russische Backdoor,,,,,,
Pudeln,,,,,,
Landtag Mecklenburg-Vorpommerns,,,,,,
Deutschland au,,,,,,
Holstentörn,,,,,,
Amtsgericht Kiel,,,,,,
AfD-Vorstoß,,,,,,
Fahrzeugkolonne,,,,,,
Vereinigten Arabische…,,,,,,
Bewerbungsphase,,,,,,
SPD-Wahlstand,,,,,,
Regenwetter,,,,,,
Beleidigungen,,,,,,
Nordsee-Ölsorte Brent,,,,,,
Ländervergleich,,,,,,
Jahnsdorf,,,,,,
Mailpostfach,,,,,,
Schreibtisch,,,,,,
Friedensfortschritte,,,,,,
Landes he…,,,,,,
Tuttlingen,,,,,,
Asyl-Stopp,,,,,,
Ukraine-Streit,,,,,,
Ukraine-Friedensgespräche,,,,,,
Park Schöntal,,,,,,
Berlin/Ankara,,,,,,
Reichen-Steuer,,,,,,
Bratislav…,,,,,,
Experten-Kabinett,,,,,,
Houthi-Miliz,,,,,,
Reichsbürgerprozess,,,,,,
Branntweiner,,,,,,
Supermarktkette,,,,,,
Klimapolitik - COP29,,,,,,
Mittwoch Hauptredner,,,,,,
ukrainisch-russischen Grenze,,,,,,
Donbass-Stadt,,,,,,
Rilchingen-Hanweiler,,,,,,
Bratislava/Berlin,,,,,,
Kleinblittersdorf,,,,,,
Verluste Russlands,,,,,,
Ostsee-Raum,,,,,,
New York…,,,,,,
Varta-Sanierungskonzept,,,,,,
Lima unerwar…,,,,,,
Neues - Kreml,,,,,,
Wien Außenministerium,,,,,,
US-Basis,,,,,,
Renteneintrittsalter,,,,,,
Köln-Ostheim,,,,,,
Zara,,,,,,
McDonalds,,,,,,
Außenministerium in Wien,,,,,,
Rukla,,,,,,
Passagierbus,,,,,,
Deutschen Schauspielhaus Hamburg,,,,,,
Südossetien,,,,,,
Front-Situation,,,,,,
Bundesrepublik bei…,,,,,,
Ukraine-Sonderbeauftragten,,,,,,
Miliz…,,,,,,
Brüssel w…,,,,,,
Spitzengruppe,,,,,,
Umweltbelast…,,,,,,
Trumps Wahlkampf,,,,,,
Verbandsangaben,,,,,,
Thale,,,,,,
Oberallgäu,,,,,,
Köcher,,,,,,
Riwne,,,,,,
Nachrichtenportal Ukrainska Pravda,,,,,,
Bloomberg…,,,,,,
Showfrieden,,,,,,
EU-Vorschriften,,,,,,
Mord-Urteil,,,,,,
Dietmannsried,,,,,,
Bahnanbieter,,,,,,
Anthropic,,,,,,
S. Govedarica,,,,,,
SPD-Fraktionschef Miersch,,,,,,
Hamburg…,,,,,,
Konditionen,,,,,,
Hamburg-Wilhelmsburg,,,,,,
Pupsende Wale,,,,,,
Kolumne Weltblick,,,,,,
Strom-Übergewinne,,,,,,
Weißen Haus wie…,,,,,,
Aufregenderes,,,,,,
Mutmaßungen di,,,,,,
Überschusserlösen,,,,,,
Börsenstrompreis,,,,,,
Maryino,,,,,,
Korrputionsvorwürfen,,,,,,
Glinde,,,,,,
Thüringer Bauwirtschaft,,,,,,
Lo…,,,,,,
ElringKlinger,,,,,,
Kampfzone,,,,,,
Ammoniakunfall,,,,,,
Mittwochfrüh,,,,,,
Öl-Staaten,,,,,,
Bundesheer,,,,,,
Hampshire,,,,,,
All.weiterlesen,,,,,,
Grünen-Plans,,,,,,
Ukraine-Friedenstreffen,,,,,,
Aktienkrisen,,,,,,
israelisch-libanesischen Grenze,,,,,,
Beirut un…,,,,,,
Schuldenberge,,,,,,
Erdgasspeicher Rehden,,,,,,
Bond-Agenten,,,,,,
Fachjargon,,,,,,
Nichtregierungsorganisationen,,,,,,
60-Tage-Deal,,,,,,
Geheim-Armee,,,,,,
Spionageverdachts-Festnahmen,,,,,,
Großraum Stuttgart,,,,,,
Schauspielerjargon,,,,,,
Pharmakonzerns Sanofi,,,,,,
Gazastreifen bekräf,,,,,,
Ukraine-Russland-Treffens,,,,,,
Göppinger Innenstadt,,,,,,
Präzisionsschlag,,,,,,
Hitzeschilde,,,,,,
Kra…,,,,,,
Moskauer Park,,,,,,
Klima-Realität,,,,,,
Asylunterkünfte,,,,,,
Nancy,,,,,,
Washington läu…,,,,,,
Solarpunk-Mitwelt,,,,,,
Russische Sabotagepläne,,,,,,
Grundstücke,,,,,,
russischen Küste,,,,,,
Erdgas-Transits,,,,,,
Gotthard,,,,,,
Ludwigshafen-Mundenheim,,,,,,
Generalkrankenhaus,,,,,,
Auto-Attacke,,,,,,
Glascontainer,,,,,,
Rauferei,,,,,,
Lindner-Rede,,,,,,
Fernwärme-Versorger,,,,,,
Kälte-Terror,,,,,,
Ramstein-Format,,,,,,
dürf…,,,,,,
Reputationsverluste,,,,,,
US-Parlament,,,,,,
Stadt Rom,,,,,,
Ressorts,,,,,,
Putins Reich zu…,,,,,,
Urbi et Orbi,,,,,,
Online-Broker,,,,,,
Brandis,,,,,,
Polygonen,,,,,,
Flughafen Leipzi…,,,,,,
Seekriegsoperationen,,,,,,
Tiefkühlfrüchten,,,,,,
Tiefkühlbeeren,,,,,,
Hepatitis-A-Viren,,,,,,
Würge-Angriff,,,,,,
Schokohasen,,,,,,
Petersdoms au…,,,,,,
Schytomyr,,,,,,
Vintage-Mode,,,,,,
Normalzustand,,,,,,
Schulden-Schalke,,,,,,
Guinness-Krise,,,,,,
Zentrum geopolitscher Strategien,,,,,,
aufgehal…,,,,,,
Plößberg,,,,,,
Wirtschaftsvertretern,,,,,,
Obstbäume,,,,,,
Rettung der Kunst,,,,,,
Lagerhaft,,,,,,
Bucht von Odessa,,,,,,
Linseneintopf,,,,,,
Reisfelder,,,,,,
Spaghetti-Eis kost…,,,,,,
Hangzhou,,,,,,
Nordheim,,,,,,
Sparflut zur Anleiheschwemme,,,,,,
kl…,,,,,,
Winterrun,,,,,,
Schicksals,,,,,,
Schri…,,,,,,
Ostukraine“,,,,,,
Mojave-Wüste,,,,,,
Subtyps H5N1,,,,,,
hochpathogene Influenzavirus,,,,,,
Klima-Seniorinnen,,,,,,
Sachen Asyl,,,,,,
Kohle-Aus,,,,,,
Sieben Klima-Durchbrüche,,,,,,
Paderborner Innenstadt,,,,,,
Friedrichshafener Unternehmens,,,,,,
Ukraine-Unterstützerländer,,,,,,
Gaza-Riviera,,,,,,
Komponenten,,,,,,
Neue Hilfen für Kiew,,,,,,
Trump-Ära,,,,,,
wettbewerbsübergreifend,,,,,,
Ben-Gurion-Flughafen,,,,,,
Spezialgeräte,,,,,,
Anschein,,,,,,
Republik …,,,,,,
TRIPP,,,,,,
Gassirunde,,,,,,
Wahlomat-Sieger,,,,,,
Tierschutzpartei im Wahlkampfmodus,,,,,,
Greifswalder Straße,,,,,,
Schleifen Union,,,,,,
Graubünden,,,,,,
Arosa,,,,,,
Briketts,,,,,,
armenisch-iranischen Grenze,,,,,,
Erdgasspeichers Rehden,,,,,,
Pankows,,,,,,
Ramstein-Besuch,,,,,,
Café-Krise,,,,,,
paramil…,,,,,,
Fastenmonat Ramadan,,,,,,
Region Lyman,,,,,,
Dresdner Ausländerbehörde,,,,,,
Warsh,,,,,,
Anleihemarkt,,,,,,
Schnee-Chaos,,,,,,
Hetzstraße,,,,,,
Flensburger Bahnhof,,,,,,
Behandlungszimmer,,,,,,
Wirtschaftsvereinbarungen,,,,,,
Körperverl…,,,,,,
Uitikon,,,,,,
Skifahrer heruntersausen,,,,,,
Münchner Rettungswache,,,,,,
Flutkatastrophe von Cherson,,,,,,
Holztransport,,,,,,
US-Militärk…,,,,,,
Diesel-Steuer,,,,,,
G20-Treffen,,,,,,
Kraftwerk-Ersatz,,,,,,
Spritpreis-Krise,,,,,,
Kakaomarkt,,,,,,
Heizkraftwerks Süd,,,,,,
Urlaubsgeld,,,,,,
Oklo,,,,,,
Glas von aussen,,,,,,
Los Angeles m,,,,,,
Brüssel di…,,,,,,
Paypal-Nutzer,,,,,,
Landkreis Osnabrück,,,,,,
US-Nachrichtenportal,,,,,,
Spritpreis-Exzessen,,,,,,
Millionenhilfe,,,,,,
Pestizideinsatz,,,,,,
Migranten,,,,,,
Alt-Hohenschönhausen,,,,,,
Kiew Lager,,,,,,
Opernhaus,,,,,,
Einkommensunterschiede,,,,,,
Lastenvelo,,,,,,
Putins Kriegswahl,,,,,,
Klimaschutz-Mittel,,,,,,
Landkreis Diepholz,,,,,,
Manchester City,,,,,,
Strößenreuther,,,,,,
türkischen Staat,,,,,,
Grünes Klima-Gaga,,,,,,
Massenbach,,,,,,
Winter-Sieger,,,,,,
MagMouse,,,,,,
Tagliatelle Bolognese,,,,,,
Günstiger Apple-Pencil-Ersatz,,,,,,
Kuhestak,,,,,,
Wohneigentum,,,,,,
Wo-ist?-Funktion,,,,,,
Immobilien-Markt,,,,,,
Boss Kehl,,,,,,
Groko,,,,,,
Stadtbad Mitte,,,,,,
Klima-Zukunft,,,,,,
Stadt Hof,,,,,,
Kotowsk,,,,,,
Midtown Manhattan,,,,,,
Grünen-Lücke,,,,,,
auffraß,,,,,,
niedersächsischen Landtag,,,,,,
Mogel-Packungen,,,,,,
+++,,,,,,
Baunatal,,,,,,
Na… Deutschland,,,,,,
Friedenszentrums,,,,,,
Pokalschreck,,,,,,
Ku…,,,,,,
Russland-Geschäfte,,,,,,
Copernicus-Report,,,,,,
Öl-Abkommen,,,,,,
Allgemeinen,,,,,,
Stadtschlaining,,,,,,
Berlin/Washington,,,,,,
Land hei,,,,,,
Kasan an der Wolga,,,,,,
Hofer Filmtage,,,,,,
Hungerstreik,,,,,,
Südrussland“,,,,,,
Chiinu,,,,,,
Verteidigungsministerium in,,,,,,
Weißen Haus von Fortschritt,,,,,,
Glücks-Kälte-Komplex,,,,,,
Großen Häuslhorn,,,,,,
Macron,,,,,,
Europaturm,,,,,,
blau-gelb,,,,,,
Weserufer,,,,,,
Reiter Alpen,,,,,,
Unken,,,,,,
UN-Vertreter,,,,,,
Roncalliplatz,,,,,,
Serpil Midyatli,,,,,,
Bergheim im Rheinland,,,,,,
Flughafen verantwortli…,,,,,,
Krisenfall,,,,,,
Kandidatu…,,,,,,
Ober-Assam,,,,,,
Arbat,,,,,,
Ärmelkanal durchkrault,,,,,,
Telepolis-Podcast,,,,,,
Riad Gespräche,,,,,,
Südirans,,,,,,
Kob…,,,,,,
Tambow,,,,,,
Tormonster Haaland,,,,,,
Trump-Gesprächen,,,,,,
Marktoberdorf,,,,,,
Hohen Norden,,,,,,
Schneematsc…,,,,,,
Trump-Krise,,,,,,
Südiran,,,,,,
Ölabkommens,,,,,,
Weihnachts-Krise,,,,,,
Nordholz,,,,,,
Versicherungskunden,,,,,,
Ukraine-Stellungen,,,,,,
Hisbollah-Mitgliedern,,,,,,
Land Alarm,,,,,,
Paderborner,,,,,,
US-Westküste,,,,,,
Linken-Politikerin,,,,,,
Rohstoff-Abkommen,,,,,,
Klimaszene,,,,,,
DRK,,,,,,
Walnussbäume,,,,,,
Schalke-Bosse,,,,,,
Grazer Wegener Center für Klima und Globalen Wandel,,,,,,
BMW-Standort Hannover,,,,,,
Ho,,,,,,
BBB,,,,,,
Berliner Landeshaushalts,,,,,,
ho,,,,,,
Badespaß,,,,,,
Schokoladen-Weihnachtsmänner,,,,,,
Rollte spi…,,,,,,
Berliner Bäderbetrieben,,,,,,
Strandbad Wannsee,,,,,,
Gasstopp,,,,,,
Brückenkopf,,,,,,
Schleswig-Holsteinische Landtag,,,,,,
Ukrainischer Staat,,,,,,
Palanca,,,,,,
Aktienkurs von Deutschlands,,,,,,
Energiekonzern Gasag,,,,,,
Bundesamtes für Bevölkerungsschutz …,,,,,,
Putin-Beauftragter,,,,,,
Minutentakt,,,,,,
Gaslieferungen,,,,,,
Banken-Skandal,,,,,,
Palais des Nations,,,,,,
Drohnenschwärmen,,,,,,
Saar-Innenminister,,,,,,
Wanderern,,,,,,
Trierer,,,,,,
Transbaikalien,,,,,,
Strom,,,,,,
Insiderwissen,,,,,,
Brandenburgs Bildungsministerium,,,,,,
Lunz am See,,,,,,
Brauereihallen,,,,,,
Warmensteinacher,,,,,,
Fleckl,,,,,,
Ingendorf,,,,,,
Lehrern,,,,,,
Kriegsgebiet Gaza,,,,,,
Abrissbagger,,,,,,
Berufsorientierenden,,,,,,
Ochs…,,,,,,
Arbeitskräften,,,,,,
Quadratmetern,,,,,,
Milliardenpaket,,,,,,
Rommerskirchen,,,,,,
Zentrum für Forschung und Vorausentwicklung,,,,,,
Ausla…,,,,,,
führungsschwach,,,,,,
Notz,,,,,,
Inntal,,,,,,
Kitz…,,,,,,
Landkreis Cuxhaven,,,,,,
Meinungsgraben,,,,,,
Metern,,,,,,
Immobilienweisen,,,,,,
Landkreis Stade,,,,,,
Taunusstein,,,,,,
antarktischen Eisschilde,,,,,,
US-Gewässer,,,,,,
Belletristik,,,,,,
Niederheimbach,,,,,,
Kreis Mainz-Bingen,,,,,,
Straße von Hormus – ,,,,,,
Winter-Bettdecken,,,,,,
Postbank,,,,,,
Basketball-Bundesligisten,,,,,,
Riskokapitals,,,,,,
Offshore-Bohrverbot,,,,,,
US-Küsten,,,,,,
Cosmos,,,,,,
Schulendorf,,,,,,
Drohnen-Fabrik,,,,,,
Telegram-Kanal,,,,,,
Motorradclubtreffen,,,,,,
Abschiedstournee,,,,,,
Motorola,,,,,,
Schienenwegen,,,,,,
Bundesliga-Mittelmaß,,,,,,
Sachen Schuldenbremse,,,,,,
Retrotrikots,,,,,,
Bayer-Konzern,,,,,,
Chinas Atomwaffenarsenal,,,,,,
Moskauer Militär,,,,,,
Mordamerikas,,,,,,
Champ…,,,,,,
Stromversorgungs-Anlagen,,,,,,
Champions-League-Gipfel,,,,,,
Offshore-Bohrungen,,,,,,
Goldhase,,,,,,
Beselich,,,,,,
Sperrbildschirm,,,,,,
Saudi-Arabien +++ Bürgermeister,,,,,,
Sportwagenhersteller,,,,,,
Umschlagmethode,,,,,,
Gesprächen im Weißen Haus,,,,,,
Investitionsbedarf,,,,,,
Gas-Lieferstopp,,,,,,
Unep,,,,,,
Brandanschlägen,,,,,,
U-Bahn-Tunneln,,,,,,
Kiew Behörden,,,,,,
April-Mai,,,,,,
Ford-Management,,,,,,
Stille,,,,,,
Fortschritten,,,,,,
A4,,,,,,
Tempelhofer,,,,,,
Atos,,,,,,
Hauptbahnhof Neustadt an der Weinstraße,,,,,,
Panzer-Sichtung,,,,,,
Klimas,,,,,,
Schlimmer,,,,,,
Alte Kohlemeiler,,,,,,
Odessa Museum,,,,,,
IT-Dienstleister,,,,,,
Wörschach,,,,,,
Grafikkarten,,,,,,
Chilsan Tower,,,,,,
Yeonggwang,,,,,,
US-Waren,,,,,,
Tankerunfällen vor der Krim,,,,,,
Berliner Straße,,,,,,
Land einzustell…,,,,,,
Puh,,,,,,
Jänschwalde,,,,,,
Putin-Freunde,,,,,,
Schwurbler,,,,,,
Arjeplog,,,,,,
Nato-Überwachungseinsatz,,,,,,
Russlands Automobilmarkt,,,,,,
Promille-Polizist,,,,,,
"Industriemuseum"" werd…",,,,,,
Wirtschaftskarussell,,,,,,
Ruhrpott,,,,,,
verletz…,,,,,,
Wasserspeicher,,,,,,
Aufrüstungsoffensive,,,,,,
Sondergipfel konfrontatives,,,,,,
den USA z,,,,,,
Industriemuseum,,,,,,
Wahlzettel,,,,,,
Amerikasee,,,,,,
Aschekreuz,,,,,,
Kurachowo,,,,,,
Taimyr bel,,,,,,
Anlagefonds,,,,,,
ETF,,,,,,
Straße Donezk-Horliwka,,,,,,
Mietshäusern,,,,,,
Mietwohnungen,,,,,,
Brüs…,,,,,,
Müss…,,,,,,
Führungswechsel,,,,,,
Gebietsverl…,,,,,,
Syrskyj,,,,,,
Zoff,,,,,,
Honshu,,,,,,
London Gespräche,,,,,,
Absprache,,,,,,
Großraum Frankfurt,,,,,,
Datschenske,,,,,,
Mittelmaß,,,,,,
Südlichen Ozean,,,,,,
Gas-Transit-Stopps,,,,,,
Tor-Krise,,,,,,
Swessa,,,,,,
Hertha-Krise,,,,,,
Maxar,,,,,,
Hammer,,,,,,
proukrainische Partisanengruppe Atesh,,,,,,
Banken-Gipfel,,,,,,
Axt,,,,,,
Rheine,,,,,,
Tagen am Limit,,,,,,
Eisweinlese,,,,,,
Nowyj Trud,,,,,,
Silvesterszene,,,,,,
Bergheim,,,,,,
Rilke,,,,,,
Obbürgen,,,,,,
Dieburg,,,,,,
Gesprächsforums Waldai-Klub,,,,,,
Nikolaewka …,,,,,,
Großraum Asien-Pazifik,,,,,,
Viktorowka,,,,,,
Schuldenreg…,,,,,,
Prorussische Desinformation,,,,,,
Katja,,,,,,
Trump Strait,,,,,,
Wowkowe,,,,,,
Tönning,,,,,,
Wars,,,,,,
Rückgrat,,,,,,
Test-Wohnung,,,,,,
Tr…,,,,,,
Nationalpark…,,,,,,
lan…,,,,,,
Lebensmittelkonzern,,,,,,
Autoriesen Stellantis,,,,,,
Gelsenkirchen-Schalke,,,,,,
Sudzha,,,,,,
Flughafen…,,,,,,
Autofahrerin,,,,,,
auseinanderging,,,,,,
US-Stützpunkten,,,,,,
Liga-Krise,,,,,,
Katakomben,,,,,,
Stundentakt übe…,,,,,,
Oval-Office-Eklat,,,,,,
Yosemite-Nationalpark,,,,,,
KI-Funktionen,,,,,,
ADAC-Test,,,,,,
"Ölreserven
",,,,,,
Wahlkreislisten,,,,,,
Maracaibo-See,,,,,,
Schicks…,,,,,,
Borowski-Tatort,,,,,,
Krimi-Festival,,,,,,
Trauerweiden,,,,,,
Sergej Mitrochin,,,,,,
Horrorszenarien,,,,,,
kleinen Land,,,,,,
EU-Ratspräsident An…,,,,,,
Raffinerie Mitteldeutschland,,,,,,
Deutschlands Wasserstoff-Zukunft,,,,,,
Finanz-Redaktion,,,,,,
Meinungsumfrage,,,,,,
Südosteuropa,,,,,,
"Kontrast
",,,,,,
Owetschkin,,,,,,
Leav,,,,,,
Haus im Flüchtlingsviertel Al-Maghasi,,,,,,
Kinshas…,,,,,,
Kampfs,,,,,,
Berg Langtang,,,,,,
Waffenruhe-Phase,,,,,,
Unterwasserkabeln,,,,,,
Brand-Attacke,,,,,,
Iran Höchststand,,,,,,
Energietechn…,,,,,,
Onl…,,,,,,
Sangerhausen,,,,,,
Schuldenbremse für Militärausgaben und mehr finanzie…,,,,,,
Energietechnik-Riese,,,,,,
Bundesliga-Trainers,,,,,,
La Hague,,,,,,
Auslandsmedien,,,,,,
Erfolgsspur,,,,,,
US-Auslandsmedien,,,,,,
Wasserkessel,,,,,,
Feinstaub-Alarm,,,,,,
Oje,,,,,,
Herr Bäte,,,,,,
Marktumfeld,,,,,,
Gebäudetechnik-Tochter,,,,,,
Kuwait-Stadt,,,,,,
Aserbaidschan-Airlines-Maschine,,,,,,
US-Stellungen,,,,,,
Klima-Koalition,,,,,,
US-Flüssigerdgas,,,,,,
Verordnungsentwurfs,,,,,,
Sechsfachmord von Stade,,,,,,
Drohnen-Anschlag,,,,,,
Wahlkreis Moskau,,,,,,
Nato-Angaben,,,,,,
Olga,,,,,,
Drohnenattacke von Leipzig,,,,,,
Skorpion,,,,,,
Halbleiter-Riese,,,,,,
Chip-Riese Int…,,,,,,
Deutschland-Frankreich,,,,,,
kriegsgebeutelte Land,,,,,,
Kilometerlange Schleifspur,,,,,,
NEW YORK,,,,,,
Russisches Haus und Generalkonsulat,,,,,,
Multi-Room,,,,,,
Terminal Sever Bay,,,,,,
US-Umweltschutzbehörde,,,,,,
Perowo,,,,,,
Unterseekabel,,,,,,
Millardenhöhe,,,,,,
Kursk-Region,,,,,,
Ukraine-Truppen,,,,,,
Kryptomining,,,,,,
Boston,,,,,,
Dienstag t…,,,,,,
Waffen-Milliarden,,,,,,
Merz-Deutschland,,,,,,
Flughafen Boston Logan,,,,,,
Feuerwerkskörpern,,,,,,
Störche brüten,,,,,,
Gastransit,,,,,,
Derby-Rückspiel,,,,,,
Dingolfing,,,,,,
Steilshoop,,,,,,
Ritz-Carlton-Hotel,,,,,,
rußiger Qualm,,,,,,
Musik-Sekunden,,,,,,
Ost-Kongo,,,,,,
Carver,,,,,,
Luitpold-Gymnasium,,,,,,
Aktienkurs von Tesla,,,,,,
h…,,,,,,
Elbrus-Basis,,,,,,
Dresdner Schloss“,,,,,,
Dresdner Schloss,,,,,,
Bunkerschutzes,,,,,,
Spielestreaming,,,,,,
US‑Podcast,,,,,,
Jänner Recyclingabgaben,,,,,,
Flachs,,,,,,
Krisengipfel,,,,,,
Pacific Palisades,,,,,,
Beinbruch,,,,,,
Quebec,,,,,,
F1,,,,,,
Nördliche Seeroute,,,,,,
Eskalation</li><li,,,,,,
Charlevoix,,,,,,
La Malbaie,,,,,,
Vize-Chef,,,,,,
Livland,,,,,,
Replik,,,,,,
Washington Kremlchef,,,,,,
Baumgart,,,,,,
Waffenruhe-Debatte,,,,,,
Däne,,,,,,
BN-Landesvorstand,,,,,,
Frankreichs Populisten,,,,,,
See un…,,,,,,
Südwand,,,,,,
UN-Resolution,,,,,,
Sumitra Tanti,,,,,,
Haus du wohnst,,,,,,
Straße von Hormus – US-Militär,,,,,,
Nordseeöl,,,,,,
Sparkurs bei Volkswagen,,,,,,
weiterlesenKurz,,,,,,
Krymsk,,,,,,
Verwaltungspersonal,,,,,,
Lücken,,,,,,
Antonow-Flugzeuge,,,,,,
Laschet,,,,,,
Olexander Prokudin,,,,,,
Milchproduzent,,,,,,
Enem,,,,,,
BraVo Wärmewende,,,,,,
LNG-Hahn,,,,,,
Kenscoff,,,,,,
unterweg…,,,,,,
Deluxe-Behältern,,,,,,
Luftwaffen-Airbus,,,,,,
Satell…,,,,,,
Bulldoggen-Angriff,,,,,,
Amt gekegelt,,,,,,
Moos essen,,,,,,
Vogelkörper,,,,,,
Bundeswehr-Netzen,,,,,,
wiegeln,,,,,,
Grafenau,,,,,,
Korruptionsvorwürfen,,,,,,
Prospekten,,,,,,
heruntergeht,,,,,,
Fußballstar Lionel Messi,,,,,,
Hippieflair,,,,,,
Ryck,,,,,,
Ostern lodern,,,,,,
Pflegeheim,,,,,,
Mittwo…,,,,,,
Internetvideos,,,,,,
Geheimdienst-Operation,,,,,,
ANC-In-Ears,,,,,,
Kräftebalance,,,,,,
Tankstopp,,,,,,
Berliner Zentrum,,,,,,
Mikromanagement,,,,,,
Dornhan,,,,,,
Vereinigten Arabischen Emi…,,,,,,
US-Tanker,,,,,,
Reinickendorfer Pflegeheim,,,,,,
Mrin,,,,,,
Combine,,,,,,
rot-schwarze Regierung,,,,,,
KiewWarschau,,,,,,
Rosa,,,,,,
Energiemarkt un…,,,,,,
Monza,,,,,,
US-Bürger,,,,,,
Straßenbahn herumgeschrien,,,,,,
Amtsgericht Husum,,,,,,
Flensburg/Husum,,,,,,
Rubio Zugeständnisse,,,,,,
Großen Preis von Italien,,,,,,
Viersen-Süchteln,,,,,,
Skandal,,,,,,
Grabbeallee E…,,,,,,
Psychiatrie-Klinik,,,,,,
Osterfeue…,,,,,,
Berlin-Niederschönhausen,,,,,,
Moskauer Kirche,,,,,,
Wirtschaftsnationen,,,,,,
Gasnotstand,,,,,,
Speyerer,,,,,,
Biotechfirma,,,,,,
Klimatechnologien,,,,,,
Finanzminister Bessent,,,,,,
Börsen-News,,,,,,
Haiti Chaos,,,,,,
Rösti,,,,,,
Olympiahalle,,,,,,
Bezirk Steglitz-Zehlendorf,,,,,,
S. Stuchlik,,,,,,
Trivago,,,,,,
Blumeninsel,,,,,,
Winterflucht auf der Blumeninsel,,,,,,
G9,,,,,,
B 12,,,,,,
Messer-Angriffen,,,,,,
US-Führungsrolle,,,,,,
Pavarotti,,,,,,
Wirtschaftliche Ängste,,,,,,
Dorfgasthofsterben,,,,,,
Umweltbilanz,,,,,,
Huy,,,,,,
Pickup-Truck,,,,,,
Elektrowagens,,,,,,
Lübeck-St,,,,,,
Misserfolgs,,,,,,
Maas,,,,,,
Pizzakarton unterm Bett,,,,,,
Lügengebäude,,,,,,
Wagniskapital,,,,,,
Mitte-links-Lagers,,,,,,
Werbemarkt,,,,,,
Nachrichtenportal «Kyiv Independent,,,,,,
Ficos Balanceakt,,,,,,
Meck-Pomm,,,,,,
Burmester,,,,,,
Hmeimim,,,,,,
den Niederlanden…,,,,,,
<em>tagesthemen</em>-Interview,,,,,,
Schwefelteilchen,,,,,,
Industriearbeitsplätzen,,,,,,
Videobrille,,,,,,
NATO-Verpflichtungen,,,,,,
Viture,,,,,,
Geberländer,,,,,,
Großrbitannien,,,,,,
Berlin-Lankwitz,,,,,,
Portasplit,,,,,,
Amtsgericht Berlin-Tiergarten,,,,,,
Untersuchungshaftbefehle,,,,,,
Justizvollzugsanstalt Kempten,,,,,,
Pressetermin,,,,,,
Roadstern,,,,,,
Vorstoß,,,,,,
EU-Finanzminister-Treffen die Schweiz,,,,,,
US-Elektroautobauer,,,,,,
U…,,,,,,
Angerstraße,,,,,,
Kreml-Nähe,,,,,,
Fugger,,,,,,
Sicherheitskonferenz,,,,,,
Belgorod“,,,,,,
Lehrbuch,,,,,,
Land w…,,,,,,
Oster-Deals,,,,,,
Switch-Generation,,,,,,
Krisenland Libanon,,,,,,
Omens of Tyranny,,,,,,
adressgenau,,,,,,
Polenmarkts Hohenwutzen auf,,,,,,
Grand Théâtre de Genève,,,,,,
Skandals,,,,,,
Finanzierungsstopp,,,,,,
Ostseeinsel Bornholm,,,,,,
Grand Théâtre,,,,,,
Lebensmittel-Preisvergleich,,,,,,
Mussorgskys,,,,,,
Grazer Wegener Center,,,,,,
Straßburger Gericht,,,,,,
Klang,,,,,,
USAid,,,,,,
Rohr,,,,,,
Jekaterinburger Kathedrale,,,,,,
Russland-Spionin,,,,,,
Golftstaaten,,,,,,
Hamburg Pyro,,,,,,
Haftstrafen für Nawalny-Anwälte,,,,,,
benzinbetriebenen,,,,,,
Burgstallstraße,,,,,,
Assad-Anhänger,,,,,,
Kitzbühel,,,,,,
Spezialklinik,,,,,,
UN-Friedensmission,,,,,,
europäischen Kontinent,,,,,,
Raumnahme,,,,,,
Landesrechnungshof Sachsen-Anhalt,,,,,,
bayerischen Nachbarlandes,,,,,,
Berlin-Grunewald,,,,,,
Pavillon,,,,,,
TV-Duell,,,,,,
Ermittlerkreisen,,,,,,
Klima-Aussage,,,,,,
Haus von e…,,,,,,
Stückes Gaspipeline,,,,,,
Kabelbrand Bahn,,,,,,
Borken,,,,,,
hohen Bedarfs,,,,,,
Altmühlsees,,,,,,
Krisenspital,,,,,,
Jesús Mora,,,,,,
Biel,,,,,,
Alcalá de Guadaíra,,,,,,
Andalusiens,,,,,,
Mahnmal für Wahnsinn,,,,,,
Schwalm-Eder-Kreis,,,,,,
"Ohio
",,,,,,
Castro-Chavismo,,,,,,
AfD-Plänen,,,,,,
Dnjestr,,,,,,
Wiesbaden-Nordenstadt,,,,,,
Böcklerpark,,,,,,
Status-quo-Politik,,,,,,
UN-Gesandter,,,,,,
Kfz-Steuer,,,,,,
Wunsiedel,,,,,,
Kochschürzen,,,,,,
Thüringer AfD,,,,,,
Naturschäden,,,,,,
BN,,,,,,
Zentralgaza,,,,,,
Demokratin,,,,,,
Mekong entlanggeht,,,,,,
Ho-Chi-Minh-Stadt,,,,,,
Naturverständnis,,,,,,
Tatverdächtigem,,,,,,
Agrarbereich,,,,,,
Odessa +++ Rutte,,,,,,
Warnmeldungen,,,,,,
Horde,,,,,,
"Köln
",,,,,,
Hansestadt Lübeck,,,,,,
"Kiew ""Winterpaket",,,,,,
Kakao-Krise,,,,,,
Bayern-Duell,,,,,,
Zarenreich,,,,,,
Autoleasing,,,,,,
Hauseigentümers,,,,,,
Seniorenwohnungen,,,,,,
Libanon …,,,,,,
kognitivem,,,,,,
Office-Anwendungen,,,,,,
Münchner Konferenz,,,,,,
Office,,,,,,
Kottbusser T…,,,,,,
Speicherstadt,,,,,,
Zeven,,,,,,
Kathi-Chef,,,,,,
Grenoble,,,,,,
SZ-Kolumne,,,,,,
Landesdiener,,,,,,
Stadt Grenoble,,,,,,
Landkrei…,,,,,,
Sass-Ersatz,,,,,,
Granaten,,,,,,
Sturmgewehren,,,,,,
Kältezentrale,,,,,,
Mall of Berlin,,,,,,
Syrien-Konferenz,,,,,,
nic…,,,,,,
Gespräche gil…,,,,,,
Winter-Accessoire,,,,,,
US-Zugeständnisse,,,,,,
Kaarst,,,,,,
besch…,,,,,,
Einsatzplänen,,,,,,
Ukraine-Grenzen,,,,,,
Konotop,,,,,,
Bundeswehr-Studie,,,,,,
Start-up Mynaric,,,,,,
Klima-Lilli,,,,,,
Umsatzsteuerkarussell,,,,,,
Landestourismusverbandes,,,,,,
Beiruter Hafen,,,,,,
Hegseth,,,,,,
Tourismusverband-Krise,,,,,,
Ost,,,,,,
Saudi-Arabiens Pipeline,,,,,,
Southampton,,,,,,
Al-Faschi…,,,,,,
Tankstellenkunden,,,,,,
Stadt Al-Faschir,,,,,,
K.o,,,,,,
Blankoscheck,,,,,,
Sicherheitsdienste,,,,,,
Büchner-Preisträger,,,,,,
Genozid,,,,,,
Flüchtlingslagern,,,,,,
Rentenniveau,,,,,,
Pakt,,,,,,
Markenwahl,,,,,,
Atacama-Wüste,,,,,,
Rasn,,,,,,
Müllstadt,,,,,,
Manchester-Attentäter,,,,,,
Guardola,,,,,,
Kassenbüchlein von Lukas von Wartburg,,,,,,
Eisenstangen-Angriff,,,,,,
Hamburg-Eidelstedt,,,,,,
Kriegsgefangenschaf,,,,,,
Tagesspiegel-Recherchen,,,,,,
Landeskriminalamt,,,,,,
Ruhepol,,,,,,
Gas-Großhandel,,,,,,
Verbund,,,,,,
Parteifunktionären,,,,,,
Samos,,,,,,
Saalbau Bornheim,,,,,,
Touristen-U-Boot,,,,,,
Hohe Strom- und Gaspreise,,,,,,
US-Spezialkräfte,,,,,,
Unions-Vorstoß,,,,,,
Adnoc,,,,,,
wirks…,,,,,,
Anführern,,,,,,
Infrarotheizungen,,,,,,
Hamburg-Hammerbrook,,,,,,
Einschätzungen,,,,,,
Hardware-Markt,,,,,,
US-Offizier,,,,,,
Gudrunstraße,,,,,,
Geschäfts,,,,,,
NYX-Hotel,,,,,,
Outback,,,,,,
Bundesliga-Jahr,,,,,,
Finnischen Meerbusens,,,,,,
Selbstwert,,,,,,
Literaturfans,,,,,,
Washington gla…,,,,,,
Engels-2,,,,,,
Misan,,,,,,
Bundesland,,,,,,
Hessen-Ministerpräsidenten,,,,,,
Schulamts,,,,,,
SVS,,,,,,
Gaza-Partei,,,,,,
Wort kriegstüchtig,,,,,,
Nationalcoach Dorival Júnior,,,,,,
Seleção,,,,,,
Kreml-Positionen,,,,,,
Land unverantwortlicherweise,,,,,,
Schleppern,,,,,,
Straße von Hormus +++ Österreich,,,,,,
Waldweg,,,,,,
Grenzbereich,,,,,,
Irpin,,,,,,
weiterlesenWien,,,,,,
Humvees,,,,,,
Stadt Monheim,,,,,,
Oblast Kiew,,,,,,
Dormagen,,,,,,
Rose,,,,,,
Echsen,,,,,,
Fußball-Oberhaus,,,,,,
Grünen-Fraktionschefin,,,,,,
Darja Kassatkina,,,,,,
"Weißem Haus in geheime Signal-Gruppe ""Geburtstagsgeschenk für Wladimir",,,,,,
Ostbrandenburg,,,,,,
Maschinenpistolen,,,,,,
Kompressor-Kühlbox,,,,,,
Kulturverlag Theater der Zeit,,,,,,
Manövrierunfähiger,,,,,,
ausgeströmt,,,,,,
G20-Staat Australien,,,,,,
Buch Halbinsel,,,,,,
Kampftruppen,,,,,,
Alpengartenstraße,,,,,,
Combined Air Operation Center,,,,,,
Rettungsdienste,,,,,,
Verkehrsverbund,,,,,,
Telegrafenberg,,,,,,
Schneeschauer,,,,,,
Livetick…,,,,,,
Insiderangaben,,,,,,
Kiewer Regime,,,,,,
Klima-Disaster,,,,,,
Treibhausgases,,,,,,
Anklam,,,,,,
Piëch,,,,,,
Zwischenlager,,,,,,
Islam,,,,,,
Berlin-Grünau,,,,,,
Löwen,,,,,,
Grafschaft,,,,,,
Kent,,,,,,
Russisches Konsulat,,,,,,
Renpho,,,,,,
US-Regierungsvertreter,,,,,,
Soldatengräbern,,,,,,
Kanonendonner,,,,,,
Tee-Anbau,,,,,,
Coronavirus SARS-CoV-2,,,,,,
Coronavirus,,,,,,
Einsteinturm ,,,,,,
Chat,,,,,,
Hohe US-Beamte,,,,,,
Holocaust-Denkmal,,,,,,
Berliner Holocaustmahnmal,,,,,,
Niedersachsen be,,,,,,
Kaschmirsocken,,,,,,
Karlsruher Behörde,,,,,,
Berliner Kammergericht,,,,,,
Propagandabühne,,,,,,
US-Eigentum,,,,,,
US-Besitz,,,,,,
Biergarten-Schub,,,,,,
Stripe,,,,,,
Gas-Pipeline Nord Stream 2,,,,,,
Landesjagdverband,,,,,,
Neubaus von Atomkraftwerken,,,,,,
Sexy Auftakt,,,,,,
Geschichtsbild de…,,,,,,
Ukraine-Kapitulation,,,,,,
Paypal-Aktie,,,,,,
Milliardenschatz,,,,,,
Sankt-Petersburg,,,,,,
baltischen Land,,,,,,
Türschloss,,,,,,
Bruttoinlandsprodukt des Irans,,,,,,
Stadt Saporischschja,,,,,,
Kazan,,,,,,
Regierungspräsidium Stuttgart,,,,,,
Kasan am Morgen,,,,,,
Knopf,,,,,,
Kirchenoberhaupt,,,,,,
jackson Hole,,,,,,
Rolle Muske…,,,,,,
Hohen Kommissars der Vereinten Nationen…,,,,,,
Winter-Workout,,,,,,
"Erdbeben bei Geothermie-Projekten
",,,,,,
Krywyj R…,,,,,,
Gaskraftwerke,,,,,,
Kasernenbau am Fließband,,,,,,
Trump im Weißen Haus,,,,,,
internationalen Flughafens,,,,,,
Labore,,,,,,
bergen,,,,,,
Born,,,,,,
Mondp…,,,,,,
Yoon,,,,,,
Ezra,,,,,,
Spaziergang im Winter,,,,,,
Usmanow,,,,,,
gleichnamigen Kloster,,,,,,
Sontsivka,,,,,,
Stuttgarter Stadion,,,,,,
Park Geun Hye,,,,,,
Gebäudefassade,,,,,,
litauisches,,,,,,
Brandenburgs CDU-Fraktionsvize,,,,,,
Michaelsplatz,,,,,,
Soldatentrainings,,,,,,
Generalstaatsanwaltschaft Dresden,,,,,,
Bezirk Pokrowsk,,,,,,
Platz…,,,,,,
Callstack,,,,,,
Bundeswehranlage,,,,,,
Dachser,,,,,,
Berliner Flughafens,,,,,,
Sicherheitsgründ…,,,,,,
Kieler Vinetaplatz,,,,,,
Nordost-England,,,,,,
Protestaktionen,,,,,,
Sunderland,,,,,,
Bad Orb +++ Schauer,,,,,,
Statistische Bundesa…,,,,,,
Betriebsabläufen de…,,,,,,
Wattenmeerinseln,,,,,,
Oligarchen-Deal,,,,,,
Neckarsulm,,,,,,
Adobe,,,,,,
Zentrum Kiews,,,,,,
Rhein-Main-Liveblog,,,,,,
Margelo,,,,,,
Fridman,,,,,,
Sportdirektor Imhof,,,,,,
Vlies,,,,,,
Mordwinien,,,,,,
Wochenstart,,,,,,
Dachbegrünungen,,,,,,
Kaunas,,,,,,
Grimme-Chefin,,,,,,
Myk…,,,,,,
Land Kernkraftwerke,,,,,,
zurückgelassener,,,,,,
Falkland-Inseln,,,,,,
Kriegsszenarien,,,,,,
Zoo Vivarium,,,,,,
Kernproblem,,,,,,
Ukraine ge,,,,,,
Brrrr,,,,,,
Republik Transnistrien,,,,,,
Wahlversprechen,,,,,,
AfD-Außenpolitiker Moosdorf,,,,,,
Kupinovo,,,,,,
Bomborto,,,,,,
US-Luftwaffenminister,,,,,,
Straße von Hormus und Amerikas,,,,,,
Medellín,,,,,,
Brüssel de,,,,,,
Landeskriminalamt Wien,,,,,,
dicke Winterjacke,,,,,,
CIA-Direktor,,,,,,
Verbraucherportal Verivox,,,,,,
Öko-Strom,,,,,,
Nato-Außenministerinnen,,,,,,
Stunden am Tag,,,,,,
Monheim,,,,,,
Königreichs,,,,,,
Straße von Hormus – ohne,,,,,,
Nordsee-Insel Borkum,,,,,,
Holzverbrenner,,,,,,
Justizvollzugsanstalt Vechta,,,,,,
Vermittl…,,,,,,
Newsticker,,,,,,
Jemen Israel,,,,,,
Preisvergleichen,,,,,,
Solidari…,,,,,,
Wasser,,,,,,
Betroffenen,,,,,,
Fels,,,,,,
Liveblog Man,,,,,,
Konter-Ansage,,,,,,
Marineoffizier,,,,,,
Navalmoral de la Mata,,,,,,
Schokolade,,,,,,
Ukraine-Zukunft,,,,,,
US-Russland-Verhandlungen,,,,,,
Ofenherstellen,,,,,,
Netflix-Serie «Adolescence,,,,,,
New Yorker Terminbörse,,,,,,
Autobahn“,,,,,,
Resilienz,,,,,,
Schornsteinfegern,,,,,,
Saint-Tropez,,,,,,
Millionen-Krise,,,,,,
Wiener Landesgericht für Strafsachen,,,,,,
Haftrichterin,,,,,,
Landgericht Wien,,,,,,
moldauische Außenministerium,,,,,,
Taxanen,,,,,,
Autobahn 45,,,,,,
Föderalismus,,,,,,
Fort Myers,,,,,,
Prepaid-Jahresabo,,,,,,
Saaldiener,,,,,,
Bundesverfassungsgericht!,,,,,,
Russland-Offensive,,,,,,
Anbieterwechseln,,,,,,
Linkedin-Kritik,,,,,,
Korruptionsermittlungen,,,,,,
Ast,,,,,,
Schwarzmeerpipeline,,,,,,
Gartenzaun,,,,,,
Fort Myers Sonne,,,,,,
Lauenburg,,,,,,
Talsohle,,,,,,
Sanibel Island,,,,,,
Windenergieanlagen,,,,,,
triumphal,,,,,,
Deutschlands Ausbeute,,,,,,
Berliner Mieter,,,,,,
Tagesthemen-Interview,,,,,,
Gewalttat im Münsterland,,,,,,
Ökobilanz,,,,,,
Schwede,,,,,,
Discounter-Parkplatz,,,,,,
Thermounterwäsche,,,,,,
Bad Kötzting,,,,,,
Berlin-Gesundbrunnen,,,,,,
Osloer Straße,,,,,,
Olpe,,,,,,
Oreschnik-Raketen,,,,,,
Stadt“,,,,,,
Kaminfeuer,,,,,,
Karpaten,,,,,,
Leserdebatte,,,,,,
Welt,,,,,,
Kundenkonto,,,,,,
Coca Cola,,,,,,
Mogelpackungen,,,,,,
OÖ,,,,,,
Babylon,,,,,,
Jared Kushner</li><li,,,,,,
Antragsheft,,,,,,
Berlin-Friedri…,,,,,,
Tollwut,,,,,,
Internetsperren,,,,,,
Rhein-Pfalz-Kreis,,,,,,
Bundesländer,,,,,,
Berlinale-Palast,,,,,,
geschlägert,,,,,,
Holzpreisen,,,,,,
Waldbauern schlägern,,,,,,
klimafit,,,,,,
midsommar,,,,,,
Sommersonnenwende,,,,,,
Hitze-Hotspots,,,,,,
Trumps Arme,,,,,,
Brennstoffzelle,,,,,,
Forschungsinstitute,,,,,,
Großstadt,,,,,,
Atrium-Tower,,,,,,
Quarantäne ge,,,,,,
Uran-Beständen,,,,,,
Dachlatten,,,,,,
DAAD-Büro,,,,,,
Tarifverträgen,,,,,,
Straße von Hormus +++ US-Militär,,,,,,
Berlin hof,,,,,,
Tech-Sektor,,,,,,
Görlitzer Park…,,,,,,
Festkörper-System,,,,,,
Bayrischen Hofs,,,,,,
Köthen,,,,,,
Bilk,,,,,,
Flechtdraht,,,,,,
Pappmaché,,,,,,
Nebra,,,,,,
Heizkraftwerks Schöneweide,,,,,,
Straßenkarneval,,,,,,
Starlink-Problemen,,,,,,
Split-Klimageräte,,,,,,
Herr Tilly,,,,,,
Putin-Russland,,,,,,
Bürstadt,,,,,,
Problem,,,,,,
Bockenheim,,,,,,
Gas-Abhängigkeit,,,,,,
Alternativvorschlägen,,,,,,
Bars,,,,,,
Lebensdauer,,,,,,
Münchner Herstellers,,,,,,
Agnieszka Br…,,,,,,
Stadt Halle,,,,,,
Enge,,,,,,
Ukraine-Flucht,,,,,,
Finanzbuch-Review,,,,,,
Stromlieferungen,,,,,,
Hellmuth Nordwig,,,,,,
Kiew ei,,,,,,
Ukraine-Unterstützer-Resolution,,,,,,
Hormuz-Strait-Monitor,,,,,,
Lustgar…,,,,,,
Pip…,,,,,,
Wangerland,,,,,,
Solarmodulen,,,,,,
Schiffstracking-Seiten,,,,,,
Rastatt,,,,,,
Frankfurter Römerberg,,,,,,
Cottbuser Innenstadt,,,,,,
Römerberg,,,,,,
Militärausgaben,,,,,,
Analysehauses Scope,,,,,,
Dachfonds,,,,,,
Vergleichsportal Verivox,,,,,,
Durchschnittsp…,,,,,,
Maulwürfen,,,,,,
Story Bunker,,,,,,
Hohe Temperaturen,,,,,,
Ginter,,,,,,
Lärm,,,,,,
Weißen-Adler-Orden,,,,,,
Grand-Union-Kanal,,,,,,
EU-Ratspräsident Costa,,,,,,
Abwehrminen,,,,,,
Amtsgericht Neumünster,,,,,,
Maschinenbauer,,,,,,
Malterdingen,,,,,,
Costa,,,,,,
Illertissen,,,,,,
Tauberbischofshei…,,,,,,
Umweltrisiken,,,,,,
Brillenpinguin,,,,,,
Zoo Magdeburg,,,,,,
Zukunftsladen,,,,,,
Toitenwinkel,,,,,,
Christbaum-Preise,,,,,,
Luze…,,,,,,
Strategische Vorausschau,,,,,,
Rohöl-Stopp,,,,,,
Straucheln,,,,,,
Zhadan,,,,,,
Albtraumszenario,,,,,,
Feldwegen die Tierherberge,,,,,,
Arbeitsministerium am Freitag,,,,,,
Un…,,,,,,
Ostmitteleuropa,,,,,,
Wettrüstungsdruck,,,,,,
Nordostdeutschland,,,,,,
Krimi,,,,,,
Kühlschrank sin,,,,,,
Rechenzentrumseffizienz,,,,,,
Ölblockade Hilfsgelder,,,,,,
Nacht USA,,,,,,
S. Petersohn,,,,,,
Einspruch Podcast,,,,,,
Landkreis Coburg,,,,,,
Rödental,,,,,,
kont…,,,,,,
US-Abschiebepolitik,,,,,,
Weltschifffahrtsorganisation,,,,,,
ICE-Razzien,,,,,,
Little Village,,,,,,
Wetterapp,,,,,,
Bayerischer Landtag,,,,,,
Energiepolitiker,,,,,,
Bahnmitarbeitern,,,,,,
Royal Pop,,,,,,
Swatch-Gruppe,,,,,,
Bodycams,,,,,,
Klima-Kurs,,,,,,
Ransomware-Angriffen,,,,,,
erwart…,,,,,,
Wiederaufbaukonferenz,,,,,,
Theaterbetrieb,,,,,,
Gießener Theater,,,,,,
Bahnkunden,,,,,,
Bahn-Personal,,,,,,
Wohnblock,,,,,,
Kiwschariwka,,,,,,
Venzuela,,,,,,
Kriegsgegnern Russland,,,,,,
Golf um Frieden,,,,,,
New Start-Abkommen,,,,,,
Erdbeben in Venezuela,,,,,,
Trump-Schock,,,,,,
Yamama-Palast,,,,,,
Aurich,,,,,,
Schach,,,,,,
Flühblüher,,,,,,
Gasproblem,,,,,,
Lawra,,,,,,
Militärdialog,,,,,,
Wolfersberg-Oberpframmern,,,,,,
Steam-Machine-Alternative,,,,,,
Visier Trumps,,,,,,
Kuba-Krise,,,,,,
Buenos,,,,,,
Heizkraftwerk Darnyzja,,,,,,
Straße von Hormus +++ Vance,,,,,,
Starlink-Aus,,,,,,
Erf…,,,,,,
deutschland,,,,,,
Kiel Institut: Europa,,,,,,
Abstiegsplätzen,,,,,,
Libanon-Konflikt,,,,,,
Hansestadt hi…,,,,,,
Petersdorff,,,,,,
British Columbia,,,,,,
Tumbler Ridge,,,,,,
Görlitz/Hagenwerder,,,,,,
Rüstungslieferungen,,,,,,
Kotluban,,,,,,
Weiberfastnacht,,,,,,
Epstein-Files,,,,,,
CO₂‑Quellen,,,,,,
Berlin-Tempelhof,,,,,,
Skeleton-Athleten,,,,,,
Spritstopp,,,,,,
Endangerme…,,,,,,
Cortina d Ampezzo,,,,,,
Halbinsel sowi…,,,,,,
Tankverbot,,,,,,
Sauerlands,,,,,,
Berlin-Br…,,,,,,
Bundesliga-Vorschau,,,,,,
Birkenstraße,,,,,,
Andreasstraße,,,,,,
Straße von Hormus reingedrückt,,,,,,
Stahlträger,,,,,,
Drittländern,,,,,,
Familie Moskaljow,,,,,,
Nichtwohngebäuden,,,,,,
Wohn-,,,,,,
Uni Giessen,,,,,,
Gesprächsstoff,,,,,,
Lüneburger Heide,,,,,,
Tierfutter,,,,,,
Bootes Drogenschmuggel,,,,,,
Bad Dürkheim,,,,,,
Drogenschmuggel,,,,,,
Söder-Tochter,,,,,,
Messaging-App,,,,,,
Medienaufsichtsbehörde Roskomnadsor,,,,,,
RKN,,,,,,
Ablaufdatum,,,,,,
Eiskanal,,,,,,
Polizeiangaben am Morgen,,,,,,
Personalie,,,,,,
Berliner Gehwegen,,,,,,
Schlingerkurs,,,,,,
Regierungsstellen,,,,,,
Grazer Firma,,,,,,
Deutschlands Auto-Krise,,,,,,
Grüngas,,,,,,
Zugchef,,,,,,
Friedenschance,,,,,,
Ramstein-Miesenbach,,,,,,
"""Am Volk",,,,,,
E Aretz,,,,,,
Logitech Lift,,,,,,
Netzreserve,,,,,,
Räumung von Minen,,,,,,
Coogee Beach,,,,,,
Kristallklares Wasser,,,,,,
Australiens Hai-Dilemma,,,,,,
Sankt Goar,,,,,,
Straße von Hormus geeinig…,,,,,,
Atomtechnologien,,,,,,
Konf…,,,,,,
Blatt,,,,,,
Atomgipfel,,,,,,
Kasachs…,,,,,,
ukrainische Kultur,,,,,,
Kernkraftwerk Isar 2,,,,,,
Kernkraftwerk Fukushima,,,,,,
Strompreis für Verbraucher,,,,,,
Gutenberg Center,,,,,,
Crivitz,,,,,,
Demen,,,,,,
Reißleine,,,,,,
Mariä-Entschlafens-Kathedrale,,,,,,
Einkaufszentrum Centro,,,,,,
Ö1-Interview,,,,,,
Dortmund in letzt,,,,,,
Bürgeramt,,,,,,
Privatwohnungen,,,,,,
Flughafen Mehr…,,,,,,
Haßfurt,,,,,,
Venezula,,,,,,
himmlischen Friedens,,,,,,
Après-Ski-Hits,,,,,,
Kebab-Preise,,,,,,
Mietshaus,,,,,,
Energieanlagen,,,,,,
Pizzeria-Brand,,,,,,
Online-Terminbuchung,,,,,,
Hacker-Angriffen,,,,,,
Amtsgericht Dessau-Roßlau,,,,,,
Landes Rheinland-Pfalz,,,,,,
weiterlesenÉvian-les-Bains,,,,,,
Landkreis Eichsfeld,,,,,,
Kriegslaune,,,,,,
Mittleren Ostens,,,,,,
Bundesrepublik China,,,,,,
Sipri-Report,,,,,,
Cort…,,,,,,
Hackergruppen,,,,,,
ModschtabaChamenei,,,,,,
Überlingen,,,,,,
Westens wo,,,,,,
Mitgliedsländer,,,,,,
Ständerat,,,,,,
Halbleitern,,,,,,
Erbil,,,,,,
Iran Israel,,,,,,
Berlin-Karlshorst,,,,,,
Energiepläne,,,,,,
Tank-Abzocke,,,,,,
Preis-Check,,,,,,
Markt für Diesel,,,,,,
Schattenflotte-Tanker,,,,,,
Ölblockade,,,,,,
Neunzigerjahren,,,,,,
Kreis Temrjuk,,,,,,
Rivians,,,,,,
Untersuchungsergebnissen,,,,,,
Seeterminal,,,,,,
Strandnähe,,,,,,
Mittelm…,,,,,,
Amtsgericht Hamburg-Harburg,,,,,,
Venedig-Biennale-Präsidenten,,,,,,
Kleim,,,,,,
Kriegsfoto,,,,,,
US-Präsident Russland,,,,,,
US-Entscheidung,,,,,,
Teheran a,,,,,,
Bahnhof Fulda,,,,,,
Ölpreises …,,,,,,
sprec…,,,,,,
pakistanischen Regierung,,,,,,
Beitrittsverhandlungen,,,,,,
Hisbollah-Zentralen,,,,,,
Nord…,,,,,,
morgenstern,,,,,,
US-Radaranlagen,,,,,,
Kyjiwer Höhlenkloster,,,,,,
Fußball-Ausnahmekönner,,,,,,
Medizintechnikkonzern,,,,,,
Obersten Führer,,,,,,
Kanzleramtschef Pofalla,,,,,,
Angriff auf Inseln,,,,,,
Teheran +++ Trump,,,,,,
Kernbrennstoffe,,,,,,
Onkalo,,,,,,
Star-Gastronom,,,,,,
Noma,,,,,,
Michelin-Sterne,,,,,,
Menüpreise,,,,,,
US-Recht,,,,,,
Ölmärkten,,,,,,
Bergen auf Rügen,,,,,,
Ölpreisfalle,,,,,,
Spritpreis-Regel,,,,,,
Profi-Niveau,,,,,,
Straße von Hormus – Öffnung,,,,,,
Eisschnelllauf-Verband,,,,,,
Eisschnelllauf-Präsident,,,,,,
Sexismus-Video,,,,,,
Berliner Innenverwaltung,,,,,,
Zusammenfas…,,,,,,
Iran-Angriffen Iran,,,,,,
Peine,,,,,,
Landgericht Würzburg,,,,,,
Untermain,,,,,,
wegduckt,,,,,,
Kiffern,,,,,,
Nouripour,,,,,,
E10,,,,,,
Landtagswahl in Baden-Württemberg,,,,,,
Erzfeinden,,,,,,
Grüneburgpark,,,,,,
Schiffsverfolgungsdienste,,,,,,
Besserwissern,,,,,,
Flughafe…,,,,,,
Ljublino,,,,,,
Justizvollzugsanstalt Celle,,,,,,
Sternberg,,,,,,
Dota Kehr,,,,,,
Washington Donald Trump,,,,,,
Diepholz,,,,,,
Porzellanmanufaktur Kahla,,,,,,
Amtsgericht Gera,,,,,,
nan Bulgarien,,,,,,
Russland-Initiative Costas,,,,,,
Michelin-Restaurants,,,,,,
Erdbeer-Boom,,,,,,
Kernkraftwerks Buscher,,,,,,
Fake-Geheimagent,,,,,,
Chark…,,,,,,
Barati,,,,,,
Täterinnen,,,,,,
Kampfansage an die Leseunlust,,,,,,
Booker-Preises,,,,,,
Unga…,,,,,,
Drohnen-Schleudern,,,,,,
Grafschaft Suffolk,,,,,,
Gogol,,,,,,
Atomreaktoren,,,,,,
Rollerführerschein,,,,,,
Kormoran-Bestand,,,,,,
Regierungsmitarbeiter,,,,,,
Chemiewerk,,,,,,
Leuna/Magdeburg,,,,,,
Kong…,,,,,,
Kauf,,,,,,
Winterwetter für Baustellen,,,,,,
Kiewer Kompanie,,,,,,
Festspielhaus Baden-Baden,,,,,,
Seebrügge,,,,,,
Deutschland dur…,,,,,,
deutschen Start-ups Helsing,,,,,,
Actionthrillern,,,,,,
Marta,,,,,,
Zugpersonal,,,,,,
sanktionsfreien,,,,,,
AWS-Rechenzentren,,,,,,
Cambridge Bay,,,,,,
Inflationsrisiken,,,,,,
Atomwaffen-Pläne,,,,,,
Zentrum der pfälzischen Stadt,,,,,,
Hansa-Fans,,,,,,
Waffen-Banner,,,,,,
Energie Cottbus,,,,,,
Fed-Zinsentscheid,,,,,,
Nils,,,,,,
Sultanat am Golf,,,,,,
Oriana,,,,,,
Pedro,,,,,,
Ärmelkanal Warnschüsse,,,,,,
Warnschüsse,,,,,,
Disha,,,,,,
Lotterien,,,,,,
Einschüchterungen,,,,,,
Hollywood-Regisseurs,,,,,,
Arbeitsplatzangst,,,,,,
Angebots,,,,,,
Rabattschlacht,,,,,,
Donnerstagfrüh,,,,,,
Kampfflugzeuge,,,,,,
Taschengeld,,,,,,
Arbeitsministerin Bas,,,,,,
Besuchs im Weißen Haus,,,,,,
Versailles,,,,,,
Al…,,,,,,
Fähigkeitslücken,,,,,,
Torpedo,,,,,,
Sri Lankas,,,,,,
Straße von Hormus «unverzüg…,,,,,,
Schoss Versailles,,,,,,
Hanseatischen Oberlandesgerichts,,,,,,
Batteriezellen,,,,,,
C02,,,,,,
Kurzentrum,,,,,,
Horn-Bad Meinberg,,,,,,
Großer Ansturm,,,,,,
weiterlesenDie,,,,,,
Gastarife,,,,,,
Konjunkturprognose,,,,,,
Angestelltenbereich,,,,,,
lauter,,,,,,
Preisvergabe,,,,,,
Schmaler Grad,,,,,,
Windkrafträdern,,,,,,
Spionageprozess,,,,,,
Kiewer Verhandlungschef,,,,,,
"Erdbeben der Stärke 7,2 und 7,5",,,,,,
Eishockey-Frauen,,,,,,
Clarksburg,,,,,,
A67,,,,,,
"Sankt
Petersburg",,,,,,
Kälte-Chaos,,,,,,
Frodo,,,,,,
Gandalf,,,,,,
Mittelerde,,,,,,
Umlands,,,,,,
Wellington,,,,,,
Ringe-Kinofilm,,,,,,
Kiewund,,,,,,
Brentwood,,,,,,
West Virginia,,,,,,
Autobahn 67,,,,,,
Preisträgerin,,,,,,
Zielfahndern,,,,,,
Mordkommission ermittel…,,,,,,
Schneemassen,,,,,,
Tempelhofer Feld,,,,,,
Oreschnik-Einsatz,,,,,,
Getränke,,,,,,
Kürze Free-TV-Premiere,,,,,,
Große Tabelle,,,,,,
Heizungsart,,,,,,
Dortmunds Guirassy,,,,,,
Bibber-Kälte,,,,,,
Kamelhaar-Trick,,,,,,
ICE-Einsätzen,,,,,,
tink,,,,,,
Pkw,,,,,,
Berliner Bekennerschreiben,,,,,,
Führungschaos bei der Baywa,,,,,,
Baywa AG,,,,,,
Élysée,,,,,,
Alpakas,,,,,,
Juli-Umfrage,,,,,,
Rekordsumme,,,,,,
"Klimafonds
National",,,,,,
Nottuln,,,,,,
Durchschnittspreise,,,,,,
Eishockey-Bundestrainer,,,,,,
Tierpark,,,,,,
Rot-Lila,,,,,,
Bundeswehr-Soldaten,,,,,,
Ukraine-Friedensbemühungen,,,,,,
Zwickauer Innenstadt,,,,,,
Familienhand,,,,,,
Weihnachtsfeier,,,,,,
Family Offices,,,,,,
Verkehrsbetriebe,,,,,,
Tennismatch,,,,,,
Venezu…,,,,,,
Sicherheitsdokument,,,,,,
Kardiologen,,,,,,
Neustadt-Dosse,,,,,,
Bad Eilsen,,,,,,
Milliarden-Verkäufe,,,,,,
Universität Konstanz,,,,,,
Oblast Kaliningrad,,,,,,
Qatars,,,,,,
Wiener Hafen,,,,,,
Eisdruck,,,,,,
Sommergrippe,,,,,,
Anker-Speicher,,,,,,
Kompressor-Kühlboxen,,,,,,
Straße von Hormus ,,,,,,
Appenweier,,,,,,
Weinabsatzkrise,,,,,,
Nuklearpark,,,,,,
Überlebenstraining,,,,,,
Cowork,,,,,,
Gebäudes,,,,,,
Obersten Gerichtshofs der Vereinigten Staaten,,,,,,
Atemwölkchen,,,,,,
Halle nich…,,,,,,
Energiedienstleisters Techem,,,,,,
Kostens…,,,,,,
Vorfall,,,,,,
Stiftung Wald,,,,,,
Breslauer Museum,,,,,,
Holzpflöcke,,,,,,
Hohe Opferzahlen für die Ukraine,,,,,,
Suwalki-Lücke,,,,,,
Selbstmordattentätern,,,,,,
Memel,,,,,,
ucja,,,,,,
Krystiana,,,,,,
Flusswärme,,,,,,
Radek,,,,,,
Tomasz,,,,,,
Ahmedabad,,,,,,
Zwerg,,,,,,
Heimatregion,,,,,,
Schneewittchens,,,,,,
Port…,,,,,,
Creso-Streetwork,,,,,,
Klimaanlagen-Verkäufe,,,,,,
Midea,,,,,,
Neu-Isenburger,,,,,,
Inobhutnahme,,,,,,
Naila,,,,,,
Oberverwaltungsgericht Berlin-Brand,,,,,,
Kriminalitätshotspots,,,,,,
Waldschwimmbad Neu-Isenburg,,,,,,
ausf…,,,,,,
Tennisspielen,,,,,,
Wede…,,,,,,
Essener U-Bahn,,,,,,
Domo,,,,,,
Wettermuseum,,,,,,
Medienb…,,,,,,
Rüstungsbereich,,,,,,
Essener Wohnblock,,,,,,
Dubandlela,,,,,,
Gebiet Murmansk,,,,,,
Inn,,,,,,
Winterquartier,,,,,,
Ifo-Chef,,,,,,
S,,,,,,
Verteidigungsministerium von Kambodscha,,,,,,
Bundesrepublik …,,,,,,
Provinz Bant…,,,,,,
Asunción,,,,,,
Reaktion…,,,,,,
Refinanzierungsprobleme,,,,,,
Verhandlungsstand,,,,,,
absegne,,,,,,
Reykjavík Schatz,,,,,,
Schals,,,,,,
Migrationsrouten,,,,,,
Schleswig-Holstein…,,,,,,
US-Angriffen,,,,,,
AfD-Kontakten,,,,,,
Wirtschaftsverbänden,,,,,,
chinesische Regierung,,,,,,
Kürze Selenskyj,,,,,,
Weihnachtsfeierlichkeiten,,,,,,
Herr Schularick,,,,,,
Satellitenfotos,,,,,,
Akademie,,,,,,
Internationalen Sportgerichtshof Cas,,,,,,
Waymos,,,,,,
Teslas,,,,,,
Berlin-Marienfelde,,,,,,
Sportgerichtshof Cas,,,,,,
SF6,,,,,,
Solvay,,,,,,
Grönland-Vorstoß,,,,,,
UN-Botschafter Melnyk,,,,,,
Ukraine-Russland-Verhandlungen,,,,,,
Weltraums,,,,,,
Industrieaufträgen,,,,,,
Einzelhandelsumsätzen,,,,,,
Stilgefühl,,,,,,
Festtagen,,,,,,
Autobahn 73,,,,,,
Büchner-Preis,,,,,,
Steinmetzkiez,,,,,,
Sonnenallee,,,,,,
Landgericht“,,,,,,
Edmonton,,,,,,
Calgary,,,,,,
Hafenstadt,,,,,,
US-Reaktion sei a…,,,,,,
Vanke,,,,,,
Burladingen,,,,,,
Generalissimo Francisco de Miranda,,,,,,
Abwehrkräfte,,,,,,
Stoffwechsel,,,,,,
Parteiklausur,,,,,,
Moskaus Militär,,,,,,
Landesgruppe,,,,,,
Uber Arena,,,,,,
Autobahn 9,,,,,,
Rabenstein/Fläming,,,,,,
US-Einsatz,,,,,,
Wetterausblick,,,,,,
Venezuela ,,,,,,
Lichterfelde…,,,,,,
Deutlicher Rückgang,,,,,,
Staat die …,,,,,,
Klimaschutzzielen,,,,,,
Milliardenvermögens,,,,,,
Vize-Ministerpräsident,,,,,,
Brandenburger Innenministerium,,,,,,
Nuuk,,,,,,
Venezolanischer,,,,,,
New Yorker Gericht,,,,,,
Maduros,,,,,,
Landes zu w…,,,,,,
Kohlenmonoxid-Konzentration,,,,,,
Hütten,,,,,,
Cherson ,,,,,,
r…,,,,,,
Bayernwerk,,,,,,
Bund-Länder-Finanzen,,,,,,
Wien/Mar-a-Lago/Moskau,,,,,,
Vierschanzentournee,,,,,,
Drohnenbau in der Ukraine,,,,,,
Dima Pasch­tschenko,,,,,,
Carbonfaser,,,,,,
Angriffen Verteidigungsbündnis,,,,,,
Winter-Tricks,,,,,,
weiterlesenWenn,,,,,,
Erstklässlern,,,,,,
Straße von Hormus +++ Qatar,,,,,,
Finanzaufsichtsbehörden,,,,,,
Raclette,,,,,,
VCÖ,,,,,,
Sauna,,,,,,
Party-Smalltalk,,,,,,
Generalstaatsanwaltschaft München,,,,,,
Rostow Mitte,,,,,,
Putin-Villa,,,,,,
Getreidefeld,,,,,,
Brotregal,,,,,,
Maker-Community,,,,,,
Neujahrsansprache,,,,,,
Gebetbuch,,,,,,
Kruzif…,,,,,,
Ukraine-Kriegsfolgen,,,,,,
Friedensbemühungen,,,,,,
Industrieanlagen,,,,,,
Massachusetts,,,,,,
Ukraine-Ultimatum,,,,,,
Cyberkriminelle,,,,,,
Reichenbach an der Fils,,,,,,
USA Iran,,,,,,
Verzweiflun…,,,,,,
Regenbogenflaggen,,,,,,
Bundesbeamte,,,,,,
Düsseldorfer Landtag,,,,,,
Bahnhof Offe…,,,,,,
Bonham…,,,,,,
Reparaturbrigaden,,,,,,
Saarbrücker,,,,,,
Dauerausnahmezustand,,,,,,
Putins Prestige-Brücke,,,,,,
Bar Shuka,,,,,,
Weißenborn,,,,,,
Landkreis Erding,,,,,,
Brüderpaar,,,,,,
Sembach,,,,,,
Grazer Energietechnikspezialist,,,,,,
Landkreis Erding“,,,,,,
Isen,,,,,,
Lentföhrden,,,,,,
Russland-Beziehungen,,,,,,
Schröder-Äußerungen,,,,,,
⁠US-Sicherheitsgarantien,,,,,,
Zhang,,,,,,
Abu Dhabi ,,,,,,
Abu-Dhabi-Verhandlungen,,,,,,
Kirkenes,,,,,,
sowi…,,,,,,
Kriegs ha…,,,,,,
Helmbrechts,,,,,,
Hermeskeil,,,,,,
Reaktorgebäude,,,,,,
Dampferzeugern,,,,,,
Saalfeld,,,,,,
Curaçao,,,,,,
Klima-Rückhalt,,,,,,
Schlier,,,,,,
Ruhm,,,,,,
Weltklasse-Paraden,,,,,,
Irib,,,,,,
Sokolniki-Park,,,,,,
Kontrollverlust,,,,,,
Kreis Ravensburg,,,,,,
US-Verhandlungsführer,,,,,,
Haus in Meßstetten,,,,,,
Windkraft-Gegnern,,,,,,
Burgrain,,,,,,
Russlandsanktionen,,,,,,
Medien-Zensur,,,,,,
Klimageräten,,,,,,
ARD-Dino,,,,,,
Vereinigten Arabischen Emiraten …,,,,,,
Krisenkonzern Baywa,,,,,,
Revanchismus-Vorwürfen,,,,,,
Agentur Ukrinform,,,,,,
Eiskälte,,,,,,
Botanik-Kolumne,,,,,,
R-280,,,,,,
Schwedt/Oder,,,,,,
Standgeräte,,,,,,
U-Bahnhof,,,,,,
Warenhauskette,,,,,,
Maschinenherstellers Köppern,,,,,,
Vollzug,,,,,,
U-Bahnhof“,,,,,,
U-Bahnhof Wandsbek,,,,,,
Allmenhausen,,,,,,
Böblingen,,,,,,
Kirchheilingen,,,,,,
Kreis Kaiserslautern,,,,,,
Verlängerungen bei Bayern,,,,,,
Golf um Vertrauen +++,,,,,,
Polizeipräsidiums Westpfalz,,,,,,
Rüstungskontrolle,,,,,,
Hu…,,,,,,
South Carolina,,,,,,
Eis am Hudson River,,,,,,
Verstoß,,,,,,
Angriffspause,,,,,,
Kiew Zelte,,,,,,
Straßburg …,,,,,,
Kleinreaktor-Vision,,,,,,
Tiefdruckgebiete,,,,,,
Russland-Angriff,,,,,,
"Melania""-Doku",,,,,,
Kino-Programm,,,,,,
Waffenruhevorstoß,,,,,,
Oberverwaltungsgericht in Lüneburg,,,,,,
Raumfahrtbehörde Nasa,,,,,,
russischen Luftangriffen,,,,,,
Cape Canaveral,,,,,,
Gasbrennwertkessel,,,,,,
Tiefkühlfach,,,,,,
weiterlesenDer,,,,,,
Atomkraft-Innovation,,,,,,
Ukraine-Kriegs morgen,,,,,,
Bombenzyklon,,,,,,
Theater Gießen,,,,,,
Dance-Pop,,,,,,
Los Angeles u…,,,,,,
Russland-Embargo,,,,,,
Iran-Coach,,,,,,
Haldensleben,,,,,,
Schwabing,,,,,,
Ruhpolding,,,,,,
Iran-Dementi,,,,,,
Senatskanzlei,,,,,,
Krisen-Fortuna,,,,,,
Podil,,,,,,
Dostojewski,,,,,,
Bodensees,,,,,,
Schramberg,,,,,,
Reizungen,,,,,,
Ludwig-Erhard-Gipfels,,,,,,
Hude,,,,,,
Suica,,,,,,
Winterthur,,,,,,
Daraa,,,,,,
Motodrom,,,,,,
Große Preis von Wilhelmsbad,,,,,,
TeheranTrump,,,,,,
Endspiel-Sieg,,,,,,
Dellbrück,,,,,,
Geologische Dienst,,,,,,
japanischen Küste,,,,,,
Lieblingsserie,,,,,,
generativer KI,,,,,,
Tsunami-Gefahr,,,,,,
Kamatsch…,,,,,,
Regierender,,,,,,
UN-Kinderhilfswerk Unicef,,,,,,
Masken-Millionär,,,,,,
Ukrainischer Oligarch,,,,,,
B 31,,,,,,
Billigtarif,,,,,,
Metallschränken,,,,,,
Rechenzentrums Telehouse,,,,,,
Grundnahrungsmitteln,,,,,,
Kältebrücken,,,,,,
Wertheim käm,,,,,,
Heizprobleme,,,,,,
Hikmikro Eco-Wärmebildkamera,,,,,,
Nahrungsmittelpreisen,,,,,,
Schwarzfahrer,,,,,,
Mittelständler,,,,,,
südchinesischen Meer,,,,,,
Statistischen Bun…,,,,,,
Statistische Bundesamt au…,,,,,,
Notenbankerforum,,,,,,
Land abwehrfähig,,,,,,
Operationsplan Deutschland,,,,,,
Rustaweli-Boulevards,,,,,,
Jegorjewsk 100 K…,,,,,,
Brutto-Werbeausgaben,,,,,,
Spahn-Ministerium,,,,,,
Steuer-Fahnder,,,,,,
kältesternKriegs-Winter,,,,,,
Kriegsvorsorge,,,,,,
Dächern,,,,,,
Selenskyj-Rede,,,,,,
Insel,,,,,,
Prince of Persia,,,,,,
Lunin,,,,,,
Grimme-Nominierungen,,,,,,
Bomber-Basis,,,,,,
Nato‑Ostflanke,,,,,,
Kurswechseln,,,,,,
Abu-Dhabi,,,,,,
Trauerzeremonien,,,,,,
Straße von Hormus bergen,,,,,,
Open-World-Rennspiel,,,,,,
Ollenhauerstraße,,,,,,
Angriffsfall,,,,,,
Fällungen,,,,,,
Golf“,,,,,,
Energieschulden,,,,,,
Kottmar,,,,,,
Kashiwazaki-Kariwa,,,,,,
kleinreden,,,,,,
Fukishima,,,,,,
Abu D…,,,,,,
Kim-Statue,,,,,,
Hardware-Verständnis,,,,,,
Monstersturm,,,,,,
Lisinowka,,,,,,
Golf: Länder wollen Straße von Hormus,,,,,,
Wolk…,,,,,,
Tropenhaus,,,,,,
Fernost-Russland,,,,,,
Ausnahmezustand,,,,,,
Reute…,,,,,,
Liveblog Hizbullah-Generalsekretär,,,,,,
US-Amerikanern,,,,,,
Berliner Spitzenpersonals,,,,,,
‍Auswärtigen Amt,,,,,,
Niedersächsischen Kompetenzzentrums Klimawandel,,,,,,
Davos-Red…,,,,,,
Auskunft,,,,,,
Stahlproduktion,,,,,,
Frostschäden,,,,,,
Wasserzählern,,,,,,
Lohne,,,,,,
Transkarpatien,,,,,,
Tarmstedt,,,,,,
Gho…,,,,,,
Regierungs-Auskünfte,,,,,,
Schutzmasken,,,,,,
Straße von Hormus US-Angaben,,,,,,
Kyjiws,,,,,,
Sonnen- und W…,,,,,,
Kassel/Wiesbaden,,,,,,
Kraftstoffpreise,,,,,,
Gefechtsfeld,,,,,,
städtischen Baubooms,,,,,,
Landbrücke,,,,,,
Streuobstwiese,,,,,,
SPD-Fraktionschef,,,,,,
Verhandlungsformat,,,,,,
Geldnot,,,,,,
Krypto-Geschäfte,,,,,,
Einsatz-Beschluss,,,,,,
Axios,,,,,,
Straße von Hormus +++ Verhandlungen,,,,,,
Dow,,,,,,
Mittelmeer …,,,,,,
Düngerlieferungen,,,,,,
Geiseldrama,,,,,,
Kohlemine,,,,,,
Iran-Dilemma,,,,,,
Nadelöhr,,,,,,
Nato-Mission,,,,,,
Kraftwerksbetreibers,,,,,,
Öffnun…,,,,,,
Regime-Change,,,,,,
Mord-Komplott,,,,,,
US-Entsandte,,,,,,
Triumphes,,,,,,
Schuldenbre…,,,,,,
Tierabwehrsprays,,,,,,
Pipeline mit…,,,,,,
kanadische Regierung,,,,,,
De-Eskalation,,,,,,
Krisenniveau,,,,,,
Timmy,,,,,,
Liushenyu,,,,,,
Minenunglück in China,,,,,,
Ser…,,,,,,
Machtanspruch,,,,,,
Reiche Kungelei,,,,,,
Kungelei,,,,,,
Govee Outdoor UpDown,,,,,,
Goldener Löwe,,,,,,
Biennale-Jury,,,,,,
Koa…,,,,,,
Corona-Niveau,,,,,,
Kiewer Sicherheitsforu…,,,,,,
Bitwarden,,,,,,
Angriffskampagne,,,,,,
Generationenlabels,,,,,,
Mini-AKW,,,,,,
Zeche Liushenyu,,,,,,
ASAT,,,,,,
Münchner Architekturmuseum,,,,,,
Grubenunglück,,,,,,
Schlachtfel…,,,,,,
Shanxi,,,,,,
S. Fritz,,,,,,
Pfeffersprays,,,,,,
Teleskopschlagstöcke,,,,,,
Checken,,,,,,
Europas Straße von Hormus,,,,,,
Landkreis Waldshut,,,,,,
Dummerstorf,,,,,,
Republik Moldau wege,,,,,,
Landkreis Rostock“,,,,,,
Great Salt Lake,,,,,,
Arbeitsunfall,,,,,,
Straße…,,,,,,
Iran-Resolution,,,,,,
Haus des Verteidigungsministers von Mali,,,,,,
Gas-Kanister,,,,,,
Felcsút,,,,,,
Wohlgemuth,,,,,,
Baseballschlä…,,,,,,
Pokal-Duell,,,,,,
Europas Straße,,,,,,
Nordrussland,,,,,,
TV-Kritik,,,,,,
Cern,,,,,,
Meiningen,,,,,,
Vorreitern,,,,,,
ABB-Präsident Wierod,,,,,,
Ölkatastrophe am Schwarzen Meer,,,,,,
Stränden,,,,,,
Edelgas,,,,,,
Finanzlücke,,,,,,
Küssaberg,,,,,,
Hayi,,,,,,
Brandattacken,,,,,,
Energiepreis-Taskforce,,,,,,
Marktführern,,,,,,
Schützenfest-Vorbereitungen,,,,,,
Bundesliga-Rekord,,,,,,
Bauherren,,,,,,
Wohnungssuchende,,,,,,
Einbrüchen,,,,,,
Weissen Haus sol… Mercuria,,,,,,
Erdöl-Bohrinsel,,,,,,
Nationalpark Schleswig-Holsteinisches Wattenmeer,,,,,,
Friedrichskoog,,,,,,
Bauüberhang,,,,,,
Rostocker Hauptbahnhof,,,,,,
Atomkraftwerks Tschernobyl,,,,,,
Vergoldete Retourkutsche,,,,,,
Hilton,,,,,,
Umfrage-Absturz,,,,,,
Erdöl-Bohrlöchern,,,,,,
Musks,,,,,,
Finanz-Tool,,,,,,
X.,,,,,,
deutschen Finanzbranche,,,,,,
Kreißsaal,,,,,,
Backöfen,,,,,,
Badegäste,,,,,,
Nervenzellen,,,,,,
Brennstoffen,,,,,,
Golf in alle Welt,,,,,,
Lahn wollt…,,,,,,
Kohlesektor,,,,,,
Satelliteninternet Starlink,,,,,,
Reiche Kerosin-Vorsorge,,,,,,
GASTKOMMENTAR,,,,,,
Handelsbe…,,,,,,
Trump-Kritik,,,,,,
Geldhahn,,,,,,
Moralapostel,,,,,,
Thüringer Verbraucherzentrale,,,,,,
Positi…,,,,,,
Montreal-Protokoll,,,,,,
Kreml Schlupflöcher,,,,,,
Satellitendaten,,,,,,
UN-Soldaten,,,,,,
Nosferatu-Spinne,,,,,,
Revolutionsgarde,,,,,,
Leistungsrückgang,,,,,,
Eichenallee,,,,,,
Iran-Mall,,,,,,
Systemkrisen,,,,,,
Restaurants,,,,,,
Substanzen,,,,,,
Straße von Hormus – Trump,,,,,,
Straße von Hormus -,,,,,,
Haus“,,,,,,
Öltankern,,,,,,
Millionen-Umsatz,,,,,,
Asiens Hormus-Krise,,,,,,
Öls,,,,,,
Subsahara-Afrikas,,,,,,
Fed-Chef Warsh,,,,,,
Dienstag h…,,,,,,
Werkstoren,,,,,,
Einzeltat,,,,,,
Hüsten,,,,,,
Kahramanmaras,,,,,,
ARD-Hauptstadtstudios</em,,,,,,
"Reiche
",,,,,,
Drohnen-Terror,,,,,,
Teseo La Marca17.04.2026,,,,,,
Patriot-Abwehrraketen,,,,,,
Butler,,,,,,
Landgericht Osnabrück,,,,,,
Stunden str,,,,,,
Wohnstadt Asemwald,,,,,,
Königsbach-Stein,,,,,,
Wohnstadt,,,,,,
EZB-Chefökonom Philip Lane,,,,,,
Reihenhaus,,,,,,
Wearable,,,,,,
Ozonschicht,,,,,,
Hitzeschäden,,,,,,
Diplomaten am Mittwoch,,,,,,
Meskel-Platzes,,,,,,
Nischendasein,,,,,,
Preiswarnungen,,,,,,
Sprit-Hahn,,,,,,
Insider-Informationen,,,,,,
Hafen Schweiz,,,,,,
Flugkraftstoff,,,,,,
Prozesses,,,,,,
Anschlags,,,,,,
Saar-Regierung,,,,,,
Corona-Soforthilfen,,,,,,
Nachrichtenportal Axios,,,,,,
Mehringbrücke,,,,,,
Berliner Westhafen,,,,,,
Industriegebiet,,,,,,
Kirn,,,,,,
Landkreis Bad Kreuznach,,,,,,
Sachsen-Anhalt…,,,,,,
U-Bahnhöfen,,,,,,
Kellern,,,,,,
Straße von Hormus ex,,,,,,
Druschba-Öl,,,,,,
Portal «The Kyiv Independent,,,,,,
Putin-Reich,,,,,,
Addis Abeba,,,,,,
Wahlvolk,,,,,,
United,,,,,,
Teotihuacan,,,,,,
Whoop-Bandes,,,,,,
Ostseehafen,,,,,,
Wien-Marathon,,,,,,
Migränemaske,,,,,,
somalischen Küste,,,,,,
Seehäfen-Interessenverband,,,,,,
Japanern,,,,,,
Anti-Atom-Proteste,,,,,,
Bureidsch,,,,,,
Gasexplosion,,,,,,
Sankt-Lorenz-Strom,,,,,,
Selbstverteidigungsrechts Israels,,,,,,
Santiago,,,,,,
Nieder…,,,,,,
Land an…,,,,,,
Lüneburger,,,,,,
Nachrichtenagentur Kyodo,,,,,,
Stunde,,,,,,
Pauschalreisen,,,,,,
Trump nenn,,,,,,
Petersberger Klimadialog,,,,,,
Iran-Regime,,,,,,
Kilobereich,,,,,,
Geschichtspodcast,,,,,,
UN-Menschenrechtskommissar,,,,,,
Kaufbeschränkungen,,,,,,
Reiseveranstaltern,,,,,,
Zuku…,,,,,,
Calbee,,,,,,
En…,,,,,,
Trump-Besuch,,,,,,
Peking Pakistan,,,,,,
Peking Pakistan z…,,,,,,
Leitplanke,,,,,,
Sozialleistungen,,,,,,
Standorte…,,,,,,
Krediten,,,,,,
Reisebüros,,,,,,
Telekom-Chef,,,,,,
Störmanöver,,,,,,
Direct-to-Device,,,,,,
Praia a Mare,,,,,,
F.a,,,,,,
Potenza,,,,,,
Portugiese,,,,,,
Vermittlungsbemühungen…,,,,,,
Labours,,,,,,
S&amp;P,,,,,,
Ölkartell,,,,,,
Kreml AfD-Abgeordnete,,,,,,
Organisatoren,,,,,,
Tomahawk-Marschflugkörper,,,,,,
Vereinigten Arabi…,,,,,,
Frist,,,,,,
Cohere,,,,,,
Golf ih…,,,,,,
Goldreserven,,,,,,
Bottleneck,,,,,,
Kostenfalle,,,,,,
Ichtershausen,,,,,,
Ilm-Kreis,,,,,,
4K.,,,,,,
New Jer…,,,,,,
Gebiet Kaliningrad,,,,,,
Achtzigjähriges,,,,,,
Clinch,,,,,,
Tivoli Stadion,,,,,,
Mainzer Altstadt,,,,,,
Glückwünsche,,,,,,
Kremlmedien,,,,,,
Blizzards Online-Rollensp…,,,,,,
Eterno,,,,,,
Eisheiligen-Horoskop,,,,,,
Vollkasko-Staat,,,,,,
Straße von Hormus ++,,,,,,
Ostalb,,,,,,
Varta-Batteriedrama,,,,,,
Beschäftigungsgarantie,,,,,,
Datenhahn,,,,,,
Linden,,,,,,
Peking st…,,,,,,
Labour-Krise,,,,,,
Atomanlagen,,,,,,
Wien/Riga,,,,,,
Vorsitz-Kandidatur,,,,,,
Waffennarren,,,,,,
James Martin Center for Nonproliferation Studies,,,,,,
Impulse,,,,,,
Rüstungsproduktion,,,,,,
Atomkraftwerk Barakah,,,,,,
Lahnstein,,,,,,
Wanderungen,,,,,,
Russland/Lettland,,,,,,
Hütteninfrastruktur,,,,,,
Gästehauszivilisation,,,,,,
Namenspatens,,,,,,
Bankenvertretern,,,,,,
Finanzwesen,,,,,,
Sicherheitsrats,,,,,,
bayerischen Landtag,,,,,,
Hoffnungsträger Ukraine,,,,,,
Vintageläden,,,,,,
Preis-Anker,,,,,,
Schock-Unfall,,,,,,
Kraftwerks Barakah,,,,,,
Baia Mare,,,,,,
Secondhand,,,,,,
Rätsel,,,,,,
Lettische Regierung,,,,,,
Untersuchungsh…,,,,,,
Esoterik-Influencern,,,,,,
Zentrum für Psychiatrie,,,,,,
Straße von Hormus +++ Israel,,,,,,
Vereinigtes Königreich,,,,,,
Drohnen-Streit,,,,,,
Geldreserven,,,,,,
Wadenbein,,,,,,
Sprunggelenk,,,,,,
Lukas Bärfuss,,,,,,
Mehrkosten,,,,,,
Teltow,,,,,,
Gartenbauverbandes Berlin-Brandenburg,,,,,,
Preis-Keller,,,,,,
Billig-Äpfeln,,,,,,
Erdbeer-Kosten,,,,,,
China-Besuch,,,,,,
Chi…,,,,,,
Asenkerschbaumer,,,,,,
Seekabeln,,,,,,
Insel Hormus a…,,,,,,
Hinterreifen,,,,,,
Pielenhofen,,,,,,
Waffensammler,,,,,,
Haus des 80-jährigen Schützen,,,,,,
Fiumicino,,,,,,
Langstrecken,,,,,,
Nachbarn am Golf,,,,,,
Gipsrecycling,,,,,,
Khalifa,,,,,,
Kibera,,,,,,
Autositz,,,,,,
Autositzen,,,,,,
Sparkassen-App,,,,,,
Reederei,,,,,,
Finanz-App Outbank,,,,,,
Umsturz,,,,,,
US-Angaben Straße von Hormus,,,,,,
US-Angaben Straße von Hormus“,,,,,,
Regionalkommando Centcom,,,,,,
Leipz…,,,,,,
Niedersächsische Oberverwaltungsgericht,,,,,,
US-Mittelstreckenraketen,,,,,,
Yorckstraße,,,,,,
Izetbegović,,,,,,
Dannigkow,,,,,,
Dodik,,,,,,
Vereinigte Arabische Emirate,,,,,,
Landes ha…,,,,,,
Liveblog Südkorea,,,,,,
Ukraine ge…,,,,,,
Khanna,,,,,,
Russland-China,,,,,,
Wellblechhütte,,,,,,
Petrodollar-Türme,,,,,,
Netzes,,,,,,
Urmia,,,,,,
Ubisoft-Aktie,,,,,,
Berliner Ensembles,,,,,,
Atomübung,,,,,,
US-Überlegungen,,,,,,
Preiskampf,,,,,,
Einschnitte,,,,,,
Eu…,,,,,,
Spritpreis-Bremse,,,,,,
Gas-Unfall,,,,,,
Lederfabrik,,,,,,
Todesopfer,,,,,,
Runkel,,,,,,
Wohnungseigentümer,,,,,,
Brunnenanlagen,,,,,,
Westfalen,,,,,,
Oblast Samara,,,,,,
Bundesminister der Fin…,,,,,,
Gut,,,,,,
Wefensleben,,,,,,
Weltverband Fifa,,,,,,
Superstar-Konzerne,,,,,,
Große Preis von Miami,,,,,,
Spezial-Pipeline,,,,,,
Schwebteilchen,,,,,,
los,,,,,,
Schwarzbach,,,,,,
US-Wende,,,,,,
Legionellen-Todesfällen,,,,,,
Luftfracht ab,,,,,,
Uniklinik,,,,,,
Erdöl-Notstands,,,,,,
Schicksalsjahr,,,,,,
Onsen,,,,,,
Zentrum Moskaus,,,,,,
Weltbörsen,,,,,,
Malakka,,,,,,
Angriff auf Kyjiw,,,,,,
Gaskraftwerkspläne,,,,,,
Alarmzeichen,,,,,,
Deutschlands Minensucherin,,,,,,
Zwist,,,,,,
Legionellen-Tote,,,,,,
Hausmeister,,,,,,
Uni-Klinik Köln,,,,,,
Münchner Olympiahalle,,,,,,
Spaltmaterial,,,,,,
US-Marineschiffe,,,,,,
Behördenangabe…,,,,,,
Moskauer Parade,,,,,,
Stromausfalls,,,,,,
BaltikumLettland,,,,,,
Tanksäulen,,,,,,
Außenfassaden,,,,,,
Glasscheiben,,,,,,
Gaspreise w…,,,,,,
Baut Putin,,,,,,
Umwelthilfe,,,,,,
Marsalek-Komplize,,,,,,
Klimamaßnahmen,,,,,,
Legionellen-Infektion,,,,,,
Juniorpartner Pekings,,,,,,
Großen Halle des Volkes,,,,,,
Westschweizer,,,,,,
Kennzahlen,,,,,,
Lausanner,,,,,,
Stromriese Axpo,,,,,,
Straße von Hormus • Hantavirus,,,,,,
Medienverwaltungssoftware Plex,,,,,,
Instagram-Story,,,,,,
Allergiesaison,,,,,,
Kondensstreifen,,,,,,
Thyssenkrupp,,,,,,
Solarstrom,,,,,,
Chengdu,,,,,,
Busverbindungen,,,,,,
Legionellen-Toten,,,,,,
Neugraben-Fischbek,,,,,,
Truth Social,,,,,,
Blockchain-Technologie,,,,,,
Umsatzeinbussen,,,,,,
Süd-Kordofan,,,,,,
Zentrum des Irans,,,,,,
rheinischen Provinz,,,,,,
Eitorf,,,,,,
irakischen Grenze,,,,,,
Tempo-100-Schilder,,,,,,
ebi,,,,,,
Vetevendosje,,,,,,
Bollywood,,,,,,
Kurti,,,,,,
Krisen-Werkzeugkasten,,,,,,
Rolfes,,,,,,
Bayer-Trainer Hjulmand,,,,,,
Barsinghausen,,,,,,
Dubai-Stadt,,,,,,
Alicante,,,,,,
spanische Provinz,,,,,,
Maduro,,,,,,
… An der Straße von Hormus,,,,,,
Hilfsschiff,,,,,,
Eichbaum,,,,,,
Atommüll-Transport,,,,,,
Verhandlunge,,,,,,
Klientel,,,,,,
Elite-Fallschirmjäger,,,,,,
Berli,,,,,,
Strasburg,,,,,,
Arabische Staaten,,,,,,
Nuba-Berge,,,,,,
Cash,,,,,,
Sonntag Israel,,,,,,
US-Ölembargo,,,,,,
Luftraumsperrungen,,,,,,
Jerichos,,,,,,
Armeniens Spagat,,,,,,
Iran 48-Stunden-Ultimatum,,,,,,
Tyrus,,,,,,
Nachrichtenportal ynet,,,,,,
US-Energieanlagen,,,,,,
Teheran ,,,,,,
Exportwert von Erdbeeren,,,,,,
Kaugummi,,,,,,
Al Quoz,,,,,,
Oberpolier,,,,,,
EU-Verteidigungskommissar,,,,,,
Weltwirtschaft rumort,,,,,,
Lego-artigen Baubl&ouml;cken,,,,,,
US-Kongressabgeordneten,,,,,,
Ost-Landtage,,,,,,
SachsenAnhalt,,,,,,
Verwaltungsgericht B…,,,,,,
bloc…,,,,,,
Nachrichtenagentur …,,,,,,
Kit Armstrong,,,,,,
Festnahme,,,,,,
Nossen,,,,,,
Division,,,,,,
Ausstellungshaus KW,,,,,,
Aprils,,,,,,
US-Ostküstenzeit,,,,,,
Vaux-de-Cernay,,,,,,
Castellammare,,,,,,
Café Moskau,,,,,,
Weltluftverkehrs,,,,,,
Umsteigeflughäfen,,,,,,
Echtzeit,,,,,,
Golf +++ Selenskyj,,,,,,
Windkraft-Anlagen,,,,,,
Landgericht Ellwangen,,,,,,
Auguststraße,,,,,,
Royal-Experte,,,,,,
spanischen Küste,,,,,,
Loch,,,,,,
Chablis,,,,,,
Vier-Augen-Gespräch,,,,,,
französischen Burgund,,,,,,
Großraum Tel Aviv +++ Iran,,,,,,
Provinz Markazi,,,,,,
japanischen Inseln,,,,,,
Marillen,,,,,,
Faistenau,,,,,,
ostasiatische Staat,,,,,,
Quadratmeter Wohnfläche,,,,,,
US‑Tourismusbranche,,,,,,
Betr…,,,,,,
Ölkrisen,,,,,,
UN-Klima-Komitee,,,,,,
kleinzureden,,,,,,
Beatrice,,,,,,
Eugenie,,,,,,
Klimaszenarien,,,,,,
Epstein-Skandals,,,,,,
Ahaus im Münsterland,,,,,,
Frankfurter Universitätsklinikums,,,,,,
Hubschrauber-Landeplatz,,,,,,
Konta…,,,,,,
Windräder,,,,,,
Klimapaket,,,,,,
Kehl-Nachfolger,,,,,,
Ehepartnern,,,,,,
Krisenlasten,,,,,,
Geschäftsführungen,,,,,,
Iran-Spott,,,,,,
Fake-Profile,,,,,,
Jahrhundertmitte,,,,,,
BASF-Standort Zhanjiang: Los,,,,,,
Bitterfeld-Wolfen,,,,,,
Kernfusion,,,,,,
Bundesvorsitz,,,,,,
Arabische Meer,,,,,,
Finnlands Regierung,,,,,,
Wiesb…,,,,,,
Espresso,,,,,,
Rettung von Gastanker,,,,,,
Darjeeling,,,,,,
Champions-League-Viertelfinale,,,,,,
Krisenchaos,,,,,,
Kolonialerbe,,,,,,
gekomm…,,,,,,
Superbenzin,,,,,,
Emissionen,,,,,,
Seestraße,,,,,,
Python-Entwickler,,,,,,
Tees,,,,,,
Sondervermögens,,,,,,
Euro-Anlegersicht,,,,,,
Minister für Außenhandel und Auslands…,,,,,,
Roboter,,,,,,
Pipeline-Reparatur,,,,,,
SPD-Chefin Bärbel Bas,,,,,,
M5,,,,,,
Macbook Air,,,,,,
Bestwerte,,,,,,
St… Showdown,,,,,,
Landes hochsommerliche Temperaturen,,,,,,
Innovation,,,,,,
Reiseflughöhe,,,,,,
Verstandenha…,,,,,,
oben,,,,,,
Hormus-Sperre,,,,,,
Torpedos,,,,,,
Tel Aviv +++ Selenskyj,,,,,,
Fischstäbchen-Krise,,,,,,
Kaliforniens Küste,,,,,,
Patriot-Lücke,,,,,,
Patriot-Ersatz,,,,,,
Gas-Gegner,,,,,,
Satellitenaufnahmen,,,,,,
Straße zu frieren,,,,,,
Buchhandlungspreis,,,,,,
Gujarat,,,,,,
Schiri-Krise,,,,,,
Unterwasser-Gaspipeline,,,,,,
Krise da …,,,,,,
Weltreise,,,,,,
Zeremonie,,,,,,
Angstbarometer,,,,,,
Kriegsausbruch,,,,,,
Gesprächskanal,,,,,,
Rohre,,,,,,
Widerstand,,,,,,
Glauburg,,,,,,
Warendorfer Sparkasse,,,,,,
Keltenfürst-Gemeinde Glauburg,,,,,,
Appeasement,,,,,,
Aufstiegsversprechen,,,,,,
Waymo,,,,,,
DDR5-Speicher,,,,,,
Coolhood,,,,,,
Putin-Kritik,,,,,,
Straße von Hormus +++Schröder,,,,,,
Weiße-Adler-Ordens,,,,,,
hochschießen,,,,,,
Autoritarismus,,,,,,
Flüssiggas-Infrastruktur,,,,,,
Ras Laffan Industrial City,,,,,,
Frankreichs Marine,,,,,,
beschlussfassende,,,,,,
DDR5-Speicherriegel,,,,,,
Natanz,,,,,,
Abendstunden,,,,,,
Gas-Leck,,,,,,
Putins Schattenflotte,,,,,,
Unterhaching,,,,,,
Kiewer Generalstabs,,,,,,
Provinz Isfahan,,,,,,
Mullah-Raketen,,,,,,
Befreiungsfront,,,,,,
Erdgaskunden,,,,,,
Borna,,,,,,
Dimona,,,,,,
Fanhilfe Bremen,,,,,,
Burgenland Ener…,,,,,,
Libanon +++,,,,,,
Waschmitteln,,,,,,
Todes-Highway,,,,,,
Phantom Brent,,,,,,
Brent-Feld,,,,,,
Gallone,,,,,,
Speisezettel,,,,,,
Angriffen am Golf,,,,,,
Golf von Oman – Indien,,,,,,
Janbu am Roten Meer,,,,,,
Sekundar- und Gemeinschaftsschulen,,,,,,
Energiekrieg,,,,,,
bayerische Landtag,,,,,,
North Dome,,,,,,
Feldes,,,,,,
Preisdruck bei Energie,,,,,,
Köppel,,,,,,
Barrot,,,,,,
Brokdorf,,,,,,
Raderberg,,,,,,
Flüssiggas am Golf,,,,,,
Arabischen Golf,,,,,,
Historisches Museum,,,,,,
Iran-Liveblog,,,,,,
KI-Chips,,,,,,
Lastwagen-Diesel,,,,,,
Zwischenbilanz,,,,,,
Bikinisalat,,,,,,
Petrodollar,,,,,,
Pershing Square,,,,,,
Aktienindizes,,,,,,
Straße von H…,,,,,,
Start-up Autobrains,,,,,,
Robotertaxis,,,,,,
Hormus-Problem,,,,,,
Techrennen,,,,,,
Menschenrechtsgruppe,,,,,,
Insel Olkiluoto,,,,,,
Weiße…,,,,,,
Schutzes,,,,,,
Energierohstoffe,,,,,,
Friedrichstadt-Palast,,,,,,
Familienfeier,,,,,,
Berlins Publikumsmagnet,,,,,,
Wuben G5,,,,,,
Dukovany,,,,,,
Industriepark Höchst,,,,,,
Mautstraße,,,,,,
Meeren,,,,,,
Seehandel,,,,,,
Lichtblitz,,,,,,
Qeschm,,,,,,
Hengam,,,,,,
Union-Gletscher,,,,,,
Giardini von Venedig,,,,,,
Hormusgan …,,,,,,
A14…,,,,,,
A14,,,,,,
Menschh…,,,,,,
Festbier,,,,,,
Bi… Kraftstoff,,,,,,
Ressentiments,,,,,,
Südindien,,,,,,
Visakhapatnam,,,,,,
Turnbeutel,,,,,,
Poststraße,,,,,,
Geislingen,,,,,,
Teltower Straße,,,,,,
"Kharg
",,,,,,
Golf-Staaten,,,,,,
Ho…,,,,,,
Neues Spaltmaterial,,,,,,
Regieru…,,,,,,
Preiskontrollen,,,,,,
Beaufort,,,,,,
Emsdetten,,,,,,
Gewissensnöte,,,,,,
Montag m…,,,,,,
Straße von Hormus öffnen,,,,,,
Straße von Hormus öffnen +++ Trump,,,,,,
südkoreanis…,,,,,,
Ermittlungsgruppe,,,,,,
Erdarbeiten,,,,,,
Golf an –,,,,,,
Berliner Regierung,,,,,,
Oelde,,,,,,
Instituts Insa,,,,,,
Versorgungsengpässe,,,,,,
Funafuti,,,,,,
Weltwirtschaft verdüstern,,,,,,
Küstenregionen,,,,,,
Maschinenbau-Exporte,,,,,,
Galati,,,,,,
Aptoide,,,,,,
US-Kreisen,,,,,,
Straße von Hormus se,,,,,,
Vier-Parteien-Koalition,,,,,,
Kerosin-Preise,,,,,,
Konjunkturforschern,,,,,,
Waben,,,,,,
Herstellers Saab,,,,,,
Brut,,,,,,
Dalt Vila,,,,,,
Nachrichtenportal Kyiv Ind…,,,,,,
Kahramanmaraş,,,,,,
E-Mail-Konten,,,,,,
Raketen-Mangel,,,,,,
Finanz-Experiment,,,,,,
Pak…,,,,,,
Dohnanyi,,,,,,
Kampf-Drohnen,,,,,,
Flusses Dnipro…,,,,,,
Ebolavirus,,,,,,
Kerosin-Bedarfs,,,,,,
Straße von Hormus …,,,,,,
Eishockey-Weltverband,,,,,,
Meerengen,,,,,,
Staatsschauspiels Dresden,,,,,,
Skylla,,,,,,
Erich-Ponto-Preis,,,,,,
Kurdistan,,,,,,
Sharif,,,,,,
Odessa wu…,,,,,,
Millia…,,,,,,
Chemie-Kunden,,,,,,
Trump Straße von Hormus,,,,,,
Nationalerbe-Baum,,,,,,
Golf:,,,,,,
Golf: Riskanter Schritt,,,,,,
Bundesliga-Revolution,,,,,,
Schichtwechsel,,,,,,
Straße von Hormus +++ Ölpreise,,,,,,
Wintermo…,,,,,,
Kapitäne,,,,,,
Friedrich-Wilhelms-Hütte,,,,,,
Ossiacher See,,,,,,
Golfstaat Kuwait,,,,,,
Bahnstrecken,,,,,,
Straße von Hormus «Straße von Trump,,,,,,
Tech-Konzerne,,,,,,
Konsumgütergigant Unilever,,,,,,
Kniffeln,,,,,,
Landes zu Russland,,,,,,
Rohstoffen ab,,,,,,
Nato-Beistandspflicht,,,,,,
Tross,,,,,,
St. Petersburg…,,,,,,
Wirtschaftsforum,,,,,,
Kraft</li><li,,,,,,
Dr. Steffen Lindner-Mehlich,,,,,,
Axios-Hack,,,,,,
Stromabschaltungen,,,,,,
Krise von Volkswagen,,,,,,
Charité-Forscher,,,,,,
Hilfe-Einrichtungen,,,,,,
Gewinnern,,,,,,
Chemieunternehmens Domo,,,,,,
Frühstückstisch,,,,,,
Roggen,,,,,,
Krisenpläne,,,,,,
Luxus im Lieblings-Ferienziel,,,,,,
Startup-Umfeld,,,,,,
Hitzefalle,,,,,,
Geflügel,,,,,,
Einstellungsstopp,,,,,,
Erlebnisraum S-Bahn,,,,,,
Telefónica,,,,,,
Deutschlandchef Haas,,,,,,
Regen-Dauerschleife,,,,,,
Machtprobe,,,,,,
Doppel-Pole,,,,,,
Sankt Petersburger Forum,,,,,,
Altenburg w…,,,,,,
Putins Lage,,,,,,
England-Szenen,,,,,,
Drucks,,,,,,
GP Japan,,,,,,
Wirtschafts-Beben,,,,,,
St. Petersburger Internationalen Wirtschaftsfor…,,,,,,
Kurden-Präsident,,,,,,
Iraks,,,,,,
Doha am Wochenende,,,,,,
Dauerproblem,,,,,,
Weltkugel,,,,,,
Suzuki Vitara,,,,,,
Winchester-Effekt,,,,,,
WG-Küchen,,,,,,
Islamische Republik Pakistan,,,,,,
saudischen König,,,,,,
Deutschland/Iran,,,,,,
Kneipen,,,,,,
Lieferketten-Krise,,,,,,
Gasmix…,,,,,,
Bahnsteigen,,,,,,
Oblast Tambow,,,,,,
Piloten-Funkspruch,,,,,,
Beiruter Viertel,,,,,,
Dschnah,,,,,,
Iran-Krieges,,,,,,
Kraftwerks von Buschehr,,,,,,
Hormus-Ultimatums,,,,,,
Ukraine-Geldtransportern,,,,,,
Österre…,,,,,,
Vereinigten Arabischen Emiraten Ladung,,,,,,
US-Suchtrupps,,,,,,
Nation,,,,,,
Straße von Hormus +++ Ölpreis,,,,,,
Gasaufkommens,,,,,,
Börsencrash-Risiko,,,,,,
OpenAIs KI-Rechenzentrum,,,,,,
Wolf,,,,,,
Sachsenhagen im …,,,,,,
Spionagesachen,,,,,,
Saisonbeginn,,,,,,
Speicherchip-Preise,,,,,,
US-Regionalkommandos,,,,,,
KI-Schub,,,,,,
Keschm,,,,,,
Energie-Sparmodus,,,,,,
Tanke…,,,,,,
dichtbleiben,,,,,,
Kriegsentschädigung,,,,,,
Schwerverletzter,,,,,,
Anwaltschaft angreife,,,,,,
Geislingen an der Steige,,,,,,
Istanbul-Kanal,,,,,,
Gegenwinds,,,,,,
Kräne,,,,,,
Regierung,,,,,,
Trump-Rede,,,,,,
Großer,,,,,,
Luftraums für Militärflüge,,,,,,
Infobae,,,,,,
Apollo,,,,,,
Bierflasche,,,,,,
Würzburger Hauptbahnhof,,,,,,
Iran-Aussagen,,,,,,
Heldenkult,,,,,,
Wissenschaftsorganisationen,,,,,,
Hubig,,,,,,
Südostukraine,,,,,,
Schröder,,,,,,
HeroRATs,,,,,,
Lockdown,,,,,,
Ausweg“,,,,,,
Opec-Staaten,,,,,,
Kreml-Insidern,,,,,,
Russengas,,,,,,
Gütersloh,,,,,,
Region Kyjiw,,,,,,
Ohne Moos nix los,,,,,,
Plakaten,,,,,,
Itu…,,,,,,
Demokratischen Republik,,,,,,
DR,,,,,,
Stadt Komanda,,,,,,
Stadt K…,,,,,,
deutsche Verteidigungsetat,,,,,,
Landes Luftalarm,,,,,,
Doppelerfolg,,,,,,
Frankfurter Ostpark,,,,,,
Profitabilität,,,,,,
Krasnojarsk,,,,,,
Erdbeben vor der Halbinsel Kamtschatka,,,,,,
Japans Küste,,,,,,
"Pazifik 
",,,,,,
Vancouver,,,,,,
Wall Street Rückenwind,,,,,,
Hochgebirge,,,,,,
Karakorum-Gebirge,,,,,,
Berg Laila Peak,,,,,,
Kubas,,,,,,
Rekorddefizit,,,,,,
Brandenburger Kommunen,,,,,,
Moss,,,,,,
Straßkirchen,,,,,,
Verdächtiger,,,,,,
Grönland im Visier,,,,,,
Amtsgericht Berlin-Charlottenburg,,,,,,
Bad Hersfelder Innenstadt,,,,,,
Wasserbüffel,,,,,,
Südlibanon is…,,,,,,
Enkelsohnes,,,,,,
Kreis Sigmaringen,,,,,,
Tebnin,,,,,,
Oldesloer Straße,,,,,,
Bezirk Krakau,,,,,,
Triage,,,,,,
Regieanweisungen,,,,,,
Tu Haolei,,,,,,
Metallindustrie,,,,,,
Tarnfarben,,,,,,
Russlands Notenbank,,,,,,
Bestiarium,,,,,,
Teppiche,,,,,,
Freien Hansestadt,,,,,,
Hartböden,,,,,,
Bestseller-Bürostuhl,,,,,,
Heizungsbranche,,,,,,
Kommission zur Schuldenbremse,,,,,,
vbm,,,,,,
bayme,,,,,,
Kühling-Gillot,,,,,,
Bosch-Werks,,,,,,
Krisen-Unternehmen,,,,,,
Standorts Schweiz,,,,,,
US-Militärmacht,,,,,,
US-Präsident Ultimaten,,,,,,
Dzuzhkivka,,,,,,
Oblast wurd…,,,,,,
Frankfurter Hafenstraße,,,,,,
Schadstoffe,,,,,,
Shahed,,,,,,
Gryon,,,,,,
Waadtländer Alpen,,,,,,
Pos…,,,,,,
Schallwellen,,,,,,
Händen essen,,,,,,
Kamenz mittei…,,,,,,
Sportlern,,,,,,
Frankfurter City-Triathlon,,,,,,
Linke-Fraktion,,,,,,
Sonntag bekanntwurde,,,,,,
Mattersburg,,,,,,
Sotschi +++,,,,,,
Flughafennäh…,,,,,,
Ukraine-Wohnungen,,,,,,
Lucas,,,,,,
Malaria,,,,,,
Statistikamt am …,,,,,,
Flughafen Samara,,,,,,
Viktoria,,,,,,
Festungsgürtel,,,,,,
Landgericht Lüneburg“,,,,,,
Postfossilität,,,,,,
Öl-Multis,,,,,,
Schmach von Turnberry,,,,,,
Energie-Check,,,,,,
Kieze,,,,,,
Heizkosten-Dilemma,,,,,,
Kiewer Ex-Ministerialbeamter,,,,,,
Ukraine-Invasors,,,,,,
Vady…,,,,,,
Rekordergebnisse,,,,,,
Russland/Ukraine,,,,,,
Staat Russland,,,,,,
Straße von Hormus Skepsis,,,,,,
Handelsregeln,,,,,,
Zollregeln,,,,,,
Libanon Gespräche,,,,,,
Gaspistolen,,,,,,
Patriot-Lieferung,,,,,,
Spargelland,,,,,,
Espelkamp,,,,,,
iPad,,,,,,
Ölriesen,,,,,,
Lufthansa-Gewinn,,,,,,
Hofbräuhauses,,,,,,
Hofbräuhaus,,,,,,
Hessen Offenbach,,,,,,
U-Bahnen…,,,,,,
Unity,,,,,,
Start-up-Sektor,,,,,,
Bentiu,,,,,,
Risikokapital,,,,,,
Wilhelmsburg,,,,,,
E-Scooter,,,,,,
Segway,,,,,,
NiPoGi,,,,,,
US-Beziehungen,,,,,,
Jugendschutz,,,,,,
Propaganda-Film,,,,,,
Mirow,,,,,,
Bundeswehr-Lkw,,,,,,
Mecklenburgischen Seenplatte,,,,,,
Iran-Falle,,,,,,
Washington ukrainische Drohnen,,,,,,
Schloss von Versailles,,,,,,
Moskaus Militärhaushalt,,,,,,
Nachbarschaf…,,,,,,
Metropolitan Museum,,,,,,
Patriot-Lieferungen,,,,,,
Kiew Patriots,,,,,,
spanische Regierung,,,,,,
Musandam,,,,,,
Boomer-Soli,,,,,,
sauer,,,,,,
Jahrgang,,,,,,
Raketenbeschuss,,,,,,
Corona-Maskenaffäre,,,,,,
Glavprodukt,,,,,,
Cloppenburg,,,,,,
Molbergen,,,,,,
Brovary,,,,,,
Merz,,,,,,
Militärexpe…,,,,,,
Dice,,,,,,
Effizi…,,,,,,
Sari Nusseibeh,,,,,,
KI-Energiemanagement,,,,,,
Robin-Hood-Baums,,,,,,
US-Parlaments,,,,,,
Arbeitsministerium am Dien…,,,,,,
Brauerei-Bund,,,,,,
Bier-Alarm,,,,,,
Brauerei-Sterben,,,,,,
Softdrink,,,,,,
Finanzplatz,,,,,,
Sprengstoff-Drohne,,,,,,
US-Kurswechsel,,,,,,
Schotte,,,,,,
Geheimdienste-Kontrollgremiums,,,,,,
Heiterblick,,,,,,
Grünen-Politikers,,,,,,
Bonn Wirtschaftsverbände,,,,,,
Patriot-Systemen,,,,,,
Hormus-Abkommen,,,,,,
Usedoms,,,,,,
Siegburg,,,,,,
Polens Küste,,,,,,
klim…,,,,,,
Gemeinsamkeiten,,,,,,
Aufsichtsbehörde Roskomnadsor,,,,,,
US-Konzerns Meta,,,,,,
Nowotscherkassk,,,,,,
Cherson…,,,,,,
Kursk-Kämpfen,,,,,,
Düsseldorfer Landtag …,,,,,,
Hauptbahnhof Regensburg,,,,,,
Stellplatz am Elbufer,,,,,,
Solarbranche,,,,,,
Gasmotoren-Heizkraftwerks,,,,,,
Kieler Förde,,,,,,
Kanzlermaschine,,,,,,
Finanz-Not,,,,,,
Ölfund,,,,,,
deutschen Grenze,,,,,,
HD wird von…,,,,,,
Antikorruptions-Behörden,,,,,,
Kreml am Morgen,,,,,,
Gewalttat am Morgen,,,,,,
Uran-Deals,,,,,,
UN-Vertretern,,,,,,
Neue Verhandlungsrunde,,,,,,
Beduinen,,,,,,
Amstetten,,,,,,
Hauptplätze,,,,,,
gekom…,,,,,,
US-Außenministerin,,,,,,
Andrejewka,,,,,,
Angriffsdrohnen,,,,,,
Oberbayerns,,,,,,
UK,,,,,,
Microsoft-Leck,,,,,,
Containerschiffen,,,,,,
Dreh-Urinal,,,,,,
Strahlenrisiko,,,,,,
Volldampf,,,,,,
US-Luftangriffen,,,,,,
Quake,,,,,,
Jelabuga,,,,,,
Bundesstraße 31,,,,,,
Gazastreifen …,,,,,,
Parkplätze,,,,,,
Ottensen,,,,,,
Elbtunnel,,,,,,
Irans Wirtschaft,,,,,,
Klinik-Mitarbeiter,,,,,,
Russel,,,,,,
Reisetrends,,,,,,
Straße angegr…,,,,,,
Rutte,,,,,,
Stubb,,,,,,
Dienstag weiterdiskutieren,,,,,,
Rückhalt für Bundeswehreinsatz,,,,,,
Reservistenverband,,,,,,
Luna,,,,,,
Mould King Bulldozers,,,,,,
Washington Fortschritte,,,,,,
Kohlendioxidausstoß,,,,,,
Umweltschutzverein,,,,,,
Metz,,,,,,
Deutschlands Klima-Zukunft,,,,,,
Leningrader,,,,,,
UBA-Chef,,,,,,
Bafög,,,,,,
Metern Höhe,,,,,,
Hitzediskussion,,,,,,
Tass un…,,,,,,
Dachsteinmassivs,,,,,,
Migrationsansturm,,,,,,
POLITICO-Büros,,,,,,
Sonthofen,,,,,,
Iran-Krise,,,,,,
Zeltstadt,,,,,,
Staßfurt,,,,,,
Motivations-Podcast,,,,,,
Land russisches Öl,,,,,,
Bitpanda-Chef,,,,,,
EM-Final,,,,,,
Alaskas,,,,,,
Ohrenwedel,,,,,,
Anchorage…,,,,,,
Speedweek,,,,,,
Camp David,,,,,,
US-Bundesstaat Al…,,,,,,
Alaskagipfel,,,,,,
Ukraine-Waffenruhe,,,,,,
No Deal,,,,,,
palästinensischen Staat,,,,,,
Sicherheitsklausel,,,,,,
Klimaskepsis,,,,,,
Stadt der Waffen,,,,,,
Geräusche,,,,,,
Neunzigern,,,,,,
Melilla,,,,,,
Große Fortschritte,,,,,,
NATO-Beitritt,,,,,,
congstar,,,,,,
Friedhof Georgen-Parochial II,,,,,,
Bürokomplex nebenan,,,,,,
Gasreserve,,,,,,
Bezirksklinikum Regensburg,,,,,,
ZIB2-Studio,,,,,,
Gebietstausch,,,,,,
Wirtschaftliche Kraft,,,,,,
Kleinunternehmer,,,,,,
Genthin,,,,,,
Böhmen,,,,,,
Norddeutschlands,,,,,,
Öl-Inferno,,,,,,
Sektgrundweine,,,,,,
Esslinger,,,,,,
KI-Rechenzentren,,,,,,
Lesermeinungen,,,,,,
Agrarhändler BayWa,,,,,,
Prime-Mitglieder,,,,,,
Discountfans,,,,,,
Ameos,,,,,,
Dar…,,,,,,
Emsland-Atomkraftwerks,,,,,,
Bewegung.</li><li,,,,,,
Russlands Onlineversand,,,,,,
Raqqa,,,,,,
unten.</li><li,,,,,,
Blutdrucksenker,,,,,,
Gegenfahrbahn,,,,,,
Küstenwache Tötungsabsicht,,,,,,
Amazon-Beschäftigte,,,,,,
Bestseller-Saugroboter,,,,,,
Demografie-Preises,,,,,,
Kaufbeuren,,,,,,
Frühe,,,,,,
Klimafolgenmanager,,,,,,
July,,,,,,
SPD-geführte Bundesumweltministerium,,,,,,
Umweltministerium,,,,,,
Stromkunden,,,,,,
Gamern,,,,,,
Berufsrisiko,,,,,,
Theater am Broadway,,,,,,
Federal Reserve Bank of Kansas City,,,,,,
Norderstedter,,,,,,
Wyoming,,,,,,
Ölfluss,,,,,,
Alltag,,,,,,
Freibad,,,,,,
Sprechchöre,,,,,,
Messerattentats von Solingen,,,,,,
Broadway,,,,,,
Mais,,,,,,
Messerattacke in Lebensgefahr,,,,,,
Emotionen,,,,,,
Rosengewächse,,,,,,
Marille,,,,,,
Pfirsich,,,,,,
Kirsche,,,,,,
Zwetschge,,,,,,
Finanz-App Yuh,,,,,,
Gassorten,,,,,,
Bauchgefühl,,,,,,
Kinder-Girokonto,,,,,,
Zehntausender Migranten,,,,,,
Provinz Crotone,,,,,,
Stadt Gelsenkirchen,,,,,,
mindes…,,,,,,
Volke,,,,,,
Umfrage-Tief,,,,,,
Klingbeil-Beirat,,,,,,
Industriekozern,,,,,,
Thyssen-Krupp,,,,,,
Kriegsprofite,,,,,,
Kreditkarte,,,,,,
Anreize,,,,,,
Der Wald,,,,,,
Vieltrader,,,,,,
Ceutageäußert,,,,,,
marokkanische Regierung,,,,,,
US-Vizepräsidenten,,,,,,
Oblast Donez…,,,,,,
Landes in,,,,,,
Ausreise,,,,,,
Gesprächsbereitschaft,,,,,,
Treffens,,,,,,
Haar-Krise,,,,,,
Nürnberg-Fan,,,,,,
Elbe-Elster-Kreis,,,,,,
Emittent,,,,,,
Fernkälte-Hightech,,,,,,
Doping-Whistleblower,,,,,,
Wirtshaus-Sterben,,,,,,
Land Geschäfte,,,,,,
Präambeln,,,,,,
Pilatus,,,,,,
Sicherhe…,,,,,,
Losowa,,,,,,
Eislokal,,,,,,
Nagelstudio,,,,,,
Gasleck erfo…,,,,,,
Glyphosat,,,,,,
Drohnenfund,,,,,,
Schattenecken,,,,,,
Dynamo,,,,,,
Magdeburg-Fans,,,,,,
Vishing-Angriff,,,,,,
Umwelt-App,,,,,,
Siedler-Angriff,,,,,,
Verhandlungen üb…,,,,,,
Amt angeklag…,,,,,,
Supertrees,,,,,,
Bayerns Finanzchef Diederich,,,,,,
Wechselkursvorteile,,,,,,
Bierfestanstich,,,,,,
Putin-Kritiker Russland,,,,,,
Luftschiffhangar Mülheim an der Ruhr v…,,,,,,
mächtiger Staaten,,,,,,
Klimawandel-Stresstest,,,,,,
Roten Pandas,,,,,,
Regim…,,,,,,
Stirn,,,,,,
Fest von Mariä Himmelfahrt,,,,,,
Grafikkomponenten,,,,,,
selbstgeißelnden,,,,,,
Badewanne,,,,,,
Scarborough-Riffs,,,,,,
Dresdner Zoo,,,,,,
Gouverneu,,,,,,
Hauptstad…,,,,,,
Kernen,,,,,,
Autobahn 28,,,,,,
Grad-Marke,,,,,,
Remstal,,,,,,
Michela,,,,,,
Kölnische Rundschau,,,,,,
Hölderlin-Gymnasium,,,,,,
Täter,,,,,,
Bad Rulantica herausgelockt,,,,,,
Europa-Parks,,,,,,
Kanzleramt will Deutschland,,,,,,
Klimaanlage,,,,,,
EU-Verbündeten,,,,,,
Teilnehmern,,,,,,
Rekrutierungszentrum,,,,,,
Wirtschaftsregister,,,,,,
liechtensteinische Regierung,,,,,,
Anlasses,,,,,,
Schrebergarten,,,,,,
N. Bula,,,,,,
Ukraine z…,,,,,,
Richterwahl-Krise,,,,,,
Fraktionschef Spahn,,,,,,
Kühlschrank,,,,,,
Milliardenschaden,,,,,,
Haselnuss-Engpässen,,,,,,
Funkcheck,,,,,,
Mineralöl-Konzerne,,,,,,
positi…,,,,,,
Anna-Freud-Instituts,,,,,,
Sonnensegeln,,,,,,
Abkühlräume,,,,,,
Ostantarktis,,,,,,
Gravelines,,,,,,
Quallenschwarm,,,,,,
Zero-Day-Lücke,,,,,,
Winrar,,,,,,
Virus,,,,,,
Kissing,,,,,,
Landkreis Landkreis Aichach-Friedberg,,,,,,
Verteidigungspakt,,,,,,
Sonnenwärme,,,,,,
Plöger,,,,,,
Megaprojekt Neom,,,,,,
Farmsen,,,,,,
Nato-Ziel,,,,,,
Machst du,,,,,,
Hamburg Balletts,,,,,,
Energiespar-Maßnahmen,,,,,,
Nacht Drohnenalarm,,,,,,
Anklagebank,,,,,,
Straße von Hormus – Blockade,,,,,,
Neom,,,,,,
The Line,,,,,,
Sinai,,,,,,
Lippen,,,,,,
Dauervergeltungsmodus,,,,,,
entlangfließt,,,,,,
Ausgangssperre,,,,,,
Leipziger Comeniusstraße,,,,,,
Noworossijsk am Schwarzen Meer,,,,,,
Klimaarchiv,,,,,,
Messer-Attacken,,,,,,
Rahlstedt,,,,,,
Haushaltsmitteln,,,,,,
Straße von Hormus von Zugeständnissen,,,,,,
Papi…,,,,,,
Gegensanktionen,,,,,,
US-Amtsträgern,,,,,,
Drohnenteile,,,,,,
Liveblog Paris,,,,,,
Taurus-Theater,,,,,,
IB.SH,,,,,,
Zielwert,,,,,,
Französin,,,,,,
Einlagenzins,,,,,,
Fischfabrik,,,,,,
Cernavoda,,,,,,
Atomkraftwerk Cernavoda,,,,,,
Donau anstauen,,,,,,
Monoblock- und Split-Bauweise,,,,,,
Währungsbehörde,,,,,,
Tauschen Russland,,,,,,
Dietzenbach,,,,,,
Drohnenbeschuss,,,,,,
Landkreis Offenbach,,,,,,
Redline,,,,,,
WHO-Klimakommission,,,,,,
Stromausfall auf der Krim,,,,,,
Atombomber,,,,,,
Stützpunkte,,,,,,
Orangensaft,,,,,,
Sudetendeutschen-Treffen,,,,,,
Dnipropetrowsk“,,,,,,
Katherina Reiche,,,,,,
Kreis Ost…,,,,,,
Obersten Gerichtshofs,,,,,,
Russland-Manifest,,,,,,
Café Buur,,,,,,
US-Rohstoff-Deals,,,,,,
A+,,,,,,
Vela Nova,,,,,,
Hellfire-Raketen,,,,,,
US-Hubschrauber,,,,,,
obersten Gericht,,,,,,
Hitzealarm,,,,,,
Smartwatch,,,,,,
Facebook-Konzern Meta,,,,,,
Straße von Hormus Minen,,,,,,
Goma am Kivu-See,,,,,,
Schweizer Alpen,,,,,,
Expertenangaben,,,,,,
Au,,,,,,
russisch-finnischen Grenze,,,,,,
Grundwasserstress,,,,,,
Churchillplein,,,,,,
Churchill-Platz,,,,,,
Ukraine-Vorbild,,,,,,
Änderungen,,,,,,
Arabischen Halbinsel,,,,,,
österreichische Regierung,,,,,,
Streaming-Anbieter waipu,,,,,,
Jet,,,,,,
Catering-Wagen,,,,,,
Erbach,,,,,,
Stiftung,,,,,,
Waren-Ader,,,,,,
Hormus-Blockade,,,,,,
Reisekonzerns Tui,,,,,,
Kriminellen-Clans,,,,,,
Tankrabatt-Ende,,,,,,
Amtsgericht Tiergarten spra…,,,,,,
Haus der Zukunft,,,,,,
Gerolstein,,,,,,
Absatzprobleme,,,,,,
Drohnentruppen,,,,,,
Formel-1-Rekordweltmeister,,,,,,
Kreis Trier-Saarburg,,,,,,
Landes eingedäm,,,,,,
Neuwied,,,,,,
Schwarze Kanal,,,,,,
Rap-Superstars Sean «Diddy,,,,,,
Baugrube,,,,,,
Polizei-Angaben,,,,,,
US-Daten,,,,,,
Volksrepublik Volkswagen,,,,,,
Pole Position,,,,,,
Lagerstätten,,,,,,
Energie-Preise,,,,,,
Bettenhausen,,,,,,
Sonderangebo…,,,,,,
Statistische Bundesamt in Wiesbaden …,,,,,,
Kurilen-Inseln,,,,,,
Trump-Putin-Telefonat,,,,,,
Truck,,,,,,
Westeuropäer,,,,,,
Istan…,,,,,,
Bezirk Nikopol,,,,,,
Autobahndreieck Werntal,,,,,,
UN-Sicherheitsrat,,,,,,
Nische,,,,,,
Bahnhof Hermannstraße,,,,,,
Geiselverhandlungen,,,,,,
Autobahn 70,,,,,,
Omi,,,,,,
Omiš,,,,,,
Straße von Hormus  +++ Vier Tote,,,,,,
Temu,,,,,,
Bahnhof Zoo,,,,,,
PiS-Kandidat,,,,,,
Großen Preis von Tattersalls,,,,,,
Horb,,,,,,
Waffenstillstandsgesprächen,,,,,,
Graham,,,,,,
Russland-Ukraine-Gespräch,,,,,,
Litaue…,,,,,,
Waffen-Investment,,,,,,
Waffenexporte Israel,,,,,,
Rockermilieu,,,,,,
Taz,,,,,,
Werneck,,,,,,
jW,,,,,,
schwarze Kanal,,,,,,
Kamjanez-Podilskyj,,,,,,
Südkaukasusrepublik Georgien,,,,,,
Strafverfolgungsbeamten,,,,,,
Atlantik-Brücke,,,,,,
Serbi…,,,,,,
Kronberger Kreises,,,,,,
Bad Ems…,,,,,,
Teuerungswelle,,,,,,
Heizspirale,,,,,,
Preußischblau,,,,,,
Kranzplatz,,,,,,
Drogen,,,,,,
Haschisch,,,,,,
Preisexzessen,,,,,,
PC-Lüfter,,,,,,
Fake-Klima,,,,,,
Waffenembargo,,,,,,
Lötschental,,,,,,
Birchgletschers,,,,,,
Nahostkonflikt im Überblick,,,,,,
Wochenrückblick Luftalarm,,,,,,
Centre for …,,,,,,
Kanton Wallis,,,,,,
Produktfälschungen,,,,,,
Memorandum,,,,,,
HafenCity,,,,,,
Kurilen,,,,,,
"Krimbrücke
",,,,,,
<,,,,,,
Krim-Bücke,,,,,,
Wasserstands,,,,,,
Ausmaß,,,,,,
Weber-Grill,,,,,,
Elektrogrill,,,,,,
Seerecht Moskau,,,,,,
Verteilzentrum,,,,,,
Investigativ-Chef,,,,,,
Supply-Chain-Angriff,,,,,,
Nato-Großmanöver,,,,,,
Kriegsgebiet,,,,,,
entf…,,,,,,
Triftern,,,,,,
Landkreis Rottal-Inn,,,,,,
Gemeinschaftswährung,,,,,,
Zölle in Höhe,,,,,,
Kriegsverbrechen,,,,,,
St. Jobst,,,,,,
Nato-Großmanöver Baltops,,,,,,
Ura,,,,,,
Ru,,,,,,
Oblast Woronesch,,,,,,
Kraftwerk Cernavoda,,,,,,
Sprengstoffattacke,,,,,,
russische Krim-Brücke,,,,,,
Kreis Steinburg,,,,,,
Chelsea-Verkauf,,,,,,
Koller,,,,,,
Angriff an Weberstraße,,,,,,
Weberstraße,,,,,,
Eistonne,,,,,,
Straße von H,,,,,,
Tanken,,,,,,
Merz-Mach…,,,,,,
Ceuta se,,,,,,
nordafrikanischen Küste,,,,,,
Zementproduktion,,,,,,
Sprengstoffdrohne,,,,,,
Gerhart-Hauptmann-Schule,,,,,,
Griesheim …,,,,,,
Tscheljabinsk,,,,,,
Landkreis Altenkirchen,,,,,,
Le…,,,,,,
Versorgungszentrum,,,,,,
KI-Werten,,,,,,
Verletzungen,,,,,,
Körpers,,,,,,
Giftpapiere,,,,,,
härter,,,,,,
einzupreisen,,,,,,
Kreis Märkisch-Oderland,,,,,,
Busc…,,,,,,
Einzelaktien,,,,,,
Monoblock,,,,,,
hinaustritt,,,,,,
US-Vizebotschafter,,,,,,
Vereinigten Arabischen Emirate Teheran,,,,,,
rheinland-pfälzische Landtag,,,,,,
Köllnischen Park …,,,,,,
Drucks e…,,,,,,
Brombachsee,,,,,,
Zentralukraine,,,,,,
Lieferstopp von Waffen,,,,,,
NATO-,,,,,,
Clubbesucher,,,,,,
Bomber-Drohnen,,,,,,
Signalwirkung,,,,,,
Prabowo,,,,,,
GasPipeline,,,,,,
Photovoltaikanlagen,,,,,,
Waldbrand-Gefahr,,,,,,
Heimtücke,,,,,,
Helmholtz-Zentrum für Polar- und Meeresforschung,,,,,,
Friedrichsfelde,,,,,,
Tschuhujiw,,,,,,
Bomberdrohnen,,,,,,
Seedrohnen,,,,,,
Kontext ei…,,,,,,
Dienstag …,,,,,,
Jahresende,,,,,,
rumänisch-bulgarischen Grenze,,,,,,
Washington Maximalforderungen,,,,,,
Fahlenbach,,,,,,
Fortschritt,,,,,,
Klausur,,,,,,
Casa Rosada,,,,,,
argentinischen Regierung,,,,,,
Strommast,,,,,,
AKW Grafenrheinfeld,,,,,,
Methanemission,,,,,,
turkmenische Tor zur Hölle,,,,,,
Fließgewässer-Messstellen,,,,,,
Musiklegende Patti Smith,,,,,,
Krisenmanager,,,,,,
Islamische Republik n…,,,,,,
OMR-Podcast,,,,,,
Memphis,,,,,,
KI-Supercomputer,,,,,,
Colossus,,,,,,
Besatzungsbehörden,,,,,,
Weeze,,,,,,
Döner Kebab,,,,,,
Drehspieß,,,,,,
Ware …,,,,,,
Grenzübergangs Kardam n…,,,,,,
Hamburg-Horn,,,,,,
Rohrbach,,,,,,
Bad Wildbader,,,,,,
Fire Point,,,,,,
Lai,,,,,,
Kaliforniern,,,,,,
Zinkdächer,,,,,,
Grossbanken,,,,,,
Kremlvertretern,,,,,,
Wienerwald,,,,,,
Johannser Kogel,,,,,,
Lainzer Tiergarten,,,,,,
Le Pens Partei,,,,,,
Le Pens,,,,,,
Calmbach,,,,,,
Finanzlücke bei Sozialer Pflegeversicherung,,,,,,
Jahresbericht,,,,,,
Kanälen,,,,,,
Industrieverbands,,,,,,
Dat…,,,,,,
Kärnten/Tirol,,,,,,
Copacabana,,,,,,
Streaming-Irrsinn,,,,,,
Inhalte-Inflation,,,,,,
Zahnärztekammer Berlin,,,,,,
Troisdorf,,,,,,
Pegelstand im Rhein,,,,,,
Justizvollzugsanstalt Ulm,,,,,,
JVA Ulm,,,,,,
Thüringer Verfassungsgericht,,,,,,
Erdöl-Vorkommen,,,,,,
Hormus-Route,,,,,,
Oberkommando Mitte,,,,,,
Finanzierungsprobleme,,,,,,
Zins-Check,,,,,,
Luxus-Stränden,,,,,,
Rüstungsindustrie-Verband,,,,,,
Grenzübergangs Kardam,,,,,,
Darling Downs Zoo,,,,,,
Queensland a…,,,,,,
Schkopau,,,,,,
Oberfläch…,,,,,,
Niederlausitz,,,,,,
Niederlausitz Erdwärme,,,,,,
Huthi-Milz,,,,,,
US-Berichten,,,,,,
Jogger-Angriff,,,,,,
Hochdorf,,,,,,
Trump-Gespräch,,,,,,
Nickelsdorf,,,,,,
Verkehrsminister,,,,,,
Versprechungen,,,,,,
US-Lieferstopps,,,,,,
Defizitverfahren,,,,,,
Landkreis Pfaffenhofen,,,,,,
Kiewel,,,,,,
Parteivorsitzenden,,,,,,
Top-Posten,,,,,,
Finanz-Kontrollen,,,,,,
Rol…,,,,,,
Rheinischen Landeskliniken,,,,,,
Dumawahl,,,,,,
Bollwerk …,,,,,,
Hohe Düne,,,,,,
Flutkatastrophe an der Ahr,,,,,,
umweltfreundli…,,,,,,
Nörten-Hardenberg,,,,,,
AfD-Mitglieder,,,,,,
Straftätern,,,,,,
Oberverwaltungsgericht des Landes Sachsen-Anhalt,,,,,,
kalmieren,,,,,,
Donez…,,,,,,
US-Luftschläge,,,,,,
Putin-Versteher-Versteher,,,,,,
Waffenentzug,,,,,,
For…,,,,,,
Lebensmittelproduktion,,,,,,
Geisterschiffen,,,,,,
Doping-Sperre,,,,,,
Pogba-Auftritt,,,,,,
Analysehauses Franke,,,,,,
Bornberg,,,,,,
Kreis Krementsc…,,,,,,
Stadt Ghom,,,,,,
Hochburg,,,,,,
Eisenhüttenstadt,,,,,,
Landkreis Verden“,,,,,,
Landkreis Verden Drogen und Waffen,,,,,,
Kreis Vorpommern-Greifswald,,,,,,
Löcknitz-Penkun,,,,,,
Militärisches Forschungszentrum,,,,,,
Langenselbold,,,,,,
US-Präsident Trump,,,,,,
Landesfläche der Schweiz,,,,,,
Online-Pranger,,,,,,
Schwimmen,,,,,,
Schweizer Hochgebirge,,,,,,
St. P…,,,,,,
Schröder-Aussage,,,,,,
Rollstühlen,,,,,,
Landesgericht Klagenfurt weiterverhandelt,,,,,,
Dimitrowgrad,,,,,,
St. Petersbur…,,,,,,
Basler Meistertrainer,,,,,,
St. Petersburg-Rede,,,,,,
Börsenrally,,,,,,
Outdoor-Marke,,,,,,
Drohnen-Wettlauf,,,,,,
ArcelorMittal,,,,,,
UEFA,,,,,,
Anreicheru…,,,,,,
Mini-Handventilator,,,,,,
fremdelt,,,,,,
Steady,,,,,,
Fenians,,,,,,
Ecuadors,,,,,,
Rentensturm,,,,,,
Marine Cloud Brightening,,,,,,
Roboterschiffe,,,,,,
Nord-Ostsee-Kanal,,,,,,
Rentendebatte,,,,,,
Blanca,,,,,,
Bundeswehr-Lastwagen,,,,,,
Gmunden,,,,,,
Krisenlagen,,,,,,
Handy-Klotz,,,,,,
Baltenstaaten,,,,,,
Niederösterreichs,,,,,,
Sommerhitze,,,,,,
Reichenau an der Rax,,,,,,
Bezirk Neunkirchen,,,,,,
(16) ,,,,,,
Lebenszeichen,,,,,,
Westerwald-Killer,,,,,,
dpa,,,,,,
Gaming-Branche,,,,,,
Unternehmenssoftware,,,,,,
Empires,,,,,,
Stone-Washed-Jeans,,,,,,
Gössendorf,,,,,,
Bezirk Graz-Umgebung,,,,,,
Moskau ve,,,,,,
Nischnekamsk,,,,,,
Trump“,,,,,,
Deutschland Hochburg,,,,,,
US-Staat New York,,,,,,
Sprengstoffdrohne am Leipziger Flughafen,,,,,,
regimetreuer,,,,,,
Alb-Donau Kreis,,,,,,
Ingeborg-Bachmann-Wettlesen,,,,,,
Hisense,,,,,,
Meross Gurtwickler,,,,,,
Matter-Support,,,,,,
Kurzatmiger,,,,,,
Transbalkan-Gaspipeline,,,,,,
Rolladengurt,,,,,,
Leipziger Eisenbahnstraße,,,,,,
Russen-Milliarden,,,,,,
Schulenburg,,,,,,
dpa/bb)-,,,,,,
Honeymonn,,,,,,
Klimasc…,,,,,,
Irdning/Salzburg,,,,,,
Nasirzadeh,,,,,,
Große Gesten,,,,,,
Minister beim Fleisch schwertun,,,,,,
Ortseinfahrt Bad Hall,,,,,,
Ukraine-Schlamassel,,,,,,
Aqara,,,,,,
UN-Behörde,,,,,,
Kassationshof,,,,,,
Haftrichter,,,,,,
Triumphen,,,,,,
Konstantiniwka,,,,,,
Nachrichten,,,,,,
Brensbach,,,,,,
Propagandamaschinerien,,,,,,
Desinformationskampagnen,,,,,,
Innenstadtstraßen,,,,,,
Bandar Chamir,,,,,,
Landkreis Böblingen,,,,,,
EU-Urteil,,,,,,
Islamische Republik…,,,,,,
Katastrophen,,,,,,
Arktische Ozean,,,,,,
Kelly,,,,,,
Stralsunder Hauptbahnhof,,,,,,
Bundesstraße B184,,,,,,
Bundesstraße 184,,,,,,
Mini-Meiler,,,,,,
Maxi-Probleme,,,,,,
Saint Gobain-Chef,,,,,,
Spionageschiff,,,,,,
Gäufelden,,,,,,
Regionalkommando,,,,,,
Agenda-Moment,,,,,,
Nordmali,,,,,,
Ruß,,,,,,
Nachschlag,,,,,,
Zentrum der Drei,,,,,,
Liebschaften,,,,,,
Bosch Thermostat,,,,,,
Jask,,,,,,
Empty Quarter,,,,,,
Kuschelkurs,,,,,,
US-Aktivitäten,,,,,,
Herr Bundeskanzler,,,,,,
Medikamente,,,,,,
Kohlenmonoxidvergiftung,,,,,,
Versöhnung,,,,,,
B.-H. Otte,,,,,,
Schirnding,,,,,,
Provinz Hormosgan,,,,,,
AfD-Landeschef,,,,,,
Gebietes Donezk,,,,,,
Atomkraftwerks Isar 2,,,,,,
griechische Regierung w…,,,,,,
Rückbau des…,,,,,,
Nasskaltes Winterwetter,,,,,,
Land los,,,,,,
europäischen Klim…,,,,,,
Fußfessel,,,,,,
Lötkolben,,,,,,
Korezkyj,,,,,,
Santa Claus,,,,,,
Haiattacke,,,,,,
Pandem,,,,,,
Ansbach/Erlangen,,,,,,
entwichenen,,,,,,
Goethe-Schule,,,,,,
Fernsehturm,,,,,,
US-Technologieunternehmen,,,,,,
geflohener,,,,,,
Pipeline-Sabotage,,,,,,
Gerichtsvollzieher-Einsatz,,,,,,
Treuenbrietzener,,,,,,
Kreml-Propaganda,,,,,,
Lobbese,,,,,,
Burgtheaters,,,,,,
Burgtheater,,,,,,
Gerichtsvollzie…,,,,,,
Hedschasbahn,,,,,,
Handelskorridore,,,,,,
Kulturspartipps,,,,,,
Parkbänken,,,,,,
Rosatom-Chef,,,,,,
Ferrara,,,,,,
Gre…,,,,,,
Regierungsebene,,,,,,
Kernkraftwerk Rooppur,,,,,,
Sushi Bikes,,,,,,
Bexheim,,,,,,
Tepco,,,,,,
Boston w…,,,,,,
Drohnenpilot,,,,,,
US-Robotikforscherin,,,,,,
Interviewpartner,,,,,,
Brandenburgs BSW-Fraktionsvize Christian Dorst,,,,,,
Roboter-Forscherin,,,,,,
Sachen Ukraine,,,,,,
Verfolger Dortmund,,,,,,
Klimagerät,,,,,,
Lichterketten,,,,,,
Zimt,,,,,,
Rentenniveaus,,,,,,
Landesverband,,,,,,
Golf von Oman +++ Golfstaaten,,,,,,
Karaj,,,,,,
Shisha-Bars,,,,,,
Rheden,,,,,,
Flughafen Ir…,,,,,,
Landgericht Flensburg die Angeklagte,,,,,,
Amerikanerin,,,,,,
Ukraineverhandlungen,,,,,,
Gastro-Branche,,,,,,
Iranische Behörde,,,,,,
Amphetamin,,,,,,
Bischofsheim,,,,,,
Militärhauptquartier,,,,,,
Sonnenberg,,,,,,
Kriegsminister,,,,,,
Weltmarkt-Exit,,,,,,
Prügelei,,,,,,
Spezialkräfte-Einsatz,,,,,,
Blutrache,,,,,,
Spezialtruppen,,,,,,
Raed Saleh,,,,,,
Tuapse am Schwarzen Meer,,,,,,
Wagner-Flagge,,,,,,
Bremer Flughafen,,,,,,
Bezieher,,,,,,
Gas-Laster,,,,,,
Bundesratsinitiative,,,,,,
Stadt Huntingdon,,,,,,
Schwarzmeer-Hafen,,,,,,
Militärkanal Deep State,,,,,,
Stahlgipfel,,,,,,
Rechenzentrums,,,,,,
Oldtimer,,,,,,
Boris Rhein,,,,,,
schre…,,,,,,
Nieder-Eschbach,,,,,,
Ex-Botschafter,,,,,,
Nexperia-Exporte,,,,,,
Mainzer Neustadt,,,,,,
Feuewehreinsatz,,,,,,
Fußballverbands,,,,,,
⁠Iran,,,,,,
Angler,,,,,,
Hamas-Mitglied,,,,,,
Kommentarspalten,,,,,,
Gasnetz-Aus,,,,,,
Bundesverfassungsgericht…,,,,,,
Amazon-Angebot,,,,,,
vert…,,,,,,
Duane Arnold Energy Center,,,,,,
Landgericht Rottweil,,,,,,
Escape-Room,,,,,,
Energiesparmodus,,,,,,
Schnieder,,,,,,
Anwohner,,,,,,
Orico,,,,,,
Notenbank Fed,,,,,,
Schwedens Bergen,,,,,,
Schwedens…,,,,,,
USB-SSD-Stick,,,,,,
Landgerichts Düsseldorf,,,,,,
Springer-Chef,,,,,,
Laptop-Bildschirm hinabschaut,,,,,,
arabischer Staat,,,,,,
Landgerichts Düssel…,,,,,,
Bad Seg…,,,,,,
Dieselpreis,,,,,,
Straßenmusikern,,,,,,
Solar-Potenzial,,,,,,
Sport Arena Wien,,,,,,
Straße von Hormus +++ US-Armee,,,,,,
Terror-Ermittlungen,,,,,,
Ellerstadt,,,,,,
Kreis Bad Dürkheim,,,,,,
Castoren,,,,,,
Münchner Frauenkirche,,,,,,
Jordani…,,,,,,
Gasunfall,,,,,,
Formel-1-Spitzenreiter,,,,,,
COP30 am Amazonas,,,,,,
Branchen heuer,,,,,,
Russland-Sanktionspaket,,,,,,
Landgericht …,,,,,,
Verwaltungsgericht Mainz,,,,,,
Landkreis Mainz-B…,,,,,,
Kar…,,,,,,
Riwnopillja,,,,,,
Team-Wettbewerben,,,,,,
Gasversorger,,,,,,
Ministerriege,,,,,,
Neustadt am Rübenberge,,,,,,
Amtsgericht Neustadt,,,,,,
Großbuchstaben hi,,,,,,
Schlagstock,,,,,,
Roßmarkt,,,,,,
Nationalitä…,,,,,,
Schuldenlawine,,,,,,
Füssen,,,,,,
Autobahn 7,,,,,,
Zentrum Kyjiws,,,,,,
Württemberger,,,,,,
Oberspreewald-Lausitz,,,,,,
Sterlitamak,,,,,,
Baschkirien,,,,,,
Nato-Einsätze,,,,,,
Luftwaffe,,,,,,
Putzmittel,,,,,,
Höchberg,,,,,,
Frontabschnitt Pokrowsk-Myrnohrad,,,,,,
US-Cloud,,,,,,
Corolla-Modell,,,,,,
TTF,,,,,,
Nordeuropäer,,,,,,
"Straße von Hormus 
",,,,,,
Straße von Hormus attack,,,,,,
Polizeipräsidium Rheinpfalz,,,,,,
Ägypter,,,,,,
Frankreichs Schulden-Pulverfass,,,,,,
Magnet-Kompass,,,,,,
Frontgebieten,,,,,,
US-Waffenbestände,,,,,,
US-Waffenproduktion,,,,,,
S2,,,,,,
Dienstag Vertretern,,,,,,
Uschhorod,,,,,,
Stahlzöllen,,,,,,
Straße von Hormus –,,,,,,
Atomdeal,,,,,,
Angriff am Bondi Beach,,,,,,
U19,,,,,,
Anführungszeichen se… Teheran,,,,,,
S-,,,,,,
U-Bahnhof Brandenburger Tor,,,,,,
S1,,,,,,
S25,,,,,,
Kapotnya,,,,,,
S-Bahn Berlin,,,,,,
The Sinking City 2,,,,,,
Bombenangriffen,,,,,,
Kaya,,,,,,
Baujahr,,,,,,
Mikko,,,,,,
Malz,,,,,,
Einmarsch Russlands,,,,,,
Hopfen,,,,,,
Duderstadt,,,,,,
Papiergarantien,,,,,,
Netstal,,,,,,
Risikogebieten,,,,,,
Geduldsprobe,,,,,,
Kundenme…,,,,,,
Pasewalk,,,,,,
One-Dyas,,,,,,
Offshore-Windstrom,,,,,,
Landkreis Calw,,,,,,
Rocker-Szene,,,,,,
Landkreis Calw“,,,,,,
Goldpreises,,,,,,
Straße von Hormuz,,,,,,
Kraftwerk Staudinger,,,,,,
Fernwärmekunden,,,,,,
Großkrotzenburgs,,,,,,
Dahintreiben,,,,,,
Kunstbiennale von Venedig,,,,,,
Geoengineering,,,,,,
Kaspischen Meer +++ Merz,,,,,,
Ausmaße,,,,,,
Roblox,,,,,,
Russen-Haft,,,,,,
Bad Zwischenahn-Deepenfurth,,,,,,
Risikopuffer,,,,,,
Hilfsgelder für Afghanistan,,,,,,
Mittelstand,,,,,,
AfD-Parteilinie,,,,,,
Land Oberösterreich,,,,,,
Kapotnja,,,,,,
Statistik,,,,,,
Krypto-Assets,,,,,,
Provinz Almería,,,,,,
Billig-Versender,,,,,,
Sydney-Attentat,,,,,,
Freitag au,,,,,,
Eurobonds,,,,,,
Halbinsel sel…,,,,,,
Gemeinschaftsleihen,,,,,,
Kriegsschiffen,,,,,,
Kaspischen Meer +++ Bundeswehr-General,,,,,,
Wiesbaden mi…,,,,,,
Regierungspartner,,,,,,
Krypto-Gewinnen,,,,,,
Rauchsäule,,,,,,
Kraftstoffen,,,,,,
Straße von Hormu…,,,,,,
Ukraine-Friedensverhandlungen,,,,,,
Imam-Resa-Schrein,,,,,,
Speichersdorf,,,,,,
Katar att…,,,,,,
weiterlesenSie,,,,,,
Irsching,,,,,,
Rekordniveaus,,,,,,
Bosch-Mitarbeiter,,,,,,
Kiew Russlands,,,,,,
innenpoliti…,,,,,,
Br…,,,,,,
US-Venezuala-Konflikt wollen,,,,,,
Visier Moskaus,,,,,,
AfD-Treffpunkt,,,,,,
MiG-29-Flieger,,,,,,
Kampfjet-Deal,,,,,,
sag…,,,,,,
Millionenvermögen,,,,,,
Russland-Exporten,,,,,,
Amazon-Konto,,,,,,
Schlingensief,,,,,,
Kindle-Geräten,,,,,,
Rüstungsaktien,,,,,,
Hefei,,,,,,
Heimatmarkt Deu…,,,,,,
Tiefkühlpizza,,,,,,
Oberndorf am Neckar,,,,,,
Estoril,,,,,,
Lebensstandard,,,,,,
Wupper,,,,,,
Teheran weiterverhandeln,,,,,,
Freitagvormi…,,,,,,
Superlativen,,,,,,
Stadt Freiburg,,,,,,
Neman,,,,,,
Kongresszentrum,,,,,,
Straße von Hormus vor…,,,,,,
Meisterstrategen,,,,,,
Standorts Magdeburg,,,,,,
Quallen,,,,,,
Friedenspläne,,,,,,
CallYa Start,,,,,,
Hoheluft-Westwird,,,,,,
Bezirk Eimsbüttel,,,,,,
Hoheluft-West,,,,,,
BDI-Präsident,,,,,,
Michaels,,,,,,
Polarwirbel,,,,,,
Dolgoprudnyj,,,,,,
Macheten-Überfall,,,,,,
Putin-Witkoff-Treffen,,,,,,
Mobster-Diplomatie,,,,,,
US-Südkommando,,,,,,
Kombi,,,,,,
Hyäne aus der Geisterstadt,,,,,,
Ukraine-Vertreter,,,,,,
Schulstreiks,,,,,,
Schulstreik,,,,,,
Schwänzen,,,,,,
Sanktionsverstöße,,,,,,
Papierstau,,,,,,
Oberlandesgericht Frankfurt am Main,,,,,,
Anping,,,,,,
Grenzkonflikten,,,,,,
Cachalluta,,,,,,
Makita,,,,,,
Tower AB+Auf,,,,,,
möglic…,,,,,,
Burgund,,,,,,
Autozulieferer-Standort Magdeburg,,,,,,
Block-Entführer,,,,,,
Gewalttäter,,,,,,
Löhne in Bayern,,,,,,
Energie-Stresstest,,,,,,
Bischkeks,,,,,,
Neonazi-Anschlag,,,,,,
Bandenkrieg,,,,,,
Bahnhofs Meidling,,,,,,
Karabach-Armenier,,,,,,
Fonds,,,,,,
Karibische See,,,,,,
Einschläge,,,,,,
Bahnhof Hamburg-Harburg,,,,,,
türkischen Küste,,,,,,
Drogendealer,,,,,,
Presse-Podcasts,,,,,,
Siedlergewalt,,,,,,
Bethlehem,,,,,,
Weihnachtsbacken,,,,,,
Dehaghan,,,,,,
Florida Gespräche,,,,,,
Militärflugplatz Kat…,,,,,,
US-Astronauten,,,,,,
wegbomben,,,,,,
Rosenheimer,,,,,,
Fabriken,,,,,,
Kiewer Khanenko-Nationalmuseum,,,,,,
Volkswagen-Werk,,,,,,
Straße vo,,,,,,
Weihnachtsbäckerei,,,,,,
Kulissen,,,,,,
US-Investoren,,,,,,
Sinan,,,,,,
Selen,,,,,,
US-Sicherheitspapier,,,,,,
Wermelskirchen,,,,,,
Paramount,,,,,,
Schimmelrisiko,,,,,,
Museum am Rothenbaum,,,,,,
Polizeipräsidium Westpfalz,,,,,,
Berliner Horror-Haus,,,,,,
Horror-Hauses,,,,,,
Hardliner,,,,,,
Berlin-Tegel,,,,,,
Tegel-Süd,,,,,,
Grünstromerzeugung,,,,,,
osteuropäischen Staaten,,,,,,
Europaparla…,,,,,,
Osnabrücker,,,,,,
Wunschzetteln,,,,,,
Schongau,,,,,,
Weihnachtspostfilialen,,,,,,
Moormerland …,,,,,,
Regimewechsel,,,,,,
Präfektur Niigata,,,,,,
Porsche-Ausfälle,,,,,,
Stillgestanden,,,,,,
Nikolaustag,,,,,,
Notlagen,,,,,,
Landta…,,,,,,
Landkreis Altötting,,,,,,
Mini-Akku-Fahrradpumpe,,,,,,
DEUTSCHLAND,,,,,,
Bayerischen Staatsoper,,,,,,
Schwabenheim an der Selz,,,,,,
versuchtes Tötungsdelikt,,,,,,
Lehrte,,,,,,
Tor zum Hermits Rest,,,,,,
Colorado River,,,,,,
Weihnachtsbäckereien,,,,,,
Kekserl,,,,,,
Reaktion …,,,,,,
Landkreis Leer,,,,,,
idyllischste,,,,,,
Hermit Trail,,,,,,
Wandern,,,,,,
Auge«-Doktrin,,,,,,
Evonik-Chef,,,,,,
Platz des Himmlischen Friedens,,,,,,
Clash,,,,,,
Vorräten,,,,,,
Dirndln,,,,,,
Royals,,,,,,
Sicherheitsgefühl in Bus,,,,,,
Landkreis Sächsische Schweiz-Osterzgebirge,,,,,,
Callya Jahrespaket M,,,,,,
Universums,,,,,,
James-Webb-Teleskop,,,,,,
Haager Tribunal,,,,,,
Weltraumteleskop,,,,,,
Nordostchina,,,,,,
Haien,,,,,,
Ottobrunn,,,,,,
Kohlensäure,,,,,,
Ozean…,,,,,,
Kommunalpolitiker,,,,,,
Arbeitsalltag,,,,,,
Haus in Ostpolen,,,,,,
Wyryki,,,,,,
Federal Reserve Board ,,,,,,
Federal Reserve Board,,,,,,
Bierpreis,,,,,,
SSG,,,,,,
Haushaltsdefizit der Kommunen,,,,,,
Angst,,,,,,
Kaspischen Meer seh…,,,,,,
Positionswechsel,,,,,,
Brandenburger Tor…,,,,,,
Baby,,,,,,
buy,,,,,,
Carplay,,,,,,
Statistischen Amt des Landes,,,,,,
Brüsseler Blase,,,,,,
Primosk,,,,,,
Nowomykolajiwka,,,,,,
Was…,,,,,,
Landes Kampfflugzeuge,,,,,,
Kriegsland,,,,,,
UN-Botschafterin,,,,,,
Psycho-Tricks,,,,,,
Stadthallenpark,,,,,,
Online-Shops,,,,,,
Klima-Aktivist,,,,,,
Düsseldorfer Flughafens,,,,,,
Klimaschutz-Aktivisten,,,,,,
USB-C-Port,,,,,,
Blackview,,,,,,
Smart-Home-Display,,,,,,
Stahlindustrie,,,,,,
Zahlungsschwierigkeiten,,,,,,
Wirecard-Chef,,,,,,
russischen Geheimdienstes,,,,,,
Balanceakt,,,,,,
A+ herabstufte,,,,,,
Sächsische Infrastrukturministerium,,,,,,
Zweitliga-Tabelle,,,,,,
Washington Trump,,,,,,
Wutrede,,,,,,
Geldsegen,,,,,,
Landesrat,,,,,,
Sparbudget,,,,,,
Mehrwert…,,,,,,
Marienpalastes,,,,,,
Influencerin,,,,,,
Festivalstadt Erlangen,,,,,,
fränkischen Stadt,,,,,,
Kult-Trainer,,,,,,
Netto-Haushaltseinkommen,,,,,,
Körber-Preis,,,,,,
Betonplatten,,,,,,
Mainzer Hauptbahnhof,,,,,,
Dänische Regierung,,,,,,
Kreis Birkenfeld,,,,,,
Callcenter-Betrügern,,,,,,
Heimbach,,,,,,
Baumholder,,,,,,
Treffen im Weißen Haus,,,,,,
Drohnenflügen,,,,,,
Privatschulden,,,,,,
Kinderbeuern,,,,,,
Verteidigungsmodus,,,,,,
Pussy-Riot-Aktivistin,,,,,,
Geologische Dienst Nordrhein-Westfalen,,,,,,
Glendale,,,,,,
Stimmungsanalyse der…,,,,,,
Amtsgericht Bruchsal,,,,,,
RSF im Sudan,,,,,,
Angriffs,,,,,,
Stadt al-Faschir,,,,,,
Petrobaltic,,,,,,
Nationalteams,,,,,,
Federal Reserve di…,,,,,,
Eisleben,,,,,,
Landkreis Mansfeld Südharz,,,,,,
Rauschenberger,,,,,,
Bracht,,,,,,
Ölkonzern OMV,,,,,,
Harbour Front Literaturfestival,,,,,,
Luxus-Resort,,,,,,
Sicherheitsfragen,,,,,,
Luftraums von Nato-Staaten,,,,,,
Familiensaga,,,,,,
Pakistans Drahtseilakt,,,,,,
Spekulatius-Inflation,,,,,,
Riesen-Ballon,,,,,,
russische Herrschaft,,,,,,
Hysterie,,,,,,
Buy,,,,,,
Primorsk,,,,,,
Mode-Buzz,,,,,,
Museum für Gießen,,,,,,
Udatschne,,,,,,
Forsa-Umfrage,,,,,,
Frauengefängnis Chemnitz,,,,,,
umtreibt,,,,,,
Brisbane,,,,,,
Asylunterkunft,,,,,,
Lacanau,,,,,,
Fachkräfte-Suche,,,,,,
Pizza,,,,,,
Brandplatz,,,,,,
Wochenmarkt,,,,,,
Sila Sibiri 2,,,,,,
Alarmglocken,,,,,,
Lützel,,,,,,
Andernach,,,,,,
Landkreis Mayen-Koblenz,,,,,,
Rahmsdorf,,,,,,
Eisberg,,,,,,
Länder-Sicht,,,,,,
Finanzminister von Baden-Württemberg,,,,,,
US-Stationierungen,,,,,,
Neuen Schloss,,,,,,
Hitlergrußes,,,,,,
Ölmarktes,,,,,,
See…,,,,,,
Bretagne,,,,,,
Steuererhöhungen,,,,,,
Wirtschaftspodcast,,,,,,
Tarp,,,,,,
Intercity-Zug,,,,,,
Online-Käufen,,,,,,
Bezirk Steyr-Land,,,,,,
Weinfeldern,,,,,,
Rosmarin,,,,,,
Visier …,,,,,,
silent green,,,,,,
Flugzeugsessel,,,,,,
Monster,,,,,,
Bad Hall,,,,,,
Justizanstalt Garsten,,,,,,
Politisches Kino am Lido,,,,,,
Hitze-Kurzarbeitergeld,,,,,,
Abkühlorte,,,,,,
Pflanzengrün,,,,,,
Regelsatz,,,,,,
Bundesarbeitsministerium am Sonntag,,,,,,
Konzernumsatzerlöse,,,,,,
Arsenal,,,,,,
Nottingham,,,,,,
Hamburg-Hohenfelde,,,,,,
Le Pen,,,,,,
Verhätschelter Ökostrom,,,,,,
Bankenschlacht,,,,,,
Großmanöver,,,,,,
Warum Ägypten,,,,,,
Wasserstand der Donau,,,,,,
Liste der Beschwerden,,,,,,
Atomkraftwerks Cernavodă,,,,,,
Kloster Goldenstein,,,,,,
Altersheim,,,,,,
Elsbethen,,,,,,
Telegram-Gründer,,,,,,
Republik Moldau Parlamentswahlen,,,,,,
Nuklearkatastrophe von Fukushima,,,,,,
Senf,,,,,,
Hamas-Führungsspitze,,,,,,
Wachstumsmarkt,,,,,,
Sienas,,,,,,
Militärübung Sapad,,,,,,
baltische Staaten,,,,,,
Hamas-Anführer,,,,,,
US-Stadtbahn,,,,,,
Russlandreise,,,,,,
Nato-Territorium,,,,,,
Rüstungssparte,,,,,,
Wöbbelin,,,,,,
Augsburger Maximilianstraße,,,,,,
Ursache-Wirkungs-Kette,,,,,,
IV NÖ,,,,,,
Führerscheinentzug“,,,,,,
Führerscheinentzug,,,,,,
früh am Tag,,,,,,
Schwäbisch Hall,,,,,,
Monte dei Paschi di Siena,,,,,,
MPS,,,,,,
Eingangsportal,,,,,,
Spätphase,,,,,,
St. Peter-Ording Tourismusflaute,,,,,,
Kommentare,,,,,,
Onlinedienstes Telegram,,,,,,
Nachbarschaftsstreits,,,,,,
dabe…,,,,,,
Regensburger,,,,,,
Biberach an der Riß,,,,,,
Zimtgeschmack,,,,,,
Absatzrückgang,,,,,,
Robotaxis,,,,,,
Los Lobos,,,,,,
Milchreis,,,,,,
Biomozzarella,,,,,,
Sahnepudding,,,,,,
Los Choneros,,,,,,
Neues Gravitationszentrum,,,,,,
Comfee,,,,,,
Doral,,,,,,
Cernavod,,,,,,
Landkreis Bernkastel-Wittlich,,,,,,
Bahntarife,,,,,,
Hormosgan,,,,,,
the Lukyanivka area where attacks have destroyed multiple buildings after a large-scale attack overnight that left at least one person,,,,,,
Jalta,,,,,,
E-Paper,,,,,,
Korallensterben,,,,,,
Bad Neuenahr-Ahrweiler,,,,,,
Avi Ohayon/REUTERS,,,,,,
Vorjahresmonat,,,,,,
Zeil am Main,,,,,,
Techem Heizreport,,,,,,
Ölkrise,,,,,,
US-Aktivisten,,,,,,
Lieferrouten,,,,,,
Ukraine-Stand,,,,,,
Stuttgarter Hauptbahnhof,,,,,,
Halbleiter,,,,,,
Chiphersteller Nexperia,,,,,,
baltischen EU-,,,,,,
Jahresfrist,,,,,,
Statistischen Bundesamts…,,,,,,
KYIV,,,,,,
Klima-Wahn,,,,,,
Produktionsstopp,,,,,,
Oberlandesgericht München …,,,,,,
Aargau,,,,,,
gemütliche Stunden vor de…,,,,,,
Geraer Fußballclubs,,,,,,
Domino-Effekten,,,,,,
Produktionsstillstand,,,,,,
Alexanderstraße…,,,,,,
Postbauer-Heng,,,,,,
Cybererpresser,,,,,,
Waltersdorf,,,,,,
Schwarzmeer-Region,,,,,,
Gebiet Dniepropetrowsk,,,,,,
Verbandsgemeinde Dahner Felsenland,,,,,,
Gommersheim,,,,,,
Landkreis Südliche Wei…,,,,,,
Bad Dobe…,,,,,,
Premier-Minister Bart De Wever,,,,,,
Finanzministers,,,,,,
Sotschi…,,,,,,
lateinamerikanischen Landes,,,,,,
Putin-Geständnis,,,,,,
Al-Sisi,,,,,,
Ungewöhnliche Ansprache im Weißen Haus,,,,,,
Kim-Il-Sung-Platz,,,,,,
Atom-Projekt,,,,,,
thüringischen Crossen,,,,,,
Crossen,,,,,,
Odessa …,,,,,,
Hafen v,,,,,,
Sébastien Lec…,,,,,,
Petrolheads,,,,,,
Nord-Stream-Komplex,,,,,,
US-Attacke,,,,,,
Südamerika-Korrespondenten,,,,,,
Mailänder Pl…,,,,,,
Arctic National Wildlife,,,,,,
Rettung am Gleis,,,,,,
Rettung am Gleis – Reisende,,,,,,
Mühlacker,,,,,,
Enzkreis,,,,,,
Bahnhof Enzberg,,,,,,
Lukoil,,,,,,
Spionage-Verdacht,,,,,,
Estonia-Wrack,,,,,,
El…,,,,,,
Bulgarien Lidl,,,,,,
Deutsche Nico Hülkenberg,,,,,,
Heppenheim,,,,,,
Kranichsteiner Literaturförderpreis,,,,,,
27 Staaten,,,,,,
Studentenwohnheim,,,,,,
Studentenwohnheims,,,,,,
Preisvergleich,,,,,,
Dover Air Force Base,,,,,,
Bad Kreuznach,,,,,,
Nichtstun,,,,,,
Atomkraftwerks Gundremmingen,,,,,,
Schwäbischen Alb,,,,,,
Altenmarkt,,,,,,
(30) zu,,,,,,
Sanktionsankündigungen,,,,,,
Seekabel,,,,,,
Streits,,,,,,
Houthi-Milizen,,,,,,
Landkreis Barnim,,,,,,
Frontverlaufs,,,,,,
Sächsischen Schweiz,,,,,,
Tokios Parlament,,,,,,
Houthis,,,,,,
Urgewald,,,,,,
KI-Modelle,,,,,,
Segeberg,,,,,,
Forums für historische Belarus-Forschung,,,,,,
Kiew am Morgen,,,,,,
Bilanzen,,,,,,
Nassfeld,,,,,,
Katschberg,,,,,,
Hochrindl,,,,,,
Drogen-Boot,,,,,,
Netzen,,,,,,
Droh…,,,,,,
Kaffee,,,,,,
Kardesa-Seekabel,,,,,,
Pinneberg,,,,,,
Schwarzmeerregion,,,,,,
Ruhrgebietsstadt Herdecke,,,,,,
Grimme,,,,,,
Finanz-Experte,,,,,,
Sachsen Preisanstiege,,,,,,
Mehrparteienhaus,,,,,,
Gas-Alarm,,,,,,
Dradenau,,,,,,
Wedel,,,,,,
Sindelfingen,,,,,,
Himmelskörpers,,,,,,
San Antonio,,,,,,
Sentiero della Pace,,,,,,
Dolomiten,,,,,,
Sumy getroff,,,,,,
Drei-Grad-Apokalypse,,,,,,
Design-Center,,,,,,
Larissa,,,,,,
Sultanat Oman,,,,,,
Goldküste am Züri…,,,,,,
Goldküste am Zürichsee,,,,,,
Update-Newsletter,,,,,,
Saudi-Ar…,,,,,,
Kokos-Insel,,,,,,
Kokos-Insel vo,,,,,,
Neofaschisten-Kongress,,,,,,
halbmast,,,,,,
Mecklenburg-Vorpommerns Landesha…,,,,,,
Pruszków,,,,,,
Fernstudium,,,,,,
Visier Russlands,,,,,,
Meinungssch…,,,,,,
Kriegsschauplatz,,,,,,
Herkenbosch,,,,,,
Hamburg-Tiefstack,,,,,,
Freitag menschenleer,,,,,,
Erfurter Straßenbahn,,,,,,
Gagausien,,,,,,
Ansatz,,,,,,
Russlands Eisenbahn,,,,,,
Paralympics-Komitee,,,,,,
Ännchen von Tharau,,,,,,
Porsche-Zukunftsauto,,,,,,
Nato-Militärs,,,,,,
Nazi-Vorwürfe,,,,,,
Nato-General,,,,,,
Amtshilfe,,,,,,
Autobahn 6,,,,,,
Sinsheim,,,,,,
Finanz-Websites,,,,,,
Blut-Video,,,,,,
D4vd,,,,,,
Mysteriöse Lichter,,,,,,
Leisnig,,,,,,
Ganderkesee,,,,,,
Kiewer Regierung,,,,,,
­Ukrainer,,,,,,
Jaroslawl,,,,,,
Eklat bei Grimme,,,,,,
Splitter-Sprengkopf,,,,,,
Hansestadt Stralsund,,,,,,
Hundemantel,,,,,,
Berliner Tiergartens,,,,,,
St. Marienkirche“,,,,,,
Berliner Alexanderplatz,,,,,,
Cosori,,,,,,
Nord-Stream-Verdächtigen,,,,,,
Tiergarten,,,,,,
Friedberg,,,,,,
Zimmern,,,,,,
Shahed-Schwärme,,,,,,
Stalzer,,,,,,
Mahnwache,,,,,,
Klimataler-App,,,,,,
Vergleichsportal,,,,,,
Niedrigpreisen,,,,,,
Flugzeugwechsel,,,,,,
Bodeneinsatz,,,,,,
Iran-Attacken,,,,,,
Putin-Ehrung,,,,,,
Polizeianruf,,,,,,
West-Bauteile,,,,,,
CC1.0,,,,,,
Piketon,,,,,,
Rettung am Reinersberg,,,,,,
Dierbach,,,,,,
Sonntag Fortschritte,,,,,,
Schwabing-Freimann,,,,,,
Einfallsreichtum,,,,,,
Logistik-Kollaps,,,,,,
Infrastrukturfonds,,,,,,
Christopher Street Day,,,,,,
Grünes Kerosin,,,,,,
Drohnenwall,,,,,,
Leseprobe,,,,,,
Berglandes,,,,,,
Monophosphan,,,,,,
Poliz…,,,,,,
Theater an der Parkaue,,,,,,
Kaiserreichs Äthiopien,,,,,,
Bahnhof von Schostka,,,,,,
Novovodolazhka,,,,,,
Handball-Altmeister,,,,,,
Szene-Podcast Kreis,,,,,,
Anti-Atomkraft-Initiativen,,,,,,
Gang ,,,,,,
Marschflug…,,,,,,
großen Abschlussparty,,,,,,
Staatsferne,,,,,,
Münchens Flughafen,,,,,,
Straße ge,,,,,,
Bettenburg,,,,,,
Wolfen,,,,,,
Tanzania,,,,,,
Zuschauermenge,,,,,,
Linkspartei,,,,,,
Slogans,,,,,,
Wagenknecht-Lager,,,,,,
Pazifischen Ozean,,,,,,
Belin,,,,,,
Willkür,,,,,,
Dax-Konzern Henkel,,,,,,
Glamour,,,,,,
Hilfsaktionen,,,,,,
Bundesamt für Ausfuhrkontrolle,,,,,,
Betonwand,,,,,,
undSPD,,,,,,
Wahl-Taktik,,,,,,
Dnipr…,,,,,,
Militärübungen,,,,,,
Gebiet Moskau,,,,,,
Konfliktparteien im Sudan,,,,,,
Alterns,,,,,,
Älterwerden,,,,,,
FIS Finanz- und Invest-Series,,,,,,
Bauernverbands,,,,,,
Sahne,,,,,,
Sudan-Krise,,,,,,
Holzhäusern,,,,,,
Klimaschutzmaterial Holz,,,,,,
Klimakrise herausbauen,,,,,,
Sozialstaat,,,,,,
Wucher,,,,,,
Eispreis,,,,,,
Verletztenzahl,,,,,,
Moskauer Regimes,,,,,,
Mo­mentaufnahmen,,,,,,
Reformvorhabens,,,,,,
Withings,,,,,,
Berlin/Stuttgart,,,,,,
Gepard-Munition,,,,,,
Importstopp,,,,,,
Duisburger Altstadt,,,,,,
Duisburger Fitnessstudio,,,,,,
Bestandsimmobilien,,,,,,
Heizungsplänen,,,,,,
Verbots-Ampel,,,,,,
Maingau Autostrom,,,,,,
Akku-Kühl-Gefrierbox,,,,,,
Akku-Klimaanlage,,,,,,
Lidar-Mähroboter,,,,,,
Nordeuropa,,,,,,
Künstlerjagd,,,,,,
Talkshow,,,,,,
Anti-Klima-Kampagne,,,,,,
Erdbeobachtungsprogramms Copernicus,,,,,,
Kipp-Punkt,,,,,,
NGbK zu Russlands,,,,,,
Potsdamer Rathauschef,,,,,,
Kampfjet-Zwischenfall,,,,,,
Winterdürre,,,,,,
Genialreich,,,,,,
OnePlus Pad,,,,,,
Ukraine üb…,,,,,,
Atomkraftwerk Akkuyu,,,,,,
Rauch,,,,,,
Anhalt,,,,,,
Moska,,,,,,
Propan,,,,,,
Ökodesign-Richtlinie,,,,,,
US-Konvoi,,,,,,
Treibstoff-Lager,,,,,,
Oleh Kamyshev,,,,,,
Teknofest,,,,,,
Texas h…,,,,,,
Albonabahn,,,,,,
Arlbergs,,,,,,
Evakuierungsflügen,,,,,,
schön läppern,,,,,,
Krisengebiet,,,,,,
Armee-Hauptquartiers,,,,,,
Arme…,,,,,,
Gas-Notfälle,,,,,,
Bezirk Horn,,,,,,
"Land
",,,,,,
Ecoflow,,,,,,
Heizkosten-Zuschuss,,,,,,
Erdgas-Wärme-Soforthilfegesetz,,,,,,
Morgan,,,,,,
Brenn…,,,,,,
Giorgia Meloni,,,,,,
Stadtlohn,,,,,,
Nato-Mitgliedern,,,,,,
Getreide-Abkommens,,,,,,
Investitionsentscheidungen,,,,,,
Handelsblatt-Stresstest,,,,,,
Hohe Gewinne,,,,,,
Getty,,,,,,
Arbeitslebens,,,,,,
Mid-Career-Crisis,,,,,,
US-Technologiekonzern,,,,,,
Preisvergleich-Apps,,,,,,
Supermarkt d…,,,,,,
Integrationsministerkonferenz,,,,,,
Israels Partys,,,,,,
Feuerwerke,,,,,,
Uniper-Töchter,,,,,,
Frühsommer,,,,,,
Detonationsorte,,,,,,
Nawapo…,,,,,,
Warschauer Metro,,,,,,
Osloer Bar,,,,,,
Norwegen Asyl,,,,,,
Bad Homburg,,,,,,
Verdächtigen von Duisburg,,,,,,
Wirtschaftsinstitut Ifo,,,,,,
Glasner,,,,,,
Kampfmodus,,,,,,
Eigenlob,,,,,,
Kara-Mursa …,,,,,,
Kremlgegner Kara-Mursa,,,,,,
Leaks,,,,,,
Nachtzugsangebots,,,,,,
Waffen-Protest,,,,,,
US-Bundesstaat Tennessee,,,,,,
Al-Aqsa-Moschee,,,,,,
Sulztal,,,,,,
Krankenhauses Trient,,,,,,
26-Jährigen,,,,,,
Oberhaupt d…,,,,,,
Residenz St. Martha,,,,,,
Schubladen,,,,,,
Strandpromenade von Tel Aviv,,,,,,
US-Korrespondenten,,,,,,
Heidelberger Straße,,,,,,
Heiz-Wende,,,,,,
Gesetzentwurf,,,,,,
Sparpotenzialen,,,,,,
Botschaftern,,,,,,
Liebfrauendom,,,,,,
US-Außenminister Blinken,,,,,,
Malu,,,,,,
Manu,,,,,,
Hygienegründen,,,,,,
24-Stunden-Betrieb Krankenhaus,,,,,,
Sinzig,,,,,,
Redding,,,,,,
Gutscheincodes MGRB2YVK,,,,,,
US-Geheimpläne,,,,,,
Ostermärsche,,,,,,
Pflichtfach,,,,,,
SPD-,,,,,,
CDU-Führung,,,,,,
Zurich-Gruppe,,,,,,
Zurich,,,,,,
Brandbrief,,,,,,
Nuklearwaffen,,,,,,
Krim-Verhandlungen,,,,,,
Staatsgebiet,,,,,,
Nachtflügen,,,,,,
Lokstedt,,,,,,
Hamburg-Lokstedt,,,,,,
Leipziger Stadion,,,,,,
Pokal-Lichter,,,,,,
Kokainkonsum,,,,,,
Baggerarbeiten,,,,,,
Naturschutzgebiet,,,,,,
Brüel,,,,,,
Landes“,,,,,,
Skatepark,,,,,,
Nato-Dokumente,,,,,,
Geheimdokumente,,,,,,
Griechenland</li><li,,,,,,
Volksvertretern,,,,,,
Washington/Nashville,,,,,,
südbrasilianischen Stadt Blumenau,,,,,,
Conneticut,,,,,,
Diversifikation,,,,,,
Bankenaufsicht,,,,,,
Gardasee,,,,,,
Firmenzentralen,,,,,,
OdessaIn,,,,,,
Naschkatzen,,,,,,
Limoges,,,,,,
Caesar-Haubitzen,,,,,,
Energieforschungsprogramm,,,,,,
Bundeswirtschaftsministeriums,,,,,,
Sadio Mané,,,,,,
Monte Carlo,,,,,,
Neckarwesthe…,,,,,,
russisch-orthodoxe Patriarch,,,,,,
Kyrill,,,,,,
PC-Markt,,,,,,
Ungar,,,,,,
Alten Museum,,,,,,
Rebellion,,,,,,
Mehrum,,,,,,
Rhein-Herne-Kanal,,,,,,
Augenzeugen,,,,,,
Ato…,,,,,,
Trüffelsuchern,,,,,,
Berliner Schwimmbädern,,,,,,
Schwimmbäder,,,,,,
Osterfest,,,,,,
Westbengalen,,,,,,
Gericht in Italien,,,,,,
Antoni,,,,,,
BankfilialeKostenlose,,,,,,
Bankfiliale,,,,,,
Unbekannte,,,,,,
Lücke bei Start-up-Krediten,,,,,,
Deka-S-Finanzklima,,,,,,
Kommunikationssektor,,,,,,
Gaming-Szene,,,,,,
Discord-Server,,,,,,
Discord-Gaming-Kanälen,,,,,,
US-Geheimdienstinformationen,,,,,,
Astrachan,,,,,,
Härtefallhilfe,,,,,,
Interkontinentalrakete,,,,,,
Dark-Web-Foren,,,,,,
China2,,,,,,
Geldtransporter-Überfall,,,,,,
Enthauptungsvideo,,,,,,
Wirtschaftsforscher,,,,,,
Kampfjet-Abgabe,,,,,,
Indexfonds,,,,,,
Umweltpsychologin…,,,,,,
MiG-29-Kampfjets,,,,,,
Zentrum von Bachmut,,,,,,
Klima-Schmuddelecke,,,,,,
Canberra,,,,,,
Atom-Aus,,,,,,
Pessimismus-Paradox,,,,,,
Stadt Pawlohrad,,,,,,
Branchenmanager hadern,,,,,,
Geldmarktfonds,,,,,,
Kultursymposium Weimar,,,,,,
Bohdaniwka,,,,,,
türkische Republik,,,,,,
Berliner Invalidenstraße,,,,,,
Invalidenstraße,,,,,,
Ost-)Berliner,,,,,,
Niagata,,,,,,
Milliarden-Plus,,,,,,
Hafen Wert- und Vermögensgegenstände,,,,,,
Öl-Transport,,,,,,
schrottreifen Tankern,,,,,,
Minister Habeck und Geywitz,,,,,,
Laie…,,,,,,
Gebiet Dschankoj,,,,,,
Vanessa,,,,,,
Paria-Staaten,,,,,,
Soledar…,,,,,,
Bais,,,,,,
Rügen Foto,,,,,,
Freitag Gebietsgewinne,,,,,,
EU-Partner,,,,,,
Kropywnyzkyj,,,,,,
Luft-Luft-Lenkflugkörper,,,,,,
London Kiew,,,,,,
Bachmut Fortschritte,,,,,,
Beschäftigungsstandes,,,,,,
Rom/Kiew,,,,,,
Finanzierungsregeln,,,,,,
Serbisch-Bosnien,,,,,,
Banja Luka,,,,,,
New Hampsh…,,,,,,
B&Bs,,,,,,
Bed &amp,,,,,,
Abrüstungsvertrag,,,,,,
Kreml-Politikern,,,,,,
Wut“,,,,,,
Einkaufszentren,,,,,,
Lohn-Preis-Spirale,,,,,,
Härtehilfen,,,,,,
Airbnb-Papiere,,,,,,
Geldwertstabilität,,,,,,
Khans,,,,,,
Gas-Lobbyist,,,,,,
Russlands w…,,,,,,
Donezk m…,,,,,,
Jekaterinburgs,,,,,,
Eiszeitmensch,,,,,,
Schinkenstraße,,,,,,
New Y…,,,,,,
Smarte Klimaanlagensteuerung,,,,,,
Smartphon…,,,,,,
Berühmter See,,,,,,
Neusiedler See,,,,,,
Joist,,,,,,
Joi…,,,,,,
Ar…,,,,,,
Wladimir-Putin-Vertrauter,,,,,,
Vorkrisen-Regeln,,,,,,
Milliarden-Abwertungen,,,,,,
Blümchendekor,,,,,,
Kernkraft-Kater,,,,,,
Kohlendio…,,,,,,
Preisgelder,,,,,,
Sudan-Konflikt Ostafrika,,,,,,
Erneuerbaren-Energie-Richtlinie,,,,,,
Schwechat,,,,,,
Wachau,,,,,,
Erneu…,,,,,,
Bundesliga-Hit,,,,,,
Guinea,,,,,,
Allensbach-Umfrage,,,,,,
Klimaschutz-Pläne,,,,,,
Transformationsprozessen,,,,,,
Gemeindebau,,,,,,
Deutschordenstraße,,,,,,
Xinhua Silk Road,,,,,,
Paulskirche,,,,,,
Reiseveranstalter,,,,,,
Clan-Boss,,,,,,
Haus & Grund Deutschland,,,,,,
Immobilienbereich,,,,,,
Stuttgart-Feuerbach,,,,,,
Mahle-Konzern,,,,,,
Behr,,,,,,
Usinsk,,,,,,
Bestzeller,,,,,,
Paris-Klischees,,,,,,
Funding-Krise,,,,,,
Göhren,,,,,,
Fintech-Szene,,,,,,
Ankurbeln des sozialen Wohnungsbaus,,,,,,
Regierungskreise,,,,,,
Petropawliwka Lager,,,,,,
sow…,,,,,,
Russland-Pipelines,,,,,,
Karlspreisträger,,,,,,
Erfolgs,,,,,,
Truppenführer Prigoschin,,,,,,
Sowjet-Ehrenmal,,,,,,
Sondershuttle,,,,,,
Lisi Niesner/REUTERS,,,,,,
Zukunt,,,,,,
Herstellern,,,,,,
Zghurivka,,,,,,
Russisches Theater,,,,,,
Warenaustausch,,,,,,
Baseballtrainer,,,,,,
Heiz-Pläne,,,,,,
Dresdner Residenzschloss,,,,,,
Korruptionsfall,,,,,,
Ukrainerin Irina,,,,,,
Schadensregister,,,,,,
Ehe-Drama,,,,,,
Vanessa Wellbrock,,,,,,
Proptechs,,,,,,
Immobilienbranche,,,,,,
Ministerium,,,,,,
Asse,,,,,,
Nürnberger Kriegsverbrecherprozesse,,,,,,
rechtsbürgerliche,,,,,,
Kläranlagen,,,,,,
Gasmarkt Chaos,,,,,,
Starökonom,,,,,,
Große Sorge,,,,,,
Donnerstag international,,,,,,
Lieferengpass,,,,,,
Biontech-Mitbegründerin,,,,,,
Preisvergleich gib…,,,,,,
Sparvorgaben,,,,,,
Berechnungen,,,,,,
Krematorien,,,,,,
Nachkommabereich,,,,,,
Dinosaurier,,,,,,
Amokläufen,,,,,,
Ex-Bürgerkriegsland,,,,,,
Pastapreisen,,,,,,
Klimaschutzgese…,,,,,,
Kupferstichkabinetts,,,,,,
Wagner-Chef Prigoschi</li><li,,,,,,
Drohnenangriffe</li><li,,,,,,
Ukr…,,,,,,
Wi…,,,,,,
Fertigpizza,,,,,,
Chevron,,,,,,
Kreml-Dach,,,,,,
Leopard-Training,,,,,,
Selenskyjs Palast,,,,,,
südostukrainische Stadt,,,,,,
Statistische Bund…,,,,,,
Ardennen,,,,,,
Gerersdorf,,,,,,
Bezirk St. Pölten,,,,,,
Justizanstalt St. Pölten,,,,,,
Finanz-Expertin,,,,,,
Grundrechts auf Asyl,,,,,,
Außenministerium des…,,,,,,
Bankenaufseher,,,,,,
Impact-Investment,,,,,,
Impact-Investing,,,,,,
Tech-Riese Tencent,,,,,,
Origarchen-Yacht,,,,,,
fodert,,,,,,
Neuengamme,,,,,,
Abstiegsangst,,,,,,
Klima-Debatten,,,,,,
Ma…,,,,,,
Ukraine-Gegenoffensive,,,,,,
Den Haag +++ Die,,,,,,
Online-Spiel,,,,,,
Ukraine  …,,,,,,
Wolna,,,,,,
Bezirk Taman,,,,,,
Niederländisch,,,,,,
Berliner Mahnmalen,,,,,,
Großleinwänden,,,,,,
Russische Militäranwerber,,,,,,
London h…,,,,,,
Kreml will Russlands,,,,,,
Staatsschulden,,,,,,
UGREEN-USB-C-Netzteile,,,,,,
Multi-Ladewürfel,,,,,,
Rabattcoupon,,,,,,
Produktseite,,,,,,
Sachb…,,,,,,
Saisonendspurt,,,,,,
Solar-Boom,,,,,,
Weltrang,,,,,,
Flüchtlingsfragen,,,,,,
Wirtschaftsmacht China,,,,,,
Mini-Atomkraftwerk,,,,,,
Feri-Vorstand,,,,,,
Cehan San,,,,,,
Alten Bauernregeln,,,,,,
Fiasko,,,,,,
Saint-Laurent-Nouan,,,,,,
Finanz-Legende,,,,,,
Gensequenz,,,,,,
Klimadeich,,,,,,
Produktionsverlagerungen,,,,,,
Investitionszurückhaltungen,,,,,,
Bachmut ukrainische,,,,,,
Moscheen,,,,,,
Neue Wache,,,,,,
Kadyrow,,,,,,
Klima-Programm,,,,,,
Grosny,,,,,,
Nachbarlands Ukraine,,,,,,
Städtetagpräsident Lewe,,,,,,
Insbesonde…,,,,,,
Landkreis Passau,,,,,,
Republik Krim,,,,,,
Autobomben-Anschlag,,,,,,
frontnahe ukrainische Kernkraftwerk Saporischschja,,,,,,
Staatliche Dienst,,,,,,
Notfallsituationen,,,,,,
ukrainischen Volk,,,,,,
Stadt Nischni …,,,,,,
Prilepin-Attentat,,,,,,
Investitionsbremse,,,,,,
Saratow Würstchen,,,,,,
Potsd…,,,,,,
Altenburg,,,,,,
Hohe Rabatte,,,,,,
Redfall,,,,,,
Putin-Angst,,,,,,
Städtebund,,,,,,
Cloud-Gaming-Rückblick am Sonntag,,,,,,
Serbische Regierung,,,,,,
Amoklauf,,,,,,
Zeichens,,,,,,
ManhattanNicht,,,,,,
US-Geldmarktfonds,,,,,,
Dauer-Ziel,,,,,,
Pfedelbach,,,,,,
Genossenschaftsbanken,,,,,,
Gebieten zurückgehol…,,,,,,
Kongobecken,,,,,,
Ukrai…,,,,,,
Lösegeld in Millionenhöhe,,,,,,
Cyber-Erpressungen,,,,,,
Cyberraum,,,,,,
Tamm,,,,,,
Landkreis Ludwigsburg,,,,,,
Wüstenrot-Greuthof,,,,,,
Beinstein,,,,,,
Landkreis Rems-Murr,,,,,,
Landkreis Hohenlohe,,,,,,
Leopard-Schulung,,,,,,
Baden-Württember…,,,,,,
Ausfuhrdeals,,,,,,
Fossiles Gas,,,,,,
Habecks Hammer,,,,,,
Chipperfield,,,,,,
Quasi-Verbot,,,,,,
Militärübungsplatz Pabrade,,,,,,
Nordstream-Pipelines,,,,,,
Nordstream-Anschläge,,,,,,
Gefangenen-Camp,,,,,,
Huwara,,,,,,
Siedlern,,,,,,
Offshore-Windpark,,,,,,
Perpignan,,,,,,
Mittelmeerküste,,,,,,
Mittelmeer los,,,,,,
Washington</li><li…,,,,,,
Blutzoll,,,,,,
Stalin-Denkmäler,,,,,,
Despoten,,,,,,
Kunzewo,,,,,,
Siwerski Donez,,,,,,
Bohoroditschne,,,,,,
Kriegsgebiete,,,,,,
Märkte-Insight,,,,,,
Zusammenlebens,,,,,,
Dannenröder Forst,,,,,,
se…,,,,,,
Schloss Meseber…,,,,,,
Luftkämpfe,,,,,,
Tel…,,,,,,
Nato-Staat Estland,,,,,,
teuerFür,,,,,,
China-Soldaten,,,,,,
Mützenich,,,,,,
S. Hesse.</em,,,,,,
Stada,,,,,,
Krankheitswelle,,,,,,
Aeyde,,,,,,
Meilenstein am Wendelstein,,,,,,
Arminia-Krise,,,,,,
Einhe…,,,,,,
Methangas der Pipelines,,,,,,
Avril Haines,,,,,,
Inyo Mountains,,,,,,
Sandkastenrand,,,,,,
Kiewer Kloster +++,,,,,,
Bankaktien,,,,,,
Asowschen Hafen Temryuk,,,,,,
Wirtschaftsminister Habeck,,,,,,
Boxverbands,,,,,,
Energie-Kommune des Jahrzehnts,,,,,,
Jubiläums-Duell,,,,,,
Super-Gau,,,,,,
Sportschütze,,,,,,
Putin</li><li,,,,,,
"Terror""</li><li",,,,,,
Geister-Tankern,,,,,,
Warmwetter-Quickie,,,,,,
Ausnahmeregelungen,,,,,,
Karton,,,,,,
Gummibändern,,,,,,
Restaurant Kroa,,,,,,
Longyearbyen,,,,,,
Stücken,,,,,,
Wanken,,,,,,
Atomkraftgegner*innen am …,,,,,,
Massen,,,,,,
ü…,,,,,,
Finnin,,,,,,
Manzanar,,,,,,
Bergketten,,,,,,
Foto-Preis,,,,,,
Stacheldraht,,,,,,
Aktivist,,,,,,
Nord-Stream-Sprengungen,,,,,,
Heizungs-Versprechen,,,,,,
Business-Bereich,,,,,,
Elisabeth-Norgall-Preis,,,,,,
Afrikanische Migranten,,,,,,
Schwarze,,,,,,
Conakry,,,,,,
Stromnetz</li><li,,,,,,
BVB-Derby,,,,,,
Subsahara-Ländern,,,,,,
Kräften,,,,,,
Derby,,,,,,
Fußball-Revierderby,,,,,,
Revierderby,,,,,,
Shell-Chef,,,,,,
Weißen Haus +++,,,,,,
Rolle China,,,,,,
Bibber-Balz,,,,,,
Schnee-Nest,,,,,,
Landtages von Meck-Pomm,,,,,,
Alsterdorf,,,,,,
Staat d…,,,,,,
Corona Pandemie,,,,,,
Aktienmärkten,,,,,,
Senftenberg,,,,,,
Brot,,,,,,
Rüstungsunternehmens,,,,,,
Interkontinentalrakete Sarmat,,,,,,
Selenska,,,,,,
New-Start-Vorgaben,,,,,,
Rostocker IHK-Präsident,,,,,,
Rekordinflation,,,,,,
Finanzbeamtin,,,,,,
Jelzin-Zentrum,,,,,,
Tisch“ – Russland,,,,,,
Putin-Rede,,,,,,
Ukraine-Flaggen,,,,,,
Unions-Wirtschaftsflügel,,,,,,
Waffen-Lieferstopp,,,,,,
Verlass,,,,,,
Fleischdosen,,,,,,
Atomkraft-Ära,,,,,,
Kamin-Gate,,,,,,
Allergien,,,,,,
Herz-Kreislauf-Krankheiten,,,,,,
AfD-Landesvorsitzende,,,,,,
Bundesrepublik setze,,,,,,
Ifo-Präsident,,,,,,
Teuerungen,,,,,,
Lebensmittelpreisen,,,,,,
Heldenlieder,,,,,,
Reichtums,,,,,,
Neumarkt am Wallersee,,,,,,
Breisach am Rhein,,,,,,
Doppelsitz,,,,,,
Klebestreifen von Tesa,,,,,,
Dallas,,,,,,
Russland bez…,,,,,,
Dubai International Finance Centre,,,,,,
Tschadsee,,,,,,
Zentrum,,,,,,
Küstenerosion,,,,,,
Afrikas einwohnerstärkstes Land,,,,,,
Berliner Sportpalast,,,,,,
Wohlstandsverlusten,,,,,,
Heizungsalternativen,,,,,,
Terrorangriff,,,,,,
Huk-Coburg,,,,,,
Bafin-Lizenz,,,,,,
Rede,,,,,,
Linken-Politikerin Wagenknecht,,,,,,
Gefechtsdonner,,,,,,
Rededuell,,,,,,
IT-Entscheider,,,,,,
Son…,,,,,,
Klimaschutz-Absurditäten,,,,,,
kan…,,,,,,
Verwaltungsgericht Schleswig,,,,,,
Wärmepumpenbauer Wolf,,,,,,
Ärztekammer,,,,,,
Botanischen Gartens in Linz,,,,,,
Linzer Schlossmuseum,,,,,,
Milliardenvolk,,,,,,
Hautpflegemarken de…,,,,,,
Grundgesetz-Denkmal,,,,,,
G20-Arbeit,,,,,,
Ruden,,,,,,
Bezirk Völkermarkt,,,,,,
Kohle-Richtlinien,,,,,,
Rhône,,,,,,
Mandrin,,,,,,
Villa von Drogenboss,,,,,,
Haus bei Neapel,,,,,,
Geldtransporter,,,,,,
A20,,,,,,
Immobilienkredite,,,,,,
Immobiliendarlehen,,,,,,
Institut ist b…,,,,,,
Oscar-Ohrfeige,,,,,,
Freyung-Grafenau,,,,,,
Gewichtsschlitten,,,,,,
Kälte-Kammer,,,,,,
Box-Star Kabayel,,,,,,
Hemd,,,,,,
Wärmepump…,,,,,,
Karlsruher Zoo,,,,,,
Tantra-Masseurin,,,,,,
Goldin,,,,,,
Matthiae-Mahl,,,,,,
Ukraine konfronti…,,,,,,
Spitze Tschetscheniens,,,,,,
Verve,,,,,,
Kinderzeichnungen aus der Ukraine,,,,,,
bitkom,,,,,,
VerbraucherDie Teuerungsrate,,,,,,
Smartphone-Markt,,,,,,
Niemandsland,,,,,,
Baikalsee,,,,,,
Palsweiser Moos,,,,,,
Herr Löschel,,,,,,
Gesamtverbands Ofenbau,,,,,,
Bundestagsabgeordneten,,,,,,
Kurses,,,,,,
Kreditnachfrage,,,,,,
Handelsgerichts Wien,,,,,,
hohen See,,,,,,
hohe See,,,,,,
Kanaldeckel,,,,,,
Kundenaccounts,,,,,,
Lohn,,,,,,
Asien-Börsen,,,,,,
Klima-Labor,,,,,,
Mietmarkt,,,,,,
Baby-Boomer,,,,,,
Platz i…,,,,,,
Al-Sisis,,,,,,
Völler,,,,,,
Leipziger Südvorstadt,,,,,,
Bruttolöhne in Deutschland,,,,,,
Immobiliengeschäfts,,,,,,
Dolby Theatre,,,,,,
Bilohoriwka,,,,,,
Rosen-Aus,,,,,,
Luxusaktien,,,,,,
tagesschau24</em>-Interview,,,,,,
TemelinEs,,,,,,
Tarifverhandlungen,,,,,,
Entwicklungsministerium am Montag,,,,,,
L160,,,,,,
US-Grundschule,,,,,,
Gas-Tarife,,,,,,
Ostseepipelines,,,,,,
Tech-Industrie,,,,,,
Nato-Nordflanke,,,,,,
Raumkapsel,,,,,,
Al­tersvorsorge,,,,,,
Gewinnausschüttungen,,,,,,
Awdijwk…,,,,,,
Goertz,,,,,,
Salamander,,,,,,
Amtsgericht Hameln,,,,,,
Flugverkehrs,,,,,,
Liveblog Ungarn,,,,,,
Museums MMK,,,,,,
Arbeitspflichtverletzungen,,,,,,
Museums für Moderne Kunst,,,,,,
MMK,,,,,,
Einfamilienhauses,,,,,,
Micron,,,,,,
Rathauschef,,,,,,
Umweltschutz,,,,,,
Gigantisches Klima-Killer-Loch,,,,,,
Ja-Stimmen,,,,,,
Kopf-an-Kopf-Rennen,,,,,,
Fastenbrechen,,,,,,
Kraftwerk Isar 2,,,,,,
Fernwärme-Falle,,,,,,
Frankfurter Versorger,,,,,,
Reallohnverluste,,,,,,
Riesenzecke,,,,,,
OLG Stuttgart,,,,,,
Kreis Lörrach,,,,,,
Bootsunglück,,,,,,
Land selb…,,,,,,
UN-Beobachtern,,,,,,
Moïse,,,,,,
stabilisiere,,,,,,
direk…,,,,,,
Wärmepumpen-Sanierung,,,,,,
Augsburg keilt,,,,,,
Immobilienkonzern,,,,,,
Sowjetrepublik Belarus,,,,,,
Demo-Konzert,,,,,,
Iltalehti,,,,,,
Veronika Grimm,,,,,,
Lange,,,,,,
Meinungsforscher,,,,,,
Berlin/Moskau,,,,,,
Be…,,,,,,
Emsland Brennstäbe,,,,,,
Lukebakio,,,,,,
Guerilla-Attacke,,,,,,
BoerBurgerBeweging,,,,,,
Brücke von der Krim,,,,,,
Roms,,,,,,
Barcaccia,,,,,,
St. Petersburg am Sonntag,,,,,,
rumänisch-ukrainischen Grenze,,,,,,
Kriegsblogger,,,,,,
Finanzguru,,,,,,
Garbsen,,,,,,
Stadtbahnautomat,,,,,,
Kriegsgräuel,,,,,,
Wanne,,,,,,
nordeuropäischen Landes,,,,,,
Peking…,,,,,,
Asus,,,,,,
Spielekonsole,,,,,,
Einschränkungen,,,,,,
High-End-Prozessoren,,,,,,
Overclocking,,,,,,
Direct-Path-Attacken,,,,,,
DDoS-Traffic,,,,,,
New…,,,,,,
Vizeregierungschefin Ukrainer,,,,,,
Indielabels,,,,,,
Amsterdamer Flughafen,,,,,,
Hopp,,,,,,
Machtapparates,,,,,,
Elfenbeinturm,,,,,,
Verfassungsrang,,,,,,
Informationslücke,,,,,,
Wahlurne,,,,,,
Berlin-Weissensee am…,,,,,,
"dpa-Videokanal"",""mainTheme"":""Video"",""durationInSeconds"":""01:57"",""tags"":[""Video""],""autoListing"":true,""seoData"":{""seoTitle"":"""",""seoDescription""…",,,,,,
Härtetest,,,,,,
je­weils,,,,,,
deutsche Gesundheitsminister,,,,,,
Land Brandenburg,,,,,,
"dpa-Videokanal"",""mainTheme"":""Video"",""durationInSeconds"":""01:13"",""tags"":[""Video""],""autoListing"":true,""seoData"":{""seoTitle"":"""",""seoDescription""…",,,,,,
Krisen-Absturz,,,,,,
Werkself,,,,,,
Raketenhersteller,,,,,,
Frankfurts am Main,,,,,,
Butschas,,,,,,
Lebensgefährlicher Klima-Protest,,,,,,
Silverstone,,,,,,
Ewigkeiten,,,,,,
Kühlhäuser,,,,,,
Eigentümern,,,,,,
Heizungsregeln,,,,,,
Logitech Zone Learn,,,,,,
Sektorzielen,,,,,,
Rentenschlacht,,,,,,
Bundesliga-Spieltag,,,,,,
Bo­chum,,,,,,
Waffenbehörden,,,,,,
Energiehilfentopf,,,,,,
Ampel-Partner,,,,,,
"dpa-Videokanal"",""mainTheme"":""Video"",""durationInSeconds"":""01:07"",""tags"":[""Video""],""autoListing"":true,""seoData"":{""seoTitle"":"""",""seoDescription""… [",,,,,,
Nordatlantikküste,,,,,,
Kreml  ,,,,,,
Binnenschiffer-Krise,,,,,,
Transport-Tiefstand,,,,,,
Gas-Notfallpläne,,,,,,
Voller Symbolik,,,,,,
Mainova-Tochter,,,,,,
Frankfurter Kulturzentrums,,,,,,
Klima-Doku,,,,,,
Open-Source-Tool,,,,,,
Einbaus von Öl-,,,,,,
MiG-Kampfjets,,,,,,
Freudenberg,,,,,,
Bachmuts Zentrum,,,,,,
Landtags-Chefin,,,,,,
Landtagspräsidentin von Baden-Württemberg,,,,,,
Stadtbibliothek zu …,,,,,,
Drohnenkrieg,,,,,,
Ö1-Konsumentenredaktion,,,,,,
Therme…,,,,,,
Postbank-Kunden,,,,,,
China-Experte,,,,,,
Holzminden/Berlin,,,,,,
Haus von Pakistans,,,,,,
Panikkäufen,,,,,,
Sportschützen,,,,,,
Neuengland,,,,,,
Amrikaner,,,,,,
Wärmepumpenland,,,,,,
Drohnen-Absturz,,,,,,
Löhne,,,,,,
Gesamtbetriebsrat,,,,,,
Einberufungsalters,,,,,,
Dauer-Notstand,,,,,,
Rekord-Überschwemmungen,,,,,,
Freddy,,,,,,
Talstation,,,,,,
US-Bankensektor,,,,,,
Silicon Va…,,,,,,
Fors,,,,,,
Mpeka,,,,,,
Zwickmühle bei Zinsentscheiden,,,,,,
Dieselgeneratoren,,,,,,
Bundesminister im Regenwald,,,,,,
Manaus,,,,,,
Rio Negro,,,,,,
Dickicht,,,,,,
Meinungsmacher bergen,,,,,,
Phosphorbomben,,,,,,
Lä…,,,,,,
Männerphantasien,,,,,,
Labrador,,,,,,
Kleine Oase,,,,,,
Einkaufsz…,,,,,,
Gigantismus,,,,,,
Verkaufsportal,,,,,,
Banken-Beben,,,,,,
Weltsparen,,,,,,
Fecht-Boykott,,,,,,
Dorfplatz,,,,,,
Klima-Par…,,,,,,
Onlinebeantragung,,,,,,
Kanzleramts,,,,,,
Xi-Besuch,,,,,,
Zinsentscheid,,,,,,
Energie-Grundversorger,,,,,,
kriegsgeplagten Land,,,,,,
Heizungsverbot,,,,,,
Pariskurs,,,,,,
Sturmmasken,,,,,,
Testosteron,,,,,,
Lilliestam,,,,,,
Dyn,,,,,,
Handball-Fans,,,,,,
Vitocal,,,,,,
Finanz-Turbulenzen,,,,,,
Bankensekto…,,,,,,
Zinsspanne,,,,,,
Russland k…,,,,,,
Klimaglück,,,,,,
Londoner Regierung,,,,,,
Putin-Freund kriegt Kiew,,,,,,
Ex-Ukrainer,,,,,,
Finanz-Startup Raisin,,,,,,
Pro-Russland-Entscheid,,,,,,
Hilfsangebot,,,,,,
Markts,,,,,,
Hilfsaktion,,,,,,
ukrainischen Halbinsel,,,,,,
Zentrum Tel Avivs,,,,,,
Mega-Fusion,,,,,,
Paradeplatz im Herzen Zürichs,,,,,,
Heizöl-Zuschuss,,,,,,
Turbulent,,,,,,
Kollaps…,,,,,,
Altkanzler,,,,,,
Europa …,,,,,,
Gebiet Tschernihiw,,,,,,
Xis,,,,,,
Put…,,,,,,
Kernkraftwerk Neckarwestheim Foto,,,,,,
Klima-Konzert,,,,,,
Folterkammern,,,,,,
Klimawissen,,,,,,
Ukraine b… Moskau,,,,,,
Höchstwerte,,,,,,
Kurs-Fantasien,,,,,,
Sechs-Gänge-Menüs,,,,,,
Fischsuppe,,,,,,
Wachteln,,,,,,
Kishidas,,,,,,
Japanisches Meer +++,,,,,,
Japanischen Meer,,,,,,
Sahel-Strategie,,,,,,
Pawlo Kyryle…,,,,,,
Stadt Nordhorn,,,,,,
Startkapital,,,,,,
Kanalnetz,,,,,,
Schläge,,,,,,
Quirinalspalast,,,,,,
Inn…,,,,,,
Axel-Springer-Hochhaus,,,,,,
US-Munition,,,,,,
n-tv,,,,,,
"Not
München",,,,,,
Streubomben-Einsatz,,,,,,
Mordpläne,,,,,,
türkische Regierung an der Steuerschraube,,,,,,
Mörfelden-Walldorf,,,,,,
Anteilen,,,,,,
Philippin…,,,,,,
Obdachlosen-Szene,,,,,,
Bleniotal,,,,,,
Festa della Madonna del Carmelo,,,,,,
Beresina-Schlacht,,,,,,
Ponto Valentino,,,,,,
Tes…,,,,,,
Riester-Verträgen,,,,,,
Getreideabkommen-Ende,,,,,,
Hollywood-Schauspieler,,,,,,
Kreml will d…,,,,,,
Flüchtlingsdeal,,,,,,
Wohnungsunternehmerverband,,,,,,
Tal vom Baureferat,,,,,,
Altstadt-Lehel,,,,,,
Gottenheim,,,,,,
Polizeipräsidium Freiburg,,,,,,
Münchener Odeonsplatz,,,,,,
Saporischschja</li><li,,,,,,
US-Streumunition,,,,,,
Atomwaffeneinsatz,,,,,,
Sur LAdamant,,,,,,
Tesla-Anteil,,,,,,
Q2,,,,,,
Zinsentscheide,,,,,,
Kaukasus-Enklave …,,,,,,
Sparbuch,,,,,,
Wertpapiere,,,,,,
Handelsblatt,,,,,,
Hoffnungsträger,,,,,,
realitätsfremder,,,,,,
Funtensee,,,,,,
Schlauchboot auf der Isar,,,,,,
entg…,,,,,,
Kap…,,,,,,
Loyalitätsbekundungen,,,,,,
Arthur,,,,,,
39A,,,,,,
Heiligenstadt,,,,,,
Sievering,,,,,,
Schweiss von der Stirn,,,,,,
Teufelsee,,,,,,
Kerry,,,,,,
Westlichen Militärbezirks,,,,,,
Doñana-Nationalparks,,,,,,
Druschkiwka,,,,,,
Getreideexport,,,,,,
Kulturstätten,,,,,,
UK-Geschäft,,,,,,
Flughafen Göteborg,,,,,,
Bankgeheimnisses,,,,,,
Flughafen Göteborg led…,,,,,,
Ferienhaus-Käufer,,,,,,
La RochelleSeit,,,,,,
TGV,,,,,,
La Rochelle,,,,,,
Vorgängersenat,,,,,,
Vox,,,,,,
Kofler,,,,,,
Kultur,,,,,,
Tui,,,,,,
Geschlechtsumwandlungen,,,,,,
Literpreise,,,,,,
Holzpellets</li><li,,,,,,
Mofa-Lärm,,,,,,
Kfz-Versicherern,,,,,,
Bundeslandwirtschaftsminister Özdemir,,,,,,
Mutter-Heimat-Statue,,,,,,
Spionage-Berichten,,,,,,
Botschaftspersonal,,,,,,
Sankt Petersburg +++,,,,,,
Sonora,,,,,,
Donbas-Region,,,,,,
Pantà-de-Sau-Stausee,,,,,,
Druzhkivka,,,,,,
Tribalismus,,,,,,
Kommentarfeld,,,,,,
Windrad-Ausbau,,,,,,
Brics-Schwellenländer,,,,,,
Lemke,,,,,,
Führerschein,,,,,,
Uefa-Pläne,,,,,,
Upgrade-Funktion,,,,,,
Gutdünken,,,,,,
Gigafactory,,,,,,
Betriebsdauer,,,,,,
Klimafreundliche Pelletöfen,,,,,,
Bluetti-Speichersystem,,,,,,
Bluetti,,,,,,
Vertriebspartnern,,,,,,
Flüssiggas-Transport,,,,,,
Girkin,,,,,,
Twitter-Milblogger,,,,,,
Klima-Ausreden,,,,,,
Land an Belarus,,,,,,
Kalaschnikow,,,,,,
Insolvenzen,,,,,,
Angriff auf Odessa,,,,,,
Taj Resort,,,,,,
Nachrichtensender,,,,,,
Putin-Generäle,,,,,,
UN-Generalsekretär,,,,,,
Wettbewerbsnachteilen,,,,,,
Skadowsk,,,,,,
Krampnitz,,,,,,
Normalbürger,,,,,,
Windsbach,,,,,,
Vermögensverluste,,,,,,
Makijvka,,,,,,
Landesamt am Mittwoch mittei…,,,,,,
Milaschina,,,,,,
fahrradfreundlich,,,,,,
Zuckerberg,,,,,,
Bundestag2,,,,,,
Vox España,,,,,,
Lukaschenko-Angaben,,,,,,
Weißrusslands,,,,,,
Kämpfer de…,,,,,,
Wagner-Chef PrigoschinPrigoschin,,,,,,
Karowka,,,,,,
Prigoschins Haus,,,,,,
Curvelandia,,,,,,
Maranhao,,,,,,
Palmwedeln,,,,,,
Söldner-Chef Prigoschin,,,,,,
Lukaschenko,,,,,,
Sankt Petersburg,,,,,,
IfW,,,,,,
Altersgrenze,,,,,,
Henitschesk,,,,,,
Cholera-Ausbrüche,,,,,,
Palais F*luxx,,,,,,
Kachowka-Dammbruch,,,,,,
Rus…,,,,,,
Saubere Fernwärme,,,,,,
Wagner-Rebellion,,,,,,
Kooperationen,,,,,,
Haag Westliche Staaten,,,,,,
Selenskyj-Vertrauter,,,,,,
Zamosc,,,,,,
Maisfeldern,,,,,,
Juni-Hitzerekord,,,,,,
Obstanbau,,,,,,
Müncheberg,,,,,,
Neuanfang,,,,,,
Corona-Rebell,,,,,,
Dallas-Fort Worth,,,,,,
Demo-Aktion,,,,,,
Kiel/Köln,,,,,,
Taylor-Gletschers,,,,,,
Graben,,,,,,
russischem Angriff,,,,,,
"Makijiwka
",,,,,,
Belarussischer,,,,,,
Myropillja,,,,,,
Sachalin,,,,,,
Insel Sachalin,,,,,,
Makijiwk,,,,,,
Aktionsrabatt,,,,,,
F.A.Z.-Tower,,,,,,
Pfad,,,,,,
Eisschmelzen,,,,,,
Autobahn 12 ko…,,,,,,
Bidens Machtwort,,,,,,
Nato-Bündnisses,,,,,,
Vil…,,,,,,
Serhiy Lysak,,,,,,
Beitrittsperspektive</li><li,,,,,,
Zeitgeschichte,,,,,,
Drohobytsch,,,,,,
Villa eines SS-Mannes,,,,,,
Museum der Holocaust-Gedenkstätte Yad Vashem,,,,,,
NATO-Perspektiven,,,,,,
Vilnius…,,,,,,
Vilnius/Brüssel,,,,,,
Vereinigten …,,,,,,
Greenwashings,,,,,,
Syrien-Hilfslieferungen,,,,,,
Wänden,,,,,,
Saurüsselalm am Tegernsee,,,,,,
Riesen-Ärger,,,,,,
Crawford Lake,,,,,,
Tucson,,,,,,
Foldables,,,,,,
Tiroler Alpen,,,,,,
Blätterdach,,,,,,
niedrigs…,,,,,,
Annalen,,,,,,
Oberschönegg im Allgäu,,,,,,
Metropol-Forum,,,,,,
Umsatzwachstum,,,,,,
Bezirk Mödling,,,,,,
Donnerstag Vormittag,,,,,,
Energie-Härtefallfonds,,,,,,
ErdgasMittlerweile,,,,,,
Erdbeerhof,,,,,,
Popcorn,,,,,,
Präsidiumskreisen,,,,,,
Haff,,,,,,
Vika,,,,,,
Haus an der Wendenschloßstraße,,,,,,
Einkaufstour,,,,,,
Nato-Ukraine-Gifpel,,,,,,
Nato-Ukraine-Gipfel,,,,,,
Schlangeninsel,,,,,,
Kleinanleger,,,,,,
Schermbeck,,,,,,
Dresdner Straßenbahn,,,,,,
Erdmond,,,,,,
wissenschaftPostfach,,,,,,
Lokalaugenschein,,,,,,
Diktaturen,,,,,,
Nato-Beitrittsversprechen,,,,,,
Breisgau-Hochschwarzwald,,,,,,
Bundespräsiden,,,,,,
Schutzszenario,,,,,,
Stadt Orichiw,,,,,,
No Ukrainian,,,,,,
Land behalten</li><li,,,,,,
Hochwasser-Katastrophe,,,,,,
Grundrechte,,,,,,
Bücherei,,,,,,
Long Island,,,,,,
Lebensmittelindustrie,,,,,,
Recycling-Tonne,,,,,,
High-Tech-Produkte,,,,,,
NigerTZai,,,,,,
"CC-BY-SA-4.0
Frankreichs Atomkraftwerke",,,,,,
Dmytro,,,,,,
Wint…,,,,,,
ARD-Show,,,,,,
Papaya,,,,,,
Russla… We use cookies and data to<ul><li,,,,,,
please,,,,,,
Europaplatz,,,,,,
Abschiebepläne,,,,,,
Bordbistro,,,,,,
Typs Zircon,,,,,,
EU-Beitrittskandidaten,,,,,,
Haishenwai,,,,,,
Thüringer AfD kriegt Waffen,,,,,,
Silbereisen-Show,,,,,,
Kiewer Gericht,,,,,,
Pentagon-Angaben,,,,,,
Kiew Taurus,,,,,,
Taurus-Waffen,,,,,,
Berlin-Charlottengrad,,,,,,
Klassenhass,,,,,,
Sozialneid,,,,,,
Prussiens,,,,,,
Sonderfonds-Wumms,,,,,,
Pol,,,,,,
Schachtarsk,,,,,,
Deutschlandtickets,,,,,,
AfD-Fraktionschef,,,,,,
Amurre…,,,,,,
Luna 25,,,,,,
Hollands,,,,,,
Amsterdamer Grachten,,,,,,
Südpolarmeer Schwärme,,,,,,
Krill,,,,,,
Eremitage,,,,,,
Triumphbogen von Palmyra,,,,,,
Russlands Bruch,,,,,,
Russische Museum,,,,,,
Stadtwerke-Chef,,,,,,
Kiew auf …,,,,,,
Vorstößen am Boden,,,,,,
badische-zeitung.de,,,,,,
Basel  ,,,,,,
Zerwürfnissen,,,,,,
Rekrutierungswesen,,,,,,
China-Schwäche,,,,,,
Bremsspuren,,,,,,
Dax-Ausblick,,,,,,
Zentralnigeria,,,,,,
Äthiopiens,,,,,,
Denkmälern,,,,,,
Berliner Olympiastadion,,,,,,
Vremivka,,,,,,
Co-Vorsitzenden,,,,,,
Golos-Wahlbeobachter,,,,,,
Helena,,,,,,
US-Bundesst,,,,,,
Aufprall,,,,,,
Kandidatenmord,,,,,,
Luftwaffenstützpunkt Schaikowka,,,,,,
Oxford-Professors,,,,,,
Puschkin-Straße,,,,,,
Jewhen-Tschykalenko-Straße,,,,,,
Pelletheizungen,,,,,,
Flüssigerdgas-Lieferanten,,,,,,
Bombenanschläge Russland,,,,,,
Klima-Demonstrantin,,,,,,
US-Soldatenfriedhof,,,,,,
Zypern-Konflikt,,,,,,
Stromriesen Leag,,,,,,
Minengürtel,,,,,,
Museum oder…,,,,,,
Workuta-Aufstand,,,,,,
Filmmuseum am Freitag,,,,,,
Windkraft-Bundesland,,,,,,
Militärflughafen Solzy,,,,,,
Wohnungskrediten,,,,,,
Sicherheitstechnik,,,,,,
Anti-Drohnen-Waffen,,,,,,
Rubel-Absturz,,,,,,
Finanz-Dino,,,,,,
Chinas Immobiliensektor,,,,,,
Donauhäfen,,,,,,
Izmail,,,,,,
Reni,,,,,,
Paus,,,,,,
Lindners Wachstumschancengesetz,,,,,,
Fed-Protokolle,,,,,,
WashingtonDie,,,,,,
Geschäftspartnern,,,,,,
geduldigste,,,,,,
Schwarzen Meers,,,,,,
Uros…,,,,,,
VR China,,,,,,
Klima-Stillstand,,,,,,
AGB-Klausel,,,,,,
Haushaltsgeräte,,,,,,
Angriff auf Klima-Aktivisten,,,,,,
EU-Luftraum,,,,,,
Gewittern,,,,,,
Psychedelika,,,,,,
Skandal-Sängerin,,,,,,
Wahlbeobachtungsgruppe Golos,,,,,,
Maklerpools,,,,,,
Augstein,,,,,,
Blome,,,,,,
Lebensgefährliche KI -,,,,,,
Geldgier,,,,,,
Sergijew Possad,,,,,,
Marschflugkörpern,,,,,,
Wagner-Truppenbewegungen,,,,,,
Geheimdienst-Quartier,,,,,,
Verteidigu…,,,,,,
afrikanischer Staaten,,,,,,
Fintechs,,,,,,
Kämpfern,,,,,,
St. Peterburg,,,,,,
Selenksyj,,,,,,
Lilstock Beach,,,,,,
Flughafen Moskau-Wnuk…,,,,,,
Krim-Erfolg,,,,,,
Wiener Würstchen,,,,,,
Leidtragende,,,,,,
Wäschewaschen,,,,,,
Rewe-Gruppe,,,,,,
Mon…,,,,,,
Lebensmitteldiscounter,,,,,,
Profitgier,,,,,,
Heiz-Zukunft,,,,,,
Mozzarella,,,,,,
Wiens Einkaufsstraßen,,,,,,
Atlanta,,,,,,
Neue Wetterdienst-Präsidentin,,,,,,
Kapitalanlegern,,,,,,
Russische Truppen,,,,,,
Ukraine Terror,,,,,,
"Kreml ""Raketenterror"" v…",,,,,,
Sommerschwüle,,,,,,
Sowjet-Zei…,,,,,,
E-Fuhrparks,,,,,,
Schwarzmeerhäfen +++ ,,,,,,
UN-Direktorin,,,,,,
Hitzerekorden,,,,,,
Spanne,,,,,,
Doksuri,,,,,,
Bezirk Trep,,,,,,
Afrika-Gipfels,,,,,,
(g+) Finanzen im Web,,,,,,
Säbel-Gefecht,,,,,,
Portals Check 24,,,,,,
Gas-Lobby,,,,,,
Gas-Exit,,,,,,
Frankfurt/Paris,,,,,,
Verlierern,,,,,,
Deutschand,,,,,,
Grazer Korruptionsfreie,,,,,,
KFG,,,,,,
Krisenszenarien,,,,,,
St. Petersburg,,,,,,
Orchideen-Debatten,,,,,,
St.…,,,,,,
Alexandros Avramidis  ,,,,,,
Blazer,,,,,,
Bluse,,,,,,
Kamapgne,,,,,,
Grünen-Senator,,,,,,
bar,,,,,,
Leinfel…,,,,,,
Regenfälle,,,,,,
Wespenstich,,,,,,
Wasserstoff-Leitungstechniker,,,,,,
Plau,,,,,,
Pioniere,,,,,,
Wärmenetzes,,,,,,
Russlands Nationalgarde,,,,,,
Schnäppchen-Spitzenreiter,,,,,,
Sparkassen,,,,,,
Volksbanken,,,,,,
Putsch,,,,,,
Konsum,,,,,,
Barbies,,,,,,
Schuhe,,,,,,
Pokémon-Karten,,,,,,
Sammlerobjekte,,,,,,
Gesundheitsausgaben,,,,,,
Kraftblock-Gründer,,,,,,
Industrie-Prozessen,,,,,,
Co-Working-Anbieter,,,,,,
Wework,,,,,,
Auftrag des Arbeitsministeriums,,,,,,
großen Klima- und Transformationsfonds,,,,,,
Kremlherrscher,,,,,,
Klima-Appell,,,,,,
Star-Investor,,,,,,
Elversberg-Spiel,,,,,,
Gewinn-Inflation,,,,,,
Vorstandswahl,,,,,,
Kriegsschiffe,,,,,,
Jahreszeiten,,,,,,
Klimawa…,,,,,,
Ostseepipeline Nord Stream 1,,,,,,
Montagabend touchierten,,,,,,
Ausbaustopp,,,,,,
Donau-Häfen,,,,,,
Kiew  ,,,,,,
Moskau-Attacke,,,,,,
Russland-Korrespondent,,,,,,
osteuropäischen Land,,,,,,
Zinshoffnungen,,,,,,
Kopfverletzungen,,,,,,
Lancet-Drohnen,,,,,,
Hohe Haftstrafen nach Angriff,,,,,,
Noworossijsk an der Schwarzmeer-Küste,,,,,,
Mini-Akw-Pläne,,,,,,
Kraftwerk Naughton,,,,,,
durchzureisen,,,,,,
Techbranche,,,,,,
Kertsch-Meerenge,,,,,,
Schlupfloch Schweiz,,,,,,
Niger…,,,,,,
Nagasaki,,,,,,
Fraktionschefin,,,,,,
Bachmu…,,,,,,
Tag des Aufstandes,,,,,,
Spritzmitteln,,,,,,
Dubliner,,,,,,
Mik…,,,,,,
Luftschutzbunker,,,,,,
Wohnhauses,,,,,,
Bad Vilbel,,,,,,
Investmentbanking,,,,,,
Neuseelands Ex-Regierungschefin,,,,,,
Bayern-Chaos,,,,,,
Offshore-Firmen,,,,,,
Offshore-Firmen…,,,,,,
Mai,,,,,,
Werder-Ultras,,,,,,
Freisprüche,,,,,,
Viehs,,,,,,
Staudamm-Bruch,,,,,,
Überlebens,,,,,,
Berliner Silvesternacht,,,,,,
Silvester-Krawallen,,,,,,
südasiatische Land,,,,,,
NATO-Beständen,,,,,,
Kachowka-Stausees,,,,,,
Atomkraftwerks Saporisch…,,,,,,
Staudamm,,,,,,
Kachowskij-Staudamm,,,,,,
Bärenwald,,,,,,
Altmark,,,,,,
Finanzgeschäften,,,,,,
Chef-Diplomat,,,,,,
Kreis da…,,,,,,
Taiwanstraße,,,,,,
Nova Scotia dieses Jahr,,,,,,
Sommerpause für rea…,,,,,,
Heizungsges…,,,,,,
Fed-Bezirks Cleveland,,,,,,
Fed-Bezirks ClevelandLoretta,,,,,,
Essener Energieriese Eon,,,,,,
Vermögens-Delle,,,,,,
Mähroboter,,,,,,
burgenland,,,,,,
Reading/Bonn,,,,,,
Gepard-Luftabwehrsysteme,,,,,,
Bulboaca,,,,,,
Instrumenten-Mix,,,,,,
Kaufkraft-Lücke,,,,,,
Griesgletscher,,,,,,
Klima-Kündigungen,,,,,,
Energie-Diät,,,,,,
Nord-Stream-Erdgaspipelines,,,,,,
Türkei Rekorde,,,,,,
Galata-Turm,,,,,,
Herzen Istanbuls,,,,,,
Motiven,,,,,,
hannoverschen Hauptbahnhof,,,,,,
Konsumeinbruch,,,,,,
Möbelhäusern,,,,,,
Québec,,,,,,
Deutsch Beamtisch Beamtisch Deutsch ...,,,,,,
Chinas Handel,,,,,,
Ammoniak-Pipeline Toljatti-Odessa,,,,,,
Luxus-Hotel,,,,,,
West-Berlin,,,,,,
Amtsblat…,,,,,,
türkischen Lira,,,,,,
Milchindustrie-Verbandes,,,,,,
Sprüngli,,,,,,
Zürcher Hauptbahnhof,,,,,,
Farbsprüh-Aktion,,,,,,
Bundesstaat Alabama,,,,,,
Wirtshäuser,,,,,,
Adler,,,,,,
ostpolnischen Dorohusk,,,,,,
Wärmepumpen-Einbau,,,,,,
Parteizentrale,,,,,,
Seismologen,,,,,,
Kreditverträgen,,,,,,
Bankfilialen,,,,,,
Rengge Beach,,,,,,
Insel Pari,,,,,,
Meross,,,,,,
Umweltvorschriften,,,,,,
Altenberge,,,,,,
Waffenfunde,,,,,,
Riesen-Razzia,,,,,,
Hamburg St. Pauli,,,,,,
Polizeistationen,,,,,,
Bar… Klimaschutz-Demonstranten,,,,,,
Nobel-Bar,,,,,,
Milchprodukten,,,,,,
Farb-Anschlag,,,,,,
Lebensmittelhandels,,,,,,
Russen-Machtkampf,,,,,,
Nova Kachowka,,,,,,
Kachowk…,,,,,,
Ukrainische Regierung,,,,,,
Novak,,,,,,
Verkehrsministerium,,,,,,
Dammexplosion,,,,,,
Dammsprengung,,,,,,
Flutgebiet,,,,,,
Haus der Erde,,,,,,
Rote Kreuz,,,,,,
Kriegt,,,,,,
Hannover-Misburg,,,,,,
Kosten-Vergleich,,,,,,
Berin,,,,,,
Umweltorganisationen,,,,,,
Berliner Landesverband,,,,,,
Evangelischer Kirchentag hochpolitisch,,,,,,
Hitze</li><li>2022,,,,,,
Krisen-Trend,,,,,,
Bezirks,,,,,,
Reinickendorfer Bau- und Wohnungsaufsicht,,,,,,
Klima-Dokus,,,,,,
Finanztricksereien,,,,,,
Putins Triumph,,,,,,
Fachkräftemangel,,,,,,
Polens Regierung,,,,,,
Machbarkeiten,,,,,,
Teesside,,,,,,
Lancashire,,,,,,
Lincolnshire,,,,,,
Eisdielen,,,,,,
uns,,,,,,
Landgericht in Hamburg,,,,,,
Nasenbein,,,,,,
Tabubrüche ei…,,,,,,
Tagesspiegel,,,,,,
Scholz-Kritik,,,,,,
Berlin</li><li,,,,,,
Saunagang,,,,,,
Stullen-Aktion,,,,,,
Berliner Stadtautobahn,,,,,,
Paulsborner Brücke,,,,,,
Klimanischen,,,,,,
Klimaflüchtlinge,,,,,,
Homburger,,,,,,
Gas-Ersatzbeschaffung,,,,,,
Regimes im Land,,,,,,
Korsika,,,,,,
Sardinien,,,,,,
Sizilien b…,,,,,,
Alarmzustand,,,,,,
Eurasiens,,,,,,
Aberdeen,,,,,,
Graichens,,,,,,
Kreis Barnim,,,,,,
Unwetter,,,,,,
Donnerstag heuer,,,,,,
Putin-Kollaps,,,,,,
ORF.at,,,,,,
Ukraine-Kampfjets,,,,,,
Waldbrandgefahr,,,,,,
Asowschen Meer wu…,,,,,,
Hiroshima eingetro,,,,,,
Nuklear-Arsenale,,,,,,
Amt 2020,,,,,,
Altkanzlerin,,,,,,
Honigernte,,,,,,
Kernkraftwerk Cattenom,,,,,,
Moskau/Hiroshima,,,,,,
Nord Stream-Ermittlungen,,,,,,
Ukraine Topthema,,,,,,
Berdjansk •,,,,,,
Herrschaft von Russlands,,,,,,
Stanislaw,,,,,,
Juschny,,,,,,
Erfolg</li><li,,,,,,
Hiroshima/Kiew/Bachmut,,,,,,
Preisniveau,,,,,,
Berline…,,,,,,
dlfk-audio,,,,,,
Wasserstoff-Problem,,,,,,
Objektivität,,,,,,
Rückschritten,,,,,,
Klimastreik Zürich,,,,,,
Shypuvate,,,,,,
Dymer,,,,,,
Zero-Emission,,,,,,
Klimaverbote,,,,,,
Pixel-Generation,,,,,,
Kiewer Bürgermeisters,,,,,,
Wild,,,,,,
Bezirk Zwettl,,,,,,
Deutschen Städtebunds,,,,,,
Provinz Sanliurfa,,,,,,
Kolumbien…,,,,,,
Climate-Quitting,,,,,,
Angriffswelle,,,,,,
Gas-Heizungsanlagen,,,,,,
Corona-Jahren,,,,,,
Drohnen-Beschuss,,,,,,
Provinz Nova Scotia,,,,,,
Ukraine-Krise,,,,,,
Nato-Mitgliedsland,,,,,,
Halifax,,,,,,
Gruppenzwang,,,,,,
Landgericht Wiesbaden,,,,,,
Preistransparenz,,,,,,
Nato-Einsatzkräften,,,,,,
Gedankens,,,,,,
Zehn-Tage-Kontrast,,,,,,
Tag für Tag,,,,,,
WELT-Studio,,,,,,
Polizei-Rechnungen in Höhe,,,,,,
Baufonds,,,,,,
Montrealer,,,,,,
Bio-Milch,,,,,,
Klimaschützer-Gruppe,,,,,,
Belgorod-Angriff,,,,,,
Verruf,,,,,,
Publikums,,,,,,
Backofen,,,,,,
Kontostand,,,,,,
Porsche-Ersatzteile,,,,,,
Hafen Foto,,,,,,
Erdbeben im Frühjahr,,,,,,
Konsums,,,,,,
verdüstern,,,,,,
Ersparnissen,,,,,,
Öko-Energien,,,,,,
Atommacht am Abgrund,,,,,,
Schwarzen Meer +++,,,,,,
Kiew 48,,,,,,
Berich…,,,,,,
Irrtümer,,,,,,
Tei…,,,,,,
Notenbankchef,,,,,,
Nachkriegstrend,,,,,,
Sowjetbauart,,,,,,
Ruhestarre,,,,,,
Zentralen Hochland von Vietnam,,,,,,
Bundesstaat Manipur,,,,,,
Heizgese…,,,,,,
Coburg Man,,,,,,
Kino International,,,,,,
Tolia Astakhishvili,,,,,,
Auszügen,,,,,,
Intel-Fabrik,,,,,,
Siemoniak,,,,,,
unübers…,,,,,,
Südafrika-Reise,,,,,,
Dieselskandal,,,,,,
Söldnern,,,,,,
Papierprospekten,,,,,,
Marktanteile,,,,,,
weitergetanzt,,,,,,
Mindestlohnkommission,,,,,,
Manipur,,,,,,
Nationalteam-Krise,,,,,,
Ansprache an Wagner-Kämpfer,,,,,,
Rürup-Rente,,,,,,
Europaviertel,,,,,,
Stäblein,,,,,,
Spremberg,,,,,,
Thüringer Landkreis,,,,,,
Putins Machtgefüge,,,,,,
Netzwerke,,,,,,
Weltenergie-Bericht,,,,,,
Weltenergiebericht de…,,,,,,
Bergsonne,,,,,,
Moskaus Zentrum,,,,,,
Hannibal al-Ghadhafi,,,,,,
Diktatorensohn,,,,,,
Vorrang,,,,,,
St. John's,,,,,,
Wasseroberfläche,,,,,,
Titan,,,,,,
Generalstaat…,,,,,,
Krisensicherheitsgesetz,,,,,,
Tegucigalpa,,,,,,
Moskauer Innenstadt,,,,,,
Magie-Shooter,,,,,,
Landesamt,,,,,,
Almelo,,,,,,
sozi…,,,,,,
Währungsreserven,,,,,,
Kioskaushang,,,,,,
Zentrum Winterthurs,,,,,,
Bauens …,,,,,,
Großer Hilfebedarf,,,,,,
Lasst,,,,,,
Geldhäusern,,,,,,
Prato,,,,,,
Krim Kampfdelfine,,,,,,
Immobilien-Boom,,,,,,
Rückgängen,,,,,,
Haus in Kiew,,,,,,
Botschaftsgeländes,,,,,,
Top-Zinsen,,,,,,
Städtchen Paro,,,,,,
Türkische Lira,,,,,,
Winterkorn,,,,,,
Predigers Muqtada,,,,,,
Chinas Einflussnahme,,,,,,
Tiefer Graben,,,,,,
Verblichene Werbetafeln,,,,,,
Treibwerkstest,,,,,,
Moosdorf,,,,,,
Jugendverbänden,,,,,,
Straße des Friedens,,,,,,
Erzbischof von Bologna,,,,,,
Haus-Hammer,,,,,,
Erdlöchern,,,,,,
EU</li><li>Sánchez,,,,,,
Amtsgericht Hamburg-Barmbek,,,,,,
Mediensplitter,,,,,,
Archiv-Foto,,,,,,
Ostküsten-Metropole,,,,,,
Davidstraße,,,,,,
Hamburger Reeperbahn,,,,,,
Waffenschmiede Hessen,,,,,,
Hessischen Landtag,,,,,,
Gender-Debatte,,,,,,
Zielbereich der Notenbank,,,,,,
Kerzenständer,,,,,,
Tischdecke,,,,,,
Montag,,,,,,
Sommerpause des Parlaments,,,,,,
al-Sadr,,,,,,
Reichbürger-Bezug,,,,,,
V-Max,,,,,,
Green New Deal,,,,,,
Kathedralenplatz,,,,,,
Großen Kre…,,,,,,
Rammstein,,,,,,
Milliardenverluste,,,,,,
bitterernst,,,,,,
Bio-Handel,,,,,,
Söldner-Aufstand,,,,,,
"dpa-Videokanal"",""mainTheme"":""Video"",""durationInSeconds"":""01:07"",""tags"":[""Video""],""autoListing"":true,""seoData"":{""seoTitle"":"""",""seoDescription""…",,,,,,
NATO-Chef Stoltenberg,,,,,,
Belaru…,,,,,,
Invasionstruppen,,,,,,
Hohe Nutzungszahlen,,,,,,
Wagner-Aufstands,,,,,,
Künstlern,,,,,,
Fühlinger See,,,,,,
Naturschutzbunds Deutschland,,,,,,
Nabu,,,,,,
Energiefonds,,,,,,
Grenzkreise,,,,,,
Teuerungsrate für Juni,,,,,,
Belarus Putins,,,,,,
Phase One XC,,,,,,
Kompakte Mittelformatkamera,,,,,,
Mittelformatkamera,,,,,,
SupermarktBundeskanzler,,,,,,
Therapien,,,,,,
EZB-Kurs,,,,,,
Amtsgericht Göppingen,,,,,,
Scholz-Intervention,,,,,,
Schuppen,,,,,,
Yukpa,,,,,,
Klima-Pioniere,,,,,,
Alpengletscher,,,,,,
Transitverträge,,,,,,
Emmerich,,,,,,
Fördergeld,,,,,,
Strateg…,,,,,,
Rust“-Dreh,,,,,,
Grüne Fernwärme,,,,,,
Klima-Gespräch,,,,,,
Habecks,,,,,,
Artikels,,,,,,
Provisionsverbot,,,,,,
Provisionsbasis,,,,,,
Resort-Stadt Varadero,,,,,,
Dammes,,,,,,
Umw…,,,,,,
Schrumpfkurs,,,,,,
Bruttoinlandsprodukt sinke vor…,,,,,,
Brenner-Autobahn,,,,,,
Zinsgipfels,,,,,,
Zentrum der Geldpolitik im Euro-Raum,,,,,,
Fachportal,,,,,,
Netzwerk-Unternehmen Finance City Hamburg,,,,,,
Sechzehner,,,,,,
Kachowka ,,,,,,
Finanzvorstand-Rauswurfes,,,,,,
Tal des Flusses Dnipro ergiessen,,,,,,
Meitei,,,,,,
Kuki,,,,,,
Bestien,,,,,,
Bethesda,,,,,,
Science-Fiction-Spiel,,,,,,
UN-Gerichtshof,,,,,,
durchnässter Erde,,,,,,
Wasserleitungen,,,,,,
Sonntagsreden,,,,,,
Milliarden-Fabriken,,,,,,
Stalins,,,,,,
Flusses Moskwa,,,,,,
EU-Papier,,,,,,
UN-Hilfsorganisation,,,,,,
Jahresdrittel,,,,,,
russischen Föderation,,,,,,
Biloserka,,,,,,
Würzburg im Ringpark auf…,,,,,,
Notebook,,,,,,
Gemüse-Carpaccio,,,,,,
Kriwij Rih,,,,,,
Kriwij…,,,,,,
Bad Homburg vor der Höhe,,,,,,
Ukraine-Offensive,,,,,,
Staumauer,,,,,,
gelato,,,,,,
Vorstands-Podium,,,,,,
Bahri,,,,,,
Kleine Kuba-Krise,,,,,,
Staatsfonds von Saudi-Arabien,,,,,,
Khartum Essen,,,,,,
Hochrechnungen,,,,,,
Deutschlands Klimazielen,,,,,,
Ost-West-Gegensatzes,,,,,,
Erbe d…,,,,,,
Landkreis Lüchow-Dannenberg,,,,,,
Kamikaze-Panzern,,,,,,
Konsultat…,,,,,,
Zurndorf,,,,,,
Bahngle…,,,,,,
Regimes,,,,,,
Deutsch-Chinesische Regierungskonsultationen,,,,,,
Rheinmetall-Tochter,,,,,,
Klima-Bilanz,,,,,,
Stadt Linz,,,,,,
Veltins Arena in,,,,,,
deutsche Tor,,,,,,
Klima-Flitzer,,,,,,
Sachsen w…,,,,,,
Zwei-Prozent-Inflationsziels,,,,,,
Scholz-Podcast,,,,,,
Karlsruhe/Berlin,,,,,,
Discounter,,,,,,
… Frankfurt,,,,,,
Volksbühne,,,,,,
Omsk …,,,,,,
Logistik-Konzerns,,,,,,
Gucci,,,,,,
Zwischenverhandlungen,,,,,,
Statistischen Bundes,,,,,,
Delphin-Patrouillen,,,,,,
griechischen Küste,,,,,,
russisch-besetzte Gebiet,,,,,,
AKW Saporischschja „ernst“,,,,,,
UN-Atomenergiebehörde,,,,,,
su…,,,,,,
Mitte-rechts-Bündnis,,,,,,
Dürre-Deutschland,,,,,,
Nato-Beitrittsperspektive,,,,,,
Zugeständnis,,,,,,
Finanz-Debatte,,,,,,
Zinssorgen,,,,,,
Afrika-Delegation,,,,,,
Negativ-Schlagzeilen,,,,,,
Nerv-Proteste,,,,,,
Ideen-Flaute,,,,,,
Vermittlungsmission,,,,,,
Kleinen Parteitags,,,,,,
Klimaschutzrichtlinien,,,,,,
Wärmenetz,,,,,,
Finanz-Krise,,,,,,
Frauengold,,,,,,
Busspur,,,,,,
mi…,,,,,,
Chaoten,,,,,,
Friedrichstadtpalast,,,,,,
Terrorismus-Unterstützer,,,,,,
schlimms…,,,,,,
Archanhelske,,,,,,
Ble 6eulalel,,,,,,
ukueklu ulekl veula knOulpeaepl,,,,,,
Super-Hubschrauber,,,,,,
Novemberwetter,,,,,,
Rettungspläne,,,,,,
Gas-Austritt,,,,,,
Kälteeinbruch,,,,,,
Terror-Sponsor,,,,,,
Raketen-Terror,,,,,,
Mittwochmittag,,,,,,
Uniper-Vorstandsvorsitzenden,,,,,,
Bioabfall,,,,,,
Corinna Emundts.</em,,,,,,
Energie-Investitionen,,,,,,
Wochenvergleich,,,,,,
Hokkaido,,,,,,
Sapporo,,,,,,
Hokkaido-Shinkansen,,,,,,
Seikan-Tunnel,,,,,,
Fotovoltaik-Pflicht,,,,,,
Continental-Hacker,,,,,,
Systemen,,,,,,
Hacker-Attacke,,,,,,
Konzernkreisen,,,,,,
Vordermanns,,,,,,
Glühwürmchen,,,,,,
hlpy,,,,,,
Schlitz,,,,,,
Kühlanlagen,,,,,,
Winkeln,,,,,,
Luitpoldbrücke,,,,,,
Immobilien-Konzern,,,,,,
Düsseldorf/Augustdorf Was,,,,,,
Düsseldorfer Wohnungskonzern,,,,,,
Stromnetz,,,,,,
Normandie Fleecejacken,,,,,,
Wohldorfer Wald,,,,,,
US-Maßstäben,,,,,,
✔,,,,,,
Klima-Volksentscheid am Tag der Wiederholungswahl,,,,,,
Unternehmerverband,,,,,,
Fakten-Check,,,,,,
gofeminin,,,,,,
Häusermarkt,,,,,,
Handelsbörse FTX,,,,,,
Schweriner Laube,,,,,,
Primärenergieverbrauchs,,,,,,
Bornholms,,,,,,
Verletzten-Misere,,,,,,
Finanz-Dilemma,,,,,,
Unmut,,,,,,
Russland-Fehler,,,,,,
Gründerszene,,,,,,
Nor…,,,,,,
Kreml-Regimes,,,,,,
Stromausfällen im Land,,,,,,
Berliner AfD,,,,,,
Abgeordnetenhauswahl,,,,,,
Schlick-Drama,,,,,,
App-Ausgaben,,,,,,
Prudboi,,,,,,
Sondersteuern,,,,,,
schottischen Küste,,,,,,
Vep kotl ple enpeOOeu,,,,,,
pel ple,,,,,,
Kältetod,,,,,,
Russland bombt,,,,,,
Killer-Bots,,,,,,
Solarpark,,,,,,
Nordrhein-WestfalenViele,,,,,,
imago,,,,,,
persischen Golf,,,,,,
Rettung des taumelnde,,,,,,
Patriot-Raketen,,,,,,
Ostkongo gee…,,,,,,
Altbundeskanzlerin,,,,,,
Preissignale,,,,,,
Finanzminister des Landes,,,,,,
Auftrag von Russland,,,,,,
UN-Menschenrechtschef,,,,,,
Sachfragen,,,,,,
Klima-Lösungen,,,,,,
Zugewinne,,,,,,
Fraktion,,,,,,
Generatoren-Spenden,,,,,,
Ringbahn,,,,,,
Ukraine da…,,,,,,
Gera…,,,,,,
Sapori…,,,,,,
Raketentreffern,,,,,,
gebombte,,,,,,
… ISW,,,,,,
Dieselkrise,,,,,,
Abnehmerländer,,,,,,
Gasmarkt gehe,,,,,,
Dauerzustand,,,,,,
Sixtinische Madonna,,,,,,
Solarthermie,,,,,,
Klimaaktivisten-Angriff,,,,,,
Medibank-Filiale,,,,,,
Schengen-Veto,,,,,,
Katastrophenfall,,,,,,
Katastroph…,,,,,,
Hais,,,,,,
teilevakuiert,,,,,,
Swa…,,,,,,
Kolchosen,,,,,,
Sowchosen,,,,,,
Krim…,,,,,,
Tagesspiegel-Newsletter Checkpoint,,,,,,
Miliarden,,,,,,
Wüstenwind,,,,,,
Fracking-Problem,,,,,,
Handelsblatt-Archiv,,,,,,
Gasspeicherbetreibern,,,,,,
Klimt-Bild,,,,,,
Brüssel/Bonn,,,,,,
Schuldneratlas,,,,,,
Amazonasregenwald,,,,,,
Abschussprämien,,,,,,
Dienstag vo,,,,,,
Sektorziele,,,,,,
Lieferketten-Vorgaben,,,,,,
Emissionshandel,,,,,,
Warmes Haus,,,,,,
Nato-Reaktion,,,,,,
Bündnisfall,,,,,,
pel pel,,,,,,
weitgrauen Himmel,,,,,,
Peak-Inflation,,,,,,
Spot-Preise,,,,,,
Spot-Preise k…,,,,,,
Polizeibusse,,,,,,
Energiefalle,,,,,,
Weizenspende,,,,,,
Warmwasser-Boilern,,,,,,
Komm…,,,,,,
Coldplay,,,,,,
Plauen,,,,,,
Bornheim,,,,,,
Farbattacke von Klima-Aktivisten,,,,,,
Ge­winn,,,,,,
Jahrtausenden,,,,,,
el Scheich,,,,,,
Potemkin,,,,,,
Cherson-Erfolg,,,,,,
Spanien Europas,,,,,,
Neubaur,,,,,,
HIMARS-Einsatz,,,,,,
Nulltarif,,,,,,
Klimaschutz-Ranking,,,,,,
El-Scheich,,,,,,
Virginia,,,,,,
Bundesanzeiger,,,,,,
Gazprom-Enteignung,,,,,,
Leopoldina,,,,,,
Gazprom-Tochter,,,,,,
könnenNach,,,,,,
Universitätscampus,,,,,,
Klima-Heuchelei,,,,,,
Kriegsschäden,,,,,,
Honorarkonsuln,,,,,,
Live-Gespräch,,,,,,
Riester-Fonds,,,,,,
Riester-Fondssparplänen,,,,,,
Riester-Fondssparpläne,,,,,,
Amulett,,,,,,
Psycho-Coach,,,,,,
Esoterik,,,,,,
Haushaltsplans,,,,,,
Sender-Chef,,,,,,
Tag am Schreibtisch,,,,,,
akutell,,,,,,
ukrainischen Territoriums,,,,,,
Katastrophenschützer,,,,,,
Apec-Gipfel,,,,,,
Mülldeponien,,,,,,
Cherson Leichen,,,,,,
Verschwindenlassen,,,,,,
Insel Bali,,,,,,
Buenos Dias,,,,,,
Przewodow,,,,,,
Klima-Ausgleichszahlungen,,,,,,
Klima-Ausgleichzahlungen,,,,,,
Kiew Foto,,,,,,
Kiew Stromausfälle geh,,,,,,
Demos,,,,,,
Ostukraine</li><li,,,,,,
Cherson aus</li><li,,,,,,
Geberkonferenz,,,,,,
Der Schweiz,,,,,,
Colorado Springs,,,,,,
Motivation,,,,,,
Heizschüsseln,,,,,,
Ausfuhren,,,,,,
Oatly,,,,,,
Wirtschaftsinstituts Ifo,,,,,,
Aufenthalt ha,,,,,,
Westens mit,,,,,,
Vereinigte Köngreich,,,,,,
Hauptausschusses am Mittwochabend,,,,,,
Strom-Totalausfall,,,,,,
Tesla-Chef,,,,,,
Sozialausschusses,,,,,,
Auswärtigen Amtin,,,,,,
Zentralrussland,,,,,,
USB-C.,,,,,,
Telefon-Aktion,,,,,,
Redaktionsräume,,,,,,
Apec,,,,,,
Pazifiks,,,,,,
Wintershall-Chef,,,,,,
Zeitnot,,,,,,
eingewöhne,,,,,,
Tankerstau,,,,,,
Jubel,,,,,,
Rabbinerhaus,,,,,,
Reul,,,,,,
Rabbinerhaus der,,,,,,
Videoaufzeichnungen,,,,,,
Homeoffice-Kälte,,,,,,
Berliner Stromnetzes,,,,,,
Rothenburg ob der Tauber,,,,,,
Bel elueu petppl lelekl,,,,,,
Sparmaßnahmen,,,,,,
Kultureinrichtungen,,,,,,
Straße der Energiearbeiter,,,,,,
verursach…,,,,,,
Statistische Bundesamt am Freit…,,,,,,
Simakala,,,,,,
BernburgDeutschland,,,,,,
Schießpulver,,,,,,
Grüne Haus,,,,,,
Binnenmarkt,,,,,,
elhtoll el,,,,,,
plonekle el unl,,,,,,
UN-Schätzungen,,,,,,
Kriegsflüchtlinge,,,,,,
Mitgefühl,,,,,,
kremltreue Moskauer Patriarchat,,,,,,
ukrainischen Kirche,,,,,,
Herbstkonferenz,,,,,,
Minimalkonsens,,,,,,
Berechnungen de…,,,,,,
Schock…,,,,,,
Depri-Stimmung,,,,,,
Feuerholzsplitomat,,,,,,
Bundesminister der Finanzen,,,,,,
Pen Berlin,,,,,,
Messerangriff in Tankstelle,,,,,,
Mega-Blackout,,,,,,
Atommacht,,,,,,
US-Geheimdienstkoordinatorin,,,,,,
Ukraine Chlorpikrin-Granaten,,,,,,
Stadt einkesseln,,,,,,
Kampfgeschehen,,,,,,
Tiertafeln,,,,,,
Konstruktionen,,,,,,
Land Burgenland,,,,,,
Bad Tatzmannsdorf,,,,,,
Porsche-Börsengang,,,,,,
Gepard-Panzern,,,,,,
Berliner Sicherheitskonferenz,,,,,,
Baden-WÃ¼rttemberg,,,,,,
NATO-Mitgliedslands,,,,,,
Krisendiplomatie,,,,,,
Nacht…,,,,,,
Silvia Stöber.</em,,,,,,
Außenminister,,,,,,
Post-Sowjetstaaten,,,,,,
Wohnheim-Mieten,,,,,,
Kältehilfen,,,,,,
Studierendenwerks,,,,,,
Gaspreis-Chaos,,,,,,
regne,,,,,,
Preiswelle,,,,,,
Mariazeller Straße,,,,,,
Schulring,,,,,,
Rennbahnstraße,,,,,,
Eybnerstraße,,,,,,
Klostergasse,,,,,,
Willi-Gruber-Straße,,,,,,
Wiener Straße,,,,,,
Stattersdorfer Hauptstraße,,,,,,
B1a,,,,,,
Neuköllner Hertastraße,,,,,,
Klima-Soli,,,,,,
Marvel-Superhelden,,,,,,
Sagunto,,,,,,
Alb-Donau-Kreis,,,,,,
Coronakrise,,,,,,
Klima-Herausforderungen,,,,,,
Kattowitz,,,,,,
Breslau,,,,,,
zerfahrener,,,,,,
rabenschwarz,,,,,,
Zeche Staczic,,,,,,
BASF-Finanzchef,,,,,,
Wutproteste,,,,,,
frontnahen,,,,,,
Frankfurter Uni,,,,,,
Meghan,,,,,,
Ripple of Hope-Preis,,,,,,
Untreue-Ermittlungen,,,,,,
Phasen von Russlands,,,,,,
Tausend-Kilometer-Front,,,,,,
Militä…,,,,,,
NÖ,,,,,,
Klima-Initiative,,,,,,
Ukraine-Pipelines,,,,,,
Bahnhof Senden,,,,,,
Rohrbrüche,,,,,,
Minus-Temperaturen,,,,,,
Südbahn,,,,,,
Land der Hitze,,,,,,
Kursverluste,,,,,,
Tatverdächtiger,,,,,,
Verteidigungsminister-Treffen,,,,,,
Ostukraine ge…,,,,,,
Schleiz,,,,,,
Klinik- Schleiz,,,,,,
UNHCR-Chef,,,,,,
Landkreises in Gefahr,,,,,,
Stavanger Foto,,,,,,
Donezker Volksrepublik,,,,,,
Finanzie…,,,,,,
PO b. BeeeOpel,,,,,,
Klima-Aktivistinnen,,,,,,
Ski-Urlaub,,,,,,
nup enek,,,,,,
Süd-Ukraine,,,,,,
Fußball-Baustelle,,,,,,
Düsseldorf/Wilhelmshaven,,,,,,
Sapo…,,,,,,
Aleuten,,,,,,
Auftrag de,,,,,,
Verlustzone,,,,,,
Finanzmitteln,,,,,,
Gemeinde Illerkirchberg,,,,,,
Ruben Rupp,,,,,,
heftig,,,,,,
Teilrepublik Tatarstan,,,,,,
Zentralbanken,,,,,,
Mittenwald,,,,,,
Reifenlöscher,,,,,,
Tal Rifaat Rauch,,,,,,
Energie-Dilemma,,,,,,
Green-Friday-Aufstand,,,,,,
geshoppt,,,,,,
Glühwein-Flat,,,,,,
Fünf-Euro-Wurst,,,,,,
Oberbaumbrücke,,,,,,
Bvg efn Xfjiobdiutnbslu bn Tqsfftqfjdifs,,,,,,
Zusage erfol…,,,,,,
Jütland,,,,,,
Malakal,,,,,,
Waffenkult,,,,,,
Waffenträger,,,,,,
Gutverdienenden,,,,,,
Holodomor-Gedenken,,,,,,
rohstoffreichen Land,,,,,,
Online-Videos,,,,,,
Ukraine-News am Sonntag,,,,,,
Klima-Leck,,,,,,
Boni-Zahlungen,,,,,,
Nordstream-Sabotage,,,,,,
IT-Sicherheitsexperten,,,,,,
Getreide-Ausfuhren,,,,,,
Stoßzeiten,,,,,,
Lieferando-Fahrer,,,,,,
Radebeul,,,,,,
Trainingshosen,,,,,,
Wegweiser,,,,,,
Shopping-Fieber,,,,,,
Kriegsfuß,,,,,,
Best Western Plus Hotel Füssen,,,,,,
Leeds,,,,,,
Bauinvestitionen,,,,,,
Ostholstein,,,,,,
Landes  ,,,,,,
CO₂-Abgabe,,,,,,
Borne,,,,,,
Kiew</li><li>17:57,,,,,,
Stadt C…,,,,,,
Emsl…,,,,,,
Fachbetrieben,,,,,,
mitzahlen,,,,,,
San…,,,,,,
Heißer Herbst,,,,,,
Chefdesigner,,,,,,
Hannover-Berlin,,,,,,
Kohlendioxid-Eis,,,,,,
Roten Planeten,,,,,,
Lasermessdaten,,,,,,
Haus ohne Gas,,,,,,
Befreiungskämpfer,,,,,,
Übergewinnen,,,,,,
Gaspipeline Nord Stream 2,,,,,,
Zivilschutzes,,,,,,
Haltungsfragen,,,,,,
Plastikmüll,,,,,,
Stromerzeugern,,,,,,
Schwarze Meer +++ AKW,,,,,,
Black Week,,,,,,
Cyberangreifern,,,,,,
Energiespar-Winter,,,,,,
Nowaja Gaseta Europa,,,,,,
Kontraste-Informationen,,,,,,
G-7-Justizminister,,,,,,
Terrassendach,,,,,,
Café Laumer,,,,,,
Frankfu…,,,,,,
Weihnachtsgetränken,,,,,,
Eierlikör,,,,,,
Wyschhorod,,,,,,
Metzger,,,,,,
Dienstag Metzger,,,,,,
Katar-Minister,,,,,,
Temperaturempfinden,,,,,,
Aroundtown,,,,,,
Heizkörper,,,,,,
Budgetlöcher,,,,,,
Atomkraft-Renaissance,,,,,,
Café Landtmann,,,,,,
Fracking-Tabu,,,,,,
Frankfurter Allerheiligenviertel,,,,,,
Konstablerwache,,,,,,
Ceausescus Diktator-Palast,,,,,,
Bündnisses übe…,,,,,,
Doppel-Wumms-Dilemma,,,,,,
Vitamine,,,,,,
Land Verträge,,,,,,
Geheimtür,,,,,,
Akku-Staubsauger,,,,,,
Zufallsfund,,,,,,
Niederländern,,,,,,
Gasförderpläne,,,,,,
Drohnensichtungen,,,,,,
Akw-Müll,,,,,,
Russe Konstantin Emelyanov,,,,,,
Casals Forum,,,,,,
Elektroauto-Lücke,,,,,,
Rostow …,,,,,,
Dekans,,,,,,
Fürstenfeldbruck,,,,,,
Proteste,,,,,,
Populismus,,,,,,
Militärtaktik,,,,,,
Hinterkopf,,,,,,
Speicherbetreiber,,,,,,
Leitbaken,,,,,,
Verkehrsschilder,,,,,,
Markierungen,,,,,,
Orafol,,,,,,
deutschen Bedarfs,,,,,,
ChinaAb,,,,,,
Initiatoren,,,,,,
Preisgarantien,,,,,,
Klima-Protests,,,,,,
Krefelder Innenstadt,,,,,,
Bund-Länder-Treffen  ,,,,,,
Mülltonnen,,,,,,
Nordafrikas,,,,,,
Kriegslast,,,,,,
kÃ¶nnte,,,,,,
Neukunden-Stopp,,,,,,
Ware,,,,,,
Klima- und Transformationsoffensive,,,,,,
schön üppig,,,,,,
RWE-Gaskraftwerk Duisburg-Huckingen,,,,,,
BBP,,,,,,
Kriegsopfer,,,,,,
Berlin/Frankfurt,,,,,,
Dax-Schwergewichts Linde,,,,,,
Bel enluoolpeke,,,,,,
Uletelpluoo,,,,,,
Pandemie,,,,,,
St. Helena,,,,,,
Fahrverhaltens,,,,,,
Scholcron,,,,,,
Bidens Tankstellenproblem,,,,,,
US-Gesetz,,,,,,
Unternehmern,,,,,,
Kohlestrom,,,,,,
Vorstandsrang,,,,,,
RTL,,,,,,
Tarifgespräche,,,,,,
Gaskundinnen,,,,,,
Hotelgäste,,,,,,
Wärme-Kunden,,,,,,
Neukundenstopp,,,,,,
Biosupermärkte,,,,,,
Chruschtschow,,,,,,
Naturschutzgruppen,,,,,,
Oblast Irkutsk,,,,,,
Montagsprotest,,,,,,
Stromnetzes,,,,,,
Energierechtsberatungen,,,,,,
Schuldenmachen,,,,,,
Finanzcrashs,,,,,,
Deutschen Maschinenbaugipfel,,,,,,
lang,,,,,,
Leserbriefen,,,,,,
Monet-Gemälde,,,,,,
Museum Barberini,,,,,,
Hidschāb-Proteste,,,,,,
Denkens,,,,,,
Brexit,,,,,,
Klima-Deppen,,,,,,
Potsdamer Museum,,,,,,
Potsdamer Museum Barberini,,,,,,
HDE-Konsumbarometer,,,,,,
Schneckentempo,,,,,,
Recherchenetzwerk Bellingcat,,,,,,
Downing Street,,,,,,
Herr Kretschmer,,,,,,
Kohlekraftwerks Jänschwalde,,,,,,
Ak…,,,,,,
Koreaner,,,,,,
Region Kiew,,,,,,
Russisches Uran,,,,,,
Brennelementefabrik,,,,,,
Veltins,,,,,,
Bezirk Mistelbach,,,,,,
Birr,,,,,,
Deppen-Generation,,,,,,
Konstellation,,,,,,
Mietskasernen,,,,,,
Lagerhallen,,,,,,
Schneemobile,,,,,,
Dikson,,,,,,
Heinz-Glas,,,,,,
Flakon-Produzent,,,,,,
Rathausplatz heuer,,,,,,
Wiener Rathausplatz,,,,,,
Christkindlmarkt auf…,,,,,,
Landestheater,,,,,,
Vorarlberg Museum,,,,,,
Ostsee-Pipeline,,,,,,
Windanlagenbauer Gamesa,,,,,,
Luftalarmsirenen,,,,,,
Durchschnittlicher Gasverbrauch Einfamilienhaus,,,,,,
kWh,,,,,,
Ppel ple,,,,,,
Schüsse,,,,,,
Fast-Food-Restaurants,,,,,,
Bermuda,,,,,,
Kaimaninseln,,,,,,
Laa an der Thaya,,,,,,
Olching,,,,,,
Cosco,,,,,,
Nuklearschlag,,,,,,
Klima-Veränderungen,,,,,,
Rauchmeldern,,,,,,
Che…,,,,,,
Tiefstwerten,,,,,,
Beiersdorf-Chef,,,,,,
Druck-Ausgabe,,,,,,
London/Paris/Madrid,,,,,,
Repsol,,,,,,
Totalenergies,,,,,,
Windenergie-Ausbau,,,,,,
Wind-Ausbau,,,,,,
Rathaus Charlottenburg,,,,,,
China-Deal,,,,,,
quoted,,,,,,
medienpodcast,,,,,,
Lutz Güllner,,,,,,
Flüssiggas-Terminalschiff,,,,,,
Rosneft-Chef,,,,,,
Energieaktien,,,,,,
Krisengewinner,,,,,,
Maoniuping-Mine,,,,,,
Freitagmorgen,,,,,,
lpl ep pekl telekl,,,,,,
Bep vel ple,,,,,,
Schloss Bellevue,,,,,,
Lviv,,,,,,
Telefonaten,,,,,,
Perm am Ural,,,,,,
Wutreden,,,,,,
Holzmangel,,,,,,
wummsig,,,,,,
Luftnummer,,,,,,
Praxis-Schließungen,,,,,,
Leguan-Leben,,,,,,
Gasunternehmen,,,,,,
Tories,,,,,,
Rückgang bei Gasfüllstand,,,,,,
Land Herr,,,,,,
Regierungs- und Finanzchaos,,,,,,
Finanzchaos,,,,,,
Truss,,,,,,
demütigender,,,,,,
Mensche,,,,,,
Neckwarwestheim,,,,,,
NATO-Treffens,,,,,,
geradebügeln,,,,,,
Nordstream-Pipeline,,,,,,
Kanzlers2,,,,,,
Rekord-Hitzewelle,,,,,,
"Library of Congress/gemeinfrei
",,,,,,
Warschau/Berlin,,,,,,
Brennstäben,,,,,,
Kanzlers am Montagabend,,,,,,
Ostsee-Pipelines,,,,,,
Steuersenkungspläne,,,,,,
Grünen-Parteitag,,,,,,
d… Stau,,,,,,
Isjum i…,,,,,,
Gasverteilzentrum,,,,,,
Schni…,,,,,,
Scholz-Ersatz,,,,,,
Nord Stream«-Mission,,,,,,
Bundesbankpräsident,,,,,,
Bezirk Wärmeräume,,,,,,
Niedergailbach,,,,,,
Thrakien,,,,,,
Landtag in…,,,,,,
IKRK,,,,,,
Kino,,,,,,
Biozide,,,,,,
Freitag,,,,,,
Gasspeicher-Ziel,,,,,,
Oskol,,,,,,
Krieg</li><li,,,,,,
Oppositi…,,,,,,
UN-Votum,,,,,,
Teilmobilmachung von Reservisten,,,,,,
J…,,,,,,
Drei-Monats-Tief,,,,,,
etpu,,,,,,
Stream“-Lecks,,,,,,
Stream-Leitungen,,,,,,
Reportagen,,,,,,
Saline-Sauna,,,,,,
LÃ¼tzeraths,,,,,,
Landesverband des Bundes für Umw…,,,,,,
Rohstoff-Abhängigkeit,,,,,,
Erdgas-Lieferungen,,,,,,
Pavlo Kyrylenko,,,,,,
Oleh Syniehubov,,,,,,
Druschba-Ölpipeline,,,,,,
bel…,,,,,,
Bazooka,,,,,,
Doppelwumms,,,,,,
Zahlen de,,,,,,
Deutschlands Gasspeicher-Füllstand,,,,,,
Werbespots,,,,,,
Stadtbergen,,,,,,
Bahn-Blackout,,,,,,
Videokonferenz,,,,,,
Kriegsfront,,,,,,
Bestandsgebäuden,,,,,,
OPEC-Beschluss,,,,,,
Sanktionsmöglichkeiten,,,,,,
Toggenburger Art,,,,,,
Mattstock,,,,,,
Speer,,,,,,
Obertoggenburg,,,,,,
Brandenburg i…,,,,,,
Nachbesserungsbedarf,,,,,,
Öl-Heizkessel,,,,,,
Lingen Foto,,,,,,
Druschba-Strang,,,,,,
Druschba-Strang…,,,,,,
Unterwasseraufnahmen,,,,,,
Montagsdemos,,,,,,
Pipeline wir…,,,,,,
Pipeline,,,,,,
Gewerkschaften,,,,,,
Waffen-Geklirre,,,,,,
Energieembargo-Getöse,,,,,,
Pa…,,,,,,
Tanker-Stau,,,,,,
Grundschul-Ländervergleich,,,,,,
Bildungsstudie,,,,,,
Sachen AKWs,,,,,,
Mittelständlern,,,,,,
Kieler Land…,,,,,,
Discounter-Riese Aldi Nord,,,,,,
du ausgekochte Stadt,,,,,,
Wertbon-System,,,,,,
Bundeskanzlerin,,,,,,
Nicht-Gaskunden,,,,,,
Energieversorge…,,,,,,
Scholz-Machtwort,,,,,,
Energie-Studie,,,,,,
Rezessionsgefahr,,,,,,
Vetomacht Russland,,,,,,
Kalenderwoche 42,,,,,,
ö…,,,,,,
Türkische Notenbank,,,,,,
Falklandinseln,,,,,,
Rossiya-1,,,,,,
Beliebtheitsskala,,,,,,
Todtnau,,,,,,
Schlieren,,,,,,
Russen-Ministerium,,,,,,
Bundesbank-Präsident,,,,,,
Kapitalregeln,,,,,,
Vor-Ort-Besuche,,,,,,
ExxonMobil,,,,,,
Check-Pflicht,,,,,,
Pelletheizung,,,,,,
Pelletofen,,,,,,
Atomkraftwerks Civaux,,,,,,
US-Atomstreitkräfte,,,,,,
Lörrach,,,,,,
Kreis … Skifahrerinnen,,,,,,
Hafen Sewastopol,,,,,,
Skifahrer,,,,,,
Eigenheim in Gefahr,,,,,,
Privatinsolvenzen,,,,,,
Druc…,,,,,,
Mietverträgen,,,,,,
Leichtbauhallen,,,,,,
moldauischen Hauptstadt,,,,,,
Parkowka-Straße,,,,,,
Muskelmasse,,,,,,
Schloss Elmau,,,,,,
Telepolis,,,,,,
Branchenriese Sixt,,,,,,
Vorbereitungsklassen,,,,,,
Konz…,,,,,,
Flutwelle,,,,,,
Kulinaria,,,,,,
Kopalino,,,,,,
Erdgas-Hilfe,,,,,,
Friedensbeauftragte Kramer le…,,,,,,
Haftstrafen für Klima-Aktivisten,,,,,,
Klimakonferenz COP27,,,,,,
Kohlekraftwerken,,,,,,
Klimaschutzpläne,,,,,,
Celsius w…,,,,,,
Thüringer Museen,,,,,,
Entspannung bei Pelletspreisen,,,,,,
Eb…,,,,,,
Börsenpreis,,,,,,
Normalkunden,,,,,,
Karrierecoach,,,,,,
Sparziele,,,,,,
Spagat,,,,,,
Gebrauchtautos,,,,,,
Abschlag,,,,,,
Scharm el-Scheich,,,,,,
Sonntag am Roten Meer,,,,,,
Weltklimagipfel,,,,,,
Scharm el Sche…,,,,,,
Gas-Felder,,,,,,
Anti-Atomkraft-Linie,,,,,,
Staat Klimaaktivisten,,,,,,
Zehn-Euro-Flüge,,,,,,
Mittwochmorgen,,,,,,
Inflations-Entlastungen,,,,,,
Landesarmutskonferenz,,,,,,
Klima-Hotspots,,,,,,
dam…,,,,,,
Uran-Embargo,,,,,,
Schlussstrich,,,,,,
Abzocke bei Gas,,,,,,
klingen,,,,,,
Schrebergärten,,,,,,
Frankfurt-Sachsenhausen,,,,,,
Max-Planck-Institut in Jena,,,,,,
Neue Geschäftsfreunde,,,,,,
Slapstick,,,,,,
Ratgeber</li><li,,,,,,
Gesundheit</li></ol,,,,,,
KommentareTeilen,,,,,,
Global Carbon Project,,,,,,
Phnom Penh,,,,,,
Sharm al-Sheikh,,,,,,
Netto-Null,,,,,,
Strombereich,,,,,,
Gösgen,,,,,,
Leibstadt,,,,,,
Niedergösgen,,,,,,
Beauty-Doc,,,,,,
Energieunabhängig,,,,,,
Kühe von …,,,,,,
Landesre…,,,,,,
10-Prozent-Marke,,,,,,
Standardgastarif,,,,,,
Gaslecks,,,,,,
China-Konflikt,,,,,,
Bel elue tokll teuapeOel,,,,,,
pel eupele,,,,,,
Profi-Handwerkern,,,,,,
Rheinischen Revier,,,,,,
Stream Pipelines,,,,,,
Indonesiens,,,,,,
Schliche,,,,,,
Kriwyj Rih,,,,,,
Snihuriwka,,,,,,
WELT-Liveprogramm,,,,,,
Diskothek heiß hergehen,,,,,,
Gas-Pläne,,,,,,
Windrad-Verbot,,,,,,
Flüssiggaspläne,,,,,,
Münsterländern,,,,,,
Hunger,,,,,,
Einkommensteuertarifs,,,,,,
Gasverbrauchs,,,,,,
Bewältigungsstrategien,,,,,,
Spar-Experten,,,,,,
Cherson angekündet,,,,,,
CO2-Auss…,,,,,,
Extremfall,,,,,,
Pipeline-Chaos,,,,,,
Lubiatowo,,,,,,
Germering,,,,,,
Klima-Kleber Berlin,,,,,,
Kohlenmonoxid-Leck,,,,,,
mus…,,,,,,
Kiewer Bürger,,,,,,
Ölbeda…,,,,,,
Gaspreis-Gremium,,,,,,
Kernkraftwerk,,,,,,
Ölindustrie,,,,,,
Billionenhöhe,,,,,,
Frackingverbot,,,,,,
Finanz-Skandals,,,,,,
Landgerichts Wiesbaden,,,,,,
UnterbringungGeflüchteter,,,,,,
Athens,,,,,,
Eckpunkte-Papier,,,,,,
Moskaus Truppen,,,,,,
Friedenszustand,,,,,,
Samarkand,,,,,,
Chemiekonzerns BASF,,,,,,
Schwarzheide,,,,,,
Verbrauchs,,,,,,
Neva…,,,,,,
Betreiberin,,,,,,
Gaspipeline Nord Stream 1,,,,,,
Muslimbrüder,,,,,,
Schornsteine Foto,,,,,,
Geflüchtetenhilfe,,,,,,
Wilhelmshavener LNG-Terminal,,,,,,
Hilfefonds,,,,,,
Nazi-Slogans,,,,,,
Pellets-Hilfen,,,,,,
Ringtauschs,,,,,,
Aufzugstür,,,,,,
Golfstaat,,,,,,
FÃ¶rdermethode Fracking,,,,,,
Ã–l,,,,,,
Google-Quartalszahlen,,,,,,
Alphabet-Konstrukt,,,,,,
Ravenna,,,,,,
Schnellcheck,,,,,,
Harzer Hinterland,,,,,,
Fernsehkrimideutschland,,,,,,
Ladenhüter,,,,,,
Reformationstag,,,,,,
Risiko von Zahlungsausfällen,,,,,,
Tücken,,,,,,
Notstromdiesel,,,,,,
Energiekrisen-Winter,,,,,,
Brasiliens Ex-Präsident,,,,,,
Linkspolitiker Lula,,,,,,
Industriegütern,,,,,,
hei…,,,,,,
Rhein-Main-Gebiets,,,,,,
Rekord-Füllstände,,,,,,
Hilfsfonds,,,,,,
Öl-,,,,,,
Bundeskanz…,,,,,,
Strom- und Gaspreisbremse,,,,,,
Künast,,,,,,
Projektrisiken,,,,,,
Tanzfläche,,,,,,
Klimagipfel COP27,,,,,,
Wüste russisches Gas,,,,,,
Wechselduschen,,,,,,
Ersthelfer-Auto,,,,,,
crasht,,,,,,
Autobahn A44,,,,,,
Grevenbroich,,,,,,
Jüchen,,,,,,
Schkeuditz,,,,,,
Wintershall,,,,,,
Gasspeicher-Füllstand,,,,,,
Kabinenpersonal von Eurowings,,,,,,
Swingtanzen,,,,,,
Einfahrtsstraße,,,,,,
Sharm El-Sheikh,,,,,,
Scharm el Scheich-Kurz,,,,,,
COP27,,,,,,
UN-Klimagipfel COP26,,,,,,
Schmaler Grat,,,,,,
Profitboom,,,,,,
Scharm El-Scheich,,,,,,
Gas-Krise,,,,,,
Nlet,,,,,,
Demo-erprobte Grünen-Politikerin,,,,,,
Lavey-les-Bains,,,,,,
Grünes Methan,,,,,,
Dezemberhilfen,,,,,,
Megawatt,,,,,,
Energie-Entlastungen,,,,,,
br.de,,,,,,
<ol><li>49-Euro-Ticket,,,,,,
/li><li>49-Euro-Ticket,,,,,,
Geflecht,,,,,,
Pommern,,,,,,
Russland-Flaggen,,,,,,
norwegischen Küste,,,,,,
Dieselgenatoren,,,,,,
AnschlÃ¼ssen,,,,,,
Ursula von der Leyen,,,,,,
Pluto,,,,,,
Tigray,,,,,,
Tigrayer,,,,,,
Steuerzahlerkosten,,,,,,
Jahrhundertrezession,,,,,,
Ampel-Murks,,,,,,
Chisi…,,,,,,
Gutverdiener,,,,,,
Zoos,,,,,,
<ol><li>(S+,,,,,,
Hatern,,,,,,
Cybermobbing,,,,,,
Steckdose,,,,,,
usbekisc…,,,,,,
Megatonnen-Maßstab,,,,,,
Uni-Lockdowns,,,,,,
Trockenen,,,,,,
Hackney,,,,,,
Dead Space,,,,,,
Strava Ã¼bernimmt Fatmap,,,,,,
Ersatzteilen,,,,,,
Vaziani,,,,,,
Vorrang nan,,,,,,
Grüne Alpen,,,,,,
Ö1 Morgenjournal,,,,,,
Raffinerie Schwechat,,,,,,
Ö1-Morgenjournal,,,,,,
Machetenangriff,,,,,,
Räu…,,,,,,
Morningside Community Centre,,,,,,
Lead-Investor,,,,,,
Landest…,,,,,,
Bayern Kapital,,,,,,
Kiko Ventures un…,,,,,,
Nordostasien,,,,,,
Containern,,,,,,
Kernkraftwerk!,,,,,,
Atomen,,,,,,
6telekeellla,,,,,,
pel Pleel,,,,,,
Verband Sozialabgaben,,,,,,
Geldautomat,,,,,,
KZ Auschwitz,,,,,,
Onlinemagazin,,,,,,
Dead Space Systemanforderungen,,,,,,
Berliner Stadtwerken,,,,,,
gehÃ¶rt,,,,,,
Berliner Flughafen,,,,,,
Istanbuld,,,,,,
Anwohnern,,,,,,
Manly Beach ,,,,,,
Truppenübungsplatz Munster,,,,,,
Häme,,,,,,
Tabakfabrik,,,,,,
Ukraine-Minister,,,,,,
Vergnügens,,,,,,
Braunkohlerevier,,,,,,
Panzerlieferungen,,,,,,
Garzweiler II,,,,,,
Pullach,,,,,,
Kriegen,,,,,,
Rumaylah-Ölfeldern,,,,,,
Südirak,,,,,,
Moksau,,,,,,
Monterey Park,,,,,,
Mittelmeer-Land,,,,,,
Bosniens Serbenrepublik,,,,,,
Gas-Fragen,,,,,,
Leopard-Kampfpanzer,,,,,,
Soledar +++ Klingbeil,,,,,,
Millionen-Diebin,,,,,,
Wid…,,,,,,
Čaputová,,,,,,
Soledar-Einnahme,,,,,,
Soled…,,,,,,
Djokovic-Eklat,,,,,,
Transformationsdruck,,,,,,
Teilender,,,,,,
Kampfflugzeug-Debatte,,,,,,
Borkum Gas,,,,,,
Berlin/Santiago de Chile,,,,,,
BR24,,,,,,
Donezk  ,,,,,,
Belgiens Atompark,,,,,,
VR Donezk,,,,,,
Erneubaren,,,,,,
Schimmelflecke,,,,,,
Sebastian Gollnow/dpa,,,,,,
Vermögensfonds,,,,,,
Zerreißprobe um Russland-Rückkehr,,,,,,
Wohnungskonzern,,,,,,
Nordsee-Flut,,,,,,
Hightech-Küstenschutz,,,,,,
Grün-Schwarz,,,,,,
Klimaschutz-Maßnahmenregister,,,,,,
Brokstedt-Verdächtigen,,,,,,
Bahnnetzes,,,,,,
Kommungen,,,,,,
Kiel…,,,,,,
Panzerbataillon</li><li,,,,,,
Erdgas-Reserven,,,,,,
Winter</li><li,,,,,,
Hohe Mehrkosten in Sachsen,,,,,,
Nachrichten-Überblick,,,,,,
Strohfeuer,,,,,,
Leopard-Kampfpanzer-Lieferungen,,,,,,
Neutralitätsrechts,,,,,,
Panzer Panzer Korruption,,,,,,
Kriegstreibern,,,,,,
Waffenschiebern,,,,,,
Top-Beamte,,,,,,
Jerusalemer,,,,,,
Krim ab</li><li>10:08,,,,,,
Ukraine</li><li>16:13,,,,,,
Ulrich-Wildgruber-Preis,,,,,,
Helfer,,,,,,
Union-Fans,,,,,,
Museum für Kunst und Geschichte des Judentums,,,,,,
Pariser Museum für Kunst und Geschichte,,,,,,
Pariser Museums für Kunst und Geschichte,,,,,,
HalleSpektrum.de,,,,,,
Jericho,,,,,,
Budva,,,,,,
Mischa,,,,,,
Ziegeleiteich,,,,,,
Kampfjetdebatte,,,,,,
Espoo,,,,,,
Ex-Partner,,,,,,
Isfahan…,,,,,,
Entscheidung?“Foto,,,,,,
Zauderlehrling Scholz,,,,,,
Berlin-Flucht,,,,,,
Sterne-Koch,,,,,,
Sachen Panzerlieferungen,,,,,,
Ble oeupeOlpeke Zulteae lpl uulpel,,,,,,
Vistreck,,,,,,
Klima-Falle,,,,,,
Nowogrod,,,,,,
Direct Line,,,,,,
Hart,,,,,,
Soledar Foto,,,,,,
Slajszewo,,,,,,
Atom-Pläne,,,,,,
Grimsel,,,,,,
Berner Amtsstuben,,,,,,
Ölkonzern-Chef,,,,,,
Fahrerin,,,,,,
SPD-Bundestagsfraktion,,,,,,
Panzerdebatte,,,,,,
Start-up Equium,,,,,,
Lotte,,,,,,
Kunewalde,,,,,,
Kunewa…,,,,,,
Atomkraft-Reserve,,,,,,
baden,,,,,,
Silvester,,,,,,
Walldorfer Sees,,,,,,
Beschuss</li><li,,,,,,
Akzepta…,,,,,,
Kozloduj an der Donau,,,,,,
SchÃ¼tzengrÃ¤ben,,,,,,
Pteveupel,,,,,,
E-Bikes,,,,,,
Tipp,,,,,,
Usern,,,,,,
Fregatte ha,,,,,,
Gefrierpunkts,,,,,,
Tauwetterphase,,,,,,
Mühlviertel,,,,,,
Kaiserwinkl,,,,,,
Gasbrenner,,,,,,
Frostbeulen,,,,,,
Tagebau Garzweiler II abgebaggert,,,,,,
Weiler,,,,,,
Tagebau Garzweiler II,,,,,,
Kuckum,,,,,,
Berverath,,,,,,
Berliner Messegelände,,,,,,
City Cube,,,,,,
Marder-Schützenpanzern,,,,,,
Sole…,,,,,,
Infineon,,,,,,
Imke Köhler.</em,,,,,,
Baerbock-Besuch,,,,,,
Gärtnereien,,,,,,
Poptitan,,,,,,
Fahrrad,,,,,,
Halsföhn,,,,,,
Buchmarkt,,,,,,
Gewalttat bei Goslar,,,,,,
Online-Forum der Presse,,,,,,
Wertstoffhof,,,,,,
Oeupekeuteele,,,,,,
Ble Zepeklue pelel ent eluel pnuhteu,,,,,,
Tarifrunden,,,,,,
Hightech-Klimaretter,,,,,,
Firmen-Übergabe,,,,,,
Frodos,,,,,,
Davos…,,,,,,
S. Ueberbach.</em,,,,,,
Dnipro-Toten,,,,,,
"Freiburg
Luc Skaille",,,,,,
Brimstone-Raketen,,,,,,
südostasiatische Land,,,,,,
Newspodcast,,,,,,
Energiekrise-Klimaschutz-Dilemma,,,,,,
Militär-Konferenz,,,,,,
Indexmieten,,,,,,
Atomkraftwerk Ems…,,,,,,
Gaskraftwerken,,,,,,
Alpen vo…,,,,,,
klimaverträglich,,,,,,
Schuldengrenze,,,,,,
Den USA,,,,,,
CO2-AusstoÃŸ wÃ¼rde,,,,,,
Braunkohle-Tagebaus,,,,,,
Haus 10,,,,,,
Alte Haushaltsgeräte,,,,,,
uuu helueO Ulekl elkettle Inuple,,,,,,
nulel plek ple uelpekuelle,,,,,,
Dazn,,,,,,
Saint-Laurent…,,,,,,
Schwarzem Meer,,,,,,
Generaldir…,,,,,,
Kristina Böker.</em,,,,,,
Mittelmeer-Gas,,,,,,
Wagner-Kommandeur,,,,,,
Privatklinik,,,,,,
rbb-Krise,,,,,,
Dn…,,,,,,
Goshen,,,,,,
US-Bundesstaat Kalifornien,,,,,,
US-Vizeverteidigungsministerin,,,,,,
Angarsker,,,,,,
Beerdigungen,,,,,,
Waffengewalt,,,,,,
Truppenstärke,,,,,,
Das-Hatten-W…,,,,,,
Kohle-Gegner,,,,,,
Klinikinsolvenzen,,,,,,
Wollitz,,,,,,
Möbelhäuser Ehrmann,,,,,,
Browary,,,,,,
ukrainischen Haus,,,,,,
Leinwänden,,,,,,
Gebiets Donezk,,,,,,
Winteroffensive,,,,,,
Land des …,,,,,,
Kriegs-Jahrestag,,,,,,
Iraner da…,,,,,,
Dixi-Klo,,,,,,
Statistische Bundesamt am Do…,,,,,,
Kreditausfällen,,,,,,
Flughafen Nürnberg,,,,,,
Energiepreis-Vergleich,,,,,,
ukrainische Küste,,,,,,
Stinger-Flugabwehrraketen,,,,,,
Klima-Klebeaktionen,,,,,,
Waffengeschäfte,,,,,,
Debattenkino,,,,,,
Familiendrama,,,,,,
Agententhriller,,,,,,
Brunsbüttel eingetroffem,,,,,,
Heibo,,,,,,
Den Haag +++,,,,,,
Heidebogen,,,,,,
Klagenfurter Becken,,,,,,
Malawi,,,,,,
Künne,,,,,,
Ex-Weltmeister,,,,,,
Multimilliardär,,,,,,
Ukraine-Resolution,,,,,,
Milzbrand,,,,,,
Laguna Beach,,,,,,
Mahnungen,,,,,,
Energierechnungen,,,,,,
Zukunftsmarkt grüner Wasserstoff,,,,,,
Gespräche</li><li,,,,,,
Einkaufszentrum,,,,,,
Wien-Ottakring,,,,,,
Eminenzen am Kabinettstisch,,,,,,
Top-Modelle,,,,,,
Schwäbisch Gmünd,,,,,,
Suspendierter Ballettchef,,,,,,
Hundekot-Attacke,,,,,,
Staatsoper Hannover,,,,,,
Kampfjet-Debatte,,,,,,
Ukraine-Verbündete,,,,,,
Río de la Plata,,,,,,
Landkreis Aschaffenburg,,,,,,
Verbraucher</li><li,,,,,,
Ke…,,,,,,
Karlstein am Main,,,,,,
Karlstein,,,,,,
Nudging,,,,,,
Gamification,,,,,,
Energie-Leitungen,,,,,,
"Straße
",,,,,,
Protestcamp,,,,,,
Kickers Offenbach,,,,,,
russischen Einmarsches,,,,,,
Waldstücks,,,,,,
Olympia-Einkaufszentrum,,,,,,
Olympia-Einkaufsz…,,,,,,
US-Wirtschaftssubventionen,,,,,,
Ottakring,,,,,,
Altbauten,,,,,,
Surinam,,,,,,
südamerikanischen Staat,,,,,,
Bahnhof Buchs,,,,,,
Grundversorger-Angeboten,,,,,,
Buelaleevoelle pel Uelplenekeleeullete Bkeluteup-Btete,,,,,,
Veekpetu houue plek tukueu,,,,,,
Ppel uuek,,,,,,
lu lepel Bealuu,,,,,,
uuek ulekl tel lepeu Gnupeu,,,,,,
Hrianykiwka,,,,,,
Berlin/Moskau/Kiew,,,,,,
Pupillen,,,,,,
Schalker Ultras,,,,,,
schwächen</li><li>,,,,,,
Siko-Veranstalter,,,,,,
Reisekalender,,,,,,
Wolhynien,,,,,,
Massa…,,,,,,
Bundesbank,,,,,,
Gasspeicherstand,,,,,,
USA China,,,,,,
nup,,,,,,
Hinterhalt,,,,,,
Straße kleben - Klima-Kleber,,,,,,
Meereis,,,,,,
Nat…,,,,,,
Ukraine Support Tracker,,,,,,
Venedigs,,,,,,
SG,,,,,,
Jugoslawiens,,,,,,
Paramaribo,,,,,,
Köln/Düsseldorf/Mainz,,,,,,
Bosch-Chef,,,,,,
Menschenkette,,,,,,
Juri,,,,,,
Sicht,,,,,,
Plafond,,,,,,
d… Bel Ptnp ut BuOe,,,,,,
aepekepel,,,,,,
Münchener Sicherheitskonferenz,,,,,,
Finaleinsatz,,,,,,
Straße gegang…,,,,,,
Maljartschuk,,,,,,
Petrowskaja,,,,,,
Prochasko,,,,,,
Unterwasserdrohne,,,,,,
Antarktis schmilzt,,,,,,
Zählpixel,,,,,,
Grenzübergang Salla,,,,,,
Utan,,,,,,
Hooligan-Angriff,,,,,,
Chersons,,,,,,
Mangrovenwald,,,,,,
Linksextremer Randale-Mob,,,,,,
Sylt-Reisenden,,,,,,
Kleber-Panne,,,,,,
Chaoten-Aktion,,,,,,
Mini-Solaranlagen,,,,,,
Atom-Angriff,,,,,,
Nord-Kliniken,,,,,,
Alpaka-Socken,,,,,,
Landesbank-Chef,,,,,,
Inflationskampf,,,,,,
Winterflucht,,,,,,
Spitzenzeiten,,,,,,
Grundlast,,,,,,
Vevey/Stuttgart,,,,,,
Rote Rathaus,,,,,,
Kloake,,,,,,
reduzier…,,,,,,
Ja ankreuzt,,,,,,
Energieanbieterwechsel,,,,,,
Strom- und Gastarife,,,,,,
Le Maire Gespräche,,,,,,
Duraid El Obeid,,,,,,
Scheibenwischer,,,,,,
Verdächtigem,,,,,,
Irving/London,,,,,,
US-Zinshüter,,,,,,
Nominallöhne zunichtegemacht,,,,,,
Etat defizit,,,,,,
Prypjat,,,,,,
Rüstungsindustrie w…,,,,,,
Nuklear-Eisbrechers,,,,,,
Kriegs</li><li,,,,,,
Siko-Wochenende,,,,,,
extradicken,,,,,,
Nestle-Chef,,,,,,
skenderun,,,,,,
Aufwärtstrends,,,,,,
US-Datenanalysefirma Palantir,,,,,,
Marokkaner,,,,,,
Algeciras,,,,,,
NATO-Streit,,,,,,
Titicacasee,,,,,,
Demokratieindex,,,,,,
Torf-Briketts,,,,,,
Rol… el Pelu,,,,,,
Mafiaboss,,,,,,
Wärmebildkamera,,,,,,
Odenthal,,,,,,
Bergischen K…,,,,,,
USA …,,,,,,
Stalingrad-Rede,,,,,,
Stalingrad-Jahrestag,,,,,,
Heizgeschenk vom Staat,,,,,,
Bankmitarbeiter,,,,,,
Landesbank Hessen-Thüringen  ,,,,,,
Helaba,,,,,,
Enerhodar Tür and Tür,,,,,,
Schützenhilfe,,,,,,
Montan…,,,,,,
Waffen-Dilemma,,,,,,
Zoo,,,,,,
Fahrradbranche,,,,,,
Kulturbranche,,,,,,
Limmburg-Weilburg,,,,,,
Drohnen-Kommunikation,,,,,,
Pfarre Rossau,,,,,,
Streikaufrufen,,,,,,
Mordor,,,,,,
Klein-Verdun,,,,,,
Friede,,,,,,
Rutschbahn,,,,,,
Kyjiw am,,,,,,
Rich…,,,,,,
Angriffszielen,,,,,,
Saporischschja/Charkiw,,,,,,
Ukrajina,,,,,,
Klopotenko,,,,,,
Rollei,,,,,,
Norma,,,,,,
Butterpreisen,,,,,,
Veitshöchheim,,,,,,
Heizkostenhilfe,,,,,,
Konzerthäusern,,,,,,
Partnerländer,,,,,,
Bundeswehr-Sondervermögen,,,,,,
Energiesystem</li><li,,,,,,
Waffen-Debatte,,,,,,
Bradford County,,,,,,
Kiew 71 Marschflugkörper,,,,,,
Tornados,,,,,,
Ukraine-Manifest,,,,,,
Alt Simmering,,,,,,
Wärmestube,,,,,,
Waffenherstellers,,,,,,
Wiener Wärmestuben,,,,,,
Erdbeben-Gebieten,,,,,,
Land Wohlstand,,,,,,
Brüssel/London/Berlin,,,,,,
Vinzenzstüberl der Barmherzigen Schwestern,,,,,,
Malatya,,,,,,
Haus meiner G,,,,,,
Rahnsdorf Tür,,,,,,
Wolkiger,,,,,,
Nebelfeldern,,,,,,
Naturkatastrophe,,,,,,
Erdbeben in Syrien,,,,,,
Pik Dame,,,,,,
Taunusstraße,,,,,,
Verlusts,,,,,,
Vorräte,,,,,,
Willy-Brandt-Flughafen,,,,,,
Fernleitungsnetz,,,,,,
Jeck,,,,,,
Erdbeben: Zerstörung,,,,,,
Fastnachtern,,,,,,
Walt Disney-Konzern,,,,,,
Ikltu Pleaell,,,,,,
pel Pellelpel pep,,,,,,
pel Peepleehe,,,,,,
Erdbeben in der …,,,,,,
Russland-Politik,,,,,,
Regensburg/Nürnberg,,,,,,
Preiszonen,,,,,,
Horror-Inflation,,,,,,
IG-BCE-Chef und Co-Vorsitzende,,,,,,
Schneider,,,,,,
Stuttgart/Ludwigsburg,,,,,,
Hotel geplat,,,,,,
Vup el kel leekl,,,,,,
Krisenhilfe,,,,,,
Deutschaland,,,,,,
Republik“,,,,,,
t-online,,,,,,
DüsseldorfDeutschland,,,,,,
Anspruch,,,,,,
Essener Tafel,,,,,,
Tag bei Truppenführung,,,,,,
Patriot-Flugabwehrsystems,,,,,,
au…,,,,,,
Bergwacht Bayern,,,,,,
Kräfteverhältnissen,,,,,,
Anruferinnen,,,,,,
Anrufer,,,,,,
Kreis Alzey-Worms,,,,,,
Videoaufnahmen,,,,,,
Berliner Winter,,,,,,
Krähen,,,,,,
Bettwäsche,,,,,,
Bombenanschlag,,,,,,
Oujda,,,,,,
Berlin/Hannover,,,,,,
Stadion-Modernisierung,,,,,,
Westbalkan,,,,,,
Computersimulationen,,,,,,
Adenau,,,,,,
MainzSchlecht,,,,,,
Donezk  Merkur.de,,,,,,
Zllle BeeeOpel heO,,,,,,
Stadt Donezk,,,,,,
Klima-Held,,,,,,
Kleiner Timmy,,,,,,
Erdgasgas,,,,,,
Klimaministerium,,,,,,
Steuergelder,,,,,,
Kreml ha,,,,,,
Dividendenverbot,,,,,,
Staatshilfe,,,,,,
Neujahr,,,,,,
Feiertage,,,,,,
Temperaturprognose,,,,,,
Staatskonzerns,,,,,,
Patriot-Abwehr,,,,,,
Klima-Protestierer,,,,,,
Landkreis Kaiserslautern,,,,,,
Gebot d…,,,,,,
steinreiche Oligarch i…,,,,,,
Wiesenfelden,,,,,,
Waxenberger Forst,,,,,,
Klima-Druck,,,,,,
Reitsport,,,,,,
Springreiter Weishaupt,,,,,,
Rettungsplan,,,,,,
Gräfelfing,,,,,,
Stadt Uschhorod,,,,,,
Verbraucherpreisen,,,,,,
US-Immobilienmarkt,,,,,,
US-Anleger,,,,,,
Lüftungsrohre,,,,,,
Wän…,,,,,,
Stadt Bachmut,,,,,,
Amtsgericht Münch,,,,,,
Russland Moldau,,,,,,
Görlach global,,,,,,
ostchinesischen Meer,,,,,,
Bio-Supermarktkette,,,,,,
Basic,,,,,,
"Amtsgericht 
München",,,,,,
Ukraine-Grenze,,,,,,
Kiewer Führung,,,,,,
Preiserhöhungen bei Lebensmitteln,,,,,,
Kohlekraftwerks in Datteln,,,,,,
Archivbild…,,,,,,
Land Washington,,,,,,
Ukraine Patriot-Flugabwehrsystem,,,,,,
Überraschungstrip,,,,,,
Punchbowl News,,,,,,
Peruaner,,,,,,
Washington bekan…,,,,,,
Urengoi-Pomary-Uschhorod-Pipeline,,,,,,
Berlin/Brüssel,,,,,,
Kinderschutzbundes,,,,,,
Bezirk Weiz,,,,,,
Statistische Bundesamt am Montag…,,,,,,
Anwohnerparken,,,,,,
"Wohnungsriese 
Vonovia",,,,,,
Ramaphosa,,,,,,
Nasrec,,,,,,
Wagner-Söldnergruppe,,,,,,
Gas-Infrastruktur,,,,,,
Ostchinesisches Meer,,,,,,
WELT,,,,,,
Notenmarkt,,,,,,
Strompreis für E-Autos,,,,,,
Etage,,,,,,
Energieministertreffen am Montag,,,,,,
Weizen-Garben,,,,,,
Weihnachtsfasten,,,,,,
S. Laack.</em,,,,,,
Verdachtsanzeigen,,,,,,
Weihnachtsklassiker,,,,,,
Mutmaßungen,,,,,,
Minsker Flughafens,,,,,,
Finanzkontrolleuren,,,,,,
Serben Novak,,,,,,
Bestechungsskandal,,,,,,
Lufthansa-Vorstand,,,,,,
(g+) Energiespartipps,,,,,,
Sicherheitspuffern,,,,,,
Echtschmuck,,,,,,
Querulant Ungarn,,,,,,
Berlin/Bonn,,,,,,
Ölpreisobergrenze,,,,,,
Jobcentern,,,,,,
Rabat,,,,,,
Mykola…,,,,,,
Deutschlandfunk,,,,,,
EU-Kreisen,,,,,,
Hotel-Saunas,,,,,,
Auswärtigen Amt Gespräche,,,,,,
Wiedergutmachungen,,,,,,
Strom-Engpass,,,,,,
Sankt Pete,,,,,,
Znob-Novhorodske,,,,,,
Seredyna-Buda,,,,,,
russischen Grenze un…,,,,,,
Melitopol</li><li,,,,,,
Waffen</li><li,,,,,,
Janssen,,,,,,
DonezkBereits,,,,,,
Nordkoreas Atomwaffenprogramm,,,,,,
Odessa h…,,,,,,
Montréal,,,,,,
Kernkraftwerk Neckarwestheim,,,,,,
län… Google,,,,,,
Russlands Ex-Präsident,,,,,,
Kälte-Szenarien,,,,,,
Inflationswelle,,,,,,
Falschinformationen,,,,,,
Erdgasleitun…,,,,,,
SPORT1,,,,,,
Nischyn,,,,,,
EWSG,,,,,,
Ex-Partnerin,,,,,,
Notfall-Patient,,,,,,
Baden-WürttembergMehrere,,,,,,
Klima-Programme,,,,,,
Klimafragen in Gefahr,,,,,,
Strommarktes,,,,,,
Protest-Aktion,,,,,,
Dyson Zone,,,,,,
Tschentscher,,,,,,
Todes bez…,,,,,,
Hypothekenzinsen,,,,,,
Hypercar-Niveau,,,,,,
Scheideweg,,,,,,
Memorial,,,,,,
Kluge-Köpfe-Kampagne,,,,,,
Juweliergeschäft,,,,,,
Bad Aussee,,,,,,
Einbrecher,,,,,,
Erkner,,,,,,
Brandenburger Bahnhof,,,,,,
Bahnhof Erkner,,,,,,
Landgericht Detmold,,,,,,
Bucherfolg,,,,,,
Gasspeicher-Verband,,,,,,
Stadt Klima-Blockaden,,,,,,
Westbalkan-Staaten,,,,,,
Europas Seen,,,,,,
Vup ple,,,,,,
nan Aktuell,,,,,,
Wortsinne,,,,,,
Wirtschaftsabsturz,,,,,,
Erbschaftsteuer,,,,,,
Berenberg,,,,,,
Winter-Hilfe,,,,,,
Ersatzteile,,,,,,
Ex-Altenpfleger,,,,,,
Energieminister-Sondertreffen,,,,,,
Reichsbürger-Razzia,,,,,,
Sprengköpfen,,,,,,
Brexit-Fond,,,,,,
Landtechnikhersteller Claas,,,,,,
Insolvenzverfahrens,,,,,,
Ukraine-Kriegs,,,,,,
Ankaras,,,,,,
Öltanker,,,,,,
Kiews si…,,,,,,
Deutschlands Gas-Deal,,,,,,
UNO-Generalsekretär,,,,,,
Washington/Berlin,,,,,,
Weihnachtsgeschenk,,,,,,
Dekor,,,,,,
Weihnac…,,,,,,
E-Auto,,,,,,
betroff…,,,,,,
Münchner Kulturszene,,,,,,
Corona-Hilfsfonds,,,,,,
Metropoltheater,,,,,,
IS-Mitglieder,,,,,,
Asphalt-Hand,,,,,,
"Monte San Salvatore 
",,,,,,
Söldnergruppe,,,,,,
Stadt Kadiwka,,,,,,
Ukraine-Update am Morgen - Ukraine,,,,,,
Ukraine-Update Morgen,,,,,,
Fraport,,,,,,
Lagerrä…,,,,,,
Autobahn 100,,,,,,
Wohnungsmieten,,,,,,
Straßen-Blockaden,,,,,,
Montagmorge…,,,,,,
Heizlüfter-Boom,,,,,,
Verbraucher di…,,,,,,
Visa-Erleichterun…,,,,,,
Moos,,,,,,
Solarauto Sion,,,,,,
Ermittlungsstand,,,,,,
Wirecard-Prozesstag,,,,,,
Asp…,,,,,,
uuO,,,,,,
Faustfeuerwaffen,,,,,,
Strominfrastruktur</li><li,,,,,,
Ukraine-Update am Morgen - Russlands,,,,,,
Bürger-Entlastungen,,,,,,
halbautomatischer,,,,,,
Steuerlast für Bürger und Betriebe,,,,,,
Haus  warm,,,,,,
Neujahrsrede,,,,,,
Lügen,,,,,,
Heuchelei,,,,,,
Alt-Laatzen,,,,,,
Heizkörpern,,,,,,
Schulleitern,,,,,,
Großhandelspreis für Gas,,,,,,
Jahr5,,,,,,
Tempolimit,,,,,,
lnpplpekeu Beehena enp Pkelpuu aellel,,,,,,
Hochhäuser,,,,,,
Ifo-Beraterklima,,,,,,
Patriot-Abwehrsystem,,,,,,
Buchbranche,,,,,,
Fortuna kriegt,,,,,,
bevölkerungsreichstes Land,,,,,,
Großangriff,,,,,,
Ciudad Juárez,,,,,,
niederländische Staat,,,,,,
Hooksiel,,,,,,
Computerspielen,,,,,,
Vernunft,,,,,,
Baugerüst,,,,,,
Schreckschusspistole,,,,,,
Hölle,,,,,,
Bundesstraße 28,,,,,,
Hauptstadtflughafen Berlin-Brandenburg,,,,,,
Hauptstadt-Airport,,,,,,
Anzündkamin,,,,,,
Verkaufserlöse,,,,,,
Verteidi…,,,,,,
Houston,,,,,,
Internetserver,,,,,,
Kulturszene,,,,,,
St. Andrä,,,,,,
Rückblick,,,,,,
Kult-Bullis,,,,,,
Klima-Kleber-,,,,,,
Tops,,,,,,
Autojahres,,,,,,
Feue…,,,,,,
Partnerportal,,,,,,
Apple-Rechenzentrums,,,,,,
Viborg,,,,,,
Proj…,,,,,,
Forschungszwecken,,,,,,
Putin-Tattoos,,,,,,
Paulina,,,,,,
Schlossparkbad,,,,,,
Wasser-Temperaturen,,,,,,
ketpeO Veae,,,,,,
nO nupele uelOelultlekeu Nlete en ellelekeu,,,,,,
pel peO,,,,,,
vep ple uuu lkleu Plel,,,,,,
Westbrandenburg,,,,,,
Bulletproof Ukraine,,,,,,
Gorki Theater Berlin,,,,,,
E-Bikes/Pedelecs,,,,,,
Eindrücke,,,,,,
Gericht in Bayern,,,,,,
Amtsgericht Regensbu…,,,,,,
Braunkohlekraftwerk Jänschwalde,,,,,,
Lausitz Foto,,,,,,
Samst…,,,,,,
Kremlstraße 48,,,,,,
Charkiw</li><li,,,,,,
Pfl…,,,,,,
Morgenstunden,,,,,,
Gerichtsfenster,,,,,,
Velyka Oleksandrivka,,,,,,
Meinu…,,,,,,
enpenpoleekeu,,,,,,
Kursker,,,,,,
Anti-Terror-Einsatz,,,,,,
Generalstaatsanwaltschaft Düsseldorf,,,,,,
Biogasproduktion,,,,,,
Kompost,,,,,,
amp,,,,,,
Brasilia Regierungssitz,,,,,,
Kongress,,,,,,
Kampfpanzer-Lieferungen,,,,,,
Unterstützungsbedarf,,,,,,
Grün-Gelb,,,,,,
Postillon,,,,,,
Elektro-Autos,,,,,,
Kaminen,,,,,,
Bonn am,,,,,,
Vorkriegs-Niveau,,,,,,
Börsen-Strompreis,,,,,,
Arbeitsagenturen,,,,,,
Polizei-Großeinsatz,,,,,,
Diktatfrieden,,,,,,
schwarzen Gefährts,,,,,,
A480,,,,,,
Öko-Bewegte,,,,,,
Elektro-Ingenieurin,,,,,,
Kohlev…,,,,,,
Netzlast,,,,,,
Bonn am Mitt…,,,,,,
vorknöpft,,,,,,
Ausblick,,,,,,
Schützenpanzern,,,,,,
Währungswetten,,,,,,
Charkiw …,,,,,,
Djir-Sarai,,,,,,
EU-Ratschef,,,,,,
Lauwin-Planque,,,,,,
January,,,,,,
Ölgeschäfte,,,,,,
Landes zu …,,,,,,
Ampel-Koaliton,,,,,,
pel Pekteuaeulupet lO Pekv…,,,,,,
Gaspreis Veränderungen,,,,,,
Militäranalysten,,,,,,
Russen-Legion,,,,,,
Saporischschjas,,,,,,
Preisanpassung,,,,,,
Onagawa,,,,,,
Lösungsmittel,,,,,,
Heizmethoden,,,,,,
Kinderhospizdienst Löwenzahn,,,,,,
Spritmarkt,,,,,,
Konfliktregion Bergkarabach,,,,,,
A8,,,,,,
Wolldecken,,,,,,
Schwanensee,,,,,,
Anlagejahres,,,,,,
St. Petersburger,,,,,,
Oberleitungsbussen,,,,,,
Siemens-Energy-Chef,,,,,,
Vor-Corona-Jahren,,,,,,
Zentrum von Paris,,,,,,
Enajat,,,,,,
Kurden-Zentrum,,,,,,
pochts,,,,,,
peO,,,,,,
Geschenkwünsche,,,,,,
Bundesbürgern,,,,,,
Windeseile Terminals,,,,,,
aetetteu,,,,,,
Nazareth,,,,,,
Washington ge…,,,,,,
Dmytro Zhyvytskyi,,,,,,
Übersee,,,,,,
Hlukhivska,,,,,,
GfK-Umfrage,,,,,,
Amazon-Cloud,,,,,,
Berliner Maxim-Gorki-Theater,,,,,,
Sechzigern,,,,,,
Gllllpek,,,,,,
Centrum-Warenhaus,,,,,,
Milliarden-Krisenrettungsschirm,,,,,,
Krisen-Rettungsschirm,,,,,,
Wohlstandskinder,,,,,,
Hebebühne,,,,,,
Ermittlerkreis…,,,,,,
Rundfunk-Sinfonieorchester Berlin,,,,,,
East Side Mall,,,,,,
Lima,,,,,,
Pablo Monroy,,,,,,
Areal de…,,,,,,
Boni-Pläne,,,,,,
Washington +++ Belarus,,,,,,
Bezirk Pankow in …,,,,,,
Ismaning,,,,,,
Landkreis München -,,,,,,
Patr…,,,,,,
H…,,,,,,
Ukraine-Konflikts,,,,,,
Seredyno-Budska,,,,,,
Rogacki,,,,,,
offenen Meer,,,,,,
Feierlaune,,,,,,
Autorennen,,,,,,
Staat New York Bundeshilfen,,,,,,
Schneesturm des Jahrhunderts,,,,,,
Bez…,,,,,,
Pristina,,,,,,
Kosovos,,,,,,
Nord-Mitrovica,,,,,,
Ultimaten,,,,,,
Gashahn zubleibt - Sport,,,,,,
Rieth,,,,,,
(57,,,,,,
Ü…,,,,,,
Warmes Deutschland,,,,,,
Selensk…,,,,,,
Wärmepumpenbranche,,,,,,
Energie-Unabhängigkeit,,,,,,
ple htluaeu aevetlla,,,,,,
Pu lpl pep,,,,,,
Geburtskrankenhauses,,,,,,
Zahlungsmoral,,,,,,
Einkommensvergleich,,,,,,
Spitzen-Verdienern,,,,,,
Flüchtlingszahl,,,,,,
Mehrweg,,,,,,
Lindners Haus,,,,,,
Lokalen,,,,,,
Buffalo,,,,,,
Termingründen,,,,,,
Staat New York,,,,,,
Militärflugplatz Engels,,,,,,
DEN USA,,,,,,
Welt</li></ol,,,,,,
Esst Vongole,,,,,,
Podelta,,,,,,
Lagune,,,,,,
Bentley,,,,,,
Golf R 20 Years,,,,,,
Nordschleife,,,,,,
Golf R,,,,,,
Filet,,,,,,
Stockholms,,,,,,
Zilke,,,,,,
Älvira,,,,,,
Tannenzweigen,,,,,,
Skansen,,,,,,
Brem…,,,,,,
US-Meteorologen,,,,,,
Klima-Engagement,,,,,,
Krisen…,,,,,,
Landes arktis…,,,,,,
Unwissen,,,,,,
AKW-Aus,,,,,,
Frostspanner,,,,,,
Mindener,,,,,,
Fernwär…,,,,,,
Sommertour,,,,,,
Onlineshop Temu,,,,,,
Kasp…,,,,,,
Winke-Dach,,,,,,
Israel-Spiel,,,,,,
Bürgergeld für Kriegsflüchtl…,,,,,,
Moskauer Gericht,,,,,,
sozialistischen Republik,,,,,,
Interfax am Mittwochabend,,,,,,
Energieverbrauchs der Schweiz,,,,,,
Industr…,,,,,,
Schlupflöcher,,,,,,
Online-Marktplatz,,,,,,
Fidschi,,,,,,
Luxusauto,,,,,,
Wimpeln,,,,,,
Putin-Überlegungen,,,,,,
Sparpläne im Etat,,,,,,
Sberbank,,,,,,
Selydowe Behördenangaben,,,,,,
Kaspersky,,,,,,
Waffen-Konzern,,,,,,
ka…,,,,,,
Laage,,,,,,
Elden Ring,,,,,,
Gruppenplatz,,,,,,
Spielminute,,,,,,
Oberste Gericht der USA,,,,,,
Marine le Pen,,,,,,
Volksrepublik überha…,,,,,,
Hattersheim,,,,,,
Stadion der Träume,,,,,,
Milchstraße,,,,,,
Kreis Heinsberg,,,,,,
Stunden am Tag die Waffen schweigen,,,,,,
Deutschl…,,,,,,
Terror-Verdacht,,,,,,
Geiselnahme,,,,,,
Stettin,,,,,,
Klima-Risikos,,,,,,
Wirtz,,,,,,
Ukraine-Flüchtlinge,,,,,,
Russischer Raspberry-Pi-Konkurrent,,,,,,
Pjönjang,,,,,,
Analogien,,,,,,
Girondins,,,,,,
Kapuzenpullover,,,,,,
Andalusien,,,,,,
Bürgergeld für ukrainische Flüchtlinge,,,,,,
Asow,,,,,,
Sexual-Straftäter,,,,,,
Nö,,,,,,
Holzem,,,,,,
Land jense…,,,,,,
Ruidoso,,,,,,
Sü…,,,,,,
Tizian,,,,,,
Gemäldes,,,,,,
Kampfmittel-Entsorgung,,,,,,
Sungrow,,,,,,
Börsenwert,,,,,,
Solarkonzern,,,,,,
Vizepräsident Schlegel,,,,,,
Dramatische Stunden in Bolivien,,,,,,
Land in,,,,,,
Arcona,,,,,,
Hauptverdächtiger,,,,,,
Pokémon,,,,,,
Palworld,,,,,,
Atom-Anlage,,,,,,
Möbelhaus,,,,,,
Prügelattacke,,,,,,
Obdachlosenhilfe,,,,,,
Schlank-Trend,,,,,,
Wunderwaffe,,,,,,
Kichererbsen,,,,,,
Motiv,,,,,,
Tathintergrund,,,,,,
Bahnhof der Künste,,,,,,
Iwanowo,,,,,,
Brotfabrik Nr. 5,,,,,,
Sotow-Zentrum,,,,,,
Landtages von Mecklenburg-Vorpommern,,,,,,
Berliner Gericht,,,,,,
Kaukasusrepublik Georgien,,,,,,
Ingelheim,,,,,,
Schloss Westerhaus,,,,,,
Kraftwerk Burschtyn,,,,,,
Ex-Bundesliga-Trainer,,,,,,
Kenyas,,,,,,
Typs Shahed-136/Geranium-2,,,,,,
Nakuru,,,,,,
Großraum Kiew,,,,,,
Raihorodka,,,,,,
Kupyansky-Svatove,,,,,,
Arbeitsbremse,,,,,,
Wirtschaftsinstitute,,,,,,
Friedhof Porochowskoje,,,,,,
Messeständen,,,,,,
Kryptowährungen,,,,,,
Winees,,,,,,
Prokopenko w…,,,,,,
Thunderbird,,,,,,
Podgorica,,,,,,
Ukraine ei,,,,,,
Ukraineflüchtlingen,,,,,,
Rotes Oval Office,,,,,,
wurscht,,,,,,
Strasbourg,,,,,,
Deutschlands Gebäudebestand,,,,,,
GfK,,,,,,
Gorki-Park,,,,,,
Teamquartier,,,,,,
Marienfeld,,,,,,
Gen-Z-Proteste,,,,,,
Kenya,,,,,,
kenyanische Regierung,,,,,,
Preisabsprache,,,,,,
Friedenskonferenz,,,,,,
Clooney,,,,,,
Stadt Hameln,,,,,,
einsetz…,,,,,,
Wochenrückblick Singapur,,,,,,
Simbabwes,,,,,,
Sankt Petersburger Internationalen Wirtschaftsforums,,,,,,
Gebiet Charkiw,,,,,,
Vergewaltigungen,,,,,,
Stadt Kupiansk,,,,,,
Telegramkanal Crimean Wind,,,,,,
Millionen-Kampagne,,,,,,
Staatsfernsehen,,,,,,
Paris …,,,,,,
Waffen-Wende,,,,,,
Riesiger Russland-Krater,,,,,,
Nowosibirsk,,,,,,
Aufschub,,,,,,
Gegen-Demo,,,,,,
ka-news.de,,,,,,
Platz Kultorvet,,,,,,
Kopenhagener Altstadt,,,,,,
Strøget,,,,,,
Angriffe,,,,,,
russisch-kasachischen Grenze,,,,,,
Kfz-Klimaanlagen,,,,,,
Europawahlsonntag in der Frankfurter Paulskirche,,,,,,
SF-Abenteuer,,,,,,
Kampfpiloten,,,,,,
Export-Stopp,,,,,,
Warzone,,,,,,
Colleville-sur-Mer,,,,,,
NATO-Sturm,,,,,,
Expertengremium der Bundesregierung,,,,,,
Bremerhavener Alfred-…,,,,,,
unum…,,,,,,
Inflations-Blender,,,,,,
Raketenfrühwarnsystem,,,,,,
Berlin-Mahlsdorf,,,,,,
Mannheim-Angriff,,,,,,
Platz der Hamas-Geiseln,,,,,,
Rekordmenge,,,,,,
Solarfackeln,,,,,,
IkeeRuic,,,,,,
blassblaue Meer,,,,,,
Strandpromenade,,,,,,
Stadt glitzern,,,,,,
global,,,,,,
EU-Finanzminister,,,,,,
Geisterbahnhöfe,,,,,,
Batteriepläne,,,,,,
Hamas-Basis,,,,,,
Hosentasche,,,,,,
Lux,,,,,,
Leicas Kamera-App,,,,,,
Grenzgebieten,,,,,,
Janika,,,,,,
Hasselroth,,,,,,
Spielmodus,,,,,,
Maxima…,,,,,,
Riga/Berlin/Kiew,,,,,,
Sinus-Jugendstudie,,,,,,
Vereinigten Arabischen …,,,,,,
Aiwanger,,,,,,
Süditalien,,,,,,
Zinserträgen,,,,,,
Kreis Helmstedt,,,,,,
Landkreis Helmstedt,,,,,,
Charkiwer Zoo,,,,,,
Statistische Bundesamt am Freita…,,,,,,
Währungsfonds,,,,,,
Ost-,,,,,,
Grünen-Ministerium,,,,,,
Gipfel-Entwurf,,,,,,
zersiedeln,,,,,,
Ukraine-Koordination,,,,,,
Straussianer,,,,,,
Clay-Kaserne,,,,,,
Shandong,,,,,,
Ostseerat,,,,,,
Alexej Smirnow,,,,,,
Flughafen Zü…,,,,,,
Auslandskatastrophenfonds,,,,,,
nan Österreich,,,,,,
Molda…,,,,,,
Langenargen,,,,,,
Klima-Desinformation,,,,,,
Putins Dunstkreis,,,,,,
Wiederaufbaus des Landes,,,,,,
Gazprom-Konzern,,,,,,
Ryschiwka,,,,,,
LKA-Sammlung,,,,,,
Urlaubsländer,,,,,,
Norisbank,,,,,,
Oradour,,,,,,
Zentralfrankreich,,,,,,
SS-Panzergrenadierregiments,,,,,,
Panzerspähwagen,,,,,,
Fachmediums Finanz-Szene,,,,,,
Zuges,,,,,,
Hauptbahnhof Saarbrücken,,,,,,
Menschenhaar,,,,,,
Landes ge…,,,,,,
Waffenprozess,,,,,,
Delaware,,,,,,
Wilmington,,,,,,
Delaware…,,,,,,
Strafmaßes,,,,,,
Spotify,,,,,,
Premium-Abo,,,,,,
Hi-Fi-Audio,,,,,,
Russland-Pullen,,,,,,
Herzogenaurach …,,,,,,
Beziehungen,,,,,,
Bucht von Havanna,,,,,,
Klimarechner,,,,,,
Hofheim,,,,,,
Täters,,,,,,
Überfalls au…,,,,,,
Tag des Attentatsversuchs,,,,,,
Drogenhandels,,,,,,
Slidstwo,,,,,,
Rasthof Logebacht…,,,,,,
Brandursache,,,,,,
Frankfurt am Main m,,,,,,
tiefblauen Meer,,,,,,
Moçambique,,,,,,
Freitag gesproch…,,,,,,
Kohlenmonoxid-Risiken,,,,,,
Landkreis Unterallgäu,,,,,,
Wohnschirm,,,,,,
Russland/Litauen,,,,,,
Stadt Hofheim,,,,,,
Lebens…,,,,,,
Börsen-Roundtable,,,,,,
Dimka,,,,,,
Andrjucha,,,,,,
Strass…,,,,,,
Kurztest,,,,,,
Fußball-Transfermarkt,,,,,,
Kimmich,,,,,,
Zweitligaverein,,,,,,
Rosenheimer Bahnhof“,,,,,,
Kernkraftwerks Kosloduj,,,,,,
Orban-Reise,,,,,,
Krynki,,,,,,
GFZ,,,,,,
Geoforschungszentrum Potsdam,,,,,,
Riedstadt,,,,,,
New Jersey +++ Biden,,,,,,
Untersuchu…,,,,,,
Kampagnenfähigkeit,,,,,,
Gut-Böse-Rhetorik,,,,,,
Klimaproblems,,,,,,
Wasserstoff-Leitung,,,,,,
Mecklenburg-V…,,,,,,
Wohnungslosenzahlen,,,,,,
Notunterkünften,,,,,,
Einrichtungen,,,,,,
Berliner Bäkebrücke,,,,,,
Wirtschaft - Brasilien,,,,,,
Mord von Herrsching,,,,,,
Herrsching am Ammersee,,,,,,
moldauischen Grenze,,,,,,
Kamado Joe Kohlegrill,,,,,,
Südautobahn,,,,,,
Wöllersdorf,,,,,,
Bezirk Wr,,,,,,
Bezirk Wiener Neustadt,,,,,,
Milliarden-Betrug,,,,,,
Snapdragon,,,,,,
Krynky,,,,,,
Stuttgarter Oberlandesgericht,,,,,,
Duisburger Hafen Duisport,,,,,,
Frechen bei,,,,,,
Stephanskirchen,,,,,,
Stadt Heidelberg,,,,,,
Neu-Ulm,,,,,,
BILD,,,,,,
US-Stützpunkt,,,,,,
Oligarchen-Geld,,,,,,
Widersprüche,,,,,,
Leidwesen vo… Schlimm,,,,,,
Weltreisender,,,,,,
Flughafen-Blockierer,,,,,,
Herz-Kreislauf-System,,,,,,
Bisamberg,,,,,,
Bochumer Hauptbahnhof,,,,,,
Russland-Geldern,,,,,,
Kreml spr…,,,,,,
Argentiniern,,,,,,
Mordanklage,,,,,,
Hannover/Papenburg,,,,,,
Lemberger Soldatenfriedhof,,,,,,
Marsfeld,,,,,,
Berliner Schloss,,,,,,
Alter vo,,,,,,
Olympia-Start,,,,,,
Naturschutzgebieten,,,,,,
Tourismusforscher,,,,,,
Gärtchendenken,,,,,,
Berner Inselspital,,,,,,
Beratungsgese…,,,,,,
Straßmaß,,,,,,
Jamal-Halbinsel,,,,,,
Polit-Mord,,,,,,
Klimaaktion,,,,,,
Hohe Prämie,,,,,,
Hauptstadt-Bewohner,,,,,,
Iwano-Darjiwka,,,,,,
FDP-geführte Bundesfinanzministerium,,,,,,
BayWa-Krise,,,,,,
Kurkow,,,,,,
Malaja Starogradowka,,,,,,
Lenin,,,,,,
Nationaldichter,,,,,,
rau,,,,,,
Baltic Taucher II,,,,,,
Stadt Moskau,,,,,,
Lefortowo,,,,,,
Kriegszielen,,,,,,
Kreml kühl,,,,,,
Zeitpun…,,,,,,
Hauptstadtmedien,,,,,,
Flugver…,,,,,,
Republik Armenien,,,,,,
Militärkreise,,,,,,
Hyperaggressiver Machthaber,,,,,,
Huthi-Guerilla,,,,,,
Streuobst-Genussschein,,,,,,
Hecken-Scheck,,,,,,
Asowschem Meer,,,,,,
Vorzeigeunternehmen,,,,,,
US-Reise,,,,,,
Ohr,,,,,,
VPN-Apps,,,,,,
Erdreich,,,,,,
Sole-Wasser-Wärmepumpen,,,,,,
Bahnhof Pa…,,,,,,
Gefängniskrankenhaus,,,,,,
Gefängnis-Klinik,,,,,,
Lenkbomben-Angriff,,,,,,
Kotowsk in,,,,,,
Sprecher Moosdorf,,,,,,
Vorkrisen-Niveau,,,,,,
Nullsummenspiels,,,,,,
Zusammenfalt-Funktion,,,,,,
Lammy,,,,,,
Artilleriegeschützen,,,,,,
Minensuchern,,,,,,
Panzerabwehrlenkwaffen,,,,,,
Washington am Mittwoch,,,,,,
Oleh Synjehubow,,,,,,
Pishchany,,,,,,
Yevgenivka,,,,,,
Severnoy,,,,,,
Diamond-League-Meeting,,,,,,
Le Pens Rassemblement National,,,,,,
Nowo-Ogarjewo,,,,,,
Münchner Ifo,,,,,,
Montagfrüh,,,,,,
Moers am Niederrhein,,,,,,
Fahn…,,,,,,
Deutschlands Millionenstädte,,,,,,
Onlineshops,,,,,,
Ostwestfalen-Lippe,,,,,,
Lachnummer,,,,,,
wurlt,,,,,,
Badetouristen,,,,,,
Wilnjansk,,,,,,
Rekord-Kurs,,,,,,
arabische Staaten,,,,,,
Daseinsvorsorge,,,,,,
Bahnhof Lauf,,,,,,
Pegnitz,,,,,,
Konzerndach,,,,,,
Arnsberger Wald,,,,,,
Stichentscheid,,,,,,
Störern,,,,,,
Heidelberger Queer-Festival,,,,,,
Statistische Bundesamt auf Ba…,,,,,,
Erwachsenenstrafrecht,,,,,,
Amtsgericht Tiergarten verurteil,,,,,,
Flugplatz Myrhorod,,,,,,
Kiew gere…,,,,,,
dpa/sn,,,,,,
Pflegekollaps,,,,,,
Klimawandel-Versager,,,,,,
Unpünktliche Bahnen,,,,,,
Vorf…,,,,,,
Premium-Features,,,,,,
Linke-Ministerpräsident,,,,,,
Urozhaine,,,,,,
Landkreis Zwickau,,,,,,
Nato-Jubiläumsgipfel,,,,,,
Nato-Erklärung,,,,,,
Bundesrepublik Langstreckenwaffen stationi…,,,,,,
russisches Territorium z,,,,,,
Kamp…,,,,,,
Pepsi,,,,,,
Heimmarkt,,,,,,
Bewohnern,,,,,,
hohen Energieverbrauchs,,,,,,
US-Langstrecken,,,,,,
Klima-Urteile,,,,,,
Gletschersee,,,,,,
Hausdächern,,,,,,
Thüringer Verfassungsschutzes,,,,,,
Salt Lake…,,,,,,
Russische Drohne,,,,,,
Preis-Alarm,,,,,,
Hamburg-Langenbek,,,,,,
Preis-Knall,,,,,,
Berli…,,,,,,
Sicherheitsexperte,,,,,,
gal…,,,,,,
Palästinensergebiets,,,,,,
Putin-Versprecher,,,,,,
Nowootscheretuwate,,,,,,
Steuerklassen,,,,,,
Meerane,,,,,,
Kinderspital Ochmatdit,,,,,,
Rekordablöse,,,,,,
Deutschlandticket,,,,,,
Provinz Utrecht,,,,,,
Wartens,,,,,,
Missgunst,,,,,,
​.,,,,,,
Wehrdienstmodell,,,,,,
Ochmatdyt-Kinderklinik,,,,,,
Meilers,,,,,,
Linke-Gruppe,,,,,,
S-Bahnhof Ostkreuz,,,,,,
Brüssel/Washington,,,,,,
Kiews Innenstadt,,,,,,
Morgenhimmel herabstößt,,,,,,
Abassan,,,,,,
­Inders,,,,,,
Anti-Putin-Gipfel,,,,,,
Jasnobrodiwka,,,,,,
Singa,,,,,,
Kassala,,,,,,
Pilanesberg,,,,,,
waffenfähig,,,,,,
Kleve,,,,,,
Ukraine-Hauptquartier,,,,,,
FU-Student,,,,,,
Daniela,,,,,,
Patriot-Einsatz,,,,,,
Waffen-Beschränkungen,,,,,,
Softair-Pistolen,,,,,,
Beton,,,,,,
Pannen,,,,,,
AKW Cattenom,,,,,,
Hooligans,,,,,,
Weil Mais,,,,,,
Parks Sanssouci,,,,,,
Königreich Myrtana,,,,,,
Institutionen,,,,,,
Bucht von San Diego,,,,,,
Westen Russland,,,,,,
Lindner-Linie,,,,,,
Thüringer Landesverbands,,,,,,
Wiesensteig,,,,,,
Großen Preis in Hagen,,,,,,
Favoritenstraße,,,,,,
T.W,,,,,,
Teutoburger Wald,,,,,,
Lilienthal,,,,,,
Wittstocker,,,,,,
Wittstock/Dosse,,,,,,
Ostprignitz-Ruppin,,,,,,
Spreebogenpark,,,,,,
Regierungsviertel,,,,,,
Bundeswehr-Soldat,,,,,,
Klimaschutzgründen,,,,,,
Murnau am Staffelsee,,,,,,
Kernenergie,,,,,,
Theater Marl,,,,,,
Immense Wohnkostenlücke,,,,,,
Regenfluten,,,,,,
China-Trick,,,,,,
De-facto-Zensur,,,,,,
ukrainische Medium Suspilne,,,,,,
Mileis Rosskur,,,,,,
Claudio,,,,,,
Russinnen,,,,,,
Saxon,,,,,,
Mutterland,,,,,,
Drohnen-Schulunterricht,,,,,,
Gasanlagen,,,,,,
Motorenw,,,,,,
Sommer-Comeback,,,,,,
Hochgeschwindig…,,,,,,
Atommeilers Grafenrheinfeld,,,,,,
Portal Politico,,,,,,
Kiew Luftabwehrsysteme,,,,,,
Blüte,,,,,,
Solar,,,,,,
unglaubli…,,,,,,
Atacms,,,,,,
Russische Regierung,,,,,,
Regierungsvertreter Russlands,,,,,,
Industriepark Schwarze Pumpe,,,,,,
Regierungsbündnisses,,,,,,
Wirtschaftsprüferkammer,,,,,,
Gehirn,,,,,,
Kiew Militärs,,,,,,
SA-Parolen,,,,,,
Pipi,,,,,,
Asbest,,,,,,
Deutschen Theater,,,,,,
Zür…,,,,,,
Tbilissi,,,,,,
Dixon,,,,,,
World-Wide-Player,,,,,,
Außenamt,,,,,,
Marmoush,,,,,,
Ekitiké,,,,,,
Cameron,,,,,,
Essens,,,,,,
Stadt Essen,,,,,,
Viessmann-Heizungsgeschäfts,,,,,,
indischen Regierung,,,,,,
Lokalwahlen,,,,,,
Heizungshersteller,,,,,,
Rausch,,,,,,
Apathie,,,,,,
Oberhause…,,,,,,
Corona-Lockdown,,,,,,
Aargauer,,,,,,
Bezirk Odessa,,,,,,
Christ-Erlöser-Kathedrale,,,,,,
Mega-Razzia,,,,,,
Messer-Razzia,,,,,,
Paris/Peking,,,,,,
Chemiewaffe,,,,,,
Blindgänger,,,,,,
Semeniwka,,,,,,
Museums für Buch und Druck,,,,,,
Bombenterror,,,,,,
GPS-Signal,,,,,,
Flughafen Schwechat,,,,,,
Osteuropa-Karte,,,,,,
Awdijiwka Russland,,,,,,
"Awdijiwka
",,,,,,
Handykamera,,,,,,
Donbassgebiet US-Militärexperten,,,,,,
Hertha-Boss,,,,,,
Land Thüringen,,,,,,
Grunderwerbssteuer,,,,,,
Schmidtstraße,,,,,,
Slo…,,,,,,
Eispackungen,,,,,,
Plastikdosen,,,,,,
Oh dear,,,,,,
London Foto,,,,,,
Europa-League-Hinspiel,,,,,,
Suizidgedanken,,,,,,
Poltava,,,,,,
St. Ingbert -,,,,,,
Reiches Land,,,,,,
Bundesrechnungshofes,,,,,,
Psycho…,,,,,,
Chemiewaffen,,,,,,
Ostseeraum von Problemen,,,,,,
Stör-Verdacht,,,,,,
Waffenversprechen,,,,,,
Weißenstein,,,,,,
Zusammenflusses von,,,,,,
Jangtse,,,,,,
Jialing,,,,,,
Verkehrsrowdys,,,,,,
Azteken-Hauptstadt,,,,,,
Hamburg-Winterhude,,,,,,
Brennelemente,,,,,,
Leim gehen…,,,,,,
Trypilska,,,,,,
Wang,,,,,,
Moderatorin,,,,,,
Landespolizeidirektion,,,,,,
Destino,,,,,,
Ausschreitungen,,,,,,
Staredown-Contest,,,,,,
Hamara,,,,,,
Avocado-Import,,,,,,
Pankower Viertel,,,,,,
Dieselloks,,,,,,
Eishockey-Finale,,,,,,
Handball-Szene,,,,,,
­Fälle,,,,,,
Windows-Malware,,,,,,
Sahel-Staat Niger,,,,,,
Achterbahn,,,,,,
Uferpromenade,,,,,,
IZH,,,,,,
St. Petersburger Zeit,,,,,,
Teheraner,,,,,,
westafrikanische Land,,,,,,
Siemens Gamesa,,,,,,
Windrad,,,,,,
Musikstreamingabo Tidal,,,,,,
Marsalek-Skandal,,,,,,
Güterbahnhof bei,,,,,,
Grünen-Europapolitiker,,,,,,
Rangierbahnhof,,,,,,
Blackrock,,,,,,
Repräsentanz,,,,,,
Uckermarker,,,,,,
Uckermarker Kreistags,,,,,,
Straßburger Klima-Urteil,,,,,,
Autokauf,,,,,,
südrussische Stadt,,,,,,
anpassungswillig,,,,,,
Matter-Unterstützung,,,,,,
Drohnen-Krieg,,,,,,
Iran-Reaktionen,,,,,,
Nevatim,,,,,,
berich…,,,,,,
US-Drängen,,,,,,
Landesverbandes der jüdischen Gemeinden,,,,,,
Zechlin,,,,,,
Aufreger-Debatte,,,,,,
Geldwerts,,,,,,
Röhrenjeans,,,,,,
Insi…,,,,,,
Tesla-Webseite,,,,,,
Gasnetz-Rückbau,,,,,,
Souffelweyersheim be…,,,,,,
US-Informanten,,,,,,
Kolham,,,,,,
USA Platz,,,,,,
Awdijiwkas,,,,,,
Sittensen,,,,,,
Bitcoins,,,,,,
Biomasseheizwerks Weißenstein,,,,,,
S. Hesse,,,,,,
Kansas C…,,,,,,
Hamals-Auslandschef,,,,,,
Herdentor,,,,,,
Börsengewinne,,,,,,
Stop-Loss-Order,,,,,,
China-Geschäften,,,,,,
Landkreis Börde“,,,,,,
Eichenbarleben,,,,,,
Kärntens,,,,,,
Lavanttal,,,,,,
Lower Delmas ve…,,,,,,
Iphofen,,,,,,
Justizvollzugsanstalt Aichach,,,,,,
Lohr am Main,,,,,,
Krah-Mitarbeiter,,,,,,
Te…,,,,,,
Tesla-App,,,,,,
Handy-Geschäfte,,,,,,
Hohenlohekreis,,,,,,
jüdischen Staat,,,,,,
Sechseläuten-Umzugs,,,,,,
Niederdorf,,,,,,
Klagenfurt v…,,,,,,
Raberhof,,,,,,
Kloster Dadiwank,,,,,,
Schweif,,,,,,
Internet-Sender Dazn,,,,,,
Deutschlandticket-Preis,,,,,,
Forschungsausgaben,,,,,,
Bad-Säckingen,,,,,,
Kreis Waldshut,,,,,,
ge…,,,,,,
Goldrausch,,,,,,
Wallonne,,,,,,
Rekordumsätze,,,,,,
Konsolidierungswelle,,,,,,
TV-Sendung,,,,,,
Paläs…,,,,,,
Rüstungsbranche,,,,,,
Rudolph,,,,,,
Kiew Deutschlands,,,,,,
No Putin,,,,,,
No War,,,,,,
Habeck-Besuch,,,,,,
Favoriten,,,,,,
Donezk +++ Russland,,,,,,
Berg Bürgenstock,,,,,,
S-Bahnstation Reeperbahn,,,,,,
Poco,,,,,,
Düsseldorf entsch…,,,,,,
Zielen,,,,,,
passé,,,,,,
Lohn-Preis-Spiralen,,,,,,
Rhakine-Region,,,,,,
Himmelfahrtstag,,,,,,
Stadt Darmstadt,,,,,,
Russlands Charkiw-Offensive,,,,,,
Hallbergmoos,,,,,,
Russland-Irrtum,,,,,,
S-Bahnhof Trept…,,,,,,
Finanz-Coach,,,,,,
SPD-Mann,,,,,,
Oberlandesgericht,,,,,,
Systems Milei,,,,,,
Luna-Park,,,,,,
Event-Arena,,,,,,
Kunstforum Ostdeutsche Galerie,,,,,,
Thermometer minus 20 Grad,,,,,,
Kampen,,,,,,
Rasen-Flucht,,,,,,
Energie -,,,,,,
Republik Usbekistan,,,,,,
Taschkent kü…,,,,,,
Büdinger,,,,,,
Bundesrepublik Klimaschutz,,,,,,
Wissenschafts-Podcast,,,,,,
Bluthänden,,,,,,
Palästinas,,,,,,
Südhälfte t…,,,,,,
Internationale Seegerichtshof,,,,,,
Geldwäschemeldungen,,,,,,
Office-365-Komponenten,,,,,,
Land Antidemokraten,,,,,,
Internationalen Seegerichtshof,,,,,,
Industrienationen,,,,,,
Donezk +++,,,,,,
Bundesinnenministerium,,,,,,
Automaten,,,,,,
Charkiw Ukraine,,,,,,
"Charkiw
",,,,,,
russische Inseln,,,,,,
Universität Oldenburg,,,,,,
Nuklearmanöver,,,,,,
Anrainern,,,,,,
Anti-Satelliten-Waffe,,,,,,
Recherchestelle,,,,,,
Landgericht Kiel,,,,,,
Generalkonsul…,,,,,,
Worbis,,,,,,
Tschetschenischer,,,,,,
Chipperfield-Neubau,,,,,,
Bührle-Sammlung,,,,,,
Bührle,,,,,,
Calbach,,,,,,
Friedberg-Bauernheim,,,,,,
Nidda-Geiß-Nidda,,,,,,
Unbekannt</li><li,,,,,,
Traubenernte,,,,,,
Schnellladestationen,,,,,,
Kottbusser Tor Foto,,,,,,
Hightech-Ansiedlungen,,,,,,
Außenministeriums am Freitag,,,,,,
Peki…,,,,,,
Platz für…,,,,,,
Elgato,,,,,,
Impfnebenwirkungen,,,,,,
China-Reisen,,,,,,
Soldatenleichen,,,,,,
West-Waffen,,,,,,
Umweg China,,,,,,
Wirtschaftsboom,,,,,,
Friedens-Gipfel,,,,,,
Teiln…,,,,,,
Myrnohrad,,,,,,
Bürgenstock,,,,,,
St. Petersburger Schiedsgericht,,,,,,
Unions-Verteidigungspolitiker,,,,,,
SONNTAG,,,,,,
Afghanisten,,,,,,
Mieter*innen,,,,,,
Aalen,,,,,,
Info-Stände,,,,,,
Philadelphi-Korridor,,,,,,
Bezahldienstes Paypal,,,,,,
Gerichtshof,,,,,,
Herr Rahmstorf,,,,,,
Belga,,,,,,
Niederlande…,,,,,,
Ziel-Freigabe,,,,,,
Umerow,,,,,,
New York/Tel Aviv/Gaza  ,,,,,,
Trade Republic,,,,,,
Sum…,,,,,,
Girokontos,,,,,,
Reaktion Israels,,,,,,
Terrorattacke,,,,,,
Pflanzenöl,,,,,,
Süd-Gaza,,,,,,
Münster Foto,,,,,,
Uber,,,,,,
Belalp-Blatten,,,,,,
Ferienwohnungen,,,,,,
Rafah am Sonntagabend,,,,,,
Rafah-Krise,,,,,,
Demenz,,,,,,
Migräne,,,,,,
Abnehmen,,,,,,
Eisige Wunderkur,,,,,,
Hyundai-Tochter Genesis,,,,,,
Deutschland CO₂-neutral,,,,,,
Cyber-Dieben,,,,,,
Partei-Chefs,,,,,,
Palacio de Vistalegre,,,,,,
Madrider,,,,,,
Ländern am Dienstagabend,,,,,,
Dagobertshausen,,,,,,
Papiers,,,,,,
Rostock-Warnemünde,,,,,,
Caterpillar-Standort,,,,,,
Neptunwerft,,,,,,
Rückschlägen,,,,,,
Russlands Drohgebärden,,,,,,
Immenstadt,,,,,,
Hitler-Deutschland,,,,,,
Ruslland,,,,,,
Guinea-Bissau,,,,,,
Laos,,,,,,
Kloster,,,,,,
Staatsgeheimnissen,,,,,,
Antifaschistische Aktionsbündnis Stuttgart,,,,,,
Sergej,,,,,,
Biebertal,,,,,,
Canoas,,,,,,
Rio …,,,,,,
Angriffsziel,,,,,,
Starlink-Internet-Terminals,,,,,,
Staatsagentur …,,,,,,
Ukraine-Friedenskonferenz,,,,,,
Ire,,,,,,
Renten-Debatte,,,,,,
Rentenpaket,,,,,,
Xinhua,,,,,,
Euro-Bereich,,,,,,
Sichuan,,,,,,
Militärstützpunkts,,,,,,
Geisel-Deal,,,,,,
Penzing,,,,,,
Ecke-Angriff,,,,,,
Saskia Esken,,,,,,
Plau am See,,,,,,
Nachahmern,,,,,,
Kreml-Machthaber,,,,,,
Handelsfragen,,,,,,
Sonntagnachmittag,,,,,,
Gasriese,,,,,,
Corona-Boom,,,,,,
Themse,,,,,,
Trubel,,,,,,
Covent Garden,,,,,,
Bjelica,,,,,,
Trainerfrage,,,,,,
Scharmützelsee,,,,,,
Streaming-Marktführer,,,,,,
Berliner Hungerstreiks,,,,,,
Vergle…,,,,,,
Cyberangriffen,,,,,,
Leyen China,,,,,,
Reinigungsmuffel,,,,,,
Ecken,,,,,,
Rüdiger,,,,,,
Charkiw Gegenangriffe aus+++,,,,,,
Golf-Größe,,,,,,
Auslandsreisen,,,,,,
Santa Clara,,,,,,
Karten-Preise,,,,,,
Klima-Klagen,,,,,,
Urteils,,,,,,
Brautmodenhersteller,,,,,,
Liveblog Deutschlands Export,,,,,,
Pekings Tropf,,,,,,
Partnersuche,,,,,,
Dating-Apps,,,,,,
Stadt Rouen,,,,,,
Alten Land,,,,,,
US-Regeln,,,,,,
Robert-Blum-Preises,,,,,,
New York festgenomm…,,,,,,
US-Waffenlobby,,,,,,
Wahlkampf,,,,,,
Profiboxer Olexander Ussyk,,,,,,
Sowjet-Diktator Stalin,,,,,,
Boxens,,,,,,
Sky,,,,,,
Kredi…,,,,,,
Box-Showdown,,,,,,
Meinungsforschungsinstituts Insa Einsparpotenzial,,,,,,
Hinterzimmern,,,,,,
Basler,,,,,,
Millioneninvestitionen,,,,,,
Makedonien,,,,,,
Sorokyne,,,,,,
Mazedonien,,,,,,
Fahrzeugs,,,,,,
Uhldingen-Mühlhofen,,,,,,
MMA-Star,,,,,,
Allnet-Flat,,,,,,
Lech Walesa,,,,,,
Rüstungsboom,,,,,,
Frankfurter Landgerichts,,,,,,
Strom-Notabschaltungen,,,,,,
Charki…,,,,,,
Proletarskij-Bezirk,,,,,,
Diplomatenangaben,,,,,,
Innsbrucker Kommunalbetriebe,,,,,,
Innsbrucker Innenstadt,,,,,,
Schulze kriegt,,,,,,
Balkoneinsturz,,,,,,
Callya,,,,,,
Endspurt zum…,,,,,,
Landes an der Kita-Finanzierung,,,,,,
Wohnungsbrand,,,,,,
Onlineelektronikhändler Coolblue,,,,,,
Kaiserstraße,,,,,,
Wetterleser,,,,,,
Rettungspiloten,,,,,,
Provinzen,,,,,,
Republik Nordmazedonien,,,,,,
Luftdruckpistolen,,,,,,
Golan,,,,,,
Kostiantynivka,,,,,,
Frankfurt am Eisernen Steg am Main,,,,,,
Schengen-Zone,,,,,,
Staatsoper Berlin,,,,,,
Haus Unter den Linden,,,,,,
Grundwassernetzes,,,,,,
Bozner Platzes,,,,,,
Grundwasserentnahme,,,,,,
Zuversicht,,,,,,
Referendum,,,,,,
Physik-Nobelpreisträger,,,,,,
Klimasünder,,,,,,
Kohlendioxidgehalt,,,,,,
Ampelparteien,,,,,,
Menschenmengen,,,,,,
Damen-Steppjacke,,,,,,
Proteinstrukturen,,,,,,
Chipnachfrage,,,,,,
Ukraine-Gipfels,,,,,,
EU-Haushalt,,,,,,
Europäische Finanzen,,,,,,
Wirbelstürmen,,,,,,
Milton,,,,,,
Mikro,,,,,,
Pinakothek der Moderne,,,,,,
Nordisrael,,,,,,
Dörfchen,,,,,,
fli…,,,,,,
Schelanne Druhe,,,,,,
dpa/mv,,,,,,
Copter,,,,,,
Bombenangriffe,,,,,,
Hebron,,,,,,
Botschaftsgebäu…,,,,,,
Hofer Innenstadt,,,,,,
Militärflughafen Borissoglebsk,,,,,,
Hauptbahnhofs Halle,,,,,,
Mark Rutte,,,,,,
Grünen-Vorstands,,,,,,
Welse,,,,,,
Rosensee,,,,,,
Uranus,,,,,,
Saturns,,,,,,
Asteroidentrümmern,,,,,,
Rostocker Seehafen,,,,,,
Grenzübergan…,,,,,,
Ost-Bundesländern,,,,,,
Bundesligavorschau,,,,,,
Frankfurt gegen Bayern,,,,,,
Shimon-Peres-Preis,,,,,,
Link Bridge,,,,,,
Norweg…,,,,,,
Done…,,,,,,
Kriegsverherrlicher,,,,,,
Krepierens,,,,,,
Friedensdemonstration,,,,,,
Neujahrsfest,,,,,,
Hinblic…,,,,,,
Ukraine-Talk bei Illner,,,,,,
Haus zerstö…,,,,,,
Helene Klaar,,,,,,
Luxem…,,,,,,
Rummenigge,,,,,,
Hurrikan Helene,,,,,,
Überproduktion,,,,,,
Nachfrageschwäche,,,,,,
Kriegsfotografie,,,,,,
Adlerträger,,,,,,
San P…,,,,,,
Al-Aksa-Krankenhauses,,,,,,
Gesamtmetall-Chef,,,,,,
Stützpunkte de,,,,,,
Nordkoreanern,,,,,,
US-Kampfflugzeugen,,,,,,
Deutsche Finanzvorstände,,,,,,
Siegesplans,,,,,,
Bad Sülze,,,,,,
Land Israel,,,,,,
Bohrplatz,,,,,,
Wiesen,,,,,,
Ebling,,,,,,
Ausschusses,,,,,,
Kreisel,,,,,,
Wohngegenden,,,,,,
Kühlregals,,,,,,
CO2-neutral,,,,,,
Kleinkindphase,,,,,,
Hauptbahnhof Hannover - Bundespolizei,,,,,,
Ölivenöl,,,,,,
bedrohli…,,,,,,
Kälte-Keule,,,,,,
Bibber-Keller,,,,,,
Antimi,,,,,,
Schriftstellern,,,,,,
Bergamt Südbayern,,,,,,
jgfoto,,,,,,
stock.adobe.com Haselünne,,,,,,
Nordgaza,,,,,,
Siegesplan,,,,,,
Puck,,,,,,
Fahrzeugen,,,,,,
Linsengericht,,,,,,
Gasnetzgebühren,,,,,,
Selenskyj-Ansprache,,,,,,
Audi-Cockpit,,,,,,
Touran,,,,,,
Stadt Binjamina,,,,,,
Trump-Auftritt,,,,,,
Atomwaffen-Ernstfall,,,,,,
Signicat,,,,,,
Lederjacke,,,,,,
Wollmütze,,,,,,
Dreiviertelhose,,,,,,
Kriterien,,,,,,
Kunstmuseum Kloster,,,,,,
Landkr…,,,,,,
Landkreises Meißen,,,,,,
Libanon von Toten,,,,,,
Lianyungang,,,,,,
Landes Sachsen,,,,,,
Südamerikas la…,,,,,,
Herbsthimmel,,,,,,
Oberlausitzer Heide- und Te,,,,,,
Öl-Embargo,,,,,,
Legosteinen,,,,,,
Ukraine von …,,,,,,
China-Russland-Achse,,,,,,
Bezirksklinikum Mainkofen,,,,,,
Wugledars,,,,,,
Fluchtwelle Land,,,,,,
Angola,,,,,,
New Yor…,,,,,,
Schweriner Schloss,,,,,,
Puma Allwetterjacke,,,,,,
Hitzevorsorge,,,,,,
Gesundheitsministerium,,,,,,
Borssele,,,,,,
Münchne…,,,,,,
Stadt Dortmund,,,,,,
Wintermänteln,,,,,,
Mützen,,,,,,
(...)…,,,,,,
Heiße Ware,,,,,,
Nuklearwaff…,,,,,,
Landgericht Dresden,,,,,,
Atomkraftwerke,,,,,,
Raketendeals,,,,,,
Monteras,,,,,,
Erdgas-Deal,,,,,,
Regierungsvertretern,,,,,,
Mitarbeitern de…,,,,,,
Kiew Milliardenhilfen,,,,,,
Magdeburg sol,,,,,,
Hizbullah-Kadern,,,,,,
Fridays for Future,,,,,,
Moskau re,,,,,,
Rekordhitze,,,,,,
Cybertruck,,,,,,
NZZ am Sonntag,,,,,,
Oleh S…,,,,,,
Meppen,,,,,,
Luxusmode,,,,,,
Samstagabend d…,,,,,,
New York …,,,,,,
Tierabwehrspray,,,,,,
Str…,,,,,,
Bebelplatz,,,,,,
Inka,,,,,,
Schwindelerregendes,,,,,,
Perus,,,,,,
Steinmauern,,,,,,
Machu Picchu,,,,,,
Cusco,,,,,,
Sankt Petersburger,,,,,,
Hochspannungsturm,,,,,,
Iskander-K-Marschflugkörper,,,,,,
Ratcliffe-on-Soar,,,,,,
Nasrallahs,,,,,,
Libanon bombt Israel,,,,,,
Washi…,,,,,,
Einzelfällen,,,,,,
Dual-Band-WLAN,,,,,,
Zwickauer,,,,,,
Wikileaks-Gründer,,,,,,
Drei-Monats-Hoch,,,,,,
MV-Finanzen,,,,,,
Berliner Albrechtstraße,,,,,,
Gas-,,,,,,
Küstenmetropole Tel Aviv,,,,,,
Klimapolitik …,,,,,,
Krisenpodcast,,,,,,
Apparat,,,,,,
Döbeln,,,,,,
Mittwoch Gebäude,,,,,,
Strassenrand,,,,,,
Deckung,,,,,,
Stadt Wuhledar,,,,,,
Landgericht Ulm“,,,,,,
Künzelsau-Gaisbach,,,,,,
Tel Aviv rek,,,,,,
Charkiws“,,,,,,
Saltiwka,,,,,,
Brombeer-Saison,,,,,,
Preispläne,,,,,,
viertwichtigstes Kaufkriterium,,,,,,
Statistische Bundesamt i…,,,,,,
New York Israel,,,,,,
Georgischen Traums,,,,,,
Klimademos,,,,,,
Bluetooth-Kopfhörern,,,,,,
Wuppertaler,,,,,,
Friedensgespräche zu Russlands,,,,,,
Stadt Kolomna,,,,,,
Habseligkeiten,,,,,,
Thüringer Weidefleisch,,,,,,
Bergkreishof Ökologischer Landbau,,,,,,
Erfurt-Ermstedt,,,,,,
Biohof Bärwolf,,,,,,
Klettbach,,,,,,
Wilhelmsburg vergew…,,,,,,
Referenden,,,,,,
Kältehilfe,,,,,,
Kernkraftwerke,,,,,,
Hindernisse,,,,,,
Berlin-Britz,,,,,,
Arktis ge…,,,,,,
Gazi Freitag,,,,,,
Erdbeben in Irans,,,,,,
Atesch,,,,,,
Bezirk Baschtanka,,,,,,
Oblast Mykolajiw,,,,,,
Hype,,,,,,
Blue Wave Damen Steppjacke Irina,,,,,,
Kursk-Vorstoß,,,,,,
Zwölf-Millionen-Stadt,,,,,,
Fatwa,,,,,,
Precht,,,,,,
Tundra,,,,,,
Klima-Kuh,,,,,,
Rüdiger Eichhorn,,,,,,
Ex-Bayer,,,,,,
Vinicius-Show,,,,,,
Bellingham-Premiere,,,,,,
Rodrygo,,,,,,
Militao,,,,,,
Gewühl,,,,,,
Klima-Taliban,,,,,,
Kazachiy,,,,,,
Hamas-Chef,,,,,,
Gagarin-Viertel,,,,,,
Institute for the Study of Wa…,,,,,,
Ampel-Chaos,,,,,,
Kim-Regimes,,,,,,
Landkreis Altenburger Land,,,,,,
Kryvyi Rih,,,,,,
D-Mark,,,,,,
Wohnwagen,,,,,,
Knaus-Tabbert,,,,,,
COP29,,,,,,
Obersten Gerichtshof der Niederlande Revision,,,,,,
Klimaprozess,,,,,,
Bodenseestadt,,,,,,
Telekommunikation,,,,,,
Klingen,,,,,,
Berlin-Neu-Hohenschönhausen,,,,,,
Proeuropäer,,,,,,
Westkurs,,,,,,
Schlägerei,,,,,,
Pforzheimer Hauptbahnhof,,,,,,
Stoianoglu,,,,,,
Palästinenserhilfswerks,,,,,,
Herr Spahn,,,,,,
Australierin,,,,,,
Atuvos-Schlüsselfinder,,,,,,
Lindners Zoff-Papier,,,,,,
Bahrdorf,,,,,,
Autostadt,,,,,,
Tanja Catapano,,,,,,
Vereinigten Staaten s…,,,,,,
Siebert,,,,,,
Sobottka,,,,,,
Kernkraftwerks Grafenrheinfeld,,,,,,
Briefversand,,,,,,
Offshore-Windfarm,,,,,,
Nysted,,,,,,
Landkreis Wunsiedel hortete,,,,,,
NRW-Bürger,,,,,,
Große Windparks,,,,,,
Sozialversicherungen,,,,,,
Co-Fraktionschefin Katharina Dröge,,,,,,
Hai-Angriffen,,,,,,
Reiseunternehmen,,,,,,
Villa Vie Residences,,,,,,
Dubai-Tafeln,,,,,,
Wels,,,,,,
Wallern an der Trattnach,,,,,,
Bezirk Grieskirchen,,,,,,
Welser Eichenstraße,,,,,,
Gartenstadt,,,,,,
Vogelweide,,,,,,
Gasversorgung,,,,,,
Kötschach-Mauthe…,,,,,,
Babyboom,,,,,,
Nordseeküste,,,,,,
Bischofsmais,,,,,,
Kreis Regen,,,,,,
Chefdiplomat Gideon Saar,,,,,,
Alarmbereitschaft,,,,,,
Alarmbereitsch…,,,,,,
Lyon,,,,,,
Wolfsburg Volkswagen,,,,,,
hergehen,,,,,,
Osann-Monzel,,,,,,
Kreis Bernkastel-Wittlich,,,,,,
B42,,,,,,
Brüssel…,,,,,,
Massenabschiebungen,,,,,,
Ölbohrungen,,,,,,
Tag im Weißen Haus,,,,,,
Matteo,,,,,,
Lindt,,,,,,
Hizbullah-Waffenanlagen,,,,,,
OMV-Chef,,,,,,
Christburger Straße,,,,,,
Meeressäugern,,,,,,
Fotografie-Museum Fotografiska,,,,,,
Kriegsverbrechen im Gazastreifen,,,,,,
Vorfreude,,,,,,
Mattighofen,,,,,,
Krebsrisiko,,,,,,
Sparpläne,,,,,,
Schonlau,,,,,,
Hamburgs Abwehrboss Sebastian Schonlau,,,,,,
Schalke-Kracher,,,,,,
Krebs-Drama,,,,,,
Kraichgauern,,,,,,
Ilzers,,,,,,
Sealion,,,,,,
Emmenbrücke,,,,,,
Kanton Luzern,,,,,,
Öl-Staat,,,,,,
Flutkatastrophe in Valencia,,,,,,
Scholz-Anruf,,,,,,
Haidach,,,,,,
Umstands,,,,,,
Schnäppchen-Jagd,,,,,,
Strategiespiel-Genres,,,,,,
Gazprom-Lieferstopp,,,,,,
Bonuszahlungen,,,,,,
Konzern-Managements,,,,,,
Staatstheater Darmstadt,,,,,,
Gerichten,,,,,,
Beiruter Flughafen,,,,,,
Hisbollah-Einrichtungen,,,,,,
Libanon an…,,,,,,
Niedersächsischen Lingen,,,,,,
Trinity House,,,,,,
Spitzenpolitiker,,,,,,
G7-Demokratien,,,,,,
Angriffen,,,,,,
Beweismaterial,,,,,,
Überfällen,,,,,,
Zistersdorf,,,,,,
Gewaltsituationen,,,,,,
Bürgergeld-Bedingungen,,,,,,
Zwölf-Monats-Vergleich,,,,,,
Milliardenloch,,,,,,
Rumäniens Grenze,,,,,,
Bestechungsgelder,,,,,,
Kuracho…,,,,,,
US-Erkenntnissen,,,,,,
Ausbildungsstätten,,,,,,
Sozialverband,,,,,,
Denkmalschutzes,,,,,,
Schwarz-Weiß-Denken,,,,,,
Bürgerg…,,,,,,
Flughafen Pulkowo,,,,,,
d… Herr General,,,,,,
Berlin/Kasan,,,,,,
Nicole,,,,,,
Widerstandes,,,,,,
Führerscheins,,,,,,
Gaza-Waffenstillstand,,,,,,
Feldkrankenhaus,,,,,,
UN-Entwicklungsprogrammchef,,,,,,
Deloitte-Umfrage,,,,,,
Investitionskürzungen,,,,,,
Dniprop…,,,,,,
Premier Netanyahu,,,,,,
Caesar…,,,,,,
Ostrussland,,,,,,
Kasernen,,,,,,
Dnipropetro…,,,,,,
Land Moldau,,,,,,
Liv…,,,,,,
Klarstellung,,,,,,
Beirut wurd…,,,,,,
Mrndeni,,,,,,
Scheck,,,,,,
Silberlocken,,,,,,
Norris,,,,,,
Fernwärme-Monopol,,,,,,
Regierungsauftrag,,,,,,
Putin-Versteher,,,,,,
Landkreis,,,,,,
Sammelsurium der Absurditäten,,,,,,
sch…,,,,,,
Wasserstoff-Narrativ,,,,,,
Randale,,,,,,
Wirtschaftsgipfel,,,,,,
Bundesstaaten-Ebene,,,,,,
US-Kongresswahlen,,,,,,
Haus des Ehepaares,,,,,,
Gebietes Donezk +++ Massiver Drohnenangriff,,,,,,
Statistische Bundesamt mitt…,,,,,,
Supermarkt-Inflation,,,,,,
Kunsteisbahn,,,,,,
Hallenbad,,,,,,
Kunsteishallen,,,,,,
Partei,,,,,,
US-Helsinki-Kommission,,,,,,
Frontex-Einsatz,,,,,,
Frankfurter Bahnhofviertel,,,,,,
Frankfurter Bah…,,,,,,
Heizkörper-Thermostat,,,,,,
Apple-Kosmos,,,,,,
USA z,,,,,,
Netztarifen,,,,,,
Netztarife,,,,,,
Drogenszene,,,,,,
Tagen von Russland,,,,,,
Putinfreunden,,,,,,
Land Russland,,,,,,
Nordkorea w…,,,,,,
Geldautomaten-Sprenger,,,,,,
Kältebus Hamburg,,,,,,
Lindners Bürgergeld-Pläne,,,,,,
Dienstag Industriegrößen,,,,,,
Unfug,,,,,,
Polizeiinspektion Oberhavel,,,,,,
Neu-Ulm verantw…,,,,,,
Kurabgaben in d…,,,,,,
Bremser,,,,,,
Zeche,,,,,,
Rot-Weiß-Essen,,,,,,
Lemberger,,,,,,
Nordkoreanereinsatz,,,,,,
Salzstock Gorleben,,,,,,
Wendland,,,,,,
Mühlenbecker Land,,,,,,
Zukuryne,,,,,,
Russland ge…,,,,,,
Notstromabschaltungen,,,,,,
südkaukasische Land Georgien,,,,,,
Gemmrigheim,,,,,,
Kabelnetz,,,,,,
Insel Usedom,,,,,,
Anti-Atom-Organisationen,,,,,,
Wahlkampfprogramme,,,,,,
Wahl-Endspurt,,,,,,
USA-Podcast,,,,,,
Ladenbesitzer,,,,,,
abe…,,,,,,
Stadt Graz,,,,,,
Milliarden-Einnahmen,,,,,,
Kursk-Offensive,,,,,,
Mega-Manöver,,,,,,
US-Arbeitsministerium am Mittwoch,,,,,,
Sizilien im…,,,,,,
Wohnsitzlosen,,,,,,
abgeholzte Stück Wald,,,,,,
Ath…,,,,,,
Grünen-Kreisverband,,,,,,
Labour-Regierung,,,,,,
Mopeddiebstahl,,,,,,
Schkeuditz bei Leipzig,,,,,,
Freital,,,,,,
Nord-Stream,,,,,,
Marsa Alam,,,,,,
Vo…,,,,,,
Washington mitteil…,,,,,,
nan Ans Heizen,,,,,,
Israelische Regierung,,,,,,
Unesco-Weltkulturerbestätte,,,,,,
Gebiet e,,,,,,
Kursk-Kämpfe,,,,,,
Agrarbranche,,,,,,
Baywa-Krise,,,,,,
Oleg Deripaska,,,,,,
Emser Straße,,,,,,
Wärmepumpen-Desaster Heizungsbauer,,,,,,
Gewitterfront,,,,,,
Alarmstufe Rot - Mallorca,,,,,,
Rekorden,,,,,,
Palma de Mallorca,,,,,,
Gasstation,,,,,,
Gesundheitsvorsorge,,,,,,
Qi,,,,,,
Kurtschatow,,,,,,
Selenskyjs Büro,,,,,,
Bahnhof von,,,,,,
niederländischen Grenze,,,,,,
Wochenrückblick Es,,,,,,
"Kalifornier 
",,,,,,
Internetkontrolle,,,,,,
Grünen-Abgeordneter,,,,,,
Oblast Li…,,,,,,
Flughafens Dortmund,,,,,,
Nuklearwaffen Russlands,,,,,,
Agenten-Kinder,,,,,,
Nato-Panzern,,,,,,
Gebietes Kursk,,,,,,
Abbas,,,,,,
Seine,,,,,,
Lukasa,,,,,,
Südwestrussland,,,,,,
Zivilgebäude,,,,,,
Provinz Kursk,,,,,,
Bayeris…,,,,,,
Krasnaja Jaruga,,,,,,
Continental-Chef,,,,,,
Landgericht Bautzen,,,,,,
Bischofswer…,,,,,,
Jekaterinb…,,,,,,
Schutzmacht,,,,,,
Schutzmacht Russland,,,,,,
Haseloff,,,,,,
Kreis Soest)…,,,,,,
Bootsflüchtlingen,,,,,,
Kanarischen Inseln,,,,,,
Mocejón,,,,,,
Toledo,,,,,,
Tel Hashomer,,,,,,
West-Raketen,,,,,,
Finanzministerium Buchhalterdenken,,,,,,
Sicherhei…,,,,,,
italienischen Regierung,,,,,,
Montpellier,,,,,,
Frontignan,,,,,,
Département,,,,,,
Hérault,,,,,,
Obergrenzen,,,,,,
Selensky,,,,,,
Homs,,,,,,
Provinz Homs,,,,,,
Büroaufgaben,,,,,,
zusammenzustreichen,,,,,,
Nord-und Südkorea,,,,,,
Donezk-Region,,,,,,
Gebiet Kur…,,,,,,
Olivenöl-Krise,,,,,,
Dienstwagenprivileg,,,,,,
Möhnesee-Stockum,,,,,,
Groß-Parkplätzen,,,,,,
Nationalpark Wattenmeer,,,,,,
Gräfenrheinfeld,,,,,,
Nationalpark Wa,,,,,,
Bezirks Gluschkow,,,,,,
Todesursach…,,,,,,
Absender,,,,,,
Pipeline-Anschlag,,,,,,
Ermittlungen bergen für Berlin,,,,,,
Stadt Sudscha,,,,,,
Putin-Land,,,,,,
West-Russland,,,,,,
überra…,,,,,,
US-Botschafter,,,,,,
Atomkraftwerks Grafenrheinfeld,,,,,,
Haushaltskompromiss,,,,,,
Westbank,,,,,,
Dschit,,,,,,
Kal­ki…,,,,,,
Commerzbank,,,,,,
Oblast Donetzk,,,,,,
Portal Kyivindependent,,,,,,
Nabatieh,,,,,,
Liban…,,,,,,
Libanon ei…,,,,,,
Hilfszahlungen,,,,,,
Eisbrecher,,,,,,
"Akw 
Saporischschja",,,,,,
FPV)-Drohne,,,,,,
First-Person-View,,,,,,
Dnipro-Ufer,,,,,,
Amsterdamer H’ART Museum,,,,,,
Pariser Museums,,,,,,
LKA,,,,,,
Ukraine-Haus,,,,,,
Volia Space…,,,,,,
Shahed-Drohne,,,,,,
Maispreise,,,,,,
Koblevo,,,,,,
Waffendepot,,,,,,
Elektroauto Reichweite,,,,,,
Wettrüstens,,,,,,
Treuhand,,,,,,
Metalfans,,,,,,
Heavy-Metal-Fans,,,,,,
Wacken Fire…,,,,,,
Verwaltungsamt,,,,,,
Preisdruck bei Dienstleistungen,,,,,,
Millenials,,,,,,
Auslandsschulden,,,,,,
Rollbahn …,,,,,,
Flughafen Leipzig/Halle“,,,,,,
Statistische Bundesamt mitte…,,,,,,
wien,,,,,,
Bezirk Hartberg-Fürstenfeld,,,,,,
Zugspitze,,,,,,
Nördliche Schneeferner,,,,,,
Amsterdamer,,,,,,
Hannover am Wochenende,,,,,,
Liftstation,,,,,,
Golfech,,,,,,
Pazifikinseln,,,,,,
antikoloniale,,,,,,
Wärme-Wunder,,,,,,
Nowoolexandriwka,,,,,,
Losuwatske,,,,,,
Münchner Forschern,,,,,,
Alpenrand,,,,,,
Kundengeldern,,,,,,
Hameln,,,,,,
Neue Finanz-Sorgen,,,,,,
Eilenburg,,,,,,
Powerbank von A Addtop,,,,,,
Majdal Shams,,,,,,
Schams,,,,,,
Bündnis Sahra Wagenknecht,,,,,,
Eisme…,,,,,,
Gefährliche Bärin am Gardasee,,,,,,
Tre…,,,,,,
Vorjahresperiode,,,,,,
Stadt Limburg,,,,,,
Umfeld,,,,,,
Dyson Purifier Hot+Cool Formaldehyde,,,,,,
"Minister 
Boris Pistorius",,,,,,
Korrosionsschäden,,,,,,
Atomkraftwerkspark,,,,,,
Großer Gefangenenaustausch,,,,,,
Zugs…,,,,,,
Kinburn-Halbinsel,,,,,,
Portemonnai niederschläg…,,,,,,
Bruchsal,,,,,,
Landau in der Pfalz,,,,,,
Ost-Wahlen,,,,,,
Gas-Störfall,,,,,,
fränkischen Landkreise,,,,,,
Kleine Waffenscheine,,,,,,
Löningen,,,,,,
Landkreis Cloppenburg,,,,,,
Brackenheim,,,,,,
Führungsvakuum,,,,,,
Klima-Kampagne,,,,,,
Bahnfahren,,,,,,
Historisch-Technische Museum Peenemünde …,,,,,,
Hugo Boss,,,,,,
Netflix-Abo,,,,,,
stossend,,,,,,
Bienenbüttel,,,,,,
Landkreis Uelzen,,,,,,
Transit,,,,,,
US-Amerikanerin,,,,,,
Klimagruppe,,,,,,
Kernkraftwerk Grafenrheinfeld,,,,,,
Meilers Grafenrheinfeld,,,,,,
Oblast Kursk be…,,,,,,
Nachbarland,,,,,,
Flüssigerdgas-Terminal,,,,,,
Faulheitsfalle,,,,,,
Filmfestival,,,,,,
Half-Wahrheiten,,,,,,
Zehlendorfer Hohentwielsteig,,,,,,
Flughafen Wnukowo,,,,,,
Messerverletzungen,,,,,,
Altenstadt,,,,,,
Wetteraukreis,,,,,,
Obduktionsergebnis,,,,,,
Steinfurt,,,,,,
Gefangenenaustauschs,,,,,,
Wageninnere kühlen,,,,,,
Straflagern,,,,,,
grüne Inseln,,,,,,
Mika V…,,,,,,
Halbleiteranbieter,,,,,,
Gefangenendeals,,,,,,
Olympionike,,,,,,
Rostow ,,,,,,
Buffett,,,,,,
Stellantis-Europachef,,,,,,
Prellungen,,,,,,
Schutzkoalition,,,,,,
Donzek,,,,,,
Land Kompromisse,,,,,,
Ukraine-Veteranen,,,,,,
afrikanische Staat,,,,,,
Neubiberg bei München,,,,,,
Ampel-Debatte,,,,,,
Blendern,,,,,,
Stadt Kassel,,,,,,
Restaurant Villa Rotonda,,,,,,
Kürze b…,,,,,,
bedauerlichem,,,,,,
Hauptstadt-Flughafen,,,,,,
Hauptstadtflughafen BER,,,,,,
Land Ärzte,,,,,,
Grenzübergang Allenby,,,,,,
Hüpfburgen,,,,,,
Spätsommer-Hitze,,,,,,
Kälte-Einbruch,,,,,,
Karlsruher Bahnhof,,,,,,
Konfliktzonen,,,,,,
Lwowa-Belowa,,,,,,
Stadt Braunschweig,,,,,,
Landkreis Lörrach,,,,,,
Wilhelm-Raabe-Preis,,,,,,
Saa Stanii,,,,,,
rauscht,,,,,,
Blanko-Impfausweisen,,,,,,
AfD-Bundestagsabgeordneten,,,,,,
pfälzische Kommune,,,,,,
Prechystivka,,,,,,
Jerewan/Berlin,,,,,,
Straße nachKi…,,,,,,
Internetfilter,,,,,,
Internetverkehrs,,,,,,
Weltklima,,,,,,
Linz am Rhein,,,,,,
Softair-Waffen,,,,,,
Landkreis Reutlingen“,,,,,,
Amtsgericht Koblenz …,,,,,,
Bingen-Büdesheim,,,,,,
Landgericht Mainz,,,,,,
Normalbereich,,,,,,
Dienst,,,,,,
Anlagen,,,,,,
Panzer,,,,,,
):,,,,,,
Tropf von Gazprom,,,,,,
Kre…,,,,,,
freiheitlichen Staat,,,,,,
Olympia-Attentats,,,,,,
Salzburger Land,,,,,,
Putins Todes-Welle,,,,,,
Frankfurt am Main“,,,,,,
ukrainische Regierung i…,,,,,,
Kursk u,,,,,,
Belg…,,,,,,
Pawlograd,,,,,,
Schützen,,,,,,
Gel…,,,,,,
Takelage,,,,,,
Ruderblatt,,,,,,
Flaggenstock,,,,,,
Saling,,,,,,
Dniprope…,,,,,,
Grünen-Tabu,,,,,,
Öffentli…,,,,,,
Wiesbadener Landtags,,,,,,
Alte Stadthaus,,,,,,
Tscheljabinsk am Ural,,,,,,
Hochwasserkatastrophe,,,,,,
Zertifikate-Betrug,,,,,,
Neubaugebiet,,,,,,
Nordweststadt,,,,,,
Schortens …,,,,,,
B&uuml;rger,,,,,,
Stoltenberg Provokation,,,,,,
Eigentümerverband,,,,,,
Rheinland…,,,,,,
Invasionsarmee,,,,,,
12-Zentimeter-Festungsminenwerfer von Trin,,,,,,
Kanton Graubünden,,,,,,
Angriff auf Waffendepot,,,,,,
Ramenskoje,,,,,,
Oktoberfest-Lieder,,,,,,
Bänken mitschunkeln,,,,,,
Armen,,,,,,
Magd…,,,,,,
Ladendieb,,,,,,
Wasserstoff-Hochlauf,,,,,,
Pager-Explosion,,,,,,
Arbeitsplätze,,,,,,
VW-Krise,,,,,,
Dauerregen,,,,,,
Cottbus g,,,,,,
Bernau bei Berlin,,,,,,
Vereinbarungen,,,,,,
Umweltorganisationen Greenpeace,,,,,,
St. Georgen,,,,,,
St. Georgen im Attergau,,,,,,
Bezirk Vöcklabruck,,,,,,
Hunsrück,,,,,,
Kastellaun,,,,,,
Tefal Pizzaofen,,,,,,
Leitzins-Niveau,,,,,,
De-Dollarization,,,,,,
Yuan,,,,,,
Hintergrundgesprächen,,,,,,
Scholz-Reise,,,,,,
Mariupoler,,,,,,
Asowstal,,,,,,
Langstreckenwaffen-Einsatz,,,,,,
Insel Reichenau,,,,,,
anno domini,,,,,,
Altonaer Bahnhof,,,,,,
Landkreises Gi…,,,,,,
Bergarbeiterstad…,,,,,,
Vence,,,,,,
Kursk …,,,,,,
Nachbarland …,,,,,,
Landnutzu…,,,,,,
Wyhl,,,,,,
Ostukraine Geländegewinne,,,,,,
Bingen,,,,,,
Frankfurter Flughafen“,,,,,,
Kinschal-Raketen,,,,,,
Desert Diamond Arena,,,,,,
Land NRW,,,,,,
weibeln,,,,,,
Klimarates,,,,,,
Park Sanssouci“,,,,,,
Krummhörn,,,,,,
Mörderarsenal,,,,,,
russischem Territorium…,,,,,,
Arbeitskräfte,,,,,,
Kleine Kommandotruppen,,,,,,
Weimarer Land,,,,,,
Stuttgarter Innenstadt,,,,,,
Berufsausbildung,,,,,,
Krywyj Rih“,,,,,,
Neue Waffenverbotszone,,,,,,
Verbotswahn,,,,,,
Early,,,,,,
Growth</li><li,,,,,,
Dienstes,,,,,,
Kernkraftwerk in de…,,,,,,
Outsourcen,,,,,,
UWB,,,,,,
Mornos-Stausee,,,,,,
Stadtpark,,,,,,
Berliner Hasenheide,,,,,,
Raves,,,,,,
Konzerthalle in Glendale,,,,,,
Ermittlerangaben,,,,,,
Landeshauptstadt Dresden,,,,,,
Südwestpazifik,,,,,,
Fidschi-Insel,,,,,,
Genehmigungen,,,,,,
Waldökologen,,,,,,
Drohnen-Alarm,,,,,,
Bezirk Pod,,,,,,
US-Diplomatin,,,,,,
Villingen-Schwenningen,,,,,,
Sri Lanka ,,,,,,
Amazfit Active Edge Smartwatch,,,,,,
“Entwicklungsland,,,,,,
Zentrum von Gaza,,,,,,
Thüringer AfD-Chefs Höcke,,,,,,
Jena-Lobeda,,,,,,
Strafgerichtshofs,,,,,,
Polizeibeamte,,,,,,
Interesses,,,,,,
Industrieländern,,,,,,
Grüne Mauern,,,,,,
Flughafen Karlsruhe,,,,,,
Copilot,,,,,,
Flughafen Karlsruhe“,,,,,,
Flughafen Karlsruhe/Baden-Baden,,,,,,
Rheinmünster,,,,,,
Gefangenenaufstand,,,,,,
Innenstadtbereich,,,,,,
Drecks,,,,,,
Schengen-Raum,,,,,,
Millerntor,,,,,,
Burner,,,,,,
Bayreuths,,,,,,
Dreijahrestief,,,,,,
Kur…,,,,,,
Nachbarregionen,,,,,,
Erstamals,,,,,,
Wladimir Putin,,,,,,
Sarstedt,,,,,,
EU-Hilfsfonds,,,,,,
Coronahilfe,,,,,,
zen…,,,,,,
Ulan Bator…,,,,,,
Di…,,,,,,
Zentralgefängnis,,,,,,
Makala Gefängnis,,,,,,
Winterbach,,,,,,
Deutsche Ostsee,,,,,,
Regelbetrieb,,,,,,
"Flüssigerdgas-Terminal ""Deutsche Ostsee",,,,,,
Besuchs,,,,,,
Betrugsvorwürfen,,,,,,
Migrationstreffen,,,,,,
Shahed-Drohnen,,,,,,
nordukrainischen Region,,,,,,
dpa/lrs)-,,,,,,
Rekordzeit…,,,,,,
Ukraine-Wochenüberblick,,,,,,
ostukrain…,,,,,,
Thüringen-Debatte,,,,,,
Folterkellern,,,,,,
Ramelow,,,,,,
erkra…,,,,,,
Selenskyj-Friedensplan,,,,,,
Oleh Syneh…,,,,,,
Truppenverlegungen,,,,,,
Bonner Straße,,,,,,
Landkreis Marburg-Biedenkopf,,,,,,
Tariferhöhungen,,,,,,
Inflations-Ausgleichsprämien,,,,,,
Nano-Technik,,,,,,
Hyundai,,,,,,
Schwentinental,,,,,,
Kreis Plön,,,,,,
Stromnetz Hamburg,,,,,,
Neuseenland,,,,,,
hochmod…,,,,,,
A65,,,,,,
L529,,,,,,
Gorno-Altaisk,,,,,,
Synkiwka,,,,,,
Nowoschelanne,,,,,,
Mongolei-Reise,,,,,,
Bear,,,,,,
Washington/Kiew,,,,,,
Crash-Sensor,,,,,,
Land Niger,,,,,,
Region Mykolajiw,,,,,,
Utkin,,,,,,
Inflationsrate im Euroraum,,,,,,
Monta…,,,,,,
Ghasha,,,,,,
Flughafen von,,,,,,
russischen Republik,,,,,,
Russland-Experte Mangott,,,,,,
Machatsch…,,,,,,
Selenskyj-Wohnung,,,,,,
Gebührenmodellen,,,,,,
Kartenangebote,,,,,,
Monatsrückgang,,,,,,
Heizungsregler,,,,,,
Euro-Länder,,,,,,
Temperaturen sinken,,,,,,
Atomkraftwerks,,,,,,
Berlinautor,,,,,,
CC-BY-SA-4.0,,,,,,
Rot,,,,,,
Klimaverhandlungen,,,,,,
Kuh,,,,,,
Düsseldorfer Synagoge,,,,,,
Hroza,,,,,,
bombt,,,,,,
Schwedt an der Oder,,,,,,
Islands,,,,,,
Eisberge,,,,,,
Geysire,,,,,,
Hall…,,,,,,
Heilbäderverband,,,,,,
Wostok-Truppengruppe,,,,,,
Juschno-Donezk,,,,,,
Vergnügungspark,,,,,,
Wildwiese,,,,,,
Weizenfeld,,,,,,
Landkreis Spree-Neiße,,,,,,
Gesundheitsnotstands,,,,,,
Repräsentantenhauses,,,,,,
"Pochers""-Podcast",,,,,,
Dresden-Klotzsche,,,,,,
Neuer Raketenalarm,,,,,,
Diablo,,,,,,
nichtöffen…,,,,,,
Oberwinterthur,,,,,,
Bahnhof Oberwinterthur,,,,,,
Waldhof Mannheim,,,,,,
Ölfeldes,,,,,,
Schwaben-Park,,,,,,
Kaisersbach,,,,,,
Afipsky-Ölraffinerie,,,,,,
Saporischsc…,,,,,,
Wolnowacha,,,,,,
Sewersk,,,,,,
Aswoschen Meer,,,,,,
Zentrum des Ausbruchs,,,,,,
Heizkesseln,,,,,,
Sonn…,,,,,,
Wasserfälle,,,,,,
Vulkane,,,,,,
Islands Naturschauspiele,,,,,,
Körpern,,,,,,
Maxim Gorki Theater,,,,,,
Awdijewka,,,,,,
Staatshilfen,,,,,,
Gänseessen,,,,,,
Wärmespeichern,,,,,,
Handwerkskammer Dresden,,,,,,
Washington Zufahrtsstraßen,,,,,,
Isra…,,,,,,
Weihnachtsgeld für Tarifbeschäftigte,,,,,,
Statistische Landesamt am Dienst…,,,,,,
"Bayt
Fajar",,,,,,
Myers,,,,,,
Holzweg,,,,,,
Hitlerputsch,,,,,,
Förderpläne,,,,,,
… China,,,,,,
Berliner Mitte,,,,,,
Stadt Luhansk,,,,,,
Kiew am Zug,,,,,,
Abgeordnetenhauses,,,,,,
Singapurs,,,,,,
Rehlinger,,,,,,
Podkarpackie,,,,,,
Inflationswelle ebbt,,,,,,
Ukraine-Mittel,,,,,,
Gebiet Saporischschja…,,,,,,
Leichenteilen,,,,,,
Hauptsaison,,,,,,
Yougov-Instituts,,,,,,
Flughafen Keflavík,,,,,,
Katastrophensommer,,,,,,
Vlochos,,,,,,
Greenpeace-Protest,,,,,,
Rügens,,,,,,
Kiew di…,,,,,,
sächsische Regierung,,,,,,
UNEP,,,,,,
Amtsgericht Augsburg,,,,,,
Jugends…,,,,,,
Atomwaffentestverbot,,,,,,
Raketenentwickler,,,,,,
Milena,,,,,,
Betrugsprozess,,,,,,
Notfalleinsatz,,,,,,
Olsberg,,,,,,
Lenovos,,,,,,
Lebensmittelverpackungen,,,,,,
Terrororgani…,,,,,,
versam…,,,,,,
Autohersteller Lotus,,,,,,
Hochleistungs-E-Bikes,,,,,,
Superminister,,,,,,
Atomkraftwerks Zwentendorf,,,,,,
Verteidigungskriegs,,,,,,
Lieblingsband,,,,,,
Landesgebäude,,,,,,
Infokampagne,,,,,,
Belt and Road Forum,,,,,,
Matzlow,,,,,,
Bücherschau,,,,,,
Strenge,,,,,,
Chefetagen,,,,,,
Sicherheit?2,,,,,,
Pyhrnautobahn,,,,,,
Graz-West,,,,,,
Wildon,,,,,,
Oscar-Preisträger Stone,,,,,,
Hollywood-Legende,,,,,,
Öl-Markt,,,,,,
Matteos Hütte,,,,,,
wegzuschmelzen,,,,,,
Bachmanns Hütte is…,,,,,,
Farb-Protest,,,,,,
Erdsystems,,,,,,
Eisschilde,,,,,,
Energiesektor,,,,,,
besond…,,,,,,
Wertpapieren,,,,,,
Bankeinlag…,,,,,,
Skadi Skijacke von…,,,,,,
Hamburgs Hafen,,,,,,
Kiew Winterpaket,,,,,,
Handelsgespräche,,,,,,
Bützow,,,,,,
Klima-Startup,,,,,,
Katar …,,,,,,
Indiana,,,,,,
Nebel-Crash,,,,,,
Buka,,,,,,
Buka Island,,,,,,
Beschusses,,,,,,
Vermittlungsbemühungen,,,,,,
al-Sisi,,,,,,
Hamas-Geheimdienstchef,,,,,,
Tirana am,,,,,,
b isfgµ#iuuqt;00xx,,,,,,
Kupiansk-Lyman,,,,,,
Öl-Exporten,,,,,,
Preisdeckels,,,,,,
Neue Seidenstraße,,,,,,
künfti…,,,,,,
Ukraine-Waffen,,,,,,
Flüchtlinge,,,,,,
Verkehrslärm,,,,,,
Bundesstraße 455,,,,,,
Erbenheim,,,,,,
Hundes,,,,,,
Kampfes,,,,,,
Alexanderplatz besprüht</li><li,,,,,,
Messedamm,,,,,,
Blockaden</li><li,,,,,,
Raketenstarts,,,,,,
Asien-Pazifik-Region,,,,,,
Klima-Verhandlungen,,,,,,
Uderzo/Egmont,,,,,,
Pipeline-Schäden,,,,,,
Zentrum des Wirbelsturms,,,,,,
Hektar Land,,,,,,
Western Downs,,,,,,
Helikopter-Flucht,,,,,,
Wassermangel,,,,,,
Juwelenraubs,,,,,,
Dresdener,,,,,,
Dresdener Landgericht,,,,,,
Warmes Essen,,,,,,
wohnungslo…,,,,,,
Zinsgipfel,,,,,,
Kraftwerk Kosloduj an der Donau,,,,,,
Beweismittel,,,,,,
Wiener Häusern,,,,,,
Babyboomer,,,,,,
US-Holdingunternehmens,,,,,,
Haft3,,,,,,
Schusswaffenangriff,,,,,,
Stadt daz…,,,,,,
Ausbauzielen,,,,,,
Ausbaupläne,,,,,,
Ministerpräsidentin,,,,,,
Völ…,,,,,,
Les Éditions Albert René,,,,,,
Goscinny,,,,,,
Pazifiksturm «Otis,,,,,,
Land Waffen,,,,,,
Ukraine-Wiederaufbau,,,,,,
Branchenverband,,,,,,
Tor,,,,,,
Kreis Heidenheim,,,,,,
Extremistenhochburg,,,,,,
Extremistenhochburg Dschenin,,,,,,
Indienstnahme,,,,,,
Südtiroler,,,,,,
Datenschatz,,,,,,
Eni,,,,,,
Alpenrands,,,,,,
Forderung,,,,,,
Gazastreifen</li><li,,,,,,
Ex-Botschafter Stein,,,,,,
Pauschalreise,,,,,,
Fernreise,,,,,,
Kurztrip,,,,,,
Energie-Härtefallhilfen,,,,,,
Preistrends,,,,,,
Hessel,,,,,,
Burger King,,,,,,
São Paulo,,,,,,
++ Deutsch-Ukrainisches Wirtschaftsforum,,,,,,
Goerdeler Stegs,,,,,,
Zwangsevakuierung von Kindern,,,,,,
Razer Edge,,,,,,
Kathrin Röggla,,,,,,
Krško,,,,,,
Krko,,,,,,
Erschwernis,,,,,,
Kindergrundsicherung,,,,,,
Ukraine-Einsatz,,,,,,
Landgerichts München,,,,,,
Innenräume,,,,,,
Milliardären,,,,,,
Tarif-Vergleichsportalen,,,,,,
Schalke-Pleite,,,,,,
Auswechsel-Zoff,,,,,,
Ultras,,,,,,
Klopapier-Würfe,,,,,,
Ultra-Szene,,,,,,
Wiederanpfiff,,,,,,
Theben,,,,,,
Ausgangssperre in Sierra Leone,,,,,,
Sloweniens,,,,,,
Beirut…,,,,,,
Beiruter Zentrums,,,,,,
Furn el Chebbak,,,,,,
entlangläuft,,,,,,
Landkreis Mühldorf am Inn,,,,,,
Sierra Leone,,,,,,
Residenz v,,,,,,
Kampfansage an Kriegs- und Aufrüstungskurs,,,,,,
westafrikanischen Staat,,,,,,
Armee-Waffenlager,,,,,,
Pr…,,,,,,
Langläufer,,,,,,
Breko,,,,,,
Aufnahmequote,,,,,,
Milizen,,,,,,
UN-Angaben,,,,,,
Höhenlagen,,,,,,
Umweltaktivist,,,,,,
Facebook-Gruppe,,,,,,
Landes Niedersachsen,,,,,,
Hers,,,,,,
ChatGPT-Firma,,,,,,
Brüssel/Helsinki,,,,,,
Afghanistan jet…,,,,,,
Innenraumgerät,,,,,,
Nacht Minusgrade,,,,,,
Pomellen,,,,,,
Spionagesatelliten-Start,,,,,,
Moskau Pjöngjang,,,,,,
Kalten hocken,,,,,,
Eiskalte Menschenschieber,,,,,,
Gaarden,,,,,,
Nato-Gewässern,,,,,,
Scheherazade,,,,,,
Haushaltsnotstand,,,,,,
Spur,,,,,,
Putin-Verbündetem,,,,,,
Preiskurve,,,,,,
Weltklim…,,,,,,
Kodak,,,,,,
Klimaquartier,,,,,,
Penis,,,,,,
Awdijiwka Geländegewinne,,,,,,
Sparbremse,,,,,,
Februar Berlin,,,,,,
Wachsein,,,,,,
Kühn,,,,,,
Wojtek,,,,,,
Vereinigten Ara­bischen Emiraten,,,,,,
Weiße Haus am Mittwoch,,,,,,
Störsender-Anlagen,,,,,,
Hamburg/Neubrandenburg,,,,,,
Klima-Sofortprogramm,,,,,,
Endlos-Krise,,,,,,
Signa-Krise,,,,,,
Elbtower,,,,,,
Po,,,,,,
Kriegs-Hölle,,,,,,
Bianca,,,,,,
Kuscheltier,,,,,,
Kaufhäusern,,,,,,
Luckenwalde,,,,,,
Oberste Gerichtshof,,,,,,
Nutzungsgebühr,,,,,,
Endlagers,,,,,,
Sprachkompetenzen von,,,,,,
Kostenrisiko,,,,,,
Winterreise,,,,,,
Östersund,,,,,,
Oberverwaltungsgerichts Berlin-Brandenburg,,,,,,
Industrieriesen,,,,,,
Öl-Deals,,,,,,
Sommerkleid,,,,,,
Baldurs Gate,,,,,,
Alenas Bibber-Shooting,,,,,,
UN-Konferenz,,,,,,
ukrainischer Küste,,,,,,
Kita-Angeboten,,,,,,
Erpressern,,,,,,
Kretschmann,,,,,,
Krisenerleichterungen,,,,,,
annaav,,,,,,
stock.adobe.com,,,,,,
Schnee-Spektakel,,,,,,
Ukraine-Dissens,,,,,,
Destatis,,,,,,
Friedensblockade,,,,,,
Al Ma'sara,,,,,,
Friede…,,,,,,
Sputnik,,,,,,
Haustür,,,,,,
Paula,,,,,,
Wirtschaftsforschungsinstitut Ifo,,,,,,
Hamburger Dom,,,,,,
Glashüttenstraße,,,,,,
Energiepoliti…,,,,,,
Bür…,,,,,,
Gesp…,,,,,,
Zentrum der Debatte,,,,,,
Flucht-Mercedes,,,,,,
Gialu,,,,,,
Reinickendorfer,,,,,,
Berliner Westens,,,,,,
Milliarden-Strafen,,,,,,
Serge-Gainsbourg-Museum,,,,,,
Gasschatz,,,,,,
Libanesen,,,,,,
Kiewer Stimmungslage,,,,,,
Pryjutne,,,,,,
Weihnachtsgeschenken,,,,,,
Soyen,,,,,,
Geisel-Verstecke,,,,,,
Beweisvideo,,,,,,
Grundversorgungstarif,,,,,,
Awd…,,,,,,
Landminen-Report,,,,,,
Gaming-Community,,,,,,
Narben,,,,,,
Gaza-Stadts,,,,,,
destabilisie…,,,,,,
Retro-Trikots,,,,,,
Buchverkauf,,,,,,
Schifa-Krankenhauses,,,,,,
Al-Schifa-Krankenhaus,,,,,,
Treibhausgas-Konzentrationen,,,,,,
Arbeitspreis,,,,,,
Beledwayne,,,,,,
Horn Afrikas,,,,,,
Osteuropäer,,,,,,
Heizkraftwerks Reuter-West,,,,,,
Nach…,,,,,,
Kraftwerk Reuter-West,,,,,,
Winterkälte,,,,,,
Rothenburgsort,,,,,,
Christ…,,,,,,
Ode…,,,,,,
Nachb…,,,,,,
Weltverbesserer-Kapital,,,,,,
Freizeitpark,,,,,,
Verbands deutsch…,,,,,,
Allzeittief,,,,,,
Reichenbach,,,,,,
Renaissance,,,,,,
Museum Wilhelm Busch,,,,,,
EU-Nachbarland,,,,,,
Braunkohlerevieren,,,,,,
Fragen,,,,,,
Moabit,,,,,,
Transiteuropa,,,,,,
Landkarte,,,,,,
Kräftemessens,,,,,,
Machtblöcken,,,,,,
Handball-Löwen,,,,,,
Südkorea-Präsident,,,,,,
Provinz,,,,,,
Dieselfreie Fjorde,,,,,,
Os…,,,,,,
Schabelle,,,,,,
Verfassungsgerichts,,,,,,
Deutschen Technikmuseum,,,,,,
beina…,,,,,,
Niirala,,,,,,
Imatra,,,,,,
Nuijamaa,,,,,,
Vaalimaa,,,,,,
Protestwähle…,,,,,,
Küstenstreife…,,,,,,
VPN-Blockaden,,,,,,
Immobilienfirma,,,,,,
Nordatlantischen Bündnis,,,,,,
Technik-Supermarkt,,,,,,
Ta…,,,,,,
Ukraine-Trainer,,,,,,
Mössingen,,,,,,
Stadt Mössingen,,,,,,
Kreis Tübingen,,,,,,
Cyber-Angriffs,,,,,,
Prignitz,,,,,,
Wittenberge,,,,,,
Klinik-Finanzen,,,,,,
Schadensersatzansprüche,,,,,,
Restaurant-Essen,,,,,,
CO2-Preis-Regeln,,,,,,
Maidan-Aufstand,,,,,,
b isfgµ#iuuqt;00xxx/npshfoqptu/ef0uifnfo0efvutdimboe0,,,,,,
Flucht von Werbekunden,,,,,,
Helsinki Konsequenzen,,,,,,
Eklats,,,,,,
Wesseling,,,,,,
Lkw-Staus,,,,,,
Milliarden,,,,,,
Corona-Mitteln,,,,,,
Klimatransformation,,,,,,
Überschuldung,,,,,,
Bundeswehrgelände,,,,,,
Bundesmitteln,,,,,,
Nordrhein-Westfalen…,,,,,,
Cher…,,,,,,
Region Stawropol,,,,,,
wiederwählen,,,,,,
Kiew/Brüssel,,,,,,
Luftwärmepumpen,,,,,,
Naschgärten,,,,,,
Rechtskurs,,,,,,
Grüne,,,,,,
F.A.Z.-Newsletter Heizkraftwerke,,,,,,
Duisburg-Walsum,,,,,,
Schwarzen Meer +++ Interfax,,,,,,
Antoniwka-Brücke,,,,,,
Kaiserzeit,,,,,,
Essengehen,,,,,,
Wärmeplanungsgesetz,,,,,,
Schlagringe,,,,,,
Militärpräsenz Russlands,,,,,,
Podemos,,,,,,
Zülichendorf,,,,,,
Stahlwerks Georgsmarienhütte,,,,,,
Moskauer Bolschoi Theaters,,,,,,
Koordinierungsausschusses für Luftverteidigungsfragen der Gemeinschaft Unabhängiger …,,,,,,
Zündstoff bergen,,,,,,
Klimaforscher,,,,,,
G20-Gipfel,,,,,,
Psychiatrie-Patient,,,,,,
Nordostasiens,,,,,,
"CC-BY-SA-3.0
",,,,,,
Ehrgeiziger Knauff,,,,,,
Führungsrolle,,,,,,
Linienflügen,,,,,,
Klimaexperten,,,,,,
niederländischen Regierung,,,,,,
Yle,,,,,,
Power-Beaming-Relais,,,,,,
Tjulenowo,,,,,,
Kompromiss,,,,,,
Pannen-Einbau,,,,,,
eigenen Haus,,,,,,
"Haus 
",,,,,,
Putin-Partei,,,,,,
Oberbürgermeisterwahl,,,,,,
Petrograd,,,,,,
Kiew-Besuch,,,,,,
Zentralbahnhof,,,,,,
Solowjow,,,,,,
Urlaubsparadies,,,,,,
Kims Zug,,,,,,
annektierter,,,,,,
Polohy,,,,,,
ukrainischer Stadt,,,,,,
Online-Votum,,,,,,
Rostow abgefan…,,,,,,
Panzerbrecher,,,,,,
Umweltaktivistin,,,,,,
Côte dAzur,,,,,,
Monopole,,,,,,
Umweltprotest,,,,,,
Biografien,,,,,,
Kernstücke de…,,,,,,
Cloud-Anwendungen,,,,,,
Microsoft-Cloud,,,,,,
Klima-Gesetze,,,,,,
Vattenfall,,,,,,
bestätig…,,,,,,
ND,,,,,,
Missy,,,,,,
Oxi,,,,,,
Katapult,,,,,,
Titanic,,,,,,
Kompromiss-Text,,,,,,
Schwarzmeer-Flotte,,,,,,
Heizhammer,,,,,,
AfD-Kandidat,,,,,,
Wurststand,,,,,,
Geschichtsbüchern,,,,,,
Landtag von…,,,,,,
Flüssiggas-Terminals,,,,,,
Energie-Deals,,,,,,
Berliner Literaturfestival,,,,,,
Startup-Ökosystem,,,,,,
Lehman-Pleite,,,,,,
Nowa,,,,,,
Straße – Demos,,,,,,
eskaliere,,,,,,
Darna,,,,,,
Klimakurs,,,,,,
Automobili… Rund zwei Jahre,,,,,,
Baugeld,,,,,,
Wiesn-Wald,,,,,,
Niedersach…,,,,,,
Schutzmacht Armeniens,,,,,,
Waffenschau,,,,,,
Dirndl,,,,,,
Lederhose,,,,,,
Beitrittsprozesses,,,,,,
Aktiendepot,,,,,,
Tagesgeldkonto,,,,,,
Trinkgeld,,,,,,
Drohnenabschüsse,,,,,,
JVA Stadelheim,,,,,,
Getreidesilo,,,,,,
Realsatire,,,,,,
Steadfast Defender,,,,,,
New Yorks,,,,,,
Akkubränden,,,,,,
Kunstrasendebatte,,,,,,
Pferdchen,,,,,,
Einzelhändler Carrefour,,,,,,
Gewos-Institut,,,,,,
Kriegsgräueln,,,,,,
Höhle in Türkei,,,,,,
Taurus-Zurückhaltung,,,,,,
Live-Tic…,,,,,,
Ruck,,,,,,
Anspruch global,,,,,,
Zug…,,,,,,
Nashorn-Angriff,,,,,,
Zoo Salzburg,,,,,,
AKW Leibstadt,,,,,,
Schweiz von …,,,,,,
Millennials,,,,,,
Schirdewan,,,,,,
Steuergeld,,,,,,
Zeitempfinden,,,,,,
Orgelbüchlein,,,,,,
Irrwahn,,,,,,
Kim-Doppelgänger,,,,,,
Wachstum,,,,,,
WashingtonBleiben,,,,,,
Sve…,,,,,,
Hummeln,,,,,,
Klimaforscher Latif,,,,,,
Großer Bahnhof,,,,,,
Händeschütteln,,,,,,
Behördenvertreter,,,,,,
ostukrainischer Stadt,,,,,,
Straubing/Berlin,,,,,,
Tüte,,,,,,
Cappuccino,,,,,,
Bundesstaat Florida,,,,,,
Hass auf Schwarze,,,,,,
Meaux,,,,,,
Garde-Luftsturm-Division,,,,,,
Schwa…,,,,,,
Rubiales-Beben,,,,,,
Sgt,,,,,,
Kältenetze,,,,,,
Alpine-Auto,,,,,,
Fernwärmene…,,,,,,
Brics-Länder,,,,,,
Babler,,,,,,
ORF-Moderatorin,,,,,,
Reallöhne,,,,,,
Geländer,,,,,,
Freiberger,,,,,,
UN-Kinderhilfswerk,,,,,,
Schewtschenkiwskyj,,,,,,
Handelsblatt-Strategiemeeting,,,,,,
Unicef,,,,,,
Säuberungen,,,,,,
Steuerportal Elster,,,,,,
Nachbarn China,,,,,,
Telekom,,,,,,
Marmeladenglas ploppt,,,,,,
Hafer,,,,,,
Uni Jena,,,,,,
Söldnerführer,,,,,,
Twer …,,,,,,
Gebirges Parnitha,,,,,,
Weiher,,,,,,
Playstation-Handheld,,,,,,
Kreis Mansfeld-Südharz,,,,,,
Reichsbürgern,,,,,,
Gasturbinen,,,,,,
Reservierungen,,,,,,
Oktoberfest-Reservierungen,,,,,,
Todesursache gil,,,,,,
Säurebecken,,,,,,
Straße Furchenacker,,,,,,
Eidelstedt,,,,,,
Orichiw,,,,,,
Dnipros,,,,,,
Wetterkapriolen,,,,,,
Kältepläne,,,,,,
Klimaanlagen-Dilemma,,,,,,
Pinguinkostümen,,,,,,
Sylter Flughafen,,,,,,
Fro…,,,,,,
Heineken,,,,,,
Brauereiriese Heineken,,,,,,
Oberbefehlshaber Saluschni,,,,,,
Praxen-Krise,,,,,,
Neu…,,,,,,
Gipfeltreffen,,,,,,
Liefermenge,,,,,,
Anti-Korruptionsaktivisten,,,,,,
Geldentwertung,,,,,,
Glasfasertarife,,,,,,
Tegernsee,,,,,,
Haushaltsberatungen,,,,,,
Arbeiterkammer,,,,,,
Fraunhofer,,,,,,
Alarmstufe,,,,,,
Wuppertaler Hauptbahnhof,,,,,,
Northern Coasts,,,,,,
Manöver Northern Coast,,,,,,
Gameboy,,,,,,
Mauerfall,,,,,,
Kiews Grenzschutz,,,,,,
Essener Museum,,,,,,
Kauft Boehm-Werkgruppe,,,,,,
Terrorgruppe,,,,,,
Heizungsgesetzes,,,,,,
Addio,,,,,,
Palazzo,,,,,,
Wintershall-Dea-Chef,,,,,,
Marine-Chef,,,,,,
Untergangsangst,,,,,,
KI-Debatte,,,,,,
Uranmunition,,,,,,
Kaminholz,,,,,,
Taxenbach-Högmoos,,,,,,
Sina,,,,,,
Große Inflationsunterschiede,,,,,,
Umschlägen,,,,,,
Wachstumsschub,,,,,,
Loch Ness,,,,,,
Fotografin,,,,,,
Dores,,,,,,
Immobilienaktien,,,,,,
Berliner Mode­szene,,,,,,
BER,,,,,,
Ia Aanstoot,,,,,,
Chinas Machtansprüche,,,,,,
Bahn-Extremtest,,,,,,
Klimatunnel,,,,,,
Meinungsforschungs-Agentur Pollytix,,,,,,
Friedrich-Luft-Preis,,,,,,
Nurkan,,,,,,
Spielregeln für Amerikas Militärpräsenz,,,,,,
Kamikaze-Drohnenversicherungen,,,,,,
Aiwanger-Brüder,,,,,,
Südost-Europa-Risiko,,,,,,
Betrugs-Verdacht,,,,,,
Getreidehafen,,,,,,
Pelletöfen vor einem Jahr,,,,,,
Niedersächsische Löschflugzeuge,,,,,,
Waldbrand-Einsatz,,,,,,
blaue Jacke,,,,,,
Wirtschaftsziele,,,,,,
Badeort,,,,,,
Tag des Kriegsbeginns,,,,,,
Rheinfelden,,,,,,
Bundespräsident …,,,,,,
Gasag-Chef,,,,,,
Gipfels künd…,,,,,,
Stromverbrauch,,,,,,
Kältemittel,,,,,,
Lautstärke,,,,,,
Nordostukraine,,,,,,
Toten,,,,,,
LEG-Chef,,,,,,
Wintermantel,,,,,,
Mödlareuth,,,,,,
DLC f&uuml;r Dredge,,,,,,
See stechen,,,,,,
Zahlungen,,,,,,
Industriegröße,,,,,,
Flüchtlingen,,,,,,
Oberhäuptern,,,,,,
Istra,,,,,,
Russsland,,,,,,
Buchungsfehler,,,,,,
Andri…,,,,,,
wichti…,,,,,,
Charkiw-Opfer,,,,,,
Saar-Schulen,,,,,,
Städtepartnerschaften,,,,,,
bevorgestanden,,,,,,
Seymour Hersh,,,,,,
Lewada-Zentrums,,,,,,
"New York Times""-Bericht",,,,,,
Frachter-Angriffen,,,,,,
Berlin/Kiew/Washington,,,,,,
Andrij Jermak,,,,,,
Fernsehpreis-Gewinner,,,,,,
Freiwilligenverbände,,,,,,
Linie Awdijiwka-Donezk,,,,,,
Russland-Lager,,,,,,
Proz…,,,,,,
Erbfälle,,,,,,
Fachleuten,,,,,,
Kie,,,,,,
Friedemann Kohler/dpa,,,,,,
Frostpunk,,,,,,
Landkreis Ravensburg,,,,,,
Flugzeugtreibstoffs Kerosin,,,,,,
Gasumlagen,,,,,,
Wirtschaftszweig,,,,,,
dissidentischen Russland,,,,,,
Raynaud-Syndrom,,,,,,
Busunglück,,,,,,
Dienstagabend w…,,,,,,
Russlands Para-Athleten,,,,,,
Komitee,,,,,,
Hauptbahnhof Zürich,,,,,,
Enklave Bergkarabach,,,,,,
Finanzämter,,,,,,
Nuklearkomplex Sellafield,,,,,,
Beitrittsgesprächen,,,,,,
Zinsanlagen,,,,,,
Partynacht,,,,,,
Lavazza,,,,,,
Liveblog Großbritannien,,,,,,
Besessen von Amerika,,,,,,
Malibu,,,,,,
Dead Island 2,,,,,,
Spiele,,,,,,
Pipeline-Leck,,,,,,
Land h…,,,,,,
Nachfolgersuche,,,,,,
Chaos,,,,,,
Spiegelei,,,,,,
Wackelpudding,,,,,,
Weltraumbahnhofs Wostotschny,,,,,,
Grenzdorf,,,,,,
Eindringlingen,,,,,,
Libanon +++ Alle Entwicklungen,,,,,,
Vorabend…,,,,,,
Schmidt-Rottluff,,,,,,
Hisbollah-Eingriff,,,,,,
Demo-Freitag,,,,,,
Schloss Versailles,,,,,,
Problemgas,,,,,,
Kanonenrohr,,,,,,
Ca,,,,,,
Stadt Awdijwka,,,,,,
Marrakesch,,,,,,
Sagrotan,,,,,,
AfD-Vorsitzenden,,,,,,
Promi-Expertin,,,,,,
AfD-Vorsitzende,,,,,,
Gewaltausbruchs,,,,,,
Kriegsbereitschaft,,,,,,
Laderaum,,,,,,
Weltmeister-Helm,,,,,,
Hamas-Angriffen,,,,,,
Massakers,,,,,,
We…,,,,,,
Geldautomaten-Attacken,,,,,,
Ludwigslust,,,,,,
Thüringer Finanzministerium,,,,,,
Berliner Ofenführerschein,,,,,,
Berliner Synagoge,,,,,,
SVP-Chef,,,,,,
Ozonlochs,,,,,,
winterlichen Alpen,,,,,,
Gazastreifen-Belagerung,,,,,,
Aschkelon,,,,,,
Golf von Finnland,,,,,,
Balticonnector-Gaspipeline,,,,,,
Sandalenhersteller,,,,,,
Gesundheitssandalen-Hersteller,,,,,,
NATO-Treffen,,,,,,
Russlands Rolle,,,,,,
Kiew Stadt,,,,,,
Flüssiggas-Pläne,,,,,,
Babyn Jar,,,,,,
Teuerschock,,,,,,
Paarberater,,,,,,
Korridor,,,,,,
Grauens,,,,,,
Artilleriefeuer</li><li,,,,,,
Ex-Hurrikan,,,,,,
Mainz-Krise,,,,,,
Aserbaidschanern,,,,,,
Wärmekissens,,,,,,
Gas-Hochdruckleitung,,,,,,
Kraftwerk Dradenau,,,,,,
Waltershofer Straße,,,,,,
Autobahn A7,,,,,,
Terzic,,,,,,
Haller-Krise,,,,,,
Getreidestreit</li><li,,,,,,
Klima-Vergleich,,,,,,
Strom-Studie,,,,,,
Inlandsmarkt,,,,,,
Rauchschwaden,,,,,,
Baugipfel,,,,,,
Hauptquartier,,,,,,
Gas-Kooperation,,,,,,
Tangentialen Verbindung Ost,,,,,,
Marine-Hauptquartier,,,,,,
Klimaregeln,,,,,,
Fachkräftemangels,,,,,,
Asyl,,,,,,
Resilient Africa,,,,,,
Gastarif,,,,,,
Pranger,,,,,,
Lieferheld-Gründer,,,,,,
Bier-Inflation,,,,,,
Langzeit-Vergleich,,,,,,
MV-Regierungslager,,,,,,
Neutsadt,,,,,,
Weinstraße,,,,,,
UN-Debatte,,,,,,
Lwiw …,,,,,,
Paul-Ehrlich-Preis,,,,,,
Hannover/Frankfurt,,,,,,
Corona-Tief,,,,,,
Reiselaune,,,,,,
Ölpreis-Rally,,,,,,
Wiesn-Wucher,,,,,,
Luxemburg mittei…,,,,,,
Massenankunft,,,,,,
Wladimir Putins Russland,,,,,,
Wladimir Putins,,,,,,
Ukraine-Newsletter,,,,,,
Aserbaidschanischen Sowjetrepublik,,,,,,
Cape Ann,,,,,,
New York themati…,,,,,,
Podcas…,,,,,,
Feindbild USA,,,,,,
Wera,,,,,,
Gigaset,,,,,,
Redaktionsnetzwerks Deutschland,,,,,,
Strafkolonie,,,,,,
Zinsmärkten,,,,,,
Enklave,,,,,,
… Palace of Westminster,,,,,,
Big Ben,,,,,,
Klima-Klage,,,,,,
terroristischen Staat,,,,,,
Heizungsbesitzer,,,,,,
Klimagases…,,,,,,
Ozon,,,,,,
Schwarzmeerflotten-Hauptquartier,,,,,,
Adriatic Line,,,,,,
Adriatic Line ,,,,,,
Amtssessel,,,,,,
Friedens…,,,,,,
Statistische Bundesamt ver…,,,,,,
selbsternannte Republik,,,,,,
Corona-Impfstoff,,,,,,
Karabach,,,,,,
Gasetagenheizungen,,,,,,
Luft-Luft-Wärmepumpen,,,,,,
Museum für Kommunikation,,,,,,
Przemysl,,,,,,
Borkum Erdgas,,,,,,
Berliner Regierungskoalition,,,,,,
… Neuseeland,,,,,,
Ex-Unioner Thorsby,,,,,,
LTCM-Debakel,,,,,,
Nazi-Skandal,,,,,,
Links-Fraktion,,,,,,
Russische Marinebrigade,,,,,,
Cyberpunk,,,,,,
Fußball-Spiel,,,,,,
Ajax,,,,,,
Feyenoord,,,,,,
Ausgangssperre in Donezk,,,,,,
Rauchwolken,,,,,,
Dorfs Andriivka,,,,,,
Donetsk…,,,,,,
Gefängnisklinik,,,,,,
Mitrovica,,,,,,
Ottawa entsch…,,,,,,
Streifengänge,,,,,,
Vorzeige-Ukrainer,,,,,,
Der,,,,,,
Kanadas Parlamentschef,,,,,,
Landkreis Ismajil,,,,,,
Abrams-Panzern,,,,,,
Aufmarsch,,,,,,
Vaillant-Chef,,,,,,
Heizungsunternehmens,,,,,,
Preises,,,,,,
Besuchs Selenskyis,,,,,,
Streik,,,,,,
James-Blake-Konzert,,,,,,
Heizkosten-Explosion,,,,,,
Dogtown,,,,,,
Niedrigzinsumfeld,,,,,,
Hegering,,,,,,
ukrainisch-orthodoxem,,,,,,
Nawalny-Unterstützer,,,,,,
Unterschleuse,,,,,,
Rekordsaison,,,,,,
Image-Schaden,,,,,,
Haus für Anwohner,,,,,,
Haus für Anwohner“,,,,,,
Ostösterreich,,,,,,
Statistische Landesamt a…,,,,,,
Biomasse-Pläne,,,,,,
Kreml-Clown,,,,,,
Parallelwelten,,,,,,
Gas-Preis-Hammer,,,,,,
Preis-Hammer,,,,,,
Polizeirazzia,,,,,,
Laurent Kueny,,,,,,
Trauerfeier,,,,,,
Trauergästen,,,,,,
H2-ready-Kraftwerken,,,,,,
Blaue Säcke,,,,,,
Sarg m,,,,,,
Rekordstand,,,,,,
Talkshows,,,,,,
Pfungstadt,,,,,,
Notfallplans,,,,,,
Friedhof Borissowskoje,,,,,,
Spezialkräfte,,,,,,
Abrissarbeiten,,,,,,
Wasserstoff-Zukunft,,,,,,
Außenexperte,,,,,,
WindEurope,,,,,,
Gas-Boykott,,,,,,
Februars,,,,,,
Staatliche Amt,,,,,,
Militärexperte,,,,,,
Veranstalteranga…,,,,,,
Umweltkatastrophe,,,,,,
Köl…,,,,,,
Verteidigungsbündnisses Nato,,,,,,
Schloss Blutenburg,,,,,,
VIP-News,,,,,,
Promis,,,,,,
Warschaus,,,,,,
Wola,,,,,,
Stadtzentrums,,,,,,
Gaskraftwerk,,,,,,
auskontert,,,,,,
Heizungskessel,,,,,,
Fernwärme-Abzocke,,,,,,
Knebel-Verträgen,,,,,,
Elysée-Palastes,,,,,,
Ehrenplatz,,,,,,
Schweighöfer-Freundin,,,,,,
Leoparden-Bikini,,,,,,
Ukraine-Gipfel-Treffen,,,,,,
Regierungschefs,,,,,,
Malmendier,,,,,,
Sporttasche,,,,,,
Saarpfalz-Kreis,,,,,,
auseinanderzutreiben,,,,,,
Klimatransformation Deutschland,,,,,,
Weißblech-Container,,,,,,
Pfaffenhofen an der Ilm,,,,,,
Jabra,,,,,,
Headset,,,,,,
Landgericht Landshut,,,,,,
Insolvenz-Gefahr,,,,,,
Corona-Jahr,,,,,,
Mehrweg-Trinkbechern,,,,,,
Papst-Appell,,,,,,
Tundra…,,,,,,
Wollhaar-Mammuts,,,,,,
Papst-Äußerung,,,,,,
Taunusbahn,,,,,,
Taunusbahn locken,,,,,,
Rschew,,,,,,
Haiti-Krise,,,,,,
Ohje,,,,,,
"James Martin Center for
 Nonproliferation Studies",,,,,,
Nowoschachtinsk,,,,,,
Alten Rathaus,,,,,,
uvdr-Straße,,,,,,
Karibikstaat,,,,,,
Dominikanischen Republik,,,,,,
Grünen-Abgeordneten,,,,,,
US-Waffenmeisterin,,,,,,
Gewehr-Teile,,,,,,
Oppositionsfü…,,,,,,
Klima-Abzocke,,,,,,
Ödnis,,,,,,
Barbados-Premier,,,,,,
Crafting,,,,,,
Sergej Kotow,,,,,,
Vorjahrs,,,,,,
Thurgauer,,,,,,
Börsen-Hypes,,,,,,
Insolvenzgericht Innsbruck,,,,,,
Auftauchens,,,,,,
Sandoz,,,,,,
Jahrzehnt,,,,,,
Macron-Vorstoß,,,,,,
Preisspanne,,,,,,
Aufzeichnungsbeginn,,,,,,
Bildungsministerium,,,,,,
Baukrise,,,,,,
Met…,,,,,,
Wernberg-Köblitz,,,,,,
Landkreis Schwandorf,,,,,,
COP 29,,,,,,
Münchner Rathaus,,,,,,
Steuerzahler-Kosten,,,,,,
Mondpläne,,,,,,
Einflussnahme,,,,,,
Landes Mecklenburg-Vorpommern,,,,,,
Mittelmeer F…,,,,,,
Rolle,,,,,,
Schallenberg,,,,,,
Speicherchips,,,,,,
Livestream,,,,,,
Amsterdam ru…,,,,,,
Eichsfeld,,,,,,
Untermaßfeld,,,,,,
Pilze,,,,,,
Ackerpflanzen,,,,,,
Handabdruck,,,,,,
Landesgericht Innsbruck,,,,,,
Point of no Return,,,,,,
Freiensteinau,,,,,,
HVO-Diesel,,,,,,
Hanse Sail,,,,,,
Eiche,,,,,,
Golm,,,,,,
Golm …,,,,,,
Hamburger Berg,,,,,,
Gesteinsproben,,,,,,
Mettmann,,,,,,
Herkunft,,,,,,
Neuköllner Hasenheide,,,,,,
Wirtschafts-Größen,,,,,,
Bären-Rettungseinsatz,,,,,,
Krisenland,,,,,,
Geh…,,,,,,
Klima-Chaotin,,,,,,
Kriegskritikern,,,,,,
Ölbörsen,,,,,,
ernst,,,,,,
Welykj Burluk,,,,,,
Kandidatenliste,,,,,,
Öl-oder,,,,,,
Russl…,,,,,,
Beckum,,,,,,
Statisitk,,,,,,
Gewinnspur,,,,,,
Stark-Watzinger,,,,,,
Fintech-Sektor,,,,,,
liberalkonservativen Regierung,,,,,,
Elektroauto-Test,,,,,,
Vesuv,,,,,,
AC313A,,,,,,
Operationsliege,,,,,,
Pleitegeier,,,,,,
US-Reporters,,,,,,
Frankfurter Skyline,,,,,,
Hochhäuser emporkroch,,,,,,
Ex-„Fox“-Moderator,,,,,,
RH,,,,,,
Gummersbach,,,,,,
From Hamas,,,,,,
UdK-Präsident,,,,,,
Purpurerle,,,,,,
Klimabäume,,,,,,
Parks,,,,,,
Thüringer Innenministerium,,,,,,
Buchhalter-Tricks,,,,,,
Angriff am Aschermittwoch,,,,,,
Landgericht Gera,,,,,,
FDP- Generalsekretär,,,,,,
Joshua Kimmich,,,,,,
Security-Experte,,,,,,
Leiche Nawalnys“,,,,,,
Siko,,,,,,
Nawalny-Tod,,,,,,
Dresdner Neumarkt,,,,,,
Platz vor der…,,,,,,
Foto-Aktion,,,,,,
Russisches Gas,,,,,,
Gündogan,,,,,,
Europawahlen,,,,,,
Exxon,,,,,,
Salechar…,,,,,,
Überfalls Russlands,,,,,,
Elektrozeitalter,,,,,,
Gedenkstein,,,,,,
Erdbebengebieten,,,,,,
Washington/San Francisco,,,,,,
Nischni,,,,,,
Gelä…,,,,,,
Bundesstaat Kalifornien,,,,,,
Moskaus LNG,,,,,,
Graffitis,,,,,,
Gemälde an Außenwänden,,,,,,
Obergericht,,,,,,
Ausgetrocknete Flüsse und Waldbrände,,,,,,
Mondsand,,,,,,
Klinikums Garmisch-Partenkirchen,,,,,,
Chang'e,,,,,,
Zwickmühle,,,,,,
Heizungsmarkt,,,,,,
f…,,,,,,
Mannheimer Morgen,,,,,,
Treibstofflager,,,,,,
Urlaubs-Gau,,,,,,
Firmament,,,,,,
Vulkanen,,,,,,
Sicherheitszusagen,,,,,,
Methanol-Basis,,,,,,
Waden,,,,,,
Jamal-Nenzen,,,,,,
Polarkre…,,,,,,
Nawalny-Gedenken,,,,,,
Gedenkveranstaltungen,,,,,,
Freitagnachmittag,,,,,,
Missbrauchsskandal,,,,,,
Atlantischen Umwälzzirkulation kön,,,,,,
Rafah-Offensive,,,,,,
Rüstungsskandal,,,,,,
Pistorius-Ministerium,,,,,,
Nazi-Bande,,,,,,
Dollar-Ära,,,,,,
Salechard“,,,,,,
Sibiriens,,,,,,
Skigebiete,,,,,,
Herr Kueny,,,,,,
Posthausen,,,,,,
Back-up,,,,,,
US-Energieministerin,,,,,,
A5,,,,,,
Mücke,,,,,,
Brüssel2,,,,,,
Datenschutz,,,,,,
Hamburger Landgericht,,,,,,
Luftabwehrsystem,,,,,,
Washington s…,,,,,,
Grenzübergängen,,,,,,
Kantons Ge…,,,,,,
Wahlkampfauftritte,,,,,,
Powerhost,,,,,,
Alma Zadić,,,,,,
amerikanischen Kontinents,,,,,,
verhinder,,,,,,
Roither Berg,,,,,,
Gesundheitshelfer,,,,,,
Verteidigungssystems,,,,,,
Systemressourcen,,,,,,
Hansestadt ledigli…,,,,,,
Landgerichts Hamburg,,,,,,
Dortmunder Hafen,,,,,,
Kritis,,,,,,
Rekord-Millionen,,,,,,
Vor-Pandemie-Niveau,,,,,,
Koice,,,,,,
Strickjacke,,,,,,
Cardigans,,,,,,
Rostocker Hafen- und Seemannsamt,,,,,,
Michiganse…,,,,,,
Militärischer Hamas-Arm,,,,,,
Wien-Favoriten,,,,,,
Brandenburg Ostermärsche,,,,,,
Eibiswald,,,,,,
Nienburg an der Weser,,,,,,
Dehoga-Landesverbände,,,,,,
Langelsheim,,,,,,
posen,,,,,,
Katja Krasavice,,,,,,
"Moskau
",,,,,,
Metzingen,,,,,,
wichti,,,,,,
Energiepreis,,,,,,
Zinslast,,,,,,
Monatswechsel,,,,,,
Kriseund,,,,,,
Wirtschaftsministerium,,,,,,
Havanna-Syndrom,,,,,,
Schöninger,,,,,,
Helmstedt,,,,,,
Statistische Lan…,,,,,,
Republik Tatarstan,,,,,,
Energiewaffen,,,,,,
Wetterdienstangaben,,,,,,
Kernkraftwerk Palisades,,,,,,
Ehrengast,,,,,,
Erde au,,,,,,
Kreis Soest,,,,,,
Justizpalast Gil Ponce,,,,,,
Militärökonomen,,,,,,
Dreht Augsburg,,,,,,
Methans,,,,,,
Steinalm-Formation,,,,,,
Nike,,,,,,
finnische Grenze,,,,,,
Wärmepumpen-Spaziergang,,,,,,
Frankfurt-Sossenheim,,,,,,
Sossenheim,,,,,,
Waffenfunde bei Durchsuchung,,,,,,
Grün am Schutzweg,,,,,,
Italiener Straße,,,,,,
Ossiacherzeile,,,,,,
Schutzweg,,,,,,
Europäischen Gerichtshofs für Menschenrechte,,,,,,
Wohnungsbaubranche,,,,,,
Wohnungsmangel,,,,,,
Floater-Tarif,,,,,,
Vantaa,,,,,,
Strommarkts,,,,,,
erhebli…,,,,,,
angegrillt,,,,,,
Piräus,,,,,,
Typs Shahed,,,,,,
Kap Chauda,,,,,,
Hohe Verluste,,,,,,
Wasser­massen,,,,,,
Gän…,,,,,,
Landtag ha,,,,,,
Balad,,,,,,
Stadt vo,,,,,,
Waffen-Engpass,,,,,,
Lielvarde,,,,,,
Ginsheim-Gustavsburg,,,,,,
Landkreis Groß-Gerau,,,,,,
Nukleartechnik,,,,,,
Dammbrüchen am Ural,,,,,,
Jaffa,,,,,,
López Obrador,,,,,,
Wahlkampf Foto,,,,,,
Altmarkkreis Salzwedel,,,,,,
Obersten Führers,,,,,,
Fluxys,,,,,,
Geschehens kön,,,,,,
Flusses U…,,,,,,
Gaza-Verhandlungen,,,,,,
Zentrum gehe,,,,,,
Moskauer Ermittlungskomitees,,,,,,
Erdbeben-Feld,,,,,,
Naziverbrechen,,,,,,
Bezirk Oren…,,,,,,
Agrargütern,,,,,,
schonen,,,,,,
Konsumdeutschland,,,,,,
Naturhistorischen Museums,,,,,,
Stetten,,,,,,
Klima-Extreme,,,,,,
Benzinsorten E5,,,,,,
Zukunftspessimismus,,,,,,
Klima-Berechnungen,,,,,,
Verteilernetzes,,,,,,
arabische Länder Israel,,,,,,
Waff…,,,,,,
US-Gelder,,,,,,
Lobbyverband,,,,,,
Heatle,,,,,,
Dating-Plattformen,,,,,,
Amtsgericht T…,,,,,,
Al-Shifa-Krankenhaus,,,,,,
Frühjahrs-Defensive,,,,,,
Verhandlungs-Möglichkeiten,,,,,,
Nato-Mitgliedstaat,,,,,,
AKW-Netzwerks,,,,,,
Geheimnisverrat,,,,,,
Gülzow,,,,,,
ukrainische Grenze,,,,,,
Krk,,,,,,
de Deutschland,,,,,,
Weltsicherheitsrat,,,,,,
Kosino,,,,,,
Ost-Derby,,,,,,
Mega-Knatsch,,,,,,
Wochenrückblick Trümmerteile,,,,,,
Geoengineering-Technologien,,,,,,
Preismasten,,,,,,
Kriegshafen Sewastopol,,,,,,
Öko-Diesel,,,,,,
Regionalparlament Tschernihiw,,,,,,
Schweriner Landtag,,,,,,
Charkow,,,,,,
Taurus-Marschflugköpern,,,,,,
BILD.de Jena,,,,,,
Landkrank,,,,,,
Superwahljahr,,,,,,
AfD-Abgeordneter,,,,,,
Frankfurter Museen,,,,,,
Verlustgefühle,,,,,,
Weimarer,,,,,,
Wolf Haas,,,,,,
Düsseldorfer Park,,,,,,
Nahtoderlebnissen,,,,,,
Moskauer Flughafen,,,,,,
Kants,,,,,,
Rochester am Ontariosee,,,,,,
Leider,,,,,,
Nam…,,,,,,
Schulleitungen,,,,,,
Russlandstand,,,,,,
Russland formiere,,,,,,
Daimler-Buses-Chef,,,,,,
Einsamkeit,,,,,,
Charkiw einzuneh…,,,,,,
Konzertbesucher,,,,,,
Hungersnot,,,,,,
Hitzehölle,,,,,,
Science-Fiction,,,,,,
Wiga,,,,,,
X26.03.2024,,,,,,
Posit…,,,,,,
Belarus f…,,,,,,
Membran,,,,,,
Oreo,,,,,,
Tuc,,,,,,
Offliner,,,,,,
Sulzberg,,,,,,
Havel,,,,,,
Odelzhausen,,,,,,
Nez Percé,,,,,,
Oregon,,,,,,
Phishing,,,,,,
Gesundheitszustand,,,,,,
Nein,,,,,,
Pfarren,,,,,,
beschäd…,,,,,,
Weltraumteleskop Hubble,,,,,,
Astronomie,,,,,,
Zentral…,,,,,,
Krasnohoriwka,,,,,,
Parteifreunds,,,,,,
Falmouth,,,,,,
Eisplanet,,,,,,
Veranstaltern,,,,,,
offizi…,,,,,,
Haus in de…,,,,,,
Basmannyj-Gericht,,,,,,
Haus in der Stadt,,,,,,
Lithium,,,,,,
Dry Tortugas,,,,,,
Konzerthalle,,,,,,
Erfurter Dom,,,,,,
Ukraine-Nachbarland,,,,,,
Samstagfrüh,,,,,,
Crocus City,,,,,,
Militärangaben am Sonntag,,,,,,
Anschlag,,,,,,
Crocus City Hall am Freitagabend,,,,,,
Ben Hodges,,,,,,
Pearl Harbor durc…,,,,,,
V…,,,,,,
Gin,,,,,,
Bananenlikör,,,,,,
Zitronensaft,,,,,,
Bitters,,,,,,
Ginger Beer,,,,,,
Nahost-Reise,,,,,,
Angriff bei Moskau,,,,,,
Attal,,,,,,
Treffern,,,,,,
Videowerbetafeln,,,,,,
Grillvergnügen,,,,,,
Sattelzuges,,,,,,
Direktion Staat…,,,,,,
Messevorplatz,,,,,,
Atesh,,,,,,
Wadym Iwtschenko,,,,,,
Ausschusses für nationale Si…,,,,,,
Tagesverlauf,,,,,,
Gas-Probebohrungen,,,,,,
Molln,,,,,,
Fachkreisen,,,,,,
Potsdam-West,,,,,,
Fernwärmenetz,,,,,,
Screenshots,,,,,,
Emojis,,,,,,
Kremlkriti…,,,,,,
Uno-Mission,,,,,,
Primorsko-Achtarsk,,,,,,
Naturbüro,,,,,,
russischen Grenze en,,,,,,
Außenbezirken,,,,,,
Horliwka,,,,,,
Pobjeda abgeschoss…,,,,,,
Chortyzja,,,,,,
Diebstähle,,,,,,
Wittenau,,,,,,
Zentrum des Gazastreifens ,,,,,,
Lichtblicken,,,,,,
Maßregelvollzug,,,,,,
Griechen,,,,,,
Aswestopoulos,,,,,,
Zeik,,,,,,
Andronaco,,,,,,
afrikanischen Kontinent,,,,,,
Stadttheater Kamenz,,,,,,
Balkonkraftwerk,,,,,,
Glas-Glas,,,,,,
Erdbeben im Nordwesten Chinas,,,,,,
Erdbeben in China,,,,,,
Landkreis Mansfeld-Südharz,,,,,,
Landkreistag,,,,,,
Eurozonen-Ländern,,,,,,
Euro-Raum,,,,,,
AKW Koeberg,,,,,,
Landesgericht Feldkirch,,,,,,
Kreditschutzverband,,,,,,
Hard,,,,,,
Eskalation im Roten Meer,,,,,,
Rewe,,,,,,
FIS Finanz- und Invest-Services,,,,,,
EU-Schuldenregeln,,,,,,
Bar,,,,,,
AfD-Erfolgen,,,,,,
Wirtschaftsforschungsinstitutes Ifo,,,,,,
Wohnungskonzerne,,,,,,
Verstoßes,,,,,,
Toshiba,,,,,,
Reservistenverbands,,,,,,
Durchsuchungsbeschlüssen,,,,,,
Widerstandsgeist,,,,,,
Südchinesisches Meer,,,,,,
Neun-Striche-Linie,,,,,,
Barrieren,,,,,,
Wetterdienst,,,,,,
Mandra,,,,,,
Transformationen,,,,,,
Zeitenwenden,,,,,,
Jahreswechsel,,,,,,
Dürresommer,,,,,,
Weinheim na…,,,,,,
Universitätsklinikums Kiel,,,,,,
Vord…,,,,,,
Nazi-Truppen,,,,,,
Verfassungsgericht Parteichef,,,,,,
Klima-Geschwindigkeitsbonus,,,,,,
angrichtet,,,,,,
Bündnisgi…,,,,,,
Donezk Foto,,,,,,
Alexa…,,,,,,
Mühldorf,,,,,,
"CDU-Programm ""Schuss",,,,,,
Eon-Chef,,,,,,
eskalieren,,,,,,
Eon-Chef Birnbaum,,,,,,
Bezu…,,,,,,
Steuerschulden,,,,,,
Suez-Kanal,,,,,,
Minenräum-Schiffen,,,,,,
Konstanza,,,,,,
Off…,,,,,,
Förderungen,,,,,,
Südchinesische Meer,,,,,,
Bio-Lebensmittelmarkt,,,,,,
Gebietes Saporischschja,,,,,,
Nikolaus,,,,,,
Zerstörungswut,,,,,,
Lektüre,,,,,,
Angriffes,,,,,,
Wissensbedarf,,,,,,
Mariano-Josephinum,,,,,,
Betriebsverbot,,,,,,
Wiederinbetriebnahme,,,,,,
Landkreis Cham ,,,,,,
Uni Bielefeld,,,,,,
Ukraine s…,,,,,,
Glock-Pistole,,,,,,
Schütze von Prag,,,,,,
Hostoun,,,,,,
Stü…,,,,,,
Gemeindebunds,,,,,,
Hamburg-Finkenwerder,,,,,,
Republika,,,,,,
Hrubieszow,,,,,,
Bankenverbands,,,,,,
Liesing,,,,,,
Leopoldstadt,,,,,,
Döbling,,,,,,
Stürm…,,,,,,
Kremlgegner,,,,,,
Gaming-Nacken-Lautsprecher,,,,,,
Finanzsperre,,,,,,
Neuzugang Patrail,,,,,,
Recycling,,,,,,
Arbeitslosenhilfen,,,,,,
Weißen Haus am Mittwoch,,,,,,
Massenschießereien,,,,,,
Dallas am Sonntag,,,,,,
Pflanzenbasis essen,,,,,,
Wausau,,,,,,
NATO-Mitgliedsstaat Estland,,,,,,
Staat Deutschland,,,,,,
Klima-Ranking,,,,,,
Endstation,,,,,,
Schetteregg,,,,,,
Klimaschutz-Index,,,,,,
Zwischenstopp,,,,,,
Correia e Silva,,,,,,
Lateinamerika-Reise,,,,,,
Onlinemarktplatz Kleinanzeigen,,,,,,
Dubai d…,,,,,,
Hagen Schüsse,,,,,,
City Cube Berlin,,,,,,
Totalversager,,,,,,
Linie 2,,,,,,
Hamas-Sprecher,,,,,,
Israels Grenze,,,,,,
Gazast…,,,,,,
Kita-Angebot,,,,,,
Helsinkis,,,,,,
Libanon v…,,,,,,
Mäntyniemi,,,,,,
Immobilienkonzerns,,,,,,
Vanessa Nakate,,,,,,
Villepinte,,,,,,
Reifenplatzer,,,,,,
Langlauf-Staffeln,,,,,,
WM-Titel,,,,,,
Duba…,,,,,,
Musikstreaming-Anbieter,,,,,,
Neuburg an …,,,,,,
Vorj…,,,,,,
Preisschilder,,,,,,
Südbayern,,,,,,
Ägypt…,,,,,,
Bürgergeld-Plus,,,,,,
Bürgergeldes,,,,,,
Russland-Ukraine-Konflikt,,,,,,
Olympiabewerbung,,,,,,
Energie-Weg,,,,,,
deutschen Regierung,,,,,,
Klimaaußenpolitik-Strategie,,,,,,
Landkreises Gießen,,,,,,
Nordfrankreichs Küste,,,,,,
Sächsische Rechnungshof,,,,,,
Subventionskürzungen,,,,,,
Kapitalmark…,,,,,,
Staatenverbunds,,,,,,
Ukrainekonflikt,,,,,,
Lieferwagens,,,,,,
Tagesspiegel-App Aktuelle Na…,,,,,,
Eierpreisen,,,,,,
Verwaltungsgericht Bayreuth,,,,,,
Bürgerbegehrens,,,,,,
Spar-Haushalt,,,,,,
Ukraine-Beitrittsverhandlungen,,,,,,
Diepenau-Lavelsloh,,,,,,
Landkreis Nienburg,,,,,,
Putin-Show,,,,,,
Ukraine-Skeptiker,,,,,,
Durchhaltevermögen,,,,,,
EU-Hilfen,,,,,,
Anti-Terroreinsatz,,,,,,
A38,,,,,,
Autobahn 38,,,,,,
kanadische Staat,,,,,,
CO₂-Preisschock,,,,,,
nan Öl-,,,,,,
Viersener,,,,,,
Krupets,,,,,,
Rathaus ge…,,,,,,
Bremer Rathauses,,,,,,
vatikanische Gericht,,,,,,
Dayton,,,,,,
AQ 400 Scythe-Drohnen,,,,,,
Dorohusk-Yahodyn,,,,,,
Haupstadt,,,,,,
Hilfswerks,,,,,,
Atomkraftwerks Isar,,,,,,
Städtereise-Serie,,,,,,
Heizgerät,,,,,,
Grenzblockade,,,,,,
Neonazi-Treffen,,,,,,
Verwaltungsgerichts Leipzig,,,,,,
Kuhdung-Sprit,,,,,,
Sunak Churchill-Rolle,,,,,,
Landkreis Deggendorf,,,,,,
hinauszuschießen,,,,,,
COP28,,,,,,
Regierungshandeln,,,,,,
Umweltbundesamt-Präsident,,,,,,
AKW Brokdorf“,,,,,,
Kernkraftwerks Brokdorf,,,,,,
Kartellwächter,,,,,,
Berliner Ampel-Koalition,,,,,,
Kriegswaffen,,,,,,
Bundesverfassungsgerichts Milliarden zusamme…,,,,,,
Handelsdrehscheibe,,,,,,
Ruhr,,,,,,
Wachstumsschmerzen,,,,,,
Tagen noc…,,,,,,
WDNCh-Gelände,,,,,,
Spardisziplin,,,,,,
Geschäftsräume,,,,,,
Klinikum Ludwigshafen - Häftling,,,,,,
Maiers,,,,,,
Aller,,,,,,
Kriegsgegner Nadeschdin,,,,,,
Hasel,,,,,,
ägäische Meer,,,,,,
noe,,,,,,
Billig-Schlafsäcken,,,,,,
Gewehren,,,,,,
Schweriner Landgericht,,,,,,
Eislaufverein Wörthersee,,,,,,
Natureisflächen,,,,,,
Weißensee,,,,,,
Aichwaldsee,,,,,,
Hörzendorfersee,,,,,,
Radlerstopp St. Veit,,,,,,
Rauschelesee,,,,,,
Kulturfabrik Kampnagel,,,,,,
türkischen Notenbank,,,,,,
Lohnrunden,,,,,,
Unisex-Klos,,,,,,
Clan-Villa,,,,,,
Clan-Villa“,,,,,,
Villa der Großfamilie,,,,,,
Gasnetzbetreiber Gascade,,,,,,
Stadt Bottrop,,,,,,
Montag w…,,,,,,
Serbiens,,,,,,
Hering,,,,,,
Pelzmantel,,,,,,
Anastasija,,,,,,
Eritreer,,,,,,
Nötsch,,,,,,
Emissionsminderungen,,,,,,
(49-Euro-Ticket,,,,,,
State Street,,,,,,
Davos ge…,,,,,,
Mayotte,,,,,,
La Réunion,,,,,,
US-Tageszeitung,,,,,,
Tasse Kaffee,,,,,,
Eigentum,,,,,,
Wertgegenständen,,,,,,
Upgrade-Option,,,,,,
Russlands Parlamentschef,,,,,,
Washington/New York,,,,,,
Sicherheitskreisen,,,,,,
Love-Story,,,,,,
brutal,,,,,,
Ravens,,,,,,
ostfriesischen Inseln,,,,,,
Fahnen-Posse,,,,,,
Fußball-Jahr,,,,,,
Eisschwimmen,,,,,,
Carpaccio,,,,,,
Windkraftausbau gibts,,,,,,
Gemeinde Dernau,,,,,,
Äquator,,,,,,
Käfer,,,,,,
Plankton,,,,,,
UN-Mitarbeitern,,,,,,
tiefen Seen,,,,,,
Traunsee,,,,,,
Rath…,,,,,,
Bezirkswette,,,,,,
Bezirksbürgermeister von Neukölln,,,,,,
Ilsenhöhle,,,,,,
Gold-Land Deutschland,,,,,,
Holvi,,,,,,
Nordwest-Syrien,,,,,,
Vorurteile,,,,,,
Umweltamt,,,,,,
Phuket,,,,,,
Viktor Orbán,,,,,,
Schwabens,,,,,,
Billstedt,,,,,,
Freitagmittag,,,,,,
Wetter-Rekord,,,,,,
Spielstand,,,,,,
Memorial-Mitbegründer,,,,,,
Post-Chef,,,,,,
UN-Konvention,,,,,,
libanesisch-israelischen Grenze,,,,,,
Immunstatus von Zugvögeln,,,,,,
Judenhassern,,,,,,
Wettbewer…,,,,,,
Tavria,,,,,,
Südostfront,,,,,,
Zeit-Flucht,,,,,,
Nahrungsmittel,,,,,,
Haushaltsenergie,,,,,,
Hallstättersee,,,,,,
Biobäuerin,,,,,,
Linken-Landesvorsitzende Katharina Slanina,,,,,,
Kreis Uckermark,,,,,,
Brötchen-Klau,,,,,,
Hauptbahnhof Leipzig,,,,,,
Fühler,,,,,,
Vereinigte Staaten,,,,,,
Lambsdorff,,,,,,
Nazi-Vergleich,,,,,,
Würstchen,,,,,,
Fruchtjoghurt,,,,,,
Saporis…,,,,,,
Gondel,,,,,,
Hinblick,,,,,,
Landgericht Magdeburg,,,,,,
Belgrader,,,,,,
EU-Sondergipfel,,,,,,
Defizite,,,,,,
Regierungskreisen …,,,,,,
Berliner Regierungsviertel,,,,,,
Trimetazidin,,,,,,
Orbán-Besuch,,,,,,
Un­garn,,,,,,
Niederlanden Militärkorridor,,,,,,
Russlanddeutschen Tannenzapfen,,,,,,
Gold-Flucht,,,,,,
Weltwirtschaftsforum,,,,,,
Baltische Staaten,,,,,,
Neustadt in Holstein,,,,,,
Finanzamt Innsbruck,,,,,,
Euroländern,,,,,,
Solidaritäts-Demo,,,,,,
runterzudrehen,,,,,,
Taurus-Flugkörper,,,,,,
Gebiet C…,,,,,,
Hamas-Führers,,,,,,
Sarg von Hamas-Führer Saleh al-Arouri,,,,,,
Hamas-Strukturen,,,,,,
Atom-Brennstoff,,,,,,
Frauen-Staffel,,,,,,
Modena,,,,,,
Flensburger,,,,,,
Hetmantsev,,,,,,
Gornal,,,,,,
Heizskandal,,,,,,
Wustrau,,,,,,
Eyre-Halbinsel,,,,,,
Needit,,,,,,
Online-Angriff,,,,,,
Transdev,,,,,,
Rhein-Ruhr-Bahn,,,,,,
Tiefsttemperaturen,,,,,,
Newa,,,,,,
Traktorblockaden,,,,,,
Lokführerstreik,,,,,,
Mensc…,,,,,,
Signa-Pleite,,,,,,
Nachbarn Russland,,,,,,
Vie…,,,,,,
CO2-freie Schifffahrt,,,,,,
Containerriesen,,,,,,
Choreographen,,,,,,
Europas …,,,,,,
Jänner-Nacht,,,,,,
Streckbetrieb,,,,,,
Sekundenkleber,,,,,,
Atomkraft-Theater,,,,,,
durchflog,,,,,,
Infrast…,,,,,,
Wjatscheslaw Gladkow,,,,,,
Kyivstar,,,,,,
Klimahaus,,,,,,
Statistische Landesamt ei,,,,,,
Klima-Front,,,,,,
Wachteleier-Omelette,,,,,,
Bottich,,,,,,
Frühstücksläden,,,,,,
Oeuf,,,,,,
Ferienende am Wochenende,,,,,,
Naturstein,,,,,,
Perry,,,,,,
Startup-Klima,,,,,,
Signa-Gruppe,,,,,,
Gastro-Experten,,,,,,
Boeing-Krise,,,,,,
kriegsgeschundene Land,,,,,,
Provinz Sistan und Belutschistan,,,,,,
Sturmschäden,,,,,,
US-Klimagesandter,,,,,,
Bundesländern,,,,,,
Nichtregierungsorganisation Oxfam,,,,,,
Billionär,,,,,,
Untersu…,,,,,,
Höhepunkt2,,,,,,
Anlagen dü,,,,,,
Nicht-Gamer,,,,,,
Massagesalons,,,,,,
Wagenknechts,,,,,,
Reckwitz,,,,,,
Blitzeis,,,,,,
Rekord-Temperaturen,,,,,,
Hunga-Vulkans,,,,,,
Felskängurus,,,,,,
Pythons,,,,,,
Koalas,,,,,,
Nebenkosten-Hammer,,,,,,
Lagarde,,,,,,
Staatsdienern,,,,,,
Guayaquil,,,,,,
Klimagelds,,,,,,
Finanz-Startups,,,,,,
Unitplus,,,,,,
Zoo Neuwied,,,,,,
AfD-Infostand,,,,,,
Energiewende-Lügen,,,,,,
Kältemythen,,,,,,
Burglandkreis,,,,,,
Home-Workout,,,,,,
Haßberge,,,,,,
Caritas-Kinderg…,,,,,,
Albisgütli,,,,,,
Bauern-Demos,,,,,,
Bürgergelds,,,,,,
Büschen,,,,,,
Luftlöchern,,,,,,
Statistische Landesamt am Donnerstag,,,,,,
Erfu…,,,,,,
Energiebranchenverband,,,,,,
Kühe,,,,,,
Wärmestube Berlin,,,,,,
Barrierefreiheitsgründen,,,,,,
Atomkraftwerk Se…,,,,,,
S. Frühauf,,,,,,
Legislaturperioden,,,,,,
Burghau,,,,,,
Statistische Amt am Freitag,,,,,,
Vogelpopulationen,,,,,,
Republik Jemen,,,,,,
Mittelost,,,,,,
serbische Regierung,,,,,,
Peta,,,,,,
Bundesstraße 180,,,,,,
russischen Regimes,,,,,,
