topic,sentiment_mean,sentiment_std,subjectivity_mean,subjectivity_std,counting
Energie,0.0035273300020925726,0.9615841823326914,-0.02182320492713004,0.9626201943171765,2736.0
Krieg,-0.0430377577467038,0.9900425285922803,-0.09150845413253948,0.8975579402575092,3894.0
Krise,0.015327800230018567,1.0151240025554316,0.04631024484638275,1.0688814979178256,2796.0
Winter,0.0479899284845455,1.0115622855791169,0.1175613563616318,1.0743688277165029,2482.0
