topic,sentiment_mean,sentiment_std,subjectivity_mean,subjectivity_std,counting
Energie,0.03714666920520358,0.9665083188697954,-0.037719164797008105,0.9358034425246804,4606.0
Krieg,-0.07178807419844259,1.0028430819033964,-0.08322140750829964,0.8958329153887393,7040.0
Krise,0.0343892536178486,0.9995834737104552,0.06270233923735206,1.0970428339127556,4917.0
Winter,0.04371904138054845,1.0097735183501313,0.11887294670921589,1.089032076589282,3819.0
