topic,sentiment_mean,sentiment_std,subjectivity_mean,subjectivity_std,counting
Energie,0.030752466220475984,0.9684037150725305,-0.03065057486770152,0.9439444003756724,4052.0
Krieg,-0.06546214999091836,1.005541137943447,-0.08633627595830157,0.8946136485614846,6049.0
Krise,0.019005795087454983,1.0062829941180393,0.06502118106033385,1.1023649732016638,4257.0
Winter,0.06075977708973774,0.9929857682884945,0.11686629896716584,1.0767000249963605,3197.0
