topic,sentiment_mean,sentiment_std,subjectivity_mean,subjectivity_std,counting
Energie,0.023532938798438086,0.9650264463210073,-0.02584767715014462,0.9462143008550145,3643.0
Krieg,-0.05977485559311302,0.9979588414961237,-0.084555894748359,0.9021899397259487,5217.0
Krise,0.01858901391350507,1.0156584381073233,0.05593050979952995,1.0925025025782855,3749.0
Winter,0.055375372954088134,0.9982074121491792,0.11453379645760736,1.0715234344383002,2883.0
