topic,sentiment_mean,sentiment_std,subjectivity_mean,subjectivity_std,counting
Energie,0.01246284209622807,0.9660181813082456,-0.024671780629550243,0.9467901212668017,3153.0
Krieg,-0.049202182178886215,0.9913035690477616,-0.09001656985780283,0.8941684153029428,4407.0
Krise,0.016265474686634522,1.0142321202826718,0.047117734487745894,1.0815033181004174,3245.0
Winter,0.04842333428222296,1.0083160951511578,0.12307654624857059,1.0846339250227215,2657.0
