topic,sentiment_mean,sentiment_std,subjectivity_mean,subjectivity_std,counting
Energie,0.0016085175393008278,0.9656617588205785,-0.02561788623873516,0.9630450338027379,2538.0
Krieg,-0.03859438733714169,0.9896039629874882,-0.09423783566373295,0.8919354242276936,3556.0
Krise,0.006716117557917489,1.0165489004846395,0.05203726620073558,1.0722122546288186,2488.0
Winter,0.05119219026868557,1.0049635621497532,0.11725778204609118,1.074389873925206,2356.0
