topic,sentiment_mean,sentiment_std,subjectivity_mean,subjectivity_std,counting
Energie,0.019043598855443145,0.9670823964608788,-0.026795763531417015,0.9434408097294644,3544.0
Krieg,-0.05706258065165513,0.9958125495269474,-0.08307492865795613,0.9054141235286087,5121.0
Krise,0.01794385938172848,1.016885224592453,0.05063390541051957,1.084242279326087,3702.0
Winter,0.05670826270532326,0.9973929181896117,0.11850762667713644,1.0785609515660626,2848.0
