topic,sentiment_mean,sentiment_std,subjectivity_mean,subjectivity_std,counting
Energie,0.037520092845017734,0.966204427578702,-0.03688270593167277,0.9356656505819577,4535.0
Krieg,-0.07032229845655477,1.0016442208142469,-0.08296910469465352,0.8955576344641122,6860.0
Krise,0.030073402610338546,1.000246236562307,0.06516637353977237,1.1023601477094358,4776.0
Winter,0.04582188483160375,1.0116831830872313,0.11509458744656405,1.0837889668358995,3719.0
