topic,sentiment_mean,sentiment_std,subjectivity_mean,subjectivity_std,counting
Energie,0.033412582777438554,0.9675769839078451,-0.03767730985484311,0.9348478796410478,4415.0
Krieg,-0.06655531210162875,0.9996025504568025,-0.08248536529244825,0.8972777464791512,6674.0
Krise,0.028065427045569562,0.999679290104464,0.06435925068273428,1.0996214002854472,4647.0
Winter,0.04716461725703643,1.0151739807086178,0.11750720357556002,1.0863693071493314,3578.0
