topic,sentiment_mean,sentiment_std,subjectivity_mean,subjectivity_std,counting
Energie,0.03659919491454113,0.9667207282771568,-0.037827059655360394,0.9354199247813778,4445.0
Krieg,-0.06900501584353988,1.0013086678414218,-0.08350234826106039,0.8950685643697545,6758.0
Krise,0.0273841257291043,0.9995576808877671,0.06680021753490864,1.1024246367871777,4701.0
Winter,0.048746514993081844,1.0125436355673356,0.11593176124491947,1.0847515642668775,3634.0
