topic,sentiment_mean,sentiment_std,subjectivity_mean,subjectivity_std,counting
Energie,0.004835063486452069,0.9668229782666431,-0.01987985291245375,0.9679869565496602,2596.0
Krieg,-0.03884392644970374,0.9881560854345648,-0.09471862384356348,0.889935784195302,3664.0
Krise,0.007605136906932496,1.0125931699777355,0.047354802829971857,1.0715984251556074,2594.0
Winter,0.04735737711756735,1.0107185652382062,0.11681340132016829,1.0731880857371994,2412.0
