topic,sentiment_mean,sentiment_std,subjectivity_mean,subjectivity_std,counting
Energie,0.009464001232638799,0.9645851451089763,-0.023490296818102184,0.9566514449410678,2838.0
Krieg,-0.046990129047646094,0.9904025445947695,-0.09445909313734534,0.8921765466056351,4032.0
Krise,0.0161335671506106,1.0141210921581956,0.050795003187039486,1.0757953586469096,2890.0
Winter,0.04741566140950699,1.009800729326519,0.1207954268582682,1.0803709899404041,2532.0
