topic,sentiment_mean,sentiment_std,subjectivity_mean,subjectivity_std,counting
Energie,0.00731953902211649,0.9640044401359629,-0.030223867820297748,0.9433607889446798,3052.0
Krieg,-0.04901647612870534,0.9932052930527869,-0.08888589250736242,0.8951698094914428,4280.0
Krise,0.016887652590646042,1.0138473672048471,0.04610741047523294,1.077096098257202,3178.0
Winter,0.05232241557796809,1.0067541706099021,0.12540126728410544,1.088348109341135,2643.0
