topic,sentiment_mean,sentiment_std,subjectivity_mean,subjectivity_std,counting
Energie,0.019151758915156723,0.964893245124772,-0.026863097332335883,0.9427107778634293,3506.0
Krieg,-0.05588144610472335,0.9939250830528744,-0.08449358204383774,0.9020751681154205,5057.0
Krise,0.01784177410658444,1.017464872472017,0.052403338579803234,1.087659561310071,3685.0
Winter,0.05511142979535153,1.002378690590079,0.11957538928898737,1.0790383469654588,2791.0
