topic,sentiment_mean,sentiment_std,subjectivity_mean,subjectivity_std,counting
Energie,0.03729584440644997,0.9666234602011058,-0.03672479578294401,0.9374039013809595,4564.0
Krieg,-0.06896084719839114,1.0003878908468795,-0.08477262902321586,0.8938938672085497,6886.0
Krise,0.030578476826329182,1.00105411382199,0.06488243016698803,1.09994503529004,4824.0
Winter,0.042239124615237496,1.0128306565600211,0.11724989018631778,1.0859011671847925,3762.0
