topic,sentiment_mean,sentiment_std,subjectivity_mean,subjectivity_std,counting
Energie,0.003375845321130153,0.966674050486178,-0.03380251168684885,0.9805200260782942,1106.0
Krieg,-0.02398532766318958,0.9794719464422326,-0.11977269556334422,0.8259550410363107,1135.0
Krise,-0.03723925368585616,0.9836342988467096,0.07757831334008626,1.0922676332477472,953.0
Winter,0.0459448261853226,1.0154691212664064,0.0730537150158884,1.0344970318409645,1398.0
