topic,sentiment_mean,sentiment_std,subjectivity_mean,subjectivity_std,counting
Energie,0.03545593416657763,0.9693307713656029,-0.03439150422186721,0.9376123310986951,4378.0
Krieg,-0.066964232675121,1.001076712849083,-0.08342450446345348,0.8959827619421961,6591.0
Krise,0.027431277257657944,0.9978356999678714,0.06426695267447016,1.1029045905185983,4563.0
Winter,0.04617000706021693,1.0125686685132997,0.1157684696778329,1.081950621575328,3540.0
