topic,sentiment_mean,sentiment_std,subjectivity_mean,subjectivity_std,counting
Energie,0.02896347535200691,0.9653062899314835,-0.028480882464055748,0.9496808986344548,4106.0
Krieg,-0.06566733733116012,1.00590431629626,-0.08730808669041938,0.8911616168050382,6126.0
Krise,0.022665379852515554,1.0070173957555262,0.0644527500932688,1.0975019808180557,4313.0
Winter,0.058879718674790325,0.9954318329943702,0.11735816679564028,1.0828362211037046,3217.0
