topic,sentiment_mean,sentiment_std,subjectivity_mean,subjectivity_std,counting
Energie,0.018892258560591402,0.9695750162333191,-0.026999772977045765,0.9436236059514967,3366.0
Krieg,-0.05451053414811608,0.9921387713501805,-0.08721788145425936,0.8990128183500417,4856.0
Krise,0.017392595391478066,1.0146356867328452,0.05279029775703972,1.0894562405493742,3536.0
Winter,0.05228127183062977,1.0029176737164451,0.12121586102704396,1.077139122044492,2743.0
