,phrase,label,sentiment,subjectivity,language,count
Wladimir Putin,Wladimir Putin,PER,0.020257417102966892,0.041704063824482655,de,2674
Donald Trump,Donald Trump,PER,-0.007035024154589382,0.04234601449275362,de,2208
Wolodymyr Selenskyj,Wolodymyr Selenskyj,PER,-0.0038456835412081316,0.04194179505991685,de,1363
Olaf Scholz,Olaf Scholz,PER,0.05866627497062288,0.03697610654132393,de,851
Friedrich Merz,Friedrich Merz,PER,0.06047466095645963,0.04739471805852962,de,467
Robert Habeck,Robert Habeck,PER,0.03145604395604396,0.04693223443223444,de,364
Joe Biden,Joe Biden,PER,0.08866666666666662,0.023666666666666666,de,360
Christian Lindner,Christian Lindner,PER,0.022198581560283696,0.05758865248226951,de,235
Liveblog Irankrieg,Liveblog Irankrieg,PER,-0.05807860262008732,0.017467248908296942,de,229
Annalena Baerbock,Annalena Baerbock,PER,0.1351307189542483,0.04656862745098039,de,204
Boris Pistorius,Boris Pistorius,PER,-0.014950980392156862,0.029411764705882353,de,204
Xi Jinping,Xi Jinping,PER,0.15090759075907587,0.039603960396039604,de,202
Emmanuel Macron,Emmanuel Macron,PER,0.04438034188034188,0.03128205128205128,de,195
Alexej Nawalny,Alexej Nawalny,PER,-0.062499999999999986,0.045774647887323945,de,142
Donald Trumps,Donald Trumps,PER,-0.010628019323671507,0.026086956521739132,de,138
Marco Rubio,Marco Rubio,PER,0.08393719806763283,0.03260869565217391,de,138
Liveblog Ukrainekrieg,Liveblog Ukrainekrieg,PER,-0.08053435114503817,0.04580152671755725,de,131
Kremlchef Putin,Kremlchef Putin,PER,0.019531249999999993,0.0609375,de,128
Gerhard Schröder,Gerhard Schröder,PER,0.03868563685636857,0.03712737127371273,de,123
Ursula von der Leyen,Ursula von der Leyen,PER,0.026308539944903585,0.049586776859504134,de,121
Wladimir Putins,Wladimir Putins,PER,0.01906779661016949,0.046610169491525424,de,118
Jewgeni Prigoschin,Jewgeni Prigoschin,PER,-0.09166666666666667,0.09821428571428571,de,112
Wirtschaftsminister Habeck,Wirtschaftsminister Habeck,PER,0.006481481481481483,0.009259259259259259,de,108
Kremlchef Wladimir Putin,Kremlchef Wladimir Putin,PER,0.040909090909090916,0.03164983164983164,de,99
Sahra Wagenknecht,Sahra Wagenknecht,PER,0.06180555555555555,0.06944444444444445,de,96
Elon Musk,Elon Musk,PER,-0.06201754385964911,0.08035087719298245,de,95
Angela Merkel,Angela Merkel,PER,0.08894736842105262,0.12666666666666668,de,95
Sergej Lawrow,Sergej Lawrow,PER,-0.00754385964912281,0.031578947368421054,de,95
Benjamin Netanjahu,Benjamin Netanjahu,PER,-0.11612318840579708,0.03260869565217391,de,92
Finanzminister Lindner,Finanzminister Lindner,PER,0.1017857142857143,0.017857142857142856,de,84
Markus Söder,Markus Söder,PER,0.04999999999999999,0.02857142857142857,de,84
Viktor Orbán,Viktor Orbán,PER,-0.044879518072289154,0.018072289156626505,de,83
Steve Witkoff,Steve Witkoff,PER,0.09878048780487807,0.00975609756097561,de,82
Johann Wadephul,Johann Wadephul,PER,0.043577235772357725,0.05691056910569106,de,82
Lars Klingbeil,Lars Klingbeil,PER,0.018106995884773654,0.050411522633744855,de,81
Viktor Orban,Viktor Orban,PER,-0.008124999999999999,0.016666666666666666,de,80
Vitali Klitschko,Vitali Klitschko,PER,0.10324074074074074,0.013888888888888888,de,72
Robert Fico,Robert Fico,PER,-0.10555555555555554,0.013888888888888888,de,72
Außenministerin Baerbock,Außenministerin Baerbock,PER,-0.0036231884057971032,0.07246376811594203,de,69
Kim Jong Un,Kim Jong Un,PER,0.11102941176470589,0.022058823529411766,de,68
Jens Stoltenberg,Jens Stoltenberg,PER,0.020895522388059702,0.08208955223880597,de,67
Michael Kretschmer,Michael Kretschmer,PER,-0.028906249999999998,0.015625,de,64
Kim Jong-un,Kim Jong-un,PER,0.02526041666666666,0.0234375,de,64
Keir Starmer,Keir Starmer,PER,0.09098360655737704,0.09016393442622951,de,61
Klaus Müller,Klaus Müller,PER,0.027678571428571434,0.11607142857142858,de,56
Maybrit Illner,Maybrit Illner,PER,0.017857142857142856,0.07232142857142856,de,56
Alexander Lukaschenko,Alexander Lukaschenko,PER,-0.17644230769230768,0.11538461538461539,de,52
Steffi Lemke,Steffi Lemke,PER,0.138,0.03666666666666667,de,50
Greta Thunberg,Greta Thunberg,PER,0.04387755102040816,0.017006802721088433,de,49
Wladimir Kara-Mursa,Wladimir Kara-Mursa,PER,-0.09965277777777777,0.0,de,48
Tayyip Erdogan,Tayyip Erdogan,PER,0.05714285714285715,0.047619047619047616,de,42
Jens Spahn,Jens Spahn,PER,0.02976190476190476,0.04285714285714286,de,42
Dmitri Medwedew,Dmitri Medwedew,PER,-0.1630952380952381,0.07142857142857142,de,42
Rolf Mützenich,Rolf Mützenich,PER,-0.01904761904761905,0.05952380952380952,de,42
Markus Lanz,Markus Lanz,PER,-0.07976190476190476,0.06666666666666667,de,42
Matthias Ecke,Matthias Ecke,PER,-0.24085365853658533,0.06097560975609756,de,41
Bundeskanzler Scholz,Bundeskanzler Scholz,PER,0.09085365853658536,0.006097560975609756,de,41
Christine Lagarde,Christine Lagarde,PER,0.2,0.025,de,40
Marie-Agnes Strack-Zimmermann,Marie-Agnes Strack-Zimmermann,PER,-0.21375000000000002,0.0625,de,40
Mark Rutte,Mark Rutte,PER,-0.037499999999999985,0.025,de,40
Pete Hegseth,Pete Hegseth,PER,-0.1841880341880342,0.07692307692307693,de,39
Kaja Kallas,Kaja Kallas,PER,-0.02307692307692308,0.02564102564102564,de,39
Sergej Schoigu,Sergej Schoigu,PER,0.03399122807017544,0.04824561403508772,de,38
Tucker Carlson,Tucker Carlson,PER,0.01184210526315789,0.039473684210526314,de,38
Nancy Faeser,Nancy Faeser,PER,-0.10526315789473684,0.0,de,38
Söldnergruppe Wagner,Söldnergruppe Wagner,PER,-0.12702702702702703,0.02702702702702703,de,37
Evan Gershkovich,Evan Gershkovich,PER,-0.18055555555555555,0.06666666666666667,de,36
Wagner-Chef Prigoschin,Wagner-Chef Prigoschin,PER,0.11527777777777778,0.0,de,36
Baschar al-Assad,Baschar al-Assad,PER,-0.09857142857142857,0.0,de,35
Kamala Harris,Kamala Harris,PER,0.12571428571428572,0.05714285714285714,de,35
Kreml-Chef Wladimir Putin,Kreml-Chef Wladimir Putin,PER,-0.10380952380952382,0.05238095238095238,de,35
Rishi Sunak,Rishi Sunak,PER,0.22714285714285715,0.05714285714285714,de,35
Ulrich Reitz,Ulrich Reitz,PER,-0.08714285714285716,0.07142857142857142,de,35
Antony Blinken,Antony Blinken,PER,0.14117647058823532,0.029411764705882353,de,34
Carlo Masala,Carlo Masala,PER,0.03970588235294118,0.04411764705882353,de,34
Nico Lange,Nico Lange,PER,-0.03636363636363637,0.18181818181818182,de,33
Katherina Reiche,Katherina Reiche,PER,0.4808080808080806,0.0707070707070707,de,33
Jared Kushner,Jared Kushner,PER,0.09375,0.0,de,32
Alexander Dobrindt,Alexander Dobrindt,PER,-0.16875,0.0625,de,32
Juri Durkot,Juri Durkot,PER,0.0,0.0,de,32
Carsten Schneider,Carsten Schneider,PER,-0.05364583333333333,0.078125,de,32
Oleksii Makeiev,Oleksii Makeiev,PER,0.02239583333333335,0.08333333333333333,de,32
Jewgenij Prigoschin,Jewgenij Prigoschin,PER,-0.08548387096774195,0.20967741935483872,de,31
Luisa Neubauer,Luisa Neubauer,PER,0.016129032258064516,0.016129032258064516,de,31
Andrij Melnyk,Andrij Melnyk,PER,0.02722222222222222,0.06666666666666667,de,30
Klara Geywitz,Klara Geywitz,PER,0.27166666666666667,0.016666666666666666,de,30
Yoon Suk Yeol,Yoon Suk Yeol,PER,0.07666666666666666,0.0,de,30
Wirtschaftsminister Robert Habeck,Wirtschaftsminister Robert Habeck,PER,0.03833333333333333,0.0,de,30
Donald Tusk,Donald Tusk,PER,-0.004310344827586215,0.017241379310344827,de,29
Bundespräsident Frank-Walter Steinmeier,Bundespräsident Frank-Walter Steinmeier,PER,-0.04655172413793104,0.017241379310344827,de,29
Markus Reisner,Markus Reisner,PER,-0.044827586206896544,0.017241379310344827,de,29
Franziska Giffey,Franziska Giffey,PER,-0.08448275862068966,0.10344827586206896,de,29
Joachim Nagel,Joachim Nagel,PER,0.09655172413793103,0.0,de,29
Frank-Walter Steinmeier,Frank-Walter Steinmeier,PER,-0.04310344827586206,0.034482758620689655,de,29
Alice Schwarzer,Alice Schwarzer,PER,0.010344827586206891,0.034482758620689655,de,29
Bundespräsident Steinmeier,Bundespräsident Steinmeier,PER,0.07672413793103447,0.034482758620689655,de,29
Thomas Jäger,Thomas Jäger,PER,-0.1482758620689655,0.20689655172413793,de,29
Boris Nadeschdin,Boris Nadeschdin,PER,0.06964285714285713,0.0,de,28
Alice Weidel,Alice Weidel,PER,0.09999999999999999,0.03571428571428571,de,28
Christoph Wanner,Christoph Wanner,PER,0.04999999999999999,0.07142857142857142,de,28
Roderich Kiesewetter,Roderich Kiesewetter,PER,0.07499999999999998,0.10714285714285714,de,28
Jacques Tilly,Jacques Tilly,PER,-0.14166666666666666,0.019230769230769232,de,26
Christoph Heusgen,Christoph Heusgen,PER,0.2,0.038461538461538464,de,26
Lloyd Austin,Lloyd Austin,PER,0.11538461538461539,0.019230769230769232,de,26
Kreml-Chef Putin,Kreml-Chef Putin,PER,-0.013333333333333332,0.0,de,25
Lindsey Graham,Lindsey Graham,PER,-0.046000000000000006,0.2,de,25
Andrzej Duda,Andrzej Duda,PER,0.13133333333333333,0.02,de,25
Ali Chamenei,Ali Chamenei,PER,-0.13645833333333335,0.13541666666666666,de,24
Bundesaußenministerin Baerbock,Bundesaußenministerin Baerbock,PER,0.14166666666666666,0.041666666666666664,de,24
Abbas Araghtschi,Abbas Araghtschi,PER,-0.04583333333333334,0.0,de,24
Narendra Modi,Narendra Modi,PER,0.21562499999999998,0.052083333333333336,de,24
Scott Bessent,Scott Bessent,PER,0.020833333333333325,0.0,de,24
Jerome Powell,Jerome Powell,PER,0.11249999999999999,0.0,de,24
Dietmar Deffner,Dietmar Deffner,PER,0.0895833333333333,0.020833333333333332,de,24
Fatih Birol,Fatih Birol,PER,0.020833333333333332,0.020833333333333332,de,24
Keith Kellogg,Keith Kellogg,PER,0.20000000000000004,0.0,de,24
Christian Mölling,Christian Mölling,PER,0.03819444444444444,0.024999999999999998,de,24
Matthias Miersch,Matthias Miersch,PER,-0.04791666666666666,0.041666666666666664,de,24
Jan Marsalek,Jan Marsalek,PER,0.07083333333333335,0.08333333333333333,de,24
Papst Leo XIV,Papst Leo XIV,PER,0.06086956521739131,0.08695652173913043,de,23
Wolodimir Selenski,Wolodimir Selenski,PER,0.17391304347826086,0.0,de,23
Wirtschaftsministerin Reiche,Wirtschaftsministerin Reiche,PER,0.3217391304347825,0.02898550724637681,de,23
Karl Lauterbach,Karl Lauterbach,PER,0.049999999999999996,0.07246376811594202,de,23
Andrij Jermak,Andrij Jermak,PER,-0.11739130434782609,0.043478260869565216,de,23
Volker Wissing,Volker Wissing,PER,-0.14565217391304347,0.021739130434782608,de,23
António Guterres,António Guterres,PER,-0.07608695652173911,0.0,de,23
Denys Schmyhal,Denys Schmyhal,PER,0.16818181818181815,0.01515151515151515,de,22
Julia Nawalnaja,Julia Nawalnaja,PER,-0.04886363636363635,0.10227272727272728,de,22
JD Vance,JD Vance,PER,-0.00681818181818182,0.0,de,22
Anne Will,Anne Will,PER,0.12954545454545452,0.01515151515151515,de,22
Javier Milei,Javier Milei,PER,-0.1056818181818182,0.022727272727272728,de,22
Dietmar Woidke,Dietmar Woidke,PER,-0.19841269841269843,0.12698412698412698,de,21
Carsten Breuer,Carsten Breuer,PER,-0.14642857142857144,0.0380952380952381,de,21
Rafael Grossi,Rafael Grossi,PER,-0.18333333333333335,0.0,de,21
Wang Yi,Wang Yi,PER,-0.028571428571428574,0.0,de,21
Max Verstappen,Max Verstappen,PER,0.18095238095238098,0.047619047619047616,de,21
Prinz Reuß,Prinz Reuß,PER,0.03333333333333333,0.0,de,21
Rainer Munz,Rainer Munz,PER,-0.03333333333333333,0.09523809523809523,de,21
Wolodimir Selenskij,Wolodimir Selenskij,PER,0.04047619047619047,0.047619047619047616,de,21
Charles Michel,Charles Michel,PER,-0.047619047619047616,0.0,de,21
Massud Peseschkian,Massud Peseschkian,PER,0.06999999999999999,0.0,de,20
Kai Wegner,Kai Wegner,PER,0.2625,0.05,de,20
Christian Dürr,Christian Dürr,PER,-0.4674999999999999,0.03333333333333333,de,20
Bab al-Mandab,Bab al-Mandab,PER,0.10499999999999998,0.03,de,20
Josep Borrell,Josep Borrell,PER,-0.017500000000000005,0.0,de,20
Lewis Hamilton,Lewis Hamilton,PER,0.16999999999999998,0.0,de,20
Hendrik Wüst,Hendrik Wüst,PER,-0.7325,0.08333333333333333,de,20
Lando Norris,Lando Norris,PER,0.2210526315789474,0.0,de,19
Bundesfinanzminister Lindner,Bundesfinanzminister Lindner,PER,0.22631578947368425,0.05263157894736842,de,19
Sandra Maischberger,Sandra Maischberger,PER,0.28421052631578947,0.0,de,19
CDU-Chef Merz,CDU-Chef Merz,PER,-0.10526315789473684,0.0,de,19
Tino Chrupalla,Tino Chrupalla,PER,-0.09473684210526316,0.05263157894736842,de,19
Carsten Linnemann,Carsten Linnemann,PER,0.17192982456140352,0.043859649122807015,de,19
Paul Ronzheimer,Paul Ronzheimer,PER,0.055263157894736833,0.02631578947368421,de,19
Ramsan Kadyrow,Ramsan Kadyrow,PER,0.10394736842105261,0.10526315789473684,de,19
Helmut Lethen,Helmut Lethen,PER,-0.4368421052631579,0.0,de,19
Hubert Seipel,Hubert Seipel,PER,-0.13157894736842105,0.02631578947368421,de,19
Brittney Griner,Brittney Griner,PER,0.09473684210526315,0.10526315789473684,de,19
Israels Militär,Israels Militär,PER,-0.07777777777777778,0.0,de,18
Boris Johnson,Boris Johnson,PER,-0.1527777777777778,0.05555555555555555,de,18
John Ratcliffe,John Ratcliffe,PER,-0.058333333333333334,0.05555555555555555,de,18
Katrin Göring-Eckardt,Katrin Göring-Eckardt,PER,-0.03981481481481483,0.027777777777777776,de,18
Oleg Orlow,Oleg Orlow,PER,-0.2222222222222222,0.0,de,18
Hubertus Heil,Hubertus Heil,PER,0.9361111111111112,0.0,de,18
Nicolás Maduro,Nicolás Maduro,PER,-0.17500000000000002,0.05555555555555555,de,18
Kreml-Diktator Wladimir Putin,Kreml-Diktator Wladimir Putin,PER,-0.03888888888888889,0.1111111111111111,de,18
Anton Hofreiter,Anton Hofreiter,PER,0.0088235294117647,0.2196078431372549,de,17
Manuela Schwesig,Manuela Schwesig,PER,0.11764705882352941,0.0,de,17
US-Außenminister Blinken,US-Außenminister Blinken,PER,0.0014705882352941124,0.0,de,17
Walerij Saluschnyj,Walerij Saluschnyj,PER,0.049019607843137254,0.0,de,17
Liveblog USA,Liveblog USA,PER,-0.09999999999999999,0.0,de,17
Leonore Gewessler,Leonore Gewessler,PER,0.30000000000000004,0.0,de,17
Gustav Gressel,Gustav Gressel,PER,-0.13529411764705881,0.0,de,17
Giorgia Meloni,Giorgia Meloni,PER,-0.05980392156862745,0.058823529411764705,de,17
Sergei Lawrow,Sergei Lawrow,PER,0.037500000000000006,0.0,de,16
Kyrylo Budanow,Kyrylo Budanow,PER,-0.0625,0.0,de,16
Kanzler Scholz,Kanzler Scholz,PER,0.175,0.0,de,16
Dmytro Kuleba,Dmytro Kuleba,PER,0.075,0.09375,de,16
Wladimir Klitschko,Wladimir Klitschko,PER,-0.084375,0.0,de,16
Sergej Sobjanin,Sergej Sobjanin,PER,-0.1,0.0,de,16
Bärbel Bas,Bärbel Bas,PER,-0.125,0.0,de,16
Julia Klöckner,Julia Klöckner,PER,-0.018750000000000003,0.0,de,16
Andrij Sybiha,Andrij Sybiha,PER,0.04375,0.0,de,16
Daniela Klette,Daniela Klette,PER,-0.06666666666666667,0.0,de,15
Pedro Sánchez,Pedro Sánchez,PER,-0.07777777777777778,0.0,de,15
Chan Junis,Chan Junis,PER,-0.26333333333333336,0.13333333333333333,de,15
Altkanzler Schröder,Altkanzler Schröder,PER,0.03666666666666665,0.0,de,15
Caren Miosga,Caren Miosga,PER,0.0,0.02222222222222222,de,15
Iris Spranger,Iris Spranger,PER,0.03928571428571428,0.07142857142857142,de,14
Cem Özdemir,Cem Özdemir,PER,0.10357142857142855,0.03571428571428571,de,14
David Cameron,David Cameron,PER,0.05000000000000001,0.0,de,14
Wolodymyr Selenskij,Wolodymyr Selenskij,PER,-0.14285714285714285,0.14285714285714285,de,14
Thomas Bach,Thomas Bach,PER,0.14285714285714285,0.0,de,14
Radoslaw Sikorski,Radoslaw Sikorski,PER,-0.12142857142857143,0.0,de,14
CSU-Chef Markus Söder,CSU-Chef Markus Söder,PER,0.17142857142857143,0.07142857142857142,de,14
Michael Roth,Michael Roth,PER,-0.021428571428571432,0.14285714285714285,de,14
Moskaus Angriffskrieg,Moskaus Angriffskrieg,PER,0.09523809523809523,0.14285714285714285,de,14
Peter Tschentscher,Peter Tschentscher,PER,0.2214285714285714,0.0,de,14
Kevin Kühnert,Kevin Kühnert,PER,0.05714285714285715,0.0,de,14
NATO-Generalsekretär Stoltenberg,NATO-Generalsekretär Stoltenberg,PER,-0.04642857142857143,0.14285714285714285,de,14
Peter Thiel,Peter Thiel,PER,0.03928571428571427,0.0,de,14
EZB-Präsidentin Lagarde,EZB-Präsidentin Lagarde,PER,0.09999999999999999,0.07142857142857142,de,14
Nordkoreas Machthaber Kim Jong Un,Nordkoreas Machthaber Kim Jong Un,PER,0.12142857142857143,0.0,de,14
Stephan Weil,Stephan Weil,PER,0.049999999999999996,0.0,de,14
Alexej Nawalnys,Alexej Nawalnys,PER,-0.012499999999999999,0.07142857142857142,de,14
Pep Guardiola,Pep Guardiola,PER,-0.6107142857142858,0.0,de,14
Monika Schnitzer,Monika Schnitzer,PER,-0.017857142857142856,0.0,de,14
Leonhard Birnbaum,Leonhard Birnbaum,PER,-0.021428571428571432,0.0,de,14
US-Außenminister Rubio,US-Außenminister Rubio,PER,0.028571428571428564,0.0,de,14
Narges Mohammadi,Narges Mohammadi,PER,-0.4692307692307693,0.15384615384615385,de,13
Kirill Dmitrijew,Kirill Dmitrijew,PER,0.291025641025641,0.0,de,13
Mathieu van der Poel,Mathieu van der Poel,PER,-0.13846153846153844,0.0,de,13
Axel Springer,Axel Springer,PER,0.05384615384615384,0.0,de,13
Luiz Inácio Lula da Silva,Luiz Inácio Lula da Silva,PER,-0.005769230769230757,0.0,de,13
Marco Buschmann,Marco Buschmann,PER,-0.02307692307692308,0.07692307692307693,de,13
Holger Zschäpitz,Holger Zschäpitz,PER,0.4499999999999999,0.038461538461538464,de,13
Abu Dhabi,Abu Dhabi,PER,-0.1769230769230769,0.0,de,13
IAEA-Chef Grossi,IAEA-Chef Grossi,PER,-0.21538461538461537,0.0,de,13
Kreml-Sprecher Dmitri Peskow,Kreml-Sprecher Dmitri Peskow,PER,0.02307692307692308,0.0,de,13
Mascha Schilinski,Mascha Schilinski,PER,0.05384615384615384,0.0,de,13
Karol Nawrocki,Karol Nawrocki,PER,0.07692307692307693,0.0,de,13
Angela Göpfert,Angela Göpfert,PER,0.07692307692307693,0.0,de,13
Nato-Generalsekretär Mark Rutte,Nato-Generalsekretär Mark Rutte,PER,0.08461538461538459,0.07692307692307693,de,13
Kevin Warsh,Kevin Warsh,PER,0.2192307692307692,0.0,de,13
Anna Netrebko,Anna Netrebko,PER,0.04615384615384615,0.02564102564102564,de,13
Bundeswirtschaftsministerin Katherina Reiche,Bundeswirtschaftsministerin Katherina Reiche,PER,0.2730769230769231,0.038461538461538464,de,13
Bundesaußenministerin Annalena Baerbock,Bundesaußenministerin Annalena Baerbock,PER,0.1,0.0,de,13
Joe Bidens,Joe Bidens,PER,0.05769230769230768,0.07692307692307693,de,13
Olexij Resnikow,Olexij Resnikow,PER,-0.042307692307692296,0.0,de,13
Nato-Generalsekretär Jens Stoltenberg,Nato-Generalsekretär Jens Stoltenberg,PER,0.35,0.0,de,13
Gianni Infantino,Gianni Infantino,PER,0.08333333333333333,0.0,de,12
Lisa Paus,Lisa Paus,PER,0.37083333333333335,0.041666666666666664,de,12
Ricarda Lang,Ricarda Lang,PER,-0.16666666666666666,0.08333333333333333,de,12
Sean Penn,Sean Penn,PER,0.11666666666666665,0.0,de,12
Habecks Heizungsgesetz,Habecks Heizungsgesetz,PER,-0.16666666666666666,0.0,de,12
Elon Musks,Elon Musks,PER,-0.04999999999999999,0.0,de,12
Saskia Esken,Saskia Esken,PER,0.05833333333333333,0.0,de,12
Ilja Jaschin,Ilja Jaschin,PER,-0.025000000000000005,0.0,de,12
Armin Papperger,Armin Papperger,PER,-0.05833333333333333,0.0,de,12
John Kerry,John Kerry,PER,0.0,0.0,de,12
Charlie Kirk,Charlie Kirk,PER,0.0,0.0,de,12
Chinas Außenminister,Chinas Außenminister,PER,-0.05833333333333333,0.0,de,12
Bruno Kahl,Bruno Kahl,PER,-0.14166666666666666,0.0,de,12
Florian Silbereisen,Florian Silbereisen,PER,0.16666666666666666,0.0,de,12
Ungarns Regierungschef,Ungarns Regierungschef,PER,0.05833333333333333,0.0,de,12
Maia Sandu,Maia Sandu,PER,-0.03125,0.0,de,12
Boris Rhein,Boris Rhein,PER,0.0,0.0,de,12
Anne Applebaum,Anne Applebaum,PER,0.08333333333333333,0.0,de,12
Joachim Krause,Joachim Krause,PER,-0.17777777777777778,0.0,de,12
Sigmar Gabriel,Sigmar Gabriel,PER,-0.12916666666666665,0.0,de,12
Michail Chodorkowski,Michail Chodorkowski,PER,-0.5333333333333333,0.08333333333333333,de,12
Maximilian Krah,Maximilian Krah,PER,-0.05833333333333333,0.08333333333333333,de,12
Tschassiw Jar,Tschassiw Jar,PER,-0.2041666666666666,0.041666666666666664,de,12
CSU-Chef Söder,CSU-Chef Söder,PER,0.0,0.16666666666666666,de,12
Bundesinnenministerin Faeser,Bundesinnenministerin Faeser,PER,0.16666666666666666,0.0,de,12
Shehbaz Sharif,Shehbaz Sharif,PER,-0.10277777777777779,0.0,de,12
Cyril Ramaphosa,Cyril Ramaphosa,PER,-0.01666666666666667,0.13888888888888887,de,12
Nordkoreas Machthaber Kim,Nordkoreas Machthaber Kim,PER,0.12916666666666665,0.0,de,12
Chris Wright,Chris Wright,PER,0.11666666666666665,0.0,de,12
Wolfgang Ischinger,Wolfgang Ischinger,PER,0.0,0.0,de,12
Mateusz Morawiecki,Mateusz Morawiecki,PER,0.036363636363636355,0.0,de,11
Olaf Lies,Olaf Lies,PER,-0.15454545454545454,0.0,de,11
Tobias Goldschmidt,Tobias Goldschmidt,PER,-0.15454545454545454,0.18181818181818182,de,11
Andrius Kubilius,Andrius Kubilius,PER,-0.2727272727272727,0.2727272727272727,de,11
Unions-Kanzlerkandidat Friedrich Merz,Unions-Kanzlerkandidat Friedrich Merz,PER,0.15454545454545454,0.0,de,11
Rebecca Barth,Rebecca Barth,PER,-0.045454545454545456,0.045454545454545456,de,11
Nordkoreas Machthaber,Nordkoreas Machthaber,PER,0.06363636363636363,0.0,de,11
Bo Svensson,Bo Svensson,PER,0.06363636363636363,0.0,de,11
Roland Kather,Roland Kather,PER,0.2,0.0,de,11
Liveblog Wladimir Putin,Liveblog Wladimir Putin,PER,0.0,0.07272727272727274,de,11
Frank Umbach,Frank Umbach,PER,0.00454545454545453,0.045454545454545456,de,11
Mike Johnson,Mike Johnson,PER,0.0,0.0,de,11
Thorsten Frei,Thorsten Frei,PER,0.5999999999999999,0.07272727272727274,de,11
Alexander Stubb,Alexander Stubb,PER,-0.07727272727272728,0.13636363636363635,de,11
Liebe Leserin,Liebe Leserin,PER,0.9818181818181819,0.0,de,11
Alischer Usmanow,Alischer Usmanow,PER,-0.11818181818181818,0.0,de,11
Rustem Umerow,Rustem Umerow,PER,0.0,0.0,de,11
Alexej Nawalnyj,Alexej Nawalnyj,PER,-0.22272727272727275,0.09090909090909091,de,11
Innenministerin Faeser,Innenministerin Faeser,PER,0.2545454545454545,0.0,de,11
Rachid Chouakri,Rachid Chouakri,PER,-0.09090909090909091,0.09090909090909091,de,11
Gabor Steingart,Gabor Steingart,PER,-0.09090909090909091,0.09090909090909091,de,11
Siegfried Lenz,Siegfried Lenz,PER,0.0,0.0,de,11
Karl Schlögel,Karl Schlögel,PER,-0.17727272727272725,0.0,de,11
Alexei Nawalny,Alexei Nawalny,PER,-0.21363636363636365,0.0,de,11
Bill Gates,Bill Gates,PER,-0.1696969696969697,0.0,de,11
Jörg Alt,Jörg Alt,PER,-0.02727272727272728,0.09090909090909091,de,11
Ralf Stegner,Ralf Stegner,PER,0.02727272727272728,0.0,de,11
Anja Windl,Anja Windl,PER,0.0,0.0,de,11
Hubert Aiwanger,Hubert Aiwanger,PER,-0.12727272727272726,0.0,de,11
Aleksandar Vucic,Aleksandar Vucic,PER,-0.1606060606060606,0.0,de,11
Margot Friedländer,Margot Friedländer,PER,0.09090909090909091,0.0,de,11
Iris Stalzer,Iris Stalzer,PER,-0.02727272727272728,0.09090909090909091,de,11
Vizekanzler Habeck,Vizekanzler Habeck,PER,0.33636363636363636,0.18181818181818182,de,11
Mario Petzold,Mario Petzold,PER,0.7000000000000001,0.0,de,10
Beatrice Egli,Beatrice Egli,PER,0.4,0.0,de,10
Antonio Guterres,Antonio Guterres,PER,0.059999999999999984,0.05,de,10
Joachim Gauck,Joachim Gauck,PER,-0.13,0.1,de,10
Nancy Pelosi,Nancy Pelosi,PER,-0.13,0.0,de,10
Wolfgang Schäuble,Wolfgang Schäuble,PER,0.06999999999999999,0.0,de,10
Matthias Platzeck,Matthias Platzeck,PER,-0.05,0.05,de,10
Mathias Döpfner,Mathias Döpfner,PER,0.06999999999999999,0.0,de,10
Andrea Beer,Andrea Beer,PER,0.0,0.0,de,10
Silvia Stöber,Silvia Stöber,PER,0.0,0.0,de,10
Mohammed bin Salman,Mohammed bin Salman,PER,0.06999999999999999,0.1,de,10
Mychajlo Podoljak,Mychajlo Podoljak,PER,0.125,0.0,de,10
Frank Aischmann,Frank Aischmann,PER,0.0,0.1,de,10
Tayyip Erdoan,Tayyip Erdoan,PER,0.0,0.0,de,10
Hansi Flick,Hansi Flick,PER,-0.06500000000000002,0.25,de,10
Hafize Gaye Erkan,Hafize Gaye Erkan,PER,0.13,0.0,de,10
Tyson Fury,Tyson Fury,PER,0.06999999999999999,0.0,de,10
Norbert Röttgen,Norbert Röttgen,PER,-0.04166666666666667,0.03333333333333333,de,10
Joschka Fischer,Joschka Fischer,PER,0.0,0.0,de,10
Bernd Riegert,Bernd Riegert,PER,0.0,0.0,de,10
Hakan Fidan,Hakan Fidan,PER,0.1,0.0,de,10
Katrin Lange,Katrin Lange,PER,0.1,0.1,de,10
Ukraine Liveblog,Ukraine Liveblog,PER,0.06999999999999999,0.1,de,10
Gregor Gysi,Gregor Gysi,PER,-0.03499999999999999,0.05,de,10
Entwicklungsministerin Schulze,Entwicklungsministerin Schulze,PER,-0.13999999999999999,0.0,de,10
Igor Kirillow,Igor Kirillow,PER,-0.27,0.0,de,10
Wolfram Weimer,Wolfram Weimer,PER,-0.16999999999999998,0.0,de,10
Israels Regierungschef,Israels Regierungschef,PER,-0.13,0.0,de,10
Gerard Butler,Gerard Butler,PER,0.3,0.0,de,10
Sébastien Lecornu,Sébastien Lecornu,PER,0.04500000000000002,0.0,de,10
Stéphane Séjourné,Stéphane Séjourné,PER,0.0,0.0,de,10
Liz Truss,Liz Truss,PER,-0.06,0.1,de,10
Patrick Graichen,Patrick Graichen,PER,-0.33499999999999996,0.0,de,10
Jeremy Hunt,Jeremy Hunt,PER,0.030000000000000006,0.1,de,10
Ingo Nathusius,Ingo Nathusius,PER,0.0,0.0,de,9
Heinrich Strößenreuther,Heinrich Strößenreuther,PER,0.0,0.3333333333333333,de,9
Lula da Silva,Lula da Silva,PER,0.18888888888888888,0.2222222222222222,de,9
Nicole Deitelhoff,Nicole Deitelhoff,PER,0.3333333333333333,0.0,de,9
Modschtaba Chamenei,Modschtaba Chamenei,PER,0.0,0.0,de,9
Volker Beck,Volker Beck,PER,-0.05555555555555555,0.0,de,9
Filmfestival Max Ophüls,Filmfestival Max Ophüls,PER,0.07777777777777778,0.0,de,9
Dietmar Bartsch,Dietmar Bartsch,PER,-0.04444444444444443,0.0,de,9
Christine Wunnicke,Christine Wunnicke,PER,0.3333333333333333,0.0,de,9
Verkehrsminister Wissing,Verkehrsminister Wissing,PER,0.0,0.0,de,9
Ukraine-Präsident Selenskyj,Ukraine-Präsident Selenskyj,PER,-0.2222222222222222,0.1111111111111111,de,9
Israels Verteidigungsminister,Israels Verteidigungsminister,PER,-0.3888888888888889,0.0,de,9
Mark Milley,Mark Milley,PER,-0.07777777777777778,0.1111111111111111,de,9
Trumps Drohung,Trumps Drohung,PER,-0.1111111111111111,0.0,de,9
Lahav Shapira,Lahav Shapira,PER,-0.34814814814814815,0.0,de,9
Wirtschaftsministerin Katherina Reiche,Wirtschaftsministerin Katherina Reiche,PER,0.6870370370370371,0.0,de,9
Mohammed Deif,Mohammed Deif,PER,-0.03333333333333334,0.0,de,9
Verteidigungsminister Pistorius,Verteidigungsminister Pistorius,PER,-0.1111111111111111,0.1111111111111111,de,9
António Costa,António Costa,PER,0.0,0.0,de,9
George Clooney,George Clooney,PER,0.2222222222222222,0.0,de,9
Bundeswirtschaftsminister Habeck,Bundeswirtschaftsminister Habeck,PER,0.12777777777777777,0.05555555555555555,de,9
Iryna Farion,Iryna Farion,PER,-0.16111111111111112,0.0,de,9
René Benko,René Benko,PER,-0.03333333333333334,0.0,de,9
Hassan Nasrallah,Hassan Nasrallah,PER,-0.2222222222222222,0.0,de,9
Stefan Dürr,Stefan Dürr,PER,-0.5111111111111111,0.0,de,9
Jürgen Trittin,Jürgen Trittin,PER,-0.12777777777777777,0.0,de,9
Winfried Kretschmann,Winfried Kretschmann,PER,-0.09444444444444444,0.0,de,9
Leonie Beck,Leonie Beck,PER,0.0,0.0,de,9
Irans Atomprogramm,Irans Atomprogramm,PER,0.0,0.0,de,9
Dieter Bohlen,Dieter Bohlen,PER,0.1111111111111111,0.037037037037037035,de,9
Kim Kardashian,Kim Kardashian,PER,0.2222222222222222,0.0,de,9
Alexander Graf Lambsdorff,Alexander Graf Lambsdorff,PER,0.027777777777777766,0.0,de,9
Bijan Djir-Sarai,Bijan Djir-Sarai,PER,0.0,0.1111111111111111,de,9
Robert Halver,Robert Halver,PER,0.18888888888888888,0.1111111111111111,de,9
Jens Kerstan,Jens Kerstan,PER,-0.38749999999999996,0.0,de,8
Wolodymyr Selensky,Wolodymyr Selensky,PER,-0.125,0.0,de,8
Jörg Krämer,Jörg Krämer,PER,0.125,0.0,de,8
Claudia Major,Claudia Major,PER,0.25,0.0,de,8
Margus Tsahkna,Margus Tsahkna,PER,0.1625,0.0,de,8
Stefan Evers,Stefan Evers,PER,-0.375,0.0,de,8
Andreas Babler,Andreas Babler,PER,0.0,0.0,de,8
Willy Brandt,Willy Brandt,PER,0.0875,0.0,de,8
Wjatscheslaw Wolodin,Wjatscheslaw Wolodin,PER,0.015625,0.0,de,8
Juri Uschakow,Juri Uschakow,PER,0.0,0.0,de,8
Andy Burnham,Andy Burnham,PER,0.29166666666666663,0.0,de,8
Umweltminister Schneider,Umweltminister Schneider,PER,-0.12083333333333332,0.041666666666666664,de,8
Felix Banaszak,Felix Banaszak,PER,0.058333333333333334,0.0,de,8
Lady Gaga,Lady Gaga,PER,-0.0875,0.0,de,8
Julian Nagelsmann,Julian Nagelsmann,PER,-0.037500000000000006,0.0,de,8
Michail Fridman,Michail Fridman,PER,-0.125,0.0,de,8
Will Putin,Will Putin,PER,-0.25,0.0,de,8
Christian Freuding,Christian Freuding,PER,-0.3,0.25,de,8
Marco Rose,Marco Rose,PER,-0.10625,0.0,de,8
Ryyan Alshebl,Ryyan Alshebl,PER,0.5,0.0,de,8
Rustem Umjerow,Rustem Umjerow,PER,0.2125,0.0,de,8
Jacinda Ardern,Jacinda Ardern,PER,0.0,0.0,de,8
Hans-Werner Sinn,Hans-Werner Sinn,PER,0.04999999999999999,0.0,de,8
Delcy Rodríguez,Delcy Rodríguez,PER,0.125,0.0,de,8
Reinhard Marx,Reinhard Marx,PER,-0.30624999999999997,0.0625,de,8
Ex-US-Präsident Trump,Ex-US-Präsident Trump,PER,0.0,0.25,de,8
Privatarmee Wagner,Privatarmee Wagner,PER,0.0,0.0,de,8
Jochen Goetz,Jochen Goetz,PER,-0.4125,0.125,de,8
Wjatscheslaw Gladkow,Wjatscheslaw Gladkow,PER,0.0,0.0,de,8
Armin Laschet,Armin Laschet,PER,0.0875,0.0,de,8
Jan van Aken,Jan van Aken,PER,0.0875,0.0,de,8
Angela Merkels,Angela Merkels,PER,-0.0625,0.1875,de,8
Waleri Gerassimow,Waleri Gerassimow,PER,-0.0625,0.0625,de,8
Daniel Günther,Daniel Günther,PER,-0.22916666666666663,0.0,de,8
Ministerin Lemke,Ministerin Lemke,PER,0.0875,0.0,de,8
Xi Jinpings,Xi Jinpings,PER,0.38749999999999996,0.0,de,8
Iris Klein,Iris Klein,PER,-0.35,0.0,de,8
Warren Buffett,Warren Buffett,PER,0.3125,0.10416666666666666,de,8
Liveblog zu Nahost,Liveblog zu Nahost,PER,-0.1625,0.125,de,8
Justizminister Buschmann,Justizminister Buschmann,PER,0.0875,0.0,de,8
Wolf Haas,Wolf Haas,PER,0.037500000000000006,0.0,de,8
Benjamin Eyssel,Benjamin Eyssel,PER,0.0,0.0,de,8
Martin Polansky,Martin Polansky,PER,0.0,0.0,de,8
Wolfgang Richter,Wolfgang Richter,PER,-0.1625,0.0,de,8
Christina Nagel,Christina Nagel,PER,0.0,0.0,de,8
Garri Kasparow,Garri Kasparow,PER,-0.19999999999999998,0.0,de,8
Daniel Stelter,Daniel Stelter,PER,-0.39374999999999993,0.0,de,8
Petr Pavel,Petr Pavel,PER,-0.40625,0.0,de,8
Wolfgang Kubicki,Wolfgang Kubicki,PER,0.26249999999999996,0.0,de,8
Moskaus Truppen,Moskaus Truppen,PER,-0.0875,0.0,de,8
Ahmed al-Scharaa,Ahmed al-Scharaa,PER,0.22499999999999998,0.041666666666666664,de,8
Ralph Thiele,Ralph Thiele,PER,0.134375,0.0,de,8
Manfred Weber,Manfred Weber,PER,-0.13124999999999998,0.125,de,8
Bundesverteidigungsminister Pistorius,Bundesverteidigungsminister Pistorius,PER,0.30625,0.0625,de,8
Maja T,Maja T,PER,-0.3,0.0,de,8
Igor Girkin,Igor Girkin,PER,0.4375,0.0,de,8
Sachar Prilepin,Sachar Prilepin,PER,-0.525,0.0,de,8
Bodo Ramelow,Bodo Ramelow,PER,0.175,0.125,de,8
Franziska Brantner,Franziska Brantner,PER,-0.375,0.0,de,8
US-Verteidigungsminister Austin,US-Verteidigungsminister Austin,PER,0.2875,0.0,de,8
Diego Garcia,Diego Garcia,PER,0.0,0.0,de,8
Nato-Chef Rutte,Nato-Chef Rutte,PER,-0.2583333333333333,0.125,de,8
Donald Trump ,Donald Trump ,PER,0.1625,0.0,de,8
Helmut Schmidt,Helmut Schmidt,PER,-0.25,0.0,de,8
Clemens Fuest,Clemens Fuest,PER,0.0,0.125,de,8
Söldnerchef Prigoschin,Söldnerchef Prigoschin,PER,-0.0125,0.08333333333333333,de,8
König Charles III,König Charles III,PER,0.0875,0.125,de,8
Moritz Schularick,Moritz Schularick,PER,0.2125,0.125,de,8
Machthaber Kim,Machthaber Kim,PER,0.0,0.0,de,8
John Kirby,John Kirby,PER,-0.042857142857142864,0.0,de,7
Netzagenturchef Müller,Netzagenturchef Müller,PER,0.0,0.0,de,7
Gabriel Felbermayr,Gabriel Felbermayr,PER,0.5714285714285714,0.0,de,7
Markus Krebber,Markus Krebber,PER,0.14285714285714285,0.0,de,7
Michael Hüther,Michael Hüther,PER,0.14285714285714285,0.14285714285714285,de,7
SPD-Chef Klingbeil,SPD-Chef Klingbeil,PER,0.39999999999999997,0.0,de,7
Jürgen Weichert,Jürgen Weichert,PER,0.19999999999999998,0.0,de,7
Ministerin Reiche,Ministerin Reiche,PER,0.6214285714285713,0.14285714285714285,de,7
Svenja Schulze,Svenja Schulze,PER,-0.042857142857142864,0.0,de,7
Viola Amherd,Viola Amherd,PER,0.14285714285714285,0.0,de,7
Alfred Stern,Alfred Stern,PER,-0.09999999999999999,0.14285714285714285,de,7
Rückbau von Atomkraftwerk,Rückbau von Atomkraftwerk,PER,-0.14285714285714285,0.0,de,7
Bruno Le Maire,Bruno Le Maire,PER,-0.042857142857142864,0.1142857142857143,de,7
Patrick Sensburg,Patrick Sensburg,PER,0.2857142857142857,0.7142857142857143,de,7
Oliver Glasner,Oliver Glasner,PER,0.09999999999999999,0.0,de,7
Andreas Jung,Andreas Jung,PER,0.09999999999999999,0.0,de,7
Ihor Terechow,Ihor Terechow,PER,0.2857142857142857,0.0,de,7
Dan Jørgensen,Dan Jørgensen,PER,-0.09999999999999999,0.0,de,7
David Petraeus,David Petraeus,PER,-0.2857142857142857,0.0,de,7
Kristine Bilkau,Kristine Bilkau,PER,0.5285714285714286,0.0,de,7
Li Qiang,Li Qiang,PER,0.38571428571428573,0.0,de,7
Masha Gessen,Masha Gessen,PER,0.0,0.0,de,7
Adam Levine,Adam Levine,PER,0.14285714285714285,0.0,de,7
Ulrike Malmendier,Ulrike Malmendier,PER,0.0,0.14285714285714285,de,7
Wladimir P,Wladimir P,PER,0.12142857142857143,0.0,de,7
Li Hui,Li Hui,PER,0.09999999999999999,0.0,de,7
Brad Pitt,Brad Pitt,PER,0.3071428571428571,0.0,de,7
Roberta Metsola,Roberta Metsola,PER,0.17142857142857143,0.07142857142857142,de,7
Kirsty Coventry,Kirsty Coventry,PER,0.32857142857142857,0.0,de,7
Omid Nouripour,Omid Nouripour,PER,-0.35714285714285715,0.21428571428571427,de,7
Jan Fleischhauer,Jan Fleischhauer,PER,-0.09999999999999999,0.0,de,7
Melania Trump,Melania Trump,PER,0.0,0.0,de,7
Jaroslawa Mahutschich,Jaroslawa Mahutschich,PER,0.0,0.5714285714285714,de,7
Gaspreise aktuellDie,Gaspreise aktuellDie,PER,0.0,0.0,de,7
Machthaber Assad,Machthaber Assad,PER,-0.09999999999999999,0.0,de,7
Irina Scherbakowa,Irina Scherbakowa,PER,0.0,0.0,de,7
Wagner-Chef Jewgeni Prigoschin,Wagner-Chef Jewgeni Prigoschin,PER,0.2214285714285714,0.0,de,7
Andrej Beloussow,Andrej Beloussow,PER,-0.14285714285714285,0.0,de,7
Alexandr Lukaschenko,Alexandr Lukaschenko,PER,-0.12142857142857143,0.14285714285714285,de,7
Israels Sicherheitskabinett,Israels Sicherheitskabinett,PER,0.2857142857142857,0.0,de,7
Anna Alex,Anna Alex,PER,-0.14285714285714285,0.14285714285714285,de,7
Nordkoreas Machthaber Kim Jong-un,Nordkoreas Machthaber Kim Jong-un,PER,0.14285714285714285,0.0,de,7
Reem Alabali Radovan,Reem Alabali Radovan,PER,-0.2642857142857143,0.0,de,7
Bundesnetzagentur-Chef Klaus Müller,Bundesnetzagentur-Chef Klaus Müller,PER,0.021428571428571432,0.14285714285714285,de,7
Micael Byden,Micael Byden,PER,-0.14285714285714285,0.0,de,7
Liveblog Donald Trump,Liveblog Donald Trump,PER,0.0,0.0,de,7
Karin Keller-Sutter,Karin Keller-Sutter,PER,0.0,0.0,de,7
Wladyslaw Heraskewytsch,Wladyslaw Heraskewytsch,PER,-0.09999999999999999,0.0,de,7
Machthaber Lukaschenko,Machthaber Lukaschenko,PER,0.0,0.42857142857142855,de,7
Herbert Reul,Herbert Reul,PER,-0.14285714285714285,0.0,de,7
Mario Voigt,Mario Voigt,PER,-0.24285714285714285,0.14285714285714285,de,7
Olena Selenska,Olena Selenska,PER,-0.9142857142857144,0.0,de,7
Danyal Bayaz,Danyal Bayaz,PER,0.0,0.14285714285714285,de,7
Gerhard Mangott,Gerhard Mangott,PER,0.09999999999999999,0.0,de,7
NATO-Chef Stoltenberg,NATO-Chef Stoltenberg,PER,0.2357142857142857,0.07142857142857142,de,7
Anthony Albanese,Anthony Albanese,PER,0.0,0.0,de,7
Mychajlo Fedorow,Mychajlo Fedorow,PER,-0.14285714285714285,0.0,de,7
Ben Hodges,Ben Hodges,PER,0.0,0.0,de,7
Franz-Stefan Gady,Franz-Stefan Gady,PER,-0.24285714285714285,0.0,de,7
Rumen Radew,Rumen Radew,PER,-0.09999999999999999,0.0,de,7
Ex-Präsident Trump,Ex-Präsident Trump,PER,-0.48571428571428577,0.0,de,7
Marcus Faber,Marcus Faber,PER,0.09999999999999999,0.0,de,7
Claudia Kemfert,Claudia Kemfert,PER,0.0,0.14285714285714285,de,7
Machthaber Putin,Machthaber Putin,PER,-0.049999999999999996,0.2857142857142857,de,7
Liveblog zu Krieg,Liveblog zu Krieg,PER,-0.34285714285714286,0.0,de,7
Jakob Augstein,Jakob Augstein,PER,-0.24285714285714285,0.14285714285714285,de,7
Thomas Tuchel,Thomas Tuchel,PER,-0.2857142857142857,0.0,de,7
Dirk Messner,Dirk Messner,PER,-0.14285714285714285,0.0,de,7
Julia Swyrydenko,Julia Swyrydenko,PER,0.09999999999999999,0.0,de,7
Sandra Hüller,Sandra Hüller,PER,-0.09999999999999999,0.0,de,7
Dmitri Peskow,Dmitri Peskow,PER,0.42857142857142855,0.0,de,7
Ernst Stocker,Ernst Stocker,PER,0.002380952380952404,0.0,de,7
Jake Sullivan,Jake Sullivan,PER,-0.2928571428571428,0.0,de,7
Austin Butler,Austin Butler,PER,0.16428571428571428,0.0,de,7
Chris Brown,Chris Brown,PER,0.045238095238095244,0.0,de,7
Imke Rabiega,Imke Rabiega,PER,0.5642857142857143,0.0,de,7
Alsu Kurmasheva,Alsu Kurmasheva,PER,-0.2857142857142857,0.0,de,7
NATO-Generalsekretär Rutte,NATO-Generalsekretär Rutte,PER,0.1476190476190476,0.14285714285714285,de,7
Liveblog Wolodymyr Selenskyj,Liveblog Wolodymyr Selenskyj,PER,-0.34285714285714286,0.14285714285714285,de,7
Klaus-Rainer Jackisch,Klaus-Rainer Jackisch,PER,-0.14285714285714285,0.0,de,7
Fed-Chef Powell,Fed-Chef Powell,PER,0.09999999999999999,0.0,de,7
Jörg Kukies,Jörg Kukies,PER,0.0,0.0,de,7
Petr Bystron,Petr Bystron,PER,-0.48571428571428577,0.0,de,7
Carla Hinrichs,Carla Hinrichs,PER,0.05714285714285713,0.0,de,7
Helmut Dietl,Helmut Dietl,PER,0.38571428571428573,0.0,de,7
Justin Trudeau,Justin Trudeau,PER,0.48571428571428577,0.0,de,7
Jennifer Morgan,Jennifer Morgan,PER,0.12142857142857143,0.0,de,7
Anna Heiser,Anna Heiser,PER,-0.5999999999999999,0.0,de,7
Martin Huber,Martin Huber,PER,0.0,0.0,de,6
Thomas Müller,Thomas Müller,PER,0.05000000000000001,0.0,de,6
Christine Lambrecht,Christine Lambrecht,PER,0.0,0.3333333333333333,de,6
Oleksandr Usyk,Oleksandr Usyk,PER,-0.08333333333333333,0.08333333333333333,de,6
Gene Hackman,Gene Hackman,PER,0.01666666666666657,0.0,de,6
Björn Blaschke,Björn Blaschke,PER,0.0,0.0,de,6
Patrick Schnieder,Patrick Schnieder,PER,-0.05833333333333333,0.4166666666666667,de,6
Alexandra Skotschilenko,Alexandra Skotschilenko,PER,-0.10833333333333334,0.08333333333333333,de,6
buttert Milliarden,buttert Milliarden,PER,0.0,0.0,de,6
Ralf Borchard,Ralf Borchard,PER,0.0,0.0,de,6
Joe Bae,Joe Bae,PER,0.3499999999999999,0.0,de,6
landesweitem Luftalarm,landesweitem Luftalarm,PER,0.0,0.0,de,6
Mick Schumacher,Mick Schumacher,PER,0.2833333333333333,0.0,de,6
Josef Stalin,Josef Stalin,PER,0.3666666666666667,0.08333333333333333,de,6
Eckart von Hirschhausen,Eckart von Hirschhausen,PER,0.0,0.0,de,6
Katharina Dröge,Katharina Dröge,PER,-0.5499999999999999,0.16666666666666666,de,6
Michael Stübgen,Michael Stübgen,PER,-0.35833333333333334,0.0,de,6
Jekaterina Dunzowa,Jekaterina Dunzowa,PER,0.0,0.0,de,6
Zoë Kravitz,Zoë Kravitz,PER,0.19166666666666665,0.0,de,6
Liam Neeson,Liam Neeson,PER,0.2833333333333333,0.0,de,6
Katja Lewina,Katja Lewina,PER,-0.11666666666666665,0.0,de,6
Carolin Amlinger,Carolin Amlinger,PER,0.11666666666666665,0.0,de,6
Anna Osius,Anna Osius,PER,0.0,0.0,de,6
Eli Lilly,Eli Lilly,PER,0.16666666666666666,0.0,de,6
Juri Andruchowytsch,Juri Andruchowytsch,PER,0.2833333333333333,0.16666666666666666,de,6
Mojib Latif,Mojib Latif,PER,0.19444444444444442,0.0,de,6
Wolodymyr Sel,Wolodymyr Sel,PER,0.0,0.16666666666666666,de,6
Rheinmetall-Chef Armin Papperger,Rheinmetall-Chef Armin Papperger,PER,-0.3083333333333333,0.0,de,6
Gitanas Nauseda,Gitanas Nauseda,PER,0.0,0.16666666666666666,de,6
Kimi Antonelli,Kimi Antonelli,PER,0.4666666666666666,0.0,de,6
Lina E,Lina E,PER,0.11666666666666665,0.0,de,6
Südkoreas Geheimdienst,Südkoreas Geheimdienst,PER,0.0,0.0,de,6
John Lennon,John Lennon,PER,0.0,0.0,de,6
Grünen-Chef Banaszak,Grünen-Chef Banaszak,PER,-0.08333333333333333,0.08333333333333333,de,6
Mick Ryan,Mick Ryan,PER,-0.11666666666666665,0.16666666666666666,de,6
Josef Schuster,Josef Schuster,PER,0.08333333333333333,0.0,de,6
Norbert Totschnig,Norbert Totschnig,PER,0.16666666666666666,0.3333333333333333,de,6
Chinas Staatschef Xi,Chinas Staatschef Xi,PER,0.11666666666666665,0.0,de,6
Lionel Richie,Lionel Richie,PER,0.28333333333333327,0.1111111111111111,de,6
Kreml-Sprecher Peskow,Kreml-Sprecher Peskow,PER,-0.16666666666666666,0.0,de,6
David Lammy,David Lammy,PER,-0.11666666666666665,0.0,de,6
RWE-Chef Krebber,RWE-Chef Krebber,PER,-0.19166666666666665,0.0,de,6
Pat Gelsinger,Pat Gelsinger,PER,0.2833333333333333,0.0,de,6
Jürgen Habermas,Jürgen Habermas,PER,-0.10833333333333334,0.0,de,6
Ballerina Xenia Karelina,Ballerina Xenia Karelina,PER,0.20833333333333334,0.0,de,6
Herbert Kickl,Herbert Kickl,PER,-0.21666666666666667,0.0,de,6
Konstantin von Notz,Konstantin von Notz,PER,-0.11666666666666665,0.0,de,6
Moritz Brake,Moritz Brake,PER,0.0,0.0,de,6
Jurij Ihnat,Jurij Ihnat,PER,0.14166666666666666,0.0,de,6
Georg Maier,Georg Maier,PER,-0.6166666666666666,0.0,de,6
Hendrik Holt,Hendrik Holt,PER,0.03888888888888888,0.0,de,6
Hans Joachim Schellnhuber,Hans Joachim Schellnhuber,PER,-0.16666666666666666,0.0,de,6
Julija Swyrydenko,Julija Swyrydenko,PER,0.39999999999999997,0.0,de,6
Ingo Schulze,Ingo Schulze,PER,0.0,0.0,de,6
AfD-Chefin Weidel,AfD-Chefin Weidel,PER,0.3333333333333333,0.0,de,6
Nicole Kidman,Nicole Kidman,PER,0.5,0.16666666666666666,de,6
Elina Valtonen,Elina Valtonen,PER,-0.11666666666666665,0.0,de,6
Mario Draghi,Mario Draghi,PER,0.3333333333333333,0.16666666666666666,de,6
Thomas Popiesch,Thomas Popiesch,PER,0.0,0.0,de,6
Andrij Parubij,Andrij Parubij,PER,0.0,0.0,de,6
Behati Prinsloo,Behati Prinsloo,PER,0.05000000000000001,0.0,de,6
Heiner Blum,Heiner Blum,PER,0.0,0.0,de,6
Oswald Egger,Oswald Egger,PER,0.5,0.0,de,6
CSU-Generalsekretär Huber,CSU-Generalsekretär Huber,PER,0.11666666666666665,0.0,de,6
Penny Lane,Penny Lane,PER,0.16666666666666666,0.0,de,6
Anas al-Sharif,Anas al-Sharif,PER,0.0,0.0,de,6
Herman Haluschtschenko,Herman Haluschtschenko,PER,-0.11666666666666665,0.0,de,6
Dolby Atmos,Dolby Atmos,PER,0.0,0.0,de,6
Denis Trubetskoy,Denis Trubetskoy,PER,0.0,0.0,de,6
Israels Premier Netanyahu,Israels Premier Netanyahu,PER,-0.16666666666666666,0.0,de,6
Thomas Heilmann,Thomas Heilmann,PER,0.16666666666666666,0.0,de,6
Axel John,Axel John,PER,0.0,0.0,de,6
Kavita Sharma,Kavita Sharma,PER,0.0,0.16666666666666666,de,6
Thomas H,Thomas H,PER,-0.11666666666666665,0.0,de,6
Charles III,Charles III,PER,0.0,0.3333333333333333,de,6
Michael Wüllenweber,Michael Wüllenweber,PER,0.16666666666666666,0.0,de,6
Eva Högl,Eva Högl,PER,0.14166666666666666,0.25,de,6
Dimitri Medwedew,Dimitri Medwedew,PER,-0.16666666666666666,0.0,de,6
Joe Kaeser,Joe Kaeser,PER,0.3499999999999999,0.0,de,6
Bundesbankpräsident Nagel,Bundesbankpräsident Nagel,PER,-0.05000000000000001,0.16666666666666666,de,6
Sanae Takaichi,Sanae Takaichi,PER,-0.5083333333333334,0.08333333333333333,de,6
Carola Rackete,Carola Rackete,PER,0.0,0.16666666666666666,de,6
Regierungschefin Kaja Kallas,Regierungschefin Kaja Kallas,PER,0.3333333333333333,0.0,de,6
Frank Wunderlich-Pfeiffer,Frank Wunderlich-Pfeiffer,PER,0.7000000000000001,0.0,de,6
Israels Premier Netanjahu,Israels Premier Netanjahu,PER,-0.08333333333333333,0.0,de,6
Markus Duesmann,Markus Duesmann,PER,0.2833333333333333,0.16666666666666666,de,6
Jakob Mayr,Jakob Mayr,PER,0.0,0.0,de,6
Barack Obama,Barack Obama,PER,0.0,0.16666666666666666,de,6
Kostiantyn Honcharov,Kostiantyn Honcharov,PER,0.0,0.0,de,6
Ulf Mark Schneider,Ulf Mark Schneider,PER,0.0,0.0,de,6
Michelle Obama,Michelle Obama,PER,0.19166666666666665,0.16666666666666666,de,6
Moskaus Angriffe,Moskaus Angriffe,PER,0.0,0.0,de,6
Dow Jones,Dow Jones,PER,0.16666666666666666,0.0,de,6
Ottmar Edenhofer,Ottmar Edenhofer,PER,-0.3333333333333333,0.16666666666666666,de,6
Donald Trump Jr,Donald Trump Jr,PER,0.0,0.0,de,6
Anja Utler,Anja Utler,PER,0.5,0.0,de,6
Björn Höcke,Björn Höcke,PER,0.11666666666666665,0.0,de,6
Ukrainska Pravda,Ukrainska Pravda,PER,0.0,0.0,de,6
Thomas Mann,Thomas Mann,PER,0.05000000000000001,0.0,de,6
Leopard-Lieferung Polens,Leopard-Lieferung Polens,PER,0.40416666666666673,0.0,de,6
Pawel Durow,Pawel Durow,PER,0.11666666666666665,0.0,de,6
Alexander Beglow,Alexander Beglow,PER,0.11666666666666665,0.0,de,6
Kremlsprecher Dmitri Peskow,Kremlsprecher Dmitri Peskow,PER,-0.11666666666666665,0.0,de,6
Sabrina Fritz,Sabrina Fritz,PER,0.0,0.0,de,6
Ex-Kanzler Schröder,Ex-Kanzler Schröder,PER,-0.16666666666666666,0.0,de,6
Péter Magyar,Péter Magyar,PER,0.16666666666666666,0.16666666666666666,de,6
Frank Otto,Frank Otto,PER,-0.2333333333333333,0.0,de,6
Roger Köppel,Roger Köppel,PER,0.5,0.0,de,6
Christian Meyer,Christian Meyer,PER,0.11666666666666665,0.0,de,6
Mohamed Ali,Mohamed Ali,PER,-0.2333333333333333,0.0,de,6
Mike Josef,Mike Josef,PER,-0.036111111111111115,0.0,de,6
Herzi Halevi,Herzi Halevi,PER,-0.45,0.0,de,6
Machthaber Baschar al-Assad,Machthaber Baschar al-Assad,PER,0.0,0.0,de,6
Matthias Moosdorf,Matthias Moosdorf,PER,0.11666666666666665,0.0,de,6
Peter Szijjarto,Peter Szijjarto,PER,0.16666666666666666,0.0,de,6
Claire Keegan,Claire Keegan,PER,0.0,0.0,de,6
Alabali Radovan,Alabali Radovan,PER,-0.11666666666666665,0.0,de,6
Wladimir Put,Wladimir Put,PER,0.0,0.0,de,5
Netzagentur-Chef Müller,Netzagentur-Chef Müller,PER,0.47333333333333333,0.0,de,5
Richard David Precht,Richard David Precht,PER,0.13999999999999999,0.16,de,5
Sergej Netschajew,Sergej Netschajew,PER,-0.13999999999999999,0.0,de,5
Max Bauer,Max Bauer,PER,0.0,0.0,de,5
Mette Frederiksen,Mette Frederiksen,PER,-0.2,0.2,de,5
Ibrahim Naber,Ibrahim Naber,PER,-0.13999999999999999,0.0,de,5
Roman Poseck,Roman Poseck,PER,-0.25,0.0,de,5
Donald Trumps Amtsantritt,Donald Trumps Amtsantritt,PER,0.0,0.0,de,5
Gitta Connemann,Gitta Connemann,PER,-0.27,0.0,de,5
Ahmed al-Dschaber,Ahmed al-Dschaber,PER,0.1,0.2,de,5
Matthias Sammer,Matthias Sammer,PER,0.0,0.2,de,5
Hartz IV,Hartz IV,PER,0.0,0.0,de,5
Bundesaußenminister Wadephul,Bundesaußenminister Wadephul,PER,-0.10999999999999999,0.0,de,5
Norbert Porazik,Norbert Porazik,PER,0.2,0.0,de,5
Christian Sewing,Christian Sewing,PER,0.27999999999999997,0.2,de,5
Eva Benetatou,Eva Benetatou,PER,0.0,0.0,de,5
Bundesnetzagentur-Chef Müller,Bundesnetzagentur-Chef Müller,PER,0.030000000000000006,0.0,de,5
van Gogh,van Gogh,PER,0.0,0.0,de,5
Donald T,Donald T,PER,-0.2,0.0,de,5
Imran Khan,Imran Khan,PER,0.0,0.0,de,5
Ulf Poschardt,Ulf Poschardt,PER,-0.36,0.0,de,5
Witali Klitschko,Witali Klitschko,PER,-0.13999999999999999,0.0,de,5
Nato-Generalsekretär Stoltenberg,Nato-Generalsekretär Stoltenberg,PER,0.0,0.0,de,5
James Cleverly,James Cleverly,PER,0.1,0.0,de,5
Judith Kösters,Judith Kösters,PER,0.0,0.0,de,5
Ex-Präsident Donald Trump,Ex-Präsident Donald Trump,PER,0.27999999999999997,0.0,de,5
Tobias Költzsch,Tobias Költzsch,PER,0.7,0.0,de,5
Karl-Theodor zu Guttenberg,Karl-Theodor zu Guttenberg,PER,-0.1,0.0,de,5
Leonardo DiCaprio,Leonardo DiCaprio,PER,-0.13999999999999999,0.0,de,5
Bundesbankchef Nagel,Bundesbankchef Nagel,PER,0.13999999999999999,0.0,de,5
Aleksandar Vučić,Aleksandar Vučić,PER,0.0,0.0,de,5
Erdgas-Pipeline Patrouillen,Erdgas-Pipeline Patrouillen,PER,0.4,0.0,de,5
Victoria Amelina,Victoria Amelina,PER,-0.2,0.0,de,5
anno dazumal,anno dazumal,PER,0.0,0.0,de,5
Mark Dickey,Mark Dickey,PER,0.27999999999999997,0.0,de,5
David Garrett,David Garrett,PER,-0.13999999999999999,0.0,de,5
Friedrich Küppersbusch,Friedrich Küppersbusch,PER,0.0,0.0,de,5
Mario Greco,Mario Greco,PER,0.0,0.0,de,5
Reza Pahlavi,Reza Pahlavi,PER,0.2,0.0,de,5
Adolf Hitler,Adolf Hitler,PER,0.0,0.0,de,5
US-Verteidigungsminister Hegseth,US-Verteidigungsminister Hegseth,PER,0.0,0.0,de,5
Christopher Clark,Christopher Clark,PER,0.44000000000000006,0.0,de,5
Timothy Snyder,Timothy Snyder,PER,0.07000000000000002,0.1,de,5
Guido Schmidtke,Guido Schmidtke,PER,0.33999999999999997,0.0,de,5
Filippo Grandi,Filippo Grandi,PER,0.5599999999999999,0.2,de,5
Kathrin Schmid,Kathrin Schmid,PER,0.0,0.2,de,5
Dan Diner,Dan Diner,PER,0.2,0.0,de,5
Abdullah Öcalan,Abdullah Öcalan,PER,-0.2,0.0,de,5
Finanzminister Brunner,Finanzminister Brunner,PER,0.0,0.0,de,5
Toni Kroos,Toni Kroos,PER,-0.13999999999999999,0.2,de,5
Ursula Krechel,Ursula Krechel,PER,0.2,0.0,de,5
Ukraine Militärhilfen,Ukraine Militärhilfen,PER,0.0,0.0,de,5
Sönke Neitzel,Sönke Neitzel,PER,-0.030000000000000006,0.0,de,5
Verdi-Chef Frank Werneke,Verdi-Chef Frank Werneke,PER,0.0,0.4,de,5
Habecks Heizhammer,Habecks Heizhammer,PER,-0.8,0.0,de,5
Martin Schirdewan,Martin Schirdewan,PER,0.41999999999999993,0.0,de,5
Mychajlo Drapatyj,Mychajlo Drapatyj,PER,0.33999999999999997,0.0,de,5
Olexander Syrskyj,Olexander Syrskyj,PER,-0.4066666666666666,0.0,de,5
Laura Loomer,Laura Loomer,PER,0.2,0.0,de,5
Liveblog Chinas,Liveblog Chinas,PER,0.6,0.0,de,5
Taylor Swift,Taylor Swift,PER,0.0,0.0,de,5
Jacques Schuster,Jacques Schuster,PER,0.0,0.4,de,5
Asiens Börsen,Asiens Börsen,PER,-0.5333333333333333,0.0,de,5
Ungarns Ministerpräsident,Ungarns Ministerpräsident,PER,-0.06000000000000001,0.0,de,5
Michael Ebling,Michael Ebling,PER,0.4,0.0,de,5
Politik-Experte Joachim Krause,Politik-Experte Joachim Krause,PER,0.27999999999999997,0.2,de,5
Werner Pluta,Werner Pluta,PER,0.7,0.0,de,5
Wolodymir Selenskyj,Wolodymir Selenskyj,PER,0.33,0.0,de,5
Alexander Lunin,Alexander Lunin,PER,0.68,0.0,de,5
Akw Saporischschja,Akw Saporischschja,PER,0.24666666666666667,0.13333333333333333,de,5
Helene Fischer,Helene Fischer,PER,0.0,0.0,de,5
Philipp F,Philipp F,PER,0.0,0.0,de,5
Lothar Matthäus,Lothar Matthäus,PER,0.0,0.0,de,5
Robin Alexander,Robin Alexander,PER,0.13999999999999999,0.0,de,5
Jurij Uschakow,Jurij Uschakow,PER,0.33999999999999997,0.0,de,5
Trumps Ultimatum,Trumps Ultimatum,PER,0.0,0.0,de,5
NATO-Chef Rutte,NATO-Chef Rutte,PER,0.06999999999999999,0.0,de,5
Markus Frohnmaier,Markus Frohnmaier,PER,-0.2,0.0,de,5
Marcel Fratzscher,Marcel Fratzscher,PER,-0.1,0.0,de,5
Irakli Kobachidse,Irakli Kobachidse,PER,0.13999999999999999,0.0,de,5
Thierry Meyssan,Thierry Meyssan,PER,0.2,0.0,de,5
Karl Nehammer,Karl Nehammer,PER,0.0,0.0,de,5
Wassyl Maljuk,Wassyl Maljuk,PER,0.20999999999999996,0.3,de,5
Ministerin Stark-Watzinger,Ministerin Stark-Watzinger,PER,0.0,0.0,de,5
Leon Draisaitl,Leon Draisaitl,PER,0.2,0.0,de,5
Anke Rehlinger,Anke Rehlinger,PER,0.06999999999999999,0.1,de,5
Leo XIV,Leo XIV,PER,0.0,0.0,de,5
Jacobia Dahm,Jacobia Dahm,PER,0.0,0.0,de,5
Wladimir Putin ,Wladimir Putin ,PER,0.0,0.2,de,5
Israels Militärchef,Israels Militärchef,PER,-0.41999999999999993,0.0,de,5
Guido Burgstaller,Guido Burgstaller,PER,-0.74,0.0,de,5
Salman Rushdie,Salman Rushdie,PER,0.4,0.2,de,5
Versuchtes Tötungsdelikt,Versuchtes Tötungsdelikt,PER,-0.2,0.0,de,5
Reinhard Mey,Reinhard Mey,PER,0.27999999999999997,0.0,de,5
Lucas Hernández,Lucas Hernández,PER,0.0,0.0,de,5
Alexander Görlach,Alexander Görlach,PER,0.0,0.0,de,5
Moritz Behrendt,Moritz Behrendt,PER,0.0,0.0,de,5
Hanno Böck,Hanno Böck,PER,0.7,0.0,de,5
Peter Altmaier,Peter Altmaier,PER,-0.13999999999999999,0.0,de,5
Habecks Heizungs-Hammer,Habecks Heizungs-Hammer,PER,0.2,0.0,de,5
Irans Revolutionsgarden,Irans Revolutionsgarden,PER,0.27999999999999997,0.0,de,5
Sarah Wagenknecht,Sarah Wagenknecht,PER,0.0,0.0,de,5
Sabine Fischer,Sabine Fischer,PER,-0.13999999999999999,0.0,de,5
Ina Ruck,Ina Ruck,PER,0.13999999999999999,0.0,de,5
Nawaf Salam,Nawaf Salam,PER,0.27999999999999997,0.4,de,5
Wolodymyr S,Wolodymyr S,PER,0.0,0.0,de,5
Olha Charlan,Olha Charlan,PER,0.13999999999999999,0.0,de,5
Alain Berset,Alain Berset,PER,0.13999999999999999,0.0,de,5
Kevin Kronauer,Kevin Kronauer,PER,0.2,0.2,de,5
Premier Starmer,Premier Starmer,PER,-0.4,0.0,de,5
Reiner Haseloff,Reiner Haseloff,PER,-0.26,0.0,de,5
Ihor Klymenko,Ihor Klymenko,PER,-0.13999999999999999,0.2,de,5
Katarina Barley,Katarina Barley,PER,0.38,0.08,de,5
Rock-Legende Tina Turner,Rock-Legende Tina Turner,PER,-1.0,0.0,de,5
Michael Kruse,Michael Kruse,PER,-0.13999999999999999,0.4,de,5
Hans-Ulrich Rülke,Hans-Ulrich Rülke,PER,-0.13999999999999999,0.0,de,5
Joachim Herrmann,Joachim Herrmann,PER,0.0,0.0,de,5
Roman Starowoit,Roman Starowoit,PER,-0.4,0.0,de,5
Ungarns Premier Orban,Ungarns Premier Orban,PER,0.0,0.0,de,5
Hamas-Chef Sinwar,Hamas-Chef Sinwar,PER,0.19,0.13,de,5
Ex-Botschafter Melnyk,Ex-Botschafter Melnyk,PER,-0.06666666666666667,0.0,de,5
Alar Karis,Alar Karis,PER,0.0,0.0,de,5
Justus Frantz,Justus Frantz,PER,0.0,0.2,de,5
Ali Khamenei,Ali Khamenei,PER,-0.26,0.0,de,5
Erwin Sellering,Erwin Sellering,PER,-0.4,0.0,de,5
Bundesjustizminister Buschmann,Bundesjustizminister Buschmann,PER,0.0,0.0,de,5
Melanie Böff,Melanie Böff,PER,0.13999999999999999,0.0,de,5
Boris Becker,Boris Becker,PER,0.27,0.5,de,5
Katharina Fegebank,Katharina Fegebank,PER,0.27999999999999997,0.2,de,5
Kyriakos Mitsotakis,Kyriakos Mitsotakis,PER,0.0,0.0,de,5
Mehmet Simsek,Mehmet Simsek,PER,0.2,0.0,de,5
Olexandra Matwijtschuk,Olexandra Matwijtschuk,PER,-0.20999999999999996,0.1,de,5
Liveblog UkraineKrieg,Liveblog UkraineKrieg,PER,0.0,0.0,de,5
Botschafter Makeiev,Botschafter Makeiev,PER,0.2,0.0,de,5
Abbas Araghchi,Abbas Araghchi,PER,-0.06000000000000001,0.0,de,5
Jabloko von der Parlamentswahl,Jabloko von der Parlamentswahl,PER,0.32666666666666666,0.0,de,5
Sam Bankman-Fried,Sam Bankman-Fried,PER,-0.5700000000000001,0.0,de,5
Lars Feld,Lars Feld,PER,0.06000000000000001,0.0,de,5
Jaroslaw Moskalik,Jaroslaw Moskalik,PER,-0.6,0.0,de,5
Trumps Zölle,Trumps Zölle,PER,0.0,0.2,de,5
Marcus Keupp,Marcus Keupp,PER,0.13999999999999999,0.2,de,5
Daniel Thioune,Daniel Thioune,PER,-0.4,0.0,de,5
Helga Schmidt,Helga Schmidt,PER,0.2,0.0,de,5
Wolodymyr Selenskyjs,Wolodymyr Selenskyjs,PER,0.06000000000000001,0.2,de,5
Daniel Kehlmann,Daniel Kehlmann,PER,0.27,0.1,de,5
Harry Kane,Harry Kane,PER,0.2,0.2,de,5
Demis Volpi,Demis Volpi,PER,-0.16999999999999998,0.4,de,5
Oscar Piastri,Oscar Piastri,PER,0.0,0.0,de,5
Julia Willie Hamburg,Julia Willie Hamburg,PER,-0.13999999999999999,0.0,de,5
Tim Walz,Tim Walz,PER,-0.2,0.0,de,5
Achim Steiner,Achim Steiner,PER,-0.2,0.0,de,5
Paul René Seger,Paul René Seger,PER,0.7,0.0,de,5
Ruben Brekelmans,Ruben Brekelmans,PER,0.0,0.0,de,5
Jussie Smollett,Jussie Smollett,PER,-0.5700000000000001,0.0,de,5
Urs Fischer,Urs Fischer,PER,0.33999999999999997,0.0,de,5
Ilham Alijew,Ilham Alijew,PER,0.0,0.0,de,5
Karin Kneissl,Karin Kneissl,PER,0.0,0.0,de,5
Bob Iger,Bob Iger,PER,0.0,0.0,de,5
Felix Ekardt,Felix Ekardt,PER,0.3,0.26,de,5
Jeff Bezos,Jeff Bezos,PER,-0.4,0.0,de,5
Andrea Kiewel,Andrea Kiewel,PER,0.2,0.0,de,5
Alexander Schweitzer,Alexander Schweitzer,PER,0.020000000000000004,0.06666666666666667,de,5
Natascha Gangl,Natascha Gangl,PER,0.2,0.0,de,5
Mike Tyson,Mike Tyson,PER,0.0,0.0,de,5
Trumps Friedensplan,Trumps Friedensplan,PER,-0.2,0.0,de,5
Angriff Israels,Angriff Israels,PER,0.0,0.0,de,5
Jaroslaw Hrytsak,Jaroslaw Hrytsak,PER,-0.06999999999999998,0.0,de,5
Jörg Baberowski,Jörg Baberowski,PER,0.51,0.0,de,5
Nato-Chef Mark Rutte,Nato-Chef Mark Rutte,PER,-0.4,0.2,de,5
Ukraine Taurus-Marschflugkörper,Ukraine Taurus-Marschflugkörper,PER,0.0,0.0,de,5
Trumps Wahlsieg,Trumps Wahlsieg,PER,0.0,0.0,de,5
Stephan Laack,Stephan Laack,PER,0.0,0.0,de,5
Söldnertruppe Wagner,Söldnertruppe Wagner,PER,-0.13999999999999999,0.0,de,5
US-Sondergesandter Witkoff,US-Sondergesandter Witkoff,PER,0.0,0.16,de,5
Oleksij Resnikow,Oleksij Resnikow,PER,-0.2,0.0,de,5
Alexander Bogomas,Alexander Bogomas,PER,0.0,0.0,de,5
Kevin McCarthy,Kevin McCarthy,PER,0.2,0.0,de,5
Erich Kästner,Erich Kästner,PER,0.06000000000000001,0.0,de,5
Grünen-Politiker Anton Hofreiter,Grünen-Politiker Anton Hofreiter,PER,0.030000000000000006,0.0,de,5
Rainer Zitelmann,Rainer Zitelmann,PER,-0.12,0.15,de,5
Monika Heinold,Monika Heinold,PER,0.0,0.0,de,5
Israel Katz,Israel Katz,PER,0.27999999999999997,0.0,de,5
Chuck Schumer,Chuck Schumer,PER,-0.030000000000000006,0.0,de,5
Maria Sacharowa,Maria Sacharowa,PER,0.0,0.0,de,5
Oleksandr Syrskyj,Oleksandr Syrskyj,PER,-0.27999999999999997,0.0,de,5
Caspar David Friedrich,Caspar David Friedrich,PER,0.26,0.0,de,5
entdecken Minen,entdecken Minen,PER,0.0,0.0,de,5
Altkanzlerin Merkel,Altkanzlerin Merkel,PER,0.2,0.0,de,5
Grünen-Politiker Hofreiter,Grünen-Politiker Hofreiter,PER,0.4,0.6,de,5
Wolodymyr Selenskyj ,Wolodymyr Selenskyj ,PER,0.2,0.0,de,5
Klaus von Dohnanyi,Klaus von Dohnanyi,PER,0.0,0.2,de,5
Alexander Meisner,Alexander Meisner,PER,0.2,0.0,de,5
Joshua Kimmich,Joshua Kimmich,PER,0.35,0.0,de,4
Italiens Premierministerin Meloni,Italiens Premierministerin Meloni,PER,0.0,0.0,de,4
Jair Bolsonaro,Jair Bolsonaro,PER,0.35,0.0,de,4
Félicien Kabuga,Félicien Kabuga,PER,-0.5,0.0,de,4
Prinz Harry,Prinz Harry,PER,0.7,0.0,de,4
Donald Trump Medienberichten,Donald Trump Medienberichten,PER,-0.5249999999999999,0.0,de,4
Mario Kumpf,Mario Kumpf,PER,-0.5,0.0,de,4
Jean-Noël Barrot,Jean-Noël Barrot,PER,-0.175,0.0,de,4
Katharina Schmid,Katharina Schmid,PER,0.0,0.0,de,4
Andrew Mack,Andrew Mack,PER,0.0,0.2,de,4
Gefolgsmann Lukaschenko siegessicher,Gefolgsmann Lukaschenko siegessicher,PER,0.0,0.0,,4
Johannes Hiltscher,Johannes Hiltscher,PER,0.7,0.0,de,4
Stopp von Waffenlieferungen,Stopp von Waffenlieferungen,PER,-0.07500000000000001,0.0,de,4
Peter Pellegrini,Peter Pellegrini,PER,0.0,0.0,de,4
Atommülllager Asse,Atommülllager Asse,PER,0.6375,0.0,de,4
Christian Ilzer,Christian Ilzer,PER,-0.175,0.0,de,4
Jahrestag des Angriffs,Jahrestag des Angriffs,PER,0.0,0.0,de,4
Regierungssprecher Steffen,Regierungssprecher Steffen,PER,0.75,0.0,de,4
Pauline Rénevier,Pauline Rénevier,PER,0.75,0.0,de,4
Claudia Wehrle,Claudia Wehrle,PER,0.0,0.0,de,4
Bundesbank-Chef Nagel,Bundesbank-Chef Nagel,PER,0.175,0.0,de,4
Peter Liese,Peter Liese,PER,0.0,0.0,de,4
Wladimir Puti,Wladimir Puti,PER,-0.35,0.0,de,4
Boris Nemzow,Boris Nemzow,PER,-0.08750000000000002,0.0,de,4
Kiews Streitkräfte,Kiews Streitkräfte,PER,0.5,0.0,de,4
Indiana Jones,Indiana Jones,PER,0.175,0.0,de,4
Georg Milbradt,Georg Milbradt,PER,-0.5249999999999999,0.0,de,4
Julian Assange,Julian Assange,PER,0.0,0.25,de,4
Karoline Leavitt,Karoline Leavitt,PER,0.0,0.0,de,4
Klimaaktivistin Neubauer,Klimaaktivistin Neubauer,PER,0.0,0.0,de,4
Andreas Audretsch,Andreas Audretsch,PER,-0.175,0.0,de,4
Wladimir Kaminer,Wladimir Kaminer,PER,0.175,0.0,de,4
Merrick Garland,Merrick Garland,PER,0.0,0.0,de,4
Karim Khan,Karim Khan,PER,0.09999999999999998,0.0,de,4
Waldimir Putin,Waldimir Putin,PER,-0.675,0.0,de,4
Fabio De Masi,Fabio De Masi,PER,0.35,0.0,de,4
Dmitrij Peskow,Dmitrij Peskow,PER,0.25,0.0,de,4
Schwedens Armeechef,Schwedens Armeechef,PER,-0.5249999999999999,0.0,de,4
Ihor Kolomojskyj,Ihor Kolomojskyj,PER,0.175,0.0,de,4
Wladimir Solowjow,Wladimir Solowjow,PER,-0.175,0.0,de,4
Agrarminister Cem Özdemir,Agrarminister Cem Özdemir,PER,0.26249999999999996,0.625,de,4
Detlev Landmesser,Detlev Landmesser,PER,0.0,0.0,de,4
Hanka Mittelstädt,Hanka Mittelstädt,PER,0.0,0.0,de,4
Australiens Wähler,Australiens Wähler,PER,0.0,0.0,de,4
Richard Grenell,Richard Grenell,PER,0.425,0.0,de,4
Merlin Polzin,Merlin Polzin,PER,0.0,0.0,de,4
Stephan Ueberbach,Stephan Ueberbach,PER,0.0,0.0,de,4
Habecks Heiz-Hammer,Habecks Heiz-Hammer,PER,0.0,0.5,de,4
Wladimir Medinski,Wladimir Medinski,PER,-0.175,0.0,de,4
Ernst Bloch,Ernst Bloch,PER,-0.25,0.0,de,4
Timothy Garton Ash,Timothy Garton Ash,PER,-0.0525,0.25,de,4
Benjamin Netanyahu,Benjamin Netanyahu,PER,-0.5,0.0,de,4
Jürgen Klopp,Jürgen Klopp,PER,0.0,0.0,de,4
Joav Galant,Joav Galant,PER,0.7125,0.0,de,4
Trumps Telefonat,Trumps Telefonat,PER,-0.5,0.25,de,4
Gabor Halasz,Gabor Halasz,PER,0.0,0.0,de,4
Pedro Castillo,Pedro Castillo,PER,0.43749999999999994,0.125,de,4
Antoni Lallican,Antoni Lallican,PER,-0.25,0.0,de,4
Kim Yong-bok,Kim Yong-bok,PER,0.0,0.25,de,4
Viktor Bout,Viktor Bout,PER,0.35,0.0,de,4
Marta Kos,Marta Kos,PER,0.175,0.0,de,4
David Grossman,David Grossman,PER,0.0,0.0,de,4
Alexander Chodakowski,Alexander Chodakowski,PER,0.75,0.0,de,4
Kim Jong-Un,Kim Jong-Un,PER,0.35,0.0,de,4
Chinas Ausstoß,Chinas Ausstoß,PER,0.0,0.75,de,4
Ukraine Leopard-Panzer,Ukraine Leopard-Panzer,PER,0.34375,0.0,de,4
Wolfgang Metzeler-Kick,Wolfgang Metzeler-Kick,PER,0.0,0.0,de,4
Liveblog Bundespolitik,Liveblog Bundespolitik,PER,0.0,0.0,de,4
Thomas Großbölting,Thomas Großbölting,PER,0.175,0.0,de,4
bin Salman,bin Salman,PER,0.19999999999999998,0.0,de,4
Henrik Andersen,Henrik Andersen,PER,0.0,0.0,de,4
Südkoreas Präsident Yoon,Südkoreas Präsident Yoon,PER,0.0,0.0,de,4
Jan Böhmermann,Jan Böhmermann,PER,0.0,0.0,de,4
Johannes Mayer,Johannes Mayer,PER,0.0,0.0,de,4
Mirnesa S,Mirnesa S,PER,0.0,0.0,de,4
Moritz Riedacher,Moritz Riedacher,PER,0.062499999999999986,0.20833333333333331,de,4
Liveblog Nordkoreas,Liveblog Nordkoreas,PER,0.18333333333333332,0.08333333333333333,de,4
Guido Steinberg,Guido Steinberg,PER,0.0,0.0,de,4
Donald Tr,Donald Tr,PER,0.0,0.0,de,4
Gunnar Schupelius,Gunnar Schupelius,PER,0.425,0.0,de,4
Florian Wellbrock,Florian Wellbrock,PER,0.0,0.0,de,4
Dennis Radtke,Dennis Radtke,PER,0.0,0.0,de,4
Martin Brudermüller,Martin Brudermüller,PER,-0.2125,0.0,de,4
Robert Putzbach,Robert Putzbach,PER,-0.09166666666666666,0.0,de,4
Wladimir Alexejew,Wladimir Alexejew,PER,-0.5,0.0,de,4
Ungarns Premier,Ungarns Premier,PER,0.175,0.0,de,4
Stefan Kaineder,Stefan Kaineder,PER,0.0,0.0,de,4
Carsten Maschmeyer,Carsten Maschmeyer,PER,0.0,0.0,de,4
Klimaaktivistin Luisa Neubauer,Klimaaktivistin Luisa Neubauer,PER,0.5,0.0,de,4
Xi Jinping Russlands,Xi Jinping Russlands,PER,0.0,0.8333333333333333,de,4
Yoon Suk-yeol,Yoon Suk-yeol,PER,-0.2125,0.0,de,4
Hugo Müller-Vogg,Hugo Müller-Vogg,PER,-0.675,0.0,de,4
Moskaus Streitkräfte,Moskaus Streitkräfte,PER,0.0,0.0,de,4
Serhij Zhadan,Serhij Zhadan,PER,0.0,0.0,de,4
Uli Hoeneß,Uli Hoeneß,PER,0.425,0.0,de,4
Michael Schrodi,Michael Schrodi,PER,0.175,0.0,de,4
Josef Braml,Josef Braml,PER,0.0,0.0,de,4
Netanjahus Haus,Netanjahus Haus,PER,-0.22916666666666666,0.14583333333333331,de,4
Matthias Schweighöfer,Matthias Schweighöfer,PER,-0.6,0.0,de,4
Deutschlands Gasspeicher,Deutschlands Gasspeicher,PER,0.07500000000000001,0.0,de,4
Hans-Ulrich Engel,Hans-Ulrich Engel,PER,0.037500000000000006,0.0,de,4
Jair Lapid,Jair Lapid,PER,-0.09999999999999998,0.0,de,4
Anton Leitner,Anton Leitner,PER,-0.38749999999999996,0.0,de,4
Mario Götze,Mario Götze,PER,-0.35,0.0,de,4
Grünen-Chefin Franziska Brantner,Grünen-Chefin Franziska Brantner,PER,0.675,0.0,de,4
Bernie Sanders,Bernie Sanders,PER,-0.35,0.0,de,4
Mike Waltz,Mike Waltz,PER,0.0,0.0,de,4
Liveblog Irans,Liveblog Irans,PER,-0.07500000000000001,0.0,de,4
Petr Fiala,Petr Fiala,PER,0.0,0.0,de,4
Albin Kurti,Albin Kurti,PER,0.0,0.0,de,4
Grünen-Chefin Lang,Grünen-Chefin Lang,PER,-0.5,0.0,de,4
Silke Stremlau,Silke Stremlau,PER,0.0,0.0,de,4
Bill Anderson,Bill Anderson,PER,0.425,0.0,de,4
Wolfgang Grupp,Wolfgang Grupp,PER,-0.037500000000000006,0.0,de,4
Friedrich Merz Kanzler,Friedrich Merz Kanzler,PER,0.175,0.0,de,4
Boris Nadjeschdin,Boris Nadjeschdin,PER,0.0875,0.0,de,4
Anne Brorhilker,Anne Brorhilker,PER,-0.25,0.0,de,4
Wladlen Tatarski,Wladlen Tatarski,PER,-0.25,0.0,de,4
Viktor But,Viktor But,PER,0.425,0.0,de,4
Zamzam Ibrahim,Zamzam Ibrahim,PER,-0.12083333333333333,0.0,de,4
Pakistans Premier,Pakistans Premier,PER,0.7,0.0,de,4
Grad Celsius,Grad Celsius,PER,0.0,0.0,de,4
Oliver Blume,Oliver Blume,PER,0.0,0.0,de,4
Marietta Slomka,Marietta Slomka,PER,0.0,0.0,de,4
Irans Kapitän,Irans Kapitän,PER,0.0,0.0,de,4
Nicole Kohnert,Nicole Kohnert,PER,0.0,0.0,de,4
Lilli Gomez,Lilli Gomez,PER,0.0,0.0,de,4
Oliver Nickel,Oliver Nickel,PER,0.7,0.0,de,4
Alexander Gussew,Alexander Gussew,PER,0.0,0.0,de,4
John Bolton,John Bolton,PER,-0.175,0.0,de,4
Qin Gang,Qin Gang,PER,0.07500000000000001,0.0,de,4
Joachim Weimann,Joachim Weimann,PER,0.5,0.0,de,4
Nina Scheer,Nina Scheer,PER,0.0,0.0,de,4
Janet Yellen,Janet Yellen,PER,0.25,0.25,de,4
Pamela Anderson,Pamela Anderson,PER,0.25,0.0,de,4
Estlands Regierungschefin,Estlands Regierungschefin,PER,0.0,0.0,de,4
Liveblog Liveblog,Liveblog Liveblog,PER,-0.3416666666666667,0.08333333333333333,de,4
Hisbollah-Chef Hassan Nasrallah,Hisbollah-Chef Hassan Nasrallah,PER,-0.25,0.0,de,4
Isabel Schnabel,Isabel Schnabel,PER,0.0,0.0,de,4
Kreml-Gegner Nawalny,Kreml-Gegner Nawalny,PER,-0.5,0.0,de,4
Nick Hayek,Nick Hayek,PER,0.0,0.0,de,4
Friedrich List,Friedrich List,PER,0.7,0.0,de,4
Robin Greenfield,Robin Greenfield,PER,0.7,0.0,de,4
El Niño,El Niño,PER,-0.175,0.0,de,4
Habecks Heizungspläne,Habecks Heizungspläne,PER,-0.175,0.0,de,4
Wladimir Ossetschkin,Wladimir Ossetschkin,PER,0.0,0.0,de,4
Bundesumweltministerin Lemke,Bundesumweltministerin Lemke,PER,0.35,0.0,de,4
Trump vs,Trump vs,PER,0.0,0.0,de,4
Kajsa Ollongren,Kajsa Ollongren,PER,-0.425,0.0,de,4
Verbandschef André Wüstner,Verbandschef André Wüstner,PER,-0.7,0.0,de,4
René Wilke,René Wilke,PER,0.175,0.0,de,4
Venezuelas Flugabwehr,Venezuelas Flugabwehr,PER,0.0,0.0,de,4
Roland Koch,Roland Koch,PER,-0.2125,0.0,de,4
Tilman Kuban,Tilman Kuban,PER,-0.25,0.0,de,4
Michael Martens,Michael Martens,PER,0.25,0.0,de,4
Ralph Tiesler,Ralph Tiesler,PER,0.0,0.25,de,4
Alexander Zverev,Alexander Zverev,PER,0.0875,0.125,de,4
Adam Tooze,Adam Tooze,PER,0.25,0.0,de,4
Robert Habecks,Robert Habecks,PER,0.175,0.0,de,4
Judith Hermann,Judith Hermann,PER,0.3375,0.125,de,4
Bridget Brink,Bridget Brink,PER,0.0,0.0,de,4
Daniel Libeskind,Daniel Libeskind,PER,0.925,0.0,de,4
Moskaus Bürgermeister,Moskaus Bürgermeister,PER,-0.15,0.0,de,4
Wolodymyr Selen,Wolodymyr Selen,PER,0.0,0.0,de,4
Marko Martin,Marko Martin,PER,0.0,0.0,de,4
Melissa Fleming,Melissa Fleming,PER,0.0,0.25,de,4
Mark Branson,Mark Branson,PER,-0.25,0.0,de,4
Egon Krenz,Egon Krenz,PER,0.09999999999999998,0.0,de,4
Khlaed al M,Khlaed al M,PER,0.0,0.0,de,4
Fumio Kishida,Fumio Kishida,PER,-0.037500000000000006,0.25,de,4
Alexander Estis,Alexander Estis,PER,0.0,0.0,de,4
Leonie Benesch,Leonie Benesch,PER,0.25,0.0,de,4
Andreas Fulda,Andreas Fulda,PER,-0.175,0.0,de,4
Mikhail Reva,Mikhail Reva,PER,0.0,0.0,de,4
Julia Ruhs,Julia Ruhs,PER,-0.08333333333333334,0.3333333333333333,de,4
Burger King,Burger King,PER,0.0,0.5,de,4
Wolodymyr Selenskyj Moskau,Wolodymyr Selenskyj Moskau,PER,-0.5,0.0,de,4
Sauli Niinistö,Sauli Niinistö,PER,0.0,0.0,de,4
Bundesumweltminister Schneider,Bundesumweltminister Schneider,PER,0.0,0.0,de,4
Ajatollah Chamenei,Ajatollah Chamenei,PER,-0.175,0.0,de,4
Josef Schwaiger,Josef Schwaiger,PER,0.0,0.0,de,4
Grönland Zölle,Grönland Zölle,PER,0.5249999999999999,0.0,de,4
Irans Außenminister,Irans Außenminister,PER,0.25,0.0,de,4
Charles Leclerc,Charles Leclerc,PER,-0.25,0.0,de,4
Christoph Ploß,Christoph Ploß,PER,0.175,0.0,de,4
Chan Yunis,Chan Yunis,PER,-0.35,0.25,de,4
Mykhailo Podolyak,Mykhailo Podolyak,PER,0.0,0.0,de,4
Kai Schiefelbein,Kai Schiefelbein,PER,0.0,0.25,de,4
Fraktionschef Rolf Mützenich,Fraktionschef Rolf Mützenich,PER,0.7041666666666666,0.14583333333333331,de,4
Richter Wjatscheslaw K,Richter Wjatscheslaw K,PER,0.0,0.0,de,4
Ralph Hasenhüttl,Ralph Hasenhüttl,PER,0.0,0.0,de,4
Ina Scharrenbach,Ina Scharrenbach,PER,0.675,0.0,de,4
Jasmin Wagner,Jasmin Wagner,PER,0.0,0.0,de,4
Teodor Currentzis,Teodor Currentzis,PER,0.0,0.0,de,4
Jochen Schropp,Jochen Schropp,PER,0.0,0.0,de,4
Max Eberl,Max Eberl,PER,0.2125,0.0,de,4
Peter Klein,Peter Klein,PER,0.020833333333333322,0.0,de,4
Andreas Büttner,Andreas Büttner,PER,-0.07500000000000001,0.0,de,4
Andreas Löschel,Andreas Löschel,PER,0.0,0.0,de,4
Wolodymr Selenskyj,Wolodymr Selenskyj,PER,0.0,0.0,de,4
Linda Teuteberg,Linda Teuteberg,PER,0.0,0.0,de,4
Ines Schwerdtner,Ines Schwerdtner,PER,-0.35,0.0,de,4
Netzagentur-Chef Klaus Müller,Netzagentur-Chef Klaus Müller,PER,0.0,0.0,de,4
Sigrid Stagl,Sigrid Stagl,PER,0.25,0.0,de,4
Stefan Kornelius,Stefan Kornelius,PER,-0.175,0.0,de,4
Ex-Botschafter Andrij Melnyk,Ex-Botschafter Andrij Melnyk,PER,0.0,0.0,de,4
Carsten Spohr,Carsten Spohr,PER,0.175,0.0,de,4
Ignazio Cassis,Ignazio Cassis,PER,0.35,0.0,de,4
Wladimir Pu,Wladimir Pu,PER,-0.425,0.0,de,4
Alexander Malofeev,Alexander Malofeev,PER,0.425,0.0,de,4
Kapitalmarktanalyst Robert Halver,Kapitalmarktanalyst Robert Halver,PER,-0.25,0.0,de,4
Habecks Heizungsverbot,Habecks Heizungsverbot,PER,0.0,0.0,de,4
Edin Terzic,Edin Terzic,PER,-0.0875,0.125,de,4
Donald Trump Russland,Donald Trump Russland,PER,0.11666666666666665,0.0,de,4
Beloussow Gegenschritte,Beloussow Gegenschritte,PER,-0.7,0.0,de,4
Bundesbank-Präsident Nagel,Bundesbank-Präsident Nagel,PER,-0.175,0.0,de,4
Jean-Claude Juncker,Jean-Claude Juncker,PER,0.35,0.0,de,4
Europas Gasprobleme,Europas Gasprobleme,PER,0.0,1.0,de,4
nan Russlands,nan Russlands,PER,0.425,0.0,de,4
Tom Holland,Tom Holland,PER,0.0,0.0,de,4
Rodney Cook Jr,Rodney Cook Jr,PER,0.0,0.0,de,4
Klaus Zellmer,Klaus Zellmer,PER,0.0,0.0,de,4
Habecks Heiztauschpflicht,Habecks Heiztauschpflicht,PER,0.0,0.0,de,4
Wolodymyr Selens,Wolodymyr Selens,PER,-0.0875,0.375,de,4
Ruheständler sauer,Ruheständler sauer,PER,0.0,0.0,de,4
Whitney Houston,Whitney Houston,PER,0.0,0.0,de,4
Meyer Werft,Meyer Werft,PER,0.35,0.0,de,4
Patricia Schlesinger,Patricia Schlesinger,PER,0.0,0.0,de,4
Ulrike Demmer,Ulrike Demmer,PER,0.0,0.0,de,4
Veronika Grimm,Veronika Grimm,PER,0.0,0.25,de,4
Till Schmidt,Till Schmidt,PER,0.5,0.0,de,4
Nathalie Volk,Nathalie Volk,PER,-0.35,0.0,de,4
Bündnis Sahra,Bündnis Sahra,PER,0.0,0.0,de,4
Jörg Urban,Jörg Urban,PER,0.0,0.0,de,4
Stefanie Hubig,Stefanie Hubig,PER,0.0,0.0,de,4
Katja Mast,Katja Mast,PER,0.175,0.0,de,4
Robert Habecks Heizungsgesetz,Robert Habecks Heizungsgesetz,PER,0.033333333333333326,0.0,de,4
Jan Hegenberg,Jan Hegenberg,PER,0.08333333333333333,0.16666666666666666,de,4
Xenia Sobtschak,Xenia Sobtschak,PER,0.0,0.75,de,4
Armin Willingmann,Armin Willingmann,PER,0.5,0.0,de,4
BSW-Gründerin Sahra Wagenknecht,BSW-Gründerin Sahra Wagenknecht,PER,0.0,0.0,de,4
Anders Fogh Rasmussen,Anders Fogh Rasmussen,PER,-0.7166666666666667,0.0,de,4
Trumps Drohungen,Trumps Drohungen,PER,-0.25,0.0,de,4
Mahmud Abbas,Mahmud Abbas,PER,-0.25,0.25,de,4
Serhij Lyssak,Serhij Lyssak,PER,0.0,0.0,de,4
Eric Gujer,Eric Gujer,PER,0.0,0.0,de,4
Nikolai Patruschew,Nikolai Patruschew,PER,-0.09999999999999998,0.0,de,4
Salome Surabischwili,Salome Surabischwili,PER,-0.5,0.0,de,4
John Healey,John Healey,PER,-0.425,0.0,de,4
Windkraft-Betrüger Holt,Windkraft-Betrüger Holt,PER,0.0,0.0,de,4
Ukraines Präsident Selenskij,Ukraines Präsident Selenskij,PER,0.0,0.0,de,4
Andrew Puzder,Andrew Puzder,PER,0.0,0.0,de,4
Warwara Worontschichina,Warwara Worontschichina,PER,0.0,0.0,de,4
Carrie Schreiner,Carrie Schreiner,PER,0.0,0.0,de,4
Christian Pegel,Christian Pegel,PER,0.0,0.0,de,4
Sarah Pagung,Sarah Pagung,PER,0.0,0.25,de,4
Friedrich Me,Friedrich Me,PER,0.35,0.0,de,4
Denys Shmyhal,Denys Shmyhal,PER,0.0,0.0,de,4
Michael Schwarzkopf,Michael Schwarzkopf,PER,-0.175,0.0,de,4
Anthony Rota,Anthony Rota,PER,0.0,0.0,de,4
Andrea Tandler,Andrea Tandler,PER,0.35,0.0,de,4
Heizungspläne Meilenstein,Heizungspläne Meilenstein,PER,0.0,0.0,de,4
Til Schweiger,Til Schweiger,PER,0.25,0.0,de,4
Mirjana Spoljaric,Mirjana Spoljaric,PER,0.35,0.0,de,4
Christoph Brand,Christoph Brand,PER,0.09999999999999998,0.0,de,4
Nadja Kriewald,Nadja Kriewald,PER,0.0,0.0,de,4
Luiz Inacio Lula da Silva,Luiz Inacio Lula da Silva,PER,0.5,0.5,de,4
Japans Premier,Japans Premier,PER,-0.175,0.0,de,4
Jacques Baud,Jacques Baud,PER,0.0,0.0,de,4
Petro Poroschenko,Petro Poroschenko,PER,0.42499999999999993,0.0,de,4
George Russell,George Russell,PER,0.43749999999999994,0.125,de,4
Ekrem Imamoglu,Ekrem Imamoglu,PER,-0.75,0.0,de,4
ausharrende Kraniche,ausharrende Kraniche,PER,0.0,0.0,de,4
Roland Lescure,Roland Lescure,PER,0.175,0.0,de,4
Oliver Zipse,Oliver Zipse,PER,0.0,0.0,de,4
Ulrike Eifler,Ulrike Eifler,PER,0.0,0.0,de,4
Kassenärzte-Chef Gassen,Kassenärzte-Chef Gassen,PER,-0.35,0.0,de,4
Ilona W,Ilona W,PER,0.0,0.0,de,4
Antonia Niedermaier,Antonia Niedermaier,PER,0.0,0.0,de,4
Gigi Hadid,Gigi Hadid,PER,0.0,0.0,de,4
Chinas Staatschef,Chinas Staatschef,PER,0.0,0.0,de,4
Alt-Bundespräsident Joachim Gauck,Alt-Bundespräsident Joachim Gauck,PER,-0.07500000000000001,0.0,de,4
Katrin Eder,Katrin Eder,PER,-0.35,0.5,de,4
Daniel Kretinsky,Daniel Kretinsky,PER,0.35,0.0,de,4
"Anne Will"" ","Anne Will"" ",PER,-0.35,0.0,de,4
Frank Werneke,Frank Werneke,PER,0.29166666666666663,0.08333333333333333,de,4
Simon Stiell,Simon Stiell,PER,0.0,0.0,de,4
Judith Scheytt,Judith Scheytt,PER,-0.425,0.0,de,4
Friedensforschungsinstituts SIPRI,Friedensforschungsinstituts SIPRI,PER,0.0,0.0,de,4
Jamal Musiala,Jamal Musiala,PER,0.0,0.0,de,4
Liveblog Nahost,Liveblog Nahost,PER,-0.25,0.0,de,4
Günther Jauch,Günther Jauch,PER,-0.14166666666666666,0.5,de,4
Tim Merlier,Tim Merlier,PER,-0.175,0.0,de,4
Israels Luftwaffe,Israels Luftwaffe,PER,0.0,0.0,de,4
Finanz-Experte Steuerfabi,Finanz-Experte Steuerfabi,PER,0.0,0.0,de,4
Werner Patzelt,Werner Patzelt,PER,0.175,0.5,de,4
Finanzminister Klingbeil,Finanzminister Klingbeil,PER,0.0,0.0,de,4
Iwan Fedorow,Iwan Fedorow,PER,-0.2583333333333333,0.0,de,4
Söldner-Chef Prigoschin,Söldner-Chef Prigoschin,PER,0.0,0.0,de,4
Finanz-Experte Markus Voss,Finanz-Experte Markus Voss,PER,-0.5,0.0,de,4
Niels Bula,Niels Bula,PER,0.0,0.0,de,4
Schornsteinfeger Julian Schwark,Schornsteinfeger Julian Schwark,PER,0.0,0.0,de,4
Alexej Nawalnyjs,Alexej Nawalnyjs,PER,0.35,0.0,de,4
Marc Fogel,Marc Fogel,PER,-0.5,0.25,de,4
Yasmin Fahimi,Yasmin Fahimi,PER,-0.175,0.0,de,4
Al Jaber,Al Jaber,PER,-0.25,0.0,de,4
Dani Olmo,Dani Olmo,PER,0.0,0.0,de,4
Kestutis Bud,Kestutis Bud,PER,0.0,0.0,de,4
August Schottland,August Schottland,PER,0.0,0.0,de,4
Giuseppe Gracia,Giuseppe Gracia,PER,-0.07500000000000001,0.0,de,4
Wolodimir SelenskiDer,Wolodimir SelenskiDer,PER,-0.037500000000000006,0.0,de,4
Janine Wissler,Janine Wissler,PER,-0.1958333333333333,0.0,de,4
Ministerpräsidentin Dreyer,Ministerpräsidentin Dreyer,PER,0.0,0.0,de,4
Polens Präsident Duda,Polens Präsident Duda,PER,-0.175,0.0,de,4
Daniel Hagari,Daniel Hagari,PER,0.0,0.0,de,4
Regierungsvize Kubrakow,Regierungsvize Kubrakow,PER,-1.0,0.0,de,4
Jonathan Franzen,Jonathan Franzen,PER,-0.25,0.0,de,4
Reinhard Steurer,Reinhard Steurer,PER,0.0,0.0,de,4
Harald Preißler,Harald Preißler,PER,0.45,0.0,de,4
Gita Gopinath,Gita Gopinath,PER,0.0,0.5,de,4
Marina Owsjannikowa,Marina Owsjannikowa,PER,0.0,0.0,de,4
Evelyn Palla,Evelyn Palla,PER,-0.25,0.0,de,4
Kreml-Tyrann Wladimir Putin,Kreml-Tyrann Wladimir Putin,PER,-0.25,0.0,de,4
Bernd Neuendorf,Bernd Neuendorf,PER,0.25,0.0,de,4
Teherans Atomprogramm,Teherans Atomprogramm,PER,-0.425,0.0,de,4
Radosaw Sikorski,Radosaw Sikorski,PER,0.13749999999999998,0.0,de,4
Söldner-Gruppe Wagner,Söldner-Gruppe Wagner,PER,-0.175,0.0,de,4
Christina Arends,Christina Arends,PER,0.27499999999999997,0.0,de,4
NATO-Generalsekretär Mark Rutte,NATO-Generalsekretär Mark Rutte,PER,0.0,0.3333333333333333,de,3
Mathias Helwig,Mathias Helwig,PER,0.0,0.0,de,3
Marian Grunden,Marian Grunden,PER,0.0,0.0,de,3
Daniel Dubois,Daniel Dubois,PER,-0.16666666666666666,0.16666666666666666,de,3
Gunnar Luderer,Gunnar Luderer,PER,-0.3333333333333333,0.0,de,3
Erhard Bühler,Erhard Bühler,PER,-0.06666666666666665,0.5,de,3
Janis Kluge,Janis Kluge,PER,-0.2333333333333333,0.3333333333333333,de,3
Robert Greil,Robert Greil,PER,-0.43333333333333335,0.0,de,3
Ukraine Kampfjets,Ukraine Kampfjets,PER,0.2333333333333333,0.0,de,3
Sven Krüger,Sven Krüger,PER,0.0,0.0,de,3
Ingo K,Ingo K,PER,0.0,0.0,de,3
Eric Lombard,Eric Lombard,PER,0.0,0.0,de,3
Pierre Gasly,Pierre Gasly,PER,0.2333333333333333,0.0,de,3
Lars von Lackum,Lars von Lackum,PER,-0.2333333333333333,0.0,de,3
Omar Marmoush,Omar Marmoush,PER,0.3333333333333333,0.3333333333333333,de,3
Savita Wagner,Savita Wagner,PER,0.0,0.0,de,3
Angriffe Irans,Angriffe Irans,PER,-0.3333333333333333,0.0,de,3
Mia Mottley,Mia Mottley,PER,0.0,0.0,de,3
David Chipperfield,David Chipperfield,PER,0.3333333333333333,0.0,de,3
Rudi Völler,Rudi Völler,PER,0.6999999999999998,0.0,de,3
Lew Gudkow,Lew Gudkow,PER,-0.2333333333333333,0.0,de,3
Larry Fink,Larry Fink,PER,0.2333333333333333,0.0,de,3
Andrej Sacharow,Andrej Sacharow,PER,0.3333333333333333,0.0,de,3
Klaus Wellershoff,Klaus Wellershoff,PER,0.4666666666666666,0.0,de,3
Siegfried Russwurm,Siegfried Russwurm,PER,0.0,0.0,de,3
Oleksii Arestowytsch,Oleksii Arestowytsch,PER,0.0,0.0,de,3
Michael Müller,Michael Müller,PER,0.2333333333333333,0.0,de,3
Hamas-Militärchef Deif,Hamas-Militärchef Deif,PER,-0.10000000000000002,0.0,de,3
Swetlana Eberz,Swetlana Eberz,PER,0.0,0.0,de,3
Klaus Ernst,Klaus Ernst,PER,-0.6666666666666666,0.0,de,3
Chinas Wirtschaft,Chinas Wirtschaft,PER,0.0,0.0,de,3
Ungarns Premier Orbán,Ungarns Premier Orbán,PER,-0.6666666666666666,0.0,de,3
Juri Borissow,Juri Borissow,PER,-0.4666666666666666,0.0,de,3
Jorge Paulo Lemann,Jorge Paulo Lemann,PER,0.3333333333333333,0.0,de,3
Andrew Tate,Andrew Tate,PER,0.0,0.0,de,3
Norbert Gstrein,Norbert Gstrein,PER,0.0,0.0,de,3
falls Washington,falls Washington,PER,-0.9500000000000001,0.0,de,3
Ilko-Sascha Kowalczuk,Ilko-Sascha Kowalczuk,PER,0.0,0.0,de,3
Ferdinand Runge-Preis,Ferdinand Runge-Preis,PER,0.3333333333333333,0.0,de,3
Putins Feuerpause,Putins Feuerpause,PER,-0.3333333333333333,0.0,de,3
Luis de Guindos,Luis de Guindos,PER,0.0,0.0,de,3
Meyer Burger,Meyer Burger,PER,0.0,0.0,de,3
Nawalnys Leiche,Nawalnys Leiche,PER,0.0,0.0,de,3
Christopher Meltzer,Christopher Meltzer,PER,0.0,0.0,de,3
Jina Mahsa Amini,Jina Mahsa Amini,PER,0.0,0.3333333333333333,de,3
Grant Shapps,Grant Shapps,PER,-0.5166666666666666,0.0,de,3
Joseph Biden,Joseph Biden,PER,-0.3333333333333333,0.0,de,3
Wolfgang Reitzle,Wolfgang Reitzle,PER,-0.11666666666666665,0.0,de,3
Katerina Poladjan,Katerina Poladjan,PER,0.6666666666666666,0.0,de,3
Achim Freyer,Achim Freyer,PER,0.3333333333333333,0.0,de,3
Charles Munger,Charles Munger,PER,0.0,0.0,de,3
Padre Palou,Padre Palou,PER,0.4666666666666666,0.0,de,3
nan Großbritannien,nan Großbritannien,PER,0.6666666666666666,0.0,de,3
Mecklenburg-Vorpommerns Ministerpräsidentin Manuela Schwesig,Mecklenburg-Vorpommerns Ministerpräsidentin Manuela Schwesig,PER,-0.6166666666666667,0.0,de,3
Angelina Jolie,Angelina Jolie,PER,0.0,0.0,de,3
Elisabeth Zehetner,Elisabeth Zehetner,PER,0.0,0.0,de,3
Robert Downey Jr,Robert Downey Jr,PER,0.0,0.0,de,3
Sarah Mardini,Sarah Mardini,PER,0.0,0.0,de,3
Guido Westerwelle,Guido Westerwelle,PER,0.3333333333333333,0.0,de,3
Kodak Black,Kodak Black,PER,-0.2333333333333333,0.0,de,3
Klaus Theweleit,Klaus Theweleit,PER,-0.5,0.16666666666666666,de,3
Saudi-Arabiens Kronprinz,Saudi-Arabiens Kronprinz,PER,-0.6999999999999998,0.0,de,3
Mikhail Zygar,Mikhail Zygar,PER,0.0,0.0,de,3
Simon Jäger,Simon Jäger,PER,0.0,0.0,de,3
Nicholas Omonuk,Nicholas Omonuk,PER,0.0,0.0,de,3
Philipp Hildebrand,Philipp Hildebrand,PER,0.0,0.0,de,3
Jochen Schmidt,Jochen Schmidt,PER,0.3333333333333333,0.0,de,3
Sevim Dadelen,Sevim Dadelen,PER,-0.2333333333333333,0.0,de,3
Landwirtschaftsminister Rainer,Landwirtschaftsminister Rainer,PER,0.3333333333333333,0.0,de,3
Ali Laridschani,Ali Laridschani,PER,0.5666666666666667,0.0,de,3
Christoph Promberger,Christoph Promberger,PER,0.6666666666666666,0.0,de,3
Martin Böckmann,Martin Böckmann,PER,0.6999999999999998,0.0,de,3
Michail Gudkow,Michail Gudkow,PER,-0.1111111111111111,0.0,de,3
Regierungssprecher Stef,Regierungssprecher Stef,PER,0.0,0.0,de,3
Linken-Chef Jan van Aken,Linken-Chef Jan van Aken,PER,-0.3333333333333333,0.0,de,3
Alice Parker,Alice Parker,PER,0.0,0.0,de,3
Nils Mohl,Nils Mohl,PER,0.0,0.0,de,3
Leonid Wolkow,Leonid Wolkow,PER,0.0,0.0,de,3
Michael Thumann,Michael Thumann,PER,0.0,0.0,de,3
Aleksandr Perepelenko,Aleksandr Perepelenko,PER,0.0,1.0,de,3
Jude Law,Jude Law,PER,0.0,0.0,de,3
Féréba Koné,Féréba Koné,PER,-0.3333333333333333,0.0,de,3
Frauke Ludowig,Frauke Ludowig,PER,0.0,0.3333333333333333,de,3
Atze Schröder,Atze Schröder,PER,0.0,0.3333333333333333,de,3
Giovanni Maio,Giovanni Maio,PER,-0.3333333333333333,0.0,de,3
Thomas Aeschi,Thomas Aeschi,PER,-0.05000000000000001,0.0,de,3
Hans-Joachim Vieweger,Hans-Joachim Vieweger,PER,0.0,0.0,de,3
Zhang Youxia,Zhang Youxia,PER,0.0,0.0,de,3
Ronnie Biggs,Ronnie Biggs,PER,0.3333333333333333,0.0,de,3
Ray Dalio,Ray Dalio,PER,0.3499999999999999,0.16666666666666666,de,3
Grünen-Chef Felix Banaszak,Grünen-Chef Felix Banaszak,PER,-0.2333333333333333,0.0,de,3
Klemens Fischer,Klemens Fischer,PER,0.10000000000000002,0.0,de,3
van der Poel,van der Poel,PER,-0.2333333333333333,0.0,de,3
Burkina Faso,Burkina Faso,PER,0.0,0.0,de,3
James Krüss,James Krüss,PER,0.0,0.0,de,3
Otto Kirchheimer-Preis,Otto Kirchheimer-Preis,PER,0.3333333333333333,0.0,de,3
Ilya Martynov,Ilya Martynov,PER,0.0,0.0,de,3
Elena Artemenko,Elena Artemenko,PER,0.0,0.0,de,3
Irina Rastorgujewa,Irina Rastorgujewa,PER,0.0,0.0,de,3
Parteichef Lindner,Parteichef Lindner,PER,0.05000000000000001,0.0,de,3
Jannis Niewöhner,Jannis Niewöhner,PER,0.0,0.0,de,3
Pedro Pascal,Pedro Pascal,PER,0.2833333333333333,0.0,de,3
Dmitri Medwedjew,Dmitri Medwedjew,PER,0.0,0.0,de,3
Ludwig Hartmann,Ludwig Hartmann,PER,0.0,0.0,de,3
Randal Kolo Muani,Randal Kolo Muani,PER,0.3333333333333333,0.0,de,3
Alex Farinelli,Alex Farinelli,PER,0.4666666666666666,0.0,de,3
Harald Schmidt,Harald Schmidt,PER,0.0,0.0,de,3
CDU-Chef Voigt,CDU-Chef Voigt,PER,0.0,0.6666666666666666,de,3
Wolodymyr Se,Wolodymyr Se,PER,0.0,0.0,de,3
Uwe Timm,Uwe Timm,PER,0.0,0.0,de,3
Albert Füracker,Albert Füracker,PER,0.0,0.3333333333333333,de,3
Podcast „Bundestalk“,Podcast „Bundestalk“,PER,0.0,0.0,de,3
Bao Fan,Bao Fan,PER,0.0,0.0,de,3
Bob Mankoff,Bob Mankoff,PER,0.0,0.0,de,3
Heizölpreise heute,Heizölpreise heute,PER,0.0,0.0,de,3
Jack Unterweger,Jack Unterweger,PER,-0.3333333333333333,0.0,de,3
Lennart Meyer,Lennart Meyer,PER,0.3333333333333333,0.0,de,3
Günther Karl Bose,Günther Karl Bose,PER,0.0,0.0,de,3
Jakob Mähren,Jakob Mähren,PER,-0.6666666666666666,0.0,de,3
Sicherheitskonferenz-Chef Christoph Heusgen,Sicherheitskonferenz-Chef Christoph Heusgen,PER,0.0,0.0,de,3
Emanuel Issagholian,Emanuel Issagholian,PER,0.0,0.0,de,3
Richard Lutz,Richard Lutz,PER,0.0,0.0,de,3
Elke Erb,Elke Erb,PER,-1.0,0.0,de,3
Konrad Adenauers,Konrad Adenauers,PER,0.0,0.0,de,3
Alexandra Wittmann,Alexandra Wittmann,PER,-0.4666666666666666,0.0,de,3
Putin Signale,Putin Signale,PER,0.0,0.0,de,3
Ayaan Hirsi Ali,Ayaan Hirsi Ali,PER,-0.2333333333333333,0.0,de,3
Verona Pooth,Verona Pooth,PER,-0.3333333333333333,0.3333333333333333,de,3
Jane Fonda,Jane Fonda,PER,-0.4666666666666666,0.0,de,3
Apples Smartphone,Apples Smartphone,PER,-0.3333333333333333,0.0,de,3
Jonny Clayton,Jonny Clayton,PER,0.0,0.0,de,3
Finanzminister Markus Marterbauer,Finanzminister Markus Marterbauer,PER,0.0,0.0,de,3
Carlos Fonseca,Carlos Fonseca,PER,0.0,0.0,de,3
Mehr Schlagzeil,Mehr Schlagzeil,PER,0.0,1.0,de,3
Viktor Sokolow,Viktor Sokolow,PER,-0.2833333333333333,0.0,de,3
Ex-Präsident Poroschenko,Ex-Präsident Poroschenko,PER,0.0,0.0,de,3
Johannes Herwig,Johannes Herwig,PER,0.0,0.0,de,3
Jan Christian Kaack,Jan Christian Kaack,PER,0.10000000000000002,0.0,de,3
Kamila Walijewa,Kamila Walijewa,PER,0.2333333333333333,0.0,de,3
Macrons Verhandlungsgesuche,Macrons Verhandlungsgesuche,PER,-0.6666666666666666,0.0,de,3
Kai Bergmann von Germanwatch,Kai Bergmann von Germanwatch,PER,0.0,0.0,de,3
Anna Chapman,Anna Chapman,PER,0.4666666666666666,0.0,de,3
Katja Lange-Müller,Katja Lange-Müller,PER,0.0,0.0,de,3
Helen Toner,Helen Toner,PER,0.6666666666666666,0.0,de,3
Mann Barack,Mann Barack,PER,-0.3333333333333333,0.0,de,3
Philipp Navratil,Philipp Navratil,PER,0.0,0.0,de,3
Oliver Krischer,Oliver Krischer,PER,0.3333333333333333,0.3333333333333333,de,3
Roman Abramowitsch,Roman Abramowitsch,PER,-0.6666666666666666,0.0,de,3
Katharina Schulze,Katharina Schulze,PER,0.0,0.0,de,3
Christian Esch,Christian Esch,PER,0.0,0.0,de,3
Abgehörte Telefonate,Abgehörte Telefonate,PER,0.6833333333333332,0.16666666666666666,de,3
Tara-Louise Wittwer,Tara-Louise Wittwer,PER,0.0,0.0,de,3
Christiane Benner,Christiane Benner,PER,-0.3333333333333333,0.0,de,3
Liqui Moly,Liqui Moly,PER,0.0,0.0,de,3
Frankreichs Außenminister,Frankreichs Außenminister,PER,0.0,0.0,de,3
Kati Schneider,Kati Schneider,PER,0.0,0.0,de,3
Sebastian Hesse,Sebastian Hesse,PER,0.0,0.0,de,3
Elisabeth Pongratz,Elisabeth Pongratz,PER,0.0,0.0,de,3
Friedrich Merz ,Friedrich Merz ,PER,0.0,0.0,de,3
Bohrinsel Mittelplate,Bohrinsel Mittelplate,PER,0.0,0.0,de,3
Alfred Hackensberger,Alfred Hackensberger,PER,0.0,0.0,de,3
Atomkraftwerk Saporischschja,Atomkraftwerk Saporischschja,PER,-0.3333333333333333,0.0,de,3
Sandra Ludwig,Sandra Ludwig,PER,0.11666666666666665,0.5,de,3
Marco Dunand,Marco Dunand,PER,0.0,0.0,de,3
Anas al-Scharif,Anas al-Scharif,PER,-0.6666666666666666,0.0,de,3
Klaus Wittmann,Klaus Wittmann,PER,0.0,0.0,de,3
Sabine Pass,Sabine Pass,PER,-0.6999999999999998,0.0,de,3
Ute Bonde,Ute Bonde,PER,0.6666666666666666,0.0,de,3
Claudia Sarre,Claudia Sarre,PER,0.0,0.0,de,3
Ernst von Bergmann,Ernst von Bergmann,PER,0.9,0.0,de,3
Bernard Foccroulle,Bernard Foccroulle,PER,0.0,0.0,de,3
Alina Quast,Alina Quast,PER,0.0,0.0,de,3
Andreas Beck,Andreas Beck,PER,0.3333333333333333,0.3333333333333333,de,3
Vanessa Nakate,Vanessa Nakate,PER,0.2333333333333333,0.0,de,3
Matthias Herdegen,Matthias Herdegen,PER,0.6666666666666666,0.0,de,3
Franz-Josef Overbeck,Franz-Josef Overbeck,PER,-0.2222222222222222,0.1111111111111111,de,3
Philip Lane,Philip Lane,PER,0.3333333333333333,0.0,de,3
Norbert Gast,Norbert Gast,PER,0.6666666666666666,0.3333333333333333,de,3
Michael Jung,Michael Jung,PER,0.4666666666666666,0.0,de,3
Halbinsel Krim,Halbinsel Krim,PER,0.0,0.0,de,3
Niklas Golitschek,Niklas Golitschek,PER,0.2333333333333333,0.0,de,3
Putins Mann,Putins Mann,PER,0.0,0.0,de,3
Harry Styles,Harry Styles,PER,0.0,0.0,de,3
Gaston Glock,Gaston Glock,PER,-0.5,0.4000000000000001,de,3
Ex-Präsident Medwedew,Ex-Präsident Medwedew,PER,0.0,0.0,de,3
Leroy Merlin,Leroy Merlin,PER,0.05000000000000001,0.0,de,3
Edward Snowden,Edward Snowden,PER,0.0,0.6666666666666666,de,3
Trumps Wiederwahl,Trumps Wiederwahl,PER,0.08888888888888886,0.0,de,3
Ursula von der Leyens,Ursula von der Leyens,PER,-0.2333333333333333,0.0,de,3
Hans-Dieter Lucas,Hans-Dieter Lucas,PER,0.0,0.0,de,3
Harald Lesch,Harald Lesch,PER,-0.2333333333333333,0.0,de,3
Kremlkritiker Nawalny,Kremlkritiker Nawalny,PER,0.0,0.0,de,3
Wladimir Urin,Wladimir Urin,PER,-0.2333333333333333,0.0,de,3
Michael Voigtländer,Michael Voigtländer,PER,0.6666666666666666,0.0,de,3
Adam Sandler,Adam Sandler,PER,0.6666666666666666,0.0,de,3
Christian Bayer,Christian Bayer,PER,0.0,0.0,de,3
Ismail Hanija,Ismail Hanija,PER,-0.3333333333333333,0.0,de,3
Mats Hummels,Mats Hummels,PER,0.3499999999999999,0.13333333333333333,de,3
Alexander Ulbricht,Alexander Ulbricht,PER,0.0,0.0,de,3
Verena Hegner,Verena Hegner,PER,0.0,0.0,de,3
Machthaber Kim Jong Un,Machthaber Kim Jong Un,PER,0.2333333333333333,0.0,de,3
Christian Stocker,Christian Stocker,PER,0.3333333333333333,0.0,de,3
Yoga Vidya,Yoga Vidya,PER,0.6666666666666666,0.0,de,3
Mike Schubert,Mike Schubert,PER,0.3333333333333333,0.0,de,3
Stiebel Eltron,Stiebel Eltron,PER,0.0,0.0,de,3
Fernando Alonso,Fernando Alonso,PER,0.0,0.0,de,3
Irans Regime,Irans Regime,PER,0.0,0.0,de,3
Joachim Rukwied,Joachim Rukwied,PER,0.10000000000000002,0.0,de,3
Ex-General Kellogg,Ex-General Kellogg,PER,0.0,0.0,de,3
Mecklenburg-Vorpommerns Ministerpräsidentin,Mecklenburg-Vorpommerns Ministerpräsidentin,PER,-0.2333333333333333,0.0,de,3
Dmitri Muratow,Dmitri Muratow,PER,-1.0,0.0,de,3
Nordkoreas Diktator Kim,Nordkoreas Diktator Kim,PER,0.0,0.0,de,3
Timur Turlov,Timur Turlov,PER,0.0,0.0,de,3
Frank Witzel,Frank Witzel,PER,0.0,0.0,de,3
Wagner-Anführer Prigoschin,Wagner-Anführer Prigoschin,PER,-0.3333333333333333,0.0,de,3
Tanja Scholz,Tanja Scholz,PER,0.0,0.0,de,3
John Neumeier,John Neumeier,PER,-0.2833333333333333,0.6666666666666666,de,3
Steven Seagal,Steven Seagal,PER,0.2333333333333333,0.0,de,3
Andrej Medwedew,Andrej Medwedew,PER,-0.05000000000000001,0.0,de,3
Hunter Biden,Hunter Biden,PER,-0.3333333333333333,0.0,de,3
nan Österreich,nan Österreich,PER,-0.10000000000000002,0.0,de,3
Fridtjof Detzner,Fridtjof Detzner,PER,0.0,0.0,de,3
Jake Paul,Jake Paul,PER,0.2333333333333333,0.0,de,3
Leopard-2 Panzern,Leopard-2 Panzern,PER,0.0,0.0,de,3
Trumps Krieg,Trumps Krieg,PER,0.05000000000000001,0.0,de,3
Björn Wahlroos,Björn Wahlroos,PER,0.0,0.0,de,3
Alexander Schallenberg,Alexander Schallenberg,PER,0.0,0.0,de,3
Dennis Schröder,Dennis Schröder,PER,0.0,0.0,de,3
Michelle Hunziker,Michelle Hunziker,PER,0.0,0.3333333333333333,de,3
Lisa Natalie Arnold,Lisa Natalie Arnold,PER,0.0,0.0,de,3
Premier Orban,Premier Orban,PER,-0.3333333333333333,0.0,de,3
Ron DeSantis,Ron DeSantis,PER,-0.07777777777777777,0.0,de,3
Wiktor Pintschuk,Wiktor Pintschuk,PER,-0.2333333333333333,0.0,de,3
Niko Kovac,Niko Kovac,PER,0.0,0.3333333333333333,de,3
Landtagspräsidentin Muhterem Aras,Landtagspräsidentin Muhterem Aras,PER,0.6666666666666666,0.0,de,3
Ruslan Krawtschenko,Ruslan Krawtschenko,PER,-0.5666666666666667,0.0,de,3
Annette Kurschus,Annette Kurschus,PER,0.3333333333333333,0.0,de,3
Chinas Außenhandel,Chinas Außenhandel,PER,0.0,0.0,de,3
Kathrin Bach,Kathrin Bach,PER,0.0,0.0,de,3
Oda Lambrecht,Oda Lambrecht,PER,0.0,0.0,de,3
Saddam Hussein,Saddam Hussein,PER,0.0,0.0,de,3
Tim Kleindienst,Tim Kleindienst,PER,0.3333333333333333,0.0,de,3
unbeladene Öltanker,unbeladene Öltanker,PER,-0.43333333333333335,0.0,de,3
Israels Geheimdienst,Israels Geheimdienst,PER,0.0,0.0,de,3
Franz Perrez,Franz Perrez,PER,0.0,0.3333333333333333,de,3
Unions-Kanzlerkandidat Merz,Unions-Kanzlerkandidat Merz,PER,0.0,0.0,de,3
Michael Mendl,Michael Mendl,PER,0.3333333333333333,0.0,de,3
Jaroslaw Hunka,Jaroslaw Hunka,PER,1.0,0.0,de,3
Kanye West,Kanye West,PER,-0.6666666666666666,0.0,de,3
Franz Gasselsberger,Franz Gasselsberger,PER,-0.4666666666666666,0.0,de,3
Sevim Dagdelen,Sevim Dagdelen,PER,-0.2333333333333333,0.0,de,3
Charles de Gaulle,Charles de Gaulle,PER,0.0,0.0,de,3
Olivia Kortas,Olivia Kortas,PER,-0.2333333333333333,0.0,de,3
Tory Lanez,Tory Lanez,PER,-1.0,0.0,de,3
Alvin Bragg,Alvin Bragg,PER,0.0,0.0,de,3
Robert Crumbach,Robert Crumbach,PER,0.3333333333333333,0.0,de,3
Ken Hodge,Ken Hodge,PER,0.0,0.0,de,3
Mohammad Bagher Ghalibaf,Mohammad Bagher Ghalibaf,PER,0.05000000000000001,0.0,de,3
Vladyslav Heraskevych,Vladyslav Heraskevych,PER,0.2333333333333333,0.0,de,3
Carrie Yamaoka,Carrie Yamaoka,PER,0.0,0.0,de,3
Russlands Machthaber,Russlands Machthaber,PER,0.0,0.0,de,3
Lady R,Lady R,PER,-0.6999999999999998,0.0,de,3
Bundestagsvizepräsidentin Göring-Eckardt,Bundestagsvizepräsidentin Göring-Eckardt,PER,0.0,0.0,de,3
Lina Thiede,Lina Thiede,PER,0.0,0.0,de,3
ausbleibendes Klimageld,ausbleibendes Klimageld,PER,1.0,0.0,de,3
King Charles,King Charles,PER,0.0,0.0,de,3
Fraktionschef Dürr,Fraktionschef Dürr,PER,-0.4166666666666667,0.0,de,3
Alexander Oliver,Alexander Oliver,PER,0.0,0.0,de,3
Dirk Jänichen,Dirk Jänichen,PER,0.0,0.0,de,3
Israels Verteidigungsminister Katz,Israels Verteidigungsminister Katz,PER,-1.0,0.0,de,3
Wolodimir Selenskyj,Wolodimir Selenskyj,PER,0.0,0.0,de,3
Felix Klein,Felix Klein,PER,0.0,0.0,de,3
Oleksandr Nowikow,Oleksandr Nowikow,PER,0.0,0.0,de,3
Edgars Rinkevics,Edgars Rinkevics,PER,-0.3333333333333333,0.0,de,3
Kurt Schwitters,Kurt Schwitters,PER,0.0,0.0,de,3
Hape Kerkeling,Hape Kerkeling,PER,0.0,0.0,de,3
André Schürrle,André Schürrle,PER,0.3333333333333333,0.0,de,3
George Packer,George Packer,PER,-0.008333333333333323,0.0,de,3
Roger Waters,Roger Waters,PER,0.0,0.0,de,3
Polens Geheimdienst,Polens Geheimdienst,PER,-0.2333333333333333,0.0,de,3
Ministerin Schulze,Ministerin Schulze,PER,0.0,0.0,de,3
Arnold Schwarzenegger,Arnold Schwarzenegger,PER,-0.3333333333333333,0.0,de,3
Joel Mokyr,Joel Mokyr,PER,0.3333333333333333,0.0,de,3
Viktor Orbans,Viktor Orbans,PER,-0.2888888888888889,0.0,de,3
Michael Pender,Michael Pender,PER,0.0,0.0,de,3
Jill Lepore,Jill Lepore,PER,0.0,0.0,de,3
Ola Källenius,Ola Källenius,PER,0.9,0.0,de,3
Christine Schönteich,Christine Schönteich,PER,0.0,0.0,de,3
Lena Schätte,Lena Schätte,PER,0.6666666666666666,0.0,de,3
Selenskyj Optimismus,Selenskyj Optimismus,PER,0.0,0.0,de,3
Irina Farion,Irina Farion,PER,0.0,0.0,de,3
Christian Kracht,Christian Kracht,PER,0.6666666666666666,0.0,de,3
Thomas Kusterer,Thomas Kusterer,PER,0.5166666666666666,0.0,de,3
Mehdi Taremi,Mehdi Taremi,PER,-0.25,0.0,de,3
Elina Switolina,Elina Switolina,PER,0.0,0.0,de,3
Peter Howitt,Peter Howitt,PER,0.3333333333333333,0.0,de,3
Jan Philipp Burgard,Jan Philipp Burgard,PER,0.0,0.0,de,3
Frankfurts OB Wilke,Frankfurts OB Wilke,PER,-1.0,0.0,de,3
Philippe Aghion,Philippe Aghion,PER,0.3333333333333333,0.0,de,3
Thorsten Giersch,Thorsten Giersch,PER,-0.3333333333333333,0.0,de,3
Calin Georgescu,Calin Georgescu,PER,0.0,0.6666666666666666,de,3
Nikolas Häckel,Nikolas Häckel,PER,0.0,0.0,de,3
Ministerpräsidentin Giorgia Meloni,Ministerpräsidentin Giorgia Meloni,PER,0.2333333333333333,0.3333333333333333,de,3
Sergej Iwanow,Sergej Iwanow,PER,-0.3833333333333333,0.0,de,3
Carsten Brzeski,Carsten Brzeski,PER,0.05000000000000001,0.0,de,3
Iwan Popow,Iwan Popow,PER,0.4666666666666666,0.0,de,3
Amy Acton,Amy Acton,PER,0.6944444444444445,0.0,de,3
Thomas Anders,Thomas Anders,PER,0.1958333333333333,0.0,de,3
Jenny Erpenbeck,Jenny Erpenbeck,PER,0.6666666666666666,0.0,de,3
Jennifer Lopez,Jennifer Lopez,PER,0.4666666666666666,0.0,de,3
Ben Affleck,Ben Affleck,PER,0.4666666666666666,0.0,de,3
Günter Grass-Preis,Günter Grass-Preis,PER,0.0,0.0,de,3
Dietmar Walberg,Dietmar Walberg,PER,0.0,0.0,de,3
Svenja Flaßpöhler,Svenja Flaßpöhler,PER,0.3333333333333333,0.0,de,3
Bashar al-Asad,Bashar al-Asad,PER,0.0,0.0,de,3
Jagoda Marinić,Jagoda Marinić,PER,0.3333333333333333,0.0,de,3
Jamie Dimon,Jamie Dimon,PER,0.0,0.0,de,3
Hans-Joachim Watzke,Hans-Joachim Watzke,PER,0.2333333333333333,0.0,de,3
Daisy Hildyard,Daisy Hildyard,PER,0.4666666666666666,0.0,de,3
Bundesarbeitsminister Heil,Bundesarbeitsminister Heil,PER,0.9,0.0,de,3
Paul Simonis,Paul Simonis,PER,0.2333333333333333,0.0,de,3
Alexandra Prokopenko,Alexandra Prokopenko,PER,0.0,0.0,de,3
Zusage Putins,Zusage Putins,PER,0.16666666666666666,0.0,de,3
Wadym Prystajko,Wadym Prystajko,PER,-0.6555555555555556,0.1111111111111111,de,3
Abdulasis bin Salman,Abdulasis bin Salman,PER,0.0,0.0,de,3
Stromkosten von Hausbesitzerin,Stromkosten von Hausbesitzerin,PER,0.6999999999999998,0.0,de,3
RWE-Chef Markus Krebber,RWE-Chef Markus Krebber,PER,-0.3333333333333333,0.0,de,3
Staatschef Selenskyj,Staatschef Selenskyj,PER,1.0,0.0,de,3
Mariana Leky,Mariana Leky,PER,1.0,0.0,de,3
Vizepräsidentin Harris,Vizepräsidentin Harris,PER,0.0,0.0,de,3
Karl Lauterbachs,Karl Lauterbachs,PER,0.0,0.3333333333333333,de,3
Kevin Lamour,Kevin Lamour,PER,-0.3333333333333333,0.0,de,3
Oliver Christensen,Oliver Christensen,PER,-0.6666666666666666,0.0,de,3
Trumps Ukraine-Plan,Trumps Ukraine-Plan,PER,-0.05000000000000001,0.0,de,3
Ukraine Militärhilfe,Ukraine Militärhilfe,PER,-0.05000000000000001,0.0,de,3
Serkan C,Serkan C,PER,-0.3333333333333333,0.0,de,3
Stefan Heringer,Stefan Heringer,PER,0.6666666666666666,0.0,de,3
Lee Zeldin,Lee Zeldin,PER,-0.6666666666666666,0.3333333333333333,de,3
Christoph Sackmann,Christoph Sackmann,PER,0.3333333333333333,0.0,de,3
Alexandr Lukaschenko stell,Alexandr Lukaschenko stell,PER,0.0,0.0,de,3
Markus Brunnermeier,Markus Brunnermeier,PER,0.0,0.0,de,3
Johanna Quandt,Johanna Quandt,PER,-0.3333333333333333,0.0,de,3
Liveblog Putin,Liveblog Putin,PER,1.0,0.0,de,3
CSU-Vize Manfred Weber,CSU-Vize Manfred Weber,PER,0.0,0.6666666666666666,de,3
EU-Außenbeauftragter Borrell,EU-Außenbeauftragter Borrell,PER,0.4166666666666667,0.0,de,3
Ex-Präsident Dmitri Medwedew,Ex-Präsident Dmitri Medwedew,PER,0.0,0.3333333333333333,de,3
Linn Reusse,Linn Reusse,PER,0.0,0.0,de,3
Marcus Brunnermeier,Marcus Brunnermeier,PER,-0.6666666666666666,0.0,de,3
Axel Bojanowski,Axel Bojanowski,PER,0.3333333333333333,0.0,de,3
Frauke Rostalski,Frauke Rostalski,PER,0.3333333333333333,0.0,de,3
Clara von Nathusius,Clara von Nathusius,PER,0.3333333333333333,0.0,de,3
Weißes Haus,Weißes Haus,PER,-0.3333333333333333,0.0,de,3
Klaus Heilinglechner,Klaus Heilinglechner,PER,0.0,0.0,de,3
Hanna Maliar,Hanna Maliar,PER,-0.2333333333333333,0.0,de,3
Benjamin Scheuer,Benjamin Scheuer,PER,0.0,0.0,de,3
Liveblog Olympia,Liveblog Olympia,PER,0.0,0.0,de,3
Andrea Nahles,Andrea Nahles,PER,0.2333333333333333,0.0,de,3
Kims Truppen,Kims Truppen,PER,0.0,0.0,de,3
Europatour Selenskyjs,Europatour Selenskyjs,PER,0.0,0.0,de,3
Michael Kellner,Michael Kellner,PER,-0.11666666666666665,0.0,de,3
Anneliese Rohrer,Anneliese Rohrer,PER,0.6666666666666666,0.0,de,3
John Elkann,John Elkann,PER,0.0,0.0,de,3
Ilham Aliyev,Ilham Aliyev,PER,0.10000000000000002,0.0,de,3
BVB-Held Schlotterbeck,BVB-Held Schlotterbeck,PER,-0.6999999999999998,0.0,de,3
Andrij Demchenko,Andrij Demchenko,PER,0.0,0.0,de,3
Luca Maestri,Luca Maestri,PER,0.0,0.0,de,3
Helge Schneider,Helge Schneider,PER,0.0,0.0,de,3
Martin Adam,Martin Adam,PER,0.0,0.0,de,3
Sergej Surowikin,Sergej Surowikin,PER,0.0,0.0,de,3
Al Jazeera,Al Jazeera,PER,0.0,0.0,de,3
Viktoria Roschtschyna,Viktoria Roschtschyna,PER,-0.5666666666666667,0.0,de,3
Cristiano Ronaldo,Cristiano Ronaldo,PER,-0.45,0.3333333333333333,de,3
Manuel Ostermann,Manuel Ostermann,PER,0.0,0.0,de,3
Unionsfraktionsvize Jens Spahn,Unionsfraktionsvize Jens Spahn,PER,0.0,0.0,de,3
Iryna Tybinka,Iryna Tybinka,PER,-0.2333333333333333,0.0,de,3
Casey White,Casey White,PER,0.3333333333333333,0.0,de,3
Corinna Emundts,Corinna Emundts,PER,0.0,0.0,de,3
Yvonne Woelke,Yvonne Woelke,PER,-0.3055555555555556,0.0,de,3
Gabriele Krone-Schmalz,Gabriele Krone-Schmalz,PER,0.0,0.0,de,3
Nouriel Roubini,Nouriel Roubini,PER,0.2333333333333333,0.0,de,3
Magdalena Andersson,Magdalena Andersson,PER,0.05833333333333333,0.0,de,3
Unsplash Licence,Unsplash Licence,PER,0.0,0.0,de,3
Aleksandar Vui,Aleksandar Vui,PER,0.0,0.0,de,3
Le Pen,Le Pen,PER,-0.2333333333333333,0.0,de,3
Murmeltier Phil,Murmeltier Phil,PER,-0.6999999999999998,0.0,de,3
İlker Çatak,İlker Çatak,PER,-0.3333333333333333,0.0,de,3
Edgars Rinkevi,Edgars Rinkevi,PER,0.4666666666666666,0.0,de,3
Daniel Eckert,Daniel Eckert,PER,0.5666666666666667,0.0,de,3
Yasmin Flohr,Yasmin Flohr,PER,-0.43333333333333335,0.0,de,3
Ellen Burstyn,Ellen Burstyn,PER,0.6666666666666666,0.0,de,3
Kronprinz Mohammed bin Salman,Kronprinz Mohammed bin Salman,PER,0.0,0.0,de,3
Samuel Koch,Samuel Koch,PER,0.0,0.0,de,3
Beatrice Bode,Beatrice Bode,PER,0.0,0.0,de,3
Ueli Maurer,Ueli Maurer,PER,0.2333333333333333,0.0,de,3
Thilo Sarrazin,Thilo Sarrazin,PER,0.2333333333333333,0.0,de,3
Baba Yaga,Baba Yaga,PER,0.4666666666666666,0.0,de,3
Entwicklungsministerin Reem Alabali Radovan,Entwicklungsministerin Reem Alabali Radovan,PER,-0.16666666666666666,0.16666666666666666,de,3
Ifo-Chef Fuest,Ifo-Chef Fuest,PER,0.2333333333333333,0.0,de,3
Drohnenhilfe Chinas,Drohnenhilfe Chinas,PER,0.0,0.0,de,3
David Albright,David Albright,PER,0.0,0.0,de,3
Dänemarks Ministerpräsidentin,Dänemarks Ministerpräsidentin,PER,-0.6666666666666666,0.0,de,3
Robert Gernhardt,Robert Gernhardt,PER,0.0,0.0,de,3
Ski Aggu,Ski Aggu,PER,0.2333333333333333,0.0,de,3
Trumps Forderung,Trumps Forderung,PER,-0.3333333333333333,0.0,de,3
Trumps Wunschkandidat,Trumps Wunschkandidat,PER,-0.3333333333333333,0.0,de,3
Volker Wieland,Volker Wieland,PER,0.2333333333333333,0.0,de,3
Saad Scharida,Saad Scharida,PER,0.0,0.0,de,3
Post von Wagner,Post von Wagner,PER,-0.3333333333333333,0.0,de,3
abgeworfener Sprengsatz,abgeworfener Sprengsatz,PER,-0.9500000000000001,0.0,de,3
Finanz-Profi Sebastian Hell,Finanz-Profi Sebastian Hell,PER,0.5833333333333333,0.16666666666666666,de,3
Carolina Wilga,Carolina Wilga,PER,0.0,0.0,de,3
Stephanie Aeffner,Stephanie Aeffner,PER,-0.6666666666666666,0.0,de,3
William Ruto,William Ruto,PER,0.2333333333333333,0.0,de,3
Gerd Landsberg,Gerd Landsberg,PER,-0.10000000000000002,0.0,de,3
Irans Justiz,Irans Justiz,PER,0.0,0.0,de,3
Stefan Thumann,Stefan Thumann,PER,0.3333333333333333,0.0,de,3
Gerlinde Sämann,Gerlinde Sämann,PER,0.3333333333333333,0.0,de,3
Rose Gottemoeller,Rose Gottemoeller,PER,0.0,0.0,de,3
Kelly Ortberg,Kelly Ortberg,PER,0.6666666666666666,0.0,de,3
Chinas Sonderbeauftragter,Chinas Sonderbeauftragter,PER,0.0,0.0,de,3
Jewgeni Prigoschins,Jewgeni Prigoschins,PER,0.0,0.0,de,3
Christoph Gröner,Christoph Gröner,PER,-0.2333333333333333,0.0,de,3
Oleksandr Korniyenko,Oleksandr Korniyenko,PER,-0.2333333333333333,0.0,de,3
Sonja Fässler,Sonja Fässler,PER,0.3333333333333333,0.0,de,3
Markus Lewe,Markus Lewe,PER,-0.10000000000000002,0.0,de,3
Andreas Bovenschulte,Andreas Bovenschulte,PER,0.2333333333333333,0.0,de,3
Vincent Warnery,Vincent Warnery,PER,0.0,0.0,de,3
Lutz Meschke,Lutz Meschke,PER,0.0,0.0,de,3
Hal Harvey,Hal Harvey,PER,0.0,0.3333333333333333,de,3
Frida Nilsson,Frida Nilsson,PER,0.0,0.0,de,3
Isabel Allende,Isabel Allende,PER,-0.2333333333333333,0.0,de,3
Trumps Amtsantritt,Trumps Amtsantritt,PER,0.0,0.0,de,3
Ex-Außenminister Sigmar Gabriel,Ex-Außenminister Sigmar Gabriel,PER,0.0,0.0,de,3
Trumps Vereidigung,Trumps Vereidigung,PER,0.0,0.0,de,3
Wolfgang Niedecken,Wolfgang Niedecken,PER,0.0,0.0,de,3
Ifo-Präsident Clemens Fuest,Ifo-Präsident Clemens Fuest,PER,-0.1111111111111111,0.0,de,3
Leonid Sluzki,Leonid Sluzki,PER,0.4666666666666666,0.0,de,3
Israels Premier,Israels Premier,PER,0.5666666666666667,0.0,de,3
Waffenlieferungen Nordkoreas,Waffenlieferungen Nordkoreas,PER,-0.9500000000000001,0.0,de,3
Nicolas Sarkozy,Nicolas Sarkozy,PER,0.0,0.0,de,3
Wladimir Putin terrorisi,Wladimir Putin terrorisi,PER,0.0,0.0,de,3
Sigrid Nikutta,Sigrid Nikutta,PER,0.0,0.0,de,3
Eckart Conze,Eckart Conze,PER,-0.3333333333333333,0.0,de,3
Jabloko von Wahl,Jabloko von Wahl,PER,0.0,0.0,de,3
Sven Plöger,Sven Plöger,PER,0.10000000000000002,0.3333333333333333,de,3
Judith Holofernes,Judith Holofernes,PER,0.0,0.0,de,3
Fritz Vahrenholt,Fritz Vahrenholt,PER,0.16111111111111112,0.0,de,3
Sean Bell,Sean Bell,PER,0.2333333333333333,0.0,de,3
Philipp Peyman Engel,Philipp Peyman Engel,PER,0.0,0.0,de,3
Belit Onay,Belit Onay,PER,0.3333333333333333,0.0,de,3
Vanessa Hudson,Vanessa Hudson,PER,0.0,0.0,de,3
Mario Kunasek,Mario Kunasek,PER,0.6666666666666666,0.0,de,3
Stephan Lichtsteiner,Stephan Lichtsteiner,PER,0.3333333333333333,0.0,de,3
Regierungschef Sánchez,Regierungschef Sánchez,PER,0.0,0.0,de,3
Liveblog Ilja Jaschin,Liveblog Ilja Jaschin,PER,0.6999999999999998,0.0,de,3
Sabrina Singh,Sabrina Singh,PER,0.4666666666666666,0.0,de,3
Oliver Nachtwey,Oliver Nachtwey,PER,0.4666666666666666,0.0,de,3
Gert Loschütz,Gert Loschütz,PER,0.0,0.0,de,3
Ukraine Mirage-Kampfjets,Ukraine Mirage-Kampfjets,PER,0.0,0.0,de,3
Duma-Chef Wjatscheslaw Wolodin,Duma-Chef Wjatscheslaw Wolodin,PER,-0.7999999999999999,0.0,de,3
Merz Kanzler,Merz Kanzler,PER,0.0,0.6666666666666666,de,3
Wolfgang Büchner,Wolfgang Büchner,PER,0.0,0.0,de,3
Silke Schneider,Silke Schneider,PER,0.4666666666666666,0.0,de,3
Trumps Ukraine-Politik,Trumps Ukraine-Politik,PER,0.05000000000000001,0.0,de,3
Philipp Schröder,Philipp Schröder,PER,0.4666666666666666,0.0,de,3
Thomas Gutschker,Thomas Gutschker,PER,0.6999999999999998,0.0,de,3
Deniz Yücel,Deniz Yücel,PER,0.0,0.0,de,3
Itamar Ben-Gvir,Itamar Ben-Gvir,PER,-0.16666666666666666,0.0,de,3
Jan Redmann,Jan Redmann,PER,-0.3333333333333333,0.0,de,3
Chinas Machthaber,Chinas Machthaber,PER,0.3333333333333333,0.0,de,3
Adam Smith,Adam Smith,PER,0.0,0.0,de,3
Vreni Frost,Vreni Frost,PER,0.2833333333333333,0.0,de,3
Pentagon-Chef Pete Hegseth,Pentagon-Chef Pete Hegseth,PER,-0.3333333333333333,0.0,de,3
Ukraine Streumunition,Ukraine Streumunition,PER,0.2333333333333333,0.0,de,3
Gino Mäder,Gino Mäder,PER,0.0,0.0,de,3
Volker Türk,Volker Türk,PER,0.3333333333333333,0.0,de,3
Oleksij Mes,Oleksij Mes,PER,0.0,0.0,de,3
Gordian Fritz,Gordian Fritz,PER,0.3333333333333333,0.0,de,3
John Beard,John Beard,PER,0.0,0.0,de,3
Liveblog Trump,Liveblog Trump,PER,0.10000000000000002,0.0,de,3
Regierungschef Fico,Regierungschef Fico,PER,0.3333333333333333,0.0,de,3
David Zajonz,David Zajonz,PER,0.0,0.0,de,3
Sebastian Koch,Sebastian Koch,PER,0.0,0.0,de,3
Russlands Chefdiplomat Lawrow,Russlands Chefdiplomat Lawrow,PER,0.0,0.0,de,3
Teodor Uschew,Teodor Uschew,PER,0.0,0.0,de,3
Veronica Ferres,Veronica Ferres,PER,0.0,0.0,de,3
Bashar al-Assad,Bashar al-Assad,PER,-0.3333333333333333,0.0,de,3
Daniel Pokraka,Daniel Pokraka,PER,0.3333333333333333,0.0,de,3
Hans Schnepel,Hans Schnepel,PER,-0.3333333333333333,0.3333333333333333,de,3
Christian Miele,Christian Miele,PER,-0.3333333333333333,0.0,de,3
Dreigestirn Russland,Dreigestirn Russland,PER,-0.75,0.0,de,3
Gebrüder Heinemann,Gebrüder Heinemann,PER,0.0,0.0,de,3
Yaroslav Hrytsak,Yaroslav Hrytsak,PER,-0.3333333333333333,0.0,de,3
Duty-free-Händler Heinemann,Duty-free-Händler Heinemann,PER,0.0,0.0,de,3
Florian von Brunn,Florian von Brunn,PER,-0.43333333333333335,0.0,de,3
Ebrahim Raisi,Ebrahim Raisi,PER,0.3333333333333333,0.0,de,3
Anton Kobjakow,Anton Kobjakow,PER,0.5666666666666667,0.0,de,3
Greta Thunbergs,Greta Thunbergs,PER,0.2333333333333333,0.0,de,3
Daniel Eliasson,Daniel Eliasson,PER,-1.0,0.0,de,3
Andrea Enria,Andrea Enria,PER,-0.5666666666666667,0.3333333333333333,de,3
Caspar Felix Hoffmann,Caspar Felix Hoffmann,PER,-0.2333333333333333,0.0,de,3
Moskaus Anspruch,Moskaus Anspruch,PER,0.0,0.0,de,3
Carsten Mumm,Carsten Mumm,PER,0.3333333333333333,0.0,de,3
Roland Berger,Roland Berger,PER,0.16666666666666666,0.0,de,3
Antje Passenheim,Antje Passenheim,PER,0.0,0.0,de,3
Robert Menasse,Robert Menasse,PER,0.8333333333333334,0.0,de,3
Pascal Siggelkow,Pascal Siggelkow,PER,0.0,0.0,de,3
Corinna Harfouch,Corinna Harfouch,PER,1.0,0.0,de,3
Eva Illouz,Eva Illouz,PER,0.0,0.0,de,3
Sophia Maier,Sophia Maier,PER,0.0,0.0,de,3
Angriffe Kiews,Angriffe Kiews,PER,0.0,0.0,de,3
Patrick Klapetz,Patrick Klapetz,PER,0.6999999999999998,0.0,de,3
Arbeitgeberpräsident Dulger,Arbeitgeberpräsident Dulger,PER,0.0,0.0,de,3
Lukas Rietzschel,Lukas Rietzschel,PER,0.0,0.0,de,3
Vinícius Júnior,Vinícius Júnior,PER,1.0,0.0,de,3
Agnès Pannier-Runacher,Agnès Pannier-Runacher,PER,0.5666666666666667,0.0,de,3
Medienberichten zufo,Medienberichten zufo,PER,0.0,0.0,de,3
Wolfgang Urbantschitsch,Wolfgang Urbantschitsch,PER,0.0,0.3333333333333333,de,3
Trump-Vize Vance,Trump-Vize Vance,PER,0.0,0.0,de,3
Ex-Partner Gaz,Ex-Partner Gaz,PER,0.0,0.0,de,3
Kremlkritiker Alexej Nawalny,Kremlkritiker Alexej Nawalny,PER,-0.3333333333333333,0.0,de,3
Johannes Mayr,Johannes Mayr,PER,0.5666666666666667,0.0,de,3
Angriff Irans,Angriff Irans,PER,0.0,0.0,de,3
Andreas Heinemann-Grüder,Andreas Heinemann-Grüder,PER,0.0,0.0,de,3
Lina Beckmann,Lina Beckmann,PER,0.0,0.0,de,3
Israel Irans,Israel Irans,PER,0.0,0.0,de,3
Sarah Emmerich,Sarah Emmerich,PER,0.6666666666666666,0.0,de,3
Robert Holzmann,Robert Holzmann,PER,-0.2333333333333333,0.0,de,3
Generalsekretär Guterres,Generalsekretär Guterres,PER,0.1111111111111111,0.2222222222222222,de,3
Bewohner Kiews,Bewohner Kiews,PER,-0.8333333333333334,0.0,de,3
Nasse Haare,Nasse Haare,PER,0.0,0.0,de,3
Donald Trum,Donald Trum,PER,-0.26666666666666666,0.0,de,3
Manuel Hagel,Manuel Hagel,PER,0.11666666666666665,0.0,de,3
Schwarzmeer-Metropole Noworossijsk,Schwarzmeer-Metropole Noworossijsk,PER,0.6999999999999998,0.0,de,3
Finanz-Diva Katja Eckardt,Finanz-Diva Katja Eckardt,PER,0.2333333333333333,0.0,de,3
Günther Felßner,Günther Felßner,PER,-0.5666666666666667,0.0,de,3
Payam Yazdani,Payam Yazdani,PER,0.0,0.0,de,3
wärmender Glühwein,wärmender Glühwein,PER,0.0,0.0,de,3
Polizei Streifenwagen,Polizei Streifenwagen,PER,0.0,0.0,de,3
Wilfried von Bredow,Wilfried von Bredow,PER,-0.2333333333333333,0.0,de,3
Markus Steilemann,Markus Steilemann,PER,-0.11666666666666665,0.5,de,3
Hans-Lothar Domröse,Hans-Lothar Domröse,PER,0.0,0.0,de,3
Clemens Meyer,Clemens Meyer,PER,0.6666666666666666,0.0,de,3
Yuriy Gurzhy,Yuriy Gurzhy,PER,0.0,0.0,de,3
Michael Braungart,Michael Braungart,PER,-0.6666666666666666,0.0,de,3
Richard Vogel,Richard Vogel,PER,0.6999999999999998,0.0,de,3
Péter Szijjártó,Péter Szijjártó,PER,0.0,0.0,de,3
Philipp Amthor,Philipp Amthor,PER,0.3333333333333333,0.0,de,3
Marco Thiele,Marco Thiele,PER,0.3333333333333333,0.0,de,3
Stefanie Hertel,Stefanie Hertel,PER,0.0,0.0,de,3
Nina Jankowicz,Nina Jankowicz,PER,0.3333333333333333,0.0,de,3
Nicolas Cage,Nicolas Cage,PER,0.7999999999999999,0.0,de,3
Burkhard Garweg,Burkhard Garweg,PER,0.3333333333333333,0.0,de,3
Kathy Hochul,Kathy Hochul,PER,0.6666666666666666,0.0,de,3
FOCUS-online-Autor Hans-Jürgen Moritz,FOCUS-online-Autor Hans-Jürgen Moritz,PER,0.0,0.0,de,3
Selenskyj Mitschuld,Selenskyj Mitschuld,PER,0.0,0.0,de,3
Vincent van Gogh,Vincent van Gogh,PER,0.0,0.0,de,3
Harald V,Harald V,PER,-0.2333333333333333,0.0,de,3
Werner Kogler,Werner Kogler,PER,0.0,0.0,de,3
Wolfram Koch,Wolfram Koch,PER,0.0,0.0,de,3
Finanzministerin Yellen,Finanzministerin Yellen,PER,0.0,0.0,de,3
Israels Luftwaffe Armeeangaben,Israels Luftwaffe Armeeangaben,PER,-1.0,0.0,de,3
Ben Wallace,Ben Wallace,PER,0.4666666666666666,0.0,de,3
Lucas Maier,Lucas Maier,PER,-0.3333333333333333,0.0,de,3
Mychailo Podoljak,Mychailo Podoljak,PER,0.2333333333333333,0.0,de,3
Arne Schönbohm,Arne Schönbohm,PER,0.2333333333333333,0.3333333333333333,de,3
Jürgen Voß,Jürgen Voß,PER,0.0,0.0,de,3
Eugen Polanski,Eugen Polanski,PER,-0.05000000000000001,0.0,de,3
Muriel Furrer,Muriel Furrer,PER,0.0,0.0,de,3
Kimberly Cheatle,Kimberly Cheatle,PER,0.3333333333333333,0.0,de,3
Shigeru Ishiba,Shigeru Ishiba,PER,0.3333333333333333,0.3333333333333333,de,3
Trumps Zöllen,Trumps Zöllen,PER,-0.3333333333333333,0.0,de,3
Bettina Sengling,Bettina Sengling,PER,0.4666666666666666,0.0,de,3
Chimamanda Ngozi Adichie,Chimamanda Ngozi Adichie,PER,0.0,0.0,de,3
Klaas Knot,Klaas Knot,PER,-0.2333333333333333,0.0,de,3
Renate Künast,Renate Künast,PER,0.0,0.3333333333333333,de,3
Carsten-Otto Nagel,Carsten-Otto Nagel,PER,0.4666666666666666,0.0,de,3
Selenskyj Friedensplan,Selenskyj Friedensplan,PER,-0.3499999999999999,0.0,de,3
Thomas Kemmerich,Thomas Kemmerich,PER,0.0,0.3333333333333333,de,3
Susanne Weigelin-Schwiedrzik,Susanne Weigelin-Schwiedrzik,PER,0.2333333333333333,0.0,de,3
Hochspringerin Mahutschich,Hochspringerin Mahutschich,PER,0.4666666666666666,0.0,de,3
Fed-Chef Jerome Powell,Fed-Chef Jerome Powell,PER,0.3333333333333333,0.0,de,3
Michel Barnier,Michel Barnier,PER,0.43333333333333335,0.0,de,3
Oliver Noelting,Oliver Noelting,PER,0.07777777777777777,0.0,de,3
Kommissionspräsidentin Ursula,Kommissionspräsidentin Ursula,PER,0.0,0.0,de,3
Horst Heldt,Horst Heldt,PER,0.0,0.0,de,3
Julian Hans,Julian Hans,PER,0.11666666666666665,0.0,de,3
Knaus Tabbert,Knaus Tabbert,PER,0.0,0.0,de,3
Niklas Höhne,Niklas Höhne,PER,-0.225,0.0,de,3
Sohn Hunter,Sohn Hunter,PER,-0.2333333333333333,0.0,de,3
Hans von Storch,Hans von Storch,PER,0.3333333333333333,0.0,de,3
Hugo Boss,Hugo Boss,PER,0.3333333333333333,0.0,de,3
Peter Mandelson,Peter Mandelson,PER,0.2333333333333333,0.0,de,3
Union Berlins,Union Berlins,PER,0.0,0.0,de,3
Wladimir Wladimirowitsch,Wladimir Wladimirowitsch,PER,0.41111111111111115,0.0,de,3
Vladimir Sorokin,Vladimir Sorokin,PER,0.4666666666666666,0.0,de,3
Wolodomyr Selenskyj,Wolodomyr Selenskyj,PER,0.3333333333333333,0.0,de,3
Serkan Çalar,Serkan Çalar,PER,-0.3833333333333333,0.26666666666666666,de,3
Timur Iwanow,Timur Iwanow,PER,0.05000000000000001,0.0,de,3
Seyla Benhabib,Seyla Benhabib,PER,0.3333333333333333,0.0,de,3
Rolf Fliß,Rolf Fliß,PER,-0.3333333333333333,0.0,de,3
Johannes Varwick,Johannes Varwick,PER,0.3333333333333333,0.0,de,3
Sasha Marianna Salzmann,Sasha Marianna Salzmann,PER,0.0,0.0,de,3
Lisa Weiß,Lisa Weiß,PER,0.0,0.0,de,3
Jeffrey Epstein,Jeffrey Epstein,PER,0.0,0.0,de,3
Berkshire Hathaway,Berkshire Hathaway,PER,0.2333333333333333,0.0,de,3
Tatjana Ohm,Tatjana Ohm,PER,0.2333333333333333,0.0,de,3
Ruslan Stefantschuk,Ruslan Stefantschuk,PER,-0.2333333333333333,0.0,de,3
Matteo Zuppi,Matteo Zuppi,PER,0.0,0.0,de,3
Jewgen Karas,Jewgen Karas,PER,-0.6666666666666666,0.0,de,3
Eva-Maria Zschornack,Eva-Maria Zschornack,PER,0.0,0.0,de,3
Sylvia Shin,Sylvia Shin,PER,0.6999999999999998,0.0,de,3
Joko Winterscheidt,Joko Winterscheidt,PER,0.0,0.0,de,3
Carlotta Sarina,Carlotta Sarina,PER,0.0,0.0,de,3
Finanz-Staatssekretärin Barbara Eibinger-Miedl,Finanz-Staatssekretärin Barbara Eibinger-Miedl,PER,0.0,0.0,de,3
Bettina Meier,Bettina Meier,PER,0.0,0.0,de,3
Linken-Chef Martin Schirdewan,Linken-Chef Martin Schirdewan,PER,0.3333333333333333,0.0,de,3
Frankreichs Finanzminister,Frankreichs Finanzminister,PER,0.0,0.0,de,3
Linken-Chefin Ines Schwerdtner,Linken-Chefin Ines Schwerdtner,PER,-0.3333333333333333,0.0,de,3
Chefin Sigrid Nikutta,Chefin Sigrid Nikutta,PER,0.0,0.0,de,3
Robert Risch,Robert Risch,PER,-0.3333333333333333,0.0,de,3
Israels Luftangriff,Israels Luftangriff,PER,0.0,0.0,de,3
Julian Nida-Rümelin,Julian Nida-Rümelin,PER,-0.2333333333333333,0.3333333333333333,de,3
Krim Kampfdelfine,Krim Kampfdelfine,PER,0.6999999999999998,0.0,de,3
Timo Lochocki,Timo Lochocki,PER,0.11666666666666665,0.16666666666666666,de,3
Trump Kiew,Trump Kiew,PER,0.4666666666666666,0.0,de,3
Elmar Theveßen,Elmar Theveßen,PER,0.4666666666666666,0.0,de,3
Lydia Hüskens,Lydia Hüskens,PER,0.3333333333333333,0.3333333333333333,de,3
Kommissionspräsidentin Ursula von der Leyen,Kommissionspräsidentin Ursula von der Leyen,PER,0.0,0.0,de,3
EVP-Chef Manfred Weber,EVP-Chef Manfred Weber,PER,-0.2333333333333333,0.3333333333333333,de,3
Roman Polanski,Roman Polanski,PER,0.4666666666666666,0.0,de,3
mutmaßlichem Angriff,mutmaßlichem Angriff,PER,0.0,0.0,de,3
Matthias Quent,Matthias Quent,PER,-0.3333333333333333,0.0,de,3
Martina Hefter,Martina Hefter,PER,0.3333333333333333,0.0,de,3
Hedwig Röckelein,Hedwig Röckelein,PER,0.3333333333333333,0.0,de,3
Wolodymyr Sele,Wolodymyr Sele,PER,0.0,0.0,de,3
Fleche Wallone,Fleche Wallone,PER,0.4666666666666666,0.0,de,3
Ansar Allah,Ansar Allah,PER,0.0,0.0,de,3
Daniela Behrens,Daniela Behrens,PER,0.2333333333333333,0.0,de,3
Nadja Hirsch,Nadja Hirsch,PER,-0.3333333333333333,0.3333333333333333,de,3
Michelle Yeoh,Michelle Yeoh,PER,0.0,0.0,de,3
William Kentridge,William Kentridge,PER,0.3333333333333333,0.0,de,3
Ludwig Darmstaedter-Preis,Ludwig Darmstaedter-Preis,PER,1.0,0.0,de,3
Eko Fresh,Eko Fresh,PER,-0.4666666666666666,0.0,de,3
Reto Knutti,Reto Knutti,PER,-0.4666666666666666,0.0,de,3
Marcel J,Marcel J,PER,0.0,0.0,de,3
Katharina Wilhelm,Katharina Wilhelm,PER,0.0,0.0,de,3
Hanna S,Hanna S,PER,-0.3333333333333333,0.0,de,3
Jürgen Sparwasser,Jürgen Sparwasser,PER,0.0,0.0,de,3
Paul Ehrlich,Paul Ehrlich,PER,1.0,0.0,de,3
Fußball-Weltmeister Bernd Hölzenbein,Fußball-Weltmeister Bernd Hölzenbein,PER,-1.0,0.0,de,3
Christian Dorst,Christian Dorst,PER,0.0,0.0,de,3
Wopke Hoekstra,Wopke Hoekstra,PER,0.16666666666666666,0.0,de,3
Timo Werner,Timo Werner,PER,0.0,0.0,de,3
Maria Groß,Maria Groß,PER,0.75,0.0,de,3
Meryl Streep,Meryl Streep,PER,0.0,0.0,de,3
Iris Wolff,Iris Wolff,PER,1.0,0.0,de,3
Manuel Neuer,Manuel Neuer,PER,0.0,0.0,de,3
Milorad Dodik,Milorad Dodik,PER,0.2833333333333333,0.0,de,3
Bernd Raffelhüschen,Bernd Raffelhüschen,PER,0.35,0.0,de,2
Wolodymyr Selenskyj wur,Wolodymyr Selenskyj wur,PER,0.0,0.0,de,2
Bayerische Fahnder,Bayerische Fahnder,PER,0.0,0.0,de,2
BSW-Politiker Dorst,BSW-Politiker Dorst,PER,0.0,0.0,de,2
Schwedens Nato-Beitritt,Schwedens Nato-Beitritt,PER,-0.425,0.0,de,2
Serhij K,Serhij K,PER,0.0,0.0,de,2
Mary Elise Sarotte,Mary Elise Sarotte,PER,0.35,0.0,de,2
Grigori Judin,Grigori Judin,PER,-0.35,0.0,de,2
Parteikollege Habeck,Parteikollege Habeck,PER,0.0,0.0,de,2
Emre Can,Emre Can,PER,-0.5,0.0,de,2
Ex-Minister Umjerow,Ex-Minister Umjerow,PER,0.0,0.0,de,2
Denis Mouryga,Denis Mouryga,PER,0.0,0.0,de,2
Scarlett Johansson,Scarlett Johansson,PER,0.0,0.0,de,2
Walter Kempowski,Walter Kempowski,PER,0.5,0.0,de,2
Gernot Wagner,Gernot Wagner,PER,0.0,0.0,de,2
Christoph Maria Michalski,Christoph Maria Michalski,PER,0.35,0.0,de,2
Auskunft von Shein,Auskunft von Shein,PER,0.0,0.0,de,2
Georg R,Georg R,PER,-0.5,0.0,de,2
Gareth Ferris,Gareth Ferris,PER,0.0,0.0,de,2
Dragica Mischler,Dragica Mischler,PER,0.0,0.0,de,2
Hans Pleininger,Hans Pleininger,PER,-0.7,0.0,de,2
Jimi Blue,Jimi Blue,PER,0.0,0.0,de,2
Laura Dahlmeier,Laura Dahlmeier,PER,-0.5,0.0,de,2
Karl-Rudolf Korte,Karl-Rudolf Korte,PER,0.0,0.0,de,2
Samuel Paty,Samuel Paty,PER,1.0,0.0,de,2
Willi Heidelbach,Willi Heidelbach,PER,0.0,0.0,de,2
Sergej Karaganow,Sergej Karaganow,PER,0.0,0.0,de,2
Herfried Münkler,Herfried Münkler,PER,0.0,0.0,de,2
Infrastrukturminister Matteo Salvini,Infrastrukturminister Matteo Salvini,PER,0.0,0.0,de,2
Christian Lindn,Christian Lindn,PER,0.0,0.0,de,2
Michael Evertz,Michael Evertz,PER,0.0,0.0,de,2
Wiktorija Roschtschyna,Wiktorija Roschtschyna,PER,0.0,0.0,de,2
Charli XCX,Charli XCX,PER,0.0,0.0,de,2
George Daniel,George Daniel,PER,0.0,0.0,de,2
Nina Chuba,Nina Chuba,PER,0.5,0.0,de,2
Kurt Palm,Kurt Palm,PER,0.0,0.0,de,2
Elena Kolbasnikova,Elena Kolbasnikova,PER,-0.85,0.0,de,2
Mike Pence,Mike Pence,PER,0.0,0.0,de,2
Russland-Experte Joachim Weber,Russland-Experte Joachim Weber,PER,-1.0,0.0,de,2
Israels Reaktion,Israels Reaktion,PER,0.15000000000000002,0.0,de,2
Daniel Goldhaber,Daniel Goldhaber,PER,0.0,0.0,de,2
Finnlands Präsident Niinistö,Finnlands Präsident Niinistö,PER,-1.0,0.0,de,2
Baerbocks Südamerikareise,Baerbocks Südamerikareise,PER,0.0,0.0,de,2
Slush Eismaschine,Slush Eismaschine,PER,0.425,0.0,de,2
Worx Landroid,Worx Landroid,PER,0.35,0.0,de,2
Florian Kellermann,Florian Kellermann,PER,-0.5,0.0,de,2
Tag zu Tag,Tag zu Tag,PER,0.0,1.0,de,2
"Frau""-Paares Gerald","Frau""-Paares Gerald",PER,-0.7,0.0,de,2
Wladimir Milow,Wladimir Milow,PER,0.15000000000000002,0.0,de,2
Rolle Wasserstoff,Rolle Wasserstoff,PER,0.7,0.0,de,2
Jorgo Chatzimarkakis,Jorgo Chatzimarkakis,PER,0.7,0.0,de,2
Nadja Abd el Farrags,Nadja Abd el Farrags,PER,0.0,0.0,de,2
Hersteller Mondelez,Hersteller Mondelez,PER,0.35,0.0,de,2
Deutschlands Kanzler,Deutschlands Kanzler,PER,-0.175,0.0,de,2
Andreas Ellermann,Andreas Ellermann,PER,0.0,0.0,de,2
Fauja Singh,Fauja Singh,PER,1.0,0.0,de,2
Marianne Birthler,Marianne Birthler,PER,0.0,0.0,de,2
handverlesener Bürger*innen,handverlesener Bürger*innen,PER,0.0,0.0,de,2
Gregor Peter Schmitz,Gregor Peter Schmitz,PER,0.0,0.0,de,2
Heike Hübener,Heike Hübener,PER,-0.5,0.0,de,2
Lars Klingb,Lars Klingb,PER,0.0,0.0,de,2
Christian Wulff Gast,Christian Wulff Gast,PER,0.0,0.0,de,2
Bundestags-Vizepräsident Omid Nouripour,Bundestags-Vizepräsident Omid Nouripour,PER,0.35,0.0,de,2
dien Etat der Jahre,dien Etat der Jahre,PER,0.0,0.0,de,2
Ryan Peake,Ryan Peake,PER,-0.5,0.0,de,2
Olha Stefanischyna,Olha Stefanischyna,PER,-0.425,0.0,de,2
Machthaber Nicolás Maduro,Machthaber Nicolás Maduro,PER,0.5,0.0,de,2
Inna Hartwich,Inna Hartwich,PER,0.35,0.0,de,2
Thomas Mayer,Thomas Mayer,PER,0.0,0.0,de,2
Jamie Oliver,Jamie Oliver,PER,0.0,0.0,de,2
Liveblog Polens,Liveblog Polens,PER,-0.35,0.0,de,2
Moritz Eggert,Moritz Eggert,PER,-0.43333333333333335,0.0,de,2
Anne Demmer,Anne Demmer,PER,0.0,0.0,de,2
Irina Krynina,Irina Krynina,PER,0.0,0.0,de,2
Leon Pasch,Leon Pasch,PER,0.0,0.0,de,2
Motel One,Motel One,PER,0.0,0.0,de,2
Preussen Elektra,Preussen Elektra,PER,-0.35,0.0,de,2
Linken-Chef van Aken,Linken-Chef van Aken,PER,0.35,0.0,de,2
Finanz-Experte Clemens Schömann-Finck,Finanz-Experte Clemens Schömann-Finck,PER,0.7,0.0,de,2
Steve Wi,Steve Wi,PER,0.0,0.0,de,2
Dianne Feinstein,Dianne Feinstein,PER,0.0,0.0,de,2
Maksim Gavrilenko,Maksim Gavrilenko,PER,0.7,0.0,de,2
Pentagon-Chef Hegseth,Pentagon-Chef Hegseth,PER,0.35,0.0,de,2
Chefs Prigoschin,Chefs Prigoschin,PER,0.0,0.0,de,2
Sergej Gorjatschew,Sergej Gorjatschew,PER,-1.0,0.0,de,2
David Julius,David Julius,PER,0.0,0.0,de,2
Hannah Gutierrez-Reed,Hannah Gutierrez-Reed,PER,-0.5,0.0,de,2
Bernd Stegemann,Bernd Stegemann,PER,0.0,0.0,de,2
Jan-Erik Siemens,Jan-Erik Siemens,PER,0.35,0.4,de,2
Giselle Ucar,Giselle Ucar,PER,0.0,0.0,de,2
José Mourinho,José Mourinho,PER,0.0,0.0,de,2
Sven Giegold,Sven Giegold,PER,0.5,0.0,de,2
Trump-Schwiegersohn Jared Kushner,Trump-Schwiegersohn Jared Kushner,PER,0.0,0.0,de,2
Hanka Rackwitz,Hanka Rackwitz,PER,-0.15000000000000002,0.0,de,2
Länderspiel Deutschland-Ukraine,Länderspiel Deutschland-Ukraine,PER,0.0,0.0,de,2
Wunderwaffe Witkoff,Wunderwaffe Witkoff,PER,0.0,0.0,de,2
Claudia Goldin,Claudia Goldin,PER,0.0,0.0,de,2
Eva Komarek,Eva Komarek,PER,-1.0,0.0,de,2
Simon Blümcke,Simon Blümcke,PER,0.0,0.0,de,2
Chinas Dominanz,Chinas Dominanz,PER,0.0,0.0,de,2
Moskaus Äußerungen,Moskaus Äußerungen,PER,-1.0,0.0,de,2
Wim van den Heever,Wim van den Heever,PER,0.5,0.0,de,2
Mick Truyts,Mick Truyts,PER,0.0,0.0,de,2
Heike Adam,Heike Adam,PER,0.7,0.0,de,2
Trumps Wirtschaftspläne,Trumps Wirtschaftspläne,PER,0.0,0.0,de,2
Jeffrey Hamilton,Jeffrey Hamilton,PER,0.0,0.0,de,2
Landtagspräsident Deutschmanns,Landtagspräsident Deutschmanns,PER,0.0,0.0,de,2
Boris Eldagsen,Boris Eldagsen,PER,0.0,0.0,de,2
Kanadas Premier Trudeau,Kanadas Premier Trudeau,PER,0.5,0.0,de,2
Crispin Odey,Crispin Odey,PER,-1.0,0.0,de,2
Liveblog Jewgeni Prigoschin,Liveblog Jewgeni Prigoschin,PER,-0.35,0.0,de,2
Wagner-Chef Prigoschin keilt,Wagner-Chef Prigoschin keilt,PER,0.0,0.0,de,2
Friedrich Kramer,Friedrich Kramer,PER,0.35,0.0,de,2
Minister Sergej Schoigu,Minister Sergej Schoigu,PER,0.0,0.0,de,2
Silvio Berlusconi,Silvio Berlusconi,PER,0.35,0.0,de,2
Russland-Nähe von AfD-Abgeordneten,Russland-Nähe von AfD-Abgeordneten,PER,0.0,0.0,de,2
Uwe Kreide,Uwe Kreide,PER,-0.07500000000000001,0.0,de,2
Max Zimmermann,Max Zimmermann,PER,-0.35,0.0,de,2
Klimapolitik-Fachmann Niklas Höhne,Klimapolitik-Fachmann Niklas Höhne,PER,0.0,0.0,de,2
Telegram von Einflügen von Kampfdrohnen,Telegram von Einflügen von Kampfdrohnen,PER,0.0,0.0,de,2
Jom Kippur,Jom Kippur,PER,-0.5,0.0,de,2
Joseph Schumpeter,Joseph Schumpeter,PER,0.0,0.0,de,2
Paris Jackson,Paris Jackson,PER,0.5,0.0,de,2
Thomas Böker,Thomas Böker,PER,0.0,0.0,de,2
Andreas Meyer-Feist,Andreas Meyer-Feist,PER,0.0,0.0,de,2
Mykola Oleschtschuk,Mykola Oleschtschuk,PER,-0.15000000000000002,0.0,de,2
Konstantin Wecker,Konstantin Wecker,PER,0.0,0.0,de,2
"Taifun ""Doksuri","Taifun ""Doksuri",PER,0.0,0.0,de,2
Fabian Deitelhoff,Fabian Deitelhoff,PER,0.7,0.0,de,2
Ina Knobloch,Ina Knobloch,PER,0.0,0.5,de,2
Erdogan tanze,Erdogan tanze,PER,0.0,0.0,de,2
Peter Hornung,Peter Hornung,PER,0.0,0.0,de,2
GdP-Landeschef Stephan Weh,GdP-Landeschef Stephan Weh,PER,-1.0,0.0,de,2
Moskaus Drohnenangriffe,Moskaus Drohnenangriffe,PER,-0.85,0.0,de,2
Ibrahim O,Ibrahim O,PER,0.0,0.0,de,2
Maik Keller,Maik Keller,PER,0.35,0.0,de,2
Taiwan Militärhilfe,Taiwan Militärhilfe,PER,0.425,0.0,de,2
Finanzministerin Schneider,Finanzministerin Schneider,PER,0.575,0.0,de,2
Ex-Regierungschef Sellering,Ex-Regierungschef Sellering,PER,0.0,0.0,de,2
Stefan Meister,Stefan Meister,PER,0.0,0.0,de,2
Errol Morris,Errol Morris,PER,0.175,0.0,de,2
Anastasija Zwiljewa,Anastasija Zwiljewa,PER,0.0,0.0,de,2
Anke Heinhaus,Anke Heinhaus,PER,0.0,0.0,de,2
Nils Thamling,Nils Thamling,PER,0.0,1.0,de,2
Lala Berlin,Lala Berlin,PER,0.0,0.0,de,2
Julio César Chávez junior,Julio César Chávez junior,PER,0.0,0.0,de,2
hybridem Angriff,hybridem Angriff,PER,0.0,0.0,de,2
Ukraines Grenzschutz,Ukraines Grenzschutz,PER,-1.0,0.0,de,2
Moskaus Schritt,Moskaus Schritt,PER,0.0,0.0,de,2
Stopp von Privatjetflügen,Stopp von Privatjetflügen,PER,0.0,0.0,de,2
Giovanni Zarrella,Giovanni Zarrella,PER,-0.7,0.0,de,2
Ivan Levytsky,Ivan Levytsky,PER,0.0,0.0,de,2
Bruno Retailleau,Bruno Retailleau,PER,0.07500000000000001,0.0,de,2
Trumps Gesundheitszustand,Trumps Gesundheitszustand,PER,0.0,0.0,de,2
Geschwollene Fußgelenke,Geschwollene Fußgelenke,PER,0.0,0.0,de,2
Trumps Sieg,Trumps Sieg,PER,-0.35,0.5,de,2
María Corina Machado,María Corina Machado,PER,0.8999999999999999,0.0,de,2
Sebastian Copeland,Sebastian Copeland,PER,-0.35,0.0,de,2
Matthäus Wehowski,Matthäus Wehowski,PER,0.5,0.0,de,2
Ex-Vorstand Marsalek,Ex-Vorstand Marsalek,PER,0.0,0.0,de,2
Isaac Herzog,Isaac Herzog,PER,0.5,0.0,de,2
Markus Rosch,Markus Rosch,PER,0.0,0.0,de,2
Stephan Lamby,Stephan Lamby,PER,0.05000000000000001,0.16666666666666666,de,2
Eike Bruns,Eike Bruns,PER,0.0,0.0,de,2
Angelos L,Angelos L,PER,0.0,0.0,de,2
Thomas Buberl,Thomas Buberl,PER,0.0,1.0,de,2
Christoph Lemmer,Christoph Lemmer,PER,0.0,0.0,de,2
Geburtstags von Kremlchef,Geburtstags von Kremlchef,PER,0.0,0.0,de,2
Andrew Angelov,Andrew Angelov,PER,0.0,0.0,de,2
Expertin Lamina Messari-Becker,Expertin Lamina Messari-Becker,PER,0.0,0.0,de,2
Dennis Snower,Dennis Snower,PER,-0.5,0.0,de,2
Aljoscha Stadelmann,Aljoscha Stadelmann,PER,0.7,0.0,de,2
Martin Selmayr,Martin Selmayr,PER,0.0,0.0,de,2
Machthaber Kim Jong Uns,Machthaber Kim Jong Uns,PER,0.0,0.0,de,2
Jan Osintsev,Jan Osintsev,PER,-0.35,0.0,de,2
Antje Erhard,Antje Erhard,PER,0.0,0.0,de,2
Frankreichs Premier,Frankreichs Premier,PER,0.425,0.0,de,2
Christian Horz,Christian Horz,PER,0.0,0.0,de,2
Andrej Babis,Andrej Babis,PER,0.0,0.0,de,2
Alexander Gabuev,Alexander Gabuev,PER,0.0,0.0,de,2
Matthias Sperl,Matthias Sperl,PER,0.0,0.0,de,2
Regierungschef Günther,Regierungschef Günther,PER,0.0,0.0,de,2
Andreas Urschitz,Andreas Urschitz,PER,0.0,0.0,de,2
Alexander Bachtin,Alexander Bachtin,PER,0.0,0.0,de,2
Anne-Catherine Simon,Anne-Catherine Simon,PER,0.0,0.0,de,2
Bettina Steiner,Bettina Steiner,PER,0.0,0.0,de,2
Sabir Ansari,Sabir Ansari,PER,0.0,0.5,de,2
Raghuram Rajan,Raghuram Rajan,PER,-0.125,0.0,de,2
Machthaber Wladimir Putin,Machthaber Wladimir Putin,PER,0.0,0.0,de,2
Frankreichs Atomkraftwerke,Frankreichs Atomkraftwerke,PER,0.35,0.0,de,2
Melissa Jefferson-Wooden,Melissa Jefferson-Wooden,PER,0.0,0.0,de,2
Matthias Reim,Matthias Reim,PER,0.0,0.0,de,2
Bridgewater Associates,Bridgewater Associates,PER,0.27499999999999997,0.0,de,2
Claudio Ranieri,Claudio Ranieri,PER,0.0,0.0,de,2
Infineon-Vorstand Andreas Urschitz,Infineon-Vorstand Andreas Urschitz,PER,0.0,0.0,de,2
"Sturm ""Khanun","Sturm ""Khanun",PER,0.0,0.0,de,2
Veteran Viktor Pylypenko,Veteran Viktor Pylypenko,PER,0.0,0.0,de,2
Coole Wampe,Coole Wampe,PER,0.7,0.0,de,2
Markus Wasmeier,Markus Wasmeier,PER,1.0,0.0,de,2
"Empire""-Star Jussie Smollett","Empire""-Star Jussie Smollett",PER,-1.0,0.0,de,2
Europas Währungshüter,Europas Währungshüter,PER,0.0,0.0,de,2
Scheich Mohammed,Scheich Mohammed,PER,0.0,0.0,de,2
Sebastian Frieden,Sebastian Frieden,PER,0.7,0.0,de,2
Joseph Schulte,Joseph Schulte,PER,0.85,0.0,de,2
Maxim Reschetnikow russi,Maxim Reschetnikow russi,PER,0.0,0.0,de,2
"Merz ""Klartext","Merz ""Klartext",PER,0.0,0.0,de,2
Erik Bärwaldt,Erik Bärwaldt,PER,0.7,0.0,de,2
Grigori Melkonjanz,Grigori Melkonjanz,PER,0.35,0.5,de,2
Ukraine Drohnenabwehr-System,Ukraine Drohnenabwehr-System,PER,0.0,0.0,de,2
Gordon Repinski,Gordon Repinski,PER,0.35,0.0,de,2
Yeliz Koc,Yeliz Koc,PER,0.0,0.0,de,2
Söldner-Chef Wagner,Söldner-Chef Wagner,PER,0.0,0.0,de,2
Paul Ehrlich-Preis,Paul Ehrlich-Preis,PER,0.0,0.0,de,2
Peter Neururer,Peter Neururer,PER,-0.15000000000000002,0.0,de,2
Marcus Wadsak,Marcus Wadsak,PER,0.0,0.0,de,2
Comedy-Sternchen Negah Amiri,Comedy-Sternchen Negah Amiri,PER,0.35,0.0,de,2
Jo efs,Jo efs,PER,0.0,0.0,de,2
Staatschef Xi,Staatschef Xi,PER,0.0,0.0,de,2
Édouard Louis,Édouard Louis,PER,0.0,0.5,de,2
Putin Friedenswillen,Putin Friedenswillen,PER,0.7,0.0,de,2
Trumps Rat,Trumps Rat,PER,-0.7,0.0,de,2
Tech-Autor Nils,Tech-Autor Nils,PER,1.0,0.0,de,2
Ivan Krastev,Ivan Krastev,PER,0.35,0.0,de,2
Wolfgang Vichtl,Wolfgang Vichtl,PER,0.0,0.0,de,2
Stephen Miran,Stephen Miran,PER,0.0,0.0,de,2
Antonia Mannweiler,Antonia Mannweiler,PER,0.0,0.0,de,2
Christian Bartlau,Christian Bartlau,PER,0.0,0.0,de,2
Sarah Jones,Sarah Jones,PER,0.0,0.0,de,2
Matteo Salvini,Matteo Salvini,PER,0.0,0.0,de,2
Putin frei,Putin frei,PER,0.7,0.0,de,2
Sprecherin Brünger,Sprecherin Brünger,PER,-0.175,0.5,de,2
Viktor Solotow,Viktor Solotow,PER,0.0,0.0,de,2
Melania Trump blau,Melania Trump blau,PER,-0.7,0.0,de,2
Queen Camilla,Queen Camilla,PER,-0.7,0.0,de,2
Anton Geraschtschenko,Anton Geraschtschenko,PER,-0.5,0.0,de,2
Claus Schreer,Claus Schreer,PER,-0.5,0.0,de,2
Kiews Friedensvorschläge,Kiews Friedensvorschläge,PER,0.0,0.0,de,2
Detlef Tabbert,Detlef Tabbert,PER,0.0,0.0,de,2
Martin Spiewak,Martin Spiewak,PER,0.5,0.0,de,2
Philipp Peymann Engel,Philipp Peymann Engel,PER,-0.35,0.0,de,2
Chinas Militärparade,Chinas Militärparade,PER,0.0,0.0,de,2
Ulrich Lechte,Ulrich Lechte,PER,0.0,0.0,de,2
Putin kondolierte,Putin kondolierte,PER,0.7,0.0,de,2
Gerald Hüther,Gerald Hüther,PER,0.0,0.0,de,2
du Schwachkopf,du Schwachkopf,PER,0.35,0.0,de,2
Peter Kaiser,Peter Kaiser,PER,0.0,0.0,de,2
Wolodymyr Selenskyj Washington,Wolodymyr Selenskyj Washington,PER,0.0,0.0,de,2
LobbyControl Stadtwerke,LobbyControl Stadtwerke,PER,0.0,0.0,de,2
Hollywood-Star Jolie,Hollywood-Star Jolie,PER,0.0,0.0,de,2
Güstrows Bürgermeister,Güstrows Bürgermeister,PER,0.0,0.0,de,2
VW-Chef Oliver Blume,VW-Chef Oliver Blume,PER,0.0,0.0,de,2
Nikita Fahrenholz,Nikita Fahrenholz,PER,0.0,0.5,de,2
Hans Wirtz,Hans Wirtz,PER,0.75,0.25,de,2
Peter Hauk,Peter Hauk,PER,0.35,0.0,de,2
Gastgeber Alijew,Gastgeber Alijew,PER,0.0,0.0,de,2
Matthias Auer,Matthias Auer,PER,0.5,0.0,de,2
Trump-Gesandter Witkoff,Trump-Gesandter Witkoff,PER,0.425,0.0,de,2
Ernst Peter Fischer,Ernst Peter Fischer,PER,0.0,0.0,de,2
US-Sonderbeauftragter Witkoff,US-Sonderbeauftragter Witkoff,PER,0.0,1.0,de,2
Premier Trudeau,Premier Trudeau,PER,0.0,0.0,de,2
Trumps Unterhändler,Trumps Unterhändler,PER,1.0,0.0,de,2
Finanz-Expertin Judith Engst,Finanz-Expertin Judith Engst,PER,0.7,0.0,de,2
Mirjana Spoljaric Egger,Mirjana Spoljaric Egger,PER,0.0,0.0,de,2
Finanzvorstand Michael Diederich,Finanzvorstand Michael Diederich,PER,-0.35,0.0,de,2
Macrons Europastaatssekretärin,Macrons Europastaatssekretärin,PER,-0.5,0.0,de,2
Witali Stepanow,Witali Stepanow,PER,0.0,0.0,de,2
Frank Briel,Frank Briel,PER,0.0,0.0,de,2
Laurence Boone,Laurence Boone,PER,-0.07500000000000001,0.0,de,2
Rafael Mariano Grossi,Rafael Mariano Grossi,PER,0.0,0.0,de,2
Michael Diederich,Michael Diederich,PER,0.0,0.0,de,2
Herbert Hainer,Herbert Hainer,PER,0.0,0.0,de,2
Tobias Exner,Tobias Exner,PER,-0.5,0.0,de,2
Mario Kart,Mario Kart,PER,0.0,0.0,de,2
Svenja Appuhn,Svenja Appuhn,PER,0.0,0.5,de,2
Uwe Lueb,Uwe Lueb,PER,0.0,0.0,de,2
Angela Inselkammer,Angela Inselkammer,PER,0.0,0.0,de,2
Lucas Huemer,Lucas Huemer,PER,0.0,0.0,de,2
Michael Boddenberg,Michael Boddenberg,PER,0.0,0.0,de,2
João Pacifico Millionen,João Pacifico Millionen,PER,0.0,0.0,de,2
Claudia Pechstein,Claudia Pechstein,PER,0.7,0.0,de,2
Klaus Schwab,Klaus Schwab,PER,0.0,0.0,de,2
Farida Rustamowa,Farida Rustamowa,PER,0.0,0.0,de,2
Norbert Schiedeck,Norbert Schiedeck,PER,0.5,0.0,de,2
Jennifer Reaves,Jennifer Reaves,PER,0.0,0.0,de,2
Friedhelm Greis,Friedhelm Greis,PER,0.7,0.0,de,2
Anya Taylor-Joy,Anya Taylor-Joy,PER,0.35,0.0,de,2
Paul Badde,Paul Badde,PER,0.35,0.0,de,2
Italiens Textilbranche,Italiens Textilbranche,PER,0.0,0.0,de,2
Stefan Brupbacher,Stefan Brupbacher,PER,0.0,0.0,de,2
Aufsehenserregende Protestaktion,Aufsehenserregende Protestaktion,PER,0.0,0.0,de,2
Selenskyj Dammbruch-Opfer,Selenskyj Dammbruch-Opfer,PER,0.7,0.0,de,2
Lukas Sendhofer,Lukas Sendhofer,PER,0.1625,0.0,de,2
Elliot Page,Elliot Page,PER,0.0,0.0,de,2
Dirk Ziems,Dirk Ziems,PER,0.0,0.0,de,2
Söldnerarmee Wagner,Söldnerarmee Wagner,PER,0.35,0.0,de,2
Gary Shteyngart,Gary Shteyngart,PER,0.0,0.5,de,2
Tolia Astakhishvili,Tolia Astakhishvili,PER,0.0,0.5,de,2
Ex-Kremlchef Medwedew,Ex-Kremlchef Medwedew,PER,0.27499999999999997,0.0,de,2
Lidia Ravera,Lidia Ravera,PER,0.0,0.0,de,2
Richard Kemp,Richard Kemp,PER,0.0,0.0,de,2
Entflohener Straftäter,Entflohener Straftäter,PER,0.0,0.0,de,2
Premier Kurti,Premier Kurti,PER,0.0,0.0,de,2
Sarah Maria Sander,Sarah Maria Sander,PER,0.7,0.0,de,2
Timur Minditsch,Timur Minditsch,PER,0.0,0.0,de,2
Moskaus Militärführung,Moskaus Militärführung,PER,-1.0,0.0,de,2
Machthaber Alexand,Machthaber Alexand,PER,1.0,0.0,de,2
Tim Mälzer,Tim Mälzer,PER,0.0,0.0,de,2
Sebastian Dullien,Sebastian Dullien,PER,0.7,0.0,de,2
Warren Stephens,Warren Stephens,PER,0.25,0.25,de,2
Ex-Boxweltmeister Klitschko,Ex-Boxweltmeister Klitschko,PER,0.425,0.0,de,2
Emal Atif,Emal Atif,PER,0.0,0.0,de,2
Bruno Schulz,Bruno Schulz,PER,0.0,0.0,de,2
Israels Parlament,Israels Parlament,PER,-0.5,0.0,de,2
Ursula von de,Ursula von de,PER,0.0,0.0,de,2
Diktator Kim,Diktator Kim,PER,-0.5,0.0,de,2
Popstar Taylor Swift,Popstar Taylor Swift,PER,0.35,0.0,de,2
Helmut Kohl,Helmut Kohl,PER,0.0,0.0,de,2
Baerbock der Ukraine,Baerbock der Ukraine,PER,0.0,0.0,de,2
Höhlenforscher Mark Dickey,Höhlenforscher Mark Dickey,PER,0.0,0.0,de,2
WELT-Autor Stefan Aust,WELT-Autor Stefan Aust,PER,0.0,0.0,de,2
Nina Winzen,Nina Winzen,PER,0.0,1.0,de,2
Jens Stoltenberg ,Jens Stoltenberg ,PER,0.5,0.0,de,2
Jörg Zipprick,Jörg Zipprick,PER,-0.35,0.0,de,2
Renata Alt,Renata Alt,PER,0.0,0.0,de,2
Kims Zug,Kims Zug,PER,0.0,0.0,de,2
David Kohl,David Kohl,PER,1.0,0.0,de,2
Thomas Schäfer,Thomas Schäfer,PER,-0.35,0.0,de,2
Andrej Mordwitschew,Andrej Mordwitschew,PER,0.0,0.0,de,2
Sebastian Müller-Franken,Sebastian Müller-Franken,PER,-0.24166666666666667,0.0,de,2
Markenchef Thomas Schäfer,Markenchef Thomas Schäfer,PER,0.0,0.0,de,2
Wolodymyr Fessenko,Wolodymyr Fessenko,PER,-0.6666666666666666,0.0,de,2
Yasmin Appelhans,Yasmin Appelhans,PER,0.0,0.0,de,2
Premier Lecornu,Premier Lecornu,PER,-0.35,0.0,de,2
Vladimir Jurowski,Vladimir Jurowski,PER,0.7,0.0,de,2
Christina Block,Christina Block,PER,0.0,0.0,de,2
with Ukraine,with Ukraine,PER,0.0,0.0,de,2
Martin Hahn,Martin Hahn,PER,0.0,0.0,de,2
Frank Nopper,Frank Nopper,PER,-1.0,0.0,de,2
Martin Jäger,Martin Jäger,PER,0.5,0.0,de,2
NATO-Gipfel Forderung,NATO-Gipfel Forderung,PER,0.425,0.0,de,2
Jüri Reinvere,Jüri Reinvere,PER,0.85,0.0,de,2
Christoph Elbert,Christoph Elbert,PER,0.7,0.0,de,2
Austretendes Gas,Austretendes Gas,PER,0.0,0.0,de,2
Elena Milaschina,Elena Milaschina,PER,0.0,0.0,de,2
Israels Großoffensive,Israels Großoffensive,PER,0.0,0.0,de,2
Aleksandr Sladkow,Aleksandr Sladkow,PER,0.0,0.0,de,2
Andrej Klytschkow,Andrej Klytschkow,PER,0.0,0.0,de,2
Vorstandschef Dreesen,Vorstandschef Dreesen,PER,-1.0,0.0,de,2
Evonik-Chef Kullmann,Evonik-Chef Kullmann,PER,-0.35,0.0,de,2
Liana Fix,Liana Fix,PER,0.0,0.0,de,2
Ute Scheub,Ute Scheub,PER,1.0,0.0,de,2
mutmaßlichem Gas-Unfall,mutmaßlichem Gas-Unfall,PER,0.0,0.0,de,2
Eurowings-Chef Jens Bischof,Eurowings-Chef Jens Bischof,PER,0.0,0.0,de,2
Rewe-Chef Lionel Souque,Rewe-Chef Lionel Souque,PER,0.0,1.0,de,2
Stefanie Babst,Stefanie Babst,PER,0.0,0.0,de,2
London Großbritanniens,London Großbritanniens,PER,0.0,0.0,de,2
Anna R,Anna R,PER,-0.5,0.0,de,2
Stephan Schippers,Stephan Schippers,PER,0.0,0.0,de,2
Trumps Energieminister,Trumps Energieminister,PER,0.25,0.25,de,2
Jörg Pilawa,Jörg Pilawa,PER,0.0,0.0,de,2
Bremens Umgang,Bremens Umgang,PER,-1.0,0.0,de,2
Klingbeils Haushalte,Klingbeils Haushalte,PER,0.0,0.0,de,2
Carmen Electra,Carmen Electra,PER,0.0,0.0,de,2
Daniel Peters,Daniel Peters,PER,-0.7,0.0,de,2
Alarmstufe Rot,Alarmstufe Rot,PER,-0.23333333333333334,0.0,de,2
Sean Dyche,Sean Dyche,PER,0.0,0.0,de,2
Vsevolod Kozhemyako,Vsevolod Kozhemyako,PER,0.7,0.0,de,2
Ernst-Moritz Lipp,Ernst-Moritz Lipp,PER,0.0,0.0,de,2
Donald Trump s,Donald Trump s,PER,0.0,0.0,de,2
Chinas Kohlechemie-Projekten,Chinas Kohlechemie-Projekten,PER,-0.7,0.0,de,2
Nordkoreas Diktator,Nordkoreas Diktator,PER,0.0,0.0,de,2
Raschel Blufarb,Raschel Blufarb,PER,0.0,0.0,de,2
Putin durchschaue Trumps,Putin durchschaue Trumps,PER,0.0,0.0,de,2
Elisa Bas,Elisa Bas,PER,-1.0,0.0,de,2
Anna Jermolaewa,Anna Jermolaewa,PER,-0.5,0.0,de,2
Krywyj Rih,Krywyj Rih,PER,0.0,0.0,de,2
Dietmar Janovec,Dietmar Janovec,PER,0.0,0.0,de,2
Claudia Plakolm,Claudia Plakolm,PER,0.0,0.0,de,2
Ukraine Angriffe,Ukraine Angriffe,PER,0.2875,0.0,de,2
Volker Weiß,Volker Weiß,PER,0.0,0.0,de,2
Marcus Diekmann,Marcus Diekmann,PER,0.85,0.0,de,2
Wally Adeyemo,Wally Adeyemo,PER,0.7,0.0,de,2
Michael Stürzenberger,Michael Stürzenberger,PER,-0.5,0.0,de,2
Macrons Blitzgipfel,Macrons Blitzgipfel,PER,-0.175,0.5,de,2
Donald Trumps Tirade,Donald Trumps Tirade,PER,0.0,0.0,de,2
Roman Kuffert,Roman Kuffert,PER,0.0,0.0,de,2
Niko Kova,Niko Kova,PER,0.0,0.0,de,2
Nawalnys Todestag,Nawalnys Todestag,PER,-0.35,0.0,de,2
Unternehmenschef Philippe Petitcollin,Unternehmenschef Philippe Petitcollin,PER,0.0,0.0,de,2
Anton Jäger,Anton Jäger,PER,0.0,0.0,de,2
Dänemarks Ministerpräsidentin Mette Frederiksen,Dänemarks Ministerpräsidentin Mette Frederiksen,PER,-0.5,0.0,de,2
Karla Sofía Gascón,Karla Sofía Gascón,PER,0.0,0.0,de,2
Timo Leukefeld,Timo Leukefeld,PER,0.0,0.5,de,2
Generalsekretär Linnemann,Generalsekretär Linnemann,PER,0.0,0.0,de,2
Jens-Bastian Eppler,Jens-Bastian Eppler,PER,0.0,0.0,de,2
CSU-Fraktionschef Holetschek,CSU-Fraktionschef Holetschek,PER,0.0,0.0,de,2
Trumps Zugeständnisse,Trumps Zugeständnisse,PER,-1.0,0.0,de,2
Nina Amin,Nina Amin,PER,0.0,0.0,de,2
Chris Evans,Chris Evans,PER,0.5,0.0,de,2
Trumps Friedensbemühungen,Trumps Friedensbemühungen,PER,0.0,0.0,de,2
Bertolt Brechts,Bertolt Brechts,PER,0.0,0.0,de,2
Stefan Rahmstorf,Stefan Rahmstorf,PER,0.0,0.5,de,2
Selenskyjs Rauswurf,Selenskyjs Rauswurf,PER,0.7,0.0,de,2
Antje Boetius,Antje Boetius,PER,0.0,0.0,de,2
Schwedens Militärchef,Schwedens Militärchef,PER,-1.0,0.0,de,2
Fabian Reese,Fabian Reese,PER,0.0,0.0,de,2
Dominik Bartoschek,Dominik Bartoschek,PER,0.0,0.0,de,2
Architekturexpertin Broermann,Architekturexpertin Broermann,PER,0.7,0.0,de,2
Markus Ritter,Markus Ritter,PER,0.0,0.0,de,2
PKK-Chef Öcalan,PKK-Chef Öcalan,PER,0.0,0.0,de,2
Konflikt-Experte Christoph Maria Michalski,Konflikt-Experte Christoph Maria Michalski,PER,0.2333333333333333,0.16666666666666666,de,2
Jochen Theloke,Jochen Theloke,PER,0.0,0.0,de,2
Igor Terechow,Igor Terechow,PER,0.0,0.0,de,2
Marie Kollenrott,Marie Kollenrott,PER,0.0,0.0,de,2
Ewa Partum,Ewa Partum,PER,0.0,0.0,de,2
Mona Jaeger,Mona Jaeger,PER,0.0,0.0,de,2
Stern plusstern+,Stern plusstern+,PER,0.0,0.0,de,2
Landtagspräsidentin Hanna Naber,Landtagspräsidentin Hanna Naber,PER,0.575,0.0,de,2
Roland Weber,Roland Weber,PER,0.0,0.0,de,2
Jens Eberl,Jens Eberl,PER,0.0,0.0,de,2
Starkoch Alfons Schuhbeck,Starkoch Alfons Schuhbeck,PER,0.0,0.0,de,2
Alla Olkhovska,Alla Olkhovska,PER,0.5,0.0,de,2
Israels Panzer,Israels Panzer,PER,0.0,0.0,de,2
Gerd Wirtz,Gerd Wirtz,PER,0.0,0.5,de,2
Bastian Gierull,Bastian Gierull,PER,0.0,0.0,de,2
Anna Zemánková,Anna Zemánková,PER,-0.75,0.0,de,2
Abschiedsspiel von Podolski,Abschiedsspiel von Podolski,PER,0.0,0.0,de,2
Kiews Energienetz,Kiews Energienetz,PER,0.0,0.0,de,2
Pam Bondi,Pam Bondi,PER,0.5,0.0,de,2
Experten Wärmepumpen,Experten Wärmepumpen,PER,0.5,0.0,de,2
Kerstin Krellenberg,Kerstin Krellenberg,PER,-0.7,0.0,de,2
Arved Fuchs,Arved Fuchs,PER,0.0,0.0,de,2
Moskaus Schattenflotte,Moskaus Schattenflotte,PER,0.0,0.0,de,2
Toi Lam,Toi Lam,PER,0.0,0.0,de,2
Sarah Easter,Sarah Easter,PER,0.0,0.0,de,2
Oleksij Makejew,Oleksij Makejew,PER,0.0,0.5,de,2
Phil glauben,Phil glauben,PER,1.0,0.0,de,2
Arnold Schwarzeneggers,Arnold Schwarzeneggers,PER,0.0,0.0,de,2
Christian Hübenthal,Christian Hübenthal,PER,0.5,0.0,de,2
Finanzminister Kukies,Finanzminister Kukies,PER,0.0,0.0,de,2
Nigel Farage,Nigel Farage,PER,0.0,0.0,de,2
Karin Prien,Karin Prien,PER,-0.5,0.0,de,2
Landesgruppenchef Dobrindt,Landesgruppenchef Dobrindt,PER,0.0,0.0,de,2
Schleswig-Holsteins grüne,Schleswig-Holsteins grüne,PER,0.0,0.0,de,2
Boris Ruge,Boris Ruge,PER,0.0,0.0,de,2
Reizthema Flüssigerdgas,Reizthema Flüssigerdgas,PER,0.0,0.0,de,2
Marco Rubio nac,Marco Rubio nac,PER,-1.0,0.0,de,2
Silja Graupe,Silja Graupe,PER,0.0,0.0,de,2
Tulsi Gabbard,Tulsi Gabbard,PER,-0.9,0.0,de,2
Anne Herrberg,Anne Herrberg,PER,0.35,0.0,de,2
Welyka Nowosilka,Welyka Nowosilka,PER,0.07500000000000001,0.0,de,2
Dieter Puhl,Dieter Puhl,PER,0.0,0.0,de,2
Dmitri Bakanow,Dmitri Bakanow,PER,0.0,0.0,de,2
Scholz Putins,Scholz Putins,PER,0.0,0.0,de,2
Durs Grünbein,Durs Grünbein,PER,0.0,0.0,de,2
Flor Bressers,Flor Bressers,PER,0.0,0.0,de,2
Bidens Gaza-Friedensplan,Bidens Gaza-Friedensplan,PER,0.0,0.0,de,2
Blütenstaub von Hasel,Blütenstaub von Hasel,PER,0.0,0.0,de,2
Angriffe Gasanlagen,Angriffe Gasanlagen,PER,0.0,0.0,de,2
Emily Haber,Emily Haber,PER,0.0,0.0,de,2
Wladislaw Surkow ,Wladislaw Surkow ,PER,-0.35,0.0,de,2
Olga Petersen,Olga Petersen,PER,0.35,0.0,de,2
Esteghlal Teheran,Esteghlal Teheran,PER,0.35,0.16666666666666666,de,2
Stefan Schulte,Stefan Schulte,PER,0.5,0.0,de,2
Katja Auer,Katja Auer,PER,0.0,0.0,de,2
Andreas Glas,Andreas Glas,PER,0.0,0.0,de,2
Tom Phillips,Tom Phillips,PER,-0.175,0.25,de,2
Klaus Ott,Klaus Ott,PER,0.0,0.0,de,2
Hito Steyerl,Hito Steyerl,PER,0.0,0.0,de,2
russisch-deutscher Gasgeschäfte,russisch-deutscher Gasgeschäfte,PER,0.0,0.0,de,2
Jan Koch,Jan Koch,PER,0.0,0.0,de,2
Will Wladimir Putin,Will Wladimir Putin,PER,0.0,0.0,de,2
Russen-Diktator Wladimir Putin,Russen-Diktator Wladimir Putin,PER,0.0,0.0,de,2
Donald Trump ernst,Donald Trump ernst,PER,0.0,0.0,de,2
Chefkoch Edwin Vinke,Chefkoch Edwin Vinke,PER,-0.5,0.0,de,2
Felix Mendelssohn Bartholdy,Felix Mendelssohn Bartholdy,PER,0.5,0.0,de,2
Oleksandr Syrskyi,Oleksandr Syrskyi,PER,-0.15000000000000002,0.0,de,2
Putin Kiew,Putin Kiew,PER,0.0,0.0,de,2
Julia Roberts,Julia Roberts,PER,0.0,0.0,de,2
Micael Bydn,Micael Bydn,PER,0.0,0.0,de,2
Ukraine-Chef Wolodymyr Selenskyj,Ukraine-Chef Wolodymyr Selenskyj,PER,0.0,0.0,de,2
Trumps Thesen,Trumps Thesen,PER,0.0,0.0,de,2
Maximilian Bittner,Maximilian Bittner,PER,0.0,0.0,de,2
Ulrich Brand,Ulrich Brand,PER,-1.0,0.0,de,2
Stopp von Angriffen,Stopp von Angriffen,PER,0.0,0.0,de,2
Atombomben Kiews,Atombomben Kiews,PER,1.0,0.0,de,2
Russen-Machthaber Wladimir Putin,Russen-Machthaber Wladimir Putin,PER,1.0,0.0,de,2
Oliver Dörre,Oliver Dörre,PER,0.0,1.0,de,2
Bruchsaler Häftling,Bruchsaler Häftling,PER,0.0,0.0,de,2
Harvey Weinstein,Harvey Weinstein,PER,0.0,0.0,de,2
Putin Trump,Putin Trump,PER,0.5,0.5,de,2
Andrej Perzew,Andrej Perzew,PER,0.0,0.0,de,2
Tötungsgerät reingebuttert,Tötungsgerät reingebuttert,PER,0.0,1.0,de,2
AfD-naher Bundeswehr-Offizier,AfD-naher Bundeswehr-Offizier,PER,0.0,0.0,de,2
Udo Lindenberg,Udo Lindenberg,PER,0.85,0.0,de,2
Warschau Milliardensummen,Warschau Milliardensummen,PER,0.0,0.0,de,2
Sachsen-Anhalts Infrastrukturministerin,Sachsen-Anhalts Infrastrukturministerin,PER,0.5,0.5,de,2
Ralf Huschen,Ralf Huschen,PER,0.0,0.0,de,2
Marjane Satrapi,Marjane Satrapi,PER,0.5,0.0,de,2
Helga Wehberg,Helga Wehberg,PER,-0.5,0.0,de,2
Bayer Leverkusens,Bayer Leverkusens,PER,-0.35,0.0,de,2
Achim Truger,Achim Truger,PER,0.0,0.5,de,2
Löwen-Sportchef Gensheimer,Löwen-Sportchef Gensheimer,PER,0.0,0.0,de,2
Valentyna Bochkovska,Valentyna Bochkovska,PER,0.0,0.0,de,2
Marc Dugge,Marc Dugge,PER,0.0,0.0,de,2
Anne Viebrock,Anne Viebrock,PER,-1.0,0.0,de,2
Allianz-Volkswirt Ludovic Subran,Allianz-Volkswirt Ludovic Subran,PER,0.0,0.0,de,2
Sönke Marahrens,Sönke Marahrens,PER,0.0,0.0,de,2
Schafft Cottbus,Schafft Cottbus,PER,0.0,0.0,de,2
Cansel Kiziltepe,Cansel Kiziltepe,PER,0.425,0.0,de,2
Sandra König,Sandra König,PER,0.0,0.0,de,2
Tom Walek,Tom Walek,PER,0.0,0.0,de,2
Heinz Janisch,Heinz Janisch,PER,0.0,0.0,de,2
Angriff von Schüler,Angriff von Schüler,PER,0.7,0.0,de,2
Jensen Huang,Jensen Huang,PER,0.0,0.0,de,2
Friederike Lorenz-Sinai,Friederike Lorenz-Sinai,PER,0.0,0.0,de,2
Marina Chernivsky,Marina Chernivsky,PER,0.0,0.0,de,2
Grünen-Politiker von Notz,Grünen-Politiker von Notz,PER,-0.7,0.0,de,2
Motivations-Spezialist Dirk Schmidt,Motivations-Spezialist Dirk Schmidt,PER,-0.25,0.25,de,2
Friedensforschungsinstituts Sipri,Friedensforschungsinstituts Sipri,PER,0.0,0.5,de,2
Apples KI-Chef Giannandrea,Apples KI-Chef Giannandrea,PER,-0.7,0.0,de,2
Gedankenspiele Baerbocks,Gedankenspiele Baerbocks,PER,-1.0,0.0,de,2
Finanz-Vorstand Christina Rühl-Hamers,Finanz-Vorstand Christina Rühl-Hamers,PER,0.35,0.0,de,2
Machthaber Kim Jong-un,Machthaber Kim Jong-un,PER,0.0,0.0,de,2
Kishor Sridhar,Kishor Sridhar,PER,0.39166666666666666,0.0,de,2
Nein Danke,Nein Danke,PER,0.0,0.0,de,2
Iwan Schdanow,Iwan Schdanow,PER,0.0,0.0,de,2
Verkaufs von Luxuswagen,Verkaufs von Luxuswagen,PER,0.0,0.0,de,2
Stockmann JSC,Stockmann JSC,PER,0.35,0.0,de,2
Dietmar De,Dietmar De,PER,-0.35,0.0,de,2
Maximilian Krahs,Maximilian Krahs,PER,0.0,0.0,de,2
Deborah Moses,Deborah Moses,PER,0.5,0.0,de,2
Holger Klein,Holger Klein,PER,-0.11666666666666665,0.3333333333333333,de,2
Christoph Marthaler,Christoph Marthaler,PER,-1.0,0.0,de,2
Eintracht-Coach Dino Toppmöller,Eintracht-Coach Dino Toppmöller,PER,0.0,0.0,de,2
Bo Henriksen,Bo Henriksen,PER,0.5,0.0,de,2
Michael Schöllhorn,Michael Schöllhorn,PER,0.35,0.0,de,2
Viktor Medwedtschuk,Viktor Medwedtschuk,PER,0.0,0.0,de,2
Viktor Winkler,Viktor Winkler,PER,0.0,0.0,de,2
Francesco Scatena,Francesco Scatena,PER,-0.5,0.0,de,2
Trump Putin,Trump Putin,PER,0.0,0.0,de,2
Assads Giftwaffen,Assads Giftwaffen,PER,0.0,0.0,de,2
Eckart Aretz,Eckart Aretz,PER,0.0,0.0,de,2
Was Trump,Was Trump,PER,0.0,0.0,de,2
John Brown,John Brown,PER,0.0,0.0,de,2
Christopher Cavoli,Christopher Cavoli,PER,0.85,0.0,de,2
Jens Bisky,Jens Bisky,PER,0.0,0.0,de,2
Frank Sauer,Frank Sauer,PER,-0.7,0.0,de,2
Frankreichs Innenminister,Frankreichs Innenminister,PER,-0.5,0.0,de,2
Sheryl Oring,Sheryl Oring,PER,0.0,0.0,de,2
Alexander Usyk,Alexander Usyk,PER,0.7,0.0,de,2
Moldaus Präsidentin,Moldaus Präsidentin,PER,0.0,0.0,de,2
Peter Paul Nawroth,Peter Paul Nawroth,PER,0.35,0.0,de,2
Wolfgang Habermayer,Wolfgang Habermayer,PER,0.0,0.0,de,2
Ire Michael Pender,Ire Michael Pender,PER,0.0,0.0,de,2
Angriff Pekings,Angriff Pekings,PER,0.0,0.0,de,2
Etoile du Kivu,Etoile du Kivu,PER,0.0,0.0,de,2
Fritz X,Fritz X,PER,0.0,0.0,de,2
Andreas Wellinger,Andreas Wellinger,PER,0.85,0.0,de,2
Trumps Kreml-Nähe,Trumps Kreml-Nähe,PER,-1.0,0.0,de,2
Mann brutal,Mann brutal,PER,-1.0,0.0,de,2
Andy Grote,Andy Grote,PER,0.0,0.0,de,2
Kai Gehring,Kai Gehring,PER,-0.5,0.0,de,2
Iwan Timofejew,Iwan Timofejew,PER,0.0,0.0,de,2
Simon Morzé,Simon Morzé,PER,1.0,0.0,de,2
Wladyslaw Kosiniak-Kamysz,Wladyslaw Kosiniak-Kamysz,PER,-0.5,0.0,de,2
Koreas Nationalschätze,Koreas Nationalschätze,PER,0.0,0.0,de,2
Melanie Leonhard,Melanie Leonhard,PER,-0.5,0.5,de,2
Reinhold Jost,Reinhold Jost,PER,0.0,0.0,de,2
Victoryia Shi,Victoryia Shi,PER,0.0,0.0,de,2
Klaus Allofs,Klaus Allofs,PER,-0.5,0.0,de,2
Gerald Heiser,Gerald Heiser,PER,-0.7,0.0,de,2
Akkus von Northvolt,Akkus von Northvolt,PER,0.0,0.0,de,2
Skelly Alvero,Skelly Alvero,PER,0.35,0.0,de,2
Sagt Geheimdienst-Chef,Sagt Geheimdienst-Chef,PER,0.0,0.0,de,2
Sebastian Lechner,Sebastian Lechner,PER,-0.16666666666666666,0.0,de,2
Peggy Parnass,Peggy Parnass,PER,0.0,0.0,de,2
Angriff von Dresden,Angriff von Dresden,PER,0.0,0.0,de,2
Webasto-Chef Engelmann,Webasto-Chef Engelmann,PER,0.0,0.0,de,2
Christian Hirte,Christian Hirte,PER,0.0,0.0,de,2
Finanzchefin Dönges,Finanzchefin Dönges,PER,0.0,0.0,de,2
Fuck you,Fuck you,PER,0.0,0.0,de,2
Hürde zu Hürde,Hürde zu Hürde,PER,0.0,0.0,de,2
Kerem Schalom,Kerem Schalom,PER,-1.0,0.0,de,2
Steffen Baumgart,Steffen Baumgart,PER,0.0,0.0,de,2
Petra Unger,Petra Unger,PER,-0.5,0.0,de,2
Was Baerbock,Was Baerbock,PER,0.0,0.0,de,2
Mimoun Azizi,Mimoun Azizi,PER,-0.35,0.0,de,2
Hélène Miard-Delacroix,Hélène Miard-Delacroix,PER,0.0,0.0,de,2
Neil Young,Neil Young,PER,0.0,0.0,de,2
Swetlana Petrijtschuk,Swetlana Petrijtschuk,PER,0.35,0.0,de,2
Uchnaagiin Chüreslsüch,Uchnaagiin Chüreslsüch,PER,0.5,0.0,de,2
Gene Spector,Gene Spector,PER,-1.0,0.0,de,2
Anatoli Antonow,Anatoli Antonow,PER,-0.35,0.0,de,2
Viggo Kristjansson,Viggo Kristjansson,PER,0.0,0.0,de,2
Wachhund kläfft,Wachhund kläfft,PER,0.0,0.0,de,2
Leslie Mandoki,Leslie Mandoki,PER,0.0,0.0,de,2
Daniela Katzenberger,Daniela Katzenberger,PER,0.0,0.0,de,2
Leon Steffin,Leon Steffin,PER,-0.041666666666666644,0.0,de,2
Ange Postecoglou,Ange Postecoglou,PER,0.0,0.0,de,2
Carl-Oskar Bohlin,Carl-Oskar Bohlin,PER,0.0,0.0,de,2
Szczepan Twardoch,Szczepan Twardoch,PER,0.35,0.0,de,2
Austin Pressekonferenz,Austin Pressekonferenz,PER,-0.35,0.0,de,2
Bill Burns,Bill Burns,PER,0.0,0.0,de,2
Polina Polonska,Polina Polonska,PER,0.0,0.0,de,2
Scholz Neuwahlen,Scholz Neuwahlen,PER,0.0,0.0,de,2
Österreichs Grüne,Österreichs Grüne,PER,0.0,0.0,de,2
Saša Stanišić,Saša Stanišić,PER,0.0,0.0,de,2
Kristijan Aufiero,Kristijan Aufiero,PER,0.7,0.0,de,2
Chinas Renminbi,Chinas Renminbi,PER,0.7,0.0,de,2
Taleb Al A,Taleb Al A,PER,0.0,0.0,de,2
Großbritanniens Premier Starmer,Großbritanniens Premier Starmer,PER,0.0,0.0,de,2
Julian Ryall,Julian Ryall,PER,0.0,0.0,de,2
Bernhardt Osterburg,Bernhardt Osterburg,PER,-0.25,0.0,de,2
Schenja Berkowitsch,Schenja Berkowitsch,PER,0.35,0.0,de,2
Propagandaminister Joseph Goebbels,Propagandaminister Joseph Goebbels,PER,0.0,0.0,de,2
Bill Kaulitz,Bill Kaulitz,PER,0.0,0.5,de,2
Sebastian Schienle,Sebastian Schienle,PER,0.0,0.0,de,2
Niedersachsens Energiebehörde,Niedersachsens Energiebehörde,PER,-1.0,0.0,de,2
Stefania Battistini,Stefania Battistini,PER,0.0,0.0,de,2
Simone Traini,Simone Traini,PER,0.0,0.0,de,2
Matthias Uhl,Matthias Uhl,PER,0.0,0.0,de,2
Ronald Reagans,Ronald Reagans,PER,0.0,0.0,de,2
Klima-Ökonom Edenhofer,Klima-Ökonom Edenhofer,PER,0.0,0.0,de,2
Niedersachsens Umweltminister Meyer,Niedersachsens Umweltminister Meyer,PER,-0.35,0.0,de,2
Artur Weigandt,Artur Weigandt,PER,0.5,0.0,de,2
Baschar al Assad,Baschar al Assad,PER,0.0,0.0,de,2
SPD-Chefin Esken,SPD-Chefin Esken,PER,0.35,0.0,de,2
Stefan Leitl,Stefan Leitl,PER,0.0,0.0,de,2
Leo Baeck,Leo Baeck,PER,0.7,0.0,de,2
Marc Friedrich,Marc Friedrich,PER,0.35,0.0,de,2
Martin Scherer,Martin Scherer,PER,0.35,0.5,de,2
Massenexodus der Jungen,Massenexodus der Jungen,PER,0.0,0.0,de,2
Indiens Geschäfte,Indiens Geschäfte,PER,0.0,0.0,de,2
EZB-Chefvolkswirt Philip Lane,EZB-Chefvolkswirt Philip Lane,PER,0.0,0.0,de,2
Fico Kiew,Fico Kiew,PER,-0.575,0.0,de,2
Eva Marie Kogel,Eva Marie Kogel,PER,0.0,0.0,de,2
Klima-Experte Thomas Losse-Müller,Klima-Experte Thomas Losse-Müller,PER,-0.35,0.5,de,2
Persepolis Teheran,Persepolis Teheran,PER,0.0,0.0,de,2
Daniel Broda,Daniel Broda,PER,0.35,0.0,de,2
Han Duck-soo,Han Duck-soo,PER,0.0,0.0,de,2
mutmaßlichem Reichsbürger,mutmaßlichem Reichsbürger,PER,0.0,0.0,de,2
Was Autofahrer,Was Autofahrer,PER,0.0,0.0,de,2
Alexander Rose,Alexander Rose,PER,0.7749999999999999,0.0,de,2
Frank Böttcher,Frank Böttcher,PER,0.0,0.0,de,2
Lilli-Marie Hiltscher,Lilli-Marie Hiltscher,PER,0.0,0.0,de,2
Canh Bi Do,Canh Bi Do,PER,0.0,0.0,de,2
Kreml-Machthaber Wladimir Putin,Kreml-Machthaber Wladimir Putin,PER,0.0,0.0,de,2
Emmanuel Macron Israel,Emmanuel Macron Israel,PER,0.0,0.5,de,2
Karl Braig,Karl Braig,PER,-0.35,0.0,de,2
Erik Fyrwald,Erik Fyrwald,PER,-0.5,0.0,de,2
Venezuelas Machthaber Nicolás,Venezuelas Machthaber Nicolás,PER,0.0,0.0,de,2
Bidsina Iwanischwili,Bidsina Iwanischwili,PER,0.7,0.0,de,2
Peter Schöber,Peter Schöber,PER,0.35,0.0,de,2
Regierungschef Golob,Regierungschef Golob,PER,0.0,0.0,de,2
mutmaßlichem Drogenhändler,mutmaßlichem Drogenhändler,PER,0.0,0.0,de,2
Donald Trump zu Gesprächen,Donald Trump zu Gesprächen,PER,0.0,0.0,de,2
Opernstar Roberto Alagna,Opernstar Roberto Alagna,PER,0.35,0.5,de,2
Ning Zeng,Ning Zeng,PER,0.0,0.0,de,2
Sebastian Hoeneß,Sebastian Hoeneß,PER,0.35,0.0,de,2
Agnieszka Brugger,Agnieszka Brugger,PER,-1.0,0.0,de,2
Landeschef Hagel,Landeschef Hagel,PER,-0.7,0.0,de,2
Manfred Lütz,Manfred Lütz,PER,0.0,0.0,de,2
Sven Hansche,Sven Hansche,PER,-0.15000000000000002,0.0,de,2
Rêbîn Bekir,Rêbîn Bekir,PER,0.0,0.0,de,2
Trumps Vize-Kandidat Vance,Trumps Vize-Kandidat Vance,PER,0.0,0.0,de,2
Elfriede Jelinek,Elfriede Jelinek,PER,0.0,0.0,de,2
Gerrit Seebald,Gerrit Seebald,PER,0.0,0.0,de,2
Grünen-Politiker Lippmann,Grünen-Politiker Lippmann,PER,0.0,0.0,de,2
Matthias Imhof,Matthias Imhof,PER,0.7,0.0,de,2
Vessel of Hatred,Vessel of Hatred,PER,0.0,0.0,de,2
Russland-Expertin Major,Russland-Expertin Major,PER,-0.35,0.0,de,2
Roland Trettl,Roland Trettl,PER,0.85,0.0,de,2
Francesca Albanese,Francesca Albanese,PER,0.35,0.0,de,2
Israels Kriegs-Fokus,Israels Kriegs-Fokus,PER,0.0,0.0,de,2
Donald Trump Deutschlands,Donald Trump Deutschlands,PER,0.35,0.0,de,2
Bill Browde,Bill Browde,PER,0.15000000000000002,0.0,de,2
Peter Neumann,Peter Neumann,PER,0.0,0.0,de,2
hochexplosives Ammoniumnitrat,hochexplosives Ammoniumnitrat,PER,0.0,0.0,de,2
Jörg Leichtfried,Jörg Leichtfried,PER,1.0,0.0,de,2
Julia Wäschenbach,Julia Wäschenbach,PER,0.0,0.0,de,2
Anhänger Gottes,Anhänger Gottes,PER,0.0,0.0,de,2
Ukraine-Appell von Ost-Politikern,Ukraine-Appell von Ost-Politikern,PER,0.0,0.0,de,2
Eléonore Roedel,Eléonore Roedel,PER,0.0,0.0,de,2
Nordkoreas Waffenhilfe,Nordkoreas Waffenhilfe,PER,0.0,0.0,de,2
Serhiy Lysak,Serhiy Lysak,PER,0.0,0.0,de,2
René Barthel,René Barthel,PER,0.0,0.0,de,2
Peter Tiede,Peter Tiede,PER,0.35,0.0,de,2
Botschafter Netschajew,Botschafter Netschajew,PER,0.5,0.0,de,2
Andrius Kubilius Ernennung,Andrius Kubilius Ernennung,PER,0.0,0.0,de,2
Victor Kossakovsky,Victor Kossakovsky,PER,-1.0,0.0,de,2
Anatoli Timoschtschuk,Anatoli Timoschtschuk,PER,0.0,0.0,de,2
Alexandros Michailidis,Alexandros Michailidis,PER,0.0,0.0,de,2
Sergei Ryabkov,Sergei Ryabkov,PER,0.0,0.0,de,2
Waldemar W,Waldemar W,PER,0.7,0.0,de,2
Alexej Djumin,Alexej Djumin,PER,-0.5,0.0,de,2
Agora Energiewende,Agora Energiewende,PER,-0.5,0.0,de,2
Nariman Dscheljal,Nariman Dscheljal,PER,0.7,0.0,de,2
Bem Nato-Treffen,Bem Nato-Treffen,PER,0.85,0.0,de,2
Matias Hartmann,Matias Hartmann,PER,0.5,0.0,de,2
FDP-Verteidigungspolitiker Faber,FDP-Verteidigungspolitiker Faber,PER,0.0,0.0,de,2
Pierre Niney,Pierre Niney,PER,0.0,0.0,de,2
Tim Kleindienst ,Tim Kleindienst ,PER,0.0,0.0,de,2
Edmont Dantès,Edmont Dantès,PER,0.0,0.0,de,2
Hollywood-Star Nicolas Cage,Hollywood-Star Nicolas Cage,PER,0.0,0.0,de,2
Weston Coppola Cage,Weston Coppola Cage,PER,0.0,0.0,de,2
Christina Fulton,Christina Fulton,PER,0.0,0.0,de,2
David Sirakov,David Sirakov,PER,0.0,0.0,de,2
Hermann Ott,Hermann Ott,PER,-1.0,0.0,de,2
Donald Pols,Donald Pols,PER,0.0,0.0,de,2
Horst Hrubesch,Horst Hrubesch,PER,0.35,0.0,de,2
Jochen Stanzl,Jochen Stanzl,PER,0.35,0.0,de,2
Netanjahu Rücksicht,Netanjahu Rücksicht,PER,0.0,0.0,de,2
Orthopäde Markus Klingenberg,Orthopäde Markus Klingenberg,PER,-0.5,0.5,de,2
Gerhard Schmiedl,Gerhard Schmiedl,PER,0.0,0.0,de,2
Tanit Koch,Tanit Koch,PER,0.425,0.0,de,2
Lulas Ölrausch,Lulas Ölrausch,PER,0.0,0.0,de,2
Katja Wolf,Katja Wolf,PER,0.0,0.0,de,2
Komplexitätsforscher Stephan Thurner,Komplexitätsforscher Stephan Thurner,PER,-0.07500000000000001,0.0,de,2
Stopp von Einbürgerung,Stopp von Einbürgerung,PER,-1.0,0.0,de,2
Vize Vance,Vize Vance,PER,0.7,0.0,de,2
Till Bücker,Till Bücker,PER,0.0,0.0,de,2
Stewart Rhodes,Stewart Rhodes,PER,0.0,0.0,de,2
Aikhal Ammosov,Aikhal Ammosov,PER,0.0,0.0,de,2
Andreas Rabl,Andreas Rabl,PER,0.0,0.0,de,2
Hermann Blattner,Hermann Blattner,PER,0.35,0.0,de,2
Tijan Sila,Tijan Sila,PER,0.5,0.0,de,2
Isabella Weber,Isabella Weber,PER,-0.5666666666666667,0.3333333333333333,de,2
Putin-Freund Orbán,Putin-Freund Orbán,PER,0.0,0.0,de,2
Actionstar Gerard Butler,Actionstar Gerard Butler,PER,0.0,0.0,de,2
Sabine Nallinger,Sabine Nallinger,PER,0.0,0.0,de,2
Noch-Präsident Biden,Noch-Präsident Biden,PER,0.0,0.0,de,2
Oliver Stock,Oliver Stock,PER,0.0,0.5,de,2
Kreml-Kritiker Kara-Mursa,Kreml-Kritiker Kara-Mursa,PER,-0.5,0.0,de,2
Kristi Noem,Kristi Noem,PER,0.1333333333333333,0.0,de,2
Ungarns Regierungschef Orban,Ungarns Regierungschef Orban,PER,0.0,0.0,de,2
Orbáns Moskau-Reise,Orbáns Moskau-Reise,PER,0.0,0.0,de,2
Europas Raumfahrt,Europas Raumfahrt,PER,0.0,0.0,de,2
Christian Wehrschütz,Christian Wehrschütz,PER,-0.5,0.0,de,2
Hochsprung-Weltmeisterin Jaroslawa Mahutschich,Hochsprung-Weltmeisterin Jaroslawa Mahutschich,PER,0.0,0.0,de,2
Joe Bid,Joe Bid,PER,0.0,0.5,de,2
Sergey Mardan,Sergey Mardan,PER,0.0,0.0,de,2
Europas Hoffnungsträger,Europas Hoffnungsträger,PER,0.0,0.0,de,2
Adrian Franke,Adrian Franke,PER,1.0,0.0,de,2
Katja Eckardt,Katja Eckardt,PER,0.0,0.0,de,2
Christoph Butterwegge,Christoph Butterwegge,PER,0.35,0.0,de,2
Indiens Premier Narendra Modi,Indiens Premier Narendra Modi,PER,0.0,0.0,de,2
Forschungsinstituts Epoch AI,Forschungsinstituts Epoch AI,PER,0.0,1.0,de,2
Sören Pellmann,Sören Pellmann,PER,0.5,0.0,de,2
Gottfried Kirchengast,Gottfried Kirchengast,PER,0.35,0.0,de,2
Jens Mühlau,Jens Mühlau,PER,0.0,0.0,de,2
Peter Sawicki,Peter Sawicki,PER,0.0,0.0,de,2
Fußball-Star Lionel Messi,Fußball-Star Lionel Messi,PER,0.0,0.0,de,2
Paul Whelan,Paul Whelan,PER,0.0,0.0,de,2
Max Hermes,Max Hermes,PER,0.0,0.0,de,2
Silke Borgstedt,Silke Borgstedt,PER,-0.35,0.475,de,2
Kevin Lick,Kevin Lick,PER,0.0,0.0,de,2
Uwe Hochgeschurtz,Uwe Hochgeschurtz,PER,0.0,0.0,de,2
Jean Hull,Jean Hull,PER,0.35,0.5,de,2
Carl-Bernhard von Heusinger,Carl-Bernhard von Heusinger,PER,0.0,0.0,de,2
slawischen Mythologie,slawischen Mythologie,PER,0.0,0.0,de,2
Deutschlands Emissionen,Deutschlands Emissionen,PER,0.0,0.0,de,2
Kiew schweigthält,Kiew schweigthält,PER,0.7,0.0,de,2
Jewgeni Poddubnyj,Jewgeni Poddubnyj,PER,0.35,0.0,de,2
CDU-Außenpolitiker Roderich Kiesewetter,CDU-Außenpolitiker Roderich Kiesewetter,PER,0.0,0.0,de,2
Bernhard Watzl,Bernhard Watzl,PER,0.25,0.25,de,2
Milliardär Musk,Milliardär Musk,PER,0.0,0.0,de,2
Simone Peter,Simone Peter,PER,0.0,0.0,de,2
Carles Puigdemont,Carles Puigdemont,PER,-0.35,0.0,de,2
Gründerin Wagenknecht,Gründerin Wagenknecht,PER,-0.7,0.0,de,2
Alexej Smirnow,Alexej Smirnow,PER,-0.175,0.25,de,2
Trumps Friedenplan,Trumps Friedenplan,PER,0.0,0.0,de,2
Patryk Vega,Patryk Vega,PER,0.0,0.0,de,2
Atomkraft-Expertin Anna Veronika Wendland,Atomkraft-Expertin Anna Veronika Wendland,PER,0.0,0.0,de,2
Italiens Regierungschefin,Italiens Regierungschefin,PER,0.0,0.0,de,2
Premier Netanyahu,Premier Netanyahu,PER,0.0,0.0,de,2
Justina Jarueviit,Justina Jarueviit,PER,0.0,0.0,de,2
Matwij Bidny,Matwij Bidny,PER,-0.35,0.0,de,2
Andrej Drugaj,Andrej Drugaj,PER,-0.35,0.0,de,2
Gaspipelines Nord-Stream,Gaspipelines Nord-Stream,PER,0.0,0.5,de,2
Kremlchef Wladimir Putin h,Kremlchef Wladimir Putin h,PER,0.0,0.0,de,2
Visionär Tim Gabel,Visionär Tim Gabel,PER,0.85,0.0,de,2
Ines Verspohl,Ines Verspohl,PER,0.0,0.0,de,2
Trumps Zollpläne,Trumps Zollpläne,PER,0.0,0.0,de,2
Orbans Alleingänge,Orbans Alleingänge,PER,0.7,0.0,de,2
Stefan Hartung,Stefan Hartung,PER,0.0,0.0,de,2
wärmster Tag,wärmster Tag,PER,0.0,0.0,de,2
Sergej Kobylasch,Sergej Kobylasch,PER,0.0,0.0,de,2
Russland-Experte John Sweeney,Russland-Experte John Sweeney,PER,-0.5,0.0,de,2
Kyjiws Gesprächsinteresse,Kyjiws Gesprächsinteresse,PER,-1.0,0.0,de,2
Russland Assads,Russland Assads,PER,0.7,0.0,de,2
SPD-Politiker Miersch,SPD-Politiker Miersch,PER,0.0,0.0,de,2
Will Merz,Will Merz,PER,0.0,0.0,de,2
Bosch-Chef Hartung,Bosch-Chef Hartung,PER,0.0,0.0,de,2
Justizsenatorin Badenberg,Justizsenatorin Badenberg,PER,0.27499999999999997,0.0,de,2
Premier Fico,Premier Fico,PER,0.0,0.0,de,2
Anat Saragusti,Anat Saragusti,PER,0.5,0.0,de,2
Noch-Ministerin Leonore Gewessler,Noch-Ministerin Leonore Gewessler,PER,-1.0,0.0,de,2
Ex-US-General Ben Hodges,Ex-US-General Ben Hodges,PER,0.0,0.0,de,2
Christian Feld,Christian Feld,PER,0.0,0.0,de,2
Felix Heidenreich,Felix Heidenreich,PER,0.0,0.0,de,2
Mathias Stein,Mathias Stein,PER,-0.5,0.0,de,2
Joan Laporta,Joan Laporta,PER,0.0,0.0,de,2
Tobias Lang,Tobias Lang,PER,0.0,0.5,de,2
Mattias Skjelmose,Mattias Skjelmose,PER,-0.15000000000000002,0.0,de,2
Sari Nusseibeh,Sari Nusseibeh,PER,0.35,0.0,de,2
Alexander Dinger,Alexander Dinger,PER,0.35,0.0,de,2
Angelo Becciu,Angelo Becciu,PER,0.0,0.0,de,2
Boris Pistorius ,Boris Pistorius ,PER,-0.7,0.0,de,2
Günther Schuh,Günther Schuh,PER,0.35,0.0,de,2
Claus Lang,Claus Lang,PER,0.0,0.0,de,2
Thomas Kaiser,Thomas Kaiser,PER,0.0,0.0,de,2
Anno dazumal,Anno dazumal,PER,0.0,0.0,de,2
Max Ophüls,Max Ophüls,PER,0.0,0.0,de,2
Mychajlo Drapatyj von Organisationsaufgaben,Mychajlo Drapatyj von Organisationsaufgaben,PER,0.0,0.0,de,2
Ungarns Außenminister,Ungarns Außenminister,PER,0.0,0.0,de,2
Marvin Müller,Marvin Müller,PER,-0.5,0.0,de,2
Wilken Engelbracht,Wilken Engelbracht,PER,0.0,0.0,de,2
Stopp der Waffenexporte,Stopp der Waffenexporte,PER,0.0,0.0,de,2
Peter Müller,Peter Müller,PER,0.0,0.0,de,2
Michael Allmaier,Michael Allmaier,PER,0.0,0.0,de,2
Artur Rehi,Artur Rehi,PER,0.0,0.0,de,2
Nikolai Charitonow,Nikolai Charitonow,PER,0.35,0.0,de,2
Israels Kabinett,Israels Kabinett,PER,-1.0,0.0,de,2
Dorothee Wüst,Dorothee Wüst,PER,0.0,0.0,de,2
Katharina Richter,Katharina Richter,PER,0.0,0.0,de,2
Rios meistgesuchter,Rios meistgesuchter,PER,-1.0,0.0,de,2
Natascha Wegelin,Natascha Wegelin,PER,-1.0,0.0,de,2
Norbert Hahn,Norbert Hahn,PER,0.0,0.0,de,2
Ex-Wirecard-Vorstand Marsalek,Ex-Wirecard-Vorstand Marsalek,PER,0.0,0.0,de,2
Moskaus Vize-Außenminister Alexander Gruschko,Moskaus Vize-Außenminister Alexander Gruschko,PER,0.0,0.0,de,2
Anna Tsareva,Anna Tsareva,PER,-1.0,0.0,de,2
Jan-Christoph Kitzler,Jan-Christoph Kitzler,PER,0.0,0.0,de,2
Malu Dreyer,Malu Dreyer,PER,0.0,0.0,de,2
Oliver Petri,Oliver Petri,PER,0.7,0.0,de,2
Petri Heizung,Petri Heizung,PER,0.7,0.0,de,2
Josef Demm,Josef Demm,PER,-0.5,0.0,de,2
Waleri Gergijew,Waleri Gergijew,PER,-0.5,0.0,de,2
Wladimir Urins,Wladimir Urins,PER,-0.5,0.0,de,2
Jürgen Helfricht,Jürgen Helfricht,PER,0.0,0.0,de,2
Saarland-Ministerpräsidentin Anke Rehlinger,Saarland-Ministerpräsidentin Anke Rehlinger,PER,0.0,0.5,de,2
Volksmusiker Heino,Volksmusiker Heino,PER,0.0,0.0,de,2
Lew Schlossberg,Lew Schlossberg,PER,-0.5,0.0,de,2
Kim Yong Bok,Kim Yong Bok,PER,0.0,0.0,de,2
Norbert Walter-Borjans,Norbert Walter-Borjans,PER,0.0,0.0,de,2
Daniel Ek,Daniel Ek,PER,-0.27499999999999997,0.0,de,2
Liveblog Trump-Zölle,Liveblog Trump-Zölle,PER,0.5,0.0,de,2
Elke Voitl,Elke Voitl,PER,0.15000000000000002,0.0,de,2
Amazons meistgekaufter Drehmomentschlüssel,Amazons meistgekaufter Drehmomentschlüssel,PER,0.0,0.0,de,2
Richard Dearlove,Richard Dearlove,PER,0.0,0.0,de,2
Errol Musk,Errol Musk,PER,0.0,0.0,de,2
Gottfried Wilhelm Leibniz-Preis,Gottfried Wilhelm Leibniz-Preis,PER,0.0,0.0,de,2
Bernd Pachal,Bernd Pachal,PER,0.0,0.5,de,2
Polens Flugabwehr,Polens Flugabwehr,PER,0.0,0.0,de,2
Klimaforscher Pörtner,Klimaforscher Pörtner,PER,0.175,0.0,de,2
Norman Franz,Norman Franz,PER,-0.5,0.0,de,2
Omas Hausmittel,Omas Hausmittel,PER,0.35,0.0,de,2
mauritius images,mauritius images,PER,0.35,0.0,de,2
Seth Rogen,Seth Rogen,PER,0.7,0.0,de,2
Naomi Kleins,Naomi Kleins,PER,0.0,0.0,de,2
Edgardo Lander,Edgardo Lander,PER,0.0,0.0,de,2
Andreas Reckwitz,Andreas Reckwitz,PER,0.0,0.0,de,2
Ljudmila Wasiljewa,Ljudmila Wasiljewa,PER,-0.35,0.0,de,2
Bundesfinanzminister Klingbeil,Bundesfinanzminister Klingbeil,PER,0.5,0.0,de,2
Kanzler Merz,Kanzler Merz,PER,0.0,0.0,de,2
NRW-Umweltminister Krischer,NRW-Umweltminister Krischer,PER,1.0,0.0,de,2
US-Außenminister Rubio Putin,US-Außenminister Rubio Putin,PER,-0.7,0.0,de,2
Dealmaker Donald Trump,Dealmaker Donald Trump,PER,0.0,0.0,de,2
Eric Fullerton,Eric Fullerton,PER,0.0,0.0,de,2
Alexander Lurz,Alexander Lurz,PER,0.7,0.0,de,2
Ukraines Präsident Selenski,Ukraines Präsident Selenski,PER,0.0,0.0,de,2
Bidens Sicherheitsberater,Bidens Sicherheitsberater,PER,-0.27499999999999997,0.0,de,2
Moskaus Versicherungen,Moskaus Versicherungen,PER,1.0,0.0,de,2
Akkus leeren,Akkus leeren,PER,0.5249999999999999,0.25,de,2
Kanzleramtschef Frei,Kanzleramtschef Frei,PER,0.7,0.0,de,2
Italienische Regierungschefin,Italienische Regierungschefin,PER,0.0,0.0,de,2
Nordkoreas Außenministern,Nordkoreas Außenministern,PER,0.0,0.0,de,2
Mahmoud M,Mahmoud M,PER,0.0,0.0,de,2
Söders Vorstoß,Söders Vorstoß,PER,-0.85,0.0,de,2
Thorsten Klapsch,Thorsten Klapsch,PER,0.0,0.0,de,2
Klimafotos von Thorsten Klapsch,Klimafotos von Thorsten Klapsch,PER,-1.0,0.0,de,2
Alexis Drion,Alexis Drion,PER,0.0,0.0,de,2
Israel Verstöße,Israel Verstöße,PER,0.0,0.0,de,2
Leon Goretzka,Leon Goretzka,PER,0.0,0.5,de,2
Julia Verlinden,Julia Verlinden,PER,0.35,0.0,de,2
Alexander Birken,Alexander Birken,PER,0.35,0.0,de,2
Keanu Reeves,Keanu Reeves,PER,0.7,0.0,de,2
Kylie Divon,Kylie Divon,PER,-0.5,0.0,de,2
Tag löchriger,Tag löchriger,PER,0.0,0.0,de,2
Tim Raue,Tim Raue,PER,0.0,0.0,de,2
Reinhard Seiß,Reinhard Seiß,PER,0.0,0.0,de,2
John Mearsheimer,John Mearsheimer,PER,0.0,0.0,de,2
Trumps erratischer,Trumps erratischer,PER,-0.5,0.0,de,2
Ex-General Keith Kellogg,Ex-General Keith Kellogg,PER,0.0,0.0,de,2
Andreas Rettig,Andreas Rettig,PER,0.0,0.5,de,2
Aziz B,Aziz B,PER,0.7,0.0,de,2
Wim van Saarloos,Wim van Saarloos,PER,1.0,0.0,de,2
Luke Humphries,Luke Humphries,PER,0.0,0.0,de,2
Ottmar Hitzfeld,Ottmar Hitzfeld,PER,-0.35,0.0,de,2
Ingo Gerhartz,Ingo Gerhartz,PER,0.0,0.45,de,2
Rene Benko,Rene Benko,PER,0.0,0.0,de,2
Ministerin Eder,Ministerin Eder,PER,0.0,0.0,de,2
Bestsellerautor Tim Marshall,Bestsellerautor Tim Marshall,PER,0.0,0.0,de,2
Energieministerin Pannier-Runacher,Energieministerin Pannier-Runacher,PER,0.0,0.0,de,2
Nuri Sahin,Nuri Sahin,PER,-0.5,0.0,de,2
Markus Rei,Markus Rei,PER,0.0,0.5,de,2
Lee Hsi-min,Lee Hsi-min,PER,0.0,0.0,de,2
Trumps Zauberkiste,Trumps Zauberkiste,PER,-1.0,0.0,de,2
Stephen Lynch,Stephen Lynch,PER,-0.35,0.0,de,2
Ljudmila Wassiljewa,Ljudmila Wassiljewa,PER,0.0,0.0,de,2
Meron Mendel,Meron Mendel,PER,-1.0,0.0,de,2
Charles mahnt,Charles mahnt,PER,0.0,0.0,de,2
Bianca Censori,Bianca Censori,PER,-1.0,0.0,de,2
Karim Benzema,Karim Benzema,PER,0.35,0.0,de,2
mutmaßlichem Messer-Angriff,mutmaßlichem Messer-Angriff,PER,0.0,0.0,de,2
Finanz-Experte Stefan Heringer,Finanz-Experte Stefan Heringer,PER,0.0,1.0,de,2
Olexander Prokudin,Olexander Prokudin,PER,0.0,0.0,de,2
Lamia Messari-Becker,Lamia Messari-Becker,PER,0.0,0.0,de,2
Julia Bernstein,Julia Bernstein,PER,0.0,0.0,de,2
Ursula von der Ley,Ursula von der Ley,PER,0.0,0.5,de,2
Bernhard Kegel,Bernhard Kegel,PER,0.0,0.0,de,2
Ex-Bundeskanzlerin Merkel,Ex-Bundeskanzlerin Merkel,PER,0.0,0.0,de,2
Rustem Umjerov,Rustem Umjerov,PER,0.0,0.0,de,2
Giorgi Margwelaschwili,Giorgi Margwelaschwili,PER,0.0,0.0,de,2
Marc-Uwe Kling,Marc-Uwe Kling,PER,-1.0,0.0,de,2
Patti Smith,Patti Smith,PER,-1.0,0.0,de,2
Sandra Duy,Sandra Duy,PER,0.0,0.0,de,2
Thüringens Verbraucher,Thüringens Verbraucher,PER,0.0,1.0,de,2
Benjy Myers,Benjy Myers,PER,0.0,0.0,de,2
Deutschlands Außenminister Wadephul,Deutschlands Außenminister Wadephul,PER,-0.35,0.0,de,2
Katja Hessel,Katja Hessel,PER,0.575,0.0,de,2
Michail Filiponenko,Michail Filiponenko,PER,-0.15000000000000002,0.0,de,2
Energieexperte Carsten Herbert,Energieexperte Carsten Herbert,PER,0.0,0.0,de,2
Serien-Schauspielerin Féréba Koné,Serien-Schauspielerin Féréba Koné,PER,0.0,0.0,de,2
Vitaly Barabasch,Vitaly Barabasch,PER,0.0,0.0,de,2
Jemen Kämpfer,Jemen Kämpfer,PER,0.425,0.0,de,2
Alexander Graf Lamb,Alexander Graf Lamb,PER,0.0,0.0,de,2
Städtebund-Präsident Michael Ludwig,Städtebund-Präsident Michael Ludwig,PER,0.0,0.0,de,2
Katharine Hayhoe,Katharine Hayhoe,PER,0.0,0.0,de,2
Igor Terechow beri,Igor Terechow beri,PER,0.0,0.0,de,2
Alois Rainer,Alois Rainer,PER,0.0,0.0,de,2
Alan Wake,Alan Wake,PER,0.0,0.5,de,2
Seriengründerin Anna Alex,Seriengründerin Anna Alex,PER,-0.15000000000000002,0.0,de,2
Nala Earth,Nala Earth,PER,0.35,0.0,de,2
Georg Zimmermann,Georg Zimmermann,PER,0.0,0.0,de,2
Kasia Sliwinska,Kasia Sliwinska,PER,0.7,0.0,de,2
Moritz Rödle,Moritz Rödle,PER,0.35,0.0,de,2
Israels Staatsoberhaupt,Israels Staatsoberhaupt,PER,-1.0,0.0,de,2
Pokerte Lindner,Pokerte Lindner,PER,0.7,0.0,de,2
Umar Israilow,Umar Israilow,PER,-1.0,0.0,de,2
Merz Nazi-Parolen,Merz Nazi-Parolen,PER,0.0,0.0,de,2
Risto Loh,Risto Loh,PER,-0.5,0.0,de,2
Friedrich Schmidt,Friedrich Schmidt,PER,0.0,0.0,de,2
Heidi Reichinnek,Heidi Reichinnek,PER,-0.16666666666666666,0.0,de,2
Kanzlerkandidat Merz,Kanzlerkandidat Merz,PER,0.0,0.0,de,2
Heiko Hubertz,Heiko Hubertz,PER,0.0,0.5,de,2
Cai Rienäcker,Cai Rienäcker,PER,0.0,0.0,de,2
Warren Buffetts,Warren Buffetts,PER,-0.35,0.0,de,2
Janet Mills,Janet Mills,PER,0.0,0.0,de,2
Rouven Laur,Rouven Laur,PER,0.0,0.0,de,2
Amira Pocher,Amira Pocher,PER,0.7,0.0,de,2
Luxemburgs Premier Bettel,Luxemburgs Premier Bettel,PER,0.0,0.0,de,2
Rüdiger Rehm,Rüdiger Rehm,PER,0.0,0.0,de,2
Iran-treue Milizen,Iran-treue Milizen,PER,0.0,0.0,de,2
Skylines II,Skylines II,PER,0.0,0.5,de,2
CSU-Politiker Rainer,CSU-Politiker Rainer,PER,0.0,0.0,de,2
José Adolfo Macías,José Adolfo Macías,PER,-0.175,0.25,de,2
Nyke Slawik,Nyke Slawik,PER,0.0,0.5,de,2
Indira Gandhi,Indira Gandhi,PER,0.0,0.0,de,2
Mainz-Sportchef Heidel,Mainz-Sportchef Heidel,PER,0.0,0.0,de,2
Florian Flade,Florian Flade,PER,0.0,0.0,de,2
Fabio Celestini,Fabio Celestini,PER,0.5,0.0,de,2
Tom Goeller,Tom Goeller,PER,0.0,0.0,de,2
Grünen-Chef Omid Nouripour,Grünen-Chef Omid Nouripour,PER,0.0,0.0,de,2
Udo Wachtveitl,Udo Wachtveitl,PER,0.5,0.0,de,2
Miroslav Nemec,Miroslav Nemec,PER,0.5,0.0,de,2
Eis schmilzt,Eis schmilzt,PER,0.0,0.0,de,2
Caroline Duddridge,Caroline Duddridge,PER,0.0,1.0,de,2
Sergej Mironow,Sergej Mironow,PER,0.0,0.0,de,2
Jannik Pentz,Jannik Pentz,PER,0.0,0.0,de,2
Endziel Fordo,Endziel Fordo,PER,0.0,0.0,de,2
Was Anleger,Was Anleger,PER,0.0,0.0,de,2
Lucas Bögl,Lucas Bögl,PER,0.0,0.0,de,2
Cyber Monday,Cyber Monday,PER,0.35,0.0,de,2
Alena Gerber,Alena Gerber,PER,-1.0,0.0,de,2
Laura Biagiotti,Laura Biagiotti,PER,-1.0,0.0,de,2
Paula Hilsemer,Paula Hilsemer,PER,0.0,0.4,de,2
Ökonomin Claudia Kemfert,Ökonomin Claudia Kemfert,PER,0.0,0.5,de,2
Torsten Fröhling,Torsten Fröhling,PER,0.35,0.0,de,2
Naomi Oreskes,Naomi Oreskes,PER,0.25,0.0,de,2
Israels Großangriff,Israels Großangriff,PER,0.0,1.0,de,2
Weltklimakonferenz COP28,Weltklimakonferenz COP28,PER,0.0,0.5,de,2
Rüdiger Bachmann,Rüdiger Bachmann,PER,0.0,0.0,de,2
Thüringens Innenminister,Thüringens Innenminister,PER,-1.0,0.0,de,2
Juri Sonnenholzner,Juri Sonnenholzner,PER,0.0,0.0,de,2
LeBron James,LeBron James,PER,0.0,0.0,de,2
Ulrich Kronberg,Ulrich Kronberg,PER,0.19999999999999998,0.16666666666666666,de,2
Rhein-Neckar Löwen,Rhein-Neckar Löwen,PER,0.425,0.0,de,2
Walter Thurnherr,Walter Thurnherr,PER,0.0,0.0,de,2
Fritz Repeater,Fritz Repeater,PER,0.35,0.0,de,2
Liveblog Baerbock,Liveblog Baerbock,PER,-0.5,0.0,de,2
Stephanie Wehner,Stephanie Wehner,PER,0.5,0.0,de,2
Bayerns Regierungschef Söder,Bayerns Regierungschef Söder,PER,1.0,0.0,de,2
Bernard Foccrolle,Bernard Foccrolle,PER,0.0,0.0,de,2
Finanzminister Danyal Bayaz,Finanzminister Danyal Bayaz,PER,0.35,0.0,de,2
Mon Mothma,Mon Mothma,PER,0.27499999999999997,0.0,de,2
Mathias Middelberg,Mathias Middelberg,PER,0.7,0.0,de,2
Andre Kartschall,Andre Kartschall,PER,0.0,0.0,de,2
Energiekonzerne wiegeln,Energiekonzerne wiegeln,PER,0.0,0.0,de,2
Paul Pogba,Paul Pogba,PER,0.05000000000000001,0.16666666666666666,de,2
Mary von Dänemark,Mary von Dänemark,PER,0.35,0.0,de,2
Wirtschaftsminister Massa,Wirtschaftsminister Massa,PER,0.0,0.0,de,2
Marzahn Pride,Marzahn Pride,PER,-0.85,0.0,de,2
Capricciosa en masse,Capricciosa en masse,PER,0.0,0.0,de,2
Regierungskandidat Massa,Regierungskandidat Massa,PER,0.0,0.0,de,2
Andrii Biletskyj,Andrii Biletskyj,PER,0.0,0.0,de,2
Quattro Stagione,Quattro Stagione,PER,0.0,0.0,de,2
Maximilian Arnold,Maximilian Arnold,PER,0.5,0.5,de,2
Eurovisions-Siegerin Jamala,Eurovisions-Siegerin Jamala,PER,0.0,0.0,de,2
Jordan Henderson,Jordan Henderson,PER,0.35,0.0,de,2
Jens Andersen,Jens Andersen,PER,0.125,0.0,de,2
Ex-Botschafter Lüdeking,Ex-Botschafter Lüdeking,PER,0.0,0.0,de,2
Ralf Wendling,Ralf Wendling,PER,0.0,0.0,de,2
Brigitte Scheidt,Brigitte Scheidt,PER,0.5,0.0,de,2
Slobodan Milošević,Slobodan Milošević,PER,-0.45,0.0,de,2
Jörg Kachelmann,Jörg Kachelmann,PER,0.7,0.0,de,2
Russland Kiew,Russland Kiew,PER,0.0,0.0,de,2
Dominic Rohner,Dominic Rohner,PER,0.0,0.0,de,2
Nathalie Pohl,Nathalie Pohl,PER,0.5,0.0,de,2
Volker Looman,Volker Looman,PER,0.0,0.0,de,2
Herbert Bauernebel,Herbert Bauernebel,PER,-0.175,0.25,de,2
Messerattacke auf Mann,Messerattacke auf Mann,PER,0.0,0.0,de,2
Helmut Bernkopf,Helmut Bernkopf,PER,0.0,0.0,de,2
Journalistin Amiri,Journalistin Amiri,PER,0.0,0.0,de,2
La Quimera,La Quimera,PER,0.0,0.0,de,2
Anne Lund,Anne Lund,PER,0.0,0.0,de,2
Chief Joseph,Chief Joseph,PER,0.85,0.0,de,2
vergrabenes Waffen-Fass,vergrabenes Waffen-Fass,PER,0.7,0.0,de,2
Alla Pugatschowa,Alla Pugatschowa,PER,0.425,0.0,de,2
Igor Link,Igor Link,PER,-0.35,0.0,de,2
Gerhard Schröders,Gerhard Schröders,PER,-0.5,0.0,de,2
Washington Post,Washington Post,PER,0.0,0.0,de,2
Lauterbach s,Lauterbach s,PER,0.0,0.0,de,2
MBDA-Chef Gottschild,MBDA-Chef Gottschild,PER,0.0,0.0,de,2
Maksym Butkevych,Maksym Butkevych,PER,0.0,0.0,de,2
Wolfgang Petritsch,Wolfgang Petritsch,PER,0.0,0.0,de,2
Xenia Karelina,Xenia Karelina,PER,-0.85,0.0,de,2
Berlin  ,Berlin  ,PER,0.0,0.0,de,2
Andreas Petersen,Andreas Petersen,PER,0.0,0.0,de,2
Ksenjia Petrowa,Ksenjia Petrowa,PER,-1.0,0.0,de,2
Donald Trumps Manöver,Donald Trumps Manöver,PER,0.0,0.0,de,2
Hanna Notte,Hanna Notte,PER,0.0,0.0,de,2
Karl Jüsten,Karl Jüsten,PER,0.7,0.0,de,2
Deniz Undav,Deniz Undav,PER,0.0,0.0,de,2
Wolodymyr Jermolenko,Wolodymyr Jermolenko,PER,-0.5,0.0,de,2
Rolf Habben Jansen,Rolf Habben Jansen,PER,-0.07500000000000001,0.0,de,2
Yahya Sinwar,Yahya Sinwar,PER,0.0,0.0,de,2
Niels Rossow,Niels Rossow,PER,0.0,0.0,de,2
Generalinspekteur Breuer,Generalinspekteur Breuer,PER,0.0,0.0,de,2
Karsten Köhler,Karsten Köhler,PER,0.7,0.0,de,2
Extremisten Waffen,Extremisten Waffen,PER,0.0,0.0,de,2
Wolfgang Schmidbauer,Wolfgang Schmidbauer,PER,0.35,0.0,de,2
Jasper Goodall,Jasper Goodall,PER,-1.0,0.0,de,2
Friedemann Karig,Friedemann Karig,PER,0.0,0.0,de,2
Jahrestag des Kriegsendes,Jahrestag des Kriegsendes,PER,0.0,0.0,de,2
Mann Europas,Mann Europas,PER,-0.5,0.0,de,2
leistungsbereiten Individuen,leistungsbereiten Individuen,PER,0.0,1.0,de,2
Bayerns Waffenbehörden,Bayerns Waffenbehörden,PER,0.0,0.0,de,2
Lukas Fischer,Lukas Fischer,PER,0.0,0.0,de,2
Südkoreas Ex-Präsident,Südkoreas Ex-Präsident,PER,0.0,0.0,de,2
Polens Außenminister Sikorski,Polens Außenminister Sikorski,PER,0.0,0.0,de,2
Alexandria Ocasio-Cortez,Alexandria Ocasio-Cortez,PER,-0.35,0.0,de,2
Tim Eisenlohr,Tim Eisenlohr,PER,0.0,0.0,de,2
Katja Krasavice,Katja Krasavice,PER,0.2875,0.5,de,2
Grünen-Chefin Brandner,Grünen-Chefin Brandner,PER,0.0,0.0,de,2
Bürgergeld Rotstift,Bürgergeld Rotstift,PER,0.0,0.0,de,2
Denkfabrik Ember,Denkfabrik Ember,PER,0.0,0.0,de,2
Riikka Karppinen,Riikka Karppinen,PER,-0.5,0.0,de,2
Israels Heimatschutz,Israels Heimatschutz,PER,0.0,0.0,de,2
Benny Gantz,Benny Gantz,PER,-0.35,0.0,de,2
Israels Kriegskabinett,Israels Kriegskabinett,PER,-0.5,0.0,de,2
Rasmus Buchsteiner,Rasmus Buchsteiner,PER,0.35,0.0,de,2
Minister Wissing,Minister Wissing,PER,0.0,0.0,de,2
Hernán Cortés,Hernán Cortés,PER,0.0,0.0,de,2
Jurij Fedorenko,Jurij Fedorenko,PER,0.0,0.0,de,2
Marcel Reif,Marcel Reif,PER,0.7749999999999999,0.0,de,2
Motel Destino,Motel Destino,PER,0.0,0.0,de,2
Energieexpertin Claudia Kemfert,Energieexpertin Claudia Kemfert,PER,0.0,0.0,de,2
Manfed Nowak,Manfed Nowak,PER,0.25,0.25,de,2
Ralph Janik,Ralph Janik,PER,0.75,0.25,de,2
Simon Rolfes,Simon Rolfes,PER,-0.35,0.0,de,2
Ute Kraft,Ute Kraft,PER,0.0,0.0,de,2
Alfred Prey,Alfred Prey,PER,0.0,0.0,de,2
Juri Knorr,Juri Knorr,PER,0.35,0.0,de,2
Katharina Auer-Voigtländer,Katharina Auer-Voigtländer,PER,0.0,0.0,de,2
Techmilliardär Musk,Techmilliardär Musk,PER,0.2333333333333333,0.6666666666666666,de,2
Frühlingsgefühle adé,Frühlingsgefühle adé,PER,0.0,0.0,de,2
Stevie Williams,Stevie Williams,PER,0.7,0.0,de,2
Lokaljournalistin Ploch,Lokaljournalistin Ploch,PER,0.0,0.0,de,2
Chinas Beauftragter,Chinas Beauftragter,PER,0.0,0.0,de,2
Tamara Zieschang,Tamara Zieschang,PER,0.0,0.0,de,2
Ex-Wirecard-Manager Marsalek,Ex-Wirecard-Manager Marsalek,PER,0.35,0.0,de,2
Winston Churchill,Winston Churchill,PER,-1.0,0.0,de,2
Moskaus Auslandsgeheimdienst,Moskaus Auslandsgeheimdienst,PER,0.7,0.0,de,2
Uwe Becker,Uwe Becker,PER,-0.07500000000000001,0.0,de,2
Nordkoreas Soldaten,Nordkoreas Soldaten,PER,-0.35,0.0,de,2
Lisa Mazzone,Lisa Mazzone,PER,-0.5,0.0,de,2
Gerrit Richter,Gerrit Richter,PER,0.7,0.0,de,2
Arsenal-Profi Zinchenko,Arsenal-Profi Zinchenko,PER,0.5125,0.0,de,2
Cédric Wermuth,Cédric Wermuth,PER,0.0,0.0,de,2
Carmen Geiss,Carmen Geiss,PER,0.0,0.0,de,2
Dorin Recean,Dorin Recean,PER,-0.25,0.0,de,2
Martin Ganslmeier,Martin Ganslmeier,PER,0.0,0.0,de,2
Mark Burns,Mark Burns,PER,0.5,0.0,de,2
Edith Piaf,Edith Piaf,PER,0.0,0.0,de,2
Jorge Glas,Jorge Glas,PER,0.0,0.0,de,2
Militärgeheimdienst Budanow,Militärgeheimdienst Budanow,PER,-0.35,0.0,de,2
López Obrador,López Obrador,PER,1.0,0.0,de,2
Moskaus Ölkunden,Moskaus Ölkunden,PER,0.0,0.0,de,2
Trump sauer,Trump sauer,PER,0.0,0.0,de,2
Jürgen Mossack,Jürgen Mossack,PER,0.5,0.0,de,2
Kreml-Kritiker Wladimir Kara-Mursa,Kreml-Kritiker Wladimir Kara-Mursa,PER,0.0,0.0,de,2
Natalie Amiri,Natalie Amiri,PER,0.5,0.0,de,2
Israels Sicherheit,Israels Sicherheit,PER,0.0,0.5,de,2
Moldaus Präsidentin Sandu,Moldaus Präsidentin Sandu,PER,0.0,0.0,de,2
Michael Kappeler,Michael Kappeler,PER,0.5,0.0,de,2
Polens Regierungschef Tusk,Polens Regierungschef Tusk,PER,0.0,1.0,de,2
Ariel Henry,Ariel Henry,PER,-0.5,0.0,de,2
Ulf Kristersson,Ulf Kristersson,PER,0.35,0.0,de,2
Stefan Raab,Stefan Raab,PER,0.0,0.0,de,2
Tusk zu Gesprächen,Tusk zu Gesprächen,PER,0.0,0.0,de,2
Mad Max weht,Mad Max weht,PER,0.0,0.0,de,2
Michael Wolff,Michael Wolff,PER,0.5,0.0,de,2
Österreichs Energieministerin,Österreichs Energieministerin,PER,0.0,0.0,de,2
Energieagentur-Chef Birol,Energieagentur-Chef Birol,PER,0.0,0.0,de,2
Michael Otto,Michael Otto,PER,0.5,0.0,de,2
Tijen Onaran,Tijen Onaran,PER,0.15000000000000002,0.0,de,2
Jan Oliver Löfken,Jan Oliver Löfken,PER,0.7,0.0,de,2
Markus Miele,Markus Miele,PER,0.5,0.0,de,2
Jahrestags des Endes des Zweiten Weltkriegs,Jahrestags des Endes des Zweiten Weltkriegs,PER,0.0,0.0,de,2
Klinikum Garmisch,Klinikum Garmisch,PER,0.7,0.0,de,2
Christian Sch,Christian Sch,PER,0.0,0.0,de,2
Löwen-Kapitän Groetzki,Löwen-Kapitän Groetzki,PER,0.0,0.0,de,2
Pierbattista Pizzaballa,Pierbattista Pizzaballa,PER,0.0,0.0,de,2
Finanz-Expertin Swetlana Eberz,Finanz-Expertin Swetlana Eberz,PER,0.0,0.0,de,2
Alma Zadi,Alma Zadi,PER,0.0,0.0,de,2
Nicolas Maduro,Nicolas Maduro,PER,0.0,0.0,de,2
Gustav Theile,Gustav Theile,PER,0.0,0.5,de,2
Rückzug Lindners,Rückzug Lindners,PER,0.0,0.0,de,2
Brennelementefabrik Lingen,Brennelementefabrik Lingen,PER,0.35,0.0,de,2
Carsten Brosda,Carsten Brosda,PER,-0.425,0.0,de,2
Literaturnobelpreisträgerin Herta Müller,Literaturnobelpreisträgerin Herta Müller,PER,0.0,0.0,de,2
Espen Barth Eide,Espen Barth Eide,PER,0.0,0.0,de,2
Bastian Giegerich,Bastian Giegerich,PER,0.0,0.0,de,2
Katharina Reiche,Katharina Reiche,PER,0.7,0.0,de,2
Christoph Freuding,Christoph Freuding,PER,0.0,0.0,de,2
Menschenrechtler Orlow,Menschenrechtler Orlow,PER,0.0,0.0,de,2
Timo Schultz,Timo Schultz,PER,0.0,0.0,de,2
Antisemitin Ibrahim,Antisemitin Ibrahim,PER,0.0,1.0,de,2
Matthias Marquardt,Matthias Marquardt,PER,0.0,0.0,de,2
Tina Handel,Tina Handel,PER,0.0,0.0,de,2
Choe Son Hui,Choe Son Hui,PER,0.35,0.0,de,2
Aida Cruises,Aida Cruises,PER,0.0,0.0,de,2
Éric Lombard,Éric Lombard,PER,-0.5,0.0,de,2
Ex-First-Lady Michelle Obama,Ex-First-Lady Michelle Obama,PER,0.0,0.0,de,2
Rekordnationalspieler Lothar Matthäus,Rekordnationalspieler Lothar Matthäus,PER,0.0,0.0,de,2
Kim Jong Un Korea,Kim Jong Un Korea,PER,0.0,0.0,de,2
Feras Fares,Feras Fares,PER,-0.7,0.0,de,2
Eva Ullmann,Eva Ullmann,PER,1.0,0.0,de,2
Philipp Wundersee,Philipp Wundersee,PER,0.0,0.0,de,2
Tobias Meyer,Tobias Meyer,PER,0.35,0.0,de,2
Alexander Hassenstein,Alexander Hassenstein,PER,-0.35,0.0,de,2
Bäcker Björn Wiese,Bäcker Björn Wiese,PER,0.0,0.0,de,2
Konferenzleiter Heusgen,Konferenzleiter Heusgen,PER,0.0,0.0,de,2
Volker Kronenberg,Volker Kronenberg,PER,0.0,0.0,de,2
Polens Ex-Premier,Polens Ex-Premier,PER,0.0,0.0,de,2
Mann Schlangenlinie,Mann Schlangenlinie,PER,1.0,0.0,de,2
Sarna Röser,Sarna Röser,PER,-0.35,0.5,de,2
Boris Nadeschdins,Boris Nadeschdins,PER,0.0,0.0,de,2
Putins Verhandlungsangebot,Putins Verhandlungsangebot,PER,0.17499999999999996,0.0,de,2
Igor Levit,Igor Levit,PER,0.0,0.0,de,2
Kira Jarmysch,Kira Jarmysch,PER,0.0,0.0,de,2
Liveblog Bundesjustizminister,Liveblog Bundesjustizminister,PER,0.0,0.0,de,2
Lynne Tracy,Lynne Tracy,PER,0.0,0.0,de,2
Maria Telkes,Maria Telkes,PER,-0.35,0.0,de,2
Lily Gladstone,Lily Gladstone,PER,1.0,0.0,de,2
Karel Geraerts,Karel Geraerts,PER,0.0,0.0,de,2
Trumps Gesandtem Witkoff bekräf,Trumps Gesandtem Witkoff bekräf,PER,0.0,0.0,de,2
Nein von Scholz,Nein von Scholz,PER,-1.0,0.0,de,2
Emmanuel Macrons,Emmanuel Macrons,PER,0.0,0.0,de,2
Ajay Banga,Ajay Banga,PER,0.35,0.0,de,2
John Giannandrea,John Giannandrea,PER,-0.7,0.0,de,2
Bert Hoffmann,Bert Hoffmann,PER,0.0,0.0,de,2
Historikerin Scherbakowa,Historikerin Scherbakowa,PER,0.0,0.0,de,2
Ex-Terroristin Klette,Ex-Terroristin Klette,PER,0.0,0.0,de,2
Tim Adams,Tim Adams,PER,0.0,0.0,de,2
Macron Bodentruppen,Macron Bodentruppen,PER,0.0,0.0,de,2
Trump Kremlchef,Trump Kremlchef,PER,0.0,0.0,de,2
Martin Geisthardt,Martin Geisthardt,PER,0.0,0.0,de,2
Nordkoreas Geschäftsträger,Nordkoreas Geschäftsträger,PER,0.0,0.0,de,2
Premier Barnier,Premier Barnier,PER,-0.825,0.0,de,2
Ralph Keeling,Ralph Keeling,PER,0.35,0.0,de,2
Peter Kleim,Peter Kleim,PER,0.35,0.0,de,2
Konstantin Malofejew,Konstantin Malofejew,PER,-0.35,0.0,de,2
James Bond,James Bond,PER,0.5,0.0,de,2
Odessa-Besuch von Selenskyj,Odessa-Besuch von Selenskyj,PER,0.0,0.0,de,2
Roman Iwanow,Roman Iwanow,PER,-0.5,0.0,de,2
Almut Kirchner,Almut Kirchner,PER,0.0,0.0,de,2
Premier Bayrou,Premier Bayrou,PER,0.0,0.0,de,2
Cillian Murphy,Cillian Murphy,PER,0.0,0.0,de,2
Michael Connelly,Michael Connelly,PER,0.0,0.0,de,2
Hendrik Remmel,Hendrik Remmel,PER,-1.0,0.0,de,2
Michaela Engelmeier,Michaela Engelmeier,PER,-0.175,0.25,de,2
Ingolfur Blühdorn,Ingolfur Blühdorn,PER,0.0,0.0,de,2
Leonardo Rivas,Leonardo Rivas,PER,0.0,1.0,de,2
Mia Farrow,Mia Farrow,PER,0.0,0.0,de,2
Shrouq al-Aila,Shrouq al-Aila,PER,0.0,0.0,de,2
Prinz William,Prinz William,PER,1.0,0.0,de,2
Ilkay Gündogan,Ilkay Gündogan,PER,0.7,0.0,de,2
Maxim Kusminow,Maxim Kusminow,PER,0.0,0.0,de,2
Henning Rust,Henning Rust,PER,0.0,0.0,de,2
Jahrestag Kriegsbeginn,Jahrestag Kriegsbeginn,PER,0.0,0.0,de,2
Felor Badenberg,Felor Badenberg,PER,0.0,0.5,de,2
Kreml Freigabe,Kreml Freigabe,PER,0.0,0.0,de,2
Ljudmila Nawalnaja,Ljudmila Nawalnaja,PER,0.0,0.0,de,2
Leiche Nawalnys,Leiche Nawalnys,PER,0.0,0.0,de,2
Niko Kohls,Niko Kohls,PER,0.0,1.0,de,2
Matthias Glaubrecht,Matthias Glaubrecht,PER,-0.85,0.0,de,2
Gernot Ecker,Gernot Ecker,PER,0.0,0.5,de,2
Stephan Haisch,Stephan Haisch,PER,0.0,0.0,de,2
Juror Jorge,Juror Jorge,PER,0.0,0.0,de,2
Co-Parteichef van Aken,Co-Parteichef van Aken,PER,0.0,0.0,de,2
Militärexperte Lange,Militärexperte Lange,PER,-0.0875,0.0,de,2
Habecks Tourismus-Plan,Habecks Tourismus-Plan,PER,-1.0,0.0,de,2
Putin Satanismus,Putin Satanismus,PER,0.0,0.0,de,2
Paris Hilton,Paris Hilton,PER,0.35,0.0,de,2
Vera Wolfskämpf,Vera Wolfskämpf,PER,0.0,0.0,de,2
Jekaterina Schulmann,Jekaterina Schulmann,PER,0.5,0.5,de,2
Angriff Polizei-Einsatz,Angriff Polizei-Einsatz,PER,0.0,0.0,de,2
Donald Trump Teheran,Donald Trump Teheran,PER,0.85,0.0,de,2
Entwicklungsministerin Svenja Schulze,Entwicklungsministerin Svenja Schulze,PER,0.0,0.0,de,2
Lukas Köhler,Lukas Köhler,PER,0.0,0.0,de,2
Thomas Haldenwang,Thomas Haldenwang,PER,-0.5,0.0,de,2
Silke Diettrich,Silke Diettrich,PER,0.0,0.0,de,2
Ali Al Salem,Ali Al Salem,PER,-0.35,0.0,de,2
Altbundeskanzlerin Merkel,Altbundeskanzlerin Merkel,PER,0.0,0.0,de,2
Sophie Passmann,Sophie Passmann,PER,0.0,0.0,de,2
Ökonom Frondel,Ökonom Frondel,PER,-0.5,0.0,de,2
Sebastian Fitzek,Sebastian Fitzek,PER,0.0,0.0,de,2
Basidsch-Kommandeur Soleimani,Basidsch-Kommandeur Soleimani,PER,0.7,0.0,de,2
Merz vs,Merz vs,PER,0.0,0.0,de,2
Grünen-Fraktionschefin Katharina Dröge,Grünen-Fraktionschefin Katharina Dröge,PER,-1.0,0.0,de,2
nan Bundeskanzler,nan Bundeskanzler,PER,-0.5,0.0,de,2
By Patricia Zengerle,By Patricia Zengerle,PER,0.0,0.0,de,2
Wolfgang Schleich,Wolfgang Schleich,PER,0.0,0.0,de,2
Kadri Simson,Kadri Simson,PER,0.35,0.0,de,2
Jean Pütz,Jean Pütz,PER,0.0,0.0,de,2
Isabel Cademartori,Isabel Cademartori,PER,0.0,0.0,de,2
Christian S,Christian S,PER,0.0,0.0,de,2
Wes Streeting,Wes Streeting,PER,-0.5,0.0,de,2
Wladimir Makei,Wladimir Makei,PER,-1.0,0.0,de,2
Sowjetdiktator Stalin,Sowjetdiktator Stalin,PER,0.0,0.0,de,2
Jewgenij Roisman,Jewgenij Roisman,PER,0.35,0.0,de,2
Habecks Grüne,Habecks Grüne,PER,0.0,0.0,de,2
Igor Danchenko,Igor Danchenko,PER,0.0,0.8,de,2
Matthias Döpfner,Matthias Döpfner,PER,0.0,0.0,de,2
Ex-Stürmer Gary Lineker,Ex-Stürmer Gary Lineker,PER,0.0,0.0,de,2
Gary Lineker,Gary Lineker,PER,0.0,0.0,de,2
Kreml-Tyrann Wladimir Putin ,Kreml-Tyrann Wladimir Putin ,PER,-0.05000000000000001,0.16666666666666666,de,2
Enes Kanter,Enes Kanter,PER,0.175,0.75,de,2
Energieminister Wright,Energieminister Wright,PER,0.39999999999999997,0.0,de,2
Minna Ålander,Minna Ålander,PER,-0.5,0.0,de,2
Kenzaburo Oe,Kenzaburo Oe,PER,-1.0,0.0,de,2
Putins Gas-Pipeline,Putins Gas-Pipeline,PER,0.0,0.0,de,2
Klimaschutzminister Habeck,Klimaschutzminister Habeck,PER,0.0,0.0,de,2
Mainova Webhouse,Mainova Webhouse,PER,0.0,0.0,de,2
Angriffe Saudiarabiens,Angriffe Saudiarabiens,PER,0.0,0.0,de,2
Reinhard Bingener,Reinhard Bingener,PER,0.7,0.0,de,2
Sandra Kathe,Sandra Kathe,PER,-0.5,0.0,de,2
Peter Kiedl,Peter Kiedl,PER,0.0,0.0,de,2
Victoria Yakusha,Victoria Yakusha,PER,0.5,0.0,de,2
Welle von Warnstreiks,Welle von Warnstreiks,PER,0.0,0.0,de,2
Ex-EU-Kommissionschef Juncker,Ex-EU-Kommissionschef Juncker,PER,0.0,0.0,de,2
recycleten Sounds,recycleten Sounds,PER,0.0,0.0,de,2
Netanjahus hochumstrittene,Netanjahus hochumstrittene,PER,0.0,0.0,de,2
Ana Frango Elétrico,Ana Frango Elétrico,PER,0.0,0.0,de,2
Cristo Rei,Cristo Rei,PER,0.35,0.0,de,2
Markus Wehner,Markus Wehner,PER,0.7,0.0,de,2
Chinas Machthaber Xi Jinping,Chinas Machthaber Xi Jinping,PER,0.0,0.0,de,2
Tommaso Frattini,Tommaso Frattini,PER,0.7749999999999999,0.0,de,2
Putin-Doppelgänger Aleksandr Orlov,Putin-Doppelgänger Aleksandr Orlov,PER,0.5,0.0,de,2
Russland bombt,Russland bombt,PER,-0.5,0.0,de,2
Margarethe Tiesel,Margarethe Tiesel,PER,0.5,0.0,de,2
Europas Gasspeicher,Europas Gasspeicher,PER,0.0,0.0,de,2
Cheng Li,Cheng Li,PER,-1.0,0.0,de,2
Chinas Regime,Chinas Regime,PER,0.0,0.0,de,2
Vincent Büssow,Vincent Büssow,PER,-0.5,0.0,de,2
Andreas Apetz,Andreas Apetz,PER,-0.5,0.0,de,2
Bertrand Bisimwa,Bertrand Bisimwa,PER,0.0,0.0,de,2
Friedensengel festzukleben,Friedensengel festzukleben,PER,0.0,0.0,de,2
Österreichs Innenminiser Karner,Österreichs Innenminiser Karner,PER,0.0,0.0,de,2
Midea Portasplit,Midea Portasplit,PER,0.35,0.0,de,2
Mario Adorf,Mario Adorf,PER,0.0,0.0,de,2
Wirtschaftsweise Grimm,Wirtschaftsweise Grimm,PER,0.0,0.0,de,2
Bettina Hering,Bettina Hering,PER,0.0,0.0,de,2
Theatermacherin Davydova,Theatermacherin Davydova,PER,0.0,0.0,de,2
Mann kracht,Mann kracht,PER,0.0,0.0,de,2
Merz-Absage zu Hormus-Einsatz,Merz-Absage zu Hormus-Einsatz,PER,-1.0,0.0,de,2
Fluchthelfer Herschel,Fluchthelfer Herschel,PER,-1.0,0.0,de,2
Cathryn Clüver Ashbrook,Cathryn Clüver Ashbrook,PER,0.0,0.0,de,2
Richtwertmieten starkgemacht,Richtwertmieten starkgemacht,PER,0.0,0.0,de,2
Moskaus Kriegskasse,Moskaus Kriegskasse,PER,0.0,0.0,de,2
Christoph Safferling,Christoph Safferling,PER,0.5,0.0,de,2
Gabrielius Landsbergis,Gabrielius Landsbergis,PER,0.0,0.0,de,2
Trump von Putin,Trump von Putin,PER,0.0,0.0,de,2
Klaus-Jürgen Strupp,Klaus-Jürgen Strupp,PER,-0.5,0.0,de,2
Italiens Kabinett,Italiens Kabinett,PER,0.7,0.0,de,2
Ilja Schkolnyj,Ilja Schkolnyj,PER,0.39999999999999997,0.0,de,2
Energieexpertin Uta,Energieexpertin Uta,PER,0.0,0.0,de,2
Trumps Zollschock,Trumps Zollschock,PER,0.7,0.0,de,2
Thomas Schmidt,Thomas Schmidt,PER,0.0,0.0,de,2
Kanu-Olympiasieger Juri Tscheban,Kanu-Olympiasieger Juri Tscheban,PER,1.0,0.0,de,2
Kurt Knispel,Kurt Knispel,PER,0.0,0.0,de,2
Verbraucher Fakten,Verbraucher Fakten,PER,0.0,1.0,de,2
Amy Gutmann,Amy Gutmann,PER,0.0,1.0,de,2
Elisabeth Baume-Schneider,Elisabeth Baume-Schneider,PER,0.5,0.5,de,2
Sven Jablonski,Sven Jablonski,PER,-0.5,0.0,de,2
Saher Alghorra,Saher Alghorra,PER,0.0,0.0,de,2
Andrej Botikow,Andrej Botikow,PER,0.0,0.0,de,2
Lieber Pop,Lieber Pop,PER,0.85,0.0,de,2
Ed Webster,Ed Webster,PER,-1.0,0.0,de,2
Klara Lidén,Klara Lidén,PER,0.0,0.0,de,2
Cafetier Berndt Querfeld,Cafetier Berndt Querfeld,PER,0.0,0.0,de,2
Irene Klemm,Irene Klemm,PER,0.0,1.0,de,2
Jeanine Meerapfel,Jeanine Meerapfel,PER,0.0,0.0,de,2
Microsofts Xbox-Team,Microsofts Xbox-Team,PER,0.0,0.0,de,2
Trump Optionen,Trump Optionen,PER,0.5,0.0,de,2
Klaus Schlichte,Klaus Schlichte,PER,0.0,0.5,de,2
Freie-Wähler-Chef Hubert Aiwanger,Freie-Wähler-Chef Hubert Aiwanger,PER,0.0,0.0,de,2
Margot Käßmann,Margot Käßmann,PER,0.0,0.5,de,2
Majid Khademi,Majid Khademi,PER,0.0,0.0,de,2
Jewgenija Kara-Mursa,Jewgenija Kara-Mursa,PER,0.0,0.0,de,2
Chinas Positionspapier,Chinas Positionspapier,PER,0.0,0.0,de,2
Ines Geipel,Ines Geipel,PER,-0.425,0.0,de,2
Pol Pot,Pol Pot,PER,0.0,0.0,de,2
Rolle Stromspeicher,Rolle Stromspeicher,PER,0.0,0.0,de,2
Robert Zurawski,Robert Zurawski,PER,0.0,0.0,de,2
Roderich Zauscher,Roderich Zauscher,PER,-1.0,0.0,de,2
Martin Hellebrand,Martin Hellebrand,PER,0.0,0.0,de,2
Grünen-Politiker Michael Kellner,Grünen-Politiker Michael Kellner,PER,0.0,1.0,de,2
William Burns,William Burns,PER,0.07500000000000001,0.0,de,2
Newcastle Krankheit,Newcastle Krankheit,PER,0.0,0.0,de,2
Micheil Saakaschwili,Micheil Saakaschwili,PER,0.0,0.0,de,2
Finnlands Ministerpräsidentin,Finnlands Ministerpräsidentin,PER,0.0,1.0,de,2
Alexis Francisco,Alexis Francisco,PER,0.0,0.0,de,2
Ministerpräsidentin Frederiksen,Ministerpräsidentin Frederiksen,PER,1.0,0.0,de,2
picture alli,picture alli,PER,0.0,0.0,de,2
Lee Jae-myung,Lee Jae-myung,PER,0.175,0.25,de,2
Kronprinz Frederik,Kronprinz Frederik,PER,0.0,0.0,de,2
Philip Manow,Philip Manow,PER,0.35,0.0,de,2
CDU-Parteichef Merz,CDU-Parteichef Merz,PER,0.0,0.0,de,2
Lutz Seiler,Lutz Seiler,PER,0.0,0.0,de,2
Hugh White,Hugh White,PER,-0.35,0.0,de,2
Dieselgeneratoren notversorgt,Dieselgeneratoren notversorgt,PER,0.0,0.0,de,2
Markus Hinterhäuser,Markus Hinterhäuser,PER,0.0,0.0,de,2
Angriff von Ehemann,Angriff von Ehemann,PER,0.0,0.0,de,2
Maßnahmen Washingtons,Maßnahmen Washingtons,PER,-1.0,0.0,de,2
Siegfried Wolf,Siegfried Wolf,PER,0.0,0.0,de,2
Nato-Chef Stoltenberg,Nato-Chef Stoltenberg,PER,-0.35,0.0,de,2
Steffen Martus,Steffen Martus,PER,0.0,0.0,de,2
Carlos Spoerhase,Carlos Spoerhase,PER,0.0,0.0,de,2
Barbara Salesch,Barbara Salesch,PER,0.35,0.0,de,2
Mohammed Bagher Solghadr,Mohammed Bagher Solghadr,PER,0.0,0.5,de,2
George Prokopiou,George Prokopiou,PER,-0.07500000000000001,0.0,de,2
Michael Riepl,Michael Riepl,PER,0.0,0.0,de,2
Federers Tipps,Federers Tipps,PER,0.35,0.0,de,2
Jürgen Brater,Jürgen Brater,PER,0.0,0.0,de,2
Linken-Politiker Gregor Gysi,Linken-Politiker Gregor Gysi,PER,0.0,0.0,de,2
Ministerpräsidentin Kaja Kallas,Ministerpräsidentin Kaja Kallas,PER,0.0,0.0,de,2
Ministerpräsidentin Kallas,Ministerpräsidentin Kallas,PER,0.0,0.0,de,2
Estlands Regierungschefin Kaja Kallas,Estlands Regierungschefin Kaja Kallas,PER,0.0,0.0,de,2
Jordan Bardella,Jordan Bardella,PER,0.0,0.0,de,2
Habecks Wärmepumpen-Ideologie,Habecks Wärmepumpen-Ideologie,PER,0.0,0.0,de,2
Andreas S,Andreas S,PER,0.5,0.0,de,2
Luisa Dames,Luisa Dames,PER,0.0,0.0,de,2
Dora Pejaevi,Dora Pejaevi,PER,0.0,0.0,de,2
Christiane Schulzki-Haddouti,Christiane Schulzki-Haddouti,PER,0.7,0.0,de,2
Sascha Lohmann,Sascha Lohmann,PER,0.0,0.0,de,2
Ales Bjaljazki,Ales Bjaljazki,PER,0.0,0.0,de,2
Mein Lieber,Mein Lieber,PER,0.0,0.0,de,2
Marcus Theurer,Marcus Theurer,PER,0.0,0.0,de,2
Joanna Lehner,Joanna Lehner,PER,-0.54,0.0,de,2
Sarah Ferguson,Sarah Ferguson,PER,0.0,0.0,de,2
getötetem Kremlkritiker Nemzow,getötetem Kremlkritiker Nemzow,PER,0.0,0.0,de,2
Christoph Wortmann,Christoph Wortmann,PER,0.0,0.0,de,2
Münchens Erzbischof,Münchens Erzbischof,PER,0.0,0.0,de,2
Andrij Portnow,Andrij Portnow,PER,-0.35,0.0,de,2
Tricia Tuttle,Tricia Tuttle,PER,0.0,0.0,de,2
Deutschland-Besuch Selenskyjs,Deutschland-Besuch Selenskyjs,PER,-0.5,0.0,de,2
Taiwans Verteidigungsministerium,Taiwans Verteidigungsministerium,PER,0.0,0.0,de,2
Swen Hubrich,Swen Hubrich,PER,0.0,0.0,de,2
Peter Kornatz,Peter Kornatz,PER,-0.5,0.0,de,2
Janina Schreiber,Janina Schreiber,PER,0.0,0.0,de,2
Francois Villeroy de GalhauDer,Francois Villeroy de GalhauDer,PER,0.0,0.0,de,2
Andrij Ljubka,Andrij Ljubka,PER,0.0,0.0,de,2
Wolodymyr Kudrytskyj,Wolodymyr Kudrytskyj,PER,0.0,0.0,de,2
Denis Wolkow,Denis Wolkow,PER,0.0,0.0,de,2
Madame Lagarde,Madame Lagarde,PER,0.0,0.0,de,2
George Floyd,George Floyd,PER,-0.5,0.0,de,2
Vizepräsident Vance,Vizepräsident Vance,PER,0.0,0.0,de,2
Yishai Sarid,Yishai Sarid,PER,-0.5,0.0,de,2
Norman Volker Franz,Norman Volker Franz,PER,0.0,0.0,de,2
Putin Gastgeber Widodo,Putin Gastgeber Widodo,PER,0.0,0.0,de,2
Mike Bär,Mike Bär,PER,0.0,0.0,de,2
Lazard Asset,Lazard Asset,PER,-0.35,0.0,de,2
Peter Adrian,Peter Adrian,PER,0.0,0.0,de,2
Ajatollah Ali Chamenei,Ajatollah Ali Chamenei,PER,0.0,0.5,de,2
Axel Ockenfels,Axel Ockenfels,PER,0.0,0.0,de,2
Frans Timmermans,Frans Timmermans,PER,-0.35,0.0,de,2
wärmster Monat,wärmster Monat,PER,0.0,1.0,de,2
Tim Kukral,Tim Kukral,PER,0.0,0.0,de,2
Ali Fathollah-Nejad,Ali Fathollah-Nejad,PER,-0.25,0.0,de,2
Finanztip-Chefredakteur Herrmann-Josef Tenhagen,Finanztip-Chefredakteur Herrmann-Josef Tenhagen,PER,0.0,0.0,de,2
Aleksandar Sarovic,Aleksandar Sarovic,PER,0.0,0.0,de,2
Dimo Wache,Dimo Wache,PER,0.0,0.0,de,2
Gazprom Germania,Gazprom Germania,PER,0.0,0.0,de,2
Dänemarks Energienetz,Dänemarks Energienetz,PER,0.0,0.0,de,2
Regina Ziegler,Regina Ziegler,PER,0.425,0.0,de,2
Matthias Hartmann,Matthias Hartmann,PER,-0.5,0.0,de,2
Tom Brady,Tom Brady,PER,0.0,0.0,de,2
Werner Schulz,Werner Schulz,PER,0.0,0.0,de,2
Paul Krugman,Paul Krugman,PER,-0.35,0.0,de,2
Jürgen Klöckner,Jürgen Klöckner,PER,-0.54,0.0,de,2
Sarah Werner,Sarah Werner,PER,0.35,0.5,de,2
Karsten Hinrichsen,Karsten Hinrichsen,PER,0.35,0.0,de,2
Leroy Sané,Leroy Sané,PER,-0.925,0.0,de,2
Birgit Minichmayr,Birgit Minichmayr,PER,0.0,0.0,de,2
Olaf S,Olaf S,PER,0.0,0.0,de,2
Fraktionschef Vogt,Fraktionschef Vogt,PER,1.0,0.0,de,2
Rolf Müzenich,Rolf Müzenich,PER,0.0,0.0,de,2
Noah Horowitz,Noah Horowitz,PER,-0.2125,0.0,de,2
Robert Habecks Heizungs-Gesetz,Robert Habecks Heizungs-Gesetz,PER,0.0,0.0,de,2
Christian Baldauf,Christian Baldauf,PER,0.0,0.0,de,2
Bundesaußeministerin Baerbock,Bundesaußeministerin Baerbock,PER,0.175,0.0,de,2
Li Shangfu,Li Shangfu,PER,1.0,0.0,de,2
Wladimir Putin loben,Wladimir Putin loben,PER,1.0,0.0,de,2
Kreml-Kritiker Nawalny,Kreml-Kritiker Nawalny,PER,0.0,0.0,de,2
Sudans Westregion,Sudans Westregion,PER,0.7,0.0,de,2
Svitlana Huryn,Svitlana Huryn,PER,0.0,0.0,de,2
Anna Huryn,Anna Huryn,PER,0.0,0.0,de,2
Gisèle Pelicot,Gisèle Pelicot,PER,0.0,0.0,de,2
Ex-Präsident Bolsonaro,Ex-Präsident Bolsonaro,PER,0.0,1.0,de,2
Wladimir Medinskij,Wladimir Medinskij,PER,0.0,0.0,de,2
SPD-Fraktionschef Mützenich,SPD-Fraktionschef Mützenich,PER,0.35,0.0,de,2
Russische Söldner,Russische Söldner,PER,0.0,0.0,de,2
Messina Denaro,Messina Denaro,PER,0.35,0.5,de,2
Tom Shovals,Tom Shovals,PER,0.0,0.0,de,2
Herr Pleye,Herr Pleye,PER,0.7,0.0,de,2
Sun Chenghao,Sun Chenghao,PER,0.0,0.0,de,2
Chinas Xi,Chinas Xi,PER,-0.15000000000000002,0.0,de,2
Rixa Fürsen,Rixa Fürsen,PER,0.0,0.0,de,2
Katrin Böhning-Gaese,Katrin Böhning-Gaese,PER,0.0,0.0,de,2
Celsius Fieber,Celsius Fieber,PER,0.0,0.0,de,2
Aldi Süd,Aldi Süd,PER,0.0,0.0,de,2
Hochrangiger US-Beamter,Hochrangiger US-Beamter,PER,0.0,0.0,de,2
Hendrik Ebert,Hendrik Ebert,PER,0.0,0.0,de,2
Wells Fargo,Wells Fargo,PER,0.425,0.0,de,2
Maxim Timtschenko,Maxim Timtschenko,PER,0.0,0.0,de,2
André Birner,André Birner,PER,0.0,0.0,de,2
Joachim Klement,Joachim Klement,PER,0.0,0.0,de,2
Vitali Klitschko Deutschland,Vitali Klitschko Deutschland,PER,0.7,0.0,de,2
Georg Restle,Georg Restle,PER,0.35,0.0,de,2
Luca Guadagnino,Luca Guadagnino,PER,0.35,0.0,de,2
Olaf Sch,Olaf Sch,PER,-0.175,0.0,de,2
Sarah Gaier,Sarah Gaier,PER,0.0,0.0,de,2
Oligarch Medwedtschuk,Oligarch Medwedtschuk,PER,0.0,0.0,de,2
Jan Eike Dunkhase,Jan Eike Dunkhase,PER,0.0,0.5,de,2
Ulrike Herrmann,Ulrike Herrmann,PER,0.0,1.0,de,2
Algemeen Dagblad,Algemeen Dagblad,PER,0.7,0.0,de,2
Gert Gawellek,Gert Gawellek,PER,0.35,0.0,de,2
Landeschef Aiwanger,Landeschef Aiwanger,PER,-0.7,0.0,de,2
Trumps Kurs Europas,Trumps Kurs Europas,PER,0.0,0.0,de,2
Andreas Jödecke,Andreas Jödecke,PER,0.0,0.0,de,2
sorgenvoller Miene,sorgenvoller Miene,PER,0.0,0.0,de,2
Infantinos Rücktritt,Infantinos Rücktritt,PER,0.0,0.0,de,2
lu pel,lu pel,PER,0.0,0.0,de,2
Nina Barth,Nina Barth,PER,0.0,0.0,de,2
Peter Wörner,Peter Wörner,PER,0.7,0.0,de,2
Israels Botschafter,Israels Botschafter,PER,0.0,0.0,de,2
Angriffe Russlands,Angriffe Russlands,PER,-0.5,0.0,de,2
Ex-Kremlchef Dmitri Medwedew,Ex-Kremlchef Dmitri Medwedew,PER,-0.35,0.0,de,2
Eiza González,Eiza González,PER,1.0,0.0,de,2
Klaus Josef Lutz,Klaus Josef Lutz,PER,-0.7,0.0,de,2
Anatoli Nogowizyn,Anatoli Nogowizyn,PER,-0.575,0.0,de,2
Fidel Castro,Fidel Castro,PER,1.0,0.0,de,2
Chinas Staatsoberhaupt Xi,Chinas Staatsoberhaupt Xi,PER,0.0,0.0,de,2
Aisha Al-Qahtani,Aisha Al-Qahtani,PER,0.0,0.0,de,2
Xi Putin,Xi Putin,PER,0.7,0.0,de,2
Bewohner Chersons,Bewohner Chersons,PER,0.0,0.0,de,2
Amazons Alexa-Abteilung,Amazons Alexa-Abteilung,PER,0.0,0.0,de,2
Bob Chapek,Bob Chapek,PER,0.0,0.0,de,2
Walt Disney,Walt Disney,PER,0.0,0.0,de,2
Chinas Friedensinitiative,Chinas Friedensinitiative,PER,0.0,0.0,de,2
Bundestagspräsidentin Klöckner,Bundestagspräsidentin Klöckner,PER,0.0,0.0,de,2
China Putin,China Putin,PER,0.0,0.0,de,2
Nick Leeson,Nick Leeson,PER,-0.35,0.0,de,2
Habecks Heizungs-Versprechen,Habecks Heizungs-Versprechen,PER,0.0,0.0,de,2
Herbert Grönemeyer,Herbert Grönemeyer,PER,0.5,0.0,de,2
Budapest Geiselnahme,Budapest Geiselnahme,PER,0.0,0.0,de,2
Max Serie,Max Serie,PER,0.0,0.0,de,2
Philipp Max,Philipp Max,PER,0.35,0.0,de,2
Mimi Kraus,Mimi Kraus,PER,0.35,0.5,de,2
Karl Marx,Karl Marx,PER,0.5,0.0,de,2
Ganna Muromtseva,Ganna Muromtseva,PER,0.0,0.0,de,2
Historikerin Christina Morina,Historikerin Christina Morina,PER,0.0,0.0,de,2
Heinz Schimmelbusch,Heinz Schimmelbusch,PER,1.0,0.0,de,2
Europas Gasmarkt,Europas Gasmarkt,PER,0.7,0.0,de,2
Bundesinnenminister Alexande,Bundesinnenminister Alexande,PER,0.0,0.0,de,2
Henna Virkkunen,Henna Virkkunen,PER,0.0,0.0,de,2
Neu-Sportdirektor Schröder,Neu-Sportdirektor Schröder,PER,0.0,0.0,de,2
Aileen Barratt,Aileen Barratt,PER,0.0,0.0,de,2
Deponie Büttelborn,Deponie Büttelborn,PER,0.0,0.0,de,2
Georg Kofler,Georg Kofler,PER,0.35,0.0,de,2
Daniel Grieder,Daniel Grieder,PER,1.0,0.0,de,2
Jack Ryan,Jack Ryan,PER,0.0,0.0,de,2
Tom Clancy,Tom Clancy,PER,0.0,0.0,de,2
Spitzenkandidat Hagel,Spitzenkandidat Hagel,PER,0.7,0.0,de,2
Donald Trump Iran,Donald Trump Iran,PER,0.0,0.0,de,2
Josephine Vetter,Josephine Vetter,PER,0.35,0.0,de,2
CDU-Politiker Schäuble,CDU-Politiker Schäuble,PER,0.0,0.0,de,2
Frauke Fischer,Frauke Fischer,PER,0.0,0.0,de,2
Luke Skywalker,Luke Skywalker,PER,0.07500000000000001,0.0,de,2
Schwedens NATO-Beitritt,Schwedens NATO-Beitritt,PER,-0.5,0.0,de,2
Mario Mehren,Mario Mehren,PER,0.35,0.0,de,2
Regierungschefin Meloni,Regierungschefin Meloni,PER,0.0,0.0,de,2
Robert Habecks Antwort,Robert Habecks Antwort,PER,0.0,0.0,de,2
Stevan Jovetic,Stevan Jovetic,PER,0.0,0.0,de,2
Dodi Lukebakio,Dodi Lukebakio,PER,0.0,0.0,de,2
Wilfried Kanga,Wilfried Kanga,PER,0.0,0.0,de,2
Hertha-Coach Sandro Schwarz,Hertha-Coach Sandro Schwarz,PER,0.7,0.0,de,2
Bayerns Wirtschaftsminister Hubert Aiwanger,Bayerns Wirtschaftsminister Hubert Aiwanger,PER,0.0,0.0,de,2
Bruno Labbadia,Bruno Labbadia,PER,0.0,0.0,de,2
Maryna Ziuskina,Maryna Ziuskina,PER,0.0,0.0,de,2
Philippe Rogge,Philippe Rogge,PER,-0.48124999999999996,0.0,de,2
Bernd Hirschl,Bernd Hirschl,PER,0.09999999999999998,0.0,de,2
Problemviertel Harlem,Problemviertel Harlem,PER,0.0,0.0,de,2
Henning Jeschke,Henning Jeschke,PER,-0.5,0.0,de,2
Wang Yi bei Russlands,Wang Yi bei Russlands,PER,0.0,1.0,de,2
Amtskollege Schoigu,Amtskollege Schoigu,PER,0.0,0.0,de,2
Katja Losch,Katja Losch,PER,0.0,0.0,de,2
Jordaniens Luftraum,Jordaniens Luftraum,PER,0.2583333333333333,0.0,de,2
Claudia Sheinbaum,Claudia Sheinbaum,PER,-0.35,0.0,de,2
Irans Antwort,Irans Antwort,PER,-0.35,0.0,de,2
Hans Henny Jahnn,Hans Henny Jahnn,PER,0.0,0.0,de,2
Andreas Schell,Andreas Schell,PER,0.0,0.0,de,2
Friedrich Bungert,Friedrich Bungert,PER,0.0,0.0,de,2
Dehoga-Chefin Ingrid Hartges,Dehoga-Chefin Ingrid Hartges,PER,0.0,0.0,de,2
Friedensnobelpreisträgerin Matwijtschuk,Friedensnobelpreisträgerin Matwijtschuk,PER,0.0,0.0,de,2
uullaeu Vuekeueupe,uullaeu Vuekeueupe,PER,0.7,0.0,de,2
Duma-Chef Wolodin,Duma-Chef Wolodin,PER,-0.35,0.0,de,2
Olaf Scho,Olaf Scho,PER,0.0,0.0,de,2
Manuela Rottmann,Manuela Rottmann,PER,0.0,0.0,de,2
Vitali Klitschko ,Vitali Klitschko ,PER,0.0,0.0,de,2
Kassem al-Kadri,Kassem al-Kadri,PER,0.7,0.0,de,2
Francis Fukuyama,Francis Fukuyama,PER,0.0,0.0,de,2
Tadzio Müller,Tadzio Müller,PER,1.0,0.0,de,2
Haruhiko Kuroda,Haruhiko Kuroda,PER,0.35,0.0,de,2
Anita Anand,Anita Anand,PER,0.0,0.0,de,2
Trumps Machtspiele,Trumps Machtspiele,PER,-0.175,0.0,de,2
Henry Kissinger,Henry Kissinger,PER,0.0,0.0,de,2
Gases Kohlendioxid,Gases Kohlendioxid,PER,0.0,1.0,de,2
Marina Bondas,Marina Bondas,PER,0.0,0.0,de,2
Andrej Medwedjew,Andrej Medwedjew,PER,1.0,0.0,de,2
Lukas Bärfuss,Lukas Bärfuss,PER,0.0,0.0,de,2
Selenskyj Kremlchef,Selenskyj Kremlchef,PER,-1.0,0.0,de,2
Mafiaboss Messina Denaro,Mafiaboss Messina Denaro,PER,0.7,0.0,de,2
Brad Cooper,Brad Cooper,PER,-1.0,0.0,de,2
Hanno Pevkur,Hanno Pevkur,PER,0.0,0.0,de,2
Moldaus Geheimdienst,Moldaus Geheimdienst,PER,-1.0,0.0,de,2
Roman Goncharenko,Roman Goncharenko,PER,0.0,0.0,de,2
Schoigu Änderungen,Schoigu Änderungen,PER,0.7,0.0,de,2
Ex-Bundeskanzler Schröder,Ex-Bundeskanzler Schröder,PER,-0.35,0.0,de,2
Liveblog Fußball-WM,Liveblog Fußball-WM,PER,0.0,0.0,de,2
Zohran Mamdani,Zohran Mamdani,PER,0.0,0.0,de,2
Torontos Bürgermeist,Torontos Bürgermeist,PER,0.0,0.0,de,2
Ueleelelk plup,Ueleelelk plup,PER,0.7,0.0,de,2
pep Beekl,pep Beekl,PER,0.0,0.0,de,2
Pender Ventures,Pender Ventures,PER,0.0,0.0,de,2
Dmitri Pesk,Dmitri Pesk,PER,0.0,0.0,de,2
Ulrich Schneider,Ulrich Schneider,PER,0.0,0.0,de,2
Michael Fabricius,Michael Fabricius,PER,0.35,0.0,de,2
Daniel Wetzel,Daniel Wetzel,PER,0.35,0.0,de,2
Gerlinde Groitl,Gerlinde Groitl,PER,0.0,0.0,de,2
eam zua,eam zua,PER,0.0,0.0,de,2
Christopher Seiler,Christopher Seiler,PER,0.5,0.0,de,2
Thomas Brandstetter,Thomas Brandstetter,PER,0.5,0.0,de,2
Kurt Volker,Kurt Volker,PER,-0.5,0.0,de,2
Muhammad Yunus,Muhammad Yunus,PER,0.5,0.0,de,2
Inka von Puttkamer,Inka von Puttkamer,PER,0.0,0.0,de,2
Michael Jäger,Michael Jäger,PER,0.0,0.0,de,2
Star-Regisseur Roland Emmerich,Star-Regisseur Roland Emmerich,PER,0.0,0.0,de,2
Ernst Weidenbusch,Ernst Weidenbusch,PER,-1.0,0.0,de,2
Erwin Blumenthal,Erwin Blumenthal,PER,0.0,0.0,de,2
Matthias Warnig,Matthias Warnig,PER,0.0,0.0,de,2
Christine Bela,Christine Bela,PER,0.0,0.0,de,2
Hollywood-Star Jane Fonda,Hollywood-Star Jane Fonda,PER,0.0,0.0,de,2
Richard Lugner,Richard Lugner,PER,0.0,0.0,de,2
Louis Klamroth,Louis Klamroth,PER,-0.5,0.0,de,2
Stefan Schleicher,Stefan Schleicher,PER,0.0,0.0,de,2
Irans Militär,Irans Militär,PER,0.0,0.0,de,2
Iepelu Zettel,Iepelu Zettel,PER,0.0,0.0,de,2
Ble GtlOepevean,Ble GtlOepevean,PER,0.0,0.0,de,2
Tetiana Kovalchuk,Tetiana Kovalchuk,PER,0.0,0.0,de,2
Teherans Antwort,Teherans Antwort,PER,-0.425,0.0,de,2
Trumps Waffenruhe,Trumps Waffenruhe,PER,0.0,0.0,de,2
Matthias Handel,Matthias Handel,PER,0.0,0.0,de,2
Oliver Bäte,Oliver Bäte,PER,0.0,0.0,de,2
Lilia Becker,Lilia Becker,PER,0.0,0.0,de,2
Rüdiger Linhof,Rüdiger Linhof,PER,0.0,0.0,de,2
Linken-Fraktionschef Bartsch,Linken-Fraktionschef Bartsch,PER,0.0,0.0,de,2
Teufel Airy,Teufel Airy,PER,0.0,0.0,de,2
Chris Hipkins,Chris Hipkins,PER,0.0,0.0,de,2
Geopolitik-Experte Klemens Fischer,Geopolitik-Experte Klemens Fischer,PER,0.35,0.0,de,2
Balkrishna Vithaldas Doshi,Balkrishna Vithaldas Doshi,PER,-0.25,0.25,de,2
Lukas Podolski,Lukas Podolski,PER,0.0,0.0,de,2
Ex-UN-Richter Schomburg,Ex-UN-Richter Schomburg,PER,0.0,0.0,de,2
Roland Weißmann,Roland Weißmann,PER,0.0,0.0,de,2
Euro Gewerbesteuer,Euro Gewerbesteuer,PER,0.0,0.0,de,2
Michael St,Michael St,PER,0.5,0.0,de,2
Bruno Latour,Bruno Latour,PER,0.0,0.0,de,2
Heizt man,Heizt man,PER,0.7,0.0,de,2
Staatsministerin Claudia Roth,Staatsministerin Claudia Roth,PER,0.0,0.0,de,2
Yasmina Reza,Yasmina Reza,PER,0.0,0.0,de,2
Zhenya W,Zhenya W,PER,0.0,0.0,de,2
Peter Vorhofer,Peter Vorhofer,PER,0.0,0.0,de,2
Christopher Vogt,Christopher Vogt,PER,0.0,0.0,de,2
Thomas Massie,Thomas Massie,PER,0.0,0.0,de,2
Jon Prosser,Jon Prosser,PER,0.037500000000000006,0.2,de,2
Mark Gurman,Mark Gurman,PER,0.037500000000000006,0.2,de,2
Landtags-Fraktionschef Vogt,Landtags-Fraktionschef Vogt,PER,0.7,0.0,de,2
Ming-Chi Kuo,Ming-Chi Kuo,PER,0.037500000000000006,0.2,de,2
Putins Waffenruhe-Vorschlag,Putins Waffenruhe-Vorschlag,PER,0.0,0.0,de,2
Holger Lengfeld,Holger Lengfeld,PER,0.5,0.0,de,2
Oksana Sabuschko,Oksana Sabuschko,PER,0.0,0.0,de,2
Cody Gakpo,Cody Gakpo,PER,0.0,0.0,de,2
al Jaber,al Jaber,PER,0.0,0.0,de,2
Subrahmanyam Jaishankar,Subrahmanyam Jaishankar,PER,0.0,0.0,de,2
Schwarzmeerhalbinsel Krim,Schwarzmeerhalbinsel Krim,PER,-1.0,0.0,de,2
Ian Bremmer,Ian Bremmer,PER,0.0,0.0,de,2
Angela Titzrath,Angela Titzrath,PER,0.0,0.5,de,2
Yurii Udaltsov,Yurii Udaltsov,PER,0.0,0.0,de,2
Paul Gerhardt,Paul Gerhardt,PER,0.0,0.0,de,2
Daniel Stickan,Daniel Stickan,PER,0.0,0.0,de,2
Ben Succow,Ben Succow,PER,-0.35,0.0,de,2
Bundestagspräsidentin Bärbel Bas,Bundestagspräsidentin Bärbel Bas,PER,0.35,0.0,de,2
Bettina Anderson,Bettina Anderson,PER,0.0,0.0,de,2
Kirill Serebrennikov,Kirill Serebrennikov,PER,0.7,0.0,de,2
Moritz Serif,Moritz Serif,PER,0.0,0.0,de,2
Wirtschaftsweise Malmendier,Wirtschaftsweise Malmendier,PER,0.0,0.0,de,2
Michail Mischustin,Michail Mischustin,PER,0.0,0.0,de,2
Michael Carrick,Michael Carrick,PER,0.0,0.0,de,2
Teherans Revolutionsgarden,Teherans Revolutionsgarden,PER,-0.35,0.0,de,2
Sicherheitsexpertin Major,Sicherheitsexpertin Major,PER,1.0,0.0,de,2
Natalia Gavrilita,Natalia Gavrilita,PER,0.0,0.0,de,2
Bundestags-Vize Göring-Eckardt,Bundestags-Vize Göring-Eckardt,PER,1.0,0.0,de,2
Iwan Fjodorow,Iwan Fjodorow,PER,0.0,0.0,de,2
Joseph Goebbels,Joseph Goebbels,PER,0.0,0.0,de,2
Bill Pulte,Bill Pulte,PER,0.0,0.0,de,2
Tatjana Moskalkowa,Tatjana Moskalkowa,PER,0.0,0.0,de,2
Rainer Sigl,Rainer Sigl,PER,0.7,0.0,de,2
Klimaforscher Schellnhuber,Klimaforscher Schellnhuber,PER,0.0,0.0,de,2
Joanna Zwierzchowska,Joanna Zwierzchowska,PER,0.0,0.0,de,2
Mona Neubaur,Mona Neubaur,PER,0.0,0.0,de,2
Gianluigi Aponte,Gianluigi Aponte,PER,0.0,0.0,de,2
Franz von Hunoltstein,Franz von Hunoltstein,PER,0.0,0.0,de,2
FDP-Vize Kubicki,FDP-Vize Kubicki,PER,0.5,0.0,de,2
Rettungsschiffen Häfen,Rettungsschiffen Häfen,PER,0.0,0.0,de,2
Militärökonom Keupp,Militärökonom Keupp,PER,0.0,0.0,de,2
Baerbock Äthiopien,Baerbock Äthiopien,PER,0.0,0.0,de,2
Robert Guest,Robert Guest,PER,0.0,0.0,de,2
Parteichef Merz,Parteichef Merz,PER,0.0,0.0,de,2
Moskaus Botschafter,Moskaus Botschafter,PER,0.0,0.0,de,2
Jörg Dittrich,Jörg Dittrich,PER,0.35,0.0,de,2
Edmund Phelps,Edmund Phelps,PER,0.0,0.0,de,2
Commerzbank-Chefvolkswirt Jörg Krämer,Commerzbank-Chefvolkswirt Jörg Krämer,PER,0.0,0.0,de,2
Maurice Höfgen,Maurice Höfgen,PER,-1.0,0.0,de,2
Christian Bruch,Christian Bruch,PER,0.0,0.5,de,2
Walter Posch,Walter Posch,PER,0.0,0.0,de,2
Jalal J,Jalal J,PER,0.5,0.0,de,2
Wagner-Gründer Jewgeni Prigoschin,Wagner-Gründer Jewgeni Prigoschin,PER,0.0,0.0,de,2
Exits des Tages,Exits des Tages,PER,-0.7,0.0,de,2
Polina Fedorenko,Polina Fedorenko,PER,0.0,0.0,de,2
Marx mahnt,Marx mahnt,PER,-0.525,0.0,de,2
Daryna Gladun,Daryna Gladun,PER,0.0,0.0,de,2
VfL-Coach Dieter Hecking,VfL-Coach Dieter Hecking,PER,-0.7,0.0,de,2
Thomas Wiegold,Thomas Wiegold,PER,0.175,0.25,de,2
Hendrik Kirsten,Hendrik Kirsten,PER,0.0,0.0,de,2
Niklas Kirk,Niklas Kirk,PER,0.0,0.0,de,2
Sebastian Richter,Sebastian Richter,PER,-0.35,0.0,de,2
Dieter Hecking,Dieter Hecking,PER,-1.0,0.0,de,2
Akku Staubsauger,Akku Staubsauger,PER,0.0,0.0,de,2
Moskaus Marineflieger,Moskaus Marineflieger,PER,0.0,0.0,de,2
Gregor Schwung,Gregor Schwung,PER,0.7,0.0,de,2
Donald Trump am Sonntag,Donald Trump am Sonntag,PER,0.0,0.0,de,2
Judith Kuckart,Judith Kuckart,PER,0.0,0.0,de,2
Marc Felix Serrao,Marc Felix Serrao,PER,0.0,0.0,de,2
Markwayne Mullin,Markwayne Mullin,PER,0.0,0.0,de,2
Verbund-Chef Michael Strugl,Verbund-Chef Michael Strugl,PER,0.35,0.0,de,2
Iryna Wereschtschuk,Iryna Wereschtschuk,PER,0.5,0.0,de,2
US-Vizepräsidentin Harris,US-Vizepräsidentin Harris,PER,0.0,0.0,de,2
Kylian Mbappé,Kylian Mbappé,PER,-0.07500000000000001,0.0,de,2
trans Frauen,trans Frauen,PER,0.7,0.0,de,2
Gennadi Sjuganow,Gennadi Sjuganow,PER,0.0,0.0,de,2
Guy Laron,Guy Laron,PER,-1.0,0.0,de,2
Kai Küstner,Kai Küstner,PER,0.0,0.0,de,2
Sara Weber,Sara Weber,PER,0.0,0.0,de,2
Alison Schultz,Alison Schultz,PER,0.0,0.0,de,2
Roger Cox,Roger Cox,PER,0.85,0.0,de,2
Daniel Libeskinds,Daniel Libeskinds,PER,0.0,0.0,de,2
Nato-Gipfel Milliardenversprechen,Nato-Gipfel Milliardenversprechen,PER,0.0,0.0,de,2
Mahdieh Esfandiari,Mahdieh Esfandiari,PER,-0.35,0.0,de,2
Axel Spilcker,Axel Spilcker,PER,0.0,0.0,de,2
Stephan Grunwald,Stephan Grunwald,PER,-0.35,0.0,de,2
Tim Lobinger,Tim Lobinger,PER,-0.95,0.0,de,2
Liveblog Xi Jinping,Liveblog Xi Jinping,PER,-0.425,0.0,de,2
Adnan Vatansever,Adnan Vatansever,PER,0.35,0.0,de,2
Amir Ghalenoei,Amir Ghalenoei,PER,0.7,0.0,de,2
Gideon Saar,Gideon Saar,PER,1.0,0.0,de,2
Bojan Pancevski,Bojan Pancevski,PER,0.0,0.0,de,2
Markus Braun,Markus Braun,PER,0.0,0.0,de,2
China Laser-Angriff,China Laser-Angriff,PER,0.0,0.0,de,2
Martina Riedl,Martina Riedl,PER,0.0,0.5,de,2
Frank Smets,Frank Smets,PER,0.0,0.0,de,2
Sven Schulze,Sven Schulze,PER,0.0,0.0,de,2
Mann leicht,Mann leicht,PER,-1.0,0.0,de,2
Klimaforscher Mojib Latif,Klimaforscher Mojib Latif,PER,-0.5,0.0,de,2
Nina Bussek,Nina Bussek,PER,0.7,0.0,de,2
Matija Pecotic,Matija Pecotic,PER,0.0,0.0,de,2
Kevin Rittberger,Kevin Rittberger,PER,-1.0,0.0,de,2
Moskaus Antwort,Moskaus Antwort,PER,0.0,0.0,de,2
Vizeaußenminister Kasem Gharibabadi,Vizeaußenminister Kasem Gharibabadi,PER,0.0,0.0,de,2
Jean Asselborn,Jean Asselborn,PER,-0.35,0.0,de,2
Ulrike Kirchhoff von Haus,Ulrike Kirchhoff von Haus,PER,-0.7,0.0,de,2
Daniela Thiesen,Daniela Thiesen,PER,0.0,0.0,de,2
Jan Jessen,Jan Jessen,PER,0.0,0.0,de,2
Thomas Piketty,Thomas Piketty,PER,0.5,0.0,de,2
Ernst Nobs,Ernst Nobs,PER,0.0,0.4,de,2
Olivier Assayas,Olivier Assayas,PER,-0.5,0.0,de,2
Christian Kunsch,Christian Kunsch,PER,0.0,0.0,de,2
Wolfram Günther,Wolfram Günther,PER,0.0,0.0,de,2
Robert Marien,Robert Marien,PER,0.0,0.0,de,2
Kateryna Onishchenko,Kateryna Onishchenko,PER,0.5,0.0,de,2
Isabel Fargo,Isabel Fargo,PER,0.0,0.0,de,2
Kremlin aide,Kremlin aide,PER,0.0,0.0,de,2
Michael Ludwig,Michael Ludwig,PER,-0.35,0.0,de,2
Kirill Beresin,Kirill Beresin,PER,-0.5,0.0,de,2
Paolo Merloni,Paolo Merloni,PER,0.0,0.0,de,2
Ankerkraut Gewürze,Ankerkraut Gewürze,PER,-0.35,0.0,de,2
Trump Fortschritte,Trump Fortschritte,PER,0.5,0.0,de,2
appgefahren Ticker,appgefahren Ticker,PER,0.0,0.0,de,2
Edgar Walk,Edgar Walk,PER,0.0,0.0,de,2
Mario Jüngling Köln,Mario Jüngling Köln,PER,0.125,0.75,de,2
Wadim Jermolajew,Wadim Jermolajew,PER,-0.75,0.25,de,2
Gareth Southgate,Gareth Southgate,PER,0.0,0.0,de,2
Oleksandr Seredin,Oleksandr Seredin,PER,0.0,0.0,de,2
Anthony Blinken,Anthony Blinken,PER,-0.35,0.4,de,2
Peter Magyar,Peter Magyar,PER,0.0,0.0,de,2
Ralf Fährmann,Ralf Fährmann,PER,0.5,0.0,de,2
Marion Dönhoff,Marion Dönhoff,PER,0.0,0.0,de,2
Miguel Berger,Miguel Berger,PER,0.0,1.0,de,2
Matthias Nawrats Roman,Matthias Nawrats Roman,PER,1.0,0.0,de,2
Christian Bläul,Christian Bläul,PER,-0.35,0.0,de,2
Gesine Dornblüth,Gesine Dornblüth,PER,0.0,0.0,de,2
Ukraine Krieg,Ukraine Krieg,PER,0.5,0.0,de,2
Tim Marshall,Tim Marshall,PER,0.5,0.0,de,2
Lukaschenko stockt,Lukaschenko stockt,PER,0.7,0.0,de,2
Avril Haines,Avril Haines,PER,0.35,0.0,de,2
Livestream zu Putins,Livestream zu Putins,PER,0.0,0.0,de,2
Seymour Hersh,Seymour Hersh,PER,0.35,0.0,de,2
Sabine Mauderer,Sabine Mauderer,PER,-0.5,0.0,de,2
Sergej Aksjonow,Sergej Aksjonow,PER,0.0,0.5,de,2
Michael Baminger,Michael Baminger,PER,0.35,0.0,de,2
Ex-Staatschef Radew,Ex-Staatschef Radew,PER,0.9,0.0,de,2
Minu Barati,Minu Barati,PER,-0.5,0.0,de,2
Finnegan Downie Dear,Finnegan Downie Dear,PER,0.0,0.0,de,2
Trumps Iran-Offensive,Trumps Iran-Offensive,PER,0.0,0.0,de,2
Rolf Lohmann,Rolf Lohmann,PER,0.0,0.0,de,2
Premier Viktor Orbán,Premier Viktor Orbán,PER,0.35,0.0,de,2
Björn Alexander,Björn Alexander,PER,0.5,0.0,de,2
Eva Kaili,Eva Kaili,PER,0.0,0.0,de,2
Michail Saakaschwili,Michail Saakaschwili,PER,0.0,0.0,de,2
Aschab al-Jamin al-Islamija,Aschab al-Jamin al-Islamija,PER,-0.35,0.0,de,2
Homer Simpson,Homer Simpson,PER,0.0,0.0,de,2
Ex-Vorstandschef Braun,Ex-Vorstandschef Braun,PER,0.0,0.0,de,2
Dirk Kunde,Dirk Kunde,PER,0.7,0.0,de,2
Volkswirt Holger Schmieding,Volkswirt Holger Schmieding,PER,0.0,0.0,de,2
Edgardo Greco,Edgardo Greco,PER,0.5,0.0,de,2
Ruth Schöneberger,Ruth Schöneberger,PER,0.0,0.0,de,2
Europas Notenbank,Europas Notenbank,PER,0.925,0.0,de,2
Thüringens Einzelhändler,Thüringens Einzelhändler,PER,-0.7,0.0,de,2
Michael Meister,Michael Meister,PER,0.0,0.0,de,2
Oliver Bierhoff,Oliver Bierhoff,PER,0.0,0.0,de,2
Alexander Newsorow,Alexander Newsorow,PER,0.0,0.0,de,2
Benjamin Fricke,Benjamin Fricke,PER,0.0,0.0,de,2
Semjon Skrepetski,Semjon Skrepetski,PER,0.0,0.0,de,2
Ronya Othmann,Ronya Othmann,PER,0.6666666666666666,0.3333333333333333,de,2
Judith Herzberg,Judith Herzberg,PER,0.6666666666666666,0.3333333333333333,de,2
Karikaturen von Russlands,Karikaturen von Russlands,PER,0.0,0.0,de,2
pro-iranischer Milizen,pro-iranischer Milizen,PER,0.0,0.0,de,2
Denis Puschilin,Denis Puschilin,PER,0.0,0.0,de,2
Daniel Koop,Daniel Koop,PER,0.35,0.0,de,2
Jan Köppen,Jan Köppen,PER,0.0,0.0,de,2
Kari Heerman,Kari Heerman,PER,-1.0,0.0,de,2
David Wessel,David Wessel,PER,-1.0,0.0,de,2
Norwegens Staatsfonds,Norwegens Staatsfonds,PER,-0.35,0.5,de,2
Putins Kalkül,Putins Kalkül,PER,0.0,0.0,de,2
Atommeilers Tihange,Atommeilers Tihange,PER,-0.55,0.16666666666666666,de,2
Genforscher Craig,Genforscher Craig,PER,0.0,0.0,de,2
Liveblog Paragraf,Liveblog Paragraf,PER,0.7125,0.0,de,2
Raúl Semmler,Raúl Semmler,PER,0.0,0.5,de,2
Wolfgang Schaller,Wolfgang Schaller,PER,-0.5,0.0,de,2
Anton Lang,Anton Lang,PER,0.0,0.0,de,2
Furkan Sari,Furkan Sari,PER,0.0,0.0,de,2
Pawel Filatjew,Pawel Filatjew,PER,0.0,0.5,de,2
Carmen Bandt,Carmen Bandt,PER,0.7,0.0,de,2
André Koppers,André Koppers,PER,0.7,0.0,de,2
Alexandr Nowak,Alexandr Nowak,PER,0.325,0.0,de,2
Klima-Podcast Gradmesser,Klima-Podcast Gradmesser,PER,0.0,0.0,de,2
Sergij Bortnyk,Sergij Bortnyk,PER,0.0,0.0,de,2
Denisa Sakova,Denisa Sakova,PER,0.35,0.0,de,2
Claudia Kornmeier,Claudia Kornmeier,PER,0.0,0.0,de,2
Stray Fawn,Stray Fawn,PER,0.0,0.0,de,2
Dyson Zone,Dyson Zone,PER,0.0,0.0,de,2
Wiktor But,Wiktor But,PER,0.0,0.0,de,2
Michael Götschenberg,Michael Götschenberg,PER,0.0,0.0,de,2
Dagmar Rosenfeld,Dagmar Rosenfeld,PER,0.0,0.0,de,2
Linken-Politikerin Sahra Wagenknecht,Linken-Politikerin Sahra Wagenknecht,PER,0.0,0.0,de,2
Rudolf Scharping,Rudolf Scharping,PER,0.0,0.0,de,2
Max Coga,Max Coga,PER,-0.5,0.0,de,2
Kate Brandt,Kate Brandt,PER,0.0,0.0,de,2
Ivanka Trump,Ivanka Trump,PER,0.0,0.0,de,2
Mustafa Karakoc,Mustafa Karakoc,PER,0.0,0.0,de,2
Naftali Bennett,Naftali Bennett,PER,0.5,0.0,de,2
Bettina Jarasch,Bettina Jarasch,PER,0.0,0.0,de,2
Grünen-Spitzenkandidatin Bettina Jarasch,Grünen-Spitzenkandidatin Bettina Jarasch,PER,0.0,0.0,de,2
Verdi-Chef Werneke,Verdi-Chef Werneke,PER,0.7,0.0,de,2
Begoña Gómez,Begoña Gómez,PER,0.175,0.0,de,2
Bettina Stark-Watzinger,Bettina Stark-Watzinger,PER,0.11666666666666665,0.0,de,2
Jochen Tack,Jochen Tack,PER,0.0,0.0,de,2
Oberbayerns Landräte,Oberbayerns Landräte,PER,0.0,1.0,de,2
Teherans Chefunterhändler,Teherans Chefunterhändler,PER,1.0,0.0,de,2
Yalda Zamani,Yalda Zamani,PER,0.07500000000000001,0.0,de,2
Katharina Delling,Katharina Delling,PER,0.0,0.0,de,2
Sarah Frühauf,Sarah Frühauf,PER,0.0,0.0,de,2
Alan Greenspan,Alan Greenspan,PER,0.85,0.0,de,2
Oleksandra Matwijtschuk,Oleksandra Matwijtschuk,PER,0.7,0.0,de,2
Wolfgang Maria Weber,Wolfgang Maria Weber,PER,0.0,0.0,de,2
Fred Kaplan,Fred Kaplan,PER,0.0,0.0,de,2
Charles Spence,Charles Spence,PER,0.0,0.0,de,2
Lou Ortenzio,Lou Ortenzio,PER,0.35,0.0,de,2
Heinz Rudolf Kunze,Heinz Rudolf Kunze,PER,1.0,0.0,de,2
Gloria-Sophie Burkandt,Gloria-Sophie Burkandt,PER,0.0,0.0,de,2
Angeschlagener Erdoğan,Angeschlagener Erdoğan,PER,0.0,0.0,de,2
Rastislav Kacer,Rastislav Kacer,PER,0.0,0.0,de,2
Matthias Geissbühler,Matthias Geissbühler,PER,0.0,0.0,de,2
Sophie Schuhmacher,Sophie Schuhmacher,PER,0.0,0.0,de,2
Marco Wehr,Marco Wehr,PER,0.0,0.0,de,2
Martin Griffiths,Martin Griffiths,PER,0.0,0.0,de,2
Pipeline Druschba,Pipeline Druschba,PER,0.0,0.0,de,2
Gabriele Radl,Gabriele Radl,PER,0.0,0.0,de,2
Petersberger Klimadialog,Petersberger Klimadialog,PER,-0.35,0.0,de,2
Ingmar Pering,Ingmar Pering,PER,0.3333333333333333,0.0,de,2
Johann Steuerer,Johann Steuerer,PER,0.35,0.0,de,2
daheim Lausanne-Sport,daheim Lausanne-Sport,PER,-0.7,0.0,de,2
Renzo Piano,Renzo Piano,PER,0.0,0.0,de,2
Oppositionschef Samura Kamar,Oppositionschef Samura Kamar,PER,0.0,0.0,de,2
Klima-Aktivistin Neubauer,Klima-Aktivistin Neubauer,PER,0.0,0.0,de,2
François Fillon,François Fillon,PER,0.5,0.0,de,2
Alfred Platow,Alfred Platow,PER,-0.5,0.0,de,2
Andrej Babiš,Andrej Babiš,PER,0.0,0.0,de,2
Grünen-Politikerin Lübcke,Grünen-Politikerin Lübcke,PER,0.0,0.0,de,2
Samuel Vlcan,Samuel Vlcan,PER,0.0,0.0,de,2
Berti Kolbow-Lehradt,Berti Kolbow-Lehradt,PER,0.7,0.0,de,2
La Niña,La Niña,PER,0.0,0.0,de,2
Stephan Krenz,Stephan Krenz,PER,0.0,0.0,de,2
Julia Wagner,Julia Wagner,PER,-0.7,0.0,de,2
Snizhana Ozeryanaya,Snizhana Ozeryanaya,PER,0.425,0.0,de,2
Bruno Le M,Bruno Le M,PER,0.0,0.4,de,2
Frank Hiller,Frank Hiller,PER,0.0,0.0,de,2
Eric Schmidt,Eric Schmidt,PER,0.0,0.0,de,2
Alexander Hoffmann,Alexander Hoffmann,PER,0.0,0.0,de,2
verflüssigtes Erdgas,verflüssigtes Erdgas,PER,0.35,0.0,de,2
Wladimir Putin Terror,Wladimir Putin Terror,PER,0.25,0.0,de,2
klimaschädlichem Kohlenstoffdioxid,klimaschädlichem Kohlenstoffdioxid,PER,0.0,0.0,de,2
By Phil Stewart,By Phil Stewart,PER,0.0,0.0,de,2
Anja Rath,Anja Rath,PER,0.85,0.0,de,2
Josef Stalins,Josef Stalins,PER,0.5,0.0,de,2
SPD-Politiker Gerhard Schröder,SPD-Politiker Gerhard Schröder,PER,1.0,0.0,de,2
Andrii Aloshyn,Andrii Aloshyn,PER,1.0,0.0,de,2
John Carmack,John Carmack,PER,0.0,0.0,de,2
Altbundespräsident Gauck,Altbundespräsident Gauck,PER,-0.5,0.0,de,2
Pablo Escobar Europas,Pablo Escobar Europas,PER,0.0,0.0,de,2
Leonid Iwaschow,Leonid Iwaschow,PER,0.0,0.0,de,2
Ali Zarei,Ali Zarei,PER,-1.0,0.0,de,2
Ekrem I,Ekrem I,PER,-0.5,0.0,de,2
Gesamtmetall-Chef Stefan Wolf,Gesamtmetall-Chef Stefan Wolf,PER,-0.7,0.0,de,2
Armin Schuster,Armin Schuster,PER,0.0,0.0,de,2
Stromnetzexperte Kai Hufendiek,Stromnetzexperte Kai Hufendiek,PER,-0.11666666666666665,0.0,de,2
Miren Bengoa,Miren Bengoa,PER,0.0,1.0,de,2
Clan-Chef Sammy Miri,Clan-Chef Sammy Miri,PER,1.0,0.0,de,2
Kernbrennstoffe von Sanktionen,Kernbrennstoffe von Sanktionen,PER,0.0,0.0,de,2
Wolodimir Sel,Wolodimir Sel,PER,0.0,0.0,de,2
Sohn von Kremlsprecher Peskow,Sohn von Kremlsprecher Peskow,PER,0.0,0.0,de,2
Hermann Winkler,Hermann Winkler,PER,-0.5,0.0,de,2
Jeff Recker,Jeff Recker,PER,0.0,0.0,de,2
Sadio Mané,Sadio Mané,PER,0.0,0.0,de,2
Kiew Schulbusse,Kiew Schulbusse,PER,0.7,0.0,de,2
Vattenfalls Fernwärmegeschäft,Vattenfalls Fernwärmegeschäft,PER,0.0,0.0,de,2
Dževad Karahasan,Dževad Karahasan,PER,0.0,0.0,de,2
Israels Regierungschef Netanjahu,Israels Regierungschef Netanjahu,PER,0.0,0.0,de,2
Maximilian Röttger,Maximilian Röttger,PER,0.0,0.0,de,2
Michael Eifler,Michael Eifler,PER,0.0,0.0,de,2
Europas Klimakommissar Timmermans,Europas Klimakommissar Timmermans,PER,-1.0,0.0,de,2
Krisen-Experte Frank Roselieb,Krisen-Experte Frank Roselieb,PER,0.425,0.0,de,2
Oleksandr Prokudin,Oleksandr Prokudin,PER,0.0,0.0,de,2
Clemens Wergin,Clemens Wergin,PER,0.7,0.0,de,2
Ratcliffs Gespräche,Ratcliffs Gespräche,PER,0.0,0.0,de,2
Winter-Zugang Jovan Milosevic,Winter-Zugang Jovan Milosevic,PER,0.0,0.0,de,2
Tyrannosaurus Rex,Tyrannosaurus Rex,PER,0.7,0.0,de,2
Mahsa Amini,Mahsa Amini,PER,0.35,0.0,de,2
Valeria Shashenok,Valeria Shashenok,PER,0.0,0.0,de,2
Bidesh Kamar,Bidesh Kamar,PER,0.0,0.0,de,2
Cilia Flores,Cilia Flores,PER,0.0,0.0,de,2
Audi-Chef Duesmann,Audi-Chef Duesmann,PER,0.0,0.0,de,2
Olesia Krivtsova,Olesia Krivtsova,PER,0.0,0.0,de,2
Ralf Schuler,Ralf Schuler,PER,0.0,0.0,de,2
Gérald Darmanin,Gérald Darmanin,PER,0.0,0.0,de,2
Bundesanwaltschaft Ermittlungsverfahren,Bundesanwaltschaft Ermittlungsverfahren,PER,0.0,0.0,de,2
CIA-Chef John Ratcliffe,CIA-Chef John Ratcliffe,PER,0.35,0.0,de,2
Sarah Mullally,Sarah Mullally,PER,0.0,0.0,de,2
Mario Nachtigall,Mario Nachtigall,PER,0.0,0.5,de,2
Denis Kapustin,Denis Kapustin,PER,0.5,0.0,de,2
Atle Staalesen,Atle Staalesen,PER,0.0,0.0,de,2
Jesus Christus,Jesus Christus,PER,0.0,0.0,de,2
Harald Wilhelm,Harald Wilhelm,PER,0.0,0.5,de,2
Michael Vassiliadis,Michael Vassiliadis,PER,0.35,0.0,de,2
Matwi Bidni,Matwi Bidni,PER,0.0,0.0,de,2
Viktor Babariko,Viktor Babariko,PER,0.0,0.0,de,2
Elnaz Rekabi,Elnaz Rekabi,PER,0.5,0.0,de,2
Michael Leiters,Michael Leiters,PER,0.35,0.5,de,2
Swiss Re,Swiss Re,PER,0.2125,0.0,de,2
Mathieu Saint-Louis,Mathieu Saint-Louis,PER,0.0,0.0,de,2
Tymur Tkatschenko,Tymur Tkatschenko,PER,0.0,0.0,de,2
Liga-Rekordtorschütze Alexander Owetschkin,Liga-Rekordtorschütze Alexander Owetschkin,PER,0.7,0.0,de,2
Raffinerie Schwedt,Raffinerie Schwedt,PER,0.0,0.0,de,2
Kreml-Despot Wladimir Putin,Kreml-Despot Wladimir Putin,PER,-1.0,0.0,de,2
Oliver Kahn,Oliver Kahn,PER,0.0,0.0,de,2
Wolodymyr Selenski,Wolodymyr Selenski,PER,0.35,0.0,de,2
Finanz-Geschäftsführer Stephan Schippers,Finanz-Geschäftsführer Stephan Schippers,PER,0.0,0.0,de,2
Gitanas Nausda,Gitanas Nausda,PER,0.0,0.0,de,2
Ruja Ignatova,Ruja Ignatova,PER,-0.7,0.0,de,2
Arno Antlitz,Arno Antlitz,PER,0.0,0.0,de,2
"Siegfried"" von Antonia Baum","Siegfried"" von Antonia Baum",PER,1.0,0.0,de,2
Frank Kendall,Frank Kendall,PER,0.0,0.0,de,2
Gavin Newsom,Gavin Newsom,PER,-0.5,0.0,de,2
Michelle Bowman,Michelle Bowman,PER,-0.175,0.0,de,2
Spitzenkandidatin Schulze,Spitzenkandidatin Schulze,PER,0.25,0.5,de,2
Angriff Kiews,Angriff Kiews,PER,0.0,0.0,de,2
Memorial-Mitgründerin Scherbakowa,Memorial-Mitgründerin Scherbakowa,PER,0.0,0.0,de,2
Alexander Lapin,Alexander Lapin,PER,0.0,0.0,de,2
Funk Atomschläge,Funk Atomschläge,PER,0.0,0.0,de,2
Forschungsministerin Stark-Watzinger,Forschungsministerin Stark-Watzinger,PER,0.0,0.0,de,2
Newsblog zum Nahost-Krieg,Newsblog zum Nahost-Krieg,PER,0.0,0.0,de,2
Eva Lys,Eva Lys,PER,0.35,0.0,de,2
Konflikt USA-Iran,Konflikt USA-Iran,PER,0.0,0.0,de,2
Jenny Barke,Jenny Barke,PER,0.0,0.0,de,2
Lemkes Vorstoß,Lemkes Vorstoß,PER,0.0,0.0,de,2
Alexander Throm,Alexander Throm,PER,-0.35,0.0,de,2
Chairman von Masdar,Chairman von Masdar,PER,-0.5,0.0,de,2
Bill Clinton,Bill Clinton,PER,0.0,0.0,de,2
Arman Soldin,Arman Soldin,PER,0.0,0.0,de,2
Trumps Minister,Trumps Minister,PER,-0.7,0.0,de,2
David Lawder,David Lawder,PER,0.0,0.0,de,2
Robert Schwarz,Robert Schwarz,PER,0.7,0.0,de,2
Grünen-Mitglied Reinhold Messner,Grünen-Mitglied Reinhold Messner,PER,0.0,0.0,de,2
Sicherheitsratsvize Dmitri Medwedew,Sicherheitsratsvize Dmitri Medwedew,PER,0.35,0.0,de,2
Céline Marangé,Céline Marangé,PER,0.0,0.0,de,2
Alexander Lorz,Alexander Lorz,PER,-0.5,0.0,de,2
Dirk Hoppe,Dirk Hoppe,PER,0.0,0.0,de,2
Deutschlands Bergsteiger-Ikone,Deutschlands Bergsteiger-Ikone,PER,0.0,0.0,de,2
Liveblog Selenskyj,Liveblog Selenskyj,PER,0.5,0.0,de,2
Staatsministerin Reem Alabali-Radovan,Staatsministerin Reem Alabali-Radovan,PER,0.0,0.0,de,2
Fritz Varenholt,Fritz Varenholt,PER,0.0,0.0,de,2
Mittelstreckenrakete Oreschnik,Mittelstreckenrakete Oreschnik,PER,0.0,0.0,de,2
Lukas Hässig,Lukas Hässig,PER,0.35,0.0,de,2
Ölpipeline Druschba,Ölpipeline Druschba,PER,-0.425,0.0,de,2
Radomyr Stelmakh,Radomyr Stelmakh,PER,-0.5,0.0,de,2
Giovanni di Lorenzo,Giovanni di Lorenzo,PER,0.0,0.0,de,2
NATO chief Stoltenberg,NATO chief Stoltenberg,PER,0.0,0.0,de,2
Sascha Schalk,Sascha Schalk,PER,0.0,0.0,de,2
Maybritt Illner,Maybritt Illner,PER,0.5,0.0,de,2
Ratspräsident Michel,Ratspräsident Michel,PER,0.0,0.0,de,2
Ex-Polizeichef Vasques,Ex-Polizeichef Vasques,PER,0.0,0.0,de,2
Kemal Kilicdaroglu,Kemal Kilicdaroglu,PER,0.0,0.0,de,2
dick einmummeln,dick einmummeln,PER,-0.7,0.0,de,2
Sergej Tschepikow,Sergej Tschepikow,PER,0.0,0.0,de,2
SPD-Chefin Saskia,SPD-Chefin Saskia,PER,-0.35,0.0,de,2
Trumps Grönland-Zölle,Trumps Grönland-Zölle,PER,0.0,0.0,de,2
Ella Reed,Ella Reed,PER,0.725,0.125,de,2
Fjodor Dostojewskis,Fjodor Dostojewskis,PER,-1.0,0.0,de,2
Hannah Ritchie,Hannah Ritchie,PER,-0.35,0.0,de,2
Weidel Brutal-Kritik,Weidel Brutal-Kritik,PER,0.0,0.0,de,2
Denny Gerhard K,Denny Gerhard K,PER,0.0,0.0,de,2
Rita Flores,Rita Flores,PER,0.0,0.0,de,2
Russland-Expertin Céline Marangé,Russland-Expertin Céline Marangé,PER,-0.7,0.0,de,2
Laurent Vinatier,Laurent Vinatier,PER,0.0,0.0,de,2
Blackout Kiews,Blackout Kiews,PER,0.0,0.0,de,2
Gerhard Trabert,Gerhard Trabert,PER,0.175,0.25,de,2
Mohammed Bagher Ghalibaf,Mohammed Bagher Ghalibaf,PER,-0.35,0.0,de,2
Macht Wladimir Putin,Macht Wladimir Putin,PER,0.0,0.0,de,2
Eva Lermer,Eva Lermer,PER,0.0,0.0,de,2
Alan Joyce,Alan Joyce,PER,0.0,0.0,de,2
Robert Browdi,Robert Browdi,PER,0.0,0.0,de,2
Julia Smirnova,Julia Smirnova,PER,-0.35,0.0,de,2
Manuel Frondel,Manuel Frondel,PER,0.0,0.0,de,2
Ludovic Magnin,Ludovic Magnin,PER,0.7,0.0,de,2
Europas Gasinfrastruktur-Betreiber,Europas Gasinfrastruktur-Betreiber,PER,0.0,0.0,de,2
Andreas Silbersack,Andreas Silbersack,PER,1.0,0.0,de,2
Arno Antlitz lau,Arno Antlitz lau,PER,0.0,0.0,de,2
Paul Jens,Paul Jens,PER,0.0,0.0,de,2
transphober Angriff,transphober Angriff,PER,0.0,0.0,de,2
Barbara Junge,Barbara Junge,PER,0.0,0.0,de,2
Erdogans Wiederwahl,Erdogans Wiederwahl,PER,-0.5,0.0,de,2
Mycle Schneider,Mycle Schneider,PER,0.35,0.0,de,2
Sahap Kavcioglu,Sahap Kavcioglu,PER,0.35,0.0,de,2
Alexander Rosenbaum,Alexander Rosenbaum,PER,1.0,0.0,de,2
Trumps Erpressung,Trumps Erpressung,PER,0.0,0.0,de,2
Igor Kobsew,Igor Kobsew,PER,0.0,0.0,de,2
Moldaus Energiepreise,Moldaus Energiepreise,PER,-1.0,0.0,de,2
Martin KrengelDer,Martin KrengelDer,PER,0.0,1.0,de,2
Lion Hirth,Lion Hirth,PER,0.0,0.0,de,2
Martin Damian,Martin Damian,PER,0.0,1.0,de,2
Stefan Erdweg,Stefan Erdweg,PER,-0.5,0.0,de,2
Peter Frankopan,Peter Frankopan,PER,0.7,0.0,de,2
Wepa-Chef Martin Krengel,Wepa-Chef Martin Krengel,PER,0.7,0.0,de,2
Feri-Vorstand Heinz-Werner Rapp,Feri-Vorstand Heinz-Werner Rapp,PER,-1.0,0.0,de,2
Robert Peters,Robert Peters,PER,0.0,0.5,de,2
Olaf Scholz ,Olaf Scholz ,PER,0.0,0.5,de,2
Madlen Müller,Madlen Müller,PER,0.0,1.0,de,2
Ulf Gehrckens,Ulf Gehrckens,PER,0.7999999999999999,0.0,de,2
Wladimir Putin Beratern,Wladimir Putin Beratern,PER,-1.0,0.0,de,2
Daniel Stucki,Daniel Stucki,PER,0.7,0.0,de,2
Fridays-for-Future-Aktivistin Neubauer,Fridays-for-Future-Aktivistin Neubauer,PER,0.0,0.0,de,2
Aliko Dangote,Aliko Dangote,PER,0.0,0.0,de,2
Alexandra Sdoukou,Alexandra Sdoukou,PER,0.7,0.0,de,2
Martin Krengel,Martin Krengel,PER,0.0,1.0,de,2
Hochhaus von der Ukraine,Hochhaus von der Ukraine,PER,1.0,0.0,de,2
Jörg Quoos,Jörg Quoos,PER,-0.35,0.0,de-DE,2
Premier Burnham,Premier Burnham,PER,0.0,0.0,de,2
Albrecht Reinhardt,Albrecht Reinhardt,PER,-0.5,0.0,de,2
Margaret Atwood,Margaret Atwood,PER,0.5,0.0,de,2
E-Autos deutli,E-Autos deutli,PER,0.7,0.0,de,1
Einspruch Podcasts,Einspruch Podcasts,PER,0.0,0.0,de,1
Matthias Sa,Matthias Sa,PER,0.0,0.0,de,1
Florian Reiter,Florian Reiter,PER,0.0,0.0,de,1
Felix Lange,Felix Lange,PER,0.0,0.0,de,1
Energie-Trainer Claus-Dieter,Energie-Trainer Claus-Dieter,PER,1.0,0.0,de,1
antisowjetischen Ressentiments,antisowjetischen Ressentiments,PER,1.0,0.0,de,1
Lars Ricken,Lars Ricken,PER,0.7,0.0,de,1
Gerhard Struber,Gerhard Struber,PER,0.0,0.0,de,1
Francesco Galtieri,Francesco Galtieri,PER,0.0,0.0,de,1
Vodaphone Business,Vodaphone Business,PER,0.0,0.0,de,1
Israel Verstoß,Israel Verstoß,PER,0.0,0.0,de,1
Oberkommando Reserven,Oberkommando Reserven,PER,0.0,0.0,de,1
Palina Milling,Palina Milling,PER,0.0,0.0,de,1
Deutschlands Handballerinnen,Deutschlands Handballerinnen,PER,1.0,0.0,de,1
Merz’ Kriegsrhetorik,Merz’ Kriegsrhetorik,PER,0.0,0.0,de,1
Michael Houben,Michael Houben,PER,0.0,0.0,de,1
deutsch-iranische Filmproduzentin,deutsch-iranische Filmproduzentin,PER,-1.0,0.0,de,1
Trumps Abkommen,Trumps Abkommen,PER,0.0,0.0,de,1
Moritz Pompl,Moritz Pompl,PER,0.0,0.0,de,1
Bernd Baumann,Bernd Baumann,PER,0.0,1.0,de,1
Maxim Kruglow,Maxim Kruglow,PER,0.0,0.0,de,1
Michael Zetterer,Michael Zetterer,PER,0.7,0.0,de,1
Valentin Pikul,Valentin Pikul,PER,0.0,0.0,de,1
Enzo Ferrari,Enzo Ferrari,PER,0.0,0.0,de,1
Martin Scurr,Martin Scurr,PER,0.0,0.0,de,1
Frank Plate,Frank Plate,PER,0.0,0.0,de,1
Andrej Krajuschkin der Mann,Andrej Krajuschkin der Mann,PER,0.0,0.0,de,1
Chinas Atomwaffen,Chinas Atomwaffen,PER,0.0,0.0,de,1
Christian Krachts,Christian Krachts,PER,0.0,0.0,de,1
Wohnungsmarkt Rhein-Main,Wohnungsmarkt Rhein-Main,PER,0.0,0.0,de,1
Mario Kohle,Mario Kohle,PER,0.0,0.0,de,1
Ukraine Geheimdienstinformationen,Ukraine Geheimdienstinformationen,PER,0.0,0.0,de,1
Juri Schljusar,Juri Schljusar,PER,0.0,0.0,de,1
Trumps Waffenruhe-Vorschlag,Trumps Waffenruhe-Vorschlag,PER,0.0,0.0,de,1
Trumps Umfeld,Trumps Umfeld,PER,0.7,0.0,de,1
Agentur Tasnim,Agentur Tasnim,PER,0.0,0.0,de,1
Peter Dausend© ,Peter Dausend© ,PER,-0.7,0.0,de,1
Ileana Grabitz,Ileana Grabitz,PER,-0.7,0.0,de,1
Sergej Mitrochin,Sergej Mitrochin,PER,0.7,0.0,de,1
Kreml-Dikator Wladimir Putin,Kreml-Dikator Wladimir Putin,PER,0.0,0.0,de,1
Adelheid Wöl,Adelheid Wöl,PER,0.0,0.0,de,1
Linken-Politiker Dietmar Bartsch,Linken-Politiker Dietmar Bartsch,PER,0.0,0.0,de,1
Sarah Adam,Sarah Adam,PER,0.54,0.0,de,1
Trumps Waffenruhe-Plan,Trumps Waffenruhe-Plan,PER,0.0,0.0,de,1
Donald Trump Unterhändler,Donald Trump Unterhändler,PER,0.0,0.0,de,1
Kellogg von Friedensgespräche,Kellogg von Friedensgespräche,PER,0.0,0.0,de,1
Vize-Präsident JD Vance,Vize-Präsident JD Vance,PER,0.7,0.0,de,1
Trumps Wiedereinzug,Trumps Wiedereinzug,PER,0.0,0.0,de,1
Greenspans Vermächtnis,Greenspans Vermächtnis,PER,0.0,1.0,de,1
Pistorius Trumps,Pistorius Trumps,PER,0.7,0.0,de,1
Putins Kriegswahl,Putins Kriegswahl,PER,0.0,0.0,de,1
Frankreichs Atomkraftwerken,Frankreichs Atomkraftwerken,PER,0.0,0.0,de,1
Herbert Quandt Medien-Preises,Herbert Quandt Medien-Preises,PER,0.0,0.0,de,1
will Sicherheitsabkommen,will Sicherheitsabkommen,PER,0.7,0.0,de,1
Dmitri Talantow,Dmitri Talantow,PER,0.0,0.0,de,1
Agrarminister Hauk,Agrarminister Hauk,PER,0.0,0.0,de,1
Mitternacht Flugabwehrfeuer,Mitternacht Flugabwehrfeuer,PER,0.0,0.0,de,1
Herbert Quandt Medien-Preis,Herbert Quandt Medien-Preis,PER,0.0,0.0,de,1
Oscar-Preisträger Pitt,Oscar-Preisträger Pitt,PER,0.0,0.0,de,1
Stefan Quandt,Stefan Quandt,PER,0.0,0.0,de,1
Sergei Aksjonow,Sergei Aksjonow,PER,0.0,0.0,de,1
Ehefrau von Sánchez,Ehefrau von Sánchez,PER,0.0,0.0,de,1
Eduard Schonow,Eduard Schonow,PER,0.0,0.0,de,1
Frank Beckmann,Frank Beckmann,PER,0.7,0.0,de,1
Donald Trumps Sieg,Donald Trumps Sieg,PER,0.0,0.8,de,1
Mark Carney Justin Trudeau,Mark Carney Justin Trudeau,PER,0.0,0.0,de,1
Costas Kabinettschef,Costas Kabinettschef,PER,0.0,0.0,de,1
beispiellosem Börsenabsturz,beispiellosem Börsenabsturz,PER,0.0,0.0,de,1
Bastian Schröter,Bastian Schröter,PER,-0.7,0.0,de,1
Rafael Grossi Irans,Rafael Grossi Irans,PER,0.0,0.0,de,1
Mark Carney,Mark Carney,PER,0.7,0.0,de,1
Ex-Nationalspieler Dietmar Hamann,Ex-Nationalspieler Dietmar Hamann,PER,-1.0,0.0,de,1
Helga Schmid,Helga Schmid,PER,0.0,0.0,de,1
Marc Schetelig,Marc Schetelig,PER,-0.7,0.0,de,1
Christoph Müller,Christoph Müller,PER,-0.7,0.0,de,1
Keith Kelloggs,Keith Kelloggs,PER,1.0,0.0,de,1
Friedrich Merz Geduld,Friedrich Merz Geduld,PER,0.0,0.0,de,1
Per Erlass,Per Erlass,PER,0.0,0.0,de,1
Donald Trumps Ruf,Donald Trumps Ruf,PER,0.0,0.0,de,1
Joachim Müller-Jung,Joachim Müller-Jung,PER,0.0,0.0,de,1
kühlst du Innenräume ,kühlst du Innenräume ,PER,0.7,0.0,de,1
Konzept Grünen,Konzept Grünen,PER,0.0,0.0,de,1
Content Commerce Dyson,Content Commerce Dyson,PER,0.6,0.0,de,1
Russland-Experte Gustav Gressel,Russland-Experte Gustav Gressel,PER,0.0,0.0,de,1
Marco Baldi,Marco Baldi,PER,0.0,0.0,de,1
Investmentstrage Reza Darius Montassér,Investmentstrage Reza Darius Montassér,PER,0.0,0.0,de,1
Issa Remmo,Issa Remmo,PER,0.0,0.0,de,1
kühlst du Innenräumen,kühlst du Innenräumen,PER,0.0,0.0,de,1
Cornelia Poletto,Cornelia Poletto,PER,1.0,0.0,de,1
Pedro Calles,Pedro Calles,PER,0.0,0.0,de,1
Rob Jetten,Rob Jetten,PER,0.0,0.0,de,1
Kiryat Shmona,Kiryat Shmona,PER,0.0,0.0,de,1
Herbert Zimmermann,Herbert Zimmermann,PER,0.0,0.0,de,1
Putin erneu,Putin erneu,PER,0.0,0.0,de,1
Ministerpräsidentin Julia Syrydenk,Ministerpräsidentin Julia Syrydenk,PER,0.0,0.0,de,1
Faktencheck zu Carlson-Vorwurf,Faktencheck zu Carlson-Vorwurf,PER,0.0,0.0,de,1
Japans Leitzins,Japans Leitzins,PER,0.0,0.0,de,1
Holger Engelmann,Holger Engelmann,PER,0.0,0.0,de,1
Treasury Secretary Scott,Treasury Secretary Scott,PER,0.0,0.0,de,1
Achim Sawall,Achim Sawall,PER,0.7,0.0,de,1
Hessens Landtagspräsidentin,Hessens Landtagspräsidentin,PER,-0.7,0.0,de,1
Marius Krösser,Marius Krösser,PER,0.0,0.0,de,1
Everett Pachmann,Everett Pachmann,PER,0.85,0.0,de,1
Nordkoreas Atomprogramm,Nordkoreas Atomprogramm,PER,0.7,0.0,de,1
Lukas Vlcek,Lukas Vlcek,PER,0.0,0.0,de,1
Trumps Ansicht,Trumps Ansicht,PER,0.0,0.0,de,1
Andrej Zacharow,Andrej Zacharow,PER,-0.7,0.0,de,1
Trumps Weltpolitik,Trumps Weltpolitik,PER,0.0,0.0,de,1
Niko Karasek,Niko Karasek,PER,-0.7,0.0,de,1
Schahid Substantiv,Schahid Substantiv,PER,0.0,0.0,de,1
Asdika al-Marid,Asdika al-Marid,PER,0.0,0.0,de,1
Jahja Saree,Jahja Saree,PER,1.0,0.0,de,1
Said Saleh,Said Saleh,PER,0.0,0.0,de,1
Donald Trump w,Donald Trump w,PER,0.0,0.0,de,1
Trump-Verbündeter Tucker Carlson,Trump-Verbündeter Tucker Carlson,PER,0.0,0.0,de,1
Keir Starm,Keir Starm,PER,0.0,0.0,de,1
Maksym Jakowljew,Maksym Jakowljew,PER,0.0,0.0,de,1
Macron-Besuch Wirtschaftsgespräche,Macron-Besuch Wirtschaftsgespräche,PER,0.0,0.0,de,1
Landtagspräsidentin Ulrike Liedtke,Landtagspräsidentin Ulrike Liedtke,PER,0.0,0.0,de,1
Filipp Dzyadko,Filipp Dzyadko,PER,0.0,0.0,de,1
Mann von Brücke,Mann von Brücke,PER,-1.0,0.0,de,1
Boomendes Waffengeschäft,Boomendes Waffengeschäft,PER,0.0,1.0,de,1
Wladislaw Subok,Wladislaw Subok,PER,1.0,0.0,de,1
Alexander Gabujew,Alexander Gabujew,PER,0.0,0.0,de,1
Ingeborg Bachmann,Ingeborg Bachmann,PER,0.7,0.0,de,1
Mohammed Eslami,Mohammed Eslami,PER,-1.0,0.0,de,1
Herbert Rabl,Herbert Rabl,PER,0.0,0.0,de,1
Pinguine kopfvoran,Pinguine kopfvoran,PER,0.7,0.0,de,1
Salalah geplan,Salalah geplan,PER,0.0,0.0,de,1
Selina Berner,Selina Berner,PER,-0.7,0.0,de,1
Andrea Fopp,Andrea Fopp,PER,-0.7,0.0,de,1
Andreas Berger,Andreas Berger,PER,0.0,0.0,de,1
Selenskyjs Spezialwaffe,Selenskyjs Spezialwaffe,PER,0.0,0.0,de,1
Mitte-Nationalrat Markus Ritter,Mitte-Nationalrat Markus Ritter,PER,0.0,0.0,de,1
Ali Khamen,Ali Khamen,PER,-0.2333333333333333,0.0,de,1
Aktienkurs von Rheinmetall,Aktienkurs von Rheinmetall,PER,0.0,0.0,de,1
Baschar al-Assads,Baschar al-Assads,PER,0.0,0.0,de,1
Alexander Drosdenko,Alexander Drosdenko,PER,-1.0,0.0,de,1
Vladimir Putin by telephone for nearly 90 minutes,Vladimir Putin by telephone for nearly 90 minutes,PER,0.0,0.0,de,1
Jan Marsaleks Spionagering,Jan Marsaleks Spionagering,PER,0.0,0.0,de,1
Pavel Antov,Pavel Antov,PER,1.0,0.0,de,1
Vanya Gaberova,Vanya Gaberova,PER,1.0,0.0,de,1
Kurden-Anführer Öcalan,Kurden-Anführer Öcalan,PER,0.0,0.0,de,1
Yuri Ush,Yuri Ush,PER,0.0,0.0,de,1
EZB-Direktoriumsmitglied Isabel Schnabel,EZB-Direktoriumsmitglied Isabel Schnabel,PER,0.0,0.0,de,1
Mark Zuckerberg,Mark Zuckerberg,PER,0.0,0.0,de,1
Carsten Reymann,Carsten Reymann,PER,-0.5,0.5,de,1
Jahrestag von Putins,Jahrestag von Putins,PER,0.0,0.0,de,1
Naomi Campbells Sixpack-Flirt,Naomi Campbells Sixpack-Flirt,PER,0.0,0.0,de,1
Russlandfachmann Gressel,Russlandfachmann Gressel,PER,0.0,0.0,de,1
Fürsten Donskoi,Fürsten Donskoi,PER,1.0,0.0,de,1
Trumps Verhandlungspläne,Trumps Verhandlungspläne,PER,-0.175,0.25,de,1
Maria Malm,Maria Malm,PER,0.85,0.0,de,1
Schwedens Außenministerin,Schwedens Außenministerin,PER,0.85,0.0,de,1
Loïs Openda,Loïs Openda,PER,0.0,0.0,de,1
Supermodel Naomi Campbell,Supermodel Naomi Campbell,PER,0.0,1.0,de,1
Ober-Mullah Ali,Ober-Mullah Ali,PER,0.0,0.0,de,1
Heißer Mittwoch,Heißer Mittwoch,PER,0.7,0.0,de,1
Moskaus Luftangriffe,Moskaus Luftangriffe,PER,-0.7,0.0,de,1
Sportdirektor Rouven Schröde,Sportdirektor Rouven Schröde,PER,0.0,0.0,de,1
Christian Titz,Christian Titz,PER,0.0,0.0,de,1
Trumps Äußerungen,Trumps Äußerungen,PER,-1.0,0.0,de,1
China Hackerangriff,China Hackerangriff,PER,0.0,0.0,de,1
Unions-Kanzlerkandidat Friedrich Merz ,Unions-Kanzlerkandidat Friedrich Merz ,PER,0.0,0.0,de,1
Brandenburgs Energieministerin,Brandenburgs Energieministerin,PER,-0.85,0.0,de,1
Trumps Ukraine-Kurswechsel,Trumps Ukraine-Kurswechsel,PER,0.0,0.0,de,1
Anduril Dive-LD,Anduril Dive-LD,PER,0.7,0.0,de,1
Kim Yong Hyun wu,Kim Yong Hyun wu,PER,0.0,0.0,de,1
Liveblog Irans Außenministerium,Liveblog Irans Außenministerium,PER,0.0,0.0,de,1
Volker Depkat,Volker Depkat,PER,0.0,0.0,de,1
Erdogans Revolver-Geschenk,Erdogans Revolver-Geschenk,PER,-1.0,0.0,de,1
Zwangspsychiatrie für Kreml-Kritiker,Zwangspsychiatrie für Kreml-Kritiker,PER,0.0,0.0,de,1
Großbritanniens Atomkraft-Treue,Großbritanniens Atomkraft-Treue,PER,0.0,0.0,de,1
Raise Summit,Raise Summit,PER,0.0,0.0,de,1
Etappe konn,Etappe konn,PER,0.0,0.0,de,1
Enric Mas,Enric Mas,PER,1.0,0.0,de,1
Einbrecher von Hauseigentümer,Einbrecher von Hauseigentümer,PER,0.0,0.0,de,1
russlandfreundlichem Ukraine-Vorstoß,russlandfreundlichem Ukraine-Vorstoß,PER,0.0,0.0,de,1
Daniel V,Daniel V,PER,0.0,0.0,de,1
Vipul Ved Prakash,Vipul Ved Prakash,PER,0.0,0.0,de,1
Todesfälle von Migranten,Todesfälle von Migranten,PER,0.0,1.0,de,1
Thomas Schwartz,Thomas Schwartz,PER,0.0,0.0,de,1
Susanne Gaschke,Susanne Gaschke,PER,0.0,0.0,de,1
Jasper von Altenbockum,Jasper von Altenbockum,PER,0.0,0.0,de,1
Heike Göbel,Heike Göbel,PER,0.0,0.0,de,1
Amerikas Antwort,Amerikas Antwort,PER,0.0,0.0,de,1
Apex Recordhunter,Apex Recordhunter,PER,0.0,0.0,de,1
Yoon Suk Yeol Verfassungsbruch,Yoon Suk Yeol Verfassungsbruch,PER,0.0,0.0,de,1
Todesfolge schu,Todesfolge schu,PER,-1.0,0.0,de,1
Christine Wunnicke Troll-Geschichten,Christine Wunnicke Troll-Geschichten,PER,0.0,0.0,de,1
Johannes Benigni,Johannes Benigni,PER,-0.7,0.0,de,1
Mathis Bönte,Mathis Bönte,PER,0.0,0.0,de,1
Flucht von Straftätern,Flucht von Straftätern,PER,0.0,0.0,de,1
Georg Stamatelopoulos,Georg Stamatelopoulos,PER,-0.7,0.0,de,1
Akkus von Tesla,Akkus von Tesla,PER,0.0,0.0,de,1
Ulf Kasimir,Ulf Kasimir,PER,0.0,0.0,de,1
Mohamed Salah,Mohamed Salah,PER,0.7,0.0,de,1
Herbert Diess,Herbert Diess,PER,0.0,1.0,de,1
Putin Friedensvorschlag,Putin Friedensvorschlag,PER,0.0,0.0,de,1
Elena Zhemkova,Elena Zhemkova,PER,0.0,0.0,de,1
Vance erteil,Vance erteil,PER,0.0,0.0,de,1
Motorola Moto,Motorola Moto,PER,0.0,0.0,de,1
Dmitrij Denisow,Dmitrij Denisow,PER,0.0,0.0,de,1
John Horstmann,John Horstmann,PER,0.0,0.0,de,1
George Friedman,George Friedman,PER,0.0,0.0,de,1
Belarussischer Machthaber,Belarussischer Machthaber,PER,0.0,1.0,de,1
Andoni Iraola,Andoni Iraola,PER,0.7,0.0,de,1
Uwe Gensheimer,Uwe Gensheimer,PER,1.0,0.0,de,1
Teheran Washingtons,Teheran Washingtons,PER,0.0,0.0,de,1
Putin ü,Putin ü,PER,0.0,0.0,de,1
Region Lyman,Region Lyman,PER,0.0,0.0,de,1
Putins Minen,Putins Minen,PER,0.0,0.0,de,1
unglaubwürdigem „Wahlkampfmanöver,unglaubwürdigem „Wahlkampfmanöver,PER,0.6999999999999998,0.0,de,1
Sushila Devi,Sushila Devi,PER,0.0,0.0,de,1
John McCain,John McCain,PER,0.0,0.0,de,1
Shivanand Chaurasia,Shivanand Chaurasia,PER,0.0,0.0,de,1
Braunes Fett,Braunes Fett,PER,-1.0,0.0,de,1
Dominik Szoboszlai,Dominik Szoboszlai,PER,0.7,0.0,de,1
El Gaia,El Gaia,PER,0.0,0.0,de,1
Andreas Klauser,Andreas Klauser,PER,1.0,0.0,de,1
Stopp von US-Militärhilfe,Stopp von US-Militärhilfe,PER,-1.0,0.0,de,1
Heike Boese,Heike Boese,PER,0.0,0.0,de,1
Kelsang Gyaltsen,Kelsang Gyaltsen,PER,-0.35,0.4,de,1
Lars Fischer,Lars Fischer,PER,0.0,0.0,de,1
Hans Christoph Atzpodien,Hans Christoph Atzpodien,PER,0.0,0.0,de,1
Airbus-Rüstungschef Schöllhorn,Airbus-Rüstungschef Schöllhorn,PER,0.0,1.0,de,1
Liveblog Kehrtwende,Liveblog Kehrtwende,PER,-0.35,0.5,de,1
Gunther Krichbaum,Gunther Krichbaum,PER,0.0,0.0,de,1
Christian Pukelsheim,Christian Pukelsheim,PER,0.0,0.0,de,1
Palfinger-Chef Klauser,Palfinger-Chef Klauser,PER,0.0,0.0,de,1
Asaad al-Schaibani,Asaad al-Schaibani,PER,0.0,0.0,de,1
Friedrich Merz Gespräche,Friedrich Merz Gespräche,PER,0.7,0.0,de,1
Chinas Tech-Boom,Chinas Tech-Boom,PER,0.0,0.0,de,1
Putin Putin,Putin Putin,PER,0.0,0.0,de,1
Investitionen Wachstumsbremsen,Investitionen Wachstumsbremsen,PER,0.0,0.0,de,1
Giorgi Mamardashvili,Giorgi Mamardashvili,PER,0.7,0.0,de,1
Marco Rub,Marco Rub,PER,0.0,0.0,de,1
Jonas Gahr Stoere,Jonas Gahr Stoere,PER,0.0,1.0,de,1
Emerald Horizon,Emerald Horizon,PER,0.0,0.0,de,1
Ex-Machthaber Baschar al-Assad,Ex-Machthaber Baschar al-Assad,PER,0.0,0.0,de,1
Maskat fan,Maskat fan,PER,0.0,0.0,de,1
Nvidia Geforce,Nvidia Geforce,PER,0.0,0.0,de,1
Wutrede von Iran-Trainer,Wutrede von Iran-Trainer,PER,0.0,0.0,de,1
Esad Yousuf,Esad Yousuf,PER,0.0,0.0,de,1
Ölpreisrückgangs Kurs,Ölpreisrückgangs Kurs,PER,0.0,0.0,de,1
Justice John Roberts,Justice John Roberts,PER,0.85,0.0,de,1
Grünen-Fraktionsvize Andreas Audretsch,Grünen-Fraktionsvize Andreas Audretsch,PER,0.0,0.0,de,1
Orden behängten Militäruniform,Orden behängten Militäruniform,PER,0.0,0.0,de,1
Trumps Wut-Show,Trumps Wut-Show,PER,0.0,0.0,de,1
Frank Bommert,Frank Bommert,PER,0.0,0.0,de,1
Allianz-Chef Oliver Bäte,Allianz-Chef Oliver Bäte,PER,0.7,0.0,de,1
grausamem Luftkrieg,grausamem Luftkrieg,PER,-1.0,0.0,de,1
Allianz-Chef Bäte,Allianz-Chef Bäte,PER,0.0,0.0,de,1
Martin Frick,Martin Frick,PER,0.0,0.0,de,1
Naim Qassem,Naim Qassem,PER,0.0,0.0,de,1
Olena Stetsenko,Olena Stetsenko,PER,0.0,0.0,de,1
Mohammed bin Salmans,Mohammed bin Salmans,PER,0.0,0.0,de,1
Juri Konkewitsch,Juri Konkewitsch,PER,0.0,0.0,de,1
Bob Hanning,Bob Hanning,PER,0.0,0.0,de,1
Wladimir Putins Dars,Wladimir Putins Dars,PER,0.0,0.0,de,1
Wladimir der Grosse,Wladimir der Grosse,PER,0.7,0.0,de,1
Matthias Wyssuwa,Matthias Wyssuwa,PER,0.0,0.0,de,1
Valar Atomics,Valar Atomics,PER,0.0,0.0,de,1
Jörn Leonhard,Jörn Leonhard,PER,0.0,0.0,de,1
Frankreichs Präsi,Frankreichs Präsi,PER,0.0,0.0,de,1
Werder-Coach Ole Werner,Werder-Coach Ole Werner,PER,0.15000000000000002,0.0,de,1
Trump Ukraine-Friedensplan,Trump Ukraine-Friedensplan,PER,0.0,0.0,de,1
Katrin Brand,Katrin Brand,PER,0.0,0.0,de,1
Alexander S,Alexander S,PER,0.0,0.0,de,1
Frankreichs Atomkraft,Frankreichs Atomkraft,PER,0.0,0.0,de,1
Adobe Firefly,Adobe Firefly,PER,0.0,0.0,de,1
Comet von Perplexity,Comet von Perplexity,PER,0.0,0.0,de,1
Jörg Michels,Jörg Michels,PER,0.0,0.0,de,1
Perplexity Chrome,Perplexity Chrome,PER,-1.0,0.0,de,1
Andreas Biller,Andreas Biller,PER,-1.0,0.0,de,1
Trump Gespräche,Trump Gespräche,PER,0.0,0.0,de,1
Trumps künftigem,Trumps künftigem,PER,0.0,0.0,de,1
Anna Schneider,Anna Schneider,PER,-0.7,0.0,de,1
Wadym Jermolajew,Wadym Jermolajew,PER,0.0,0.0,de,1
Karl Sandgreen,Karl Sandgreen,PER,0.0,0.0,de,1
Sean Baker,Sean Baker,PER,0.0,0.0,de,1
Abdolnaser Hemmati,Abdolnaser Hemmati,PER,0.0,0.0,de,1
‒ Vize-Präsident,‒ Vize-Präsident,PER,0.0,0.0,de,1
Karl Geiger,Karl Geiger,PER,0.0,0.0,de,1
Fred Fleitz,Fred Fleitz,PER,0.0,0.0,de,1
Deutsch-Niederländisches Korps,Deutsch-Niederländisches Korps,PER,0.0,0.0,de,1
Nabila Davids,Nabila Davids,PER,0.0,0.0,de,1
Kristian Thomas,Kristian Thomas,PER,0.0,1.0,de,1
Lyubomyr Levytsky,Lyubomyr Levytsky,PER,1.0,0.0,de,1
Apple-Manager Robby Walker,Apple-Manager Robby Walker,PER,0.0,0.0,de,1
Susanne Knaul,Susanne Knaul,PER,-1.0,0.0,de,1
Joachim Kr,Joachim Kr,PER,0.0,1.0,de,1
Kult-Kapitän Kreilach,Kult-Kapitän Kreilach,PER,0.0,0.0,de,1
Moshe Azman,Moshe Azman,PER,0.0,0.0,de,1
Abelardo de la Espriella,Abelardo de la Espriella,PER,-0.35,0.5,de,1
Petra Bendel,Petra Bendel,PER,0.0,0.0,de,1
Kai Ambos,Kai Ambos,PER,-0.7,0.0,de,1
Trumps Putin-Pöbelei,Trumps Putin-Pöbelei,PER,0.0,0.0,de,1
Jörg Pfeiffer,Jörg Pfeiffer,PER,0.0,1.0,de,1
Nikita Chruschtschow,Nikita Chruschtschow,PER,0.0,0.0,de,1
Irans Revolutionsgarde,Irans Revolutionsgarde,PER,0.0,0.0,de,1
Trumps Ratschlag,Trumps Ratschlag,PER,0.0,0.0,de,1
Abraham Lincoln,Abraham Lincoln,PER,0.0,0.0,de,1
Bewohner Butschas,Bewohner Butschas,PER,-1.0,0.0,de,1
Trumps Deal-Gepolter,Trumps Deal-Gepolter,PER,-1.0,0.0,de,1
Mojtaba Khamenei,Mojtaba Khamenei,PER,0.0,0.0,de,1
Flugästhetin Schmid,Flugästhetin Schmid,PER,0.0,0.0,de,1
gebremstem Weltwirtschaftswachstum,gebremstem Weltwirtschaftswachstum,PER,0.0,0.0,de,1
Georg Tollinger,Georg Tollinger,PER,-1.0,0.0,de,1
Emil Janßen,Emil Janßen,PER,-1.0,0.0,de,1
Sohn hungr,Sohn hungr,PER,0.0,0.0,de,1
Stefanie Babs,Stefanie Babs,PER,0.0,0.0,de,1
Damir Kreilach,Damir Kreilach,PER,0.0,0.0,de,1
Hanna Lübbert,Hanna Lübbert,PER,0.0,0.0,de,1
Hannah Lübbert,Hannah Lübbert,PER,-1.0,0.0,de,1
Johannes Tholey,Johannes Tholey,PER,-0.7,0.0,de,1
Jelena Hocke,Jelena Hocke,PER,-1.0,0.0,de,1
CDU-Außenpolitiker Armin Laschet,CDU-Außenpolitiker Armin Laschet,PER,0.0,0.0,de,1
Amazfit Bip,Amazfit Bip,PER,0.0,0.0,de,1
Clemens Braun,Clemens Braun,PER,0.0,0.0,de,1
Luiz Inacio Lula da Silva An,Luiz Inacio Lula da Silva An,PER,0.0,1.0,de,1
Gaspreise für Verbraucher,Gaspreise für Verbraucher,PER,0.0,0.0,de,1
Krummer Karrierestart,Krummer Karrierestart,PER,1.0,0.0,de,1
Dmitri Biwol,Dmitri Biwol,PER,1.0,0.0,de,1
Martin Pfister,Martin Pfister,PER,0.0,0.0,de,1
Merz z,Merz z,PER,0.0,0.0,de,1
BSW-Chef Fabio De Masi,BSW-Chef Fabio De Masi,PER,0.0,0.0,de,1
Israels Libanon-Offensive,Israels Libanon-Offensive,PER,0.0,0.0,de,1
Russland-Geschäft von Metro,Russland-Geschäft von Metro,PER,0.0,0.0,de,1
Trumps Absage,Trumps Absage,PER,0.0,0.0,de,1
Markus Reisner de,Markus Reisner de,PER,0.0,0.0,de,1
Alexander Stubbs,Alexander Stubbs,PER,0.0,0.0,de,1
mutmaßlichem Anschlagsplan,mutmaßlichem Anschlagsplan,PER,0.0,0.0,de,1
Han Seong-sook,Han Seong-sook,PER,0.0,0.0,de,1
Darja Kassatkina,Darja Kassatkina,PER,0.0,0.0,de,1
Trumps Droh,Trumps Droh,PER,-1.0,0.0,de,1
Olek Chmura,Olek Chmura,PER,0.0,0.0,de,1
Alexander Gogg fo,Alexander Gogg fo,PER,0.0,0.0,de,1
Alexander Gogg,Alexander Gogg,PER,0.0,0.0,de,1
wehrpflichtige Ukrainer,wehrpflichtige Ukrainer,PER,0.0,0.0,de,1
Pierre Vandier,Pierre Vandier,PER,0.7,0.0,de,1
Leonie Meier,Leonie Meier,PER,0.0,0.0,de,1
Pharmakonzerns Bayer,Pharmakonzerns Bayer,PER,0.0,0.0,de,1
Scholz bereichnet Raketeneinsatz,Scholz bereichnet Raketeneinsatz,PER,0.85,0.0,de,1
Wolodymyr Selenskyj Trumps,Wolodymyr Selenskyj Trumps,PER,0.0,0.0,de,1
Stefano Bottoni,Stefano Bottoni,PER,0.0,0.0,de,1
Emmanuel Macr,Emmanuel Macr,PER,0.0,0.0,de,1
Putin gewo,Putin gewo,PER,0.0,0.0,de,1
Nein Deutschlands,Nein Deutschlands,PER,0.0,0.0,de,1
Stark Defense,Stark Defense,PER,0.7,0.0,de,1
Sofias Sohn,Sofias Sohn,PER,-0.35,0.0,de,1
Wladimir Putinsieht,Wladimir Putinsieht,PER,0.0,0.0,de,1
Regierungschefs Arsenij Jazenjuk,Regierungschefs Arsenij Jazenjuk,PER,0.85,0.0,de,1
Logitech Gaming-Tastatur,Logitech Gaming-Tastatur,PER,0.7,0.0,de,1
Trumps Schwiegersohn,Trumps Schwiegersohn,PER,-0.7,0.0,de,1
Marken-Hersteller Solakon,Marken-Hersteller Solakon,PER,0.0,0.0,de,1
Bahnchef Lutz,Bahnchef Lutz,PER,0.0,1.0,de,1
Daniela Schmitt,Daniela Schmitt,PER,-1.0,0.0,de,1
Abu Dhabis,Abu Dhabis,PER,0.0,0.0,de,1
Pete Hegseths Chatgruppen-Leak,Pete Hegseths Chatgruppen-Leak,PER,0.5,0.5,de,1
Govee Stehleuchte,Govee Stehleuchte,PER,0.0,0.0,de,1
Sebastian Copelands,Sebastian Copelands,PER,-1.0,0.0,de,1
Jan Peter Klug,Jan Peter Klug,PER,0.85,0.0,de,1
Finanzminister Scott Bessent,Finanzminister Scott Bessent,PER,0.0,0.0,de,1
Mister Beevor,Mister Beevor,PER,0.0,0.0,de,1
Hansi Flick sauer,Hansi Flick sauer,PER,-1.0,0.0,de,1
Bastian Weltjen,Bastian Weltjen,PER,0.0,1.0,de,1
Matthias Diermeier,Matthias Diermeier,PER,0.0,0.0,de,1
Philipp Vorndran,Philipp Vorndran,PER,-0.85,0.0,de,1
Rory Johnston,Rory Johnston,PER,0.0,0.0,de,1
Geopolitik-Professor Klemens Fischer,Geopolitik-Professor Klemens Fischer,PER,0.7,0.0,de,1
Irfaan A,Irfaan A,PER,0.0,0.0,de,1
Ali Fathollah-Neja,Ali Fathollah-Neja,PER,0.85,0.0,de,1
Marija Ponomarenko,Marija Ponomarenko,PER,0.0,0.0,de,1
Grünen-Vorsitzender Banaszak,Grünen-Vorsitzender Banaszak,PER,1.0,0.0,de,1
Boualem Sansal,Boualem Sansal,PER,0.7,0.0,de,1
Christine Mayrhofer,Christine Mayrhofer,PER,0.0,0.0,de,1
Thomas Weiler,Thomas Weiler,PER,1.0,0.0,de,1
Irina Rastorgueva,Irina Rastorgueva,PER,1.0,0.0,de,1
Antony Beevor,Antony Beevor,PER,0.0,0.0,de,1
Xis Gesundheitszustand ,Xis Gesundheitszustand ,PER,0.0,0.0,de,1
Anton Gruschetskyj,Anton Gruschetskyj,PER,0.0,0.0,de,1
Karl Kopp,Karl Kopp,PER,0.0,0.0,de,1
Alfons Mais,Alfons Mais,PER,0.7,0.0,de,1
Thomas Strobl,Thomas Strobl,PER,0.0,0.0,de,1
Nana Coulibaly,Nana Coulibaly,PER,0.0,0.0,de,1
Messoud Ashina,Messoud Ashina,PER,0.0,0.0,de,1
Rainer Seele,Rainer Seele,PER,0.7,0.0,de,1
Friedrich Merz Russland,Friedrich Merz Russland,PER,0.0,0.0,de,1
Niklas Balbon,Niklas Balbon,PER,-1.0,0.0,de,1
Deutschlands Antwort,Deutschlands Antwort,PER,0.0,0.0,de,1
Bundespräsidentin Karin Keller-Sutter,Bundespräsidentin Karin Keller-Sutter,PER,0.0,0.0,de,1
Europas Machtkampf,Europas Machtkampf,PER,0.0,0.0,de,1
Pompeji Gabriel Zuchtriegel,Pompeji Gabriel Zuchtriegel,PER,0.0,0.0,de,1
Putins Drei-Phasen-Plan,Putins Drei-Phasen-Plan,PER,0.0,0.0,de,1
Winfried Hermann,Winfried Hermann,PER,0.85,0.0,de,1
Grigorii Pisotsckii,Grigorii Pisotsckii,PER,0.0,0.0,de,1
Nürnberger-Finanzchef Jürgen Voß,Nürnberger-Finanzchef Jürgen Voß,PER,0.0,0.0,de,1
Tilman Mayer,Tilman Mayer,PER,0.0,0.0,de,1
Philipp Lahm,Philipp Lahm,PER,-0.5,0.5,de,1
Mohammed Achbarsadeh,Mohammed Achbarsadeh,PER,-0.7,0.0,de,1
Ali Hassan Chalil,Ali Hassan Chalil,PER,-1.0,0.0,de,1
Metro-Studios Reburn,Metro-Studios Reburn,PER,0.0,0.0,de,1
Kim Jong-un Russland,Kim Jong-un Russland,PER,0.7,0.0,de,1
Fabian Peters,Fabian Peters,PER,0.0,0.0,de,1
Lidl Plus,Lidl Plus,PER,0.7,0.0,de,1
Trumps Handelskrieg,Trumps Handelskrieg,PER,0.0,0.0,de,1
Downtown Beirut,Downtown Beirut,PER,0.5,0.5,de,1
Marcus König,Marcus König,PER,0.0,0.0,de,1
Arne Bartram,Arne Bartram,PER,0.0,0.0,de,1
Mike Huckabee,Mike Huckabee,PER,0.7,0.0,de,1
Hasso Herschel,Hasso Herschel,PER,-0.15000000000000002,0.0,de,1
Arthur Petrow,Arthur Petrow,PER,-0.7,0.0,de,1
Karelina frei,Karelina frei,PER,0.7,0.0,de,1
Valeska Grisebach,Valeska Grisebach,PER,1.0,0.0,de,1
Artur Petrow,Artur Petrow,PER,0.0,0.0,de,1
Simon Tanner,Simon Tanner,PER,0.0,0.0,de,1
Chinas Rolle,Chinas Rolle,PER,0.0,0.0,de,1
Benedikt Schulz,Benedikt Schulz,PER,0.0,0.0,de,1
Kyjiws Südbrücke,Kyjiws Südbrücke,PER,0.0,0.0,de,1
Ridley Scott,Ridley Scott,PER,0.0,0.0,de,1
Egon S,Egon S,PER,0.0,0.0,de,1
Rami Malek,Rami Malek,PER,0.0,0.0,de,1
Niklas Ahrens,Niklas Ahrens,PER,0.0,0.0,de,1
Stockholm Schweden,Stockholm Schweden,PER,0.0,0.0,de,1
Nebeneffekt von Trump-Zöllen,Nebeneffekt von Trump-Zöllen,PER,0.0,0.0,de,1
Wiedervernässte Moore,Wiedervernässte Moore,PER,0.0,0.0,de,1
Maria Gramsch,Maria Gramsch,PER,0.0,0.0,de,1
Henrik Wendorff,Henrik Wendorff,PER,0.7,0.0,de,1
stickstoffhaltige Düngemittel,stickstoffhaltige Düngemittel,PER,-0.7,0.0,de,1
Choe Son,Choe Son,PER,0.0,0.0,de,1
Philipp Eckstein,Philipp Eckstein,PER,0.0,0.0,de,1
Merkels Memoiren,Merkels Memoiren,PER,0.0,0.0,de,1
Armeesprecher Amir Akraminia,Armeesprecher Amir Akraminia,PER,0.0,0.0,de,1
Liveblog Wo,Liveblog Wo,PER,0.0,0.0,de,1
Max Kopiere,Max Kopiere,PER,-0.7,0.0,de,1
Vireo Ventures,Vireo Ventures,PER,0.0,0.0,de,1
Max Heinemann,Max Heinemann,PER,0.0,0.0,de,1
Ihor Terecho,Ihor Terecho,PER,0.0,0.0,de,1
Milliardär Moschkowitsch,Milliardär Moschkowitsch,PER,0.0,0.0,de,1
Erich Ponto,Erich Ponto,PER,0.0,1.0,de,1
Joachim Dolezik,Joachim Dolezik,PER,0.5,0.0,de,1
Country-Sänger Morgan Wallen,Country-Sänger Morgan Wallen,PER,0.0,0.0,de,1
Fadi Al-Wahidi,Fadi Al-Wahidi,PER,-1.0,0.0,de,1
Noch-Ministerin Steffi Lemke,Noch-Ministerin Steffi Lemke,PER,0.0,0.0,de,1
Sergej R,Sergej R,PER,-0.5,0.0,de,1
Felix Krause,Felix Krause,PER,0.0,0.0,de,1
Dortmund von Rheinmetall,Dortmund von Rheinmetall,PER,-1.0,0.0,de,1
Andrew Mitchell,Andrew Mitchell,PER,0.0,0.0,de,1
Knappe Industrierohstoffe,Knappe Industrierohstoffe,PER,-0.7,0.0,de,1
Michael Eifert,Michael Eifert,PER,0.0,0.0,de,1
Nicholas Soames,Nicholas Soames,PER,-1.0,0.0,de,1
Südkoreas Verfassungsgericht,Südkoreas Verfassungsgericht,PER,0.0,0.0,de,1
Chinas Botschafter,Chinas Botschafter,PER,0.0,0.0,de,1
Ökologin Flurina Schneider,Ökologin Flurina Schneider,PER,0.0,1.0,de,1
Ulf Kristersson ,Ulf Kristersson ,PER,0.0,0.0,de,1
Johnny Sixpack,Johnny Sixpack,PER,0.15000000000000002,0.0,de,1
Veit Etzold,Veit Etzold,PER,0.0,0.0,de,1
Beiruter Vorstädte,Beiruter Vorstädte,PER,0.0,0.0,de,1
Energieriesen Uniper,Energieriesen Uniper,PER,-0.7,0.0,de,1
Nadschib Mikati,Nadschib Mikati,PER,0.0,0.0,de,1
Michael Lewis,Michael Lewis,PER,-1.0,0.0,de,1
Herr Lewis,Herr Lewis,PER,0.0,0.0,de,1
Ukraine Landminen,Ukraine Landminen,PER,0.0,0.0,de,1
Storm Shadow,Storm Shadow,PER,0.0,0.0,de,1
Ministerpräsidentin Evika Silia,Ministerpräsidentin Evika Silia,PER,0.0,0.0,de,1
Aktivist Butkevych,Aktivist Butkevych,PER,0.0,0.0,de,1
Mykola Kalashnyk,Mykola Kalashnyk,PER,0.0,0.0,de,1
Caspar Veldkam,Caspar Veldkam,PER,0.0,0.0,de,1
Flurina Schneider,Flurina Schneider,PER,0.0,1.0,de,1
Europas Hauptpartner,Europas Hauptpartner,PER,0.0,0.0,de,1
Donald Trumps Geduld,Donald Trumps Geduld,PER,0.0,0.0,de,1
Thomas Geisel,Thomas Geisel,PER,0.0,0.0,de,1
Kims Artilleriesysteme,Kims Artilleriesysteme,PER,0.7,0.0,de,1
Wirtschaftsminister Robert,Wirtschaftsminister Robert,PER,0.0,0.0,de,1
Fraktionschef Fernis,Fraktionschef Fernis,PER,0.0,0.0,de,1
Kölns Talent-Schmiede,Kölns Talent-Schmiede,PER,0.0,0.0,de,1
Caren Miosga Merz,Caren Miosga Merz,PER,0.0,0.0,de,1
Ghalibaf Gesprächsbereitschaft,Ghalibaf Gesprächsbereitschaft,PER,0.0,0.0,de,1
Ursula Münch,Ursula Münch,PER,0.0,0.0,de,1
Heike Bangert,Heike Bangert,PER,0.0,0.0,de,1
weiterlesenBerlin  ,weiterlesenBerlin  ,PER,0.0,0.0,de,1
Lausitzern Sorge,Lausitzern Sorge,PER,0.0,0.0,de,1
Oleksandr Kovalenko spric,Oleksandr Kovalenko spric,PER,0.0,0.0,de,1
Nato-Länder wollen,Nato-Länder wollen,PER,-1.0,0.0,de,1
Konzernchef Al,Konzernchef Al,PER,0.0,0.0,de,1
Sebastian Huld,Sebastian Huld,PER,0.0,0.0,de,1
Curl-Entwickler Stenberg,Curl-Entwickler Stenberg,PER,-0.85,0.0,de,1
Michael Castritius,Michael Castritius,PER,0.0,0.0,de,1
Trump Deutschland-Trikot,Trump Deutschland-Trikot,PER,0.0,0.0,de,1
Keith Kellog,Keith Kellog,PER,0.0,0.0,de,1
Katharina Wildau,Katharina Wildau,PER,0.0,0.0,de,1
Ruhollah Chomeini,Ruhollah Chomeini,PER,-1.0,0.0,de,1
Trumps Hintergedanke,Trumps Hintergedanke,PER,0.0,0.0,de,1
Bastian Benrath von,Bastian Benrath von,PER,0.0,0.0,de,1
Setzt Washington,Setzt Washington,PER,0.0,0.0,de,1
Donald Trumps Verlautbar,Donald Trumps Verlautbar,PER,0.35,0.5,de,1
Putins Riesenreich,Putins Riesenreich,PER,0.7,0.0,de,1
Grünen-Politiker Felix Banaszak,Grünen-Politiker Felix Banaszak,PER,0.0,0.0,de,1
René BenkoSpaceX,René BenkoSpaceX,PER,0.0,0.0,de,1
Teherans Unterhändler,Teherans Unterhändler,PER,0.0,0.0,de,1
Macron Trump,Macron Trump,PER,0.0,0.0,de,1
Friedrich stirb,Friedrich stirb,PER,0.0,0.0,de,1
Ted Brandsen,Ted Brandsen,PER,-0.85,0.0,de,1
Alexei Ratmanskys,Alexei Ratmanskys,PER,-0.85,0.0,de,1
Alexei Ratmansky,Alexei Ratmansky,PER,0.0,0.0,de,1
Amy Klobuchar,Amy Klobuchar,PER,0.7,0.0,de,1
Thomas Zimmer,Thomas Zimmer,PER,0.0,0.0,de,1
Trumps Angriff,Trumps Angriff,PER,-1.0,0.0,de,1
Martin Haefner,Martin Haefner,PER,0.0,0.0,de,1
Alexander Eisenkopf,Alexander Eisenkopf,PER,0.0,1.0,de,1
Italiens Ministerpräsidentin Meloni,Italiens Ministerpräsidentin Meloni,PER,0.0,0.0,de,1
Andreas Kletecka,Andreas Kletecka,PER,0.0,0.0,de,1
Netanjahu vs,Netanjahu vs,PER,0.0,0.0,de,1
Israels Triumph,Israels Triumph,PER,0.0,0.0,de,1
Shebaz Sharif,Shebaz Sharif,PER,0.0,0.0,de,1
Hans-Ulrich Jörges,Hans-Ulrich Jörges,PER,0.0,0.0,de,1
Bremens Regierungschef,Bremens Regierungschef,PER,0.0,0.0,de,1
Change-Experte Kishore Sridhar,Change-Experte Kishore Sridhar,PER,0.7833333333333333,0.0,de,1
Lewis Hamiltons,Lewis Hamiltons,PER,0.0,0.0,de,1
Teheran  ,Teheran  ,PER,0.7,0.0,de,1
Bilyj Kolodjas,Bilyj Kolodjas,PER,-1.0,0.0,de,1
Judith McCrory,Judith McCrory,PER,0.0,0.0,de,1
Kims Generaloberst,Kims Generaloberst,PER,-1.0,0.0,de,1
Beraat Kandili,Beraat Kandili,PER,0.7,0.0,de,1
Wahlbeobachter berich,Wahlbeobachter berich,PER,0.0,0.0,de,1
Maria Wördemann,Maria Wördemann,PER,1.0,0.0,de,1
Trumps Ukraine-Sondergesandter Keith Kellogg,Trumps Ukraine-Sondergesandter Keith Kellogg,PER,0.0,0.0,de,1
Europas Raketenschmiede,Europas Raketenschmiede,PER,0.0,0.0,de,1
Wolodymyr Selensk,Wolodymyr Selensk,PER,1.0,0.0,de,1
Trumps Mann,Trumps Mann,PER,-0.7,0.0,de,1
Konzern-Oberhaupt Lee,Konzern-Oberhaupt Lee,PER,-0.7,0.0,de,1
Deutsche-Welle-Intendant Peter Limbourg,Deutsche-Welle-Intendant Peter Limbourg,PER,0.0,0.0,de,1
Antonio Costa,Antonio Costa,PER,0.0,0.0,de,1
Generalinspekteur Carsten Breuer,Generalinspekteur Carsten Breuer,PER,0.0,0.0,de,1
Russland-Initiative Costas,Russland-Initiative Costas,PER,0.0,0.0,de,1
Radosław Sikorski,Radosław Sikorski,PER,0.0,0.0,de,1
Borussia Dortmunds,Borussia Dortmunds,PER,0.0,0.0,de,1
Verstöße Israels,Verstöße Israels,PER,0.0,0.0,de,1
Max Verstappen von,Max Verstappen von,PER,0.0,0.0,de,1
Catherine Bosley,Catherine Bosley,PER,0.0,0.0,de,1
Vize-Weltmeister Lando Norris,Vize-Weltmeister Lando Norris,PER,0.0,0.0,de,1
Raphaël Glucksmann,Raphaël Glucksmann,PER,0.0,0.0,de,1
Ex Atubolu,Ex Atubolu,PER,0.0,0.0,de,1
Putin bombt,Putin bombt,PER,0.0,1.0,de,1
Fien Veldman,Fien Veldman,PER,0.0,0.0,de,1
Emma Stremplat,Emma Stremplat,PER,0.7,0.0,de,1
Jaime Fernández,Jaime Fernández,PER,0.7,0.0,de,1
Steve Bannon© ,Steve Bannon© ,PER,0.0,0.0,de,1
Steve Bannon,Steve Bannon,PER,0.0,0.0,de,1
Trumps Attacke,Trumps Attacke,PER,-1.0,0.0,de,1
Andrea Ceccolini,Andrea Ceccolini,PER,0.0,0.0,de,1
Egbert Mill,Egbert Mill,PER,0.0,0.0,de,1
Joe Rogan,Joe Rogan,PER,0.0,0.0,de,1
Trumps Putin-Plan,Trumps Putin-Plan,PER,0.0,0.0,de,1
Denise Walk-Ebner,Denise Walk-Ebner,PER,-0.15000000000000002,0.0,de,1
Kim Jong Bok,Kim Jong Bok,PER,0.0,0.0,de,1
Moskaus Schlüsselraffinerie,Moskaus Schlüsselraffinerie,PER,-1.0,0.0,de,1
Regierungseffizienz à la,Regierungseffizienz à la,PER,0.0,0.0,de,1
Alexander Lukeneder,Alexander Lukeneder,PER,0.0,0.0,de,1
Jones Lang LaSall,Jones Lang LaSall,PER,0.0,0.0,de,1
Pistorius zu Ukraine-Gespräch,Pistorius zu Ukraine-Gespräch,PER,0.0,0.0,de,1
Trumps Deal,Trumps Deal,PER,0.0,0.0,de,1
Guido Sch,Guido Sch,PER,0.0,0.0,de,1
Mykhailo Podolya,Mykhailo Podolya,PER,0.0,0.0,de,1
Nicolas Vaujour,Nicolas Vaujour,PER,0.0,0.0,de,1
August Pradetto,August Pradetto,PER,0.0,0.0,de,1
Gunnar Decker,Gunnar Decker,PER,-1.0,0.0,de,1
Jobs demonstrie,Jobs demonstrie,PER,0.0,0.0,de,1
Regierungschef Paschinjan,Regierungschef Paschinjan,PER,0.7,0.0,de,1
Hamdan Ballal,Hamdan Ballal,PER,1.0,0.0,de,1
Söders Wunsch-Minister,Söders Wunsch-Minister,PER,-0.7,0.0,de,1
Solare Wucht,Solare Wucht,PER,0.0,0.0,de,1
Jüdisch-muslimische Duos,Jüdisch-muslimische Duos,PER,0.0,0.0,de,1
Walter Verpackungen,Walter Verpackungen,PER,1.0,0.0,de,1
Hochradioaktiver Atomabfall,Hochradioaktiver Atomabfall,PER,0.0,0.0,de,1
abgeschafftes Heizgesetz,abgeschafftes Heizgesetz,PER,0.0,0.0,de,1
jüdisch-muslimische Beziehungen,jüdisch-muslimische Beziehungen,PER,0.0,0.0,de,1
Hanifa Haqani,Hanifa Haqani,PER,0.0,0.0,de,1
Manfred Levy,Manfred Levy,PER,0.0,0.0,de,1
Hauses Susie Wiles,Hauses Susie Wiles,PER,-1.0,0.0,de,1
Nvidias Höhenflug,Nvidias Höhenflug,PER,-1.0,0.0,de,1
Hüseyin Doğru,Hüseyin Doğru,PER,1.0,0.0,de,1
Alfred Ros,Alfred Ros,PER,0.7,0.0,de,1
Mahnungen Trumps,Mahnungen Trumps,PER,0.0,0.0,de,1
Hegseth tut dageg,Hegseth tut dageg,PER,0.0,0.0,de,1
Julia Kastein,Julia Kastein,PER,0.0,0.0,de,1
Amerikas Kriegsherr,Amerikas Kriegsherr,PER,0.0,0.0,de,1
Gastgeberland Aserb,Gastgeberland Aserb,PER,0.0,0.0,de,1
Finanzminister Scott,Finanzminister Scott,PER,0.0,0.0,de,1
Wolfgang Richter Sönke Neitzels,Wolfgang Richter Sönke Neitzels,PER,-1.0,0.0,de,1
Anna Prokofiewa,Anna Prokofiewa,PER,0.0,0.0,de,1
Perwyj Kanal,Perwyj Kanal,PER,0.0,0.0,de,1
Gastgeberland Aserbaidschan,Gastgeberland Aserbaidschan,PER,0.0,0.0,de,1
Andrij Jermaks,Andrij Jermaks,PER,0.0,0.0,de,1
Schwarz-Rot Habecks,Schwarz-Rot Habecks,PER,0.0,0.0,de,1
Wladimir Wladimirowitsch Putin,Wladimir Wladimirowitsch Putin,PER,0.0,0.0,de,1
Bezalel Smotrich,Bezalel Smotrich,PER,0.0,0.0,de,1
Soziologe Aladin El-Mafaalani,Soziologe Aladin El-Mafaalani,PER,0.35,0.5,de,1
Soziologe El-Mafaalani,Soziologe El-Mafaalani,PER,0.0,0.0,de,1
Tobias Bug,Tobias Bug,PER,0.0,0.0,de,1
Nakissa Salava,Nakissa Salava,PER,0.0,0.0,de,1
Konfliktforscher Andreas Heinemann-Grüder,Konfliktforscher Andreas Heinemann-Grüder,PER,0.0,0.0,de,1
Anna Prokofjewa,Anna Prokofjewa,PER,-1.0,0.0,de,1
Ex-Wirtschaftsminister Bernd Buchholz,Ex-Wirtschaftsminister Bernd Buchholz,PER,-1.0,0.0,de,1
Belarussen Wahlrecht,Belarussen Wahlrecht,PER,0.0,0.0,de,1
Linus Torvalds,Linus Torvalds,PER,0.7,0.0,de,1
Hanna Große Holtrup,Hanna Große Holtrup,PER,0.7,0.0,de,1
Alexandra Pichl,Alexandra Pichl,PER,0.7,0.0,de,1
Leak von Angriffsplänen,Leak von Angriffsplänen,PER,0.0,0.0,de,1
Olaf Scholz Telefonat,Olaf Scholz Telefonat,PER,0.0,0.0,de,1
Moritz Ritter,Moritz Ritter,PER,0.7,0.0,de,1
Jahrestag de,Jahrestag de,PER,0.0,0.0,de,1
Rainer Mun,Rainer Mun,PER,0.0,0.0,de,1
Sönke Neitzels,Sönke Neitzels,PER,-1.0,0.0,de,1
Nikita Wolodin,Nikita Wolodin,PER,0.85,0.0,de,1
Benjamin Netan,Benjamin Netan,PER,0.0,0.0,de,1
Südkoreas Waffenindustrie,Südkoreas Waffenindustrie,PER,0.0,0.0,de,1
Hans Weinreuter,Hans Weinreuter,PER,0.0,0.0,de,1
Gladio Mori,Gladio Mori,PER,1.0,0.0,de,1
Henrike Strauch,Henrike Strauch,PER,0.0,0.0,de,1
Billy Scherba,Billy Scherba,PER,0.0,0.0,de,1
Alexander Gauland,Alexander Gauland,PER,0.0,0.0,de,1
muckelig warm,muckelig warm,PER,-0.7,0.0,de,1
Thomas Quasthoff,Thomas Quasthoff,PER,0.0,0.0,de,1
Hass-Rhetorik mach,Hass-Rhetorik mach,PER,-1.0,0.0,de,1
Großbritanniens Premier Keir Starmer,Großbritanniens Premier Keir Starmer,PER,0.0,0.0,de,1
Teheran demen,Teheran demen,PER,0.0,0.0,de,1
Finnlands Streitkräfte,Finnlands Streitkräfte,PER,0.0,0.0,de,1
Thüringens Fernwärmenetz,Thüringens Fernwärmenetz,PER,1.0,0.0,de,1
James David,James David,PER,0.0,0.0,de,1
Hamish de Br,Hamish de Br,PER,0.0,0.0,de,1
Oberschule Spremberg,Oberschule Spremberg,PER,0.0,0.0,de,1
Orbáns Atomkraft-Pläne,Orbáns Atomkraft-Pläne,PER,0.0,0.0,de,1
Joe Scally,Joe Scally,PER,0.0,0.0,de,1
Janet Benstead,Janet Benstead,PER,-0.5,0.0,de,1
Friedrich Adolph Roemer,Friedrich Adolph Roemer,PER,-1.0,0.0,de,1
Ralf Minge,Ralf Minge,PER,0.0,0.0,de,1
Versicherungs-Spezialist Bastian Kunkel,Versicherungs-Spezialist Bastian Kunkel,PER,0.0,1.0,de,1
Chefökonom Reza Darius Montassér,Chefökonom Reza Darius Montassér,PER,-0.7,0.0,de,1
Arnd Hovemann,Arnd Hovemann,PER,0.0,0.0,de,1
Benjamin Netanjahu Stärke,Benjamin Netanjahu Stärke,PER,0.0,0.0,de,1
David McAfee,David McAfee,PER,-0.7,0.0,de,1
Vorsitzender de,Vorsitzender de,PER,0.0,0.0,de,1
Frédéric Denèfle,Frédéric Denèfle,PER,0.0,0.0,de,1
Minerva Hase,Minerva Hase,PER,0.85,0.0,de,1
Kim Milliarden,Kim Milliarden,PER,0.0,0.0,de,1
Kiew Marschflugkörper,Kiew Marschflugkörper,PER,0.0,0.0,de,1
Taichiro Miyazaki,Taichiro Miyazaki,PER,1.0,0.0,de,1
Klimagipfel COP29,Klimagipfel COP29,PER,-0.5,0.0,de,1
Hambacher Forst,Hambacher Forst,PER,0.0,0.0,de,1
Roger Köppels,Roger Köppels,PER,0.7,0.0,de,1
Rüdiger Lüdeking,Rüdiger Lüdeking,PER,0.0,0.0,de,1
Natur-bezogenen Ri,Natur-bezogenen Ri,PER,0.0,0.0,de,1
Jorrit Hendrix,Jorrit Hendrix,PER,0.0,0.0,de,1
Trumps Telefonate,Trumps Telefonate,PER,0.7,0.0,de,1
Alexander Ende,Alexander Ende,PER,0.0,0.0,de,1
Markus Sass,Markus Sass,PER,0.0,0.0,de,1
Nicole Gigler,Nicole Gigler,PER,-1.0,0.0,de,1
FOCUS-online-Gastautor Bastia,FOCUS-online-Gastautor Bastia,PER,0.0,1.0,de,1
Donald Trump zu Ukraine,Donald Trump zu Ukraine,PER,0.0,0.0,de,1
Telegram-Kanal Mash,Telegram-Kanal Mash,PER,0.0,1.0,de,1
Diana Yukhimets,Diana Yukhimets,PER,0.5,0.0,de,1
Florence Gaub,Florence Gaub,PER,0.0,0.8,de,1
Esmail Baghaei,Esmail Baghaei,PER,0.0,0.0,de,1
Unternehmens Idorsia,Unternehmens Idorsia,PER,0.0,0.0,de,1
Bündnis von Riad,Bündnis von Riad,PER,0.0,0.0,de,1
Marc Henrichmann,Marc Henrichmann,PER,-0.5,0.0,de,1
Ulrich Siegmund,Ulrich Siegmund,PER,0.0,0.0,de,1
Danielle Bell,Danielle Bell,PER,0.0,0.0,de,1
Hubert Wetzel,Hubert Wetzel,PER,0.0,0.0,de,1
John Ratcliffes,John Ratcliffes,PER,0.0,0.0,de,1
Robert Fico h,Robert Fico h,PER,0.0,0.0,de,1
Ulrich Heyden,Ulrich Heyden,PER,0.0,0.0,de,1
Dortmunds Sahin-Krise,Dortmunds Sahin-Krise,PER,0.0,0.0,de,1
Südkoreas Spionagebehörde,Südkoreas Spionagebehörde,PER,0.7,0.0,de,1
Curved Gaming-Monitor,Curved Gaming-Monitor,PER,0.0,0.0,de,1
Brüllende Hitze,Brüllende Hitze,PER,0.0,0.0,de,1
14 Besatzungsmitgli,14 Besatzungsmitgli,PER,0.0,0.0,de,1
Sara Steinhardt,Sara Steinhardt,PER,0.0,0.0,de,1
Annegret Kramp-Karrenbauer,Annegret Kramp-Karrenbauer,PER,0.0,0.0,de,1
Jan Otto,Jan Otto,PER,0.0,0.0,de,1
Marija Lwowa-Belowa,Marija Lwowa-Belowa,PER,0.0,0.0,de,1
​ Taiwans,​ Taiwans,PER,0.0,0.0,de,1
Greenpeace Ukraine,Greenpeace Ukraine,PER,0.0,0.0,de,1
Martin Reis,Martin Reis,PER,0.0,0.0,de,1
Christian Bergemann,Christian Bergemann,PER,0.0,0.0,de,1
Karl-Heinz Wiesemann,Karl-Heinz Wiesemann,PER,0.7,0.0,de,1
Ex-Schalker Burgstaller,Ex-Schalker Burgstaller,PER,-1.0,0.0,de,1
Amerikas Notenbankchef,Amerikas Notenbankchef,PER,0.0,0.0,de,1
Deutschlands Job-Krise,Deutschlands Job-Krise,PER,1.0,0.0,de,1
Disruptive Politikwechsel,Disruptive Politikwechsel,PER,1.0,0.0,de,1
Schwester Mallorca,Schwester Mallorca,PER,0.7,0.0,de,1
Anna Giordano,Anna Giordano,PER,0.0,0.0,de,1
Dietmar Hamann,Dietmar Hamann,PER,0.0,0.0,de,1
Weltverbandschef Gianni Infantino,Weltverbandschef Gianni Infantino,PER,-1.0,0.0,de,1
Andreas lieben,Andreas lieben,PER,0.0,0.0,de,1
Ebba Busch,Ebba Busch,PER,0.0,0.0,de,1
Barron Trump,Barron Trump,PER,-1.0,0.0,de,1
Flucht von Mörder,Flucht von Mörder,PER,0.0,0.0,de,1
Donaustahl-Chef Stefan Thumann,Donaustahl-Chef Stefan Thumann,PER,1.0,0.0,de,1
Liveblog Sachsens,Liveblog Sachsens,PER,0.3333333333333333,0.0,de,1
Johann Stohner,Johann Stohner,PER,0.0,0.0,de,1
Diktator Assad,Diktator Assad,PER,0.0,0.0,de,1
Carsten Kühntopp,Carsten Kühntopp,PER,0.0,0.0,de,1
proiranischer Milizen,proiranischer Milizen,PER,0.0,0.0,de,1
Mehdi Karroubi,Mehdi Karroubi,PER,0.0,0.0,de,1
will Boris Pistorius,will Boris Pistorius,PER,0.0,0.0,de,1
Lai Ching-te,Lai Ching-te,PER,0.0,0.0,de,1
Springreiter Victor Melin,Springreiter Victor Melin,PER,0.0,0.0,de,1
schwant Böses,schwant Böses,PER,0.7,0.0,de,1
Lee Yiu Tung,Lee Yiu Tung,PER,-0.7,0.0,de,1
Annalena Baerbock v,Annalena Baerbock v,PER,0.0,0.0,de,1
Christiane Kiesow,Christiane Kiesow,PER,0.0,0.0,de,1
Andrej S,Andrej S,PER,0.0,0.0,de,1
Fico such,Fico such,PER,0.0,0.0,de,1
Vorstandschef Chri,Vorstandschef Chri,PER,0.7,0.0,de,1
Donald Trumps Kurs is,Donald Trumps Kurs is,PER,0.0,0.0,de,1
Iran Trump,Iran Trump,PER,0.0,0.0,de,1
Ganz schön happig,Ganz schön happig,PER,1.0,0.0,de,1
Chinas Steuerjagd,Chinas Steuerjagd,PER,0.7,0.0,de,1
Selenskyjs Pipeline-Aus,Selenskyjs Pipeline-Aus,PER,0.0,0.0,de,1
Chinas Flugtaxis,Chinas Flugtaxis,PER,0.0,0.0,de,1
Wolodymyr Selenskyj z,Wolodymyr Selenskyj z,PER,0.0,1.0,de,1
Mansour Ouro-Tagba,Mansour Ouro-Tagba,PER,0.0,0.0,de,1
Russlands Chefermittler,Russlands Chefermittler,PER,0.0,0.0,de,1
Alexander Bastrykin,Alexander Bastrykin,PER,0.0,0.0,de,1
Jerzy Sobotta,Jerzy Sobotta,PER,0.0,0.0,de,1
Trumps Rhetorik,Trumps Rhetorik,PER,-1.0,0.0,de,1
Sohn Michael,Sohn Michael,PER,0.0,0.0,de,1
Kyryllo Budanow,Kyryllo Budanow,PER,0.0,0.0,de,1
Robin von Plettenberg,Robin von Plettenberg,PER,0.0,1.0,de,1
Liveblog Hessens,Liveblog Hessens,PER,0.0,0.0,de,1
Luke Morris,Luke Morris,PER,0.0,0.0,de,1
Jule Fink,Jule Fink,PER,0.0,0.0,de,1
Alec Baldwin,Alec Baldwin,PER,0.0,0.0,de,1
Iran Tanker-Angriff,Iran Tanker-Angriff,PER,0.0,0.0,de,1
Daunenjacke von Fjällräven,Daunenjacke von Fjällräven,PER,0.0,0.0,de,1
Chefcoach Christian Ilzer,Chefcoach Christian Ilzer,PER,0.0,0.0,de,1
Österreichs Wirtschaft,Österreichs Wirtschaft,PER,0.0,0.0,de,1
© Axel S,© Axel S,PER,0.0,0.0,de,1
zwölfstündige Ausgangssperre,zwölfstündige Ausgangssperre,PER,0.0,0.0,de,1
Trumps Top-General,Trumps Top-General,PER,0.0,0.0,de,1
Kronprinz Reza Pahlavi,Kronprinz Reza Pahlavi,PER,0.0,0.0,de,1
Martin Oberle,Martin Oberle,PER,1.0,0.0,de,1
Hugo-Boss-CEO Daniel Grieder,Hugo-Boss-CEO Daniel Grieder,PER,0.0,0.0,de,1
Thomas Heilman,Thomas Heilman,PER,0.0,0.0,de,1
Putins Milde,Putins Milde,PER,-0.5,0.0,de,1
Abbas Araghts,Abbas Araghts,PER,0.0,0.0,de,1
Leon Panetta,Leon Panetta,PER,0.0,0.0,de,1
Emma Renly,Emma Renly,PER,-0.7,0.0,de,1
Washington Maximalforderungen,Washington Maximalforderungen,PER,-1.0,0.0,de,1
CIA-Chef Ratcliffe,CIA-Chef Ratcliffe,PER,0.0,0.0,de,1
Bernardo Guicciardini Calamai,Bernardo Guicciardini Calamai,PER,0.0,0.0,de,1
Teherans Wunschliste,Teherans Wunschliste,PER,0.7,0.0,de,1
Wldaimir Putin,Wldaimir Putin,PER,0.7,0.0,de,1
Ralph Diermann,Ralph Diermann,PER,0.7,0.0,de,1
Grünen-Bundestagsabgeordnete Aeffner,Grünen-Bundestagsabgeordnete Aeffner,PER,-1.0,0.0,de,1
nan Donald Trumps,nan Donald Trumps,PER,0.0,0.0,de,1
Venezuelas Eigentum,Venezuelas Eigentum,PER,0.0,0.0,de,1
Ariane Mnouchkine,Ariane Mnouchkine,PER,0.0,0.0,de,1
Alexander Wolfe,Alexander Wolfe,PER,0.0,0.0,de,1
Christian Piwarz,Christian Piwarz,PER,-0.7,0.0,de,1
bombt R,bombt R,PER,0.0,0.0,de,1
Sachsens Finanzminister,Sachsens Finanzminister,PER,0.0,0.0,de,1
Keith Weinstein Russland,Keith Weinstein Russland,PER,0.0,0.0,de,1
Gian Ehrenzeller,Gian Ehrenzeller,PER,0.0,0.0,de,1
Versandhändler Wildberries,Versandhändler Wildberries,PER,0.0,0.0,de,1
Trumps Gnaden,Trumps Gnaden,PER,1.0,0.0,de,1
Venezuelas Präsidentin,Venezuelas Präsidentin,PER,0.0,0.0,de,1
Oleksij Tschernyschow,Oleksij Tschernyschow,PER,0.0,0.0,de,1
Seraina Kä,Seraina Kä,PER,0.0,0.0,de,1
Sicherheitsexpertin Claudia Major,Sicherheitsexpertin Claudia Major,PER,0.0,1.0,de,1
Olexander Kowalenko,Olexander Kowalenko,PER,-1.0,0.0,de,1
Big Brother,Big Brother,PER,0.7,0.0,de,1
Reality-Star Hanka Rackwitz,Reality-Star Hanka Rackwitz,PER,0.7,0.0,de,1
Wirtschaftsminister Hubert Aiwanger,Wirtschaftsminister Hubert Aiwanger,PER,-1.0,0.0,de,1
Serhiy Melnyk,Serhiy Melnyk,PER,-0.7,0.0,de,1
Mohammed Sinwar,Mohammed Sinwar,PER,0.0,0.0,de,1
Uli Hauck,Uli Hauck,PER,0.7,0.0,de,1
Vizeregierungschef Tschernyschow,Vizeregierungschef Tschernyschow,PER,0.0,0.0,de,1
Iran dismisses Trump,Iran dismisses Trump,PER,0.0,0.0,de,1
Hochdruck v,Hochdruck v,PER,0.0,0.0,de,1
Jose Hernandez,Jose Hernandez,PER,0.0,0.0,de,1
Sterneköchin Maria Groß,Sterneköchin Maria Groß,PER,0.7,0.0,de,1
Haiat Tahrir al-Scham,Haiat Tahrir al-Scham,PER,0.7,0.0,de,1
Guido Werner,Guido Werner,PER,0.7,0.0,de,1
EVP-Chef Weber,EVP-Chef Weber,PER,0.0,1.0,de,1
Zurich-Chef Mario Greco,Zurich-Chef Mario Greco,PER,0.0,0.0,de,1
Brandbeschleuniger Bundesrat,Brandbeschleuniger Bundesrat,PER,0.7,0.0,de,1
Russen-Gas zurückwünscht,Russen-Gas zurückwünscht,PER,1.0,0.0,de,1
Donald Trump posted,Donald Trump posted,PER,0.0,0.0,de,1
Jens Atomkraft,Jens Atomkraft,PER,1.0,0.0,de,1
Albert Rösti,Albert Rösti,PER,0.7,0.0,de,1
Sportvorstand Stefan Kuntz,Sportvorstand Stefan Kuntz,PER,0.0,0.0,de,1
Tim Gabel,Tim Gabel,PER,1.0,0.0,de,1
Barbara Metz,Barbara Metz,PER,0.0,0.0,de,1
Filmfestival Max Ophüls Preis,Filmfestival Max Ophüls Preis,PER,0.0,0.0,de,1
Paul Watzlawick,Paul Watzlawick,PER,-0.5,0.4,de,1
Michael Debus,Michael Debus,PER,0.0,0.0,de,1
Paul Watzlawicks,Paul Watzlawicks,PER,1.0,0.0,de,1
Ungarns Energiekrise,Ungarns Energiekrise,PER,0.0,0.0,de,1
Yuri Hoyda,Yuri Hoyda,PER,0.0,0.0,de,1
Alice Merton,Alice Merton,PER,0.0,0.0,de,1
Bianca Schwarz,Bianca Schwarz,PER,0.7,0.0,de,1
Giulio Bregoli,Giulio Bregoli,PER,0.0,0.0,de,1
Hofe Neros,Hofe Neros,PER,0.0,1.0,de,1
wem s,wem s,PER,0.0,0.0,de,1
Leapmotor B05,Leapmotor B05,PER,0.0,0.0,de,1
Josko Gvardiol,Josko Gvardiol,PER,0.0,0.0,de,1
Luis Figo,Luis Figo,PER,0.0,0.0,de,1
Wladimir Putin Stärke,Wladimir Putin Stärke,PER,0.0,0.0,de,1
Scholz Wahlkampf,Scholz Wahlkampf,PER,0.0,0.0,de,1
Wladimir Putin i,Wladimir Putin i,PER,0.0,0.0,de,1
Elfriede Jelineks,Elfriede Jelineks,PER,0.0,0.0,de,1
ManUnited-Kapitän Bruno Fernandes,ManUnited-Kapitän Bruno Fernandes,PER,0.0,0.0,de,1
Amad Diallo,Amad Diallo,PER,0.7,0.0,de,1
Steffen Bilger,Steffen Bilger,PER,0.0,1.0,de,1
Curtis Buzzard,Curtis Buzzard,PER,0.0,0.0,de,1
Hollywoods Drehbuchautoren,Hollywoods Drehbuchautoren,PER,0.0,0.0,de,1
Noticias Caracol,Noticias Caracol,PER,0.7,0.0,de,1
Hollywoods Drehbuch-Preise,Hollywoods Drehbuch-Preise,PER,0.0,0.0,de,1
Blau-Gelbes Kreuz,Blau-Gelbes Kreuz,PER,0.0,0.0,de,1
Gases Methan,Gases Methan,PER,0.7,0.0,de,1
Holt Meloni,Holt Meloni,PER,0.0,0.0,de,1
Moldaus Hospitäler,Moldaus Hospitäler,PER,0.0,0.0,de,1
Regierungschef Recean,Regierungschef Recean,PER,0.0,0.0,de,1
Außenamtskandidat Marco Rubio,Außenamtskandidat Marco Rubio,PER,0.0,0.0,de,1
Prinz Ali bin al-Hussein,Prinz Ali bin al-Hussein,PER,0.0,0.0,de,1
Wadim Kobsew,Wadim Kobsew,PER,-1.0,0.0,de,1
Jahren Straflager,Jahren Straflager,PER,-1.0,0.0,de,1
Sumitra Tanti,Sumitra Tanti,PER,0.0,0.0,de,1
AMS-Vorstand Johannes Kopf,AMS-Vorstand Johannes Kopf,PER,0.0,0.0,de,1
Irans Dementi,Irans Dementi,PER,0.0,0.0,de,1
Didi Hallervorden,Didi Hallervorden,PER,-1.0,0.0,de,1
Ölkonzerne Saudi Aramco,Ölkonzerne Saudi Aramco,PER,0.7,0.0,de,1
George Weinberg,George Weinberg,PER,0.0,0.0,de,1
Google-Guru Astro Teller,Google-Guru Astro Teller,PER,-0.7,0.0,de,1
Explodiertes Munitionslager,Explodiertes Munitionslager,PER,0.0,0.0,de,1
Harley Davidson,Harley Davidson,PER,0.0,0.0,de,1
Wadym Novinskyi,Wadym Novinskyi,PER,0.0,0.0,de,1
Naim Kassim,Naim Kassim,PER,-1.0,0.0,de,1
Ukraine Turkstream-Angriff,Ukraine Turkstream-Angriff,PER,0.0,0.0,de,1
Oberstleutnant Dmytro Saporoschez,Oberstleutnant Dmytro Saporoschez,PER,0.0,0.0,de,1
Ralf Roschlau,Ralf Roschlau,PER,0.7,0.0,de,1
Anne Skambraks,Anne Skambraks,PER,0.0,0.0,de,1
Bosch-Chef Stefan Hartung,Bosch-Chef Stefan Hartung,PER,0.0,0.0,de,1
Meg ONeill,Meg ONeill,PER,0.0,0.0,de,1
FIFA-Boss Gianni Infantino,FIFA-Boss Gianni Infantino,PER,0.7,0.0,de,1
Mate X6,Mate X6,PER,0.0,0.0,de,1
Gaming-Laptop von Lenovo,Gaming-Laptop von Lenovo,PER,0.0,0.0,de,1
Hessens Inflationsrate,Hessens Inflationsrate,PER,0.0,0.0,de,1
Ahoi Piraten,Ahoi Piraten,PER,1.0,0.0,de,1
Lex Fridmann,Lex Fridmann,PER,0.0,0.0,de,1
Sven Teuber,Sven Teuber,PER,0.0,0.0,de,1
Alexej Owertschuk,Alexej Owertschuk,PER,0.0,0.0,de,1
Christina Salzborn,Christina Salzborn,PER,0.0,0.0,de,1
Regierungschef Fr,Regierungschef Fr,PER,0.0,0.0,de,1
Bundesnetzagentur Erdgas,Bundesnetzagentur Erdgas,PER,0.0,0.0,de,1
Fico persönl,Fico persönl,PER,0.0,0.0,de,1
Schmuggel von Waffen,Schmuggel von Waffen,PER,-0.7,0.0,de,1
Barbara Trattnig,Barbara Trattnig,PER,-0.7,0.0,de,1
Gerhard Conrad,Gerhard Conrad,PER,-1.0,0.0,de,1
Percival Everett,Percival Everett,PER,0.0,0.0,de,1
Serhij Juschtschyk,Serhij Juschtschyk,PER,0.7,0.0,de,1
Taras Chmut,Taras Chmut,PER,0.0,0.0,de,1
Fico persönli,Fico persönli,PER,-0.7,0.0,de,1
Nikolaus Stingl,Nikolaus Stingl,PER,0.0,0.0,de,1
Regierungssprecher Dmitri Peskow,Regierungssprecher Dmitri Peskow,PER,0.0,0.0,de,1
Ex-Präsidenten Syriens,Ex-Präsidenten Syriens,PER,0.0,0.0,de,1
Oksana Yatsiuk,Oksana Yatsiuk,PER,0.7,0.0,de,1
Linken-Chefin Schwerdtner,Linken-Chefin Schwerdtner,PER,0.0,0.0,de,1
Selenskyj Gebietsabtretungen,Selenskyj Gebietsabtretungen,PER,0.0,0.0,de,1
Linken-Vorsitzende Ines Schwerdtner,Linken-Vorsitzende Ines Schwerdtner,PER,0.0,0.8,de,1
Wladimir Putin Kiew,Wladimir Putin Kiew,PER,0.0,0.0,de,1
Witali Sawelew,Witali Sawelew,PER,0.0,0.0,de,1
Jan Freihardt,Jan Freihardt,PER,0.0,0.0,de,1
Angriff Festnahme,Angriff Festnahme,PER,-1.0,0.0,de,1
Stefanie Haas,Stefanie Haas,PER,1.0,0.0,de,1
Michael Wolffsohn,Michael Wolffsohn,PER,0.0,0.0,de,1
Sam Altman,Sam Altman,PER,0.5,0.5,de,1
Andrei Klepatsch ,Andrei Klepatsch ,PER,0.0,0.0,de,1
Zack Snyder,Zack Snyder,PER,0.0,0.0,de,1
By Parisa Hafezi,By Parisa Hafezi,PER,0.0,0.0,de,1
Markus Reuter,Markus Reuter,PER,0.0,0.0,de,1
Ingmar Jung Fortschritte,Ingmar Jung Fortschritte,PER,0.0,0.0,de,1
Katharine Jackson,Katharine Jackson,PER,0.0,0.0,de,1
Brandenburgs Finanzminister,Brandenburgs Finanzminister,PER,0.0,0.0,de,1
London  ,London  ,PER,0.7,0.0,de,1
Ulrich Körner,Ulrich Körner,PER,0.0,0.0,de,1
Seniorenbund-Präsidentin Ingrid Korosec,Seniorenbund-Präsidentin Ingrid Korosec,PER,0.0,0.0,de,1
By Parisa,By Parisa,PER,0.0,0.0,de,1
Volker Jung,Volker Jung,PER,0.0,0.0,de,1
Hamas zusammeng,Hamas zusammeng,PER,-1.0,0.0,de,1
Top-Profi von Liga-Konkurrent,Top-Profi von Liga-Konkurrent,PER,0.0,0.0,de,1
Irans Chefunterhändler Ghalibaf,Irans Chefunterhändler Ghalibaf,PER,-0.7,0.0,de,1
Soulmates-Gründer Leslie Mandoki,Soulmates-Gründer Leslie Mandoki,PER,0.7,0.0,de,1
Blanche Sprague,Blanche Sprague,PER,0.0,0.0,de,1
Putins Abschlusspressekonferenz,Putins Abschlusspressekonferenz,PER,0.0,0.0,de,1
Rust Crates,Rust Crates,PER,1.0,0.0,de,1
Ecca Vandal,Ecca Vandal,PER,0.0,0.0,de,1
Sieg-Befehl von Boss Kehl,Sieg-Befehl von Boss Kehl,PER,0.0,0.0,de,1
Douglas Burgum,Douglas Burgum,PER,0.0,1.0,de,1
AfD-Vorsitzender Chrupalla,AfD-Vorsitzender Chrupalla,PER,0.0,0.0,de,1
Droht Spritpreiszoff,Droht Spritpreiszoff,PER,0.0,0.0,de,1
Sicherheit de,Sicherheit de,PER,-0.7,0.0,de,1
Trumps Nahost-Politik,Trumps Nahost-Politik,PER,1.0,0.0,de,1
Olha Stefanishyna,Olha Stefanishyna,PER,0.0,0.0,de,1
Wolodymyr Karasteliow,Wolodymyr Karasteliow,PER,0.0,0.0,de,1
Samantha Dixon,Samantha Dixon,PER,0.0,0.0,de,1
Ex-Boxweltmeister Tete,Ex-Boxweltmeister Tete,PER,0.0,0.0,de,1
Luke Pollar,Luke Pollar,PER,0.0,0.0,de,1
Sinkende Geburtenrate,Sinkende Geburtenrate,PER,-1.0,0.0,de,1
Jonas Baumann,Jonas Baumann,PER,0.0,0.0,de,1
Irans Sicherheitsratschef Rezaei,Irans Sicherheitsratschef Rezaei,PER,0.0,0.0,de,1
Miriam Höller,Miriam Höller,PER,-0.7,0.0,de,1
Christian Graf von Krockow,Christian Graf von Krockow,PER,0.0,0.0,de,1
TV-Koch Roland Trettl,TV-Koch Roland Trettl,PER,-0.7,0.0,de,1
Vitali Klitsc,Vitali Klitsc,PER,0.0,0.0,de,1
Trumps Wirtschaftskrieg,Trumps Wirtschaftskrieg,PER,0.0,0.0,de,1
Macron sagt Kiew,Macron sagt Kiew,PER,0.0,0.0,de,1
nan Teheran,nan Teheran,PER,0.0,0.0,de,1
Ioanni V,Ioanni V,PER,0.0,0.0,de,1
Iwan Fedor,Iwan Fedor,PER,0.0,0.0,de,1
Mann rast,Mann rast,PER,0.0,0.0,de,1
Ex-BND-Chef Gerhard Schindler,Ex-BND-Chef Gerhard Schindler,PER,0.0,0.0,de,1
Taleb Al-A,Taleb Al-A,PER,0.7,0.0,de,1
Aufiero is,Aufiero is,PER,0.0,0.0,de,1
Liz Harvie,Liz Harvie,PER,0.0,0.0,de,1
Dirk Panter,Dirk Panter,PER,-0.7,0.0,de,1
Bashar al-Asad ,Bashar al-Asad ,PER,0.0,0.0,de,1
IfW-Konjunkturchef Kooths,IfW-Konjunkturchef Kooths,PER,-0.7,0.0,de,1
Louisa Schneider,Louisa Schneider,PER,0.0,0.0,de,1
Michal Si,Michal Si,PER,0.0,0.0,de,1
Menschengemachter Klimawandel,Menschengemachter Klimawandel,PER,0.0,0.0,de,1
Silvia Steiner,Silvia Steiner,PER,0.0,0.0,de,1
Horst Hel,Horst Hel,PER,0.0,0.0,de,1
Schröders Geburtstagsfeier,Schröders Geburtstagsfeier,PER,0.0,0.0,de,1
Robert Koch-Institut,Robert Koch-Institut,PER,0.0,0.0,de,1
Ex-BND-Chef Schindler,Ex-BND-Chef Schindler,PER,0.0,0.0,de,1
András Schäfer,András Schäfer,PER,0.0,0.0,de,1
Marco Grüll Werder,Marco Grüll Werder,PER,0.0,0.0,de,1
Patrik Schick,Patrik Schick,PER,0.0,0.0,de,1
Illia Kovtun,Illia Kovtun,PER,0.0,0.0,de,1
Magdeburger Todesfahrer,Magdeburger Todesfahrer,PER,0.0,0.0,de,1
Volker Wissing tr,Volker Wissing tr,PER,0.0,0.0,de,1
Özgür Ayba,Özgür Ayba,PER,0.4666666666666666,0.26666666666666666,de,1
Moskaus Abnutzungskrieg,Moskaus Abnutzungskrieg,PER,1.0,0.0,de,1
Selenskyj Gedankenspiele,Selenskyj Gedankenspiele,PER,0.0,0.0,de,1
Armee-Chef Syrskyj,Armee-Chef Syrskyj,PER,0.0,0.0,de,1
Robert Ficos,Robert Ficos,PER,0.0,0.0,de,1
Wladimir Kara-Mursa ha,Wladimir Kara-Mursa ha,PER,0.0,0.0,de,1
Ozon Löcher,Ozon Löcher,PER,0.35,0.5,de,1
Ghislaine Maxwells,Ghislaine Maxwells,PER,-0.85,0.0,de,1
Oliver Heer,Oliver Heer,PER,0.0,0.0,de,1
Vierfach-Verlierer Mohsen Rezaee,Vierfach-Verlierer Mohsen Rezaee,PER,0.0,0.0,de,1
Standard-Schoko-Weihnachtsmännern von Lindt,Standard-Schoko-Weihnachtsmännern von Lindt,PER,0.0,0.0,de,1
Bayerns Verkehrsmini,Bayerns Verkehrsmini,PER,0.0,0.0,de,1
Rodrigo Pastore,Rodrigo Pastore,PER,0.0,0.0,de,1
Vadym Sukharevskyi,Vadym Sukharevskyi,PER,0.0,0.0,de,1
Stopp von Gastransit,Stopp von Gastransit,PER,0.0,0.0,de,1
Regierungschef Fico u,Regierungschef Fico u,PER,0.0,0.0,de,1
Thomas Schröder,Thomas Schröder,PER,0.7,0.0,de,1
Gerrit Schröder,Gerrit Schröder,PER,1.0,0.0,de,1
Jurij Butussow,Jurij Butussow,PER,0.0,0.0,de,1
Donald Trump Deutschland,Donald Trump Deutschland,PER,0.7,0.0,de,1
Reedereichef Rolf Habben Janse,Reedereichef Rolf Habben Janse,PER,-1.0,0.0,de,1
Grüße für Putin,Grüße für Putin,PER,0.0,0.0,de,1
Matthew Miller,Matthew Miller,PER,0.7,0.0,de,1
Ernst König Finanzakademie,Ernst König Finanzakademie,PER,0.0,0.0,de,1
Robert F,Robert F,PER,0.0,0.0,de,1
Fünfstöckiges Wohnhaus,Fünfstöckiges Wohnhaus,PER,0.0,0.0,de,1
Moskauer Top-Ökonom,Moskauer Top-Ökonom,PER,-0.7,0.0,de,1
José Raúl Mulino,José Raúl Mulino,PER,0.0,0.0,de,1
Lügt Frau Wagenknecht,Lügt Frau Wagenknecht,PER,-1.0,0.0,de,1
Jean Massillon,Jean Massillon,PER,-1.0,0.0,de,1
Kurt Fischer,Kurt Fischer,PER,-0.3333333333333333,0.0,de,1
Gerhard Schindller,Gerhard Schindller,PER,0.0,0.0,de,1
Mann zwisc,Mann zwisc,PER,0.0,0.0,de,1
Donald Trump accused Iran,Donald Trump accused Iran,PER,0.0,0.0,de,1
Habecks Wirtschaftswahlkampf,Habecks Wirtschaftswahlkampf,PER,0.0,0.0,de,1
Pau Victor,Pau Victor,PER,0.0,0.0,de,1
Orbáns Waffen,Orbáns Waffen,PER,0.0,0.0,de,1
Andrij Kowalenko,Andrij Kowalenko,PER,0.0,0.0,de,1
Michael Höllerer,Michael Höllerer,PER,0.0,0.0,de,1
András Baka,András Baka,PER,0.0,0.0,de,1
Orbáns Abwahl,Orbáns Abwahl,PER,0.0,0.0,de,1
Robert Gilman,Robert Gilman,PER,0.0,1.0,de,1
Klaus Rosenfeld,Klaus Rosenfeld,PER,0.0,0.8,de,1
Klaus Rosenf,Klaus Rosenf,PER,0.0,0.0,de,1
Landtagsfraktionschef Hans-Ulrich Rülke,Landtagsfraktionschef Hans-Ulrich Rülke,PER,0.0,0.0,de,1
Rapids Sportg,Rapids Sportg,PER,0.0,0.0,de,1
Teherans Hebel,Teherans Hebel,PER,0.0,0.0,de,1
Alexander Martemjanow,Alexander Martemjanow,PER,0.7,0.0,de,1
Robert Brovdi,Robert Brovdi,PER,0.0,0.0,de,1
Staatschef Yoon,Staatschef Yoon,PER,0.0,0.0,de,1
Ulrich Dregler,Ulrich Dregler,PER,0.0,0.0,de,1
Mychajlo Federow,Mychajlo Federow,PER,0.7,0.0,de,1
Börsenstratege Oliver Roth,Börsenstratege Oliver Roth,PER,-0.7,0.0,de,1
Nobelpreisträger Krugman,Nobelpreisträger Krugman,PER,-0.7,0.0,de,1
Luigi Mangione,Luigi Mangione,PER,-1.0,0.0,de,1
Flugzeugabsturz Flüge,Flugzeugabsturz Flüge,PER,0.0,0.0,de,1
Herrn Thompson,Herrn Thompson,PER,0.0,0.0,de,1
Jan Böhmermanns,Jan Böhmermanns,PER,0.0,0.0,de,1
Nordkoreas Truppen,Nordkoreas Truppen,PER,-1.0,0.0,de,1
Gerd Koenen,Gerd Koenen,PER,0.0,0.0,de,1
Marie Droste,Marie Droste,PER,0.7,0.0,de,1
Baltasar Graciáns Handorakel,Baltasar Graciáns Handorakel,PER,0.0,0.0,de,1
El Al Flüge,El Al Flüge,PER,0.0,0.0,de,1
Andrej Klepatsch Russland,Andrej Klepatsch Russland,PER,0.0,0.0,de,1
Trumps IranKrieg,Trumps IranKrieg,PER,0.0,0.0,de,1
Hans-Otto Pörtn,Hans-Otto Pörtn,PER,0.0,1.0,de,1
Marie D,Marie D,PER,0.7,0.0,de,1
Hans-Otto Pörtner,Hans-Otto Pörtner,PER,0.0,1.0,de,1
Wladimir Putin z,Wladimir Putin z,PER,0.0,0.0,de,1
Herrn Klepatsch,Herrn Klepatsch,PER,0.0,0.0,de,1
Andrej Klepatsch,Andrej Klepatsch,PER,1.0,0.0,de,1
Mohammed Baghar Ghalibaf,Mohammed Baghar Ghalibaf,PER,0.0,0.0,de,1
Luft adé,Luft adé,PER,0.0,0.0,de,1
Carlos Tavares,Carlos Tavares,PER,0.0,1.0,de,1
Daniel Keller,Daniel Keller,PER,0.0,0.0,de,1
Maximilian Handl,Maximilian Handl,PER,0.0,0.0,de,1
X-Beitrag von Orban,X-Beitrag von Orban,PER,-1.0,0.0,de,1
Lars Kling,Lars Kling,PER,0.0,0.0,de,1
Epstein-Komplizin Maxwell,Epstein-Komplizin Maxwell,PER,0.0,0.0,de,1
Boris Nadeschd,Boris Nadeschd,PER,0.0,0.0,de,1
Assads Sturz,Assads Sturz,PER,0.0,0.0,de,1
Rolle Grenzkontrollen,Rolle Grenzkontrollen,PER,0.0,0.0,de,1
Robert Kalinak,Robert Kalinak,PER,0.0,0.0,de,1
Manfred Segerer,Manfred Segerer,PER,0.0,0.0,de,1
Adam Silver,Adam Silver,PER,-0.5,0.5,de,1
Shaquille O’Neal,Shaquille O’Neal,PER,-0.5,0.5,de,1
Schuldeingeständnis Russlands,Schuldeingeständnis Russlands,PER,0.0,0.0,de,1
Simon Strauß,Simon Strauß,PER,1.0,0.0,de,1
Hilde Knef,Hilde Knef,PER,0.7,0.0,de,1
Iran Piraterie,Iran Piraterie,PER,0.0,0.0,de,1
Straße von Hormussoll,Straße von Hormussoll,PER,0.0,0.0,de,1
Martin Hermannsson,Martin Hermannsson,PER,1.0,0.0,de,1
Behati P,Behati P,PER,0.0,0.0,de,1
David Brucklacher,David Brucklacher,PER,1.0,0.0,de,1
Trump says Strait of Hormuz has been demined,Trump says Strait of Hormuz has been demined,PER,0.0,0.0,de,1
bin Dasha Burns,bin Dasha Burns,PER,0.0,0.0,de,1
Andrew Lloyd Webber,Andrew Lloyd Webber,PER,0.15000000000000002,0.0,de,1
Thorsten Alsleben,Thorsten Alsleben,PER,0.7,0.0,de,1
Anne Teresa De Keersmaeker,Anne Teresa De Keersmaeker,PER,0.0,0.0,de,1
Claudia Bothe,Claudia Bothe,PER,0.0,0.0,de,1
Westantarktischer Eisschild,Westantarktischer Eisschild,PER,0.0,0.0,de,1
Zarya Maxim Alexandrovich,Zarya Maxim Alexandrovich,PER,0.7,0.0,de,1
Norwegens Superreiche,Norwegens Superreiche,PER,0.7,0.0,de,1
Staatssekretärin Eibinger-Miedl,Staatssekretärin Eibinger-Miedl,PER,0.0,0.0,de,1
Kameras auszustatt,Kameras auszustatt,PER,0.0,0.0,de,1
Videos von Unfällen und Verkehrsvergehen,Videos von Unfällen und Verkehrsvergehen,PER,0.0,0.0,de,1
Florian Ha,Florian Ha,PER,0.0,0.0,de,1
Horst Mager,Horst Mager,PER,0.7,0.0,de,1
Radouan Mriziga,Radouan Mriziga,PER,0.0,0.0,de,1
Trumps Politikstil,Trumps Politikstil,PER,0.0,0.0,de,1
Serhij Korezkyj,Serhij Korezkyj,PER,0.0,0.0,de,1
humanitärem Korridor,humanitärem Korridor,PER,1.0,0.0,de,1
Trumps Sonderbeauftragtem Kellogg +++ Ukraine,Trumps Sonderbeauftragtem Kellogg +++ Ukraine,PER,1.0,0.0,de,1
Pia Heinemann,Pia Heinemann,PER,0.0,0.0,de,1
Darina Zarivna,Darina Zarivna,PER,0.0,0.0,de,1
Trumps Sanktionen,Trumps Sanktionen,PER,0.0,0.0,de,1
Lego DeLorean,Lego DeLorean,PER,0.0,0.0,de,1
Doc Brown,Doc Brown,PER,0.0,1.0,de,1
Daniela Rus,Daniela Rus,PER,0.0,0.0,de,1
Ben R,Ben R,PER,0.0,0.0,de,1
Putin Extra-Milliarden,Putin Extra-Milliarden,PER,0.0,0.0,de,1
Maxim Bil,Maxim Bil,PER,0.85,0.0,de,1
Martin Kocher,Martin Kocher,PER,0.0,0.0,de,1
wem Trump,wem Trump,PER,0.0,0.0,de,1
Golfstaaten tatsä,Golfstaaten tatsä,PER,0.0,0.0,de,1
Maxim Billers,Maxim Billers,PER,0.0,0.0,de,1
Microsofts Surface-Studio-Reihe,Microsofts Surface-Studio-Reihe,PER,0.0,0.0,de,1
Ibrahim Maza,Ibrahim Maza,PER,0.0,0.0,de,1
EZB-Ratsmitglied Kocher,EZB-Ratsmitglied Kocher,PER,0.0,0.0,de,1
Finanz-Expertin Katharina Lüth von Raisin,Finanz-Expertin Katharina Lüth von Raisin,PER,0.0,0.0,de,1
Unions-Kandidat Friedrich Merz,Unions-Kandidat Friedrich Merz,PER,0.0,0.0,de,1
Fake-Video von Musk,Fake-Video von Musk,PER,0.0,0.0,de,1
Sahra Wagenk,Sahra Wagenk,PER,0.0,0.0,de,1
Karla Sofía,Karla Sofía,PER,0.0,0.0,de,1
Österreichs Notenbankchef Martin Kocher,Österreichs Notenbankchef Martin Kocher,PER,0.0,0.0,de,1
Stuttgarter Schülerin,Stuttgarter Schülerin,PER,0.0,1.0,de,1
Thomas Brüggemann,Thomas Brüggemann,PER,0.0,0.0,de,1
Premierministerin Takaichi,Premierministerin Takaichi,PER,0.7,0.0,de,1
Gewinnsprung Jahresziele,Gewinnsprung Jahresziele,PER,0.0,0.0,de,1
Bild-Journalist Paul Ronzheimer,Bild-Journalist Paul Ronzheimer,PER,0.0,1.0,de,1
Julia Bellan,Julia Bellan,PER,0.0,0.0,de,1
Albert Weber,Albert Weber,PER,0.0,0.0,de,1
Judith Schey,Judith Schey,PER,0.0,0.0,de,1
Trump Jr,Trump Jr,PER,0.0,0.0,de,1
Cristian Fiél,Cristian Fiél,PER,0.0,0.0,de,1
Hans Herbert von Arnim,Hans Herbert von Arnim,PER,0.0,0.0,de,1
MagGo Powerbank,MagGo Powerbank,PER,0.0,0.0,de,1
Australiens Outback,Australiens Outback,PER,0.7,0.0,de,1
Ukrainische Dro,Ukrainische Dro,PER,0.0,0.0,de,1
Peter Richrath,Peter Richrath,PER,0.0,0.0,de,1
Moskau bereite,Moskau bereite,PER,0.0,0.0,de,1
Bandar Abbas,Bandar Abbas,PER,-1.0,0.0,de,1
Astrid Paperone,Astrid Paperone,PER,0.0,0.0,de,1
Iran-Kriegs Medienberichten,Iran-Kriegs Medienberichten,PER,0.5,0.5,de,1
Torben Osterm,Torben Osterm,PER,0.0,0.0,de,1
Pekka Sagner,Pekka Sagner,PER,0.0,0.0,de,1
Martin Marianowicz,Martin Marianowicz,PER,0.0,0.0,de,1
Disruptiver Bürokratieabbau,Disruptiver Bürokratieabbau,PER,0.0,0.0,de,1
Jahja Sari,Jahja Sari,PER,0.0,0.0,de,1
Habecks wunder,Habecks wunder,PER,0.0,0.0,de,1
Norwegen Piraterie,Norwegen Piraterie,PER,0.0,0.0,de,1
Blutüberströmte Menschen,Blutüberströmte Menschen,PER,0.0,0.0,de,1
Vertriebsvorstand Detlev von Platen,Vertriebsvorstand Detlev von Platen,PER,0.0,0.0,de,1
Annabel Denham,Annabel Denham,PER,0.2333333333333333,0.0,de,1
Entscheidungen Trumps,Entscheidungen Trumps,PER,0.0,0.0,de,1
Sebastian Bock,Sebastian Bock,PER,0.7,0.0,de,1
Syriens Diktator,Syriens Diktator,PER,-1.0,0.0,de,1
Outback Westaustraliens,Outback Westaustraliens,PER,-0.7,0.0,de,1
Kim Lea Holzmann,Kim Lea Holzmann,PER,0.0,0.0,de,1
Pedro Alonso-Alonso,Pedro Alonso-Alonso,PER,0.0,0.0,de,1
Andrea Orcel,Andrea Orcel,PER,0.0,0.0,de,1
Kim Yong Hyun,Kim Yong Hyun,PER,0.0,0.0,de,1
Roger Federer,Roger Federer,PER,0.0,0.0,de,1
Kolumne Weltblick,Kolumne Weltblick,PER,0.0,0.0,de,1
Andreas Frey,Andreas Frey,PER,0.0,0.0,de,1
Erika Rasch,Erika Rasch,PER,0.0,0.0,de,1
Richard Grieveson,Richard Grieveson,PER,0.0,0.0,de,1
Christian Hanus,Christian Hanus,PER,0.0,1.0,de,1
Piers Morgan,Piers Morgan,PER,0.0,0.0,de,1
Meteorologen Tiefausläufer,Meteorologen Tiefausläufer,PER,0.0,0.0,de,1
Baschar al-Assa,Baschar al-Assa,PER,0.0,0.0,de,1
Max Verstappen crasht,Max Verstappen crasht,PER,0.0,0.0,de,1
Max V,Max V,PER,0.0,0.0,de,1
Marcel Schäfer,Marcel Schäfer,PER,0.0,0.0,de,1
Rose Job-Garantie,Rose Job-Garantie,PER,0.0,1.0,de,1
Oleh Syniehubov,Oleh Syniehubov,PER,-1.0,0.0,de,1
Carsten Franzke,Carsten Franzke,PER,0.5,0.0,de,1
Frauke Zbikowski,Frauke Zbikowski,PER,0.0,0.0,de,1
Donald Trump Gespräche,Donald Trump Gespräche,PER,0.0,0.0,de,1
Alexej Polischtschuk,Alexej Polischtschuk,PER,0.0,0.0,de,1
Pressefoto Ulmer,Pressefoto Ulmer,PER,0.7,0.0,de,1
Antonelli ma,Antonelli ma,PER,0.0,0.0,de,1
Jawad Ahmadi,Jawad Ahmadi,PER,0.0,0.0,de,1
Österreichs Innenminister,Österreichs Innenminister,PER,0.0,0.0,de,1
Sandra Biegger,Sandra Biegger,PER,0.0,0.0,de,1
"Frau""-Stars Anna","Frau""-Stars Anna",PER,0.0,0.0,de,1
Clemens Schömann-Finck,Clemens Schömann-Finck,PER,1.0,0.0,de,1
Startelf-Rückkehrer Jonathan Burkardt,Startelf-Rückkehrer Jonathan Burkardt,PER,0.0,0.0,de,1
Einschüchterungsversuche Russlands,Einschüchterungsversuche Russlands,PER,0.0,0.0,de,1
Ralf Rangnick,Ralf Rangnick,PER,0.7,0.0,de,1
Unionsfraktionsvize Sepp Müller,Unionsfraktionsvize Sepp Müller,PER,1.0,0.0,de,1
Gesprächen von Washington,Gesprächen von Washington,PER,0.0,0.0,de,1
Gerhard Karner,Gerhard Karner,PER,-1.0,0.0,de,1
Militärbündnis spric,Militärbündnis spric,PER,0.0,0.0,de,1
Markus Feldenkirchen,Markus Feldenkirchen,PER,0.0,0.0,de,1
Donald Trumps Politi,Donald Trumps Politi,PER,0.0,0.0,de,1
Donald Trumps Politikstil,Donald Trumps Politikstil,PER,0.0,0.0,de,1
Robert Pausch,Robert Pausch,PER,0.7,0.0,de,1
Paul Middelhoff,Paul Middelhoff,PER,0.7,0.0,de,1
Irans Generäle,Irans Generäle,PER,0.0,0.0,de,1
Lisa Caspari,Lisa Caspari,PER,0.7,0.0,de,1
Roboter Tappy,Roboter Tappy,PER,0.0,0.0,de,1
By Andrea Shalal WASHINGTON,By Andrea Shalal WASHINGTON,PER,0.0,0.0,de,1
Ole Werner,Ole Werner,PER,0.0,0.0,de,1
Donald Trumps Ruhm,Donald Trumps Ruhm,PER,-0.85,0.0,de,1
Selenskyj Friedensabkommen,Selenskyj Friedensabkommen,PER,0.2333333333333333,0.0,de,1
Mehrzad Boroujerdi,Mehrzad Boroujerdi,PER,-0.85,0.0,de,1
Putins neoimperiales,Putins neoimperiales,PER,0.0,0.0,de,1
Merz zu Ukraine-Zukunft,Merz zu Ukraine-Zukunft,PER,0.0,0.0,de,1
Trumps Ukraine-Politik hei,Trumps Ukraine-Politik hei,PER,0.0,0.0,de,1
Budapester Memorandum,Budapester Memorandum,PER,0.0,0.0,de,1
Washingtons Motto,Washingtons Motto,PER,0.0,0.0,de,1
Erdoğan Selenskyj,Erdoğan Selenskyj,PER,0.0,0.0,de,1
Wladimir Putin be,Wladimir Putin be,PER,-1.0,0.0,de,1
Russen Gespräche,Russen Gespräche,PER,0.0,0.0,de,1
Mann mit Waffen,Mann mit Waffen,PER,-1.0,0.0,de,1
Keith K,Keith K,PER,0.0,0.0,de,1
Trumps Nachsicht,Trumps Nachsicht,PER,0.7,0.0,de,1
Handwerkspräsident Dittrich,Handwerkspräsident Dittrich,PER,1.0,0.0,de,1
Europas Musterschüler,Europas Musterschüler,PER,0.7,0.0,de,1
Annalena Baerbocks,Annalena Baerbocks,PER,-1.0,0.0,de,1
Gabriel für Rheinmetalls Aufsichtsrat,Gabriel für Rheinmetalls Aufsichtsrat,PER,0.0,0.0,de,1
Ex-Ukraine-Botschafter Melnyk,Ex-Ukraine-Botschafter Melnyk,PER,1.0,0.0,de,1
Trumps Aussenminister Marco Rubio,Trumps Aussenminister Marco Rubio,PER,0.0,0.0,de,1
Amerikas Verteidigungssektor,Amerikas Verteidigungssektor,PER,0.0,0.0,de,1
Ulrike Mauersberger,Ulrike Mauersberger,PER,0.0,0.0,de,1
Donald Trumps Frontalangriff,Donald Trumps Frontalangriff,PER,0.0,0.0,de,1
Liveblog Frankreichs,Liveblog Frankreichs,PER,0.2333333333333333,0.0,de,1
Daniel Peter,Daniel Peter,PER,0.0,0.0,de,1
Reißt Trump,Reißt Trump,PER,0.0,0.0,de,1
Opels Frischluft-Turbo,Opels Frischluft-Turbo,PER,-0.7,0.0,de,1
André Ventura,André Ventura,PER,0.7,0.0,de,1
Călin Georgescu,Călin Georgescu,PER,-1.0,0.0,de,1
Rede von US-Verteidigungsminister,Rede von US-Verteidigungsminister,PER,-1.0,0.0,de,1
HIV-positiven Mensc,HIV-positiven Mensc,PER,1.0,0.0,de,1
Dmytro Scherembej,Dmytro Scherembej,PER,1.0,0.0,de,1
Sohn Ben,Sohn Ben,PER,-0.7,0.0,de,1
Elena Lasconi,Elena Lasconi,PER,0.0,0.0,de,1
Frankens Winzer,Frankens Winzer,PER,0.0,1.0,de,1
Donald Trumpwill,Donald Trumpwill,PER,0.0,0.0,de,1
Cho Kyung-tae,Cho Kyung-tae,PER,-0.7,0.0,de,1
Dmytro Lubinets,Dmytro Lubinets,PER,0.0,0.0,de,1
Stefan Pfandler,Stefan Pfandler,PER,1.0,0.0,de,1
Gladbachs Fehlstart,Gladbachs Fehlstart,PER,0.0,0.0,de,1
Trumps Macht b,Trumps Macht b,PER,0.0,0.0,de,1
Mohsen Resaei,Mohsen Resaei,PER,0.0,0.0,de,1
Marcin Kierwiski,Marcin Kierwiski,PER,0.0,0.0,de,1
Tetiana Mykolaiwna,Tetiana Mykolaiwna,PER,0.0,0.0,de,1
Goldener Löwe,Goldener Löwe,PER,1.0,0.0,de,1
Renault-Chef Luca De Meo,Renault-Chef Luca De Meo,PER,0.0,0.0,de,1
Kristina Kühnbaum-Schmidt,Kristina Kühnbaum-Schmidt,PER,0.0,0.0,de,1
Kostiantyn Denysov,Kostiantyn Denysov,PER,0.0,0.0,de,1
Putins Einpeitscher,Putins Einpeitscher,PER,1.0,0.0,de,1
Volkswagen-Konzernchef Oliver Blume,Volkswagen-Konzernchef Oliver Blume,PER,0.0,0.0,de,1
Heiko Teggatz spri,Heiko Teggatz spri,PER,0.0,0.0,de,1
Trumps Grönland-Vorstoß,Trumps Grönland-Vorstoß,PER,0.0,0.0,de,1
Mariana M,Mariana M,PER,0.7,0.0,de,1
Rainer Kraft,Rainer Kraft,PER,0.0,0.0,de,1
Tina Dreimann,Tina Dreimann,PER,0.7,0.0,de,1
Neville Chamberlains,Neville Chamberlains,PER,0.0,0.0,de,1
Lars-Hendrik Röller,Lars-Hendrik Röller,PER,0.0,0.0,de,1
Geopolitik Südkoreas,Geopolitik Südkoreas,PER,0.0,0.0,de,1
Putin Geschenke,Putin Geschenke,PER,-0.7,0.0,de,1
EU-Verteidigungskommissar Kubilius,EU-Verteidigungskommissar Kubilius,PER,0.0,0.0,de,1
Nato-Mitglied Finnland,Nato-Mitglied Finnland,PER,0.0,0.0,de,1
Armin Papperge,Armin Papperge,PER,0.0,0.0,de,1
Liveblog Kiews,Liveblog Kiews,PER,0.0,0.0,de,1
Südkoreas Regierungspartei,Südkoreas Regierungspartei,PER,-0.7,0.0,de,1
August Anklage,August Anklage,PER,0.0,0.0,de,1
Solarwärme Bracht,Solarwärme Bracht,PER,0.0,0.0,de,1
Ministerpräsidentin Swyrydenko,Ministerpräsidentin Swyrydenko,PER,0.7,0.0,de,1
Pete Hegse,Pete Hegse,PER,0.0,0.0,de,1
Stefan Rampfel,Stefan Rampfel,PER,0.0,0.0,de,1
Heiko Teggatz,Heiko Teggatz,PER,0.7,0.0,de,1
Pentagonchef Hegseth,Pentagonchef Hegseth,PER,0.0,0.0,de,1
bombadiert Iran,bombadiert Iran,PER,0.0,0.0,de,1
Rechtsphilosoph Felix Ekardt,Rechtsphilosoph Felix Ekardt,PER,1.0,0.0,de,1
Syriens Rebellen,Syriens Rebellen,PER,0.0,0.0,de,1
Axel Sprin,Axel Sprin,PER,0.0,0.0,de,1
Wolfgang Richte,Wolfgang Richte,PER,0.0,0.0,de,1
Militärexpertin Major,Militärexpertin Major,PER,0.0,0.0,de,1
Tupac Shakur,Tupac Shakur,PER,0.0,0.0,de,1
Boris G,Boris G,PER,0.0,0.0,de,1
Online-Händler Wildberries,Online-Händler Wildberries,PER,0.0,0.0,de,1
Moskaus Mächtige,Moskaus Mächtige,PER,0.7,0.0,de,1
Attentate von Asylbewerbern,Attentate von Asylbewerbern,PER,0.0,1.0,de,1
Franka Bauernfeind,Franka Bauernfeind,PER,0.7,0.0,de,1
Europas Gaspreis,Europas Gaspreis,PER,0.0,0.0,de,1
Melanie Weber-Moritz,Melanie Weber-Moritz,PER,-1.0,0.0,de,1
Trumps Ukraine-Vorstoß,Trumps Ukraine-Vorstoß,PER,0.0,0.0,de,1
Verivox-Energieexperte Thorsten Storck,Verivox-Energieexperte Thorsten Storck,PER,0.0,0.0,de,1
Martin Sellners,Martin Sellners,PER,0.0,0.0,de,1
Mann von Bundespolizisten,Mann von Bundespolizisten,PER,0.0,0.0,de,1
Habecks Kraftwerksgesetz,Habecks Kraftwerksgesetz,PER,0.0,0.0,de,1
Daniel Gräber,Daniel Gräber,PER,0.0,1.0,de,1
"Sturmtief ""Éowyn","Sturmtief ""Éowyn",PER,0.0,0.0,de,1
Iran-Krieg Bilanz,Iran-Krieg Bilanz,PER,-0.7,0.0,de,1
Israels Premier Benjamin Netanjahu,Israels Premier Benjamin Netanjahu,PER,0.0,0.0,de,1
Wolodymyr Selenskyj arb,Wolodymyr Selenskyj arb,PER,0.0,0.0,de,1
Filmfestival von Venedig,Filmfestival von Venedig,PER,0.0,1.0,de,1
Ali al-Saidi,Ali al-Saidi,PER,0.0,0.0,de,1
Karina Ariev,Karina Ariev,PER,0.0,0.0,de,1
Gerald Heere,Gerald Heere,PER,-0.7999999999999999,0.0,de,1
Liri Albag,Liri Albag,PER,0.0,0.0,de,1
Johann Wadepul,Johann Wadepul,PER,-0.7,0.0,de,1
Detlef Placzek,Detlef Placzek,PER,0.7,0.0,de,1
Vorstandschef Källenius,Vorstandschef Källenius,PER,1.0,0.0,de,1
Mykola Kalaschnyk,Mykola Kalaschnyk,PER,0.0,0.0,de,1
Wadim Krasnoselsky,Wadim Krasnoselsky,PER,0.0,0.0,de,1
Thomas Manns,Thomas Manns,PER,0.0,0.0,de,1
nan Oman,nan Oman,PER,0.0,0.0,de,1
Andreiy Sadovyi,Andreiy Sadovyi,PER,0.0,0.0,de,1
Celsius i,Celsius i,PER,0.0,0.0,de,1
Kathrin Becker,Kathrin Becker,PER,1.0,0.0,de,1
Mark Benecke,Mark Benecke,PER,0.0,0.0,de,1
Andrej Kurkow,Andrej Kurkow,PER,-1.0,0.0,de,1
Filmfestivals von Venedig,Filmfestivals von Venedig,PER,0.0,0.0,de,1
Petersburg Wladimir Putin,Petersburg Wladimir Putin,PER,0.0,0.0,de,1
Heinz Bednar,Heinz Bednar,PER,-0.7,0.0,de,1
Italiens Nationalelf,Italiens Nationalelf,PER,0.0,0.0,de,1
Kevin Warsh ernst,Kevin Warsh ernst,PER,0.0,0.0,de,1
Oath Keepers,Oath Keepers,PER,0.0,0.0,de,1
Liveblog US-Senatoren,Liveblog US-Senatoren,PER,0.0,0.0,de,1
Gernot Gasser,Gernot Gasser,PER,0.0,0.0,de,1
Trumps Zolldrohungen,Trumps Zolldrohungen,PER,0.0,0.0,de,1
Gilberto Pichetto Fratin,Gilberto Pichetto Fratin,PER,0.0,0.0,de,1
Mussab Abou R,Mussab Abou R,PER,-1.0,0.0,de,1
Johann Strobl,Johann Strobl,PER,-1.0,0.0,de,1
Madlen Stottmeyer,Madlen Stottmeyer,PER,0.0,0.0,de,1
Machthabers Baschar al-Assad,Machthabers Baschar al-Assad,PER,-1.0,0.0,de,1
Mariusz Ochalski,Mariusz Ochalski,PER,0.0,0.0,de,1
Europas Selbstbewusstsein,Europas Selbstbewusstsein,PER,0.0,0.0,de,1
Schergen Assads,Schergen Assads,PER,-1.0,0.0,de,1
Leopold Aschenbrenner,Leopold Aschenbrenner,PER,0.0,0.0,de,1
Steffen Schütz,Steffen Schütz,PER,0.0,0.0,de,1
Infrastrukturminister Steffen Schütz,Infrastrukturminister Steffen Schütz,PER,0.0,0.0,de,1
Deutschlands Stromnetz,Deutschlands Stromnetz,PER,0.0,0.0,de,1
Oleksandr Kamyschin,Oleksandr Kamyschin,PER,0.0,0.0,de,1
Venezuelas Erdölschätzen,Venezuelas Erdölschätzen,PER,0.0,0.0,de,1
Martin Schröder,Martin Schröder,PER,-1.0,0.0,de,1
Venezuelas Erdöl,Venezuelas Erdöl,PER,0.0,0.0,de,1
Israel bese,Israel bese,PER,0.0,0.0,de,1
Atacms«-Einsatz Kiews,Atacms«-Einsatz Kiews,PER,-0.43333333333333335,0.0,de,1
Bayern-Ehrenpräsident Uli Hoeneß,Bayern-Ehrenpräsident Uli Hoeneß,PER,0.0,0.0,de,1
© Axel Springer Deu,© Axel Springer Deu,PER,0.0,0.0,de,1
klimaneutrales Heizöl,klimaneutrales Heizöl,PER,0.3,0.0,de,1
Finanzminister Anton Siluanow,Finanzminister Anton Siluanow,PER,0.0,0.0,de,1
Ausbau von Freibädern,Ausbau von Freibädern,PER,0.0,0.0,de,1
Andriy Yermak,Andriy Yermak,PER,0.15000000000000002,0.0,de,1
Afghanischer Messer-Mörder,Afghanischer Messer-Mörder,PER,0.0,0.0,de,1
Polens Premier Tusk,Polens Premier Tusk,PER,0.0,0.0,de,1
Leo Krivski,Leo Krivski,PER,0.0,0.0,de,1
Lex Fridman,Lex Fridman,PER,0.0,0.0,de,1
Ikea Liljebagge,Ikea Liljebagge,PER,0.0,0.0,de,1
Medico-International-Chef Tsafrir Cohen,Medico-International-Chef Tsafrir Cohen,PER,-0.7,0.0,de,1
Johan Axelsson,Johan Axelsson,PER,0.0,0.0,de,1
Serhiy Boev,Serhiy Boev,PER,0.0,0.0,de,1
Änis B,Änis B,PER,-0.7,0.0,de,1
Ina Rumiantseva,Ina Rumiantseva,PER,0.0,1.0,de,1
Marc Rich,Marc Rich,PER,0.0,0.0,de,1
Muhammad al-Baschir,Muhammad al-Baschir,PER,-0.5249999999999999,0.0,de,1
Marc R,Marc R,PER,0.0,0.0,de,1
Pete Heg,Pete Heg,PER,0.0,0.0,de,1
Danielle Hegeseth,Danielle Hegeseth,PER,0.0,0.0,de,1
Kai Havertz,Kai Havertz,PER,0.7,0.0,de,1
Tsafrir Cohen,Tsafrir Cohen,PER,0.0,0.0,de,1
nan Südkoreas,nan Südkoreas,PER,-1.0,0.0,de,1
Daniilas J,Daniilas J,PER,-0.7,0.0,de,1
Theo Waigel,Theo Waigel,PER,0.0,1.0,de,1
Carlos Cordeiro,Carlos Cordeiro,PER,0.0,0.0,de,1
Naama Levy,Naama Levy,PER,0.0,0.0,de,1
Daniella Gilboa,Daniella Gilboa,PER,0.0,0.0,de,1
Trumps Entscheidungen,Trumps Entscheidungen,PER,-1.0,0.0,de,1
Jií Skurovac,Jií Skurovac,PER,0.7,0.0,de,1
Liveblog Libanons,Liveblog Libanons,PER,0.85,0.0,de,1
Liang Wenfeng,Liang Wenfeng,PER,0.0,0.0,de,1
Mutmasslicher Hintermann,Mutmasslicher Hintermann,PER,-1.0,0.0,de,1
Wirecard-Finanzchef Jan Marsal,Wirecard-Finanzchef Jan Marsal,PER,0.0,0.0,de,1
Nescafé Dolce Gusto,Nescafé Dolce Gusto,PER,0.7,0.0,de,1
Nescafé Dolce Gusto Kaffeekapselmaschine,Nescafé Dolce Gusto Kaffeekapselmaschine,PER,0.0,0.0,de,1
Joseph Aoun,Joseph Aoun,PER,0.85,0.0,de,1
María do Mar Castro Varela,María do Mar Castro Varela,PER,-1.0,0.0,de,1
Raman Kapoor,Raman Kapoor,PER,-0.7,0.0,de,1
Räumung von Gebäuden,Räumung von Gebäuden,PER,0.0,0.0,de,1
Caruana Galizia,Caruana Galizia,PER,-1.0,0.0,de,1
Hauptautor Pierre Masselot,Hauptautor Pierre Masselot,PER,0.0,0.0,de,1
Trumps Irankrieg,Trumps Irankrieg,PER,1.0,0.0,de,1
Großbank ING,Großbank ING,PER,0.0,0.0,de,1
Sven Mislintat,Sven Mislintat,PER,0.0,0.0,de,1
Donald Trump nom,Donald Trump nom,PER,1.0,0.0,de,1
Andrea Büdenbender,Andrea Büdenbender,PER,0.0,0.0,de,1
Money Mittwoch,Money Mittwoch,PER,-0.7,0.0,de,1
Münchens Sportdirektor,Münchens Sportdirektor,PER,0.75,0.0,de,1
Hedgefonds-Manager Bessent,Hedgefonds-Manager Bessent,PER,0.7,0.0,de,1
Deepseek R1,Deepseek R1,PER,0.0,0.0,de,1
Chalifa al-Thani,Chalifa al-Thani,PER,-1.0,0.0,de,1
Putins Syrien-Strategie,Putins Syrien-Strategie,PER,0.0,0.0,de,1
Trumps Optionen,Trumps Optionen,PER,0.0,0.0,de,1
Aufsichtsratschef Wolfgang,Aufsichtsratschef Wolfgang,PER,1.0,0.0,de,1
Max Mutschler,Max Mutschler,PER,1.0,0.0,de,1
Konferenz zu Flüssiggas,Konferenz zu Flüssiggas,PER,0.0,0.0,de,1
Frederick Benjamin «Ben» Hodges,Frederick Benjamin «Ben» Hodges,PER,0.0,0.0,de,1
Josh OConnor,Josh OConnor,PER,0.0,0.0,de,1
Andreas Wagner,Andreas Wagner,PER,0.0,0.0,de,1
Daphne Caruana Galizia,Daphne Caruana Galizia,PER,-1.0,0.0,de,1
Yorgen Fenech,Yorgen Fenech,PER,-1.0,0.0,de,1
Grünen-Fraktionschef Lasse,Grünen-Fraktionschef Lasse,PER,0.0,0.0,de,1
Joseph Roth,Joseph Roth,PER,0.0,0.0,de,1
Gennaro Gattuso,Gennaro Gattuso,PER,0.0,0.0,de,1
Pep Guardiola Italiens,Pep Guardiola Italiens,PER,0.0,0.0,de,1
Italiens Verbandschef,Italiens Verbandschef,PER,0.0,0.0,de,1
Giovanni Malagò,Giovanni Malagò,PER,0.0,0.0,de,1
Schleswig-Holsteins Landesregierung,Schleswig-Holsteins Landesregierung,PER,0.0,0.0,de,1
Magnus M,Magnus M,PER,1.0,0.0,de,1
Star-Trainer Pep Guardiola,Star-Trainer Pep Guardiola,PER,0.0,0.0,de,1
Kavita S,Kavita S,PER,0.0,0.0,de,1
Trumps Kürzungen,Trumps Kürzungen,PER,0.7,0.0,de,1
Wirecard-Finanzchef Jan Marsalek,Wirecard-Finanzchef Jan Marsalek,PER,0.0,0.0,de,1
Sophia Merwald,Sophia Merwald,PER,0.0,0.0,de,1
Trumps Finanzminister,Trumps Finanzminister,PER,0.0,0.0,de,1
Trumps Versp,Trumps Versp,PER,0.0,0.0,de,1
Florian Nath,Florian Nath,PER,0.0,0.0,de,1
Lalzawmi Frankcom,Lalzawmi Frankcom,PER,0.85,0.0,de,1
Österreichs Europaministerin,Österreichs Europaministerin,PER,0.0,0.0,de,1
Fabian Ritter,Fabian Ritter,PER,1.0,0.0,de,1
Meister Bayer Leverkusen,Meister Bayer Leverkusen,PER,0.0,1.0,de,1
Claudia Bauer,Claudia Bauer,PER,0.0,0.0,de,1
Thorsten Schmiady,Thorsten Schmiady,PER,-1.0,0.0,de,1
Saudi-Arabien angef,Saudi-Arabien angef,PER,0.0,0.0,de,1
Bernhard Bieche,Bernhard Bieche,PER,0.0,0.0,de,1
Daniel Fellner,Daniel Fellner,PER,0.0,1.0,de,1
Rainer Perau,Rainer Perau,PER,0.0,0.0,de,1
Britta Müller,Britta Müller,PER,0.0,0.0,de,1
Jana Stallein,Jana Stallein,PER,0.0,0.0,de,1
Irans Armeesprecher Amir Akraminia,Irans Armeesprecher Amir Akraminia,PER,-1.0,0.0,de,1
Tennis-Profi Thanasi Kokkinakis,Tennis-Profi Thanasi Kokkinakis,PER,0.0,0.0,de,1
Sabine Bätzing-Lichtenthäler,Sabine Bätzing-Lichtenthäler,PER,0.0,0.0,de,1
Deutschlands Schienennetz,Deutschlands Schienennetz,PER,0.0,0.0,de,1
Milde Entspannungssignale,Milde Entspannungssignale,PER,0.85,0.0,de,1
Chrisitan Putsch,Chrisitan Putsch,PER,0.0,0.0,de,1
Sachsen-Anhalts AfD-Spitzenkandidat Ulrich Siegmund,Sachsen-Anhalts AfD-Spitzenkandidat Ulrich Siegmund,PER,0.0,0.0,de,1
Tennis-Profi Kokkinakis,Tennis-Profi Kokkinakis,PER,0.0,0.0,de,1
Jan Loezk,Jan Loezk,PER,0.0,0.0,de,1
Israel strategis,Israel strategis,PER,-1.0,0.0,de,1
Trumps Exit,Trumps Exit,PER,0.0,0.0,de,1
Filmfestivals Max Ophüls,Filmfestivals Max Ophüls,PER,0.0,0.0,de,1
Pierre Masselot,Pierre Masselot,PER,0.0,0.0,de,1
Welch Frevel,Welch Frevel,PER,0.0,0.0,de,1
Petra Michalski,Petra Michalski,PER,0.0,0.0,de,1
Gökay Akbulut,Gökay Akbulut,PER,-1.0,0.0,de,1
Bayern-Star Harry Kane,Bayern-Star Harry Kane,PER,0.75,0.0,de,1
Alexander Dubowy,Alexander Dubowy,PER,-0.7,0.0,de,1
Ursula von der Leyen bei,Ursula von der Leyen bei,PER,-0.85,0.0,de,1
Weissrusslands Machthaber Lukaschenko,Weissrusslands Machthaber Lukaschenko,PER,0.7,0.0,de,1
Esther Dischereit,Esther Dischereit,PER,1.0,0.0,de,1
Polens Regierungschef,Polens Regierungschef,PER,-0.35,0.5,de,1
Henry T,Henry T,PER,0.0,0.0,de,1
Sabotageplänen Russlands,Sabotageplänen Russlands,PER,-0.7,0.0,de,1
Kristina Böker,Kristina Böker,PER,0.0,0.0,de,1
Ingeborg Schäuble,Ingeborg Schäuble,PER,0.0,0.0,de,1
Lauro Cress,Lauro Cress,PER,0.0,0.0,de,1
Jemens Küste,Jemens Küste,PER,0.0,0.0,de,1
Israels Operationen,Israels Operationen,PER,0.0,1.0,de,1
Peer Steinbrück,Peer Steinbrück,PER,0.0,0.0,de,1
Heide Simonis,Heide Simonis,PER,0.0,0.0,de,1
ausgestoßenes Kohlendioxid,ausgestoßenes Kohlendioxid,PER,0.15000000000000002,0.0,de,1
Tatort Wohnhaus,Tatort Wohnhaus,PER,-1.0,0.0,de,1
SPD-Ministerpräsidentin Schwesig,SPD-Ministerpräsidentin Schwesig,PER,1.0,0.0,de,1
Barbara Schöneberger,Barbara Schöneberger,PER,0.0,0.0,de,1
Chris Wright mac,Chris Wright mac,PER,0.0,0.0,de,1
Thüringens FDP-Chef Kemmerich,Thüringens FDP-Chef Kemmerich,PER,0.0,0.0,de,1
Schwester Ira,Schwester Ira,PER,0.0,0.0,de,1
Lyuba Velychko,Lyuba Velychko,PER,0.0,0.0,de,1
Ressort X,Ressort X,PER,0.0,0.0,de,1
Kari Ochsner,Kari Ochsner,PER,0.0,1.0,de,1
Alessandro Tentori,Alessandro Tentori,PER,0.7,0.0,de,1
Annika Säuberlich,Annika Säuberlich,PER,0.0,0.0,de,1
Julia Kruslin,Julia Kruslin,PER,0.0,0.0,de,1
Sophie Thurner,Sophie Thurner,PER,0.0,0.0,de,1
Judith Gerlach,Judith Gerlach,PER,0.0,0.0,de,1
Abdulrahman al-Thani,Abdulrahman al-Thani,PER,0.0,0.0,de,1
Jahrestag des Kriegsbeginns,Jahrestag des Kriegsbeginns,PER,0.7,0.0,de,1
Sohn al-Haja,Sohn al-Haja,PER,0.0,0.0,de,1
Chalil al-Haja,Chalil al-Haja,PER,0.0,0.0,de,1
Stefan Feulner,Stefan Feulner,PER,1.0,0.0,de,1
Marianne Allweiss,Marianne Allweiss,PER,0.0,0.0,de,1
Dan Caine,Dan Caine,PER,0.0,0.0,de,1
Shena Britzens,Shena Britzens,PER,1.0,0.0,de,1
Nino Haase,Nino Haase,PER,0.0,1.0,de,1
Andrii Katrych,Andrii Katrych,PER,0.0,0.0,de,1
Putin bläst si,Putin bläst si,PER,0.0,0.0,de,1
Philipp Thomas,Philipp Thomas,PER,0.0,0.0,de,1
Chief Underwriting,Chief Underwriting,PER,0.0,0.0,de,1
Spencer Cox,Spencer Cox,PER,0.0,0.0,de,1
says Witkoff,says Witkoff,PER,0.0,0.0,de,1
Kamran Gasanow,Kamran Gasanow,PER,0.0,0.0,de,1
Donald Trump Israel,Donald Trump Israel,PER,0.0,0.0,de,1
Marathonläufer Amanal Petros,Marathonläufer Amanal Petros,PER,0.0,0.0,de,1
Amanal Petros,Amanal Petros,PER,1.0,0.0,de,1
Marathonläufer Petros,Marathonläufer Petros,PER,0.0,0.0,de,1
Matwij Bidnyj,Matwij Bidnyj,PER,0.0,0.0,de,1
Azim Surani,Azim Surani,PER,1.0,0.0,de,1
Moskaus z,Moskaus z,PER,0.15000000000000002,0.0,de,1
Sandra Pillath,Sandra Pillath,PER,0.0,0.0,de,1
Eiskunstläufer Nikita Volodin,Eiskunstläufer Nikita Volodin,PER,0.0,0.0,de,1
Sam Barker,Sam Barker,PER,0.0,0.0,de,1
Leighton Buzzard,Leighton Buzzard,PER,0.0,0.0,de,1
Kyiv Indepe,Kyiv Indepe,PER,1.0,0.0,de,1
Al Thani,Al Thani,PER,-1.0,0.0,de,1
Florian Seibel,Florian Seibel,PER,0.0,0.0,de,1
Oleksij Sobolew,Oleksij Sobolew,PER,1.0,0.0,de,1
Werftengruppe Lürssen,Werftengruppe Lürssen,PER,0.0,0.0,de,1
Stopp von Stromlieferungen,Stopp von Stromlieferungen,PER,-1.0,0.0,de,1
Melissa Jefferson-Woo,Melissa Jefferson-Woo,PER,0.0,0.0,de,1
Ukraine Druschba-Ultimatum,Ukraine Druschba-Ultimatum,PER,0.0,0.0,de,1
Veronika Ivchenko,Veronika Ivchenko,PER,1.0,0.0,de,1
Nathalie Christen,Nathalie Christen,PER,0.0,0.0,de,1
Dieter Hallervorden,Dieter Hallervorden,PER,0.0,0.0,de,1
Tyler Robinson,Tyler Robinson,PER,-1.0,0.0,de,1
Vladislav Kondratovic,Vladislav Kondratovic,PER,0.0,0.0,de,1
Olaf Lies Niedersachsens,Olaf Lies Niedersachsens,PER,0.0,0.0,de,1
Anne Schneider,Anne Schneider,PER,0.0,0.0,de,1
Amoktäter von Ansbach,Amoktäter von Ansbach,PER,0.0,0.0,de,1
weiß Rat,weiß Rat,PER,0.0,0.0,de,1
Jens Hälterlein,Jens Hälterlein,PER,0.7,0.0,de,1
Mbaer Geschäfte,Mbaer Geschäfte,PER,0.0,0.0,de,1
Juso-Chef Türmer,Juso-Chef Türmer,PER,0.7,0.0,de,1
Günter Althaus,Günter Althaus,PER,0.0,0.0,de,1
Arbeitsministerin Bas,Arbeitsministerin Bas,PER,0.0,0.0,de,1
Oscar Isaac,Oscar Isaac,PER,0.0,0.0,de,1
Frauke Niemeyer,Frauke Niemeyer,PER,0.0,0.0,de,1
Grünen-Vorsitzende Franziska Brant,Grünen-Vorsitzende Franziska Brant,PER,0.7,0.0,de,1
Joel Grieshaber,Joel Grieshaber,PER,0.0,0.0,de,1
Torsten Beyer,Torsten Beyer,PER,0.7,0.0,de,1
Fünfstöckiges Haus,Fünfstöckiges Haus,PER,-1.0,0.0,de,1
Ökonomin de,Ökonomin de,PER,-0.3333333333333333,0.0,de,1
Oliver Schenk,Oliver Schenk,PER,-0.7,0.0,de,1
Frankreichs Brückenbauer,Frankreichs Brückenbauer,PER,0.0,0.0,de,1
Karl-Marten Kütt,Karl-Marten Kütt,PER,0.0,0.0,de,1
Oliver Metsar-Villakov,Oliver Metsar-Villakov,PER,0.0,0.0,de,1
Bayerns Arbeitnehmer,Bayerns Arbeitnehmer,PER,0.7,0.0,de,1
Orbáns Foul,Orbáns Foul,PER,0.0,0.0,de,1
Präsidialamtschef Andrij Jerm,Präsidialamtschef Andrij Jerm,PER,0.0,0.0,de,1
Viktor Orb,Viktor Orb,PER,0.0,0.8,de,1
Trumps Chefunterhändler,Trumps Chefunterhändler,PER,0.0,0.0,de,1
Florian Gasser,Florian Gasser,PER,0.0,1.0,de,1
Huan Leyva-García,Huan Leyva-García,PER,0.0,1.0,de,1
Badr Albusaidi,Badr Albusaidi,PER,0.0,0.0,de,1
Heizungsgesetz vor Machtprobe,Heizungsgesetz vor Machtprobe,PER,0.0,0.0,de,1
Madrid ersc,Madrid ersc,PER,0.0,0.0,de,1
Donald Trumps Sanktionsdiplomatie,Donald Trumps Sanktionsdiplomatie,PER,0.0,0.0,de,1
Karin Bensch,Karin Bensch,PER,0.0,0.0,de,1
Antonio Rüdiger,Antonio Rüdiger,PER,-0.7,0.0,de,1
Amokläufers von Ansbach,Amokläufers von Ansbach,PER,0.0,0.0,de,1
Drohnenangriff Russlands,Drohnenangriff Russlands,PER,-1.0,0.0,de,1
Clément Lecoeuvre,Clément Lecoeuvre,PER,0.0,0.0,de,1
Rainer Eichwede,Rainer Eichwede,PER,0.0,0.0,de,1
Jimi Blu,Jimi Blu,PER,0.0,0.0,de,1
Jahrestag Ukraine-Krieg,Jahrestag Ukraine-Krieg,PER,1.0,0.0,de,1
Andreas Donath,Andreas Donath,PER,0.7,0.0,de,1
Pavel Durow,Pavel Durow,PER,0.0,0.0,de,1
Dmitri Medwed,Dmitri Medwed,PER,-0.7,0.0,de,1
Firmengründer Durow,Firmengründer Durow,PER,0.0,0.0,de,1
Chris Emil Janßen,Chris Emil Janßen,PER,0.0,0.0,de,1
Schwarz-rote Heizungspläne,Schwarz-rote Heizungspläne,PER,0.0,1.0,de,1
Rechtsextremist Liebich,Rechtsextremist Liebich,PER,0.0,0.0,de,1
Martin Bergsma,Martin Bergsma,PER,0.0,0.0,de,1
Regensburger Domspatzen,Regensburger Domspatzen,PER,0.0,0.0,de,1
Einzelperson Trump,Einzelperson Trump,PER,0.7,0.0,de,1
Nato-Generalsekretär Ma,Nato-Generalsekretär Ma,PER,0.0,0.0,de,1
Atomfabrik Lingen,Atomfabrik Lingen,PER,0.0,0.0,de,1
Wolodymyr Polewyi,Wolodymyr Polewyi,PER,0.0,0.0,de,1
Andrey Gurkov,Andrey Gurkov,PER,0.0,0.0,de,1
Alexej Miller,Alexej Miller,PER,0.0,0.0,de,1
Simon Johnson,Simon Johnson,PER,0.0,0.0,de,1
Biogenes Flüssiggas,Biogenes Flüssiggas,PER,0.0,0.0,de,1
Marla Svenja Liebich,Marla Svenja Liebich,PER,-1.0,0.0,de,1
Ex-Wirecard-Manager Jan Marsalek,Ex-Wirecard-Manager Jan Marsalek,PER,0.0,0.0,de,1
Strafrechtsprofessor Alois Birklbauer v,Strafrechtsprofessor Alois Birklbauer v,PER,0.0,0.0,de,1
Bastian Berbner,Bastian Berbner,PER,0.0,0.0,de,1
Michail Sirkeli,Michail Sirkeli,PER,0.0,1.0,de,1
Schwedens Reegierungschef Kristersson,Schwedens Reegierungschef Kristersson,PER,-0.7,0.0,de,1
Schwedens Regierungschef,Schwedens Regierungschef,PER,0.0,0.0,de,1
Was Trumps Kehrtwende,Was Trumps Kehrtwende,PER,0.0,0.0,de,1
Private Altersvorsorge,Private Altersvorsorge,PER,0.0,1.0,de,1
Europas Wohlstand,Europas Wohlstand,PER,0.0,0.0,de,1
Gabriella de Gara,Gabriella de Gara,PER,0.0,0.0,de,1
Fabienne Andreoli,Fabienne Andreoli,PER,0.0,0.0,de,1
Anna Tillack,Anna Tillack,PER,0.0,1.0,de,1
Polens Luftabwehrsystem,Polens Luftabwehrsystem,PER,0.0,0.0,de,1
Israel Patriot-Luftabwehrsystem,Israel Patriot-Luftabwehrsystem,PER,1.0,0.0,de,1
Philipp Türoff,Philipp Türoff,PER,0.0,0.0,de,1
Moldau-Region Gagausien,Moldau-Region Gagausien,PER,0.0,0.0,de,1
Schwedens Regierungschef Kristersson,Schwedens Regierungschef Kristersson,PER,-0.7,0.0,de,1
Nawrockis Kanzleichef Zbigniew B,Nawrockis Kanzleichef Zbigniew B,PER,0.0,0.0,de,1
Atomenergiebehörde Rosatom,Atomenergiebehörde Rosatom,PER,0.0,0.0,de,1
Finanz-Experte Andreas Beck,Finanz-Experte Andreas Beck,PER,0.0,1.0,de,1
Jesse R,Jesse R,PER,0.0,0.0,de,1
Jubiläum von Diablo,Jubiläum von Diablo,PER,0.0,0.0,de,1
Brings rocken,Brings rocken,PER,0.0,0.0,de,1
Macrons Atom-Offensive,Macrons Atom-Offensive,PER,0.0,0.0,de,1
Donald Trump Ernst,Donald Trump Ernst,PER,0.0,0.0,de,1
Troels Lund Poulsen,Troels Lund Poulsen,PER,0.0,0.0,de,1
Druschba-Global von Reiseabenteuern,Druschba-Global von Reiseabenteuern,PER,0.0,0.0,de,1
Dänemarks Verteidigungsminister,Dänemarks Verteidigungsminister,PER,0.0,0.0,de,1
Argirios Giannikis,Argirios Giannikis,PER,0.0,0.0,de,1
Nato-Analyse zu Drohnen,Nato-Analyse zu Drohnen,PER,0.0,0.0,de,1
Ariane Weiß,Ariane Weiß,PER,1.0,0.0,de,1
Ukraine Langstreckenangriffe,Ukraine Langstreckenangriffe,PER,0.0,0.0,de,1
Ministerin Kather,Ministerin Kather,PER,-0.7,0.0,de,1
Thomas Echterhoff,Thomas Echterhoff,PER,0.85,0.0,de,1
Angriffe von Hunden,Angriffe von Hunden,PER,-0.7,0.0,de,1
Jutta Leerdam bei Olympia,Jutta Leerdam bei Olympia,PER,0.7,0.0,de,1
Droht Gasmangel,Droht Gasmangel,PER,-1.0,0.0,de,1
Jörg Poppendieck,Jörg Poppendieck,PER,0.0,0.0,de,1
Jens Spahn ,Jens Spahn ,PER,-1.0,0.0,de,1
Tado Funk-Temperatursensor,Tado Funk-Temperatursensor,PER,0.0,0.0,de,1
Caren Miosgas Gestammel Tino Chrupalla,Caren Miosgas Gestammel Tino Chrupalla,PER,0.0,0.0,de,1
Minister Lawrow,Minister Lawrow,PER,0.0,0.0,de,1
Denis Maximow,Denis Maximow,PER,-1.0,0.0,de,1
Kremlchef Wl,Kremlchef Wl,PER,0.0,0.0,de,1
Netanjahus Minister,Netanjahus Minister,PER,-1.0,0.0,de,1
Wladislaw Heraskewytsch,Wladislaw Heraskewytsch,PER,0.0,0.0,de,1
Europas Uranbedarf,Europas Uranbedarf,PER,0.0,0.0,de,1
Jimmy Donaldson,Jimmy Donaldson,PER,0.0,0.0,de,1
Messengerdienst Telegram,Messengerdienst Telegram,PER,0.0,0.0,de,1
Mauricio Hoyos,Mauricio Hoyos,PER,0.0,0.0,de,1
Ungarns Veto,Ungarns Veto,PER,0.0,0.0,de,1
Franziska Hoppen,Franziska Hoppen,PER,0.0,0.0,de,1
Jürgen Streihammer,Jürgen Streihammer,PER,-0.35,0.5,de,1
Rechtsanwalt Tymoteusz Paprocki,Rechtsanwalt Tymoteusz Paprocki,PER,0.0,0.0,de,1
Rosatom Brennelemente h,Rosatom Brennelemente h,PER,1.0,0.0,de,1
Russlands Sport-Comeback,Russlands Sport-Comeback,PER,0.0,0.0,de,1
WELT-Investigativreporter Alexander Dinger,WELT-Investigativreporter Alexander Dinger,PER,0.0,1.0,de,1
Geldpolitisches Tauwetter,Geldpolitisches Tauwetter,PER,0.0,0.0,de,1
Gregor Gr,Gregor Gr,PER,0.7,0.0,de,1
Jens Koehler,Jens Koehler,PER,-0.7,0.0,de,1
Katharina Gaens,Katharina Gaens,PER,0.0,0.0,de,1
Bajazz Julian,Bajazz Julian,PER,-0.7,0.0,de,1
Marko Gottschalk,Marko Gottschalk,PER,0.0,0.0,de,1
Raven Kirchner,Raven Kirchner,PER,-0.7,0.0,de,1
Sebastian Astner,Sebastian Astner,PER,0.0,0.0,de,1
Artem Tschapaj,Artem Tschapaj,PER,0.7,0.0,de,1
Katrin Eder Positives,Katrin Eder Positives,PER,0.0,0.0,de,1
Dmytro Khyliuk,Dmytro Khyliuk,PER,0.0,0.0,de,1
Rhein-Pfalz-Kreises Tollwut,Rhein-Pfalz-Kreises Tollwut,PER,-1.0,0.0,de,1
Donald Trump Russlands,Donald Trump Russlands,PER,0.0,0.0,de,1
Dmitrij Kosak,Dmitrij Kosak,PER,0.7,0.0,de,1
Andrej Botscharow mi,Andrej Botscharow mi,PER,0.0,0.0,de,1
Trumps Russland-Kehrtwende,Trumps Russland-Kehrtwende,PER,1.0,0.0,de,1
Magnus Ditlev,Magnus Ditlev,PER,-0.7,0.0,de,1
Kristian Høgenhaug,Kristian Høgenhaug,PER,0.0,0.0,de,1
Kneipe Fischladen,Kneipe Fischladen,PER,0.0,0.0,de,1
Francois Bayrou,Francois Bayrou,PER,0.0,0.0,de,1
Karsten Junius,Karsten Junius,PER,0.0,0.0,de,1
Jose Luis Mag,Jose Luis Mag,PER,0.0,0.0,de,1
Moskaus Zapfsäulen,Moskaus Zapfsäulen,PER,0.0,0.0,de,1
Lady Melania,Lady Melania,PER,0.0,0.0,de,1
Gruppe Wagner,Gruppe Wagner,PER,0.0,0.0,de,1
Maxim Rosca,Maxim Rosca,PER,0.0,0.0,de,1
Henning Gloystein,Henning Gloystein,PER,-0.7,0.0,de,1
Wagenbauer Tilly,Wagenbauer Tilly,PER,0.5,0.0,de,1
Toter Kremlgegner,Toter Kremlgegner,PER,-1.0,0.0,de,1
Tag des Hamas-Massakers,Tag des Hamas-Massakers,PER,0.0,0.0,de,1
Nordrhein-Westfalens Landesregierung,Nordrhein-Westfalens Landesregierung,PER,1.0,0.0,de,1
Donald Trumps UN-Rede,Donald Trumps UN-Rede,PER,-0.15000000000000002,0.0,de,1
Anton Kasser,Anton Kasser,PER,0.7,0.0,de,1
Trump z,Trump z,PER,0.0,0.0,de,1
Trumps Kehrtwende,Trumps Kehrtwende,PER,0.0,0.0,de,1
Tado AI,Tado AI,PER,0.7,0.0,de,1
Trumps Gegner,Trumps Gegner,PER,0.7,0.0,de,1
Kreml-Kritiker Nawalny wurd,Kreml-Kritiker Nawalny wurd,PER,0.0,0.0,de,1
Jimmy Kimmels,Jimmy Kimmels,PER,0.7,0.0,de,1
Moldaus Präsidentin Maia Sandu,Moldaus Präsidentin Maia Sandu,PER,0.0,0.0,de,1
Heizlüfter von Brandson,Heizlüfter von Brandson,PER,-0.7,0.0,de,1
Generaloberstabsarzt Hoffmann,Generaloberstabsarzt Hoffmann,PER,0.0,0.0,de,1
Diplom-Meteorologe Simon Trippler,Diplom-Meteorologe Simon Trippler,PER,0.0,0.0,de,1
Charlie Kirks Gedenkfeier,Charlie Kirks Gedenkfeier,PER,0.0,0.0,de,1
Katharina Gaenssler,Katharina Gaenssler,PER,0.0,0.0,de,1
Duc Phuc,Duc Phuc,PER,0.0,0.0,de,1
Stefan Gruhner,Stefan Gruhner,PER,0.0,0.0,de,1
Vattenfall-Chefin Borg,Vattenfall-Chefin Borg,PER,0.0,0.0,de,1
Thüringens Staatskanzleichef,Thüringens Staatskanzleichef,PER,0.0,0.0,de,1
Snake Eater,Snake Eater,PER,0.0,0.0,de,1
Frankreichs Star-Autor,Frankreichs Star-Autor,PER,-0.7,0.0,de,1
Thomas Pet,Thomas Pet,PER,0.0,0.0,de,1
Agnes Strack-Zimmermann,Agnes Strack-Zimmermann,PER,0.0,0.0,de,1
Vattenfall-Chefin Anna Borg,Vattenfall-Chefin Anna Borg,PER,0.0,0.0,de,1
Metro-Chef Steffen Greubel,Metro-Chef Steffen Greubel,PER,-0.7,0.0,de,1
Gottfried Hofmann,Gottfried Hofmann,PER,0.7,0.0,de,1
Abgase ade,Abgase ade,PER,0.0,0.0,de,1
Ausbau von Gaskraftwerken,Ausbau von Gaskraftwerken,PER,0.7,0.0,de,1
entäuscht von Irans,entäuscht von Irans,PER,1.0,0.0,de,1
Archivarius Leonid Maximenkow,Archivarius Leonid Maximenkow,PER,0.0,0.0,de,1
Guy Ritchie,Guy Ritchie,PER,1.0,0.0,de,1
Dmitri Schostakowitsch,Dmitri Schostakowitsch,PER,-1.0,0.0,de,1
Leonid Maximenkow,Leonid Maximenkow,PER,-1.0,0.0,de,1
Jake Gyllen,Jake Gyllen,PER,1.0,0.0,de,1
Jake Gyllenhaal,Jake Gyllenhaal,PER,1.0,0.0,de,1
Gruppe Reuß,Gruppe Reuß,PER,0.0,0.0,de,1
Henry Cavill,Henry Cavill,PER,1.0,0.0,de,1
Xi Jinping© ,Xi Jinping© ,PER,0.0,0.0,de,1
Wolfgang Schorlau,Wolfgang Schorlau,PER,0.0,0.0,de,1
Kamel M,Kamel M,PER,-0.7,0.0,de,1
Lars Stoy Lücken,Lars Stoy Lücken,PER,0.0,0.0,de,1
nan EU-Kommissionspräsidentin Ursula von der Leyen,nan EU-Kommissionspräsidentin Ursula von der Leyen,PER,0.0,0.0,de,1
Mohammed Dschamalian,Mohammed Dschamalian,PER,0.0,0.0,de,1
Georgios Prokopiou,Georgios Prokopiou,PER,0.0,1.0,de,1
Luiza Rozova,Luiza Rozova,PER,0.0,0.0,de,1
Georgios Prok,Georgios Prok,PER,-1.0,0.0,de,1
Videomaterial von Angriff,Videomaterial von Angriff,PER,-1.0,0.0,de,1
Michael Linden,Michael Linden,PER,0.7,0.0,de,1
Und da,Und da,PER,0.0,0.0,de,1
Magdeburgs Anhänger,Magdeburgs Anhänger,PER,1.0,0.0,de,1
Herbert Bockhorn,Herbert Bockhorn,PER,0.0,0.0,de,1
Peter Thiels,Peter Thiels,PER,0.0,0.0,de,1
Anton Gavel,Anton Gavel,PER,0.0,0.0,de,1
Swjatoslawa Fedorez,Swjatoslawa Fedorez,PER,0.7,0.0,de,1
Fridtjof Petzold,Fridtjof Petzold,PER,0.0,0.0,de,1
Saskia Ludwig,Saskia Ludwig,PER,-1.0,0.0,de,1
Martin Weihsweiler,Martin Weihsweiler,PER,0.7,0.0,de,1
Extremtemperaturen Deutschlands,Extremtemperaturen Deutschlands,PER,0.0,0.0,de,1
Alexej Moskaljow,Alexej Moskaljow,PER,1.0,0.0,de,1
Aktien-Expertin Swetlana Eberz,Aktien-Expertin Swetlana Eberz,PER,1.0,0.0,de,1
Amira Mohamed Ali,Amira Mohamed Ali,PER,0.0,0.0,de,1
Liveblog Medienberichten,Liveblog Medienberichten,PER,0.85,0.0,de,1
Mao Tse-tung,Mao Tse-tung,PER,1.0,0.0,de,1
Chinas Mächtige,Chinas Mächtige,PER,0.7,0.0,de,1
Harald Wolf,Harald Wolf,PER,0.0,0.0,de,1
Arbeitgeberverband Gesamtmetall,Arbeitgeberverband Gesamtmetall,PER,0.0,0.0,de,1
Trumps Häme,Trumps Häme,PER,1.0,0.0,de,1
Dariush Hosseini,Dariush Hosseini,PER,0.0,0.0,de,1
Kreml-Chef Wla,Kreml-Chef Wla,PER,-0.7,0.0,de,1
Mileis Renten-Veto,Mileis Renten-Veto,PER,0.0,0.0,de,1
Trumps Diplomatie,Trumps Diplomatie,PER,0.0,0.0,de,1
Antonia Mo,Antonia Mo,PER,0.0,0.0,de,1
Jan-Christian Dreesen,Jan-Christian Dreesen,PER,0.0,0.0,de,1
Billy Loughnane,Billy Loughnane,PER,0.0,0.0,de,1
Via Telegramm,Via Telegramm,PER,-0.15000000000000002,0.0,de,1
Favorit Rebels,Favorit Rebels,PER,0.7,0.0,de,1
Friedrich Merz poc,Friedrich Merz poc,PER,0.0,0.0,de,1
Michail Degtjarow,Michail Degtjarow,PER,-0.15000000000000002,0.0,de,1
Trumps Ukraine-Pläne,Trumps Ukraine-Pläne,PER,0.0,0.0,de,1
Irina Blum,Irina Blum,PER,0.0,0.0,de,1
Donald Trumps Drohungen,Donald Trumps Drohungen,PER,0.0,0.0,de,1
Alexander Graf Lambsdorff,Alexander Graf Lambsdorff,PER,0.0,0.0,de,1
Christoph Huber,Christoph Huber,PER,0.7,0.0,de,1
Winzerehepaar Spanier,Winzerehepaar Spanier,PER,0.0,1.0,de,1
Volker Quaschning,Volker Quaschning,PER,0.3,0.0,de,1
Lockerungen von Sanktionen,Lockerungen von Sanktionen,PER,0.0,0.0,de,1
Pam Anderson,Pam Anderson,PER,1.0,0.0,de,1
Johannes Zahnen,Johannes Zahnen,PER,-0.85,0.0,de,1
Mario Kubina,Mario Kubina,PER,0.0,0.0,de,1
Michael Vass,Michael Vass,PER,0.0,0.0,de,1
Ursula von der Leyens Handelsdeal,Ursula von der Leyens Handelsdeal,PER,0.7,0.0,de,1
Oleksandr Klymenko,Oleksandr Klymenko,PER,0.0,0.0,de,1
Hans Oliver Spanier,Hans Oliver Spanier,PER,0.0,0.0,de,1
abgefeuertes ballistisches Geschoss,abgefeuertes ballistisches Geschoss,PER,-1.0,0.0,de,1
Carolin Spanier-Gillot,Carolin Spanier-Gillot,PER,0.0,0.0,de,1
Vita Dumanska,Vita Dumanska,PER,0.0,0.0,de,1
Donald Trumps Irankrieg,Donald Trumps Irankrieg,PER,0.0,0.0,de,1
Astrid Zehbe,Astrid Zehbe,PER,0.0,0.0,de,1
Ex-Biathletin Laura Dahlmeier,Ex-Biathletin Laura Dahlmeier,PER,0.0,0.0,de,1
DB-Cargo-Chefin Nikutta,DB-Cargo-Chefin Nikutta,PER,0.0,0.0,de,1
Pietrangelo Buttafuoco,Pietrangelo Buttafuoco,PER,0.0,0.0,de,1
ZF-Chef Miedreich,ZF-Chef Miedreich,PER,0.0,0.0,de,1
Doris Stiksl,Doris Stiksl,PER,0.0,0.0,de,1
Matthias Miedreich,Matthias Miedreich,PER,0.0,0.0,de,1
Mathias Miedreich,Mathias Miedreich,PER,0.0,0.0,de,1
Nadeschda Rossinskaja,Nadeschda Rossinskaja,PER,0.7,0.0,de,1
Johannes Funke,Johannes Funke,PER,0.0,0.0,de,1
Anders si,Anders si,PER,-1.0,0.0,de,1
Ryan Coogler,Ryan Coogler,PER,0.0,0.0,de,1
Martin Kölling,Martin Kölling,PER,0.0,0.0,de,1
Juristin Sabine Schlacke,Juristin Sabine Schlacke,PER,0.0,0.0,de,1
US-Finanzinister Scott,US-Finanzinister Scott,PER,-0.7,0.0,de,1
Natalja Sabolotna,Natalja Sabolotna,PER,0.0,0.0,de,1
Gerald Knaus,Gerald Knaus,PER,-0.35,0.0,de,1
Riad+++ Frachter,Riad+++ Frachter,PER,0.7,0.0,de,1
Russell Hobbs,Russell Hobbs,PER,0.0,0.0,de,1
Olivia Ngou,Olivia Ngou,PER,0.0,0.0,de,1
Onkyo C-30,Onkyo C-30,PER,0.0,0.0,de,1
Emanuel Renkl,Emanuel Renkl,PER,1.0,0.0,de,1
Daria Lewandowska,Daria Lewandowska,PER,0.0,0.0,de,1
Bundespräsident Alexander Van der Bellen,Bundespräsident Alexander Van der Bellen,PER,0.0,0.0,de,1
Kazuto Suzuki,Kazuto Suzuki,PER,-0.7,0.0,de,1
Lionel Messi,Lionel Messi,PER,0.0,1.0,de,1
Ronald Hande,Ronald Hande,PER,0.0,0.0,de,1
Reiche von Habeck,Reiche von Habeck,PER,0.4666666666666666,0.3333333333333333,de,1
Bundeskartellamtschef Andreas Mundt,Bundeskartellamtschef Andreas Mundt,PER,-0.7,0.0,de,1
Swissmem-Chef Brupbacher,Swissmem-Chef Brupbacher,PER,0.0,0.0,de,1
Erika McEntarfer,Erika McEntarfer,PER,0.0,0.0,de,1
Europas Regierungschefs,Europas Regierungschefs,PER,1.0,0.0,de,1
Paralympische Winterspiele,Paralympische Winterspiele,PER,0.0,0.0,de,1
Kremlnahe Politiker,Kremlnahe Politiker,PER,0.0,0.0,de,1
Verivox-Chef Daniel Puschmann,Verivox-Chef Daniel Puschmann,PER,1.0,0.0,de,1
Viktoria Roshchyna,Viktoria Roshchyna,PER,0.0,0.0,de,1
Chinas Ölstrategie,Chinas Ölstrategie,PER,0.0,0.0,de,1
Grünen-Chef Banaszak Protagonist,Grünen-Chef Banaszak Protagonist,PER,0.0,0.0,de,1
Notenbankchef Powell,Notenbankchef Powell,PER,-1.0,0.0,de,1
Eisschnelllauf-Präsident Matthias Große,Eisschnelllauf-Präsident Matthias Große,PER,0.0,0.0,de,1
Michael Richter,Michael Richter,PER,-0.11666666666666665,0.3333333333333333,de,1
Weltmusikpreis Ruth,Weltmusikpreis Ruth,PER,0.0,0.0,de,1
Jackson Hole,Jackson Hole,PER,0.0,0.0,de,1
Finanzminister Marterbauer,Finanzminister Marterbauer,PER,0.0,0.0,de,1
Johannes Gasser,Johannes Gasser,PER,0.7,0.0,de,1
Lars Klingbeils Haus,Lars Klingbeils Haus,PER,0.0,0.0,de,1
Mascha Schilinskis,Mascha Schilinskis,PER,0.0,0.0,de,1
Hans-Josef Fell,Hans-Josef Fell,PER,-0.15000000000000002,0.0,de,1
Linken-Parteichefin Ines Schwerdtner,Linken-Parteichefin Ines Schwerdtner,PER,0.0,0.0,de,1
Mittwochabend mel,Mittwochabend mel,PER,0.0,0.0,de,1
Brasiliens Ex-Präsident,Brasiliens Ex-Präsident,PER,0.0,0.0,de,1
Iran-Expertin Hannah Neumann,Iran-Expertin Hannah Neumann,PER,0.0,0.0,de,1
Hannah Neumann,Hannah Neumann,PER,0.0,0.0,de,1
Direktor Institu,Direktor Institu,PER,0.0,0.0,de,1
Europas Klima-Rückzieher,Europas Klima-Rückzieher,PER,0.0,0.0,de,1
Holger Bonin,Holger Bonin,PER,0.0,0.0,de,1
Dota Kehr,Dota Kehr,PER,0.0,0.0,de,1
Lena Winkels,Lena Winkels,PER,1.0,0.0,de,1
Wirtschaftsforscher Bonin,Wirtschaftsforscher Bonin,PER,0.0,0.0,de,1
Armin Simon,Armin Simon,PER,0.0,0.0,de,1
Thekla Walker,Thekla Walker,PER,0.0,0.0,de,1
Klaus Reingruber,Klaus Reingruber,PER,-0.5,0.5,de,1
Tobias Reiners,Tobias Reiners,PER,0.0,0.0,de,1
Zoë Kr,Zoë Kr,PER,0.0,0.0,de,1
Ulli Lust,Ulli Lust,PER,0.0,0.0,de,1
Benjamin von Brackel,Benjamin von Brackel,PER,0.0,0.0,de,1
Powells Rede,Powells Rede,PER,0.0,0.0,de,1
Kremlnaher Politologe,Kremlnaher Politologe,PER,0.0,0.0,de,1
Arsenio Dominguez,Arsenio Dominguez,PER,0.0,0.0,de,1
André Grobien,André Grobien,PER,0.0,0.0,de,1
Liveblog Thomas Massie,Liveblog Thomas Massie,PER,0.0,0.0,de,1
Marco Rubios Gesichtsausdruck,Marco Rubios Gesichtsausdruck,PER,0.0,0.0,de,1
Ayatollah Ali Chamenei,Ayatollah Ali Chamenei,PER,-0.6666666666666666,0.3333333333333333,de,1
Brüllender Löwe,Brüllender Löwe,PER,0.0,0.0,de,1
Inga Ruginiene,Inga Ruginiene,PER,0.7,0.0,de,1
Donald Trumps Kriegsziele,Donald Trumps Kriegsziele,PER,-1.0,0.0,de,1
Donald Trump Gesprächsbereitschaft,Donald Trump Gesprächsbereitschaft,PER,0.0,0.0,de,1
Vizekanzler Klingbeil,Vizekanzler Klingbeil,PER,0.0,0.0,de,1
Polens rechtskonservativer,Polens rechtskonservativer,PER,0.0,0.0,de,1
António Costa ,António Costa ,PER,0.0,1.0,de,1
Inflationswelle naht,Inflationswelle naht,PER,0.7,0.0,de,1
Jiří Hájíčeks,Jiří Hájíčeks,PER,0.0,0.0,de,1
Trumps Kriegstipps,Trumps Kriegstipps,PER,0.0,0.0,de,1
Jiří Hájíčeks Wenderoman,Jiří Hájíčeks Wenderoman,PER,0.0,0.0,de,1
Andreas Spornberger,Andreas Spornberger,PER,0.0,0.0,de,1
Lee setzt,Lee setzt,PER,1.0,0.0,de,1
Ai Wei,Ai Wei,PER,0.0,0.0,de,1
Washingtons Marschflugkörper,Washingtons Marschflugkörper,PER,0.0,0.0,de,1
Ai Weiwei,Ai Weiwei,PER,0.0,0.0,de,1
Ex-Außenminister Gabriel,Ex-Außenminister Gabriel,PER,0.0,0.0,de,1
Frontmann Campino,Frontmann Campino,PER,0.7,0.0,de,1
Paula Hartmann,Paula Hartmann,PER,0.7,0.0,de,1
Fifa-Chef Gianni Infantino,Fifa-Chef Gianni Infantino,PER,0.0,0.0,de,1
Selenskyj Trump,Selenskyj Trump,PER,0.0,0.0,de,1
Berücksichtigungen von,Berücksichtigungen von,PER,0.0,0.0,de,1
Dakota Johnson,Dakota Johnson,PER,1.0,0.0,de,1
Standard-Kart Lego-Set,Standard-Kart Lego-Set,PER,0.0,0.0,de,1
Aymo Brunetti,Aymo Brunetti,PER,0.0,0.0,de,1
Rachel Reeves,Rachel Reeves,PER,0.0,0.0,de,1
Wolodymyr Selenskyj mög,Wolodymyr Selenskyj mög,PER,0.0,0.0,de,1
Klaus Wagner,Klaus Wagner,PER,0.0,0.0,de,1
Laia Aleixandri,Laia Aleixandri,PER,0.0,0.0,de,1
Trump ernst,Trump ernst,PER,0.0,0.0,de,1
Trump pusht Bau von Mini-AKW,Trump pusht Bau von Mini-AKW,PER,0.0,1.0,de,1
Thorsten Hackspiel,Thorsten Hackspiel,PER,0.0,0.0,de,1
Deutsche-Bahn-Chef Lutz,Deutsche-Bahn-Chef Lutz,PER,0.0,0.0,de,1
Akku-Grasschere von Gardena,Akku-Grasschere von Gardena,PER,0.0,0.0,de,1
Israels gege,Israels gege,PER,0.0,0.0,de,1
Kulturstaatsminister Weimer,Kulturstaatsminister Weimer,PER,0.0,0.0,de,1
Ugreen Revodok Max,Ugreen Revodok Max,PER,0.0,0.0,de,1
Lego Mario Kart,Lego Mario Kart,PER,0.0,0.0,de,1
Merkels Abgrund,Merkels Abgrund,PER,0.0,0.0,de,1
Michela Allocca,Michela Allocca,PER,0.0,0.0,de,1
Ungarns Streit,Ungarns Streit,PER,0.0,0.0,de,1
Christopher Wittich,Christopher Wittich,PER,0.0,0.0,de,1
Nato-Staat Ungarn,Nato-Staat Ungarn,PER,0.0,0.0,de,1
Franklin D,Franklin D,PER,0.0,0.0,de,1
Ulrike Brandt,Ulrike Brandt,PER,0.0,0.0,de,1
Trumps Ukraine-Gipfel,Trumps Ukraine-Gipfel,PER,-1.0,0.0,de,1
Sintflut einbrockt,Sintflut einbrockt,PER,0.0,0.0,de,1
Andrea Wieland,Andrea Wieland,PER,0.0,0.0,de,1
Julius Bär,Julius Bär,PER,0.7,0.0,de,1
Bundeswirtschaftsministerin Katherina Reiche ,Bundeswirtschaftsministerin Katherina Reiche ,PER,0.7,0.0,de,1
Kreml-Chef W,Kreml-Chef W,PER,0.0,0.0,de,1
Irre Pokal-Blamage,Irre Pokal-Blamage,PER,0.0,0.0,de,1
Viertligist Illertissen,Viertligist Illertissen,PER,0.0,0.0,de,1
Kevin Grangier,Kevin Grangier,PER,0.0,0.0,de,1
Navid Kermani,Navid Kermani,PER,-1.0,0.0,de,1
Bahar Haghanipour,Bahar Haghanipour,PER,0.85,0.0,de,1
Valerie Dittli,Valerie Dittli,PER,0.0,0.0,de,1
Berlins Justizsenatorin,Berlins Justizsenatorin,PER,0.0,0.0,de,1
Mann Ende,Mann Ende,PER,0.0,0.0,de,1
Region Poltawa,Region Poltawa,PER,0.0,0.0,de,1
Thomas Röwekamp,Thomas Röwekamp,PER,0.0,0.0,de,1
Guy Parmelin,Guy Parmelin,PER,0.0,0.0,de,1
Radovan Vikovi,Radovan Vikovi,PER,0.0,0.0,de,1
Serbenführer Dodik,Serbenführer Dodik,PER,0.0,0.0,de,1
Moskaus Bedingungen,Moskaus Bedingungen,PER,0.0,0.0,de,1
Jahren Maßstäbe,Jahren Maßstäbe,PER,0.0,0.0,de,1
Esedulla Abatschew,Esedulla Abatschew,PER,-1.0,0.0,de,1
teurerem Sprit,teurerem Sprit,PER,-0.7,0.0,de,1
Politikwissenschaftler Masala,Politikwissenschaftler Masala,PER,-0.7,0.0,de,1
Ursula von der Leyen ,Ursula von der Leyen ,PER,0.0,0.0,de,1
Wolodymyr Selenslyj,Wolodymyr Selenslyj,PER,0.0,0.0,de,1
Christian Wück,Christian Wück,PER,1.0,0.0,de,1
Helmut Lethens,Helmut Lethens,PER,0.0,0.0,de,1
Florian Kastenmeier,Florian Kastenmeier,PER,0.7,0.0,de,1
Frank Duenzl,Frank Duenzl,PER,0.0,0.0,de,1
Nutzt Trump,Nutzt Trump,PER,0.0,0.0,de,1
WELT-Reporterin Anna-Lena Kempf,WELT-Reporterin Anna-Lena Kempf,PER,0.0,0.0,de,1
Generalsekretär Huber,Generalsekretär Huber,PER,0.0,0.0,de,1
William Bengen,William Bengen,PER,0.0,1.0,de,1
Homo sapiens,Homo sapiens,PER,0.0,0.0,de,1
Michael Köttritsch,Michael Köttritsch,PER,1.0,0.0,de,1
Marco Rubio erwart,Marco Rubio erwart,PER,0.0,0.0,de,1
Beschlagnahmter Tanker,Beschlagnahmter Tanker,PER,0.0,0.0,de,1
Frank Trentmann,Frank Trentmann,PER,1.0,0.0,de,1
Luftraum von Moldau,Luftraum von Moldau,PER,-1.0,0.0,de,1
Peter Jackson,Peter Jackson,PER,0.0,0.0,de,1
Michele Reiner,Michele Reiner,PER,0.7,0.0,de,1
Doc O,Doc O,PER,0.0,0.0,de,1
Venezuelas Luftraum,Venezuelas Luftraum,PER,0.0,0.0,de,1
Venezuelas Drogenhändler,Venezuelas Drogenhändler,PER,0.0,0.0,de,1
Gegham Stepanyan,Gegham Stepanyan,PER,0.0,0.0,de,1
Putin Nein,Putin Nein,PER,0.0,0.0,de,1
Burkhardt Siebert,Burkhardt Siebert,PER,0.35,0.5,de,1
Ölraffinerie Saratow,Ölraffinerie Saratow,PER,0.0,0.0,de,1
Kirill Kushnir,Kirill Kushnir,PER,0.0,1.0,de,1
Emmanuel Macron Frankreichs,Emmanuel Macron Frankreichs,PER,1.0,0.0,de,1
Sturmtief Elli,Sturmtief Elli,PER,-0.7,0.0,de,1
Elisabeth Zehe,Elisabeth Zehe,PER,0.0,0.0,de,1
Tom Schewe,Tom Schewe,PER,0.0,0.0,de,1
Jan Kirk,Jan Kirk,PER,0.0,0.0,de,1
Anti-Corruption Foundation,Anti-Corruption Foundation,PER,-0.7,0.0,de,1
Macron will Xi,Macron will Xi,PER,0.7,0.0,de,1
Thomas Korff,Thomas Korff,PER,0.0,0.0,de,1
Mahatma Gandhi,Mahatma Gandhi,PER,0.0,0.0,de,1
Thüringens Bauindustrie,Thüringens Bauindustrie,PER,-1.0,0.0,de,1
Putin preist,Putin preist,PER,0.0,1.0,de,1
Haifa Mohammed,Haifa Mohammed,PER,0.0,0.0,de,1
Staatsoberhaupt Wladimir Putin,Staatsoberhaupt Wladimir Putin,PER,-1.0,0.0,de,1
Andrea Lübcke,Andrea Lübcke,PER,0.0,0.0,de,1
Trumps Vertrauen,Trumps Vertrauen,PER,1.0,0.0,de,1
Wirtschaftsminister Schulze,Wirtschaftsminister Schulze,PER,0.0,0.0,de,1
Ahmet Berat Conkar,Ahmet Berat Conkar,PER,0.0,0.0,de,1
Nicolás Maduro Moros,Nicolás Maduro Moros,PER,0.0,0.0,de,1
Googles Gemma,Googles Gemma,PER,0.0,0.0,de,1
Ruslan Margamedrasulows,Ruslan Margamedrasulows,PER,0.0,0.0,de,1
Experten loben,Experten loben,PER,1.0,0.0,de,1
Agora Energi,Agora Energi,PER,0.0,0.0,de,1
Axel Walz,Axel Walz,PER,0.0,0.0,de,1
Michael Lindner,Michael Lindner,PER,0.7,0.0,de,1
Michael Linder,Michael Linder,PER,-0.7,0.0,de,1
Antonio Kast,Antonio Kast,PER,0.0,1.0,de,1
Fortschritte bei Gesprächen,Fortschritte bei Gesprächen,PER,0.0,0.0,de,1
"Sturmtief ""Elli","Sturmtief ""Elli",PER,0.0,0.0,de,1
Ex-CIA-Chef David Petraeus,Ex-CIA-Chef David Petraeus,PER,-1.0,0.0,de,1
Peter Leibinger,Peter Leibinger,PER,0.0,0.0,de,1
Vodafone CallYa,Vodafone CallYa,PER,0.0,1.0,de,1
Trumps Venezuela-Angriff,Trumps Venezuela-Angriff,PER,0.0,0.0,de,1
Alexandre Amancio,Alexandre Amancio,PER,0.0,0.0,de,1
Daniel Marwecki,Daniel Marwecki,PER,0.0,0.0,de,1
Sophie von der Tann,Sophie von der Tann,PER,0.0,0.0,de,1
Sophie von der Tanns,Sophie von der Tanns,PER,0.0,0.0,de,1
Trump motiv,Trump motiv,PER,0.0,0.0,de,1
Justizkreisen verlaute,Justizkreisen verlaute,PER,0.0,0.0,de,1
Machthaber al-Scharaa,Machthaber al-Scharaa,PER,-1.0,0.0,de,1
Marija Moskaljowa,Marija Moskaljowa,PER,0.0,0.0,de,1
Was Köln-Boss Kessler,Was Köln-Boss Kessler,PER,-0.7,0.0,de,1
Friedrich Merz Hoffnungen,Friedrich Merz Hoffnungen,PER,0.0,0.0,de,1
Aharon Haliva,Aharon Haliva,PER,0.0,0.0,de,1
Emanuel Macron,Emanuel Macron,PER,0.0,0.0,de,1
David Zobels,David Zobels,PER,0.0,0.0,de,1
David Zobel,David Zobel,PER,0.0,0.0,de,1
Mario Hesse,Mario Hesse,PER,0.7,0.0,de,1
Benoit Bazin,Benoit Bazin,PER,0.0,0.0,de,1
Joachim Trier,Joachim Trier,PER,-0.7,0.0,de,1
Joachim Trier erz,Joachim Trier erz,PER,0.0,0.0,de,1
Wadephul wa,Wadephul wa,PER,0.0,0.0,de,1
Krzysztof Krajewski,Krzysztof Krajewski,PER,0.11666666666666663,0.0,de,1
Köln-Coach Lukas Kwasniok,Köln-Coach Lukas Kwasniok,PER,0.0,0.0,de,1
Ex-Fraktionsvize Christian Dorst,Ex-Fraktionsvize Christian Dorst,PER,0.0,0.0,de,1
Donnerstag Friedensplan,Donnerstag Friedensplan,PER,0.11666666666666663,0.0,de,1
Kerstin Klein,Kerstin Klein,PER,0.7,0.0,de,1
Sportboss Thomas Kessler,Sportboss Thomas Kessler,PER,0.0,0.0,de,1
Großmeister Putin,Großmeister Putin,PER,0.0,0.0,de,1
Generaloberst Syrskyi,Generaloberst Syrskyi,PER,0.0,0.0,de,1
Petra Kelly,Petra Kelly,PER,0.7,0.0,de,1
Daniel Bauer,Daniel Bauer,PER,0.0,0.0,de,1
Wolfsburgs Interimstrainer,Wolfsburgs Interimstrainer,PER,0.0,0.0,de,1
Jouleen Gruhn,Jouleen Gruhn,PER,1.0,0.0,de,1
Wladimir Putin Krieg,Wladimir Putin Krieg,PER,0.7,0.0,de,1
Erich Moechel,Erich Moechel,PER,0.7,0.0,de,1
Venezuelas Staatschef,Venezuelas Staatschef,PER,-1.0,0.0,de,1
Vladislav Inozemtsev,Vladislav Inozemtsev,PER,-1.0,0.0,de,1
verbüßter Haftstrafe,verbüßter Haftstrafe,PER,0.0,0.0,de,1
Kilian Seiler,Kilian Seiler,PER,0.15000000000000002,0.0,de,1
Jagan Chapagain,Jagan Chapagain,PER,-0.7,0.0,de,1
Michiel van der Laan,Michiel van der Laan,PER,0.0,0.0,de,1
Frank Schmidt,Frank Schmidt,PER,-0.7,0.0,de,1
Holger Sanwald,Holger Sanwald,PER,-0.7,0.0,de,1
Alexander Dobrindts Etat,Alexander Dobrindts Etat,PER,0.0,0.0,de,1
US-nahe Investoren,US-nahe Investoren,PER,0.0,0.0,de,1
Claude Code,Claude Code,PER,0.0,0.0,de,1
Jacob Schrot,Jacob Schrot,PER,0.0,0.0,de,1
Erhöhter Benzinpreis,Erhöhter Benzinpreis,PER,-0.15000000000000002,0.0,de,1
Umjerow von Korruptionsfahndern,Umjerow von Korruptionsfahndern,PER,0.0,0.0,de,1
Arbeitskollegin Messer,Arbeitskollegin Messer,PER,0.0,0.0,de,1
Trumps Coup,Trumps Coup,PER,-0.7,0.0,de,1
Luftangriffen Wohnhäuser,Luftangriffen Wohnhäuser,PER,0.0,0.0,de,1
Marco S,Marco S,PER,0.0,0.0,de,1
Arif biswas,Arif biswas,PER,0.0,0.0,de,1
Bernd Weidig,Bernd Weidig,PER,0.0,0.0,de,1
Alexander Kumptner ,Alexander Kumptner ,PER,0.7,0.0,de,1
Frank Rosin,Frank Rosin,PER,0.7,0.0,de,1
Kreml-Berater Tipps,Kreml-Berater Tipps,PER,0.0,0.0,de,1
Mark Rutte ,Mark Rutte ,PER,0.0,0.0,de,1
Constantin Schreiber,Constantin Schreiber,PER,0.0,0.0,de,1
Daniel Driscoll,Daniel Driscoll,PER,0.0,1.0,de,1
Remscheider Arsenal,Remscheider Arsenal,PER,0.0,0.0,de,1
Markus Krösche,Markus Krösche,PER,0.25,0.0,de,1
Putins Unterhändler,Putins Unterhändler,PER,0.0,0.0,de,1
Betreiber Tepco,Betreiber Tepco,PER,0.0,0.0,de,1
jaroslava V,jaroslava V,PER,0.0,0.0,de,1
Finanzvorständin Christina Rühl-Hamers,Finanzvorständin Christina Rühl-Hamers,PER,0.0,0.0,de,1
Anna Planken,Anna Planken,PER,-0.7,0.0,de,1
Ingo Zamperoni,Ingo Zamperoni,PER,-0.7,0.0,de,1
Bundesagentur-Chef Müller,Bundesagentur-Chef Müller,PER,0.0,0.0,de,1
Israels Pemierminister Benjamin Netanjahu,Israels Pemierminister Benjamin Netanjahu,PER,0.0,0.0,de,1
Brigitte Kempter-Regel,Brigitte Kempter-Regel,PER,0.0,0.0,de,1
Parlamentspräsidentin Rober,Parlamentspräsidentin Rober,PER,0.0,0.0,de,1
Finanzvorständin Rühl-Hamers,Finanzvorständin Rühl-Hamers,PER,0.7,0.0,de,1
Christina Rühl-Hamers,Christina Rühl-Hamers,PER,0.0,1.0,de,1
Msia Amaghlobeli,Msia Amaghlobeli,PER,0.0,0.0,de,1
Andrzej Poczobut,Andrzej Poczobut,PER,0.0,0.0,de,1
Parlamentspräsidentin Metsola,Parlamentspräsidentin Metsola,PER,0.0,0.0,de,1
Reiner Schlesser,Reiner Schlesser,PER,0.0,0.0,de,1
Natthaphon Narkphan,Natthaphon Narkphan,PER,0.0,0.0,de,1
Regierungschef Albanese,Regierungschef Albanese,PER,-1.0,0.0,de,1
Amina Kaya,Amina Kaya,PER,0.0,0.0,de,1
Thorben Peters,Thorben Peters,PER,0.0,0.0,de,1
Steve Witko,Steve Witko,PER,0.0,0.0,de,1
Zentralratspräsident Josef Schuster,Zentralratspräsident Josef Schuster,PER,0.0,0.0,de,1
Rama Duwaji,Rama Duwaji,PER,-0.7,0.0,de,1
Pat Noecker,Pat Noecker,PER,0.0,0.0,de,1
Außenminister Wadephul,Außenminister Wadephul,PER,0.0,0.0,de,1
Florian Hahn,Florian Hahn,PER,0.7,0.0,de,1
Travis Kelce,Travis Kelce,PER,0.0,0.0,de,1
Patrick Mahomes,Patrick Mahomes,PER,0.0,0.0,de,1
Oleksii Sobolev,Oleksii Sobolev,PER,0.0,0.0,de,1
Wolodymyr Selenskyjhat,Wolodymyr Selenskyjhat,PER,0.0,0.0,de,1
Venezuelas Staatschef Maduro,Venezuelas Staatschef Maduro,PER,0.5,0.0,de,1
Liveblog Sautter,Liveblog Sautter,PER,0.0,0.0,de,1
mein Versorger,mein Versorger,PER,0.0,0.0,de,1
Treibhausgases Schwefelhexafluorid,Treibhausgases Schwefelhexafluorid,PER,0.0,0.0,de,1
Fanil Sarwarow,Fanil Sarwarow,PER,-1.0,0.0,de,1
Putin preist Xi,Putin preist Xi,PER,0.0,0.0,de,1
Chinas Dumping-Preise,Chinas Dumping-Preise,PER,0.0,0.0,de,1
Verfolgungsfahrt von Betrunkenem,Verfolgungsfahrt von Betrunkenem,PER,0.0,0.0,de,1
Akio Toyoda,Akio Toyoda,PER,0.7,0.0,de,1
Kirill Dimitrijew,Kirill Dimitrijew,PER,0.0,0.0,de,1
Vergleichsportals Verivox,Vergleichsportals Verivox,PER,0.0,0.0,de,1
Jacques Tilly ,Jacques Tilly ,PER,0.7333333333333334,0.0,de,1
Tobias Ebbrecht-Hartmann,Tobias Ebbrecht-Hartmann,PER,0.0,0.0,de,1
Bundesgeschäftsführer Sven Rebehn,Bundesgeschäftsführer Sven Rebehn,PER,-1.0,0.0,de,1
Reinhard mit,Reinhard mit,PER,0.0,0.0,de,1
Armin Papperger Rheinmetall,Armin Papperger Rheinmetall,PER,0.0,0.0,de,1
Militärbischof Franz-Josef Overbeck,Militärbischof Franz-Josef Overbeck,PER,0.0,0.0,de,1
Mut Selenskij,Mut Selenskij,PER,0.0,1.0,de,1
Verkaufs von Luxusautos,Verkaufs von Luxusautos,PER,0.0,0.0,de,1
Thierry Breton,Thierry Breton,PER,-0.7,0.0,de,1
Robert Norwik Ziegler,Robert Norwik Ziegler,PER,0.0,0.0,de,1
Donald Trump Kiew,Donald Trump Kiew,PER,0.7,0.0,de,1
Luiz Inácio Lula da Silva am,Luiz Inácio Lula da Silva am,PER,-0.85,0.0,de,1
Silvinei Vasques,Silvinei Vasques,PER,0.7,0.0,de,1
Oliver Bl,Oliver Bl,PER,0.0,0.0,de,1
Deutschlands Autokonzerne,Deutschlands Autokonzerne,PER,0.0,0.0,de,1
Isabelle Stauffer,Isabelle Stauffer,PER,0.0,0.0,de,1
Ukraine Drohnen-Angriff,Ukraine Drohnen-Angriff,PER,0.0,0.0,de,1
Lawrow Putins,Lawrow Putins,PER,0.0,0.0,de,1
Dino Toppmöller,Dino Toppmöller,PER,0.0,1.0,de,1
Pankower Hausbewohner,Pankower Hausbewohner,PER,0.0,1.0,de,1
Donald Trump vers,Donald Trump vers,PER,0.0,0.0,de,1
Linken-Politiker Jan van Aken,Linken-Politiker Jan van Aken,PER,0.9,0.0,de,1
Sebastian Hille,Sebastian Hille,PER,0.0,1.0,de,1
Philippe Oddo,Philippe Oddo,PER,1.0,0.0,de,1
Wadephuls Appell,Wadephuls Appell,PER,0.0,0.0,de,1
Sinan Selen,Sinan Selen,PER,0.0,0.0,de,1
Konzernchef Spohr,Konzernchef Spohr,PER,0.7,0.0,de,1
Lando N,Lando N,PER,0.0,0.0,de,1
Selenskyjs Büroleiter,Selenskyjs Büroleiter,PER,0.0,0.0,de,1
HUR-Chef Budanow,HUR-Chef Budanow,PER,0.0,0.0,de,1
Putins Sieben-Punkte-Plan,Putins Sieben-Punkte-Plan,PER,0.0,0.0,de,1
Skisprung-Olympiasieger Andreas Wellinger,Skisprung-Olympiasieger Andreas Wellinger,PER,0.0,0.0,de,1
Venezuelas Machthaber Nicolás Maduro,Venezuelas Machthaber Nicolás Maduro,PER,0.0,0.0,de,1
Japans Premierministerin,Japans Premierministerin,PER,0.7,0.0,de,1
Kevin Hassett,Kevin Hassett,PER,1.0,0.0,de,1
Narendra Modi Russlands,Narendra Modi Russlands,PER,0.0,0.0,de,1
Otto Schenks La Bohème,Otto Schenks La Bohème,PER,0.0,0.0,de,1
Ivica Olic,Ivica Olic,PER,0.0,0.0,de,1
Tim Wiese,Tim Wiese,PER,0.0,0.0,de,1
Trumps Handstreich Kreide,Trumps Handstreich Kreide,PER,0.0,0.0,de,1
Trumps Handstreich,Trumps Handstreich,PER,0.2333333333333333,0.0,de,1
Hideyo Hanazumi,Hideyo Hanazumi,PER,0.0,0.0,de,1
Maduros Festnahme,Maduros Festnahme,PER,-0.15000000000000002,0.0,de,1
Cornelius Bechtler,Cornelius Bechtler,PER,0.0,0.0,de,1
Ibrahim Aslan,Ibrahim Aslan,PER,0.0,0.0,de,1
Anschuldigungen Moskaus,Anschuldigungen Moskaus,PER,-1.0,0.0,de,1
Xabi Alonso,Xabi Alonso,PER,0.85,0.0,de,1
Steve Witkoff ,Steve Witkoff ,PER,1.0,0.0,de,1
Eisbachwelle Kassenärzte-Chef,Eisbachwelle Kassenärzte-Chef,PER,0.0,0.0,de,1
Landtagsabgeordnete André von Ossowski,Landtagsabgeordnete André von Ossowski,PER,0.0,0.0,de,1
Anutin Charnvirakul,Anutin Charnvirakul,PER,0.0,0.0,de,1
Skateboard-Händler Titus,Skateboard-Händler Titus,PER,0.0,0.0,de,1
Sonderwirtschaftszone Frieden,Sonderwirtschaftszone Frieden,PER,0.0,0.0,de,1
Moskau Cyberattacke,Moskau Cyberattacke,PER,0.5,0.5,de,1
FBI-Direktor Patel,FBI-Direktor Patel,PER,0.5,0.5,de,1
Andreas Gassen,Andreas Gassen,PER,0.0,1.0,de,1
Andrei K,Andrei K,PER,-0.7,0.0,de,1
Andrei Kolesnikow,Andrei Kolesnikow,PER,-0.7,0.0,de,1
Putin hegt,Putin hegt,PER,0.7,0.0,de,1
Tresor-Einbruch von Gelsenkirchen,Tresor-Einbruch von Gelsenkirchen,PER,0.0,0.0,de,1
Maha Vajiralongkorn,Maha Vajiralongkorn,PER,0.0,0.0,de,1
Gefährt zuv,Gefährt zuv,PER,0.0,0.0,de,1
Johannes Krause,Johannes Krause,PER,1.0,0.0,de,1
Christian Doeller,Christian Doeller,PER,1.0,0.0,de,1
Susanne Urban,Susanne Urban,PER,1.0,0.0,de,1
Russland entfe,Russland entfe,PER,-0.7,0.0,de,1
Sophie Brüss,Sophie Brüss,PER,1.0,0.0,de,1
MC Nomads Bosporus,MC Nomads Bosporus,PER,0.0,0.0,de,1
P-8A Poseidon,P-8A Poseidon,PER,0.0,0.0,de,1
Deutsch-Ukrainischen Wirtschaftsforums,Deutsch-Ukrainischen Wirtschaftsforums,PER,0.0,0.0,de,1
Merz Trump,Merz Trump,PER,1.0,0.0,de,1
Mein Ärger,Mein Ärger,PER,0.7,0.0,de,1
Jonas Gahr Støre,Jonas Gahr Støre,PER,0.0,0.0,de,1
Michail Chodorkowski ,Michail Chodorkowski ,PER,1.0,0.0,de,1
Verbraucher Videos,Verbraucher Videos,PER,1.0,0.0,de,1
Putin Absage,Putin Absage,PER,0.7,0.0,de,1
Sanae Takaichis,Sanae Takaichis,PER,0.2333333333333333,0.6666666666666666,de,1
Zoe Rosenfeld,Zoe Rosenfeld,PER,0.0,0.0,de,1
Israel Zügel,Israel Zügel,PER,1.0,0.0,de,1
Bruno Albrecht,Bruno Albrecht,PER,0.0,0.0,de,1
Andreas Gora,Andreas Gora,PER,0.0,0.0,de,1
Salzburger Landesrat Schwaiger,Salzburger Landesrat Schwaiger,PER,0.0,0.0,de,1
Putin remilitarisiert,Putin remilitarisiert,PER,0.0,0.0,de,1
Risikos von Geldwäsche,Risikos von Geldwäsche,PER,0.7,0.0,de,1
Sebastian Schindzielorz,Sebastian Schindzielorz,PER,0.0,0.0,de,1
Bella Figura,Bella Figura,PER,0.0,0.0,de,1
Antal Gezer,Antal Gezer,PER,0.0,0.0,de,1
Enamullah O,Enamullah O,PER,0.7,0.0,de,1
Donald Trumpzugestimmt,Donald Trumpzugestimmt,PER,0.0,0.0,de,1
Mirjam Schaubs,Mirjam Schaubs,PER,0.0,0.0,de,1
Ilhan Omar,Ilhan Omar,PER,0.7,0.0,de,1
Donald Trump Hoffnungen,Donald Trump Hoffnungen,PER,-0.85,0.0,de,1
Frankreichs Premier Sébastien Lecornu,Frankreichs Premier Sébastien Lecornu,PER,0.0,0.0,de,1
Bertolt Brecht,Bertolt Brecht,PER,0.0,0.0,de,1
Trumps Vorpreschen,Trumps Vorpreschen,PER,0.0,0.0,de,1
Niko Bungert,Niko Bungert,PER,0.7,0.0,de,1
Syriens Übergangspräsident,Syriens Übergangspräsident,PER,0.0,0.0,de,1
Klaus Holetschek kritis,Klaus Holetschek kritis,PER,0.0,0.0,de,1
Sandra Klüber,Sandra Klüber,PER,0.0,0.0,de,1
Verena Schäffer,Verena Schäffer,PER,0.0,0.0,de,1
Baden-Württembergs Finanzminister Danyal Bayaz,Baden-Württembergs Finanzminister Danyal Bayaz,PER,0.0,0.0,de,1
Pawel Malkow,Pawel Malkow,PER,0.0,0.0,de,1
Jewhen Karmasin,Jewhen Karmasin,PER,0.0,0.0,de,1
Olena Hubanowa,Olena Hubanowa,PER,0.0,0.0,de,1
Viktor Orbáns Markteingriffe,Viktor Orbáns Markteingriffe,PER,0.0,0.0,de,1
Thomas Walchhofer,Thomas Walchhofer,PER,0.0,1.0,de,1
Kremlsprecher Peskow,Kremlsprecher Peskow,PER,0.0,0.0,de,1
Kayahan Özdemir,Kayahan Özdemir,PER,0.0,0.0,de,1
Selenskyj unterzeichnungsreif,Selenskyj unterzeichnungsreif,PER,0.0,0.0,de,1
Estlands Außenminis,Estlands Außenminis,PER,-0.25,0.4,de,1
Annas Killer,Annas Killer,PER,0.0,0.0,de,1
Vitali Klitschko l,Vitali Klitschko l,PER,0.0,1.0,de,1
Janine von Wolffersdorff,Janine von Wolffersdorff,PER,1.0,0.0,de,1
Vassili Golod,Vassili Golod,PER,1.0,0.0,de,1
Alex Pretti,Alex Pretti,PER,0.7,0.0,de,1
Markus Söde,Markus Söde,PER,0.7,0.0,de,1
Helmut Gregor,Helmut Gregor,PER,0.0,0.0,de,1
Gerald Funke,Gerald Funke,PER,-0.35,0.5,de,1
Kirill Serebrennikows,Kirill Serebrennikows,PER,0.0,0.0,de,1
Alfons Haber,Alfons Haber,PER,0.0,0.0,de,1
Conrad Clemens,Conrad Clemens,PER,1.0,0.0,de,1
Sportgymnasium Altenberg,Sportgymnasium Altenberg,PER,-1.0,0.0,de,1
Donald Trumps ,Donald Trumps ,PER,0.0,0.0,de,1
Swissmem-Direktor Brupbacher,Swissmem-Direktor Brupbacher,PER,0.0,0.0,de,1
Amerikas Stromnetze,Amerikas Stromnetze,PER,0.0,0.0,de,1
Richter Konstantin Otschirow,Richter Konstantin Otschirow,PER,0.0,0.0,de,1
Nina Warkens Milliarden-Sparplan,Nina Warkens Milliarden-Sparplan,PER,0.0,0.0,de,1
CDU-Politiker Bilger,CDU-Politiker Bilger,PER,0.7,0.0,de,1
Walther Nernst,Walther Nernst,PER,0.0,0.0,de,1
Jihad al-S,Jihad al-S,PER,0.0,0.0,de,1
Ministerpräsident Schweitzer,Ministerpräsident Schweitzer,PER,0.0,1.0,de,1
Jimmy Kimm,Jimmy Kimm,PER,0.0,0.0,de,1
Europas Gebäudeplan,Europas Gebäudeplan,PER,0.0,0.0,de,1
Alison Lopez,Alison Lopez,PER,1.0,0.0,de,1
Moskaus Weltsicht,Moskaus Weltsicht,PER,0.0,0.0,de,1
Sicherheit von Bahnpersonal,Sicherheit von Bahnpersonal,PER,0.0,0.0,de,1
Technologieoffene Tanker,Technologieoffene Tanker,PER,0.0,0.0,de,1
Oleksandr Glyadyel,Oleksandr Glyadyel,PER,0.0,0.0,de,1
Oleksandr Glyadyelov,Oleksandr Glyadyelov,PER,0.0,0.0,de,1
Klimasünder Haustier,Klimasünder Haustier,PER,0.0,0.0,de,1
Moritz Riesewieck,Moritz Riesewieck,PER,0.0,0.0,de,1
Viktor Momotow,Viktor Momotow,PER,0.0,0.0,de,1
Teslas Optimus-Roboter,Teslas Optimus-Roboter,PER,0.7,0.0,de,1
Stefan Porteck,Stefan Porteck,PER,0.7,0.0,de,1
Omar Yaghi,Omar Yaghi,PER,0.0,0.0,de,1
Richard Robson,Richard Robson,PER,0.0,0.0,de,1
Susumu Kitagawa,Susumu Kitagawa,PER,0.0,0.0,de,1
Klaus K,Klaus K,PER,0.0,0.0,de,1
Moin moin,Moin moin,PER,1.0,0.0,de,1
Trumps Friedensgespräche,Trumps Friedensgespräche,PER,-0.5,0.4,de,1
Oleksij Kuleba,Oleksij Kuleba,PER,0.0,0.0,de,1
Drohnen-Vorwürfe von Merz,Drohnen-Vorwürfe von Merz,PER,0.7,0.0,de,1
Tim Klüssendorf,Tim Klüssendorf,PER,0.0,0.0,de,1
Torgarant Serhou Guirassy,Torgarant Serhou Guirassy,PER,0.0,0.0,de,1
AfD-Vizefraktionschef Frohnmaier,AfD-Vizefraktionschef Frohnmaier,PER,0.0,0.0,de,1
Verkehrsminister Steffen Schütz,Verkehrsminister Steffen Schütz,PER,0.0,0.0,de,1
Bin Salman,Bin Salman,PER,0.7,0.0,de,1
Brüssel Serbien,Brüssel Serbien,PER,0.0,0.0,de,1
Max Planck,Max Planck,PER,0.0,0.0,de,1
Moskaus Finanznöte,Moskaus Finanznöte,PER,-1.0,0.0,de,1
Rudolf Clausius,Rudolf Clausius,PER,0.0,0.0,de,1
Hermann von Helmholtz,Hermann von Helmholtz,PER,0.0,0.0,de,1
Moskaus Finanznöt,Moskaus Finanznöt,PER,0.0,0.0,de,1
Ulrike Winkelmann,Ulrike Winkelmann,PER,0.0,0.0,de,1
Trumps unterl,Trumps unterl,PER,0.0,0.0,de,1
knackigem Frost,knackigem Frost,PER,0.0,0.0,de,1
Lola Weippert,Lola Weippert,PER,-1.0,0.0,de,1
RTL-Moderatorin Lola Weippert,RTL-Moderatorin Lola Weippert,PER,-0.675,0.25,de,1
Kendrick Lamar,Kendrick Lamar,PER,0.0,0.0,de,1
Bad Bunny,Bad Bunny,PER,0.0,0.0,de,1
Stopp von Atomenergie-Nutzung,Stopp von Atomenergie-Nutzung,PER,0.0,0.0,de,1
Oliver Bemelmann,Oliver Bemelmann,PER,0.0,0.0,de,1
Gerald Braunberger,Gerald Braunberger,PER,0.0,0.0,de,1
Susanne Puello,Susanne Puello,PER,0.0,0.0,de,1
Kiews Militärverwalter Tymur Tkatschenko,Kiews Militärverwalter Tymur Tkatschenko,PER,0.0,0.0,de,1
Thüringens Erdgasspeicher,Thüringens Erdgasspeicher,PER,0.0,0.0,de,1
Andy Lowery,Andy Lowery,PER,1.0,0.0,de,1
Kim droht,Kim droht,PER,-1.0,0.0,de,1
Wolodymyr Selenskyj ha,Wolodymyr Selenskyj ha,PER,0.0,0.0,de,1
Friedrich Merz dem Land,Friedrich Merz dem Land,PER,0.0,0.0,de,1
Ölindustrie Serbiens,Ölindustrie Serbiens,PER,-1.0,0.0,de,1
Trumps Russland-Sanktionen,Trumps Russland-Sanktionen,PER,-0.7,0.0,de,1
Monika Sommer,Monika Sommer,PER,0.0,0.0,de,1
Vereiste Autoscheiben,Vereiste Autoscheiben,PER,-0.43333333333333335,0.0,de,1
Niedersachsens Vize-Regierungschefin,Niedersachsens Vize-Regierungschefin,PER,0.0,0.0,de,1
Taleb al-Abdulmohsen,Taleb al-Abdulmohsen,PER,0.7,0.0,de,1
Europas Strommix,Europas Strommix,PER,0.0,1.0,de,1
Junge Straßenmusiker,Junge Straßenmusiker,PER,0.0,0.0,de,1
Wolfsburg-Trainer Simonis,Wolfsburg-Trainer Simonis,PER,0.0,0.0,de,1
Kotone Kubo,Kotone Kubo,PER,-1.0,0.0,de,1
Trumps Irrweg,Trumps Irrweg,PER,1.0,0.0,de,1
Japans Bildungssystem,Japans Bildungssystem,PER,0.325,0.0,de,1
Hollywood-Star Angelina Jolie,Hollywood-Star Angelina Jolie,PER,0.0,0.0,de,1
Michael Bloomberg,Michael Bloomberg,PER,0.0,0.0,de,1
Sam Altman inves,Sam Altman inves,PER,0.0,0.0,de,1
Will Trump,Will Trump,PER,1.0,0.0,de,1
Viktor Orbán ,Viktor Orbán ,PER,0.0,0.0,de,1
Stefan Zach,Stefan Zach,PER,0.0,0.0,de,1
Howard Lutnick,Howard Lutnick,PER,-0.7,0.0,de,1
Abu Dhabi-Verhandlungen,Abu Dhabi-Verhandlungen,PER,0.0,0.0,de,1
Alexander Blessin,Alexander Blessin,PER,0.0,0.0,de,1
torloser Startphase,torloser Startphase,PER,1.0,0.0,de,1
Sohnes Florian,Sohnes Florian,PER,1.0,0.0,de,1
Pia Lamberty,Pia Lamberty,PER,0.0,0.0,de,1
Sohn Florian,Sohn Florian,PER,0.0,0.0,de,1
Blessin red,Blessin red,PER,0.0,0.0,de,1
Martin Kölli,Martin Kölli,PER,0.0,0.0,de,1
Ayaan Hirs,Ayaan Hirs,PER,0.0,0.0,de,1
Luiz Inácio Lula da Sil,Luiz Inácio Lula da Sil,PER,0.0,0.0,de,1
Harald Proidl,Harald Proidl,PER,0.7,0.0,de,1
Wladimir Putin los,Wladimir Putin los,PER,0.0,0.0,de,1
Matthias Hey,Matthias Hey,PER,-1.0,0.0,de,1
Chatham House,Chatham House,PER,-1.0,0.0,de,1
Emmanuel Macron unterzeich,Emmanuel Macron unterzeich,PER,0.0,0.0,de,1
Waffenstillstand Energie,Waffenstillstand Energie,PER,0.0,0.0,de,1
Jan Philipp Thomeczek,Jan Philipp Thomeczek,PER,-0.35,0.0,de,1
Nikos Christodoulides,Nikos Christodoulides,PER,0.0,0.0,de,1
Zyperns Präsident Christodoulides,Zyperns Präsident Christodoulides,PER,1.0,0.0,de,1
Trump Grönland,Trump Grönland,PER,0.0,0.0,de,1
Trump G7-Treffen,Trump G7-Treffen,PER,-0.7,0.0,de,1
Macron s,Macron s,PER,0.0,0.0,de,1
Belarus-Machthaber Lukaschenko,Belarus-Machthaber Lukaschenko,PER,0.0,1.0,de,1
John Coale,John Coale,PER,0.0,1.0,de,1
Belarus-Diktator Lukaschenko,Belarus-Diktator Lukaschenko,PER,0.0,0.0,de,1
Peter Hübner,Peter Hübner,PER,-1.0,0.0,de,1
Sauli Ni,Sauli Ni,PER,0.7,0.0,de,1
Tymur Minditsch,Tymur Minditsch,PER,0.15000000000000002,0.0,de,1
Switlana Hryntschuk,Switlana Hryntschuk,PER,0.0,0.0,de,1
Wehrdienstkommission-Vorsitzender Hameseder,Wehrdienstkommission-Vorsitzender Hameseder,PER,0.0,0.0,de,1
Andy Jassy,Andy Jassy,PER,0.0,0.0,de,1
Liveblog Grünen-Fraktionschefin Britta Haßelmann,Liveblog Grünen-Fraktionschefin Britta Haßelmann,PER,0.0,0.0,de,1
Justizminister Haluschtschenko,Justizminister Haluschtschenko,PER,0.0,0.0,de,1
Milka Alpenmilch,Milka Alpenmilch,PER,0.0,0.0,de,1
Entführung von Kampfflugzeug,Entführung von Kampfflugzeug,PER,0.0,1.0,de,1
Dänemark Trump,Dänemark Trump,PER,-1.0,0.0,de,1
Putin Kriegsverbrechen,Putin Kriegsverbrechen,PER,0.0,0.0,de,1
Selenskyj-Vertrautem Korruption,Selenskyj-Vertrautem Korruption,PER,0.0,0.0,de,1
Österreichs Verfassungsschutzbehörde,Österreichs Verfassungsschutzbehörde,PER,0.0,0.0,de,1
Eduardo Marín Arce,Eduardo Marín Arce,PER,0.0,0.0,de,1
Romy Schneider,Romy Schneider,PER,0.0,0.0,de,1
Hauptstadt-Bürgermeister Klitschko,Hauptstadt-Bürgermeister Klitschko,PER,0.0,0.0,de,1
Hennadij Truchanow,Hennadij Truchanow,PER,0.0,0.0,de,1
Dreo Heater,Dreo Heater,PER,-0.7,0.0,de,1
Verhandlungsführer Kostjukow,Verhandlungsführer Kostjukow,PER,0.0,0.0,de,1
Vektorprogramm Affinity,Vektorprogramm Affinity,PER,0.0,0.0,de,1
Wladimir Putin Gespräche,Wladimir Putin Gespräche,PER,0.0,0.0,de,1
Trumps Schwiegersohn Jörg Kuschner,Trumps Schwiegersohn Jörg Kuschner,PER,0.0,0.0,de,1
Zhang Xiansheng,Zhang Xiansheng,PER,0.0,0.0,de,1
Alix Didier Fils-Aimé,Alix Didier Fils-Aimé,PER,0.0,0.0,de,1
Flügelstürmer Oladapo,Flügelstürmer Oladapo,PER,0.0,0.0,de,1
Mit Afolayan,Mit Afolayan,PER,0.0,0.0,de,1
AfD-Politiker Markus Frohnmaier,AfD-Politiker Markus Frohnmaier,PER,0.0,0.0,de,1
Carolin Amlinger ,Carolin Amlinger ,PER,0.7,0.0,de,1
Liveblog Kremlchef,Liveblog Kremlchef,PER,-0.85,0.0,de,1
Duane Arnold,Duane Arnold,PER,-0.35,0.5,de,1
Juno Beach,Juno Beach,PER,0.0,0.0,de,1
mutmaßlichem Nord-Stream-Saboteur,mutmaßlichem Nord-Stream-Saboteur,PER,1.0,0.0,de,1
Behördenangaben  ,Behördenangaben  ,PER,-1.0,0.0,de,1
Moskaus Provokation,Moskaus Provokation,PER,0.0,0.0,de,1
Vitali Klitschk,Vitali Klitschk,PER,-1.0,0.0,de,1
Chefvolkswirt Eyb &,Chefvolkswirt Eyb &,PER,1.0,0.0,de,1
Tjerk Brühwiller,Tjerk Brühwiller,PER,0.7,0.0,de,1
Miles Wirtschaftsexperiment,Miles Wirtschaftsexperiment,PER,0.7,0.0,de,1
Oliver Nacht,Oliver Nacht,PER,0.0,0.0,de,1
Andreas Gryphius,Andreas Gryphius,PER,0.0,0.0,de,1
Rob Atherton,Rob Atherton,PER,-1.0,0.0,de,1
Nowhorod-Siwerskyj s,Nowhorod-Siwerskyj s,PER,0.0,0.0,de,1
Massaker von Bucha,Massaker von Bucha,PER,-1.0,0.0,de,1
Newsblog zu Davos,Newsblog zu Davos,PER,0.0,0.0,de,1
Rainer Rothfuß,Rainer Rothfuß,PER,0.0,0.0,de,1
Roger Moore,Roger Moore,PER,0.0,0.0,de,1
Curd Jürgens,Curd Jürgens,PER,0.0,0.0,de,1
Steffen Kotré,Steffen Kotré,PER,0.0,0.0,de,1
Warrren Buffett,Warrren Buffett,PER,0.0,0.0,de,1
Internetzensur spe,Internetzensur spe,PER,0.0,0.0,de,1
US-Hollywoodstar Angelina Jolie,US-Hollywoodstar Angelina Jolie,PER,0.0,0.0,de,1
Trump-Aussagen Wiederaufnahme,Trump-Aussagen Wiederaufnahme,PER,0.0,0.0,de,1
Atomkraft-Projekt Sizewell C,Atomkraft-Projekt Sizewell C,PER,0.0,0.0,de,1
Claus Kleber,Claus Kleber,PER,0.0,0.0,de,1
Bäckermeister Exner,Bäckermeister Exner,PER,0.0,0.0,de,1
Harald Mahrer,Harald Mahrer,PER,0.0,0.0,de,1
Claus Klebers,Claus Klebers,PER,0.0,0.0,de,1
Olesja Morhunets-Isajenko,Olesja Morhunets-Isajenko,PER,0.0,0.0,de,1
Justus Frantz von Putin,Justus Frantz von Putin,PER,1.0,0.0,de,1
Mehmet Uksul,Mehmet Uksul,PER,0.0,0.0,de,1
versuchtes Tötungsdelikt,versuchtes Tötungsdelikt,PER,0.0,0.0,de,1
Jens Kummer,Jens Kummer,PER,0.0,0.0,de,1
Olga Fritzsche,Olga Fritzsche,PER,0.0,0.0,de,1
Jochen Langner,Jochen Langner,PER,0.0,0.0,de,1
EnBW-Chef Georg Stamatelopoulos,EnBW-Chef Georg Stamatelopoulos,PER,0.0,0.0,de,1
Jochen Langners,Jochen Langners,PER,0.0,0.0,de,1
Hörspiel Winterlied,Hörspiel Winterlied,PER,0.0,0.0,de,1
Finanzexpertin Swetlana Eberz,Finanzexpertin Swetlana Eberz,PER,1.0,0.0,de,1
Clemens Verenkotte,Clemens Verenkotte,PER,0.0,0.0,de,1
niedergestochene Mann,niedergestochene Mann,PER,0.0,1.0,de,1
Teresa Ribera,Teresa Ribera,PER,0.0,0.0,de,1
Nachrichtenagentur Tasnim,Nachrichtenagentur Tasnim,PER,-0.7,0.0,de,1
Friedensnobelpreisträgerin Mohammadi,Friedensnobelpreisträgerin Mohammadi,PER,0.0,0.0,de,1
Piraterie r,Piraterie r,PER,0.0,0.0,de,1
Per Notfallbeschluss,Per Notfallbeschluss,PER,0.0,0.0,de,1
Torsten Lieberknecht,Torsten Lieberknecht,PER,0.0,0.0,de,1
Differenzen zwi,Differenzen zwi,PER,0.0,0.0,de,1
Mehrab Abdollahsadeh,Mehrab Abdollahsadeh,PER,-1.0,0.0,de,1
Liveblog Adraee,Liveblog Adraee,PER,-1.0,0.0,de,1
Mohammed bin,Mohammed bin,PER,0.0,0.0,de,1
Trumps Nahost-Reise,Trumps Nahost-Reise,PER,0.0,0.0,de,1
Schneider Katherina Reiche,Schneider Katherina Reiche,PER,0.85,0.0,de,1
Kommissionsvizepräsidentin Ribera,Kommissionsvizepräsidentin Ribera,PER,0.0,0.0,de,1
Mehdi Tadsch,Mehdi Tadsch,PER,-0.7,0.0,de,1
bedingungslosem Waffenstillstand,bedingungslosem Waffenstillstand,PER,0.0,0.0,de,1
Nicole Würth,Nicole Würth,PER,0.0,0.0,de,1
Dietmar Woid­ke,Dietmar Woid­ke,PER,0.0,0.0,de,1
Mohammed Bagher Ghal,Mohammed Bagher Ghal,PER,-0.85,0.0,de,1
Parag Khanna,Parag Khanna,PER,0.7,0.0,de,1
Mohammed al-Sinwar,Mohammed al-Sinwar,PER,-1.0,0.0,de,1
Ulrich Mendgen,Ulrich Mendgen,PER,0.0,0.0,de,1
Johann Wolfgang von Goethe,Johann Wolfgang von Goethe,PER,0.7,0.0,de,1
Kreml-Machthaber Wladimir Putin ,Kreml-Machthaber Wladimir Putin ,PER,-1.0,0.0,de,1
Lena Katharina Barozzi,Lena Katharina Barozzi,PER,0.0,0.0,de,1
Wirtschaftsweise Veronika Grimm,Wirtschaftsweise Veronika Grimm,PER,0.7,0.0,de,1
Akku-Rasentrimmer von Bosch,Akku-Rasentrimmer von Bosch,PER,0.0,0.0,de,1
Frieden systemfremd,Frieden systemfremd,PER,0.0,0.0,de,1
Michelle Obama de,Michelle Obama de,PER,0.0,1.0,de,1
Oliver Reese,Oliver Reese,PER,0.0,0.0,de,1
Energie-Staatssekretärin Karin Arndt,Energie-Staatssekretärin Karin Arndt,PER,0.0,0.0,de,1
Anton Yaremchuk,Anton Yaremchuk,PER,0.0,0.0,de,1
João Pedro Prado,João Pedro Prado,PER,0.0,0.0,de,1
losgetretenen Handelskonflikt,losgetretenen Handelskonflikt,PER,0.0,0.0,de,1
Mercedes-Chef Ola Källenius,Mercedes-Chef Ola Källenius,PER,0.0,1.0,de,1
Putin poussiert,Putin poussiert,PER,0.0,0.0,de,1
Viktor Janukowitsch,Viktor Janukowitsch,PER,0.0,0.0,de,1
Regierungschef Netanjahu,Regierungschef Netanjahu,PER,0.0,0.0,de,1
Robert Habeck ,Robert Habeck ,PER,0.85,0.0,de,1
Krisengewinne von Mineralölkonzernen,Krisengewinne von Mineralölkonzernen,PER,0.0,0.0,de,1
Take-Two-CEO Strauss Zelnick,Take-Two-CEO Strauss Zelnick,PER,0.0,0.0,de,1
Ruft Trump,Ruft Trump,PER,0.0,0.0,de,1
Heul leiser,Heul leiser,PER,0.0,0.0,de,1
Sergej Martschenko,Sergej Martschenko,PER,0.0,0.0,de,1
Zivilpolizisten beo,Zivilpolizisten beo,PER,0.0,0.0,de,1
Jochen Flasbarth,Jochen Flasbarth,PER,1.0,0.0,de,1
Putin spie,Putin spie,PER,0.7,0.0,de,1
Amerikas Zölle,Amerikas Zölle,PER,0.0,0.0,de,1
Jürgen Roth,Jürgen Roth,PER,-0.7,0.0,de,1
Japans Ministerpräsidentin,Japans Ministerpräsidentin,PER,0.0,0.0,de,1
Aschaffenburger Messerstecher,Aschaffenburger Messerstecher,PER,0.0,0.0,de,1
Fregattenkapitän der Bundeswehr,Fregattenkapitän der Bundeswehr,PER,0.0,0.0,de,1
Helge Adrians,Helge Adrians,PER,0.0,0.0,de,1
Aline Trede,Aline Trede,PER,1.0,0.0,de,1
Habecks Gasheizungs-Aus,Habecks Gasheizungs-Aus,PER,0.7,0.0,de,1
Margareta Holzreiter,Margareta Holzreiter,PER,0.0,0.0,de,1
Netanjahu Iran,Netanjahu Iran,PER,-1.0,0.0,de,1
Herbert Saurugg,Herbert Saurugg,PER,0.0,0.0,de,1
Andrew Parsons,Andrew Parsons,PER,0.7,0.0,de,1
Charles de Gaulle“,Charles de Gaulle“,PER,0.0,0.0,de,1
Robin Wood,Robin Wood,PER,0.7,0.0,de,1
Verhältnis Lohn,Verhältnis Lohn,PER,0.7,0.0,de,1
Jürgen Schmitt,Jürgen Schmitt,PER,0.0,0.0,de,1
Russland inakzep,Russland inakzep,PER,0.0,0.0,de,1
Microsofts Klimaziele,Microsofts Klimaziele,PER,0.0,0.0,de,1
Miso dagegenhält,Miso dagegenhält,PER,1.0,0.0,de,1
David Lammy empfäng,David Lammy empfäng,PER,0.0,0.0,de,1
Alice Rufo,Alice Rufo,PER,0.0,0.0,de,1
Moskauer Waffenruhe,Moskauer Waffenruhe,PER,0.0,0.0,de,1
Liveblog Satellitenbilder,Liveblog Satellitenbilder,PER,-0.15000000000000002,0.0,de,1
Parteibüros von Grünen,Parteibüros von Grünen,PER,0.7,0.0,de,1
Donald Tusk Russland,Donald Tusk Russland,PER,0.0,0.0,de,1
Merz zu,Merz zu,PER,0.0,0.0,de,1
Edgars Rinkvis,Edgars Rinkvis,PER,0.0,0.0,de,1
Putin Waffenruhe-Ultimatum,Putin Waffenruhe-Ultimatum,PER,0.0,0.0,de,1
Margot Friedländers,Margot Friedländers,PER,0.0,0.0,de,1
Fraktionsvize Julia Verlinden,Fraktionsvize Julia Verlinden,PER,0.0,0.0,de,1
Andreas Dresen,Andreas Dresen,PER,0.0,0.0,de,1
Stephan Glaremin,Stephan Glaremin,PER,0.7,0.0,de,1
Drohnenangriffe entlang de,Drohnenangriffe entlang de,PER,0.0,0.0,de,1
Jahrestags des Kriegsendes,Jahrestags des Kriegsendes,PER,0.0,0.0,de,1
Liveblog Moskaus Militärparade,Liveblog Moskaus Militärparade,PER,0.0,1.0,de,1
Trumps Zickzack,Trumps Zickzack,PER,0.0,0.0,de,1
Moskaus Roten Platz,Moskaus Roten Platz,PER,0.0,0.0,de,1
Rubio zu Gesprächen,Rubio zu Gesprächen,PER,0.0,0.0,de,1
übereilter Selbstmedikation,übereilter Selbstmedikation,PER,-0.7,0.0,de,1
David Attenborough,David Attenborough,PER,0.0,0.0,de,1
Grünen-Politiker Omi,Grünen-Politiker Omi,PER,1.0,0.0,de,1
Proteste von Atomkraftgegnern,Proteste von Atomkraftgegnern,PER,0.0,0.0,de,1
Trumps Mega-Sanktion,Trumps Mega-Sanktion,PER,0.0,0.0,de,1
hochradioaktivem Atommüll s,hochradioaktivem Atommüll s,PER,0.0,0.0,de,1
abwesendem Kreml-Tyrann,abwesendem Kreml-Tyrann,PER,0.0,0.0,de,1
Gesprächenam Freitag,Gesprächenam Freitag,PER,0.0,0.0,de,1
Sohn Rocco,Sohn Rocco,PER,0.0,0.0,de,1
Valentin Alexandrovich Serov,Valentin Alexandrovich Serov,PER,0.0,0.0,de,1
Luis Inácio Lula da Silva,Luis Inácio Lula da Silva,PER,0.0,0.0,de,1
Apples Karten-App,Apples Karten-App,PER,0.0,0.0,de,1
Anton Yaremchuks,Anton Yaremchuks,PER,0.0,0.0,de,1
Corpus Christi,Corpus Christi,PER,0.0,1.0,de,1
João Pedro Prados,João Pedro Prados,PER,0.0,0.0,de,1
WIFO-Expertin Margit Schratzenstaller,WIFO-Expertin Margit Schratzenstaller,PER,0.0,0.0,de,1
Franz Zauners Keller,Franz Zauners Keller,PER,0.0,0.0,de,1
Oleksandr Koval,Oleksandr Koval,PER,-1.0,0.0,de,1
Richterin Jewg,Richterin Jewg,PER,0.0,0.0,de,1
Kamerad Putin,Kamerad Putin,PER,0.0,0.0,de,1
Putin Gespräche,Putin Gespräche,PER,0.0,0.0,de,1
Panasonic Lumix,Panasonic Lumix,PER,0.0,0.0,de,1
Hongbo Fu,Hongbo Fu,PER,0.0,0.0,de,1
Robert Johnson,Robert Johnson,PER,-0.7,0.0,de,1
Chinas Energievisionen,Chinas Energievisionen,PER,0.0,0.0,de,1
Leos XIV,Leos XIV,PER,0.0,0.0,de,1
Giulio Andreotti,Giulio Andreotti,PER,0.0,0.0,de,1
Nato-General Ingo Gerhartz,Nato-General Ingo Gerhartz,PER,0.7,0.0,de,1
Kremlherrscher Wladimir Putin,Kremlherrscher Wladimir Putin,PER,0.0,0.0,de,1
Sternekoch Tim Raue,Sternekoch Tim Raue,PER,0.0,0.0,de,1
John le Carré,John le Carré,PER,0.0,0.0,de,1
John Kelly,John Kelly,PER,0.0,0.0,de,1
Jahrestags der Atomkatastrophe von Tschernobyl,Jahrestags der Atomkatastrophe von Tschernobyl,PER,0.0,0.0,de,1
Julia Friedlander,Julia Friedlander,PER,0.0,0.0,de,1
Serhii Beskrestnov,Serhii Beskrestnov,PER,0.0,0.0,de,1
Gudrun Pausewang,Gudrun Pausewang,PER,1.0,0.0,de,1
Nika Melija,Nika Melija,PER,0.0,0.0,de,1
Rosemary DiCarlo,Rosemary DiCarlo,PER,0.0,0.0,de,1
Vazhnye Istorii,Vazhnye Istorii,PER,0.0,0.0,de,1
Zaur Gurtziew,Zaur Gurtziew,PER,0.0,0.0,de,1
Belarus-Diktator Alexander Lukaschenko,Belarus-Diktator Alexander Lukaschenko,PER,-0.7,0.0,de,1
baugewerblicher Unte,baugewerblicher Unte,PER,0.0,0.0,de,1
Diktator-Kumpel Alexander Lukaschenko,Diktator-Kumpel Alexander Lukaschenko,PER,0.0,1.0,de,1
Gudrun Pausewangs,Gudrun Pausewangs,PER,-0.15000000000000002,0.0,de,1
Caspar Clemens Mierau,Caspar Clemens Mierau,PER,0.7,0.0,de,1
Oleksij Melnyk,Oleksij Melnyk,PER,0.0,0.0,de,1
Alexander Volfovich,Alexander Volfovich,PER,0.0,0.0,de,1
Kronprinz bin Salman,Kronprinz bin Salman,PER,0.0,0.0,de,1
André Wüstner,André Wüstner,PER,0.0,0.0,de,1
Spaniens Nato-Ausschluss,Spaniens Nato-Ausschluss,PER,0.0,0.0,de,1
Putin plane,Putin plane,PER,0.0,0.0,de,1
Pang Tu Sop,Pang Tu Sop,PER,0.0,0.0,de,1
Gestrandeter Buckelwal,Gestrandeter Buckelwal,PER,-0.7,0.0,de,1
Hisbollah-Miliz fü,Hisbollah-Miliz fü,PER,0.7,0.0,de,1
Jahrestags der Reaktorkatastrophe von Tschernobyl,Jahrestags der Reaktorkatastrophe von Tschernobyl,PER,0.0,0.0,de,1
Gut Ding,Gut Ding,PER,0.5,0.5,de,1
Rupert Schaefer,Rupert Schaefer,PER,0.0,0.0,de,1
Moskau-Reporter Munz,Moskau-Reporter Munz,PER,0.0,0.0,de,1
Ukraine Waffenruhe,Ukraine Waffenruhe,PER,0.0,0.0,de,1
Raha Bahreini,Raha Bahreini,PER,-1.0,0.0,de,1
Dani Parthum,Dani Parthum,PER,1.0,0.0,de,1
Gaza Palästinenser,Gaza Palästinenser,PER,0.0,0.0,de,1
Finanzexpertin Dani Parthum,Finanzexpertin Dani Parthum,PER,0.7,0.0,de,1
Joacim Rocklöv,Joacim Rocklöv,PER,0.0,0.0,de,1
EU-Energiekommissar Jørgensen,EU-Energiekommissar Jørgensen,PER,-0.85,0.0,de,1
Ungarns Noch-Premier Orban,Ungarns Noch-Premier Orban,PER,0.0,0.0,de,1
Leon Wolff,Leon Wolff,PER,0.0,0.0,de,1
Schah-Sohn Pahlavi,Schah-Sohn Pahlavi,PER,0.0,0.0,de,1
Linkin Park,Linkin Park,PER,0.0,0.0,de,1
Agentur Fars,Agentur Fars,PER,-1.0,0.0,de,1
Bundestagspräsidentin Julia Klöckner,Bundestagspräsidentin Julia Klöckner,PER,0.0,0.0,de,1
Liveblog Wadephul,Liveblog Wadephul,PER,-0.5,0.5,de,1
Therapeut Gisbert Straden,Therapeut Gisbert Straden,PER,0.0,0.0,de,1
Mike Pompeo,Mike Pompeo,PER,-0.15000000000000002,0.0,de,1
Vergangenes Jah,Vergangenes Jah,PER,0.0,0.0,de,1
Zukunft Russlan,Zukunft Russlan,PER,0.0,0.0,de,1
Doppel-Manöver von Nato,Doppel-Manöver von Nato,PER,0.7,0.0,de,1
US-Sondergesandter Kellogg,US-Sondergesandter Kellogg,PER,0.0,0.0,de,1
Florian Heyd,Florian Heyd,PER,0.0,0.0,de,1
Krisengewinne von Energiekonzernen,Krisengewinne von Energiekonzernen,PER,0.0,0.0,de,1
Immobiliengewinne fair,Immobiliengewinne fair,PER,1.0,0.0,de,1
Vitaly Shulika,Vitaly Shulika,PER,0.0,0.0,de,1
Apples Spiele-App,Apples Spiele-App,PER,0.0,0.0,de,1
polizeibekannte Mann,polizeibekannte Mann,PER,0.0,0.0,de,1
Konstantin Kossatschow,Konstantin Kossatschow,PER,0.0,0.0,de,1
Rainer Robra,Rainer Robra,PER,0.0,0.0,de,1
Oliver Laxe,Oliver Laxe,PER,0.0,0.0,de,1
Stefan Asenkerschbaumer,Stefan Asenkerschbaumer,PER,1.0,0.0,de,1
Santiago von Misshandlungen,Santiago von Misshandlungen,PER,0.0,0.0,de,1
Protesten von Demonstranten,Protesten von Demonstranten,PER,-0.7,0.0,de,1
Breuer dem Deutschlandfunk,Breuer dem Deutschlandfunk,PER,0.0,0.8,de,1
Finanzportal Bloomberg,Finanzportal Bloomberg,PER,0.0,1.0,de,1
Trumps Afghanistan,Trumps Afghanistan,PER,-1.0,0.0,de,1
Antonio Herceg,Antonio Herceg,PER,0.0,0.0,de,1
Andreas Henne,Andreas Henne,PER,0.0,0.0,de,1
Yurii Ihnat,Yurii Ihnat,PER,0.0,0.0,de,1
Iran-Diplomatie stockt,Iran-Diplomatie stockt,PER,0.0,0.0,de,1
Patricia Platiel,Patricia Platiel,PER,0.0,0.0,de,1
Jochen Ott,Jochen Ott,PER,0.0,0.0,de,1
Martina Klement,Martina Klement,PER,0.0,0.0,de,1
Marc Lenz,Marc Lenz,PER,0.0,0.0,de,1
Herr Minister,Herr Minister,PER,0.0,0.0,de,1
Terrorgruppe Hayi,Terrorgruppe Hayi,PER,-0.7,0.0,de,1
Michael Brodsky,Michael Brodsky,PER,0.0,0.0,de,1
Pamela Smith,Pamela Smith,PER,-0.7,0.0,de,1
Aschab al-Jamin al,Aschab al-Jamin al,PER,-0.7,0.0,de,1
Vereinte Nationen,Vereinte Nationen,PER,0.0,0.0,de,1
Wilhelm Busch,Wilhelm Busch,PER,0.0,0.0,de,1
Orbáns Heimatdorf,Orbáns Heimatdorf,PER,0.0,0.0,de,1
Fondsmanager James Donald,Fondsmanager James Donald,PER,0.7,0.0,de,1
Videos von Lego-Figuren,Videos von Lego-Figuren,PER,0.0,0.0,de,1
Timur Tkatschenko,Timur Tkatschenko,PER,0.0,0.0,de,1
Telegram von,Telegram von,PER,0.0,0.0,de,1
Donald Trumps Zölle,Donald Trumps Zölle,PER,0.0,0.0,de,1
Elisabeth Max-Theurer,Elisabeth Max-Theurer,PER,0.0,0.0,de,1
Giuseppe Cavo Dragone,Giuseppe Cavo Dragone,PER,0.0,0.0,de,1
Verena Hubertz,Verena Hubertz,PER,0.0,1.0,de,1
Ismail Baghaei,Ismail Baghaei,PER,0.0,0.0,de,1
Holger Neumann,Holger Neumann,PER,0.0,0.0,de,1
Trumps Seelenzustand,Trumps Seelenzustand,PER,0.0,0.0,de,1
Sohn des Schah,Sohn des Schah,PER,0.3333333333333333,0.0,de,1
Reza Pahlavis,Reza Pahlavis,PER,0.3333333333333333,0.0,de,1
Vera Rudolph,Vera Rudolph,PER,0.0,0.0,de,1
Bayerns Ministerpräsid,Bayerns Ministerpräsid,PER,0.0,0.0,de,1
Barry Rosen,Barry Rosen,PER,0.0,1.0,de,1
Finanz-Experte Volker Heun,Finanz-Experte Volker Heun,PER,0.7,0.0,de,1
Abbas Arag,Abbas Arag,PER,-0.7,0.0,de,1
Trumps Truth-Social-Post,Trumps Truth-Social-Post,PER,-1.0,0.0,de,1
Jahrtausend v,Jahrtausend v,PER,-0.35,0.5,de,1
Robert Rollinger,Robert Rollinger,PER,-0.35,0.5,de,1
Trumps Putin-Statement,Trumps Putin-Statement,PER,0.0,0.0,de,1
Luc Tardif,Luc Tardif,PER,0.7,0.0,de,1
Rub al-Chali,Rub al-Chali,PER,0.0,0.0,de,1
Daniel Cohn-Bendit,Daniel Cohn-Bendit,PER,0.0,0.0,de,1
Tobias Schick,Tobias Schick,PER,-1.0,0.0,de,1
Filmfestival Cannes,Filmfestival Cannes,PER,0.0,0.0,de,1
Mohammed bin Abdelrahman,Mohammed bin Abdelrahman,PER,0.0,0.0,de,1
Michael Schumacher,Michael Schumacher,PER,1.0,0.0,de,1
Jahren Iskander-Raketen,Jahren Iskander-Raketen,PER,0.0,0.0,de,1
Donald Trumps Sicherheitsberater,Donald Trumps Sicherheitsberater,PER,0.0,0.0,de,1
Angriff Strafmaßnahmen,Angriff Strafmaßnahmen,PER,-0.7,0.0,de,1
Donald Trumps Friedensplan,Donald Trumps Friedensplan,PER,0.0,0.0,de,1
geschlechtergetrennt baden,geschlechtergetrennt baden,PER,0.0,0.0,de,1
Mohammad Rasoulof,Mohammad Rasoulof,PER,0.0,0.0,de,1
Bachi Spiga,Bachi Spiga,PER,0.0,0.0,de,1
Beobachter Sabotage,Beobachter Sabotage,PER,0.0,0.0,de,1
Marco Rubio von Gesprächen,Marco Rubio von Gesprächen,PER,0.7,0.0,de,1
Alexander Awdejew,Alexander Awdejew,PER,0.0,0.0,de,1
Van Aken,Van Aken,PER,-1.0,0.0,de,1
John Hardie,John Hardie,PER,-0.35,0.0,de,1
Trumps Milchjungen-Rechnung,Trumps Milchjungen-Rechnung,PER,0.0,0.0,de,1
Trumps Ex-Sicherheitsberater,Trumps Ex-Sicherheitsberater,PER,0.0,0.0,de,1
Parteiinterner Trump-Gegner Massie,Parteiinterner Trump-Gegner Massie,PER,0.0,0.0,de,1
Egisto Ott,Egisto Ott,PER,0.0,0.0,de,1
Wiederaufbau von Mariupol,Wiederaufbau von Mariupol,PER,0.0,0.0,de,1
Wirecard-Chef Marsalek,Wirecard-Chef Marsalek,PER,0.0,0.0,de,1
Christian Schmidt,Christian Schmidt,PER,-0.10000000000000002,0.3333333333333333,de,1
Herr Reitzle,Herr Reitzle,PER,1.0,0.0,de,1
Sohn David,Sohn David,PER,0.0,0.0,de,1
Extinction Rebellion,Extinction Rebellion,PER,0.0,0.0,de,1
Unions-Fraktionsvize Ulrich Lange,Unions-Fraktionsvize Ulrich Lange,PER,0.0,0.3333333333333333,de,1
Iranexperte Hamidreza Azizi,Iranexperte Hamidreza Azizi,PER,0.0,0.0,de,1
Heizölpreise von Donnerstag,Heizölpreise von Donnerstag,PER,0.0,0.0,de,1
Attentatsziele des Regimes,Attentatsziele des Regimes,PER,0.0,0.0,de,1
Igor Terekow,Igor Terekow,PER,0.0,0.0,de,1
Merz „Heuchelei,Merz „Heuchelei,PER,-1.0,0.0,de,1
Claudia Neu,Claudia Neu,PER,0.0,0.0,de,1
Lena Klimek,Lena Klimek,PER,0.0,0.0,de,1
Expertenrat mahnt,Expertenrat mahnt,PER,-1.0,0.0,de,1
Wladimir Putin Xi Jinping,Wladimir Putin Xi Jinping,PER,0.0,0.0,de,1
Trumps Fehleinschätzungen,Trumps Fehleinschätzungen,PER,-1.0,0.0,de,1
Maximilian Seib,Maximilian Seib,PER,0.0,0.0,de,1
Sascha Hildmann,Sascha Hildmann,PER,0.5666666666666667,0.3333333333333333,de,1
Klinikum Ernst von Bergmann,Klinikum Ernst von Bergmann,PER,0.0,0.0,de,1
Peter Gerber,Peter Gerber,PER,0.0,0.0,de,1
Florentino Pérez,Florentino Pérez,PER,0.0,0.0,de,1
Botschafter Melnyk,Botschafter Melnyk,PER,0.0,0.0,de,1
Juan Carlos,Juan Carlos,PER,0.0,0.0,de,1
Ex-Präsident Poroshenko,Ex-Präsident Poroshenko,PER,1.0,0.0,de,1
Großkunde Apple,Großkunde Apple,PER,0.0,0.0,de,1
Serhii Marchenko,Serhii Marchenko,PER,0.0,0.0,de,1
Emmi AI,Emmi AI,PER,-0.7,0.0,de,1
Altkanzlerin mahnt,Altkanzlerin mahnt,PER,0.0,0.0,de,1
Sicherheitspolitik-Experte Mölling,Sicherheitspolitik-Experte Mölling,PER,1.0,0.0,de,1
Trump dara,Trump dara,PER,0.0,0.0,de,1
Jan-Werner Müller,Jan-Werner Müller,PER,0.0,0.0,de,1
Farah Al Qasimi,Farah Al Qasimi,PER,0.0,1.0,de,1
Philipp Daum,Philipp Daum,PER,1.0,0.0,de,1
Egon Erwin Kisch-Preis,Egon Erwin Kisch-Preis,PER,1.0,0.0,de,1
Putin Angriffsstopp,Putin Angriffsstopp,PER,0.0,0.0,de,1
Wolodymyr Selenskyj Donald Trump,Wolodymyr Selenskyj Donald Trump,PER,0.0,0.0,de,1
Trumps Befugnisse,Trumps Befugnisse,PER,0.0,0.0,de,1
hochangereichertem Uran,hochangereichertem Uran,PER,0.0,0.0,de,1
Donald Trumps Iran-Deal,Donald Trumps Iran-Deal,PER,0.0,0.0,de,1
Wolodymyr Selenskyj Russland,Wolodymyr Selenskyj Russland,PER,0.0,0.0,de,1
Merz’ Taurus-Angebot,Merz’ Taurus-Angebot,PER,0.0,0.0,de,1
Trump Asiens,Trump Asiens,PER,0.0,0.0,de,1
Volker Fendrich,Volker Fendrich,PER,0.7,0.0,de,1
Calixto Bieito,Calixto Bieito,PER,0.0,0.0,de,1
Alexander M,Alexander M,PER,0.0,0.0,de,1
Partei-Chefin Esken,Partei-Chefin Esken,PER,0.0,0.0,de,1
Le Chiquito-Handtasche,Le Chiquito-Handtasche,PER,0.0,0.0,de,1
Simon Porte,Simon Porte,PER,0.0,0.0,de,1
Antonio Filosa,Antonio Filosa,PER,1.0,0.0,de,1
Teherans Nuklearanla,Teherans Nuklearanla,PER,-1.0,0.0,de,1
Artem Semenichin,Artem Semenichin,PER,0.0,0.0,de,1
Ma Ti,Ma Ti,PER,0.0,0.0,de,1
Luis Magana,Luis Magana,PER,0.0,0.0,de,1
Andreas Roßkopf,Andreas Roßkopf,PER,0.0,0.0,de,1
Stark Defence,Stark Defence,PER,0.7,0.0,de,1
Mileis Reformminister Sturzenegger,Mileis Reformminister Sturzenegger,PER,0.0,0.0,de,1
Federico Sturzenegger,Federico Sturzenegger,PER,0.0,0.0,de,1
Trumps Pekingreise,Trumps Pekingreise,PER,0.0,0.0,de,1
Kerstin Ciesla,Kerstin Ciesla,PER,0.0,0.0,de,1
Nein danke,Nein danke,PER,0.7,0.0,de,1
Angeschossener Verdächtiger,Angeschossener Verdächtiger,PER,0.0,0.0,de,1
Xi Jinp,Xi Jinp,PER,0.0,0.0,de,1
Donald Trumps Highlight,Donald Trumps Highlight,PER,0.0,0.0,de,1
Asim Munir,Asim Munir,PER,0.0,0.0,de,1
Innensenatorin Spranger,Innensenatorin Spranger,PER,0.0,0.0,de,1
Katharina König-Preuss,Katharina König-Preuss,PER,0.0,0.0,de,1
CDU-Fraktionsvize Jens Spahn,CDU-Fraktionsvize Jens Spahn,PER,0.7,0.0,de,1
Per Notstandsgesetz,Per Notstandsgesetz,PER,0.0,0.0,de,1
Frankreichs Botschafter,Frankreichs Botschafter,PER,-0.7,0.0,de,1
Ajatollah Modschtaba Chamenei,Ajatollah Modschtaba Chamenei,PER,0.0,0.0,de,1
Sicherheitsexperte Carlo Masala,Sicherheitsexperte Carlo Masala,PER,1.0,0.0,de,1
Putins Oster-Waffenruhe,Putins Oster-Waffenruhe,PER,0.0,0.0,de,1
Siegfried Lenz Preis,Siegfried Lenz Preis,PER,0.0,0.0,de,1
Habeck-Vertrauter Merz,Habeck-Vertrauter Merz,PER,0.0,0.0,de,1
Merz am,Merz am,PER,0.0,0.0,de,1
Vittoria Cam,Vittoria Cam,PER,0.0,0.0,de,1
Fabrizio Talone,Fabrizio Talone,PER,0.0,0.0,de,1
Kristalina Georgiewa,Kristalina Georgiewa,PER,0.0,0.0,de,1
Bald-Kanzler Friedrich Merz,Bald-Kanzler Friedrich Merz,PER,0.7,0.0,de,1
VfB-Sportvorstand Fabian Wohlgemuth,VfB-Sportvorstand Fabian Wohlgemuth,PER,1.0,0.0,de,1
Eberl Spitze,Eberl Spitze,PER,1.0,0.0,de,1
Alexander Nübel,Alexander Nübel,PER,1.0,0.0,de,1
Marie Debulois,Marie Debulois,PER,0.0,0.0,de,1
Formaldehyd beschädi,Formaldehyd beschädi,PER,0.0,0.0,de,1
Christina Belonic,Christina Belonic,PER,0.0,0.0,de,1
Natalie Rickli,Natalie Rickli,PER,0.0,0.0,de,1
Herzblut Hebamme,Herzblut Hebamme,PER,0.0,0.0,de,1
Christina Belon,Christina Belon,PER,0.0,0.0,de,1
Andreas Mika,Andreas Mika,PER,0.0,0.0,de,1
Wolfgang Güttel,Wolfgang Güttel,PER,0.7,0.0,de,1
Stéphane Romatet,Stéphane Romatet,PER,-0.7,0.0,de,1
Autokonzern Stellantis,Autokonzern Stellantis,PER,1.0,0.0,de,1
Olivier Blanchard,Olivier Blanchard,PER,0.7,0.0,de,1
Donald Trump nac,Donald Trump nac,PER,0.0,0.0,de,1
Adam Yates,Adam Yates,PER,0.0,0.0,de,1
Netanjahus Büro,Netanjahus Büro,PER,-0.35,0.0,de,1
Max Horkheimer,Max Horkheimer,PER,0.0,0.0,de,1
Herbert Marcuse,Herbert Marcuse,PER,0.0,0.0,de,1
Guy Debord,Guy Debord,PER,0.0,0.0,de,1
Louis Althuss,Louis Althuss,PER,0.0,0.0,de,1
Donald Trump verteid,Donald Trump verteid,PER,-0.7,0.0,de,1
Gerald Lipka,Gerald Lipka,PER,0.0,0.0,de,1
Teslas Robotaxis,Teslas Robotaxis,PER,0.0,0.0,de,1
Martin Richenhagen,Martin Richenhagen,PER,0.0,0.0,de,1
Nolan Flexen,Nolan Flexen,PER,0.0,0.0,de,1
Trumps Alcatraz-Idee,Trumps Alcatraz-Idee,PER,1.0,0.0,de,1
Kimia Alizadeh,Kimia Alizadeh,PER,0.0,0.0,de,1
Waad al-Kateab,Waad al-Kateab,PER,0.0,0.0,de,1
Julia Gräfner,Julia Gräfner,PER,0.0,0.0,de,1
Marie Michel,Marie Michel,PER,0.0,0.0,de,1
Ihab Farhat,Ihab Farhat,PER,0.0,0.0,de,1
Hanan Ziour,Hanan Ziour,PER,0.0,0.0,de,1
Ehsan Afraschteh,Ehsan Afraschteh,PER,0.0,0.0,de,1
Sohn z,Sohn z,PER,-1.0,0.0,de,1
Trumps China-Besuch,Trumps China-Besuch,PER,0.0,0.0,de,1
Nobelpreisträgerin Mohammadi,Nobelpreisträgerin Mohammadi,PER,-0.7,0.0,de,1
Putins Lieblings-Oligarch,Putins Lieblings-Oligarch,PER,0.0,0.0,de,1
Verborgene Milliarden,Verborgene Milliarden,PER,0.0,0.0,de,1
Michael Lühmann,Michael Lühmann,PER,0.0,0.0,de,1
Mohammadis Gefäßerkrankung,Mohammadis Gefäßerkrankung,PER,0.0,0.0,de,1
Anne-Katrin Mellmann,Anne-Katrin Mellmann,PER,0.0,0.0,de,1
Charles Nodiers,Charles Nodiers,PER,-0.7,0.0,de,1
Trumps Gesandtem Witkoff,Trumps Gesandtem Witkoff,PER,0.0,0.0,de,1
Byung-Chul Han,Byung-Chul Han,PER,1.0,0.0,de,1
Philipp Semlic,Philipp Semlic,PER,1.0,0.0,de,1
Nikolai Baden Frederiksen,Nikolai Baden Frederiksen,PER,1.0,0.0,de,1
Ebrahim Azizi,Ebrahim Azizi,PER,0.0,0.0,de,1
Wirecard-Manager Marsalek,Wirecard-Manager Marsalek,PER,0.0,0.0,de,1
Moskau befi,Moskau befi,PER,0.0,0.0,de,1
Alexander Botsan-Kharchenko,Alexander Botsan-Kharchenko,PER,0.0,0.0,de,1
Robert Prevost,Robert Prevost,PER,0.0,0.0,de,1
Netanjahu bekräftig,Netanjahu bekräftig,PER,0.0,0.0,de,1
Viktor Orban ha,Viktor Orban ha,PER,0.0,0.0,de,1
Ungarns Aussenminister,Ungarns Aussenminister,PER,0.7,0.0,de,1
Carlos Bowles,Carlos Bowles,PER,0.0,1.0,de,1
Elementl Power,Elementl Power,PER,0.0,0.0,de,1
Lion Bischof,Lion Bischof,PER,0.0,0.0,de,1
Herbert Brendel,Herbert Brendel,PER,0.0,0.0,de,1
Xi be,Xi be,PER,-0.7,0.0,de,1
Noise Cancelling,Noise Cancelling,PER,0.7,0.0,de,1
Soundcore by Anker,Soundcore by Anker,PER,0.7,0.0,de,1
Donald Trumps Golden Dome,Donald Trumps Golden Dome,PER,0.0,0.0,de,1
nan Die von,nan Die von,PER,-1.0,0.0,de,1
Jan-Christoph Gockels,Jan-Christoph Gockels,PER,0.0,0.0,de,1
Lizzie Doro,Lizzie Doro,PER,1.0,0.0,de,1
Chantal Ackermann,Chantal Ackermann,PER,0.0,0.0,de,1
Jean Sbogar,Jean Sbogar,PER,-0.7,0.0,de,1
Jan-Christoph Gockel,Jan-Christoph Gockel,PER,0.0,0.0,de,1
Xi reist,Xi reist,PER,0.0,0.0,de,1
Alice Bota,Alice Bota,PER,0.0,0.0,de,1
Lukaschenko Wolgograd,Lukaschenko Wolgograd,PER,0.0,0.0,de,1
Donald Trumps Umgang,Donald Trumps Umgang,PER,0.0,0.0,de,1
Anja Nitzsche,Anja Nitzsche,PER,1.0,0.0,de,1
Álvaro Arbeloa,Álvaro Arbeloa,PER,-0.15000000000000002,0.0,de,1
Andris Sprds,Andris Sprds,PER,0.0,0.0,de,1
Michail Bulgakows Roman,Michail Bulgakows Roman,PER,0.7,0.0,de,1
Wladimir Sliwjak,Wladimir Sliwjak,PER,0.7,0.0,de,1
Paritätischer Wohlfahrtsverband,Paritätischer Wohlfahrtsverband,PER,0.7,0.0,de,1
Roxana Mînzatu,Roxana Mînzatu,PER,-0.7,0.0,de,1
Mercedes-Chef Källenius,Mercedes-Chef Källenius,PER,0.0,0.0,de,1
Gesundheitsministerin Warken,Gesundheitsministerin Warken,PER,0.0,0.0,de,1
Thomas Öchsner,Thomas Öchsner,PER,0.7,0.0,de,1
Nina Warken,Nina Warken,PER,0.0,0.0,de,1
Militärhistoriker Sönke Neitzel,Militärhistoriker Sönke Neitzel,PER,0.0,0.0,de,1
Erdgas inzwische,Erdgas inzwische,PER,0.0,0.0,de,1
Klaus Holetschek,Klaus Holetschek,PER,0.0,0.0,de,1
Nordkoreas Militäreinsatz,Nordkoreas Militäreinsatz,PER,0.0,0.0,de,1
Nordkoreas Schützenhilfe,Nordkoreas Schützenhilfe,PER,-1.0,0.0,de,1
Sudans Rotes Kreuz,Sudans Rotes Kreuz,PER,0.85,0.0,de,1
Zara Suleiman,Zara Suleiman,PER,1.0,0.0,de,1
Niels-Olaf Lüders,Niels-Olaf Lüders,PER,0.0,0.0,de,1
Trumps Ukraine-Diplomatie,Trumps Ukraine-Diplomatie,PER,0.0,0.0,de,1
Ignat K,Ignat K,PER,0.0,0.0,de,1
Bundesinnenminister Dobrindt,Bundesinnenminister Dobrindt,PER,-0.7,0.0,de,1
EU-Energiekommissar Dan Jørgensen,EU-Energiekommissar Dan Jørgensen,PER,0.0,0.0,de,1
Putins Lockangebot,Putins Lockangebot,PER,0.0,0.0,de,1
Lip-Bu Tan,Lip-Bu Tan,PER,0.0,0.0,de,1
Afonso de Albuquerque,Afonso de Albuquerque,PER,0.0,0.0,de,1
Indiens Regierungschef,Indiens Regierungschef,PER,0.0,0.0,de,1
Raiffeisen-Banker Schaller,Raiffeisen-Banker Schaller,PER,1.0,0.0,de,1
Hollywood-Star George Clooney,Hollywood-Star George Clooney,PER,0.0,0.0,de,1
Vicente de la O Levy,Vicente de la O Levy,PER,0.0,0.0,de,1
Robert Feiger,Robert Feiger,PER,0.0,0.0,de,1
Videos lasse,Videos lasse,PER,0.0,0.0,de,1
Evika Silina,Evika Silina,PER,0.0,0.0,de,1
Marcus Hirnschal,Marcus Hirnschal,PER,-1.0,0.0,de,1
Netanjahus Regierung,Netanjahus Regierung,PER,0.0,0.0,de,1
März Lebensmittellieferungen,März Lebensmittellieferungen,PER,0.0,0.0,de,1
Papst Franziskus,Papst Franziskus,PER,0.0,1.0,de,1
Kommentaren darüb,Kommentaren darüb,PER,0.0,0.0,de,1
Artur Dobroserdov,Artur Dobroserdov,PER,0.0,0.0,de,1
Jean-Noel Barrot,Jean-Noel Barrot,PER,0.0,1.0,de,1
Julie Davis,Julie Davis,PER,0.7,0.0,de,1
Xi Jin,Xi Jin,PER,0.0,0.0,de,1
Robert Bosch,Robert Bosch,PER,0.0,0.0,de,1
Serhij Sternenko,Serhij Sternenko,PER,0.0,0.0,de,1
Marco Rubi,Marco Rubi,PER,0.0,0.0,de,1
Georg Ismar,Georg Ismar,PER,0.0,0.0,de,1
Art Dubai,Art Dubai,PER,1.0,0.0,de,1
Vulkane kühlen,Vulkane kühlen,PER,0.0,0.0,de,1
Michael Maxelon,Michael Maxelon,PER,0.7,0.0,de,1
Jing Jing,Jing Jing,PER,0.0,0.0,de,1
Aufsichtsratschef Stefan Asenkerschbaumer,Aufsichtsratschef Stefan Asenkerschbaumer,PER,0.7,0.0,de,1
Moskau-Korrespondent Rainer Munz,Moskau-Korrespondent Rainer Munz,PER,0.7,0.0,de,1
Chris Bowen,Chris Bowen,PER,0.85,0.0,de,1
Dominic Hebestreit,Dominic Hebestreit,PER,0.0,0.0,de,1
Hegseth log,Hegseth log,PER,0.0,0.0,de,1
Daniil Trifonov,Daniil Trifonov,PER,1.0,0.0,de,1
Yuja Wang,Yuja Wang,PER,1.0,0.0,de,1
Huthi Miliz,Huthi Miliz,PER,0.0,0.0,de,1
Usman Anees,Usman Anees,PER,0.0,0.0,de,1
Adolph Freiherr von Knigge,Adolph Freiherr von Knigge,PER,1.0,0.0,de,1
Audrey Azoula,Audrey Azoula,PER,-0.35,0.5,de,1
Unesco-Chefin Audrey Azoula,Unesco-Chefin Audrey Azoula,PER,0.0,0.0,de,1
Moskauer Behördenangaben,Moskauer Behördenangaben,PER,-1.0,0.0,de,1
Jana Sinram,Jana Sinram,PER,0.0,0.0,de,1
Preiskampf Lebensmittelhandel,Preiskampf Lebensmittelhandel,PER,-1.0,0.0,de,1
Pete Hegseth Waffenlieferungen,Pete Hegseth Waffenlieferungen,PER,0.0,0.0,de,1
Liveblog Südkoreas,Liveblog Südkoreas,PER,0.0,0.0,de,1
Trumps Rückzieher,Trumps Rückzieher,PER,0.0,0.0,de,1
Botschafter Seibert,Botschafter Seibert,PER,-1.0,0.0,de,1
China Taiwan,China Taiwan,PER,-1.0,0.0,de,1
Gewaltskandalen Schlagzeilen,Gewaltskandalen Schlagzeilen,PER,0.0,0.0,de,1
Merz Wort,Merz Wort,PER,0.7,0.0,de,1
Engin Çatık,Engin Çatık,PER,0.0,0.0,de,1
Timo Springer,Timo Springer,PER,0.0,0.0,de,1
Andri Kolodjuk,Andri Kolodjuk,PER,0.0,0.0,de,1
Wasil Chmelnizki,Wasil Chmelnizki,PER,0.0,0.0,de,1
Olexander Hereha,Olexander Hereha,PER,0.0,0.0,de,1
Kasper Hjulmand,Kasper Hjulmand,PER,-0.7,0.0,de,1
Andri Stawnizer,Andri Stawnizer,PER,0.0,0.0,de,1
Israels Generalstabschef Eyal Zamir,Israels Generalstabschef Eyal Zamir,PER,0.0,0.0,de,1
Trumps Hormus-Ultimatum,Trumps Hormus-Ultimatum,PER,0.0,0.0,de,1
Hengst i,Hengst i,PER,0.0,0.0,de,1
Ruth Brand,Ruth Brand,PER,0.0,0.0,de,1
Mario Eustacchio,Mario Eustacchio,PER,0.0,0.0,de,1
KFG Finanzcausa Zivillandesgericht Prozess,KFG Finanzcausa Zivillandesgericht Prozess,PER,0.0,0.0,de,1
Hannes Heilenkötter,Hannes Heilenkötter,PER,0.2333333333333333,0.0,de,1
Iran Hormus-Ultimatum,Iran Hormus-Ultimatum,PER,-0.7,0.0,de,1
Heiko Gaußmann,Heiko Gaußmann,PER,0.2333333333333333,0.0,de,1
Ulrich Strotmann,Ulrich Strotmann,PER,0.2333333333333333,0.0,de,1
Bernd Steinhart,Bernd Steinhart,PER,0.2333333333333333,0.0,de,1
Technologiedienstleisters Blau,Technologiedienstleisters Blau,PER,0.7,0.0,de,1
Donald Tru,Donald Tru,PER,0.0,1.0,de,1
Trumps Ultimatum“,Trumps Ultimatum“,PER,0.0,0.0,de,1
Andreas König,Andreas König,PER,0.0,0.0,de,1
Peter Molyneux&#39,Peter Molyneux&#39,PER,0.0,0.0,de,1
Paulina fü,Paulina fü,PER,0.7,0.0,de,1
Frankreichs Senat,Frankreichs Senat,PER,-1.0,0.0,de,1
Linken-Fraktionschefin Heidi Reichinnek,Linken-Fraktionschefin Heidi Reichinnek,PER,-0.15000000000000002,0.0,de,1
Trumps Iran-Krieg,Trumps Iran-Krieg,PER,0.0,0.0,de,1
Simon Tschannett,Simon Tschannett,PER,0.0,0.0,de,1
Marjorie Taylor Greene,Marjorie Taylor Greene,PER,0.0,0.0,de,1
Colm Kelleher,Colm Kelleher,PER,0.0,0.0,de,1
Sergio Ermotti,Sergio Ermotti,PER,0.0,0.0,de,1
Lars Klingbeil Steuererlei,Lars Klingbeil Steuererlei,PER,0.0,0.0,de,1
FDP-Parteivize Wolfgang Kubicki,FDP-Parteivize Wolfgang Kubicki,PER,0.0,0.0,de,1
Martin Utschneider,Martin Utschneider,PER,1.0,0.0,de,1
Chinas Militär,Chinas Militär,PER,0.0,0.0,de,1
Kreml-Tyrann Putin,Kreml-Tyrann Putin,PER,0.0,0.0,de,1
Adrie de Vries,Adrie de Vries,PER,0.0,0.0,de,1
Karsten Schneider,Karsten Schneider,PER,0.0,0.0,de,1
Annalisa Carnio,Annalisa Carnio,PER,0.0,0.0,de,1
Lukas  Podolski,Lukas  Podolski,PER,0.0,0.0,de,1
Konzernboss Armin Papperger,Konzernboss Armin Papperger,PER,0.0,0.0,de,1
Deutschlands Nachbar,Deutschlands Nachbar,PER,0.0,0.0,de,1
Moskaus Sanktionsliste,Moskaus Sanktionsliste,PER,0.0,0.0,de,1
Krisengeplagte Chemiebranche,Krisengeplagte Chemiebranche,PER,0.0,0.0,de,1
Stefan Ehlert,Stefan Ehlert,PER,0.0,0.0,de,1
DVAG-Vorstand Helge Lach,DVAG-Vorstand Helge Lach,PER,0.0,0.0,de,1
Argentiniens Balanceakt,Argentiniens Balanceakt,PER,0.0,0.0,de,1
entscheide si,entscheide si,PER,0.0,0.0,de,1
Henning Höne,Henning Höne,PER,-0.7,0.0,de,1
Beschluss zufol,Beschluss zufol,PER,-0.7,0.0,de,1
Dirk Schade,Dirk Schade,PER,-1.0,0.0,de,1
Alarmstufe Gas,Alarmstufe Gas,PER,0.0,0.0,de,1
Ukraine Putins,Ukraine Putins,PER,-1.0,0.0,de,1
Martin Dornieden,Martin Dornieden,PER,0.0,0.0,de,1
Martin Gauss,Martin Gauss,PER,0.0,0.0,de,1
Gulf Air,Gulf Air,PER,0.0,0.0,de,1
Belarusischer Staatschef Lukaschenko,Belarusischer Staatschef Lukaschenko,PER,0.0,0.0,de,1
Niels Walker,Niels Walker,PER,0.0,0.0,de,1
Kilian S,Kilian S,PER,0.0,0.0,de,1
Alexander Meisner Nadine,Alexander Meisner Nadine,PER,0.0,0.0,de,1
Christian Blenker,Christian Blenker,PER,0.0,0.0,de,1
Timo Neff,Timo Neff,PER,-1.0,0.0,de,1
Portals Mash,Portals Mash,PER,0.0,0.0,de,1
Konzernchef Kamieth,Konzernchef Kamieth,PER,1.0,0.0,de,1
Klingbeils Reformpläne,Klingbeils Reformpläne,PER,0.0,0.0,de,1
Premier Keir Starmer,Premier Keir Starmer,PER,1.0,0.0,de,1
Prabowo Subianto Russland,Prabowo Subianto Russland,PER,0.0,0.0,de,1
Landeshauptfrau K,Landeshauptfrau K,PER,0.0,0.0,de,1
Ayub AbdirizaksTikTok-Videos,Ayub AbdirizaksTikTok-Videos,PER,0.0,0.0,de,1
Ex-Prinz Andrew,Ex-Prinz Andrew,PER,0.0,0.0,de,1
Trumps Republikaner,Trumps Republikaner,PER,0.0,0.0,de,1
Wolfgang Landmesser,Wolfgang Landmesser,PER,-0.15000000000000002,0.0,de,1
Anita Gohdes,Anita Gohdes,PER,0.0,0.0,de,1
Doktor Whatson,Doktor Whatson,PER,0.0,0.0,de,1
Stephan Grünewald,Stephan Grünewald,PER,0.0,0.0,de,1
Grünen-Chefin Katharina Dröge,Grünen-Chefin Katharina Dröge,PER,-1.0,0.0,de,1
Telefonat von Trump,Telefonat von Trump,PER,0.0,0.0,de,1
Wirtschaftsminister Reiche,Wirtschaftsminister Reiche,PER,-0.7,0.0,de,1
Andreas Flora,Andreas Flora,PER,1.0,0.0,de,1
Wolfgang Hattmannsdorfer,Wolfgang Hattmannsdorfer,PER,0.0,0.0,de,1
Bundesumweltminister Carsten Schneider,Bundesumweltminister Carsten Schneider,PER,0.0,0.0,de,1
Michael Makus,Michael Makus,PER,0.0,0.0,de,1
Peter Steinlechner,Peter Steinlechner,PER,0.7,0.0,de,1
Fabio Marchesin,Fabio Marchesin,PER,0.0,0.0,de,1
fahlem Beigeschmack,fahlem Beigeschmack,PER,0.0,0.0,de,1
Julia Schneider,Julia Schneider,PER,-1.0,0.0,de,1
Dieter Reiter,Dieter Reiter,PER,0.7,0.0,de,1
Franz Josef Strauß,Franz Josef Strauß,PER,0.0,0.0,de,1
Lisa Batiashvili,Lisa Batiashvili,PER,0.0,0.0,de,1
Grundsatzrede Des Finanzministers,Grundsatzrede Des Finanzministers,PER,0.0,0.0,de,1
Europas Klimaziele,Europas Klimaziele,PER,1.0,0.0,de,1
Ex-FPÖ-Klubchef Armin Sippel,Ex-FPÖ-Klubchef Armin Sippel,PER,1.0,0.0,de,1
Matthias Eder,Matthias Eder,PER,1.0,0.0,de,1
Felix Großschartner,Felix Großschartner,PER,0.0,0.0,de,1
Gennadij Starunow,Gennadij Starunow,PER,0.0,0.0,de,1
Stefan Dohler,Stefan Dohler,PER,-0.15000000000000002,0.0,de,1
Lea Dohm,Lea Dohm,PER,0.0,0.0,de,1
Trumps Zoll-Drohungen,Trumps Zoll-Drohungen,PER,0.0,0.0,de,1
Bashar Fawadleh,Bashar Fawadleh,PER,0.0,0.0,de,1
russischsprachiges Cyberkriminalitätsforum,russischsprachiges Cyberkriminalitätsforum,PER,0.0,0.0,de,1
Maksut Schadajew,Maksut Schadajew,PER,0.0,0.0,de,1
Niels Grevsen,Niels Grevsen,PER,0.0,0.0,de,1
Eva Scher,Eva Scher,PER,0.0,0.0,de,1
Bundesbankvorstand Michael Theurer,Bundesbankvorstand Michael Theurer,PER,-0.85,0.0,de,1
Eva Scherer,Eva Scherer,PER,0.7,0.0,de,1
Grant Hendrik Tonne,Grant Hendrik Tonne,PER,0.0,0.0,de,1
Bewohner von Tuvalu,Bewohner von Tuvalu,PER,-0.7,0.0,de,1
Annika Joeres,Annika Joeres,PER,-1.0,0.0,de,1
Mysteriöse Malware,Mysteriöse Malware,PER,0.0,0.0,de,1
CDU-Generalsekretär Linnemann,CDU-Generalsekretär Linnemann,PER,-0.7,0.0,de,1
beispiellosem Drohnen-Angriff,beispiellosem Drohnen-Angriff,PER,0.0,0.0,de,1
Trumps Geduldsfaden,Trumps Geduldsfaden,PER,0.0,0.0,de,1
Söders Mini-Atompläne,Söders Mini-Atompläne,PER,0.0,0.3333333333333333,de,1
Champion-Jockey Thore Hammer Hansen,Champion-Jockey Thore Hammer Hansen,PER,0.0,0.0,de,1
Trumps Falle,Trumps Falle,PER,0.0,0.0,de,1
Trumps Versprechen,Trumps Versprechen,PER,1.0,0.0,de,1
Mykola Sunhurowskyj,Mykola Sunhurowskyj,PER,-0.7,0.0,de,1
Indiens Internetnutzer,Indiens Internetnutzer,PER,0.0,0.0,de,1
Oleksandr Pertsovskyi,Oleksandr Pertsovskyi,PER,0.0,0.0,de,1
Trumps Ruf,Trumps Ruf,PER,0.0,1.0,de,1
David Gorman,David Gorman,PER,0.0,1.0,de,1
Isaac del Toro,Isaac del Toro,PER,0.0,0.0,de,1
Veranstalter Derto,Veranstalter Derto,PER,0.0,0.0,de,1
Putins Reserven,Putins Reserven,PER,-0.7,0.0,de,1
Lukas Meißl,Lukas Meißl,PER,0.0,0.0,de,1
Iryna Krynina,Iryna Krynina,PER,0.0,0.0,de,1
Mustafa Güngör,Mustafa Güngör,PER,-0.7,0.0,de,1
Ngozi Okonjo-Iweala,Ngozi Okonjo-Iweala,PER,0.0,0.0,de,1
Tim Weiner,Tim Weiner,PER,0.0,0.0,de,1
Schiedsrichter-Experte Manuel Gräfe,Schiedsrichter-Experte Manuel Gräfe,PER,0.0,0.0,de,1
Manuel Gräfe,Manuel Gräfe,PER,-0.35,0.5,de,1
Sergej Lebedew,Sergej Lebedew,PER,0.0,0.0,de,1
Veranstalter Dertour,Veranstalter Dertour,PER,0.0,0.0,de,1
Anja Lemcke,Anja Lemcke,PER,0.0,0.0,de,1
Ukraine-Botschafter Saluschnyj,Ukraine-Botschafter Saluschnyj,PER,0.0,0.0,de,1
Mittelplate Rohöl,Mittelplate Rohöl,PER,0.7,0.0,de,1
Donald Trump erwart,Donald Trump erwart,PER,0.0,0.0,de,1
Christian Eckert,Christian Eckert,PER,-1.0,0.0,de,1
Landtagspräsident Deutschmann,Landtagspräsident Deutschmann,PER,0.0,0.0,de,1
Landesrat Hermann,Landesrat Hermann,PER,0.0,0.0,de,1
Ulrich Butterschlot,Ulrich Butterschlot,PER,1.0,0.0,de,1
Clara Pfeffer,Clara Pfeffer,PER,0.7,0.0,de,1
Polens Innenminister Siemoniak,Polens Innenminister Siemoniak,PER,0.0,0.0,de,1
Michael Möller,Michael Möller,PER,0.0,0.0,de,1
Jörg Lehmann,Jörg Lehmann,PER,0.0,0.0,de,1
Benedict Cumberbatch,Benedict Cumberbatch,PER,1.0,0.0,de,1
Interfax unte,Interfax unte,PER,0.0,0.0,de,1
Esmail Khatib,Esmail Khatib,PER,0.7,0.0,de,1
Condoleezza Rice,Condoleezza Rice,PER,0.0,0.0,de,1
Geheimdienstminister Chatib,Geheimdienstminister Chatib,PER,0.7,0.0,de,1
Dominator Pogacar ver,Dominator Pogacar ver,PER,0.0,0.0,de,1
Frankreichs Premier Bayrou,Frankreichs Premier Bayrou,PER,0.0,0.0,de,1
Finanztip-Chef Saidi Sulilatu,Finanztip-Chef Saidi Sulilatu,PER,0.0,0.0,de,1
Vize-Regierungschefin Swyrydenko,Vize-Regierungschefin Swyrydenko,PER,0.0,0.0,de,1
Ludwig Wittgenstein,Ludwig Wittgenstein,PER,0.0,0.0,de,1
Michal Hvorecky,Michal Hvorecky,PER,0.0,0.0,de,1
Liudmyla Krupelnytska,Liudmyla Krupelnytska,PER,0.0,0.0,de,1
Putin will,Putin will,PER,0.0,0.0,de,1
Richterwahl Vertrauensverlust,Richterwahl Vertrauensverlust,PER,0.0,0.0,de,1
Björn Dake,Björn Dake,PER,0.0,0.0,de,1
nan Mathieu van der Poel,nan Mathieu van der Poel,PER,1.0,0.0,de,1
Kirill Dmitriev,Kirill Dmitriev,PER,0.0,0.0,de,1
Jonathan Milan,Jonathan Milan,PER,-0.7,0.0,de,1
Irans Öltanker,Irans Öltanker,PER,0.0,0.0,de,1
Christoph Wann,Christoph Wann,PER,0.0,0.0,de,1
Emmanuel Macron ,Emmanuel Macron ,PER,0.0,0.0,de,1
Markus Marterbaue,Markus Marterbaue,PER,0.0,0.0,de,1
Lukas Kwasniok,Lukas Kwasniok,PER,0.0,1.0,de,1
Lars Klingbeils Chefvolkswirt Armin Steinbach,Lars Klingbeils Chefvolkswirt Armin Steinbach,PER,0.0,0.0,de,1
frostweißes Licht,frostweißes Licht,PER,-0.7,0.0,de,1
Israels Luftabwehr,Israels Luftabwehr,PER,0.0,0.0,de,1
gefangengenommenen russi,gefangengenommenen russi,PER,0.0,0.0,de,1
August einste,August einste,PER,0.0,0.0,de,1
Kirill Serebrennikow,Kirill Serebrennikow,PER,0.0,0.0,de,1
Liveblog Rheinland-Pfalz,Liveblog Rheinland-Pfalz,PER,0.0,0.0,de,1
Trumps Iran-Krieg Putin,Trumps Iran-Krieg Putin,PER,0.7,0.0,de,1
ZF-Chef Mathias Miedreich,ZF-Chef Mathias Miedreich,PER,-1.0,0.0,de,1
Milka Alpenmilch-Schokolade,Milka Alpenmilch-Schokolade,PER,0.0,0.0,de,1
Luisa Neuba,Luisa Neuba,PER,0.0,0.0,de,1
Julia Sviridenko,Julia Sviridenko,PER,0.0,0.0,de,1
Rot-Schwarz Sicherheit,Rot-Schwarz Sicherheit,PER,0.0,0.0,de,1
M1A1 Abrams-Panzer,M1A1 Abrams-Panzer,PER,0.0,0.0,de,1
Marcus Matthias Keupp,Marcus Matthias Keupp,PER,-1.0,0.0,de,1
Kiew Patriot-Systeme,Kiew Patriot-Systeme,PER,0.0,0.0,de,1
Manprit Sarkaria,Manprit Sarkaria,PER,0.0,0.0,de,1
Personalie Brosius-Gersdorf,Personalie Brosius-Gersdorf,PER,0.0,0.0,de,1
US-Kriegsminister Hegseth,US-Kriegsminister Hegseth,PER,0.0,0.0,de,1
Gabriele Triebel,Gabriele Triebel,PER,1.0,0.0,de,1
Trumps Waffen-Deal,Trumps Waffen-Deal,PER,0.0,0.0,de,1
Alexander Powetkin,Alexander Powetkin,PER,-1.0,0.0,de,1
Wagner-Söldner Igor Nesterow,Wagner-Söldner Igor Nesterow,PER,-1.0,0.0,de,1
Ferdinand Otto,Ferdinand Otto,PER,0.0,0.0,de,1
Amna Franzke,Amna Franzke,PER,0.0,0.0,de,1
Trumps Zoll-Ultimatum,Trumps Zoll-Ultimatum,PER,0.0,0.0,de,1
Konrad Schullern,Konrad Schullern,PER,-1.0,0.0,de,1
Sven Astheimer,Sven Astheimer,PER,-1.0,0.0,de,1
Böse Kondensstreifen,Böse Kondensstreifen,PER,-1.0,0.0,de,1
Andreas Krobok,Andreas Krobok,PER,0.0,0.0,de,1
millionenteure Flops,millionenteure Flops,PER,0.15000000000000002,0.0,de,1
Lena Barozzi,Lena Barozzi,PER,0.0,0.0,de,1
Japans Regierungschefin,Japans Regierungschefin,PER,-0.7,0.0,de,1
Japans Ministerpräsidentin Sanae Takaichi,Japans Ministerpräsidentin Sanae Takaichi,PER,1.0,0.0,de,1
Josef Wesenauer,Josef Wesenauer,PER,-0.7,0.0,de,1
Bericht von Menschenrechtsorganisation,Bericht von Menschenrechtsorganisation,PER,0.0,0.0,de,1
Iran auffälllig,Iran auffälllig,PER,0.0,0.0,de,1
Sibylle Hamann,Sibylle Hamann,PER,0.0,0.0,de,1
Hassan Koko,Hassan Koko,PER,0.0,0.0,de,1
Hessens Innenminister,Hessens Innenminister,PER,0.0,0.0,de,1
Brutalo-Diktator Putin,Brutalo-Diktator Putin,PER,-1.0,0.0,de,1
Unionsfraktionschef Spahn,Unionsfraktionschef Spahn,PER,0.7,0.0,de,1
Angela Richardson-Mook,Angela Richardson-Mook,PER,1.0,0.0,de,1
Sonja Albers,Sonja Albers,PER,0.0,0.0,de,1
Host Laura Maria Weber,Host Laura Maria Weber,PER,0.0,0.0,de,1
Unions-Fraktionschef Jens Spahn,Unions-Fraktionschef Jens Spahn,PER,0.0,0.0,de,1
Pablo Puentes Borges,Pablo Puentes Borges,PER,0.0,0.0,de,1
Axel Springer G,Axel Springer G,PER,0.0,0.0,de,1
Elia Simonetti,Elia Simonetti,PER,0.0,0.0,de,1
Ulrich Spec,Ulrich Spec,PER,0.0,0.0,de,1
Feim Patrimoni,Feim Patrimoni,PER,0.0,0.0,de,1
Putins Terror-Strategie,Putins Terror-Strategie,PER,1.0,0.0,de,1
Sancta Greta Thunbergs,Sancta Greta Thunbergs,PER,0.0,0.0,de,1
Oleg Nikolajew,Oleg Nikolajew,PER,0.0,0.0,de,1
James Talarico,James Talarico,PER,0.0,0.0,de,1
Trumps Sprache,Trumps Sprache,PER,0.0,0.0,de,1
Johann Sebastian Bachs,Johann Sebastian Bachs,PER,0.0,0.0,de,1
Bachs Johannespassion,Bachs Johannespassion,PER,0.0,0.0,de,1
Sohn Mike,Sohn Mike,PER,0.0,0.0,de,1
Macrons Mann für Hormus,Macrons Mann für Hormus,PER,0.0,0.0,de,1
Emmanuel Bonne,Emmanuel Bonne,PER,1.0,0.0,de,1
Mike Franz’,Mike Franz’,PER,0.0,0.0,de,1
Was Nutzer,Was Nutzer,PER,0.0,0.0,de,1
Alexander Van der Bellen Österreichs,Alexander Van der Bellen Österreichs,PER,0.7,0.0,de,1
Ermittlungsgruppe werte,Ermittlungsgruppe werte,PER,0.0,0.0,de,1
Max Scharnigg,Max Scharnigg,PER,0.0,0.0,de,1
Neuköllner Kneipe,Neuköllner Kneipe,PER,-1.0,0.0,de,1
Muhammad Shehbaz Sharif,Muhammad Shehbaz Sharif,PER,-1.0,0.0,de,1
Israels Schlag,Israels Schlag,PER,0.0,0.0,de,1
Niedersachsens Regierungschef,Niedersachsens Regierungschef,PER,-0.2333333333333333,0.0,de,1
Israels Angriff,Israels Angriff,PER,0.7,0.0,de,1
Arbeitsministerin Bärbel Bas,Arbeitsministerin Bärbel Bas,PER,0.0,0.0,de,1
Benjamin Netanjahu Mittwochabend,Benjamin Netanjahu Mittwochabend,PER,1.0,0.0,de,1
Irib meld,Irib meld,PER,0.0,0.0,de,1
Trumps Seeblockade-Ankündigung,Trumps Seeblockade-Ankündigung,PER,0.0,0.0,de,1
Achse China–Iran,Achse China–Iran,PER,0.0,0.0,de,1
Österreichs Energie-Infrastruktur,Österreichs Energie-Infrastruktur,PER,0.7,0.0,de,1
Frederick Lau,Frederick Lau,PER,0.0,0.0,de,1
Prabowo Subianto,Prabowo Subianto,PER,0.0,0.0,de,1
Joseph Muckstein,Joseph Muckstein,PER,0.0,0.0,de,1
Christoph Krutzler,Christoph Krutzler,PER,0.0,0.0,de,1
Viktor Orbáns Wahlniederlage,Viktor Orbáns Wahlniederlage,PER,0.0,0.0,de,1
Tofiga Vaevalu Falani,Tofiga Vaevalu Falani,PER,0.0,0.0,de,1
Ladegerät von Anker,Ladegerät von Anker,PER,0.0,0.0,de,1
Andreesen Horowitz,Andreesen Horowitz,PER,0.0,1.0,de,1
Daria Penkova,Daria Penkova,PER,0.0,0.0,de,1
Ex-SPD-Chef Walter-Borjans,Ex-SPD-Chef Walter-Borjans,PER,0.0,0.0,de,1
Orbáns Niederlage,Orbáns Niederlage,PER,0.0,0.0,de,1
BSW-Parteichefin Sahra Wagenknecht,BSW-Parteichefin Sahra Wagenknecht,PER,0.15000000000000002,0.0,de,1
Indonesiens Balanceakt,Indonesiens Balanceakt,PER,0.0,0.0,de,1
Bettina Rommelfanger,Bettina Rommelfanger,PER,0.0,0.0,de,1
Daniel Köhler,Daniel Köhler,PER,0.0,0.0,de,1
Füchse Berlin,Füchse Berlin,PER,0.0,0.0,de,1
Lula bi,Lula bi,PER,0.0,0.0,de,1
Terrornetzwerkes Al Kaida,Terrornetzwerkes Al Kaida,PER,0.7,0.0,de,1
Italiens Regierungschefin Meloni,Italiens Regierungschefin Meloni,PER,-0.6,0.0,de,1
Donald Trump di,Donald Trump di,PER,0.0,0.0,de,1
Vizeaußenminister Said Chatibsadeh,Vizeaußenminister Said Chatibsadeh,PER,0.0,0.0,de,1
Stefan Heym-Preises,Stefan Heym-Preises,PER,1.0,0.0,de,1
Osama bin Laden,Osama bin Laden,PER,0.7,0.0,de,1
Richard Blumenthal,Richard Blumenthal,PER,0.7,0.0,de,1
Osama bin Ladens,Osama bin Ladens,PER,0.0,0.0,de,1
Alexej Nawalny ha,Alexej Nawalny ha,PER,0.0,0.0,de,1
Jewhenij Schukow,Jewhenij Schukow,PER,0.0,0.0,de,1
Patrick Fischer,Patrick Fischer,PER,-1.0,0.0,de,1
Zukunft Rus,Zukunft Rus,PER,-0.7,0.0,de,1
hellem Actua-Display,hellem Actua-Display,PER,0.7,0.0,de,1
Sascha Vollmer,Sascha Vollmer,PER,0.0,0.0,de,1
Alec Völkel,Alec Völkel,PER,0.0,0.0,de,1
Israels Außenminister,Israels Außenminister,PER,1.0,0.0,de,1
Bundeswehr-Experte Carlo,Bundeswehr-Experte Carlo,PER,0.0,0.0,de,1
Milliardenverkauf von Chelsea,Milliardenverkauf von Chelsea,PER,-1.0,0.0,de,1
Gideon Saar entsch,Gideon Saar entsch,PER,0.0,0.0,de,1
generativer KI,generativer KI,PER,0.0,0.0,de,1
Herrn Radew,Herrn Radew,PER,0.0,0.0,de,1
Thomas J,Thomas J,PER,-0.15000000000000002,0.0,de,1
"Chinas ""Low-Altitude Laser Defending System","Chinas ""Low-Altitude Laser Defending System",PER,0.0,0.0,de,1
Thomas Nilsson,Thomas Nilsson,PER,0.0,0.0,de,1
Liveblog Dmitrij Medwedjew,Liveblog Dmitrij Medwedjew,PER,0.7,0.0,de,1
CDU-Ministerin Reiche,CDU-Ministerin Reiche,PER,0.7,0.0,de,1
Dmitri Islamow,Dmitri Islamow,PER,-1.0,0.0,de,1
Putins Kohle-Krise,Putins Kohle-Krise,PER,0.0,0.0,de,1
WHO-Chef Ghebreyesus,WHO-Chef Ghebreyesus,PER,0.0,0.0,de,1
rfahren Sie,rfahren Sie,PER,0.0,0.0,de,1
Ira Peter,Ira Peter,PER,1.0,0.0,de,1
Ira Peters,Ira Peters,PER,0.7,0.0,de,1
Stefan Stegemann,Stefan Stegemann,PER,0.0,0.0,de,1
Gladbachs Finanz-Boss Stefan Stegemann,Gladbachs Finanz-Boss Stefan Stegemann,PER,0.0,0.0,de,1
Gladbachs Finanz-Boss,Gladbachs Finanz-Boss,PER,0.0,0.0,de,1
Teufel Rockster,Teufel Rockster,PER,-1.0,0.0,de,1
Tedros Adhanom Ghebreyesus,Tedros Adhanom Ghebreyesus,PER,0.0,0.0,de,1
Wolodymir Selenskjy,Wolodymir Selenskjy,PER,0.0,0.0,de,1
Welle von Drohnenangriffen und Marschflugkörpern,Welle von Drohnenangriffen und Marschflugkörpern,PER,0.0,0.0,de,1
Jelina Switolina,Jelina Switolina,PER,0.0,0.0,de,1
Leere Kassen,Leere Kassen,PER,-1.0,0.0,de,1
Stefan Hensel,Stefan Hensel,PER,-1.0,0.0,de,1
Linda Noskova,Linda Noskova,PER,1.0,0.0,de,1
Kim ha,Kim ha,PER,0.0,0.0,de,1
Wladimir Putin Madagaskars,Wladimir Putin Madagaskars,PER,0.0,0.0,de,1
Westi Woronesch,Westi Woronesch,PER,0.0,0.0,de,1
SPD-Fraktionsvize Siemtje Möller,SPD-Fraktionsvize Siemtje Möller,PER,0.0,0.0,de,1
Merz Ratschläge,Merz Ratschläge,PER,0.0,0.0,de,1
Michael Randrianirina,Michael Randrianirina,PER,0.0,0.0,de,1
Trump-Vertrauter Graham,Trump-Vertrauter Graham,PER,-0.15000000000000002,0.0,de,1
Sicherheit von Reiseländern,Sicherheit von Reiseländern,PER,0.0,0.0,de,1
Pakistans Premier Sharif,Pakistans Premier Sharif,PER,0.0,0.0,de,1
JD Vance Teheran,JD Vance Teheran,PER,0.0,0.0,de,1
Andreas Landwehr,Andreas Landwehr,PER,0.0,0.0,de,1
Peter Falk,Peter Falk,PER,0.0,0.0,de,1
Geheiß Putins,Geheiß Putins,PER,0.0,0.0,de,1
Viktor Jerofejew,Viktor Jerofejew,PER,0.0,0.0,de,1
Trump entg,Trump entg,PER,0.0,0.0,de,1
Hanna Klouth,Hanna Klouth,PER,0.0,0.0,de,1
Edwin Tropmann,Edwin Tropmann,PER,1.0,0.0,de,1
Martin Köll,Martin Köll,PER,0.0,0.0,de,1
Sonnenbrille hinterherschauen,Sonnenbrille hinterherschauen,PER,0.85,0.0,de,1
Boris Herr,Boris Herr,PER,0.0,0.0,de,1
Patrik Köbele,Patrik Köbele,PER,-0.7,0.0,de,1
Maria Navarro-Frischenschlager,Maria Navarro-Frischenschlager,PER,0.0,0.0,de,1
Tobias Drabiniok,Tobias Drabiniok,PER,0.0,0.0,de,1
Hohe Spritpreise,Hohe Spritpreise,PER,0.0,0.0,de,1
Markus Spieker,Markus Spieker,PER,0.0,0.0,de,1
Sebastian Roloff,Sebastian Roloff,PER,0.0,0.0,de,1
Trumps Spott,Trumps Spott,PER,-1.0,0.0,de,1
Politikexperte Krause,Politikexperte Krause,PER,0.7,0.0,de,1
Haltbarkeit von Leberwurst,Haltbarkeit von Leberwurst,PER,0.0,0.0,de,1
Benjamin Netanjahu ,Benjamin Netanjahu ,PER,1.0,0.0,de,1
Christoph Wanne,Christoph Wanne,PER,0.0,0.0,de,1
Trumps Ansprache,Trumps Ansprache,PER,-0.7,0.0,de,1
Johannes Baumert,Johannes Baumert,PER,0.0,0.0,de,1
Ceyda Nurtsch,Ceyda Nurtsch,PER,0.0,0.0,de,1
Ekrem mamolu,Ekrem mamolu,PER,0.0,0.0,de,1
Gleb Nikitin,Gleb Nikitin,PER,0.0,0.0,de,1
Morgan Stanley,Morgan Stanley,PER,0.0,0.0,de,1
Wand-Schlauchbox von Gardena,Wand-Schlauchbox von Gardena,PER,0.0,0.0,de,1
Putin charmiert Trump,Putin charmiert Trump,PER,0.0,0.0,de,1
Cymin Samawatie,Cymin Samawatie,PER,1.0,0.0,de,1
Red Bull-Krise,Red Bull-Krise,PER,0.0,0.0,de,1
Sonys Marke­ting-Vize­präsi­dentin Isabelle Tomatis,Sonys Marke­ting-Vize­präsi­dentin Isabelle Tomatis,PER,0.0,0.0,de,1
Alexandra Szentkiralyi,Alexandra Szentkiralyi,PER,0.0,0.0,de,1
Nechirvan Barsani,Nechirvan Barsani,PER,-1.0,0.0,de,1
Rolando Villazón,Rolando Villazón,PER,0.0,0.0,de,1
Trumps Porträts,Trumps Porträts,PER,0.0,0.0,de,1
Uran-Anreicherungsanlage Fordo,Uran-Anreicherungsanlage Fordo,PER,0.0,0.0,de,1
Atomanlage Fordo,Atomanlage Fordo,PER,0.0,0.0,de,1
Margarita Robles,Margarita Robles,PER,0.09999999999999998,0.0,de,1
Aziz Nasirzadeh,Aziz Nasirzadeh,PER,-1.0,0.0,de,1
Ketan Bhatti,Ketan Bhatti,PER,1.0,0.0,de,1
Trumps Deals,Trumps Deals,PER,0.0,0.0,de,1
Iran-Kriegs Wachstumsprognose,Iran-Kriegs Wachstumsprognose,PER,0.0,0.0,de,1
Mahir Emreli,Mahir Emreli,PER,0.0,0.0,de,1
Nava Ebrahimi,Nava Ebrahimi,PER,0.0,0.0,de,1
Iran feue,Iran feue,PER,0.0,0.0,de,1
Tim Reinboth,Tim Reinboth,PER,0.7,0.0,de,1
"Lars Klingbeil ""Haushaltstricks","Lars Klingbeil ""Haushaltstricks",PER,0.0,0.0,de,1
Felix Hoffmann,Felix Hoffmann,PER,0.7,0.0,de,1
Stephan Löwenstein,Stephan Löwenstein,PER,0.0,0.0,de,1
Rainer Hermann,Rainer Hermann,PER,0.0,0.0,de,1
Iran sucht,Iran sucht,PER,0.0,1.0,de,1
Bundesratsvizepräsidentin Anke Rehlinger,Bundesratsvizepräsidentin Anke Rehlinger,PER,0.0,0.0,de,1
Israels Krieg,Israels Krieg,PER,0.0,0.0,de,1
Dzvinka Pinchuk,Dzvinka Pinchuk,PER,0.85,0.0,de,1
Brad Smith,Brad Smith,PER,-0.7,0.0,de,1
Oppositionspolitiker Magyar,Oppositionspolitiker Magyar,PER,0.2333333333333333,0.0,de,1
Giuliano da,Giuliano da,PER,-1.0,0.0,de,1
Friedrich Merz Recht,Friedrich Merz Recht,PER,1.0,0.0,de,1
Survivor Evader,Survivor Evader,PER,0.0,0.0,de,1
Bill Ackman,Bill Ackman,PER,0.0,0.0,de,1
Fordo wurd,Fordo wurd,PER,0.0,0.0,de,1
Ukranischer Präsident,Ukranischer Präsident,PER,-1.0,0.0,de,1
Trump kanzelt Macron,Trump kanzelt Macron,PER,0.0,0.0,de,1
Rückgabe von Leichnamen,Rückgabe von Leichnamen,PER,0.35,0.5,de,1
Melissa Hortman,Melissa Hortman,PER,0.7,0.0,de,1
Minnesotaein Mann,Minnesotaein Mann,PER,0.7,0.0,de,1
Attentat von Minnesota,Attentat von Minnesota,PER,0.0,0.0,de,1
Schwerin Polizeibeamte,Schwerin Polizeibeamte,PER,0.0,0.0,de,1
Ifo-Expertin Wolf,Ifo-Expertin Wolf,PER,0.0,0.0,de,1
Alfredo Jalife-Rahme,Alfredo Jalife-Rahme,PER,0.0,0.0,de,1
Thomas Spinnler,Thomas Spinnler,PER,0.0,0.0,de,1
Nicolás Maduro Anfang Jahr,Nicolás Maduro Anfang Jahr,PER,0.0,0.0,de,1
Christian Görke,Christian Görke,PER,0.0,0.0,de,1
Hoda Afshar,Hoda Afshar,PER,0.0,0.0,de,1
Brandenburgs Landesregierung,Brandenburgs Landesregierung,PER,0.0,0.0,de,1
Jean-Marie Magro,Jean-Marie Magro,PER,0.0,0.0,de,1
James Whitlow Delano,James Whitlow Delano,PER,0.0,0.0,de,1
James Whitlow,James Whitlow,PER,0.0,0.0,de,1
Martin Fritz,Martin Fritz,PER,0.0,0.0,de,1
Reis Japans,Reis Japans,PER,0.7,0.0,de,1
Wladimir Putin Weggefährten,Wladimir Putin Weggefährten,PER,0.0,0.0,de,1
Angriffe gege,Angriffe gege,PER,0.0,0.0,de,1
Israels Attacke,Israels Attacke,PER,0.0,0.0,de,1
Heorhii Tychyi,Heorhii Tychyi,PER,0.0,0.0,de,1
Moskaus Generalstabschef,Moskaus Generalstabschef,PER,0.0,0.0,de,1
Antje von Dewitz,Antje von Dewitz,PER,0.0,0.0,de,1
Vaude-Chefin Antje von Dewitz,Vaude-Chefin Antje von Dewitz,PER,1.0,0.0,de,1
Sean Combs,Sean Combs,PER,0.0,0.0,de,1
Trumps Hormus-Deadline,Trumps Hormus-Deadline,PER,0.0,0.0,de,1
Österreichs Kanzler Stocker,Österreichs Kanzler Stocker,PER,0.0,0.0,de,1
Hannes Damm,Hannes Damm,PER,0.0,0.0,de,1
Lego Balrog-Bücherstütze,Lego Balrog-Bücherstütze,PER,0.7,0.0,de,1
US-Präsident Trump,US-Präsident Trump,PER,0.0,0.0,de,1
Trumps Iran-Kurs,Trumps Iran-Kurs,PER,-1.0,0.0,de,1
Wadephul n,Wadephul n,PER,0.0,0.0,de,1
Robert Gernhardt Preis,Robert Gernhardt Preis,PER,0.0,0.0,de,1
Irans Regime h,Irans Regime h,PER,0.0,0.0,de,1
Schneller Brüter,Schneller Brüter,PER,0.7,0.0,de,1
Tobias Rehberger,Tobias Rehberger,PER,0.7,0.0,de,1
Iran Sanktionserleichterungen,Iran Sanktionserleichterungen,PER,1.0,0.0,de,1
Bundeskanzler Merz,Bundeskanzler Merz,PER,0.0,0.0,de,1
Wetterexperte Karsten,Wetterexperte Karsten,PER,-0.7,0.0,de,1
Photovoltaik-Hersteller Amerenco,Photovoltaik-Hersteller Amerenco,PER,0.0,0.0,de,1
Karsten Brandt,Karsten Brandt,PER,-0.4666666666666666,0.3333333333333333,de,1
Alaa M,Alaa M,PER,1.0,0.0,de,1
Israels Iran-Angriff,Israels Iran-Angriff,PER,0.0,0.0,de,1
Russland Medienberichten,Russland Medienberichten,PER,0.0,0.0,de,1
Christian Schultheiss,Christian Schultheiss,PER,0.0,0.0,de,1
EU-Energiekommissar Dombrovskis,EU-Energiekommissar Dombrovskis,PER,0.0,0.0,de,1
Jahren steige,Jahren steige,PER,0.0,0.0,de,1
Mohammed Afif,Mohammed Afif,PER,-1.0,0.0,de,1
Springer-Chef Döpfner,Springer-Chef Döpfner,PER,0.0,0.0,de,1
Jossi Sarid,Jossi Sarid,PER,1.0,0.0,de,1
Frankreichs Chef-Notenbanker,Frankreichs Chef-Notenbanker,PER,-0.7,0.0,de,1
Clara Vetter,Clara Vetter,PER,0.0,0.0,de,1
Schwester von „Problembär“ Bruno,Schwester von „Problembär“ Bruno,PER,0.0,0.0,de,1
“ Bruno,“ Bruno,PER,0.0,0.0,de,1
Stefan Loeber,Stefan Loeber,PER,0.0,0.0,de,1
Mafia-Boss Denaro,Mafia-Boss Denaro,PER,0.0,0.0,de,1
Axel-Springer-Chef Döpfner,Axel-Springer-Chef Döpfner,PER,-1.0,0.0,de,1
Chinas Exporte,Chinas Exporte,PER,0.0,0.0,de,1
will Wagner-Kämpfer,will Wagner-Kämpfer,PER,-1.0,0.0,de,1
Jupiters Eismonde,Jupiters Eismonde,PER,0.0,0.0,de,1
Walter falten Dompé,Walter falten Dompé,PER,0.0,0.0,de,1
Flügel-Stürmer Jean-Luc Dompé,Flügel-Stürmer Jean-Luc Dompé,PER,0.0,0.0,de,1
Jean-Luc Dompé,Jean-Luc Dompé,PER,0.0,0.0,de,1
Hans-Ulrich S,Hans-Ulrich S,PER,-1.0,0.0,de,1
Versicherungsfirma Wefox,Versicherungsfirma Wefox,PER,0.0,0.0,de,1
Elektronikvermieter Grover,Elektronikvermieter Grover,PER,0.0,0.0,de,1
Vulkans Schiwelutsch,Vulkans Schiwelutsch,PER,0.0,0.0,de,1
Kilometerhohe Aschewolke,Kilometerhohe Aschewolke,PER,0.0,0.0,de,1
Patrick Junker,Patrick Junker,PER,0.0,0.0,de,1
Oberbergischer Kreis,Oberbergischer Kreis,PER,0.0,0.0,de,1
Varian Fry,Varian Fry,PER,0.0,0.0,de,1
Franz Werfel,Franz Werfel,PER,0.0,0.0,de,1
Heinrich Mann,Heinrich Mann,PER,0.0,0.0,de,1
Marc Chagall,Marc Chagall,PER,0.0,0.0,de,1
Andrea Lindholz,Andrea Lindholz,PER,0.0,1.0,de,1
Israels Konflikt,Israels Konflikt,PER,0.0,0.0,de,1
Marie-Luise Dreyer,Marie-Luise Dreyer,PER,0.0,0.0,de,1
Krisen aussitzt,Krisen aussitzt,PER,0.0,0.0,de,1
Maryna Tymofiytschuk,Maryna Tymofiytschuk,PER,0.0,0.0,de,1
Ortwin Renn,Ortwin Renn,PER,1.0,0.0,de,1
Tim Walter,Tim Walter,PER,0.0,0.0,de,1
Umso herzerwärmender,Umso herzerwärmender,PER,0.0,0.0,de,1
Reiner Braun von,Reiner Braun von,PER,0.0,0.0,de,1
Chinas Verteidigungsminister,Chinas Verteidigungsminister,PER,0.0,0.0,de,1
Jurij Pawlows,Jurij Pawlows,PER,0.0,0.0,de,1
Jurij Pawlow,Jurij Pawlow,PER,0.0,0.0,de,1
Patrick Gra,Patrick Gra,PER,0.0,0.0,de,1
Brasiliens Präsident,Brasiliens Präsident,PER,0.0,0.0,de,1
Daniil Medwedew,Daniil Medwedew,PER,0.0,0.0,de,1
Dieter Helm,Dieter Helm,PER,0.7,0.0,de,1
Pal Dardai,Pal Dardai,PER,0.0,0.0,de,1
Karim Onisi,Karim Onisi,PER,0.0,0.0,de,1
Fredi Bobic,Fredi Bobic,PER,0.0,0.0,de,1
Johann Killinger,Johann Killinger,PER,0.0,0.0,de,1
Einfuhrstopp von Getreide,Einfuhrstopp von Getreide,PER,0.0,0.0,de,1
Israels Erzfeind,Israels Erzfeind,PER,1.0,0.0,de,1
Innenministerin Behrens,Innenministerin Behrens,PER,0.0,0.0,de,1
Nina Treu,Nina Treu,PER,1.0,0.0,de,1
Bundesbankpräsident Joachim,Bundesbankpräsident Joachim,PER,0.0,0.0,de,1
Kernkraftfan Söder,Kernkraftfan Söder,PER,0.0,0.0,de,1
Monika Merz,Monika Merz,PER,0.0,0.0,de,1
Joachim Ragnitz,Joachim Ragnitz,PER,0.0,0.0,de,1
Maja Göpel,Maja Göpel,PER,0.7,0.0,de,1
Deutschlands Konzerne,Deutschlands Konzerne,PER,0.0,0.0,de,1
Springer-Verlagschef Mathias Döpfner,Springer-Verlagschef Mathias Döpfner,PER,0.7,0.0,de,1
EZB-Ratsmitglied Wunsch,EZB-Ratsmitglied Wunsch,PER,1.0,0.0,de,1
Baerbock bittet Peking,Baerbock bittet Peking,PER,1.0,0.0,de,1
Ratgeber-Serie Steuererklärung,Ratgeber-Serie Steuererklärung,PER,0.0,0.0,de,1
Baerbocks K,Baerbocks K,PER,0.0,0.0,de,1
Einbrecher von Wachmann,Einbrecher von Wachmann,PER,0.0,0.0,de,1
März ei,März ei,PER,0.0,0.0,de,1
Schwesigs Klimastiftung,Schwesigs Klimastiftung,PER,0.0,0.0,de,1
Axel Spri,Axel Spri,PER,0.0,0.0,de,1
ausgedachter I,ausgedachter I,PER,1.0,0.0,de,1
FOCUS-online-Korrespondent Ulri,FOCUS-online-Korrespondent Ulri,PER,0.0,0.0,de,1
Tsai Ing-Wen,Tsai Ing-Wen,PER,0.0,0.0,de,1
Benjamin Dietrich,Benjamin Dietrich,PER,-0.7,0.0,de,1
Robert Kanduth,Robert Kanduth,PER,1.0,0.0,de,1
Andreas Pohl,Andreas Pohl,PER,0.0,0.0,de,1
Peter Wrights,Peter Wrights,PER,0.0,0.0,de,1
Eric Gujer spe,Eric Gujer spe,PER,0.0,0.0,de,1
Bernd Riexinger,Bernd Riexinger,PER,0.35,0.5,de,1
CDU-Chef Kai Wegner,CDU-Chef Kai Wegner,PER,0.0,0.0,de,1
Jobst Plog,Jobst Plog,PER,0.0,0.3333333333333333,de,1
Joachim Knuth,Joachim Knuth,PER,0.0,0.3333333333333333,de,1
Martin Monus,Martin Monus,PER,0.0,0.0,de,1
Polens Europaminister,Polens Europaminister,PER,-1.0,0.0,de,1
"Heinz ""Schibu","Heinz ""Schibu",PER,0.0,0.0,de,1
Smartmi Fan Heater,Smartmi Fan Heater,PER,0.0,0.0,de,1
CDU-Vize Andreas Jung,CDU-Vize Andreas Jung,PER,0.0,0.0,de,1
Premier Fumio Kishida,Premier Fumio Kishida,PER,-1.0,0.0,de,1
Boris Gryslow,Boris Gryslow,PER,-0.7,0.0,de,1
Premier Netanjahu,Premier Netanjahu,PER,0.0,0.0,de,1
Peter Wright,Peter Wright,PER,0.0,0.0,de,1
Sergei Shoigu,Sergei Shoigu,PER,0.0,0.0,de,1
Forschungsinstituts CE Delft,Forschungsinstituts CE Delft,PER,0.0,0.0,de,1
Speicherhersteller Micron,Speicherhersteller Micron,PER,-0.5,0.0,de,1
Ewan Gerschkowitsch,Ewan Gerschkowitsch,PER,0.0,0.0,de,1
Wagner-Gruppe von Nachschubstrecke,Wagner-Gruppe von Nachschubstrecke,PER,-1.0,0.0,de,1
Mark Hamill,Mark Hamill,PER,0.0,0.0,de,1
Christopher Lenz,Christopher Lenz,PER,0.0,0.0,de,1
Regionalverband Saarbrücken,Regionalverband Saarbrücken,PER,0.0,0.0,de,1
Max Herbst,Max Herbst,PER,0.0,1.0,de,1
Kohlemine recyclet,Kohlemine recyclet,PER,-1.0,0.0,de,1
Alexander Sorg,Alexander Sorg,PER,1.0,0.0,de,1
Oliver Pocher,Oliver Pocher,PER,0.0,0.0,de,1
Polizei han,Polizei han,PER,0.0,0.0,de,1
Anne W,Anne W,PER,0.0,0.0,de,1
ehrgeizigere Klimaziele,ehrgeizigere Klimaziele,PER,0.0,0.0,de,1
Peter Fischer,Peter Fischer,PER,0.0,0.0,de,1
Nahost-Experte Natan Sachs,Nahost-Experte Natan Sachs,PER,0.0,0.0,de,1
klimaschonender Wasserstoff,klimaschonender Wasserstoff,PER,0.0,0.0,de,1
Portfoliomanager Dietrich,Portfoliomanager Dietrich,PER,-1.0,0.0,de,1
Israel Kampfjets,Israel Kampfjets,PER,0.0,0.0,de,1
Evelin Förster,Evelin Förster,PER,0.0,0.0,de,1
Jan Guldner,Jan Guldner,PER,0.0,0.0,de,1
James Newton,James Newton,PER,0.0,0.0,de,1
Bedrohlicher Zins,Bedrohlicher Zins,PER,-1.0,0.0,de,1
Abbruchquoten von,Abbruchquoten von,PER,-1.0,0.0,de,1
Sanssouci Vandalismus,Sanssouci Vandalismus,PER,1.0,0.0,de,1
Heiner Koch,Heiner Koch,PER,0.0,0.0,de,1
China-Experte Thorsten Benner,China-Experte Thorsten Benner,PER,0.0,0.0,de,1
Justin Pearson,Justin Pearson,PER,0.0,0.0,de,1
Justin JonesHintergrund,Justin JonesHintergrund,PER,0.0,0.0,de,1
Mann von,Mann von,PER,0.0,0.0,de,1
Tipp von Energieexperten,Tipp von Energieexperten,PER,0.0,1.0,de,1
Russlands zwe,Russlands zwe,PER,0.0,0.0,de,1
Brandenburgs Kommunen,Brandenburgs Kommunen,PER,0.0,0.0,de,1
Luftfahrtexpertin Susanne Menge Privatjets,Luftfahrtexpertin Susanne Menge Privatjets,PER,0.7,0.0,de,1
Reunite Ukraine,Reunite Ukraine,PER,0.0,0.0,de,1
Maria Lwowa-Belowa,Maria Lwowa-Belowa,PER,0.0,0.0,de,1
Pavlo Kyrylenko,Pavlo Kyrylenko,PER,-1.0,0.0,de,1
Piotr Müller,Piotr Müller,PER,-0.7,0.0,de,1
SPD-Chef Raed Saleh,SPD-Chef Raed Saleh,PER,1.0,0.0,de,1
Berlins SPD-Landeschef,Berlins SPD-Landeschef,PER,0.7,0.0,de,1
Risikoforscher Renn,Risikoforscher Renn,PER,1.0,0.0,de,1
Mann Waffen,Mann Waffen,PER,0.0,0.0,de,1
Kim de l‘Horizon,Kim de l‘Horizon,PER,0.0,0.0,de,1
Kolo Muani,Kolo Muani,PER,-0.7,0.0,de,1
ROG Ally,ROG Ally,PER,0.0,0.0,de,1
Xi Eur,Xi Eur,PER,-0.7,0.0,de,1
Darya T,Darya T,PER,0.7,0.0,de,1
Maksim Fomin,Maksim Fomin,PER,0.0,0.0,de,1
Pietro Bernini,Pietro Bernini,PER,0.0,0.0,de,1
Düsseldorf  ,Düsseldorf  ,PER,0.0,0.0,de,1
Luiz Inacio Lula da Silva Russlands,Luiz Inacio Lula da Silva Russlands,PER,-0.7,0.0,de,1
Leere Speicher,Leere Speicher,PER,-1.0,0.0,de,1
Comedian Abdelkarim,Comedian Abdelkarim,PER,0.0,0.0,de,1
Hausparty Cannabisanlage,Hausparty Cannabisanlage,PER,0.0,0.0,de,1
Alexander Kluge,Alexander Kluge,PER,0.0,0.0,de,1
Joseph Vogl,Joseph Vogl,PER,0.0,0.0,de,1
Joseph Vogl Klima,Joseph Vogl Klima,PER,0.0,0.0,de,1
Abdel Fattah al-Burhan,Abdel Fattah al-Burhan,PER,0.0,0.0,de,1
Wirtschaftsforscher Felbermayr,Wirtschaftsforscher Felbermayr,PER,0.0,0.0,de,1
Todesschütze von Texas,Todesschütze von Texas,PER,0.0,0.0,de,1
Paul Mackenzie,Paul Mackenzie,PER,0.0,1.0,de,1
Uwe Knop,Uwe Knop,PER,-0.2333333333333333,0.0,de,1
Humboldt Uni,Humboldt Uni,PER,0.0,0.0,de,1
Arno Geiger,Arno Geiger,PER,0.0,0.0,de,1
Konstantin Veit,Konstantin Veit,PER,0.0,0.0,de,1
Konstantin Vei,Konstantin Vei,PER,0.0,0.0,de,1
Chat von Soldat,Chat von Soldat,PER,-0.15000000000000002,0.0,de,1
Was Thomas Fischer,Was Thomas Fischer,PER,0.0,0.0,de,1
Fred Jay,Fred Jay,PER,0.0,0.0,de,1
Wolodymyr Jatsenko,Wolodymyr Jatsenko,PER,1.0,0.0,de,1
Bitcoin ode,Bitcoin ode,PER,0.0,0.0,de,1
Claudia Ma,Claudia Ma,PER,0.0,0.0,de,1
Zurich Chief Underwriting,Zurich Chief Underwriting,PER,0.0,0.0,de,1
Dirk Schmidt-Gallas,Dirk Schmidt-Gallas,PER,0.0,0.0,de,1
Michael Stanczyk,Michael Stanczyk,PER,0.0,0.0,de,1
Harry Potter-Serie,Harry Potter-Serie,PER,0.0,0.0,de,1
Was Selenskyj,Was Selenskyj,PER,-1.0,0.0,de,1
Grünen-Politikerin Brantner,Grünen-Politikerin Brantner,PER,0.0,0.0,de,1
Groß geworde,Groß geworde,PER,0.7,0.0,de,1
Was Langau,Was Langau,PER,0.0,0.0,de,1
Zeit-Chef Giovanni di Lorenzo,Zeit-Chef Giovanni di Lorenzo,PER,0.0,0.0,de,1
Habecks Satz,Habecks Satz,PER,-1.0,0.0,de,1
Thorsten G,Thorsten G,PER,0.0,1.0,de,1
Inga Michler,Inga Michler,PER,0.7,0.0,de,1
Maja Lundes Klima-Quartett,Maja Lundes Klima-Quartett,PER,0.0,0.0,de,1
Thomas Fischer,Thomas Fischer,PER,0.0,0.0,de,1
Equinor Einbußen,Equinor Einbußen,PER,0.0,0.0,de,1
Maingau Autostrom,Maingau Autostrom,PER,0.0,0.0,de,1
Bildungsminister Ruzic,Bildungsminister Ruzic,PER,-1.0,0.0,de,1
Vor-und Nachteile,Vor-und Nachteile,PER,0.0,0.0,de,1
Ilja Ponomarjow,Ilja Ponomarjow,PER,0.0,0.0,de,1
Serhij Tscherewatyj,Serhij Tscherewatyj,PER,0.0,0.0,de,1
Klimadialog Foto,Klimadialog Foto,PER,0.0,0.0,de,1
Jan Kuhlbrodt,Jan Kuhlbrodt,PER,0.0,0.0,de,1
Ecoflows Jungfernfahrt,Ecoflows Jungfernfahrt,PER,0.0,0.0,de,1
Isabell Baruth,Isabell Baruth,PER,1.0,0.0,de,1
Tayyip Erdoğans,Tayyip Erdoğans,PER,-1.0,0.0,de,1
Heinz-Werner Rapp,Heinz-Werner Rapp,PER,1.0,0.0,de,1
Lion Hir,Lion Hir,PER,0.0,0.0,de,1
Ingrid Lauterbach,Ingrid Lauterbach,PER,0.0,0.0,de,1
Migranten ausgeset,Migranten ausgeset,PER,0.7,0.0,de,1
Helmut Schmidts,Helmut Schmidts,PER,0.7,0.0,de,1
Habecks Heiz-Wende,Habecks Heiz-Wende,PER,0.0,0.0,de,1
Krasnodar Gov,Krasnodar Gov,PER,0.0,0.0,de,1
Jewgeni Prigoschin u,Jewgeni Prigoschin u,PER,0.0,0.0,de,1
Steve Rosenberg,Steve Rosenberg,PER,0.0,0.0,de,1
abermaligem Massaker,abermaligem Massaker,PER,0.0,0.0,de,1
Bundeswehr-Generalinspekteur Breuer zu Gesprächen,Bundeswehr-Generalinspekteur Breuer zu Gesprächen,PER,0.0,0.0,de,1
Habecks Wärmepumpen-Coup,Habecks Wärmepumpen-Coup,PER,0.0,0.0,de,1
Gasag-Vorstandschef Georg Friedrichs,Gasag-Vorstandschef Georg Friedrichs,PER,1.0,0.0,de,1
Bill Clinton ,Bill Clinton ,PER,1.0,0.0,de,1
Semjon Pegow,Semjon Pegow,PER,0.0,0.0,de,1
Verbraucher V,Verbraucher V,PER,0.0,0.0,de,1
Jorge Royan,Jorge Royan,PER,-1.0,0.0,de,1
Wunderwaffe Klimafonds,Wunderwaffe Klimafonds,PER,0.0,0.0,de,1
Charles rund,Charles rund,PER,0.0,1.0,de,1
Gustavo Petro,Gustavo Petro,PER,0.0,0.0,de,1
Thomas Preis,Thomas Preis,PER,0.0,0.0,de,1
Habecks Staatssekret,Habecks Staatssekret,PER,0.0,0.0,de,1
Ibrahim Kalın,Ibrahim Kalın,PER,0.0,0.0,de,1
Maja Lunde,Maja Lunde,PER,0.0,0.0,de,1
Grünen-Politikerin Katrin Göring-Eckardt,Grünen-Politikerin Katrin Göring-Eckardt,PER,1.0,0.0,de,1
Motorola Razr,Motorola Razr,PER,0.0,0.0,de,1
Liveblog Kyrylo Budanov,Liveblog Kyrylo Budanov,PER,0.35,0.5,de,1
Tsai Ing-wen,Tsai Ing-wen,PER,0.0,0.0,de,1
Causa Kemfert,Causa Kemfert,PER,0.5,0.5,de,1
Peter Ilg,Peter Ilg,PER,0.7,0.0,de,1
Linken-Fraktionschef Dietmar Bartsch,Linken-Fraktionschef Dietmar Bartsch,PER,0.0,0.0,de,1
Nina Ruge,Nina Ruge,PER,0.0,0.8,de,1
Pumpenhersteller Wilo,Pumpenhersteller Wilo,PER,0.0,0.0,de,1
Reinhard Sager,Reinhard Sager,PER,0.0,1.0,de,1
Mario Keller,Mario Keller,PER,0.7,0.0,de,1
Klaus-Peter Lucht,Klaus-Peter Lucht,PER,1.0,0.0,de,1
Sohn von Putin-Sprecher,Sohn von Putin-Sprecher,PER,0.7,0.0,de,1
Sohn von Putins,Sohn von Putins,PER,0.0,0.0,de,1
Mai wahrscheinlic,Mai wahrscheinlic,PER,0.0,0.0,de,1
Finanz-Chef Steph,Finanz-Chef Steph,PER,0.0,0.0,de,1
Magnus Carlsen,Magnus Carlsen,PER,1.0,0.0,de,1
Taipehs Etat,Taipehs Etat,PER,0.0,1.0,de,1
Ex-Oligarch Chodorkowski,Ex-Oligarch Chodorkowski,PER,-0.7,0.0,de,1
Mary S,Mary S,PER,0.0,0.0,de,1
Karl Lauterbach ,Karl Lauterbach ,PER,0.7,0.0,de,1
Rostyslav Yanchyshen,Rostyslav Yanchyshen,PER,-1.0,0.0,de,1
Christo Grozev,Christo Grozev,PER,0.0,0.0,de,1
Tagesspiegel-Reporter Julius Geiler,Tagesspiegel-Reporter Julius Geiler,PER,-1.0,0.0,de,1
Viktor Liina,Viktor Liina,PER,0.0,0.0,de,1
Fjodor Dostojewski,Fjodor Dostojewski,PER,1.0,0.0,de,1
Brian Nelson,Brian Nelson,PER,0.0,0.0,de,1
Xi losschlägt,Xi losschlägt,PER,0.0,0.0,de,1
Manuela Kaczmarek,Manuela Kaczmarek,PER,1.0,0.0,de,1
Leonhard Lenny Fischer,Leonhard Lenny Fischer,PER,0.0,0.0,de,1
Leonhard Fischer,Leonhard Fischer,PER,0.0,0.0,de,1
Tanja M,Tanja M,PER,0.0,0.0,de,1
Xjmnfstepsg fjof,Xjmnfstepsg fjof,PER,0.0,0.0,de,1
Marion Poschmann,Marion Poschmann,PER,0.0,0.0,de,1
Duisburger Angriff von Zufallsopfern,Duisburger Angriff von Zufallsopfern,PER,0.0,0.0,de,1
Schach-Held Nepomnjaschtschi,Schach-Held Nepomnjaschtschi,PER,0.0,0.0,de,1
Putin-Vertrauter Medwedew,Putin-Vertrauter Medwedew,PER,0.0,0.0,de,1
Asus ROG Ally,Asus ROG Ally,PER,1.0,0.0,de,1
ZDF-Talk „Maybrit Illner,ZDF-Talk „Maybrit Illner,PER,0.0,0.0,de,1
Zehnkämpfer Kaul,Zehnkämpfer Kaul,PER,1.0,0.0,de,1
Wladimir Putin te,Wladimir Putin te,PER,0.0,0.0,de,1
Marc Hieronimus,Marc Hieronimus,PER,0.0,0.0,de,1
Oliver Kahn aneinandergeriet,Oliver Kahn aneinandergeriet,PER,0.0,0.0,de,1
Klublegende Lothar Matthäus,Klublegende Lothar Matthäus,PER,-0.7,0.0,de,1
Antonia Baum,Antonia Baum,PER,0.0,0.0,de,1
Stefan Wagner,Stefan Wagner,PER,0.0,0.0,de,1
Johann Holten,Johann Holten,PER,0.0,0.0,de,1
Jack Teixeira,Jack Teixeira,PER,-1.0,0.0,de,1
Unicredit tilgt AT-1-Anleihen,Unicredit tilgt AT-1-Anleihen,PER,0.0,0.0,de,1
Torsten Hufnagel,Torsten Hufnagel,PER,1.0,0.0,de,1
Liveblog Bundesagrarminister Cem Özdemir,Liveblog Bundesagrarminister Cem Özdemir,PER,0.0,0.0,de,1
Cem Özdemir von Russland,Cem Özdemir von Russland,PER,0.0,0.0,de,1
Xis Telefonat,Xis Telefonat,PER,0.0,0.0,de,1
Tirols Landeshauptmann Anton Mattle,Tirols Landeshauptmann Anton Mattle,PER,0.0,1.0,de,1
Liveblog Meloni,Liveblog Meloni,PER,0.7,0.0,de,1
Staatsbesuch Yoons,Staatsbesuch Yoons,PER,0.0,0.0,de,1
Kiew Metro-Züge,Kiew Metro-Züge,PER,0.0,0.0,de,1
Belarussischer Regierungskritiker,Belarussischer Regierungskritiker,PER,0.0,0.0,de,1
Romulusz Ruszin-Szendi,Romulusz Ruszin-Szendi,PER,-0.7,0.0,de,1
Ungarns Präsidentin,Ungarns Präsidentin,PER,0.0,0.0,de,1
John Ford,John Ford,PER,0.0,0.0,de,1
Volodymyr Saldo,Volodymyr Saldo,PER,0.0,0.0,de,1
Hollywood-Ikone Meryl Streep,Hollywood-Ikone Meryl Streep,PER,0.0,0.0,de,1
Tanja Mildenberger,Tanja Mildenberger,PER,0.0,0.0,de,1
Pulverfass Provisionsverbot,Pulverfass Provisionsverbot,PER,0.0,0.0,de,1
Henry Walter Bates,Henry Walter Bates,PER,0.0,0.0,de,1
Alfred Russel Wallace,Alfred Russel Wallace,PER,0.0,0.0,de,1
CDU-Sprecher Throm,CDU-Sprecher Throm,PER,-0.7,0.0,de,1
Kremlchef W,Kremlchef W,PER,0.0,0.0,de,1
Manfred Güllner,Manfred Güllner,PER,1.0,0.0,de,1
Wladimir PutinPutin,Wladimir PutinPutin,PER,0.0,0.0,de,1
Kreml-Machthaber Putin ,Kreml-Machthaber Putin ,PER,0.0,0.0,de,1
Wolodimir SelenskiDie,Wolodimir SelenskiDie,PER,0.0,0.0,de,1
Krim leich,Krim leich,PER,0.0,0.0,de,1
Ren Zhen,Ren Zhen,PER,0.0,0.0,de,1
Nicole Müller,Nicole Müller,PER,0.0,0.0,de,1
Volker Hänneschen,Volker Hänneschen,PER,0.0,0.0,de,1
Georgiens Ex-Präsident,Georgiens Ex-Präsident,PER,0.0,0.0,de,1
Joseph Stalin,Joseph Stalin,PER,0.0,0.0,de,1
Fraktionschef Mützenich,Fraktionschef Mützenich,PER,0.0,0.0,de,1
Waffenhilfe von Rheinmetall,Waffenhilfe von Rheinmetall,PER,0.0,0.0,de,1
Lieferungen von Rheinmetall,Lieferungen von Rheinmetall,PER,0.0,0.0,de,1
Verfolgungsfahrt Waffen,Verfolgungsfahrt Waffen,PER,0.0,0.0,de,1
Andreas Neuhaus,Andreas Neuhaus,PER,0.0,0.0,de,1
Max Brunnert,Max Brunnert,PER,0.0,0.0,de,1
Video-Appelle vom Schlachtfeld,Video-Appelle vom Schlachtfeld,PER,0.0,0.0,de,1
Putins Ukraine-Krieg,Putins Ukraine-Krieg,PER,0.0,0.0,de,1
Abdul-Kerim Edilov,Abdul-Kerim Edilov,PER,0.0,0.0,de,1
Kadyrows Mixed-Material-Arts-Lieblingskämpfer,Kadyrows Mixed-Material-Arts-Lieblingskämpfer,PER,0.0,0.0,de,1
Julian Stratenschul,Julian Stratenschul,PER,0.0,0.0,de,1
Habecks Wärmeplan,Habecks Wärmeplan,PER,0.0,0.0,de,1
CDU-Politiker Spahn,CDU-Politiker Spahn,PER,0.0,0.0,de,1
Penny Wong,Penny Wong,PER,0.0,0.0,de,1
Yoshimasa Hayashi,Yoshimasa Hayashi,PER,0.0,0.0,de,1
Agit Kabayel,Agit Kabayel,PER,-1.0,0.0,de,1
Will Smith,Will Smith,PER,0.0,0.0,de,1
Raffaele Imperiale,Raffaele Imperiale,PER,0.7,0.0,de,1
Rainer Dionisio,Rainer Dionisio,PER,0.0,0.0,de,1
Jannes F,Jannes F,PER,0.0,0.0,de,1
Franziska Meyer,Franziska Meyer,PER,0.0,1.0,de,1
Halyna Luhova,Halyna Luhova,PER,0.0,0.0,de,1
Roman Mrochko,Roman Mrochko,PER,0.0,0.0,de,1
Grünen-Fraktionschefin Britta Haßelmann,Grünen-Fraktionschefin Britta Haßelmann,PER,1.0,0.0,de,1
Habecks Heizungsvorstoß,Habecks Heizungsvorstoß,PER,1.0,0.0,de,1
Jannes Fischer,Jannes Fischer,PER,0.0,0.0,de,1
Salome Surabischwili w,Salome Surabischwili w,PER,0.0,0.0,de,1
Kais Saied,Kais Saied,PER,-1.0,0.0,de,1
Quasi-Verbot von Öl,Quasi-Verbot von Öl,PER,0.0,0.0,de,1
Uwe Kohlmaier,Uwe Kohlmaier,PER,0.0,0.0,de,1
Maria Cristina Latorre,Maria Cristina Latorre,PER,0.0,0.0,de,1
Ibrahim Diallo,Ibrahim Diallo,PER,1.0,0.0,de,1
Francois Villeroy de GalhauDas Engagement,Francois Villeroy de GalhauDas Engagement,PER,0.0,0.0,de,1
Andreas Marlow,Andreas Marlow,PER,0.0,0.0,de,1
Experten s,Experten s,PER,0.0,0.0,de,1
Ehefrau von Polizistenmörder,Ehefrau von Polizistenmörder,PER,0.0,0.0,de,1
Shell-Chef Ben van Beurden Shell,Shell-Chef Ben van Beurden Shell,PER,0.0,0.0,de,1
Ben van Beurden im Jahr,Ben van Beurden im Jahr,PER,0.0,0.0,de,1
Shell-Chef Be,Shell-Chef Be,PER,0.0,0.0,de,1
Joe Biden Amerikas,Joe Biden Amerikas,PER,0.0,0.0,de,1
Schwesigs Sumpf,Schwesigs Sumpf,PER,0.7,0.0,de,1
Friedbert Pflüger,Friedbert Pflüger,PER,0.0,0.0,de,1
Alice Schwarzer aufg,Alice Schwarzer aufg,PER,0.0,0.0,de,1
"Sturmtief ""Björn","Sturmtief ""Björn",PER,-1.0,0.0,de,1
Dennis KremerDas,Dennis KremerDas,PER,0.0,0.0,de,1
Martin Hock,Martin Hock,PER,0.0,0.0,de,1
Jugendbuchautorin Anderson,Jugendbuchautorin Anderson,PER,0.0,0.0,de,1
Asuman Basalirwa,Asuman Basalirwa,PER,-1.0,0.0,de,1
Rolle Huawei ,Rolle Huawei ,PER,0.0,0.0,de,1
Christina Cascino,Christina Cascino,PER,0.7333333333333334,0.16666666666666666,de,1
Habecks Heizungs-Plan,Habecks Heizungs-Plan,PER,0.0,0.0,de,1
Josef Reitberger,Josef Reitberger,PER,0.0,0.0,de,1
Schia al-Sudani,Schia al-Sudani,PER,0.0,0.0,de,1
Öl-und Gasheizungen,Öl-und Gasheizungen,PER,0.0,0.0,de,1
Tobias Ellwood,Tobias Ellwood,PER,-0.7,0.0,de,1
Holger Schneide,Holger Schneide,PER,0.7,0.0,de,1
Holger Schneidewindt,Holger Schneidewindt,PER,0.7,0.0,de,1
Dora Pejačević,Dora Pejačević,PER,0.0,0.0,de,1
Polizistenmörders von Kusel,Polizistenmörders von Kusel,PER,0.0,0.0,de,1
Grünen-Fraktionschefin Haßelmann,Grünen-Fraktionschefin Haßelmann,PER,0.0,0.0,de,1
Jim Chanos,Jim Chanos,PER,0.0,0.0,de,1
Finanz-Redakteurin Andrea Cünnen,Finanz-Redakteurin Andrea Cünnen,PER,0.0,0.0,de,1
Russland-Korrespondent Pavel Lokshin,Russland-Korrespondent Pavel Lokshin,PER,0.7,0.0,de,1
Rede von Putin,Rede von Putin,PER,0.0,0.0,de,1
Manfred Simmet,Manfred Simmet,PER,0.35,0.5,de,1
Ingo Notthoff,Ingo Notthoff,PER,0.0,0.0,de,1
IT-Security-Experte Michael Veit von Sophos,IT-Security-Experte Michael Veit von Sophos,PER,0.0,0.0,de,1
Michael Veit von Sophos,Michael Veit von Sophos,PER,0.0,0.0,de,1
Liane Buchholz,Liane Buchholz,PER,0.0,0.0,de,1
Selenskyj-Berater Alexander Rodnyansky,Selenskyj-Berater Alexander Rodnyansky,PER,0.5249999999999999,0.0,de,1
Manuel Bewarder,Manuel Bewarder,PER,0.0,0.0,de,1
Chinas Top-Diplomat,Chinas Top-Diplomat,PER,0.0,0.0,de,1
Florian Zandt,Florian Zandt,PER,0.7,0.0,de,1
Wütende Autofahrer,Wütende Autofahrer,PER,-0.85,0.0,de,1
Jakob Huber,Jakob Huber,PER,0.0,0.0,de,1
Gerhard Haderers,Gerhard Haderers,PER,-0.7,0.0,de,1
Sohn Christoph,Sohn Christoph,PER,-0.7,0.0,de,1
Herbert Lechner,Herbert Lechner,PER,0.0,0.0,de,1
Zalando streicht,Zalando streicht,PER,0.0,0.0,de,1
Sachsens Verfassungsschutz,Sachsens Verfassungsschutz,PER,-0.7,0.0,de,1
Selenskyj siegesgewiss,Selenskyj siegesgewiss,PER,0.7,0.0,de,1
Christoph Trebesch,Christoph Trebesch,PER,0.0,1.0,de,1
Jewgeni Prigoschin Häftlinge,Jewgeni Prigoschin Häftlinge,PER,0.0,0.0,de,1
Ex-Boxweltmeister Wladimir Klitschko,Ex-Boxweltmeister Wladimir Klitschko,PER,-0.5,0.5,de,1
Lynne Tracy einbestel,Lynne Tracy einbestel,PER,0.0,0.0,de,1
Markus Kaim,Markus Kaim,PER,0.0,0.0,de,1
Sarah N,Sarah N,PER,0.0,0.0,de,1
Dirk Sukow Dresden,Dirk Sukow Dresden,PER,0.0,0.0,de,1
Thomas Bläul,Thomas Bläul,PER,0.0,0.0,de,1
Oll Pnupepheuetel Gtet Pekute penltlek uul,Oll Pnupepheuetel Gtet Pekute penltlek uul,PER,-1.0,0.0,de,1
uelaeuaeueu Iekl,uelaeuaeueu Iekl,PER,-1.0,0.0,de,1
aep Pklue plek,aep Pklue plek,PER,-1.0,0.0,de,1
Behluap tel Zuphen peteleklel,Behluap tel Zuphen peteleklel,PER,-1.0,0.0,de,1
Pekuu uultelele Vueke,Pekuu uultelele Vueke,PER,0.0,0.0,de,1
Berlusconi Premierministerin,Berlusconi Premierministerin,PER,0.0,0.0,de,1
Ankerkraut Grill Set,Ankerkraut Grill Set,PER,0.0,0.0,de,1
Vivek Ramaswamy ,Vivek Ramaswamy ,PER,0.0,0.0,de,1
Warren BuffettZu Buffets,Warren BuffettZu Buffets,PER,0.0,0.0,de,1
Karl Kübel,Karl Kübel,PER,0.0,0.0,de,1
Cornelia Funke,Cornelia Funke,PER,0.0,0.0,de,1
Deutschlands Klimawende,Deutschlands Klimawende,PER,0.0,0.0,de,1
Alessandro Rampazzo,Alessandro Rampazzo,PER,0.0,0.0,de,1
Sebastian Unger,Sebastian Unger,PER,0.0,0.0,de,1
CIA-Chef William Burns,CIA-Chef William Burns,PER,1.0,0.0,de,1
Albert Biermannkennen,Albert Biermannkennen,PER,0.0,0.0,de,1
Kona N,Kona N,PER,0.0,0.0,de,1
Badenova-Vorstand Martin Hellebrand,Badenova-Vorstand Martin Hellebrand,PER,0.0,0.0,de,1
Robert Mülleneisen,Robert Mülleneisen,PER,0.0,0.0,de,1
James Cameron,James Cameron,PER,0.0,0.0,de,1
Anatolij Sagalewitsch,Anatolij Sagalewitsch,PER,0.0,0.0,de,1
Nacho Doce,Nacho Doce,PER,0.7,0.0,de,1
Andriy Voronin,Andriy Voronin,PER,0.0,0.0,de,1
Cremes von La Prairie,Cremes von La Prairie,PER,0.0,0.0,de,1
Chinas Chefdiplomat,Chinas Chefdiplomat,PER,-0.7,0.0,de,1
Anna Ermakova,Anna Ermakova,PER,1.0,0.0,de,1
Deutschlands Rüstungsbranche,Deutschlands Rüstungsbranche,PER,1.0,0.0,de,1
Peter Mayerhofer,Peter Mayerhofer,PER,0.0,0.0,de,1
Wladimir Putin entgegenzustell,Wladimir Putin entgegenzustell,PER,0.0,0.0,de,1
Putin Russlands,Putin Russlands,PER,0.0,0.0,de,1
Meisterstratege Wladimir Putin,Meisterstratege Wladimir Putin,PER,0.7,0.0,de,1
Ebersberger Behörde,Ebersberger Behörde,PER,0.0,0.0,de,1
Petra Bahr,Petra Bahr,PER,0.0,0.0,de,1
Tufan Erginbilgic,Tufan Erginbilgic,PER,0.0,0.0,de,1
Linda Thomas-Greenfield,Linda Thomas-Greenfield,PER,-0.7,0.0,de,1
Mike Schäfer,Mike Schäfer,PER,0.0,0.0,de,1
Peter den Grossen,Peter den Grossen,PER,0.0,0.0,de,1
Vittorio Piccinno ,Vittorio Piccinno ,PER,1.0,0.0,de,1
Vittorio Piccinno,Vittorio Piccinno,PER,0.0,0.0,de,1
Moskaus Raketenangriffen,Moskaus Raketenangriffen,PER,0.0,0.0,de,1
Sven Hergovich,Sven Hergovich,PER,0.0,0.0,de,1
Ben Zyskowicz,Ben Zyskowicz,PER,0.0,0.0,de,1
Alexej Tschepa,Alexej Tschepa,PER,0.0,0.0,de,1
Steve Martin,Steve Martin,PER,0.0,0.0,de,1
Ellen DeGeneres,Ellen DeGeneres,PER,0.0,0.0,de,1
Eddie Murphy,Eddie Murphy,PER,0.0,0.0,de,1
Bill Murray,Bill Murray,PER,0.0,0.0,de,1
Russland Wladimir Putin,Russland Wladimir Putin,PER,0.0,0.0,de,1
Alexej Pawlowsky,Alexej Pawlowsky,PER,1.0,0.0,de,1
Serhii Holubtsow,Serhii Holubtsow,PER,0.0,0.0,de,1
Minister Habeck,Minister Habeck,PER,0.0,1.0,de,1
Japans Premier Kishida,Japans Premier Kishida,PER,0.7,0.0,de,1
Chinas Ukraine-Initiative,Chinas Ukraine-Initiative,PER,0.0,0.0,de,1
Parteifreundin Jarasch,Parteifreundin Jarasch,PER,0.7,0.0,de,1
Ex-Senatorin Sybille Volkholz,Ex-Senatorin Sybille Volkholz,PER,0.0,0.0,de,1
Noch-Senatorin Bettina Jarasch,Noch-Senatorin Bettina Jarasch,PER,0.0,0.0,de,1
Stephan Schwarz,Stephan Schwarz,PER,0.7,0.0,de,1
Serhij Moskalenko,Serhij Moskalenko,PER,0.0,0.0,de,1
Andreas FelschUnd,Andreas FelschUnd,PER,0.0,0.0,de,1
SPD-Politiker Ralf,SPD-Politiker Ralf,PER,0.0,0.0,de,1
SPD-Politiker Ralf Stegner,SPD-Politiker Ralf Stegner,PER,-1.0,0.0,de,1
SPD-Mann Stegner,SPD-Mann Stegner,PER,-1.0,0.0,de,1
Oliver Wyman Bundeswirtschaftsminister Robert Habeck,Oliver Wyman Bundeswirtschaftsminister Robert Habeck,PER,0.0,0.0,de,1
Netanjahus Justizreform,Netanjahus Justizreform,PER,0.0,0.0,de,1
Chinas Präsid,Chinas Präsid,PER,0.0,0.0,de,1
Ralf Liebhold,Ralf Liebhold,PER,0.0,0.0,de,1
Zaal Andronikashvili,Zaal Andronikashvili,PER,0.0,0.0,de,1
Dagmar Ellerbrock,Dagmar Ellerbrock,PER,0.5,0.5,de,1
Einbau von Brennwertthermen,Einbau von Brennwertthermen,PER,0.0,0.0,de,1
Stefan Aust,Stefan Aust,PER,0.0,0.0,de,1
Boris Romantschenko,Boris Romantschenko,PER,0.0,0.0,de,1
Cecily Rose,Cecily Rose,PER,-1.0,0.0,de,1
Wladimir Putin Konsequenzen,Wladimir Putin Konsequenzen,PER,0.0,0.0,de,1
Habecks Austausch-Pflicht,Habecks Austausch-Pflicht,PER,0.0,0.0,de,1
Berlins Wirtschaf,Berlins Wirtschaf,PER,0.0,0.0,de,1
Chinas Energiebedarf,Chinas Energiebedarf,PER,0.7,0.0,de,1
Martina Hill,Martina Hill,PER,0.0,0.0,de,1
Frankreichs Bürger,Frankreichs Bürger,PER,-1.0,0.0,de,1
Dalia Marin,Dalia Marin,PER,-1.0,0.0,de,1
Vorarlberger Wirtschaftsbund,Vorarlberger Wirtschaftsbund,PER,0.0,0.0,de,1
Baden-Württembergs Innenminister Strobl,Baden-Württembergs Innenminister Strobl,PER,0.0,0.0,de,1
WirtschaftsministerRobert Habeck,WirtschaftsministerRobert Habeck,PER,0.85,0.0,de,1
Energieversorger Mainova,Energieversorger Mainova,PER,0.0,0.0,de,1
Ökonom Andreas Fischer,Ökonom Andreas Fischer,PER,0.0,0.0,de,1
Ibrahim A,Ibrahim A,PER,0.0,0.0,de,1
Putin preisen,Putin preisen,PER,1.0,0.0,de,1
Rüstungsvertretern Stalin-Telegramm,Rüstungsvertretern Stalin-Telegramm,PER,-1.0,0.0,de,1
Wjacheslaw Wolodin,Wjacheslaw Wolodin,PER,0.0,0.0,de,1
Netflix pleitegeht,Netflix pleitegeht,PER,0.0,0.0,de,1
Tschüss Atomkraft,Tschüss Atomkraft,PER,0.0,0.0,de,1
Bye Maskenpflicht,Bye Maskenpflicht,PER,0.0,0.0,de,1
Barbara Kujawski,Barbara Kujawski,PER,0.2333333333333333,0.6666666666666666,de,1
Ex-Präsident Dmitr,Ex-Präsident Dmitr,PER,-0.5,0.5,de,1
Djir-Sarai le,Djir-Sarai le,PER,0.0,0.0,de,1
Ukraine-Oligarch Medwedtschuk,Ukraine-Oligarch Medwedtschuk,PER,0.0,0.0,de,1
John Hersey,John Hersey,PER,0.0,0.0,de,1
Dieter Nuhr,Dieter Nuhr,PER,0.7,0.0,de,1
Medwedew Kriegserklärung,Medwedew Kriegserklärung,PER,0.0,0.0,de,1
Festnahme Putins,Festnahme Putins,PER,0.0,0.0,de,1
Axel Springer SE,Axel Springer SE,PER,0.0,0.0,de,1
Christian Seifert,Christian Seifert,PER,0.0,0.0,de,1
Klimaökonom Ottmar Edenhofer,Klimaökonom Ottmar Edenhofer,PER,1.0,0.0,de,1
Johan Lilliestam,Johan Lilliestam,PER,1.0,0.0,de,1
Nuradi A,Nuradi A,PER,0.0,0.0,de,1
amateurhafter PR,amateurhafter PR,PER,1.0,0.0,de,1
Volker Schrörs,Volker Schrörs,PER,0.0,0.0,de,1
Parteichef Xi,Parteichef Xi,PER,0.0,0.0,de,1
Liveblog Japans,Liveblog Japans,PER,-0.15000000000000002,0.0,de,1
Peking Waf,Peking Waf,PER,0.0,0.0,de,1
Wladimir Putin Kriegsverbrechen,Wladimir Putin Kriegsverbrechen,PER,0.0,0.0,de,1
Finnlands Nato-Beitritt,Finnlands Nato-Beitritt,PER,0.0,0.0,de,1
Nancy Fraser,Nancy Fraser,PER,0.0,0.0,de,1
Machthaber Alexandr Lukaschenko,Machthaber Alexandr Lukaschenko,PER,1.0,0.0,de,1
Friedrich Indra,Friedrich Indra,PER,0.0,0.0,de,1
Japans Nobelpreisträger,Japans Nobelpreisträger,PER,-1.0,0.0,de,1
Bibliothekar Marius Müller,Bibliothekar Marius Müller,PER,0.35,0.5,de,1
Industriepolitik à la,Industriepolitik à la,PER,0.0,0.0,de,1
Joe Bide,Joe Bide,PER,0.0,0.0,de,1
Swetlana Tichanowskaja,Swetlana Tichanowskaja,PER,1.0,0.0,de,1
WELT-Redakteur Matthias Kamann,WELT-Redakteur Matthias Kamann,PER,0.0,0.0,de,1
Chefankläger Karim Khan,Chefankläger Karim Khan,PER,0.7,0.0,de,1
Mika Baumeister,Mika Baumeister,PER,0.0,0.0,de,1
Autoscheibe Foto,Autoscheibe Foto,PER,0.0,0.0,de,1
Jean Paul Ikolongo,Jean Paul Ikolongo,PER,0.0,0.0,de,1
Frankreichs Vors,Frankreichs Vors,PER,0.0,0.0,de,1
Omas Häuschen,Omas Häuschen,PER,1.0,0.0,de,1
Laura Latka,Laura Latka,PER,0.0,0.0,de,1
Motorenfachmann Indra,Motorenfachmann Indra,PER,0.0,0.0,de,1
Edward Berger,Edward Berger,PER,0.0,1.0,de,1
Meta Platforms,Meta Platforms,PER,1.0,0.0,de,1
Beobachter sch,Beobachter sch,PER,0.0,0.0,de,1
Japans Atomkraft-Renaissance,Japans Atomkraft-Renaissance,PER,0.0,0.0,de,1
Naledi P,Naledi P,PER,0.0,0.0,de,1
Sergey Lawrow,Sergey Lawrow,PER,0.0,0.0,de,1
Wladimir Iljitsch Lenin,Wladimir Iljitsch Lenin,PER,0.0,0.0,de,1
Lenin-BüsteEine Ukraine-Flagge,Lenin-BüsteEine Ukraine-Flagge,PER,0.0,0.0,de,1
Koexistenz Risse,Koexistenz Risse,PER,0.0,0.0,de,1
Lawrow im Jahr 2015,Lawrow im Jahr 2015,PER,0.0,0.0,de,1
Analyst Igor Danchenko,Analyst Igor Danchenko,PER,0.0,0.0,de,1
Wärmepumpen schön,Wärmepumpen schön,PER,1.0,0.0,de,1
Irene Mihalic,Irene Mihalic,PER,0.0,0.0,de,1
Dortmund krachen,Dortmund krachen,PER,0.0,0.0,de,1
Ansel Adams,Ansel Adams,PER,0.0,0.0,de,1
Dominic Thiem,Dominic Thiem,PER,0.0,0.0,de,1
Agrarminister Özdemir,Agrarminister Özdemir,PER,0.0,0.0,de,1
Três Unidos,Três Unidos,PER,0.0,0.0,de,1
Finanz Influencer,Finanz Influencer,PER,-1.0,0.0,de,1
Ralf Rothmann,Ralf Rothmann,PER,0.0,0.0,de,1
Ursula Klement,Ursula Klement,PER,0.0,0.0,de,1
Getötetes Mädchen,Getötetes Mädchen,PER,0.0,0.0,de,1
Xi Jinping Russland,Xi Jinping Russland,PER,1.0,0.0,de,1
Nato-Beitritt Finnlands,Nato-Beitritt Finnlands,PER,0.7,0.0,de,1
Wirtschaftsweise zu Bankenkrise,Wirtschaftsweise zu Bankenkrise,PER,0.0,0.0,de,1
Oliver Schi,Oliver Schi,PER,0.0,0.0,de,1
Anne Irmscher,Anne Irmscher,PER,0.0,0.0,de,1
Geschäftsführer Batschkapp,Geschäftsführer Batschkapp,PER,0.0,0.0,de,1
Ralf Scheffler,Ralf Scheffler,PER,0.0,0.0,de,1
Claus Möbius,Claus Möbius,PER,0.0,0.0,de,1
Ewald Winter,Ewald Winter,PER,0.0,0.0,de,1
Michael Thumanns,Michael Thumanns,PER,0.0,0.0,de,1
Michael Thumanns Buch,Michael Thumanns Buch,PER,0.0,0.0,de,1
Habecks Heiz-Verbot,Habecks Heiz-Verbot,PER,-1.0,0.0,de,1
Heinrich Heine,Heinrich Heine,PER,0.0,0.0,de,1
Heiko Schrang,Heiko Schrang,PER,1.0,0.0,de,1
Benjamin Netanjahu i,Benjamin Netanjahu i,PER,0.0,0.0,de,1
Mme Lagarde,Mme Lagarde,PER,0.0,0.0,de,1
Thomas Brix,Thomas Brix,PER,0.0,0.0,de,1
Europas Industriekonzerne,Europas Industriekonzerne,PER,0.0,1.0,de,1
Energieversorger Subventionen,Energieversorger Subventionen,PER,0.0,0.0,de,1
Europäer von Putins,Europäer von Putins,PER,0.0,0.0,de,1
Franziska Giff,Franziska Giff,PER,0.0,0.0,de,1
Mikhail Korotkov Züge,Mikhail Korotkov Züge,PER,0.0,0.0,de,1
Wolfgang Hess,Wolfgang Hess,PER,0.0,0.0,de,1
Labrador Bruno,Labrador Bruno,PER,0.0,0.0,de,1
Westkurs Moldaus,Westkurs Moldaus,PER,0.0,0.0,de,1
Vorstandschef de,Vorstandschef de,PER,0.0,0.0,de,1
Larry FinkDer,Larry FinkDer,PER,0.0,0.0,de,1
Abschuss von Raketen,Abschuss von Raketen,PER,0.0,0.0,de,1
Habecks Heizwende,Habecks Heizwende,PER,0.0,0.0,de,1
Finanzministers Christan Linder,Finanzministers Christan Linder,PER,-1.0,0.0,de,1
John Cochrane,John Cochrane,PER,0.0,0.0,de,1
Christoph Sac,Christoph Sac,PER,0.0,0.0,de,1
Eid Al-Adha,Eid Al-Adha,PER,0.0,0.0,de,1
Wladimir ­Putin,Wladimir ­Putin,PER,0.0,0.0,de,1
Marius Müller,Marius Müller,PER,0.7,0.0,de,1
Mischkonzern DiehlDiehl ,Mischkonzern DiehlDiehl ,PER,0.0,0.0,de,1
Michail Zygar,Michail Zygar,PER,0.0,0.0,de,1
Pistorius Fortschritte,Pistorius Fortschritte,PER,0.0,0.0,de,1
Bild-Vize Paul Ronzheimer,Bild-Vize Paul Ronzheimer,PER,0.0,0.0,de,1
Thierry Véron,Thierry Véron,PER,0.0,0.0,de,1
Wagner-Boss Jewgeni Prigoschin,Wagner-Boss Jewgeni Prigoschin,PER,0.0,0.8,de,1
Putins Scharfmacher,Putins Scharfmacher,PER,0.0,0.0,de,1
Lässt Putin,Lässt Putin,PER,0.0,0.0,de,1
Dmitri Medwede,Dmitri Medwede,PER,0.0,0.0,de,1
Stefan Lindicke,Stefan Lindicke,PER,0.0,0.0,de,1
Liu He,Liu He,PER,0.0,0.0,de,1
Friederike Otto berechnet,Friederike Otto berechnet,PER,0.0,0.0,de,1
Putins Koch,Putins Koch,PER,0.0,0.0,de,1
CIA-Auslandsgeheimdienstchef William Burns,CIA-Auslandsgeheimdienstchef William Burns,PER,0.0,0.0,de,1
CIA-Chef Burns,CIA-Chef Burns,PER,-0.7,0.0,de,1
Wilfried N,Wilfried N,PER,0.0,0.0,de,1
Moosdorf Foto,Moosdorf Foto,PER,0.0,1.0,de,1
Bremens Klimasenatorin Kathrin,Bremens Klimasenatorin Kathrin,PER,0.0,0.0,de,1
Jana Wargers,Jana Wargers,PER,0.0,0.0,de,1
Petra Berg,Petra Berg,PER,0.7,0.0,de,1
Werner Schwarz,Werner Schwarz,PER,0.7,0.0,de,1
Anna Galina,Anna Galina,PER,0.7,0.0,de,1
Trierischer Volksfreund,Trierischer Volksfreund,PER,0.0,0.0,de,1
Heizungsgesetz von Habeck,Heizungsgesetz von Habeck,PER,0.0,0.0,de,1
Andrey Bartenev,Andrey Bartenev,PER,0.0,0.0,de,1
Antonio Gramsci,Antonio Gramsci,PER,0.0,0.0,de,1
Gernot Döllner,Gernot Döllner,PER,0.0,0.0,de,1
Bundesagrarminister Cem Özdemir,Bundesagrarminister Cem Özdemir,PER,0.0,1.0,de,1
Happy Birthday,Happy Birthday,PER,0.0,0.0,de,1
Einzelhandelsverbands Facap,Einzelhandelsverbands Facap,PER,0.0,0.0,de,1
Amazons stiller,Amazons stiller,PER,0.0,0.0,de,1
Jürgen Hardt,Jürgen Hardt,PER,0.0,0.0,de,1
nan Wagner-Chef Jewgeni Prigoschin,nan Wagner-Chef Jewgeni Prigoschin,PER,0.0,0.0,de,1
Maxim Gavrilyuk,Maxim Gavrilyuk,PER,0.0,0.0,de,1
Putins Macho-Politik,Putins Macho-Politik,PER,0.0,0.0,de,1
Dimitri Zufferey,Dimitri Zufferey,PER,0.0,0.0,de,1
Wagner-Boss Prigoschin,Wagner-Boss Prigoschin,PER,0.0,0.0,de,1
Expertin Ute Scheub,Expertin Ute Scheub,PER,0.0,0.0,de,1
Sandra Vásquez de la Horra,Sandra Vásquez de la Horra,PER,0.0,0.0,de,1
Heizungsexperte Nicholas,Heizungsexperte Nicholas,PER,-1.0,0.0,de,1
Thomas Reimann,Thomas Reimann,PER,0.0,0.0,de,1
Thomas Meurer,Thomas Meurer,PER,0.0,0.0,de,1
Günter Murr,Günter Murr,PER,0.0,0.0,de,1
Iris Dilger,Iris Dilger,PER,0.0,0.0,de,1
SPD-Politiker Michael Roth,SPD-Politiker Michael Roth,PER,0.0,0.0,de,1
Kurt Krömer,Kurt Krömer,PER,0.0,0.0,de,1
Elena Milashina,Elena Milashina,PER,0.0,0.0,de,1
BVK-Präsident Heinz,BVK-Präsident Heinz,PER,-0.5,0.0,de,1
Christan Lindner,Christan Lindner,PER,0.0,0.0,de,1
Maximilian Funke-Kaiser,Maximilian Funke-Kaiser,PER,-1.0,0.0,de,1
Jelena Milaschina,Jelena Milaschina,PER,-1.0,0.0,de,1
Jan-Christian Dre,Jan-Christian Dre,PER,0.0,0.0,de,1
Bayern Münchens,Bayern Münchens,PER,0.0,0.0,de,1
Ko Samui,Ko Samui,PER,0.0,0.0,de,1
pro Tonne Pellets,pro Tonne Pellets,PER,0.0,0.0,de,1
Tony Radakin,Tony Radakin,PER,0.0,0.0,de,1
Eduard Babarik,Eduard Babarik,PER,0.0,0.0,de,1
belarussischem Oppositionellen Babariko,belarussischem Oppositionellen Babariko,PER,0.0,0.0,de,1
Welyka Pyssariwk,Welyka Pyssariwk,PER,0.0,0.0,de,1
Michail Muraschko,Michail Muraschko,PER,0.0,0.0,de,1
Macky Sall,Macky Sall,PER,0.0,0.0,de,1
Makita Akku-Baustellenradio,Makita Akku-Baustellenradio,PER,0.7,0.0,de,1
Jan Thinius-Heemann,Jan Thinius-Heemann,PER,0.0,0.0,de,1
Luftabwehrsystem Patriot,Luftabwehrsystem Patriot,PER,-0.7,0.0,de,1
Einspruch Podcast,Einspruch Podcast,PER,0.0,0.0,de,1
Dmitri Trenin,Dmitri Trenin,PER,0.0,0.0,de,1
Inflations-Expertin Heike Adam,Inflations-Expertin Heike Adam,PER,0.0,0.0,de,1
Japans Aktienmarkt,Japans Aktienmarkt,PER,0.7,0.0,de,1
Ter Stegen,Ter Stegen,PER,0.0,0.0,de,1
Torhüter ter Stegen,Torhüter ter Stegen,PER,0.0,0.0,de,1
Marc-André ter Stegen,Marc-André ter Stegen,PER,-1.0,0.0,de,1
Philip JeffersonDer,Philip JeffersonDer,PER,0.0,0.0,de,1
Ukraine Finanzhilfen,Ukraine Finanzhilfen,PER,0.0,0.0,de,1
Allgaier Werke,Allgaier Werke,PER,0.0,0.0,de,1
Aramco Ventures,Aramco Ventures,PER,0.8500000000000001,0.0,de,1
Fritz Zanker,Fritz Zanker,PER,0.0,0.0,de,1
Bundesbank-Chef Joachim NagelNagel,Bundesbank-Chef Joachim NagelNagel,PER,0.0,0.0,de,1
Catherine MacGregor,Catherine MacGregor,PER,0.0,0.0,de,1
Engie-Chefin Catherine,Engie-Chefin Catherine,PER,0.0,0.0,de,1
Lessja Ukrajinka,Lessja Ukrajinka,PER,0.0,0.0,de,1
Ad Louter,Ad Louter,PER,0.0,0.0,de,1
Christian Ostersehlte,Christian Ostersehlte,PER,-1.0,0.0,de,1
Eva Schobesberger,Eva Schobesberger,PER,0.25,0.0,de,1
Li QiangSTORY,Li QiangSTORY,PER,0.0,0.0,de,1
Chinas Regierungs,Chinas Regierungs,PER,-0.7,0.0,de,1
Karin Kneissl Außenministerium Österreichs,Karin Kneissl Außenministerium Österreichs,PER,0.7,0.0,de,1
Oxana Timofeeva,Oxana Timofeeva,PER,0.0,0.0,de,1
Andreas Mundt,Andreas Mundt,PER,0.0,0.0,de,1
Azimut Benetti,Azimut Benetti,PER,0.0,0.0,de,1
Heidi Kabel,Heidi Kabel,PER,0.0,0.0,de,1
Napoleon I,Napoleon I,PER,0.0,1.0,de,1
Kabarettistin Bosetti,Kabarettistin Bosetti,PER,1.0,0.0,de,1
Ahmed al Dschabir,Ahmed al Dschabir,PER,0.0,0.0,de,1
Christof Schürmann,Christof Schürmann,PER,0.0,1.0,de,1
Johannes Winkel ,Johannes Winkel ,PER,0.7,0.0,de,1
foppt Klima-Kleber,foppt Klima-Kleber,PER,0.0,0.0,de,1
Sarah Philipp,Sarah Philipp,PER,0.0,0.0,de,1
Demmer w,Demmer w,PER,0.0,0.0,de,1
Jörg Harren,Jörg Harren,PER,0.0,0.0,de,1
Partikelforscher Achim Dittler,Partikelforscher Achim Dittler,PER,-0.7,0.0,de,1
lasse Russland,lasse Russland,PER,0.0,0.0,de,1
Brian Taylor Putins,Brian Taylor Putins,PER,0.0,0.0,de,1
Judith Engst,Judith Engst,PER,0.7,0.0,de,1
Patric Fouad Köln,Patric Fouad Köln,PER,0.0,0.0,de,1
Kai Diekmann,Kai Diekmann,PER,0.0,0.0,de,1
Till Lindemann,Till Lindemann,PER,0.0,0.0,de,1
Putin Auftritte,Putin Auftritte,PER,0.0,0.0,de,1
EZB-Chefin Lagarde,EZB-Chefin Lagarde,PER,0.0,0.0,de,1
Hafize Gaye,Hafize Gaye,PER,0.0,0.0,de,1
Chen Cho,Chen Cho,PER,0.0,0.0,de,1
Robert Sesselmann,Robert Sesselmann,PER,0.0,0.0,de,1
Caroline Kent,Caroline Kent,PER,0.0,0.0,de,1
Olaf Rentsch,Olaf Rentsch,PER,0.0,0.0,de,1
Elmar Lampson,Elmar Lampson,PER,0.0,0.0,de,1
Liveblog Ukra,Liveblog Ukra,PER,0.7999999999999999,0.0,de,1
Geraldine Viswanathan,Geraldine Viswanathan,PER,0.0,0.0,de,1
Maximilian von,Maximilian von,PER,0.0,0.0,de,1
Dmitrij Trenin,Dmitrij Trenin,PER,0.0,0.0,de,1
Christoph Zeis,Christoph Zeis,PER,0.0,0.0,de,1
Brend Schuil,Brend Schuil,PER,0.0,0.0,de,1
Tag lang,Tag lang,PER,-0.15000000000000002,0.0,de,1
Tomasz Siemoniak,Tomasz Siemoniak,PER,-0.7,0.0,de,1
René Träder,René Träder,PER,0.0,0.0,de,1
Mythos Einfamilienhaus,Mythos Einfamilienhaus,PER,0.0,0.0,de,1
Liebe lange,Liebe lange,PER,0.0,1.0,de,1
Kämpfer von Prigoschins,Kämpfer von Prigoschins,PER,0.0,0.0,de,1
Muammar al-Ghadhafi,Muammar al-Ghadhafi,PER,-1.0,0.0,de,1
Hannibal al-Ghadhafi,Hannibal al-Ghadhafi,PER,0.0,0.0,de,1
Tschetschenen-Machthaber Kadyrow,Tschetschenen-Machthaber Kadyrow,PER,0.0,0.0,de,1
Jeans qualmt,Jeans qualmt,PER,0.0,0.0,de,1
Natalia Wächter,Natalia Wächter,PER,0.7,0.0,de,1
Reingard Spannring,Reingard Spannring,PER,0.7,0.0,de,1
CSU-Mann Dobrindt,CSU-Mann Dobrindt,PER,0.0,0.0,de,1
Matt Garman,Matt Garman,PER,-0.7,0.0,de,1
Georg Guggenberger,Georg Guggenberger,PER,-1.0,0.0,de,1
Martin Thiel,Martin Thiel,PER,0.0,0.0,de,1
Jacques Hentsch,Jacques Hentsch,PER,-0.7,0.0,de,1
Erna Axelsson,Erna Axelsson,PER,0.0,0.0,de,1
Henrike Kohpeiß,Henrike Kohpeiß,PER,0.0,0.0,de,1
Liveblog Pro-russischer,Liveblog Pro-russischer,PER,0.0,0.0,de,1
Ralf Dümmel,Ralf Dümmel,PER,0.7,0.0,de,1
Akku wiederaufladbar,Akku wiederaufladbar,PER,0.15000000000000002,0.0,de,1
Rüstungskonzern Rheinmetall,Rüstungskonzern Rheinmetall,PER,0.0,0.0,de,1
Serienverlierer Putin,Serienverlierer Putin,PER,0.0,0.0,de,1
Trevor Reed,Trevor Reed,PER,-1.0,0.0,de,1
Präsidentensohn Hunter,Präsidentensohn Hunter,PER,0.0,0.0,de,1
Kiews Nachschubkolonne,Kiews Nachschubkolonne,PER,0.0,0.0,de,1
Katharina die Große,Katharina die Große,PER,-0.15000000000000002,0.0,de,1
Wolodimir Sele,Wolodimir Sele,PER,0.0,0.0,de,1
FOCUS-online-Autor Christoph S,FOCUS-online-Autor Christoph S,PER,0.35,0.5,de,1
Jordan Holiday,Jordan Holiday,PER,0.0,1.0,de,1
Moskaus Rückzug,Moskaus Rückzug,PER,1.0,0.0,de,1
Randy Tarampi,Randy Tarampi,PER,0.0,0.0,de,1
Reisekonzern Tui,Reisekonzern Tui,PER,0.0,1.0,de,1
Ievgen Shylko,Ievgen Shylko,PER,-1.0,0.0,de,1
Ukraine Streumuniti,Ukraine Streumuniti,PER,-1.0,0.0,de,1
Franka Welz,Franka Welz,PER,0.0,0.0,de,1
Olena Muzyria,Olena Muzyria,PER,0.0,0.0,de,1
Zbigniew Hoffmann,Zbigniew Hoffmann,PER,0.0,0.0,de,1
Marcia Inhorn,Marcia Inhorn,PER,0.0,0.0,de,1
Igor Strelkov,Igor Strelkov,PER,0.0,0.0,de,1
Recep Tayyip Erdoğan,Recep Tayyip Erdoğan,PER,0.0,0.0,de,1
Olexander Tkatschenko,Olexander Tkatschenko,PER,0.0,0.0,de,1
Tord Ueland Kolstad pfeifft,Tord Ueland Kolstad pfeifft,PER,0.0,0.0,de,1
Jan Marsaleks,Jan Marsaleks,PER,0.7,0.0,de,1
Marsalek Vorwand,Marsalek Vorwand,PER,0.0,0.0,de,1
Amtsgerichts Weimar,Amtsgerichts Weimar,PER,0.0,0.0,de,1
Alarmstufe Heiß,Alarmstufe Heiß,PER,0.7,0.0,de,1
Wagner-Chef Jewegeni Prigoschin,Wagner-Chef Jewegeni Prigoschin,PER,0.0,0.0,de,1
Michel Friedman,Michel Friedman,PER,-1.0,0.0,de,1
Anton Siluanow,Anton Siluanow,PER,0.0,1.0,de,1
Ukrainerin Charlan,Ukrainerin Charlan,PER,0.0,0.0,de,1
Fecht-Olympiasiegerin Charlan,Fecht-Olympiasiegerin Charlan,PER,0.0,0.0,de,1
Afrikanern Verhandlungswillen,Afrikanern Verhandlungswillen,PER,0.0,0.0,de,1
Bachmut Soldaten,Bachmut Soldaten,PER,0.0,0.0,de,1
Paul Quinn,Paul Quinn,PER,-0.7,0.0,de,1
Simone Blaß,Simone Blaß,PER,0.0,0.0,de,1
herzt Klima-Aktivistin,herzt Klima-Aktivistin,PER,-1.0,0.0,de,1
Christophe Leske,Christophe Leske,PER,0.7,0.0,de,1
Jan-Hendrik Mohr,Jan-Hendrik Mohr,PER,0.0,0.0,de,1
Paula Beer,Paula Beer,PER,0.0,0.0,de,1
Stuttgarts Oberbürgermeister,Stuttgarts Oberbürgermeister,PER,-1.0,0.0,de,1
Klimawandel  ,Klimawandel  ,PER,0.7,0.0,de,1
Will Penny Kunden,Will Penny Kunden,PER,-1.0,0.0,de,1
Discounter Penny,Discounter Penny,PER,0.0,0.0,de,1
WELT-Korrespondent Christoph Wanner,WELT-Korrespondent Christoph Wanner,PER,0.0,0.0,de,1
Dmytro Kotsiubailo,Dmytro Kotsiubailo,PER,0.0,0.0,de,1
Judith Beadle,Judith Beadle,PER,-1.0,0.0,de,1
linksgrüne Luxusdebatten,linksgrüne Luxusdebatten,PER,0.0,0.0,de,1
Andrej Soldatow,Andrej Soldatow,PER,0.0,0.0,de,1
Thomas Pigor ,Thomas Pigor ,PER,0.0,0.0,de,1
Christoph Sack,Christoph Sack,PER,0.0,0.0,de,1
Touristin Jaynina Andrews,Touristin Jaynina Andrews,PER,0.0,0.0,de,1
Jaynina Andrews,Jaynina Andrews,PER,0.0,0.0,de,1
Stiebel-Eltron-Chef Kai Schiefelbein,Stiebel-Eltron-Chef Kai Schiefelbein,PER,0.0,0.0,de,1
Putin zu Getreidelieferungen,Putin zu Getreidelieferungen,PER,-1.0,0.0,de,1
Werner Krauß,Werner Krauß,PER,0.0,0.0,de,1
Werner Hoyer,Werner Hoyer,PER,1.0,0.0,de,1
Liveblog Getreideernte,Liveblog Getreideernte,PER,0.7,0.0,de,1
Tim Reckmann,Tim Reckmann,PER,0.0,0.0,de,1
Mascha Stezjuk,Mascha Stezjuk,PER,0.0,0.0,de,1
Anna Smirnowa,Anna Smirnowa,PER,0.7,0.0,de,1
Fußball-Hottie Alisha Lehmann,Fußball-Hottie Alisha Lehmann,PER,0.0,0.0,de,1
Alisha Lehmann,Alisha Lehmann,PER,0.25,0.25,de,1
Teslas Elektroautos,Teslas Elektroautos,PER,0.0,0.0,de,1
Henry Czerny,Henry Czerny,PER,0.0,0.0,de,1
nan Forscherinnen,nan Forscherinnen,PER,0.85,0.0,de,1
Tegernsee  ,Tegernsee  ,PER,0.0,0.0,de,1
Gastronom Martin Frühauf,Gastronom Martin Frühauf,PER,0.0,0.0,de,1
Thomas Biebricher,Thomas Biebricher,PER,-1.0,0.0,de,1
Tom Cruise,Tom Cruise,PER,0.85,0.0,de,1
blasslila Turban,blasslila Turban,PER,0.85,0.0,de,1
Médico en tu casa,Médico en tu casa,PER,0.0,0.0,de,1
Hitze-Zuspitzung Lauterbachs,Hitze-Zuspitzung Lauterbachs,PER,-0.5,0.0,de,1
Vilnius Bernd Riegert,Vilnius Bernd Riegert,PER,0.0,0.0,de,1
Iwan Po,Iwan Po,PER,-0.7,0.0,de,1
Putin kaltgest,Putin kaltgest,PER,0.0,0.0,de,1
Blockaden von Klima-Aktivisten,Blockaden von Klima-Aktivisten,PER,0.0,0.0,de,1
Allianz-Chefvolkswirt Ludovic Subran,Allianz-Chefvolkswirt Ludovic Subran,PER,0.0,0.0,de,1
Stefan Wenzel,Stefan Wenzel,PER,-1.0,0.0,de,1
Karl XIV,Karl XIV,PER,0.0,0.0,de,1
Moskaus Winter-Vorstoß,Moskaus Winter-Vorstoß,PER,1.0,0.0,de,1
Alexander Tokowinin,Alexander Tokowinin,PER,0.7,0.0,de,1
Christian Ehrmann,Christian Ehrmann,PER,0.0,0.0,de,1
Ukraine verschi,Ukraine verschi,PER,0.0,0.0,de,1
Johannes Vogel,Johannes Vogel,PER,0.0,0.0,de,1
Stopp von Rüstungsexport,Stopp von Rüstungsexport,PER,0.0,0.0,de,1
Philippe Sands,Philippe Sands,PER,0.0,0.0,de,1
Leserservice bild,Leserservice bild,PER,0.0,1.0,de,1
Jupiters Riesenmond,Jupiters Riesenmond,PER,1.0,0.0,de,1
Bettina Gräfin,Bettina Gräfin,PER,0.0,0.0,de,1
Margarethe Honisch,Margarethe Honisch,PER,0.0,0.0,de,1
Jenny McCarthy,Jenny McCarthy,PER,0.0,0.0,de,1
Erich Zastrow,Erich Zastrow,PER,1.0,0.0,de,1
Schrodi giftete,Schrodi giftete,PER,0.0,0.0,de,1
Jewgenij Prigoschins,Jewgenij Prigoschins,PER,-0.85,0.0,de,1
Jenny Mccarthy,Jenny Mccarthy,PER,0.0,0.0,de,1
Truppenchef Prigoschin,Truppenchef Prigoschin,PER,0.0,0.0,de,1
Putin jet,Putin jet,PER,0.0,0.0,de,1
Fed-Direktor Waller,Fed-Direktor Waller,PER,0.0,0.0,de,1
Putin u,Putin u,PER,0.0,0.0,de,1
Torsten H,Torsten H,PER,0.0,0.0,de,1
Lkw-Fahrer Torsten H,Lkw-Fahrer Torsten H,PER,0.0,0.0,de,1
Gloria von Thurn,Gloria von Thurn,PER,-0.7,0.0,de,1
Stuttgart Moritz Riedacher,Stuttgart Moritz Riedacher,PER,0.0,0.0,de,1
Wirecard Produktvorständin Susanne Steidl,Wirecard Produktvorständin Susanne Steidl,PER,0.0,0.0,de,1
Co-CEO Markus Braun,Co-CEO Markus Braun,PER,0.7,0.0,de,1
Tesla Rekorde,Tesla Rekorde,PER,0.0,0.0,de,1
Nadine Gode,Nadine Gode,PER,0.0,0.0,de,1
Tiefsitzende Kapuze,Tiefsitzende Kapuze,PER,0.0,0.0,de,1
Militär-Experte Gerhard Mangott,Militär-Experte Gerhard Mangott,PER,0.0,0.0,de,1
Philipp Lepenies,Philipp Lepenies,PER,0.0,0.0,de,1
Maximilian Tayenthal,Maximilian Tayenthal,PER,0.7,0.0,de,1
Minister Özdemir,Minister Özdemir,PER,0.0,0.0,de,1
Sahra Wagenkne,Sahra Wagenkne,PER,0.0,0.0,de,1
Russlandgeschäfte von Danone,Russlandgeschäfte von Danone,PER,0.0,0.0,de,1
Norbert Skrobek,Norbert Skrobek,PER,0.0,0.0,de,1
Anteile von Danone,Anteile von Danone,PER,0.0,0.0,de,1
Völkermord nac,Völkermord nac,PER,0.0,0.0,de,1
Jutta Wagner,Jutta Wagner,PER,0.0,0.3333333333333333,de,1
Bohdan Heletta,Bohdan Heletta,PER,0.0,0.0,de,1
Kiews Oberbefehlshaber,Kiews Oberbefehlshaber,PER,0.7,0.0,de,1
sexy Outfits,sexy Outfits,PER,-0.15000000000000002,0.0,de,1
Leo DiCaprio,Leo DiCaprio,PER,0.0,0.0,de,1
Sergio Mattarella,Sergio Mattarella,PER,0.0,0.0,de,1
Karlheinz Kopf,Karlheinz Kopf,PER,0.0,0.0,de,1
Jan-Heiko P,Jan-Heiko P,PER,-0.7,0.0,de,1
mal Fünfe,mal Fünfe,PER,0.0,0.0,de,1
Markus Sambale,Markus Sambale,PER,0.0,0.0,de,1
Max Irlinger Enzian,Max Irlinger Enzian,PER,0.0,0.0,de,1
Jan Huebner,Jan Huebner,PER,0.0,0.0,de,1
Karen Duve,Karen Duve,PER,0.0,0.0,de,1
Wasserstoffkompatible Gasheizungen,Wasserstoffkompatible Gasheizungen,PER,-0.7,0.0,de,1
Andreas von der Gathen,Andreas von der Gathen,PER,0.0,0.0,de,1
memoriam Dževad Karahasan,memoriam Dževad Karahasan,PER,0.0,0.0,de,1
Katrin Göring-Eckart,Katrin Göring-Eckart,PER,-1.0,0.0,de,1
William Yang,William Yang,PER,0.0,0.0,de,1
Swjatlana Heorhijeuna Zichanouskaja,Swjatlana Heorhijeuna Zichanouskaja,PER,-1.0,0.0,de,1
Machthaber Alexander Lukaschenko,Machthaber Alexander Lukaschenko,PER,-1.0,0.0,de,1
Nikol Paschinjan,Nikol Paschinjan,PER,0.0,0.0,de,1
Bachmut ungewis,Bachmut ungewis,PER,0.0,0.0,de,1
Michael Krüger,Michael Krüger,PER,0.0,0.0,de,1
Pro-ukrainische Kämpfer,Pro-ukrainische Kämpfer,PER,0.0,0.0,de,1
Martin Amis,Martin Amis,PER,0.0,0.0,de,1
Levi Strauss Jeans-Patent,Levi Strauss Jeans-Patent,PER,0.0,0.0,de,1
Tanja Roppelt,Tanja Roppelt,PER,0.0,0.0,de,1
Mützenich zu Heizungsgesetz,Mützenich zu Heizungsgesetz,PER,-1.0,0.0,de,1
Italiens Regierungschefin Giorgia Meloni,Italiens Regierungschefin Giorgia Meloni,PER,0.0,0.0,de,1
Matthias Horx,Matthias Horx,PER,0.85,0.0,de,1
Moskaus Drohungen,Moskaus Drohungen,PER,0.0,0.0,de,1
Markus Preißinger,Markus Preißinger,PER,0.0,0.0,de,1
Arthur Walch,Arthur Walch,PER,0.0,0.0,de,1
Matteo Maria Zuppi,Matteo Maria Zuppi,PER,0.0,0.0,de,1
Kyrylo Budan,Kyrylo Budan,PER,0.0,0.0,de,1
Serhii Lysak,Serhii Lysak,PER,-1.0,0.0,de,1
Heidi Klum stachelig,Heidi Klum stachelig,PER,0.0,0.0,de,1
Sean Reyes,Sean Reyes,PER,0.0,0.0,de,1
Norbert Poradzik,Norbert Poradzik,PER,0.0,0.0,de,1
Ausbau Atomkraft,Ausbau Atomkraft,PER,0.0,0.0,de,1
Tobias Schulze,Tobias Schulze,PER,0.0,0.0,de,1
Podcast „Bundestalk,Podcast „Bundestalk,PER,0.0,0.0,de,1
Hotelier Martin Damian,Hotelier Martin Damian,PER,0.0,1.0,de,1
Robert Habecks Trauzeugen-Affäre,Robert Habecks Trauzeugen-Affäre,PER,0.7,0.0,de,1
Teilnahme Schröders,Teilnahme Schröders,PER,0.0,0.0,de,1
Rolle von Atomstrom,Rolle von Atomstrom,PER,0.7,0.0,de,1
Franz Bräuer,Franz Bräuer,PER,0.0,0.0,de,1
Beschuss Terroralarm,Beschuss Terroralarm,PER,0.0,0.0,de,1
Bayan Louis,Bayan Louis,PER,0.0,0.0,de,1
Erdogans Herausforderer,Erdogans Herausforderer,PER,0.0,0.0,de,1
Asus Zenfon,Asus Zenfon,PER,0.7,0.0,de,1
Bernhard Pötter,Bernhard Pötter,PER,0.0,0.0,de,1
Anna Lehmann,Anna Lehmann,PER,0.0,0.0,de,1
Sabine am Orde,Sabine am Orde,PER,0.0,0.0,de,1
Gerald Praschl,Gerald Praschl,PER,0.04999999999999999,0.5,de,1
Helmut Markworts,Helmut Markworts,PER,0.7,0.0,de,1
Asus Zenfone,Asus Zenfone,PER,0.0,0.0,de,1
Volker WissingDer,Volker WissingDer,PER,0.0,0.0,de,1
Energieriesen Shell,Energieriesen Shell,PER,0.0,0.0,de,1
Scholz meiert,Scholz meiert,PER,-1.0,0.0,de,1
Oleg Synyehubov,Oleg Synyehubov,PER,-1.0,0.0,de,1
Michael Wigston,Michael Wigston,PER,-0.85,0.0,de,1
Michail Wedernikow,Michail Wedernikow,PER,0.0,0.0,de,1
Kiews Geheimdienst,Kiews Geheimdienst,PER,0.7,0.0,de,1
Welle von Drohnenangriffen,Welle von Drohnenangriffen,PER,0.0,0.0,de,1
Kirill Serebrennikov Wladimir Putins,Kirill Serebrennikov Wladimir Putins,PER,1.0,0.0,de,1
Naci Agbal d,Naci Agbal d,PER,0.0,0.0,de,1
Hirokazu Matsuno,Hirokazu Matsuno,PER,0.0,0.0,de,1
Iwan Maslow,Iwan Maslow,PER,0.0,0.0,de,1
Wladimir Putin Pressekonferenzen,Wladimir Putin Pressekonferenzen,PER,0.0,0.0,de,1
Klaas KnotDer,Klaas KnotDer,PER,0.0,0.0,de,1
Stephen Gross,Stephen Gross,PER,0.7,0.0,de,1
Nick H,Nick H,PER,0.0,0.0,de,1
Porsche-Chef Blume,Porsche-Chef Blume,PER,0.0,0.0,de,1
Klima-Chaot Moritz Riedacher,Klima-Chaot Moritz Riedacher,PER,0.7,0.0,de,1
Klima-Kleber Moritz Riedacher,Klima-Kleber Moritz Riedacher,PER,0.5,0.0,de,1
Atomkraftwerk Flamanville,Atomkraftwerk Flamanville,PER,0.7,0.0,de,1
Aimée van Baalen,Aimée van Baalen,PER,1.0,0.0,de,1
Razzia Proteste,Razzia Proteste,PER,0.0,0.0,de,1
Marc Bielefeld,Marc Bielefeld,PER,0.0,0.0,de,1
Geschwundene Glaubwürdigkeit,Geschwundene Glaubwürdigkeit,PER,0.0,0.0,de,1
Habecks Heizungs-Gesetz,Habecks Heizungs-Gesetz,PER,0.0,0.0,de,1
nan Lukas Weißhaidinger,nan Lukas Weißhaidinger,PER,0.0,0.0,de,1
Omar al-Baschir Finanzmittel,Omar al-Baschir Finanzmittel,PER,0.0,0.0,de,1
Inflationsbedingte Preisanpassung,Inflationsbedingte Preisanpassung,PER,0.0,0.0,de,1
Kay Bernstein,Kay Bernstein,PER,0.3333333333333333,0.0,de,1
Maxim She,Maxim She,PER,0.0,0.0,de,1
Gwardija Nastupu,Gwardija Nastupu,PER,0.0,0.0,de,1
Danny Moloshok,Danny Moloshok,PER,0.0,0.0,de,1
Pekka Haavisto,Pekka Haavisto,PER,-1.0,0.0,de,1
Gas-Lobbyist Schröder,Gas-Lobbyist Schröder,PER,0.0,0.0,de,1
FOCUS-online-Autor Christoph Sackmann,FOCUS-online-Autor Christoph Sackmann,PER,0.0,1.0,de,1
Andrew BaileyDer,Andrew BaileyDer,PER,0.0,0.0,de,1
Sprecher d,Sprecher d,PER,0.0,0.0,de,1
Sierra Leones,Sierra Leones,PER,0.0,0.0,de,1
Julius Maada Bio Foto,Julius Maada Bio Foto,PER,0.0,0.0,de,1
Regierungssprecher Peskow,Regierungssprecher Peskow,PER,0.0,0.0,de,1
Iwaniwske Boden,Iwaniwske Boden,PER,1.0,0.0,de,1
Bilge Yilmaz,Bilge Yilmaz,PER,0.0,0.0,de,1
Igor Konaschenkow,Igor Konaschenkow,PER,0.0,0.0,de,1
Wiebke Winter,Wiebke Winter,PER,0.7,0.0,de,1
Klumpenrisiko Rohstoffhändler,Klumpenrisiko Rohstoffhändler,PER,0.0,0.0,de,1
Swetlana Pe,Swetlana Pe,PER,1.0,0.0,de,1
Zhenya Berkovich,Zhenya Berkovich,PER,1.0,0.0,de,1
Jewgenij Prigoschin g,Jewgenij Prigoschin g,PER,0.0,0.0,de,1
Herr Mölling,Herr Mölling,PER,0.0,0.0,de,1
Churchills Wort,Churchills Wort,PER,0.0,0.0,de,1
Moskaus Militärparade,Moskaus Militärparade,PER,-0.7,0.0,de,1
Star-Investor Warren Buffett ,Star-Investor Warren Buffett ,PER,0.7,0.0,de,1
Finanz-Legende Buffet,Finanz-Legende Buffet,PER,0.7,0.0,de,1
Mega-Investor Buffett,Mega-Investor Buffett,PER,0.0,0.0,de,1
Neubauers Wortwahl,Neubauers Wortwahl,PER,0.7,0.0,de,1
Luisa Neubauer Abi-Aufgabe,Luisa Neubauer Abi-Aufgabe,PER,0.0,0.0,de,1
Peter KazimirDie,Peter KazimirDie,PER,0.0,0.0,de,1
Notenbanker Kazimir,Notenbanker Kazimir,PER,0.7,0.0,de,1
WiWo Startklar,WiWo Startklar,PER,0.7,0.0,de,1
SPD-Politiker Macit Karaahmetoğlu,SPD-Politiker Macit Karaahmetoğlu,PER,-1.0,0.0,de,1
Unis Hörsäle,Unis Hörsäle,PER,0.0,0.0,de,1
Klima-Aktivisten lieben Sofas,Klima-Aktivisten lieben Sofas,PER,1.0,0.0,de,1
Ex-Premier Khan,Ex-Premier Khan,PER,0.0,0.0,de,1
Carl von Clausewitz,Carl von Clausewitz,PER,-1.0,0.0,de,1
Ikenga Tochukwu,Ikenga Tochukwu,PER,0.0,0.0,de,1
Elena heiß,Elena heiß,PER,0.0,0.0,de,1
Soyeon Schröder-Kim,Soyeon Schröder-Kim,PER,0.0,0.0,de,1
Altkanzlergattin Soyeon Schröder-Kim,Altkanzlergattin Soyeon Schröder-Kim,PER,0.0,0.0,de,1
Michael S,Michael S,PER,0.0,0.0,de,1
Lachelle J,Lachelle J,PER,0.0,0.0,de,1
Trumps Sonderermittler,Trumps Sonderermittler,PER,0.0,0.0,de,1
Chinas Mann,Chinas Mann,PER,0.0,0.0,de,1
Ukraine-Staatschef Selenskyj,Ukraine-Staatschef Selenskyj,PER,0.0,0.0,de,1
Lawrence Mbatha,Lawrence Mbatha,PER,0.0,1.0,de,1
Südafrikas Heereschef,Südafrikas Heereschef,PER,0.0,0.0,de,1
Hannover Finanz,Hannover Finanz,PER,0.0,0.0,de,1
Entscheidungen von Vorinstanzen,Entscheidungen von Vorinstanzen,PER,0.0,0.0,de,1
Dmytro Firtasch,Dmytro Firtasch,PER,0.0,0.0,de,1
Serhii Plokhy,Serhii Plokhy,PER,1.0,0.0,de,1
Julian Eder •,Julian Eder •,PER,0.15000000000000002,0.0,de,1
Nico Hofmann,Nico Hofmann,PER,0.0,0.0,de,1
Frankreichs Winzer,Frankreichs Winzer,PER,0.0,1.0,de,1
Manuel Sarrazin,Manuel Sarrazin,PER,0.7,0.0,de,1
Mathias Corman,Mathias Corman,PER,0.0,0.0,de,1
Steffi Lemke kr,Steffi Lemke kr,PER,0.0,0.0,de,1
Wunderlösung Wasserstoff,Wunderlösung Wasserstoff,PER,0.0,0.0,de,1
Milliardenschweres Waffenpaket,Milliardenschweres Waffenpaket,PER,0.7,0.0,de,1
Christian Hecker,Christian Hecker,PER,0.0,0.0,de,1
Ex-Premier Imran Khan,Ex-Premier Imran Khan,PER,-1.0,0.0,de,1
Ukraine Waffen-Einsatz,Ukraine Waffen-Einsatz,PER,1.0,0.0,de,1
EU-Vizekommissionspräsidentin Vera Jourova,EU-Vizekommissionspräsidentin Vera Jourova,PER,-0.7,0.0,de,1
Josef vo,Josef vo,PER,0.0,0.0,de,1
Jürgen Linden,Jürgen Linden,PER,0.0,0.0,de,1
Hanna Maljar,Hanna Maljar,PER,0.0,0.0,de,1
Habecks Kompromissbereitschaft,Habecks Kompromissbereitschaft,PER,0.0,0.0,de,1
Wie schön,Wie schön,PER,1.0,0.0,de,1
Kosovos Regierungschef,Kosovos Regierungschef,PER,-1.0,0.0,de,1
Hafize Ga,Hafize Ga,PER,0.0,0.0,de,1
Eva von Redecker,Eva von Redecker,PER,0.0,0.0,de,1
Philosophin Eva von Redecker,Philosophin Eva von Redecker,PER,0.0,1.0,de,1
Klimaschutzsenatorin Schreiner,Klimaschutzsenatorin Schreiner,PER,0.0,0.0,de,1
Scholz Finanzminister Lindner,Scholz Finanzminister Lindner,PER,0.0,0.0,de,1
Erdogans unorthodoxer,Erdogans unorthodoxer,PER,0.0,0.0,de,1
Recep Tayyip Erdogan,Recep Tayyip Erdogan,PER,0.0,1.0,de,1
Nina Zimmermanns,Nina Zimmermanns,PER,0.7,0.0,de,1
Francia Márquez,Francia Márquez,PER,1.0,0.0,de,1
Schwedens Vize-Regierungschefin,Schwedens Vize-Regierungschefin,PER,-0.35,0.0,de,1
Felix Rupprecht,Felix Rupprecht,PER,0.0,0.0,de,1
Andreas Sichert,Andreas Sichert,PER,0.0,0.0,de,1
Ökonom Brunnermeier,Ökonom Brunnermeier,PER,0.0,0.0,de,1
Hafize Gaye Erkan Foto,Hafize Gaye Erkan Foto,PER,0.0,0.0,de,1
Emin Sansa,Emin Sansa,PER,0.0,0.0,de,1
Literaturhaus Berlin,Literaturhaus Berlin,PER,0.0,0.0,de,1
Christian Schröder,Christian Schröder,PER,0.0,0.0,de,1
Vorständin Ramona,Vorständin Ramona,PER,0.0,0.0,de,1
Ulf Lüdeke,Ulf Lüdeke,PER,-1.0,0.0,de,1
Erik To,Erik To,PER,-1.0,0.0,de,1
Katalin Novak,Katalin Novak,PER,0.0,0.0,de,1
Ungarns Staatspräsidentin Katalin Novak,Ungarns Staatspräsidentin Katalin Novak,PER,-1.0,0.0,de,1
Elmar Thyen,Elmar Thyen,PER,0.0,0.0,de,1
Anna-Nicole Heinrich,Anna-Nicole Heinrich,PER,0.0,0.0,de,1
Thomas de Maizière,Thomas de Maizière,PER,0.0,0.0,de,1
Friedrich Merz Foto,Friedrich Merz Foto,PER,0.7,0.0,de,1
Mann Gas,Mann Gas,PER,0.0,0.0,de,1
Franziska Utzinger,Franziska Utzinger,PER,0.0,0.0,de,1
Putin-Gefolgsmann Medwedew,Putin-Gefolgsmann Medwedew,PER,0.0,0.0,de,1
Jewhen Meschewoj,Jewhen Meschewoj,PER,0.0,0.0,de,1
Serhij Kislizia,Serhij Kislizia,PER,0.0,0.0,de,1
Özgür Orhangazi,Özgür Orhangazi,PER,0.0,0.0,de,1
Last-Minute-Termin von Kiel,Last-Minute-Termin von Kiel,PER,1.0,0.0,de,1
Verhandlungen schließe,Verhandlungen schließe,PER,0.0,0.0,de,1
Sony HT-S2000,Sony HT-S2000,PER,0.0,0.0,de,1
Lpbmjujpo ibu tjdi,Lpbmjujpo ibu tjdi,PER,0.0,0.0,de,1
xpcfj fs ejftnbm,xpcfj fs ejftnbm,PER,0.0,0.0,de,1
Mathias Mi,Mathias Mi,PER,0.0,0.0,de,1
Will Habeck,Will Habeck,PER,0.0,0.0,de,1
David Gitlin,David Gitlin,PER,0.0,0.0,de,1
Gastautor Thorste,Gastautor Thorste,PER,-0.7,0.0,de,1
Ejf Bnqfm,Ejf Bnqfm,PER,0.0,0.0,de,1
vntusjuufof Hfcåveffofshjf,vntusjuufof Hfcåveffofshjf,PER,0.0,0.0,de,1
Johannes Seuferle,Johannes Seuferle,PER,0.0,0.0,de,1
Ejf Npshfoqptu,Ejf Npshfoqptu,PER,0.0,0.0,de,1
Hans-Jürgen Moritz,Hans-Jürgen Moritz,PER,0.0,0.0,de,1
Habecks Horror-Szenario,Habecks Horror-Szenario,PER,0.0,0.0,de,1
FOCUS-online-Autor Hans-Jürgen,FOCUS-online-Autor Hans-Jürgen,PER,0.7,0.0,de,1
Chef-Kontrolleur Rüdiger Grube,Chef-Kontrolleur Rüdiger Grube,PER,0.0,0.0,de,1
Ukraine News,Ukraine News,PER,0.0,0.0,de,1
Tfjof Qgmjdiu bvg efn Qmbu{ ibuuf Ojdmbt Gýmmlsvh bn Npoubhbcfoe,Tfjof Qgmjdiu bvg efn Qmbu{ ibuuf Ojdmbt Gýmmlsvh bn Npoubhbcfoe,PER,0.0,0.0,de,1
Jürgen Klinsmann,Jürgen Klinsmann,PER,0.0,0.0,de,1
Wetterextrem El Niño,Wetterextrem El Niño,PER,-0.7,0.0,de,1
Top-Ökonom Lars Feld,Top-Ökonom Lars Feld,PER,-1.0,0.0,de,1
Diana Scholl,Diana Scholl,PER,0.0,0.0,de,1
Sergej Gorjatschow,Sergej Gorjatschow,PER,-1.0,0.0,de,1
Jacek Dylag,Jacek Dylag,PER,0.0,0.0,de,1
Gennadiy Dubovoy,Gennadiy Dubovoy,PER,-0.7,0.0,de,1
Emmanuel Ma,Emmanuel Ma,PER,0.0,0.0,de,1
Polens Staatschef Duda,Polens Staatschef Duda,PER,0.0,0.0,de,1
Putins „Tag,Putins „Tag,PER,0.0,0.0,de,1
nan Polens,nan Polens,PER,0.0,0.0,de,1
Omali Yeshitela •,Omali Yeshitela •,PER,0.0,0.0,de,1
schippt Oleksii Gesin,schippt Oleksii Gesin,PER,0.0,0.0,de,1
Italiens Spitzenpolitiker,Italiens Spitzenpolitiker,PER,0.0,0.0,de,1
Open-World-Rollenspiel Starfield,Open-World-Rollenspiel Starfield,PER,0.7,0.0,de,1
Friedensforschungs-Institut Sipri,Friedensforschungs-Institut Sipri,PER,-0.7,0.0,de,1
Altersvorsorge Finanzdienstleistungen,Altersvorsorge Finanzdienstleistungen,PER,0.0,0.0,de,1
Oliver Hanisch,Oliver Hanisch,PER,0.0,0.0,de,1
Klimaschutz gehe,Klimaschutz gehe,PER,0.0,0.0,de,1
Chefvolkswirt Johannes Mayr,Chefvolkswirt Johannes Mayr,PER,0.0,0.0,de,1
Daria Nawalnaja,Daria Nawalnaja,PER,-1.0,0.0,de,1
Fed-Mitglied Mester,Fed-Mitglied Mester,PER,0.0,0.0,de,1
Loretta Mester,Loretta Mester,PER,0.0,0.0,de,1
Proptech McMakler,Proptech McMakler,PER,0.0,1.0,de,1
Immobilien-Startup McMakler,Immobilien-Startup McMakler,PER,0.0,1.0,de,1
Felix Jahn,Felix Jahn,PER,0.7,0.0,de,1
Peter Schmitz,Peter Schmitz,PER,-1.0,0.0,de,1
Herr H,Herr H,PER,0.0,0.0,de,1
Karl-Erivan Haub,Karl-Erivan Haub,PER,0.0,0.0,de,1
Europas Börsen,Europas Börsen,PER,0.7,0.0,de,1
Christian Mase,Christian Mase,PER,0.0,0.0,de,1
Linksextremistin Lina E,Linksextremistin Lina E,PER,-0.7,0.0,de,1
Jörn van Hall,Jörn van Hall,PER,0.0,0.0,de,1
Infratest Dim,Infratest Dim,PER,0.0,0.0,de,1
Nestpick+++ Konsolidi,Nestpick+++ Konsolidi,PER,0.0,0.0,de,1
Homelike +++ Nestpick +++ Sofatutor +++ Boxbote +++ Mario Götze +++ TourRadar +++,Homelike +++ Nestpick +++ Sofatutor +++ Boxbote +++ Mario Götze +++ TourRadar +++,PER,0.0,0.0,de,1
Seasonic Ekoen,Seasonic Ekoen,PER,0.0,0.0,de,1
Unions-Fraktionsvize Jens Spahn,Unions-Fraktionsvize Jens Spahn,PER,0.0,0.0,de,1
Linksextreme Proteste,Linksextreme Proteste,PER,-1.0,0.0,de,1
Lex Duda,Lex Duda,PER,0.0,0.0,de,1
Cyrill Hermann,Cyrill Hermann,PER,0.0,0.0,de,1
Johanna Bleisch,Johanna Bleisch,PER,0.0,0.0,de,1
Ankara Knochenbrüche,Ankara Knochenbrüche,PER,0.0,1.0,de,1
Sascha Kokot,Sascha Kokot,PER,0.0,0.0,de,1
Anna Heise,Anna Heise,PER,0.0,0.0,de,1
Cum-Ex-Schlüsselfigur Hanno Berger,Cum-Ex-Schlüsselfigur Hanno Berger,PER,0.0,0.0,de,1
Oleksandr Nedosnowanij,Oleksandr Nedosnowanij,PER,-0.7,0.0,de,1
Verfassungsschutzpräsident Haldenwang,Verfassungsschutzpräsident Haldenwang,PER,1.0,0.0,de,1
Manlio Dinucci,Manlio Dinucci,PER,-1.0,0.0,de,1
Niederländer Houtzager,Niederländer Houtzager,PER,0.7,0.0,de,1
Ursula van der Leyens,Ursula van der Leyens,PER,0.0,0.0,de,1
Johannes Hillje,Johannes Hillje,PER,0.0,0.0,de,1
Thomas Rebel,Thomas Rebel,PER,0.0,0.0,de,1
Frankfurt Irlands,Frankfurt Irlands,PER,0.0,0.0,de,1
Erdogans Finanzpolitik,Erdogans Finanzpolitik,PER,0.0,0.0,de,1
Christin Lagarde,Christin Lagarde,PER,0.0,0.0,de,1
Arnd Hartlieb,Arnd Hartlieb,PER,-1.0,0.0,de,1
Wladimir Sal,Wladimir Sal,PER,0.0,0.0,de,1
Narwal Freo,Narwal Freo,PER,0.0,0.0,de,1
John Miller,John Miller,PER,0.0,0.0,de,1
Galerias Warenhäuser,Galerias Warenhäuser,PER,0.0,0.0,de,1
JP-Morgan-Chef Jamie Dimon,JP-Morgan-Chef Jamie Dimon,PER,0.0,0.0,de,1
Arne Hertel,Arne Hertel,PER,0.0,0.0,de,1
Karl Matthäus Schmidt,Karl Matthäus Schmidt,PER,0.0,0.0,de,1
Dimitar Mitev,Dimitar Mitev,PER,0.7,0.0,de,1
Edwin van der Sar,Edwin van der Sar,PER,0.0,0.0,de,1
Mirjam Mohr,Mirjam Mohr,PER,0.0,0.0,de,1
Interhyp-Vorständin Mirjam Mohr,Interhyp-Vorständin Mirjam Mohr,PER,0.0,0.0,de,1
Nawalnyjs Sprecherin Kira Jarmysch v,Nawalnyjs Sprecherin Kira Jarmysch v,PER,0.0,0.0,de,1
Mehmet imek,Mehmet imek,PER,0.0,0.0,de,1
Gabriel Makhlouf,Gabriel Makhlouf,PER,0.0,0.0,de,1
Roland Emmerich,Roland Emmerich,PER,0.0,0.0,de,1
Dennis Rodman,Dennis Rodman,PER,0.0,0.0,de,1
holt Pragmatiker,holt Pragmatiker,PER,0.0,0.0,de,1
Nato-Neumitglied Finnland,Nato-Neumitglied Finnland,PER,0.0,0.8,de,1
Machthaber Lukaschenka,Machthaber Lukaschenka,PER,0.0,0.0,de,1
Aryna Sabalenka,Aryna Sabalenka,PER,0.0,0.0,de,1
Jovenel Moïse,Jovenel Moïse,PER,0.0,0.0,de,1
Markus Meyer,Markus Meyer,PER,-0.35,0.5,de,1
Niedersachsens Ministerpräsident,Niedersachsens Ministerpräsident,PER,0.0,0.0,de,1
Sebastian Müller,Sebastian Müller,PER,0.0,0.0,de,1
Hannah Helmke,Hannah Helmke,PER,0.0,0.0,de,1
Katharina Großmann,Katharina Großmann,PER,0.0,0.0,de,1
Wladimir Solowyow,Wladimir Solowyow,PER,0.0,0.0,de,1
Abdelmadjid Tebboune,Abdelmadjid Tebboune,PER,0.0,0.0,de,1
Wesley Clark,Wesley Clark,PER,0.7,0.0,de,1
US-General Clark,US-General Clark,PER,0.0,0.0,de,1
Jared Forrest Golden,Jared Forrest Golden,PER,0.0,0.0,de,1
Luiz Inácio da Silva,Luiz Inácio da Silva,PER,0.0,0.0,de,1
veuu ulekl puael ple,veuu ulekl puael ple,PER,0.0,0.0,de,1
Susanne Tägder,Susanne Tägder,PER,0.0,0.0,de,1
loben Metallabschluss,loben Metallabschluss,PER,1.0,0.0,de,1
Reagans Amerika,Reagans Amerika,PER,0.7,0.0,de,1
Frostige Grüße,Frostige Grüße,PER,0.0,0.0,de,1
Stefan Grob,Stefan Grob,PER,-0.35,0.5,de,1
Befreiung von Cherson,Befreiung von Cherson,PER,1.0,0.0,de,1
Estrada-Sänger Jonas Maanauskas,Estrada-Sänger Jonas Maanauskas,PER,0.0,0.0,de,1
Gasmangel Stromausfälle,Gasmangel Stromausfälle,PER,-1.0,0.0,de,1
Btlelu lu eluel putekeu,Btlelu lu eluel putekeu,PER,0.0,0.0,de,1
pel pel BeOltleuheppe p,pel pel BeOltleuheppe p,PER,0.0,0.0,de,1
unsichereres Finanz-Umfeld,unsichereres Finanz-Umfeld,PER,0.0,0.0,de,1
Illia Ponomarenko,Illia Ponomarenko,PER,0.0,0.0,de,1
Andrew Kravche,Andrew Kravche,PER,0.0,0.0,de,1
eupeu ulete,eupeu ulete,PER,0.0,0.0,de,1
vep el vltt,vep el vltt,PER,0.0,0.0,de,1
helue GeOothletl Oekl eplla kel nup pel Pleael lnu heuu,helue GeOothletl Oekl eplla kel nup pel Pleael lnu heuu,PER,0.0,0.0,de,1
veuu ple pepleale Glleapoellel,veuu ple pepleale Glleapoellel,PER,0.0,0.0,de,1
eupeu Glleae,eupeu Glleae,PER,0.0,0.0,de,1
Martin van Creveld,Martin van Creveld,PER,-0.7,0.0,de,1
Strafbefehle gegen Klima-Aktivisten,Strafbefehle gegen Klima-Aktivisten,PER,0.0,0.0,de,1
Wintershall Dea,Wintershall Dea,PER,1.0,0.0,de,1
Alt-Kanzlerin Merkel,Alt-Kanzlerin Merkel,PER,0.0,0.0,de,1
Luis von Randow •,Luis von Randow •,PER,0.0,0.0,de,1
federiko Daunendecken,federiko Daunendecken,PER,0.0,0.0,de,1
Finanzminister Jeremy Hunt kündi,Finanzminister Jeremy Hunt kündi,PER,0.0,0.0,de,1
Chris Licht,Chris Licht,PER,0.0,0.0,de,1
Maryna Ziuskinas Mann,Maryna Ziuskinas Mann,PER,-1.0,0.0,de,1
Jacques Attalis,Jacques Attalis,PER,0.0,0.0,de,1
Jacques Attali,Jacques Attali,PER,0.0,0.0,de,1
Lieber Milliardentransfers,Lieber Milliardentransfers,PER,1.0,0.0,de,1
Jazzfest Vilnius,Jazzfest Vilnius,PER,0.0,0.0,de,1
Vilniaus stogai,Vilniaus stogai,PER,0.0,0.0,de,1
gemeinschädliche Sach,gemeinschädliche Sach,PER,0.0,0.0,de,1
Klima-Streber Boris Palmer,Klima-Streber Boris Palmer,PER,0.0,0.0,de,1
entalnup pep eluelaelllaeu Bppeu,entalnup pep eluelaelllaeu Bppeu,PER,0.0,0.0,de,1
Klaus-Dieter Maubach,Klaus-Dieter Maubach,PER,0.0,0.0,de,1
Christian LindnerDer Bundesfinanzminister,Christian LindnerDer Bundesfinanzminister,PER,0.0,0.0,de,1
Übergewinne von Mineralöl- und Gaskonzer,Übergewinne von Mineralöl- und Gaskonzer,PER,0.0,0.0,de,1
Ex-Premier Johnson,Ex-Premier Johnson,PER,0.0,0.0,de,1
Japans Hauptins,Japans Hauptins,PER,0.0,0.0,de,1
Walerij Saluschnij,Walerij Saluschnij,PER,0.0,1.0,de,1
Bernhard Emunds,Bernhard Emunds,PER,0.2333333333333333,0.0,de,1
Selenskyj forder,Selenskyj forder,PER,-1.0,0.0,de,1
Chemiewaffen-Einsatz Russlands,Chemiewaffen-Einsatz Russlands,PER,0.0,0.0,de,1
Karolin Schäfer,Karolin Schäfer,PER,-1.0,0.0,de,1
Nail Akkoyun,Nail Akkoyun,PER,-1.0,0.0,de,1
Christian Weihrauch,Christian Weihrauch,PER,-1.0,0.0,de,1
Marina Davydova,Marina Davydova,PER,0.0,0.0,de,1
etp keleketl teekeu,etp keleketl teekeu,PER,0.0,0.0,de,1
houueu peleell,houueu peleell,PER,0.0,0.0,de,1
Wasyl Krywenoks,Wasyl Krywenoks,PER,0.0,0.0,de,1
Übergewinne von Mineralöl- und Gasunternehmen,Übergewinne von Mineralöl- und Gasunternehmen,PER,0.0,0.0,de,1
Martin Herrenknecht,Martin Herrenknecht,PER,-1.0,0.0,de,1
Jens Teut,Jens Teut,PER,0.0,0.0,de,1
Uwe Stelzig,Uwe Stelzig,PER,0.0,0.0,de,1
Suzanne Cords,Suzanne Cords,PER,0.0,0.0,de,1
Michel Quermann,Michel Quermann,PER,0.0,0.0,de,1
Paul Würdig,Paul Würdig,PER,0.7,0.0,de,1
Erzeugerpreise sinken,Erzeugerpreise sinken,PER,0.0,0.0,de,1
Magdeburg Klima-Kleber,Magdeburg Klima-Kleber,PER,1.0,0.0,de,1
Joana Cotar,Joana Cotar,PER,0.0,0.0,de,1
Bundestagsabgeordnete Joana Cotar,Bundestagsabgeordnete Joana Cotar,PER,0.0,0.0,de,1
Dirk Schmidt Energie-Krise,Dirk Schmidt Energie-Krise,PER,-0.07500000000000001,0.0,de,1
Dirk Schmidt,Dirk Schmidt,PER,0.7,0.0,de,1
Gasterminal Lubmin,Gasterminal Lubmin,PER,0.0,0.0,de,1
Ex-Premierministerin Liz Truss,Ex-Premierministerin Liz Truss,PER,0.0,0.0,de,1
Ministerin Geywitz,Ministerin Geywitz,PER,-0.7,0.0,de,1
Annalena Baerbock Signale,Annalena Baerbock Signale,PER,0.0,0.0,de,1
Natalie Hull-Deichsel,Natalie Hull-Deichsel,PER,-0.7,0.0,de,1
Simon Teune,Simon Teune,PER,-0.7,0.0,de,1
Pierre Friedlingstein,Pierre Friedlingstein,PER,0.0,0.0,de,1
William Herschel,William Herschel,PER,0.0,0.0,de,1
Mohammad Yaghi,Mohammad Yaghi,PER,0.0,1.0,de,1
Edmund Ratka,Edmund Ratka,PER,0.0,1.0,de,1
Sönke Zaehle,Sönke Zaehle,PER,0.0,0.0,de,1
Verteidigungsexpertin Claudia Major,Verteidigungsexpertin Claudia Major,PER,0.0,0.0,de,1
Wirtschaftsminister Guy Parmelin,Wirtschaftsminister Guy Parmelin,PER,0.0,0.0,de,1
Gisele Bündchen,Gisele Bündchen,PER,0.7,0.0,de,1
BVB-Boss Hans-Joachim Watzke,BVB-Boss Hans-Joachim Watzke,PER,-0.7,0.0,de,1
Ex-Sterne-Koch Stefan Gerhardt,Ex-Sterne-Koch Stefan Gerhardt,PER,-1.0,0.0,de,1
Stefan Gerhardt,Stefan Gerhardt,PER,-1.0,0.0,de,1
velpeu putt,velpeu putt,PER,0.0,0.0,de,1
Veppelplutt vllp lu,Veppelplutt vllp lu,PER,0.0,0.0,de,1
Robert Schumann-Preis,Robert Schumann-Preis,PER,0.0,0.0,de,1
Maria Guevara von Ärzte,Maria Guevara von Ärzte,PER,0.0,0.0,de,1
Thomas Behrends,Thomas Behrends,PER,0.0,0.0,de,1
Sachsen-Anhalts Energieminister,Sachsen-Anhalts Energieminister,PER,0.0,0.0,de,1
Energiekrise frisst Klimakrise,Energiekrise frisst Klimakrise,PER,0.0,0.0,de,1
Joe Übelmesser ,Joe Übelmesser ,PER,1.0,0.0,de,1
Indonesiens Regierung,Indonesiens Regierung,PER,0.0,0.0,de,1
Tschetschenen-Führer Ramsan Kadyrow,Tschetschenen-Führer Ramsan Kadyrow,PER,0.7,0.0,de,1
Sergej Shoigu,Sergej Shoigu,PER,-1.0,0.0,de,1
Bosch Professional,Bosch Professional,PER,0.0,0.0,de,1
Bosch Akku,Bosch Akku,PER,1.0,0.0,de,1
Oll pel Pllnelluu htelenhuOOeu,Oll pel Pllnelluu htelenhuOOeu,PER,-1.0,0.0,de,1
Ptte uelpnekeu,Ptte uelpnekeu,PER,-1.0,0.0,de,1
onQelpl petepleup,onQelpl petepleup,PER,0.0,0.0,de,1
Ble Blelpe plup tel ulete,Ble Blelpe plup tel ulete,PER,0.0,0.0,de,1
Verbandschefin Müller,Verbandschefin Müller,PER,-0.6666666666666666,0.3333333333333333,de,1
Stadtwerke Detmold,Stadtwerke Detmold,PER,0.35,0.5,de,1
Gasspeicher Haidach,Gasspeicher Haidach,PER,0.0,0.0,de,1
Olaf Neumann,Olaf Neumann,PER,0.85,0.0,de,1
Oll pel Petlelnua lklep,Oll pel Petlelnua lklep,PER,-1.0,0.0,de,1
Sergeji Lawrow,Sergeji Lawrow,PER,0.0,0.0,de,1
elue Peklooe plent aeteal,elue Peklooe plent aeteal,PER,0.0,0.0,de,1
PuuOel-Plluae nO ple,PuuOel-Plluae nO ple,PER,0.0,0.0,de,1
Nveltet pullv,Nveltet pullv,PER,0.0,0.0,de,1
lu Peekeu,lu Peekeu,PER,0.0,0.0,de,1
peklltltlek klu nup kel aepeupele Vulle,peklltltlek klu nup kel aepeupele Vulle,PER,0.0,0.0,de,1
Buddy Ralf Dümmel,Buddy Ralf Dümmel,PER,0.0,0.0,de,1
Anteilseigner Georg Kofler,Anteilseigner Georg Kofler,PER,0.0,0.0,de,1
Herta Müller,Herta Müller,PER,0.35,0.5,de,1
Wolf Biermann,Wolf Biermann,PER,0.35,0.5,de,1
Lisa Alexandra Rethen,Lisa Alexandra Rethen,PER,-0.7,0.0,de,1
Baden-Württembergs Regieru,Baden-Württembergs Regieru,PER,0.0,0.0,de,1
Bn Xpdifofoef jtu,Bn Xpdifofoef jtu,PER,0.0,0.0,de,1
Maria Ensle,Maria Ensle,PER,0.0,0.0,de,1
Alan Hilario,Alan Hilario,PER,0.0,0.0,de,1
Pnek lletleu klplullpek,Pnek lletleu klplullpek,PER,0.0,0.0,de,1
Bnllu aelele unu,Bnllu aelele unu,PER,0.0,0.0,de,1
Ptp Bnppteup Bupe,Ptp Bnppteup Bupe,PER,0.0,0.0,de,1
Michał Lorek,Michał Lorek,PER,0.0,0.0,de,1
Joko Widodo,Joko Widodo,PER,0.0,0.0,de,1
BASF-FabrikDas Ludwigshafener,BASF-FabrikDas Ludwigshafener,PER,0.7,0.0,de,1
Tom Krebs,Tom Krebs,PER,0.0,0.0,de,1
lek peke lu peO Vutett,lek peke lu peO Vutett,PER,0.0,0.0,de,1
Vuttaeua Glenpkeel,Vuttaeua Glenpkeel,PER,0.0,0.0,de,1
Gouule plep,Gouule plep,PER,0.0,0.0,de,1
Wolfgang Kraushaar,Wolfgang Kraushaar,PER,0.0,0.0,de,1
Deutschlands Gasspeicher-Füllstand,Deutschlands Gasspeicher-Füllstand,PER,0.0,0.0,de,1
Burak Dağlıoğlu,Burak Dağlıoğlu,PER,0.0,0.0,de,1
Florian Wagner,Florian Wagner,PER,0.7,0.0,de,1
Changpeng Zhao,Changpeng Zhao,PER,0.0,0.0,de,1
Binance-Chef Changpeng Zhao,Binance-Chef Changpeng Zhao,PER,0.0,0.0,de,1
Boris Bondarew,Boris Bondarew,PER,0.0,0.0,de,1
Eloise Marais,Eloise Marais,PER,-1.0,0.0,de,1
Ryanair-Boss Michael OLeary,Ryanair-Boss Michael OLeary,PER,0.0,0.0,de,1
Dimitrios Kalyvas,Dimitrios Kalyvas,PER,0.0,0.0,de,1
Torgeir Larsen,Torgeir Larsen,PER,0.0,0.0,de,1
Thomas Stelzer,Thomas Stelzer,PER,0.0,0.0,de,1
Kirill Martynow,Kirill Martynow,PER,0.7,0.0,de,1
Intendantin Schlesinger,Intendantin Schlesinger,PER,0.0,1.0,de,1
Katar Flüssiggas,Katar Flüssiggas,PER,0.0,0.0,de,1
Rita Falks,Rita Falks,PER,0.0,1.0,de,1
Milliardär Alexej Mordaschow,Milliardär Alexej Mordaschow,PER,-1.0,0.0,de,1
Hedgefonds-Manager Chris Hohn,Hedgefonds-Manager Chris Hohn,PER,0.0,0.0,de,1
Katars Energieminister,Katars Energieminister,PER,0.0,0.0,de,1
Nancy Faesers,Nancy Faesers,PER,-1.0,0.0,de,1
Saad Scherida,Saad Scherida,PER,0.0,0.0,de,1
Landmaschinenhersteller Claas,Landmaschinenhersteller Claas,PER,0.0,0.0,de,1
Peter Hoffmann,Peter Hoffmann,PER,0.0,0.0,de,1
Erdogan Ernst,Erdogan Ernst,PER,0.0,0.0,de,1
Russland-Expertin Dr,Russland-Expertin Dr,PER,0.0,1.0,de,1
Historikerin Tanja Penter,Historikerin Tanja Penter,PER,0.7,0.0,de,1
Vll houueu ulekl enteppeu,Vll houueu ulekl enteppeu,PER,0.0,0.0,de,1
veuu Zeupekeu aetoklpel plup,veuu Zeupekeu aetoklpel plup,PER,0.0,0.0,de,1
Uelteanua plekeu,Uelteanua plekeu,PER,0.0,0.0,de,1
Zultett enl,Zultett enl,PER,0.0,0.0,de,1
Ble Butleel,Ble Butleel,PER,0.0,0.0,de,1
Felpell Bent,Felpell Bent,PER,0.0,0.0,de,1
Gupleu tel lkleu PlluO,Gupleu tel lkleu PlluO,PER,-1.0,0.0,de,1
Adventswoche Temper,Adventswoche Temper,PER,0.0,0.0,de,1
Saad Scharida al-Kaabie,Saad Scharida al-Kaabie,PER,0.0,0.0,de,1
Katarischer LNG-Tanker,Katarischer LNG-Tanker,PER,0.0,0.0,de,1
Saad Scharida al-Kaabi,Saad Scharida al-Kaabi,PER,0.0,0.0,de,1
Russland Zerstörungswut,Russland Zerstörungswut,PER,0.0,0.0,de,1
Annett Meiritz,Annett Meiritz,PER,0.0,0.0,de,1
Juliane Schäuble,Juliane Schäuble,PER,0.0,0.0,de,1
Denys Maljuska,Denys Maljuska,PER,0.85,0.0,de,1
Niklas Süle,Niklas Süle,PER,0.0,0.0,de,1
Mychailo Podolyak,Mychailo Podolyak,PER,0.0,0.0,de,1
Mikk Marran,Mikk Marran,PER,0.0,0.0,de,1
Erdgasspeicher Katharina,Erdgasspeicher Katharina,PER,0.0,1.0,de,1
Andrea Dernbach,Andrea Dernbach,PER,0.0,0.0,de,1
will Austausch,will Austausch,PER,0.0,0.0,de,1
Markus Wallner,Markus Wallner,PER,0.0,0.0,de,1
Isabel Fargo Cole,Isabel Fargo Cole,PER,-1.0,0.0,de,1
Nancy Faser,Nancy Faser,PER,0.0,0.0,de,1
Sebastian Widmann,Sebastian Widmann,PER,0.0,0.0,de,1
Deutschlands WM-Aus,Deutschlands WM-Aus,PER,0.0,0.0,de,1
Horrende Preise,Horrende Preise,PER,0.0,0.0,de,1
Dachauer Klimaschutzkonzept,Dachauer Klimaschutzkonzept,PER,1.0,0.0,de,1
Otto Stich,Otto Stich,PER,1.0,0.0,de,1
Ayad Akhtar,Ayad Akhtar,PER,-0.7,0.0,de,1
Jan C,Jan C,PER,0.0,0.0,de,1
Finnlands Regierungschefin,Finnlands Regierungschefin,PER,-1.0,0.0,de,1
Finnlands Ministerpräsidentin Sanna Marin,Finnlands Ministerpräsidentin Sanna Marin,PER,0.7,0.0,de,1
Lothar Lockl,Lothar Lockl,PER,0.0,0.0,de,1
Svitlana Sements,Svitlana Sements,PER,0.0,0.0,de,1
Mann Wladimir,Mann Wladimir,PER,0.0,0.0,de,1
Ehefrau Jewgenija,Ehefrau Jewgenija,PER,0.0,0.0,de,1
Beuu houule el enek Oet elue Zeekl enpaekeu,Beuu houule el enek Oet elue Zeekl enpaekeu,PER,0.0,0.0,de,1
velO velpeu,velO velpeu,PER,0.0,0.0,de,1
Pu elue,Pu elue,PER,0.0,0.0,de,1
Gast Tim Bendzko,Gast Tim Bendzko,PER,0.7,0.0,de,1
Schlager-Sängerin Vanessa,Schlager-Sängerin Vanessa,PER,0.0,0.0,de,1
explodierter Brief,explodierter Brief,PER,0.0,0.0,de,1
Dezemberhilfe Verbraucher,Dezemberhilfe Verbraucher,PER,0.7,0.0,de,1
Neuköllner Heimstaden-Mieter,Neuköllner Heimstaden-Mieter,PER,0.0,0.0,de,1
Gustav Schäfer,Gustav Schäfer,PER,0.0,0.0,de,1
Georg Listing,Georg Listing,PER,0.0,0.0,de,1
Tom Kaulitz,Tom Kaulitz,PER,0.0,0.0,de,1
Alexander Krüger,Alexander Krüger,PER,0.0,0.0,de,1
Heizölpreise aktuellDie,Heizölpreise aktuellDie,PER,0.0,0.0,de,1
Wolfgang Huber,Wolfgang Huber,PER,0.0,0.0,de,1
Georg Klein,Georg Klein,PER,0.7,0.0,de,1
Trigema-Chef Grupp,Trigema-Chef Grupp,PER,-1.0,0.0,de,1
Rainer Maria Woelki,Rainer Maria Woelki,PER,0.7,0.0,de,1
CDU-Mann Ploß,CDU-Mann Ploß,PER,0.0,0.0,de,1
Christoph Ploß ,Christoph Ploß ,PER,-0.7,0.0,de,1
Habecks Planwirtschaft,Habecks Planwirtschaft,PER,0.0,0.0,de,1
Alexandra Arkhipova,Alexandra Arkhipova,PER,0.0,0.0,de,1
Ukraine DUNKEL,Ukraine DUNKEL,PER,0.0,0.0,de,1
Maksym Timtschenko,Maksym Timtschenko,PER,0.7,0.0,de,1
Belarus triezt,Belarus triezt,PER,0.0,0.0,de,1
Aura Sabadus,Aura Sabadus,PER,0.0,0.0,de,1
Artjom Schraibman,Artjom Schraibman,PER,1.0,0.0,de,1
Vitali Kli,Vitali Kli,PER,0.0,0.0,de,1
Serhij Martschenko,Serhij Martschenko,PER,0.0,1.0,de,1
Oleksandr Starukh,Oleksandr Starukh,PER,0.0,0.0,de,1
Jaroslaw Januschewitsch,Jaroslaw Januschewitsch,PER,0.0,0.0,de,1
Aleksander Lukaschenko,Aleksander Lukaschenko,PER,-1.0,0.0,de,1
Yuliia Stukanova,Yuliia Stukanova,PER,0.0,0.0,de,1
Andreas PleßkeWir,Andreas PleßkeWir,PER,0.0,0.0,de,1
Ex-Präsident Bronislaw Komorowski,Ex-Präsident Bronislaw Komorowski,PER,0.0,0.0,de,1
Polens Opposition,Polens Opposition,PER,0.0,0.0,de,1
Frank Roselieb,Frank Roselieb,PER,0.0,1.0,de,1
Vep lpl pel pollekvolltleke Glll,Vep lpl pel pollekvolltleke Glll,PER,0.0,0.0,de,1
Dominik Lorenzen,Dominik Lorenzen,PER,0.0,0.0,de,1
Erich Vad,Erich Vad,PER,-1.0,0.0,de,1
boefsfo fjtlbmu efo Sýdlfo,boefsfo fjtlbmu efo Sýdlfo,PER,0.0,0.0,de,1
etp leuapl pel pel Pvuupe,etp leuapl pel pel Pvuupe,PER,0.0,0.0,de,1
Günter Thomas,Günter Thomas,PER,-0.2333333333333333,0.0,de,1
Mann Matthias,Mann Matthias,PER,0.0,0.0,de,1
Christina Raphaella,Christina Raphaella,PER,0.0,0.0,de,1
Kinofest Lünen,Kinofest Lünen,PER,0.0,0.0,de,1
Showgröße Thomas Gottschalk,Showgröße Thomas Gottschalk,PER,0.0,0.0,de,1
Thomas Gottschalk,Thomas Gottschalk,PER,0.0,0.0,de,1
Moskaus Geheimdienstversagen,Moskaus Geheimdienstversagen,PER,0.0,0.0,de,1
Robert Schneider,Robert Schneider,PER,0.0,0.0,de,1
Focus Magazin-Redakteurin F,Focus Magazin-Redakteurin F,PER,0.0,0.0,de,1
Olaf Scholz sit,Olaf Scholz sit,PER,0.0,0.0,de,1
bmmf Tqfjtfo,bmmf Tqfjtfo,PER,0.0,0.0,de,1
Johannes Hegemann,Johannes Hegemann,PER,0.0,0.0,de,1
lkle Fetlnua,lkle Fetlnua,PER,0.0,0.0,de,1
lu peu uelaeuaeueu,lu peu uelaeuaeueu,PER,0.0,0.0,de,1
peluul peleu Buelaleevoelllu Beool Peoooto,peluul peleu Buelaleevoelllu Beool Peoooto,PER,0.0,0.0,de,1
Oekl PluOhletl,Oekl PluOhletl,PER,0.0,0.0,de,1
Kims au,Kims au,PER,0.0,0.0,de,1
Ju Ae,Ju Ae,PER,0.0,0.0,de,1
Peter Ahrens,Peter Ahrens,PER,0.0,0.0,de,1
Chinas Corona-Politik,Chinas Corona-Politik,PER,0.0,0.0,de,1
instabilem Eis,instabilem Eis,PER,-1.0,0.0,de,1
Nato-Chef Jens Stoltenberg,Nato-Chef Jens Stoltenberg,PER,0.7,0.0,de,1
Marcelo Ebrard,Marcelo Ebrard,PER,0.0,0.0,de,1
Jens Stoltenberg Deutschlands,Jens Stoltenberg Deutschlands,PER,1.0,0.0,de,1
Xåimfo nýttfo,Xåimfo nýttfo,PER,0.0,0.0,de,1
efs Pcfscbvncsýdlf,efs Pcfscbvncsýdlf,PER,0.0,0.0,de,1
Marktanalyst Jochen Stanzl,Marktanalyst Jochen Stanzl,PER,1.0,0.0,de,1
Fmg Tuåoef- fjo Gftuqsfjt,Fmg Tuåoef- fjo Gftuqsfjt,PER,0.0,0.0,de,1
Christine Isaacs,Christine Isaacs,PER,-0.5,0.5,de,1
Catharina Kahl,Catharina Kahl,PER,-0.7,0.0,de,1
evel ulekl lu pel huuhleleu Pnpaepletlnua,evel ulekl lu pel huuhleleu Pnpaepletlnua,PER,0.0,0.0,de,1
Bep Pelaelaetp vel lO Guetllluupuelllea uelelupell,Bep Pelaelaetp vel lO Guetllluupuelllea uelelupell,PER,0.0,0.0,de,1
Onpp Oeu,Onpp Oeu,PER,-0.7,0.0,de,1
Wladimir Putin versuc,Wladimir Putin versuc,PER,0.0,0.0,de,1
Tschetschische Söldner,Tschetschische Söldner,PER,0.0,0.0,de,1
Alexander Stark,Alexander Stark,PER,0.7,0.0,de,1
kel veklpekelutlek ule lO,kel veklpekelutlek ule lO,PER,-0.7,0.0,de,1
Beneloenpe pollekl veaeu,Beneloenpe pollekl veaeu,PER,-0.7,0.0,de,1
elue Ooatleke,elue Ooatleke,PER,-0.7,0.0,de,1
Élisabeth Borne,Élisabeth Borne,PER,0.0,0.0,de,1
Frankreichs Regierungschefin Borne,Frankreichs Regierungschefin Borne,PER,0.0,0.0,de,1
Milliardenschweres Hilfsprogramm,Milliardenschweres Hilfsprogramm,PER,0.7,0.0,de,1
Anna M,Anna M,PER,0.0,0.0,de,1
Familie Donzow,Familie Donzow,PER,0.0,0.0,de,1
plek pel Pnupep,plek pel Pnupep,PER,-1.0,0.0,de,1
Kommissionspräsidentin Ursu,Kommissionspräsidentin Ursu,PER,0.85,0.0,de,1
Frankreichs Stromnetzbetreiber RTE,Frankreichs Stromnetzbetreiber RTE,PER,-1.0,0.0,de,1
Reinhard Ploss,Reinhard Ploss,PER,0.0,0.0,de,1
Buek elueu Iea,Buek elueu Iea,PER,-1.0,0.0,de,1
peuul pel Ooekllae,peuul pel Ooekllae,PER,-1.0,0.0,de,1
pep Pnupepleaep plek Oll peO,pep Pnupepleaep plek Oll peO,PER,-1.0,0.0,de,1
Frank Kramer,Frank Kramer,PER,0.7,0.0,de,1
Outdoor-Infrarotstrahler von Suntec,Outdoor-Infrarotstrahler von Suntec,PER,0.0,0.0,de,1
Malick Thiaw,Malick Thiaw,PER,1.0,0.0,de,1
Eingemottete Kohlemeiler,Eingemottete Kohlemeiler,PER,-1.0,0.0,de,1
Elisabeth Borne,Elisabeth Borne,PER,0.0,0.8,de,1
Irina Werning,Irina Werning,PER,0.0,0.0,de,1
Wernings Bildsprache,Wernings Bildsprache,PER,0.7,0.0,de,1
Gasag-Übernahme von Vattenfall,Gasag-Übernahme von Vattenfall,PER,0.0,0.0,de,1
Oppositionsführer Merz,Oppositionsführer Merz,PER,-1.0,0.0,de,1
Andreas Friedrich,Andreas Friedrich,PER,0.0,0.0,de,1
Trond Larsen,Trond Larsen,PER,-0.7,0.0,de,1
FlÃ¼ssiggas Ã¼ber,FlÃ¼ssiggas Ã¼ber,PER,0.7,0.0,de,1
Scholz reichts,Scholz reichts,PER,0.0,0.0,de,1
Thomas Matussek,Thomas Matussek,PER,0.0,0.0,de,1
Walter Steinmeier,Walter Steinmeier,PER,0.0,0.0,de,1
GasspeicherIm niedersächsischen,GasspeicherIm niedersächsischen,PER,0.0,0.0,de,1
Jeremy HuntDer,Jeremy HuntDer,PER,0.0,0.0,de,1
Kwasi Kwarteng,Kwasi Kwarteng,PER,1.0,0.0,de,1
Rainer Maass,Rainer Maass,PER,0.0,0.0,de,1
Leguane mög,Leguane mög,PER,0.7,0.0,de,1
Umweltaktivistin Neubauer,Umweltaktivistin Neubauer,PER,-0.7,0.0,de,1
IstanbulRecep Tayyip Erdogan,IstanbulRecep Tayyip Erdogan,PER,0.7,0.0,de,1
Rüstungsexporten Streit,Rüstungsexporten Streit,PER,0.0,0.0,de,1
Baerbock schilt Saudi-Arabien,Baerbock schilt Saudi-Arabien,PER,0.0,0.0,de,1
Carsten Rüger,Carsten Rüger,PER,0.0,0.0,de,1
Gabi Biesin,Gabi Biesin,PER,0.0,0.0,de,1
Stephan Ueberba,Stephan Ueberba,PER,0.0,0.0,de,1
Henry Maske,Henry Maske,PER,0.0,0.0,de,1
Alexander Rodnyansky,Alexander Rodnyansky,PER,1.0,0.0,de,1
Anton Mardassow,Anton Mardassow,PER,0.0,0.0,de,1
Anton Krassowski,Anton Krassowski,PER,-1.0,0.0,de,1
Anton Krassowskis,Anton Krassowskis,PER,0.0,0.0,de,1
Präsidialamtssprecher Dmitri Peskow,Präsidialamtssprecher Dmitri Peskow,PER,0.0,0.0,de,1
Grünen-Sicherheitsexperte Konstantin von Notz,Grünen-Sicherheitsexperte Konstantin von Notz,PER,1.0,0.0,de,1
Claude Monet,Claude Monet,PER,-0.7,0.0,de,1
Selenskyj Israel,Selenskyj Israel,PER,0.0,0.0,de,1
Finanzministerin Lange,Finanzministerin Lange,PER,-0.7,0.0,de,1
Ex-Premier Boris Johnson,Ex-Premier Boris Johnson,PER,0.0,0.0,de,1
Marie-Agnes Strack-Zimmer,Marie-Agnes Strack-Zimmer,PER,-0.7,0.0,de,1
Anja Sommerfeld,Anja Sommerfeld,PER,0.0,0.0,de,1
nan Israels,nan Israels,PER,0.0,0.0,de,1
Jacek Sasin,Jacek Sasin,PER,0.0,0.0,de,1
Russlandbild von Ostdeutschen,Russlandbild von Ostdeutschen,PER,0.0,0.0,de,1
Sachsen-Ministerpräsident Kretschmer,Sachsen-Ministerpräsident Kretschmer,PER,0.0,0.0,de,1
etp elpekvluatleke nup,etp elpekvluatleke nup,PER,0.0,0.0,de,1
Vup otoletlek plekl Feleot,Vup otoletlek plekl Feleot,PER,0.0,0.0,de,1
Franz Xaver PeteranderlDer,Franz Xaver PeteranderlDer,PER,0.0,0.0,de,1
Christoph Kauz,Christoph Kauz,PER,0.0,0.0,de,1
Lino Mirgeler,Lino Mirgeler,PER,0.0,0.0,de,1
Herd Foto,Herd Foto,PER,0.0,0.0,de,1
Orbans Kampagne,Orbans Kampagne,PER,0.0,0.0,de,1
Olaf Scholzwarf,Olaf Scholzwarf,PER,0.0,0.0,de,1
Erik Marquardt,Erik Marquardt,PER,0.0,0.0,de,1
Sprecher Dmitri Peskow,Sprecher Dmitri Peskow,PER,0.0,0.0,de,1
Wendelin Jacober,Wendelin Jacober,PER,0.0,0.0,de,1
Scholz Xi,Scholz Xi,PER,0.0,0.0,de,1
Siegfried Russwurm ,Siegfried Russwurm ,PER,0.0,0.0,de,1
Marcel Proust,Marcel Proust,PER,0.15000000000000002,0.0,de,1
bombt Ukrainer,bombt Ukrainer,PER,0.0,0.0,de,1
Selenskij Infrastrukturhilfe,Selenskij Infrastrukturhilfe,PER,0.0,0.0,de,1
Greta Thunber,Greta Thunber,PER,0.0,0.0,de,1
Bundeswirtschaftsminister Habeck stre,Bundeswirtschaftsminister Habeck stre,PER,-0.7,0.0,de,1
Mara Sauer,Mara Sauer,PER,-0.2333333333333333,0.6666666666666666,de,1
Kindern Eis-Schock,Kindern Eis-Schock,PER,0.0,0.0,de,1
Chinas Metropolen,Chinas Metropolen,PER,0.0,0.0,de,1
Oll Pntlloaeu,Oll Pntlloaeu,PER,-1.0,0.0,de,1
Andreas Wilkens,Andreas Wilkens,PER,0.0,0.0,de,1
Wolfram Krautz,Wolfram Krautz,PER,-1.0,0.0,de,1
stänkert Herausforderer Althusmann,stänkert Herausforderer Althusmann,PER,1.0,0.0,de,1
Jonas Gahr S,Jonas Gahr S,PER,0.0,0.0,de,1
August plangemÃ¤ss,August plangemÃ¤ss,PER,0.0,0.0,de,1
ueek pel,ueek pel,PER,0.0,0.0,de,1
Ian Fleming,Ian Fleming,PER,0.0,0.0,de,1
Wirtschaft fÃ¼hlt,Wirtschaft fÃ¼hlt,PER,0.0,0.0,de,1
Italiens Wahlsiegerin Meloni,Italiens Wahlsiegerin Meloni,PER,0.0,0.0,de,1
Tschetschenenführer Kadyrow,Tschetschenenführer Kadyrow,PER,0.0,0.0,de,1
Roberto Cingolani,Roberto Cingolani,PER,0.7,0.0,de,1
Habecks Kehrtwende,Habecks Kehrtwende,PER,0.0,0.0,de,1
Orban Putin,Orban Putin,PER,0.0,0.0,de,1
Bastian Schwark,Bastian Schwark,PER,0.0,0.0,de,1
Gasag-Chef Georg Friedrichs,Gasag-Chef Georg Friedrichs,PER,-1.0,0.0,de,1
Daniel Hammes,Daniel Hammes,PER,0.0,0.0,de,1
Ex-Verkehrsminister Scheuer,Ex-Verkehrsminister Scheuer,PER,0.0,0.0,de,1
Unionsfraktiosvize Jens Spahn,Unionsfraktiosvize Jens Spahn,PER,0.0,0.0,de,1
Studenten Brennmaterial,Studenten Brennmaterial,PER,0.0,0.0,de,1
Boris Palmer,Boris Palmer,PER,0.0,0.0,de,1
Habecks Wirtschaftsministerium,Habecks Wirtschaftsministerium,PER,0.0,0.0,de,1
Verbraucher von Erdgas,Verbraucher von Erdgas,PER,0.0,0.0,de,1
Jörg Hofmann,Jörg Hofmann,PER,-0.7,0.0,de-DE,1
Ben van Beurden,Ben van Beurden,PER,0.0,0.0,de,1
Gas-Unternehmens Shell,Gas-Unternehmens Shell,PER,0.0,0.0,de,1
Anniken Huitfeldt,Anniken Huitfeldt,PER,0.35,0.5,de,1
Verflüssigtes Erdgas,Verflüssigtes Erdgas,PER,0.0,0.0,de,1
Mecklenburg-Vorpommerns Ministerpräsidentin Schwesig,Mecklenburg-Vorpommerns Ministerpräsidentin Schwesig,PER,0.0,0.0,de,1
Manuela Schwesig Rücktritt,Manuela Schwesig Rücktritt,PER,0.0,0.0,de,1
Kim Kardashin,Kim Kardashin,PER,0.0,0.0,de,1
Kim Kardashinan,Kim Kardashinan,PER,-1.0,0.0,de,1
Schwedens Marinechefin Ewa Skoog Haslum,Schwedens Marinechefin Ewa Skoog Haslum,PER,0.0,0.0,de,1
Europas Gasinfrastruktur-Betreibern,Europas Gasinfrastruktur-Betreibern,PER,0.0,0.0,de,1
Vueke tlelaep,Vueke tlelaep,PER,0.0,0.0,de,1
kremlnahe Komiker,kremlnahe Komiker,PER,0.0,0.0,de,1
Kremlnahe Fake-Anrufer,Kremlnahe Fake-Anrufer,PER,1.0,0.0,de,1
Botschafter Melnyks,Botschafter Melnyks,PER,1.0,0.0,de,1
Grünen-Parteichef Omid Nouripour,Grünen-Parteichef Omid Nouripour,PER,-0.7,0.0,de,1
Atomwaffeneinsatz von Putin,Atomwaffeneinsatz von Putin,PER,0.0,0.0,de,1
Deutschlands Finanzaufseher,Deutschlands Finanzaufseher,PER,0.0,0.0,de,1
Parteivize Wolfgang Kubicki,Parteivize Wolfgang Kubicki,PER,0.0,0.0,de,1
Marcel Suter,Marcel Suter,PER,0.0,0.0,de,1
Ausblick pfuiâ€œ â€,Ausblick pfuiâ€œ â€,PER,0.0,0.0,de,1
zukÃ¼nftige Zinsentwicklungen,zukÃ¼nftige Zinsentwicklungen,PER,0.7,0.0,de,1
Harald Kujat,Harald Kujat,PER,-0.7,0.0,de,1
Heizölpreise von heute,Heizölpreise von heute,PER,0.0,0.0,de,1
Vladimir Solovyov,Vladimir Solovyov,PER,0.0,0.0,de,1
Scholz Nord-Stream-2,Scholz Nord-Stream-2,PER,0.7,0.0,de,1
Virgil Popescu,Virgil Popescu,PER,0.0,0.0,de,1
Pressebüro de,Pressebüro de,PER,0.0,0.0,de,1
Biden Foto,Biden Foto,PER,0.0,0.0,de,1
Jochim für Handelsblatt,Jochim für Handelsblatt,PER,0.0,0.0,de,1
Problemtochter Gamesa,Problemtochter Gamesa,PER,0.0,0.0,de,1
Siemens-Energy-Chef Bruch,Siemens-Energy-Chef Bruch,PER,0.0,0.0,de,1
Scholz Kreide,Scholz Kreide,PER,-0.5,0.5,de,1
Ex-Kremlchef Dmitrij Medwedew,Ex-Kremlchef Dmitrij Medwedew,PER,0.0,0.0,de,1
Dorothee Martin,Dorothee Martin,PER,0.0,0.0,de,1
Peter Jacksons,Peter Jacksons,PER,1.0,0.0,de,1
Christian Feuerherd,Christian Feuerherd,PER,0.0,0.0,de,1
Graham Stuart,Graham Stuart,PER,0.0,0.0,de,1
Bep ettelpluap,Bep ettelpluap,PER,0.0,0.0,de,1
Ueup lu ple,Ueup lu ple,PER,0.0,0.0,de,1
Christoph HeinDer,Christoph HeinDer,PER,0.5,0.5,de,1
Uuu eluel Vuaeleekllahell pel,Uuu eluel Vuaeleekllahell pel,PER,0.0,0.0,de,1
kÃ¶nnten â€,kÃ¶nnten â€,PER,0.0,0.0,de,1
Andrij Sadovyi,Andrij Sadovyi,PER,-0.07500000000000001,0.4,de,1
Hans Peter Wollseifer,Hans Peter Wollseifer,PER,-1.0,0.0,de,1
Philipp Krämer,Philipp Krämer,PER,0.0,0.0,de,1
Verbraucher wic,Verbraucher wic,PER,0.35,0.5,de,1
Gisela Schneider,Gisela Schneider,PER,0.0,0.0,de,1
Sicherheitsgarantien von der Ukraine,Sicherheitsgarantien von der Ukraine,PER,0.0,0.0,de,1
Markus Välimäki,Markus Välimäki,PER,0.0,0.0,de,1
Sachsen-Anhalts FDP-Landtagsfraktionschef,Sachsen-Anhalts FDP-Landtagsfraktionschef,PER,1.0,0.0,de,1
Hans Pe,Hans Pe,PER,0.0,0.0,de,1
Nordkoreas Raketentests,Nordkoreas Raketentests,PER,0.0,0.0,de,1
Natalja Subarewitsch,Natalja Subarewitsch,PER,0.0,0.0,de,1
Musks Tweet,Musks Tweet,PER,0.0,0.0,de,1
Präsidentengattin Selenska,Präsidentengattin Selenska,PER,0.7,0.0,de,1
Uber-Rivale Lyft,Uber-Rivale Lyft,PER,0.0,0.0,de,1
Emir von Dubai,Emir von Dubai,PER,0.0,0.0,de,1
Tiina Jauhiainen,Tiina Jauhiainen,PER,0.0,0.0,de,1
Ex-Präsident Barack Obama,Ex-Präsident Barack Obama,PER,0.0,0.0,de,1
Petra Pinzler,Petra Pinzler,PER,0.0,0.0,de,1
lpl plep tel,lpl plep tel,PER,0.0,0.0,de,1
klu euaeoeppl vllp,klu euaeoeppl vllp,PER,0.0,0.0,de,1
Veuu ple,Veuu ple,PER,0.0,0.0,de,1
ehlnetteu Gllpe,ehlnetteu Gllpe,PER,-1.0,0.0,de,1
Oll aelluaeu BluhuOOeu,Oll aelluaeu BluhuOOeu,PER,-1.0,0.0,de,1
Blutllleleu puttleu pepel,Blutllleleu puttleu pepel,PER,-1.0,0.0,de,1
Wolf Matthias Mang,Wolf Matthias Mang,PER,0.0,0.0,de,1
Jermak von Russland,Jermak von Russland,PER,0.0,0.0,de,1
Olexij Makejew,Olexij Makejew,PER,0.7,0.0,de,1
Else Dietl-Greiner,Else Dietl-Greiner,PER,0.0,0.0,de,1
Andreas B,Andreas B,PER,0.0,0.0,de,1
bin Ahmed Al Jaber,bin Ahmed Al Jaber,PER,0.0,0.0,de,1
Ahmed Al Jaber,Ahmed Al Jaber,PER,0.0,0.0,de,1
Ulrich Lissek,Ulrich Lissek,PER,0.0,0.0,de,1
Siegfried Müllegger,Siegfried Müllegger,PER,0.0,0.0,de,1
bestückbare Interkontinentalrakete,bestückbare Interkontinentalrakete,PER,0.0,0.0,de,1
Li Keqiang,Li Keqiang,PER,0.0,0.0,de,1
Gastautor Gabor Steinga,Gastautor Gabor Steinga,PER,0.0,0.0,de,1
Kersten Bux,Kersten Bux,PER,0.0,0.0,de,1
Baerbocks Klima-Chefin,Baerbocks Klima-Chefin,PER,0.0,0.0,de,1
Ulrich Rei,Ulrich Rei,PER,0.0,0.0,de,1
Klaus Wohlrabe,Klaus Wohlrabe,PER,0.0,0.0,de,1
nan Energieministerin,nan Energieministerin,PER,0.0,0.0,de,1
Ulrich Kaffarnik,Ulrich Kaffarnik,PER,0.0,0.0,de,1
Peter Nemeth,Peter Nemeth,PER,-0.7,0.0,de,1
Dirk Sukow,Dirk Sukow,PER,0.0,0.0,de,1
Rainer Winkler,Rainer Winkler,PER,0.0,0.0,de,1
Stefano Laura,Stefano Laura,PER,0.0,0.0,de,1
Julian Probst,Julian Probst,PER,0.7,0.0,de,1
Anastasia Kashevarova,Anastasia Kashevarova,PER,0.0,0.0,de,1
Marcos Marques von,Marcos Marques von,PER,0.7,0.0,de,1
Silicon Valley,Silicon Valley,PER,0.0,0.0,de,1
erleide hohe Verluste,erleide hohe Verluste,PER,0.0,0.0,de,1
Vermögendere Haushalte,Vermögendere Haushalte,PER,0.0,0.0,de,1
Michael Wirth,Michael Wirth,PER,1.0,0.0,de,1
Ukraine-Minister Resnikow,Ukraine-Minister Resnikow,PER,0.0,1.0,de,1
Gerhard M,Gerhard M,PER,0.0,0.0,de,1
Artilleriesystems Himars,Artilleriesystems Himars,PER,0.0,0.0,de,1
Iekleu lu Bellp,Iekleu lu Bellp,PER,0.0,0.0,de,1
Angriff mit Streumunition,Angriff mit Streumunition,PER,0.0,0.0,de,1
Luise Amtsberg,Luise Amtsberg,PER,0.0,0.0,de,1
Hussein Amirabdollahian,Hussein Amirabdollahian,PER,0.0,0.0,de,1
Michael Deutschmann Schkeuditz,Michael Deutschmann Schkeuditz,PER,0.7,0.0,de,1
nan Warm,nan Warm,PER,-0.06000000000000001,0.2,de,1
luppepuupele ple GtlOehllpe,luppepuupele ple GtlOehllpe,PER,0.0,0.0,de,1
Vll velpeu ple aluQeu Felenptulpelnuaeu nupelel Nell,Vll velpeu ple aluQeu Felenptulpelnuaeu nupelel Nell,PER,0.0,0.0,de,1
Brigitte Knopf,Brigitte Knopf,PER,0.0,0.0,de,1
Randvolle Erdgas-Speicher,Randvolle Erdgas-Speicher,PER,0.0,0.0,de,1
China-Experte Andreas Fulda,China-Experte Andreas Fulda,PER,0.0,0.0,de,1
YouTuber Rainer Winkler,YouTuber Rainer Winkler,PER,-1.0,0.0,de,1
Ausbn Mukhtar,Ausbn Mukhtar,PER,0.0,0.0,de,1
Finanzsenator Wesener,Finanzsenator Wesener,PER,0.0,1.0,de,1
Annalena Baerbock stÃ¤rkt,Annalena Baerbock stÃ¤rkt,PER,0.0,0.0,de,1
Ex-SPD-Senator Fritz Vahrenholt,Ex-SPD-Senator Fritz Vahrenholt,PER,0.0,0.0,de,1
Wolfgang Thierse,Wolfgang Thierse,PER,0.7,0.0,de,1
Kadaver von,Kadaver von,PER,0.0,0.0,de,1
Sohn von Putin-Vertrautem,Sohn von Putin-Vertrautem,PER,0.7,0.0,de,1
Pawel Tschikow,Pawel Tschikow,PER,0.0,0.0,de,1
Alfons Schuhbeck,Alfons Schuhbeck,PER,-0.7,0.0,de,1
Frankreichs Ex-Premier Jean-Marc Ayrault,Frankreichs Ex-Premier Jean-Marc Ayrault,PER,0.0,0.0,de,1
Robert Halver China,Robert Halver China,PER,-0.7,0.0,de,1
Baerbock fÃ¶rdert Wasserstoff,Baerbock fÃ¶rdert Wasserstoff,PER,0.0,0.0,de,1
Eva-Maria Schnurr,Eva-Maria Schnurr,PER,0.7,0.0,de,1
Peter Longerich,Peter Longerich,PER,0.7,0.0,de,1
Grundsatzrede Putins,Grundsatzrede Putins,PER,0.0,0.0,de,1
Lutz Güllner,Lutz Güllner,PER,0.0,0.0,de,1
Rosneft-Chef Igor Setschin,Rosneft-Chef Igor Setschin,PER,0.0,0.0,de,1
Manfred Fischedick,Manfred Fischedick,PER,0.0,0.0,de,1
Egon Bahr,Egon Bahr,PER,0.0,0.0,de,1
Oliver Barta,Oliver Barta,PER,0.0,0.0,de,1
Finanzchef Wil,Finanzchef Wil,PER,0.0,0.0,de,1
Finanzchef Wilhelm,Finanzchef Wilhelm,PER,0.0,0.0,de,1
Audi-Chef Markus Duesmann,Audi-Chef Markus Duesmann,PER,0.0,0.0,de,1
Dieter Bohlens Instagram-Account,Dieter Bohlens Instagram-Account,PER,0.0,0.0,de,1
Beuu llule,Beuu llule,PER,0.0,0.0,de,1
Ex-Minister Altmaier,Ex-Minister Altmaier,PER,0.0,0.0,de,1
lu plepeu Ieaeu elue,lu plepeu Ieaeu elue,PER,0.0,0.0,de,1
Markus Mayer,Markus Mayer,PER,0.7,0.0,de,1
Ble Ulpeleteu plp klu en lkleO Belleluulplleeupeu Pkllplle,Ble Ulpeleteu plp klu en lkleO Belleluulplleeupeu Pkllplle,PER,0.0,0.0,de,1
veleu ple pelepel kluenpaekeupeu Zoatlekhelleu,veleu ple pelepel kluenpaekeupeu Zoatlekhelleu,PER,0.0,0.0,de,1
helue Blvokunua teup,helue Blvokunua teup,PER,0.0,0.0,de,1
Gtet Pekute,Gtet Pekute,PER,0.0,0.0,de,1
Bundesenergieminister Habeck,Bundesenergieminister Habeck,PER,0.15000000000000002,0.0,de,1
Ble Bnluoolpeke,Ble Bnluoolpeke,PER,-1.0,0.0,de,1
Frierendes SparschweinDa,Frierendes SparschweinDa,PER,0.0,1.0,de,1
Moskaus Propaganda-Push,Moskaus Propaganda-Push,PER,0.0,0.0,,1
Sergej Lagodinsky,Sergej Lagodinsky,PER,1.0,0.0,de,1
Edward Luttwak,Edward Luttwak,PER,1.0,0.0,de,1
Kunsthaus Bregenz,Kunsthaus Bregenz,PER,0.0,0.0,de,1
Norbert F,Norbert F,PER,0.0,0.0,de,1
Luiz Inácio Lula da Silva,Luiz Inácio Lula da Silva,PER,0.0,0.0,de,1
Christian Lindner zurÃ¼ckgewiesen,Christian Lindner zurÃ¼ckgewiesen,PER,0.7,0.0,de,1
Migrationsforscher Kn,Migrationsforscher Kn,PER,-1.0,0.0,de,1
Margarita Broich,Margarita Broich,PER,0.0,0.0,de,1
Anna Janneke,Anna Janneke,PER,0.0,0.0,de,1
Paul Brix,Paul Brix,PER,0.0,0.0,de,1
Kommissarin Brasch,Kommissarin Brasch,PER,0.0,0.0,de,1
CEO Sundar Pichai,CEO Sundar Pichai,PER,0.0,1.0,de,1
Jacques Delay von der,Jacques Delay von der,PER,0.0,0.0,de,1
Landwirtschaftsminister Cem Özdemir,Landwirtschaftsminister Cem Özdemir,PER,0.7,0.0,de,1
uottla enp,uottla enp,PER,0.0,0.0,de,1
Bep Fenp lklel Zeekpelu,Bep Fenp lklel Zeekpelu,PER,0.0,0.0,de,1
Iwan Golubez,Iwan Golubez,PER,0.0,0.0,de,1
Helga Kromp-Kolb,Helga Kromp-Kolb,PER,0.0,0.0,de,1
eluel oelepuveu Uualh tutal,eluel oelepuveu Uualh tutal,PER,1.0,0.0,de,1
Chemie-Präsident Markus Steilemann,Chemie-Präsident Markus Steilemann,PER,0.7,0.0,de,1
Jennifer Granholm,Jennifer Granholm,PER,0.0,0.0,de,1
Vize-Präsidentin Kamala Harris,Vize-Präsidentin Kamala Harris,PER,0.0,0.0,de,1
Teherans Außenminister,Teherans Außenminister,PER,0.0,0.0,de,1
Kriegsherr Wladimir Putin,Kriegsherr Wladimir Putin,PER,0.0,0.0,de,1
Ansaldo Energia,Ansaldo Energia,PER,0.0,0.0,de,1
Bulaeaeu peu Uulpektoaeu pel,Bulaeaeu peu Uulpektoaeu pel,PER,0.0,0.0,de,1
vle vll lu Bnluoe ple,vle vll lu Bnluoe ple,PER,-1.0,0.0,de,1
Oll pel Bleae,Oll pel Bleae,PER,-1.0,0.0,de,1
Vueke lu Pleppet ulekl,Vueke lu Pleppet ulekl,PER,-1.0,0.0,de,1
Blen Zlulplellu,Blen Zlulplellu,PER,-1.0,0.0,de,1
Frank-Walter Steinmeiers,Frank-Walter Steinmeiers,PER,0.0,0.0,de,1
Ilan Sor,Ilan Sor,PER,0.0,0.0,de,1
lu Bleaeu pep Bllepeup,lu Bleaeu pep Bllepeup,PER,1.0,0.0,de,1
Sanna Marin,Sanna Marin,PER,-1.0,0.0,de,1
Margarita Simonyan,Margarita Simonyan,PER,-1.0,0.0,de,1
Chinas Spitzendiplomat Wang Yi,Chinas Spitzendiplomat Wang Yi,PER,0.7,0.0,de,1
Investmentstratege Reza Darius Montasser,Investmentstratege Reza Darius Montasser,PER,0.0,0.0,de,1
Zentralbank-Chef Haruhiko,Zentralbank-Chef Haruhiko,PER,1.0,0.0,de,1
Snoop Dog,Snoop Dog,PER,-1.0,0.0,de,1
Leandra Enders,Leandra Enders,PER,0.0,0.0,de,1
Lisa Eder,Lisa Eder,PER,0.0,0.0,de,1
mÃ¶chte â€,mÃ¶chte â€,PER,0.0,0.0,de,1
Reza Darius Montasser,Reza Darius Montasser,PER,0.0,0.0,de,1
Matthias Diether,Matthias Diether,PER,1.0,0.0,de,1
Behe Oeuoullell,Behe Oeuoullell,PER,0.0,0.0,de,1
Rasmus Paludan,Rasmus Paludan,PER,-1.0,0.0,de,1
Lloyd Au,Lloyd Au,PER,0.0,0.0,de,1
Krisenprophet Nouriel Roubini,Krisenprophet Nouriel Roubini,PER,0.15000000000000002,0.0,de,1
Ralf Südhoff,Ralf Südhoff,PER,0.0,1.0,de,1
Bettina Jara,Bettina Jara,PER,0.0,0.0,de,1
Riccardo Basile,Riccardo Basile,PER,1.0,0.0,de,1
Direktor Burns,Direktor Burns,PER,0.0,0.0,de,1
Apples kleiner,Apples kleiner,PER,0.7,0.0,de,1
Wolfgang Blau i,Wolfgang Blau i,PER,-0.85,0.0,de,1
Wolfgang Blau,Wolfgang Blau,PER,-0.5,0.0,de,1
vernässte Moore,vernässte Moore,PER,0.0,1.0,de,1
Liebe Verbraucher,Liebe Verbraucher,PER,0.0,0.0,de,1
Handelsblatt Energiegipfel,Handelsblatt Energiegipfel,PER,0.0,0.0,de,1
Japans Kernverbraucherpreise,Japans Kernverbraucherpreise,PER,0.0,0.0,de,1
Selenskyj g,Selenskyj g,PER,0.0,0.0,de,1
Lael BrainardDie,Lael BrainardDie,PER,0.0,0.0,de,1
Luc Śkaille,Luc Śkaille,PER,0.0,0.0,de,1
Charles Dickens,Charles Dickens,PER,0.7,0.0,de,1
Charles Dickens Roman,Charles Dickens Roman,PER,0.0,0.0,de,1
Klimaverträglichkeit von Geldanlagen,Klimaverträglichkeit von Geldanlagen,PER,0.0,0.0,de,1
Putin schimpft,Putin schimpft,PER,0.0,0.0,de,1
Russlands Raketenbauer,Russlands Raketenbauer,PER,0.0,0.0,de,1
Ukraine siegessicher,Ukraine siegessicher,PER,0.7,0.0,de,1
etp kolle plek Pnupepheuetel,etp kolle plek Pnupepheuetel,PER,0.0,0.0,de,1
lu pel lku uleOeup,lu pel lku uleOeup,PER,0.0,0.0,de,1
August vergangenen Jahres,August vergangenen Jahres,PER,0.0,0.0,de,1
Christian Knauer,Christian Knauer,PER,0.0,0.0,de,1
Fraktionschef Andreas Silbersack,Fraktionschef Andreas Silbersack,PER,0.7,0.0,de,1
Fraktionschef Andreas Silbersack sag,Fraktionschef Andreas Silbersack sag,PER,0.0,0.0,de,1
Lugners Opernball-Gast,Lugners Opernball-Gast,PER,0.0,0.0,de,1
betonbrutalem Reaktorblock,betonbrutalem Reaktorblock,PER,0.0,0.0,de,1
Qt Feleeu,Qt Feleeu,PER,-1.0,0.0,de,1
Nando Sommerfeldt,Nando Sommerfeldt,PER,0.7,0.0,de,1
Jamie Christiani,Jamie Christiani,PER,1.0,0.0,de,1
eO ettelveulapleu el petppl,eO ettelveulapleu el petppl,PER,0.0,0.0,de,1
Novak Djokovics,Novak Djokovics,PER,0.7,0.0,de,1
Ruheloser Netzwerker,Ruheloser Netzwerker,PER,0.0,0.0,de,1
Judith Zander,Judith Zander,PER,0.0,0.0,de,1
Endstatation Airport-Terminal,Endstatation Airport-Terminal,PER,-0.7,0.0,de,1
Tom Hanks,Tom Hanks,PER,0.0,0.0,de,1
Dimitrij Schaad,Dimitrij Schaad,PER,0.0,0.0,de,1
M1A2 Abrams,M1A2 Abrams,PER,0.0,0.0,de,1
Stefan Hesse,Stefan Hesse,PER,1.0,0.0,de,1
Angriff von 14-Jährigen,Angriff von 14-Jährigen,PER,0.0,0.0,de,1
Enrico Rümker,Enrico Rümker,PER,-0.35,0.5,de,1
Pamela Rendi-Wagner,Pamela Rendi-Wagner,PER,-0.7,0.0,de,1
James Choi,James Choi,PER,0.0,0.0,de,1
Direktor Hüther,Direktor Hüther,PER,0.0,0.0,de,1
Raub von Amts,Raub von Amts,PER,0.0,0.0,de,1
Bosniens Serbenpräsident Dodik,Bosniens Serbenpräsident Dodik,PER,0.85,0.0,de,1
Christine LagardeDie,Christine LagardeDie,PER,0.0,0.0,de,1
EZB-Ratsmitglied Klaas Knot,EZB-Ratsmitglied Klaas Knot,PER,-1.0,0.0,de,1
Führungsrolle Deutschlands,Führungsrolle Deutschlands,PER,0.0,0.0,de,1
SPD-Chef Lars Klingbeil ,SPD-Chef Lars Klingbeil ,PER,0.0,0.0,de,1
nan Italien,nan Italien,PER,0.0,0.0,de,1
Marie Edinger-Schons,Marie Edinger-Schons,PER,0.0,0.0,de,1
Laura Marie Edinger-Schons,Laura Marie Edinger-Schons,PER,0.0,0.0,de,1
Klimaneutrale Uni,Klimaneutrale Uni,PER,0.0,0.0,de,1
Handelsblatt Energie-Gipfel,Handelsblatt Energie-Gipfel,PER,0.0,0.0,de,1
Denys Monastyrskyj,Denys Monastyrskyj,PER,0.0,0.0,de,1
Selenskyj zu Hubschrauberabsturz,Selenskyj zu Hubschrauberabsturz,PER,-0.7,0.0,de,1
Eren Keskin,Eren Keskin,PER,0.0,0.0,de,1
Yaroslav Yanushevych,Yaroslav Yanushevych,PER,0.0,0.0,de,1
Bnppteup lu pelue,Bnppteup lu pelue,PER,0.0,0.0,de,1
Franz Kirchmeyr,Franz Kirchmeyr,PER,0.0,0.0,de,1
Brasiliens Sturm,Brasiliens Sturm,PER,0.0,0.0,de,1
Franz-Xaver Kaufmann,Franz-Xaver Kaufmann,PER,-0.7,0.0,de,1
Marta Tschumalo,Marta Tschumalo,PER,0.0,0.0,de,1
Gerald Paschinger,Gerald Paschinger,PER,0.0,0.0,de,1
Oll tupplteu Pleuuplutteu aeue ueek,Oll tupplteu Pleuuplutteu aeue ueek,PER,-1.0,0.0,de,1
Heinz Reiter,Heinz Reiter,PER,0.0,0.0,de,1
Jassim al-Hamud,Jassim al-Hamud,PER,-0.7,0.0,de,1
Dmytro Zahrebelny,Dmytro Zahrebelny,PER,0.0,0.0,de,1
Prinz Harrys,Prinz Harrys,PER,1.0,0.0,de,1
Prinz Harrys Autobiografie,Prinz Harrys Autobiografie,PER,0.0,0.0,de,1
Ileehlua uuu Ueplvoaeu,Ileehlua uuu Ueplvoaeu,PER,0.0,0.0,de,1
Bundesnetzagentur-Präsident Klaus Müller,Bundesnetzagentur-Präsident Klaus Müller,PER,0.0,0.0,de,1
Russische Söldnergruppe Wagner,Russische Söldnergruppe Wagner,PER,1.0,0.0,de,1
Norwegens Pipeline-Schutz,Norwegens Pipeline-Schutz,PER,0.0,0.0,de,1
John Paul,John Paul,PER,0.0,0.0,de,1
Asus Vibe,Asus Vibe,PER,0.0,0.0,de,1
ueuuleu lnpplpeke,ueuuleu lnpplpeke,PER,-1.0,0.0,de,1
Carl Christian von Weizsäcker,Carl Christian von Weizsäcker,PER,0.0,1.0,de,1
Fluchtfahrt Kokain,Fluchtfahrt Kokain,PER,0.0,0.0,de,1
Kyrylo Budanov,Kyrylo Budanov,PER,0.0,0.0,de,1
abgewehrtem Drohnenangriff,abgewehrtem Drohnenangriff,PER,0.0,0.0,de,1
Putin Bulgari,Putin Bulgari,PER,0.0,0.0,de,1
Putin Bulgarien,Putin Bulgarien,PER,0.0,0.0,de,1
Private Haush,Private Haush,PER,0.0,0.0,de,1
Kirsten Fust,Kirsten Fust,PER,0.7,0.0,de,1
Eli Cohen,Eli Cohen,PER,0.0,0.0,de,1
Volkshochschule Penzberg,Volkshochschule Penzberg,PER,0.0,0.0,de,1
Moskaus Blutzoll,Moskaus Blutzoll,PER,0.0,0.0,de,1
etteltel Punteuelpetlehpell,etteltel Punteuelpetlehpell,PER,0.0,0.0,de,1
Peter Gercke Magdeburg,Peter Gercke Magdeburg,PER,0.0,0.0,de,1
Doris Seyfert,Doris Seyfert,PER,-0.7,0.0,de,1
Mario Czaja,Mario Czaja,PER,0.0,0.0,de,1
pekleu Zuphenp,pekleu Zuphenp,PER,-1.0,0.0,de,1
Frank Wiebe,Frank Wiebe,PER,1.0,0.0,de,1
Ukraine Patriot-System,Ukraine Patriot-System,PER,0.0,0.0,de,1
Mac Mini,Mac Mini,PER,0.0,0.0,de,1
Kroatiens Staatsp,Kroatiens Staatsp,PER,0.0,0.0,de,1
Regierungschef Plenković,Regierungschef Plenković,PER,-1.0,0.0,de,1
Karl Denke,Karl Denke,PER,1.0,0.0,de,1
Michail Popkows,Michail Popkows,PER,0.0,0.0,de,1
Ian Payne,Ian Payne,PER,0.0,0.0,de,1
Jewgenij Nuschin,Jewgenij Nuschin,PER,0.0,0.0,de,1
Norwegen Rekord-Handelsüberschuss,Norwegen Rekord-Handelsüberschuss,PER,0.0,0.0,de,1
Anastasia Magasowa,Anastasia Magasowa,PER,0.0,0.0,de,1
Egal ob Regen,Egal ob Regen,PER,0.0,0.0,de,1
Niels Starnick,Niels Starnick,PER,-1.0,0.0,de,1
Stefan Krieger,Stefan Krieger,PER,0.0,0.0,de,1
Alexander KekulÃ,Alexander KekulÃ,PER,0.7,0.0,de,1
Menschenhand entfach,Menschenhand entfach,PER,0.0,0.0,de,1
Georg Patsakas,Georg Patsakas,PER,0.0,0.0,de,1
Räumung von Lützerath,Räumung von Lützerath,PER,1.0,0.0,de,1
Rachid C,Rachid C,PER,0.0,0.0,de,1
Urs Meister,Urs Meister,PER,0.0,0.0,de,1
Pen pel Bloetl,Pen pel Bloetl,PER,0.0,0.0,de,1
Blaeultlek kel plek Gllllh,Blaeultlek kel plek Gllllh,PER,0.0,0.0,de,1
plek epkouala uuu enluhlellpekeu,plek epkouala uuu enluhlellpekeu,PER,0.0,0.0,de,1
Bep Ueup,Bep Ueup,PER,0.0,0.0,de,1
Ã–l lÃ¤sst,Ã–l lÃ¤sst,PER,0.0,0.0,de,1
aepeu vllp,aepeu vllp,PER,0.0,0.0,de,1
klue nup,klue nup,PER,0.0,0.0,de,1
monstrÃ¶se Geldverschwendung,monstrÃ¶se Geldverschwendung,PER,0.7,0.0,de,1
Unaufrichtige Politiker,Unaufrichtige Politiker,PER,0.7,0.0,de,1
Russlands Gasembargo,Russlands Gasembargo,PER,0.0,0.0,de,1
Aljona Savchenko,Aljona Savchenko,PER,0.0,0.0,de,1
Madina Katter,Madina Katter,PER,0.0,0.0,de,1
Oll Bnppteup,Oll Bnppteup,PER,-1.0,0.0,de,1
Guntram Wolff,Guntram Wolff,PER,-0.7,0.0,de,1
Moskaus Panzerbestand,Moskaus Panzerbestand,PER,0.7,0.0,de,1
Tabuthema Fracking,Tabuthema Fracking,PER,-1.0,0.0,de,1
Dmitri Stunden,Dmitri Stunden,PER,0.0,0.0,de,1
Baerbock Bedachtsamkeit,Baerbock Bedachtsamkeit,PER,0.0,0.0,de,1
hoOoteu pell,hoOoteu pell,PER,-1.0,0.0,de,1
Toggle Infobox,Toggle Infobox,PER,0.0,0.0,de,1
Gastautor Mojib Latif,Gastautor Mojib Latif,PER,-0.175,0.5,de,1
Kevin Trapp,Kevin Trapp,PER,-1.0,0.0,de,1
Jakob Ebeling,Jakob Ebeling,PER,-0.2333333333333333,0.0,de,1
Marco Goecke,Marco Goecke,PER,0.0,0.0,de,1
Gene Frieda,Gene Frieda,PER,0.0,0.0,de,1
Andrei Norkin,Andrei Norkin,PER,0.0,0.0,de,1
Mesto Wstretschi,Mesto Wstretschi,PER,0.0,0.0,de,1
Lanxess-Chef Matthias Zachert,Lanxess-Chef Matthias Zachert,PER,-1.0,0.0,de,1
Lanxess-Chef Zachert,Lanxess-Chef Zachert,PER,0.0,0.0,de,1
Ministerpräsidentin Gavrilita,Ministerpräsidentin Gavrilita,PER,0.0,0.0,de,1
Premierministerin Gavrilita,Premierministerin Gavrilita,PER,0.0,0.0,de,1
Isabel SchnabelDie,Isabel SchnabelDie,PER,0.0,0.0,de,1
Beqë Cufaj,Beqë Cufaj,PER,0.0,0.0,de,1
Land Kampfjets,Land Kampfjets,PER,0.0,0.0,de,1
Ievgen Klopotenko,Ievgen Klopotenko,PER,0.0,0.0,de,1
RU ggü,RU ggü,PER,0.0,0.0,de,1
Marion Sendker,Marion Sendker,PER,0.0,0.0,de,1
Slavoj Zizek,Slavoj Zizek,PER,0.0,0.0,de,1
Doppelwumms bei Illner,Doppelwumms bei Illner,PER,0.0,0.0,de,1
vltt Beplellp,vltt Beplellp,PER,0.0,0.0,de,1
vukt aekeu houule,vukt aekeu houule,PER,0.0,0.0,de,1
lu veteke,lu veteke,PER,0.0,0.0,de,1
Beleltp pelepel,Beleltp pelepel,PER,0.0,0.0,de,1
nOaeplettl kel,nOaeplettl kel,PER,0.0,0.0,de,1
Kllimaforscher Mojib Latif,Kllimaforscher Mojib Latif,PER,0.0,0.0,de,1
Gastautor Mojib,Gastautor Mojib,PER,0.5,0.5,de,1
Kerstin Hochmüller,Kerstin Hochmüller,PER,0.0,0.0,de,1
Gerhart Baum,Gerhart Baum,PER,1.0,0.0,de,1
luppepuupele Pklue eulvlehetl plek,luppepuupele Pklue eulvlehetl plek,PER,0.0,0.0,de,1
Tanja Maljartschuk,Tanja Maljartschuk,PER,0.0,0.0,de,1
Katja Petrowskaja,Katja Petrowskaja,PER,0.0,0.0,de,1
Jurko Prochasko,Jurko Prochasko,PER,0.0,0.0,de,1
Russland-Korrespondent Christoph Wanner,Russland-Korrespondent Christoph Wanner,PER,0.7,0.0,de,1
Starnberger Grüne,Starnberger Grüne,PER,0.0,0.0,de,1
Hannover Helau,Hannover Helau,PER,0.7,0.0,de,1
Elena E,Elena E,PER,0.0,0.0,de,1
vellele Blelppeuhnu,vellele Blelppeuhnu,PER,0.0,0.0,de,1
Lena Sellgren,Lena Sellgren,PER,0.7,0.0,de,1
Wadym Hutzajt,Wadym Hutzajt,PER,0.0,0.0,de,1
Außenpolitik-Ressortleiter Klaus Geiger,Außenpolitik-Ressortleiter Klaus Geiger,PER,0.0,0.0,de,1
lkelltlek-peOuhlellpeke Ueael en elekeu,lkelltlek-peOuhlellpeke Ueael en elekeu,PER,0.0,0.0,de,1
vepltleke Bupllluueu Ollenlleaeu,vepltleke Bupllluueu Ollenlleaeu,PER,0.0,0.0,de,1
puek pep kel,puek pep kel,PER,0.0,0.0,de,1
Gelue peluel Bluauupeu lpl eluaelleleu,Gelue peluel Bluauupeu lpl eluaelleleu,PER,0.0,0.0,de,1
Dayot Upamecano,Dayot Upamecano,PER,-0.7,0.0,de,1
EZB-Direktoriumsmitglied Schnabel,EZB-Direktoriumsmitglied Schnabel,PER,0.0,0.0,de,1
US-Vize Harris,US-Vize Harris,PER,0.0,0.0,de,1
Chan Santokhi,Chan Santokhi,PER,1.0,0.0,de,1
Sprengstoff Wasserstoff,Sprengstoff Wasserstoff,PER,0.0,0.0,de,1
Isabel Schnabel un,Isabel Schnabel un,PER,0.0,0.0,de,1
Lara Wernig,Lara Wernig,PER,-0.7,0.0,de,1
Cong Lin,Cong Lin,PER,1.0,0.0,de,1
Brocken Inaglory,Brocken Inaglory,PER,0.7,0.0,de,1
Recean su,Recean su,PER,0.0,0.0,de,1
Mehrheitliche Antwort,Mehrheitliche Antwort,PER,0.0,0.0,de,1
Olaf Sc,Olaf Sc,PER,0.0,0.0,de,1
Helmut Zwander,Helmut Zwander,PER,0.0,0.0,de,1
nan Belarus,nan Belarus,PER,-1.0,0.0,de,1
Karina Palzer Nürnberg,Karina Palzer Nürnberg,PER,0.0,0.0,de,1
l lpl nuaevlpp,l lpl nuaevlpp,PER,0.0,0.0,de,1
Fenle aekl ep uuek,Fenle aekl ep uuek,PER,0.0,0.0,de,1
veuu ple Vlupplolhe,veuu ple Vlupplolhe,PER,0.0,0.0,de,1
Boulez Saal,Boulez Saal,PER,0.0,0.0,de,1
Meneer Tiggelman,Meneer Tiggelman,PER,0.7,0.0,de,1
Steve Friesen,Steve Friesen,PER,0.0,0.0,de,1
Modernes Fracking,Modernes Fracking,PER,0.0,0.0,de,1
Frank Schilling,Frank Schilling,PER,0.0,0.0,de,1
Hermann Parzinger,Hermann Parzinger,PER,0.0,0.0,de,1
Sven Hansen,Sven Hansen,PER,0.0,0.0,de,1
Konferenz-Chef Christoph Heusgen,Konferenz-Chef Christoph Heusgen,PER,0.0,0.0,de,1
ottuel unl,ottuel unl,PER,0.0,0.0,de,1
Nicole Lindner,Nicole Lindner,PER,0.0,0.0,de,1
Dmitri Medwedew s,Dmitri Medwedew s,PER,0.0,0.0,de,1
EU-Kommissions-Präsidentin Ursula von der Leyen,EU-Kommissions-Präsidentin Ursula von der Leyen,PER,0.0,0.0,de,1
Gunnar Strömmer,Gunnar Strömmer,PER,-0.7,0.0,de,1
Alex Karp,Alex Karp,PER,0.0,0.0,de,1
Samuel Beckett,Samuel Beckett,PER,0.0,0.0,de,1
Ex-EZB-Vize Constâncio,Ex-EZB-Vize Constâncio,PER,0.0,0.0,de,1
Stadtarchiv Kiel,Stadtarchiv Kiel,PER,0.0,0.0,de,1
Experten Risse,Experten Risse,PER,0.0,0.0,de,1
Zbigniew Brzezinski,Zbigniew Brzezinski,PER,0.0,0.0,de,1
Jon Finer,Jon Finer,PER,0.0,0.0,de,1
Boris Pi,Boris Pi,PER,0.0,0.0,de,1
Engie produzi,Engie produzi,PER,0.0,0.0,de,1
Tschassiw Jar +++,Tschassiw Jar +++,PER,0.0,0.0,de,1
nO lkleO Plael elueu hekteu ZuOeul teu,nO lkleO Plael elueu hekteu ZuOeul teu,PER,-1.0,0.0,de,1
Zulppee plup,Zulppee plup,PER,-1.0,0.0,de,1
Oll lnup,Oll lnup,PER,-1.0,0.0,de,1
plup ulaeulplelle,plup ulaeulplelle,PER,-1.0,0.0,de,1
Stefan SchaibleDie Topmanager,Stefan SchaibleDie Topmanager,PER,0.0,0.0,de,1
Sylvia Eichelberg,Sylvia Eichelberg,PER,0.0,0.0,de,1
Tobias Silberzahn,Tobias Silberzahn,PER,0.0,0.0,de,1
Fränzi Kühne,Fränzi Kühne,PER,0.0,0.0,de,1
Alexander Rinke,Alexander Rinke,PER,0.0,0.0,de,1
Nathan Anderson,Nathan Anderson,PER,0.0,0.0,de,1
Armin Grunwald,Armin Grunwald,PER,0.7,0.0,de,1
Flplullpeke Nopnleu ueloupelu,Flplullpeke Nopnleu ueloupelu,PER,0.0,0.0,de,1
Oliver Hochedez,Oliver Hochedez,PER,-0.7,0.0,de,1
Aldi Fleisch,Aldi Fleisch,PER,0.0,0.0,de,1
Berlins Landesrechnungshof,Berlins Landesrechnungshof,PER,-0.7,0.0,de,1
Freddie Mercury,Freddie Mercury,PER,0.0,0.0,de,1
David Bowie,David Bowie,PER,0.0,0.0,de,1
Götz Neuneck,Götz Neuneck,PER,0.0,0.0,de,1
Gregor S,Gregor S,PER,0.7,0.0,de,1
Silvia Feher,Silvia Feher,PER,0.10000000000000002,0.3333333333333333,de,1
wärmees Wasser,wärmees Wasser,PER,0.0,0.0,de,1
Nariman Dzelial,Nariman Dzelial,PER,0.0,0.0,de,1
Biathlon-Olympiasieger Arnd Peiffer,Biathlon-Olympiasieger Arnd Peiffer,PER,0.0,0.0,de,1
Ahmed al-Jaber,Ahmed al-Jaber,PER,-1.0,0.0,de,1
Sieeine Protestkundgebung,Sieeine Protestkundgebung,PER,0.0,0.0,de,1
Süleyman Gürcan •,Süleyman Gürcan •,PER,0.0,0.0,de,1
Frankreichs Energieministerin,Frankreichs Energieministerin,PER,1.0,0.0,de,1
Anita Kavajin,Anita Kavajin,PER,0.7,0.0,de,1
pep aepettpeketltleke Uelkotlulp,pep aepettpeketltleke Uelkotlulp,PER,0.0,0.0,de,1
BoeingDer Flugzeugbauer,BoeingDer Flugzeugbauer,PER,0.7,0.0,de,1
Nina Tomaselli,Nina Tomaselli,PER,0.0,0.0,de,1
Kyrylo Buda,Kyrylo Buda,PER,0.0,0.0,de,1
Mateusz Morawiecki sag,Mateusz Morawiecki sag,PER,0.0,0.0,de,1
Rainer Neske,Rainer Neske,PER,0.0,0.0,de,1
Gehortete Krisenangst,Gehortete Krisenangst,PER,0.0,0.0,de,1
Prüfers Kolumne,Prüfers Kolumne,PER,0.0,0.0,de,1
Gérard Depardieu,Gérard Depardieu,PER,0.0,1.0,de,1
Robert Shiller,Robert Shiller,PER,0.0,0.0,de,1
Söldergruppe Wagner,Söldergruppe Wagner,PER,0.0,0.0,de,1
Lucas Bäuml,Lucas Bäuml,PER,1.0,0.0,de,1
Bep lp,Bep lp,PER,0.0,0.0,de,1
PlOlu 6lnuvetp,PlOlu 6lnuvetp,PER,0.0,0.0,de,1
enl Ieekulh,enl Ieekulh,PER,0.0,0.0,de,1
Volker W,Volker W,PER,0.0,0.0,de,1
Ana Helena Palermo,Ana Helena Palermo,PER,0.0,0.0,de,1
Wolodymyr Selenkyj,Wolodymyr Selenkyj,PER,-0.7,0.0,de,1
Patricia Huber,Patricia Huber,PER,0.5,0.5,de,1
L÷mmojtdifo Qbsl,L÷mmojtdifo Qbsl,PER,0.0,0.0,de,1
Jozef Sikela,Jozef Sikela,PER,0.0,0.0,de,1
Ibrahim Traoré,Ibrahim Traoré,PER,0.0,0.0,de,1
Wolodymyr Selenskyj schwi,Wolodymyr Selenskyj schwi,PER,0.0,0.0,de,1
Laurent Fabius,Laurent Fabius,PER,0.0,0.0,de,1
CDU-Vize Jung,CDU-Vize Jung,PER,0.0,0.0,de,1
Katar geforder,Katar geforder,PER,0.0,0.0,de,1
nan EU-Parlamentspräsidentin Roberta Metsola,nan EU-Parlamentspräsidentin Roberta Metsola,PER,0.0,0.0,de,1
Alexander Berger,Alexander Berger,PER,0.0,0.0,de,1
Chinas Drohungen,Chinas Drohungen,PER,0.0,0.0,de,1
Jhy-Wey Shieh,Jhy-Wey Shieh,PER,0.0,0.0,de,1
Jana Puglierin,Jana Puglierin,PER,0.0,0.0,de,1
Bep Ueup Oeppe,Bep Ueup Oeppe,PER,0.0,0.0,de,1
pelue Ppkoualahell,pelue Ppkoualahell,PER,0.0,0.0,de,1
Njubscfjufs cfj efo,Njubscfjufs cfj efo,PER,0.0,0.0,de,1
Xpdif xfsefo,Xpdif xfsefo,PER,0.0,0.0,de,1
Jo efs lpnnfoefo,Jo efs lpnnfoefo,PER,0.0,0.0,de,1
Walter Peer,Walter Peer,PER,0.0,0.0,de,1
Hermannus Pfeiffer,Hermannus Pfeiffer,PER,0.7,0.0,de,1
Kerstin Andreae,Kerstin Andreae,PER,0.7,0.0,de,1
Peter Osteried,Peter Osteried,PER,0.7,0.0,de,1
Behörden-Chef Müller,Behörden-Chef Müller,PER,-0.7,0.0,de,1
mahnt t,mahnt t,PER,0.15000000000000002,0.0,de,1
Arkadiusz Mularczyk,Arkadiusz Mularczyk,PER,0.0,0.0,de,1
Dariusz Pawlos,Dariusz Pawlos,PER,0.0,0.0,de,1
Krauss-Maffei Nexter,Krauss-Maffei Nexter,PER,-0.7,0.0,de,1
Frank Haun,Frank Haun,PER,-0.7,0.0,de,1
Tumso Abdurachmanow,Tumso Abdurachmanow,PER,0.0,0.3333333333333333,de,1
Jakob Paßlick,Jakob Paßlick,PER,0.0,1.0,de,1
Googles Nachhaltigkeitschefin,Googles Nachhaltigkeitschefin,PER,0.0,0.0,de,1
Ilir Tsouko,Ilir Tsouko,PER,0.0,0.0,de,1
Chinas Beteiligung,Chinas Beteiligung,PER,-0.7,0.0,de,1
Margrethe Vestager,Margrethe Vestager,PER,0.0,0.0,de,1
Klima-Aktivistin Luisa Neubauer,Klima-Aktivistin Luisa Neubauer,PER,0.0,0.0,de,1
Niedersachsens grüner,Niedersachsens grüner,PER,0.0,0.0,de,1
Bettina Menzel,Bettina Menzel,PER,0.0,1.0,de,1
Ble Zltpe pep Felpplep uelttua,Ble Zltpe pep Felpplep uelttua,PER,0.0,0.0,de,1
etp kepe,etp kepe,PER,0.0,0.0,de,1
Krisjanis Karins,Krisjanis Karins,PER,0.0,0.0,de,1
Notenbank-Chefin Christine Lagarde,Notenbank-Chefin Christine Lagarde,PER,0.0,0.0,de,1
Tobias Utz,Tobias Utz,PER,-0.3333333333333333,0.0,de,1
Oligarch Wladimir Potanin,Oligarch Wladimir Potanin,PER,-0.7,0.0,de,1
Klima-Bischof Lohmann,Klima-Bischof Lohmann,PER,0.0,0.0,de,1
Mann Russlands,Mann Russlands,PER,-0.7,0.0,de,1
Finanz-Direktor Eric Huwer,Finanz-Direktor Eric Huwer,PER,0.0,0.0,de,1
ergebnisloser Gespräche,ergebnisloser Gespräche,PER,-1.0,0.0,de,1
Thomas Wüstefeld,Thomas Wüstefeld,PER,-1.0,0.0,de,1
Darlehen von,Darlehen von,PER,0.0,0.0,de,1
Gerhard Feige,Gerhard Feige,PER,0.15000000000000002,0.0,de,1
Gastro-App Choco,Gastro-App Choco,PER,0.0,0.0,de,1
Dortmunds Malocher-Advent,Dortmunds Malocher-Advent,PER,0.0,0.0,de,1
Switlana Krakowska,Switlana Krakowska,PER,-1.0,0.0,de,1
Vucic Truppen,Vucic Truppen,PER,0.0,0.0,de,1
will Serbiens,will Serbiens,PER,0.0,0.0,de,1
Nils Feigenwinter,Nils Feigenwinter,PER,0.0,0.0,de,1
Warenhaus-Chef Miguel Müllenbach,Warenhaus-Chef Miguel Müllenbach,PER,0.6999999999999998,0.0,de,1
Mähdrescher von ClaasFür,Mähdrescher von ClaasFür,PER,0.0,0.0,de,1
Dirk Bach,Dirk Bach,PER,0.5,0.5,de,1
Daniel Hartwich,Daniel Hartwich,PER,0.0,0.0,de,1
Sonja Zietlows,Sonja Zietlows,PER,0.0,0.0,de,1
Katars Sehnsucht,Katars Sehnsucht,PER,0.7,0.0,de,1
Stephan W,Stephan W,PER,0.0,1.0,de,1
Stephan Winn,Stephan Winn,PER,0.7,0.0,de,1
Volodymyr Kudrytskyi,Volodymyr Kudrytskyi,PER,0.0,1.0,de,1
Bulpekelpnuaeu Ollenlleaeu kepeu,Bulpekelpnuaeu Ollenlleaeu kepeu,PER,0.0,0.0,de,1
aekoleu nup,aekoleu nup,PER,0.0,0.0,de,1
Arbeitsagentur-Chefin Andrea Nahles,Arbeitsagentur-Chefin Andrea Nahles,PER,0.7,0.0,de,1
Angelas Merkel,Angelas Merkel,PER,0.0,0.0,de,1
Julian Nida-Rümein,Julian Nida-Rümein,PER,0.0,1.0,de,1
Mihaly Varga,Mihaly Varga,PER,0.0,0.0,de,1
velpeu enpaepek,velpeu enpaepek,PER,0.0,0.0,de,1
Benjamin Meise,Benjamin Meise,PER,0.0,0.0,de,1
Helmut Tributsch,Helmut Tributsch,PER,0.7,0.0,de,1
Reflexhafte Reaktionen,Reflexhafte Reaktionen,PER,-1.0,0.0,de,1
Krisenherd Kosovo,Krisenherd Kosovo,PER,0.0,0.0,de,1
Emine Dschaparowa,Emine Dschaparowa,PER,1.0,0.0,de,1
Sergej P,Sergej P,PER,0.0,0.0,de,1
Marina Weisband,Marina Weisband,PER,0.0,1.0,de,1
Vorauseilender Lohngehorsam,Vorauseilender Lohngehorsam,PER,0.0,0.0,de,1
Per Flüssiggastanker,Per Flüssiggastanker,PER,0.7,0.0,de,1
Ulrich Men,Ulrich Men,PER,0.0,0.0,de,1
Selenskyj Truppen,Selenskyj Truppen,PER,0.0,0.0,de,1
Albrecht Fester,Albrecht Fester,PER,0.7,0.0,de,1
jetteten Harry,jetteten Harry,PER,0.7,0.0,de,1
ep vllp veulael Peteneklnua lu pel Ietplelluu aepeu,ep vllp veulael Peteneklnua lu pel Ietplelluu aepeu,PER,0.0,0.0,de,1
Bp vllp lu plepel Pelpuu helue Zeekltonte aepeu,Bp vllp lu plepel Pelpuu helue Zeekltonte aepeu,PER,0.0,0.0,de,1
unl elue,unl elue,PER,0.0,0.0,de,1
Österreichs Winter-Tourismus,Österreichs Winter-Tourismus,PER,0.0,1.0,de,1
peu lnpplpeke,peu lnpplpeke,PER,0.0,0.0,de,1
ueneu Peknp,ueneu Peknp,PER,0.0,0.0,de,1
Znu houule ple,Znu houule ple,PER,0.0,0.0,de,1
Jahren Putins,Jahren Putins,PER,0.0,0.0,de,1
Macrons Vorstoß,Macrons Vorstoß,PER,0.0,0.0,de,1
Luca De Crescenzo,Luca De Crescenzo,PER,0.0,0.0,de,1
Nils Schmid,Nils Schmid,PER,0.0,0.0,de,1
Flensburgs Handballer,Flensburgs Handballer,PER,0.0,0.0,de,1
UNHCR-Chef Filippo Grandi,UNHCR-Chef Filippo Grandi,PER,1.0,0.0,de,1
Alex Froley,Alex Froley,PER,0.0,0.0,de,1
Claus Hecking,Claus Hecking,PER,0.0,0.0,de,1
Fraktionschef Bartsch,Fraktionschef Bartsch,PER,0.0,0.0,de,1
Clint Watts,Clint Watts,PER,0.0,0.0,de,1
Jochen Thewes,Jochen Thewes,PER,-0.7,0.0,de,1
Porsche-Managerin Barbara Frenkel,Porsche-Managerin Barbara Frenkel,PER,-0.7,0.0,de,1
Einkaufschefin von Porsche,Einkaufschefin von Porsche,PER,0.0,0.0,de,1
hekll enleeh,hekll enleeh,PER,0.0,0.0,de,1
Menschenrechtsorganisation Memorial,Menschenrechtsorganisation Memorial,PER,0.0,0.0,de,1
Memorial-Gründerin Scherbakowa,Memorial-Gründerin Scherbakowa,PER,1.0,0.0,de,1
Transparenzbericht August,Transparenzbericht August,PER,0.0,0.0,de,1
Ex-Präsident Castillo,Ex-Präsident Castillo,PER,-1.0,0.0,de,1
Brittney Griner ,Brittney Griner ,PER,1.0,0.0,de,1
Februar stattf,Februar stattf,PER,0.0,0.0,de,1
Geraldine Rauch,Geraldine Rauch,PER,0.0,0.0,de,1
Mazda Adli,Mazda Adli,PER,-1.0,0.0,de,1
Vle aetokltlek pekoleeu,Vle aetokltlek pekoleeu,PER,0.0,0.0,de,1
Pleelppllelek aeoteul kepeu,Pleelppllelek aeoteul kepeu,PER,0.0,0.0,de,1
putt elueu,putt elueu,PER,0.0,0.0,de,1
Zlllvuek teplaepelel vnlpe,Zlllvuek teplaepelel vnlpe,PER,0.0,0.0,de,1
Ex-Innenminister Otto Schily,Ex-Innenminister Otto Schily,PER,0.0,0.0,de,1
Ble Vuluelpllol,Ble Vuluelpllol,PER,0.0,0.0,de,1
nup ple Fuekpeknteu,nup ple Fuekpeknteu,PER,0.0,0.0,de,1
DB-Schenker-CEO Jochen Thewes,DB-Schenker-CEO Jochen Thewes,PER,0.0,0.0,de,1
Puluue aekl,Puluue aekl,PER,0.0,0.0,de,1
Gegenwehr breit,Gegenwehr breit,PER,0.0,0.0,de,1
Mathias Koch,Mathias Koch,PER,0.0,0.0,de,1
Maria Pastukhova,Maria Pastukhova,PER,0.0,0.0,de,1
Rüstungskontrolle z,Rüstungskontrolle z,PER,0.0,0.0,de,1
IndustrieDer Finanzdienstleister,IndustrieDer Finanzdienstleister,PER,0.0,0.0,de,1
Veronica Turner,Veronica Turner,PER,0.0,0.0,de,1
Veronica Ryan,Veronica Ryan,PER,1.0,0.0,de,1
Badri Hosseini Khamenei,Badri Hosseini Khamenei,PER,-1.0,0.0,de,1
Ajatollah Ali Khamenei,Ajatollah Ali Khamenei,PER,0.0,0.0,de,1
Ali Khameneis,Ali Khameneis,PER,0.7,0.0,de,1
Schwester von Khamenei,Schwester von Khamenei,PER,0.0,0.0,de,1
Lara Obst,Lara Obst,PER,0.7,0.0,de,1
Marie Neophytou,Marie Neophytou,PER,0.0,0.0,de,1
Klima-Chaot Markus Ott,Klima-Chaot Markus Ott,PER,0.0,0.0,de,1
Pnek lu plepel Vueke,Pnek lu plepel Vueke,PER,0.0,0.0,de,1
Bundestagspräsidentin Bas,Bundestagspräsidentin Bas,PER,0.0,0.0,de,1
Helmut Becker,Helmut Becker,PER,0.7,0.0,de,1
Charles Wilson Ligon Jr,Charles Wilson Ligon Jr,PER,0.0,0.0,de,1
Schneesturm Elliott,Schneesturm Elliott,PER,0.7,0.0,de,1
Wärmestrom Kältestrom,Wärmestrom Kältestrom,PER,0.0,0.0,de,1
Christian Baron,Christian Baron,PER,-0.5,0.0,de,1
lu Butlllh nup,lu Butlllh nup,PER,0.0,0.0,de,1
Oeu kel peuuuek veula Blenpe peleu,Oeu kel peuuuek veula Blenpe peleu,PER,0.0,0.0,de,1
Tipp von Partnerland,Tipp von Partnerland,PER,0.0,0.0,de,1
Möchtegern-Reichskönig Reuß,Möchtegern-Reichskönig Reuß,PER,0.0,0.0,de,1
Manuel Bew,Manuel Bew,PER,-0.7,0.0,de,1
Nvel aeaeupoletleke Peveanuaeu eelekueu plek peleell,Nvel aeaeupoletleke Peveanuaeu eelekueu plek peleell,PER,0.0,0.0,de,1
leetlpleleu teOlulpllpeke PlloOnuaeu,leetlpleleu teOlulpllpeke PlloOnuaeu,PER,0.0,0.0,de,1
vetek pekoptleke Zepeuvllhnuaeu pel Pullpepvoltte tel ple,vetek pekoptleke Zepeuvllhnuaeu pel Pullpepvoltte tel ple,PER,0.0,0.0,de,1
DIW-Chef Fratzscher,DIW-Chef Fratzscher,PER,0.0,0.0,de,1
Niklas Hecht,Niklas Hecht,PER,0.0,0.0,de,1
Guido Crosetto,Guido Crosetto,PER,0.0,0.0,de,1
Sebastien Lecornu,Sebastien Lecornu,PER,0.0,0.0,de,1
Harald Christ,Harald Christ,PER,0.0,0.0,de,1
Serhij Leschtschenko,Serhij Leschtschenko,PER,0.0,0.0,de,1
Pawel Antow,Pawel Antow,PER,1.0,0.0,de,1
hausgebeizten Lachs,hausgebeizten Lachs,PER,-1.0,0.0,de,1
• Foto,• Foto,PER,0.0,0.0,de,1
Daniel Dillmann,Daniel Dillmann,PER,0.7,0.0,de,1
streikendes Pflegepersonal,streikendes Pflegepersonal,PER,0.0,0.0,de,1
Christian Wieser,Christian Wieser,PER,1.0,0.0,de,1
Enzo Mariani,Enzo Mariani,PER,-1.0,0.0,de,1
Switlana Kutschuk,Switlana Kutschuk,PER,0.0,0.0,de,1
Schwedens Elche,Schwedens Elche,PER,0.0,0.0,de,1
"Arktischer Sturm ""Elliott","Arktischer Sturm ""Elliott",PER,0.0,1.0,de,1
Mini John Cooper Works,Mini John Cooper Works,PER,0.7,0.0,de,1
Jina Mahsa Aminis,Jina Mahsa Aminis,PER,0.0,0.0,de,1
Martina Lippl,Martina Lippl,PER,0.5666666666666667,0.3333333333333333,de,1
Reichsbürger-Prinz Reuß,Reichsbürger-Prinz Reuß,PER,0.0,0.0,de,1
Bankchef Hoyer,Bankchef Hoyer,PER,-0.7,0.0,de,1
uenel Zupelelul pep VBB-Iethp kell,uenel Zupelelul pep VBB-Iethp kell,PER,0.0,0.0,de,1
Jordy de Wijs,Jordy de Wijs,PER,0.7,0.0,de,1
Poaeu kenteu,Poaeu kenteu,PER,0.0,0.0,de,1
PekteltOepeklueu plokueu,PekteltOepeklueu plokueu,PER,0.0,0.0,de,1
Zeaetolpluteu huetteu,Zeaetolpluteu huetteu,PER,0.0,0.0,de,1
nup ploupla vllp,nup ploupla vllp,PER,0.0,0.0,de,1
Reaktor Würgassen,Reaktor Würgassen,PER,0.0,0.0,de,1
Nana Ampomah,Nana Ampomah,PER,0.0,0.0,de,1
Bundesverkehrsminister Wissing,Bundesverkehrsminister Wissing,PER,0.0,0.0,de,1
Kamikaze-Drohnen gemelde,Kamikaze-Drohnen gemelde,PER,0.0,0.0,de,1
Jaishankar zu Gast,Jaishankar zu Gast,PER,0.0,0.0,de,1
nan Indien,nan Indien,PER,0.0,0.0,de,1
Ciudad Juárez,Ciudad Juárez,PER,0.0,0.0,de,1
Wolfgang M,Wolfgang M,PER,0.0,0.0,de,1
Wolfgang Maria W,Wolfgang Maria W,PER,0.0,0.0,de,1
Michael Sterner,Michael Sterner,PER,0.0,0.0,de,1
Bluael Fenp,Bluael Fenp,PER,0.0,0.0,de,1
Branchen-Kenner Mathias,Branchen-Kenner Mathias,PER,0.0,0.0,de,1
Junge Anleger,Junge Anleger,PER,0.0,0.0,de,1
Ulrike Malmend,Ulrike Malmend,PER,0.0,0.0,de,1
Papst Benedikt XVI,Papst Benedikt XVI,PER,0.0,0.0,de,1
Benedikt XVI,Benedikt XVI,PER,0.0,0.0,de,1
Greg Allen,Greg Allen,PER,-0.7,0.0,de,1
Chinas Fortschritte,Chinas Fortschritte,PER,-0.7,0.0,de,1
Carl Philipp Emanuel Bach,Carl Philipp Emanuel Bach,PER,0.0,0.0,de,1
Hagen Günter,Hagen Günter,PER,0.0,0.0,de,1
Alexander Steininger,Alexander Steininger,PER,0.0,0.0,de,1
Anni Sinnemäki,Anni Sinnemäki,PER,-0.7,0.0,de,1
Mein Sohn,Mein Sohn,PER,0.0,0.0,de,1
Sebastian Vie,Sebastian Vie,PER,0.0,0.0,de,1
Lisa Wentz,Lisa Wentz,PER,0.0,0.0,de,1
Callithrix jacchus) Manfred,Callithrix jacchus) Manfred,PER,0.25,0.5,de,1
Mathias Schmidt,Mathias Schmidt,PER,0.25,0.5,de,1
Arktischer Sturm,Arktischer Sturm,PER,0.35,0.5,de,1
Gana Sarr,Gana Sarr,PER,0.0,0.0,de,1
John Dominic Crossan,John Dominic Crossan,PER,0.0,0.0,de,1
Johannes SimonNicht,Johannes SimonNicht,PER,0.0,0.0,de,1
lu pel lnpplpekeu,lu pel lnpplpekeu,PER,-1.0,0.0,de,1
Eike Kühl,Eike Kühl,PER,0.0,0.0,de,1
Zweli Mkhize,Zweli Mkhize,PER,0.0,0.0,de,1
Maryna Rebenok,Maryna Rebenok,PER,0.3333333333333333,0.0,de,1
Verkehrsminister Wissin,Verkehrsminister Wissin,PER,0.0,0.0,de,1
Johannes Simon,Johannes Simon,PER,0.0,0.0,de,1
Horst Jarzembski,Horst Jarzembski,PER,0.0,0.0,de,1
Marco Alverà,Marco Alverà,PER,0.0,0.0,de,1
Energieversorger Uniper,Energieversorger Uniper,PER,0.35,0.5,de,1
Johannes ThielenDie,Johannes ThielenDie,PER,1.0,0.0,de,1
Alexandr Dolgopolov,Alexandr Dolgopolov,PER,0.0,0.0,de,1
Moritz Koch,Moritz Koch,PER,0.0,0.0,de,1
Daniel Hautmann,Daniel Hautmann,PER,0.7,0.0,de,1
Francesco Mutti,Francesco Mutti,PER,0.0,0.0,de,1
pel Blelkell,pel Blelkell,PER,-1.0,0.0,de,1
Plnpeuleu pealeu Oll,Plnpeuleu pealeu Oll,PER,-1.0,0.0,de,1
eupele nhlelulpeke,eupele nhlelulpeke,PER,-1.0,0.0,de,1
Dehoga-Chefin sauer,Dehoga-Chefin sauer,PER,0.0,0.0,de,1
Luftabwehrsystemen bekr,Luftabwehrsystemen bekr,PER,0.0,0.0,de,1
Roland Wöller,Roland Wöller,PER,0.0,0.0,de,1
Viola von Cramon fü,Viola von Cramon fü,PER,0.0,0.0,de,1
Viola von Cramon,Viola von Cramon,PER,-1.0,0.0,de,1
Elektromobile sin,Elektromobile sin,PER,0.0,0.0,de,1
will Durchblick,will Durchblick,PER,0.0,0.0,de,1
Europas LNG-Zukunft,Europas LNG-Zukunft,PER,0.0,1.0,de,1
Francois Villeroy de Galhau,Francois Villeroy de Galhau,PER,0.0,0.0,de,1
Linken-Politiker Bartsch,Linken-Politiker Bartsch,PER,0.0,0.0,de,1
Will Yapily,Will Yapily,PER,-1.0,0.0,de,1
Linken-Chef Bartsch,Linken-Chef Bartsch,PER,0.0,0.0,de,1
Klimaaktivisten von der Straße,Klimaaktivisten von der Straße,PER,-0.7,0.0,de,1
pelue Ulepeppeelekn,pelue Ulepeppeelekn,PER,0.0,0.0,de,1
Mary Obomese,Mary Obomese,PER,0.0,0.0,de,1
Russland Moldau,Russland Moldau,PER,-0.3333333333333333,0.0,de,1
Kevin Knauer,Kevin Knauer,PER,1.0,0.0,de,1
Japans Premier Fumio Kishida,Japans Premier Fumio Kishida,PER,-0.85,0.0,de,1
Marcus Prell,Marcus Prell,PER,-1.0,0.0,de,1
Familie Windschers,Familie Windschers,PER,-0.85,0.0,de,1
Justus Geilhufe,Justus Geilhufe,PER,-1.0,0.0,de,1
Herr Bruch,Herr Bruch,PER,0.0,0.0,de,1
Ukraines Vize-Außenminister Melnyk,Ukraines Vize-Außenminister Melnyk,PER,0.0,0.0,de,1
Christian Masengarb,Christian Masengarb,PER,0.0,0.0,de,1
Melanie Joly,Melanie Joly,PER,0.0,0.0,de,1
nan Kanada,nan Kanada,PER,0.0,0.0,de,1
Nikita Juferew,Nikita Juferew,PER,0.0,0.0,de,1
GrÃ¼nen-Ministerin Neubaur,GrÃ¼nen-Ministerin Neubaur,PER,0.0,0.0,de,1
Stefan Brink,Stefan Brink,PER,0.0,0.0,de,1
deutsch-niederländischer Küste,deutsch-niederländischer Küste,PER,0.0,0.0,de,1
Tetiana Kolybelnikova,Tetiana Kolybelnikova,PER,0.7,0.0,de,1
Auskunftei Schufa,Auskunftei Schufa,PER,0.0,0.0,de,1
Dmitri Rogosin,Dmitri Rogosin,PER,0.0,0.0,de,1
Bachmut Streumunition,Bachmut Streumunition,PER,-1.0,0.0,de,1
Luftabwehrsystems Patriot,Luftabwehrsystems Patriot,PER,0.0,0.0,de,1
Wps efo,Wps efo,PER,0.0,0.0,de,1
Jose Luis,Jose Luis,PER,-1.0,0.0,de,1
Pankows Bürgermeister,Pankows Bürgermeister,PER,0.0,0.0,de,1
Ivan Rusev,Ivan Rusev,PER,0.7,0.0,de,1
Spitzenkandidat Wegner,Spitzenkandidat Wegner,PER,0.0,0.0,de,1
peu Ievl etp Ivleuueu,peu Ievl etp Ivleuueu,PER,0.0,0.0,de,1
Sivan Ben Yishais,Sivan Ben Yishais,PER,1.0,0.0,de,1
Peter Hacker,Peter Hacker,PER,0.7,0.0,de,1
Ukraine Patriot-Flugabwehrsystem,Ukraine Patriot-Flugabwehrsystem,PER,0.0,0.0,de,1
Selenskyj br,Selenskyj br,PER,0.0,0.0,de,1
Biden Eindrücke,Biden Eindrücke,PER,0.0,0.0,de,1
Friedrich Schneider h,Friedrich Schneider h,PER,0.0,0.0,de,1
Selenskyj Dienstagabend,Selenskyj Dienstagabend,PER,0.0,0.0,de,1
Negah Amiri,Negah Amiri,PER,0.0,0.0,de,1
Marketing-Experte Hans-Willi Schroiff,Marketing-Experte Hans-Willi Schroiff,PER,0.0,0.0,de,1
Volker Hirth,Volker Hirth,PER,0.0,0.0,de,1
Ulrich Reitz Weidel,Ulrich Reitz Weidel,PER,-1.0,0.0,de,1
Penny Pritzker,Penny Pritzker,PER,0.0,0.0,de,1
Penny Pritzkers Familie,Penny Pritzkers Familie,PER,0.0,0.0,de,1
Barack Obama Handelsministerin,Barack Obama Handelsministerin,PER,0.0,0.0,de,1
Zsofia Kollar,Zsofia Kollar,PER,0.7,0.0,de,1
Malik Agar,Malik Agar,PER,0.0,0.0,de,1
Transit von Erdgas,Transit von Erdgas,PER,0.0,0.0,de,1
Dennis Brosda,Dennis Brosda,PER,0.0,0.0,de,1
Minister Boris Pistorius,Minister Boris Pistorius,PER,0.7,0.0,de,1
Rolf Becker,Rolf Becker,PER,0.0,0.0,de,1
Carl von Ossietzky,Carl von Ossietzky,PER,0.0,0.0,de,1
Münchens Aleksandar,Münchens Aleksandar,PER,-1.0,0.0,de,1
Moskaus Außenpolitik,Moskaus Außenpolitik,PER,0.0,0.0,de,1
Muhammad Aamir Sumsum,Muhammad Aamir Sumsum,PER,0.0,0.0,de,1
degradiertem Patruschew,degradiertem Patruschew,PER,-0.7,0.0,de,1
Selenskyj ö,Selenskyj ö,PER,0.0,0.0,de,1
Mustafa Najjem,Mustafa Najjem,PER,0.0,0.0,de,1
Rentner*innen-Star Bojko Borissow Foto,Rentner*innen-Star Bojko Borissow Foto,PER,0.0,0.0,de,1
Kira Vinke,Kira Vinke,PER,0.0,0.0,de,1
Holzpellets hei,Holzpellets hei,PER,0.0,0.0,de,1
Rüffel Moskaus,Rüffel Moskaus,PER,0.0,0.0,de,1
Aleksander Ceferin,Aleksander Ceferin,PER,1.0,0.0,de,1
Christian Lindner gel,Christian Lindner gel,PER,0.0,0.0,de,1
Protagonistin Bai Wuchang,Protagonistin Bai Wuchang,PER,0.7,0.0,de,1
Benny Marty,Benny Marty,PER,0.0,0.0,de,1
Rouven A,Rouven A,PER,-0.7,0.0,de,1
Dänemarks Regierungschefin,Dänemarks Regierungschefin,PER,0.0,0.0,de,1
Oliver Schnell,Oliver Schnell,PER,0.7,0.0,de,1
Paul Schmidt,Paul Schmidt,PER,0.7,0.0,de,1
Mohammed al-wafi,Mohammed al-wafi,PER,0.0,0.0,de,1
Herzog von Westminster,Herzog von Westminster,PER,1.0,0.0,de,1
Andriy Kostin,Andriy Kostin,PER,0.0,0.0,de,1
Russland-Korrespondent Rainer Munz,Russland-Korrespondent Rainer Munz,PER,0.0,0.0,de,1
Wladislaw Surkow,Wladislaw Surkow,PER,0.0,0.0,de,1
Martin Schulze,Martin Schulze,PER,0.35,0.5,de,1
Basketballcoach Gordon Herbert,Basketballcoach Gordon Herbert,PER,0.7,0.0,de,1
Robert Hübner,Robert Hübner,PER,0.0,0.0,de,1
Israels Streitkräfte,Israels Streitkräfte,PER,0.0,0.0,de,1
Dalia Grybauskait,Dalia Grybauskait,PER,1.0,0.0,de,1
Matthias Ebert,Matthias Ebert,PER,0.0,0.0,de,1
Nagelsmanns „Worker,Nagelsmanns „Worker,PER,-0.7,0.0,de,1
lkay Gündoan,lkay Gündoan,PER,-1.0,0.0,de,1
Weltmeistertrainer Gordon Herbert,Weltmeistertrainer Gordon Herbert,PER,0.0,0.0,de,1
ferngesteuertem Beutepanzer,ferngesteuertem Beutepanzer,PER,0.0,0.0,de,1
Bundesaußenministerin Baerbock forder,Bundesaußenministerin Baerbock forder,PER,0.0,0.0,de,1
Experten scharf,Experten scharf,PER,-0.7,0.0,de,1
Evan Gershkovich ,Evan Gershkovich ,PER,0.0,0.0,de,1
Nicuor Stanciu,Nicuor Stanciu,PER,0.0,0.0,de,1
Desperately Seeking Führungskompetenz,Desperately Seeking Führungskompetenz,PER,0.0,0.0,de,1
Dagmar Aaen,Dagmar Aaen,PER,0.0,0.0,de,1
Jimmy Kimmel,Jimmy Kimmel,PER,0.0,0.0,de,1
Was Putin,Was Putin,PER,0.0,0.0,de,1
Putin schlage,Putin schlage,PER,0.0,0.0,de,1
Labour-Chef Keir Starmer,Labour-Chef Keir Starmer,PER,0.0,0.0,de,1
Olivier Faure,Olivier Faure,PER,0.0,0.0,de,1
Manuel Bompard,Manuel Bompard,PER,0.0,0.0,de,1
Mathilde Panot,Mathilde Panot,PER,0.0,0.0,de,1
Italiens Regierungschefin Georgia Meloni,Italiens Regierungschefin Georgia Meloni,PER,0.0,0.0,de,1
Betrugsmasche Klimazertifikate,Betrugsmasche Klimazertifikate,PER,0.0,0.0,de,1
Storks Spezialfutter,Storks Spezialfutter,PER,0.0,0.0,de,1
Moskaus Herrscher,Moskaus Herrscher,PER,0.0,0.0,de,1
Taras Stepanenko,Taras Stepanenko,PER,0.0,0.0,de,1
Waffenruhe von Kiew,Waffenruhe von Kiew,PER,0.0,0.0,de,1
Fraktionsvize Stefan Keuter,Fraktionsvize Stefan Keuter,PER,-0.15000000000000002,0.0,de,1
Stefan Dinse,Stefan Dinse,PER,0.0,0.0,de,1
Mileis Sparprogramm,Mileis Sparprogramm,PER,0.0,0.0,de,1
Thomas Vorreyer,Thomas Vorreyer,PER,0.0,0.0,de,1
Schleswig-Holsteins Umweltminister Goldschmidt,Schleswig-Holsteins Umweltminister Goldschmidt,PER,0.0,0.0,de,1
Dejan Galjen,Dejan Galjen,PER,0.0,0.0,de,1
Per Drohne,Per Drohne,PER,0.0,0.0,de,1
Jens Stolt,Jens Stolt,PER,0.0,0.0,de,1
Theresia Jo,Theresia Jo,PER,0.0,0.0,de,1
Potsdamer Klimaforscher Rahmstorf,Potsdamer Klimaforscher Rahmstorf,PER,-0.35,0.5,de,1
David Sacks,David Sacks,PER,0.0,0.0,de,1
Israels Vormarsch,Israels Vormarsch,PER,0.7,0.0,de,1
Reiner Wein,Reiner Wein,PER,0.7,0.0,de,1
Jochen Stahnke,Jochen Stahnke,PER,1.0,0.0,de,1
Benjamn David,Benjamn David,PER,0.0,1.0,de,1
Greta Thunberg b,Greta Thunberg b,PER,0.0,0.0,de,1
Kiew Waffeneinsatz,Kiew Waffeneinsatz,PER,1.0,0.0,de,1
Polens Inlandsgeheimdienst,Polens Inlandsgeheimdienst,PER,0.0,0.0,de,1
Shin Won-sik,Shin Won-sik,PER,0.0,0.0,de,1
Kavita Sharm,Kavita Sharm,PER,0.0,0.0,de,1
UniCredit k,UniCredit k,PER,0.0,0.0,de,1
Deutschlands Außenministerin,Deutschlands Außenministerin,PER,0.0,0.0,de,1
Stoltenbergs Vorstoß,Stoltenbergs Vorstoß,PER,0.0,0.0,de,1
Habecks CO2-Gesetz,Habecks CO2-Gesetz,PER,0.7,0.0,de,1
Terry Reintke,Terry Reintke,PER,0.0,0.0,de,1
Grünen-Spitzenkandidatin Reintke,Grünen-Spitzenkandidatin Reintke,PER,-0.35,0.0,de,1
Fotos von Militärfahrzeugen,Fotos von Militärfahrzeugen,PER,0.0,0.0,de,1
Hans Jörg Bachmeier,Hans Jörg Bachmeier,PER,0.0,0.0,de,1
Emissionsarmer Kraftstoff,Emissionsarmer Kraftstoff,PER,0.0,0.0,de,1
Matthias Jau,Matthias Jau,PER,0.0,1.0,de,1
Kristin Becker,Kristin Becker,PER,0.0,0.0,de,1
Gastbeitrag Gabor Steingart,Gastbeitrag Gabor Steingart,PER,-0.15000000000000002,0.0,de,1
Israels Füh,Israels Füh,PER,0.0,0.0,de,1
Europas Zuk,Europas Zuk,PER,-1.0,0.0,de,1
Radek Sikorski,Radek Sikorski,PER,0.0,0.0,de,1
Hadja Lah,Hadja Lah,PER,0.0,0.0,de,1
Taliban von Terrorliste,Taliban von Terrorliste,PER,0.0,0.0,de,1
Annalena Baerbock der Kragen,Annalena Baerbock der Kragen,PER,0.0,0.0,de,1
Dauerblockade von Waffenhilfe,Dauerblockade von Waffenhilfe,PER,0.0,0.0,de,1
Robert Pickton,Robert Pickton,PER,0.0,0.0,de,1
Spekulationsobjekt Mietwohnung,Spekulationsobjekt Mietwohnung,PER,0.0,0.0,de,1
Robin Schmidt,Robin Schmidt,PER,-0.7,0.0,de,1
Daniel Lie,Daniel Lie,PER,0.0,0.0,de,1
Janika Pondorf,Janika Pondorf,PER,0.0,0.0,de,1
Merz Habeck,Merz Habeck,PER,0.0,0.0,de,1
Putin Foto,Putin Foto,PER,0.0,0.0,de,1
Simon Dörr,Simon Dörr,PER,1.0,0.0,de,1
Leica Lux,Leica Lux,PER,0.0,0.0,de,1
Wolfgang Metzeler-Kick am,Wolfgang Metzeler-Kick am,PER,0.0,0.0,de,1
Enzo Weber,Enzo Weber,PER,0.0,0.0,de,1
WELT-Korrespondent Pavel Lokshin,WELT-Korrespondent Pavel Lokshin,PER,0.7,0.0,de,1
Israel geliefe,Israel geliefe,PER,0.0,0.0,de,1
Galant beto,Galant beto,PER,1.0,0.0,de,1
Putins Hightech,Putins Hightech,PER,0.0,0.0,de,1
Gefährliche Rumänien-Grenze,Gefährliche Rumänien-Grenze,PER,-1.0,0.0,de,1
James Richards,James Richards,PER,0.0,0.0,de,1
Hanne Lippard,Hanne Lippard,PER,0.0,0.0,de,1
Pan Daijing,Pan Daijing,PER,0.0,0.0,de,1
Verbraucher geschü,Verbraucher geschü,PER,0.0,0.0,de,1
Sabine Henkel,Sabine Henkel,PER,-0.5,0.5,de,1
Julia Mosberger,Julia Mosberger,PER,0.0,0.0,de,1
Palmer Luckey,Palmer Luckey,PER,0.0,0.0,de,1
Modretro Chromatic,Modretro Chromatic,PER,0.0,0.0,de,1
Videos veröffe,Videos veröffe,PER,0.7,0.0,de,1
Jan Nitzbon,Jan Nitzbon,PER,-0.5,0.0,de,1
Sven Simon,Sven Simon,PER,0.0,0.0,de,1
CDU-Kandidat Sven Simon,CDU-Kandidat Sven Simon,PER,1.0,0.0,de,1
Sicherheitsexperte Zhou Bo,Sicherheitsexperte Zhou Bo,PER,-0.35,0.0,de,1
Klimaaktivisten von Greenpeace,Klimaaktivisten von Greenpeace,PER,0.0,0.0,de,1
Jennifer Johnson,Jennifer Johnson,PER,0.0,0.0,de,1
Serhii Nykyforov,Serhii Nykyforov,PER,0.0,0.0,de,1
Singapur Ng Eng Hen,Singapur Ng Eng Hen,PER,1.0,0.0,de,1
Dato Seri Mohamed Khaled Nordin,Dato Seri Mohamed Khaled Nordin,PER,1.0,0.0,de,1
Michelle Lujan Grisham,Michelle Lujan Grisham,PER,0.7,0.0,de,1
Konzert von Ebow,Konzert von Ebow,PER,0.0,0.0,de,1
Habecks Politikstil,Habecks Politikstil,PER,0.0,0.0,de,1
Ernst-Volker Staub,Ernst-Volker Staub,PER,0.0,0.0,de,1
Chan Junis v,Chan Junis v,PER,-1.0,0.0,de,1
Kims Hunde,Kims Hunde,PER,0.0,0.0,de,1
mit­ ­Hunden,mit­ ­Hunden,PER,0.0,0.0,de,1
NATO-Mitglied Norwegen,NATO-Mitglied Norwegen,PER,0.0,0.0,de,1
Schuldiges Krokodil,Schuldiges Krokodil,PER,-1.0,0.0,de,1
Andrea Böhm,Andrea Böhm,PER,0.0,0.0,de,1
Ruandas Oppositionskandidat Habineza,Ruandas Oppositionskandidat Habineza,PER,0.0,0.0,de,1
Nicolas Cages Sohn,Nicolas Cages Sohn,PER,-0.7,0.0,de,1
Frank Habineza,Frank Habineza,PER,0.0,0.0,de,1
Jan-Niklas Beste,Jan-Niklas Beste,PER,0.0,0.0,de,1
Eren Dinkci ,Eren Dinkci ,PER,0.0,0.0,de,1
Transfer-Reporter Fabrizio Romano,Transfer-Reporter Fabrizio Romano,PER,0.0,0.0,de,1
Verbraucher spars,Verbraucher spars,PER,0.0,0.0,de,1
Michael Linennen,Michael Linennen,PER,0.0,0.0,de,1
Stefan Schocher,Stefan Schocher,PER,0.0,0.0,de,1
Emil Martens,Emil Martens,PER,1.0,0.0,de,1
Paus gescheit,Paus gescheit,PER,0.0,0.0,de,1
Stephan Knabe,Stephan Knabe,PER,0.0,0.0,de,1
Finanzdiva Katja Eckardt,Finanzdiva Katja Eckardt,PER,0.0,0.0,de,1
angeklagter Mann,angeklagter Mann,PER,0.0,0.0,de,1
Indiens Premier,Indiens Premier,PER,0.0,0.0,de,1
Frankreichs Wahlsieger,Frankreichs Wahlsieger,PER,0.0,1.0,de,1
Ben Johnson,Ben Johnson,PER,0.0,0.0,de,1
Annette Kammerer,Annette Kammerer,PER,0.0,0.0,de,1
Friedrich Schm,Friedrich Schm,PER,0.85,0.0,de,1
Xi mahnt,Xi mahnt,PER,0.0,0.0,de,1
Le Pens,Le Pens,PER,0.7,0.0,de,1
AfD-Vorsitzende Alice Weidel,AfD-Vorsitzende Alice Weidel,PER,0.0,0.0,de,1
Zentralbank-Chefin Elvira Nabiullina,Zentralbank-Chefin Elvira Nabiullina,PER,0.0,0.0,de,1
Innensenator Andy Grote,Innensenator Andy Grote,PER,0.0,0.0,de,1
Chrstian Mölling,Chrstian Mölling,PER,0.0,0.0,de,1
Marschflugkörper Tomahawk,Marschflugkörper Tomahawk,PER,0.0,0.0,de,1
Alexander Görlach Pekings,Alexander Görlach Pekings,PER,0.0,0.0,de,1
Wiktorija Litwinowa,Wiktorija Litwinowa,PER,0.0,0.0,de,1
Verkaufs von Rauschmitteln,Verkaufs von Rauschmitteln,PER,-1.0,0.0,de,1
Fahndungsfotos des Tatverdächtigen,Fahndungsfotos des Tatverdächtigen,PER,-0.15000000000000002,0.0,de,1
Frankreichs Linkspartei,Frankreichs Linkspartei,PER,0.0,0.0,de,1
Trumps Rückkehr,Trumps Rückkehr,PER,0.0,0.0,de,1
Liv Lisa Fries,Liv Lisa Fries,PER,0.0,0.0,de,1
Christoph Maria Her,Christoph Maria Her,PER,0.0,0.0,de,1
Michael Travis Leake,Michael Travis Leake,PER,-1.0,0.0,de,1
Du dramatisierst,Du dramatisierst,PER,0.0,0.0,de,1
Steuerklassen III,Steuerklassen III,PER,-0.5,0.5,de,1
Georgina Rickmers,Georgina Rickmers,PER,0.0,0.0,de,1
Thomas Heller,Thomas Heller,PER,0.0,0.0,de,1
Alexander Lukaschenkobei,Alexander Lukaschenkobei,PER,0.7,0.0,de,1
Jana Förster,Jana Förster,PER,0.0,0.0,de,1
Donald Trumps Schusswunde,Donald Trumps Schusswunde,PER,0.0,0.0,de,1
Robin Knoche,Robin Knoche,PER,0.0,0.0,de,1
Ralf Gosch,Ralf Gosch,PER,0.0,0.0,de,1
Trumps Wahl,Trumps Wahl,PER,0.7,0.0,de,1
Ihor Schowka,Ihor Schowka,PER,0.0,0.0,de,1
Mohamed Deif,Mohamed Deif,PER,0.0,0.0,de,1
Verena Kleinmann,Verena Kleinmann,PER,0.0,0.0,de,1
Mohammed Dei,Mohammed Dei,PER,0.0,0.0,de,1
Rafael Loss,Rafael Loss,PER,-1.0,0.0,de,1
Rafaa Salameh,Rafaa Salameh,PER,0.0,0.0,de,1
Kiewer Militärangaben,Kiewer Militärangaben,PER,0.0,0.0,de,1
Stephen Kramer,Stephen Kramer,PER,-1.0,0.0,de,1
Saul Luciano Lliuya kl,Saul Luciano Lliuya kl,PER,0.0,0.0,de,1
Aida Bella,Aida Bella,PER,0.0,0.0,de,1
Sönke Diesener,Sönke Diesener,PER,0.0,0.0,de,1
Schauspiel-Star George Clooney,Schauspiel-Star George Clooney,PER,-0.7,0.0,de,1
Militärbündnis beitrete,Militärbündnis beitrete,PER,0.0,0.0,de,1
Dmitrij Medwedew,Dmitrij Medwedew,PER,0.0,0.0,de,1
Reza Darius Montassér,Reza Darius Montassér,PER,0.0,0.0,de,1
Hildegard von Bingen,Hildegard von Bingen,PER,0.0,0.0,de,1
Putin-Gegner Kara-Mursa,Putin-Gegner Kara-Mursa,PER,0.0,0.0,de,1
Orbán Wladimir Putin,Orbán Wladimir Putin,PER,0.0,0.0,de,1
Terminator Arnold Schwarzenegger,Terminator Arnold Schwarzenegger,PER,0.7,0.0,de,1
Luká Haraslín,Luká Haraslín,PER,0.0,0.0,de,1
Habecks Wasserstoff-Berater,Habecks Wasserstoff-Berater,PER,0.0,0.0,de,1
Israels Ar,Israels Ar,PER,0.0,0.0,de,1
Liveblog Netanjahu,Liveblog Netanjahu,PER,0.0,0.0,de,1
Martin Jääger,Martin Jääger,PER,-1.0,0.0,de,1
EU-Kommissions-Vizepräsidentin Vera Jourova,EU-Kommissions-Vizepräsidentin Vera Jourova,PER,-0.7,0.0,de,1
Toter Wagner-Chef,Toter Wagner-Chef,PER,-1.0,0.0,de,1
William McGranaghan,William McGranaghan,PER,0.0,0.0,de,1
Mecklenburg-Vorpommerns Regierungschefin,Mecklenburg-Vorpommerns Regierungschefin,PER,0.0,0.0,de,1
Angriff Ausnahmezustand,Angriff Ausnahmezustand,PER,0.0,0.0,de,1
CSU-Landesgruppenchef Dobrindt,CSU-Landesgruppenchef Dobrindt,PER,0.7,0.0,de,1
Kiarash Hossainpour,Kiarash Hossainpour,PER,-1.0,0.0,de,1
Philipp Hopf,Philipp Hopf,PER,-1.0,0.0,de,1
frontnahe Stadt,frontnahe Stadt,PER,0.0,0.0,de,1
Slowake Ivan Schranz,Slowake Ivan Schranz,PER,0.0,0.0,de,1
Jan Heller,Jan Heller,PER,1.0,0.0,de,1
Reporter Björn Stritzel,Reporter Björn Stritzel,PER,0.7,0.0,de,1
German Gref,German Gref,PER,-0.7,0.0,de,1
Kim Jong Un ,Kim Jong Un ,PER,0.0,0.0,de,1
Mykola Schaparenko,Mykola Schaparenko,PER,0.7,0.0,de,1
Kims Geheim-Operation Mercedes,Kims Geheim-Operation Mercedes,PER,0.0,0.0,de,1
Christoph Ehrhardt,Christoph Ehrhardt,PER,0.0,0.0,de,1
Netanjahus Äußerungen,Netanjahus Äußerungen,PER,0.0,0.0,de,1
Pleite-Präsident Macron,Pleite-Präsident Macron,PER,0.0,0.0,de,1
Frankreichs Schuldenproblem,Frankreichs Schuldenproblem,PER,0.0,0.0,de,1
To Lam,To Lam,PER,0.0,0.0,de,1
Ngueyn Phu Trong,Ngueyn Phu Trong,PER,0.0,0.0,de,1
Christian Meier,Christian Meier,PER,-0.3375,0.0,de,1
Hizbullah-Anführer Nasrallah,Hizbullah-Anführer Nasrallah,PER,-0.3375,0.0,de,1
Klaus Schindling,Klaus Schindling,PER,0.0,0.0,de,1
China Piraterie,China Piraterie,PER,0.0,0.0,de,1
Klimasünder Luftverkehr,Klimasünder Luftverkehr,PER,0.0,0.0,de,1
Ronaldos Kältekammer,Ronaldos Kältekammer,PER,0.0,0.0,de,1
Merz lacht,Merz lacht,PER,1.0,0.0,de,1
Stephan Röhl,Stephan Röhl,PER,0.7,0.0,de,1
Karine Jean-Pierre,Karine Jean-Pierre,PER,0.0,0.0,de,1
Lloyd Doggett,Lloyd Doggett,PER,0.7,0.0,de,1
Nadine Bader,Nadine Bader,PER,0.0,0.0,de,1
Volodymyr Zelenskyy,Volodymyr Zelenskyy,PER,0.0,0.0,de,1
Österreichs Fanmarsch,Österreichs Fanmarsch,PER,0.0,0.0,de,1
Scholz zu Regierungskonsultationen,Scholz zu Regierungskonsultationen,PER,0.7,0.0,de,1
Sabine Stöhr,Sabine Stöhr,PER,0.0,0.0,de,1
Luftwaffen-Kommandeur Mykola Oleschtsc,Luftwaffen-Kommandeur Mykola Oleschtsc,PER,0.0,0.0,de,1
Russland angegriffe,Russland angegriffe,PER,0.0,0.0,de,1
Gennadi Rakitin,Gennadi Rakitin,PER,0.7,0.0,de,1
Selenskyjs Kriegszielen,Selenskyjs Kriegszielen,PER,0.0,0.0,de,1
Christian Drosten,Christian Drosten,PER,0.0,0.0,de,1
Klaus Wowereit,Klaus Wowereit,PER,0.0,0.0,de,1
Mitya Hontarenko,Mitya Hontarenko,PER,0.0,0.0,de,1
Wolfgang Rohe,Wolfgang Rohe,PER,0.7,0.0,de,1
Domenico Tedesco,Domenico Tedesco,PER,-0.7,0.0,de,1
Sebastian Coe,Sebastian Coe,PER,0.0,0.0,de,1
Scholz Verh,Scholz Verh,PER,0.0,0.0,de,1
Horst Seehofer,Horst Seehofer,PER,0.7,0.0,de,1
Simone Adams,Simone Adams,PER,0.0,0.0,de,1
Putin zufolg,Putin zufolg,PER,0.0,0.0,de,1
Ursula von der Leyen u,Ursula von der Leyen u,PER,0.0,0.0,de,1
Wladimir Sergijenko,Wladimir Sergijenko,PER,-1.0,0.0,de,1
Ministerpräsidentin Manuela Schwesig,Ministerpräsidentin Manuela Schwesig,PER,0.0,0.0,de,1
Malika Babel,Malika Babel,PER,0.7,0.0,de,1
Kicherndes Curry,Kicherndes Curry,PER,0.0,0.0,de,1
Rouven L,Rouven L,PER,0.0,0.0,de,1
Philippos T,Philippos T,PER,0.7,0.0,de,1
Nordrhein-Westfalens Ministerpräside,Nordrhein-Westfalens Ministerpräside,PER,0.0,0.0,de,1
Heorhij Sudakov,Heorhij Sudakov,PER,-0.7,0.0,de,1
Berlin-Neukölln  ,Berlin-Neukölln  ,PER,-1.0,0.0,de,1
Martina Meister b,Martina Meister b,PER,0.7,0.0,de,1
Eingeschneite Häuser,Eingeschneite Häuser,PER,0.0,0.0,de,1
Wilhelm I,Wilhelm I,PER,-1.0,0.0,de,1
Fraunhofer-Forscher Christoph Kost,Fraunhofer-Forscher Christoph Kost,PER,1.0,0.0,de,1
Biomasse Weißenstein,Biomasse Weißenstein,PER,0.0,0.0,de,1
Masseverwalter Gernot Götz,Masseverwalter Gernot Götz,PER,0.0,0.0,de,1
Israels Flagge,Israels Flagge,PER,0.0,0.0,de,1
Habecks Ukraine-Versprechen,Habecks Ukraine-Versprechen,PER,0.0,0.0,de,1
Martin Brandl,Martin Brandl,PER,0.0,0.0,de,1
Franz Joseph I,Franz Joseph I,PER,-1.0,0.0,de,1
Vladimir Sorokins,Vladimir Sorokins,PER,-0.7,0.0,de,1
Alexander II,Alexander II,PER,-1.0,0.0,de,1
Linke-Politiker Gregor Gysi,Linke-Politiker Gregor Gysi,PER,0.0,0.0,de,1
Moskau-Korrespondent Christoph Wanner,Moskau-Korrespondent Christoph Wanner,PER,0.7,0.0,de,1
Baustoffhersteller Knauf,Baustoffhersteller Knauf,PER,-0.7,0.0,de,1
Immanuel Kant,Immanuel Kant,PER,0.0,0.8,de,1
Sepp Herberger,Sepp Herberger,PER,1.0,0.0,de,1
EU-Ratspräsident Michel,EU-Ratspräsident Michel,PER,-1.0,0.0,de,1
Hans Vijlbrief,Hans Vijlbrief,PER,0.0,0.0,de,1
Christine Nöstlinger,Christine Nöstlinger,PER,0.0,0.0,de,1
Astrid Lindgren,Astrid Lindgren,PER,0.0,0.0,de,1
Mammutaufgabe Wärmewende,Mammutaufgabe Wärmewende,PER,0.0,0.0,de,1
Jan Rosenow,Jan Rosenow,PER,0.0,0.0,de,1
Celsius Lufttemperatur,Celsius Lufttemperatur,PER,0.0,0.0,de,1
Pussy-Riot-Aktivistin pinkelt,Pussy-Riot-Aktivistin pinkelt,PER,0.0,0.0,de,1
Enrico Letta,Enrico Letta,PER,0.0,0.0,de,1
Däne Skjelmose,Däne Skjelmose,PER,-1.0,0.0,de,1
Costcos Bestseller,Costcos Bestseller,PER,0.0,0.0,de,1
Johannes Tille,Johannes Tille,PER,-1.0,0.0,de,1
Kapitän Ruben,Kapitän Ruben,PER,-1.0,0.0,de,1
Bob Valentine,Bob Valentine,PER,0.7,0.0,de,1
Amazon inve,Amazon inve,PER,0.0,0.0,de,1
Fleche Wallonne,Fleche Wallonne,PER,-0.7,0.0,de,1
unterkühltem Skjelmose,unterkühltem Skjelmose,PER,-0.7,0.0,de,1
App „Spesen-Tracker,App „Spesen-Tracker,PER,0.175,0.25,de,1
Energielieferungen von Autokraten,Energielieferungen von Autokraten,PER,0.0,0.0,de,1
Ilja Witjuk,Ilja Witjuk,PER,-0.7,0.0,de,1
Brotbrösel verte,Brotbrösel verte,PER,0.0,0.0,de,1
"Oleksandr ""Opa","Oleksandr ""Opa",PER,1.0,0.0,de,1
Ellen Gottschalk,Ellen Gottschalk,PER,0.0,0.0,de,1
Darstellung Kiews,Darstellung Kiews,PER,1.0,0.0,de,1
Fred Hutchison,Fred Hutchison,PER,1.0,0.0,de,1
Dankeschön Tagesspiegel,Dankeschön Tagesspiegel,PER,-0.7,0.0,de,1
Josef Asch,Josef Asch,PER,0.7,0.0,de,1
Montenegros Premier,Montenegros Premier,PER,0.0,0.0,de,1
Sebastian Vesper,Sebastian Vesper,PER,0.0,0.0,de,1
Milojko Spajic,Milojko Spajic,PER,0.0,0.0,de,1
Ottmar Winter,Ottmar Winter,PER,0.0,0.0,de,1
IStGH-Chefankläger Karim Khan,IStGH-Chefankläger Karim Khan,PER,1.0,0.0,de,1
Tamila Taschewa,Tamila Taschewa,PER,-1.0,0.0,de,1
Janet Horton,Janet Horton,PER,0.7,0.0,de,1
Alamy Stock Photos,Alamy Stock Photos,PER,0.7,0.0,de,1
Jürgen Heinri,Jürgen Heinri,PER,0.0,0.0,de,1
Österreichs Außenministerium,Österreichs Außenministerium,PER,0.0,0.0,de,1
John Jacob Astor,John Jacob Astor,PER,0.0,0.0,de,1
Suleiman Kerimow,Suleiman Kerimow,PER,0.0,0.0,de,1
Parteichef Chrupalla,Parteichef Chrupalla,PER,0.0,0.0,de,1
Piranha Bytes,Piranha Bytes,PER,0.0,0.8,de,1
König Rhobars II,König Rhobars II,PER,0.0,0.8,de,1
Tyron Ricketts,Tyron Ricketts,PER,0.0,0.0,de,1
Jonas Schneider,Jonas Schneider,PER,0.0,1.0,de,1
Sergej Schojgu,Sergej Schojgu,PER,0.0,0.0,de,1
Caren Lay,Caren Lay,PER,0.0,0.0,de,1
Deborah Moses Sanks“,Deborah Moses Sanks“,PER,0.0,0.0,de,1
Manfred Kohlfürst,Manfred Kohlfürst,PER,-0.7,0.0,de,1
Matthias Jügler,Matthias Jügler,PER,0.0,0.0,de,1
Golf-Emirat Qatar,Golf-Emirat Qatar,PER,-0.15000000000000002,0.0,de,1
maybrit illner,maybrit illner,PER,0.0,0.0,de,1
Javier Mileis,Javier Mileis,PER,0.0,0.0,de,1
Erdem I,Erdem I,PER,0.0,0.0,de,1
Ruth Patir,Ruth Patir,PER,1.0,0.0,de,1
Christian Bernreiter,Christian Bernreiter,PER,0.0,0.0,de,1
Ex-Botschafter Grenell,Ex-Botschafter Grenell,PER,1.0,0.0,de,1
Israels Innenminister,Israels Innenminister,PER,0.0,0.0,de,1
Ukraine Sowjet-Raketen,Ukraine Sowjet-Raketen,PER,0.0,0.0,de,1
Fenerbahce-Verteidiger Soyüncu,Fenerbahce-Verteidiger Soyüncu,PER,0.0,0.0,de,1
Außenpolitiker von Grünen,Außenpolitiker von Grünen,PER,0.0,0.0,de,1
Alexander De Croo,Alexander De Croo,PER,-0.7,0.0,de,1
De Croo,De Croo,PER,0.0,0.0,de,1
Mykola Danylevych,Mykola Danylevych,PER,0.0,0.0,de,1
Sergej Lapin,Sergej Lapin,PER,0.0,0.0,de,1
Energieversorgungsunternehmens YASNO,Energieversorgungsunternehmens YASNO,PER,0.0,0.0,de,1
Vitali Kim,Vitali Kim,PER,-1.0,0.0,de,1
Umweltmisterin Lemke,Umweltmisterin Lemke,PER,-1.0,0.0,de,1
Wolfgang Wedan,Wolfgang Wedan,PER,0.7,0.0,de,1
Walter White,Walter White,PER,0.7,0.0,de,1
Dmitrij Karawajtschik,Dmitrij Karawajtschik,PER,0.0,1.0,de,1
Japans Ministerpräside,Japans Ministerpräside,PER,0.0,0.0,de,1
JP-Morgan-Kapitalmarktstratege Tilmann Galler,JP-Morgan-Kapitalmarktstratege Tilmann Galler,PER,-0.10000000000000002,0.26666666666666666,de,1
Thomas Maync,Thomas Maync,PER,0.0,0.0,de,1
Sebastian Kisters,Sebastian Kisters,PER,0.0,0.0,de,1
du Gaslighting,du Gaslighting,PER,-1.0,0.0,de,1
Ralf Napierski,Ralf Napierski,PER,1.0,0.0,de,1
Alexei Nawalny ,Alexei Nawalny ,PER,0.0,0.0,de,1
Arizonas Abtreibungsverbot,Arizonas Abtreibungsverbot,PER,0.0,0.0,de,1
Vorwürfe Trumps,Vorwürfe Trumps,PER,0.0,0.0,de,1
Rolf Langhammer,Rolf Langhammer,PER,0.0,0.0,de,1
Ramón Fonseca,Ramón Fonseca,PER,0.0,0.0,de,1
Serge Marchand,Serge Marchand,PER,1.0,0.0,de,1
Thomas Helmer,Thomas Helmer,PER,-1.0,0.0,de,1
mutmaßlichem Lehrer-Angriff,mutmaßlichem Lehrer-Angriff,PER,0.0,0.0,de,1
Israel Truppen,Israel Truppen,PER,0.0,0.0,de,1
Sven Felix Kellerhoff,Sven Felix Kellerhoff,PER,0.7,0.0,de,1
Georg Schwarte,Georg Schwarte,PER,0.0,0.0,de,1
Holger Z,Holger Z,PER,0.7,0.0,de,1
Trockengelegte Moore,Trockengelegte Moore,PER,0.0,0.0,de,1
Netanjahus Antwort,Netanjahus Antwort,PER,0.0,0.0,de,1
Kyiv Ind,Kyiv Ind,PER,0.0,0.0,de,1
Waschnyje Istorii,Waschnyje Istorii,PER,0.0,0.0,de,1
Uhrmacher Gerd M,Uhrmacher Gerd M,PER,-1.0,0.0,de,1
Gerd M,Gerd M,PER,0.0,0.0,de,1
Sport-Boss Simon Rolfes,Sport-Boss Simon Rolfes,PER,1.0,0.0,de,1
Flugabwehrraketensystem IRIS-T,Flugabwehrraketensystem IRIS-T,PER,0.0,0.0,de,1
Sebastian Hell,Sebastian Hell,PER,0.35,0.5,de,1
Rundfunksenders Kan,Rundfunksenders Kan,PER,0.0,0.0,de,1
Karim Aïnouz,Karim Aïnouz,PER,0.0,0.0,de,1
Erin Ward,Erin Ward,PER,0.7,0.0,de,1
Herzi Hale,Herzi Hale,PER,0.0,0.0,de,1
Sandra Maisch,Sandra Maisch,PER,0.7,0.0,de,1
Sport-Kommentator Marcel Reif,Sport-Kommentator Marcel Reif,PER,0.7,0.0,de,1
Israels Regierungschef Netanyahu,Israels Regierungschef Netanyahu,PER,-0.15000000000000002,0.0,de,1
Gitanas Naueda,Gitanas Naueda,PER,0.0,0.0,de,1
Israels Partner,Israels Partner,PER,0.0,0.0,de,1
Izchak Herzog,Izchak Herzog,PER,1.0,0.0,de,1
Staatsräson am Tag,Staatsräson am Tag,PER,0.0,0.0,de,1
Gesprächen von,Gesprächen von,PER,0.0,0.0,de,1
Carsten Müller,Carsten Müller,PER,0.0,0.0,de,1
Nathanael Liminski,Nathanael Liminski,PER,0.0,0.0,de,1
Mohammed Shia al-Sudani,Mohammed Shia al-Sudani,PER,0.0,0.0,de,1
Harald Haberle,Harald Haberle,PER,0.0,0.0,de,1
Fernwärme Weißenstein,Fernwärme Weißenstein,PER,0.0,0.0,de,1
’scher Manier,’scher Manier,PER,-0.7,0.0,de,1
Michael Fürst,Michael Fürst,PER,0.0,0.0,de,1
Israels Ex-Verteidigungsminister,Israels Ex-Verteidigungsminister,PER,-0.7,0.0,de,1
Rim Aminoach,Rim Aminoach,PER,1.0,0.0,de,1
Nachrichtenportal Ynet,Nachrichtenportal Ynet,PER,1.0,0.0,de,1
Israels Armeesprecher Daniel Hagari,Israels Armeesprecher Daniel Hagari,PER,0.0,0.0,de,1
Selenskyj veruteilt,Selenskyj veruteilt,PER,1.0,0.0,de,1
Rustam Zalikow,Rustam Zalikow,PER,0.0,0.0,de,1
Robert Andrich,Robert Andrich,PER,0.0,0.0,de,1
Finanz-Coach Katharina Dauenhauer,Finanz-Coach Katharina Dauenhauer,PER,1.0,0.0,de,1
William Barton,William Barton,PER,0.0,0.0,de,1
Matthias Görgens,Matthias Görgens,PER,0.0,0.0,de,1
Steve Buscemi,Steve Buscemi,PER,-1.0,0.0,de,1
Briten Fury,Briten Fury,PER,0.0,0.0,de,1
Box-König Usyk,Box-König Usyk,PER,0.15000000000000002,0.0,de,1
Muhammad Ali,Muhammad Ali,PER,0.0,0.0,de,1
Ich kan,Ich kan,PER,0.0,0.0,de,1
Anleger Kriegen,Anleger Kriegen,PER,0.0,0.0,de,1
Spaniens Vox,Spaniens Vox,PER,0.0,0.0,de,1
Swetlana Alexijewitsch,Swetlana Alexijewitsch,PER,0.5,0.0,de,1
David Will,David Will,PER,0.0,0.0,de,1
Shintaro Wakiyama,Shintaro Wakiyama,PER,0.0,0.0,de,1
Spaniens First Lady,Spaniens First Lady,PER,0.0,0.0,de,1
Koen Vereecke,Koen Vereecke,PER,0.0,0.0,de,1
Kasanova de la Pomme,Kasanova de la Pomme,PER,0.0,0.0,de,1
Tony Blinken,Tony Blinken,PER,0.0,0.0,de,1
Johan Rockström,Johan Rockström,PER,1.0,0.0,de,1
Liveblog Kim Yo Jong,Liveblog Kim Yo Jong,PER,0.0,0.0,de,1
Mara Geri,Mara Geri,PER,0.0,0.0,de,1
Ista-Chef Hagen Lessing,Ista-Chef Hagen Lessing,PER,0.0,1.0,de,1
Agathe Demarais,Agathe Demarais,PER,0.0,0.0,de,1
José Albares,José Albares,PER,0.0,1.0,de,1
Klimaschutzprogramm nachschärfen,Klimaschutzprogramm nachschärfen,PER,0.0,0.0,de,1
Ingo Bartussek,Ingo Bartussek,PER,0.0,0.0,de,1
Jan-Peter Bartels,Jan-Peter Bartels,PER,0.0,0.0,de,1
Krim Putin,Krim Putin,PER,1.0,0.0,de,1
Reinhard Meyer,Reinhard Meyer,PER,-1.0,0.0,de,1
Kleiner Bruder,Kleiner Bruder,PER,0.7,0.0,de,1
Jürgen We,Jürgen We,PER,0.0,0.0,de,1
Felix Herz,Felix Herz,PER,0.0,0.0,de,1
Smart-Home-Standard Matter üb,Smart-Home-Standard Matter üb,PER,-0.7,0.0,de,1
Smart-Home-Standard Matter,Smart-Home-Standard Matter,PER,0.0,0.0,de,1
Hussein Amira,Hussein Amira,PER,0.0,0.0,de,1
Klimaaktivisten von „,Klimaaktivisten von „,PER,-0.7,0.0,de,1
unumstrittenes Mobilisierungsgesetz,unumstrittenes Mobilisierungsgesetz,PER,0.0,0.0,de,1
Gesetzestexte jus,Gesetzestexte jus,PER,0.0,0.0,de,1
Machthaber Kadyrow,Machthaber Kadyrow,PER,0.0,0.0,de,1
Michael Bröcker,Michael Bröcker,PER,0.0,1.0,de,1
Hertha-Star Reese,Hertha-Star Reese,PER,0.0,0.0,de,1
Nicolas Wöhrl,Nicolas Wöhrl,PER,-1.0,0.0,de,1
Reinhard Remfort,Reinhard Remfort,PER,-1.0,0.0,de,1
Countdown Report,Countdown Report,PER,0.0,0.0,de,1
EZB-Direktorin Schnabel,EZB-Direktorin Schnabel,PER,0.0,0.0,de,1
Martine Dornier-Tiefenthaler,Martine Dornier-Tiefenthaler,PER,0.0,0.0,de,1
Laura Strätling,Laura Strätling,PER,0.0,0.0,de,1
Fotos von Schäden,Fotos von Schäden,PER,0.0,0.0,de,1
Habecks Bürgerdialog,Habecks Bürgerdialog,PER,0.0,0.0,de,1
André Berghegger,André Berghegger,PER,0.0,0.0,de,1
Firmengründer Luciano Benetton,Firmengründer Luciano Benetton,PER,0.0,0.0,de,1
Luciano Benetton,Luciano Benetton,PER,0.0,0.0,de,1
Christopher Schmidt,Christopher Schmidt,PER,0.0,0.0,de,1
Bär Mykhailo,Bär Mykhailo,PER,0.0,0.0,de,1
Elektronikmarkt Saturn,Elektronikmarkt Saturn,PER,0.0,0.0,de,1
Antisemitismus Berlin,Antisemitismus Berlin,PER,-1.0,0.0,de,1
Finnland zei,Finnland zei,PER,0.0,1.0,de,1
Moskaus Ambitionen,Moskaus Ambitionen,PER,-0.7,0.0,de,1
Felix Zink,Felix Zink,PER,0.0,0.0,de,1
Michael Hofmann,Michael Hofmann,PER,0.0,0.0,de,1
Fake-Zitaten von,Fake-Zitaten von,PER,0.0,0.0,de,1
Kommissionsvize Valdis Dom,Kommissionsvize Valdis Dom,PER,0.0,0.0,de,1
Wladyslaw Kosiniak,Wladyslaw Kosiniak,PER,0.7,0.0,de,1
Brady Africk,Brady Africk,PER,0.7,0.0,de,1
Wladyslaw K,Wladyslaw K,PER,0.0,0.0,de,1
Frankziska Hoppen,Frankziska Hoppen,PER,0.0,0.0,de,1
Kulturstaatsministerin Claudia Roth,Kulturstaatsministerin Claudia Roth,PER,0.0,0.0,de,1
Amazon Besteller,Amazon Besteller,PER,0.0,0.0,de,1
Otto Waalkes,Otto Waalkes,PER,1.0,0.0,de,1
Jens Beckert erforsch,Jens Beckert erforsch,PER,0.0,0.0,de,1
Jens Beckert,Jens Beckert,PER,0.0,0.0,de,1
Martin Durm,Martin Durm,PER,0.0,0.0,de,1
Anna Netrebkos,Anna Netrebkos,PER,1.0,0.0,de,1
Artem Kozachenko,Artem Kozachenko,PER,-1.0,0.0,de,1
Jean-Pierre Gallati,Jean-Pierre Gallati,PER,0.0,0.0,de,1
SVP-Politiker Gallati,SVP-Politiker Gallati,PER,-1.0,0.0,de,1
Christoph Blocher,Christoph Blocher,PER,-1.0,0.0,de,1
SPD-Abgeordneter Ecke,SPD-Abgeordneter Ecke,PER,0.0,0.0,de,1
Maifestspiele Wiesbaden,Maifestspiele Wiesbaden,PER,0.0,0.0,de,1
CIA-Chef Brennan,CIA-Chef Brennan,PER,0.0,0.0,de,1
Wassili Golubew,Wassili Golubew,PER,0.0,0.0,de,1
Alexander Gafarro,Alexander Gafarro,PER,0.0,0.0,de,1
Anne Kura,Anne Kura,PER,0.0,0.0,de,1
André Thieme,André Thieme,PER,0.0,0.0,de,1
Henning Homann,Henning Homann,PER,0.0,0.0,de,1
Wladimir Putinimmer,Wladimir Putinimmer,PER,0.5,0.5,de,1
Wang Zhiyi,Wang Zhiyi,PER,0.7,0.0,de,1
Volodymyr Yermakov,Volodymyr Yermakov,PER,-1.0,0.0,de,1
Susanne Schaper,Susanne Schaper,PER,0.0,0.0,de,1
Mecklenburg-Vorpommerns Innenminister,Mecklenburg-Vorpommerns Innenminister,PER,-1.0,0.0,de,1
Katja Köpping,Katja Köpping,PER,-1.0,0.0,de,1
Europapolitiker Ecke,Europapolitiker Ecke,PER,-1.0,0.0,de,1
Sunaks Tories,Sunaks Tories,PER,0.0,0.0,de,1
Thomas Heim,Thomas Heim,PER,0.7,0.0,de,1
Andrij Jerm,Andrij Jerm,PER,0.0,0.0,de,1
David Cameron ,David Cameron ,PER,1.0,0.0,de,1
Hans-Thomas Tillschneider,Hans-Thomas Tillschneider,PER,0.0,0.0,de,1
AfD-Politiker Hans-Thomas Tillschneider,AfD-Politiker Hans-Thomas Tillschneider,PER,0.7,0.0,de,1
Ronald Reagan,Ronald Reagan,PER,0.0,0.0,de,1
Christian Spuck,Christian Spuck,PER,0.7,0.0,de,1
Verteidigungsvize Iwanow,Verteidigungsvize Iwanow,PER,-0.6,0.0,de,1
Daniel Terzenbach,Daniel Terzenbach,PER,1.0,0.0,de,1
Erfolgsgeschichte Jobturbo,Erfolgsgeschichte Jobturbo,PER,0.0,0.0,de,1
Governor of Odesa,Governor of Odesa,PER,-0.7,0.0,de,1
Frankreichs Premiermin,Frankreichs Premiermin,PER,0.0,0.0,de,1
Ursula von der,Ursula von der,PER,0.0,1.0,de,1
Greg Peters,Greg Peters,PER,0.15000000000000002,0.0,de,1
Andreas Braun,Andreas Braun,PER,0.0,0.0,de,1
Mysnyk äuße,Mysnyk äuße,PER,0.0,0.0,de,1
Pistorius sauer,Pistorius sauer,PER,0.0,0.0,de,1
Finanz-Experte Sebastian Hell,Finanz-Experte Sebastian Hell,PER,0.35,0.5,de,1
Andrés Manuel López Obrador,Andrés Manuel López Obrador,PER,0.0,0.0,de,1
Juri Kusnezow,Juri Kusnezow,PER,-0.675,0.0,de,1
Quirin Knospe,Quirin Knospe,PER,-1.0,0.0,de,1
Militär-Ökonom Marcus Keupp,Militär-Ökonom Marcus Keupp,PER,0.0,0.0,de,1
Grenzstadt Wowtschansk,Grenzstadt Wowtschansk,PER,0.0,0.0,de,1
Andrej Bjeloussow,Andrej Bjeloussow,PER,-0.7,0.0,de,1
Florian Hassel,Florian Hassel,PER,0.0,0.0,de,1
Per Richtlinienkompetenz,Per Richtlinienkompetenz,PER,0.0,0.0,de,1
Chinas Verbraucherpreise,Chinas Verbraucherpreise,PER,0.0,0.0,de,1
Trevor Breen,Trevor Breen,PER,0.0,0.0,de,1
Merck Finck,Merck Finck,PER,0.0,0.0,de,1
Myanmars Militärjunta,Myanmars Militärjunta,PER,0.0,0.0,de,1
Ted Sarandos,Ted Sarandos,PER,0.15000000000000002,0.0,de,1
Bidens Drohung,Bidens Drohung,PER,0.0,0.0,de,1
Astrid Wallmann,Astrid Wallmann,PER,0.0,0.0,de,1
Kai Stührenberg,Kai Stührenberg,PER,0.0,0.0,de,1
Susanne Petersohn,Susanne Petersohn,PER,0.0,0.0,de,1
Putins Anti-Sanktions-Bündnis,Putins Anti-Sanktions-Bündnis,PER,0.0,0.0,de,1
Nvidia Rekorde,Nvidia Rekorde,PER,0.7,0.0,de,1
Giffey s,Giffey s,PER,0.0,0.0,de,1
Anwendungszentrum Wasserstoff,Anwendungszentrum Wasserstoff,PER,0.0,0.0,de,1
Lokalmatador Richard Vogel,Lokalmatador Richard Vogel,PER,0.0,0.0,de,1
Michael Winter hunge,Michael Winter hunge,PER,0.0,0.0,de,1
Hessens Innenminis,Hessens Innenminis,PER,0.0,0.0,de,1
Missbrauchs von Kindern,Missbrauchs von Kindern,PER,0.0,0.0,de,1
Ulrike Liedtke,Ulrike Liedtke,PER,0.0,0.0,de,1
Wladimir Präsident Putin,Wladimir Präsident Putin,PER,0.0,0.0,de,1
Arno Bausemer,Arno Bausemer,PER,0.0,0.0,de,1
Vladimir Tretyakov,Vladimir Tretyakov,PER,-0.7,0.0,de,1
Sozialdemokrate Pellegrini,Sozialdemokrate Pellegrini,PER,0.0,0.0,de,1
Rafael Seligmann,Rafael Seligmann,PER,0.0,0.0,de,1
Harpers Ferry,Harpers Ferry,PER,0.0,0.0,de,1
Oskar Lafontaine,Oskar Lafontaine,PER,0.0,0.0,de,1
bizarrem Puppen-Werbeclip,bizarrem Puppen-Werbeclip,PER,-1.0,0.0,de,1
Jürgen Vogel,Jürgen Vogel,PER,-0.7,0.0,de,1
Regiestar Matthias Glasner,Regiestar Matthias Glasner,PER,-0.85,0.0,de,1
Matthias Glasner,Matthias Glasner,PER,0.0,0.0,de,1
Frederik Schindle,Frederik Schindle,PER,0.2333333333333333,0.0,de,1
Marcus Pöllinger,Marcus Pöllinger,PER,0.0,0.0,de,1
Mathilde Wicht,Mathilde Wicht,PER,0.0,0.0,de,1
Mythos Polarwirbel,Mythos Polarwirbel,PER,1.0,0.0,de,1
Lothar Lenz,Lothar Lenz,PER,0.0,0.0,de,1
Adam Posen,Adam Posen,PER,0.0,0.0,de,1
Ulrich Hottelet,Ulrich Hottelet,PER,0.7,0.0,de,1
Stefan Elbel,Stefan Elbel,PER,0.0,0.0,de,1
Zweitliga-Aufsteiger Preußen,Zweitliga-Aufsteiger Preußen,PER,0.0,0.0,de,1
Jahren das Grauen,Jahren das Grauen,PER,-0.7,0.0,de,1
Johanna-Maria Fritz,Johanna-Maria Fritz,PER,-0.7,0.0,de,1
Tschetscheniens Machthaber,Tschetscheniens Machthaber,PER,0.0,0.0,de,1
Alexander Bastron,Alexander Bastron,PER,1.0,0.0,de,1
Luisa Stangl beric,Luisa Stangl beric,PER,0.0,0.0,de,1
Luisa Stangl,Luisa Stangl,PER,0.0,0.0,de,1
Karl-Heinz Rummenigge,Karl-Heinz Rummenigge,PER,0.7,0.0,de,1
Videos Abu Rabies,Videos Abu Rabies,PER,0.0,0.0,de,1
Paul Klinzing,Paul Klinzing,PER,0.0,0.0,de,1
Christian Streich,Christian Streich,PER,1.0,0.0,de,1
Mick Schumachers,Mick Schumachers,PER,0.0,0.0,de,1
Mattia Binotto,Mattia Binotto,PER,0.0,0.0,de,1
Chinas Armeespitze,Chinas Armeespitze,PER,0.0,0.0,de,1
Olexij Kuleba,Olexij Kuleba,PER,0.0,0.0,de,1
Sebastian Beck,Sebastian Beck,PER,0.0,0.0,de,1
Abwurf von Gleitbomben,Abwurf von Gleitbomben,PER,0.0,0.0,de,1
Jana Randow von Bloomberg News,Jana Randow von Bloomberg News,PER,0.0,0.0,de,1
Nicola Leibinger-Kammüller,Nicola Leibinger-Kammüller,PER,0.85,0.0,de,1
Natalia Gavrilița,Natalia Gavrilița,PER,0.0,0.0,de,1
Indiens Regierungschef Narendra Modi,Indiens Regierungschef Narendra Modi,PER,0.0,0.0,de,1
Andrej Kelin,Andrej Kelin,PER,0.0,0.0,de,1
Mykolja Rachok,Mykolja Rachok,PER,1.0,0.0,de,1
Thomas Müller entfolgt,Thomas Müller entfolgt,PER,-0.7,0.0,de,1
Lisa Müller,Lisa Müller,PER,0.0,0.0,de,1
Verena Richters „,Verena Richters „,PER,0.0,0.0,de,1
Verena Richters Flamingos,Verena Richters Flamingos,PER,0.0,0.0,de,1
Wolodymyr Selenskyj v,Wolodymyr Selenskyj v,PER,0.0,0.0,de,1
Jahia Sinwar,Jahia Sinwar,PER,-1.0,0.0,de,1
Netanyahus Haus,Netanyahus Haus,PER,0.0,0.0,de,1
Garry Conille,Garry Conille,PER,0.0,0.0,de,1
Wladimir Putin pompös,Wladimir Putin pompös,PER,1.0,0.0,de,1
Südkoreas Hau,Südkoreas Hau,PER,1.0,0.0,de,1
Ampel-Finanzminister Christian Lindner,Ampel-Finanzminister Christian Lindner,PER,0.0,0.0,de,1
sprengstoffverdächtigen Gegenständen,sprengstoffverdächtigen Gegenständen,PER,0.0,0.0,de,1
Alexej Nawalnyerwägt,Alexej Nawalnyerwägt,PER,0.0,1.0,de,1
Putins Papiertiger,Putins Papiertiger,PER,0.0,0.0,de,1
Dirk Neubauer,Dirk Neubauer,PER,0.0,0.0,de,1
Arbeitgeberpräsident Rainer Dulger,Arbeitgeberpräsident Rainer Dulger,PER,0.0,0.0,de,1
Jan Willems,Jan Willems,PER,0.0,0.0,de,1
Umweltökonomin Charlotte Gerling,Umweltökonomin Charlotte Gerling,PER,0.7,0.0,de,1
Rahel Brede,Rahel Brede,PER,0.7,0.0,de,1
Mirja Fiedler,Mirja Fiedler,PER,0.0,0.0,de,1
Mythos Mao,Mythos Mao,PER,0.0,0.0,de,1
Oliver Baumann,Oliver Baumann,PER,0.0,0.0,de,1
Ulrich Schneekloth,Ulrich Schneekloth,PER,0.0,0.0,de,1
Hamas-Führer Sinwar,Hamas-Führer Sinwar,PER,0.0,0.0,de,1
Israels Regierung,Israels Regierung,PER,0.0,0.0,de,1
Anführers Jahia Sinwar,Anführers Jahia Sinwar,PER,0.7,0.0,de,1
Hamas-Chef Jahia Sinwar,Hamas-Chef Jahia Sinwar,PER,0.0,0.0,de,1
Katrin van R,Katrin van R,PER,0.0,0.0,de,1
Julia Löhr,Julia Löhr,PER,0.0,0.0,de,1
Jörg Plötzner,Jörg Plötzner,PER,1.0,0.0,,1
Eva Köster,Eva Köster,PER,1.0,0.0,,1
Mandy Ganske-Zapf,Mandy Ganske-Zapf,PER,0.0,0.0,de,1
Ron Prosor,Ron Prosor,PER,0.0,0.0,de,1
Trumps Segen,Trumps Segen,PER,0.0,0.0,de,1
Shalini Randeria,Shalini Randeria,PER,0.0,1.0,de,1
Flugaufnahme von Wuhledar,Flugaufnahme von Wuhledar,PER,0.0,0.0,de,1
Peggy Freudenberg,Peggy Freudenberg,PER,0.7,0.0,de,1
Mirga Grainyt-Tyla,Mirga Grainyt-Tyla,PER,0.0,0.0,de,1
Nora Gomringer,Nora Gomringer,PER,-1.0,0.0,de,1
Venezuelas Machthaber,Venezuelas Machthaber,PER,0.0,0.0,de,1
Cindy Wittke,Cindy Wittke,PER,0.0,0.0,de,1
Constantin Spinu,Constantin Spinu,PER,0.7,0.0,de,1
Issa Amro,Issa Amro,PER,1.0,0.0,de,1
Bernd Kauffmann,Bernd Kauffmann,PER,1.0,0.0,de,1
René Piechulek,René Piechulek,PER,0.0,0.0,de,1
Israels Bode,Israels Bode,PER,0.0,0.0,de,1
Nutzt Netanjahu,Nutzt Netanjahu,PER,0.0,0.0,de,1
Heiko Geue,Heiko Geue,PER,0.0,0.0,de,1
Julian Assanges,Julian Assanges,PER,0.0,0.0,de,1
Wuhledar einkesselt,Wuhledar einkesselt,PER,0.0,0.0,de,1
Iranische Hardliner,Iranische Hardliner,PER,0.0,0.0,de,1
Hisbollah-Führer Nasrallah,Hisbollah-Führer Nasrallah,PER,0.0,0.0,de,1
Jewgeni Prigoschi,Jewgeni Prigoschi,PER,0.0,0.0,de,1
Stephen Hubbard,Stephen Hubbard,PER,-1.0,0.0,de,1
Muriel Furre,Muriel Furre,PER,0.0,0.0,de,1
Schleswig-Holsteins Grünen-Chef,Schleswig-Holsteins Grünen-Chef,PER,0.0,0.0,de,1
Niedermaier von Furrers,Niedermaier von Furrers,PER,-0.7,0.0,de,1
März Mut,März Mut,PER,-1.0,0.0,de,1
Hizbullah-Chef Nasrallah,Hizbullah-Chef Nasrallah,PER,0.0,0.0,de,1
Ali al-Abi,Ali al-Abi,PER,0.0,0.0,de,1
Hizbullah-Anführer Hassan Nasrallah,Hizbullah-Anführer Hassan Nasrallah,PER,0.7,0.0,de,1
Alexei Kolomeitsev,Alexei Kolomeitsev,PER,0.0,0.0,de,1
Benjamin Netanjahuhat Iran,Benjamin Netanjahuhat Iran,PER,0.0,0.0,de,1
Liveblog Israels,Liveblog Israels,PER,0.0,0.0,de,1
LNG-Terminal Brunsbüttel,LNG-Terminal Brunsbüttel,PER,0.0,0.0,de,1
Verena von Ondarza,Verena von Ondarza,PER,0.0,0.0,de,1
Ukraine-Appell von Kretschmer,Ukraine-Appell von Kretschmer,PER,0.0,0.0,de,1
Mords verdäc,Mords verdäc,PER,0.0,0.0,de,1
Barbara Tribelhorn,Barbara Tribelhorn,PER,0.0,0.0,de,1
Bundespräsident Fra,Bundespräsident Fra,PER,0.0,0.0,de,1
Victoria Roschtschyna,Victoria Roschtschyna,PER,0.0,0.0,de,1
Selenskyj zu Gesprächen,Selenskyj zu Gesprächen,PER,0.0,0.0,de,1
Khaled Massoud,Khaled Massoud,PER,-0.7,0.0,de,1
Olaf Scholz z,Olaf Scholz z,PER,0.0,0.0,de,1
Friedrich Nietzsche,Friedrich Nietzsche,PER,-1.0,0.0,de,1
Frozen Shoulder,Frozen Shoulder,PER,-1.0,0.0,de,1
Demis Hassabis,Demis Hassabis,PER,1.0,0.0,de,1
David Baker,David Baker,PER,1.0,0.0,de,1
Harris Trump,Harris Trump,PER,-1.0,0.0,de,1
Bob Woodward,Bob Woodward,PER,0.0,0.0,de,1
Bob Woodwards,Bob Woodwards,PER,-0.7,0.0,de,1
Landwirtschaftsminister Özdemir,Landwirtschaftsminister Özdemir,PER,0.0,0.0,de,1
Eve Thermo,Eve Thermo,PER,0.7,0.0,de,1
Jimmy Carter,Jimmy Carter,PER,-0.7,0.0,de,1
Christian Geinitz,Christian Geinitz,PER,0.0,0.0,de,1
Deutschlands Nachbarn,Deutschlands Nachbarn,PER,0.0,0.0,de,1
Jahrestag Hamas-Angriff,Jahrestag Hamas-Angriff,PER,0.0,0.0,de,1
Anatoli Iwanowitsch Antonow,Anatoli Iwanowitsch Antonow,PER,0.0,0.0,de,1
Matthias Uhl entta,Matthias Uhl entta,PER,0.0,0.0,de,1
Atallah Ali,Atallah Ali,PER,0.0,0.0,de,1
Dmytro Schmajlo,Dmytro Schmajlo,PER,1.0,0.0,de,1
Pawel Zalewski,Pawel Zalewski,PER,0.7,0.0,de,1
Bruno Kreisky-Stiftung,Bruno Kreisky-Stiftung,PER,1.0,0.0,de,1
EU-Klimakommissar Hoekstra,EU-Klimakommissar Hoekstra,PER,0.0,0.0,de,1
Stella Assange,Stella Assange,PER,0.0,0.0,de,1
Rosch ha-Schana,Rosch ha-Schana,PER,0.0,0.0,de,1
Blome zu Wagenknecht,Blome zu Wagenknecht,PER,1.0,0.0,de,1
Wuhledar Thank,Wuhledar Thank,PER,0.0,0.0,de,1
Trumps Strafzölle,Trumps Strafzölle,PER,0.0,0.0,de,1
Nordkorea Soldaten,Nordkorea Soldaten,PER,0.0,0.0,de,1
Alexander Luka,Alexander Luka,PER,0.0,0.0,de,1
Erling Haalands Führungstreffer,Erling Haalands Führungstreffer,PER,0.0,0.0,de,1
Niedersachsens Wirtschaftsminister Olaf Lies,Niedersachsens Wirtschaftsminister Olaf Lies,PER,0.0,0.0,de,1
einsamem Strand,einsamem Strand,PER,-0.7,0.0,de,1
Marcel Fratzsc,Marcel Fratzsc,PER,0.0,0.0,de,1
Vinicius Jr,Vinicius Jr,PER,1.0,0.0,de,1
Jude Bellingham,Jude Bellingham,PER,0.0,0.0,de,1
Louis Olinde,Louis Olinde,PER,-1.0,0.0,de,1
Joao Pedro,Joao Pedro,PER,0.0,0.0,de,1
Yasemin G,Yasemin G,PER,0.0,0.0,de,1
Carlos Mazon,Carlos Mazon,PER,0.0,0.0,de,1
Alina Maksimenko,Alina Maksimenko,PER,0.0,0.0,de,1
Tobias Wagner,Tobias Wagner,PER,0.0,0.0,de,1
Kryvyi Rih,Kryvyi Rih,PER,-1.0,0.0,de,1
Jochen Becker,Jochen Becker,PER,0.0,1.0,de,1
Robert Way,Robert Way,PER,0.0,0.0,de,1
Liveblog Qatar,Liveblog Qatar,PER,-0.7,0.0,de,1
Israel Bruch,Israel Bruch,PER,-0.7,0.0,de,1
Trumps Klimakatastrophe,Trumps Klimakatastrophe,PER,0.0,0.0,de,1
Schoof sprac,Schoof sprac,PER,0.0,0.0,de,1
Trumps Wirtschaftspolitik,Trumps Wirtschaftspolitik,PER,0.0,0.0,de,1
Donald Trumps Wahlsieg,Donald Trumps Wahlsieg,PER,0.0,0.0,de,1
Bryan Adams,Bryan Adams,PER,0.0,0.0,de,1
Jella Haase,Jella Haase,PER,0.0,0.0,de,1
Bernhard Kegels,Bernhard Kegels,PER,0.0,0.0,de,1
Schwedens Streitkräfte,Schwedens Streitkräfte,PER,0.35,0.5,de,1
Nordkoreas Kriegshilfe,Nordkoreas Kriegshilfe,PER,0.7,0.0,de,1
Nida Grunskiene vor,Nida Grunskiene vor,PER,0.0,0.0,de,1
Rentner hortete,Rentner hortete,PER,0.7,0.0,de,1
Fritz Stockinger,Fritz Stockinger,PER,0.0,0.0,de,1
FDP-Chef Lindner,FDP-Chef Lindner,PER,0.0,0.0,de,1
Kraft Heinz,Kraft Heinz,PER,0.0,0.0,de,1
Marcel Sobottka,Marcel Sobottka,PER,-1.0,0.0,de,1
Olli Rehn,Olli Rehn,PER,-1.0,0.0,de,1
Herman Smetanin,Herman Smetanin,PER,-1.0,0.0,de,1
Kindern verg,Kindern verg,PER,-1.0,0.0,de,1
Christoph Lamby,Christoph Lamby,PER,0.0,0.0,de,1
Springreiter Richard Vogel,Springreiter Richard Vogel,PER,0.0,0.0,de,1
Lily Ifield,Lily Ifield,PER,0.0,0.0,de,1
Russlands Angriffskrieg,Russlands Angriffskrieg,PER,-1.0,0.0,de,1
Grünen-Spitzenkandidat Robert Habeck,Grünen-Spitzenkandidat Robert Habeck,PER,0.0,0.0,de,1
Grünen-Spitzenkandidat Habeck,Grünen-Spitzenkandidat Habeck,PER,0.0,0.0,de,1
Trumps Machtübernahme,Trumps Machtübernahme,PER,0.0,0.0,de,1
Holger Nieswandt,Holger Nieswandt,PER,0.0,0.0,de,1
Simon Plentinger,Simon Plentinger,PER,0.0,0.0,de,1
Selenskyj zu Waffen-Erlaubnis,Selenskyj zu Waffen-Erlaubnis,PER,0.0,0.0,de,1
Selenskyj spr,Selenskyj spr,PER,0.0,0.0,de,1
China Drohnenhilfe,China Drohnenhilfe,PER,1.0,0.0,de,1
Liveblog Michael Roth,Liveblog Michael Roth,PER,0.7,0.0,de,1
Albert Stahel,Albert Stahel,PER,0.0,0.0,de,1
männermordenden Kriegerinnen,männermordenden Kriegerinnen,PER,0.0,0.0,de,1
Joao Pacifico,Joao Pacifico,PER,-1.0,0.0,de,1
Netanjahus Privatresidenz,Netanjahus Privatresidenz,PER,0.0,1.0,de,1
Kanzlerkandidat Friedrich Merz,Kanzlerkandidat Friedrich Merz,PER,0.0,0.0,de,1
Gasmanager Wright,Gasmanager Wright,PER,0.0,0.0,de,1
Claire Lackner,Claire Lackner,PER,0.0,0.0,de,1
Gerhard Roiss,Gerhard Roiss,PER,1.0,0.0,de,1
Telefonat Scholz-Putin,Telefonat Scholz-Putin,PER,0.0,0.0,de,1
Regierungschef Nehammer,Regierungschef Nehammer,PER,0.0,0.0,de,1
Reizthema Raumtemperatur,Reizthema Raumtemperatur,PER,1.0,0.0,de,1
Andreas Schicker,Andreas Schicker,PER,-0.7,0.0,de,1
Hoffenheims Sport-Geschäftsführer,Hoffenheims Sport-Geschäftsführer,PER,-0.7,0.0,de,1
Charles’ Horrorjahr,Charles’ Horrorjahr,PER,0.0,0.0,de,1
Abwehrboss Sebastian,Abwehrboss Sebastian,PER,0.0,0.0,de,1
Peter Parker,Peter Parker,PER,1.0,0.0,de,1
Serhij Popko,Serhij Popko,PER,0.0,0.0,de,1
Was Verbraucher,Was Verbraucher,PER,0.0,0.0,de,1
Judith Hauck,Judith Hauck,PER,0.0,0.0,de,1
Jamil Siebert,Jamil Siebert,PER,-1.0,0.0,de,1
Arbeitsmarkt Österreich,Arbeitsmarkt Österreich,PER,0.0,1.0,de,1
Familie Catapano,Familie Catapano,PER,0.0,0.0,de,1
Vilija Blinkeviciute,Vilija Blinkeviciute,PER,0.7,0.0,de,1
Urlauber Kurtaxe,Urlauber Kurtaxe,PER,1.0,0.0,de,1
Israel Teheran,Israel Teheran,PER,-0.7,0.0,de,1
Julio Segador,Julio Segador,PER,0.0,0.0,de,1
Israel Teh,Israel Teh,PER,-0.7,0.0,de,1
Kindern aufforder,Kindern aufforder,PER,0.0,0.0,de,1
Moskaus Leitzins,Moskaus Leitzins,PER,0.0,0.0,de,1
Mann Georgiens,Mann Georgiens,PER,0.7,0.0,de,1
Margrethe II,Margrethe II,PER,0.0,0.0,de,1
Was Scholz,Was Scholz,PER,0.0,0.0,de,1
Jörg Frauhammer,Jörg Frauhammer,PER,0.0,0.0,de,1
will Harris,will Harris,PER,0.0,0.0,de,1
Mark Rutt,Mark Rutt,PER,0.0,0.0,de,1
Kim Jong Uns,Kim Jong Uns,PER,0.0,0.0,de,1
Strava tracken,Strava tracken,PER,0.0,0.0,de,1
Nevin Aladag,Nevin Aladag,PER,0.0,0.0,de,1
Juergen Nowak,Juergen Nowak,PER,0.0,0.0,de,1
Andrew OHagan,Andrew OHagan,PER,0.0,0.0,de,1
Andrew O’Hagan,Andrew O’Hagan,PER,0.0,0.0,de,1
Bjarne Behrens,Bjarne Behrens,PER,0.0,0.0,de,1
Tech-Milliardär Musk,Tech-Milliardär Musk,PER,0.0,0.0,de,1
Ukraine Nordkoreaner,Ukraine Nordkoreaner,PER,0.0,0.0,de,1
UN-Sprecher Farhan Haq,UN-Sprecher Farhan Haq,PER,1.0,0.0,de,1
Militärhilfe Nordkoreas,Militärhilfe Nordkoreas,PER,0.0,0.0,de,1
Milos Vucevic,Milos Vucevic,PER,-1.0,0.0,de,1
Alexander Luk,Alexander Luk,PER,1.0,0.0,de,1
Antisemitismus positi,Antisemitismus positi,PER,0.0,0.0,de,1
Samuel Salzborn,Samuel Salzborn,PER,0.0,0.0,de,1
Thomas Wäsche,Thomas Wäsche,PER,0.0,0.0,de,1
Sozialverband zerrupft Lindners,Sozialverband zerrupft Lindners,PER,0.0,0.0,de,1
Südkoreas Außenminister Cho Tae Yul,Südkoreas Außenminister Cho Tae Yul,PER,-0.09999999999999998,0.0,de,1
Yana Zalevska,Yana Zalevska,PER,0.7,0.0,de,1
CO2-freien Kraftstoff,CO2-freien Kraftstoff,PER,0.7,0.0,de,1
Michael Dechev,Michael Dechev,PER,0.0,0.0,de,1
SPD-Politiker Roth,SPD-Politiker Roth,PER,0.0,0.0,de,1
Ali Fadawi,Ali Fadawi,PER,0.0,1.0,de,1
Mary Donaldson,Mary Donaldson,PER,0.0,0.0,de,1
Metas Kernkraftpläne,Metas Kernkraftpläne,PER,0.0,0.0,de,1
Fraktionsvize Jens Spahn,Fraktionsvize Jens Spahn,PER,0.7,0.0,de,1
Mychajlo Gontschar,Mychajlo Gontschar,PER,0.0,0.0,de,1
Iran Medienberichten,Iran Medienberichten,PER,-1.0,0.0,de,1
Pro-Europäerin Sandu,Pro-Europäerin Sandu,PER,0.0,0.0,de,1
Israel zurückzu,Israel zurückzu,PER,0.0,0.0,de,1
Christian L,Christian L,PER,0.0,0.0,de,1
Ukraine widersetz,Ukraine widersetz,PER,0.0,0.0,de,1
Liz Cheney,Liz Cheney,PER,0.0,0.0,de,1
Konzern-Chef Blume,Konzern-Chef Blume,PER,0.0,0.0,de,1
Nicolaus Stauder,Nicolaus Stauder,PER,0.0,0.0,de,1
Nordkoreas Außenministerin Choe Son Hui,Nordkoreas Außenministerin Choe Son Hui,PER,0.0,0.0,de,1
Habecks Hoffnungswert,Habecks Hoffnungswert,PER,0.0,0.0,de,1
Monika Schmid-Balzert,Monika Schmid-Balzert,PER,0.0,0.0,de,1
SPD-Außenpolitiker Michael Roth,SPD-Außenpolitiker Michael Roth,PER,0.0,0.0,de,1
Mecklenburg-Vorpommerns Europaministerin,Mecklenburg-Vorpommerns Europaministerin,PER,0.0,0.0,de,1
Score-Studie zu Shopping-Trends,Score-Studie zu Shopping-Trends,PER,1.0,0.0,de,1
Herr Mankoff,Herr Mankoff,PER,-0.7,0.0,de,1
Nordkorea zu,Nordkorea zu,PER,0.0,0.0,de,1
Kims Söldner,Kims Söldner,PER,0.0,0.0,de,1
Waleri Fadejew,Waleri Fadejew,PER,0.0,0.0,de,1
Dieter S,Dieter S,PER,0.0,0.0,de,1
Russisch-besetztes Horliwka,Russisch-besetztes Horliwka,PER,0.7,0.0,de,1
Nordkorea Abzug,Nordkorea Abzug,PER,0.0,0.0,de,1
Wassili Nebensja,Wassili Nebensja,PER,1.0,0.0,de,1
Joachim Nagel mahnt,Joachim Nagel mahnt,PER,0.0,0.0,de,1
Gregor Kobel,Gregor Kobel,PER,-1.0,0.0,de,1
Paul Pelosi,Paul Pelosi,PER,0.0,0.0,de,1
Sportministerin Stefanie Drese,Sportministerin Stefanie Drese,PER,0.0,0.0,de,1
Anker Soundcore,Anker Soundcore,PER,0.0,0.0,de,1
Biden Selenskyj,Biden Selenskyj,PER,0.7,0.0,de,1
Dipa Singh Shahi,Dipa Singh Shahi,PER,-1.0,0.0,de,1
Groß-Angriff schockt Putin,Groß-Angriff schockt Putin,PER,0.0,0.0,de,1
Ksenia Khavana,Ksenia Khavana,PER,0.0,0.0,de,1
Wolfgang Hellmich,Wolfgang Hellmich,PER,-0.7,0.0,de,1
Fluchthelfer Puigdemonts,Fluchthelfer Puigdemonts,PER,-0.7,0.0,de,1
Michael Clarke,Michael Clarke,PER,0.0,0.0,de,1
Michael Giss,Michael Giss,PER,0.7,0.0,de,1
Gabriel wachsen,Gabriel wachsen,PER,0.0,0.0,de,1
kalt erwis,kalt erwis,PER,-0.7,0.0,de,1
Martin Limbeck,Martin Limbeck,PER,0.0,1.0,de,1
Jewgeni Balizki,Jewgeni Balizki,PER,0.0,0.0,de,1
Alexander Görla,Alexander Görla,PER,1.0,0.0,de,1
Continental-Chef Nikolai Setzer,Continental-Chef Nikolai Setzer,PER,0.0,0.0,de,1
Putin e,Putin e,PER,0.0,0.0,de,1
Elisa Gallo,Elisa Gallo,PER,0.0,0.0,de,1
Netanyahus Kriegsziel,Netanyahus Kriegsziel,PER,0.0,0.0,de,1
Juri Podoljaka,Juri Podoljaka,PER,0.0,0.0,de,1
Claudia She,Claudia She,PER,0.0,0.0,de,1
Putin m,Putin m,PER,0.0,0.0,de,1
Putin mahnt Vermeidung,Putin mahnt Vermeidung,PER,0.0,0.0,de,1
Kreml-Kritiker Jaschin,Kreml-Kritiker Jaschin,PER,0.0,0.0,de,1
freigekommene Moskauer,freigekommene Moskauer,PER,0.0,0.0,de,1
Moskaus Generalstabschef Waleri Gerassimow,Moskaus Generalstabschef Waleri Gerassimow,PER,0.0,0.0,de,1
Lars Düsterhöft,Lars Düsterhöft,PER,0.0,0.0,de,1
Khalil H,Khalil H,PER,0.0,0.0,de,1
Valves Shooter-Reihe,Valves Shooter-Reihe,PER,0.7,0.0,de,1
Abdoulaye Maiga,Abdoulaye Maiga,PER,0.7,0.0,de,1
Iryna Geras,Iryna Geras,PER,0.0,0.0,de,1
Sudtawee Thepsuponkul,Sudtawee Thepsuponkul,PER,0.0,0.0,de,1
freigekommene Kreml-Kritiker Ilja Jaschin,freigekommene Kreml-Kritiker Ilja Jaschin,PER,0.7,0.0,de,1
Mykola Oleschuk,Mykola Oleschuk,PER,0.0,0.0,de,1
Hassan Sheikh Mohamud,Hassan Sheikh Mohamud,PER,0.0,0.0,de,1
Jack OConnor,Jack OConnor,PER,0.0,0.0,de,1
Israels Verteidigungsminister Gallant,Israels Verteidigungsminister Gallant,PER,0.0,0.0,de,1
Bosch noc,Bosch noc,PER,0.0,0.0,de,1
Demoskopie Allensbach,Demoskopie Allensbach,PER,0.0,0.0,de,1
Robin Wagener,Robin Wagener,PER,0.0,1.0,de,1
Oryan Mueller,Oryan Mueller,PER,0.0,0.0,de,1
Itamar Greenberg,Itamar Greenberg,PER,0.0,0.0,de,1
Yuval Moav,Yuval Moav,PER,0.0,0.0,de,1
Oren Ziv,Oren Ziv,PER,0.0,0.0,de,1
Midea PortaSplit,Midea PortaSplit,PER,0.0,0.0,de,1
Ole Nymoen,Ole Nymoen,PER,0.0,0.0,de,1
Sabina Matthay,Sabina Matthay,PER,0.0,0.0,de,1
Tschüss Kälte,Tschüss Kälte,PER,-1.0,0.0,de,1
Amal Clooney,Amal Clooney,PER,0.0,0.0,de,1
entkommenem Straftäter,entkommenem Straftäter,PER,0.0,0.0,de,1
Kims Allianz,Kims Allianz,PER,0.0,0.0,de,1
Beschwerde Russlands,Beschwerde Russlands,PER,-1.0,0.0,de,1
Jürgen Resch,Jürgen Resch,PER,0.7,0.0,de,1
Kristina Koch,Kristina Koch,PER,0.0,0.0,de,1
Katharina Jaschinksy,Katharina Jaschinksy,PER,0.35,0.5,de,1
Andreas F,Andreas F,PER,-0.7,0.0,de,1
Atomkraft-Aktivist Andreas F,Atomkraft-Aktivist Andreas F,PER,0.0,0.0,de,1
Patti Davis,Patti Davis,PER,0.0,0.0,de,1
Jack Lew,Jack Lew,PER,-1.0,0.0,de,1
Kasimir Malewitsch,Kasimir Malewitsch,PER,0.0,0.0,de,1
Kiews Luftlandetruppen,Kiews Luftlandetruppen,PER,0.0,0.0,de,1
Kiews Kursk-Geheimplan,Kiews Kursk-Geheimplan,PER,0.0,0.0,de,1
August per WhatsApp,August per WhatsApp,PER,0.0,0.0,de,1
Nordseeinsel Borkum,Nordseeinsel Borkum,PER,0.0,0.0,de,1
ächzende Mischkonzern Baywa,ächzende Mischkonzern Baywa,PER,0.0,0.0,de,1
Reinhard Schlieker,Reinhard Schlieker,PER,0.85,0.0,de,1
Erdoans Wahlversprechen,Erdoans Wahlversprechen,PER,0.0,1.0,de,1
Oligarch Deripaska,Oligarch Deripaska,PER,0.0,0.0,de,1
Joachim Herrmann verabschied,Joachim Herrmann verabschied,PER,0.0,0.0,de,1
Israels Finanzminister,Israels Finanzminister,PER,0.0,0.0,de,1
Qi-fähige Smartphones,Qi-fähige Smartphones,PER,0.0,0.0,de,1
schön asus,schön asus,PER,-0.5,0.0,de,1
Militärflugplatz Morosowsk,Militärflugplatz Morosowsk,PER,0.0,0.0,de,1
freigekommene Deutsch-Russe Kevin Lick,freigekommene Deutsch-Russe Kevin Lick,PER,0.0,0.0,de,1
Putins Hungerkrieg,Putins Hungerkrieg,PER,0.0,0.0,de,1
Trumps Vize-Kandidat,Trumps Vize-Kandidat,PER,-0.5,0.0,de,1
Trumps Vize-Kandidat lä,Trumps Vize-Kandidat lä,PER,0.0,0.0,de,1
"Bali-Flieger"" Yannik","Bali-Flieger"" Yannik",PER,0.0,0.0,de,1
Sport-Boss Keller,Sport-Boss Keller,PER,0.0,1.0,de,1
Deutschlands frechster Klima-Krimineller,Deutschlands frechster Klima-Krimineller,PER,0.0,0.0,de,1
Yannick Seuthe,Yannick Seuthe,PER,0.0,0.0,de,1
Anna Kalinina,Anna Kalinina,PER,0.0,0.0,de,1
Andrej Piwowarow,Andrej Piwowarow,PER,0.0,0.0,de,1
Handelstochter von Migros,Handelstochter von Migros,PER,0.0,0.0,de,1
Raynald Aeschlimann,Raynald Aeschlimann,PER,0.0,0.0,de,1
Jürgen Schmude,Jürgen Schmude,PER,-1.0,0.0,de,1
Berlins Justizsenatorin Felor Badenberg,Berlins Justizsenatorin Felor Badenberg,PER,-1.0,0.0,de,1
Thomas Herrich,Thomas Herrich,PER,0.0,0.0,de,1
Frankreichs Rugby-Männer,Frankreichs Rugby-Männer,PER,0.0,0.0,de,1
Valentina Bondarenko,Valentina Bondarenko,PER,-1.0,0.0,de,1
Granaten werfen,Granaten werfen,PER,1.0,0.0,de,1
Oleksandr Pivnenko,Oleksandr Pivnenko,PER,0.0,0.0,de,1
Vorsatz Moskaus,Vorsatz Moskaus,PER,0.0,0.0,de,1
Analysegruppe Deepstate,Analysegruppe Deepstate,PER,0.0,0.0,de,1
Gefängniskolonie Oleniwka,Gefängniskolonie Oleniwka,PER,0.0,0.0,de,1
Michael Six von Goldbeck,Michael Six von Goldbeck,PER,0.0,0.0,de,1
Gunnar Groebler von Salzgitter,Gunnar Groebler von Salzgitter,PER,0.0,0.0,de,1
Manfred Pentz,Manfred Pentz,PER,0.0,0.0,de,1
Marc Frie,Marc Frie,PER,-0.6666666666666666,0.3333333333333333,de,1
Taras Schewtschenko,Taras Schewtschenko,PER,0.0,0.0,de,1
Angriff Russlands,Angriff Russlands,PER,-0.7,0.0,de,1
Isabell Karras,Isabell Karras,PER,0.0,0.0,de,1
Carsten Bre,Carsten Bre,PER,0.0,0.0,de,1
Tristan Simon,Tristan Simon,PER,0.0,0.0,de,1
Ruth Kirchner,Ruth Kirchner,PER,0.0,0.0,de,1
Chefdiplomat Borrell,Chefdiplomat Borrell,PER,0.0,0.0,de,1
Antoine Dupont,Antoine Dupont,PER,0.0,0.0,de,1
Finalgegner Fidschi,Finalgegner Fidschi,PER,-0.7,0.0,de,1
Pazifikinseln antikoloniale,Pazifikinseln antikoloniale,PER,0.0,0.0,de,1
Dyson Hot+Cool,Dyson Hot+Cool,PER,0.7,0.0,de,1
Elitenprodukt für Komfort-Ökologen,Elitenprodukt für Komfort-Ökologen,PER,0.0,0.0,de,1
Stephan Stuchlik,Stephan Stuchlik,PER,0.0,0.0,de,1
Alsu Kumasheva,Alsu Kumasheva,PER,0.0,0.0,de,1
Russen ausgetausch,Russen ausgetausch,PER,0.0,0.0,de,1
Sergey Gulko,Sergey Gulko,PER,0.0,0.0,de,1
Hamas-Anführer Haniyeh,Hamas-Anführer Haniyeh,PER,0.7,0.0,de,1
landgestützte Marschflugkörper,landgestützte Marschflugkörper,PER,0.0,0.0,de,1
Justina Jarueviit Foto,Justina Jarueviit Foto,PER,0.0,0.0,de,1
Justina Jaruševičiūtė,Justina Jaruševičiūtė,PER,0.0,0.0,de,1
Mein Opa,Mein Opa,PER,0.0,0.0,de,1
Hamas-Anführer Hanija,Hamas-Anführer Hanija,PER,0.0,0.0,de,1
Minister Matwij Bidny,Minister Matwij Bidny,PER,0.0,0.0,de,1
Sahra Wa,Sahra Wa,PER,0.0,0.0,de,1
Heinrich Fischer,Heinrich Fischer,PER,0.0,0.0,de,1
August den Bahnhofsplatz,August den Bahnhofsplatz,PER,0.0,0.0,de,1
Märkischer Kreis,Märkischer Kreis,PER,-1.0,0.0,de,1
Experten erkenne,Experten erkenne,PER,0.0,0.0,de,1
Habecks Wärmepumpen-Strategie,Habecks Wärmepumpen-Strategie,PER,0.0,0.0,de,1
Stopp von Diesellieferungen,Stopp von Diesellieferungen,PER,0.0,0.0,de,1
Jaroslav Moravcik,Jaroslav Moravcik,PER,0.0,0.0,de,1
Olga Charlan,Olga Charlan,PER,-1.0,0.0,de,1
Fabian Hinz,Fabian Hinz,PER,-1.0,0.0,de,1
Scholz’ Raketenplan,Scholz’ Raketenplan,PER,0.0,0.0,de,1
CDU-Mann Altmaier,CDU-Mann Altmaier,PER,1.0,0.0,de,1
Franz Gerber,Franz Gerber,PER,0.0,0.0,de,1
Markus Staudt,Markus Staudt,PER,0.0,0.0,de,1
Konsumnahe Bereiche,Konsumnahe Bereiche,PER,1.0,0.0,de,1
entflohenem Mann,entflohenem Mann,PER,0.0,0.0,de,1
Lukas Märtens,Lukas Märtens,PER,0.7,0.0,de,1
Premier Benjamin Netanjahu,Premier Benjamin Netanjahu,PER,0.0,0.0,de,1
Ausbau von Kohlekraft,Ausbau von Kohlekraft,PER,0.0,0.0,de,1
Bretton Woods,Bretton Woods,PER,0.0,0.0,de,1
Jean-Noël Barrots,Jean-Noël Barrots,PER,0.7,0.0,de,1
Kaan Kairinen,Kaan Kairinen,PER,0.0,0.0,de,1
Stübgens Privatautos,Stübgens Privatautos,PER,0.0,0.0,de,1
Marc Eggers,Marc Eggers,PER,0.0,1.0,de,1
Tokio Hotel,Tokio Hotel,PER,0.0,0.0,de,1
Leonore Gewesseler,Leonore Gewesseler,PER,0.0,1.0,de,1
Generaldirektor Serhij Palkin,Generaldirektor Serhij Palkin,PER,0.0,0.0,de,1
RB-Keeper Jannis Blaswich,RB-Keeper Jannis Blaswich,PER,0.0,0.0,de,1
Julian Röpcke,Julian Röpcke,PER,0.0,0.0,de,1
Joaw Galant,Joaw Galant,PER,0.0,0.0,de,1
Gohar Vardanjan,Gohar Vardanjan,PER,-1.0,0.0,de,1
Carla Reemtsma,Carla Reemtsma,PER,-0.35,0.5,de,1
Frieda Egeling,Frieda Egeling,PER,-0.35,0.5,de,1
Sturm Constanze,Sturm Constanze,PER,-1.0,0.0,de,1
Ukraine Milliarden-Finanzhilfen,Ukraine Milliarden-Finanzhilfen,PER,0.0,0.0,de,1
Demos von,Demos von,PER,0.0,0.0,de,1
Grünen-Fraktionschefin Dröge,Grünen-Fraktionschefin Dröge,PER,-1.0,0.0,de,1
Nachrichten-App Telegram,Nachrichten-App Telegram,PER,0.7,0.0,de,1
Phil Mistry,Phil Mistry,PER,-1.0,0.0,de,1
Holger Schmidt,Holger Schmidt,PER,0.0,0.0,de,1
Bruder Gozbert,Bruder Gozbert,PER,1.0,0.0,de,1
Bruder Reginhart,Bruder Reginhart,PER,1.0,0.0,de,1
Theodore Roosevelt,Theodore Roosevelt,PER,0.0,0.0,de,1
Andrei Kosyrew,Andrei Kosyrew,PER,-0.7,0.0,de,1
Sergii Osat,Sergii Osat,PER,0.0,0.0,de,1
Dong Jun,Dong Jun,PER,0.0,0.0,de,1
Neu-Coach Gordon Herbert,Neu-Coach Gordon Herbert,PER,-1.0,0.0,de,1
Familienunternehmen Acotherm,Familienunternehmen Acotherm,PER,1.0,0.0,de,1
Nordrhein-Westfalens Justizminister Limbach,Nordrhein-Westfalens Justizminister Limbach,PER,0.0,0.0,de,1
NATO-Chef Jens Stoltenberg,NATO-Chef Jens Stoltenberg,PER,0.0,0.0,de,1
Outfits Fingerspitzengefühl,Outfits Fingerspitzengefühl,PER,0.0,0.0,de,1
Kurs Kiews,Kurs Kiews,PER,-1.0,0.0,de,1
Hollywoodstar Arnold Schwarzenegger,Hollywoodstar Arnold Schwarzenegger,PER,1.0,0.0,de,1
Bill McKibben,Bill McKibben,PER,0.0,0.0,de,1
Tim Engartner,Tim Engartner,PER,0.0,0.0,de,1
Jan Garvert,Jan Garvert,PER,0.0,0.0,de,1
Kevin Krona,Kevin Krona,PER,0.0,1.0,de,1
Iran Hackerangriff,Iran Hackerangriff,PER,0.0,0.0,de,1
Ulrike Scharf,Ulrike Scharf,PER,0.7,0.0,de,1
Putins Drohnenmann,Putins Drohnenmann,PER,0.0,0.0,de,1
Rücktritt Ricarda,Rücktritt Ricarda,PER,-1.0,0.0,de,1
Hannah Brinkmann,Hannah Brinkmann,PER,0.0,0.0,de,1
Finanz-Profi Kevin Kronauer,Finanz-Profi Kevin Kronauer,PER,0.0,1.0,de,1
Valentin Lippmann,Valentin Lippmann,PER,0.0,0.0,de,1
Kiews Geheimdienstchef,Kiews Geheimdienstchef,PER,-0.7,0.0,de,1
Stehlampe von Govee,Stehlampe von Govee,PER,0.7,0.0,de,1
Ukraines Befehlshaber,Ukraines Befehlshaber,PER,0.0,0.0,de,1
Selenskyj wuss,Selenskyj wuss,PER,0.0,0.0,de,1
Drückt Putin,Drückt Putin,PER,0.0,0.0,de,1
Keir Starmer Russland,Keir Starmer Russland,PER,0.0,0.0,de,1
John Beard Junior,John Beard Junior,PER,0.0,0.0,de,1
Selenskyj i,Selenskyj i,PER,0.0,0.0,de,1
Boris Mayer,Boris Mayer,PER,0.7,0.0,de,1
Linux merged Real-Time,Linux merged Real-Time,PER,0.0,0.0,de,1
Aaron Sobczak,Aaron Sobczak,PER,0.0,0.0,de,1
Katharina II,Katharina II,PER,0.0,0.0,de,1
Ray Kurzweil,Ray Kurzweil,PER,0.0,0.0,de,1
© Screenshot,© Screenshot,PER,0.0,0.0,de,1
Selenskyjs Siegesplan,Selenskyjs Siegesplan,PER,0.0,0.0,de,1
yr Selenskyj,yr Selenskyj,PER,1.0,0.0,de,1
Heizspiegel Deutschland,Heizspiegel Deutschland,PER,0.0,0.0,de,1
Craig Hanson,Craig Hanson,PER,0.0,0.0,de,1
Chinas Atomstrom,Chinas Atomstrom,PER,0.0,0.0,de,1
Julio Cesar Condori Aroni,Julio Cesar Condori Aroni,PER,0.0,0.0,de,1
Sabato de Sarno,Sabato de Sarno,PER,-1.0,0.0,de,1
Dolce Vita,Dolce Vita,PER,0.0,0.0,de,1
angegriffenes Munitionslager,angegriffenes Munitionslager,PER,1.0,0.0,de,1
Was stec,Was stec,PER,0.0,0.0,de,1
Personalvorstand Gunnar Kilian,Personalvorstand Gunnar Kilian,PER,-0.7,0.0,de,1
Birgit Malsack-Winkemann,Birgit Malsack-Winkemann,PER,0.0,0.0,de,1
Anja Braun,Anja Braun,PER,0.0,0.0,de,1
Paul Kalkbrenner,Paul Kalkbrenner,PER,0.0,0.0,de,1
Wolodymyr Selenskyj w,Wolodymyr Selenskyj w,PER,1.0,0.0,de,1
Lego Technic Ferrari,Lego Technic Ferrari,PER,0.0,0.0,de,1
Aminata Touré,Aminata Touré,PER,1.0,0.0,de,1
Mykola Oleshchuk,Mykola Oleshchuk,PER,0.0,0.0,de,1
Ukhnaagiin Khurelsukh der Mongolei,Ukhnaagiin Khurelsukh der Mongolei,PER,0.0,0.0,de,1
Putins Wagner-Söldner,Putins Wagner-Söldner,PER,0.0,0.0,de,1
Experten rechn,Experten rechn,PER,0.0,0.0,de,1
Idris Elba,Idris Elba,PER,0.0,0.0,de,1
Adeline Abimnwi Awemo,Adeline Abimnwi Awemo,PER,-1.0,0.0,de,1
Wladislaw Ammosow,Wladislaw Ammosow,PER,0.0,0.0,de,1
Vize-Außenminister Sergej Rjabkow,Vize-Außenminister Sergej Rjabkow,PER,0.0,0.0,de,1
Hans-Peter Bartels,Hans-Peter Bartels,PER,0.0,0.0,de,1
Rainer Glatz,Rainer Glatz,PER,0.0,0.0,de,1
Hans-Peter Bartel,Hans-Peter Bartel,PER,0.0,0.0,de,1
Farah Dakhlallah,Farah Dakhlallah,PER,0.0,0.0,de,1
Ökonom Carsten Brzeski,Ökonom Carsten Brzeski,PER,0.0,0.0,de,1
Kevan Parekh,Kevan Parekh,PER,0.0,0.0,de,1
Andrea Hensel,Andrea Hensel,PER,0.0,0.0,de,1
Jochen Kopelke,Jochen Kopelke,PER,0.7,0.0,de,1
Sabine Sütterlin-Waack,Sabine Sütterlin-Waack,PER,0.0,1.0,de,1
Alex Lissitsa,Alex Lissitsa,PER,0.7,0.0,de,1
Daniela Kriens,Daniela Kriens,PER,0.7,0.0,de,1
Res Siguschs Künstlerroman,Res Siguschs Künstlerroman,PER,0.0,0.0,de,1
Clemens Baumgärtner,Clemens Baumgärtner,PER,0.0,0.0,de,1
Oprah Winfrey,Oprah Winfrey,PER,0.0,0.0,de,1
Europaminister Nathanael Liminski,Europaminister Nathanael Liminski,PER,1.0,0.0,de,1
Bundesratspräsidentin Manuela Schwesig,Bundesratspräsidentin Manuela Schwesig,PER,0.0,0.0,de,1
Anatoli Sebeljew,Anatoli Sebeljew,PER,0.0,0.0,de,1
Russland kom,Russland kom,PER,0.0,0.0,de,1
Finanz-Profi Marc Friedrich,Finanz-Profi Marc Friedrich,PER,0.0,1.0,de,1
Wolodymyr Selenksyj,Wolodymyr Selenksyj,PER,0.0,0.0,de,1
Niklas-Wilson Sommer,Niklas-Wilson Sommer,PER,0.0,0.0,de,1
Dick Schoof,Dick Schoof,PER,-0.7,0.0,de,1
Uchnaagiin Chürelsüch,Uchnaagiin Chürelsüch,PER,0.0,0.0,de,1
Israels Konsulat,Israels Konsulat,PER,0.0,0.0,de,1
Entwickeln Kiews Streitkräfte,Entwickeln Kiews Streitkräfte,PER,0.0,0.0,de,1
Olaf Scholz sp,Olaf Scholz sp,PER,0.0,0.0,de,1
Michail Birjukow,Michail Birjukow,PER,0.5,0.5,de,1
Fritz Reusswig,Fritz Reusswig,PER,0.0,0.0,de,1
Mega-Kämpfer Klitschko,Mega-Kämpfer Klitschko,PER,0.0,0.0,de,1
Petro Poroschen,Petro Poroschen,PER,0.7,0.0,de,1
Marie-Agnes Strack-Zimmerman,Marie-Agnes Strack-Zimmerman,PER,-0.7,0.0,de,1
Ludger Kazmierczak,Ludger Kazmierczak,PER,0.0,0.0,de,1
WELT-Redakteurin Hannah Bethke,WELT-Redakteurin Hannah Bethke,PER,0.0,0.0,de,1
Rüstungsforscher Fabian Hoffman,Rüstungsforscher Fabian Hoffman,PER,0.0,0.0,de,1
Kremlchef Wladmir Putin,Kremlchef Wladmir Putin,PER,0.0,0.0,de,1
Selenskyj s,Selenskyj s,PER,0.0,0.0,de,1
Constantin Möstl,Constantin Möstl,PER,0.0,0.0,de,1
Ellen Ehni,Ellen Ehni,PER,0.0,0.0,de,1
Moskaus Bereitschaft,Moskaus Bereitschaft,PER,0.0,0.0,de,1
Mongolei Putin,Mongolei Putin,PER,0.0,0.0,de,1
Ifo-Expertin Anita Wolf,Ifo-Expertin Anita Wolf,PER,-1.0,0.0,de,1
Kamala Harr,Kamala Harr,PER,0.7,0.0,de,1
Kulebas Rücktritt,Kulebas Rücktritt,PER,0.0,0.0,de,1
Martin Dolzer,Martin Dolzer,PER,0.0,0.0,de,1
Gründerin Sahra Wagenkne,Gründerin Sahra Wagenkne,PER,0.0,0.0,de,1
Antonio Di Salvo,Antonio Di Salvo,PER,0.0,0.0,de,1
Karim Adeyemi,Karim Adeyemi,PER,0.0,0.0,de,1
Kai Breckwoldt,Kai Breckwoldt,PER,0.7,0.0,de,1
AfD-Politiker Müger,AfD-Politiker Müger,PER,0.0,0.0,de,1
Simon Harris,Simon Harris,PER,0.0,0.0,de,1
mutmaßlichem Boko-Haram-Angriff,mutmaßlichem Boko-Haram-Angriff,PER,0.0,0.0,de,1
Oliver Sallet,Oliver Sallet,PER,0.0,0.0,de,1
Edmundo González Urrutia,Edmundo González Urrutia,PER,0.0,0.0,de,1
Uchnaagiin Chürelsüch ,Uchnaagiin Chürelsüch ,PER,0.7,0.0,de,1
Trumps Kredit-Idee,Trumps Kredit-Idee,PER,0.0,0.0,de,1
Sarah Schmidt,Sarah Schmidt,PER,0.0,0.0,de,1
Hans-Werner Sinns,Hans-Werner Sinns,PER,0.0,0.0,de,1
Peter Hanke,Peter Hanke,PER,0.0,0.0,de,1
Minister Lindner,Minister Lindner,PER,0.7,0.0,de,1
aufgeflammten Nahostkonflikts,aufgeflammten Nahostkonflikts,PER,-1.0,0.0,de,1
Melonis Maske,Melonis Maske,PER,0.0,0.0,de,1
Adenia Shibli,Adenia Shibli,PER,0.0,0.0,de,1
Kremlgegner Nawalny,Kremlgegner Nawalny,PER,0.0,0.0,de,1
Kreml-Herrscher Wladimir Putin,Kreml-Herrscher Wladimir Putin,PER,0.0,0.0,de,1
Sławomir Mentzens,Sławomir Mentzens,PER,0.0,0.0,de,1
Englands Justiz,Englands Justiz,PER,0.0,0.0,de,1
Israel  ,Israel  ,PER,0.0,0.0,de,1
Johann Heinrich von Thünen-Institut,Johann Heinrich von Thünen-Institut,PER,0.0,0.0,de,1
Wladimir Putin Fortschritte,Wladimir Putin Fortschritte,PER,-1.0,0.0,de,1
Putin Fortschritte,Putin Fortschritte,PER,0.0,0.0,de,1
Putin Fo,Putin Fo,PER,0.0,0.0,de,1
Alexander Dallmus,Alexander Dallmus,PER,0.0,0.0,de,1
Sagrotan günst,Sagrotan günst,PER,0.7,0.0,de,1
Bruder von Hamas-Militärchef Deif,Bruder von Hamas-Militärchef Deif,PER,-0.6666666666666666,0.3333333333333333,de,1
will Polens,will Polens,PER,0.7,0.0,de,1
Polens Regierungspartei,Polens Regierungspartei,PER,0.7,0.0,de,1
Gaming Monitore,Gaming Monitore,PER,0.85,0.0,de,1
Schneller Speicher,Schneller Speicher,PER,0.7,0.0,de,1
Petteri Orpo,Petteri Orpo,PER,0.0,0.0,de,1
Dynamos Finanz-Chef,Dynamos Finanz-Chef,PER,0.0,0.0,de,1
Umweltsenatorin Manja Schreiner,Umweltsenatorin Manja Schreiner,PER,0.0,0.0,de,1
Tefal Bratpfanne,Tefal Bratpfanne,PER,0.0,0.0,de,1
Julia Henninger,Julia Henninger,PER,0.0,0.0,de,1
Israel Solidarität,Israel Solidarität,PER,1.0,0.0,de,1
quel crachin,quel crachin,PER,0.0,0.0,de,1
Hamburg Mince alors,Hamburg Mince alors,PER,0.0,0.0,de,1
vermutetem Leck,vermutetem Leck,PER,0.0,0.0,de,1
Gaia Vince,Gaia Vince,PER,1.0,0.0,de,1
Raketen von der Krim,Raketen von der Krim,PER,0.0,0.0,de,1
Stahl-Legende Großmann,Stahl-Legende Großmann,PER,0.0,0.0,de,1
Florian Pütz,Florian Pütz,PER,0.0,0.0,de,1
Martin Strizinec,Martin Strizinec,PER,0.7,0.0,de,1
Vincent Van Quickenborne,Vincent Van Quickenborne,PER,0.0,0.0,de,1
Oliver Stone,Oliver Stone,PER,1.0,0.0,de,1
Matteo Bachmanns,Matteo Bachmanns,PER,0.0,0.0,de,1
Lea-Maria Rhein,Lea-Maria Rhein,PER,0.0,0.0,de,1
Aiman Mazyek,Aiman Mazyek,PER,0.0,0.0,de,1
Marija Sacharowa,Marija Sacharowa,PER,0.0,0.0,de,1
Stefan Reiß,Stefan Reiß,PER,0.0,0.0,de,1
Maxim Scheremet,Maxim Scheremet,PER,0.0,0.0,de,1
Erdgas beispiels,Erdgas beispiels,PER,0.0,0.0,de,1
Anti-jüdische Hetze,Anti-jüdische Hetze,PER,-1.0,0.0,de,1
Ernst Gostner,Ernst Gostner,PER,0.0,0.0,de,1
Heike Buchter,Heike Buchter,PER,-1.0,0.0,de,1
Nasse Füße adé,Nasse Füße adé,PER,0.7,0.0,de,1
Bluetooth Kopfhörer,Bluetooth Kopfhörer,PER,1.0,0.0,de,1
Jurij Malaschko,Jurij Malaschko,PER,0.0,0.0,de,1
Robert DeNiro,Robert DeNiro,PER,-0.7,0.0,de,1
Elon Musk X,Elon Musk X,PER,0.0,0.0,de,1
Jörg Spriewald,Jörg Spriewald,PER,0.0,0.0,de,1
Xis Ehrengast,Xis Ehrengast,PER,0.0,0.0,de,1
Anna Alex’,Anna Alex’,PER,0.0,0.0,de,1
Stephanie Maurer,Stephanie Maurer,PER,0.0,0.0,de,1
Wiesbadener Ostfeld,Wiesbadener Ostfeld,PER,0.0,0.0,de,1
Energieexpertin Kemfert,Energieexpertin Kemfert,PER,0.0,0.0,de,1
Horst Lohmeyer,Horst Lohmeyer,PER,0.0,0.0,de,1
Chinas Vorzeigeprojekt,Chinas Vorzeigeprojekt,PER,0.0,0.0,de,1
jo ejftfn Kbis,jo ejftfn Kbis,PER,0.0,0.0,de,1
xjf ufvfs ft,xjf ufvfs ft,PER,0.0,0.0,de,1
Pekings Seidenstraßen-Gipfel,Pekings Seidenstraßen-Gipfel,PER,0.0,1.0,de,1
Israels Ministerpräsidenten,Israels Ministerpräsidenten,PER,-0.7,0.0,de,1
Israels Schutzschild,Israels Schutzschild,PER,1.0,0.0,de,1
Heinz Maier-Leibnitz-Preis,Heinz Maier-Leibnitz-Preis,PER,0.0,0.0,de,1
Gianluca Grimalda,Gianluca Grimalda,PER,0.7,0.0,de,1
Adam K,Adam K,PER,0.0,0.0,de,1
Prügelnder Kadyrow-Sohn,Prügelnder Kadyrow-Sohn,PER,0.0,0.0,de,1
Nagorni Karabachs,Nagorni Karabachs,PER,0.0,0.0,de,1
Gilberto P,Gilberto P,PER,0.0,0.0,de,1
Viktor Sokolows,Viktor Sokolows,PER,0.0,0.0,de,1
Rota Konsequenzen,Rota Konsequenzen,PER,-0.7,0.0,de,1
Kreml-Kritiker Alexej Nawalny,Kreml-Kritiker Alexej Nawalny,PER,-0.7,0.0,de,1
Vitalij Kim,Vitalij Kim,PER,0.0,0.0,de,1
Xi Jinpings Gegenentwurf,Xi Jinpings Gegenentwurf,PER,-1.0,0.0,de,1
Albert Wiederspiel-Preis,Albert Wiederspiel-Preis,PER,0.0,0.0,de,1
Alois Altmann,Alois Altmann,PER,0.0,1.0,de,1
Moskauer Bürger,Moskauer Bürger,PER,-1.0,0.0,de,1
Autorin Duve,Autorin Duve,PER,1.0,0.0,de,1
Zbigniew Ziobro,Zbigniew Ziobro,PER,0.0,0.0,de,1
Klimaschutz adé,Klimaschutz adé,PER,0.0,0.0,de,1
Keri Jackson,Keri Jackson,PER,0.0,0.0,de,1
Olaf Scholz Aserbaidschan,Olaf Scholz Aserbaidschan,PER,0.0,0.0,de,1
Leonhard Lenz,Leonhard Lenz,PER,-0.7,0.0,de,1
Lizzy Wizzy,Lizzy Wizzy,PER,0.0,0.0,de,1
künftigem US-Generalstabschef,künftigem US-Generalstabschef,PER,0.0,0.0,de,1
Sachsens Krankenhäuser,Sachsens Krankenhäuser,PER,-1.0,0.0,de,1
Österreichs Umgang,Österreichs Umgang,PER,0.0,0.0,de,1
Antony Rota,Antony Rota,PER,0.0,0.0,de,1
Oliver Soos,Oliver Soos,PER,0.0,0.0,de,1
Bernd Musch-Borowska,Bernd Musch-Borowska,PER,0.0,0.0,de,1
Kanadas Parlamentspräsident Rota,Kanadas Parlamentspräsident Rota,PER,0.7,0.0,de,1
Taylor Swifts,Taylor Swifts,PER,0.0,0.0,de,1
Niklaus von Flüe,Niklaus von Flüe,PER,0.0,0.0,de,1
Kollege Mordanklage,Kollege Mordanklage,PER,-0.15000000000000002,0.0,de,1
Matteo Messina Denaro,Matteo Messina Denaro,PER,0.7,0.0,de,1
Putin-Kritiker Kara-Mursa,Putin-Kritiker Kara-Mursa,PER,0.0,0.0,de,1
Briten-Premier Rishi Sunak,Briten-Premier Rishi Sunak,PER,0.0,0.0,de,1
Joker Njinmah,Joker Njinmah,PER,-0.7,0.0,de,1
Linke-Politikerin Bünger,Linke-Politikerin Bünger,PER,1.0,0.0,de,1
Berlins Linke,Berlins Linke,PER,-0.7,0.0,de,1
Polens Justizminister,Polens Justizminister,PER,0.0,0.0,de,1
Ukrainian Presidential,Ukrainian Presidential,PER,0.0,0.0,de,1
Matthias Reiche,Matthias Reiche,PER,0.7,0.0,de,1
Natalja Kljutscharjowas,Natalja Kljutscharjowas,PER,-1.0,0.0,de,1
Jaroslaw Kaczynski,Jaroslaw Kaczynski,PER,0.0,0.0,de,1
Menschenrechtsaktivistin Narges Mohammadi Foto,Menschenrechtsaktivistin Narges Mohammadi Foto,PER,0.0,0.0,de,1
Michelle Goddemeier,Michelle Goddemeier,PER,0.0,0.0,de,1
Absturz von Prigoschin-Flugzeug – Granatsplitter,Absturz von Prigoschin-Flugzeug – Granatsplitter,PER,0.0,0.0,de,1
Absturz von Prigoschin-Flugzeug,Absturz von Prigoschin-Flugzeug,PER,-1.0,0.0,de,1
Bernard Schweizer,Bernard Schweizer,PER,0.0,0.0,de,1
Scholz sch,Scholz sch,PER,-1.0,0.0,de,1
Georg Friedrichs,Georg Friedrichs,PER,0.0,0.0,de,1
Lew Dmitrijewitsch,Lew Dmitrijewitsch,PER,0.35,0.5,de,1
Vjosa Osmani,Vjosa Osmani,PER,0.0,0.8,de,1
Enklave Bergkarabach,Enklave Bergkarabach,PER,0.0,0.0,de,1
Prinzessin Kate,Prinzessin Kate,PER,0.0,0.0,de,1
Pawel Roschkow,Pawel Roschkow,PER,0.0,0.0,de,1
Viktor Orbáns Budget-Unterst,Viktor Orbáns Budget-Unterst,PER,0.0,0.0,de,1
Julius Hirsch,Julius Hirsch,PER,1.0,0.0,de,1
Niederösterreich ents,Niederösterreich ents,PER,0.0,0.0,de,1
Bundesverbraucherministerin Steffi Le,Bundesverbraucherministerin Steffi Le,PER,0.0,0.0,de,1
Lord Charming,Lord Charming,PER,0.0,0.0,de,1
Russland Wahl-Einmis,Russland Wahl-Einmis,PER,0.7,0.0,de,1
Jan Roth,Jan Roth,PER,0.0,0.0,de,1
Grant Shapps von Überlegungen,Grant Shapps von Überlegungen,PER,1.0,0.0,de,1
Philip Froissant,Philip Froissant,PER,0.0,0.0,de,1
AMS Osram,AMS Osram,PER,0.0,0.0,de,1
Tim F,Tim F,PER,0.0,0.0,de,1
Hermann Beyer,Hermann Beyer,PER,1.0,0.0,de,1
Lebensstandard d,Lebensstandard d,PER,-0.5,0.5,de,1
Ökonomin Kübler,Ökonomin Kübler,PER,0.0,0.0,de,1
Uwe Schroeder-Wildberg,Uwe Schroeder-Wildberg,PER,-0.7,0.0,de,1
Hans Solo,Hans Solo,PER,0.0,0.0,de,1
Thomas Brudermann,Thomas Brudermann,PER,0.0,0.0,de,1
Zuzana Caputova,Zuzana Caputova,PER,0.7,0.0,de,1
Selenskyj w,Selenskyj w,PER,0.0,0.0,de,1
Starkoch Tim Mälzer,Starkoch Tim Mälzer,PER,0.7,0.0,de,1
Jian Omar,Jian Omar,PER,-1.0,0.0,de,1
Aaron Copland,Aaron Copland,PER,-0.7,0.0,de,1
John Cale,John Cale,PER,-0.7,0.0,de,1
Chinas Wirtschaftskrise,Chinas Wirtschaftskrise,PER,0.0,0.0,de,1
Lena Bodewein,Lena Bodewein,PER,0.0,0.0,de,1
Antje Erhardt,Antje Erhardt,PER,0.0,0.0,de,1
Energieökonomin Claudia Kemfert,Energieökonomin Claudia Kemfert,PER,0.0,0.0,de,1
Waggons von Güterzug,Waggons von Güterzug,PER,-1.0,0.0,de,1
Hilary Duff,Hilary Duff,PER,0.0,0.0,de,1
Segelprofi Boris Herrmann,Segelprofi Boris Herrmann,PER,0.39999999999999997,0.3333333333333333,de,1
Wladimir Klitschko ,Wladimir Klitschko ,PER,-0.7,0.0,de,1
anderthalben Jahren,anderthalben Jahren,PER,0.85,0.0,de,1
Angel Tilvar,Angel Tilvar,PER,0.0,0.0,de,1
Kajsa Ollong,Kajsa Ollong,PER,0.0,0.0,de,1
Serge Gainsbourg,Serge Gainsbourg,PER,-0.5,0.0,de,1
Andy Warhol,Andy Warhol,PER,0.0,0.0,de,1
Anton Tscherednik,Anton Tscherednik,PER,0.0,0.0,de,1
Prinz William den grünen Teppich,Prinz William den grünen Teppich,PER,0.0,0.0,de,1
Earthshot Week,Earthshot Week,PER,0.0,0.0,de,1
Holger Beckmann,Holger Beckmann,PER,0.7,0.0,de,1
Norwegens Kronprinz Haakon,Norwegens Kronprinz Haakon,PER,0.0,1.0,de,1
Kronprinz Haakon,Kronprinz Haakon,PER,0.0,1.0,de,1
Kassym-Jomart Tokajew,Kassym-Jomart Tokajew,PER,0.0,1.0,de,1
Jina Mahsa Amini von der,Jina Mahsa Amini von der,PER,0.0,0.0,de,1
Elishewa Patterson,Elishewa Patterson,PER,-1.0,0.0,de,1
Kai Clement,Kai Clement,PER,0.0,0.0,de,1
Wigald Boning,Wigald Boning,PER,0.7,0.0,de,1
Thomas Mach,Thomas Mach,PER,0.0,0.0,de,1
Wärmekissen Ploov,Wärmekissen Ploov,PER,0.7,0.0,de,1
Israels Feinden,Israels Feinden,PER,0.0,0.0,de,1
"Marta Górnickas Chorstück ""Mothers","Marta Górnickas Chorstück ""Mothers",PER,0.0,0.0,de,1
Marta Górnickas Chorstück „Mothers,Marta Górnickas Chorstück „Mothers,PER,0.0,0.0,de,1
Arbeitsminister Hubertus Heil,Arbeitsminister Hubertus Heil,PER,1.0,0.0,de,1
Ruth Westheimer,Ruth Westheimer,PER,0.0,0.0,de,1
Brüssel Hausbesitzer,Brüssel Hausbesitzer,PER,-1.0,0.0,de,1
Aktivistin Rackete,Aktivistin Rackete,PER,0.0,0.0,de,1
Jörg Steinbach,Jörg Steinbach,PER,-0.5,0.5,de,1
Raúl Sánchez Cedillo,Raúl Sánchez Cedillo,PER,-0.7,0.0,de,1
Russlands Invasionsarmee,Russlands Invasionsarmee,PER,0.0,0.0,de,1
Wladimir Putins Krieg,Wladimir Putins Krieg,PER,0.0,0.0,de,1
Novaya Gazeta Europe,Novaya Gazeta Europe,PER,0.0,0.0,de,1
Alina Leimbach,Alina Leimbach,PER,0.0,0.0,de,1
Osteuropa-Experte Sergej Sumlenny,Osteuropa-Experte Sergej Sumlenny,PER,0.7,0.0,de,1
Anika Bissel,Anika Bissel,PER,0.0,0.0,de,1
Alexandra Sascha Skotschilenko,Alexandra Sascha Skotschilenko,PER,0.35,0.5,de,1
Serhij Rebrow,Serhij Rebrow,PER,0.0,0.0,de,1
Katharina Binz,Katharina Binz,PER,0.7,0.0,de,1
Favio S,Favio S,PER,0.0,0.0,de,1
Vermisster Emmy-Preisträger,Vermisster Emmy-Preisträger,PER,-0.85,0.0,de,1
Nancy F,Nancy F,PER,0.0,0.0,de,1
Unionsfraktionschef Merz,Unionsfraktionschef Merz,PER,0.0,0.0,de,1
YouTuber Matthias,YouTuber Matthias,PER,0.0,0.0,de,1
Waldimir Swiridow,Waldimir Swiridow,PER,0.0,0.0,de,1
Marc Chmiel,Marc Chmiel,PER,0.0,0.0,de,1
Marcus Optendrenk,Marcus Optendrenk,PER,0.0,0.0,de,1
Einhell Kapp-Gehrungssäge,Einhell Kapp-Gehrungssäge,PER,1.0,0.0,de,1
Finanzminister Bayaz,Finanzminister Bayaz,PER,0.0,0.0,de,1
Jan-Friedrich Funk,Jan-Friedrich Funk,PER,0.0,0.0,de,1
Anna Schmid,Anna Schmid,PER,1.0,0.0,de,1
Gunter Boden,Gunter Boden,PER,0.0,0.0,de,1
David Seaman,David Seaman,PER,0.0,0.0,de,1
Serge Shcherbyna,Serge Shcherbyna,PER,0.0,0.0,de,1
Polina Vynohradova,Polina Vynohradova,PER,0.0,0.0,de,1
Musks X-Plattform,Musks X-Plattform,PER,0.0,0.0,de,1
Palästinenser-Gruppe Hamas,Palästinenser-Gruppe Hamas,PER,0.0,0.0,de,1
Alexander Puschkin vom,Alexander Puschkin vom,PER,0.0,0.0,de,1
Seipel von Putin,Seipel von Putin,PER,-1.0,0.0,de,1
Robert H,Robert H,PER,0.0,0.0,de,1
Urs Fisch,Urs Fisch,PER,0.0,0.0,de,1
Imperator Alexander III,Imperator Alexander III,PER,0.0,0.0,de,1
Orban Erpressung,Orban Erpressung,PER,0.0,0.0,de,1
Werner Bätzings,Werner Bätzings,PER,0.0,0.0,de,1
Werner Bätzing,Werner Bätzing,PER,0.0,0.0,de,1
Charles Munger ,Charles Munger ,PER,0.5,0.5,de,1
Fluggerät von der Krim,Fluggerät von der Krim,PER,-0.7,0.0,de,1
Mischwald sieh,Mischwald sieh,PER,1.0,0.0,de,1
Patrick Ryder,Patrick Ryder,PER,0.7,0.0,de,1
Volker Proffen,Volker Proffen,PER,0.0,0.0,de,1
Rusten Umjerow,Rusten Umjerow,PER,0.0,0.0,de,1
Synergy Grant,Synergy Grant,PER,0.0,0.0,de,1
Musa Abu Marsuk,Musa Abu Marsuk,PER,0.0,0.0,de,1
Schlusslicht Braunschweig,Schlusslicht Braunschweig,PER,0.0,0.0,de,1
Landesflucht von Wehrpflichtigen,Landesflucht von Wehrpflichtigen,PER,0.0,0.0,de,1
Mauzi mags,Mauzi mags,PER,0.0,0.0,de,1
Olexandr Tarnawskyj,Olexandr Tarnawskyj,PER,0.0,0.0,de,1
Dvir Karp,Dvir Karp,PER,-1.0,0.0,de,1
Lavi Karp,Lavi Karp,PER,-1.0,0.0,de,1
Reut Karp,Reut Karp,PER,0.0,0.0,de,1
Andreas Fern,Andreas Fern,PER,0.0,0.0,de,1
Lambretta Sherpa Lined Herren Parka,Lambretta Sherpa Lined Herren Parka,PER,0.0,0.0,de,1
Camille Jenatzy,Camille Jenatzy,PER,0.0,0.8,de,1
Ostsee-Pipeline Balticconnector,Ostsee-Pipeline Balticconnector,PER,0.0,0.0,de,1
Rédoine Faïd,Rédoine Faïd,PER,0.0,0.0,de,1
Gaspipeline Balticconnector,Gaspipeline Balticconnector,PER,0.0,0.0,de,1
App Store-Link,App Store-Link,PER,0.0,1.0,de,1
Spotify Quartalszahlen,Spotify Quartalszahlen,PER,0.0,1.0,de,1
Wladimir Nekrassow,Wladimir Nekrassow,PER,0.0,0.0,de,1
Kathrin Röggla,Kathrin Röggla,PER,0.7,0.0,de,1
Astrid Eckert,Astrid Eckert,PER,0.0,0.0,de,1
Antonia Wachter Zeh,Antonia Wachter Zeh,PER,0.0,0.0,de,1
Antonia Wachter-Zeh,Antonia Wachter-Zeh,PER,0.0,0.0,de,1
Natan Scharanski,Natan Scharanski,PER,0.0,0.0,de,1
Shahak Shapira,Shahak Shapira,PER,0.0,0.0,de,1
Issa Khatib,Issa Khatib,PER,0.0,0.0,de,1
Comedian Shahak Shapira,Comedian Shahak Shapira,PER,-0.7,0.0,de,1
Wildbiologen Barbara,Wildbiologen Barbara,PER,0.0,0.0,de,1
Ex-Präsident von Georgien,Ex-Präsident von Georgien,PER,0.0,0.0,de,1
Viktor Horenko,Viktor Horenko,PER,0.0,0.0,de,1
Israel Hamas-Terroristen,Israel Hamas-Terroristen,PER,0.0,0.0,de,1
Kishida Fumio,Kishida Fumio,PER,0.0,0.0,de,1
Per Bluetooth,Per Bluetooth,PER,0.0,0.0,de,1
Tobias Dammers,Tobias Dammers,PER,0.0,0.0,de,1
Kryptounternehmer Bankman-Fried,Kryptounternehmer Bankman-Fried,PER,0.0,0.0,de,1
Selenskyj Lup,Selenskyj Lup,PER,0.0,0.0,de,1
Serhij Lupantschuk,Serhij Lupantschuk,PER,0.0,0.0,de,1
Oleksij Arestowytsch,Oleksij Arestowytsch,PER,0.0,0.0,de,1
Oleksij Danilow,Oleksij Danilow,PER,0.0,0.0,de,1
Sicherheitsratschef Olexij Danilow,Sicherheitsratschef Olexij Danilow,PER,0.0,0.0,de,1
Wassili Nebenzya,Wassili Nebenzya,PER,1.0,0.0,de,1
Israel Recht,Israel Recht,PER,1.0,0.0,de,1
Dilan Gropengiesser,Dilan Gropengiesser,PER,0.0,0.0,de,1
Fritz Link,Fritz Link,PER,-0.7,0.0,de,1
Einflusszone Nahost,Einflusszone Nahost,PER,0.0,0.0,de,1
Doreen Denstädt scharf,Doreen Denstädt scharf,PER,0.0,0.0,de,1
Kostas Kokoulis,Kostas Kokoulis,PER,-0.15000000000000002,0.0,de,1
Heike Tauber,Heike Tauber,PER,0.0,0.0,de,1
Holocaust-Überlebenden Mireille Knoll,Holocaust-Überlebenden Mireille Knoll,PER,0.0,0.0,de,1
Union-Trainer Fischer,Union-Trainer Fischer,PER,0.0,0.0,de,1
Amir Gudarzis Debütroman,Amir Gudarzis Debütroman,PER,0.0,0.0,de,1
Olaf lügt»,Olaf lügt»,PER,0.0,0.0,de,1
Frank Decker,Frank Decker,PER,1.0,0.0,de,1
islamistisch-radikalisierten Einzeltätern,islamistisch-radikalisierten Einzeltätern,PER,0.7,0.0,de,1
Kremlchef Wlad,Kremlchef Wlad,PER,0.0,0.0,de,1
Putins Raubzug,Putins Raubzug,PER,0.0,0.0,de,1
Antisemitismus Härte,Antisemitismus Härte,PER,0.0,0.0,de,1
Gaskonzern Wintershall,Gaskonzern Wintershall,PER,0.0,0.0,de,1
Gerard Piqué,Gerard Piqué,PER,0.0,0.0,de,1
Erdgas bere,Erdgas bere,PER,0.0,0.0,de,1
Linksfraktionschef Dietmar Bartsch,Linksfraktionschef Dietmar Bartsch,PER,0.0,0.0,de,1
Sozialverband mahnt Hitzeaktionspläne,Sozialverband mahnt Hitzeaktionspläne,PER,0.0,0.0,de,1
Eva Hartog,Eva Hartog,PER,0.0,0.0,de,1
Robert Oppenheimer,Robert Oppenheimer,PER,0.0,0.0,de,1
Melanie Müllers,Melanie Müllers,PER,0.7,0.0,de,1
Melanie Müller,Melanie Müller,PER,0.0,0.0,de,1
Nikolaus Blome,Nikolaus Blome,PER,0.0,0.0,de,1
Jakob Augst,Jakob Augst,PER,0.0,0.0,de,1
Wolfgang Gründiger,Wolfgang Gründiger,PER,0.0,0.0,de,1
Kampffeld Freitag-Community,Kampffeld Freitag-Community,PER,0.0,0.0,de,1
Wolfgang Gründinger,Wolfgang Gründinger,PER,0.0,0.0,de,1
Rose Got,Rose Got,PER,-1.0,0.0,de,1
Chinas Immobilienkrise,Chinas Immobilienkrise,PER,0.0,0.0,de,1
IStGH-Chefankläger Khan,IStGH-Chefankläger Khan,PER,0.0,0.0,de,1
Jutta Schilcher,Jutta Schilcher,PER,0.0,0.0,de,1
VIacheslaw Chaus,VIacheslaw Chaus,PER,0.0,0.0,de,1
Charkiw Stahlbeton,Charkiw Stahlbeton,PER,0.0,0.0,de,1
Kaffeemaschine von Philips,Kaffeemaschine von Philips,PER,0.0,0.0,de,1
Felix Lill,Felix Lill,PER,0.7,0.0,de,1
Tuya Smart,Tuya Smart,PER,0.7,0.0,de,1
Denys Prokopenko,Denys Prokopenko,PER,0.0,1.0,de,1
Charlotte Horn,Charlotte Horn,PER,0.0,0.0,de,1
Jeunesses Musicales,Jeunesses Musicales,PER,0.0,0.0,de,1
Sebastian Frieden von Wefox,Sebastian Frieden von Wefox,PER,0.0,0.0,de,1
Fernando Rosso,Fernando Rosso,PER,0.0,0.0,de,1
Frank Wernekehat,Frank Wernekehat,PER,0.0,0.0,de,1
Christian Lindne,Christian Lindne,PER,0.7,0.0,de,1
Timo Bittner,Timo Bittner,PER,1.0,0.0,de,1
Christian Giese-Kessler,Christian Giese-Kessler,PER,0.0,0.0,de,1
Lucretia Gather,Lucretia Gather,PER,0.0,0.0,de,1
Finanzprofi Michael Burry,Finanzprofi Michael Burry,PER,1.0,0.0,de,1
Michael Burry,Michael Burry,PER,0.7,0.0,de,1
Erdogans Waffen,Erdogans Waffen,PER,0.0,0.0,de,1
vzbv-Chefin Ramona,vzbv-Chefin Ramona,PER,0.0,0.0,de,1
Laurens-Jan V,Laurens-Jan V,PER,0.0,0.0,de,1
Alex Skripnichuk,Alex Skripnichuk,PER,-1.0,0.0,de,1
Augenzeugen zufol,Augenzeugen zufol,PER,0.0,0.0,de,1
Jewgenij Progoschin,Jewgenij Progoschin,PER,0.0,0.0,de,1
Absturz von Prigoschin-Jet,Absturz von Prigoschin-Jet,PER,-0.7,0.0,de,1
Damla Hekimoğlu,Damla Hekimoğlu,PER,0.0,0.0,de,1
Wahlkampf-Versprechen von,Wahlkampf-Versprechen von,PER,0.0,0.0,de,1
Monika Gruber,Monika Gruber,PER,-0.7,0.0,de,1
Rudel Löwen,Rudel Löwen,PER,0.0,0.0,de,1
Bist du,Bist du,PER,0.0,0.0,de,1
Anton Gerashchenko,Anton Gerashchenko,PER,0.7,0.0,de,1
Christian Lindner bek,Christian Lindner bek,PER,0.0,0.0,de,1
Jewgeni Prigos,Jewgeni Prigos,PER,-1.0,0.0,de,1
Thomas Kutschaty,Thomas Kutschaty,PER,0.0,0.0,de,1
Stefanie Markert,Stefanie Markert,PER,0.0,0.0,de,1
Kiews Gegenoffensive,Kiews Gegenoffensive,PER,0.0,0.0,de,1
Luis Rubiales,Luis Rubiales,PER,0.0,0.0,de,1
Korrespondentin Ruck zu Flugzeugabsturz,Korrespondentin Ruck zu Flugzeugabsturz,PER,-0.7,0.0,de,1
Prigoschin Passagier,Prigoschin Passagier,PER,0.0,0.0,de,1
Christian Wolff,Christian Wolff,PER,0.85,0.0,de,1
Ampel-Sprecher Büchner,Ampel-Sprecher Büchner,PER,0.0,0.0,de,1
Hackney Gazette,Hackney Gazette,PER,0.0,0.0,de,1
Fed-Währungshüter Barkin,Fed-Währungshüter Barkin,PER,0.0,0.0,de,1
Gorillas-Eigner Getir,Gorillas-Eigner Getir,PER,0.0,0.0,de,1
Partei-Chefin Ricarda,Partei-Chefin Ricarda,PER,0.0,0.0,de,1
Harvard-Volkswirt Kennet,Harvard-Volkswirt Kennet,PER,0.0,0.0,de,1
Yale-Ökonom Stephen Roach,Yale-Ökonom Stephen Roach,PER,-1.0,0.0,de,1
Christian Masengarb Wärmepumpe,Christian Masengarb Wärmepumpe,PER,1.0,0.0,de,1
Helmut Dedy,Helmut Dedy,PER,0.0,0.0,de,1
Agnès Pannier-Runa,Agnès Pannier-Runa,PER,0.0,0.0,de,1
Victoria Timofejewa,Victoria Timofejewa,PER,0.0,0.0,de,1
Dmitri Wrubel,Dmitri Wrubel,PER,0.0,0.0,de,1
Prigoschin Kämpfer,Prigoschin Kämpfer,PER,0.0,0.0,de,1
Markus Weber,Markus Weber,PER,-0.35,0.5,de,1
Kane Lewandowski,Kane Lewandowski,PER,0.0,0.0,de,1
gehebelten Produkten,gehebelten Produkten,PER,-1.0,0.0,de,1
ausgeflogener Hubschrauber,ausgeflogener Hubschrauber,PER,0.0,0.0,de,1
Außenpolitiker Jürgen Trittin,Außenpolitiker Jürgen Trittin,PER,-1.0,0.0,de,1
Katja Gendikova,Katja Gendikova,PER,0.0,0.0,de,1
Grünen-Fraktionschef Terpe,Grünen-Fraktionschef Terpe,PER,0.0,0.0,de,1
Springreiter Kutscher,Springreiter Kutscher,PER,0.7,0.0,de,1
Linken-Fraktionschefin Amira Mohamed Ali,Linken-Fraktionschefin Amira Mohamed Ali,PER,-0.7,0.0,de,1
Daimler Trucks Finanzvorstand Jochen Goetz,Daimler Trucks Finanzvorstand Jochen Goetz,PER,-1.0,0.0,de,1
Daimler-Truck-Finanzvorstand Jochen Goetz,Daimler-Truck-Finanzvorstand Jochen Goetz,PER,-1.0,0.0,de,1
Berkshire Hathaway verb,Berkshire Hathaway verb,PER,0.0,0.0,de,1
Thomas Breher,Thomas Breher,PER,-0.35,0.5,de,1
Matthias Basedau,Matthias Basedau,PER,0.0,0.0,de,1
Matthias Ba,Matthias Ba,PER,0.0,0.0,de,1
Ministerpräsidentin Giorgia MeloniSalvini,Ministerpräsidentin Giorgia MeloniSalvini,PER,0.0,0.0,de,1
Mini Cooper,Mini Cooper,PER,0.0,0.0,de,1
Frank Thelen,Frank Thelen,PER,0.0,0.0,de,1
Öl-Gigant Shell,Öl-Gigant Shell,PER,0.0,0.0,de,1
Medienberichten z,Medienberichten z,PER,0.0,0.0,de,1
Lina Khan,Lina Khan,PER,0.0,0.0,de,1
Stephanie Heise,Stephanie Heise,PER,0.0,0.0,de,1
VonoviaDer Bochumer Immobilien-Konzern,VonoviaDer Bochumer Immobilien-Konzern,PER,0.0,0.0,de,1
Liveblog Alexander Lukaschenko,Liveblog Alexander Lukaschenko,PER,0.0,0.0,de,1
Philipp Rösler,Philipp Rösler,PER,-0.43333333333333335,0.0,de,1
Ruslan Cunup,Ruslan Cunup,PER,0.0,0.0,de,1
Hodaya Wolf,Hodaya Wolf,PER,0.0,0.0,de,1
Bayerns Finanz-Chef,Bayerns Finanz-Chef,PER,0.0,0.0,de,1
Ejf Npshfoqptu usbg fjofo,Ejf Npshfoqptu usbg fjofo,PER,0.0,0.0,de,1
Hsbg ejf Xbdiu jo efs Hsýofo,Hsbg ejf Xbdiu jo efs Hsýofo,PER,0.0,0.0,de,1
iåmu Xfsofs,iåmu Xfsofs,PER,0.0,0.0,de,1
Grünen-Fraktionschef Werner Graf,Grünen-Fraktionschef Werner Graf,PER,0.0,0.0,de,1
Werner Graf,Werner Graf,PER,0.0,0.0,de,1
Patrick Desbois,Patrick Desbois,PER,0.0,0.0,de,1
Klinikkonzern Fresenius,Klinikkonzern Fresenius,PER,-0.7,0.0,de,1
Christoph Prössl,Christoph Prössl,PER,0.0,0.0,de,1
Kai Niebert,Kai Niebert,PER,0.0,0.0,de,1
Otto von Bismarck,Otto von Bismarck,PER,0.0,0.0,de,1
Nikolaus Doll,Nikolaus Doll,PER,0.6999999999999998,0.0,de,1
Bloody Wladis,Bloody Wladis,PER,0.0,0.0,de,1
mutmaßlichem Angriff auf AfD-Politiker,mutmaßlichem Angriff auf AfD-Politiker,PER,0.0,0.0,de,1
Andrii SchewtschenkoLindner,Andrii SchewtschenkoLindner,PER,0.0,0.0,de,1
Andreas Jurca,Andreas Jurca,PER,-1.0,0.0,de,1
brühwarme Meere,brühwarme Meere,PER,-1.0,0.0,de,1
Ski-Legende Ma,Ski-Legende Ma,PER,0.0,0.0,de,1
Passagiere Flugreisen,Passagiere Flugreisen,PER,0.0,0.0,de,1
Peter Fox,Peter Fox,PER,0.0,0.0,de,1
Marko Milošević,Marko Milošević,PER,0.0,0.0,de,1
Aufklärungsdrohnen+++ Ukraine,Aufklärungsdrohnen+++ Ukraine,PER,-0.7,0.0,de,1
Focus-Autor Axel WolfsgruberIch,Focus-Autor Axel WolfsgruberIch,PER,0.0,0.0,de,1
Axel Wolfsgruber Nicole,Axel Wolfsgruber Nicole,PER,0.0,0.0,de,1
Focus-Autor Axel WolfsgruberVon Focus,Focus-Autor Axel WolfsgruberVon Focus,PER,0.0,0.0,de,1
Top-Ökonomin mahnt Bürger,Top-Ökonomin mahnt Bürger,PER,0.0,0.0,de,1
Oksana Stomina,Oksana Stomina,PER,0.0,0.0,de,1
Leidy Klotz,Leidy Klotz,PER,0.7,0.0,de,1
abgefangene Drohnen,abgefangene Drohnen,PER,0.0,0.0,de,1
Michaela Barnett,Michaela Barnett,PER,0.7,0.0,de,1
Emma Clines,Emma Clines,PER,0.0,0.0,de,1
Andrea Be,Andrea Be,PER,0.85,0.0,de,1
Wagner-Chef Prigoschin se,Wagner-Chef Prigoschin se,PER,0.7,0.0,de,1
Slawa Ukraini,Slawa Ukraini,PER,0.0,0.0,de,1
Wolodimir Seleneskij,Wolodimir Seleneskij,PER,0.0,0.0,de,1
Oliver Roth,Oliver Roth,PER,0.0,0.0,de,1
Investigativ-Redakteur Lennart Pfahl,Investigativ-Redakteur Lennart Pfahl,PER,0.7,0.0,de,1
Michael Bloss,Michael Bloss,PER,0.0,1.0,de,1
Gastautor Gabo,Gastautor Gabo,PER,-0.5249999999999999,0.0,de,1
Bijan Djir- Sarai,Bijan Djir- Sarai,PER,0.0,1.0,de,1
versprochenes Klimageld,versprochenes Klimageld,PER,0.0,0.0,de,1
Russland russifiziert,Russland russifiziert,PER,-1.0,0.0,de,1
Markus Söders,Markus Söders,PER,-0.7,0.0,de,1
Frauentrainer Vilda,Frauentrainer Vilda,PER,0.0,0.0,de,1
Susanne Schnabl,Susanne Schnabl,PER,0.0,0.0,de,1
Felix Mittermeier,Felix Mittermeier,PER,0.0,0.0,de,1
Methode Scholz,Methode Scholz,PER,0.2333333333333333,0.0,de,1
Kim Jong-uns,Kim Jong-uns,PER,-1.0,0.0,de,1
Kim Russland,Kim Russland,PER,0.0,0.0,de,1
Bruno Le MaireFrankreichs,Bruno Le MaireFrankreichs,PER,0.0,0.0,de,1
Daniela Krehl,Daniela Krehl,PER,0.0,0.0,de,1
Klaus Geiger,Klaus Geiger,PER,-1.0,0.0,de,1
Norbert Scheuer,Norbert Scheuer,PER,0.7,0.0,de,1
Finanz-Experte Stephen Jen,Finanz-Experte Stephen Jen,PER,0.85,0.0,de,1
Tina von Löhneysen,Tina von Löhneysen,PER,0.0,0.0,de,1
Karin Kneissl aufgezei,Karin Kneissl aufgezei,PER,-0.7,0.0,de,1
will Kim,will Kim,PER,0.0,0.0,de,1
Grünes Methanol,Grünes Methanol,PER,0.0,0.0,de,1
August Foto,August Foto,PER,0.0,0.0,de,1
Aaron Rodgers,Aaron Rodgers,PER,0.0,0.0,de,1
Christine Lagar,Christine Lagar,PER,0.0,0.0,de,1
Kim Jong Un i,Kim Jong Un i,PER,0.0,0.0,de,1
Johann Sebastian Bach,Johann Sebastian Bach,PER,0.0,0.0,de,1
Finanzreferentin Gaby Schaunig,Finanzreferentin Gaby Schaunig,PER,0.0,0.0,de,1
Arthur Lambillotte,Arthur Lambillotte,PER,0.0,0.0,de,1
Nordkoreas Machthaber Kim Jong,Nordkoreas Machthaber Kim Jong,PER,0.0,0.0,de,1
Michael Keller,Michael Keller,PER,0.10000000000000002,0.3333333333333333,de,1
Heizgesetz durchgestochen,Heizgesetz durchgestochen,PER,0.0,0.0,de,1
nan Nordkoreas,nan Nordkoreas,PER,0.0,0.0,de,1
Kaffeepads Dolce Gusto Grande Intenso,Kaffeepads Dolce Gusto Grande Intenso,PER,0.0,0.0,de,1
Mann zunichtegemacht,Mann zunichtegemacht,PER,0.0,0.0,de,1
Annalena Baerbockhumanitäre,Annalena Baerbockhumanitäre,PER,0.7,0.0,de,1
Sergei Sobjanin,Sergei Sobjanin,PER,0.0,1.0,de,1
Ukraine Milliardenhilfe,Ukraine Milliardenhilfe,PER,0.0,0.0,de,1
drahtlosem Energietransfer,drahtlosem Energietransfer,PER,0.0,0.0,de,1
Aron Buzogán,Aron Buzogán,PER,0.0,0.0,de,1
Aron Buzogány,Aron Buzogány,PER,0.0,0.0,de,1
Sergei Surowikin,Sergei Surowikin,PER,0.0,0.0,de,1
Reza Dari,Reza Dari,PER,0.7,0.0,de,1
Sohn von mexikanischem Drogenboss «El Chapo,Sohn von mexikanischem Drogenboss «El Chapo,PER,-0.7,0.0,de,1
Gigi Deppe,Gigi Deppe,PER,0.0,0.0,de,1
Putin Nahrung,Putin Nahrung,PER,0.0,0.0,de,1
WELT-Chefreporter Steffen Schwarzkopf,WELT-Chefreporter Steffen Schwarzkopf,PER,0.7,0.0,de,1
Wagner-Boss Jewgeni Prigoschin ,Wagner-Boss Jewgeni Prigoschin ,PER,0.85,0.0,de,1
Oleh Synegubow,Oleh Synegubow,PER,0.0,0.0,de,1
Ukraine Marschflugkörper,Ukraine Marschflugkörper,PER,0.0,0.0,de,1
Hobré Analysatoren,Hobré Analysatoren,PER,1.0,0.0,de,1
Außenbeauftragter Josep Borrell,Außenbeauftragter Josep Borrell,PER,-0.7,0.0,de,1
Jean Nicholas Guillo,Jean Nicholas Guillo,PER,0.0,0.0,de,1
Ovidio Guzmán Lopez,Ovidio Guzmán Lopez,PER,0.0,0.0,de,1
Mykola Solskyj,Mykola Solskyj,PER,0.0,0.0,de,1
Polens Regierungschef Morawiecki,Polens Regierungschef Morawiecki,PER,0.0,0.0,de,1
Mariusz Blaszczak i,Mariusz Blaszczak i,PER,0.0,0.0,de,1
Alfred Schmit,Alfred Schmit,PER,0.0,0.0,de,1
Sunaks Vollbremsung,Sunaks Vollbremsung,PER,0.0,0.0,de,1
Sunak Wähler,Sunak Wähler,PER,0.0,0.0,de,1
Jens Lehmann,Jens Lehmann,PER,0.0,0.0,de,1
Statistik-Austria-Generaldirektor Tobias Thomas,Statistik-Austria-Generaldirektor Tobias Thomas,PER,0.7,0.0,de,1
Brent zei,Brent zei,PER,0.0,0.0,de,1
Dmitri Muratows,Dmitri Muratows,PER,0.0,0.0,de,1
Putins Elitetruppen,Putins Elitetruppen,PER,0.0,0.0,de,1
Putins Späher-Drohne,Putins Späher-Drohne,PER,1.0,0.0,de,1
Vincent Klink,Vincent Klink,PER,1.0,0.0,de,1
Adolf Hitler verg,Adolf Hitler verg,PER,1.0,0.0,de,1
Andrej Kondrashkin,Andrej Kondrashkin,PER,0.0,0.0,de,1
Moskaus Vertre,Moskaus Vertre,PER,0.0,0.0,de,1
Tanja Gr,Tanja Gr,PER,0.0,0.0,de,1
Jennifer Schollbach,Jennifer Schollbach,PER,0.0,0.0,de,1
Konrad Adenauer,Konrad Adenauer,PER,0.0,0.0,de,1
Rayo Vallecano,Rayo Vallecano,PER,0.0,0.0,de,1
Konstantin Kuhle,Konstantin Kuhle,PER,-1.0,0.0,de,1
Nestor Shufrych,Nestor Shufrych,PER,-1.0,0.0,de,1
Nordkoreas Kim,Nordkoreas Kim,PER,0.0,0.0,de,1
Rainer Munz au,Rainer Munz au,PER,1.0,0.0,de,1
Resiliente Pf,Resiliente Pf,PER,0.0,0.0,de,1
Generation Greta,Generation Greta,PER,0.0,0.0,de,1
Ihor Kolomojskyi,Ihor Kolomojskyi,PER,0.0,0.0,de,1
Gerhard S,Gerhard S,PER,0.0,0.0,de,1
Nobelpreisträger Muratow,Nobelpreisträger Muratow,PER,0.0,0.0,de,1
Ihor Kolomoisky,Ihor Kolomoisky,PER,0.0,0.0,de,1
Teufel jagen,Teufel jagen,PER,0.0,0.0,de,1
Favorit Zagrey,Favorit Zagrey,PER,0.7,0.0,de,1
Walter Hirche,Walter Hirche,PER,0.7,0.0,de,1
Christian Buttkereit,Christian Buttkereit,PER,0.0,0.0,de,1
Tobias Goldsc,Tobias Goldsc,PER,0.15000000000000002,0.0,de,1
Miguel Fernandez,Miguel Fernandez,PER,0.0,0.0,de,1
Aylin Dülger,Aylin Dülger,PER,0.0,0.0,de,1
Russlands Staatsfernsehen,Russlands Staatsfernsehen,PER,1.0,0.0,de,1
Christoph Buttkereit,Christoph Buttkereit,PER,0.7,0.0,de,1
Abschuss von Reizgaspatrone,Abschuss von Reizgaspatrone,PER,0.0,0.0,de,1
Biologin Ina Knobloch,Biologin Ina Knobloch,PER,0.0,0.0,de,1
Veronika GrimmWährend,Veronika GrimmWährend,PER,0.0,0.0,de,1
Dhi Qar,Dhi Qar,PER,-1.0,0.0,de,1
Horst Köhler,Horst Köhler,PER,0.0,0.0,de,1
Liveblog Annalena Baerbock,Liveblog Annalena Baerbock,PER,0.0,0.0,de,1
Simon Zoller,Simon Zoller,PER,0.0,0.0,de,1
Marc Hoffmann,Marc Hoffmann,PER,0.0,0.0,de,1
Ia Aanstoot,Ia Aanstoot,PER,0.0,0.0,de,1
Miroslav Klose,Miroslav Klose,PER,1.0,0.0,de,1
Gründerin Leyla Piedayesh,Gründerin Leyla Piedayesh,PER,0.0,0.0,de,1
Fotos de,Fotos de,PER,0.0,0.0,de,1
Nessie-Weltrekordsucher Steve Feltham,Nessie-Weltrekordsucher Steve Feltham,PER,-0.7,0.0,de,1
Steve Feltham,Steve Feltham,PER,0.0,0.0,de,1
Recep Tayyip,Recep Tayyip,PER,0.7,0.0,de,1
Reformmuffel Scholz,Reformmuffel Scholz,PER,0.0,0.0,de,1
Romina Po,Romina Po,PER,0.0,0.0,de,1
Romina Pourmokhtar,Romina Pourmokhtar,PER,0.0,0.0,de,1
Clemens Schömann,Clemens Schömann,PER,-1.0,0.0,de,1
Christin Jordan,Christin Jordan,PER,0.0,0.0,de,1
Erwin Paulus,Erwin Paulus,PER,0.0,1.0,de,1
Brüssel verabsch,Brüssel verabsch,PER,0.0,0.0,de,1
Michael ShuDer,Michael ShuDer,PER,0.0,0.0,de,1
Valerie Jarrett,Valerie Jarrett,PER,0.0,0.0,de,1
Hillary Clinton,Hillary Clinton,PER,0.0,0.0,de,1
Abdel Fattah al-Sisi,Abdel Fattah al-Sisi,PER,0.0,0.0,de,1
Klaus Johanni,Klaus Johanni,PER,0.0,0.0,de,1
rumänischem Boden,rumänischem Boden,PER,0.0,0.0,de,1
Putin Geschäfte,Putin Geschäfte,PER,0.0,0.0,de,1
Stephan La,Stephan La,PER,0.0,0.0,de,1
Habecks Heizgesetz,Habecks Heizgesetz,PER,1.0,0.0,de,1
Informatikerin Schmid,Informatikerin Schmid,PER,0.0,0.0,de,1
Michael Lippitsch,Michael Lippitsch,PER,-1.0,0.0,de,1
Caroline Krohn,Caroline Krohn,PER,0.7,0.0,de,1
Deutschland-Chef Stefan Kopp,Deutschland-Chef Stefan Kopp,PER,-0.15000000000000002,0.0,de,1
Steve J,Steve J,PER,0.0,0.0,de,1
Walter Isaacson,Walter Isaacson,PER,0.0,0.0,de,1
Michael Shu,Michael Shu,PER,0.0,0.0,de,1
Cottbuser Landgericht,Cottbuser Landgericht,PER,0.0,0.0,de,1
Maybrit Illner wü,Maybrit Illner wü,PER,0.0,0.0,de,1
Eva Quadbeck,Eva Quadbeck,PER,0.0,0.0,de,1
Verena Bentele,Verena Bentele,PER,0.0,0.0,de,1
Kim Jong,Kim Jong,PER,0.7,0.0,de,1
Kostis Chatzidakis,Kostis Chatzidakis,PER,0.0,0.0,de,1
Griechenlands Finanzminister,Griechenlands Finanzminister,PER,0.0,0.0,de,1
Ukraine Militärpaket,Ukraine Militärpaket,PER,0.0,0.0,de,1
Katharina Zweig,Katharina Zweig,PER,1.0,0.0,de,1
Italiens Bürger,Italiens Bürger,PER,0.7,0.0,de,1
Johanna Wahl,Johanna Wahl,PER,0.0,0.0,de,1
Jens Südekum,Jens Südekum,PER,0.0,0.0,de,1
Markus Lanz ,Markus Lanz ,PER,0.15000000000000002,0.0,de,1
Joachim NagelDer Bundesbank-Chef,Joachim NagelDer Bundesbank-Chef,PER,1.0,0.0,de,1
Carsten L,Carsten L,PER,0.0,0.0,de,1
Al Kahera,Al Kahera,PER,0.0,0.0,de,1
Sportvorstand Christian Heidel,Sportvorstand Christian Heidel,PER,0.0,0.0,de,1
Joachim Weber,Joachim Weber,PER,0.0,0.0,de,1
Doris Lemmermeier,Doris Lemmermeier,PER,0.0,0.0,de,1
Hanna Naber,Hanna Naber,PER,0.0,0.0,de,1
Bremens Bürgerschaftspräsidentin Antje Grotheer,Bremens Bürgerschaftspräsidentin Antje Grotheer,PER,0.7,0.0,de,1
Szymon Karda,Szymon Karda,PER,-0.7,0.0,de,1
Sachsens Wirtschaftsminister Martin Dulig,Sachsens Wirtschaftsminister Martin Dulig,PER,0.0,0.0,de,1
Sprecher Peskow,Sprecher Peskow,PER,0.0,0.0,de,1
Brandenburgs Integrationsbeauftragte,Brandenburgs Integrationsbeauftragte,PER,0.0,0.0,de,1
Börsengang von Reddit,Börsengang von Reddit,PER,0.0,0.0,de,1
Lena Dunham o,Lena Dunham o,PER,0.0,0.0,de,1
Kristina Herbst,Kristina Herbst,PER,0.0,0.0,de,1
Liveblog António Guterres,Liveblog António Guterres,PER,0.0,0.0,de,1
Bruce Willis,Bruce Willis,PER,-0.7,0.0,de,1
SPD-Außenpolitiker Ralf Stegner,SPD-Außenpolitiker Ralf Stegner,PER,0.0,0.0,de,1
Olena Kurylo,Olena Kurylo,PER,0.0,0.0,de,1
Kristen Stewart,Kristen Stewart,PER,0.0,0.0,de,1
Ex-Präsident Trumps,Ex-Präsident Trumps,PER,0.0,0.0,de,1
Hardliner Medwedew,Hardliner Medwedew,PER,0.0,0.0,de,1
Sabine Leutheusser-Schnarrenberger,Sabine Leutheusser-Schnarrenberger,PER,0.0,0.0,de,1
Françoise Thom,Françoise Thom,PER,0.0,0.0,de,1
Kandidatur Nadeschdins,Kandidatur Nadeschdins,PER,0.0,0.0,de,1
Ylva Johansson,Ylva Johansson,PER,0.0,0.0,de,1
Ulrike Malmendi,Ulrike Malmendi,PER,0.0,0.0,de,1
Katrin Eigendorf,Katrin Eigendorf,PER,0.15000000000000002,0.0,de,1
Ministerpräsidentin Malu Dreyer,Ministerpräsidentin Malu Dreyer,PER,0.0,0.0,de,1
Susanne Schröter,Susanne Schröter,PER,-1.0,0.0,de,1
Menschenrechtsverstößen sol,Menschenrechtsverstößen sol,PER,0.0,0.0,de,1
Putin Freigabe,Putin Freigabe,PER,0.0,0.0,de,1
Plagiate entdec,Plagiate entdec,PER,0.0,0.0,de,1
Merz von der Leyen,Merz von der Leyen,PER,0.0,0.0,de,1
Tanasgol Sabbagh,Tanasgol Sabbagh,PER,0.0,0.0,de,1
Ausbau von Wasserstoff-Technologien,Ausbau von Wasserstoff-Technologien,PER,0.0,0.0,de,1
Julija Nawalnaja,Julija Nawalnaja,PER,0.0,0.0,de,1
Martin Scorsese,Martin Scorsese,PER,0.0,0.0,de,1
Jürgen Czernohorszky,Jürgen Czernohorszky,PER,0.0,0.0,de,1
Sebastian Viehmann,Sebastian Viehmann,PER,0.0,1.0,de,1
Runar Sigtryggsson,Runar Sigtryggsson,PER,0.0,0.0,de,1
Macrons Bodentruppen-Idee kühn,Macrons Bodentruppen-Idee kühn,PER,0.425,0.25,de,1
Ursula von der Leyen Gewinne,Ursula von der Leyen Gewinne,PER,0.0,1.0,de,1
Eisbärin Hertha,Eisbärin Hertha,PER,-1.0,0.0,de,1
Uniper-Chef Mi,Uniper-Chef Mi,PER,0.0,0.0,de,1
Reinhard Wolski,Reinhard Wolski,PER,0.7,0.0,de,1
nachwachsendes Plantagenholz,nachwachsendes Plantagenholz,PER,0.0,0.0,de,1
Andryj Kulschitzkyj,Andryj Kulschitzkyj,PER,0.0,0.0,de,1
Amal Clooney ,Amal Clooney ,PER,0.0,0.0,de,1
Toralf Staud,Toralf Staud,PER,0.0,0.0,de,1
Diana Savita Wagner,Diana Savita Wagner,PER,0.0,0.0,de,1
Chinas Aggressionen,Chinas Aggressionen,PER,0.0,0.0,de,1
Sergey Kotov,Sergey Kotov,PER,0.0,0.0,de,1
Lufthansa-Finanzchef Remco Steenbergen,Lufthansa-Finanzchef Remco Steenbergen,PER,0.0,0.0,de,1
Julia Nawaln,Julia Nawaln,PER,0.0,0.0,de,1
Macrons Bodentruppen-Idee „kühn,Macrons Bodentruppen-Idee „kühn,PER,0.425,0.25,de,1
Nawalnyjs Witwe,Nawalnyjs Witwe,PER,-1.0,0.0,de,1
Minister Steinbach,Minister Steinbach,PER,0.7,0.0,de,1
Macrons Bodentruppen-Idee,Macrons Bodentruppen-Idee,PER,0.5,0.0,de,1
Liveblog Stéphane Séjourné,Liveblog Stéphane Séjourné,PER,0.0,0.0,de,1
Jakob Synagoge,Jakob Synagoge,PER,-1.0,0.0,de,1
Ruby Lust,Ruby Lust,PER,0.0,0.0,de,1
Liveblog Koalitionspolitiker,Liveblog Koalitionspolitiker,PER,0.0,0.0,de,1
Anna Schmid Den Grünen,Anna Schmid Den Grünen,PER,0.0,1.0,de,1
Habecks Kraftwerksstrategie,Habecks Kraftwerksstrategie,PER,0.0,0.0,de,1
Henry Cavendish,Henry Cavendish,PER,0.0,0.0,de,1
Einbau von Gasheizungen,Einbau von Gasheizungen,PER,0.0,0.0,de,1
Liveblog Anna,Liveblog Anna,PER,-0.85,0.0,de,1
Oppenheimer-Hauptdarsteller Cillian Murphy,Oppenheimer-Hauptdarsteller Cillian Murphy,PER,0.0,0.0,de,1
Zara Tindall,Zara Tindall,PER,0.0,0.0,de,1
Zac Efron,Zac Efron,PER,0.0,0.0,de,1
Heidi Klum,Heidi Klum,PER,0.0,0.0,de,1
Habecks CO2-Speicher-Plan,Habecks CO2-Speicher-Plan,PER,0.0,0.0,de,1
Gastbeitrag Andreas Fischer,Gastbeitrag Andreas Fischer,PER,0.0,0.0,de,1
Putins Gegner,Putins Gegner,PER,-1.0,0.0,de,1
Scholz und Pistorius,Scholz und Pistorius,PER,0.0,0.0,de,1
Kirsten Wiegmann,Kirsten Wiegmann,PER,-0.35,0.0,de,1
Ex-Fox-News-Moderator Tucker Carlson,Ex-Fox-News-Moderator Tucker Carlson,PER,0.0,0.0,de,1
Sebastian Kurz,Sebastian Kurz,PER,0.0,0.0,de,1
Medienberichten Starlink-Terminals,Medienberichten Starlink-Terminals,PER,0.0,0.0,de,1
UdK-Präsident Palz,UdK-Präsident Palz,PER,0.0,0.0,de,1
Kriegsgegner Nadeschdin,Kriegsgegner Nadeschdin,PER,0.0,0.0,de,1
Ukraine Elon,Ukraine Elon,PER,0.0,0.0,de,1
Marc Stöckel,Marc Stöckel,PER,0.7,0.0,de,1
Internetdienst Starlink,Internetdienst Starlink,PER,0.0,0.0,de,1
Ukraine Elon Musks,Ukraine Elon Musks,PER,-0.15000000000000002,0.0,de,1
IEA-Chef Birol,IEA-Chef Birol,PER,0.0,0.0,de,1
Donald Trumps Drohung,Donald Trumps Drohung,PER,1.0,0.0,de,1
Danjel Zarte,Danjel Zarte,PER,0.0,0.0,de,1
Engelbert Dolfuß,Engelbert Dolfuß,PER,-1.0,0.0,de,1
Leon Janas,Leon Janas,PER,-0.35,0.0,de,1
Judith Reise,Judith Reise,PER,-0.35,0.0,de,1
Sandro Halank,Sandro Halank,PER,0.0,0.0,de,1
Ina Maria Czyborra,Ina Maria Czyborra,PER,-1.0,0.0,de,1
Ukraine-Korrespondent Paul Ron,Ukraine-Korrespondent Paul Ron,PER,0.35,0.5,de,1
Und meid,Und meid,PER,0.0,0.0,de,1
Lahav Shapira ,Lahav Shapira ,PER,0.0,0.0,de,1
Gas-Verband Lobbykampagne,Gas-Verband Lobbykampagne,PER,0.0,0.0,de,1
Florian Wellbro,Florian Wellbro,PER,0.0,0.0,de,1
Ex-Premierminister Kaczynski,Ex-Premierminister Kaczynski,PER,0.0,0.0,de,1
Jarosław Kaczynski,Jarosław Kaczynski,PER,0.0,0.0,de,1
Thomas Geiger,Thomas Geiger,PER,1.0,0.0,de,1
Netanyahus Position,Netanyahus Position,PER,0.0,0.0,de,1
Nicolas Hippert,Nicolas Hippert,PER,0.0,0.0,de,1
Oleksandr Tarnavskyi,Oleksandr Tarnavskyi,PER,0.7,0.0,de,1
Kai Forst,Kai Forst,PER,0.0,0.0,de,1
Bürgerrechtler Orlow,Bürgerrechtler Orlow,PER,0.0,0.0,de,1
Signa-Gründer Rene Benko,Signa-Gründer Rene Benko,PER,0.0,0.0,de,1
Manuela Schwesigs,Manuela Schwesigs,PER,0.0,0.0,de,1
Lebensgefährtin los,Lebensgefährtin los,PER,-1.0,0.0,de,1
Chinas Autobauer,Chinas Autobauer,PER,0.0,1.0,de,1
Jean Pereira,Jean Pereira,PER,-1.0,0.0,de,1
via Instagram,via Instagram,PER,0.0,0.0,de,1
Nawalnys Leichnam,Nawalnys Leichnam,PER,0.0,0.0,de,1
Antje Vollmer,Antje Vollmer,PER,0.0,0.0,de,1
Christoph Dieckmann,Christoph Dieckmann,PER,0.0,0.0,de,1
Linus Westheuser,Linus Westheuser,PER,-1.0,0.0,de,1
Thomas Lux,Thomas Lux,PER,-1.0,0.0,de,1
Ursula Schröder,Ursula Schröder,PER,0.0,0.0,de,1
Dmitrij Muratow,Dmitrij Muratow,PER,0.0,0.0,de,1
Oppositionellem Alexej Nawalny,Oppositionellem Alexej Nawalny,PER,0.7,0.0,de,1
Alexei Nawalnys,Alexei Nawalnys,PER,1.0,0.0,de,1
Ana Ranz,Ana Ranz,PER,0.0,0.0,de,1
Nawalnys Mörder,Nawalnys Mörder,PER,0.0,0.0,de,1
Awdijiwka  +++ Putin,Awdijiwka  +++ Putin,PER,-1.0,0.0,de,1
CO2-negativer Sprit,CO2-negativer Sprit,PER,0.0,0.0,de,1
Porsche-Finanzchef Lutz Meschke,Porsche-Finanzchef Lutz Meschke,PER,0.3333333333333333,0.0,de,1
Alexey Nawalny,Alexey Nawalny,PER,-1.0,0.0,de,1
Reale Gastgewerbe-Umsätze,Reale Gastgewerbe-Umsätze,PER,0.0,0.0,de,1
Sebastian Hinze,Sebastian Hinze,PER,0.85,0.0,de,1
Patrick Groetzki,Patrick Groetzki,PER,0.85,0.0,de,1
FOCUS-online-Autor Christoph,FOCUS-online-Autor Christoph,PER,0.0,1.0,de,1
David Rousset,David Rousset,PER,0.0,0.0,de,1
Uwe Wittstock,Uwe Wittstock,PER,0.0,0.0,de,1
Uwe Wittstocks,Uwe Wittstocks,PER,0.0,0.0,de,1
Mut abverlan,Mut abverlan,PER,0.0,0.0,de,1
Habecks Ministerium,Habecks Ministerium,PER,0.0,0.0,de,1
Pellets heiz,Pellets heiz,PER,0.0,0.0,de,1
Bernd Nonnenmacher,Bernd Nonnenmacher,PER,0.0,0.0,de,1
Finanzinvestor Blackstone,Finanzinvestor Blackstone,PER,-0.7,0.0,de,1
Investor Blackstone,Investor Blackstone,PER,0.0,0.0,de,1
München  ,München  ,PER,0.0,0.0,de,1
Finanz-Experte Jan Viebig,Finanz-Experte Jan Viebig,PER,0.7,0.0,de,1
Uta Weiß von Agora Energiewende,Uta Weiß von Agora Energiewende,PER,1.0,0.0,de,1
Rob Magowan,Rob Magowan,PER,0.0,0.0,de,1
Deutschlands Finanz-Expertem,Deutschlands Finanz-Expertem,PER,0.7,0.0,de,1
Konstantin Olschansky,Konstantin Olschansky,PER,0.0,0.0,de,1
Konzertsaal Crocus,Konzertsaal Crocus,PER,0.35,0.5,de,1
Daniel Hechler,Daniel Hechler,PER,0.0,0.0,de,1
Heinrich-August Winkler,Heinrich-August Winkler,PER,0.0,0.0,de,1
Pentagon-Sprecherin Sabrina Singh,Pentagon-Sprecherin Sabrina Singh,PER,0.0,0.0,de,1
Kontrollbank-Chef Bernkopf,Kontrollbank-Chef Bernkopf,PER,0.7,0.0,de,1
Gegendemo von Ukrainern,Gegendemo von Ukrainern,PER,0.0,0.0,de,1
Rolf Mützenichs,Rolf Mützenichs,PER,0.0,0.0,de,1
Ben Feringa,Ben Feringa,PER,1.0,0.0,de,1
Emissionszertifikate Gaskraftwerke,Emissionszertifikate Gaskraftwerke,PER,0.0,0.0,de,1
Lina Johnsen,Lina Johnsen,PER,0.0,0.0,de,1
Caritasdirektor Klaus Schwertner,Caritasdirektor Klaus Schwertner,PER,0.2333333333333333,0.0,de,1
Heinrich August Winkler,Heinrich August Winkler,PER,0.0,0.0,de,1
Timothy Sny,Timothy Sny,PER,0.0,0.0,de,1
Frieda Schulze,Frieda Schulze,PER,0.0,0.0,de,1
Wladimir Putin von Islamisten,Wladimir Putin von Islamisten,PER,0.0,0.0,de,1
Putins Pakt,Putins Pakt,PER,0.0,0.0,de,1
Bulgariens Gas-Deal,Bulgariens Gas-Deal,PER,0.0,0.0,de,1
Roman Vozniak,Roman Vozniak,PER,0.0,0.0,de,1
Roman Vozni,Roman Vozni,PER,0.0,0.0,de,1
Gabriel Attal,Gabriel Attal,PER,0.0,0.0,de,1
Sahra Wagenknecht forde,Sahra Wagenknecht forde,PER,0.2333333333333333,0.6666666666666666,de,1
David Ben Gurion,David Ben Gurion,PER,-1.0,0.0,de,1
Benny Morris,Benny Morris,PER,0.0,0.0,de,1
Halbinsel Krim +++ Putin,Halbinsel Krim +++ Putin,PER,-0.7,0.0,de,1
Buffalo Bills,Buffalo Bills,PER,0.0,0.0,de,1
Ivan Korcok,Ivan Korcok,PER,0.85,0.0,de,1
Wladimir Putin Warnungen,Wladimir Putin Warnungen,PER,0.0,1.0,de,1
Hanaa al-Masry,Hanaa al-Masry,PER,-0.5,0.0,de,1
Krim heulen,Krim heulen,PER,-1.0,0.0,de,1
Andrii Melnyk,Andrii Melnyk,PER,0.0,0.0,de,1
Altpräsident Gauck,Altpräsident Gauck,PER,0.0,0.0,de,1
Deutschland-Chef Gierull,Deutschland-Chef Gierull,PER,0.35,0.5,de,1
Dmitrij Medwedjew,Dmitrij Medwedjew,PER,0.0,0.0,de,1
Regierungschefin Evika Silina,Regierungschefin Evika Silina,PER,-0.7,0.0,de,1
Europa-Spitzenkandidat Krah,Europa-Spitzenkandidat Krah,PER,0.0,0.0,de,1
Klimagases Kohlendioxid,Klimagases Kohlendioxid,PER,0.0,0.0,de,1
CSU-Fraktionschef Klaus Holetschek,CSU-Fraktionschef Klaus Holetschek,PER,0.0,1.0,de,1
Moskauer Geheimdienst,Moskauer Geheimdienst,PER,0.0,0.0,de,1
Dorothee Blessing,Dorothee Blessing,PER,0.0,0.0,de,1
Tanja Tricarico,Tanja Tricarico,PER,0.0,0.0,de,1
Günter Fauth,Günter Fauth,PER,0.0,0.0,de,1
Daniel Bax,Daniel Bax,PER,0.0,0.0,de,1
Klaus Hillenbrandt,Klaus Hillenbrandt,PER,0.0,0.0,de,1
Stefan Reinecke,Stefan Reinecke,PER,0.0,0.0,de,1
Ivan Korok,Ivan Korok,PER,0.0,0.0,de,1
Helfer häl,Helfer häl,PER,-1.0,0.0,de,1
Angriff von Islamisten,Angriff von Islamisten,PER,0.0,0.0,de,1
Mann spionierte,Mann spionierte,PER,-1.0,0.0,de,1
Selenskyjs Soldatensuche,Selenskyjs Soldatensuche,PER,0.0,0.0,de,1
Kremlkritiker Kara-Mursa,Kremlkritiker Kara-Mursa,PER,0.0,0.0,de,1
Israels Armeechef,Israels Armeechef,PER,0.0,0.0,de,1
Judith Butler,Judith Butler,PER,0.0,0.0,de,1
Bernd Schütt,Bernd Schütt,PER,0.0,0.0,de,1
Rolf Elgeti,Rolf Elgeti,PER,0.0,0.0,de,1
Hansa-Rostock-Investor Rolf Elgeti,Hansa-Rostock-Investor Rolf Elgeti,PER,0.0,0.0,de,1
Laurens Greschat,Laurens Greschat,PER,0.0,0.0,de,1
Tilo Spanhel,Tilo Spanhel,PER,0.0,0.0,de,1
Dunja Sadaqi,Dunja Sadaqi,PER,0.0,0.0,de,1
März Rückgang,März Rückgang,PER,0.0,0.0,de,1
Johannes Winkel,Johannes Winkel,PER,0.0,0.0,de,1
Fredrik Dahl,Fredrik Dahl,PER,0.0,0.0,de,1
Machthaber Slobodan Miloevi ,Machthaber Slobodan Miloevi ,PER,0.0,0.0,de,1
William Boeing,William Boeing,PER,0.85,0.0,de,1
Katharina Huth,Katharina Huth,PER,-0.3333333333333333,0.0,de,1
Ihor Terekhov,Ihor Terekhov,PER,0.0,0.0,de,1
Jens Koeppen,Jens Koeppen,PER,0.0,0.0,de,1
CDU-Vize Wadephul,CDU-Vize Wadephul,PER,0.0,0.0,de,1
Anti-Putin Freiheitskämpfer,Anti-Putin Freiheitskämpfer,PER,0.0,0.0,de,1
Verena Dietl,Verena Dietl,PER,-1.0,0.0,de,1
Lydia Dietrich,Lydia Dietrich,PER,-1.0,0.0,de,1
Gastkommentar von Anne König,Gastkommentar von Anne König,PER,0.0,0.0,de,1
Investoren entdecken den Emissionshandel,Investoren entdecken den Emissionshandel,PER,0.15000000000000002,0.0,de,1
Alexander Kamyshin,Alexander Kamyshin,PER,0.7,0.0,de,1
Testsieger-Duschkopf von Hansgrohe,Testsieger-Duschkopf von Hansgrohe,PER,-0.7,0.0,de,1
Macron Scholz,Macron Scholz,PER,0.0,0.0,de,1
Putins Anschu,Putins Anschu,PER,0.0,0.0,de,1
Thomas Sabin,Thomas Sabin,PER,-1.0,0.0,de,1
Katrin Ed,Katrin Ed,PER,0.0,0.0,de,1
Bündnisses Sahra Wagenknecht,Bündnisses Sahra Wagenknecht,PER,0.0,0.0,de,1
Weimarer Dreieck,Weimarer Dreieck,PER,0.0,0.0,de,1
Nikolaj Schultz,Nikolaj Schultz,PER,0.0,0.0,de,1
rudy liggett,rudy liggett,PER,0.0,0.0,de,1
VW-Chef Blume,VW-Chef Blume,PER,0.0,0.0,de,1
Sebastian i,Sebastian i,PER,0.0,0.0,de,1
Nicole Plinz,Nicole Plinz,PER,0.0,0.0,de,1
Comedian Oliver Pocher,Comedian Oliver Pocher,PER,0.0,0.0,de,1
Nawalny-Vertrauter Wolkow,Nawalny-Vertrauter Wolkow,PER,0.0,0.0,de,1
cannabishaltiger Gummibärchen,cannabishaltiger Gummibärchen,PER,0.0,0.0,de,1
Putin zündelt,Putin zündelt,PER,1.0,0.0,de,1
Bernard-Henri Lévy,Bernard-Henri Lévy,PER,0.0,0.0,de,1
Heizöl heiz,Heizöl heiz,PER,0.0,0.0,de,1
Daniel Zadra,Daniel Zadra,PER,1.0,0.0,de,1
Besar Nimani,Besar Nimani,PER,0.0,0.0,de,1
Italiens Finanz,Italiens Finanz,PER,-0.7,0.0,de,1
Grundsatzlinie von Scholz,Grundsatzlinie von Scholz,PER,1.0,0.0,de,1
Oliver Wyman,Oliver Wyman,PER,0.0,0.0,de,1
Macron zu Bodentruppen,Macron zu Bodentruppen,PER,1.0,0.0,de,1
Südkoreas Verteidigungsministerium,Südkoreas Verteidigungsministerium,PER,0.0,0.0,de,1
Macrons Kriegsrhetorik,Macrons Kriegsrhetorik,PER,-1.0,0.0,de,1
Moskaus Gnaden,Moskaus Gnaden,PER,0.0,0.0,de,1
Thomas Seitz,Thomas Seitz,PER,0.0,0.0,de,1
Simon Brenner,Simon Brenner,PER,0.7,0.0,de,1
schrumpfendem Gasnetz,schrumpfendem Gasnetz,PER,0.0,0.0,de,1
Daniel Geronimo,Daniel Geronimo,PER,0.0,0.0,de,1
Agentur Interfax,Agentur Interfax,PER,0.0,0.0,de,1
Dominika Wylezalek,Dominika Wylezalek,PER,1.0,0.0,de,1
Natalia Arno,Natalia Arno,PER,0.0,0.0,de,1
Anne-Catherine Beck,Anne-Catherine Beck,PER,0.0,0.0,de,1
Victor Parlicov,Victor Parlicov,PER,0.0,0.0,de,1
Bernhard Stengele,Bernhard Stengele,PER,0.0,0.0,de,1
Barbi Markovi,Barbi Markovi,PER,0.0,0.0,de,1
Nikolaus Neumaier,Nikolaus Neumaier,PER,0.0,0.0,de,1
Arno Surminski,Arno Surminski,PER,0.0,0.0,de,1
Godorf Foto,Godorf Foto,PER,0.0,0.0,de,1
Induktionstauchsieder Heatle,Induktionstauchsieder Heatle,PER,0.0,0.0,de,1
Urs Harnik,Urs Harnik,PER,0.0,0.0,de,1
Luxus-Elite Russlands,Luxus-Elite Russlands,PER,0.0,0.0,de,1
Inga Machels Debütroman,Inga Machels Debütroman,PER,0.0,0.0,de,1
Moskaus Wahl,Moskaus Wahl,PER,1.0,0.0,de,1
Inga Machels,Inga Machels,PER,-1.0,0.0,de,1
Scholz Putin,Scholz Putin,PER,1.0,0.0,de,1
Till Oberwörder,Till Oberwörder,PER,0.0,0.0,de,1
Alexej Nawalny au,Alexej Nawalny au,PER,0.7,0.0,de,1
regimetreuen Parteie,regimetreuen Parteie,PER,0.0,0.0,de,1
Jürgen Buch,Jürgen Buch,PER,0.0,0.0,de,1
Sahra Wagenkn,Sahra Wagenkn,PER,0.0,0.0,de,1
Pauline Pieper,Pauline Pieper,PER,0.0,0.0,de,1
Immanuel Kants,Immanuel Kants,PER,0.0,0.0,de,1
Andrij Klepikow,Andrij Klepikow,PER,0.7333333333333334,0.0,de,1
Basisinvestment Sparplan,Basisinvestment Sparplan,PER,0.0,0.0,de,1
Macrons Hal,Macrons Hal,PER,0.0,0.0,de,1
Anarug Maloo,Anarug Maloo,PER,0.0,0.0,de,1
Wladimir Lenin,Wladimir Lenin,PER,0.5,0.5,de,1
Gerichtstermin Klimaproteste,Gerichtstermin Klimaproteste,PER,0.0,0.0,de,1
Cosima Rade,Cosima Rade,PER,0.0,0.0,de,1
Bvg efs Tvdif obdi fsofvfscbsfo Fofshjfrvfmmfo,Bvg efs Tvdif obdi fsofvfscbsfo Fofshjfrvfmmfo,PER,0.0,0.0,de,1
Viktor Orbán Beitrittsgespräche,Viktor Orbán Beitrittsgespräche,PER,0.0,0.0,de,1
Dirk Kienscherf,Dirk Kienscherf,PER,1.0,0.0,de,1
Bruder unte,Bruder unte,PER,0.0,0.0,de,1
VDA-Chefin Müller,VDA-Chefin Müller,PER,-1.0,0.0,de,1
Erdoğans Türkei,Erdoğans Türkei,PER,0.0,0.0,de,1
Putins Lieblingszeitung,Putins Lieblingszeitung,PER,0.0,0.0,de,1
Andrzej Stasiuk,Andrzej Stasiuk,PER,0.0,0.0,de,1
Pressekonferenz von Putin,Pressekonferenz von Putin,PER,-0.35,0.0,de,1
Lena Mosel,Lena Mosel,PER,0.7,0.0,de,1
Victor Hugo Sanchez,Victor Hugo Sanchez,PER,0.0,1.0,de,1
Powerbank von Anker,Powerbank von Anker,PER,0.0,0.0,de,1
Putins Doppelgänger,Putins Doppelgänger,PER,0.0,0.0,de,1
Wladimir Putin g,Wladimir Putin g,PER,0.0,0.0,de,1
Putin siegessicher,Putin siegessicher,PER,0.7,0.0,de,1
Leonhard von Harrach - Wärmepumpen-Champion,Leonhard von Harrach - Wärmepumpen-Champion,PER,0.0,0.0,de,1
Ralph Wege,Ralph Wege,PER,0.0,0.0,de,1
Jürgen Trittin ,Jürgen Trittin ,PER,0.7,0.0,de,1
Polens Spediteure,Polens Spediteure,PER,-1.0,0.0,de,1
England-Star Harry Kane,England-Star Harry Kane,PER,0.0,0.0,de,1
Hassan Fadlallah,Hassan Fadlallah,PER,0.0,0.0,de,1
Klaus Berghofer,Klaus Berghofer,PER,0.0,0.0,de,1
Michael Grego,Michael Grego,PER,0.0,1.0,de,1
Carolin Dylla,Carolin Dylla,PER,0.0,0.0,de,1
Frankreichs Militärhilfe,Frankreichs Militärhilfe,PER,-0.7,0.0,de,1
Kira Kramer,Kira Kramer,PER,0.9,0.0,de,1
Alessandro Carfagnini,Alessandro Carfagnini,PER,0.0,1.0,de,1
Fabiana Fantinel,Fabiana Fantinel,PER,0.0,1.0,de,1
Christian Breyer,Christian Breyer,PER,1.0,0.0,de,1
Shalanda Young,Shalanda Young,PER,0.0,0.0,de,1
Grace Stanke,Grace Stanke,PER,0.0,0.0,de,1
Klimaforscher Ottmar Edenhofer,Klimaforscher Ottmar Edenhofer,PER,1.0,0.0,de,1
Katrin Streckenbach,Katrin Streckenbach,PER,0.0,0.0,de,1
Terrorismus-Experte Hans-Jakob,Terrorismus-Experte Hans-Jakob,PER,0.7,0.0,de,1
Israel ver,Israel ver,PER,0.0,0.0,de,1
Jura-Professor Michael Kotulla,Jura-Professor Michael Kotulla,PER,-1.0,0.0,de,1
Europas Klimapaket,Europas Klimapaket,PER,0.7,0.0,de,1
Landwirtschaftsminister Cem Özdemir w,Landwirtschaftsminister Cem Özdemir w,PER,0.0,0.0,de,1
Kirchenpräsidentin Wüst,Kirchenpräsidentin Wüst,PER,-1.0,0.0,de,1
US-Pop-Star Taylor Swift,US-Pop-Star Taylor Swift,PER,1.0,0.0,de,1
Christopher Phillips,Christopher Phillips,PER,0.7,0.0,de,1
Luis Antônio da Silva Braga,Luis Antônio da Silva Braga,PER,0.7,0.0,de,1
Marcus Rohwetter,Marcus Rohwetter,PER,0.0,0.0,de,1
Wladimir Rogow,Wladimir Rogow,PER,0.0,0.0,de,1
Roman Starovoit,Roman Starovoit,PER,0.0,1.0,de,1
Ded Moroz,Ded Moroz,PER,0.0,0.0,de,1
Seipels Buch,Seipels Buch,PER,0.0,0.0,de,1
Oleg Orlow oppositionelles,Oleg Orlow oppositionelles,PER,0.7,0.0,de,1
Florian Rohmann,Florian Rohmann,PER,0.0,0.0,de,1
Matthias Jaggi,Matthias Jaggi,PER,0.0,0.0,de,1
Roman Mrotschko,Roman Mrotschko,PER,0.0,0.0,de,1
Eva Wieczorek,Eva Wieczorek,PER,-0.85,0.0,de,1
Thomas Hennecke,Thomas Hennecke,PER,0.0,0.0,de,1
Roland Dantz,Roland Dantz,PER,0.0,0.0,de,1
Verfassungsrichter Müller,Verfassungsrichter Müller,PER,0.0,0.0,de,1
Frankreichs Regierung,Frankreichs Regierung,PER,0.0,0.0,de,1
Isabel Molwitz,Isabel Molwitz,PER,1.0,0.0,de,1
Julia Neumann,Julia Neumann,PER,1.0,0.0,de,1
Milli Vanilli,Milli Vanilli,PER,0.0,1.0,de,1
Oleksandr T,Oleksandr T,PER,0.0,0.0,de,1
Matthias Kucera,Matthias Kucera,PER,0.0,0.0,de,1
Grünen-Politikerin Göring-Eckardt,Grünen-Politikerin Göring-Eckardt,PER,0.0,0.0,de,1
Michael Heinzler,Michael Heinzler,PER,1.0,0.0,de,1
Adrian Goigingers,Adrian Goigingers,PER,0.0,0.0,de,1
Voodoo Jürgens,Voodoo Jürgens,PER,0.0,0.0,de,1
Mykola Huben,Mykola Huben,PER,0.0,1.0,de,1
Natalia Humenjuk,Natalia Humenjuk,PER,0.0,0.0,de,1
Bill Clin,Bill Clin,PER,0.0,0.0,de,1
Tagesgeld der Santander,Tagesgeld der Santander,PER,0.0,0.0,de,1
Dmitri Efetov,Dmitri Efetov,PER,0.0,0.0,de,1
Christian Nikolai,Christian Nikolai,PER,-0.5666666666666667,0.3333333333333333,de,1
Israel doof,Israel doof,PER,-0.15000000000000002,0.0,de,1
Aleksandr Dosyagaev,Aleksandr Dosyagaev,PER,0.0,0.0,de,1
Olha Lopatkina,Olha Lopatkina,PER,0.0,0.0,de,1
Rike Uhlenkamp,Rike Uhlenkamp,PER,0.0,0.0,de,1
Andreas Umland,Andreas Umland,PER,0.0,0.0,de,1
Klimaaktivistin Luisa Neubauer ,Klimaaktivistin Luisa Neubauer ,PER,0.0,0.0,de,1
Petteri Taalas,Petteri Taalas,PER,0.15000000000000002,0.0,de,1
Gýs Gsbol,Gýs Gsbol,PER,0.0,0.0,de,1
Jens Michel,Jens Michel,PER,0.0,0.0,de,1
tfjof Gbnjmjf,tfjof Gbnjmjf,PER,0.0,0.0,de,1
Fofshjflptufo lfjo,Fofshjflptufo lfjo,PER,0.0,0.0,de,1
Waffenlieferungen de,Waffenlieferungen de,PER,0.0,0.0,de,1
Karin Beier,Karin Beier,PER,0.0,0.0,de,1
politisch-konfessionelles Sektierertum,politisch-konfessionelles Sektierertum,PER,0.7,0.0,de,1
Florian Notz,Florian Notz,PER,0.0,0.0,de,1
Michail Kassjanow,Michail Kassjanow,PER,0.0,0.0,de,1
Ex-Regierungschef Kassjanow,Ex-Regierungschef Kassjanow,PER,0.0,0.0,de,1
Martin Jaeger,Martin Jaeger,PER,-0.7,0.0,de,1
Foto von freestocks,Foto von freestocks,PER,0.0,0.0,de,1
Michael Harms,Michael Harms,PER,1.0,0.0,de,1
Rechtspopulist Wilders,Rechtspopulist Wilders,PER,0.0,0.0,de,1
Joaquin Phoenix,Joaquin Phoenix,PER,0.0,0.0,de,1
Geert Wilders,Geert Wilders,PER,0.0,0.0,de,1
Luft hinausblasen,Luft hinausblasen,PER,0.0,0.0,de,1
Orban Russlands,Orban Russlands,PER,0.0,0.0,de,1
Thüringens Außenhandel,Thüringens Außenhandel,PER,0.0,0.0,de,1
Sabrina Zolg,Sabrina Zolg,PER,1.0,0.0,de,1
Awdijiwka stockt,Awdijiwka stockt,PER,0.0,0.0,de,1
Brandenburgs Wirtschaftsminister Jörg Steinbach,Brandenburgs Wirtschaftsminister Jörg Steinbach,PER,0.0,0.0,de,1
Alexandr Perepelenko,Alexandr Perepelenko,PER,-1.0,0.0,de,1
Zweifach-Killer Alexandr Perepelenko,Zweifach-Killer Alexandr Perepelenko,PER,0.0,0.0,de,1
Guy Katz,Guy Katz,PER,0.7,0.0,de,1
Benjamin Netanjahu ha,Benjamin Netanjahu ha,PER,0.0,0.0,de,1
Ampel-Koalitionäre Scholz,Ampel-Koalitionäre Scholz,PER,0.6666666666666666,0.3333333333333333,de,1
Thomas Druyen,Thomas Druyen,PER,0.0,1.0,de,1
Randy Newmans,Randy Newmans,PER,0.0,0.0,de,1
Ratingagentur Moody,Ratingagentur Moody,PER,-0.85,0.0,de,1
Smartwatch Top-Seller,Smartwatch Top-Seller,PER,0.0,0.0,de,1
Wissenschaftsredakteurin Céline Lauer,Wissenschaftsredakteurin Céline Lauer,PER,0.0,0.0,de,1
Ehefrau Amal,Ehefrau Amal,PER,1.0,0.0,de,1
Andreas Dressel,Andreas Dressel,PER,0.0,1.0,de,1
Jan Siewert,Jan Siewert,PER,0.0,0.0,de,1
Michelle Balzer,Michelle Balzer,PER,0.0,0.0,de,1
Bakke herabfahren,Bakke herabfahren,PER,0.0,0.0,de,1
Alexander Otto,Alexander Otto,PER,0.0,0.0,de,1
Shoppingcenter-Betreibers ECE,Shoppingcenter-Betreibers ECE,PER,0.0,0.0,de,1
Russland-Korrespondent Christoph W,Russland-Korrespondent Christoph W,PER,-0.15000000000000002,0.0,de,1
Armeen der Welt,Armeen der Welt,PER,0.0,0.0,de,1
Moskauer Bolschoi-Theater,Moskauer Bolschoi-Theater,PER,0.0,0.0,de,1
Tag geein,Tag geein,PER,1.0,0.0,de,1
Neu-Trainer Nenad,Neu-Trainer Nenad,PER,0.0,0.0,de,1
Michael Kühne,Michael Kühne,PER,0.0,0.0,de,1
Nenad Bjelica,Nenad Bjelica,PER,0.0,0.0,de,1
Olivier van den Bossche,Olivier van den Bossche,PER,0.0,0.0,de,1
Galeria Karstadt Kaufhof,Galeria Karstadt Kaufhof,PER,0.0,0.0,de,1
Jannika Quaas,Jannika Quaas,PER,-0.7,0.0,de,1
Vizeaußenminister Gruschko,Vizeaußenminister Gruschko,PER,0.0,0.0,de,1
Andreas Urban,Andreas Urban,PER,0.7,0.0,de,1
Landtagspräsidentin Birgit Hesse,Landtagspräsidentin Birgit Hesse,PER,0.7,0.0,de,1
Josef Urschitz,Josef Urschitz,PER,1.0,0.0,de,1
Tagesspiegel-Informationen verst,Tagesspiegel-Informationen verst,PER,0.0,0.0,de,1
Raphael könnt,Raphael könnt,PER,0.0,0.0,de,1
Yossi Gurvitz,Yossi Gurvitz,PER,0.0,0.0,de,1
Andrij Jussow,Andrij Jussow,PER,0.7,0.0,de,1
Thilo Schaefer,Thilo Schaefer,PER,0.0,0.0,de,1
Markus R,Markus R,PER,0.7,0.0,de,1
Putins Kreuzer,Putins Kreuzer,PER,-1.0,0.0,de,1
Matej Klima,Matej Klima,PER,0.0,0.0,de,1
Viktor Órban,Viktor Órban,PER,0.0,0.0,de,1
Gaomei Wetlan,Gaomei Wetlan,PER,0.0,0.0,de,1
Favoriten zittern,Favoriten zittern,PER,-0.7999999999999999,0.0,de,1
Ardan Fuess,Ardan Fuess,PER,0.0,0.0,de,1
Marcus Schwandner,Marcus Schwandner,PER,0.0,0.0,de,1
Jeanette Schindler,Jeanette Schindler,PER,0.0,0.0,de,1
Laura Dirnberger,Laura Dirnberger,PER,0.0,0.0,de,1
Alexej Nawalny melde,Alexej Nawalny melde,PER,0.0,0.0,de,1
Wladimir Iljitsch Uljanow,Wladimir Iljitsch Uljanow,PER,1.0,0.0,de,1
Ernst Geiger,Ernst Geiger,PER,0.0,0.0,de,1
Putin-Herausforderer Nadeschdin,Putin-Herausforderer Nadeschdin,PER,0.0,0.0,de,1
Einbrecher von Ehepaar,Einbrecher von Ehepaar,PER,0.0,0.0,de,1
Boris Nadeschdinin,Boris Nadeschdinin,PER,0.7,0.0,de,1
Erbs Umfeld,Erbs Umfeld,PER,0.0,0.0,de,1
Rolf Zuckowski,Rolf Zuckowski,PER,0.0,0.0,de,1
Annette Humpe,Annette Humpe,PER,0.0,0.0,de,1
Handy Akku,Handy Akku,PER,0.0,0.0,de,1
Martin Moszkowicz,Martin Moszkowicz,PER,-0.5,0.5,de,1
Andrea Labonte,Andrea Labonte,PER,1.0,0.0,de,1
Johannes Arlt,Johannes Arlt,PER,0.0,0.0,de,1
genderneutrale Toiletten,genderneutrale Toiletten,PER,0.0,0.0,de,1
nein danke,nein danke,PER,1.0,0.0,de,1
Lukas Wiehler,Lukas Wiehler,PER,0.0,0.0,de,1
Dubiose Finanztipps,Dubiose Finanztipps,PER,-0.15000000000000002,0.0,de,1
Chefvolkswirt Carsten Brzeski,Chefvolkswirt Carsten Brzeski,PER,0.7,0.0,de,1
überlagernder Krisen,überlagernder Krisen,PER,0.0,0.0,de,1
Vorsicht Preiserhöhung,Vorsicht Preiserhöhung,PER,0.0,0.0,de,1
César Suárez,César Suárez,PER,0.0,0.0,de,1
Tobias Brunner,Tobias Brunner,PER,0.0,0.0,de,1
Gabor Stein,Gabor Stein,PER,0.0,1.0,de,1
Mirra Andrejewa,Mirra Andrejewa,PER,0.0,0.0,de,1
Hunga Tonga-Hunga Haapai,Hunga Tonga-Hunga Haapai,PER,0.0,0.0,de,1
Martin Dulig,Martin Dulig,PER,0.0,0.0,de,1
Bianca Mrak,Bianca Mrak,PER,0.0,0.0,de,1
Kataib Hisbollah,Kataib Hisbollah,PER,-1.0,0.0,de,1
Jelena Agafonowa,Jelena Agafonowa,PER,0.0,0.0,de,1
Neuköllns Bezirksbürgermeister Martin Hikel,Neuköllns Bezirksbürgermeister Martin Hikel,PER,0.0,0.0,de,1
Jürgen Barke,Jürgen Barke,PER,0.0,0.0,de,1
Xavier Niel,Xavier Niel,PER,1.0,0.0,de,1
Oppositionelle Kara-Mursa,Oppositionelle Kara-Mursa,PER,-0.7,0.0,de,1
Irene Langemanns Roman,Irene Langemanns Roman,PER,0.7,0.0,de,1
Irene Langemanns,Irene Langemanns,PER,-0.85,0.0,de,1
Klebe-Blockaden adé,Klebe-Blockaden adé,PER,0.35,0.5,de,1
März voraussichtl,März voraussichtl,PER,0.0,0.0,de,1
Tove Ditlevsen,Tove Ditlevsen,PER,0.0,0.0,de,1
Heike Ließmann,Heike Ließmann,PER,0.0,0.0,de,1
Dorothea Siems,Dorothea Siems,PER,0.7,0.0,de,1
Eva Ull,Eva Ull,PER,1.0,0.0,de,1
John Allaire,John Allaire,PER,1.0,0.0,de,1
Tom Schilling,Tom Schilling,PER,0.0,0.0,de,1
Karoline Herfurth,Karoline Herfurth,PER,0.0,0.0,de,1
Yuriy Gurzhys Kriegstagebuch,Yuriy Gurzhys Kriegstagebuch,PER,0.0,0.0,de,1
Außenamtssprecher Sebastian Fischer,Außenamtssprecher Sebastian Fischer,PER,0.0,0.0,de,1
jordanisches Hoheitsgebiet,jordanisches Hoheitsgebiet,PER,0.0,0.0,de,1
hybridem Krieg,hybridem Krieg,PER,0.0,0.0,de,1
Gunther Kegel,Gunther Kegel,PER,0.0,0.0,de,1
Jan-Christoph Oetjen,Jan-Christoph Oetjen,PER,0.0,0.0,de,1
Ali Yerlikaya,Ali Yerlikaya,PER,0.0,0.0,de,1
El Pastilla,El Pastilla,PER,0.0,0.0,de,1
Chinas Börsen,Chinas Börsen,PER,0.0,0.0,de,1
Israels Militäropera­tion,Israels Militäropera­tion,PER,0.0,0.0,de,1
Lars Günther,Lars Günther,PER,-0.7,0.0,de,1
Klimagerechter Stadtumbau,Klimagerechter Stadtumbau,PER,0.0,0.0,de,1
Vergifteter Wodka,Vergifteter Wodka,PER,0.0,0.0,de,1
Maria Enzersdorf,Maria Enzersdorf,PER,0.0,0.0,de,1
Putin-Gegner Nadjeschdin,Putin-Gegner Nadjeschdin,PER,0.0,0.0,de,1
Doku-Autor Seipel,Doku-Autor Seipel,PER,0.0,0.0,de,1
Steffen Mau,Steffen Mau,PER,-1.0,0.0,de,1
Frank Winkler,Frank Winkler,PER,0.7,0.0,de,1
Klimageld-Absage von Lindner,Klimageld-Absage von Lindner,PER,0.0,0.0,de,1
will Niedersachsens,will Niedersachsens,PER,0.7,0.0,de,1
Andreas Re,Andreas Re,PER,0.0,0.0,de,1
Claus Schunk,Claus Schunk,PER,0.0,0.0,de,1
Luxusvilla von Investor Benko,Luxusvilla von Investor Benko,PER,0.0,0.0,de,1
Sportdirektor Fritzmeier,Sportdirektor Fritzmeier,PER,0.0,0.0,de,1
Barbara Traub,Barbara Traub,PER,0.7,0.0,de,1
Dennis Rohde,Dennis Rohde,PER,-0.7,0.0,de,1
Ann-Brit Bakkenbüll,Ann-Brit Bakkenbüll,PER,0.0,0.0,de,1
Ulrike Franke,Ulrike Franke,PER,0.7,0.0,de,1
Große Deutschland-Liste,Große Deutschland-Liste,PER,0.7,0.0,de,1
Berlins Senat,Berlins Senat,PER,0.7,0.0,de,1
Luke Littler,Luke Littler,PER,0.0,0.0,de,1
Witali Matwijenko,Witali Matwijenko,PER,0.0,1.0,de,1
Serhii Popko,Serhii Popko,PER,-1.0,0.0,de,1
Serhij Najew,Serhij Najew,PER,-0.7,0.0,de,1
Klaus Meier,Klaus Meier,PER,0.7,0.0,de,1
Eon die Verbraucher,Eon die Verbraucher,PER,0.0,0.0,de,1
Julian Schwark,Julian Schwark,PER,0.0,0.0,de,1
Kiews Luftabwehr,Kiews Luftabwehr,PER,0.0,0.0,de,1
Michael Gerber,Michael Gerber,PER,0.0,1.0,de,1
Fuldas Bischof Gerber,Fuldas Bischof Gerber,PER,0.0,0.0,de,1
Annus horribilis,Annus horribilis,PER,0.0,0.0,de,1
Trumps Comeback,Trumps Comeback,PER,0.0,0.0,de,1
zügigeren Heizungsaustausch,zügigeren Heizungsaustausch,PER,0.0,0.0,de,1
Tobias Fuchs,Tobias Fuchs,PER,0.7,0.0,de,1
Stefan Schwarzbach,Stefan Schwarzbach,PER,0.0,0.0,de,1
Xenia Fadejewa,Xenia Fadejewa,PER,-1.0,0.0,de,1
Pierre Ibisch,Pierre Ibisch,PER,0.7,0.0,de,1
EZB-Ratsmitglied Holzmann,EZB-Ratsmitglied Holzmann,PER,0.0,0.0,de,1
Walter Rosenthal,Walter Rosenthal,PER,0.7,0.0,de,1
Grünen-Chef Nouripour,Grünen-Chef Nouripour,PER,-0.7,0.0,de,1
Thomas Steinmann,Thomas Steinmann,PER,0.0,0.0,de,1
Rolf-Herbert Peters,Rolf-Herbert Peters,PER,0.0,0.0,de,1
Ayesha Firdaus,Ayesha Firdaus,PER,0.0,0.0,de,1
Kira Rudik,Kira Rudik,PER,-0.16666666666666666,0.0,de,1
Kai Mykkänen,Kai Mykkänen,PER,-1.0,0.0,de,1
Werkzeugset von Makita,Werkzeugset von Makita,PER,0.0,0.0,de,1
Mustafa Yenerolu,Mustafa Yenerolu,PER,0.0,0.0,de,1
DerUN-Klimagesandte John Kerry,DerUN-Klimagesandte John Kerry,PER,0.0,0.0,de,1
Joe Biden arb,Joe Biden arb,PER,0.0,0.0,de,1
Bidens Wiederwahl,Bidens Wiederwahl,PER,0.0,0.0,de,1
Gefangenenaustausch Straftäter,Gefangenenaustausch Straftäter,PER,0.0,0.0,de,1
Frankreichs Münzprägeanstalt,Frankreichs Münzprägeanstalt,PER,0.0,0.0,de,1
Nutzer von Wärmepumpen,Nutzer von Wärmepumpen,PER,0.0,0.0,de,1
Internet-Star Nader Jindaoui,Internet-Star Nader Jindaoui,PER,0.0,0.0,de,1
Nader Jindaoui,Nader Jindaoui,PER,0.0,0.0,de,1
Herthas Nader Jindaoui,Herthas Nader Jindaoui,PER,0.0,0.0,de,1
Bündnis Sahra Wagenknecht,Bündnis Sahra Wagenknecht,PER,0.0,0.0,de,1
Lina Krauß,Lina Krauß,PER,0.0,0.0,de,1
Diana zur Löwen,Diana zur Löwen,PER,0.0,0.0,de,1
Erfrorene Kühe,Erfrorene Kühe,PER,0.0,0.0,de,1
Marktverkäufer Sabri Yavuz,Marktverkäufer Sabri Yavuz,PER,0.0,1.0,de,1
Julian Riedlbauer,Julian Riedlbauer,PER,0.5,0.5,de,1
Gefrorenes Hochwasser,Gefrorenes Hochwasser,PER,0.0,0.0,de,1
Jens-Ove Heckel,Jens-Ove Heckel,PER,-0.35,0.0,de,1
Nordkoreas Waffenlieferungen,Nordkoreas Waffenlieferungen,PER,-1.0,0.0,de,1
Anleger deswe,Anleger deswe,PER,0.0,0.0,de,1
Gesetzgeber Danylo Hetmantsev,Gesetzgeber Danylo Hetmantsev,PER,0.0,0.0,de,1
Mykhailo Fedorov,Mykhailo Fedorov,PER,0.0,1.0,de,1
Beschaffungsbudget Kiews,Beschaffungsbudget Kiews,PER,0.0,1.0,de,1
Krim-Attacken Kiews,Krim-Attacken Kiews,PER,1.0,0.0,de,1
Nikolai Kharitonov,Nikolai Kharitonov,PER,0.0,0.0,de,1
Bundestagsabgeordnete von Grünen,Bundestagsabgeordnete von Grünen,PER,0.0,0.0,de,1
Alexandra Prokopenko Russlands,Alexandra Prokopenko Russlands,PER,0.0,0.0,de,1
Markus Söder Marschflugkörper,Markus Söder Marschflugkörper,PER,0.0,0.0,de,1
Caroline Douglas,Caroline Douglas,PER,0.0,1.0,de,1
Barbara Kostolnik,Barbara Kostolnik,PER,0.0,0.0,de,1
Amerikas Militärbasen,Amerikas Militärbasen,PER,0.0,0.0,de,1
