topic,sentiment_mean,sentiment_std,subjectivity_mean,subjectivity_std,counting
Energie,0.013044101037130247,0.9655528317698007,-0.02716974724137606,0.9430126462537214,3185.0
Krieg,-0.051362172639955385,0.9918259219243994,-0.08757297128512757,0.8972827986229257,4525.0
Krise,0.019002876133911988,1.0149957099274651,0.04982236054137723,1.0854303259379785,3327.0
Winter,0.049007844497609095,1.0067538665355151,0.12015534697416469,1.080768767011078,2678.0
