topic,sentiment_mean,sentiment_std,subjectivity_mean,subjectivity_std,counting
Energie,0.03150225131428307,0.9646251068687495,-0.031053773431986,0.9439585814199508,4262.0
Krieg,-0.06670565663613147,1.0067695848716893,-0.08405476456726857,0.8952985687196977,6394.0
Krise,0.024624466870731738,1.0015028288312633,0.06232847102942024,1.0988843867740536,4433.0
Winter,0.055337789639929746,1.0024187959510569,0.11725828622981067,1.0824801594914613,3374.0
