,phrase,label,sentiment,subjectivity,language,count
ntv.de,ntv.de,ORG,-0.004055409301742511,0.0012034599473486273,de,2659
EU,EU,ORG,0.005984064399539979,0.048053228191227204,de,2029
SPD,SPD,ORG,0.005130551488530976,0.0427037579306979,de,1366
n-tv,n-tv,ORG,0.6973941368078204,0.0,de,921
Ukraine-Liveblog,Ukraine-Liveblog,ORG,-0.022860520094562648,0.017494089834515364,de,705
CDU,CDU,ORG,0.03395361380798273,0.05307443365695792,de,618
Bundestag,Bundestag,ORG,-0.01620386643233744,0.04223784417106034,de,569
Grüne,Grüne,ORG,-0.05281351526965563,0.06000649772579598,de,513
Nato,Nato,ORG,-0.007128906250000008,0.04947916666666667,de,512
FDP,FDP,ORG,-0.0320890635232482,0.04282907662082514,de,509
EZB,EZB,ORG,0.13236973590292664,0.01980728051391863,de,467
Russland,Russland,ORG,-0.033164033107599716,0.03724604966139955,de,443
Bundeswehr,Bundeswehr,ORG,0.07334142394822,0.04902912621359224,de,412
AfD,AfD,ORG,-0.03579494128274618,0.014453477868112014,de,369
EU-Kommission,EU-Kommission,ORG,0.035994397759103604,0.0196078431372549,de,357
Cookies,Cookies,ORG,0.6837681159420249,0.0,de,345
NATO,NATO,ORG,0.027761194029850726,0.05472636815920399,de,335
Deutschland,Deutschland,ORG,-0.06209150326797386,0.07625272331154684,de,306
EU-Staaten,EU-Staaten,ORG,0.007979976442873972,0.09128386336866902,de,283
Hamas,Hamas,ORG,-0.0720737913486005,0.03708651399491094,de,262
US-Militär,US-Militär,ORG,-0.05096525096525097,0.017374517374517374,de,259
Union,Union,ORG,0.02267103347889374,0.008733624454148471,de,229
Partei,Partei,ORG,0.06975867269984913,0.05354449472096531,de,221
Ukraine +++,Ukraine +++,ORG,0.008585858585858596,0.034511784511784514,de,198
UN,UN,ORG,-0.11740451388888888,0.0646701388888889,de,192
+++,+++,ORG,-0.07699275362318839,0.02608695652173913,de,184
Militär,Militär,ORG,0.13305243445692874,0.06554307116104868,de,178
…,…,ORG,0.0699623352165725,0.04284369114877589,de,177
SPIEGEL,SPIEGEL,ORG,0.413580246913581,0.0,de,162
Europäische Zentralbank,Europäische Zentralbank,ORG,0.19663561076604547,0.015527950310559006,de,161
ukrainischen Streitkräfte,ukrainischen Streitkräfte,ORG,-0.013836477987421384,0.031446540880503145,de,159
CSU,CSU,ORG,-0.006289308176100619,0.07756813417190775,de,159
ukrainische Armee,ukrainische Armee,ORG,-0.02874472573839662,0.0890295358649789,de,158
russische Armee,russische Armee,ORG,-0.06776315789473684,0.061403508771929814,de,152
Vereinten Nationen,Vereinten Nationen,ORG,-0.012913907284768213,0.04403973509933775,de,151
Europäische Union,Europäische Union,ORG,-0.05516666666666669,0.04,de,150
UN-Sicherheitsrat,UN-Sicherheitsrat,ORG,-0.016554809843400447,0.040268456375838924,de,149
F.A.Z.,F.A.Z.,ORG,0.02432432432432433,0.0033783783783783786,de,148
Die Grünen,Die Grünen,ORG,-0.07539682539682543,0.08163265306122448,de,147
Trump,Trump,ORG,-0.01321428571428571,0.04285714285714286,de,140
Europäischen Union,Europäischen Union,ORG,-0.018613138686131382,0.06569343065693431,de,137
Fußball-Bundesliga,Fußball-Bundesliga,ORG,-0.041176470588235294,0.014705882352941176,de,136
Hisbollah,Hisbollah,ORG,-0.06320987654320988,0.037037037037037035,de,135
ei…,ei…,ORG,0.057051282051282064,0.023846153846153843,de,130
Grünen,Grünen,ORG,-0.06499999999999997,0.07692307692307693,de,130
picture alliance,picture alliance,ORG,-0.012992125984251967,0.03346456692913386,de,127
Selenskyj,Selenskyj,ORG,-0.019758064516129027,0.036290322580645164,de,124
Armee,Armee,ORG,-0.06551490514905153,0.07967479674796749,de,123
die Grünen,die Grünen,ORG,-0.018749999999999992,0.0827777777777778,de,120
China,China,ORG,-0.07483333333333332,0.03666666666666667,de,120
US-Angriff,US-Angriff,ORG,-0.036511299435028254,0.030367231638418077,de,118
Microsoft,Microsoft,ORG,0.0886494252873563,0.08908045977011493,de,116
Fridays for Future,Fridays for Future,ORG,-0.008771929824561401,0.09649122807017543,de,114
D…,D…,ORG,0.01320754716981132,0.0,de,106
russischen Streitkräfte,russischen Streitkräfte,ORG,-0.09690476190476191,0.009523809523809525,de,105
Fed,Fed,ORG,0.1661904761904761,0.02857142857142857,de,105
Technik/Hardware,Technik/Hardware,ORG,0.7000000000000013,0.0,de,103
IAEA,IAEA,ORG,-0.11960784313725493,0.029411764705882353,de,102
VW,VW,ORG,-0.0036666666666666657,0.04666666666666666,de,100
US-Notenbank,US-Notenbank,ORG,0.12780612244897954,0.03571428571428571,de,98
d…,d…,ORG,0.023469387755102038,0.030612244897959183,de,98
TTS-Player,TTS-Player,ORG,-0.0029209621993127113,0.07731958762886598,de,97
Russland +++,Russland +++,ORG,-0.14421052631578946,0.07894736842105263,de,95
Polizei,Polizei,ORG,-0.1379120879120879,0.02197802197802198,de,91
Apple,Apple,ORG,0.17518518518518508,0.05555555555555555,de,90
Bundespolizei,Bundespolizei,ORG,0.05058823529411764,0.058823529411764705,de,85
EU-Parlament,EU-Parlament,ORG,0.04029411764705883,0.0,de,85
EU-Länder,EU-Länder,ORG,0.0723529411764706,0.07529411764705883,de,85
Iran,Iran,ORG,-0.03194444444444445,0.02976190476190476,de,84
AKW Saporischschja,AKW Saporischschja,ORG,-0.08958333333333335,0.03571428571428571,de,84
israelische Armee,israelische Armee,ORG,-0.00436507936507936,0.015873015873015872,de,84
Volkswagen,Volkswagen,ORG,-0.018072289156626502,0.018072289156626505,de,83
KOMMENTAR,KOMMENTAR,ORG,-0.030722891566265058,0.07590361445783132,de,83
ukrainische Militär,ukrainische Militär,ORG,0.013855421686746984,0.0,de,83
LNG,LNG,ORG,-0.05555555555555555,0.06172839506172839,de,81
K…,K…,ORG,0.0,0.042194092827004225,de,79
Liveblog,Liveblog,ORG,0.0056962025316455635,0.04430379746835443,de,79
dpo,dpo,ORG,0.0960970464135021,0.1350210970464135,de,79
EU-Sanktionen,EU-Sanktionen,ORG,-0.16363636363636364,0.025974025974025976,de,77
Kirche,Kirche,ORG,0.06164383561643835,0.0273972602739726,de,73
EU-Beitritt,EU-Beitritt,ORG,0.10068493150684933,0.03881278538812785,de,73
Kiew,Kiew,ORG,-0.04930555555555554,0.09722222222222222,de,72
Demokraten,Demokraten,ORG,-0.14357142857142854,0.02857142857142857,de,70
https://epaper.welt.de,https://epaper.welt.de,ORG,0.0,0.0,de,69
Gas,Gas,ORG,0.1210144927536232,0.10144927536231885,de-DE,69
+++ Ukraine-Krieg +++,+++ Ukraine-Krieg +++,ORG,-0.005797101449275361,0.028985507246376812,de,69
ISW,ISW,ORG,-0.05144927536231885,0.0,de,69
FOCUS,FOCUS,ORG,0.0545893719806763,0.13333333333333333,de,69
Liveblog Ukraine-Liveblog,Liveblog Ukraine-Liveblog,ORG,-0.15473039215686268,0.08039215686274509,de,68
Greenpeace,Greenpeace,ORG,-0.11940298507462686,0.05373134328358208,de,67
ntv,ntv,ORG,0.5863636363636364,0.015151515151515152,de,66
russische Militär,russische Militär,ORG,-0.11515151515151514,0.07575757575757576,de,66
"Link
","Link
",ORG,-0.5732051282051284,0.019230769230769232,de,65
FSB,FSB,ORG,-0.075390625,0.03125,de,64
Israels Armee,Israels Armee,ORG,-0.06692708333333333,0.0390625,de,64
+++ Nachrichten,+++ Nachrichten,ORG,-0.08709677419354839,0.016129032258064516,de,62
Parlament,Parlament,ORG,0.10645161290322581,0.016129032258064516,de,62
ZDF,ZDF,ORG,-0.0016666666666666718,0.04833333333333333,de,60
Abgeordneten,Abgeordneten,ORG,-0.0004237288135593205,0.12429378531073446,de,59
Sowjetunion,Sowjetunion,ORG,0.18305084745762706,0.01694915254237288,de,59
Europäischen Zentralbank,Europäischen Zentralbank,ORG,0.09237288135593219,0.01694915254237288,de,59
RWE,RWE,ORG,0.022586206896551723,0.0603448275862069,de,58
Corona-Pandemie,Corona-Pandemie,ORG,-0.025730994152046785,0.011695906432748537,de,57
New York Times,New York Times,ORG,0.07017543859649122,0.043859649122807015,de,57
ADAC,ADAC,ORG,0.08157894736842106,0.07017543859649122,de,57
Ukraine-Krieges,Ukraine-Krieges,ORG,-0.10714285714285716,0.06696428571428571,de,56
FC Bayern,FC Bayern,ORG,0.03545454545454545,0.01818181818181818,de,55
Porsche,Porsche,ORG,-0.028787878787878782,0.006060606060606061,de,55
Berlin,Berlin,ORG,0.030303030303030307,0.06969696969696969,de,55
Bundesliga,Bundesliga,ORG,-0.05833333333333334,0.018518518518518517,de,54
Wagner-Gruppe,Wagner-Gruppe,ORG,-0.09444444444444444,0.0,de,54
IWF,IWF,ORG,-0.0027777777777777844,0.05555555555555555,de,54
Atomkraft,Atomkraft,ORG,0.24259259259259255,0.037037037037037035,de,54
Shutterstock.com,Shutterstock.com,ORG,-0.13962264150943396,0.018867924528301886,de,53
US-Streitkräfte,US-Streitkräfte,ORG,-0.05345911949685534,0.03773584905660377,de,53
ARD,ARD,ORG,0.07358490566037734,0.04716981132075472,de,53
Kommission,Kommission,ORG,0.16346153846153846,0.019230769230769232,de,52
Formel 1,Formel 1,ORG,0.26249999999999996,0.019230769230769232,de,52
dpa,dpa,ORG,0.0216346153846154,0.07211538461538461,de,52
US-Inflation,US-Inflation,ORG,0.07500000000000001,0.019230769230769232,de,52
Verteidigungsministerium,Verteidigungsministerium,ORG,0.01826923076923076,0.019230769230769232,de,52
Ukraine-Krieg +++,Ukraine-Krieg +++,ORG,-0.11960784313725491,0.0196078431372549,de,51
++ Ukraine,++ Ukraine,ORG,-0.034,0.0,de,50
di…,di…,ORG,-0.012999999999999998,0.03,de,50
IG Metall,IG Metall,ORG,-0.04799999999999999,0.04,de,50
Nord-Stream-Pipelines,Nord-Stream-Pipelines,ORG,-0.09000000000000002,0.02040816326530612,de,49
SBU,SBU,ORG,0.027210884353741492,0.02040816326530612,de,49
Kiew +++,Kiew +++,ORG,-0.09693877551020408,0.006802721088435374,de,49
ÖVP,ÖVP,ORG,0.012244897959183673,0.06802721088435375,de,49
Streitkräfte,Streitkräfte,ORG,0.11224489795918367,0.0163265306122449,de,49
DWD,DWD,ORG,-0.012152777777777776,0.03125,de,48
Konsum,Konsum,ORG,-0.09895833333333336,0.09375,de,48
Tempo,Tempo,ORG,-0.19042553191489361,0.0425531914893617,de,47
Nato-Staaten,Nato-Staaten,ORG,0.09893617021276596,0.0851063829787234,de,47
US-Armee,US-Armee,ORG,-0.0021276595744680916,0.0,de,47
US-Repräsentantenhaus,US-Repräsentantenhaus,ORG,0.292391304347826,0.0,de,46
FAZ,FAZ,ORG,-0.07391304347826086,0.021739130434782608,de,46
US-Medien,US-Medien,ORG,0.03043478260869565,0.0,de,46
IEA,IEA,ORG,0.017777777777777778,0.06666666666666667,de,45
Energie & Klima,Energie & Klima,ORG,0.684444444444444,0.0,de,45
Deutsche Wetterdienst,Deutsche Wetterdienst,ORG,0.010000000000000002,0.06666666666666667,de,45
CSD,CSD,ORG,-0.22916666666666666,0.011111111111111112,de,45
nan,nan,ORG,-0.021590909090909095,0.011363636363636364,de,44
e…,e…,ORG,0.006818181818181814,0.0,de,44
Rheinmetall,Rheinmetall,ORG,0.07045454545454545,0.0,de,44
BASF,BASF,ORG,0.04734848484848484,0.009090909090909092,de,44
Borussia Dortmund,Borussia Dortmund,ORG,-0.08484848484848483,0.0,de,44
Linke,Linke,ORG,-0.1174418604651163,0.023255813953488372,de,43
BVB,BVB,ORG,0.07209302325581395,0.05813953488372093,de,43
Zentrum,Zentrum,ORG,0.04047619047619048,0.0,de,42
wi…,wi…,ORG,0.04226190476190476,0.08333333333333333,de,42
CNN,CNN,ORG,-0.06785714285714285,0.023809523809523808,de,42
deutsche Wirtschaft,deutsche Wirtschaft,ORG,-0.1630952380952381,0.047619047619047616,de,42
Bundestags,Bundestags,ORG,-0.034523809523809526,0.0,de,42
FPÖ,FPÖ,ORG,-0.0071428571428571435,0.023809523809523808,de,42
Berliner Polizei,Berliner Polizei,ORG,0.0012195121951219523,0.012195121951219513,de,41
Sozialdemokraten,Sozialdemokraten,ORG,0.11125,0.05,de,40
s…,s…,ORG,0.04875,0.025,de,40
Russlands Armee,Russlands Armee,ORG,-0.04958333333333335,0.008333333333333333,de,40
Bund,Bund,ORG,-0.07307692307692308,0.05128205128205128,de,39
Deutsche Bahn,Deutsche Bahn,ORG,-0.02820512820512822,0.0641025641025641,de,39
Gewerkschaft,Gewerkschaft,ORG,-0.14615384615384616,0.2564102564102564,de,39
US-Wahl,US-Wahl,ORG,0.006578947368421052,0.07894736842105263,de,38
Eskalation,Eskalation,ORG,-0.2736842105263158,0.0,de,38
un…,un…,ORG,-0.03903508771929824,0.0,de,38
Manchester City,Manchester City,ORG,-0.07675438596491228,0.02631578947368421,de,38
Liberalen,Liberalen,ORG,0.36578947368421044,0.07719298245614035,de,38
CIA,CIA,ORG,-0.19210526315789472,0.0,de,38
US-Soldaten,US-Soldaten,ORG,-0.1310810810810811,0.05405405405405406,de,37
Bundesbank,Bundesbank,ORG,-0.07027027027027027,0.02702702702702703,de,37
Deutschen Presse-Agentur,Deutschen Presse-Agentur,ORG,0.06486486486486487,0.036036036036036036,de,37
Black Friday,Black Friday,ORG,0.2648648648648648,0.02702702702702703,de,37
REUTERS,REUTERS,ORG,0.03108108108108108,0.02702702702702703,de,37
OMV,OMV,ORG,0.060810810810810814,0.02702702702702703,de,37
Ampel-Regierung,Ampel-Regierung,ORG,0.14189189189189189,0.06756756756756757,de,37
Katar,Katar,ORG,0.10833333333333334,0.19166666666666668,de,36
NATO-Staaten,NATO-Staaten,ORG,0.046759259259259264,0.041666666666666664,de,36
NZZ,NZZ,ORG,0.06527777777777778,0.3888888888888889,de,36
BBC,BBC,ORG,-0.13055555555555556,0.05555555555555555,de,36
Bundesanwaltschaft,Bundesanwaltschaft,ORG,-0.19861111111111113,0.027777777777777776,de,36
ukrainische Luftwaffe,ukrainische Luftwaffe,ORG,-0.04027777777777777,0.027777777777777776,de,36
h…,h…,ORG,0.13055555555555556,0.0,de,36
Russische Streitkräfte,Russische Streitkräfte,ORG,-0.1273148148148148,0.0,de,36
SPÖ,SPÖ,ORG,0.09142857142857141,0.06666666666666665,de,35
Europäische Kommission,Europäische Kommission,ORG,-0.10285714285714284,0.05714285714285714,de,35
Nasa,Nasa,ORG,0.08,0.019047619047619046,de,35
US-Sanktionen,US-Sanktionen,ORG,-0.059047619047619064,0.0,de,35
Intel,Intel,ORG,0.19714285714285718,0.08571428571428572,de,35
++ Russland,++ Russland,ORG,-0.08571428571428572,0.0,de,35
Börse,Börse,ORG,0.14571428571428574,0.04285714285714286,de,35
Internationalen Strafgerichtshof,Internationalen Strafgerichtshof,ORG,-0.08970588235294118,0.0,de,34
Ukrain…,Ukrain…,ORG,0.048039215686274506,0.058823529411764705,de,34
Gas- und Strompreisbremse,Gas- und Strompreisbremse,ORG,0.03235294117647059,0.058823529411764705,de,34
den Grünen,den Grünen,ORG,-0.016666666666666656,0.061764705882352944,de,34
Kreml-Chef,Kreml-Chef,ORG,-0.06764705882352941,0.0,de,34
Gewerkschaften,Gewerkschaften,ORG,0.03161764705882353,0.19117647058823528,de,34
DW,DW,ORG,-0.047058823529411764,0.0,de,34
SZ,SZ,ORG,0.047058823529411764,0.0,de,34
AKWs,AKWs,ORG,0.3,0.0,de-DE,33
Credit Suisse,Credit Suisse,ORG,0.12070707070707071,0.06767676767676768,de,33
se…,se…,ORG,-0.04090909090909091,0.0,de,33
Ukrainische Armee,Ukrainische Armee,ORG,-0.007070707070707073,0.030303030303030304,de,33
be…,be…,ORG,0.13939393939393938,0.030303030303030304,de,33
Deutsche Bank,Deutsche Bank,ORG,-0.06111111111111111,0.12121212121212122,de,33
H…,H…,ORG,0.030303030303030304,0.030303030303030304,de,33
Zwei-Prozent-Marke,Zwei-Prozent-Marke,ORG,0.0,0.06060606060606061,de,33
we…,we…,ORG,0.04921875,0.0390625,de,32
AfD.,AfD.,ORG,0.0171875,0.0,de,32
US-Militärs,US-Militärs,ORG,0.035937500000000004,0.015625,de,32
PKK,PKK,ORG,-0.0359375,0.0,de,32
BMW,BMW,ORG,0.12499999999999999,0.109375,de,32
Lufthansa,Lufthansa,ORG,-0.071875,0.0,de,32
Mercedes,Mercedes,ORG,0.0015624999999999944,0.015625,de,32
Taliban,Taliban,ORG,0.05078124999999999,0.0625,de,32
B…,B…,ORG,-0.12903225806451613,0.03225806451612903,de,31
BND,BND,ORG,-0.1924731182795699,0.0,de,31
Wagenknecht,Wagenknecht,ORG,0.09838709677419354,0.03225806451612903,de,31
Nahost-Liveblog,Nahost-Liveblog,ORG,-0.06451612903225806,0.0,de,31
EnBW,EnBW,ORG,0.16833333333333333,0.13333333333333333,de,30
IStGH,IStGH,ORG,0.24666666666666667,0.0,de,30
GASTKOMMENTAR,GASTKOMMENTAR,ORG,0.05333333333333332,0.08333333333333333,de,30
Spiegel,Spiegel,ORG,0.04666666666666666,0.06666666666666667,de,30
fü…,fü…,ORG,0.0024999999999999983,0.06666666666666667,de,30
ZF,ZF,ORG,0.013333333333333324,0.0,de,30
MV,MV,ORG,0.0050000000000000044,0.0,de,30
Deutsche Umwelthilfe,Deutsche Umwelthilfe,ORG,-0.2189655172413793,0.1206896551724138,de,29
Repräsentantenhaus,Repräsentantenhaus,ORG,0.15862068965517243,0.0,de,29
Deutschen Bahn,Deutschen Bahn,ORG,-0.06379310344827588,0.10344827586206896,de,29
Moskau +++,Moskau +++,ORG,-0.049425287356321825,0.0,de,29
Klima & Umwelt,Klima & Umwelt,ORG,0.6999999999999996,0.0,de,29
Pandemie,Pandemie,ORG,0.1482758620689655,0.25862068965517243,de,29
Siemens Energy,Siemens Energy,ORG,0.09107142857142857,0.0,de,28
WHO,WHO,ORG,0.15357142857142855,0.19642857142857142,de,28
Ukrai…,Ukrai…,ORG,0.10714285714285714,0.03571428571428571,de,28
S…,S…,ORG,0.049999999999999996,0.018518518518518517,de,27
BP,BP,ORG,0.08703703703703704,0.07407407407407407,de,27
Apple Podcasts,Apple Podcasts,ORG,0.448148148148148,0.037037037037037035,de,27
EU-Außenminister,EU-Außenminister,ORG,0.0018518518518518493,0.037037037037037035,de,27
i…,i…,ORG,0.08148148148148147,0.06481481481481481,de,27
NDR,NDR,ORG,-0.0308641975308642,0.12962962962962962,de,27
Frankfurter Allgemeine Zeitung,Frankfurter Allgemeine Zeitung,ORG,-0.07407407407407407,0.0,de,27
Ukraine…,Ukraine…,ORG,-0.03333333333333334,0.0,de,27
Hizbullah,Hizbullah,ORG,-0.14506172839506173,0.08641975308641975,de,27
Internationalen Energieagentur,Internationalen Energieagentur,ORG,-0.12592592592592594,0.07407407407407407,de,27
Statistisches Bundesamt,Statistisches Bundesamt,ORG,0.0,0.11538461538461539,de,26
Europaparlament,Europaparlament,ORG,-0.0423076923076923,0.0,de,26
Ukrainische Streitkräfte,Ukrainische Streitkräfte,ORG,-0.1875,0.08653846153846154,de,26
Weltbank,Weltbank,ORG,0.102,0.08,de,25
OECD,OECD,ORG,-0.08399999999999999,0.0,de,25
Nordkorea,Nordkorea,ORG,0.11800000000000002,0.04,de,25
BILD,BILD,ORG,0.052000000000000005,0.0,de,25
Pentagon,Pentagon,ORG,-0.12,0.0,de,25
DFB,DFB,ORG,-0.13999999999999996,0.04,de,25
Leipziger Buchmesse,Leipziger Buchmesse,ORG,0.21600000000000003,0.0,de,25
DDR,DDR,ORG,0.025999999999999995,0.09,de,25
UN-Vollversammlung,UN-Vollversammlung,ORG,-0.029999999999999995,0.0,de,25
Internationale Strafgerichtshof,Internationale Strafgerichtshof,ORG,-0.08,0.04,de,25
US-Friedensplan,US-Friedensplan,ORG,0.06875000000000002,0.0,de,24
Antisemitismus,Antisemitismus,ORG,0.07083333333333335,0.0,de,24
b…,b…,ORG,0.013888888888888895,0.08333333333333333,de,24
Eintracht,Eintracht,ORG,-0.033333333333333326,0.16666666666666666,de,24
ni…,ni…,ORG,-0.028125,0.041666666666666664,de,24
FBI,FBI,ORG,-0.125,0.0,de,24
US-Außenministerium,US-Außenministerium,ORG,0.1416666666666667,0.013888888888888888,de,24
IOC,IOC,ORG,0.1125,0.0,de,24
Emissionen,Emissionen,ORG,0.029166666666666664,0.08333333333333333,de,24
Spotify,Spotify,ORG,0.5041666666666665,0.041666666666666664,de,24
Huthi-Rebellen,Huthi-Rebellen,ORG,0.08819444444444446,0.0,de,24
GEO,GEO,ORG,1.0,0.0,de,24
Krim +++,Krim +++,ORG,-0.08695652173913043,0.043478260869565216,de,23
AFP,AFP,ORG,-0.017391304347826084,0.043478260869565216,de,23
RB Leipzig,RB Leipzig,ORG,0.04130434782608695,0.043478260869565216,de,23
Italien,Italien,ORG,0.2608695652173913,0.0,de,23
ve…,ve…,ORG,-0.09565217391304348,0.0,de,23
Saudi-Arabien,Saudi-Arabien,ORG,0.10217391304347827,0.043478260869565216,de,23
Ukra…,Ukra…,ORG,0.03695652173913044,0.043478260869565216,de,23
UBS,UBS,ORG,0.06666666666666667,0.053623188405797106,de,23
Sony,Sony,ORG,0.10869565217391304,0.043478260869565216,de,23
HUR,HUR,ORG,-0.013043478260869568,0.0,de,23
EU-,EU-,ORG,-0.21363636363636365,0.0,de,22
EDF,EDF,ORG,0.07045454545454545,0.13636363636363635,de,22
DIW,DIW,ORG,-0.038636363636363635,0.045454545454545456,de,22
Ukraine-Kontaktgruppe,Ukraine-Kontaktgruppe,ORG,-0.031060606060606052,0.06818181818181818,de,22
Wirtschaftsminister Habeck,Wirtschaftsminister Habeck,ORG,-0.34545454545454546,0.045454545454545456,de,22
VfL Wolfsburg,VfL Wolfsburg,ORG,0.37954545454545463,0.08333333333333333,de,22
Union Berlin,Union Berlin,ORG,-0.12272727272727274,0.0,de,22
Luftwaffe,Luftwaffe,ORG,-0.14772727272727273,0.0,de,22
Deutschen Bank,Deutschen Bank,ORG,0.07727272727272727,0.0,de,22
Nestlé,Nestlé,ORG,0.10909090909090909,0.0,de,22
A…,A…,ORG,0.028787878787878786,0.0,de,22
F…,F…,ORG,0.059090909090909076,0.11363636363636363,de,22
Uk…,Uk…,ORG,-0.18181818181818182,0.0,de,22
COP,COP,ORG,0.09545454545454544,0.13636363636363635,de,22
ukrainischen Armee,ukrainischen Armee,ORG,-0.10454545454545454,0.0,de,22
WWF,WWF,ORG,-0.07272727272727272,0.045454545454545456,de,22
Internationale Energieagentur,Internationale Energieagentur,ORG,-0.21136363636363634,0.06818181818181818,de,22
Waffen-SS,Waffen-SS,ORG,0.2727272727272727,0.0,de,22
Ei…,Ei…,ORG,-0.06507936507936508,0.0,de,21
EU-Gipfel,EU-Gipfel,ORG,-0.07619047619047618,0.0,de,21
picture alliance/dpa/AP,picture alliance/dpa/AP,ORG,-0.047619047619047616,0.0380952380952381,de,21
israelische Militär,israelische Militär,ORG,0.0,0.047619047619047616,de,21
US-Börsen,US-Börsen,ORG,-0.1761904761904762,0.0,de,21
SpaceX,SpaceX,ORG,-0.014285714285714287,0.23809523809523808,de,21
W…,W…,ORG,-0.028571428571428574,0.0,de,21
Petersberger Klimadialog,Petersberger Klimadialog,ORG,-0.03333333333333333,0.047619047619047616,de,21
Ve…,Ve…,ORG,0.04285714285714285,0.0,de,21
Belgorod,Belgorod,ORG,-0.20952380952380953,0.0,de,21
Disney,Disney,ORG,0.19206349206349205,0.07936507936507936,de,21
Schwarz-Rot,Schwarz-Rot,ORG,-0.08095238095238096,0.0,de,21
Auto,Auto,ORG,0.23333333333333334,0.0,de,21
US-Marine,US-Marine,ORG,-0.17380952380952383,0.023809523809523808,de,21
FC Köln,FC Köln,ORG,0.22380952380952382,0.0,de,21
ge…,ge…,ORG,-0.06468253968253969,0.0,de,21
+++ Russland,+++ Russland,ORG,0.22142857142857145,0.023809523809523808,de,21
Inflationsrate,Inflationsrate,ORG,0.13333333333333333,0.0,de,21
Bund…,Bund…,ORG,0.03333333333333333,0.0,de,21
EuGH,EuGH,ORG,-0.08095238095238096,0.0,de,21
Russlands Angriffskrieg,Russlands Angriffskrieg,ORG,0.1619047619047619,0.11904761904761904,de,21
OSZE,OSZE,ORG,0.0738095238095238,0.09523809523809523,de,21
taz,taz,ORG,0.08333333333333333,0.07142857142857142,de,21
Europarat,Europarat,ORG,-0.11428571428571428,0.09523809523809523,de,21
Ukraine ++,Ukraine ++,ORG,0.03333333333333333,0.0,de,21
US-Finanzministerium,US-Finanzministerium,ORG,-0.06999999999999999,0.0,de,20
israelischen Armee,israelischen Armee,ORG,-0.16687499999999997,0.0,de,20
US-Truppen,US-Truppen,ORG,-0.09749999999999998,0.05,de,20
Kuleba,Kuleba,ORG,-0.039999999999999994,0.05,de,20
Außenministerium,Außenministerium,ORG,-0.0075000000000000015,0.0,de,20
CDU/CSU,CDU/CSU,ORG,-0.05,0.0,de,20
Hertha BSC,Hertha BSC,ORG,0.020000000000000007,0.0,de,20
Charkiw +++,Charkiw +++,ORG,-0.05750000000000001,0.075,de,20
Abgrund,Abgrund,ORG,-0.08499999999999999,0.0,de,20
si…,si…,ORG,0.034999999999999996,0.05,de,20
HSV,HSV,ORG,0.17,0.0,de,20
Shell,Shell,ORG,-0.07749999999999999,0.05,de,20
FC St. Pauli,FC St. Pauli,ORG,0.255,0.0,de,20
BUND,BUND,ORG,-0.13166666666666665,0.0,de,20
I…,I…,ORG,-0.05,0.0,de,20
Nvidia,Nvidia,ORG,0.225,0.05,de,20
russi…,russi…,ORG,-0.021052631578947364,0.0,de,19
Justizministerium,Justizministerium,ORG,-0.09736842105263158,0.0,de,19
Truth Social,Truth Social,ORG,-0.01578947368421053,0.05263157894736842,de,19
Commerzbank,Commerzbank,ORG,-0.05263157894736842,0.0,de,19
Ukraine-Gespräche,Ukraine-Gespräche,ORG,0.1929824561403509,0.0,de,19
FOCUS online,FOCUS online,ORG,-0.027631578947368417,0.0,de,19
Werder Bremen,Werder Bremen,ORG,0.1868421052631579,0.0,de,19
Republikanern,Republikanern,ORG,-0.08157894736842104,0.07894736842105263,de,19
Borussia Mönchengladbach,Borussia Mönchengladbach,ORG,-0.04473684210526316,0.0,de,19
Eurostat,Eurostat,ORG,0.05263157894736842,0.0,de,19
US…,US…,ORG,-0.034210526315789476,0.0,de,19
Stiftung Warentest,Stiftung Warentest,ORG,0.23684210526315788,0.0,de,19
Saporischschja,Saporischschja,ORG,-0.05263157894736842,0.0,de,19
UN-Klimakonferenz,UN-Klimakonferenz,ORG,0.11052631578947367,0.0,de,19
Co.,Co.,ORG,0.0,0.0,de,19
WDR,WDR,ORG,0.0,0.10526315789473684,de,19
Deutschen Wetterdienstes,Deutschen Wetterdienstes,ORG,0.12499999999999997,0.0,de,18
Liveblog Russlands,Liveblog Russlands,ORG,-0.05000000000000002,0.1,de,18
ukrainische Streitkräfte,ukrainische Streitkräfte,ORG,-0.04722222222222222,0.0,de,18
Frankfurt,Frankfurt,ORG,0.01574074074074074,0.0,de,18
FOCUS online Earth,FOCUS online Earth,ORG,-0.14722222222222223,0.027777777777777776,de,18
GIE,GIE,ORG,0.12777777777777777,0.0,de,18
Fußball-Liga,Fußball-Liga,ORG,-0.05555555555555555,0.0,de,18
UN-Angaben,UN-Angaben,ORG,-0.15000000000000002,0.16666666666666666,de,18
EU-Ländern,EU-Ländern,ORG,-0.07314814814814814,0.32407407407407407,de,18
UNO,UNO,ORG,-0.14722222222222225,0.027777777777777776,de,18
Akku,Akku,ORG,0.4527777777777778,0.0,de,18
russischen Armee,russischen Armee,ORG,0.0574074074074074,0.037037037037037035,de,18
Caritas,Caritas,ORG,0.14722222222222223,0.05555555555555555,de,18
US-Vorschlag,US-Vorschlag,ORG,-0.03888888888888889,0.05555555555555555,de,18
Ukraine +++ Selenskyj,Ukraine +++ Selenskyj,ORG,-0.06111111111111113,0.0,de,18
Nord Stream 1,Nord Stream 1,ORG,0.0,0.0,de,18
Kursk +++,Kursk +++,ORG,0.03148148148148149,0.013888888888888888,de,18
Die Linke,Die Linke,ORG,-0.0861111111111111,0.05555555555555555,de,18
EU-Beitrittsverhandlungen,EU-Beitrittsverhandlungen,ORG,0.20833333333333334,0.027777777777777776,de,18
ukrainische Parlament,ukrainische Parlament,ORG,0.03055555555555555,0.05555555555555555,de,18
Ukraine,Ukraine,ORG,0.11388888888888887,0.027777777777777776,de,18
sc…,sc…,ORG,-0.049999999999999996,0.08333333333333333,de,18
US-Geheimdienste,US-Geheimdienste,ORG,-0.25,0.047058823529411764,de,17
Ministerium,Ministerium,ORG,0.11764705882352941,0.11764705882352941,de,17
EU-Mitgliedstaaten,EU-Mitgliedstaaten,ORG,0.049999999999999996,0.0,de,17
Umweltministerium,Umweltministerium,ORG,0.041176470588235294,0.11764705882352941,de,17
RT DE,RT DE,ORG,-0.002941176470588238,0.058823529411764705,de,17
DAZN,DAZN,ORG,0.12352941176470589,0.11764705882352941,de,17
Totschlags,Totschlags,ORG,-0.15882352941176472,0.0,de,17
Putins Russland,Putins Russland,ORG,0.08235294117647059,0.11764705882352941,de,17
nan Russland,nan Russland,ORG,0.005882352941176463,0.11764705882352941,de,17
Bund und Länder,Bund und Länder,ORG,0.18823529411764706,0.0,de,17
GRU,GRU,ORG,0.08235294117647059,0.0,de,17
Bachmut +++,Bachmut +++,ORG,0.09999999999999999,0.0,de,17
Moskaus,Moskaus,ORG,-0.1411764705882353,0.0,de,17
BTC,BTC,ORG,0.0,0.0,de,17
Weltgesundheitsorganisation,Weltgesundheitsorganisation,ORG,-0.047058823529411764,0.08823529411764706,de,17
FIFA,FIFA,ORG,-0.18823529411764706,0.0,de,17
Pr…,Pr…,ORG,0.0,0.0,de,17
US-Behörden,US-Behörden,ORG,-0.12352941176470586,0.11764705882352941,de,17
Ukraine-Friedenskonferenz,Ukraine-Friedenskonferenz,ORG,0.0,0.11764705882352941,de,17
Brasilien,Brasilien,ORG,-0.21470588235294116,0.08823529411764706,de,17
Boeing,Boeing,ORG,-0.06176470588235293,0.058823529411764705,de,17
Marine,Marine,ORG,0.14117647058823526,0.0,de,17
US-General,US-General,ORG,0.08235294117647057,0.0,de,17
F-16-Kampfjets,F-16-Kampfjets,ORG,0.1411764705882353,0.11764705882352941,de,17
NATO-Generalsekretär,NATO-Generalsekretär,ORG,-0.23958333333333331,0.0625,de,16
++ Selenskyj,++ Selenskyj,ORG,0.10625,0.0625,de,16
Reg…,Reg…,ORG,-0.16875,0.0625,de,16
Landesamt für Statistik,Landesamt für Statistik,ORG,0.0,0.0625,de,16
Deutsc…,Deutsc…,ORG,0.06562499999999999,0.03125,de,16
TUI,TUI,ORG,0.125,0.0,de,16
Leipzig,Leipzig,ORG,-0.184375,0.0625,de,16
Konservativen,Konservativen,ORG,0.03437499999999999,0.0,de,16
US-Republikaner,US-Republikaner,ORG,0.0,0.0625,de,16
deutschen Wirtschaft,deutschen Wirtschaft,ORG,0.30000000000000004,0.0,de,16
junge Welt,junge Welt,ORG,-0.04375,0.0,de,16
EU-Land,EU-Land,ORG,-0.059375,0.21875,de,16
Wehrmacht,Wehrmacht,ORG,0.0625,0.0,de,16
Real Madrid,Real Madrid,ORG,0.7479166666666667,0.03125,de,16
USA +++,USA +++,ORG,0.13437500000000002,0.0,de,16
Münchner Sicherheitskonferenz,Münchner Sicherheitskonferenz,ORG,0.0875,0.0625,de,16
russische Außenministerium,russische Außenministerium,ORG,-0.0625,0.0,de,16
E…,E…,ORG,0.0,0.0,de,16
SPD-Fraktion,SPD-Fraktion,ORG,0.04375,0.0,de,16
US-Verteidigungsministerium,US-Verteidigungsministerium,ORG,-0.159375,0.0625,de,16
russische Verteidigungsministerium,russische Verteidigungsministerium,ORG,0.0625,0.0,de,16
Iran +++,Iran +++,ORG,-0.08645833333333332,0.0625,de,16
Universität,Universität,ORG,-0.06666666666666667,0.06666666666666667,de,15
Ukr…,Ukr…,ORG,0.0,0.0,de,15
Eintracht Frankfurt,Eintracht Frankfurt,ORG,-0.0066666666666666576,0.06666666666666667,de,15
russische Streitkräfte,russische Streitkräfte,ORG,-0.06666666666666667,0.06666666666666667,de,15
Notenbank,Notenbank,ORG,0.3383333333333333,0.0,de,15
US-Repräsentantenhauses,US-Repräsentantenhauses,ORG,0.07777777777777777,0.13333333333333333,de,15
DEBATTENRUNDSCHAU,DEBATTENRUNDSCHAU,ORG,0.0,0.0,de,15
Mercedes-Benz,Mercedes-Benz,ORG,-0.1111111111111111,0.13333333333333333,de,15
Europäischen Kommission,Europäischen Kommission,ORG,-0.05666666666666666,0.0,de,15
EU-Kommissionspräsidentin,EU-Kommissionspräsidentin,ORG,-0.09333333333333332,0.06666666666666667,de,15
Sky,Sky,ORG,0.043333333333333314,0.0,de,15
Getty Images,Getty Images,ORG,-0.27666666666666667,0.13333333333333333,de,15
ukrainische Regierung,ukrainische Regierung,ORG,0.09333333333333332,0.0,de,15
Auto &,Auto &,ORG,0.0,0.9333333333333333,de,15
BRICS-Staaten,BRICS-Staaten,ORG,0.0,0.0,de,15
Ukraine …,Ukraine …,ORG,-0.13333333333333333,0.0,de,15
Ru…,Ru…,ORG,-0.06666666666666667,0.0,de,15
MSC,MSC,ORG,0.0,0.06666666666666667,de,15
Putins Armee,Putins Armee,ORG,0.0066666666666666576,0.0,de,15
Cherson +++,Cherson +++,ORG,-0.18166666666666664,0.0,de,15
Amnesty International,Amnesty International,ORG,-0.24666666666666667,0.0,de,15
Audi,Audi,ORG,-0.04666666666666666,0.06666666666666667,de,15
Bundes…,Bundes…,ORG,0.11333333333333333,0.0,de,15
“ +++,“ +++,ORG,-0.12333333333333334,0.16666666666666666,de,15
RTL,RTL,ORG,0.25222222222222224,0.16666666666666666,en,15
Nord Stream,Nord Stream,ORG,0.0,0.0,de,15
Liveblog Russland,Liveblog Russland,ORG,0.1222222222222222,0.0,de,15
CDU-Chef,CDU-Chef,ORG,-0.09333333333333332,0.0,de,15
Fifa,Fifa,ORG,-0.04666666666666666,0.0,de,15
UN-Generalsekretär,UN-Generalsekretär,ORG,-0.11333333333333333,0.0,de,15
au…,au…,ORG,0.021428571428571432,0.0,de,14
Klimakonferenz,Klimakonferenz,ORG,0.12142857142857143,0.0,de,14
Hamburger SV,Hamburger SV,ORG,-0.12142857142857143,0.0,de,14
Deutschlands,Deutschlands,ORG,-0.07142857142857142,0.07142857142857142,de,14
CO2-Bepreisung,CO2-Bepreisung,ORG,0.11666666666666665,0.2619047619047619,de,14
We…,We…,ORG,0.12142857142857143,0.0,de,14
+++ Ukraine,+++ Ukraine,ORG,0.09999999999999999,0.07142857142857142,de,14
Israelische Armee,Israelische Armee,ORG,-0.010714285714285716,0.0,de,14
EU-Innenminister,EU-Innenminister,ORG,-0.07142857142857142,0.0,de,14
mi…,mi…,ORG,0.125,0.10714285714285714,de,14
BASIC thinking,BASIC thinking,ORG,0.049999999999999996,0.07142857142857142,de,14
britische Regierung,britische Regierung,ORG,0.0,0.0,de,14
Ukraine-Konferenz,Ukraine-Konferenz,ORG,-0.04642857142857143,0.03571428571428571,de,14
Alba Berlin,Alba Berlin,ORG,0.060714285714285714,0.0,de,14
Verbraucherzentrale Bundesverband,Verbraucherzentrale Bundesverband,ORG,0.14999999999999997,0.14285714285714285,de,14
DFL,DFL,ORG,0.05357142857142856,0.10714285714285714,de,14
SPD-Vorsitzende,SPD-Vorsitzende,ORG,-0.021428571428571432,0.0,de,14
Sta…,Sta…,ORG,0.0,0.14285714285714285,de,14
grüne,grüne,ORG,-0.049999999999999996,0.07142857142857142,de,14
Senat,Senat,ORG,0.06785714285714287,0.03571428571428571,de,14
Financial Times,Financial Times,ORG,0.07678571428571428,0.0,de,14
ru…,ru…,ORG,0.03571428571428571,0.09285714285714286,de,14
Washington Post,Washington Post,ORG,-0.021428571428571432,0.0,de,14
ukra…,ukra…,ORG,0.14642857142857144,0.10714285714285714,de,14
RSF-Miliz,RSF-Miliz,ORG,-0.3464285714285714,0.07142857142857142,de,14
Biennale,Biennale,ORG,0.07692307692307693,0.0,de,13
DUH,DUH,ORG,-0.08846153846153847,0.0,de,13
Bitcoin-Kurs,Bitcoin-Kurs,ORG,0.0,0.0,de,13
Bundeskanzleramt,Bundeskanzleramt,ORG,-0.02307692307692308,0.0,de,13
Putin +++,Putin +++,ORG,-0.05384615384615384,0.0,de,13
Internationale Währungsfonds,Internationale Währungsfonds,ORG,0.05384615384615384,0.0,de,13
Nationalrat,Nationalrat,ORG,0.16153846153846152,0.0,de,13
RB,RB,ORG,-0.3038461538461539,0.0,de,13
EGMR,EGMR,ORG,-0.07692307692307693,0.0,de,13
US-Journalist,US-Journalist,ORG,-0.00961538461538462,0.03076923076923077,de,13
LNG-Terminal,LNG-Terminal,ORG,-0.5692307692307692,0.0,de,13
GB,GB,ORG,0.16153846153846152,0.15384615384615385,de,13
CDU-Politiker,CDU-Politiker,ORG,-0.1,0.0,de,13
Po…,Po…,ORG,-0.02307692307692308,0.0,de,13
++,++,ORG,0.0,0.0,de,13
k…,k…,ORG,0.05384615384615384,0.14615384615384613,de,13
Bu…,Bu…,ORG,0.10769230769230768,0.0,de,13
Bank of England,Bank of England,ORG,0.21538461538461537,0.0,de,13
Statistik Austria,Statistik Austria,ORG,0.0,0.07692307692307693,de,13
Internationale Atomenergiebehörde,Internationale Atomenergiebehörde,ORG,-0.15384615384615385,0.0,de,13
TASS,TASS,ORG,-0.15384615384615385,0.0,de,13
Fox News,Fox News,ORG,0.2076923076923077,0.0,de,13
EU-Wahl,EU-Wahl,ORG,0.1717948717948718,0.15384615384615385,de,13
Wagner-Truppe,Wagner-Truppe,ORG,-0.01153846153846154,0.07692307692307693,de,13
Dynamo Dresden,Dynamo Dresden,ORG,-0.02307692307692308,0.0,de,13
Vorjahresmonats,Vorjahresmonats,ORG,0.0,0.0,de,13
Russlands,Russlands,ORG,0.21538461538461537,0.0,de,13
F-16-Kampfflugzeuge,F-16-Kampfflugzeuge,ORG,-0.08333333333333331,0.15384615384615385,de,13
EU-Gericht,EU-Gericht,ORG,0.15384615384615385,0.0,de,13
Unternehmens,Unternehmens,ORG,-0.09615384615384616,0.0,de,13
Russland…,Russland…,ORG,0.0423076923076923,0.0,de,13
BKA,BKA,ORG,-0.24615384615384617,0.0,de,13
TV,TV,ORG,-0.20000000000000004,0.027777777777777776,de,12
US-Medienberichten,US-Medienberichten,ORG,-0.029166666666666674,0.0,de,12
Deutschen Welle,Deutschen Welle,ORG,-0.5833333333333334,0.0,de,12
rus…,rus…,ORG,0.033333333333333326,0.0,de,12
Ozeane,Ozeane,ORG,0.35000000000000003,0.0,de,12
CO2-Ausstoß,CO2-Ausstoß,ORG,0.0,0.16666666666666666,de,12
Handball-Bundesliga,Handball-Bundesliga,ORG,0.10833333333333334,0.0,de,12
ukrai…,ukrai…,ORG,0.11666666666666665,0.0,de,12
++ USA,++ USA,ORG,0.025000000000000005,0.0,de,12
Gaskunden,Gaskunden,ORG,0.17499999999999996,0.0,de,12
Deutschen Marine,Deutschen Marine,ORG,-0.11666666666666665,0.0,de,12
RSF,RSF,ORG,0.033333333333333326,0.0,de,12
Odessa +++,Odessa +++,ORG,-0.25,0.041666666666666664,de,12
FC Nürnberg,FC Nürnberg,ORG,0.05833333333333333,0.0,de,12
Security,Security,ORG,0.6416666666666667,0.0,de,12
Sat.1,Sat.1,ORG,0.08333333333333333,0.08333333333333333,de,12
DHL,DHL,ORG,0.35000000000000003,0.0,de,12
Deutsche Wirtschaft,Deutsche Wirtschaft,ORG,0.0,0.0,de,12
Energiekrise,Energiekrise,ORG,0.17499999999999996,0.08333333333333333,de,12
britischen Verteidigungsministeriums,britischen Verteidigungsministeriums,ORG,0.050000000000000024,0.0,de,12
Die Polizei,Die Polizei,ORG,0.025000000000000005,0.08333333333333333,de,12
CIA-Chef,CIA-Chef,ORG,-0.25,0.0,de,12
Mo…,Mo…,ORG,0.07916666666666666,0.0,de,12
LKA,LKA,ORG,-0.05833333333333333,0.0,de,12
JD Vance,JD Vance,ORG,0.42500000000000004,0.0,de,12
KTF,KTF,ORG,0.34166666666666673,0.0,de,12
Gewerkschaft der Polizei,Gewerkschaft der Polizei,ORG,0.2333333333333333,0.08333333333333333,de,12
Taiwan,Taiwan,ORG,-0.05833333333333333,0.08333333333333333,de,12
US-Hilfe,US-Hilfe,ORG,-0.033333333333333326,0.0,de,12
Internationalen Strafgerichtshofs,Internationalen Strafgerichtshofs,ORG,0.16666666666666666,0.0,de,12
TV-Duell,TV-Duell,ORG,0.14166666666666666,0.06666666666666667,de,12
UN-Sicherheitsrats,UN-Sicherheitsrats,ORG,-0.012500000000000002,0.0,de,12
UNHCR,UNHCR,ORG,-0.125,0.16666666666666666,de,12
EcoFlow,EcoFlow,ORG,0.25,0.0,de,12
Iran-Liveblog,Iran-Liveblog,ORG,0.08333333333333333,0.0,de,12
FAQ,FAQ,ORG,-0.08333333333333333,0.0,de,12
+++ London,+++ London,ORG,-0.18333333333333335,0.041666666666666664,de,12
z…,z…,ORG,0.2583333333333333,0.0,de,12
Russland …,Russland …,ORG,-0.025000000000000005,0.08333333333333333,de,12
Tr…,Tr…,ORG,0.08333333333333333,0.0,de,12
CO2-Abgabe,CO2-Abgabe,ORG,0.25833333333333336,0.0,de,12
CIA-Direktor,CIA-Direktor,ORG,-0.14583333333333334,0.08333333333333333,de,12
FC Schalke 04,FC Schalke 04,ORG,-0.5541666666666667,0.08333333333333333,de,12
Siemens,Siemens,ORG,0.09583333333333333,0.08333333333333333,de,12
Vattenfall,Vattenfall,ORG,-0.05416666666666667,0.125,de,12
BYD,BYD,ORG,0.30833333333333335,0.16666666666666666,de,12
Russisches Militär,Russisches Militär,ORG,-0.10833333333333334,0.25,de,12
deutsche Regierung,deutsche Regierung,ORG,0.0,0.09090909090909091,de,11
Ostsee +++,Ostsee +++,ORG,0.18181818181818182,0.0,de,11
Evangelische Kirche,Evangelische Kirche,ORG,-0.2818181818181818,0.0,de,11
IfW,IfW,ORG,0.027272727272727285,0.09090909090909091,de,11
TSG Hoffenheim,TSG Hoffenheim,ORG,-0.15454545454545454,0.0,de,11
Polize…,Polize…,ORG,-0.11818181818181818,0.0,de,11
de…,de…,ORG,-0.01363636363636364,0.18181818181818182,de,11
Hohe Inflation,Hohe Inflation,ORG,-0.18181818181818182,0.0,de,11
Smartphone,Smartphone,ORG,0.4772727272727273,0.09090909090909091,de,11
Raumfahrt,Raumfahrt,ORG,0.6363636363636365,0.0,de,11
Kansas City Chiefs,Kansas City Chiefs,ORG,-0.1909090909090909,0.09090909090909091,de,11
Russische Armee,Russische Armee,ORG,-0.4,0.0,de,11
Gastronomie,Gastronomie,ORG,0.06363636363636363,0.2727272727272727,de,11
C…,C…,ORG,0.09090909090909091,0.0,de,11
Ch…,Ch…,ORG,0.15454545454545454,0.0,de,11
ICE,ICE,ORG,0.11818181818181818,0.0,de,11
WirtschaftsWoche,WirtschaftsWoche,ORG,-0.07727272727272726,0.0,de,11
Tour de France,Tour de France,ORG,0.30909090909090914,0.0,de,11
me…,me…,ORG,-0.09090909090909091,0.09090909090909091,de,11
Vereinte Nationen,Vereinte Nationen,ORG,-0.18181818181818182,0.09090909090909091,de,11
CDU-Vorsitzende,CDU-Vorsitzende,ORG,0.009090909090909078,0.09090909090909091,de,11
Front +++,Front +++,ORG,0.12272727272727274,0.0,de,11
US-Angriffe,US-Angriffe,ORG,-0.15,0.13636363636363635,de,11
US-Seeblockade,US-Seeblockade,ORG,-0.18636363636363634,0.045454545454545456,de,11
Gewerkschaft Verdi,Gewerkschaft Verdi,ORG,0.1909090909090909,0.09090909090909091,de,11
ukrainische Verteidigungsministerium,ukrainische Verteidigungsministerium,ORG,0.0,0.09090909090909091,de,11
Uno,Uno,ORG,0.0,0.09090909090909091,de,11
Kriegsbeginn +++,Kriegsbeginn +++,ORG,-0.0409090909090909,0.045454545454545456,de,11
Biden-Regierung,Biden-Regierung,ORG,-0.16818181818181818,0.0,de,11
Russisches Parlament,Russisches Parlament,ORG,0.06363636363636363,0.0,de,11
Schweizerische Nationalbank,Schweizerische Nationalbank,ORG,0.09090909090909091,0.0,de,11
Donezk +++,Donezk +++,ORG,0.06363636363636363,0.0,de,11
VAE,VAE,ORG,0.02121212121212121,0.0,de,11
G…,G…,ORG,0.2545454545454545,0.09090909090909091,de,11
Taurus-Lieferung,Taurus-Lieferung,ORG,-0.09696969696969697,0.07575757575757575,de,11
Europäische Gerichtshof für Menschenrechte,Europäische Gerichtshof für Menschenrechte,ORG,-0.09090909090909091,0.18181818181818182,de,11
+++ Moskau,+++ Moskau,ORG,-0.31212121212121213,0.0,de,11
Ukrainisches Militär,Ukrainisches Militär,ORG,-0.15303030303030304,0.045454545454545456,de,11
AKW,AKW,ORG,-0.2727272727272727,0.09090909090909091,de,11
Secret Service,Secret Service,ORG,-0.02727272727272728,0.0,de,11
Airlines,Airlines,ORG,-0.012121212121212109,0.1515151515151515,de,11
Deutschen Umwelthilfe,Deutschen Umwelthilfe,ORG,0.13636363636363635,0.2121212121212121,de,11
KfW,KfW,ORG,0.06363636363636363,0.18181818181818182,de,11
Nintendo,Nintendo,ORG,0.43636363636363645,0.0,de,11
FC Liverpool,FC Liverpool,ORG,0.5818181818181819,0.18181818181818182,de,11
Europäischen Gerichtshof,Europäischen Gerichtshof,ORG,0.0,0.0,de,10
russische Luftwaffe,russische Luftwaffe,ORG,-0.25999999999999995,0.1,de,10
Ukraine +++ Ukraine,Ukraine +++ Ukraine,ORG,-0.043333333333333335,0.03333333333333333,de,10
Bun…,Bun…,ORG,0.06999999999999999,0.0,de,10
russische Parlament,russische Parlament,ORG,-0.3,0.1,de,10
En…,En…,ORG,-0.1,0.0,de,10
Schweizer Regierung,Schweizer Regierung,ORG,0.27999999999999997,0.1,de,10
US-Beamte,US-Beamte,ORG,-0.27,0.0,de,10
Unesco,Unesco,ORG,-0.35,0.0,de,10
Gasspeicher …,Gasspeicher …,ORG,0.0,0.0,de,10
VfB,VfB,ORG,0.16999999999999998,0.0,de,10
Raketenabwehr,Raketenabwehr,ORG,-0.039999999999999994,0.1,de,10
ver…,ver…,ORG,0.2,0.1,de,10
no…,no…,ORG,0.13999999999999999,0.0,de,10
russischen Verteidigungsministeriums,russischen Verteidigungsministeriums,ORG,-0.015000000000000003,0.0,de,10
KURZMELDUNGEN,KURZMELDUNGEN,ORG,0.10499999999999998,0.05,de,10
Belgorod +++,Belgorod +++,ORG,-0.1,0.1,de,10
US-Waffenlieferungen,US-Waffenlieferungen,ORG,0.13999999999999999,0.0,de,10
UN-Soldaten,UN-Soldaten,ORG,-0.37,0.0,de,10
Pelletspreise,Pelletspreise,ORG,0.0,0.0,de,10
Reuters,Reuters,ORG,0.1,0.0,de,10
Ikea,Ikea,ORG,0.30999999999999994,0.0,de,10
Belarus +++,Belarus +++,ORG,-0.28500000000000003,0.0,de,10
Japan,Japan,ORG,-0.06999999999999999,0.1,de,10
Europas,Europas,ORG,-0.06999999999999999,0.0,de,10
SWR,SWR,ORG,-0.11499999999999999,0.0,de,10
Ferrari,Ferrari,ORG,0.10999999999999999,0.0,de,10
Bundeskabinett,Bundeskabinett,ORG,-0.1,0.0,de,10
FU,FU,ORG,0.27666666666666667,0.0,de,10
Silicon Valley Bank,Silicon Valley Bank,ORG,0.18833333333333332,0.03333333333333333,de,10
lby,lby,ORG,-0.10166666666666666,0.1,de,10
NFL,NFL,ORG,-0.06999999999999999,0.0,de,10
Heckler & Koch,Heckler & Koch,ORG,0.0,0.0,de,10
DB Cargo,DB Cargo,ORG,-0.5,0.0,de,10
EU-Ratspräsident,EU-Ratspräsident,ORG,0.16999999999999998,0.1,de,10
Spionage für Russland,Spionage für Russland,ORG,-0.1,0.0,de,10
+++ Selenskyj,+++ Selenskyj,ORG,0.05500000000000001,0.0,de,10
DDR-Flucht,DDR-Flucht,ORG,-0.22000000000000003,0.15,de,10
KI-Waffen,KI-Waffen,ORG,0.3,0.0,de,10
Minister Habeck,Minister Habeck,ORG,-0.2,0.0,de,10
Dmytro Kuleba,Dmytro Kuleba,ORG,0.13999999999999999,0.0,de,10
UEFA,UEFA,ORG,0.1,0.0,de,10
Berlin +++,Berlin +++,ORG,-0.1675,0.2,de,10
NGO,NGO,ORG,-0.38,0.0,de,10
lhe,lhe,ORG,-0.03999999999999998,0.0,de,10
•,•,ORG,0.15499999999999997,0.0,de,10
FC Bayern München,FC Bayern München,ORG,0.27,0.0,de,10
ESA,ESA,ORG,0.20999999999999996,0.0,de,10
russische Marine,russische Marine,ORG,0.20999999999999996,0.0,de,10
Social Media,Social Media,ORG,0.08499999999999999,0.1,de,10
Deutschland +++,Deutschland +++,ORG,-0.36249999999999993,0.1,de,10
Vergleichsportals Verivox,Vergleichsportals Verivox,ORG,0.1,0.0,de,10
EU-Mitgliedsstaaten,EU-Mitgliedsstaaten,ORG,-0.015000000000000003,0.2,de,10
München,München,ORG,-0.1,0.1,de,10
Gegenoffensive +++,Gegenoffensive +++,ORG,0.06999999999999999,0.0,de,10
Polen +++,Polen +++,ORG,-0.06499999999999999,0.08333333333333333,de,10
Lukoil,Lukoil,ORG,0.0,0.0,de,10
Corona,Corona,ORG,0.09444444444444444,0.1111111111111111,de,9
Rosenmontag,Rosenmontag,ORG,0.035185185185185174,0.0,de,9
TV-Ansprache,TV-Ansprache,ORG,-0.03333333333333334,0.0,de,9
Schweden,Schweden,ORG,-0.07777777777777778,0.0,de,9
russische Zentralbank,russische Zentralbank,ORG,0.4666666666666667,0.0,de,9
ANC,ANC,ORG,0.1722222222222222,0.0,de,9
News,News,ORG,0.07777777777777778,0.2222222222222222,de,9
wu…,wu…,ORG,-0.30000000000000004,0.0,de,9
Macbook Air,Macbook Air,ORG,0.4666666666666667,0.0,de,9
Nationalmannschaft,Nationalmannschaft,ORG,-0.05555555555555555,0.05555555555555555,de,9
Bewegung Fridays for Future,Bewegung Fridays for Future,ORG,0.11666666666666664,0.3888888888888889,de,9
Shahed-Drohnen,Shahed-Drohnen,ORG,-0.1111111111111111,0.0,de,9
Ostukraine +++,Ostukraine +++,ORG,0.0,0.0,de,9
Huawei,Huawei,ORG,0.3222222222222222,0.0,de,9
COP29,COP29,ORG,-0.04444444444444443,0.0,de,9
SPD-Mitglieder,SPD-Mitglieder,ORG,0.04444444444444443,0.0,de,9
TV-Show,TV-Show,ORG,0.3111111111111111,0.0,de,9
FFF,FFF,ORG,-0.14444444444444446,0.0,de,9
Klimakrise,Klimakrise,ORG,0.3111111111111111,0.0,de,9
SPD-Chefin,SPD-Chefin,ORG,-0.18888888888888888,0.1111111111111111,de,9
US-Finanzminister,US-Finanzminister,ORG,0.23333333333333328,0.0,de,9
Streitkräfte der Ukraine,Streitkräfte der Ukraine,ORG,-0.019444444444444445,0.0,de,9
Meyer Werft,Meyer Werft,ORG,0.0,0.0,de,9
EU-Klimawandeldienst,EU-Klimawandeldienst,ORG,0.0,0.0,de,9
AKW-Laufzeiten,AKW-Laufzeiten,ORG,0.0,0.0,de,9
US-Außenminister,US-Außenminister,ORG,0.01666666666666667,0.0,de,9
ih…,ih…,ORG,0.09444444444444444,0.0,de,9
Kanzlers,Kanzlers,ORG,0.1111111111111111,0.0,de,9
RT,RT,ORG,0.0,0.0,de,9
Str…,Str…,ORG,-0.03333333333333334,0.1111111111111111,de,9
israelischen Streitkräfte,israelischen Streitkräfte,ORG,0.15555555555555556,0.0,de,9
Terror,Terror,ORG,0.0,0.0,de,9
DGAP,DGAP,ORG,-0.15555555555555556,0.0,de,9
Zeit…,Zeit…,ORG,0.0,0.0,de,9
AP,AP,ORG,0.1111111111111111,0.0,de,9
UNICEF,UNICEF,ORG,0.0,0.2222222222222222,de,9
Energiekonzerns,Energiekonzerns,ORG,0.0,0.0,de,9
Grüne Jugend,Grüne Jugend,ORG,-0.1111111111111111,0.0,de,9
Fridays For Future,Fridays For Future,ORG,0.0,0.0,de,9
IS,IS,ORG,-0.05555555555555555,0.05555555555555555,de,9
SP…,SP…,ORG,-0.11666666666666664,0.05555555555555555,de,9
ira…,ira…,ORG,0.0,0.0,de,9
Putins,Putins,ORG,0.07777777777777778,0.1111111111111111,de,9
Be…,Be…,ORG,0.07777777777777778,0.0,de,9
Internationalen Währungsfonds,Internationalen Währungsfonds,ORG,0.03333333333333334,0.1111111111111111,de,9
Studio Madhouse,Studio Madhouse,ORG,-0.24444444444444446,0.0,de,9
Attacken,Attacken,ORG,0.0,0.0,de,9
SPD-Außenpolitiker,SPD-Außenpolitiker,ORG,0.22592592592592592,0.0,de,9
AKW Saporischschja +++,AKW Saporischschja +++,ORG,-0.10000000000000002,0.0,de,9
Arsenal,Arsenal,ORG,-0.2222222222222222,0.0,de,9
US-Inflationsdaten,US-Inflationsdaten,ORG,-0.15555555555555556,0.1111111111111111,de,9
US-Botschaft,US-Botschaft,ORG,0.07777777777777778,0.0,de,9
RND,RND,ORG,0.0,0.2222222222222222,de,9
Renault,Renault,ORG,0.25,0.1111111111111111,de,9
UN-Flüchtlingshilfswerk,UN-Flüchtlingshilfswerk,ORG,-0.19444444444444442,0.05555555555555555,de,9
Fake News,Fake News,ORG,0.07777777777777778,0.0,de,9
FAS,FAS,ORG,-0.1111111111111111,0.1111111111111111,de,9
schwedischen Streitkräfte,schwedischen Streitkräfte,ORG,-0.07777777777777778,0.0,de,9
Energ…,Energ…,ORG,-0.05555555555555555,0.05555555555555555,de,9
Eu…,Eu…,ORG,-0.07777777777777778,0.0,de,9
++ Iran,++ Iran,ORG,-0.2222222222222222,0.0,de,9
Red Bull,Red Bull,ORG,0.07777777777777778,0.0,de,9
VfB Stuttgart,VfB Stuttgart,ORG,0.04444444444444443,0.1111111111111111,de,9
Bund Naturschutz,Bund Naturschutz,ORG,0.04074074074074074,0.1111111111111111,de,9
Schuldenbremse,Schuldenbremse,ORG,0.15555555555555556,0.0,de,9
Liv…,Liv…,ORG,0.22592592592592592,0.2777777777777778,de,9
EU-Ebene,EU-Ebene,ORG,0.0,0.0,de,9
Metro AG,Metro AG,ORG,0.0,0.1111111111111111,de,9
Hannover 96,Hannover 96,ORG,0.30000000000000004,0.0,de,9
Ubisoft,Ubisoft,ORG,0.2111111111111111,0.1111111111111111,de,9
Moscow Times,Moscow Times,ORG,0.03333333333333334,0.0,de,9
Kältehilfe,Kältehilfe,ORG,0.1111111111111111,0.0,de,9
stern-Liveblog,stern-Liveblog,ORG,0.07777777777777778,0.0,de,9
Verfassungsschutz,Verfassungsschutz,ORG,-0.09444444444444444,0.0,de,9
Mainz,Mainz,ORG,0.03333333333333334,0.2222222222222222,de,9
+++ Iran,+++ Iran,ORG,0.05740740740740743,0.0,de,9
amerikanischen Regierung,amerikanischen Regierung,ORG,0.0611111111111111,0.0,de,9
Saporischschja +++,Saporischschja +++,ORG,-0.1611111111111111,0.0,de,9
Fortuna Düsseldorf,Fortuna Düsseldorf,ORG,0.04444444444444443,0.08888888888888889,de,9
Internationalen Atomenergiebehörde,Internationalen Atomenergiebehörde,ORG,0.21111111111111114,0.05555555555555555,de,9
Unterm Strich,Unterm Strich,ORG,-0.09999999999999999,0.2222222222222222,de,9
Russland-Geschäft,Russland-Geschäft,ORG,-0.03333333333333334,0.2222222222222222,de,9
Freiburg,Freiburg,ORG,0.0,0.0,de,9
L…,L…,ORG,-0.18888888888888888,0.0,de,9
Deutschen Bundestag,Deutschen Bundestag,ORG,-0.14444444444444446,0.0,de,9
Tätern,Tätern,ORG,0.01666666666666667,0.0,de,9
Institut der deutschen Wirtschaft,Institut der deutschen Wirtschaft,ORG,0.04444444444444443,0.0,de,9
a…,a…,ORG,0.05185185185185185,0.0,de,9
EU-Gipfels,EU-Gipfels,ORG,0.09444444444444444,0.0,de,9
DW-Nachrichtenüberblick,DW-Nachrichtenüberblick,ORG,0.0,0.0,de,9
ukrainische Marine,ukrainische Marine,ORG,-0.25,0.0,de,8
US-Geheimdienst,US-Geheimdienst,ORG,0.0,0.0,de,8
Salzburg AG,Salzburg AG,ORG,0.2520833333333333,0.0,de,8
Roten Kreuzes,Roten Kreuzes,ORG,-0.125,0.25,de,8
Sozialdemokrat,Sozialdemokrat,ORG,0.1875,0.05,de,8
UdSSR,UdSSR,ORG,-0.04999999999999999,0.0,de,8
BaFin,BaFin,ORG,-0.020833333333333315,0.0,de,8
New Start,New Start,ORG,-0.375,0.125,de,8
Goethe-Institut,Goethe-Institut,ORG,0.0,0.0,de,8
EVN,EVN,ORG,-0.06874999999999999,0.0,de,8
Russland +++ Ukraine,Russland +++ Ukraine,ORG,0.075,0.0,de,8
Institute for the Study of War,Institute for the Study of War,ORG,0.0,0.0,de,8
Kli…,Kli…,ORG,0.0875,0.125,de,8
NBC,NBC,ORG,-0.0875,0.0,de,8
CO2-Emissionen,CO2-Emissionen,ORG,0.0,0.125,de,8
M…,M…,ORG,0.024999999999999994,0.0625,de,8
SC Freiburg,SC Freiburg,ORG,0.0875,0.0,de,8
italienische Regierung,italienische Regierung,ORG,0.012499999999999983,0.0,de,8
Russen +++,Russen +++,ORG,-0.012500000000000002,0.041666666666666664,de,8
IW,IW,ORG,-0.2125,0.125,de,8
Bundesagentur für Arbeit,Bundesagentur für Arbeit,ORG,0.0875,0.0,de,8
IPCC,IPCC,ORG,-0.125,0.0,de,8
SVP,SVP,ORG,-0.18125,0.0,de,8
EU +++,EU +++,ORG,0.0875,0.125,de,8
Polizei Berlin,Polizei Berlin,ORG,-0.50625,0.0625,de,8
internationale Gemeinschaft,internationale Gemeinschaft,ORG,-0.26875,0.0,de,8
Te…,Te…,ORG,-0.42500000000000004,0.0,de,8
Ruanda,Ruanda,ORG,0.175,0.125,de,8
Entwickl…,Entwickl…,ORG,-0.04375,0.0625,de,8
EU-Sanktionspaket,EU-Sanktionspaket,ORG,-0.037500000000000006,0.0,de,8
UN-Resolution,UN-Resolution,ORG,-0.04999999999999999,0.0,de,8
Klimaziele,Klimaziele,ORG,0.0,0.0,de,8
Freien Universität,Freien Universität,ORG,0.6859375,0.0,de,8
Jahresvergleich,Jahresvergleich,ORG,0.0,0.0,de,8
Russland ++,Russland ++,ORG,0.0,0.0,de,8
SNB,SNB,ORG,0.0,0.0,de,8
N…,N…,ORG,-0.0875,0.125,de,8
Ka…,Ka…,ORG,0.0,0.0,de,8
Opel,Opel,ORG,0.53125,0.0,de,8
Europa,Europa,ORG,-0.4625,0.0,de,8
EU-Diplomaten,EU-Diplomaten,ORG,0.10625,0.0,de,8
dpa/tmn,dpa/tmn,ORG,0.0,0.0,de,8
Kri…,Kri…,ORG,-0.175,0.0,de,8
ukrainische Außenministerium,ukrainische Außenministerium,ORG,-0.125,0.0,de,8
Rolls-Royce,Rolls-Royce,ORG,0.03125,0.3125,de,8
Charité,Charité,ORG,-0.0625,0.1875,de,8
Sc…,Sc…,ORG,0.2125,0.0,de,8
Preisbremsen für Gas und Strom,Preisbremsen für Gas und Strom,ORG,0.0,0.375,de,8
Streitkräfte Russlands,Streitkräfte Russlands,ORG,-0.4125,0.0,de,8
F-16-Kampfflugzeugen,F-16-Kampfflugzeugen,ORG,0.09166666666666667,0.22916666666666666,de,8
US-Bürger,US-Bürger,ORG,-0.058333333333333334,0.0,de,8
Ukraine +++ London,Ukraine +++ London,ORG,-0.04791666666666668,0.0,de,8
EVP,EVP,ORG,0.0,0.0,de,8
RAF,RAF,ORG,0.08124999999999999,0.0,de,8
EU-Regeln,EU-Regeln,ORG,-0.125,0.0,de,8
CSD-Anschlag,CSD-Anschlag,ORG,0.0,0.0,de,8
eigenen Partei,eigenen Partei,ORG,0.10416666666666666,0.1,de,8
EU-Regierungschefs,EU-Regierungschefs,ORG,0.23125,0.0,de,8
russische Unterhaus,russische Unterhaus,ORG,-0.2,0.0,de,8
MDR,MDR,ORG,0.0,0.0,de,8
Sp…,Sp…,ORG,0.24791666666666667,0.0,de,8
Bertelsmann Stiftung,Bertelsmann Stiftung,ORG,0.42500000000000004,0.0,de,8
GDL,GDL,ORG,0.0,0.0,de,8
europäischen Partner,europäischen Partner,ORG,0.041666666666666664,0.0,de,8
Labour,Labour,ORG,0.2125,0.0,de,8
Russland-Sanktionen,Russland-Sanktionen,ORG,-0.041666666666666664,0.0,de,8
Ukrainisches Parlament,Ukrainisches Parlament,ORG,-0.008333333333333345,0.0,de,8
Dubai,Dubai,ORG,0.25,0.0,de,8
Trump +++,Trump +++,ORG,0.15625,0.0,de,8
Kiew +++ Selenskyj,Kiew +++ Selenskyj,ORG,-0.08541666666666667,0.1875,de,8
uk…,uk…,ORG,0.0,0.0,de,8
++ Israel,++ Israel,ORG,0.0,0.0,de,8
Frankfurter Allgemeinen Sonntagszeitung,Frankfurter Allgemeinen Sonntagszeitung,ORG,0.0,0.125,de,8
Israel,Israel,ORG,0.016666666666666663,0.0,de,8
Hamas-Angriff,Hamas-Angriff,ORG,-0.25,0.0,de,8
US-Präsidentschaftswahl,US-Präsidentschaftswahl,ORG,0.48125,0.0,de,8
Merz,Merz,ORG,-0.0875,0.0,de,8
Ukraine-Hilfspaket,Ukraine-Hilfspaket,ORG,0.0,0.0,de,8
ATACMS,ATACMS,ORG,0.0875,0.0,de,8
US-Verteidigungsminister,US-Verteidigungsminister,ORG,-0.10625,0.0,de,8
Mini-Atomkraftwerke,Mini-Atomkraftwerke,ORG,0.0875,0.125,de,8
ukrainische…,ukrainische…,ORG,0.0,0.0,de,8
Deutschen Wetterdienst,Deutschen Wetterdienst,ORG,-0.016666666666666663,0.0,de,8
Shanghaier Organisation für Zusammenarbeit,Shanghaier Organisation für Zusammenarbeit,ORG,0.0,0.0,de,8
IKRK,IKRK,ORG,-0.4125,0.0,de,8
amerikanischen Streitkräfte,amerikanischen Streitkräfte,ORG,-0.25,0.0,de,8
US-Präsidenten,US-Präsidenten,ORG,-0.14375000000000002,0.125,de,8
Islamischen Republik,Islamischen Republik,ORG,-0.037500000000000006,0.0,de,8
TV-Kritik,TV-Kritik,ORG,0.0875,0.0,de,8
Russlands +++,Russlands +++,ORG,-0.2729166666666667,0.0,de,8
Software-Konzern,Software-Konzern,ORG,-1.0,0.0,de,8
Ukraine-Krise,Ukraine-Krise,ORG,0.25,0.0,de,8
Ländern,Ländern,ORG,-0.14285714285714285,0.0,de,7
Kiew +++ Ukraine,Kiew +++ Ukraine,ORG,-0.17261904761904764,0.33333333333333337,de,7
Deutsche Post,Deutsche Post,ORG,0.34285714285714286,0.0,de,7
SC DHfK Leipzig,SC DHfK Leipzig,ORG,-0.09999999999999999,0.0,de,7
NBC News,NBC News,ORG,-0.2857142857142857,0.0,de,7
Grafikkarten,Grafikkarten,ORG,0.7000000000000001,0.0,de,7
Iran-Konflikt,Iran-Konflikt,ORG,0.09999999999999999,0.14285714285714285,de,7
IMK,IMK,ORG,0.12142857142857143,0.0,de,7
he…,he…,ORG,-0.09999999999999999,0.14285714285714285,de,7
US-Kurs,US-Kurs,ORG,0.09999999999999999,0.0,de,7
EU-Außenbeauftragte,EU-Außenbeauftragte,ORG,0.24285714285714285,0.2857142857142857,de,7
RBB,RBB,ORG,-0.2857142857142857,0.0,de,7
Heckler &amp,Heckler &amp,ORG,0.0,0.0,de,7
Präsid…,Präsid…,ORG,0.19999999999999998,0.0,de,7
UN-Bericht,UN-Bericht,ORG,-0.09999999999999999,0.2857142857142857,de,7
Israel +++,Israel +++,ORG,-0.2285714285714286,0.0,de,7
Nazis,Nazis,ORG,-0.042857142857142864,0.0,de,7
E.ON,E.ON,ORG,0.0,0.0,de,7
"Shutterstock.com
","Shutterstock.com
",ORG,-0.24285714285714285,0.0,de,7
D-Ticket,D-Ticket,ORG,0.0,0.14285714285714285,de,7
ARD-Interview,ARD-Interview,ORG,0.042857142857142864,0.0,de,7
katholischen Kirche,katholischen Kirche,ORG,0.19999999999999998,0.14285714285714285,de,7
orthodoxen Kirche,orthodoxen Kirche,ORG,0.0,0.0,de,7
EU-Verteidigungskommissar,EU-Verteidigungskommissar,ORG,-0.33571428571428574,0.0,de,7
russische …,russische …,ORG,-0.14285714285714285,0.0,de,7
ETF,ETF,ORG,0.2785714285714285,0.0,de,7
Beschuss +++,Beschuss +++,ORG,0.0,0.0,de,7
Internationale Gerichtshof,Internationale Gerichtshof,ORG,0.0,0.0,de,7
Finnair,Finnair,ORG,0.0,0.0,de,7
tei…,tei…,ORG,-0.049999999999999996,0.07142857142857142,de,7
Faschismus,Faschismus,ORG,0.38571428571428573,0.0,de,7
US-Zollpolitik,US-Zollpolitik,ORG,0.2857142857142857,0.14285714285714285,de,7
Nato-Partnern,Nato-Partnern,ORG,-0.5,0.0,de,7
UN-Rede,UN-Rede,ORG,0.0,0.0,de,7
FC Union,FC Union,ORG,0.09999999999999999,0.0,de,7
f…,f…,ORG,0.2214285714285714,0.0,de,7
US-Institut,US-Institut,ORG,-0.24285714285714285,0.0,de,7
FDP-Fraktionschef,FDP-Fraktionschef,ORG,-0.07142857142857142,0.14285714285714285,de,7
+++ USA,+++ USA,ORG,0.05714285714285713,0.0,de,7
ka…,ka…,ORG,0.09999999999999999,0.047619047619047616,de,7
Irans Streitkräfte,Irans Streitkräfte,ORG,0.0,0.0,de,7
ZUMAPRESS.com,ZUMAPRESS.com,ORG,0.29999999999999993,0.0,de,7
Nacht +++,Nacht +++,ORG,-0.042857142857142864,0.0,de,7
Vonovia,Vonovia,ORG,0.18571428571428572,0.0,de,7
Freie Universität Berlin,Freie Universität Berlin,ORG,0.09999999999999999,0.0,de,7
Gewerkschafter,Gewerkschafter,ORG,0.29999999999999993,0.0,de,7
KSE-Vertrag,KSE-Vertrag,ORG,0.0,0.0,de,7
Evangelischen Kirchentag,Evangelischen Kirchentag,ORG,0.0,0.0,de,7
dr…,dr…,ORG,0.14285714285714285,0.14285714285714285,de,7
Polizei …,Polizei …,ORG,-0.38571428571428573,0.0,de,7
vie…,vie…,ORG,0.32142857142857145,0.0,de,7
US-Außenpolitik,US-Außenpolitik,ORG,0.09999999999999999,0.0,de,7
Kuwait,Kuwait,ORG,-0.14285714285714285,0.0,de,7
Kyiv Post,Kyiv Post,ORG,0.29999999999999993,0.0,de,7
Hamburg,Hamburg,ORG,0.24285714285714285,0.0,de,7
UN-Generaldebatte,UN-Generaldebatte,ORG,0.0,0.0,de,7
Cybercrime,Cybercrime,ORG,0.7000000000000001,0.0,de,7
FDP-Fraktion,FDP-Fraktion,ORG,0.0,0.0,de,7
IGH,IGH,ORG,0.2214285714285714,0.0,de,7
Europa +++,Europa +++,ORG,-0.049999999999999996,0.07142857142857142,de,7
spanische Regierung,spanische Regierung,ORG,-0.021428571428571432,0.0,de,7
Deutschen Post,Deutschen Post,ORG,0.16666666666666666,0.33333333333333337,de,7
China Russland,China Russland,ORG,0.2714285714285714,0.0,de,7
Eurowings,Eurowings,ORG,-0.19999999999999998,0.0,de,7
AK,AK,ORG,0.17142857142857143,0.07142857142857142,de,7
EU-Energiekommissar,EU-Energiekommissar,ORG,-0.24285714285714285,0.0,de,7
Vo…,Vo…,ORG,0.0,0.14285714285714285,de,7
DAAD,DAAD,ORG,0.0,0.0,de,7
Tesla,Tesla,ORG,0.0,0.14285714285714285,de,7
De…,De…,ORG,0.014285714285714282,0.07142857142857142,de,7
Bauhaus,Bauhaus,ORG,0.19999999999999998,0.0,de,7
Europäischen Parlaments,Europäischen Parlaments,ORG,-0.03452380952380953,0.03571428571428571,de,7
libanesischen Hisbollah-Miliz,libanesischen Hisbollah-Miliz,ORG,0.021428571428571432,0.2857142857142857,de,7
Deutsche Institut für Wirtschaftsforschung,Deutsche Institut für Wirtschaftsforschung,ORG,0.0,0.14285714285714285,de,7
Bündnis 90/Die Grünen,Bündnis 90/Die Grünen,ORG,0.14285714285714285,0.14285714285714285,de,7
Bitcoin,Bitcoin,ORG,0.0,0.0,de,7
WMO,WMO,ORG,0.03571428571428571,0.0,de,7
CO-Emissionen,CO-Emissionen,ORG,0.09999999999999999,0.2857142857142857,de,7
Poli…,Poli…,ORG,0.0,0.0,de,7
SPIEGEL  ,SPIEGEL  ,ORG,-0.25,0.21428571428571427,de,7
Z…,Z…,ORG,-0.042857142857142864,0.14285714285714285,de,7
RBI,RBI,ORG,0.09999999999999999,0.14285714285714285,de,7
Bauwirtschaft,Bauwirtschaft,ORG,-0.19999999999999996,0.0,de,7
Schwarz-Grün,Schwarz-Grün,ORG,0.19999999999999998,0.0,de,7
Jaguar Land Rover,Jaguar Land Rover,ORG,0.09999999999999999,0.0,de,7
Selenskyjs,Selenskyjs,ORG,-0.14285714285714285,0.0,de,7
Universität der Bundeswehr,Universität der Bundeswehr,ORG,-0.24285714285714285,0.0,de,7
deutsche…,deutsche…,ORG,0.09999999999999999,0.0,de,7
EU-Klimaziele,EU-Klimaziele,ORG,0.0,0.0,de,7
P…,P…,ORG,0.19999999999999998,0.0,de,7
ukrainisc…,ukrainisc…,ORG,-0.14285714285714285,0.0,de,7
OVG,OVG,ORG,-0.042857142857142864,0.0,de,7
Verbraucherzentrale NRW,Verbraucherzentrale NRW,ORG,0.19999999999999998,0.0,de,7
KFG,KFG,ORG,0.35714285714285715,0.07142857142857142,de,7
Gazprom,Gazprom,ORG,-0.19999999999999998,0.0,de,7
Deutsche…,Deutsche…,ORG,0.14285714285714285,0.0,de,7
Brics-Staaten,Brics-Staaten,ORG,-0.10714285714285714,0.0,de,7
Deutsche Presse-Agentur,Deutsche Presse-Agentur,ORG,0.09999999999999999,0.0,de,7
Freita…,Freita…,ORG,-0.24285714285714285,0.0,de,7
Angri…,Angri…,ORG,0.0,0.0,de,7
Blizzard,Blizzard,ORG,0.38571428571428573,0.0,de,7
Israel ++,Israel ++,ORG,-0.14285714285714285,0.0,de,7
Gas-Konferenz,Gas-Konferenz,ORG,0.19999999999999998,0.0,de,7
Vertei…,Vertei…,ORG,0.0,0.0,de,7
Sudan,Sudan,ORG,0.042857142857142864,0.2857142857142857,de,7
WhatsApp,WhatsApp,ORG,0.049999999999999996,0.0,de,7
Bosch,Bosch,ORG,0.19999999999999998,0.14285714285714285,de,7
NurPhoto,NurPhoto,ORG,-0.24285714285714285,0.0,de,7
Kyjiw,Kyjiw,ORG,0.0,0.0,de,7
Bundesnachrichtendienst,Bundesnachrichtendienst,ORG,-0.09999999999999999,0.0,de,7
HeizkostenBeim,HeizkostenBeim,ORG,0.0,0.0,de,7
Android Auto,Android Auto,ORG,0.05714285714285713,0.5047619047619047,de,7
russische Gesellschaft,russische Gesellschaft,ORG,-0.09999999999999999,0.14285714285714285,de,7
LED,LED,ORG,0.5,0.0,de,7
SP,SP,ORG,-0.14285714285714285,0.0,de,7
UNESCO,UNESCO,ORG,0.32857142857142857,0.0,de,7
Gas…,Gas…,ORG,0.07142857142857142,0.0,de,7
Deutschland…,Deutschland…,ORG,0.14999999999999997,0.0,de,7
LNG-Terminals,LNG-Terminals,ORG,0.12142857142857143,0.0,de,7
Raiffeisen Bank International,Raiffeisen Bank International,ORG,0.09999999999999999,0.0,de,7
BSW-Chefin,BSW-Chefin,ORG,0.09999999999999999,0.0,de,7
Uefa,Uefa,ORG,-0.24285714285714285,0.0,de,7
EU-Außenbeauftragten,EU-Außenbeauftragten,ORG,-0.35000000000000003,0.0,de,7
Wahlkommission,Wahlkommission,ORG,0.24285714285714285,0.0,de,7
NATO-Mitglieder,NATO-Mitglieder,ORG,0.0,0.0,de,7
Waffenstillstand,Waffenstillstand,ORG,0.24285714285714285,0.0,de,7
FC Barcelona,FC Barcelona,ORG,-0.7142857142857143,0.0,de,7
Kiew ++,Kiew ++,ORG,-0.09999999999999999,0.0,de,7
Letzten Generation,Letzten Generation,ORG,-0.39999999999999997,0.0,de,6
NATO-Beitritt,NATO-Beitritt,ORG,0.11666666666666665,0.0,de,6
Luftverkehr,Luftverkehr,ORG,-0.2333333333333333,0.0,de,6
+++ Energiekrise +++,+++ Energiekrise +++,ORG,-0.11666666666666665,0.0,de,6
Irankriegs,Irankriegs,ORG,-0.5222222222222223,0.0,de,6
Kre…,Kre…,ORG,0.0,0.0,de,6
Energie-Infrastruktur der Ukraine,Energie-Infrastruktur der Ukraine,ORG,-0.19999999999999998,0.2333333333333333,de,6
EU…,EU…,ORG,0.0,0.0,de,6
SC Paderborn,SC Paderborn,ORG,0.3333333333333333,0.5,de,6
Liberale,Liberale,ORG,0.125,0.0,de,6
US-Kampfjets,US-Kampfjets,ORG,-0.11666666666666665,0.0,de,6
Saudi-Arabien +++,Saudi-Arabien +++,ORG,-0.16666666666666666,0.0,de,6
Fe…,Fe…,ORG,0.3541666666666667,0.0,de,6
Securing Energy for Europe,Securing Energy for Europe,ORG,0.0,0.0,de,6
BDEW,BDEW,ORG,0.06666666666666665,0.0,de,6
Berliner Kanzleramt,Berliner Kanzleramt,ORG,0.2333333333333333,0.0,de,6
FC,FC,ORG,0.0,0.16666666666666666,de,6
Mainz 05,Mainz 05,ORG,0.0,0.0,de,6
Schalke,Schalke,ORG,0.2333333333333333,0.0,de,6
FSV Mainz 05,FSV Mainz 05,ORG,0.14166666666666666,0.0,de,6
TV-Kolumne,TV-Kolumne,ORG,-0.45,0.0,de,6
Organisation Memorial,Organisation Memorial,ORG,-0.8083333333333332,0.0,de,6
Istanbul +++,Istanbul +++,ORG,-0.08333333333333333,0.0,de,6
Bundeskan…,Bundeskan…,ORG,0.11666666666666665,0.0,de,6
katholische Kirche,katholische Kirche,ORG,0.2833333333333333,0.0,de,6
Morning Briefing,Morning Briefing,ORG,0.16666666666666666,0.0,de,6
NBA,NBA,ORG,0.05833333333333333,0.08333333333333333,de,6
AUTO,AUTO,ORG,0.11666666666666665,0.0,de,6
russischen Streitkräften,russischen Streitkräften,ORG,0.0,0.0,de,6
Nationalen Sicherheitsrates,Nationalen Sicherheitsrates,ORG,0.0,0.16666666666666666,de,6
Eintracht Braunschweig,Eintracht Braunschweig,ORG,0.16666666666666666,0.16666666666666666,de,6
Gasag,Gasag,ORG,0.11666666666666665,0.0,de,6
iranische Armee,iranische Armee,ORG,-0.2333333333333333,0.0,de,6
Russland +++ Alle Entwicklungen,Russland +++ Alle Entwicklungen,ORG,0.04583333333333333,0.375,de,6
US-Stützpunkte,US-Stützpunkte,ORG,-0.16666666666666666,0.0,de,6
Super-GAU,Super-GAU,ORG,0.0,0.0,de,6
Inflation,Inflation,ORG,-0.2333333333333333,0.0,de,6
+++ SVB,+++ SVB,ORG,-0.3499999999999999,0.0,de,6
US-Behörde,US-Behörde,ORG,-0.16666666666666666,0.0,de,6
US-Justizministerium,US-Justizministerium,ORG,0.0,0.0,de,6
AfD-Infostand,AfD-Infostand,ORG,-0.2583333333333333,0.0,de,6
Mannheim,Mannheim,ORG,-0.05000000000000001,0.0,de,6
sic…,sic…,ORG,0.0,0.0,de,6
Unterhaus,Unterhaus,ORG,0.2333333333333333,0.0,de,6
Aldi Nord,Aldi Nord,ORG,-0.16666666666666666,0.16666666666666666,de,6
Führungskräfte,Führungskräfte,ORG,0.0,0.0,de,6
Samsung,Samsung,ORG,0.11666666666666665,0.16666666666666666,de,6
IOM,IOM,ORG,-0.2416666666666666,0.08333333333333333,de,6
EU-Richtlinie,EU-Richtlinie,ORG,0.1277777777777778,0.0,de,6
Inflati…,Inflati…,ORG,-0.16666666666666666,0.0,de,6
Litauen,Litauen,ORG,0.0,0.0,de,6
Ukraine Russland,Ukraine Russland,ORG,-0.39999999999999997,0.0,de,6
StartupTicker,StartupTicker,ORG,0.0,0.0,de,6
"Link
Fernwärme","Link
Fernwärme",ORG,-0.7000000000000001,0.0,de,6
rbb,rbb,ORG,0.0,0.16666666666666666,de,6
Nasdaq,Nasdaq,ORG,-0.16666666666666666,0.0,de,6
Lockheed Martin,Lockheed Martin,ORG,0.2333333333333333,0.0,de,6
HTS,HTS,ORG,0.05000000000000001,0.0,de,6
Bundesnachrichtendienstes,Bundesnachrichtendienstes,ORG,-0.2111111111111111,0.0,de,6
Nationalgarde,Nationalgarde,ORG,0.0,0.0,de,6
EU-Chefdiplomat,EU-Chefdiplomat,ORG,-0.5,0.0,de,6
Northvolt,Northvolt,ORG,-0.2583333333333333,0.0,de,6
Weimarer Republik,Weimarer Republik,ORG,0.06666666666666665,0.0,de,6
Kreml,Kreml,ORG,0.20833333333333334,0.0,de,6
IDF,IDF,ORG,0.2833333333333333,0.0,de,6
Ukrainekrieg +++,Ukrainekrieg +++,ORG,0.11666666666666665,0.0,de,6
SPD-Politikerin,SPD-Politikerin,ORG,-0.16666666666666666,0.0,de,6
Pokrowsk +++,Pokrowsk +++,ORG,0.16666666666666666,0.0,de,6
Menschenrechtsorganisation Amnesty International,Menschenrechtsorganisation Amnesty International,ORG,-0.05000000000000001,0.0,de,6
eing…,eing…,ORG,0.0,0.3333333333333333,de,6
Ukraine +,Ukraine +,ORG,-0.13333333333333333,0.0,de,6
Gas-Pipelines Nord Stream 1,Gas-Pipelines Nord Stream 1,ORG,0.0,0.0,de,6
Jusos,Jusos,ORG,0.3333333333333333,0.0,de,6
AVM,AVM,ORG,0.3499999999999999,0.3333333333333333,de,6
Institut für Weltwirtschaft,Institut für Weltwirtschaft,ORG,-0.3499999999999999,0.0,de,6
Infantino,Infantino,ORG,0.0,0.0,de,6
EU-Gaspreisdeckel,EU-Gaspreisdeckel,ORG,-0.05000000000000001,0.0,de,6
US-Ostküstenzeit,US-Ostküstenzeit,ORG,0.0,0.0,de,6
OPEC,OPEC,ORG,-0.2583333333333333,0.16666666666666666,de,6
FC Augsburg,FC Augsburg,ORG,0.11666666666666665,0.0,de,6
russisch-orthodoxen Kirche,russisch-orthodoxen Kirche,ORG,0.2333333333333333,0.0,de,6
Zapfsäulen,Zapfsäulen,ORG,0.0,0.0,de,6
Berliner Morgenpost,Berliner Morgenpost,ORG,-0.11666666666666665,0.0,de-DE,6
Hansa Rostock,Hansa Rostock,ORG,-0.16666666666666666,0.16666666666666666,de,6
polnische Armee,polnische Armee,ORG,0.0,0.0,de,6
Iran ++,Iran ++,ORG,-0.11666666666666665,0.0,de,6
SMR,SMR,ORG,0.23333333333333328,0.0,de,6
NATO-Staat,NATO-Staat,ORG,-0.05000000000000001,0.0,de,6
Philips,Philips,ORG,0.4666666666666666,0.0,de,6
VW-Betriebsrat,VW-Betriebsrat,ORG,0.0,0.0,de,6
EU-Kompromiss,EU-Kompromiss,ORG,0.2333333333333333,0.0,de,6
VW-Krise,VW-Krise,ORG,0.0,0.0,de,6
ASSOCIATED PRESS,ASSOCIATED PRESS,ORG,-0.16666666666666666,0.16666666666666666,de,6
Big Tech,Big Tech,ORG,0.0,0.0,de,6
US-Delegation,US-Delegation,ORG,0.14166666666666666,0.0,de,6
EU-Mission,EU-Mission,ORG,-0.2333333333333333,0.0,de,6
Ostsee-Gaspipelines Nord Stream 1,Ostsee-Gaspipelines Nord Stream 1,ORG,-0.16666666666666666,0.0,de,6
Swiss Steel,Swiss Steel,ORG,-0.16666666666666666,0.0,de,6
"Link
Russland","Link
Russland",ORG,-0.3833333333333333,0.0,de,6
Nord-Stream-Lecks,Nord-Stream-Lecks,ORG,0.44166666666666665,0.0,de,6
Frankfurter Zeitung,Frankfurter Zeitung,ORG,0.0,0.0,de,6
vzbv,vzbv,ORG,0.14166666666666666,0.0,de,6
Energie-Infrastruktur,Energie-Infrastruktur,ORG,0.0,0.0,de,6
Eon,Eon,ORG,-0.05000000000000001,0.0,de,6
EU-Emissionshandel,EU-Emissionshandel,ORG,0.16666666666666666,0.0,de,6
Esa,Esa,ORG,-0.11666666666666665,0.0,de,6
NYT,NYT,ORG,0.19999999999999998,0.08333333333333333,de,6
Chaos,Chaos,ORG,-0.11666666666666665,0.0,de,6
Liga,Liga,ORG,-0.2333333333333333,0.0,de,6
EVG,EVG,ORG,-0.3333333333333333,0.3333333333333333,de,6
Uniklinik Köln,Uniklinik Köln,ORG,-0.3499999999999999,0.0,de,6
Deutschen Gesellschaft für Auswärtige Politik,Deutschen Gesellschaft für Auswärtige Politik,ORG,0.0,0.0,de,6
US-Kampfflugzeuge,US-Kampfflugzeuge,ORG,0.17499999999999996,0.08333333333333333,de,6
La…,La…,ORG,-0.15,0.06666666666666667,de,6
Ria Nowosti,Ria Nowosti,ORG,-0.11666666666666665,0.0,de,6
Wi…,Wi…,ORG,0.30833333333333335,0.0,de,6
Daimler Truck,Daimler Truck,ORG,0.11666666666666665,0.0,de,6
Kieler Instituts für Weltwirtschaft,Kieler Instituts für Weltwirtschaft,ORG,0.11666666666666665,0.0,de,6
ukrain…,ukrain…,ORG,-0.16666666666666666,0.0,de,6
KI-Krise,KI-Krise,ORG,0.2833333333333333,0.0,de,6
US-Regionalkommando,US-Regionalkommando,ORG,-0.05000000000000001,0.0,de,6
Rot-Weiss Essen,Rot-Weiss Essen,ORG,-0.5,0.0,de,6
Ber…,Ber…,ORG,0.14166666666666666,0.0,de,6
Diens…,Diens…,ORG,0.0,0.0,de,6
Thüringer Polizei,Thüringer Polizei,ORG,0.2333333333333333,0.0,de,6
Ex-Schwimmerin,Ex-Schwimmerin,ORG,0.0,0.0,de,6
Ta…,Ta…,ORG,0.11666666666666665,0.0,de,6
Sicherhei…,Sicherhei…,ORG,-0.05833333333333333,0.0,de,6
Allianz,Allianz,ORG,-0.05000000000000001,0.0,de,6
SAP,SAP,ORG,0.0,0.0,de,6
SKW Piesteritz,SKW Piesteritz,ORG,0.0,0.3333333333333333,de,6
Alba,Alba,ORG,-0.2333333333333333,0.0,de,6
Rumänien +++,Rumänien +++,ORG,-0.16666666666666666,0.0,de,6
BER,BER,ORG,0.09444444444444444,0.0,de,6
lrs,lrs,ORG,-0.2833333333333333,0.16666666666666666,de,6
US-Banken,US-Banken,ORG,0.0,0.0,de,6
Präsidialverwaltung,Präsidialverwaltung,ORG,0.11666666666666665,0.0,de,6
EZB-Sitzung,EZB-Sitzung,ORG,0.0,0.0,de,6
tr…,tr…,ORG,0.39999999999999997,0.16666666666666666,de,6
++ Trump,++ Trump,ORG,0.0,0.0,de,6
MCU,MCU,ORG,-0.2222222222222222,0.1111111111111111,de,6
China +++,China +++,ORG,-0.11666666666666665,0.16666666666666666,de,6
Airports,Airports,ORG,0.0,0.0,de,6
Gründermetropole Berlin,Gründermetropole Berlin,ORG,0.0,0.5,de,6
Universität Oldenburg,Universität Oldenburg,ORG,0.5,0.16666666666666666,de,6
Hessen,Hessen,ORG,-0.09444444444444444,0.05555555555555555,de,6
PCK Schwedt,PCK Schwedt,ORG,-0.11666666666666665,0.0,de,6
Bundesverband Wärmepumpe,Bundesverband Wärmepumpe,ORG,0.16666666666666666,0.0,de,6
Aldi Süd,Aldi Süd,ORG,-0.16666666666666666,0.0,de,6
Institut der Deutschen Wirtschaft,Institut der Deutschen Wirtschaft,ORG,0.16666666666666666,0.0,de,6
EU-Außengrenze,EU-Außengrenze,ORG,0.23333333333333328,0.0,de,6
Ukraine +++ Moskau,Ukraine +++ Moskau,ORG,-0.050000000000000024,0.0,de,6
US-Sondergesandter,US-Sondergesandter,ORG,0.11666666666666665,0.16666666666666666,de,6
Cyberwar,Cyberwar,ORG,0.7000000000000001,0.0,de,6
Atommacht Russland,Atommacht Russland,ORG,-0.16666666666666666,0.0,de,6
US-Zentralbank,US-Zentralbank,ORG,-0.05000000000000001,0.0,de,6
Venezuela,Venezuela,ORG,0.004166666666666652,0.0,de,6
Deutsche Städtetag,Deutsche Städtetag,ORG,0.5,0.5,de,6
KCNA,KCNA,ORG,0.0,0.0,de,6
kl…,kl…,ORG,0.14166666666666666,0.0,de,6
Proz…,Proz…,ORG,0.0,0.0,de,6
Selenskyj +++,Selenskyj +++,ORG,0.16666666666666666,0.0,de,6
EU-Umweltminister,EU-Umweltminister,ORG,0.0,0.3333333333333333,de,6
US-Firma,US-Firma,ORG,0.0,0.0,de,6
AfD-Chef Chrupalla,AfD-Chef Chrupalla,ORG,0.11666666666666665,0.0,de,6
eig…,eig…,ORG,1.0,0.0,de,6
Haushaltswoche,Haushaltswoche,ORG,-0.11666666666666665,0.16666666666666666,de,6
EZB-Zinsentscheid,EZB-Zinsentscheid,ORG,0.16666666666666666,0.0,de,6
Lehman Brothers,Lehman Brothers,ORG,-0.4666666666666666,0.3333333333333333,de,6
EU-Staats- und Regierungschefs,EU-Staats- und Regierungschefs,ORG,0.0,0.0,de,6
Bür­ge­r,Bür­ge­r,ORG,0.3333333333333333,0.16666666666666666,de,6
Tour,Tour,ORG,0.6166666666666667,0.0,de,6
Putins Angriffskrieg,Putins Angriffskrieg,ORG,-0.16666666666666666,0.0,de,6
AKW-Angriff,AKW-Angriff,ORG,-0.3333333333333333,0.0,de,6
WELT-Interview,WELT-Interview,ORG,-0.05833333333333333,0.21666666666666667,de,6
Klimaschutzbewegung Fridays for Future,Klimaschutzbewegung Fridays for Future,ORG,-0.16666666666666666,0.0,de,6
Rapid Support Forces,Rapid Support Forces,ORG,-0.16666666666666666,0.0,de,6
Washington,Washington,ORG,-0.2333333333333333,0.0,de,6
Klima-Klebern,Klima-Klebern,ORG,-0.11666666666666665,0.0,de,6
Krieges +++,Krieges +++,ORG,-0.01944444444444444,0.05555555555555555,de,6
EKD,EKD,ORG,0.3333333333333333,0.0,de,6
Nordkorea +++,Nordkorea +++,ORG,0.2333333333333333,0.0,de,6
APA,APA,ORG,0.11666666666666665,0.0,de,6
Waffenverbotszone,Waffenverbotszone,ORG,0.0,0.16666666666666666,de,6
IG BCE,IG BCE,ORG,-0.17499999999999996,0.08333333333333333,de,6
Deutsche Marine,Deutsche Marine,ORG,0.0,0.0,de,6
US-Blockade,US-Blockade,ORG,0.0,0.16666666666666666,de,6
FC Magdeburg,FC Magdeburg,ORG,0.0,0.0,de,6
EU-Mitgliedschaft,EU-Mitgliedschaft,ORG,-0.5,0.0,de,6
EU-Beitrittsgespräche,EU-Beitrittsgespräche,ORG,0.0,0.0,de,6
IT-Systeme,IT-Systeme,ORG,0.39999999999999997,0.0,de,6
Kanye West,Kanye West,ORG,0.375,0.0,de,6
+++ Kiew,+++ Kiew,ORG,0.31111111111111106,0.0,de,6
Trade Republic,Trade Republic,ORG,0.14166666666666666,0.0,de,6
ProSieben,ProSieben,ORG,0.11666666666666665,0.3333333333333333,de,6
EZB-Rat,EZB-Rat,ORG,-0.11666666666666665,0.0,de,6
US-Rapper,US-Rapper,ORG,-0.025000000000000005,0.0,de,6
israelische Luftwaffe,israelische Luftwaffe,ORG,-0.16666666666666666,0.0,de,6
Livebl…,Livebl…,ORG,0.29166666666666663,0.05555555555555555,de,6
US-Außenministeriums,US-Außenministeriums,ORG,0.06666666666666665,0.0,de,6
IW Köln,IW Köln,ORG,0.0,0.16666666666666666,de,6
russische…,russische…,ORG,0.0,0.0,de,6
deutschen Nationalmannschaft,deutschen Nationalmannschaft,ORG,0.45,0.0,de,6
EU-Erweiterung,EU-Erweiterung,ORG,-0.16666666666666666,0.0,de,6
Afrikanische Union,Afrikanische Union,ORG,0.0,0.0,de,6
Flüssigerdgas,Flüssigerdgas,ORG,0.3499999999999999,0.0,de,6
Vodafone,Vodafone,ORG,0.4666666666666666,0.0,de,6
Deutsche Telekom,Deutsche Telekom,ORG,0.225,0.08333333333333333,de,6
US-Beamten,US-Beamten,ORG,-0.05000000000000001,0.0,de,6
Verhandlun…,Verhandlun…,ORG,-0.08333333333333333,0.0,de,6
Ukraine-Hilfe,Ukraine-Hilfe,ORG,0.4666666666666666,0.0,de,6
Erdoğan,Erdoğan,ORG,0.11666666666666665,0.0,de,6
Ukrainische Truppen,Ukrainische Truppen,ORG,0.0,0.0,de,6
Brand,Brand,ORG,0.13888888888888887,0.0,de,6
ORF,ORF,ORG,0.05833333333333333,0.08333333333333333,de,6
Deutsche Welle,Deutsche Welle,ORG,-0.16666666666666666,0.0,de,6
russisc…,russisc…,ORG,0.13999999999999999,0.0,de,5
Ge…,Ge…,ORG,0.13999999999999999,0.0,de,5
Öl…,Öl…,ORG,-0.27,0.0,de,5
Bes…,Bes…,ORG,-0.006666666666666665,0.26666666666666666,de,5
US-Grenze,US-Grenze,ORG,-0.26666666666666666,0.13333333333333333,de,5
Klima-Aktivist,Klima-Aktivist,ORG,0.2,0.0,de,5
Karlsruher Institut für Technologie,Karlsruher Institut für Technologie,ORG,-0.4,0.0,de,5
DRK,DRK,ORG,-0.27999999999999997,0.0,de,5
ZDF-Sendung,ZDF-Sendung,ORG,-0.2,0.0,de,5
Holstein Kiel,Holstein Kiel,ORG,-0.26,0.0,de,5
US-Beamter,US-Beamter,ORG,0.13999999999999999,0.0,de,5
EWE,EWE,ORG,-0.13999999999999999,0.0,de,5
Waffenbesitzern,Waffenbesitzern,ORG,-0.13999999999999999,0.2,de,5
bes…,bes…,ORG,0.13333333333333333,0.26666666666666666,de,5
Fo…,Fo…,ORG,0.13999999999999999,0.0,de,5
Freien Universität Berlin,Freien Universität Berlin,ORG,0.38999999999999996,0.0,de,5
HolzpelletsHolzpellets,HolzpelletsHolzpellets,ORG,0.0,0.0,de,5
ukr…,ukr…,ORG,0.13999999999999999,0.0,de,5
Deutschland …,Deutschland …,ORG,-0.13999999999999999,0.0,de,5
Irans Regierung,Irans Regierung,ORG,-0.27999999999999997,0.0,de,5
Arbeiterpartei Kurdistans,Arbeiterpartei Kurdistans,ORG,0.0,0.0,de,5
LGBT-Propaganda,LGBT-Propaganda,ORG,-0.33999999999999997,0.0,de,5
LIVE-TICKER,LIVE-TICKER,ORG,-0.13999999999999999,0.0,de,5
EU-Schulden,EU-Schulden,ORG,0.0,0.0,de,5
deutsche Linke,deutsche Linke,ORG,-0.4,0.0,de,5
Auspuff,Auspuff,ORG,0.0,0.0,de,5
Eur…,Eur…,ORG,-0.2,0.0,de,5
ne…,ne…,ORG,0.0,0.0,de,5
meldenSie,meldenSie,ORG,-0.06999999999999999,0.8,de,5
HP,HP,ORG,0.27999999999999997,0.2,de,5
FOCUS-Interview,FOCUS-Interview,ORG,0.13999999999999999,0.0,de,5
AMD,AMD,ORG,0.6199999999999999,0.0,de,5
Russland-Wahl,Russland-Wahl,ORG,0.2,0.0,de,5
Polen,Polen,ORG,0.07999999999999999,0.0,de,5
EU-Erklärung,EU-Erklärung,ORG,0.13999999999999999,0.0,de,5
F-16-Lieferung,F-16-Lieferung,ORG,0.13,0.2,de,5
F-16-Lieferungen,F-16-Lieferungen,ORG,0.13999999999999999,0.0,de,5
Castor-Transporte,Castor-Transporte,ORG,-0.13999999999999999,0.0,de,5
Gas!,Gas!,ORG,0.0,0.0,de,5
Austauschpflicht,Austauschpflicht,ORG,0.0,0.0,de,5
UN-Chef,UN-Chef,ORG,0.0,0.0,de,5
US-Denkfabrik Institute for the Study of War,US-Denkfabrik Institute for the Study of War,ORG,-0.33999999999999997,0.0,de,5
US-Unterhändler,US-Unterhändler,ORG,-0.2,0.0,de,5
DTEK,DTEK,ORG,-0.2,0.0,de,5
AKW Emsland,AKW Emsland,ORG,0.0,0.0,de,5
Bundesanstalt für Finanzdienstleistungsaufsicht,Bundesanstalt für Finanzdienstleistungsaufsicht,ORG,0.06000000000000001,0.0,de,5
Russland +++ Selenskyj,Russland +++ Selenskyj,ORG,-0.2,0.2,de,5
NASA,NASA,ORG,-0.2,0.0,de,5
Internationale Komitee vom Roten Kreuz,Internationale Komitee vom Roten Kreuz,ORG,-0.12000000000000002,0.0,de,5
Schweizer Parlament,Schweizer Parlament,ORG,0.29000000000000004,0.0,de,5
Ukraine +++ Baerbock,Ukraine +++ Baerbock,ORG,0.15,0.0,de,5
EU-Lieferkettengesetz,EU-Lieferkettengesetz,ORG,0.0,0.0,de,5
Wildberries,Wildberries,ORG,0.13999999999999999,0.0,de,5
E.on,E.on,ORG,-0.22999999999999998,0.0,de,5
Roten Armee,Roten Armee,ORG,-0.48,0.0,de,5
Ukrainische Drohnenangriffe,Ukrainische Drohnenangriffe,ORG,0.13999999999999999,0.0,de,5
TikTok,TikTok,ORG,-0.1,0.5,de,5
Kon…,Kon…,ORG,0.0,0.0,de,5
EU-Partnern,EU-Partnern,ORG,0.13999999999999999,0.0,de,5
ic…,ic…,ORG,-0.2,0.0,de,5
deutsche Nationalmannschaft,deutsche Nationalmannschaft,ORG,-0.06000000000000001,0.0,de,5
Li…,Li…,ORG,0.0033333333333333327,0.1,de,5
IT-Sicherheit,IT-Sicherheit,ORG,0.4,0.0,de,5
AfD-Chef Tino Chrupalla,AfD-Chef Tino Chrupalla,ORG,0.13999999999999999,0.0,de,5
Waffenruhe,Waffenruhe,ORG,-0.13999999999999999,0.0,de,5
CSU-Landesgruppe,CSU-Landesgruppe,ORG,-0.2,0.4,de,5
UN-Menschenrechtsrat,UN-Menschenrechtsrat,ORG,-0.6,0.0,de,5
Drohnenabwehr,Drohnenabwehr,ORG,0.13999999999999999,0.0,de,5
Sky News,Sky News,ORG,0.2,0.0,de,5
Der Spiegel,Der Spiegel,ORG,0.0,0.0,de,5
Reservistenverbandes der Deutschen Bundeswehr,Reservistenverbandes der Deutschen Bundeswehr,ORG,0.0,0.8,de,5
Verbra…,Verbra…,ORG,0.11333333333333333,0.06666666666666667,de,5
Pakistans u…,Pakistans u…,ORG,0.0,0.0,de,5
Ukraine</li><li>,Ukraine</li><li>,ORG,0.039999999999999994,0.0,de,5
ifo Institut,ifo Institut,ORG,-0.06999999999999999,0.1,de,5
PiS,PiS,ORG,0.27999999999999997,0.0,de,5
Live…,Live…,ORG,-0.06000000000000001,0.6,de,5
Norwegen,Norwegen,ORG,0.07999999999999999,0.0,de,5
Nationalversammlung,Nationalversammlung,ORG,-0.16,0.0,de,5
Gaspipelines Nord Stream 1,Gaspipelines Nord Stream 1,ORG,-0.16999999999999998,0.0,de,5
TP-Link,TP-Link,ORG,0.41999999999999993,0.0,de,5
Grünen Jugend,Grünen Jugend,ORG,0.0,0.4,de,5
Gaspreisdeckel,Gaspreisdeckel,ORG,0.0,0.0,de,5
Instituts der deutschen Wirtschaft,Instituts der deutschen Wirtschaft,ORG,-0.13999999999999999,0.2,de,5
Internationalen Gerichtshof,Internationalen Gerichtshof,ORG,0.13999999999999999,0.0,de,5
Handicap International,Handicap International,ORG,0.0,0.4,de,5
Hessen Frankfurt,Hessen Frankfurt,ORG,-0.5066666666666666,0.0,de,5
EU-Einigung,EU-Einigung,ORG,-0.13999999999999999,0.0,de,5
Mossad,Mossad,ORG,-0.41,0.0,de,5
Uniper-Aktionäre,Uniper-Aktionäre,ORG,0.27999999999999997,0.0,de,5
IP-Adresse,IP-Adresse,ORG,0.13999999999999999,0.0,de,5
Gastgeber,Gastgeber,ORG,0.2,0.0,de,5
Re…,Re…,ORG,0.0,0.0,de,5
Mariupol,Mariupol,ORG,0.54,0.0,de,5
F-35-Kampfjets,F-35-Kampfjets,ORG,-0.2,0.0,de,5
ArcelorMittal,ArcelorMittal,ORG,-0.13999999999999999,0.0,de,5
Klima-Protestgruppe,Klima-Protestgruppe,ORG,0.2,0.0,de,5
PIK,PIK,ORG,-0.26,0.0,de,5
Bank,Bank,ORG,0.0,0.0,de,5
VNG,VNG,ORG,-0.13999999999999999,0.0,de,5
Erdgas,Erdgas,ORG,0.20999999999999996,0.7,de,5
NATO-Ostflanke,NATO-Ostflanke,ORG,0.13999999999999999,0.0,de,5
grüne EU-Label,grüne EU-Label,ORG,0.0,0.0,de,5
FU Berlin,FU Berlin,ORG,0.33999999999999997,0.0,de,5
Interes…,Interes…,ORG,0.7,0.0,de,5
Interfax,Interfax,ORG,-0.2,0.0,de,5
Kiew +++ Russland,Kiew +++ Russland,ORG,-0.06000000000000001,0.0,de,5
Agentur Reuters,Agentur Reuters,ORG,0.13999999999999999,0.0,de,5
EU-Politiker,EU-Politiker,ORG,0.30999999999999994,0.0,de,5
ECOWAS,ECOWAS,ORG,0.13999999999999999,0.0,de,5
Spanien,Spanien,ORG,-0.13999999999999999,0.0,de,5
Tele…,Tele…,ORG,-0.13999999999999999,0.0,de,5
FOCUS…,FOCUS…,ORG,0.35,0.25,de,5
Uni Hamburg,Uni Hamburg,ORG,0.2,0.0,de,5
Kursk ++,Kursk ++,ORG,0.0,0.0,de,5
Rostock,Rostock,ORG,-0.27999999999999997,0.0,de,5
Bundesverband der Energie- und Wasserwirtschaft,Bundesverband der Energie- und Wasserwirtschaft,ORG,0.27999999999999997,0.0,de,5
IMHO,IMHO,ORG,0.7,0.0,de,5
russisch…,russisch…,ORG,0.0,0.2,de,5
Deutsche Emissionshandelsstelle,Deutsche Emissionshandelsstelle,ORG,-0.13999999999999999,0.0,de,5
Lieferengpässe,Lieferengpässe,ORG,-0.06000000000000001,0.5,de,5
europäischen Nato-Staaten,europäischen Nato-Staaten,ORG,0.0,0.0,de,5
SCO,SCO,ORG,0.0,0.0,de,5
NEOS,NEOS,ORG,0.33999999999999997,0.2,de,5
Russlands…,Russlands…,ORG,-0.06999999999999999,0.0,de,5
Sa…,Sa…,ORG,-0.2,0.0,de,5
US-Pläne,US-Pläne,ORG,-0.35,0.0,de,5
Oreschnik-Rakete,Oreschnik-Rakete,ORG,-0.5399999999999999,0.1,de,5
britische Verteidigungsministerium,britische Verteidigungsministerium,ORG,-0.13999999999999999,0.0,de,5
Kolumbien,Kolumbien,ORG,0.4,0.0,de,5
Drohnenangriffe ++,Drohnenangriffe ++,ORG,0.0,0.0,de,5
Wagenknecht-Partei,Wagenknecht-Partei,ORG,0.0,0.0,de,5
Schottland,Schottland,ORG,-0.4,0.0,de,5
St…,St…,ORG,-0.13999999999999999,0.0,de,5
Ukraine-Hilfe +++,Ukraine-Hilfe +++,ORG,0.33999999999999997,0.0,de,5
Steam,Steam,ORG,0.41999999999999993,0.0,de,5
US-Plan,US-Plan,ORG,0.0,0.0,de,5
IMAGO/ABACAPRESS,IMAGO/ABACAPRESS,ORG,-0.2,0.0,de,5
Un…,Un…,ORG,0.33999999999999997,0.0,de,5
Fridays,Fridays,ORG,-0.26,0.0,de,5
Nawalnyj,Nawalnyj,ORG,0.0,0.2,de,5
Frankfurter Allgemeinen Zeitung,Frankfurter Allgemeinen Zeitung,ORG,0.41999999999999993,0.0,de,5
vi…,vi…,ORG,0.13999999999999999,0.0,de,5
Libanon +++,Libanon +++,ORG,0.07999999999999999,0.0,de,5
Irans,Irans,ORG,0.0,0.0,de,5
Russland +++ Russland,Russland +++ Russland,ORG,0.30999999999999994,0.0,de,5
Geforce RTX,Geforce RTX,ORG,0.5199999999999999,0.1,de,5
Diehl,Diehl,ORG,0.0,0.0,de,5
Landesamts,Landesamts,ORG,0.0,0.2,de,5
Abgeordneter,Abgeordneter,ORG,-0.33999999999999997,0.0,de,5
ANF,ANF,ORG,0.0,0.0,de,5
Britische Regierung,Britische Regierung,ORG,-0.22999999999999998,0.0,de,5
zw…,zw…,ORG,0.06999999999999999,0.0,de,5
Hi…,Hi…,ORG,0.13999999999999999,0.0,de,5
US-Zusage,US-Zusage,ORG,0.0,0.0,de,5
Guardian,Guardian,ORG,0.13999999999999999,0.0,de,5
US-Journalisten,US-Journalisten,ORG,-1.0,0.0,de,5
CDU-Chef Merz,CDU-Chef Merz,ORG,-0.13999999999999999,0.0,de,5
Sicherheitsexperten,Sicherheitsexperten,ORG,0.0,0.0,de,5
Sonn…,Sonn…,ORG,-0.06000000000000001,0.0,de,5
Maßnah…,Maßnah…,ORG,0.2,0.0,de,5
HHLA,HHLA,ORG,0.13999999999999999,0.0,de,5
VW-Konzern,VW-Konzern,ORG,0.06666666666666667,0.4,de,5
Bundesweit,Bundesweit,ORG,-0.25999999999999995,0.2,de,5
F-16-Flugzeugen,F-16-Flugzeugen,ORG,0.2799999999999999,0.0,de,5
ukrainischen Luftwaffe,ukrainischen Luftwaffe,ORG,-0.13999999999999999,0.0,de,5
VDA,VDA,ORG,0.0,0.0,de,5
Entwicklun…,Entwicklun…,ORG,-0.13999999999999999,0.0,de,5
Maria Energy,Maria Energy,ORG,-0.2,0.0,de,5
DGB-Chefin,DGB-Chefin,ORG,0.13999999999999999,0.0,de,5
MIT,MIT,ORG,0.4,0.0,de,5
EZB-Zielmarke,EZB-Zielmarke,ORG,0.0,0.0,de,5
Awdijiwka +++,Awdijiwka +++,ORG,0.22000000000000003,0.1,de,5
russischen Gesellschaft,russischen Gesellschaft,ORG,-0.2,0.0,de,5
Merz-Regierung,Merz-Regierung,ORG,0.15,0.0,de,5
Finanzbehörden,Finanzbehörden,ORG,0.2,0.1,de,5
SPD-Manifest,SPD-Manifest,ORG,0.2,0.0,de,5
Aktion,Aktion,ORG,0.0,0.0,de,5
ETFs,ETFs,ORG,-0.06999999999999999,0.1,de,5
Heizkosten,Heizkosten,ORG,0.13999999999999999,0.2,de,5
Consors Finanz,Consors Finanz,ORG,-0.4,0.0,de,5
Girokonto,Girokonto,ORG,0.13999999999999999,0.0,de,5
Irans Blockade,Irans Blockade,ORG,0.0,0.0,de,5
Stiftung Klima- und Umweltschutz MV,Stiftung Klima- und Umweltschutz MV,ORG,0.0,0.0,de,5
Livetic…,Livetic…,ORG,-0.06999999999999999,0.4,de,5
britischen Parlaments,britischen Parlaments,ORG,-0.6166666666666666,0.2333333333333333,de,5
Lindner,Lindner,ORG,0.2,0.0,de,5
europäische…,europäische…,ORG,0.0,0.0,de,5
Nahost-Krieg +++,Nahost-Krieg +++,ORG,-0.13999999999999999,0.0,de,5
KIRKJUBØUR,KIRKJUBØUR,ORG,0.54,0.0,de,5
Heizungspläne,Heizungspläne,ORG,0.13000000000000003,0.0,de,5
Hamas Israel,Hamas Israel,ORG,-0.06000000000000001,0.2,de,5
sa,sa,ORG,-0.023333333333333338,0.06666666666666667,de,5
EU-Embargo,EU-Embargo,ORG,0.0,0.2,de,5
Zielmarke der Europäischen Zentralbank,Zielmarke der Europäischen Zentralbank,ORG,0.27999999999999997,0.0,de,5
Hamburger Senats,Hamburger Senats,ORG,-0.11333333333333333,0.06666666666666667,de,5
NRW,NRW,ORG,0.0,0.2,de,5
Son…,Son…,ORG,0.0,0.0,de,5
US-Bank,US-Bank,ORG,0.0,0.0,de,5
Polizei…,Polizei…,ORG,-0.4,0.0,de,5
US-Kontrolle,US-Kontrolle,ORG,0.13999999999999999,0.0,de,5
Bundesre…,Bundesre…,ORG,0.0,0.0,de,5
lno,lno,ORG,-0.38,0.0,de,5
CHROMORANGE,CHROMORANGE,ORG,-0.33999999999999997,0.0,de,5
THW Kiel,THW Kiel,ORG,-0.10999999999999999,0.0,de,5
First Republic Bank,First Republic Bank,ORG,0.54,0.0,de,5
Protesten,Protesten,ORG,-0.1,0.2,de,5
Teheran,Teheran,ORG,0.10999999999999999,0.0,de,5
Wahlrechtsreform,Wahlrechtsreform,ORG,-0.2,0.0,de,5
Generalstaatsanwaltschaft München,Generalstaatsanwaltschaft München,ORG,-0.2,0.0,de,5
CES,CES,ORG,0.51,0.0,de,5
Waffenruhe +++,Waffenruhe +++,ORG,0.039999999999999994,0.1,de,5
Elektroauto,Elektroauto,ORG,0.7,0.0,de,5
Russl…,Russl…,ORG,0.13999999999999999,0.0,de,5
Frankre…,Frankre…,ORG,0.0,0.0,de,5
Unterstützer Russlands,Unterstützer Russlands,ORG,0.0,0.0,de,5
Russlands Aggression,Russlands Aggression,ORG,0.0,0.0,de,5
Salzburger Festspiele,Salzburger Festspiele,ORG,0.0,0.0,de,5
EU-Kredit,EU-Kredit,ORG,-0.6,0.0,de,5
europäischen Partnern,europäischen Partnern,ORG,0.0,0.0,de,5
FTX,FTX,ORG,-0.33999999999999997,0.0,de,5
Institut für Kriegsstudien,Institut für Kriegsstudien,ORG,-0.33999999999999997,0.0,de,5
EnviaM,EnviaM,ORG,0.13999999999999999,0.0,de,5
Hamburgischen Bürgerschaft,Hamburgischen Bürgerschaft,ORG,0.26,0.0,de,5
IBM,IBM,ORG,0.25,0.0,de,5
hohen Gas- und Strompreise,hohen Gas- und Strompreise,ORG,0.2,0.24,de,5
US-Institut für Kriegsstudien,US-Institut für Kriegsstudien,ORG,-0.2,0.6,de,5
US-Navy,US-Navy,ORG,-0.13999999999999999,0.2,de,5
Ukraine +++ Kiew,Ukraine +++ Kiew,ORG,0.27999999999999997,0.0,de,5
Ukraine-Militärhilfe,Ukraine-Militärhilfe,ORG,0.27999999999999997,0.0,de,5
NGOs,NGOs,ORG,0.13999999999999999,0.4,de,5
Harvard,Harvard,ORG,-0.13999999999999999,0.0,de,5
ukrainische Zeitung,ukrainische Zeitung,ORG,0.0,0.0,de,5
Ukraine Moskau,Ukraine Moskau,ORG,0.0,0.2,de,5
Square Enix,Square Enix,ORG,0.16999999999999998,0.0,de,5
BDI,BDI,ORG,0.07999999999999999,0.0,de,5
Ukraine  ,Ukraine  ,ORG,0.019999999999999997,0.0,de,5
Kiel Institut für Weltwirtschaft,Kiel Institut für Weltwirtschaft,ORG,0.0,0.0,de,5
DJV,DJV,ORG,-0.4,0.0,de,5
DREO,DREO,ORG,0.41999999999999993,0.0,de,5
US-Bürgers,US-Bürgers,ORG,0.0,0.0,de,5
Meta,Meta,ORG,0.2,0.4,de,5
US-Gebiet,US-Gebiet,ORG,0.41999999999999993,0.0,de,5
Ukraine-Unterstützung,Ukraine-Unterstützung,ORG,-0.06000000000000001,0.0,de,5
US-Investmentbank,US-Investmentbank,ORG,-0.5599999999999999,0.0,de,5
Ebay,Ebay,ORG,0.0,0.4,de,5
Internationalen Atomenergie-Organisation,Internationalen Atomenergie-Organisation,ORG,-0.030000000000000006,0.0,de,5
SPD-Chef Klingbeil,SPD-Chef Klingbeil,ORG,0.0,0.0,de,5
Fin…,Fin…,ORG,-0.5,0.0,de,4
Sparkassen-Finanzgruppe,Sparkassen-Finanzgruppe,ORG,0.35,0.0,de,4
Christdemokraten,Christdemokraten,ORG,-0.175,0.0,de,4
st…,st…,ORG,0.0,0.0,de,4
Adler Group,Adler Group,ORG,-0.4625,0.0,de,4
Paypal,Paypal,ORG,0.04999999999999999,0.375,de,4
Deutsch-Israelischen Gesellschaft,Deutsch-Israelischen Gesellschaft,ORG,0.0,0.0,de,4
Europäische Investitionsbank,Europäische Investitionsbank,ORG,0.0,0.25,de,4
baltische NATO-Mitgliedsland,baltische NATO-Mitgliedsland,ORG,0.0,0.0,de,4
Rohsilizium,Rohsilizium,ORG,0.0,0.0,de,4
Kampfjet-Lieferung,Kampfjet-Lieferung,ORG,0.0,0.0,de,4
britische Labour-Partei,britische Labour-Partei,ORG,0.175,0.0,de,4
EU-Beziehungen,EU-Beziehungen,ORG,0.0,0.0,de,4
CO-Preise,CO-Preise,ORG,-0.2125,0.0,de,4
Anschlag,Anschlag,ORG,-0.5,0.0,de,4
LNG-Boom,LNG-Boom,ORG,0.0,0.0,de,4
TSG,TSG,ORG,0.175,0.5,de,4
zwe…,zwe…,ORG,0.0,0.0,de,4
Manchester United,Manchester United,ORG,0.0,0.0,de,4
PC & Notebooks,PC & Notebooks,ORG,0.7,0.0,de,4
Fortuna,Fortuna,ORG,0.175,0.0,de,4
Bergwacht,Bergwacht,ORG,-0.175,0.0,de,4
Schweizer Außenministerium,Schweizer Außenministerium,ORG,-0.25,0.0,de,4
FO…,FO…,ORG,0.175,0.0,de,4
DAV,DAV,ORG,-0.35,0.0,de,4
Ukraine +++ Alle Entwicklungen,Ukraine +++ Alle Entwicklungen,ORG,0.25,0.0,de,4
Mil…,Mil…,ORG,0.0,0.0,de,4
VfL,VfL,ORG,-0.25,0.0,de,4
DJI,DJI,ORG,0.35,0.0,de,4
Beatles,Beatles,ORG,0.0,0.0,de,4
ExxonMobil,ExxonMobil,ORG,0.0,0.0,de,4
deutschen Fußballs,deutschen Fußballs,ORG,0.0,0.0,de,4
BDH,BDH,ORG,0.0,0.0,de,4
sudanesischen Armee,sudanesischen Armee,ORG,-0.675,0.0,de,4
Deuts…,Deuts…,ORG,0.0,0.0,de,4
Sprit,Sprit,ORG,-0.2125,0.0,de,4
US-Flugabwehrsysteme,US-Flugabwehrsysteme,ORG,0.0,0.5,de,4
Wagner-Miliz,Wagner-Miliz,ORG,0.0,0.0,de,4
VW-Warnstreik,VW-Warnstreik,ORG,-0.35,0.0,de,4
US-Analyst,US-Analyst,ORG,0.4625,0.0,de,4
WTO,WTO,ORG,0.0,0.0,de,4
FC Chelsea,FC Chelsea,ORG,-0.25,0.0,de,4
Terror-Miliz,Terror-Miliz,ORG,-0.5,0.0,de,4
syrische Armee,syrische Armee,ORG,0.25,0.0,de,4
Welthandelsorganisation,Welthandelsorganisation,ORG,-0.5,0.0,de,4
Heizungspläne der Ampel-Koalition,Heizungspläne der Ampel-Koalition,ORG,-0.25,0.0,de,4
US-Reise,US-Reise,ORG,-0.175,0.0,de,4
libanesische Armee,libanesische Armee,ORG,-0.25,0.0,de,4
Hamburg Towers,Hamburg Towers,ORG,-0.35,0.0,de,4
Augsburger Allgemeinen,Augsburger Allgemeinen,ORG,0.0,0.0,de,4
ARD-Mitarbeitern,ARD-Mitarbeitern,ORG,-0.375,0.125,de,4
Medi…,Medi…,ORG,0.35,0.0,de,4
CATL,CATL,ORG,0.0,0.0,de,4
hi…,hi…,ORG,0.25,0.0,de,4
SV Waldhof,SV Waldhof,ORG,0.0,0.0,de,4
US-Truppenpräsenz,US-Truppenpräsenz,ORG,-0.37916666666666665,0.0,de,4
Ar…,Ar…,ORG,-0.25,0.0,de,4
Ja…,Ja…,ORG,-0.175,0.0,de,4
++ UN,++ UN,ORG,-0.675,0.0,de,4
0:3-Lektion,0:3-Lektion,ORG,0.0,0.0,de,4
Gruppe Extinction Rebellion,Gruppe Extinction Rebellion,ORG,0.0,0.0,de,4
Rosatom,Rosatom,ORG,0.0,0.0,de,4
Massachusetts Institute of Technology,Massachusetts Institute of Technology,ORG,0.25,0.0,de,4
Telegram,Telegram,ORG,0.0,0.0,de,4
Gaza,Gaza,ORG,0.5,0.0,de,4
Neuseeland,Neuseeland,ORG,-0.07500000000000001,0.0,de,4
Gebieten +++,Gebieten +++,ORG,0.0,0.0,de,4
Kreml +++,Kreml +++,ORG,0.25,0.0,de,4
+++ Trump,+++ Trump,ORG,-0.125,0.25,de,4
Private Equity,Private Equity,ORG,0.0,0.0,de,4
Pauschalurlaub,Pauschalurlaub,ORG,0.0,0.0,de,4
Nahrungsmittel-Inflation,Nahrungsmittel-Inflation,ORG,0.5,0.0,de,4
Schwedische Regierung,Schwedische Regierung,ORG,0.0,0.0,de,4
Euro…,Euro…,ORG,1.0,0.0,de,4
Penny,Penny,ORG,0.5,0.0,de,4
Wissenschaft,Wissenschaft,ORG,0.09999999999999998,0.0,de,4
Monaten,Monaten,ORG,0.0,0.5,de,4
Polizei sucht Zeugen,Polizei sucht Zeugen,ORG,0.0,0.0,de,4
spä…,spä…,ORG,0.0,0.0,de,4
Henkel,Henkel,ORG,-0.0875,0.0,de,4
Ukrainische Abwehr,Ukrainische Abwehr,ORG,-0.75,0.0,de,4
INIU,INIU,ORG,0.175,0.0,de,4
Internationalen Olympischen Komitees,Internationalen Olympischen Komitees,ORG,0.0,0.0,de,4
FC Hansa Rostock,FC Hansa Rostock,ORG,-0.75,0.0,de,4
Finan…,Finan…,ORG,0.0,0.0,de,4
Telefónica,Telefónica,ORG,0.0,0.0,de,4
Or…,Or…,ORG,0.175,0.0,de,4
FDP-Parteitag,FDP-Parteitag,ORG,0.25,0.0,de,4
Telekom,Telekom,ORG,0.5249999999999999,0.0,de,4
internationa…,internationa…,ORG,0.07500000000000001,0.0,de,4
nu…,nu…,ORG,0.0,0.0,de,4
BJV,BJV,ORG,0.5,0.0,de,4
US-Basis,US-Basis,ORG,0.575,0.0,de,4
USA…,USA…,ORG,0.0,0.0,de,4
+++ Medien,+++ Medien,ORG,-0.037500000000000006,0.0,de,4
EU-Verbrennerverbot,EU-Verbrennerverbot,ORG,-0.5,0.0,de,4
KI-Rechenzentren,KI-Rechenzentren,ORG,0.35,0.0,de,4
+++ Israel,+++ Israel,ORG,0.0,0.0,de,4
SV Waldhof Mannheim,SV Waldhof Mannheim,ORG,0.35,0.0,de,4
"Uni
Rostock","Uni
Rostock",ORG,0.25,0.5,de,4
End…,End…,ORG,0.0,0.0,de,4
Fi…,Fi…,ORG,0.5,0.0,de,4
Blaulicht,Blaulicht,ORG,0.0,0.0,de,4
künf…,künf…,ORG,0.175,0.0,de,4
EU-Pläne,EU-Pläne,ORG,0.0,0.0,de,4
KI-Boom,KI-Boom,ORG,0.0,0.0,de,4
IS-Angriff,IS-Angriff,ORG,0.0,0.0,de,4
baltischen EU-,baltischen EU-,ORG,0.0,0.0,de,4
US-Raumfahrtbehörde,US-Raumfahrtbehörde,ORG,0.0,0.16666666666666666,de,4
SV Sandhausen,SV Sandhausen,ORG,0.35,0.0,de,4
The…,The…,ORG,0.0,0.0,de,4
Islamische Republik,Islamische Republik,ORG,-0.26249999999999996,0.125,de,4
Huthi-Ziele,Huthi-Ziele,ORG,-0.2875,0.0,de,4
WELT,WELT,ORG,0.0,0.0,de,4
BSW,BSW,ORG,-0.2125,0.0,de,4
Potsdam Instituts für Klimafolgenforschung,Potsdam Instituts für Klimafolgenforschung,ORG,0.0,0.0,de,4
Angrif…,Angrif…,ORG,-0.25,0.0,de,4
deutschen Regierung,deutschen Regierung,ORG,0.0,0.0,de,4
Nordkorea Russland,Nordkorea Russland,ORG,0.016666666666666663,0.16666666666666666,de,4
Drohnen-Deal,Drohnen-Deal,ORG,-0.25,0.0,de,4
VW-Werk,VW-Werk,ORG,0.175,0.0,de,4
Britische Streitkräfte,Britische Streitkräfte,ORG,0.0,0.0,de,4
sogenannt…,sogenannt…,ORG,0.0,0.0,de,4
HVO,HVO,ORG,-0.037500000000000006,0.2,de,4
Internationale Olympische Komitee,Internationale Olympische Komitee,ORG,0.0,0.0,de,4
frü…,frü…,ORG,-0.07500000000000001,0.0,de,4
Wall Street Journals,Wall Street Journals,ORG,-0.175,0.0,de,4
Rote Kreuz,Rote Kreuz,ORG,0.25,0.0,de,4
Bahn,Bahn,ORG,0.0,0.0,de,4
demna…,demna…,ORG,0.0,0.0,de,4
Saturn,Saturn,ORG,0.175,0.0,de,4
russische Regierung,russische Regierung,ORG,0.0,0.0,de,4
US-Entscheidung,US-Entscheidung,ORG,0.0,0.0,de,4
Ho…,Ho…,ORG,0.0,0.0,de,4
NGG,NGG,ORG,0.0,0.0,de,4
ukrainische …,ukrainische …,ORG,0.0,0.0,de,4
Telebörse,Telebörse,ORG,0.0,0.0,de,4
+++ BBC,+++ BBC,ORG,0.13749999999999998,0.0,de,4
NS-Regime,NS-Regime,ORG,-0.25,0.0,de,4
US-Administration,US-Administration,ORG,0.0,0.25,de,4
UN-Mitarbeiterin,UN-Mitarbeiterin,ORG,0.0,0.0,de,4
Flugabwehr +++,Flugabwehr +++,ORG,0.425,0.25,de,4
US-Dienstleister,US-Dienstleister,ORG,1.0,0.0,de,4
ThSV Eisenach,ThSV Eisenach,ORG,-0.35,0.0,de,4
BRIGITTE Academy Masterclass Finanzen lernst du ,BRIGITTE Academy Masterclass Finanzen lernst du ,ORG,0.0,0.0,de,4
Nachhaltigkeitsziele,Nachhaltigkeitsziele,ORG,0.0,0.0,de,4
EU-Gebäuderichtlinie,EU-Gebäuderichtlinie,ORG,-0.175,0.0,de,4
Smart Home,Smart Home,ORG,0.7,0.0,de,4
US-Energieminister,US-Energieminister,ORG,-0.25,0.0,de,4
E-Control-Ökonom,E-Control-Ökonom,ORG,0.0,0.0,de,4
TV & Monitore,TV & Monitore,ORG,0.7,0.0,de,4
Deutsche Akademie für Sprache und Dichtung,Deutsche Akademie für Sprache und Dichtung,ORG,0.25,0.0,de,4
US-Experte,US-Experte,ORG,0.0,0.0,de,4
ZDF-Sommerinterview,ZDF-Sommerinterview,ORG,-0.0875,0.0,de,4
Energie Cottbus,Energie Cottbus,ORG,-0.5,0.0,de,4
RCS,RCS,ORG,0.25,0.0,de,4
US-Zentralkommando,US-Zentralkommando,ORG,-0.2125,0.0,de,4
DEHSt,DEHSt,ORG,0.0875,0.125,de,4
Tunesien,Tunesien,ORG,0.0,0.5,de,4
SPONSORED CONTENT,SPONSORED CONTENT,ORG,0.5,0.0,de,4
Toten Hosen,Toten Hosen,ORG,0.175,0.0,de,4
Trump-Wahl,Trump-Wahl,ORG,0.175,0.0,de,4
Forbes,Forbes,ORG,-0.07500000000000001,0.0,de,4
Saporischschja +++ Der Newsblog,Saporischschja +++ Der Newsblog,ORG,0.0,0.0,de,4
EU-Regierungen,EU-Regierungen,ORG,0.35,0.25,de,4
Chri…,Chri…,ORG,0.0,0.0,de,4
US-Dollars,US-Dollars,ORG,0.175,0.0,de,4
Deutschen Presse-…,Deutschen Presse-…,ORG,0.5249999999999999,0.0,de,4
Berliner Grünen,Berliner Grünen,ORG,-0.09166666666666665,0.0,de,4
Continental,Continental,ORG,0.175,0.0,de,4
Europäische Parlament,Europäische Parlament,ORG,0.25,0.0,de,4
BWB,BWB,ORG,0.175,0.0,de,4
Klimaschutz,Klimaschutz,ORG,0.5,0.25,de,4
Hajat Tahrir al-Scham,Hajat Tahrir al-Scham,ORG,-0.35,0.0,de,4
US-Verteidigungsministeriums,US-Verteidigungsministeriums,ORG,-0.25,0.0,de,4
Toyota,Toyota,ORG,0.0,0.0,de,4
bere…,bere…,ORG,0.0,0.0,de,4
Instituts für Kriegsstudien,Instituts für Kriegsstudien,ORG,0.0,0.0,de,4
Litauen +++,Litauen +++,ORG,0.0,0.0,de,4
NHL,NHL,ORG,0.0,0.0,de,4
Bitcoin-Blog,Bitcoin-Blog,ORG,0.0,0.0,de,4
Nord-Stream-Explosion,Nord-Stream-Explosion,ORG,0.0,0.0,de,4
National Football League,National Football League,ORG,0.0,0.0,de,4
Ampel-Parteien,Ampel-Parteien,ORG,-0.4625,0.0,de,4
britische Armee,britische Armee,ORG,-0.175,0.25,de,4
US-Militärhilfen,US-Militärhilfen,ORG,0.0,0.0,de,4
Russisches Schiff,Russisches Schiff,ORG,-0.25,0.0,de,4
US-Waffenhilfe,US-Waffenhilfe,ORG,0.175,0.0,de,4
Putins Luftwaffe,Putins Luftwaffe,ORG,0.175,0.5,de,4
ZEIT ONLINE,ZEIT ONLINE,ORG,-0.25,0.0,de,4
Nationalen Sicherheits- und Verteidigungsrates,Nationalen Sicherheits- und Verteidigungsrates,ORG,0.175,0.0,de,4
kosovarische Polizei,kosovarische Polizei,ORG,0.25,0.0,de,4
SS,SS,ORG,0.0,0.0,,4
Atomprogramms,Atomprogramms,ORG,0.175,0.25,de,4
Nachbarn Russland,Nachbarn Russland,ORG,0.75,0.0,de,4
Washington +++,Washington +++,ORG,-0.25,0.0,de,4
EU“,EU“,ORG,0.0,0.0,de,4
Schweiz +++,Schweiz +++,ORG,0.175,0.0,de,4
WFP,WFP,ORG,0.35,0.0,de,4
EPG,EPG,ORG,-0.175,0.0,de,4
GLOBE NEWSWIRE,GLOBE NEWSWIRE,ORG,0.0,0.0,de,4
+++Mehr,+++Mehr,ORG,0.0,0.5,de,4
Deutsche Klima-Allianz,Deutsche Klima-Allianz,ORG,-0.3,0.0,de,4
Arbeitsmarkt!,Arbeitsmarkt!,ORG,0.0,0.75,de,4
EU-Förderbank,EU-Förderbank,ORG,0.175,0.25,de,4
US-Militäreinsatzes,US-Militäreinsatzes,ORG,0.175,0.0,de,4
Erdogan,Erdogan,ORG,0.175,0.0,de,4
Klimaschu…,Klimaschu…,ORG,-0.6,0.0,de,4
New York Post,New York Post,ORG,0.175,0.0,de,4
Gefilde!,Gefilde!,ORG,0.7,0.0,de,4
KI-Forschung,KI-Forschung,ORG,0.0,0.0,de,4
Fico,Fico,ORG,-0.25,0.0,de,4
Ökostrom-Finanzierung,Ökostrom-Finanzierung,ORG,0.0,0.0,de,4
VfB Oldenburg,VfB Oldenburg,ORG,-0.25,0.0,de,4
Brüssel +++,Brüssel +++,ORG,-0.08333333333333333,0.0,de,4
Charkiw +++ Ukraine,Charkiw +++ Ukraine,ORG,0.0,0.0,de,4
BR Volleys,BR Volleys,ORG,0.0,0.0,de,4
FH Salzburg,FH Salzburg,ORG,0.5,0.0,de,4
TV-Rechte,TV-Rechte,ORG,0.0,0.0,de,4
US-Einsatzes,US-Einsatzes,ORG,-0.175,0.0,de,4
Ukraine +++ Trump,Ukraine +++ Trump,ORG,0.36250000000000004,0.0,de,4
Kreisverbandes Tempelhof-Schöneberg,Kreisverbandes Tempelhof-Schöneberg,ORG,-0.25,0.0,de,4
Berufu…,Berufu…,ORG,0.0,0.0,de,4
Voice of Europe,Voice of Europe,ORG,0.175,0.0,de,4
Nationalen Waffenregister,Nationalen Waffenregister,ORG,0.0,0.0,de,4
etw…,etw…,ORG,0.0,0.0,de,4
US-Schuldenstreit,US-Schuldenstreit,ORG,0.175,0.0,de,4
US-Hilfspaket,US-Hilfspaket,ORG,0.0,0.0,de,4
Darknet,Darknet,ORG,0.175,0.0,de,4
Angr…,Angr…,ORG,0.0,0.0,de,4
IOC-Präsidentin!,IOC-Präsidentin!,ORG,0.0,0.0,de,4
EU-Spitzen,EU-Spitzen,ORG,-0.5249999999999999,0.0,de,4
Nord-Stream-Explosionen,Nord-Stream-Explosionen,ORG,0.0,0.0,de,4
System,System,ORG,0.0,0.25,de,4
Umweltschutz,Umweltschutz,ORG,0.35,0.0,de,4
Bafin,Bafin,ORG,-0.175,0.0,de,4
VfL Bochum,VfL Bochum,ORG,-0.5249999999999999,0.0,de,4
Finanz,Finanz,ORG,0.25,0.0,de,4
EU-Klimapolitik,EU-Klimapolitik,ORG,0.0,0.0,de,4
Europäischen Parlament,Europäischen Parlament,ORG,0.0,0.0,de,4
Habeck,Habeck,ORG,0.175,0.0,de,4
Verdi,Verdi,ORG,0.175,0.0,de,4
Gaslieferanten,Gaslieferanten,ORG,0.35,0.0,de,4
NTV grad,NTV grad,ORG,0.0,0.75,de,4
FOCU,FOCU,ORG,0.25,0.0,de,4
Einspruch,Einspruch,ORG,-0.175,0.25,de,4
Nissan,Nissan,ORG,0.0875,0.0,de,4
te…,te…,ORG,0.25,0.0,de,4
russisch-orthodoxe Kirche,russisch-orthodoxe Kirche,ORG,-0.25,0.0,de,4
Drohnenangriff +++,Drohnenangriff +++,ORG,-0.30833333333333335,0.0,de,4
Zeitplan +++,Zeitplan +++,ORG,0.04999999999999999,0.125,de,4
deutsche Meister,deutsche Meister,ORG,0.0,0.0,de,4
US-Verfassung,US-Verfassung,ORG,0.0,0.0,de,4
Freies Russland,Freies Russland,ORG,0.0,0.0,de,4
US-Diplomat,US-Diplomat,ORG,-0.3,0.0,de,4
Verf…,Verf…,ORG,0.0,0.0,de,4
Green Deal,Green Deal,ORG,0.0,0.0,de,4
Gaza +++,Gaza +++,ORG,0.26249999999999996,0.125,de,4
Ukrainska Pravda,Ukrainska Pravda,ORG,0.0,0.0,de,4
US-Führung,US-Führung,ORG,0.0,0.0,de,4
Club of Rome,Club of Rome,ORG,0.0,0.0,de,4
US-Umweltbehörde,US-Umweltbehörde,ORG,0.0,0.0,de,4
US-Militäreinsatz,US-Militäreinsatz,ORG,0.175,0.0,de,4
Liverpool,Liverpool,ORG,-0.175,0.0,de,4
EU-Atombombe,EU-Atombombe,ORG,0.0,0.0,de,4
Wirtsc…,Wirtsc…,ORG,0.25,0.0,de,4
Söldner-Gruppe,Söldner-Gruppe,ORG,-0.425,0.0,de,4
US-Vertreter,US-Vertreter,ORG,0.175,0.0,de,4
US-Angaben,US-Angaben,ORG,0.0,0.25,de,4
Tablet,Tablet,ORG,0.5249999999999999,0.0,de,4
Deutsche Fußball Liga,Deutsche Fußball Liga,ORG,0.0875,0.0,de,4
Rom +++,Rom +++,ORG,0.425,0.0,de,4
UN-Verwaltung,UN-Verwaltung,ORG,0.0,0.0,de,4
AS Rom,AS Rom,ORG,0.175,0.0,de,4
IRGC,IRGC,ORG,-0.75,0.0,de,4
Irans Revolutionsgarde,Irans Revolutionsgarde,ORG,-0.25,0.0,de,4
Tagesspiegel,Tagesspiegel,ORG,-0.175,0.0,de,4
Exxon Mobil,Exxon Mobil,ORG,0.0,0.0,de,4
gege…,gege…,ORG,-0.25,0.0,de,4
Sumy +++,Sumy +++,ORG,-0.11250000000000002,0.0,de,4
HC Erlangen,HC Erlangen,ORG,-1.0,0.0,de,4
Irans Militär,Irans Militär,ORG,0.0,0.0,de,4
Infineon,Infineon,ORG,0.175,0.0,de,4
McLaren,McLaren,ORG,0.175,0.0,de,4
Deutschen Presse-Agent…,Deutschen Presse-Agent…,ORG,0.35,0.0,de,4
Serbiens Armee,Serbiens Armee,ORG,0.35,0.0,de,4
Bed…,Bed…,ORG,0.0,0.0,de,4
Freitag …,Freitag …,ORG,-0.175,0.0,de,4
Marine Le Pen,Marine Le Pen,ORG,-0.175,0.0,de,4
nä…,nä…,ORG,0.0,0.0,de,4
Irankrieg +++,Irankrieg +++,ORG,0.04999999999999996,0.0,de,4
französische Marine,französische Marine,ORG,0.0,0.25,de,4
Internationalen Gerichtshofs,Internationalen Gerichtshofs,ORG,-0.175,0.0,de,4
Atomanlage Natanz,Atomanlage Natanz,ORG,0.0,0.0,de,4
KNDS,KNDS,ORG,0.0,0.0,de,4
Epstein-Akten,Epstein-Akten,ORG,0.0,0.0,de,4
Ramadan,Ramadan,ORG,0.22499999999999998,0.0,de,4
ukrainische Präsid…,ukrainische Präsid…,ORG,0.0,0.0,de,4
Schweizer Großbank,Schweizer Großbank,ORG,0.0,0.0,de,4
US-Anleger,US-Anleger,ORG,-0.175,0.0,de,4
Rumänien,Rumänien,ORG,0.25,0.0,de,4
Pl…,Pl…,ORG,0.175,0.0,de,4
Defensive +++ Russland,Defensive +++ Russland,ORG,-0.13333333333333333,0.0,de,4
Juventus Turin,Juventus Turin,ORG,-0.35,0.0,de,4
E-Fuels,E-Fuels,ORG,-0.2125,0.0,de,4
Labour-Partei,Labour-Partei,ORG,0.175,0.0,de,4
Ang…,Ang…,ORG,-0.175,0.0,de,4
Gießen,Gießen,ORG,0.175,0.0,de,4
Mojib Latif,Mojib Latif,ORG,0.5,0.0,de,4
UN-Versammlung,UN-Versammlung,ORG,0.175,0.0,de,4
ZDF-Talkshow,ZDF-Talkshow,ORG,0.0375,0.0,de,4
RTX,RTX,ORG,0.0,0.0,de,4
ICC,ICC,ORG,0.25,0.0,de,4
EU-Strafe,EU-Strafe,ORG,-0.925,0.0,de,4
SPIEF,SPIEF,ORG,-0.175,0.0,de,4
Deutschen Buchhandels,Deutschen Buchhandels,ORG,0.07500000000000001,0.0,de,4
Krim +++ Putin,Krim +++ Putin,ORG,0.25,0.0,de,4
Putins Waffenruhe,Putins Waffenruhe,ORG,-0.1875,0.125,de,4
Israel +++ Russland,Israel +++ Russland,ORG,0.7749999999999999,0.0,de,4
Ecoflow,Ecoflow,ORG,0.6,0.0,de,4
Essen,Essen,ORG,-0.07500000000000001,0.0,de,4
US-Rohstoffdeal,US-Rohstoffdeal,ORG,0.0,0.5,de,4
SV Werder Bremen,SV Werder Bremen,ORG,0.0,0.0,de,4
Aston Villa,Aston Villa,ORG,0.07500000000000001,0.0,de,4
Goldman Sachs,Goldman Sachs,ORG,0.0,0.0,de,4
Electronic Arts,Electronic Arts,ORG,0.35,0.0,de,4
Internationalen Strafgerichtshofes,Internationalen Strafgerichtshofes,ORG,0.0,0.0,de,4
HVV,HVV,ORG,0.0,0.0,de,4
Europäischen Rat,Europäischen Rat,ORG,0.0,0.0,de,4
Air Force One,Air Force One,ORG,0.175,0.0,de,4
Russische Polizei,Russische Polizei,ORG,0.0,0.0,de,4
Organisation für das Verbot chemischer Waffen,Organisation für das Verbot chemischer Waffen,ORG,0.0,0.0,de,4
SanDisk,SanDisk,ORG,0.0,0.0,de,4
Taurus,Taurus,ORG,0.0,0.0,de,4
Adidas,Adidas,ORG,0.25,0.0,de,4
Sipa USA,Sipa USA,ORG,0.0,0.0,de,4
Bundesverband der Verbraucherzentralen,Bundesverband der Verbraucherzentralen,ORG,0.2875,0.0,de,4
Nagornyj Karabach,Nagornyj Karabach,ORG,0.25,0.0,de,4
Bundle,Bundle,ORG,0.425,0.075,de,4
IRA,IRA,ORG,-0.5,0.0,de,4
Kachowka-Staudamm,Kachowka-Staudamm,ORG,-0.0875,0.125,de,4
na…,na…,ORG,-0.35,0.0,de,4
USAID,USAID,ORG,-0.25,0.0,de,4
TU München,TU München,ORG,-0.875,0.125,de,4
Liveticker Iran & Israel,Liveticker Iran & Israel,ORG,-0.25,0.0,de,4
Zusicherungen,Zusicherungen,ORG,0.0,0.0,de,4
Huthi-Miliz,Huthi-Miliz,ORG,0.0,0.0,de,4
DW-Interview,DW-Interview,ORG,0.0,0.0,de,4
Berlin…,Berlin…,ORG,0.0,0.25,de,4
Beitra…,Beitra…,ORG,0.3375,0.125,de,4
Russlands Streitkräfte,Russlands Streitkräfte,ORG,0.425,0.0,de,4
SVB,SVB,ORG,-0.4833333333333333,0.0,de,4
+++McLaren-Fahrer,+++McLaren-Fahrer,ORG,0.0,0.0,de,4
europäischen Strommarktes,europäischen Strommarktes,ORG,0.0,0.0,de,4
SSG,SSG,ORG,0.0,0.0,de,4
ha…,ha…,ORG,-0.025000000000000005,0.08333333333333333,de,4
iranischen Regimes,iranischen Regimes,ORG,0.25,0.0,de,4
Sport1,Sport1,ORG,0.0,0.0,de,4
lnw,lnw,ORG,-0.07500000000000001,0.0,de,4
Löwen Frankfurt,Löwen Frankfurt,ORG,0.0,0.0,de,4
Getreideabkommen +++ Ukraine,Getreideabkommen +++ Ukraine,ORG,-0.425,0.0,de,4
RCH,RCH,ORG,0.25,0.25,de,4
deutsche Demokratie,deutsche Demokratie,ORG,0.5,0.0,de,4
+++Dschungel-Aus,+++Dschungel-Aus,ORG,0.0,0.0,de,4
UN-Umweltprogramms,UN-Umweltprogramms,ORG,0.0,0.0,de,4
EZB-Chefin,EZB-Chefin,ORG,0.425,0.0,de,4
Fintech,Fintech,ORG,-0.425,0.0,de,4
stern-Newsblog,stern-Newsblog,ORG,0.0,0.0,de,4
US-Invasion,US-Invasion,ORG,0.0,0.0,de,4
türkischen Zentralbank,türkischen Zentralbank,ORG,0.25,0.0,de,4
Deutscher Bank,Deutscher Bank,ORG,0.0,0.0,de,4
Europaweite Beschwerden,Europaweite Beschwerden,ORG,0.0,0.0,de,4
Uli Hauck,Uli Hauck,ORG,0.0,0.0,de,4
WE…,WE…,ORG,0.2749999999999999,0.0,de,4
US-Drohne,US-Drohne,ORG,0.175,0.0,de,4
+++ EU,+++ EU,ORG,0.0875,0.0,de,4
Holzpellets,Holzpellets,ORG,0.0,0.0,de,4
Weltorganisation für Meteorologie,Weltorganisation für Meteorologie,ORG,0.5,0.0,de,4
ARD-Talk,ARD-Talk,ORG,-0.175,0.0,de,4
SZ-Wirtschaftsgipfel,SZ-Wirtschaftsgipfel,ORG,0.175,0.25,de,4
Redaktionsnetzwerk Deutschland,Redaktionsnetzwerk Deutschland,ORG,0.0,0.0,de,4
republikanische Partei,republikanische Partei,ORG,0.25,0.0,de,4
Ukraine +++ Russland,Ukraine +++ Russland,ORG,-0.07500000000000001,0.0,de,4
Wiener Polizei,Wiener Polizei,ORG,-0.175,0.0,de,4
russischen Zentralbank,russischen Zentralbank,ORG,0.0,0.0,de,4
CSU-Abgeordneten,CSU-Abgeordneten,ORG,-0.25,0.0,de,4
++ NATO,++ NATO,ORG,-0.125,0.0,de,4
Freitag…,Freitag…,ORG,0.0,0.0,de,4
Hans-Böckler-Stiftung,Hans-Böckler-Stiftung,ORG,-0.037500000000000006,0.0,de,4
Russlands Luftwaffe,Russlands Luftwaffe,ORG,0.0,0.0,de,4
Kie…,Kie…,ORG,0.5,0.0,de,4
R…,R…,ORG,0.0,0.0,de,4
CSD-Angriff,CSD-Angriff,ORG,0.0,0.25,de,4
EU-Haushalt,EU-Haushalt,ORG,-0.07500000000000001,0.0,de,4
Kyiv Independent,Kyiv Independent,ORG,-0.25,0.0,de,4
Kiew +++ London,Kiew +++ London,ORG,0.0,0.25,de,4
Ex…,Ex…,ORG,0.0,0.0,de,4
UN-Konferenz,UN-Konferenz,ORG,0.0,0.0,de,4
Ene…,Ene…,ORG,-0.25,0.0,de,4
Kanada,Kanada,ORG,-0.2875,0.0,de,4
Luftabwehr +++,Luftabwehr +++,ORG,0.0,0.25,de,4
Preisbremsen für Strom und Gas,Preisbremsen für Strom und Gas,ORG,-0.35,0.25,de,4
deutschen Atomkraftwerke,deutschen Atomkraftwerke,ORG,0.0,0.0,de,4
Stuttgart,Stuttgart,ORG,0.0,0.0,de,4
US-Militärkommando,US-Militärkommando,ORG,0.0,0.0,de,4
US-Thinktank,US-Thinktank,ORG,-0.175,0.0,de,4
britischen Marine,britischen Marine,ORG,-0.5,0.0,de,4
US-Angriffsserie,US-Angriffsserie,ORG,0.0,0.2,de,4
Liveb…,Liveb…,ORG,-0.175,0.0,de,4
KSE,KSE,ORG,-0.175,0.0,de,4
London,London,ORG,0.0,0.0,de,4
Bayer,Bayer,ORG,0.25,0.0,de,4
Luhansk +++,Luhansk +++,ORG,-0.325,0.0,de,4
G-20-Gipfels,G-20-Gipfels,ORG,0.0,0.0,de,4
Deutschlandticket,Deutschlandticket,ORG,-0.25,0.0,de,4
kr…,kr…,ORG,-0.25,0.25,de,4
Potsdam-Institut für Klimafolgenforschung,Potsdam-Institut für Klimafolgenforschung,ORG,0.175,0.0,de,4
Katholische Kirche,Katholische Kirche,ORG,0.25,0.0,de,4
US-…,US-…,ORG,0.0,0.0,de,4
Wirtscha…,Wirtscha…,ORG,0.08333333333333333,0.0,de,4
Deutsche Atomkraftwerke,Deutsche Atomkraftwerke,ORG,0.0,0.0,de,4
FDP-Bundestagsfraktion,FDP-Bundestagsfraktion,ORG,-0.25,0.0,de,4
Kiew +++ Neuigkeiten,Kiew +++ Neuigkeiten,ORG,-0.675,0.0,de,4
US-Zwischenwahlen,US-Zwischenwahlen,ORG,-0.0875,0.125,de,4
Ukraine-Hilfen +++,Ukraine-Hilfen +++,ORG,0.09999999999999998,0.0,de,4
EU Fortschritte,EU Fortschritte,ORG,0.0,0.0,de,4
US-Vermittler,US-Vermittler,ORG,0.0,0.5,de,4
US-Wahlen,US-Wahlen,ORG,0.033333333333333326,0.0,de,4
Tie…,Tie…,ORG,-0.25,0.0,de,4
Chemiebranche,Chemiebranche,ORG,0.35,0.25,de,4
SONNTAG,SONNTAG,ORG,0.0,0.0,de,4
LSB,LSB,ORG,0.0,0.0,de,4
Landessportbund,Landessportbund,ORG,0.0,0.0,de,4
DZ Bank,DZ Bank,ORG,0.25,0.0,de,4
Ökopartei,Ökopartei,ORG,0.0,0.0,de,4
Sefe,Sefe,ORG,0.0,0.0,de,4
Niedersachsen-Wahl,Niedersachsen-Wahl,ORG,0.0,0.0,de,4
US-Justiz,US-Justiz,ORG,0.175,0.0,de,4
RIA,RIA,ORG,-0.25,0.0,de,4
EU-Energiepolitik,EU-Energiepolitik,ORG,-0.175,0.0,de,4
WKN,WKN,ORG,0.0,0.0,de,4
Ukrainer…,Ukrainer…,ORG,0.25,0.0,de,4
Ste…,Ste…,ORG,-0.17499999999999996,0.0,de,4
MG,MG,ORG,0.08333333333333333,0.6666666666666666,de,4
IMAGO/ZUMA Press Wire,IMAGO/ZUMA Press Wire,ORG,0.0,0.0,de,4
evangelische Kirche,evangelische Kirche,ORG,-0.30833333333333335,0.5,de,4
Kommunisten,Kommunisten,ORG,0.0,0.0,de,4
Gas +++,Gas +++,ORG,0.2125,0.0,de,4
EU Russland,EU Russland,ORG,-0.75,0.0,de,4
Wl…,Wl…,ORG,-0.25,0.0,de,4
Stichtag 1,Stichtag 1,ORG,0.0,0.0,de,4
UKRAINE,UKRAINE,ORG,0.425,0.0,de,4
kom…,kom…,ORG,0.5249999999999999,0.0,de,4
Insiders,Insiders,ORG,0.4666666666666666,0.0,de,3
Ocean Viking,Ocean Viking,ORG,-0.6666666666666666,0.0,de,3
Spionage,Spionage,ORG,0.6666666666666666,0.0,de,3
Deutsche Gesellschaft für Osteuropakunde,Deutsche Gesellschaft für Osteuropakunde,ORG,0.0,0.0,de,3
Kreminna,Kreminna,ORG,0.0,0.0,,3
Qatar Airways,Qatar Airways,ORG,0.4666666666666666,0.0,de,3
Besa…,Besa…,ORG,0.0,0.0,de,3
SPD-nahe Friedrich-Ebert-Stiftung,SPD-nahe Friedrich-Ebert-Stiftung,ORG,0.0,0.0,de,3
Prognose,Prognose,ORG,0.0,0.0,de,3
Robotaxi,Robotaxi,ORG,0.0,0.6666666666666666,de,3
GdP,GdP,ORG,0.0,0.3333333333333333,de,3
Terrormiliz IS,Terrormiliz IS,ORG,0.0,0.0,de,3
PBS,PBS,ORG,0.0,0.0,de,3
serbische Armee,serbische Armee,ORG,0.4666666666666666,0.0,de,3
US-Ökonom,US-Ökonom,ORG,0.05000000000000001,0.0,de,3
Süddeutscher Zeitung,Süddeutscher Zeitung,ORG,0.0,0.3333333333333333,de,3
schwedische Regierung,schwedische Regierung,ORG,0.0,0.0,de,3
EU-Finanzminister,EU-Finanzminister,ORG,0.2333333333333333,0.0,de,3
Präsi…,Präsi…,ORG,0.0,0.0,de,3
Knesset,Knesset,ORG,0.3333333333333333,0.0,de,3
Autozulieferers ZF,Autozulieferers ZF,ORG,0.2333333333333333,0.0,de,3
US-Geldpolitik,US-Geldpolitik,ORG,0.0,0.0,de,3
Impor…,Impor…,ORG,0.18888888888888888,0.0,de,3
Instituts für Weltwirtschaft,Instituts für Weltwirtschaft,ORG,-0.23333333333333328,0.0,de,3
Hertie School,Hertie School,ORG,0.2333333333333333,0.0,de,3
LobbyControl,LobbyControl,ORG,-0.10000000000000002,0.0,de,3
Vattenfall Wärme Berlin,Vattenfall Wärme Berlin,ORG,0.0,0.0,de,3
BSW-Austritt,BSW-Austritt,ORG,0.0,0.0,de,3
ICAP,ICAP,ORG,0.0,0.0,de,3
Outbank,Outbank,ORG,0.0,0.0,de,3
Pax Europa,Pax Europa,ORG,0.0,0.0,de,3
UN-Organisation für Migration,UN-Organisation für Migration,ORG,-0.4666666666666666,0.0,de,3
Russische Truppen,Russische Truppen,ORG,0.0,0.0,de,3
Siche…,Siche…,ORG,0.0,0.0,de,3
Hindenburg Research,Hindenburg Research,ORG,0.0,0.0,de,3
UBA,UBA,ORG,0.2333333333333333,0.0,de,3
AKW-Pläne,AKW-Pläne,ORG,0.3333333333333333,0.0,de,3
Miami Dolphins,Miami Dolphins,ORG,-0.4666666666666666,0.0,de,3
Nord Stream AG,Nord Stream AG,ORG,0.0,0.0,de,3
Rote Armee,Rote Armee,ORG,0.3333333333333333,0.0,de,3
Finanzministeriums,Finanzministeriums,ORG,-0.3333333333333333,0.0,de,3
F.A.Z.-Frühdenker,F.A.Z.-Frühdenker,ORG,0.2333333333333333,0.0,de,3
Sachversicherer,Sachversicherer,ORG,0.5666666666666667,0.0,de,3
E-Scootern,E-Scootern,ORG,-0.3333333333333333,0.0,de,3
Telegr…,Telegr…,ORG,0.0,0.0,de,3
po…,po…,ORG,0.0,0.0,de,3
Sü…,Sü…,ORG,0.0,0.0,de,3
Stiftung Wissenschaft und Politik,Stiftung Wissenschaft und Politik,ORG,0.0,0.3333333333333333,de,3
u…,u…,ORG,0.2333333333333333,0.0,de,3
US-Bevölkerung,US-Bevölkerung,ORG,0.2333333333333333,0.0,de,3
Amyl and the Sniffers,Amyl and the Sniffers,ORG,0.2333333333333333,0.6666666666666666,de,3
VW-Club,VW-Club,ORG,0.0,0.6666666666666666,de,3
Ukraine-News ++ Selenskyj,Ukraine-News ++ Selenskyj,ORG,-0.4666666666666666,0.0,de,3
Friedensgespräche +++,Friedensgespräche +++,ORG,0.0,0.0,de,3
US-Hochschule,US-Hochschule,ORG,0.0,0.0,de,3
Pro & Contra,Pro & Contra,ORG,0.0,0.0,de,3
Zentrum Bachmuts,Zentrum Bachmuts,ORG,-0.6999999999999998,0.0,de,3
EU-Botschafter,EU-Botschafter,ORG,0.0,0.0,de,3
Deutsches Institut für Wirtschaftsforschung,Deutsches Institut für Wirtschaftsforschung,ORG,-0.6666666666666666,0.0,de,3
Aufstiegsfavorit,Aufstiegsfavorit,ORG,0.2333333333333333,0.0,de,3
ABC,ABC,ORG,-0.3333333333333333,0.0,de,3
KIT,KIT,ORG,-0.3333333333333333,0.0,de,3
Northeast Asia Finance Conference,Northeast Asia Finance Conference,ORG,0.0,0.0,de,3
Neue Zürcher Zeitung,Neue Zürcher Zeitung,ORG,0.0,0.0,de,3
IOC-Präsident,IOC-Präsident,ORG,0.3333333333333333,0.0,de,3
RBB Kultur,RBB Kultur,ORG,0.0,0.0,de,3
Radio Österreich 1,Radio Österreich 1,ORG,0.0,0.0,de,3
Bundesamt für Verfassungsschutz,Bundesamt für Verfassungsschutz,ORG,-0.2833333333333333,0.0,de,3
EU-Minister,EU-Minister,ORG,0.0,0.0,de,3
Aral pulse,Aral pulse,ORG,0.0,0.0,de,3
+++ Frankreich,+++ Frankreich,ORG,-0.2333333333333333,0.0,de,3
NATO-Manöver,NATO-Manöver,ORG,0.12222222222222222,0.0,de,3
Abrüstungsvertrag,Abrüstungsvertrag,ORG,0.0,0.0,de,3
Deutschen Instituts für Wirtschaftsforschung,Deutschen Instituts für Wirtschaftsforschung,ORG,-0.05000000000000001,0.0,de,3
US-Hardliner,US-Hardliner,ORG,-0.6999999999999998,0.0,de,3
Nord-Stream-Sabotage,Nord-Stream-Sabotage,ORG,0.0,0.0,de,3
Liveblog Russlands Verteidigungsministerium,Liveblog Russlands Verteidigungsministerium,ORG,-0.6666666666666666,0.0,de,3
CMF,CMF,ORG,0.0,0.0,de,3
Europäischen Investitionsbank,Europäischen Investitionsbank,ORG,0.3333333333333333,0.0,de,3
aktuellesten News,aktuellesten News,ORG,0.0,0.0,de,3
Russland +++ Neuigkeiten,Russland +++ Neuigkeiten,ORG,-0.08333333333333333,0.6666666666666666,de,3
gr…,gr…,ORG,0.0,0.0,de,3
Weight Watchers,Weight Watchers,ORG,-0.6666666666666666,0.0,de,3
EU-Abstimmung,EU-Abstimmung,ORG,-0.05000000000000001,0.0,de,3
Stre…,Stre…,ORG,0.0,0.3333333333333333,de,3
öffentlic…,öffentlic…,ORG,0.0,0.0,de,3
EU-Verordnung,EU-Verordnung,ORG,0.9,0.0,de,3
evangelischen Kirche,evangelischen Kirche,ORG,0.0,0.3333333333333333,de,3
Polit…,Polit…,ORG,0.0,0.0,de,3
Berli…,Berli…,ORG,0.3333333333333333,0.0,de,3
Ke…,Ke…,ORG,0.0,0.0,de,3
Wagenknecht-Ex,Wagenknecht-Ex,ORG,0.0,0.0,de,3
Inflat…,Inflat…,ORG,0.0,0.0,de,3
Maccabi Tel Aviv,Maccabi Tel Aviv,ORG,-0.2333333333333333,0.0,de,3
Russisches Belgorod,Russisches Belgorod,ORG,0.0,0.0,de,3
Nationale Wetterdienst,Nationale Wetterdienst,ORG,-0.7999999999999999,0.0,de,3
Aggressionskrieg…,Aggressionskrieg…,ORG,0.0,0.6666666666666666,de,3
EU-Klimadienst,EU-Klimadienst,ORG,0.0,0.0,de,3
Haitis Regierung,Haitis Regierung,ORG,-0.2333333333333333,0.0,de,3
CDU-Bundestagsabgeordneten,CDU-Bundestagsabgeordneten,ORG,0.2333333333333333,0.0,de,3
ke…,ke…,ORG,0.2333333333333333,0.0,de,3
White Tiger-Netzwerk,White Tiger-Netzwerk,ORG,0.0,0.0,de,3
tado°,tado°,ORG,-0.4333333333333333,0.0,de,3
Kreml Ärzte,Kreml Ärzte,ORG,0.0,0.0,de,3
demokratische US-Präsidentschaftskandidatin,demokratische US-Präsidentschaftskandidatin,ORG,0.6999999999999998,0.0,de,3
F-18-Kampfflugzeugen +++ London,F-18-Kampfflugzeugen +++ London,ORG,-0.2333333333333333,0.0,de,3
US-Regierungsvertretern,US-Regierungsvertretern,ORG,-0.26666666666666666,0.16666666666666666,de,3
ungarische Regierung,ungarische Regierung,ORG,0.4666666666666666,0.0,de,3
Vere…,Vere…,ORG,0.16666666666666666,0.0,de,3
Moskau +++ Ermittler,Moskau +++ Ermittler,ORG,-0.6999999999999998,0.0,de,3
Monta…,Monta…,ORG,-0.2333333333333333,0.0,de,3
Kanzleramt,Kanzleramt,ORG,0.0,0.0,de,3
Krim-Verteidigung,Krim-Verteidigung,ORG,0.2333333333333333,0.0,de,3
Ficos,Ficos,ORG,0.0,0.0,de,3
Initiative Fridays for Future,Initiative Fridays for Future,ORG,0.3666666666666667,0.1111111111111111,de,3
T…,T…,ORG,0.3333333333333333,0.0,de,3
Bere…,Bere…,ORG,0.0,0.0,de,3
Universität Hamburg,Universität Hamburg,ORG,0.0,0.0,de,3
Jungen Union,Jungen Union,ORG,0.0,0.0,de,3
Reich,Reich,ORG,0.6999999999999998,0.0,de,3
Bundesverband der Deutschen Heizungsindustrie,Bundesverband der Deutschen Heizungsindustrie,ORG,0.0,0.0,de,3
Weimer,Weimer,ORG,-0.2333333333333333,0.0,de,3
EU-Landes,EU-Landes,ORG,0.0,0.0,de,3
Kreml-Partei Geeintes Russland,Kreml-Partei Geeintes Russland,ORG,0.6666666666666666,0.0,de,3
Ukrainische Orthodoxe Kirche,Ukrainische Orthodoxe Kirche,ORG,-0.3333333333333333,0.0,de,3
Peking,Peking,ORG,-0.3333333333333333,0.0,de,3
TV-Sender,TV-Sender,ORG,0.3333333333333333,0.0,de,3
SSC,SSC,ORG,0.0,0.0,de,3
London +++,London +++,ORG,-0.6666666666666666,0.0,de,3
Den Grünen,Den Grünen,ORG,0.0,0.6,de,3
Nationalbank,Nationalbank,ORG,0.0,0.0,de,3
Polens,Polens,ORG,-0.05000000000000001,0.0,de,3
europäische Wirtschaft,europäische Wirtschaft,ORG,-0.43333333333333335,0.0,de,3
SPD-Landesverband,SPD-Landesverband,ORG,0.3333333333333333,0.0,de,3
G-20-Staaten,G-20-Staaten,ORG,-0.0666666666666667,0.0,de,3
NNA,NNA,ORG,-0.3333333333333333,0.0,de,3
New-Start-Vertrag,New-Start-Vertrag,ORG,0.0,0.3333333333333333,de,3
Zeit +++,Zeit +++,ORG,0.04444444444444443,0.3333333333333333,de,3
Atmokraftwerk Kursk +++,Atmokraftwerk Kursk +++,ORG,-0.1111111111111111,0.0,de,3
besc…,besc…,ORG,0.0,0.0,de,3
OC Oerlikon,OC Oerlikon,ORG,0.0,0.0,de,3
Bundesligist Union,Bundesligist Union,ORG,-0.2333333333333333,0.0,de,3
Mi…,Mi…,ORG,0.2333333333333333,0.0,de,3
News…,News…,ORG,0.0,0.0,de,3
BWL,BWL,ORG,0.2333333333333333,0.0,de,3
Bank von England,Bank von England,ORG,0.2333333333333333,0.0,de,3
Bio-Supermarktkette Basic,Bio-Supermarktkette Basic,ORG,0.0,0.0,de,3
Partisanengruppe Atesh,Partisanengruppe Atesh,ORG,-0.6666666666666666,0.0,de,3
DEL,DEL,ORG,-0.3333333333333333,0.0,de,3
Dnipro +++,Dnipro +++,ORG,0.0,0.0,de,3
Selensk…,Selensk…,ORG,-0.3333333333333333,0.0,de,3
Deutschen Roten Kreuzes,Deutschen Roten Kreuzes,ORG,0.0,0.0,de,3
Fr…,Fr…,ORG,0.0,0.0,de,3
Polizei mi…,Polizei mi…,ORG,-0.3333333333333333,0.0,de,3
CARBIOS,CARBIOS,ORG,0.4666666666666666,0.0,de,3
Pulitzer-Preise,Pulitzer-Preise,ORG,0.5666666666666667,0.0,de,3
US-Medienberichte,US-Medienberichte,ORG,0.0,0.0,de,3
Global Wealth,Global Wealth,ORG,0.0,0.0,de,3
Mittwo…,Mittwo…,ORG,0.0,0.0,de,3
Grenzregion,Grenzregion,ORG,-0.2333333333333333,0.0,de,3
Patriot-Flugabwehr,Patriot-Flugabwehr,ORG,0.0,0.0,de,3
UN-Generalversammlung,UN-Generalversammlung,ORG,0.0,0.3333333333333333,de,3
Ostseepipelines Nord Stream 1,Ostseepipelines Nord Stream 1,ORG,-0.3333333333333333,0.0,de,3
Lettland,Lettland,ORG,-0.42777777777777776,0.0,de,3
Begin…,Begin…,ORG,0.0,0.0,de,3
Deutsche Börse,Deutsche Börse,ORG,0.0,0.0,de,3
Ukraine-Beitritt,Ukraine-Beitritt,ORG,0.0,0.0,de,3
O…,O…,ORG,-0.3333333333333333,0.0,de,3
Mili…,Mili…,ORG,0.0,0.0,de,3
Leopard-1-Panzer,Leopard-1-Panzer,ORG,0.0,0.0,de,3
McLaren-Pilot,McLaren-Pilot,ORG,0.0,0.0,de,3
RP,RP,ORG,0.0,0.0,de,3
AVM Fritz!,AVM Fritz!,ORG,0.7200000000000001,0.0,de,3
Mercosur,Mercosur,ORG,0.3333333333333333,0.0,de,3
Orbans Regierung,Orbans Regierung,ORG,0.0,0.0,de,3
kicker-Informationen,kicker-Informationen,ORG,0.1111111111111111,0.0,de,3
Messern,Messern,ORG,0.2333333333333333,0.0,de,3
US-Präsi,US-Präsi,ORG,0.0,0.0,de,3
Golem Karrierewelt,Golem Karrierewelt,ORG,0.6999999999999998,0.0,de,3
Drohnenangriffe,Drohnenangriffe,ORG,0.11666666666666664,0.0,de,3
Kursk-Offensive +++,Kursk-Offensive +++,ORG,-0.2833333333333333,0.0,de,3
Autobombenanschlag,Autobombenanschlag,ORG,-1.0,0.0,de,3
gießen,gießen,ORG,0.2333333333333333,0.0,de,3
FDP-Mann,FDP-Mann,ORG,0.07777777777777777,0.0,de,3
Fritzbox,Fritzbox,ORG,0.75,0.0,de,3
Staatsanwalts…,Staatsanwalts…,ORG,0.0,0.0,de,3
BBL,BBL,ORG,-0.3333333333333333,0.0,de,3
Bodenfrost,Bodenfrost,ORG,0.10000000000000002,0.0,de,3
Besc…,Besc…,ORG,0.2333333333333333,0.0,de,3
MT Melsungen,MT Melsungen,ORG,0.0,0.0,de,3
US-Haushalte,US-Haushalte,ORG,-0.3333333333333333,0.3333333333333333,de,3
UPA,UPA,ORG,0.11666666666666665,0.16666666666666666,de,3
Gewerkschaft Nahrung-Genuss-Gaststätten,Gewerkschaft Nahrung-Genuss-Gaststätten,ORG,0.0,0.0,de,3
NS-Zeit,NS-Zeit,ORG,-0.2333333333333333,0.0,de,3
Moskau Europa,Moskau Europa,ORG,0.0,0.0,de,3
Großbritanniens Regierung,Großbritanniens Regierung,ORG,0.0,0.0,de,3
amerikanischen Denkfabrik Institute for the Study of War,amerikanischen Denkfabrik Institute for the Study of War,ORG,-0.5166666666666666,0.0,de,3
Spahn,Spahn,ORG,-0.2333333333333333,0.16666666666666666,de,3
SK Hynix,SK Hynix,ORG,-0.4666666666666666,0.0,de,3
Strand,Strand,ORG,-0.4666666666666666,0.0,de,3
EU-Kolumne,EU-Kolumne,ORG,0.0,0.0,de,3
G7-Gipfel,G7-Gipfel,ORG,-0.3833333333333333,0.0,de,3
KI-Chef,KI-Chef,ORG,-0.6999999999999998,0.0,de,3
Sprengstoff-Fund,Sprengstoff-Fund,ORG,0.0,0.0,de,3
NATO-Mitgliedschaft +++,NATO-Mitgliedschaft +++,ORG,0.0,0.3333333333333333,de,3
AIG,AIG,ORG,0.0,0.0,de,3
GPS,GPS,ORG,0.5666666666666667,0.0,de,3
Kiew…,Kiew…,ORG,0.0,0.0,de,3
BMW-Autos,BMW-Autos,ORG,0.0,0.0,de,3
Nato-Mitglieds Polen,Nato-Mitglieds Polen,ORG,-1.0,0.0,de,3
Ukraine-Solidarität,Ukraine-Solidarität,ORG,0.0,0.0,de,3
Konferenz,Konferenz,ORG,0.0,0.0,de,3
Lupe,Lupe,ORG,0.3333333333333333,0.0,de,3
KI-Chatbots,KI-Chatbots,ORG,-0.3333333333333333,0.0,de,3
Frei…,Frei…,ORG,0.0,0.0,de,3
Fessenheim-Projekt,Fessenheim-Projekt,ORG,0.0,0.0,de,3
Abwägung,Abwägung,ORG,-0.6999999999999998,0.0,de,3
ZDF-Politbarometer,ZDF-Politbarometer,ORG,0.05000000000000001,0.0,de,3
Landespolizei,Landespolizei,ORG,0.2333333333333333,0.0,de,3
Ukrainer …,Ukrainer …,ORG,0.0,0.0,de,3
Rot-Weiß Erfurt,Rot-Weiß Erfurt,ORG,-0.3333333333333333,0.0,de,3
Borussia Dortmund“,Borussia Dortmund“,ORG,0.0,0.0,de,3
Klimaschutz-Ziel,Klimaschutz-Ziel,ORG,0.4666666666666666,0.0,de,3
Octopus Energy,Octopus Energy,ORG,0.6999999999999998,0.0,de,3
FOC…,FOC…,ORG,-0.2833333333333333,0.0,de,3
PowerOcean,PowerOcean,ORG,0.0,0.0,de,3
Wehrpflicht +++,Wehrpflicht +++,ORG,0.0,0.0,de,3
Militärhilfe +++,Militärhilfe +++,ORG,0.0,0.0,de,3
CMF Phone 1,CMF Phone 1,ORG,0.0,0.0,de,3
Gesellschaft,Gesellschaft,ORG,-0.5666666666666667,0.0,de,3
ADF,ADF,ORG,-0.10000000000000002,0.0,de,3
französischen Verlag,französischen Verlag,ORG,0.0,0.0,de,3
Türkei,Türkei,ORG,0.0,0.0,de,3
Pussy Riot,Pussy Riot,ORG,0.0,0.0,de,3
Deutsche Eishockey,Deutsche Eishockey,ORG,0.0,0.0,de,3
Russland Europa,Russland Europa,ORG,0.0,0.0,de,3
Verteidigung…,Verteidigung…,ORG,0.0,0.0,de,3
Chemiebranche Atempause,Chemiebranche Atempause,ORG,0.0,0.0,de,3
ukrainischen Streitkräften,ukrainischen Streitkräften,ORG,0.0,0.0,de,3
Stromnot,Stromnot,ORG,0.0,0.0,de,3
US-Konsulat,US-Konsulat,ORG,0.0,0.0,de,3
WISO,WISO,ORG,0.2333333333333333,0.0,de,3
Selenskyj Russland,Selenskyj Russland,ORG,-0.3333333333333333,0.0,de,3
irrwitzigem Tempo,irrwitzigem Tempo,ORG,0.0,0.0,de,3
Frankfurter Allgemeine Sonntagszeitung,Frankfurter Allgemeine Sonntagszeitung,ORG,0.0,0.0,de,3
Lawrow +++,Lawrow +++,ORG,0.5666666666666667,0.0,de,3
hoh…,hoh…,ORG,0.2333333333333333,0.0,de,3
DW-Journalist,DW-Journalist,ORG,0.0,0.0,de,3
Lyman,Lyman,ORG,0.2333333333333333,0.0,de,3
Gegenpropaganda,Gegenpropaganda,ORG,0.6999999999999998,0.0,de,3
Waffenruhe ++,Waffenruhe ++,ORG,-0.2333333333333333,0.0,de,3
fe…,fe…,ORG,0.0,0.0,de,3
Daimler,Daimler,ORG,0.0,0.3333333333333333,de,3
US-Internetriesen,US-Internetriesen,ORG,0.0,0.0,de,3
EU-Gesetz,EU-Gesetz,ORG,0.0,0.0,de,3
Gaspipelines,Gaspipelines,ORG,0.0,0.0,de,3
Konzerne,Konzerne,ORG,-0.3333333333333333,0.0,de,3
ju…,ju…,ORG,0.0,0.0,de,3
Verteidigungsministerium in Moskau,Verteidigungsministerium in Moskau,ORG,0.0,0.0,de,3
Kiews +++,Kiews +++,ORG,-0.3333333333333333,0.0,de,3
Bundesligisten,Bundesligisten,ORG,0.0,0.0,de,3
Deutschen Presse-Agentu…,Deutschen Presse-Agentu…,ORG,0.4666666666666666,0.0,de,3
Östliche EU-Staaten,Östliche EU-Staaten,ORG,-0.15000000000000002,0.0,de,3
Schwarzmeer-Region Odessa,Schwarzmeer-Region Odessa,ORG,-1.0,0.0,de,3
EU-Partner,EU-Partner,ORG,0.2833333333333333,0.3333333333333333,de,3
Gesp…,Gesp…,ORG,0.0,0.0,de,3
ÖDP,ÖDP,ORG,-0.3333333333333333,0.0,de,3
AC/DC,AC/DC,ORG,0.1333333333333333,0.0,de,3
NEW YORK,NEW YORK,ORG,0.6666666666666666,0.0,de,3
UN-Frist,UN-Frist,ORG,-0.2333333333333333,0.0,de,3
FDP-Vorsitzende,FDP-Vorsitzende,ORG,-0.3333333333333333,0.0,de,3
Ukraines,Ukraines,ORG,-0.4666666666666666,0.3333333333333333,de,3
SoftBank,SoftBank,ORG,-0.3333333333333333,0.0,de,3
Hamburger Polizei,Hamburger Polizei,ORG,-0.05000000000000001,0.0,de,3
interna…,interna…,ORG,0.0,0.0,de,3
Verhand…,Verhand…,ORG,0.0,0.0,de,3
SPD-Fraktionschef Mützenich,SPD-Fraktionschef Mützenich,ORG,0.0,0.0,de,3
Hooligans,Hooligans,ORG,-1.0,0.0,de,3
Exxon,Exxon,ORG,0.5166666666666666,0.0,de,3
Verteidigungs…,Verteidigungs…,ORG,0.0,0.0,de,3
Trump…,Trump…,ORG,0.0,0.0,de,3
Nessie,Nessie,ORG,0.0,0.0,de,3
WTI,WTI,ORG,-0.3333333333333333,0.0,de,3
l-r,l-r,ORG,0.0,0.0,de,3
NPR,NPR,ORG,0.5666666666666667,0.0,de,3
ABG,ABG,ORG,0.16666666666666666,0.0,de,3
Stromausfällen,Stromausfällen,ORG,-0.2333333333333333,0.0,de,3
Russland +++ Trump,Russland +++ Trump,ORG,-0.6166666666666667,0.0,de,3
Unternehm…,Unternehm…,ORG,0.0,0.0,de,3
IS-Kämpfer,IS-Kämpfer,ORG,0.0,0.0,de,3
BÜCHERSCHAU,BÜCHERSCHAU,ORG,0.3333333333333333,0.0,de,3
Russlands Invasion,Russlands Invasion,ORG,0.31111111111111106,0.1111111111111111,de,3
Nord-Stream +++,Nord-Stream +++,ORG,0.6999999999999998,0.0,de,3
KI-Unterstützung,KI-Unterstützung,ORG,0.2333333333333333,0.0,de,3
Ajax Amsterdam,Ajax Amsterdam,ORG,0.0,0.0,de,3
Waffenlieferu…,Waffenlieferu…,ORG,0.0,0.0,de,3
KI-Systeme,KI-Systeme,ORG,0.4666666666666666,0.0,de,3
EU-Abgeordneten,EU-Abgeordneten,ORG,0.3333333333333333,0.0,de,3
+++ Litauen,+++ Litauen,ORG,0.0,0.0,de,3
SPD-Mitglied,SPD-Mitglied,ORG,0.0,0.0,de,3
AEVEX,AEVEX,ORG,0.0,0.0,de,3
FSV Mainz,FSV Mainz,ORG,-0.2333333333333333,0.0,de,3
deutsche Außenministerium,deutsche Außenministerium,ORG,0.16666666666666666,0.0,de,3
Klima- und Transformationsfonds,Klima- und Transformationsfonds,ORG,0.0,0.0,de,3
Unterneh…,Unterneh…,ORG,0.0,0.0,de,3
en…,en…,ORG,0.0,0.0,de,3
Capital,Capital,ORG,0.0,0.0,de,3
Fina…,Fina…,ORG,0.2333333333333333,0.0,de,3
Rassemblement National,Rassemblement National,ORG,0.0,0.0,de,3
Grüne Woche,Grüne Woche,ORG,0.3333333333333333,0.0,de,3
EU-Staatschefs,EU-Staatschefs,ORG,0.0,0.0,de,3
WIFO,WIFO,ORG,0.0,0.0,de,3
House of the Dragon,House of the Dragon,ORG,0.4666666666666666,0.0,de,3
Bosch Professional,Bosch Professional,ORG,0.2833333333333333,0.0,de,3
UN-Menschenrechtsbüro,UN-Menschenrechtsbüro,ORG,-0.5666666666666667,0.0,de,3
Darmstadt,Darmstadt,ORG,0.18888888888888888,0.1111111111111111,de,3
Regio…,Regio…,ORG,0.0,0.0,de,3
Zentralrat der Muslime,Zentralrat der Muslime,ORG,0.0,0.0,de,3
Xiaomi,Xiaomi,ORG,0.4666666666666666,0.0,de,3
Expertenkommission,Expertenkommission,ORG,0.0,0.0,de,3
Übe…,Übe…,ORG,-0.2333333333333333,0.0,de,3
Prigoschins Flugzeugabsturz +++,Prigoschins Flugzeugabsturz +++,ORG,0.18333333333333332,0.0,de,3
Russischer FSB,Russischer FSB,ORG,0.18333333333333332,0.0,de,3
Lkw-Herstellers Daimler Truck,Lkw-Herstellers Daimler Truck,ORG,-1.0,0.0,de,3
Verband Kommunaler U…,Verband Kommunaler U…,ORG,0.0,0.0,de,3
US-Universitäten,US-Universitäten,ORG,-0.6666666666666666,0.0,de,3
Coop,Coop,ORG,0.11666666666666665,0.0,de,3
Wartungsarbeiten,Wartungsarbeiten,ORG,0.0,0.0,de,3
FOCUS Online,FOCUS Online,ORG,-0.6666666666666666,0.0,de,3
EM-Tickets,EM-Tickets,ORG,0.3333333333333333,0.0,de,3
Stadtwerk Winterthur,Stadtwerk Winterthur,ORG,-0.3333333333333333,0.0,de,3
Lag…,Lag…,ORG,0.05833333333333333,0.0,de,3
US-Universität Yale,US-Universität Yale,ORG,0.2833333333333333,0.0,de,3
der Grünen,der Grünen,ORG,0.10000000000000002,0.0,de,3
Klimaschutzprogramm,Klimaschutzprogramm,ORG,-0.3333333333333333,0.3333333333333333,de,3
Grenzregion Kursk,Grenzregion Kursk,ORG,-0.10000000000000002,0.0,de,3
g…,g…,ORG,0.0,0.0,de,3
Ukraine!,Ukraine!,ORG,0.0,0.0,de,3
Molly Burhans,Molly Burhans,ORG,0.2333333333333333,0.0,de,3
Notenbank Fed,Notenbank Fed,ORG,0.2333333333333333,0.0,de,3
et…,et…,ORG,0.0,0.0,de,3
Grenze +++,Grenze +++,ORG,0.0,0.0,de,3
SoVD,SoVD,ORG,0.4333333333333333,0.1111111111111111,de,3
BGH,BGH,ORG,0.0,0.0,de,3
Deutsche Bundesbank,Deutsche Bundesbank,ORG,0.10000000000000002,0.0,de,3
Zeugen Jehovas,Zeugen Jehovas,ORG,-0.2333333333333333,0.0,de,3
AfD-Erfolg,AfD-Erfolg,ORG,-0.4666666666666666,0.0,de,3
EU-Wirtschaft,EU-Wirtschaft,ORG,0.0,0.0,de,3
Sigur Rós,Sigur Rós,ORG,0.5666666666666667,0.0,de,3
Belarus +++ Ramaphosa,Belarus +++ Ramaphosa,ORG,-1.0,0.0,de,3
abg…,abg…,ORG,0.0,0.0,de,3
Gasspeicher…,Gasspeicher…,ORG,0.0,0.0,de,3
Ü…,Ü…,ORG,0.0,0.0,de,3
Europäische Staats- und Regierungschefs,Europäische Staats- und Regierungschefs,ORG,-0.2333333333333333,0.3333333333333333,de,3
besonde…,besonde…,ORG,0.0,0.0,de,3
Unterhaltung & Hobby,Unterhaltung & Hobby,ORG,0.6999999999999998,0.0,de,3
SPD-Kandidat,SPD-Kandidat,ORG,0.0,0.0,de,3
Milliarden-Finanzpaket für Verteidigung und Infrastruktur,Milliarden-Finanzpaket für Verteidigung und Infrastruktur,ORG,-0.2333333333333333,0.0,de,3
m…,m…,ORG,0.2333333333333333,0.0,de,3
Russische Zentralbank,Russische Zentralbank,ORG,0.4666666666666666,0.0,de,3
britischen Regierung,britischen Regierung,ORG,0.4666666666666666,0.0,de,3
Finanz-Profis,Finanz-Profis,ORG,0.6666666666666666,0.0,de,3
US-Sondergesandten,US-Sondergesandten,ORG,-0.2333333333333333,0.0,de,3
Gegenwinds,Gegenwinds,ORG,0.6999999999999998,0.0,de,3
AKW-Weiterbetrieb,AKW-Weiterbetrieb,ORG,0.2333333333333333,0.0,de,3
Ra…,Ra…,ORG,0.0,0.0,de,3
Autofahrern,Autofahrern,ORG,0.3499999999999999,0.16666666666666666,de,3
Faschisten,Faschisten,ORG,0.2333333333333333,0.0,de,3
TotalEnergies,TotalEnergies,ORG,-0.2333333333333333,0.0,de,3
Taxonomie,Taxonomie,ORG,0.6666666666666666,0.0,de,3
VfL Osnabrück,VfL Osnabrück,ORG,-0.16666666666666666,0.0,de,3
PR-Stunt,PR-Stunt,ORG,-0.9,0.0,de,3
BRIGITTE,BRIGITTE,ORG,0.2333333333333333,0.0,de,3
FDP-Energiepolitiker,FDP-Energiepolitiker,ORG,-0.6999999999999998,0.0,de,3
iranisch…,iranisch…,ORG,0.2333333333333333,0.0,de,3
THW,THW,ORG,-0.4666666666666666,0.0,de,3
Kruse,Kruse,ORG,-0.6999999999999998,0.0,de,3
dageg…,dageg…,ORG,-0.6666666666666666,0.0,de,3
Zentrum Beiruts,Zentrum Beiruts,ORG,0.0,0.0,de,3
Land …,Land …,ORG,0.0,0.0,de,3
Afrikanischen Union,Afrikanischen Union,ORG,0.2333333333333333,0.3333333333333333,de,3
Hecking,Hecking,ORG,-1.0,0.0,de,3
Ukraine +++  ,Ukraine +++  ,ORG,-0.3333333333333333,0.0,de,3
Br…,Br…,ORG,0.0,0.3333333333333333,de,3
Außenministerium der Ukraine,Außenministerium der Ukraine,ORG,0.0,0.0,de,3
ZEW,ZEW,ORG,0.0,0.0,de,3
Deutsche Gesellschaft für Auswärtige Politik,Deutsche Gesellschaft für Auswärtige Politik,ORG,-0.2333333333333333,0.0,de,3
No,No,ORG,0.0,0.0,de,3
CHIO,CHIO,ORG,0.2333333333333333,0.0,de,3
Geheimdienstes FSB,Geheimdienstes FSB,ORG,0.0,0.0,de,3
KI-Aktien,KI-Aktien,ORG,0.5666666666666667,0.0,de,3
Ukrainische Regierung,Ukrainische Regierung,ORG,0.0,0.0,de,3
US-Militärpräsenz,US-Militärpräsenz,ORG,0.0,0.0,de,3
ADNOC,ADNOC,ORG,-0.43333333333333335,0.0,de,3
moskaufreundliche Ukraine-Resolution,moskaufreundliche Ukraine-Resolution,ORG,0.0,0.0,de,3
ntv Produkt-Check,ntv Produkt-Check,ORG,0.2333333333333333,0.0,de,3
GEAS,GEAS,ORG,0.0,0.0,de,3
AfD-Chefin Weidel,AfD-Chefin Weidel,ORG,0.0,0.0,de,3
Ratgeber Wärmepumpe,Ratgeber Wärmepumpe,ORG,0.0,0.0,de,3
Regierungschefs,Regierungschefs,ORG,0.0,0.0,de,3
++ Nordkorea,++ Nordkorea,ORG,0.4666666666666666,0.0,de,3
LNG-Gas,LNG-Gas,ORG,0.2222222222222222,0.0,de,3
Anleger,Anleger,ORG,0.0,0.0,de,3
Razzia,Razzia,ORG,0.4666666666666666,0.0,de,3
Evangelische Kirche in Deutschland,Evangelische Kirche in Deutschland,ORG,0.0,0.0,de,3
Liveblog Israels,Liveblog Israels,ORG,0.7166666666666667,0.0,de,3
Turkish Airlines,Turkish Airlines,ORG,-0.2333333333333333,0.0,de,3
vo…,vo…,ORG,0.0,0.0,de,3
US-Militä…,US-Militä…,ORG,-0.2333333333333333,0.0,de,3
Air Conditioning,Air Conditioning,ORG,0.0,0.0,de,3
Penny Mobil,Penny Mobil,ORG,0.0,0.0,de,3
SSW,SSW,ORG,0.0,0.0,de,3
Sky Deutschland,Sky Deutschland,ORG,-0.43333333333333335,0.0,de,3
U.S.,U.S.,ORG,0.0,0.0,de,3
Wladi…,Wladi…,ORG,0.4666666666666666,0.0,de,3
soga…,soga…,ORG,0.3333333333333333,0.0,de,3
Eisbären Berlin,Eisbären Berlin,ORG,0.0,0.0,de,3
Messer-Angriff,Messer-Angriff,ORG,-0.6666666666666666,0.0,de,3
Kursk +++ Russland,Kursk +++ Russland,ORG,0.11111111111111109,0.0,de,3
Kiel Instituts für Weltwirtschaft,Kiel Instituts für Weltwirtschaft,ORG,0.5,0.16666666666666666,de,3
"Spiegel""-Bericht","Spiegel""-Bericht",ORG,0.0,0.0,de,3
GasBei,GasBei,ORG,0.0,0.0,de,3
Arminia Bielefeld,Arminia Bielefeld,ORG,0.05000000000000001,0.0,de,3
Ukraine +++ Russische Armee,Ukraine +++ Russische Armee,ORG,0.2333333333333333,0.0,de,3
Öffentlich-Rechtlichen,Öffentlich-Rechtlichen,ORG,0.0,0.0,de,3
HI,HI,ORG,0.0,0.0,de,3
Amnesty,Amnesty,ORG,0.0,0.0,de,3
Tayyip Erdoan,Tayyip Erdoan,ORG,-0.3333333333333333,0.0,de,3
Donbass +++,Donbass +++,ORG,0.0,0.0,de,3
Bank of America,Bank of America,ORG,0.5,0.3333333333333333,de,3
Kl…,Kl…,ORG,0.0,0.0,de,3
Gaza-Stadt +++ Hamas,Gaza-Stadt +++ Hamas,ORG,0.7166666666666667,0.0,de,3
Augenmaß,Augenmaß,ORG,0.2333333333333333,0.0,de,3
deutschen Gesellschaft,deutschen Gesellschaft,ORG,0.2333333333333333,0.0,de,3
Keystone-SDA,Keystone-SDA,ORG,0.0,0.0,de,3
Eisenbahn- und Verkehrsgewerkschaft,Eisenbahn- und Verkehrsgewerkschaft,ORG,-0.3333333333333333,0.3333333333333333,de,3
Blau-Gelbes Kreuz,Blau-Gelbes Kreuz,ORG,0.3333333333333333,0.0,de,3
Luftwaffenbasis +++,Luftwaffenbasis +++,ORG,0.2833333333333333,0.0,de,3
EM-Qualifikation,EM-Qualifikation,ORG,0.3333333333333333,0.0,de,3
AfD-Chef,AfD-Chef,ORG,0.0,0.0,de,3
Millennials,Millennials,ORG,0.5666666666666667,0.0,de,3
Stützpunkten,Stützpunkten,ORG,0.0,0.0,de,3
Stuttgarter OB,Stuttgarter OB,ORG,0.0,0.0,de,3
empics,empics,ORG,-0.2333333333333333,0.0,de,3
AKW Grafenrheinfeld,AKW Grafenrheinfeld,ORG,0.0,0.0,de,3
Moskau +++ Russland,Moskau +++ Russland,ORG,-0.2333333333333333,0.0,de,3
Aramco,Aramco,ORG,0.0,0.0,de,3
BSW-Vorsitzende,BSW-Vorsitzende,ORG,-0.3333333333333333,0.0,de,3
öf…,öf…,ORG,0.0,0.0,de,3
Öko-Partei,Öko-Partei,ORG,0.0,0.0,de,3
Eurozone,Eurozone,ORG,0.0,0.0,de,3
F-16-Flugzeuge,F-16-Flugzeuge,ORG,0.0,0.0,de,3
EU-Sondergipfel,EU-Sondergipfel,ORG,0.2333333333333333,0.0,de,3
NATO-Landes,NATO-Landes,ORG,0.0,0.0,de,3
Türkische Zentralbank,Türkische Zentralbank,ORG,0.0,0.0,de,3
Rystad Energy,Rystad Energy,ORG,0.6999999999999998,0.0,de,3
SPD-Generalsekretär,SPD-Generalsekretär,ORG,0.0,0.0,de,3
Montagabend …,Montagabend …,ORG,0.4666666666666666,0.0,de,3
Deutschen …,Deutschen …,ORG,0.7999999999999999,0.0,de,3
Ex-Sowjetrepublik Belarus,Ex-Sowjetrepublik Belarus,ORG,-0.2833333333333333,0.0,de,3
Wagner-Söldnertruppe,Wagner-Söldnertruppe,ORG,0.0,0.0,de,3
Krim +++ Morawiecki,Krim +++ Morawiecki,ORG,-1.0,0.0,de,3
Kabinett,Kabinett,ORG,0.0,0.0,de,3
Wohnungswirtschaft,Wohnungswirtschaft,ORG,-0.7999999999999999,0.0,de,3
FDP-Politikerin,FDP-Politikerin,ORG,0.0,0.0,de,3
Russlands Regierung,Russlands Regierung,ORG,-0.3333333333333333,0.0,de,3
"Israel
","Israel
",ORG,-1.0,0.0,de,3
ORF Vorarlberg,ORF Vorarlberg,ORG,-0.10000000000000002,0.0,de,3
Heizungsreform,Heizungsreform,ORG,0.0,0.0,de,3
US-Militärhilfe,US-Militärhilfe,ORG,0.43333333333333335,0.0,de,3
UNRWA,UNRWA,ORG,0.15555555555555553,0.0,de,3
US-Operation,US-Operation,ORG,-0.43333333333333335,0.0,de,3
Bundeswehr-Generalinspekteur,Bundeswehr-Generalinspekteur,ORG,0.0,0.0,de,3
Fraunhofer-Institut…,Fraunhofer-Institut…,ORG,0.0,0.0,de,3
britische Zeitung,britische Zeitung,ORG,0.0,0.0,de,3
NIS,NIS,ORG,-0.6666666666666666,0.0,de,3
"ANZEIGE
","ANZEIGE
",ORG,0.6999999999999998,0.0,de,3
Infrastruktur +++,Infrastruktur +++,ORG,-0.3333333333333333,0.0,de,3
Ukraine +++ Polen,Ukraine +++ Polen,ORG,-0.425,0.0,de,3
Kieler Institut für Weltwirtschaft,Kieler Institut für Weltwirtschaft,ORG,0.0,0.0,de,3
British Council,British Council,ORG,0.2333333333333333,0.0,de,3
BEIDEN Ladies,BEIDEN Ladies,ORG,0.0,0.0,de,3
Europa-Ausschusses,Europa-Ausschusses,ORG,0.0,0.0,de,3
Deutsche Finanzvorstände,Deutsche Finanzvorstände,ORG,-0.6999999999999998,0.0,de,3
Niederlande,Niederlande,ORG,-0.3333333333333333,0.0,de,3
Kiew +++  ,Kiew +++  ,ORG,0.2333333333333333,0.16666666666666666,de,3
Aufnah…,Aufnah…,ORG,0.0,0.0,de,3
Klima-RAF,Klima-RAF,ORG,0.3333333333333333,0.0,de,3
Malware,Malware,ORG,0.6999999999999998,0.0,de,3
UN-Gremium,UN-Gremium,ORG,0.0,0.0,de,3
Dream City Church,Dream City Church,ORG,0.0,0.0,de,3
wof…,wof…,ORG,-0.6999999999999998,0.0,de,3
jün…,jün…,ORG,0.0,0.0,de,3
Slowakei,Slowakei,ORG,0.04444444444444443,0.0,de,3
US-Finanzministeriums,US-Finanzministeriums,ORG,0.3333333333333333,0.0,de,3
Unt…,Unt…,ORG,-0.03333333333333334,0.0,de,3
Viz…,Viz…,ORG,0.0,0.0,de,3
Streitkräfte …,Streitkräfte …,ORG,-0.2333333333333333,0.0,de,3
ir…,ir…,ORG,0.2333333333333333,0.0,de,3
r…,r…,ORG,0.2333333333333333,0.0,de,3
Verfassung,Verfassung,ORG,0.3333333333333333,0.0,de,3
Gebiets Kursk,Gebiets Kursk,ORG,0.0,0.0,de,3
Patriot-Lieferung +++ Kreml,Patriot-Lieferung +++ Kreml,ORG,-0.6999999999999998,0.0,de,3
Al-Schifa-Krankenhaus,Al-Schifa-Krankenhaus,ORG,-0.3333333333333333,0.0,de,3
R+V Versicherung,R+V Versicherung,ORG,-0.3333333333333333,0.0,de,3
Drei-Prozent-Marke,Drei-Prozent-Marke,ORG,0.0,0.0,de,3
ABB,ABB,ORG,0.0,0.0,de,3
ProSieben Maxx,ProSieben Maxx,ORG,0.0,0.0,de,3
veröffentl…,veröffentl…,ORG,0.2333333333333333,0.0,de,3
Frostbeule,Frostbeule,ORG,-0.6666666666666666,0.0,de,3
Sto…,Sto…,ORG,0.9,0.0,de,3
Steam Deck,Steam Deck,ORG,0.2333333333333333,0.0,de,3
Cyberangriffe,Cyberangriffe,ORG,0.0,0.0,de,3
GfK…,GfK…,ORG,-0.3333333333333333,0.0,de,3
Stadtwerke Rostock,Stadtwerke Rostock,ORG,0.2333333333333333,0.3333333333333333,de,3
Grimme-Institut,Grimme-Institut,ORG,0.2333333333333333,0.0,de,3
02.06.2025,02.06.2025,ORG,0.2333333333333333,0.0,de,3
Iran +++ Israel,Iran +++ Israel,ORG,0.11666666666666665,0.16666666666666666,de,3
Russische Luftwaffe,Russische Luftwaffe,ORG,-0.4666666666666666,0.0,de,3
DKB,DKB,ORG,0.0,0.0,de,3
Vertre…,Vertre…,ORG,0.2333333333333333,0.0,de,3
Deutsche Reiterliche Vereinigung,Deutsche Reiterliche Vereinigung,ORG,0.0,0.0,de,3
Rüst…,Rüst…,ORG,0.2333333333333333,0.0,de,3
SPD-Abgeordnete,SPD-Abgeordnete,ORG,0.2333333333333333,0.0,de,3
He…,He…,ORG,0.0,0.0,de,3
United Airlines,United Airlines,ORG,-0.3333333333333333,0.0,de,3
Ölproduktions-Ziel,Ölproduktions-Ziel,ORG,0.0,0.0,de,3
Söldnergruppe,Söldnergruppe,ORG,-0.07777777777777777,0.0,de,3
israel…,israel…,ORG,0.0,0.0,de,3
Bayerns,Bayerns,ORG,-0.2333333333333333,0.0,de,3
zah…,zah…,ORG,0.0,0.0,de,3
VPN,VPN,ORG,-0.10000000000000002,0.0,de,3
Ungarn +++,Ungarn +++,ORG,0.0,0.3333333333333333,de,3
Chevron,Chevron,ORG,0.0,0.0,de,3
Mensche…,Mensche…,ORG,0.3333333333333333,0.0,de,3
Arbeiterpartei,Arbeiterpartei,ORG,0.0,0.0,de,3
Dr…,Dr…,ORG,0.2333333333333333,0.0,de,3
Equinor,Equinor,ORG,0.0,0.0,de,3
Aston Martin,Aston Martin,ORG,0.3333333333333333,0.0,de,3
New-Start-Atomwaffenvertrag,New-Start-Atomwaffenvertrag,ORG,0.0,0.0,de,3
Anti-Satelliten-Waffe,Anti-Satelliten-Waffe,ORG,0.6666666666666666,0.0,de,3
Verbots,Verbots,ORG,-0.3333333333333333,0.0,de,3
MAK,MAK,ORG,0.10000000000000002,0.0,de,3
EU-Spitze,EU-Spitze,ORG,0.2333333333333333,0.0,de,3
Sams…,Sams…,ORG,0.12222222222222222,0.0,de,3
WCK,WCK,ORG,-0.3333333333333333,0.0,de,3
95-Prozent-Marke,95-Prozent-Marke,ORG,0.6999999999999998,0.0,de,3
Framatome,Framatome,ORG,0.0,0.0,de,3
N26,N26,ORG,-0.4666666666666666,0.0,de,3
Russland-Sanktionspaket,Russland-Sanktionspaket,ORG,0.2333333333333333,0.0,de,3
+++ Deutschland,+++ Deutschland,ORG,0.0,0.0,de,3
Schiitenmiliz Hisbollah,Schiitenmiliz Hisbollah,ORG,-0.2333333333333333,0.0,de,3
Basketball-Bundesliga,Basketball-Bundesliga,ORG,-0.1333333333333333,0.0,de,3
Deutschen Akademischen Austauschdienst,Deutschen Akademischen Austauschdienst,ORG,-0.2333333333333333,0.0,de,3
Elektroautos,Elektroautos,ORG,0.0,0.0,de,3
Wagner-Soldaten,Wagner-Soldaten,ORG,0.0,0.0,de,3
Ampel-Kompromiss,Ampel-Kompromiss,ORG,0.0,0.0,de,3
"Handball-Meister
Füchse Berlin","Handball-Meister
Füchse Berlin",ORG,0.0,0.0,de,3
erk…,erk…,ORG,0.10000000000000002,0.0,de,3
Munition +++ Frankreich,Munition +++ Frankreich,ORG,0.6999999999999998,0.0,de,3
Angriffen +++,Angriffen +++,ORG,-0.05000000000000001,0.0,de,3
Deutschen Wirtschaft,Deutschen Wirtschaft,ORG,0.0,0.0,de,3
Kiew Schulbusse,Kiew Schulbusse,ORG,0.6999999999999998,0.0,de,3
SPD-Politiker,SPD-Politiker,ORG,0.5166666666666666,0.0,de,3
Techem,Techem,ORG,0.0,0.3333333333333333,de,3
NATO-Truppen,NATO-Truppen,ORG,-0.2333333333333333,0.0,de,3
Grünen-Chefin,Grünen-Chefin,ORG,0.0,0.0,de,3
US-Sanktionspaket,US-Sanktionspaket,ORG,0.4666666666666666,0.0,de,3
Finanz Informatik,Finanz Informatik,ORG,0.0,0.0,de,3
verlet…,verlet…,ORG,-0.3333333333333333,0.0,de,3
Pe…,Pe…,ORG,0.0,0.0,de,3
Rohö…,Rohö…,ORG,0.0,0.0,de,3
Server,Server,ORG,0.4666666666666666,0.0,de,3
WKW,WKW,ORG,0.2333333333333333,0.0,de,3
Deutsche Ukraine-Hilfe,Deutsche Ukraine-Hilfe,ORG,0.2333333333333333,0.0,de,3
ges…,ges…,ORG,0.2333333333333333,0.0,de,3
schwi…,schwi…,ORG,0.0,0.0,de,3
SV Darmstadt,SV Darmstadt,ORG,-0.6666666666666666,0.0,de,3
Bundesligaspiel,Bundesligaspiel,ORG,-0.6666666666666666,0.0,de,3
Tabellenführer Schalke 04,Tabellenführer Schalke 04,ORG,0.0,0.0,de,3
Anti-Terror-Notstand,Anti-Terror-Notstand,ORG,-0.5666666666666667,0.0,de,3
Bayer Leverkusen,Bayer Leverkusen,ORG,0.0,0.0,de,3
EU-Darlehens,EU-Darlehens,ORG,0.2833333333333333,0.0,de,3
Deutschlands Gasspeicher-Füllstand,Deutschlands Gasspeicher-Füllstand,ORG,0.0,0.0,de,3
Baywa-Konzern,Baywa-Konzern,ORG,0.0,0.0,de,3
AfD-Abgeordneten,AfD-Abgeordneten,ORG,0.0,0.0,de,3
Butter,Butter,ORG,0.0,0.0,de,3
Präsiden…,Präsiden…,ORG,0.0,0.0,de,3
fi…,fi…,ORG,-0.6666666666666666,0.0,de,3
Strombörse,Strombörse,ORG,-0.2333333333333333,0.0,,3
FC Schalke,FC Schalke,ORG,0.0,0.0,de,3
photothek.de,photothek.de,ORG,-0.3333333333333333,0.0,de,3
Rettung der Welt,Rettung der Welt,ORG,0.5399999999999999,0.16666666666666666,de,3
Awdijiwka,Awdijiwka,ORG,-0.3333333333333333,0.0,de,3
Schweizerischen Nationalbank,Schweizerischen Nationalbank,ORG,0.0,0.0,de,3
Uni…,Uni…,ORG,0.0,0.0,de,3
Armee +++,Armee +++,ORG,0.0,0.1111111111111111,de,3
US-Zerstörer,US-Zerstörer,ORG,-0.2833333333333333,0.0,de,3
Universität Wien,Universität Wien,ORG,0.16666666666666666,0.0,de,3
Mitgli…,Mitgli…,ORG,0.0,0.0,de,3
Bluetooth,Bluetooth,ORG,0.7999999999999999,0.0,de,3
Nacht +++ Alle Entwicklungen,Nacht +++ Alle Entwicklungen,ORG,-0.16666666666666666,0.3333333333333333,de,3
Dynamo,Dynamo,ORG,0.0,0.0,de,3
Sicherheitsdienst der Ukraine,Sicherheitsdienst der Ukraine,ORG,0.0,0.0,de,3
üb…,üb…,ORG,0.2333333333333333,0.0,de,3
US-Ölsanktionen,US-Ölsanktionen,ORG,0.23333333333333328,0.0,de,3
Streitkräften,Streitkräften,ORG,0.2333333333333333,0.0,de,3
GLC,GLC,ORG,0.0,0.0,de,3
US-Einschätzung,US-Einschätzung,ORG,-0.2333333333333333,0.0,de,3
US-Verstößen,US-Verstößen,ORG,-0.11666666666666665,0.5,de,3
Üb…,Üb…,ORG,0.0,0.0,de,3
EU-Klimakommissar,EU-Klimakommissar,ORG,-0.06666666666666665,0.0,de,3
Kühlturm-Sprengung,Kühlturm-Sprengung,ORG,0.0,0.0,de,3
PMP,PMP,ORG,-0.3333333333333333,0.0,de,3
UN-Menschenrechtsexperten,UN-Menschenrechtsexperten,ORG,-0.6666666666666666,0.0,de,3
Tag der Arbeit,Tag der Arbeit,ORG,-0.2333333333333333,0.0,de,3
Jugoslawien,Jugoslawien,ORG,-0.3333333333333333,0.0,de,3
Zentrum der libanesischen Hauptstadt,Zentrum der libanesischen Hauptstadt,ORG,-0.2333333333333333,0.0,de,3
EnBW-Tochter VNG,EnBW-Tochter VNG,ORG,0.0,0.0,de,3
Inflations…,Inflations…,ORG,0.0,0.0,de,3
Deutschen Fußball-Bundes,Deutschen Fußball-Bundes,ORG,0.3333333333333333,0.0,de,3
Hohe Gas- und Ölpreise,Hohe Gas- und Ölpreise,ORG,0.0,0.0,de,3
AKW Akku…,AKW Akku…,ORG,0.0,0.0,de,3
Organisation für Sicherheit und Zusammenarbeit in Europa,Organisation für Sicherheit und Zusammenarbeit in Europa,ORG,0.3333333333333333,0.0,de,3
Europ…,Europ…,ORG,0.0,0.0,de,3
internationalen Gemeinschaft,internationalen Gemeinschaft,ORG,-0.4666666666666666,0.0,de,3
Terrororganisation,Terrororganisation,ORG,0.0,0.0,de,3
US-Territorium,US-Territorium,ORG,0.0,0.0,de,3
fo…,fo…,ORG,0.0,0.0,de,3
Förderanträge,Förderanträge,ORG,0.0,0.0,de,3
Tauender Permafrost,Tauender Permafrost,ORG,0.0,0.0,de,3
Verhandlu…,Verhandlu…,ORG,0.0,0.0,de,3
WM-Achtelfinale,WM-Achtelfinale,ORG,0.0,0.0,de,3
Digitalverband Bitkom,Digitalverband Bitkom,ORG,-0.2333333333333333,0.0,de,3
Faeser,Faeser,ORG,-0.5666666666666667,0.0,de,3
Ofen-Nutzer online,Ofen-Nutzer online,ORG,0.0,0.0,de,3
Kr…,Kr…,ORG,0.0,0.0,de,3
Internationalen Komitees vom Roten Kreuz,Internationalen Komitees vom Roten Kreuz,ORG,0.0,0.0,de,3
Fraunhofer-Gesellschaft,Fraunhofer-Gesellschaft,ORG,-0.6666666666666666,0.0,de,3
Wagner-Chef Prigoschin +++ Russland,Wagner-Chef Prigoschin +++ Russland,ORG,0.6999999999999998,0.0,de,3
Mär,Mär,ORG,0.0,0.0,de,3
UN-Klimachef,UN-Klimachef,ORG,0.0,0.0,de,3
Statistischem Bundesamt,Statistischem Bundesamt,ORG,-0.05833333333333333,0.3333333333333333,de,3
Universität Oxford,Universität Oxford,ORG,0.2333333333333333,0.0,de,3
Bundesamt,Bundesamt,ORG,0.0,0.0,de,3
Last Minute,Last Minute,ORG,0.2333333333333333,0.3333333333333333,de,3
DAC,DAC,ORG,0.5666666666666667,0.0,de,3
EU-Label,EU-Label,ORG,-0.6666666666666666,0.0,de,3
Selensky…,Selensky…,ORG,0.0,0.0,de,3
Luhansk +++ Strack-Zimmermann,Luhansk +++ Strack-Zimmermann,ORG,0.0,0.0,de,3
Ukraine Europa,Ukraine Europa,ORG,0.2833333333333333,0.0,de,3
APA-Anfrage,APA-Anfrage,ORG,0.7999999999999999,0.0,de,3
US-Erlaubnis,US-Erlaubnis,ORG,0.0,0.0,de,3
The Weather Channel,The Weather Channel,ORG,-0.16666666666666666,0.16666666666666666,de-DE,3
Oleksii Makeiev,Oleksii Makeiev,ORG,-0.2833333333333333,0.0,de,3
UN-Kinderhilfswerk,UN-Kinderhilfswerk,ORG,0.2333333333333333,0.0,de,3
Olympia,Olympia,ORG,0.3333333333333333,0.0,de,3
Ford,Ford,ORG,0.0,0.0,de,3
Burgenland Energie,Burgenland Energie,ORG,0.2333333333333333,0.0,de,3
MPK,MPK,ORG,0.0,0.0,de,3
Meereng…,Meereng…,ORG,0.3333333333333333,0.0,de,3
CCS,CCS,ORG,0.3333333333333333,0.0,de,3
Deutsche Gas- und Ölförderung,Deutsche Gas- und Ölförderung,ORG,0.0,0.0,de,3
Ford Deutschland,Ford Deutschland,ORG,0.0,0.0,de,3
Frauenfußball,Frauenfußball,ORG,0.0,0.6666666666666666,de,3
Armenien,Armenien,ORG,0.0,0.0,de,3
sch…,sch…,ORG,0.0,0.0,de,3
Israel +++ Ukrainische Armee,Israel +++ Ukrainische Armee,ORG,0.6999999999999998,0.0,de,3
Internationale Filmfestival Mannheim Heidelberg,Internationale Filmfestival Mannheim Heidelberg,ORG,0.0,0.0,de,3
Salzgitter AG,Salzgitter AG,ORG,0.2333333333333333,0.0,de,3
TU Berlin,TU Berlin,ORG,0.2333333333333333,0.0,de,3
Rowohlt Berlin,Rowohlt Berlin,ORG,0.0,0.0,de,3
Deutschen Energieholz- und Pellet-Verband,Deutschen Energieholz- und Pellet-Verband,ORG,0.0,0.0,de,3
Preissteigeru…,Preissteigeru…,ORG,0.0,0.0,de,3
deu…,deu…,ORG,0.0,0.0,de,3
IMAGO/ITAR-TASS,IMAGO/ITAR-TASS,ORG,0.0,0.0,de,3
Online-Plattform,Online-Plattform,ORG,-0.6666666666666666,0.0,de,3
AI-Infrastruktur,AI-Infrastruktur,ORG,0.0,0.0,de,3
Finnland,Finnland,ORG,-0.05000000000000001,0.0,de,3
US-Verbündete,US-Verbündete,ORG,0.0,0.0,de,3
Selenskyj…,Selenskyj…,ORG,0.3333333333333333,0.0,de,3
TV-Interview,TV-Interview,ORG,0.2333333333333333,0.0,de,3
Borussia,Borussia,ORG,0.0,0.0,de,3
EU-Statistikbehörde,EU-Statistikbehörde,ORG,0.0,0.0,de,3
New Yor…,New Yor…,ORG,0.0,0.0,de,3
Türkei +++,Türkei +++,ORG,0.0,0.0,de,3
Westens für die Ukraine,Westens für die Ukraine,ORG,0.2333333333333333,0.0,de,3
EU-Plan,EU-Plan,ORG,0.0,0.0,de,3
europäischen Ländern,europäischen Ländern,ORG,0.02777777777777779,0.16666666666666666,de,3
WELT-Redakteur,WELT-Redakteur,ORG,0.2333333333333333,0.0,de,3
US-Raketen,US-Raketen,ORG,0.0,0.0,de,3
Iranischen Revolutionsgarden,Iranischen Revolutionsgarden,ORG,-0.3333333333333333,0.0,de,3
Russlands Propaganda,Russlands Propaganda,ORG,0.3333333333333333,0.0,de,3
deutschen Einwanderern,deutschen Einwanderern,ORG,0.0,0.0,de,3
US-Außenministers,US-Außenministers,ORG,-0.10000000000000002,0.0,de,3
The Times,The Times,ORG,0.0,0.0,de,3
Inter…,Inter…,ORG,-0.5666666666666667,0.0,de,3
ADGM,ADGM,ORG,0.0,0.0,de,3
Media,Media,ORG,0.2833333333333333,0.0,de,3
IWH,IWH,ORG,-0.3333333333333333,0.0,de,3
Organisation Save the Children,Organisation Save the Children,ORG,0.2333333333333333,0.0,de,3
AKW Almaraz,AKW Almaraz,ORG,0.0,0.0,de,3
Negativnachrichten,Negativnachrichten,ORG,-0.2333333333333333,0.3333333333333333,de,3
Stoltenberg,Stoltenberg,ORG,0.0,0.3333333333333333,de,3
EU-Kommissar,EU-Kommissar,ORG,-0.2333333333333333,0.0,de,3
Dortmund,Dortmund,ORG,0.0,0.0,de,3
Friedrich-Nauman…,Friedrich-Nauman…,ORG,0.0,0.0,de,3
Mauer,Mauer,ORG,0.0,0.0,de,3
DC,DC,ORG,0.6666666666666666,0.16666666666666666,de,3
Polizeihund,Polizeihund,ORG,-0.3333333333333333,0.0,de,3
Engelhorn,Engelhorn,ORG,0.0,0.0,de,3
+++ Baerbock,+++ Baerbock,ORG,0.0,0.0,de,3
blocki…,blocki…,ORG,0.2333333333333333,0.0,de,3
Exportweltmeister,Exportweltmeister,ORG,0.0,0.0,de,3
TdI,TdI,ORG,0.0,0.0,de,3
ICCT,ICCT,ORG,0.5666666666666667,0.0,de,3
Kriegsregion,Kriegsregion,ORG,0.0,0.0,de,3
Bund für Umwelt und Naturschutz,Bund für Umwelt und Naturschutz,ORG,0.0,0.0,de,3
Detonati…,Detonati…,ORG,0.0,0.0,de,3
Netto,Netto,ORG,0.0,0.0,de,3
Houston L-N-G,Houston L-N-G,ORG,-0.6999999999999998,0.0,de,3
Hannover,Hannover,ORG,0.0,0.0,de,3
Offshore-Windkraft,Offshore-Windkraft,ORG,0.0,0.0,de,3
KI-Zeitalter,KI-Zeitalter,ORG,0.0,0.0,de,3
Patriot-Flugabwehrsystems,Patriot-Flugabwehrsystems,ORG,0.10000000000000002,0.0,de,3
Energie-Krise,Energie-Krise,ORG,0.2333333333333333,0.0,de,3
gl…,gl…,ORG,-0.2333333333333333,0.0,de,3
Odessa ++,Odessa ++,ORG,0.0,0.3333333333333333,de,3
EM-Quali,EM-Quali,ORG,-0.4666666666666666,0.0,de,3
Sozialverband Deutschland,Sozialverband Deutschland,ORG,-0.3499999999999999,0.0,de,3
TV-Doku,TV-Doku,ORG,0.3333333333333333,0.0,de,3
Drohnenproduktion,Drohnenproduktion,ORG,-0.2333333333333333,0.0,de,3
Samstagmittag,Samstagmittag,ORG,0.0,0.0,de,3
World Economic Forum,World Economic Forum,ORG,0.2333333333333333,0.0,de,3
Nationalen Sicherheitsberaters,Nationalen Sicherheitsberaters,ORG,-0.3333333333333333,0.0,de,3
Europä…,Europä…,ORG,0.0,0.0,de,3
US-Sondergesandte,US-Sondergesandte,ORG,0.0,0.0,de,3
Na…,Na…,ORG,0.2333333333333333,0.0,de,3
Ukraine-Fazilität,Ukraine-Fazilität,ORG,0.2333333333333333,0.0,de,3
mind…,mind…,ORG,0.0,0.0,de,3
Iran-Krieg +++,Iran-Krieg +++,ORG,0.2333333333333333,0.0,de,3
SBB,SBB,ORG,0.0,0.0,de,3
DGB,DGB,ORG,0.0,0.0,de,3
UN-Generalsekretärs,UN-Generalsekretärs,ORG,0.4666666666666666,0.0,de,3
Warner Bros,Warner Bros,ORG,-0.2333333333333333,0.0,de,3
Android,Android,ORG,0.2333333333333333,0.6666666666666666,de,3
RusChimAllianz,RusChimAllianz,ORG,0.0,0.0,de,3
Uranmunition,Uranmunition,ORG,-0.6666666666666666,0.0,de,3
UN-Experten,UN-Experten,ORG,-0.3333333333333333,0.3333333333333333,de,3
Bewohner,Bewohner,ORG,-0.2333333333333333,0.0,de,3
SVP-Regierungsrat,SVP-Regierungsrat,ORG,-0.3333333333333333,0.0,de,3
Copernicus Marine Service,Copernicus Marine Service,ORG,0.0,0.0,de,3
UN-Sanktionen,UN-Sanktionen,ORG,-0.2333333333333333,0.0,de,3
Generalsta…,Generalsta…,ORG,0.16666666666666666,0.0,de,3
Isra…,Isra…,ORG,0.0,0.0,de,3
deutschen Gasreserven,deutschen Gasreserven,ORG,-0.2333333333333333,0.0,de,3
Awdijiwka fort +++,Awdijiwka fort +++,ORG,-0.17777777777777778,0.0,de,3
Zäune,Zäune,ORG,0.0,0.0,de,3
Wiederaufb…,Wiederaufb…,ORG,0.0,0.0,de,3
Men…,Men…,ORG,-0.10000000000000002,0.0,de,3
Litauen +++ Selenskyj,Litauen +++ Selenskyj,ORG,-0.3333333333333333,0.0,de,3
Finnland +++,Finnland +++,ORG,0.0,0.0,de,3
Nationalsozialisten,Nationalsozialisten,ORG,0.0,0.0,de,3
Finanz-Vorstand,Finanz-Vorstand,ORG,0.0,0.0,de,3
Jahreshoch,Jahreshoch,ORG,0.0,0.0,de,3
Zielmarke,Zielmarke,ORG,0.0,0.0,de,3
Merkel,Merkel,ORG,1.0,0.0,de,3
Lanz,Lanz,ORG,0.0,0.0,de,3
Saluschnyj,Saluschnyj,ORG,-0.3333333333333333,0.0,de,3
EU-Klimapakets,EU-Klimapakets,ORG,0.6999999999999998,0.0,de,3
BI Gorleben,BI Gorleben,ORG,0.0,0.0,de,3
RKI,RKI,ORG,0.0,0.0,de,3
Damm-Zerstörung,Damm-Zerstörung,ORG,0.0,0.0,de,3
"Seidenstraßen""-Gipfel","Seidenstraßen""-Gipfel",ORG,0.0,0.0,de,3
FCN,FCN,ORG,0.3333333333333333,0.0,de,3
Mittwochabend,Mittwochabend,ORG,0.0,0.0,de,3
FHD,FHD,ORG,0.0,0.3333333333333333,de,3
Gesc…,Gesc…,ORG,0.0,0.0,de,3
Ab…,Ab…,ORG,0.0,0.0,de,3
Frankfurter Buchmesse,Frankfurter Buchmesse,ORG,0.3333333333333333,0.0,de,3
Can,Can,ORG,-0.2333333333333333,0.0,de,3
Adenauer-Stiftung,Adenauer-Stiftung,ORG,0.0,0.0,de,3
Handelsblatt Today,Handelsblatt Today,ORG,0.0,0.0,de,3
Awdijiwka +++ NATO,Awdijiwka +++ NATO,ORG,0.6666666666666666,0.0,de,3
Ukraine +++ Nordkorea,Ukraine +++ Nordkorea,ORG,-0.5666666666666667,0.0,de,3
Bundesinnenministerium,Bundesinnenministerium,ORG,0.0,0.0,de,3
Finanz-Experten,Finanz-Experten,ORG,0.4666666666666666,0.0,de,3
Klimazi…,Klimazi…,ORG,0.0,0.0,de,3
Tado,Tado,ORG,0.2333333333333333,0.0,de,3
Abo,Abo,ORG,0.3333333333333333,0.0,de,3
Iran +++ Trump,Iran +++ Trump,ORG,0.2333333333333333,0.0,de,3
Heizungspläne der Bundesregierung,Heizungspläne der Bundesregierung,ORG,0.0,0.0,de,3
Liter Diesel,Liter Diesel,ORG,0.0,0.0,de,3
Finanz-Apps,Finanz-Apps,ORG,0.6666666666666666,0.0,de,3
Lieferu…,Lieferu…,ORG,0.0,0.0,de,3
Atomstrom,Atomstrom,ORG,0.05000000000000001,0.0,de,3
Staats-TV,Staats-TV,ORG,0.0,0.0,de,3
Rekorde,Rekorde,ORG,0.2333333333333333,0.0,de,3
Wintershall Dea,Wintershall Dea,ORG,-0.3333333333333333,0.0,de,3
grüne Partei,grüne Partei,ORG,0.0,0.0,de,3
Grünstrom,Grünstrom,ORG,0.0,0.6666666666666666,de,3
russischen Parlaments,russischen Parlaments,ORG,0.2333333333333333,0.0,de,3
Iranische Streitkräfte,Iranische Streitkräfte,ORG,-0.2333333333333333,0.0,de,3
Brookings Institution,Brookings Institution,ORG,-0.7777777777777777,0.0,de,3
Kraft +++,Kraft +++,ORG,0.4666666666666666,0.0,de,3
Go…,Go…,ORG,0.0,0.3333333333333333,de,3
n-tv.de,n-tv.de,ORG,0.0,0.0,de,3
Putins Propaganda,Putins Propaganda,ORG,0.4666666666666666,0.0,de,3
ukrainische Sicherheitsdienst,ukrainische Sicherheitsdienst,ORG,0.0,0.0,de,3
Moldau +++,Moldau +++,ORG,0.2333333333333333,0.0,de,3
Marine…,Marine…,ORG,-0.05000000000000001,0.0,de,3
Tarifkonflikt für Aktionen,Tarifkonflikt für Aktionen,ORG,0.0,0.0,de,3
Paris +++,Paris +++,ORG,0.7333333333333334,0.16666666666666666,de,3
BA,BA,ORG,0.0,0.0,de,3
Nabu,Nabu,ORG,0.2333333333333333,0.0,de,3
stern-Interview,stern-Interview,ORG,0.0,0.0,de,3
Zentralbankrat,Zentralbankrat,ORG,-0.11666666666666665,0.0,de,3
CSU-Parteizentrale,CSU-Parteizentrale,ORG,0.0,0.0,de,3
BGE,BGE,ORG,0.0,0.0,de,3
US-Kampfhubschrauber,US-Kampfhubschrauber,ORG,0.0,0.0,de,3
KI,KI,ORG,0.05000000000000001,0.0,de,3
DVGW,DVGW,ORG,0.0,0.6666666666666666,de,3
SPD-Bundestagsfraktion,SPD-Bundestagsfraktion,ORG,0.0,0.0,de,3
Red…,Red…,ORG,0.0,0.0,de,3
UN-Chefs,UN-Chefs,ORG,0.0,0.6666666666666666,de,3
Liveblog Deutschland,Liveblog Deutschland,ORG,-0.2333333333333333,0.0,de,3
englische Meister,englische Meister,ORG,-0.2222222222222222,0.0,de,3
Stra…,Stra…,ORG,-0.3333333333333333,0.0,de,3
US-Angriffswelle,US-Angriffswelle,ORG,0.3333333333333333,0.0,de,3
FOCUS-Kolumnist,FOCUS-Kolumnist,ORG,-0.2333333333333333,0.0,de,3
Kyiv School of Economics,Kyiv School of Economics,ORG,0.0,0.0,de,3
Ratingagentur Moody,Ratingagentur Moody,ORG,-0.2833333333333333,0.0,de,3
Westens +++,Westens +++,ORG,0.3333333333333333,0.0,de,3
Münchner Forschungsinstituts für Wärmeschutz,Münchner Forschungsinstituts für Wärmeschutz,ORG,-0.2222222222222222,0.0,de,3
Mitt…,Mitt…,ORG,0.3333333333333333,0.0,de,3
FC Basel,FC Basel,ORG,0.3333333333333333,0.0,de,3
sa…,sa…,ORG,0.2833333333333333,0.0,de,3
Ukraine +++ USA,Ukraine +++ USA,ORG,-0.3333333333333333,0.0,de,3
Deutschen Bischofskonferenz,Deutschen Bischofskonferenz,ORG,0.0,0.0,de,3
Waffenpaket +++ Russland,Waffenpaket +++ Russland,ORG,0.2333333333333333,0.0,de,3
Temper…,Temper…,ORG,0.0,0.0,de,3
EU der Ukraine,EU der Ukraine,ORG,0.0,0.0,de,3
Staatskonzerns Rosatom,Staatskonzerns Rosatom,ORG,0.2333333333333333,0.0,de,3
Liveblog Moskau,Liveblog Moskau,ORG,0.11111111111111112,0.0,de,3
Second Hand,Second Hand,ORG,0.6666666666666666,0.0,de,3
deutschen Fernsehen,deutschen Fernsehen,ORG,0.5666666666666667,0.0,de,3
EU-Parlamentarier,EU-Parlamentarier,ORG,0.0,0.0,de,3
EA,EA,ORG,0.0,0.3333333333333333,de,3
Fal…,Fal…,ORG,-0.14166666666666666,0.3,de,3
fin…,fin…,ORG,0.0,0.0,de,3
Joint Venture,Joint Venture,ORG,0.0,0.0,de,3
Formel-1-Rennfahrer,Formel-1-Rennfahrer,ORG,0.0,0.0,de,3
AKW Brunsbüttel,AKW Brunsbüttel,ORG,0.0,0.0,de,3
Weltwetterorganisation WMO,Weltwetterorganisation WMO,ORG,0.4666666666666666,0.0,de,3
Russland-Unterstützung,Russland-Unterstützung,ORG,0.0,0.0,de,3
SPD-Fraktionschef,SPD-Fraktionschef,ORG,-0.05000000000000001,0.0,de,3
Militärs,Militärs,ORG,-0.3333333333333333,0.0,de,3
Gegenoffensive +++ London,Gegenoffensive +++ London,ORG,-0.2833333333333333,0.0,de,3
Krim +++ London,Krim +++ London,ORG,0.0,0.0,de,3
Hunter Biden,Hunter Biden,ORG,-0.3333333333333333,0.0,de,3
französischen Energiekonzerns,französischen Energiekonzerns,ORG,-0.11666666666666665,0.0,de,3
Kurzbotscha…,Kurzbotscha…,ORG,0.0,0.0,de,3
Chamenei,Chamenei,ORG,0.0,0.0,de,3
Bayerischen Akademie der Schönen Künste,Bayerischen Akademie der Schönen Künste,ORG,0.4444444444444444,0.1111111111111111,de,3
USA,USA,ORG,0.3333333333333333,0.0,de,3
Palästinenserpräsident Abbas,Palästinenserpräsident Abbas,ORG,-0.2333333333333333,0.6666666666666666,de,3
Atomwaffen-Obergrenze,Atomwaffen-Obergrenze,ORG,0.0,0.0,de,3
Permafrost,Permafrost,ORG,0.0,0.0,de,3
Luftangriffe,Luftangriffe,ORG,0.4666666666666666,0.0,de,3
eigene Partei,eigene Partei,ORG,0.0,0.0,de,2
hei…,hei…,ORG,0.0,0.0,de,2
ISPK,ISPK,ORG,0.0,0.0,de,2
Raketenangriff +++,Raketenangriff +++,ORG,0.0,0.0,de,2
AKW-Nutzung,AKW-Nutzung,ORG,0.0,0.0,de,2
AAA-Akkus,AAA-Akkus,ORG,0.35,0.0,de,2
Meinungsforschungsinstitut Civey,Meinungsforschungsinstitut Civey,ORG,0.35,0.0,de,2
Batteriehersteller Varta,Batteriehersteller Varta,ORG,-0.35,0.0,de,2
verdi…,verdi…,ORG,1.0,0.0,de,2
darübe…,darübe…,ORG,0.0,0.0,de,2
Deutschen Bundestags,Deutschen Bundestags,ORG,0.0,0.0,de,2
Krisen-Klub,Krisen-Klub,ORG,-0.5,0.0,de,2
Stadtverordneten,Stadtverordneten,ORG,0.35,0.0,de,2
Rockstar,Rockstar,ORG,0.35,0.0,de,2
China-Besuch des Kanzlers,China-Besuch des Kanzlers,ORG,-0.35,0.0,de,2
deutsche Fußball-Nationalmannschaft,deutsche Fußball-Nationalmannschaft,ORG,-0.35,0.25,de,2
Matter-Standard,Matter-Standard,ORG,0.0,0.0,de,2
Ukraine Kyjiw,Ukraine Kyjiw,ORG,0.0,0.0,de,2
Mineralölkonzerne,Mineralölkonzerne,ORG,0.0,0.0,de,2
FloQast,FloQast,ORG,0.0,0.0,de,2
deutschen Tores,deutschen Tores,ORG,0.0,0.0,de,2
Rundfunks,Rundfunks,ORG,-0.25,0.25,de,2
Finanzinvestors …,Finanzinvestors …,ORG,0.0,0.0,de,2
Bergsträsser Winzer-Genossenschaft,Bergsträsser Winzer-Genossenschaft,ORG,-0.35,0.0,de,2
Bundesw…,Bundesw…,ORG,0.0,0.0,de,2
Trümme…,Trümme…,ORG,0.0,0.0,de,2
Deutsche Reich,Deutsche Reich,ORG,-0.15000000000000002,0.0,de,2
MBDA,MBDA,ORG,0.0,0.0,de,2
EU-Klimaziel,EU-Klimaziel,ORG,0.0,0.0,de,2
Nacht vonstattenging,Nacht vonstattenging,ORG,0.0,0.0,de,2
IRC,IRC,ORG,-0.85,0.0,de,2
Existenzminimum,Existenzminimum,ORG,-1.0,0.0,de,2
Th…,Th…,ORG,0.35,0.0,de,2
Ukrainische Gegenoffensive,Ukrainische Gegenoffensive,ORG,0.5,0.0,de,2
Oldenburg bundesweit,Oldenburg bundesweit,ORG,0.0,0.0,de,2
Verband will,Verband will,ORG,0.0,0.0,de,2
Landge…,Landge…,ORG,0.35,0.0,de,2
Verbraucherzentrale Hessen,Verbraucherzentrale Hessen,ORG,0.0,0.0,de,2
Gas.de,Gas.de,ORG,0.0,0.0,de,2
EU-Krisengipfel,EU-Krisengipfel,ORG,0.7,0.0,de,2
Labubu,Labubu,ORG,0.0,0.0,de,2
BDO AG,BDO AG,ORG,0.0,0.0,de,2
Iran International,Iran International,ORG,0.0,0.0,de,2
deutsche Luftwaffe,deutsche Luftwaffe,ORG,0.0,0.0,de,2
DFB-Elf,DFB-Elf,ORG,0.0,0.0,de,2
Klima-Klebern!,Klima-Klebern!,ORG,0.0,0.0,de,2
BSW-Fraktion,BSW-Fraktion,ORG,-0.175,0.0,de,2
schwarz-rot-gelben Koalition,schwarz-rot-gelben Koalition,ORG,0.0,0.5,de,2
Finanzinvestor KKR,Finanzinvestor KKR,ORG,0.0,0.0,de,2
Russische Wirtschaft,Russische Wirtschaft,ORG,0.0,0.0,de,2
Kremlsprecher Peskow,Kremlsprecher Peskow,ORG,-0.15000000000000002,0.0,de,2
BSW-Krisensitzung,BSW-Krisensitzung,ORG,0.0,0.0,de,2
US-Initiative,US-Initiative,ORG,-0.35,0.0,de,2
Deutschlands!,Deutschlands!,ORG,0.0,0.0,de,2
Magazi…,Magazi…,ORG,0.0,0.0,de,2
Ice-T,Ice-T,ORG,0.0,0.0,de,2
Saporischschja ++,Saporischschja ++,ORG,0.0,0.0,de,2
Grünen-Parteitag,Grünen-Parteitag,ORG,0.0,0.5,de,2
Cali,Cali,ORG,1.0,0.0,de,2
tschechischen Polizei,tschechischen Polizei,ORG,0.0,0.0,de,2
US-Sonderbeauftragte,US-Sonderbeauftragte,ORG,0.0,0.0,de,2
Wet…,Wet…,ORG,0.0,0.0,de,2
US-Lebensmittelkonzern,US-Lebensmittelkonzern,ORG,0.5,0.0,de,2
Vandalismus,Vandalismus,ORG,0.0,0.0,de,2
Orcan Energy,Orcan Energy,ORG,0.0,0.0,de,2
Hochschule Darmstadt,Hochschule Darmstadt,ORG,0.0,0.0,de,2
Ungarns,Ungarns,ORG,0.35,0.0,de,2
Rammstein,Rammstein,ORG,0.0,0.0,de,2
ARD-Umfrage,ARD-Umfrage,ORG,0.0,0.0,de,2
Heidelberg,Heidelberg,ORG,-0.5,0.0,de,2
britischen Verteidigungsministerium,britischen Verteidigungsministerium,ORG,0.0,0.0,de,2
GLB,GLB,ORG,0.5,0.0,de,2
George Mason University,George Mason University,ORG,0.7,0.0,de,2
Friedensgespräche +++ Ukraine,Friedensgespräche +++ Ukraine,ORG,-0.7,0.0,de,2
Grönlands Klima-Zwiespalt,Grönlands Klima-Zwiespalt,ORG,0.0,0.0,de,2
Moskau +++ Russland,Moskau +++ Russland,ORG,-1.0,0.0,de,2
Verdrießlichkeit +++,Verdrießlichkeit +++,ORG,0.25,0.0,de,2
Weiterfahrt,Weiterfahrt,ORG,0.0,0.0,de,2
Russland +++ Ex-Wagner-Söldner,Russland +++ Ex-Wagner-Söldner,ORG,-0.925,0.0,de,2
Sicherh…,Sicherh…,ORG,0.0,0.0,de,2
Woronesch +++,Woronesch +++,ORG,-0.35,0.0,de,2
Corona-Geldern,Corona-Geldern,ORG,0.7,0.0,de,2
Krisenclub FC St. Pauli,Krisenclub FC St. Pauli,ORG,0.0,0.0,de,2
Hitze,Hitze,ORG,0.0,0.0,de,2
Kompromiss,Kompromiss,ORG,0.0,0.0,de,2
Finnland…,Finnland…,ORG,0.0,0.0,de,2
Zeit Putins,Zeit Putins,ORG,0.0,0.0,de,2
Leitu…,Leitu…,ORG,0.0,0.0,de,2
Energie-Preisbremse,Energie-Preisbremse,ORG,1.0,0.0,de,2
Arte,Arte,ORG,0.0,0.0,de,2
Bundespolizei Hannover,Bundespolizei Hannover,ORG,0.7,0.0,de,2
Finanz-Marketing Verband Österreich,Finanz-Marketing Verband Österreich,ORG,0.0,0.0,de,2
Spanische Polizei,Spanische Polizei,ORG,-0.35,0.0,de,2
spanische Polizei,spanische Polizei,ORG,0.0,0.0,de,2
US-Diplomaten,US-Diplomaten,ORG,-0.15000000000000002,0.0,de,2
DSN,DSN,ORG,0.0,0.0,de,2
Kan…,Kan…,ORG,0.0,0.0,de,2
IPPNW,IPPNW,ORG,0.0,0.0,de,2
Ukraine-News,Ukraine-News,ORG,0.0,0.0,de,2
EU-Asylkompromiss,EU-Asylkompromiss,ORG,0.0,0.0,de,2
Budapest US-Brennstoff,Budapest US-Brennstoff,ORG,-0.7,0.0,de,2
Pax Christi,Pax Christi,ORG,0.0,0.0,de,2
AfD Verbindungen,AfD Verbindungen,ORG,0.7,0.0,de,2
SIPA,SIPA,ORG,0.0,0.0,de,2
Resolution +++ Trump,Resolution +++ Trump,ORG,0.0,0.0,de,2
Minecraft,Minecraft,ORG,0.35,0.0,de,2
deutschen Polizei,deutschen Polizei,ORG,0.0,0.5,de,2
EU-Verteidigung,EU-Verteidigung,ORG,0.6124999999999999,0.0,de,2
AU,AU,ORG,-0.5,0.0,de,2
russische Fernsehen,russische Fernsehen,ORG,0.0,0.0,de,2
Pechstein-Rede,Pechstein-Rede,ORG,-1.0,0.0,de,2
Versp…,Versp…,ORG,0.0,0.0,de,2
Bayerische Wirtschaft,Bayerische Wirtschaft,ORG,-1.0,0.0,de,2
US-Gesandten,US-Gesandten,ORG,0.35,0.0,de,2
bayerische Wirtschaft,bayerische Wirtschaft,ORG,0.0,0.0,de,2
Marder +++ Russland,Marder +++ Russland,ORG,0.7,0.0,de,2
US-Ukrainehilfe,US-Ukrainehilfe,ORG,0.0,0.0,de,2
Marder +++,Marder +++,ORG,0.7,0.0,de,2
Bürger …,Bürger …,ORG,0.0,0.0,de,2
Bund für den Klimaschutz,Bund für den Klimaschutz,ORG,0.0,0.5,de,2
Nato Mission Ukraine,Nato Mission Ukraine,ORG,0.0,0.0,de,2
EU-Asylsystems,EU-Asylsystems,ORG,0.0,0.0,de,2
Truppen +++,Truppen +++,ORG,0.35,0.0,de,2
US-Technologie,US-Technologie,ORG,0.35,0.0,de,2
61-Jährigem,61-Jährigem,ORG,0.0,0.0,de,2
Luftwaffenbasis Saky,Luftwaffenbasis Saky,ORG,0.0,0.0,de,2
Noah Atubolu,Noah Atubolu,ORG,0.0,0.0,de,2
Sondierungsteams von Union,Sondierungsteams von Union,ORG,0.0,0.0,de,2
SPD-Linke,SPD-Linke,ORG,-0.5,0.0,de,2
Rohstoffe,Rohstoffe,ORG,0.35,0.0,de,2
Angriff!,Angriff!,ORG,0.0,0.0,de,2
Naturfreunden,Naturfreunden,ORG,0.0,0.0,de,2
Sony World Photography Award,Sony World Photography Award,ORG,0.0,0.0,de,2
Westen +++,Westen +++,ORG,0.0,0.0,de,2
Leb…,Leb…,ORG,0.0,0.0,de,2
Bundesverfassungs…,Bundesverfassungs…,ORG,0.0,0.0,de,2
Champions-League-Plätze,Champions-League-Plätze,ORG,-0.7,0.0,de,2
Deutsche Städte- und Gemeindebund,Deutsche Städte- und Gemeindebund,ORG,-0.35,0.0,de,2
IAEO,IAEO,ORG,0.0,0.0,de,2
Journa…,Journa…,ORG,0.85,0.0,de,2
Norwegen +++ Rheinmetall,Norwegen +++ Rheinmetall,ORG,0.0,0.0,de,2
Oxfam,Oxfam,ORG,0.35,0.0,de,2
ZTE,ZTE,ORG,0.5,0.0,de,2
US-Militarismus,US-Militarismus,ORG,0.0,0.0,de,2
Obelix,Obelix,ORG,0.0,0.0,de,2
Kongo-Kinshasa,Kongo-Kinshasa,ORG,0.0,0.0,de,2
russischen Regimes,russischen Regimes,ORG,0.5,0.0,de,2
Schmitz Cargobull,Schmitz Cargobull,ORG,0.0,0.0,de,2
ga…,ga…,ORG,0.0,0.0,de,2
Zentr…,Zentr…,ORG,-0.5,0.0,de,2
Kaluga,Kaluga,ORG,0.0,0.0,de,2
deutsc…,deutsc…,ORG,0.44000000000000006,0.0,de,2
Werder,Werder,ORG,0.0,0.0,de,2
US-Außenposten,US-Außenposten,ORG,0.0,0.0,de,2
KEF,KEF,ORG,0.35,0.0,de,2
Ukrainische Grenzbehörden,Ukrainische Grenzbehörden,ORG,0.0,0.0,de,2
Bundeswettbewerbsbehörde,Bundeswettbewerbsbehörde,ORG,0.35,0.0,de,2
Dienstagmittag,Dienstagmittag,ORG,0.0,0.0,de,2
NSDAP,NSDAP,ORG,0.0,0.0,de,2
Starfield Direct,Starfield Direct,ORG,0.7,0.0,de,2
ZEIT-Informationen,ZEIT-Informationen,ORG,0.0,0.0,de,2
Verbraucherzentrale Hamburg,Verbraucherzentrale Hamburg,ORG,0.575,0.0,de,2
Last-Minute-Einigung,Last-Minute-Einigung,ORG,0.0,0.0,de,2
FMVÖ,FMVÖ,ORG,0.0,0.0,de,2
EU ++,EU ++,ORG,0.0,0.0,de,2
Feinstaub,Feinstaub,ORG,-1.0,0.0,de,2
März +++ Moskau,März +++ Moskau,ORG,0.0,0.0,de,2
DFG-VK,DFG-VK,ORG,0.0,0.0,de,2
Finanzmarketing-Community,Finanzmarketing-Community,ORG,0.0,0.0,de,2
Köln,Köln,ORG,0.0,0.0,de,2
Tag Russlands,Tag Russlands,ORG,0.0,0.0,de,2
Eishockey-Star,Eishockey-Star,ORG,0.0,0.0,de,2
Notfallteams,Notfallteams,ORG,0.7,0.0,de,2
US-Musiker,US-Musiker,ORG,0.11666666666666665,0.0,de,2
Deutsche Kreditbank AG,Deutsche Kreditbank AG,ORG,0.0,0.0,de,2
Starlink-Netzwerk,Starlink-Netzwerk,ORG,0.0,0.0,de,2
Sushi Bikes,Sushi Bikes,ORG,0.0,0.5,de,2
FCH,FCH,ORG,0.0,0.0,de,2
Wagner-Kämpfer +++ Prigoschin,Wagner-Kämpfer +++ Prigoschin,ORG,0.0,0.0,de,2
Patriot-Systeme +++ Rheinmetall,Patriot-Systeme +++ Rheinmetall,ORG,0.35,0.5,de,2
TU Braunschweig,TU Braunschweig,ORG,0.0,0.0,de,2
Sondergipfel,Sondergipfel,ORG,0.0,0.0,de,2
Wort +++ Bundesregierung,Wort +++ Bundesregierung,ORG,0.0,0.0,de,2
NATO-Gebiets,NATO-Gebiets,ORG,0.0,0.0,de,2
Deutschen Institut für Wirtschaftsforschung,Deutschen Institut für Wirtschaftsforschung,ORG,0.0,0.0,de,2
EU-Beschluss,EU-Beschluss,ORG,0.0,0.0,de,2
Wort +++,Wort +++,ORG,-0.07500000000000001,0.0,de,2
Bundesamt für Statistik,Bundesamt für Statistik,ORG,0.0,0.0,de,2
Rewe,Rewe,ORG,0.425,0.0,de,2
Cherson +++ Der Newsblog,Cherson +++ Der Newsblog,ORG,0.5,0.0,de,2
Zehn-Tage-Durchschnitt +++,Zehn-Tage-Durchschnitt +++,ORG,0.35,0.0,de,2
EU treibhausgasneutral,EU treibhausgasneutral,ORG,0.0,0.0,de,2
Backzutaten,Backzutaten,ORG,-0.15000000000000002,0.0,de,2
US-Luftabwehrsystems,US-Luftabwehrsystems,ORG,0.0,0.0,de,2
MBS,MBS,ORG,0.7,0.0,de,2
Selenskyj …,Selenskyj …,ORG,0.0,0.0,de,2
WBC,WBC,ORG,0.0,0.0,de,2
WBA,WBA,ORG,0.0,0.0,de,2
WBO,WBO,ORG,0.0,0.0,de,2
füh…,füh…,ORG,-0.35,0.0,de,2
Chemnitzer Bundesliga-Basketballer,Chemnitzer Bundesliga-Basketballer,ORG,-0.35,0.0,de,2
IBF,IBF,ORG,0.0,0.0,de,2
Frankfurter…,Frankfurter…,ORG,0.16666666666666666,0.0,de,2
Bundesreg…,Bundesreg…,ORG,0.0,0.0,de,2
NRA,NRA,ORG,0.0,0.0,de,2
Fünfprozenthürde,Fünfprozenthürde,ORG,0.0,0.0,de,2
JP Morgan,JP Morgan,ORG,0.0,0.0,de,2
CT Aplink,CT Aplink,ORG,0.85,0.0,de,2
Marvel-Star,Marvel-Star,ORG,0.0,0.0,de,2
Kreml-Partei,Kreml-Partei,ORG,-0.7,0.0,de,2
bevorsteh…,bevorsteh…,ORG,0.0,0.0,de,2
Hamburg Energie,Hamburg Energie,ORG,-0.85,0.0,de,2
SPD-Politik,SPD-Politik,ORG,-0.5,0.0,de,2
Russe Jurij Markow,Russe Jurij Markow,ORG,0.7,0.0,de,2
Komponistin Cat Hope,Komponistin Cat Hope,ORG,0.0,0.0,de,2
Prä…,Prä…,ORG,0.0,0.0,de,2
Befe…,Befe…,ORG,0.0,0.0,de,2
Zürcher Finanzunternehmen,Zürcher Finanzunternehmen,ORG,0.0,0.0,de,2
Klimaforscher Rockström,Klimaforscher Rockström,ORG,1.0,0.0,de,2
IShowSpeed,IShowSpeed,ORG,0.0,0.0,de,2
PC-Hardware,PC-Hardware,ORG,0.15000000000000002,0.0,de,2
DECT,DECT,ORG,0.35,0.0,de,2
SVEN SIMON,SVEN SIMON,ORG,-0.35,0.0,de,2
IBO,IBO,ORG,0.0,0.0,de,2
Ukrainer Oleksandr,Ukrainer Oleksandr,ORG,0.0,0.0,de,2
Tyson Fury,Tyson Fury,ORG,0.0,0.0,de,2
US-Geschäft,US-Geschäft,ORG,0.7,0.0,de,2
Offensive +++,Offensive +++,ORG,0.75,0.25,de,2
Washington +++ Trump,Washington +++ Trump,ORG,-0.35,0.0,de,2
Gericht +++,Gericht +++,ORG,0.0,0.0,de,2
Handelsfragen +++,Handelsfragen +++,ORG,0.0,0.0,de,2
EU Krisenmanagement,EU Krisenmanagement,ORG,0.0,0.0,de,2
WM-Rechte,WM-Rechte,ORG,0.7,0.0,de,2
Institut für Biodiversitätsinformation,Institut für Biodiversitätsinformation,ORG,0.18333333333333332,0.0,de,2
IfBI,IfBI,ORG,0.18333333333333332,0.0,de,2
Krise!,Krise!,ORG,-0.175,0.25,de,2
Unteren Letten,Unteren Letten,ORG,0.0,0.0,de,2
Deutschen Gewerkschaftsbund,Deutschen Gewerkschaftsbund,ORG,0.0,0.0,de,2
Mafia-Boss Pasquale Bonavota,Mafia-Boss Pasquale Bonavota,ORG,0.0,0.0,de,2
US-Konzerne,US-Konzerne,ORG,0.35,0.0,de,2
Roche,Roche,ORG,0.0,0.0,de,2
deutschen Marine,deutschen Marine,ORG,0.0,0.0,de,2
SvenSimon,SvenSimon,ORG,-0.5,0.0,de,2
Messenger Telegram,Messenger Telegram,ORG,-0.5,0.0,de,2
AfD!,AfD!,ORG,0.0,0.0,de,2
internationalen Ultrarechten,internationalen Ultrarechten,ORG,0.0,0.0,de,2
Doppelpass  ,Doppelpass  ,ORG,0.16666666666666666,0.0,de,2
Tag,Tag,ORG,0.0,0.0,de,2
Ukraine +++ Tote,Ukraine +++ Tote,ORG,0.0,0.0,de,2
US-Marines,US-Marines,ORG,0.0,0.0,de,2
Propaga…,Propaga…,ORG,0.0,0.0,de,2
Mach…,Mach…,ORG,0.0,0.0,de,2
Deutschlandradio,Deutschlandradio,ORG,0.0,0.0,de,2
Treibstofflager +++,Treibstofflager +++,ORG,0.175,0.0,de,2
Russland +++ Polizei Charkiw,Russland +++ Polizei Charkiw,ORG,0.0,0.0,de,2
Grüne Al-Wazir,Grüne Al-Wazir,ORG,1.0,0.0,de,2
Club,Club,ORG,0.5,0.0,de,2
Röschen,Röschen,ORG,0.0,0.0,de,2
• Foto,• Foto,ORG,-0.425,0.5,de,2
NATO-Beteiligung,NATO-Beteiligung,ORG,-0.5125,0.0,de,2
HIMARS,HIMARS,ORG,-0.125,0.0,de,2
Unwetter-Alarm!,Unwetter-Alarm!,ORG,0.0,0.0,de,2
LNG-Importe,LNG-Importe,ORG,0.0,0.0,de,2
Konsequenzen,Konsequenzen,ORG,0.0,0.0,de,2
photothek,photothek,ORG,0.5,0.0,de,2
Deutschen Städte- und Gemeindebundes,Deutschen Städte- und Gemeindebundes,ORG,-1.0,0.0,de,2
Waffenherstellers Donaustahl,Waffenherstellers Donaustahl,ORG,0.0,0.0,de,2
Saporischschja +++ Selenskyj,Saporischschja +++ Selenskyj,ORG,0.5,0.0,de,2
Western Digital,Western Digital,ORG,0.35,0.0,de,2
EU-Verteidigungsausschusses,EU-Verteidigungsausschusses,ORG,-0.7,0.0,de,2
Imamoglu,Imamoglu,ORG,-0.5,0.0,de,2
AKP,AKP,ORG,0.0,0.0,de,2
Nationalen Sicherheits- und Verteidigungsrats,Nationalen Sicherheits- und Verteidigungsrats,ORG,0.0,0.0,de,2
Hamburger Hafencity,Hamburger Hafencity,ORG,0.7999999999999999,0.0,de,2
har…,har…,ORG,0.0,0.0,de,2
RIA …,RIA …,ORG,0.0,0.0,de,2
UGREEN,UGREEN,ORG,0.07500000000000001,0.0,de,2
US-Angriffs,US-Angriffs,ORG,-0.35,0.0,de,2
Versorgers Gasag,Versorgers Gasag,ORG,0.0,0.0,de,2
Klima-Netzwerk der Grünen,Klima-Netzwerk der Grünen,ORG,0.0,0.0,de,2
Uni,Uni,ORG,0.0,0.0,de,2
Sicherheitsschutz +++ Neue Details,Sicherheitsschutz +++ Neue Details,ORG,-1.0,0.0,de,2
US-Sicherheitsrates,US-Sicherheitsrates,ORG,0.7,0.0,de,2
Söders CSU,Söders CSU,ORG,0.0,0.0,de,2
Deutschen Press…,Deutschen Press…,ORG,0.0,0.0,de,2
mü…,mü…,ORG,0.0,0.0,de,2
Bevölkerun…,Bevölkerun…,ORG,0.0,0.0,de,2
SuperFire Stirnlampe,SuperFire Stirnlampe,ORG,0.0,0.0,de,2
Flüssiggas-Importen,Flüssiggas-Importen,ORG,0.0,0.0,de,2
Neubauten,Neubauten,ORG,0.0,0.0,de,2
Counterstrike,Counterstrike,ORG,0.0,0.0,de,2
Curling-Start +++ Cyber-Attacke,Curling-Start +++ Cyber-Attacke,ORG,-0.7,0.0,de,2
Reporter ohne Grenzen,Reporter ohne Grenzen,ORG,-0.35,0.0,de,2
Integrationsministerium,Integrationsministerium,ORG,0.0,0.0,de,2
COP-Präsident,COP-Präsident,ORG,0.0,0.0,de,2
Ökoworld AG,Ökoworld AG,ORG,-1.0,0.0,de,2
US-Highschool,US-Highschool,ORG,0.0,0.0,de,2
Kita-Finanzierung,Kita-Finanzierung,ORG,0.0,0.0,de,2
Menschenrechtsorganisation Human Rights Watch,Menschenrechtsorganisation Human Rights Watch,ORG,1.0,0.0,de,2
Human Rights Watch,Human Rights Watch,ORG,0.925,0.0,de,2
Sparziele,Sparziele,ORG,0.0,0.0,de,2
Bo…,Bo…,ORG,0.0,0.0,de,2
Brrrr!,Brrrr!,ORG,0.0,0.0,de,2
Jüdische Gemeinde Frankfurt,Jüdische Gemeinde Frankfurt,ORG,0.0,0.0,de,2
El-Niño,El-Niño,ORG,0.0,0.5,de,2
Ökoworld,Ökoworld,ORG,-1.0,0.0,de,2
kei,kei,ORG,0.0,0.0,de,2
English Theatre,English Theatre,ORG,0.0,0.0,de,2
TV-Experten,TV-Experten,ORG,0.35,0.0,de,2
Ver.di,Ver.di,ORG,0.0,0.0,de,2
Ukrainern +++,Ukrainern +++,ORG,0.35,0.0,de,2
ukrainische Militärgeheimdienst,ukrainische Militärgeheimdienst,ORG,-0.5,0.0,de,2
ukrainische Agentur,ukrainische Agentur,ORG,0.0,0.0,de,2
NATO …,NATO …,ORG,0.0,0.0,de,2
Jesuit,Jesuit,ORG,0.07500000000000001,0.0,de,2
Untersuchu…,Untersuchu…,ORG,0.0,0.0,de,2
ifa,ifa,ORG,0.0,0.0,de,2
Gesellschaft für Finanz- und Aktuarwissenschaften,Gesellschaft für Finanz- und Aktuarwissenschaften,ORG,0.0,0.0,de,2
Rundf…,Rundf…,ORG,0.35,0.0,de,2
Ein-China-Politik,Ein-China-Politik,ORG,0.925,0.0,de,2
Geo Digital Pencil,Geo Digital Pencil,ORG,0.925,0.0,de,2
prorussische Regierung,prorussische Regierung,ORG,0.0,0.0,de,2
NATO-Perspektive,NATO-Perspektive,ORG,-0.2916666666666667,0.0,de,2
Charkiws +++ London,Charkiws +++ London,ORG,-0.2125,0.0,de,2
deutschen AKWs,deutschen AKWs,ORG,0.0,0.0,de,2
Ukraine Überwachungsflugzeuge +++,Ukraine Überwachungsflugzeuge +++,ORG,-0.5,0.0,de,2
EU-Beitrittsgespräche +++ Schweden,EU-Beitrittsgespräche +++ Schweden,ORG,-0.5,0.0,de,2
RWE-Aktie,RWE-Aktie,ORG,0.73,0.0,de,2
++ China,++ China,ORG,-0.35,0.0,de,2
Sonos Ace Ultra,Sonos Ace Ultra,ORG,0.0,0.0,de,2
deutschen Bundesliga,deutschen Bundesliga,ORG,0.0,0.0,de,2
Su-25-Kampfflugzeuge,Su-25-Kampfflugzeuge,ORG,0.0,0.0,de,2
Bundesministerium für Wirtschaft und Klimaschutz,Bundesministerium für Wirtschaft und Klimaschutz,ORG,0.25,0.0,de,2
Unterbringungsmöglichkeiten,Unterbringungsmöglichkeiten,ORG,0.0,0.0,de,2
Lindner-Liberalen,Lindner-Liberalen,ORG,0.0,0.0,de,2
USA …,USA …,ORG,0.0,0.0,de,2
Mbaer Merchant Bank,Mbaer Merchant Bank,ORG,0.0,0.0,de,2
Disney +,Disney +,ORG,0.0,0.0,de,2
CSI Neustadt-Dosse,CSI Neustadt-Dosse,ORG,0.0,0.0,de,2
Scholz & Friends,Scholz & Friends,ORG,-0.35,0.0,de,2
Bundesministeriums für Digitales und Verkehr,Bundesministeriums für Digitales und Verkehr,ORG,0.0,0.0,de,2
BMDV,BMDV,ORG,0.0,0.0,de,2
ZB,ZB,ORG,-0.35,0.0,de,2
mutmaßlichem Anschlag,mutmaßlichem Anschlag,ORG,0.0,0.0,de,2
al…,al…,ORG,0.175,0.0,de,2
Marvel Cinematic Universe,Marvel Cinematic Universe,ORG,0.0,0.0,de,2
Boden +++,Boden +++,ORG,0.35,0.0,de,2
Frachtverkehr,Frachtverkehr,ORG,0.0,0.0,de,2
Verteidigun…,Verteidigun…,ORG,0.35,0.0,de,2
Russland Ungarn,Russland Ungarn,ORG,-0.43333333333333335,0.0,de,2
Einsat…,Einsat…,ORG,0.0,0.0,de,2
Heeres,Heeres,ORG,-0.07500000000000001,0.0,de,2
DDR…,DDR…,ORG,0.85,0.0,de,2
KI-Generiert,KI-Generiert,ORG,-0.35,0.0,de,2
ukrainis…,ukrainis…,ORG,-0.35,0.0,de,2
Slowenien,Slowenien,ORG,0.0,0.0,de,2
Dokumente-Leak,Dokumente-Leak,ORG,1.0,0.0,de,2
Hamburger…,Hamburger…,ORG,0.0,0.0,de,2
"Ukraine
","Ukraine
",ORG,0.0,0.0,de,2
Netzausbau Tempo,Netzausbau Tempo,ORG,0.0,0.0,de,2
Ostdeutschland,Ostdeutschland,ORG,0.35,0.0,de,2
Extincton Rebellion,Extincton Rebellion,ORG,0.0,0.0,de,2
belgischen Streitkräfte,belgischen Streitkräfte,ORG,0.0,0.0,de,2
US-Widerstände,US-Widerstände,ORG,0.0,0.0,de,2
Wirts…,Wirts…,ORG,0.0,0.0,de,2
Deutsche Werbefilmakademie,Deutsche Werbefilmakademie,ORG,1.0,0.0,de,2
ZiG,ZiG,ORG,0.7,0.0,de,2
US-Waffen,US-Waffen,ORG,0.0,0.0,de,2
US-Verbraucher,US-Verbraucher,ORG,1.0,0.0,de,2
Bündnisses,Bündnisses,ORG,0.0,0.0,de,2
Internationaler Währungsfonds,Internationaler Währungsfonds,ORG,0.0,0.0,de,2
Demons…,Demons…,ORG,0.0,0.0,de,2
Klimastreiks,Klimastreiks,ORG,0.5,0.0,de,2
Europa +++ Biden,Europa +++ Biden,ORG,0.2875,0.0,de,2
USA-Iran-Konflikt,USA-Iran-Konflikt,ORG,0.0,0.0,de,2
Zentrum des neuen Plans,Zentrum des neuen Plans,ORG,0.0,0.0,de,2
NATO-Generalsekre…,NATO-Generalsekre…,ORG,0.0,0.0,de,2
Deutschen Biomasseforschungszentrum,Deutschen Biomasseforschungszentrum,ORG,-0.5,0.0,de,2
NATO Defense College,NATO Defense College,ORG,0.0,0.0,de,2
Ausb…,Ausb…,ORG,0.35,0.0,de,2
FD…,FD…,ORG,-0.07500000000000001,0.0,de,2
FDP-Bundesparteitag,FDP-Bundesparteitag,ORG,0.35,0.0,de,2
Russland +++ Melnyk,Russland +++ Melnyk,ORG,0.0,0.0,de,2
Ukrainer +++ ,Ukrainer +++ ,ORG,0.0,0.0,de,2
russischen Verbandes der Milchproduzenten,russischen Verbandes der Milchproduzenten,ORG,0.0,0.0,de,2
Status quo,Status quo,ORG,0.0,0.0,de,2
Warmblütern,Warmblütern,ORG,0.35,0.25,de,2
fÃ¼r,fÃ¼r,ORG,0.0,0.0,de,2
nationalen Streitkräfte,nationalen Streitkräfte,ORG,0.0,0.0,de,2
Gasparadies Saudi-Arabien,Gasparadies Saudi-Arabien,ORG,0.0,0.0,de,2
EZB-Direktorium,EZB-Direktorium,ORG,0.0,0.0,de,2
Ökonomin Schnabel,Ökonomin Schnabel,ORG,0.0,0.0,de,2
DB Navigator,DB Navigator,ORG,0.0,0.0,de,2
Ungarn-Wahl,Ungarn-Wahl,ORG,0.0,0.0,de,2
Instituts für Arbeitsmarkt- und Berufsforschung,Instituts für Arbeitsmarkt- und Berufsforschung,ORG,0.0,0.0,de,2
WEGs,WEGs,ORG,0.0,0.0,de,2
Internationales Nawalny-Gedenken – Russland,Internationales Nawalny-Gedenken – Russland,ORG,-0.5,0.0,de,2
Online-Händler,Online-Händler,ORG,0.0,0.0,de,2
Deutsch-Israelische Gesellschaft,Deutsch-Israelische Gesellschaft,ORG,0.0,0.0,de,2
Hochschulaustausch DAAD,Hochschulaustausch DAAD,ORG,0.0,0.0,de,2
GM,GM,ORG,0.0,0.0,de,2
COP27,COP27,ORG,0.35,0.0,de,2
Hamburger Flughafens,Hamburger Flughafens,ORG,0.0,0.0,de,2
Rozetka,Rozetka,ORG,-0.5,0.0,de,2
Nvidia Geforce RTX,Nvidia Geforce RTX,ORG,0.0,0.5,de,2
UKRAINE-KRIEG,UKRAINE-KRIEG,ORG,0.35,0.0,de,2
Männern!,Männern!,ORG,-1.0,0.0,de,2
NATO-Staats,NATO-Staats,ORG,0.7,0.0,de,2
PowerStations,PowerStations,ORG,0.0,0.0,de,2
G7-Außenminister,G7-Außenminister,ORG,-0.5,0.0,de,2
EU-Vorgabe,EU-Vorgabe,ORG,-1.0,0.0,de,2
DAX-Anleger,DAX-Anleger,ORG,-1.0,0.0,de,2
Kriegsbegin…,Kriegsbegin…,ORG,0.0,0.0,de,2
Donut Lab,Donut Lab,ORG,0.35,0.5,de,2
PK,PK,ORG,0.0,0.0,de,2
EU-Kommissarin,EU-Kommissarin,ORG,0.0,0.0,de,2
Deutsche Rentenversicherung,Deutsche Rentenversicherung,ORG,0.0,0.0,de,2
Tab…,Tab…,ORG,0.0,0.0,de,2
islamischen Ennahda-Partei,islamischen Ennahda-Partei,ORG,0.0,0.0,de,2
Ghannouchi,Ghannouchi,ORG,0.0,0.0,de,2
Real-Routiniers Luka Modric,Real-Routiniers Luka Modric,ORG,0.0,0.0,de,2
Zentrum für politische Schönheit,Zentrum für politische Schönheit,ORG,0.0,0.0,de,2
Big Points,Big Points,ORG,-0.7,0.0,de,2
Shop Apotheke,Shop Apotheke,ORG,0.0,0.0,de,2
KurschartShortseller,KurschartShortseller,ORG,0.0,0.0,de,2
München…,München…,ORG,0.0,0.0,de,2
NGbK,NGbK,ORG,0.0,0.0,de,2
Bundesregierung +++,Bundesregierung +++,ORG,0.35,0.0,de,2
Idorsia,Idorsia,ORG,0.0,0.0,de,2
Sicherheitslücke,Sicherheitslücke,ORG,0.7,0.0,de,2
EU-Ziel,EU-Ziel,ORG,0.0,0.0,de,2
Rüs…,Rüs…,ORG,0.0,0.0,de,2
Anti-Kriegs-Koalition,Anti-Kriegs-Koalition,ORG,0.0,0.0,de,2
Deutsche Reiseverband,Deutsche Reiseverband,ORG,0.07500000000000001,0.0,de,2
FC Internationale,FC Internationale,ORG,0.0,0.0,de,2
Liveblog Kevin Kühnerts Postfach,Liveblog Kevin Kühnerts Postfach,ORG,0.0,0.0,de,2
Bundesliga-Schlusslicht Hertha BSC,Bundesliga-Schlusslicht Hertha BSC,ORG,0.0,0.0,de,2
Deutschen Gewerkschaftsbundes,Deutschen Gewerkschaftsbundes,ORG,0.5,0.0,de,2
CO2-Emissionshandel,CO2-Emissionshandel,ORG,0.35,0.0,de,2
US-Attacken,US-Attacken,ORG,0.0,0.0,de,2
Bayerische Landeskriminalamt,Bayerische Landeskriminalamt,ORG,0.0,0.0,de,2
Pixel Watch,Pixel Watch,ORG,-0.05000000000000001,0.16666666666666666,de,2
Pixel Fold,Pixel Fold,ORG,0.35,0.0,de,2
UNDP,UNDP,ORG,-0.5,0.0,de,2
deutsche Eishockey-Star,deutsche Eishockey-Star,ORG,0.0,0.0,de,2
Edmonton Oilers,Edmonton Oilers,ORG,0.5,0.0,de,2
Deutschen Regas,Deutschen Regas,ORG,0.0,0.0,de,2
Kiew +++ Feuer,Kiew +++ Feuer,ORG,0.425,0.0,de,2
Selenskyi,Selenskyi,ORG,0.15000000000000002,0.0,de,2
Bremer Institut für Seeverkehrswirtschaft und Logistik,Bremer Institut für Seeverkehrswirtschaft und Logistik,ORG,-1.0,0.0,de,2
Neonazi Sven Liebich,Neonazi Sven Liebich,ORG,0.7,0.0,de,2
EU-Fahnen,EU-Fahnen,ORG,0.0,0.0,de,2
FOCUS-online-Redakteu…,FOCUS-online-Redakteu…,ORG,0.0,0.0,de,2
Russen +++ Trump,Russen +++ Trump,ORG,0.5416666666666666,0.0,de,2
Habeck-Besuch +++ Trump,Habeck-Besuch +++ Trump,ORG,0.0,0.0,de,2
US-Vertreters,US-Vertreters,ORG,0.7,0.0,de,2
USA +++ Pole,USA +++ Pole,ORG,0.0,0.0,de,2
Hel­fe­r,Hel­fe­r,ORG,0.0,0.0,de,2
OFF Records,OFF Records,ORG,0.0,0.0,de,2
Coronapandemie,Coronapandemie,ORG,0.0,0.5,de,2
On Air,On Air,ORG,0.0,0.0,de,2
Sächsische Aufbaubank,Sächsische Aufbaubank,ORG,-0.35,0.0,de,2
Deutsche Oper,Deutsche Oper,ORG,0.7,0.0,de,2
EU will Ukraine,EU will Ukraine,ORG,0.0,0.0,de,2
IG Metall Mitte,IG Metall Mitte,ORG,0.7,0.0,de,2
Gas- und Ölkonzern Shell,Gas- und Ölkonzern Shell,ORG,0.0,0.0,de,2
TWAAO,TWAAO,ORG,0.0,0.0,de,2
Militärpaket +++ Drohnenangriff,Militärpaket +++ Drohnenangriff,ORG,0.41666666666666663,0.3333333333333333,de,2
Rettungskräfte,Rettungskräfte,ORG,0.0,0.0,de,2
Russlands +++ Pentagon,Russlands +++ Pentagon,ORG,0.0,0.0,de,2
Notstromaggregate brummen,Notstromaggregate brummen,ORG,-1.0,0.0,de,2
Taskforce KleptoCa…,Taskforce KleptoCa…,ORG,0.0,0.0,de,2
Ukraine +++ Heusgen,Ukraine +++ Heusgen,ORG,-1.0,0.0,de,2
MAGA-Stimmungsmachern,MAGA-Stimmungsmachern,ORG,0.0,0.0,de,2
BSW-Finanzminister Crumbach,BSW-Finanzminister Crumbach,ORG,0.7,0.0,de,2
Alemannia Aachen,Alemannia Aachen,ORG,0.0,0.0,de,2
"ZEIT 
","ZEIT 
",ORG,0.0,0.0,de,2
verf…,verf…,ORG,-0.125,0.0,de,2
britische…,britische…,ORG,0.0,0.0,de,2
US-Aktion,US-Aktion,ORG,0.35,0.5,de,2
EU-Katastrophenschutz,EU-Katastrophenschutz,ORG,0.0,0.0,de,2
Klimaschutz-Reform,Klimaschutz-Reform,ORG,-0.5,0.0,de,2
Biden,Biden,ORG,0.0,0.0,de,2
Nachbarlandes,Nachbarlandes,ORG,0.175,0.5,de,2
Die Terrororganisation,Die Terrororganisation,ORG,-0.35,0.0,de,2
… Berlin,… Berlin,ORG,0.5,0.0,de,2
Zoonar,Zoonar,ORG,0.0,0.0,de,2
Atommacht,Atommacht,ORG,-0.5,0.0,de,2
CDU-Bundestagsabgeordnete,CDU-Bundestagsabgeordnete,ORG,-0.35,0.0,de,2
Vereinigten Arabischen Emiraten,Vereinigten Arabischen Emiraten,ORG,0.5,0.0,de,2
jemenitische Regierung,jemenitische Regierung,ORG,0.0,0.0,de,2
TurkStream,TurkStream,ORG,0.0,0.0,de,2
Rewe Gruppe,Rewe Gruppe,ORG,0.0,0.0,de,2
Dnipro +++ Ukraine,Dnipro +++ Ukraine,ORG,0.0,0.0,de,2
Deutsche Eishockey Liga,Deutsche Eishockey Liga,ORG,0.0,0.0,de,2
++ Litauen,++ Litauen,ORG,0.0,0.0,de,2
aus</li><li,aus</li><li,ORG,-0.5874999999999999,0.0,de,2
Institut für Klimapsychologie,Institut für Klimapsychologie,ORG,0.0,0.5,de,2
europäischen Union,europäischen Union,ORG,-0.7,0.0,de,2
VW-Belegschaft,VW-Belegschaft,ORG,0.0,0.0,de,2
NATO +++ Vance,NATO +++ Vance,ORG,-0.35,0.0,de,2
Fischtown Pinguins Bremer…,Fischtown Pinguins Bremer…,ORG,0.0,0.0,de,2
Regieru…,Regieru…,ORG,0.0,0.0,de,2
Prager,Prager,ORG,0.7,0.0,de,2
Nachrichtenagentu…,Nachrichtenagentu…,ORG,0.0,0.0,de,2
bb,bb,ORG,0.0,0.0,de,2
versu…,versu…,ORG,0.0,0.0,de,2
Wirtschaftsauskunftei Schufa,Wirtschaftsauskunftei Schufa,ORG,0.0,0.0,de,2
Russlands +++ Von,Russlands +++ Von,ORG,0.0,0.0,de,2
Cherson,Cherson,ORG,-0.35,0.0,de,2
Aldi Talk,Aldi Talk,ORG,0.0,0.5,de,2
Geldvermögen der Deutschen,Geldvermögen der Deutschen,ORG,0.0,0.0,de,2
Anleihen-ETFs,Anleihen-ETFs,ORG,0.5,0.0,de,2
Flucht +++ Gouverneur,Flucht +++ Gouverneur,ORG,-0.0875,0.5,de,2
son…,son…,ORG,0.5249999999999999,0.0,de,2
Anadolu,Anadolu,ORG,0.0,0.0,de,2
AfD-Landtagsabgeordnete,AfD-Landtagsabgeordnete,ORG,0.0,0.0,de,2
Glaubwürdigke…,Glaubwürdigke…,ORG,0.0,0.0,de,2
Deutschen Evangelischen Kirchentags,Deutschen Evangelischen Kirchentags,ORG,0.0,0.0,de,2
Nord…,Nord…,ORG,0.0,0.0,de,2
US-Investit…,US-Investit…,ORG,0.0,0.0,de,2
Ukraine-Friedenskonferenz +++,Ukraine-Friedenskonferenz +++,ORG,0.35,0.0,de,2
Ukraine-News ++ „Es,Ukraine-News ++ „Es,ORG,0.0,0.0,de,2
Funkstandards,Funkstandards,ORG,0.0,0.0,de,2
Spit­zen­po­li­ti­ke­r von Union,Spit­zen­po­li­ti­ke­r von Union,ORG,0.0,0.0,de,2
Universität Hamburg,Universität Hamburg,ORG,0.0,0.0,de,2
Bank Oddo BHF,Bank Oddo BHF,ORG,0.5,0.0,de,2
EU-Einschränkungen,EU-Einschränkungen,ORG,0.0,0.0,de,2
US-Repräsentantenhaus +++ Scholz,US-Repräsentantenhaus +++ Scholz,ORG,0.0,0.0,de,2
Rhein-Neckar Löwen!,Rhein-Neckar Löwen!,ORG,-1.0,0.0,de,2
Deutscher Gasspeicher-Füllstand,Deutscher Gasspeicher-Füllstand,ORG,0.0,0.5,de,2
EU-Programm Copernicus,EU-Programm Copernicus,ORG,0.0,0.0,de,2
Anteilseignern,Anteilseignern,ORG,-0.5,0.0,de,2
IG BAU,IG BAU,ORG,-0.5,0.25,de,2
Friedensplans,Friedensplans,ORG,0.0,0.0,de,2
US-Waffenpaket,US-Waffenpaket,ORG,-0.5,0.0,de,2
US-Vorstoß,US-Vorstoß,ORG,0.0,0.0,de,2
+++ Berlin,+++ Berlin,ORG,-0.26249999999999996,0.0,de,2
Kiew +++ Amerika,Kiew +++ Amerika,ORG,0.0,0.0,de,2
Gipfeltreffens der Europäischen Politischen Gemeinschaft,Gipfeltreffens der Europäischen Politischen Gemeinschaft,ORG,-0.35,0.0,de,2
Pekinger Außenministeriums,Pekinger Außenministeriums,ORG,0.0,0.0,de,2
Nanu!,Nanu!,ORG,0.0,0.0,de,2
Internet-Sender DAZN,Internet-Sender DAZN,ORG,0.0,0.0,de,2
Trump-Vorstoß +++ Pistorius,Trump-Vorstoß +++ Pistorius,ORG,-1.0,0.0,de,2
Kernkraftwerk Tschernobyl +++ Vance,Kernkraftwerk Tschernobyl +++ Vance,ORG,-0.35,0.5,de,2
Ukraine-Truppen,Ukraine-Truppen,ORG,0.0,0.0,de,2
Handelspartner Irans,Handelspartner Irans,ORG,0.0,0.0,de,2
Belgien,Belgien,ORG,-0.35,0.0,de,2
Heckler & Koch-Aktionären,Heckler & Koch-Aktionären,ORG,0.0,0.0,de,2
Verteidigungsministeriums,Verteidigungsministeriums,ORG,0.0,0.0,de,2
Spoiler!,Spoiler!,ORG,0.0,0.0,de,2
Zentralrat der Juden in Deutschland,Zentralrat der Juden in Deutschland,ORG,-0.85,0.0,de,2
fff,fff,ORG,0.55,0.16666666666666666,de,2
Narwal Freo,Narwal Freo,ORG,0.7749999999999999,0.0,de,2
Ersthelfers,Ersthelfers,ORG,0.0,0.0,de,2
Berlin +++ Bundeswehr,Berlin +++ Bundeswehr,ORG,0.7,0.0,de,2
rare Perspektive,rare Perspektive,ORG,0.7,0.0,de,2
Domo Chemicals,Domo Chemicals,ORG,-0.4083333333333333,0.16666666666666666,de,2
System Putin,System Putin,ORG,-0.35,0.0,de,2
Front +++ BND-Chef,Front +++ BND-Chef,ORG,-0.35,0.0,de,2
Blo…,Blo…,ORG,0.0,0.0,de,2
Bundeskriminalamts,Bundeskriminalamts,ORG,0.0,0.0,de,2
Deutschen Computerspielpreises,Deutschen Computerspielpreises,ORG,-0.7,0.0,de,2
US-Preise,US-Preise,ORG,0.0,0.0,de,2
Couch,Couch,ORG,0.0,0.0,de,2
Bachmut  ,Bachmut  ,ORG,0.0,0.0,de,2
Rom +++ EU-Außenminister,Rom +++ EU-Außenminister,ORG,-1.0,0.0,de,2
Reube…,Reube…,ORG,0.0,0.0,de,2
Verteidigungsministerium in,Verteidigungsministerium in,ORG,0.0,0.0,de,2
SPD-Parteichefs,SPD-Parteichefs,ORG,-1.0,0.0,de,2
Sanktionspaket +++,Sanktionspaket +++,ORG,-0.5,0.0,de,2
sachsen-anhaltischen Grünen,sachsen-anhaltischen Grünen,ORG,0.0,0.0,de,2
Weltwirtschaftsforum f…,Weltwirtschaftsforum f…,ORG,0.0,0.0,de,2
Online-Magazin,Online-Magazin,ORG,-0.35,0.0,de,2
Bayern-SPD,Bayern-SPD,ORG,0.0,0.0,de,2
bayerische SPD,bayerische SPD,ORG,0.7,0.0,de,2
US-Waffen +++ NATO,US-Waffen +++ NATO,ORG,-0.15000000000000002,0.0,de,2
Leverkusen,Leverkusen,ORG,0.0,0.0,de,2
amerikanischen Marine,amerikanischen Marine,ORG,0.0,0.0,de,2
Universität…,Universität…,ORG,0.85,0.0,de,2
Young Boys,Young Boys,ORG,-0.7,0.0,de,2
SPD-Klimapolitiker,SPD-Klimapolitiker,ORG,0.0,0.0,de,2
beklag…,beklag…,ORG,0.0,0.0,de,2
US-Luftfahrtbehörde FAA,US-Luftfahrtbehörde FAA,ORG,0.0,0.0,de,2
Stadtwerken!,Stadtwerken!,ORG,-0.5,0.0,de,2
BioWärme bedarfsgemäß,BioWärme bedarfsgemäß,ORG,0.0,0.0,de,2
Ukraine +++ ISW,Ukraine +++ ISW,ORG,0.35,0.0,de,2
Denkfabrik Institute for the Study of War,Denkfabrik Institute for the Study of War,ORG,0.35,0.0,de,2
Milka,Milka,ORG,0.0,0.0,de,2
London School of Hygiene &amp,London School of Hygiene &amp,ORG,0.0,0.0,de,2
Branchenverband Ines,Branchenverband Ines,ORG,-0.35,0.25,de,2
Dru…,Dru…,ORG,0.0,0.0,de,2
Kongos Armee,Kongos Armee,ORG,0.0,0.0,de,2
Abwehr,Abwehr,ORG,-0.5,0.0,de,2
CNN a…,CNN a…,ORG,0.0,0.0,de,2
Russlands Energie-Konzerne,Russlands Energie-Konzerne,ORG,0.5,0.25,de,2
Nazi-Deutschland +++ Russland,Nazi-Deutschland +++ Russland,ORG,0.0,0.0,de,2
Leverkusen-Patzer,Leverkusen-Patzer,ORG,0.0,0.0,de,2
Bundesbehörden +++ USA,Bundesbehörden +++ USA,ORG,-0.7166666666666667,0.0,de,2
Regierungsarmee,Regierungsarmee,ORG,0.0,0.0,de,2
Auto…,Auto…,ORG,0.0,0.5,de,2
Exchange Traded Funds,Exchange Traded Funds,ORG,0.0,0.0,de,2
Europäischen Wirtschaftsraum,Europäischen Wirtschaftsraum,ORG,0.0,0.0,de,2
EWR,EWR,ORG,0.0,0.0,de,2
Bürgergeld für ukrainische Flüchtlinge,Bürgergeld für ukrainische Flüchtlinge,ORG,0.0,0.0,de,2
Hertha-Präsidium,Hertha-Präsidium,ORG,0.3333333333333333,0.0,de,2
Ukraine Russlands,Ukraine Russlands,ORG,0.0,0.0,de,2
international…,international…,ORG,0.0,0.0,de,2
Exilmedium,Exilmedium,ORG,0.0,0.0,de,2
Preisbremsen für Gas und Fernwärme,Preisbremsen für Gas und Fernwärme,ORG,0.0,0.0,de,2
Bundestagsabgeordnete Gökay Akbulut,Bundestagsabgeordnete Gökay Akbulut,ORG,-1.0,0.0,de,2
europäische Staatengemeinschaft,europäische Staatengemeinschaft,ORG,0.0,0.0,de,2
Ku…,Ku…,ORG,-0.5,0.0,de,2
Blockade,Blockade,ORG,-0.5,0.0,de,2
Verteidigu…,Verteidigu…,ORG,0.35,0.0,de,2
TV-Tätigkeit,TV-Tätigkeit,ORG,0.0,0.0,de,2
CNN-Interview,CNN-Interview,ORG,0.0,0.0,de,2
ORF-Wetterredaktion,ORF-Wetterredaktion,ORG,0.0,0.0,de,2
SPD-Schiedskommission,SPD-Schiedskommission,ORG,0.0,0.0,de,2
UCLA,UCLA,ORG,0.0,0.0,de,2
Bundesschiedskommission der Partei,Bundesschiedskommission der Partei,ORG,0.0,0.0,de,2
RB-Coach,RB-Coach,ORG,0.0,0.5,de,2
Net-Zero Insurance Alliance,Net-Zero Insurance Alliance,ORG,-0.5,0.5,de,2
USF,USF,ORG,0.0,0.0,de,2
AKW Temelin,AKW Temelin,ORG,0.0,0.0,de,2
au,au,ORG,0.35,0.0,de,2
WM-Spitzenreiter,WM-Spitzenreiter,ORG,0.0,0.0,de,2
Bode…,Bode…,ORG,0.5,0.0,de,2
LNG-Terminal Wilhelmshaven,LNG-Terminal Wilhelmshaven,ORG,0.0,0.0,de,2
Westinghouse Electric Company,Westinghouse Electric Company,ORG,0.0,0.0,de,2
europäischen Luftverkehr,europäischen Luftverkehr,ORG,-0.5,0.0,de,2
Ukraine  +++ Der Newsblog,Ukraine  +++ Der Newsblog,ORG,0.0,0.0,de,2
abflauenden Inflation,abflauenden Inflation,ORG,0.0,0.0,de,2
Waffengewalt,Waffengewalt,ORG,0.0,0.0,de,2
Solda…,Solda…,ORG,-0.5,0.0,de,2
U…,U…,ORG,0.0,0.0,de,2
Kohlenmono…,Kohlenmono…,ORG,0.0,0.0,de,2
Potsdam Institut für Klimafolgenforschung,Potsdam Institut für Klimafolgenforschung,ORG,-1.0,0.0,de,2
Kiosk-Killers,Kiosk-Killers,ORG,0.0,0.0,de,2
Tag Krisenmanagement,Tag Krisenmanagement,ORG,0.0,0.0,de,2
stellvertret…,stellvertret…,ORG,0.0,0.0,de,2
Wagner-Söldnern +++,Wagner-Söldnern +++,ORG,0.0,0.0,de,2
BSH Household Appliances,BSH Household Appliances,ORG,-1.0,0.0,de,2
How…,How…,ORG,0.0,0.0,de,2
proeuropäische Regierung,proeuropäische Regierung,ORG,-0.7,0.0,de,2
No…,No…,ORG,0.0,0.0,de,2
Legion Freiheit Russlands,Legion Freiheit Russlands,ORG,0.35,0.0,de,2
Bayerische Staatsregierung,Bayerische Staatsregierung,ORG,0.175,0.25,de,2
NZIA,NZIA,ORG,-0.5,0.0,de,2
Große Vaterländische Krieg,Große Vaterländische Krieg,ORG,0.7,0.0,de,2
Ausschlussverfahren,Ausschlussverfahren,ORG,0.0,0.0,de,2
AEK-Fans,AEK-Fans,ORG,0.35,0.0,de,2
Abgeordneten …,Abgeordneten …,ORG,0.0,0.0,de,2
Ukraine-Offensive,Ukraine-Offensive,ORG,0.0,0.0,de,2
Chemiewaffenkonventi…,Chemiewaffenkonventi…,ORG,0.0,0.0,de,2
Chemiewaffenkonvention der Vereinten Nationen,Chemiewaffenkonvention der Vereinten Nationen,ORG,0.0,0.0,de,2
Hertha,Hertha,ORG,0.0,0.0,de,2
Krise der Grünen,Krise der Grünen,ORG,0.0,0.0,de,2
Gas-Kondensat,Gas-Kondensat,ORG,0.0,0.0,de,2
EU will Kyjiw,EU will Kyjiw,ORG,0.7,0.0,de,2
Sanierungsbedarf,Sanierungsbedarf,ORG,0.0,0.0,de,2
Deutschland +++ USA,Deutschland +++ USA,ORG,-0.35,0.0,de,2
gro…,gro…,ORG,-0.05000000000000001,0.0,de,2
Nationalen Geheimdienstdirektorin,Nationalen Geheimdienstdirektorin,ORG,-0.9,0.0,de,2
AEK Athen,AEK Athen,ORG,0.7,0.0,de,2
Hitler-Deutschland,Hitler-Deutschland,ORG,0.7,0.0,de,2
US-Basketballstar,US-Basketballstar,ORG,0.0,0.0,de,2
Jugend schreibt“-Preise,Jugend schreibt“-Preise,ORG,0.0,0.0,de,2
Gas bundesweit,Gas bundesweit,ORG,0.0,0.0,de,2
Nordatlantischen Allianz,Nordatlantischen Allianz,ORG,0.0,0.0,de,2
"Jahres
+++Jury","Jahres
+++Jury",ORG,0.0,0.0,de,2
Zentrum von Odessa +++,Zentrum von Odessa +++,ORG,-0.5,0.0,de,2
Verein Armut und Gesundheit,Verein Armut und Gesundheit,ORG,0.175,0.0,de,2
Russland-Unterstützer,Russland-Unterstützer,ORG,0.35,0.0,de,2
Zugzwang +++ Kiew,Zugzwang +++ Kiew,ORG,-0.07500000000000001,0.25,de,2
t3n Daily,t3n Daily,ORG,0.0,0.0,de,2
EU-Diplomat,EU-Diplomat,ORG,0.0,0.0,de,2
gle…,gle…,ORG,0.0,0.0,de,2
Ninja,Ninja,ORG,0.35,0.0,de,2
+++Nachrichten,+++Nachrichten,ORG,0.0,0.0,de,2
sag…,sag…,ORG,0.0,0.0,de,2
Deutschen Welle von israelischen Siedlern,Deutschen Welle von israelischen Siedlern,ORG,-0.5,0.0,de,2
Bund-Länder-Kommission,Bund-Länder-Kommission,ORG,-0.175,0.25,de,2
VPN-Dienste,VPN-Dienste,ORG,0.0,0.0,de,2
Europäische Politische Gemeinschaft,Europäische Politische Gemeinschaft,ORG,0.0,0.0,de,2
jemenitischen Huthi-Rebellen,jemenitischen Huthi-Rebellen,ORG,0.0,0.0,de,2
FOCUS-onl…,FOCUS-onl…,ORG,-0.3499999999999999,0.5,de,2
Banking4,Banking4,ORG,0.0,0.0,de,2
Deutsche Journalistenverband,Deutsche Journalistenverband,ORG,0.0,0.0,de,2
IAEA-Konferenz,IAEA-Konferenz,ORG,0.0,0.0,de,2
Verstoßen Medien,Verstoßen Medien,ORG,-1.0,0.0,de,2
uns Mitgli…,uns Mitgli…,ORG,0.0,0.0,de,2
Visa,Visa,ORG,-0.3333333333333333,0.0,de,2
PUMA,PUMA,ORG,-0.3333333333333333,0.0,de,2
DSL-Tarife,DSL-Tarife,ORG,0.0,0.0,de,2
Europäische Raumfahrtagentur,Europäische Raumfahrtagentur,ORG,-0.35,0.0,de,2
Milliardengewinn,Milliardengewinn,ORG,-0.3333333333333333,0.0,de,2
Xbox,Xbox,ORG,0.35,0.0,de,2
deutschen Staatsoberhauptes,deutschen Staatsoberhauptes,ORG,0.0,0.0,de,2
Leningrader Blockade,Leningrader Blockade,ORG,0.0,0.0,de,2
Ukraine +++ Flugobjekt,Ukraine +++ Flugobjekt,ORG,0.0,0.0,de,2
+++ Wirtschaft,+++ Wirtschaft,ORG,0.7,0.0,de,2
Bund für Umwelt und Naturschutz Deutschland,Bund für Umwelt und Naturschutz Deutschland,ORG,0.0,0.0,de,2
Sachsen-Anhalts Umweltministerium Geräuschschutz,Sachsen-Anhalts Umweltministerium Geräuschschutz,ORG,0.0,0.0,de,2
Angriffen +++ Massive,Angriffen +++ Massive,ORG,0.0,0.0,de,2
Lufthansa-Tochter Eurowings,Lufthansa-Tochter Eurowings,ORG,0.0,0.0,de,2
© Current Biology,© Current Biology,ORG,0.0,0.0,de,2
Zanette et al.,Zanette et al.,ORG,0.0,0.0,de,2
Harvard Universität,Harvard Universität,ORG,0.0,0.0,de,2
Deutschen Wetterdiensts,Deutschen Wetterdiensts,ORG,-0.175,0.25,de,2
Regierung …,Regierung …,ORG,-0.35,0.0,de,2
Europäischen Politischen Gemeinschaft,Europäischen Politischen Gemeinschaft,ORG,0.0,0.0,de,2
Schutzstatus S,Schutzstatus S,ORG,0.0,0.0,de,2
WELOCK Bluetooth Smart Lock PCB51,WELOCK Bluetooth Smart Lock PCB51,ORG,0.7,0.0,de,2
Signa-Gruppe,Signa-Gruppe,ORG,0.0,0.0,de,2
mittlerweil…,mittlerweil…,ORG,0.0,0.0,de,2
Fernsehen,Fernsehen,ORG,0.0,0.0,de,2
steirische Landespartei,steirische Landespartei,ORG,1.0,0.0,de,2
FPÖ-Funktionäre,FPÖ-Funktionäre,ORG,1.0,0.0,de,2
CBS,CBS,ORG,-0.35,0.0,de,2
BSW-Fraktionschef,BSW-Fraktionschef,ORG,0.5,0.0,de,2
EU-Agrarpolitik,EU-Agrarpolitik,ORG,0.0,0.0,de,2
Angriff +++,Angriff +++,ORG,0.175,0.25,de,2
EU-Unterstützung,EU-Unterstützung,ORG,-0.15000000000000002,0.0,de,2
Spielzeugmarke Playmobil,Spielzeugmarke Playmobil,ORG,0.0,0.0,de,2
Patriot-Flugabwehrsystem +++,Patriot-Flugabwehrsystem +++,ORG,0.7,0.0,de,2
Uhr/Sport1,Uhr/Sport1,ORG,0.0,0.0,de,2
UN-Eingreiftruppe,UN-Eingreiftruppe,ORG,0.0,0.0,de,2
Deutschen Einheit,Deutschen Einheit,ORG,0.0,0.0,de,2
THE LAST DANCE!,THE LAST DANCE!,ORG,0.0,0.0,de,2
Feldern,Feldern,ORG,0.0,0.0,de,2
MRH Trowe,MRH Trowe,ORG,0.7,0.0,de,2
GGW,GGW,ORG,0.7,0.0,de,2
Luftwaffen-Airbus,Luftwaffen-Airbus,ORG,0.0,0.0,de,2
Deutschen Fußball-Bund,Deutschen Fußball-Bund,ORG,0.0,0.0,de,2
Erdoğans Türkei,Erdoğans Türkei,ORG,0.0,0.0,de,2
Erdoans Türkei,Erdoans Türkei,ORG,0.0,0.0,de,2
Kerneuropäer Deutschland,Kerneuropäer Deutschland,ORG,0.0,0.0,de,2
Niederlande …,Niederlande …,ORG,0.0,0.0,de,2
Grazer FPÖ-Finanzcausa,Grazer FPÖ-Finanzcausa,ORG,0.0,0.0,de,2
Ukrainekrieg +++ Rubio,Ukrainekrieg +++ Rubio,ORG,-0.1375,0.0,de,2
öffentlich-rechtlichen Rundfunk,öffentlich-rechtlichen Rundfunk,ORG,0.0,0.0,de,2
CDU-Generalsekretär Linnemann,CDU-Generalsekretär Linnemann,ORG,1.0,0.0,de,2
Gesundheitsminister Spahn,Gesundheitsminister Spahn,ORG,1.0,0.0,de,2
Innovation & Forschung,Innovation & Forschung,ORG,0.7,0.0,de,2
Fürth,Fürth,ORG,-0.35,0.0,de,2
Deutschlands Wirtschaft,Deutschlands Wirtschaft,ORG,0.0,0.0,de,2
Wasse…,Wasse…,ORG,0.0,0.0,de,2
Klima-Aktivistengruppe Fridays for Future,Klima-Aktivistengruppe Fridays for Future,ORG,-1.0,0.0,de,2
Bundesverbands der Deutschen Industrie,Bundesverbands der Deutschen Industrie,ORG,-0.5,0.0,de,2
Internationalen Energie-Atomagentur,Internationalen Energie-Atomagentur,ORG,0.0,0.0,de,2
Elektrizitä…,Elektrizitä…,ORG,0.0,0.0,de,2
Radio Liberty,Radio Liberty,ORG,0.0,0.0,de,2
Nordsee mi,Nordsee mi,ORG,0.0,0.0,de,2
Kremlsprech…,Kremlsprech…,ORG,0.0,0.0,de,2
SportSpar,SportSpar,ORG,0.7,0.0,de,2
US-Militärschlag,US-Militärschlag,ORG,-0.07500000000000001,0.0,de,2
BN,BN,ORG,0.0,0.0,de,2
HPA,HPA,ORG,0.0,0.0,de,2
EU-Debatte,EU-Debatte,ORG,0.15000000000000002,0.0,de,2
"Reichsbürger""-Anhänger","Reichsbürger""-Anhänger",ORG,0.0,0.0,de,2
EU-Einkaufsmacht,EU-Einkaufsmacht,ORG,0.0,0.0,de,2
Europäische Wissenschaft,Europäische Wissenschaft,ORG,0.5,0.0,de,2
Handelsverband HDE,Handelsverband HDE,ORG,0.0,0.0,de,2
ATACMS-Raketen,ATACMS-Raketen,ORG,0.0,0.5,de,2
E-Bikes,E-Bikes,ORG,0.0,0.0,de,2
Deutschen Aidshilfe,Deutschen Aidshilfe,ORG,0.0,0.0,de,2
Izwestija,Izwestija,ORG,0.0,0.0,de,2
Tag der Industrie,Tag der Industrie,ORG,0.0,0.0,de,2
ze…,ze…,ORG,0.35,0.0,de,2
Institut für Weltwirtschaft“,Institut für Weltwirtschaft“,ORG,0.0,0.0,de,2
Host,Host,ORG,0.35,0.0,de,2
Save Ukraine,Save Ukraine,ORG,0.5,0.0,de,2
Bund Belastungen von Ländern,Bund Belastungen von Ländern,ORG,-0.35,0.0,de,2
Macrons Allianz,Macrons Allianz,ORG,0.0,0.0,de,2
Gu…,Gu…,ORG,0.0,0.0,de,2
Israel Iran,Israel Iran,ORG,-0.5,0.0,de,2
Fachkräftemangel,Fachkräftemangel,ORG,0.0,0.0,de,2
TU Wien,TU Wien,ORG,0.7,0.0,de,2
Marktes,Marktes,ORG,0.35,0.0,de,2
International Press Freedom Award,International Press Freedom Award,ORG,0.0,0.0,de,2
SSD,SSD,ORG,0.6499999999999999,0.0,de,2
US-Pass,US-Pass,ORG,0.35,0.0,de,2
Preisbremsen für Strom,Preisbremsen für Strom,ORG,0.0,0.0,de,2
Zeit der hohen Inflation,Zeit der hohen Inflation,ORG,0.7,0.0,de,2
Belgorod ++,Belgorod ++,ORG,0.0,0.0,de,2
Belegschaft,Belegschaft,ORG,0.0,0.0,de,2
Ampelkoal…,Ampelkoal…,ORG,0.0,0.0,de,2
Ha…,Ha…,ORG,0.0,0.0,de,2
deutsche Tourismus-Branche,deutsche Tourismus-Branche,ORG,0.0,0.0,de,2
Verantwo…,Verantwo…,ORG,0.0,0.0,de,2
Taurus-Lieferung +++,Taurus-Lieferung +++,ORG,-0.85,0.0,de,2
API,API,ORG,0.35,0.0,de,2
Kommune,Kommune,ORG,0.0,0.0,de,2
Weltraum-Forschung!,Weltraum-Forschung!,ORG,0.0,0.0,de,2
NDC,NDC,ORG,-0.35,0.0,de,2
Awdijiwka +++ Lettland,Awdijiwka +++ Lettland,ORG,-0.25,0.0,de,2
Ölschiefer-Raffinerie,Ölschiefer-Raffinerie,ORG,0.0,0.0,de,2
Kimi Antonelli!,Kimi Antonelli!,ORG,0.0,0.0,de,2
Europäischen Rats,Europäischen Rats,ORG,0.0,0.0,de,2
Extremwetter-Jahr,Extremwetter-Jahr,ORG,0.0,0.0,de,2
Filmreife Flucht,Filmreife Flucht,ORG,0.0,0.0,de,2
Euroclear,Euroclear,ORG,0.35,0.0,de,2
Statistik aufhübschen,Statistik aufhübschen,ORG,0.0,0.0,de,2
Ampel-Pläne,Ampel-Pläne,ORG,0.0,0.0,de,2
F-16,F-16,ORG,0.7,0.0,de,2
Osts…,Osts…,ORG,0.0,0.0,de,2
"Print-Magazin
","Print-Magazin
",ORG,0.0,0.0,de,2
Open AI,Open AI,ORG,1.0,0.0,de,2
deutschen Ukraine-Krieg-Debatten,deutschen Ukraine-Krieg-Debatten,ORG,0.0,0.0,de,2
Ermittlun…,Ermittlun…,ORG,0.0,0.0,de,2
Hammerskins,Hammerskins,ORG,0.0,0.0,de,2
Grü…,Grü…,ORG,0.0,0.0,de,2
britische Parlament,britische Parlament,ORG,-0.35,0.0,de,2
ETR,ETR,ORG,0.0,0.0,de,2
US-Kommando,US-Kommando,ORG,-0.5,0.0,de,2
Nivea,Nivea,ORG,0.0,0.0,de,2
Ukraine müs,Ukraine müs,ORG,0.0,0.0,de,2
CEP,CEP,ORG,0.7,0.0,de,2
Senats,Senats,ORG,0.0,0.0,de,2
Bunde…,Bunde…,ORG,0.0,0.0,de,2
Rosatom Brennelemente für europäische Atomkraftwerke,Rosatom Brennelemente für europäische Atomkraftwerke,ORG,-0.5,0.0,de,2
Paris +++ Bundestag,Paris +++ Bundestag,ORG,0.35,0.0,de,2
Präsidente…,Präsidente…,ORG,-0.5,0.0,de,2
Institute for Economics and Peace,Institute for Economics and Peace,ORG,0.0,0.0,de,2
britische Außenministerium,britische Außenministerium,ORG,0.0,0.0,de,2
Malaysia,Malaysia,ORG,0.0,0.0,de,2
KLCC,KLCC,ORG,0.0,0.0,de,2
IEP,IEP,ORG,0.0,0.0,de,2
Nationalen Antikorruptionsbüros,Nationalen Antikorruptionsbüros,ORG,0.0,0.0,de,2
Beschuss +++ Trump,Beschuss +++ Trump,ORG,0.0,0.0,de,2
BKA-Lagebild,BKA-Lagebild,ORG,-0.7,0.0,de,2
Handelsministerium,Handelsministerium,ORG,0.0,0.0,de,2
Rolle Europa,Rolle Europa,ORG,1.0,0.0,de,2
Russland-Connection,Russland-Connection,ORG,-0.35,0.0,de,2
V…,V…,ORG,0.0,0.0,de,2
deutl…,deutl…,ORG,0.0,0.0,de,2
Gesun…,Gesun…,ORG,0.0,0.0,de,2
Oster-Feuerpause +++ USA,Oster-Feuerpause +++ USA,ORG,0.0,0.0,de,2
Feuerpause +++,Feuerpause +++,ORG,0.0,0.0,de,2
Nationalen Sicherheits- und Verteidi…,Nationalen Sicherheits- und Verteidi…,ORG,0.0,0.0,de,2
Times,Times,ORG,-0.35,0.0,de,2
Handelsbla…,Handelsbla…,ORG,0.0,0.0,de,2
verhi…,verhi…,ORG,0.0,0.4,de,2
Spielepreise,Spielepreise,ORG,0.7,0.0,de,2
EU-Klimabeirat,EU-Klimabeirat,ORG,0.7,0.0,de,2
SPD-Umweltsenator,SPD-Umweltsenator,ORG,0.0,0.0,de,2
Die Bahn,Die Bahn,ORG,0.0,0.0,de,2
"Bewegung ""Fridays for Future","Bewegung ""Fridays for Future",ORG,0.0,0.0,de,2
Bund Millionen Arbeitnehmer,Bund Millionen Arbeitnehmer,ORG,0.7,0.0,de,2
US-Staatsanleihen,US-Staatsanleihen,ORG,0.7,0.0,de,2
Word,Word,ORG,-0.5,0.5,de,2
Excel,Excel,ORG,-0.5,0.5,de,2
Lehrerverband ernst,Lehrerverband ernst,ORG,0.7,0.0,de,2
Faulgestank,Faulgestank,ORG,0.0,0.0,de,2
Waden!,Waden!,ORG,0.0,0.0,de,2
Dea…,Dea…,ORG,0.0,0.0,de,2
CORSAIR,CORSAIR,ORG,0.0,0.0,de,2
Ecological Threat Report,Ecological Threat Report,ORG,0.0,0.0,de,2
Währungshütern,Währungshütern,ORG,0.4666666666666666,0.16666666666666666,de,2
Handball-Topteam HB Ludwigsburg,Handball-Topteam HB Ludwigsburg,ORG,0.0,0.0,de,2
Green Bay Packers,Green Bay Packers,ORG,0.0,0.0,de,2
Austin,Austin,ORG,0.0,0.0,de,2
San Francisco 49ers,San Francisco 49ers,ORG,0.0,0.0,de,2
Baltimore Ravens,Baltimore Ravens,ORG,0.0,0.0,de,2
Deutschen Presse-Agentur …,Deutschen Presse-Agentur …,ORG,0.0,0.0,de,2
Liveticker Hessen & Frankfurt,Liveticker Hessen & Frankfurt,ORG,0.0,0.0,de,2
Polizeisp…,Polizeisp…,ORG,0.0,0.0,de,2
Obsidian Entertainment,Obsidian Entertainment,ORG,0.0,0.0,de,2
Strom- und Gasversorger,Strom- und Gasversorger,ORG,-0.7,0.0,de,2
Odessa +++ Selenskyj,Odessa +++ Selenskyj,ORG,-0.4666666666666666,0.0,de,2
AKW Saporischschja +++ Baltische Staaten,AKW Saporischschja +++ Baltische Staaten,ORG,0.0,0.0,de,2
Armee-Wahl!,Armee-Wahl!,ORG,0.0,0.0,de,2
Drohnenattacken +++,Drohnenattacken +++,ORG,0.0,0.0,de,2
op…,op…,ORG,0.0,0.0,de,2
NGO Atlantic Council,NGO Atlantic Council,ORG,0.0,0.0,de,2
Metro-Tochter,Metro-Tochter,ORG,0.0,0.0,de,2
Bewohner Deutschlands,Bewohner Deutschlands,ORG,0.0,0.0,de,2
Mün…,Mün…,ORG,0.0,0.0,de,2
Riesen-Saison,Riesen-Saison,ORG,0.5,0.0,de,2
Supermagneten,Supermagneten,ORG,0.0,0.0,de,2
Jimi Blue Ochsenknecht,Jimi Blue Ochsenknecht,ORG,-0.7,0.0,de,2
KI-Unternehmen,KI-Unternehmen,ORG,0.04999999999999999,0.0,de,2
Dörfern +,Dörfern +,ORG,0.0,0.0,de,2
Cyberpunk,Cyberpunk,ORG,-0.175,0.25,de,2
kanadischen Unterhauses,kanadischen Unterhauses,ORG,0.0,0.0,de,2
Verbraucherorganisation Foodwatch,Verbraucherorganisation Foodwatch,ORG,0.0,0.0,de,2
ukrainischen Sicherheitsdienst,ukrainischen Sicherheitsdienst,ORG,0.0,0.0,de,2
Russland-Handelspartnern,Russland-Handelspartnern,ORG,0.0,0.0,de,2
UN…,UN…,ORG,0.0,0.0,de,2
Consors,Consors,ORG,0.0,0.0,de,2
“ +++ Russischer General,“ +++ Russischer General,ORG,-1.0,0.0,de,2
EU-Hilfe,EU-Hilfe,ORG,-0.5,0.0,de,2
Union…,Union…,ORG,0.0,0.0,de,2
Notenbanksystems Fed,Notenbanksystems Fed,ORG,-0.35,0.0,de,2
bayerische Handwerkspräsident,bayerische Handwerkspräsident,ORG,0.0,0.0,de,2
Britisches Ministerium: Russland,Britisches Ministerium: Russland,ORG,0.0,0.0,de,2
Normalzustand,Normalzustand,ORG,0.0,0.0,de,2
Regierungspartnern Union,Regierungspartnern Union,ORG,0.0,0.0,de,2
Raketen-Unfall +++ EU,Raketen-Unfall +++ EU,ORG,0.0,0.0,de,2
ARD-Sommerinterview,ARD-Sommerinterview,ORG,0.0,0.0,de,2
AKW Saporischschj…,AKW Saporischschj…,ORG,-0.7,0.0,de,2
CFC Genua,CFC Genua,ORG,0.0,0.0,de,2
Tour-Geschichte,Tour-Geschichte,ORG,0.0,0.0,de,2
Coup,Coup,ORG,0.7,0.0,de,2
Israelis,Israelis,ORG,-1.0,0.0,de,2
Akademie der Wissenschaften,Akademie der Wissenschaften,ORG,0.0,0.0,de,2
US-Nationalgarde,US-Nationalgarde,ORG,0.0,0.0,de,2
Ukraine-Frage,Ukraine-Frage,ORG,-0.5,0.0,de,2
KI-Modellen,KI-Modellen,ORG,0.0,0.0,de,2
Beschu…,Beschu…,ORG,0.0,0.0,de,2
BASE,BASE,ORG,-0.15000000000000002,0.0,de,2
berei…,berei…,ORG,-0.35,0.0,de,2
Bundesamt für die Sicherheit,Bundesamt für die Sicherheit,ORG,-0.15000000000000002,0.0,de,2
Gasnetz Hamburg,Gasnetz Hamburg,ORG,0.0,0.0,de,2
Russland-Sanktionen +++,Russland-Sanktionen +++,ORG,-0.35,0.0,de,2
EU a…,EU a…,ORG,0.0,0.0,de,2
Austria,Austria,ORG,-0.35,0.0,de,2
Berliner Linke,Berliner Linke,ORG,0.0,0.0,de,2
Saab,Saab,ORG,0.5,0.0,de,2
Spione +++,Spione +++,ORG,-0.5,0.0,de,2
Flammen +++,Flammen +++,ORG,0.0,0.0,de,2
Sl…,Sl…,ORG,0.7,0.0,de,2
Transit,Transit,ORG,0.35,0.0,de,2
Fron…,Fron…,ORG,0.2333333333333333,0.16666666666666666,de,2
Fegebank will Hamburg,Fegebank will Hamburg,ORG,0.0,0.0,de,2
französischen Parlament,französischen Parlament,ORG,0.7,0.0,de,2
FSB-Gebäude,FSB-Gebäude,ORG,-0.7,0.0,de,2
Kursk +++ Tote,Kursk +++ Tote,ORG,-0.7,0.0,de,2
Selenskyj Vorwürfe,Selenskyj Vorwürfe,ORG,0.0,0.0,de,2
Wladimir,Wladimir,ORG,0.35,0.0,de,2
Kursk +,Kursk +,ORG,-0.7749999999999999,0.0,de,2
Formel 1 schwierige Jahre,Formel 1 schwierige Jahre,ORG,-0.7,0.0,de,2
Kosovarische Polizei,Kosovarische Polizei,ORG,0.35,0.0,de,2
SS-Veteranen,SS-Veteranen,ORG,0.0,0.0,de,2
Liveblog Wie KI-Tools,Liveblog Wie KI-Tools,ORG,0.8125,0.0,de,2
Kanadas Parlament,Kanadas Parlament,ORG,0.5,0.0,de,2
USA Europa,USA Europa,ORG,0.7,0.0,de,2
aktu…,aktu…,ORG,0.7,0.0,de,2
Investitionen +++,Investitionen +++,ORG,0.0,0.0,de,2
EU-Roaminggebiets,EU-Roaminggebiets,ORG,0.0,0.0,de,2
Opec+-Staaten,Opec+-Staaten,ORG,0.7,0.0,de,2
Russia Today,Russia Today,ORG,0.5,0.0,de,2
russischen Oppositionellen,russischen Oppositionellen,ORG,0.35,0.0,de,2
Ohnmachtsgefühlen,Ohnmachtsgefühlen,ORG,1.0,0.0,de,2
Verivox,Verivox,ORG,0.0,0.0,de,2
DCP,DCP,ORG,0.0,0.0,de,2
So­zi­al­de­mo­kra­t,So­zi­al­de­mo­kra­t,ORG,0.0,0.0,de,2
Kursk +++ Selenskyj,Kursk +++ Selenskyj,ORG,0.0,0.0,de,2
deutschen Games-Branche,deutschen Games-Branche,ORG,0.0,0.0,de,2
Unterstützer Irans,Unterstützer Irans,ORG,0.0,0.0,de,2
vers…,vers…,ORG,-0.35,0.0,de,2
Gastbeitrag,Gastbeitrag,ORG,0.0,0.0,de,2
Truppen,Truppen,ORG,-0.7,0.0,de,2
US-Megazölle,US-Megazölle,ORG,0.0,0.0,de,2
Orden,Orden,ORG,0.0,0.0,de,2
+++ Lawrow,+++ Lawrow,ORG,0.35,0.0,de,2
Emerald Horizon,Emerald Horizon,ORG,0.0,0.0,de,2
sozialistische Regierung,sozialistische Regierung,ORG,0.0,0.0,de,2
Regierun…,Regierun…,ORG,0.5,0.0,de,2
Veränd…,Veränd…,ORG,0.0,0.0,de,2
Großoffensive +++,Großoffensive +++,ORG,0.0,0.0,de,2
belgische Parlament,belgische Parlament,ORG,0.35,0.0,de,2
Berliner Senats,Berliner Senats,ORG,0.5,0.0,de,2
DFG,DFG,ORG,0.5,0.0,de,2
Hansewerk Natur,Hansewerk Natur,ORG,-1.0,0.0,de,2
Sumy,Sumy,ORG,-0.175,0.0,de,2
Liveblog Europa,Liveblog Europa,ORG,0.0,0.0,de,2
Ca…,Ca…,ORG,0.0,0.0,de,2
UN-Protektorat,UN-Protektorat,ORG,0.0,0.0,de,2
Israel +++ Lager,Israel +++ Lager,ORG,0.0,0.0,de,2
IT-Dienstleistungen,IT-Dienstleistungen,ORG,0.7,0.0,de,2
Sonntag«-Interview,Sonntag«-Interview,ORG,0.0,0.0,de,2
Ingolstadt,Ingolstadt,ORG,0.0,0.0,de,2
+++ Alle Entwicklungen,+++ Alle Entwicklungen,ORG,0.35,0.0,de,2
FC Ingolstadt,FC Ingolstadt,ORG,0.0,0.0,de,2
DC-S1IIE,DC-S1IIE,ORG,-0.7,0.0,de,2
Panasonic,Panasonic,ORG,-0.7,0.0,de,2
BILD-Lagezentrum,BILD-Lagezentrum,ORG,0.0,0.0,de,2
Schotten,Schotten,ORG,-0.35,0.0,de,2
Moskau +++ Polen,Moskau +++ Polen,ORG,-0.07500000000000001,0.5,de,2
Rechtsradikalen,Rechtsradikalen,ORG,-0.5,0.0,de,2
LKW-Fahrer,LKW-Fahrer,ORG,-0.5,0.0,de,2
National,National,ORG,-1.0,0.0,de,2
Deutschland Klimaschutz international,Deutschland Klimaschutz international,ORG,0.0,0.0,de,2
Neuigke…,Neuigke…,ORG,0.425,0.0,de,2
Universität Harvard,Universität Harvard,ORG,1.0,0.0,de,2
Kinderkrankenhaus +++,Kinderkrankenhaus +++,ORG,0.0,0.0,de,2
Öffentlichkei…,Öffentlichkei…,ORG,0.0,0.0,de,2
Erdgas-Sparen,Erdgas-Sparen,ORG,-0.7,0.0,de,2
Unterla…,Unterla…,ORG,0.0,0.0,de,2
SPORT BILD Motorsport Awards,SPORT BILD Motorsport Awards,ORG,0.0,0.0,de,2
Wieduwilts Woche,Wieduwilts Woche,ORG,-0.175,0.0,de,2
BRIGITTE-Angebot,BRIGITTE-Angebot,ORG,1.0,0.0,de,2
Organisation Golos,Organisation Golos,ORG,0.0,0.0,de,2
Brjansk +++,Brjansk +++,ORG,0.0,0.0,de,2
KSK-Gelände,KSK-Gelände,ORG,0.0,0.0,de,2
Fußball-Fans,Fußball-Fans,ORG,-0.35,0.0,de,2
Zwei-Staaten-Lösung,Zwei-Staaten-Lösung,ORG,0.0,0.5,de,2
Adobe Stock,Adobe Stock,ORG,0.0,0.0,de,2
inter…,inter…,ORG,0.0,0.0,de,2
YouTuber,YouTuber,ORG,-0.5,0.0,de,2
CDU-Finanzexperten,CDU-Finanzexperten,ORG,0.7,0.0,de,2
NS-Regimes,NS-Regimes,ORG,0.0,0.0,de,2
Schattenflotte +++,Schattenflotte +++,ORG,0.0,0.0,de,2
Diskussion +++,Diskussion +++,ORG,-0.75,0.25,de,2
Deezer,Deezer,ORG,0.0,0.0,de,2
TV-Nutzer,TV-Nutzer,ORG,0.07500000000000001,0.0,de,2
THE,THE,ORG,0.0,0.0,de,2
deutsche Langlauf-Team,deutsche Langlauf-Team,ORG,0.7,0.0,de,2
Schaeffler-Werk,Schaeffler-Werk,ORG,0.0,0.0,de,2
Kampfeinsatz +++,Kampfeinsatz +++,ORG,0.0,0.0,de,2
Polizei Fotos,Polizei Fotos,ORG,0.0,0.0,de,2
1000-Kilometer-Front +++ Selenskyj,1000-Kilometer-Front +++ Selenskyj,ORG,0.75,0.0,de,2
US-Klimabeauftragten,US-Klimabeauftragten,ORG,0.0,0.0,de,2
Wall Street Journal,Wall Street Journal,ORG,0.0,0.0,de,2
Front +++ Alle Entwicklungen,Front +++ Alle Entwicklungen,ORG,-0.0875,0.0,de,2
Einberufungsgesetze +++ Angehörige,Einberufungsgesetze +++ Angehörige,ORG,0.1625,0.25,de,2
Temperaturen…,Temperaturen…,ORG,0.0,0.0,de,2
Berufsverband der Gymnasiallehrerinnen und -lehrer,Berufsverband der Gymnasiallehrerinnen und -lehrer,ORG,0.0,0.0,de,2
Dänemark,Dänemark,ORG,0.0,0.0,de,2
COP-Arena,COP-Arena,ORG,-0.7,0.0,de,2
3:0-Erfolg,3:0-Erfolg,ORG,0.0,0.5,de,2
Friedensbemühunge…,Friedensbemühunge…,ORG,0.0,0.0,de,2
bewaf…,bewaf…,ORG,0.0,0.0,de,2
Breakthrough Prize Foundation,Breakthrough Prize Foundation,ORG,-0.2333333333333333,0.0,de,2
Münchner Philharmonikern,Münchner Philharmonikern,ORG,-0.5,0.0,de,2
bew…,bew…,ORG,0.5,0.0,de,2
MV-Klimaschutzstiftung,MV-Klimaschutzstiftung,ORG,0.0,0.0,de,2
Mafiosi,Mafiosi,ORG,0.0,0.0,de,2
The Telegraph,The Telegraph,ORG,0.35,0.0,de,2
ESC-Gewinner JJ,ESC-Gewinner JJ,ORG,-1.0,0.0,de,2
OPCW,OPCW,ORG,-0.35,0.0,de,2
Amnesty International-Bericht,Amnesty International-Bericht,ORG,-0.35,0.0,de,2
Nato-Ostflanke,Nato-Ostflanke,ORG,0.0,0.0,de,2
Silke Hahne,Silke Hahne,ORG,0.0,0.0,de,2
Europa-Universität Viadrina Frankfurt,Europa-Universität Viadrina Frankfurt,ORG,0.0,0.0,de,2
Viadrina,Viadrina,ORG,0.0,0.0,de,2
europäischen Staats- und Regierungschefs,europäischen Staats- und Regierungschefs,ORG,0.0,0.0,de,2
Repub…,Repub…,ORG,0.0,0.0,de,2
Fotostand,Fotostand,ORG,0.0,0.0,de,2
Niveau …,Niveau …,ORG,0.0,0.0,de,2
Ministerpräside…,Ministerpräside…,ORG,0.0,0.0,de,2
spanischen Vox-Partei,spanischen Vox-Partei,ORG,-1.0,0.0,de,2
Social-Media-Post,Social-Media-Post,ORG,-0.5,0.0,de,2
Mobilität,Mobilität,ORG,0.7,0.0,de,2
SPD +++ Proteste,SPD +++ Proteste,ORG,-0.35,0.5,de,2
gera…,gera…,ORG,0.0,0.0,de,2
SV Elversberg,SV Elversberg,ORG,0.5,0.0,de,2
BICC,BICC,ORG,0.0,0.0,de,2
GMI,GMI,ORG,0.7,0.0,de,2
Regierung der Schweiz,Regierung der Schweiz,ORG,0.0,0.0,de,2
Außengerät,Außengerät,ORG,0.0,0.0,de,2
Gewerkschaft NGG,Gewerkschaft NGG,ORG,0.0,0.0,de,2
EPI,EPI,ORG,0.7,0.0,de,2
European Payments Initiative,European Payments Initiative,ORG,0.7,0.0,de,2
ARD-Journalisten,ARD-Journalisten,ORG,-1.0,0.0,de,2
RKU,RKU,ORG,0.35,0.0,de,2
Revolut,Revolut,ORG,0.7,0.0,de,2
Europäischen Rates,Europäischen Rates,ORG,0.0,0.0,de,2
SPD-Bundestagsabgeordnete,SPD-Bundestagsabgeordnete,ORG,0.0,0.0,de,2
Bürge…,Bürge…,ORG,0.0,0.0,de,2
Badische Zeitung,Badische Zeitung,ORG,0.0,0.0,de,2
Kodaks,Kodaks,ORG,0.0,0.0,de,2
Herr Müller,Herr Müller,ORG,0.0,0.0,de,2
AKW-Strom,AKW-Strom,ORG,0.0,0.0,de,2
Finfluencern,Finfluencern,ORG,-0.35,0.25,de,2
EU-Sanktionen gegen Russland,EU-Sanktionen gegen Russland,ORG,-1.0,0.0,de,2
CMF by Nothing Phone 2 Pro,CMF by Nothing Phone 2 Pro,ORG,0.0,0.0,de,2
Vier-Prozent-Marke,Vier-Prozent-Marke,ORG,0.0,0.0,de,2
Geosphere Austria,Geosphere Austria,ORG,0.0,0.0,de,2
"Grenzkontrollen
","Grenzkontrollen
",ORG,0.0,0.0,de,2
NRW-Landespolitik,NRW-Landespolitik,ORG,-1.0,0.0,de,2
Schneider Electric,Schneider Electric,ORG,0.0,0.0,de,2
Werner Otto Stiftung,Werner Otto Stiftung,ORG,0.5,0.0,de,2
UKE-Oberärztinnen,UKE-Oberärztinnen,ORG,0.5,0.0,de,2
Langstreckenbomber +++ USA,Langstreckenbomber +++ USA,ORG,-0.5,0.0,de,2
Atombombe,Atombombe,ORG,0.0,0.0,de,2
konservativen Partei,konservativen Partei,ORG,0.0,0.0,de,2
müs…,müs…,ORG,0.0,0.0,de,2
Bayerischen Rundfunks,Bayerischen Rundfunks,ORG,0.35,0.0,de,2
Russisches Außenministerium,Russisches Außenministerium,ORG,-0.5,0.0,de,2
ERC,ERC,ORG,0.0,0.5,de,2
russischer Bank,russischer Bank,ORG,0.0,0.0,de,2
Waldhof Mannheim,Waldhof Mannheim,ORG,0.0,0.0,de,2
Press TV,Press TV,ORG,0.0,0.0,de,2
Bundesverband der Deutschen Industrie,Bundesverband der Deutschen Industrie,ORG,0.35,0.0,de,2
Präside…,Präside…,ORG,0.0,0.0,de,2
Sowjets,Sowjets,ORG,-1.0,0.0,,2
Freischwimmer Gastronomie,Freischwimmer Gastronomie,ORG,0.0,0.0,de,2
Stiftung Joseph Breitbach,Stiftung Joseph Breitbach,ORG,0.0,0.0,de,2
Winnyzja +++,Winnyzja +++,ORG,0.0,0.0,de,2
PC-Spieler,PC-Spieler,ORG,0.0,0.0,de,2
Cities,Cities,ORG,0.0,0.0,de,2
Orbán,Orbán,ORG,0.0,0.0,de,2
Payrails,Payrails,ORG,0.7,0.0,de,2
find…,find…,ORG,0.35,0.0,de,2
Antijüdischer Mob,Antijüdischer Mob,ORG,0.0,0.0,de,2
Sirat,Sirat,ORG,0.0,0.0,de,2
Mob!,Mob!,ORG,0.0,0.0,de,2
Euro-Ländern,Euro-Ländern,ORG,0.0,0.0,de,2
SPD-Vorstoß,SPD-Vorstoß,ORG,0.0,0.0,de,2
Österreichischen Bundesheer,Österreichischen Bundesheer,ORG,-0.35,0.0,de,2
Gruppe der sieben führenden Industrienationen,Gruppe der sieben führenden Industrienationen,ORG,0.0,0.0,de,2
OFM,OFM,ORG,0.0,0.0,de,2
Doppelmoral,Doppelmoral,ORG,0.0,0.0,de,2
US-Unternehmens,US-Unternehmens,ORG,0.0,0.5,de,2
Polizei am Morgen,Polizei am Morgen,ORG,0.0,0.0,de,2
mv,mv,ORG,0.0,0.0,de,2
Dissidenten,Dissidenten,ORG,0.5,0.0,de,2
Verbraucherzentralen,Verbraucherzentralen,ORG,0.0,0.0,de,2
ma…,ma…,ORG,0.0,0.5,de,2
ZSKA Moskau,ZSKA Moskau,ORG,0.0,0.0,de,2
Europäische Filmfestival dokumentArt,Europäische Filmfestival dokumentArt,ORG,0.0,0.0,de,2
europäischen Fußball-Verbandes,europäischen Fußball-Verbandes,ORG,0.0,0.0,de,2
Alten,Alten,ORG,0.0,0.0,de,2
Comfort-Paket,Comfort-Paket,ORG,0.425,0.0,de,2
Aktion für Neukunden,Aktion für Neukunden,ORG,0.7749999999999999,0.0,de,2
Ausland +++,Ausland +++,ORG,0.0,0.0,de,2
Bank N2…,Bank N2…,ORG,0.0,0.0,de,2
Smart HD,Smart HD,ORG,0.7,0.0,de,2
Moskau +++ Neue Raketenangriffe,Moskau +++ Neue Raketenangriffe,ORG,0.7,0.0,de,2
Entwicklu…,Entwicklu…,ORG,0.0,0.0,de,2
US-Milliardär,US-Milliardär,ORG,-0.5,0.0,de,2
Polizei mittei…,Polizei mittei…,ORG,0.0,0.0,de,2
Jüdische Allgemeine,Jüdische Allgemeine,ORG,0.0,0.0,de,2
U200 Lite,U200 Lite,ORG,0.7,0.0,de,2
internati…,internati…,ORG,0.0,0.0,de,2
Staatsanwaltsch…,Staatsanwaltsch…,ORG,0.35,0.0,de,2
Liveblog Saudi-Arabien,Liveblog Saudi-Arabien,ORG,0.175,0.0,de,2
Bank…,Bank…,ORG,0.0,0.0,de,2
Bra…,Bra…,ORG,0.0,0.0,de,2
Hamas-Propaganda,Hamas-Propaganda,ORG,0.7,0.0,de,2
hessischen Polizei,hessischen Polizei,ORG,0.0,0.0,de,2
Energie…,Energie…,ORG,0.0,0.0,de,2
HBF Messer und Schlagringe,HBF Messer und Schlagringe,ORG,0.0,0.0,de,2
deutschen Kurses,deutschen Kurses,ORG,1.0,0.0,de,2
Gerhart-Hauptmann-Schule,Gerhart-Hauptmann-Schule,ORG,0.0,0.0,de,2
Kris…,Kris…,ORG,0.5,0.0,de,2
Putin Russland,Putin Russland,ORG,0.0,0.0,de,2
Minister,Minister,ORG,-0.5,0.0,de,2
Starlink,Starlink,ORG,0.35,0.0,de,2
Miosga,Miosga,ORG,0.35,0.0,de,2
ARD-Politshow,ARD-Politshow,ORG,0.85,0.0,de,2
FC Heidenheim,FC Heidenheim,ORG,0.0,0.0,de,2
ZUMA,ZUMA,ORG,0.0,0.0,de,2
Umweltverbände loben,Umweltverbände loben,ORG,1.0,0.0,de,2
entschlosse…,entschlosse…,ORG,-0.35,0.0,de,2
Early Birds,Early Birds,ORG,0.0,0.0,de,2
DIG,DIG,ORG,0.0,0.0,de,2
energe…,energe…,ORG,0.0,0.0,de,2
Future Lab,Future Lab,ORG,0.0,0.0,de,2
Landesparlaments,Landesparlaments,ORG,0.7,0.0,de,2
Gaspreisbremse für private Gaskunden,Gaspreisbremse für private Gaskunden,ORG,0.7,0.0,de,2
Nahost,Nahost,ORG,0.0,0.0,de,2
bee…,bee…,ORG,-0.35,0.0,de,2
FC Sevilla,FC Sevilla,ORG,0.0,0.0,de,2
Mehrh…,Mehrh…,ORG,0.175,0.25,de,2
Espreso TV,Espreso TV,ORG,0.0,0.0,de,2
BKA-Bundeslagebild,BKA-Bundeslagebild,ORG,0.0,0.0,de,2
Verbands deutscher Pfand…,Verbands deutscher Pfand…,ORG,0.0,0.0,de,2
SMR-Projekt,SMR-Projekt,ORG,0.0,0.0,de,2
Fra…,Fra…,ORG,-0.07500000000000001,0.0,de,2
bish…,bish…,ORG,0.35,0.0,de,2
EZB-Ziel,EZB-Ziel,ORG,0.0,0.0,de,2
MediaMarkt,MediaMarkt,ORG,0.35,0.0,de,2
Cashback,Cashback,ORG,0.7,0.0,de,2
Innenministerium…,Innenministerium…,ORG,-0.15000000000000002,0.0,de,2
Demnac…,Demnac…,ORG,0.0,0.0,de,2
EU-Beitritts,EU-Beitritts,ORG,0.0,0.0,de,2
Russland Deutschland,Russland Deutschland,ORG,-0.15000000000000002,0.0,de,2
Ampe…,Ampe…,ORG,0.0,0.0,de,2
Lancet-Drohnen,Lancet-Drohnen,ORG,0.25,0.25,de,2
niederschla…,niederschla…,ORG,-1.0,0.0,de,2
Todesopfern,Todesopfern,ORG,0.0,0.0,de,2
Heinrich-Böll-Stiftung,Heinrich-Böll-Stiftung,ORG,0.0,0.0,de,2
BAMBI,BAMBI,ORG,1.0,0.0,de,2
AG Energiebilanzen,AG Energiebilanzen,ORG,0.0,0.0,de,2
++ Liveblog,++ Liveblog,ORG,0.0,0.0,de,2
Krim ++,Krim ++,ORG,0.0,0.0,de,2
Leibniz-Ring Hannover,Leibniz-Ring Hannover,ORG,0.675,0.0,de,2
Eskalation +++,Eskalation +++,ORG,-0.35,0.0,de,2
Masha Gessen,Masha Gessen,ORG,0.0,0.0,de,2
UN-Umweltprogramm,UN-Umweltprogramm,ORG,-0.35,0.0,de,2
Liveblog Irans Außenministerium,Liveblog Irans Außenministerium,ORG,-0.25,0.25,de,2
NGO Arctida,NGO Arctida,ORG,1.0,0.0,de,2
Erinnerungsst…,Erinnerungsst…,ORG,0.0,0.0,de,2
Beauftragter für Klimastiftung,Beauftragter für Klimastiftung,ORG,0.0,0.0,de,2
deutsche Chemie- und Pharmaindustrie,deutsche Chemie- und Pharmaindustrie,ORG,-0.35,0.0,de,2
böse Mails,böse Mails,ORG,-1.0,0.0,de,2
WOW-Sportkunden,WOW-Sportkunden,ORG,-1.0,0.0,de,2
WOW,WOW,ORG,-1.0,0.0,de,2
Haushalts,Haushalts,ORG,0.7,0.0,de,2
Odessa +++ Russische Luftfahrtbehörde,Odessa +++ Russische Luftfahrtbehörde,ORG,0.7,0.0,de,2
EU-Nachbarn,EU-Nachbarn,ORG,1.0,0.0,de,2
Deutschlands Militärhilfe,Deutschlands Militärhilfe,ORG,0.0,0.0,de,2
Opposi…,Opposi…,ORG,-0.175,0.0,de,2
Schweizer Stimmvolk,Schweizer Stimmvolk,ORG,0.0,0.0,de,2
Testzwecken,Testzwecken,ORG,0.0,0.0,de,2
Ukraine-Hilfe ++,Ukraine-Hilfe ++,ORG,0.0,0.0,de,2
US-Interview,US-Interview,ORG,0.0,0.0,de,2
Al…,Al…,ORG,0.0,0.0,de,2
US-Anbieter,US-Anbieter,ORG,0.0,0.0,de,2
Bojen,Bojen,ORG,-1.0,0.0,de,2
Finanz-Paket,Finanz-Paket,ORG,0.0,0.0,de,2
Gas- und Chemiekonzerns OMV,Gas- und Chemiekonzerns OMV,ORG,0.0,0.0,de,2
US-Zölle,US-Zölle,ORG,0.0,0.0,de,2
Russische Kampfjets,Russische Kampfjets,ORG,0.0,0.0,de,2
AKW-Streckbetrieb,AKW-Streckbetrieb,ORG,-0.35,0.0,de,2
USB,USB,ORG,0.575,0.0,de,2
Odessa +++ Ukraine,Odessa +++ Ukraine,ORG,0.0,0.0,de,2
Brothers of Honour,Brothers of Honour,ORG,0.0,0.0,de,2
hunder…,hunder…,ORG,0.0,0.5,de,2
Bier-Preis-Explosion!,Bier-Preis-Explosion!,ORG,0.0,0.0,de,2
Ukraine-Krieg+++,Ukraine-Krieg+++,ORG,0.0,0.0,de,2
tschechische Außenministerium,tschechische Außenministerium,ORG,0.35,0.0,de,2
FDP-Verteidigungsexperte,FDP-Verteidigungsexperte,ORG,0.0,0.0,de,2
Kämp…,Kämp…,ORG,0.0,0.0,de,2
Verein für Pankow,Verein für Pankow,ORG,-0.7,0.0,de,2
deutschen Botschafters,deutschen Botschafters,ORG,0.15000000000000002,0.0,de,2
GUR,GUR,ORG,0.5,0.0,de,2
l…,l…,ORG,-0.35,0.0,de,2
SPD-nahe Stiftung,SPD-nahe Stiftung,ORG,-0.7,0.0,de,2
SWR-Interview,SWR-Interview,ORG,0.0,0.0,de,2
ARD-Sender,ARD-Sender,ORG,0.0,0.0,de,2
Dafü…,Dafü…,ORG,0.0,0.0,de,2
AL,AL,ORG,-0.5,0.0,de,2
+++ Geschäftszahlen,+++ Geschäftszahlen,ORG,0.0,0.0,de,2
Newsblog +++,Newsblog +++,ORG,0.0,0.0,de,2
OMV +++ Cyber-Angriff,OMV +++ Cyber-Angriff,ORG,0.0,0.0,de,2
Umsatz- und Gewinneinbußen +++,Umsatz- und Gewinneinbußen +++,ORG,0.0,0.0,de,2
CDU-Politikern,CDU-Politikern,ORG,0.7,0.0,de,2
Schwund,Schwund,ORG,0.0,0.0,de,2
Bayreuther Festspiele,Bayreuther Festspiele,ORG,0.0,0.0,de,2
SwitchBot,SwitchBot,ORG,0.41666666666666663,0.0,de,2
Putins Getreide-Stopp,Putins Getreide-Stopp,ORG,0.0,0.0,de,2
Deutsche Gesellschaft für Ernährung,Deutsche Gesellschaft für Ernährung,ORG,1.0,0.0,de,2
Controller-Institut,Controller-Institut,ORG,-1.0,0.0,de,2
Minister für Industrie und fortschrittliche Technologien,Minister für Industrie und fortschrittliche Technologien,ORG,0.0,0.0,de,2
Klimasschutz,Klimasschutz,ORG,1.0,0.0,de,2
US-Klimabeauftragte,US-Klimabeauftragte,ORG,0.0,0.0,de,2
Schulmeister Management Consulting,Schulmeister Management Consulting,ORG,-1.0,0.0,de,2
Bitcoin-ETF,Bitcoin-ETF,ORG,-0.5,0.0,de,2
Freiwasser«-Schwimmsaison,Freiwasser«-Schwimmsaison,ORG,0.0,0.0,de,2
Drohnen-Vorfällen,Drohnen-Vorfällen,ORG,0.0,0.0,de,2
Gruppe …,Gruppe …,ORG,0.0,0.0,de,2
Dnipro +++ Brand,Dnipro +++ Brand,ORG,0.0,0.0,de,2
Put…,Put…,ORG,0.35,0.0,de,2
US-Kehrtwende,US-Kehrtwende,ORG,0.0,0.0,de,2
gesc…,gesc…,ORG,0.0,0.0,de,2
RMV,RMV,ORG,0.5,0.0,de,2
Rhein-Main-Verkehrsverbund,Rhein-Main-Verkehrsverbund,ORG,0.5,0.0,de,2
AKW Saporischschja +++ Der Newsblog,AKW Saporischschja +++ Der Newsblog,ORG,0.0,0.5,de,2
Schiffen +++ Der Newsblog,Schiffen +++ Der Newsblog,ORG,0.0,0.0,de,2
Darts-Team,Darts-Team,ORG,0.0,0.0,de,2
US-Verbrauchern,US-Verbrauchern,ORG,0.0,0.0,de,2
Zusammenkunft find…,Zusammenkunft find…,ORG,0.0,0.0,de,2
co2online,co2online,ORG,0.0,0.0,de,2
DW-Team,DW-Team,ORG,0.0,0.0,de,2
Auslandssenders Deutsche Welle,Auslandssenders Deutsche Welle,ORG,-1.0,0.0,de,2
RAF-Terrorist,RAF-Terrorist,ORG,0.0,0.0,de,2
Krim +++ Fahrzeugverkehr,Krim +++ Fahrzeugverkehr,ORG,-0.5,0.0,de,2
Flakpanzer +++,Flakpanzer +++,ORG,0.0,0.0,de,2
Drohnen-Abwehr,Drohnen-Abwehr,ORG,-1.0,0.0,de,2
UN-Berichterstattern,UN-Berichterstattern,ORG,0.0,0.0,de,2
Füchse Berlin,Füchse Berlin,ORG,0.0,0.0,de,2
ZEI…,ZEI…,ORG,0.0,0.0,de,2
Nato-Ukraine-Rat,Nato-Ukraine-Rat,ORG,0.0,0.0,de,2
hitzesicheres Berlin,hitzesicheres Berlin,ORG,0.0,0.0,de,2
PSG,PSG,ORG,0.0,0.0,de,2
Disney Plus,Disney Plus,ORG,-0.35,0.0,de,2
US-Bildungsministerium,US-Bildungsministerium,ORG,0.0,0.0,de,2
TV-Gala,TV-Gala,ORG,0.0,0.0,de,2
Lufthansa-Konzern,Lufthansa-Konzern,ORG,0.0,0.0,de,2
TV-Auszeichnung,TV-Auszeichnung,ORG,0.0,0.0,de,2
Al-Haja,Al-Haja,ORG,0.0,0.0,de,2
Bundestag-Verteidig…,Bundestag-Verteidig…,ORG,0.0,0.0,de,2
Uniper,Uniper,ORG,0.0,0.0,de,2
Swiss Re,Swiss Re,ORG,0.0,0.0,de,2
Aufruhr,Aufruhr,ORG,0.7,0.0,de,2
Geflohener Amoktäter,Geflohener Amoktäter,ORG,0.0,0.0,de,2
Ukraine +++ Donau-Hafen,Ukraine +++ Donau-Hafen,ORG,-0.07500000000000001,0.0,de,2
deutsche FDP,deutsche FDP,ORG,0.0,0.0,de,2
Gefangenenaustausch,Gefangenenaustausch,ORG,0.0,0.0,de,2
CO-Abscheidung,CO-Abscheidung,ORG,-0.5,0.0,de,2
BMW-Chef,BMW-Chef,ORG,0.0,0.0,de,2
Kyjiw +++ Gauck,Kyjiw +++ Gauck,ORG,0.15000000000000002,0.0,de,2
zweiten Bundesliga,zweiten Bundesliga,ORG,0.35,0.0,de,2
NOAA,NOAA,ORG,0.0,0.0,de,2
Rekrutierungszentren +++ EU,Rekrutierungszentren +++ EU,ORG,0.0,0.0,de,2
Openair,Openair,ORG,0.85,0.0,de,2
arbeitgebernahe Institut der deutschen Wirtschaft,arbeitgebernahe Institut der deutschen Wirtschaft,ORG,0.0,0.0,de,2
SpVgg Unterhaching,SpVgg Unterhaching,ORG,-0.5,0.0,de,2
Ger…,Ger…,ORG,0.0,0.0,de,2
Ukraine +++ Litauen,Ukraine +++ Litauen,ORG,0.0,0.0,de,2
Russin reich,Russin reich,ORG,0.0,0.0,de,2
Saudi Arabien +++ Ukrainischer,Saudi Arabien +++ Ukrainischer,ORG,0.0,0.0,de,2
fa…,fa…,ORG,0.0,0.0,de,2
Volks…,Volks…,ORG,0.0,0.0,de,2
Produk…,Produk…,ORG,0.5,0.0,de,2
russischer Marine,russischer Marine,ORG,0.35,0.0,de,2
Selenskyjs Friedensplan,Selenskyjs Friedensplan,ORG,0.0,0.0,de,2
Gesundheitsminister,Gesundheitsminister,ORG,0.0,0.0,de,2
Russin Smirnowa,Russin Smirnowa,ORG,0.0,0.0,de,2
Ukraine +++ Afrikanische Union,Ukraine +++ Afrikanische Union,ORG,0.7,0.0,de,2
Lebensmittelkrise +++,Lebensmittelkrise +++,ORG,0.7,0.0,de,2
"Verband ""Zukunft Gas","Verband ""Zukunft Gas",ORG,-0.7,0.0,de,2
Bachmut +++ Prigoschin,Bachmut +++ Prigoschin,ORG,0.35,0.0,de,2
EIB,EIB,ORG,0.5,0.5,de,2
NVL,NVL,ORG,0.0,0.0,de,2
Geländegewinne bei,Geländegewinne bei,ORG,0.0,0.0,de,2
Wissenscha…,Wissenscha…,ORG,0.0,0.0,de,2
HNSCC,HNSCC,ORG,0.0,0.0,de,2
Anreiz,Anreiz,ORG,0.0,0.0,de,2
FPÖ-Finanzcausa,FPÖ-Finanzcausa,ORG,0.0,0.0,de,2
FCM,FCM,ORG,-0.09999999999999998,0.0,de,2
Liveblog Frankreich,Liveblog Frankreich,ORG,-1.0,0.0,de,2
eu…,eu…,ORG,0.0,0.0,de,2
Taiwan Waffen,Taiwan Waffen,ORG,0.0,0.0,de,2
SC DHfK,SC DHfK,ORG,1.0,0.0,de,2
erkl…,erkl…,ORG,0.0,0.0,de,2
Belarus fü…,Belarus fü…,ORG,0.0,0.0,de,2
LGBT-Community,LGBT-Community,ORG,0.0,0.0,de,2
MV-Tourismus,MV-Tourismus,ORG,0.0,0.0,de,2
Markenkommunikation,Markenkommunikation,ORG,0.0,0.0,de,2
Russland-Embargo,Russland-Embargo,ORG,0.0,0.0,de,2
Haftstrafen für Verstöße gegen Russland-Sanktionen,Haftstrafen für Verstöße gegen Russland-Sanktionen,ORG,0.0,0.0,de,2
Verfügun…,Verfügun…,ORG,0.425,0.0,de,2
Getreide-Geschenke +++,Getreide-Geschenke +++,ORG,-1.0,0.0,de,2
Formel-1-Training,Formel-1-Training,ORG,0.925,0.0,de,2
EU Innovationen,EU Innovationen,ORG,0.925,0.0,de,2
Odessa +++ Autoverkehr,Odessa +++ Autoverkehr,ORG,-0.35,0.0,de,2
Volkswagen-Konzern,Volkswagen-Konzern,ORG,0.35,0.0,de,2
Verbandes Münchner Sportjournalisten,Verbandes Münchner Sportjournalisten,ORG,0.0,0.0,de,2
BewohnerInnen,BewohnerInnen,ORG,-0.7,0.0,de,2
Osnab…,Osnab…,ORG,0.0,0.0,de,2
EUMAM,EUMAM,ORG,0.0,0.0,de,2
Finanz-Vorschriften,Finanz-Vorschriften,ORG,-1.0,0.0,de,2
Dazn,Dazn,ORG,0.0,0.0,de,2
US-Mutterkonzern,US-Mutterkonzern,ORG,0.7,0.0,de,2
Putin-Regime,Putin-Regime,ORG,0.0,0.0,de,2
Nottingham Forest,Nottingham Forest,ORG,0.0,0.0,de,2
Hugendubel,Hugendubel,ORG,0.0,0.0,de,2
Organisation…,Organisation…,ORG,0.0,0.0,de,2
Nato-Gipfel Druck,Nato-Gipfel Druck,ORG,0.0,0.0,de,2
BSI-Chefin,BSI-Chefin,ORG,-0.7,0.0,de,2
Moskau +++ US-Sondergesandter,Moskau +++ US-Sondergesandter,ORG,0.0,0.0,de,2
Soforthilfe,Soforthilfe,ORG,-0.35,0.0,de,2
Söldnerführer Prigoschin,Söldnerführer Prigoschin,ORG,-0.5,0.0,de,2
CDU-nahe Klima-Union,CDU-nahe Klima-Union,ORG,0.0,0.0,de,2
Belarus,Belarus,ORG,-1.0,0.0,de,2
SWM,SWM,ORG,-0.5,0.0,de,2
Glasfaser-Bohrung,Glasfaser-Bohrung,ORG,0.0,0.0,de,2
CO₂.,CO₂.,ORG,0.0,0.0,de,2
Raketenabwehr +++,Raketenabwehr +++,ORG,0.7,0.0,de,2
Ukraine +++ Deutschland,Ukraine +++ Deutschland,ORG,0.175,0.0,de,2
Maserati,Maserati,ORG,0.425,0.0,de,2
Gespräche…,Gespräche…,ORG,0.0,0.0,de,2
PSI,PSI,ORG,0.0,0.0,de,2
Paul-Scherrer-Institut,Paul-Scherrer-Institut,ORG,0.0,0.0,de,2
Palästinenser,Palästinenser,ORG,0.0,0.0,de,2
KI-Plattform,KI-Plattform,ORG,0.0,0.0,de,2
Bachmut +++ EU,Bachmut +++ EU,ORG,0.0,0.0,de,2
TV-Publikum,TV-Publikum,ORG,0.0,0.0,de,2
Bahn-Güterverkehrstochter DB Cargo,Bahn-Güterverkehrstochter DB Cargo,ORG,-0.35,0.0,de,2
US-Geheimdiensten hoffen +++ Neue Sipri-Daten,US-Geheimdiensten hoffen +++ Neue Sipri-Daten,ORG,0.7,0.0,de,2
Straflager +++,Straflager +++,ORG,0.0,0.5,de,2
Gasinfr…,Gasinfr…,ORG,0.0,0.0,de,2
Gegenoffensive +++ Ukraine,Gegenoffensive +++ Ukraine,ORG,0.0,0.5,de,2
Bachmut +++ Ukraine,Bachmut +++ Ukraine,ORG,-0.35,0.0,de,2
IWF-Kreditprogramm +++,IWF-Kreditprogramm +++,ORG,0.35,0.0,de,2
Sanktionsliste +++,Sanktionsliste +++,ORG,0.0,0.0,de,2
Ver…,Ver…,ORG,0.5,0.0,de,2
Grüne Kathrin Moosdorf,Grüne Kathrin Moosdorf,ORG,0.0,0.0,de,2
Kiews Russland,Kiews Russland,ORG,0.0,0.0,de,2
US-Techkonzerne,US-Techkonzerne,ORG,0.7,0.0,de,2
Deutsche Rüstungskonzerne,Deutsche Rüstungskonzerne,ORG,1.0,0.0,de,2
OeKB,OeKB,ORG,0.0,0.0,de,2
Oesterreichischen Kontrollbank,Oesterreichischen Kontrollbank,ORG,0.0,0.0,de,2
Warschau,Warschau,ORG,0.0,0.0,de,2
Ausnahmezustand +++,Ausnahmezustand +++,ORG,0.0,0.0,de,2
Neues Zentrum,Neues Zentrum,ORG,0.0,0.0,de,2
Liberalen Partei,Liberalen Partei,ORG,0.7749999999999999,0.0,de,2
Bundesliga patzen,Bundesliga patzen,ORG,-0.925,0.0,de,2
Rosneft Deutschland,Rosneft Deutschland,ORG,0.0,0.0,de,2
Nationalfeiertag,Nationalfeiertag,ORG,0.0,0.0,de,2
Formel-1-Saison,Formel-1-Saison,ORG,0.0,0.0,de,2
++Ukraine,++Ukraine,ORG,0.0,0.0,de,2
VKU,VKU,ORG,0.0,0.0,de,2
VKU-Umfrage,VKU-Umfrage,ORG,0.0,0.0,de,2
EU-Chefs,EU-Chefs,ORG,-0.35,0.0,de,2
RedaktionsNetzwerk,RedaktionsNetzwerk,ORG,0.0,0.0,de,2
Ampel-Fraktionen,Ampel-Fraktionen,ORG,-0.5,0.0,de,2
Mittwoc…,Mittwoc…,ORG,0.0,0.0,de,2
Ukraine-Hilfen,Ukraine-Hilfen,ORG,0.5,0.0,de,2
SIPRI,SIPRI,ORG,0.0,0.0,de,2
Spektrum.de,Spektrum.de,ORG,0.0,0.0,de,2
Charta,Charta,ORG,-0.7,0.0,de,2
Luftraums europäischer Nato-Staaten,Luftraums europäischer Nato-Staaten,ORG,0.0,0.0,de,2
Botsch…,Botsch…,ORG,-0.25,0.0,de,2
Anti-Terror-Polizei,Anti-Terror-Polizei,ORG,0.0,0.0,de,2
mutmaßlichem Terroranschlag,mutmaßlichem Terroranschlag,ORG,0.0,0.0,de,2
CD…,CD…,ORG,0.0,0.0,de,2
Russland +++ Wagner-Armee,Russland +++ Wagner-Armee,ORG,-0.425,0.0,de,2
Moskau +++ Putin,Moskau +++ Putin,ORG,0.0,0.4,de,2
ICE-,ICE-,ORG,0.0,0.0,de,2
IC-Züge,IC-Züge,ORG,0.0,0.0,de,2
Autoherstellers,Autoherstellers,ORG,0.0,0.0,de,2
AfD-Mann Risch,AfD-Mann Risch,ORG,0.0,0.0,de,2
US-Notenbanker,US-Notenbanker,ORG,0.0,0.0,de,2
PKGr,PKGr,ORG,-0.35,0.0,de,2
Stade,Stade,ORG,0.0,0.0,de,2
deutschen Urlaubs-Hotspots,deutschen Urlaubs-Hotspots,ORG,0.0,0.0,de,2
Russen +++ US-Sondergesandter,Russen +++ US-Sondergesandter,ORG,-1.0,0.0,de,2
Chef…,Chef…,ORG,0.0,0.0,de,2
SLB,SLB,ORG,0.0,0.0,de,2
Southwest Research Institute,Southwest Research Institute,ORG,1.0,0.0,de,2
Gewahrsam +++,Gewahrsam +++,ORG,0.7,0.0,de,2
EEA,EEA,ORG,0.0,0.0,de,2
Europäische Umweltagentur,Europäische Umweltagentur,ORG,0.0,0.0,de,2
Taurus +++,Taurus +++,ORG,0.0,0.0,de,2
KI-Entwicklung,KI-Entwicklung,ORG,0.7,0.0,de,2
Arsenal der freien Welt,Arsenal der freien Welt,ORG,0.7,0.0,de,2
Senders RT,Senders RT,ORG,0.0,0.0,de,2
US-Nationalparks,US-Nationalparks,ORG,0.35,0.0,de,2
Finanz-Zahlen,Finanz-Zahlen,ORG,0.0,0.0,de,2
Bundestag +++,Bundestag +++,ORG,0.0,0.0,de,2
Internationale Paralympische Komitee,Internationale Paralympische Komitee,ORG,0.0,0.0,de,2
Voice of America,Voice of America,ORG,-0.15000000000000002,0.0,de,2
VfL Gummersbach,VfL Gummersbach,ORG,0.5,0.0,de,2
Ökono…,Ökono…,ORG,0.0,0.0,de,2
russische Partei,russische Partei,ORG,0.0,0.0,de,2
Bürger…,Bürger…,ORG,0.0,0.0,de,2
BND zu Russland,BND zu Russland,ORG,0.0,0.0,de,2
Kiewer Buchmesse,Kiewer Buchmesse,ORG,-1.0,0.0,de,2
LR,LR,ORG,0.07500000000000001,0.0,de,2
Di…,Di…,ORG,0.0,0.0,de,2
Nato-Partner,Nato-Partner,ORG,0.0,0.0,de,2
Polizei Waffen,Polizei Waffen,ORG,0.0,0.0,de,2
Waffen-Paket,Waffen-Paket,ORG,0.0,0.0,de,2
Small Modular Reactors,Small Modular Reactors,ORG,0.35,0.0,de,2
Boo…,Boo…,ORG,0.0,0.0,de,2
amerikanischen Sanktionen,amerikanischen Sanktionen,ORG,-0.5,0.0,de,2
NVIDIA,NVIDIA,ORG,0.35,0.0,de,2
Flugabw…,Flugabw…,ORG,0.0,0.0,de,2
BSW-Parteichefin,BSW-Parteichefin,ORG,0.35,0.0,de,2
CO,CO,ORG,0.35,0.0,de,2
Formel-1-Film,Formel-1-Film,ORG,0.0,0.0,de,2
SOS-Kinderdorf,SOS-Kinderdorf,ORG,0.0,0.0,de,2
Institut: Europa,Institut: Europa,ORG,0.0,0.0,de,2
Rostec,Rostec,ORG,0.0,0.0,de,2
Volkswagen ID,Volkswagen ID,ORG,0.7,0.0,de,2
Beratungsgesellschaft,Beratungsgesellschaft,ORG,0.0,0.0,de,2
Druck +++,Druck +++,ORG,0.35,0.5,de,2
EPA,EPA,ORG,0.0,0.0,de,2
Le Parisien,Le Parisien,ORG,-0.175,0.0,de,2
Verteidigungsministerium +++,Verteidigungsministerium +++,ORG,-0.35,0.0,de,2
Streubomben +++ Nord-Stream-Ermittler,Streubomben +++ Nord-Stream-Ermittler,ORG,-0.925,0.0,de,2
ukrainische Energie- und Bahninfrastruktur,ukrainische Energie- und Bahninfrastruktur,ORG,0.0,0.0,de,2
Behinderungen +++,Behinderungen +++,ORG,0.5249999999999999,0.0,de,2
Puh!,Puh!,ORG,0.0,0.0,de,2
Schnitzel,Schnitzel,ORG,0.0,0.0,de,2
venezolanischen Erdölsektors,venezolanischen Erdölsektors,ORG,-0.7,0.0,de,2
quoted,quoted,ORG,0.0,0.0,de,2
deutsche Luftverkehr,deutsche Luftverkehr,ORG,0.0,0.0,de,2
Transparenzmodus,Transparenzmodus,ORG,-0.5,0.0,de,2
LNG-Importstruktur,LNG-Importstruktur,ORG,-0.35,0.0,de,2
Gebäudes,Gebäudes,ORG,0.0,0.0,de,2
Finanz-Statistik,Finanz-Statistik,ORG,0.0,0.5,de,2
Gletscherschwund,Gletscherschwund,ORG,0.0,0.0,de,2
Chemieverbands VCI,Chemieverbands VCI,ORG,0.0,0.0,de,2
WDR-Datenteams,WDR-Datenteams,ORG,0.0,0.0,de,2
WolodymyrSelenskyj …,WolodymyrSelenskyj …,ORG,0.0,0.0,de,2
"EPA
","EPA
",ORG,0.0,0.0,de,2
Kamikaze-Drohnen +++,Kamikaze-Drohnen +++,ORG,0.0,0.0,de,2
FDP-Forderung,FDP-Forderung,ORG,-0.925,0.0,de,2
Die russischen Streitkräfte,Die russischen Streitkräfte,ORG,0.0,0.0,de,2
US-Boden,US-Boden,ORG,0.0,0.0,de,2
Consors Finanz Mastercard,Consors Finanz Mastercard,ORG,0.0,0.0,de,2
Gesellschaft: Massentourismus,Gesellschaft: Massentourismus,ORG,0.0,0.5,de,2
F-16-Kriegseinsatz,F-16-Kriegseinsatz,ORG,-0.7,0.0,de,2
Mabuse-Verlag,Mabuse-Verlag,ORG,0.175,0.25,de,2
enttäusch…,enttäusch…,ORG,0.35,0.0,de,2
fort +++ Erdogan,fort +++ Erdogan,ORG,0.35,0.0,de,2
Getreideabkommen +++,Getreideabkommen +++,ORG,0.0,0.0,de,2
Volvo,Volvo,ORG,0.0,0.0,de,2
Flugabwehrpanzer Gepard +++,Flugabwehrpanzer Gepard +++,ORG,-1.0,0.0,de,2
IS-Mann,IS-Mann,ORG,0.7,0.0,de,2
Danke“-Logo,Danke“-Logo,ORG,0.0,0.0,de,2
HB Ludwigsburg,HB Ludwigsburg,ORG,0.0,0.0,de,2
Schimmel,Schimmel,ORG,-0.5,0.0,de,2
Amerika,Amerika,ORG,0.0,0.0,de,2
WM-Medaille,WM-Medaille,ORG,0.0,0.0,de,2
Wintervögel,Wintervögel,ORG,0.0,0.0,de,2
Umständen…,Umständen…,ORG,0.0,0.0,de,2
deutsche Luftverkehrswirtschaft,deutsche Luftverkehrswirtschaft,ORG,-0.4666666666666666,0.16666666666666666,de,2
Pasta,Pasta,ORG,0.0,0.0,de,2
Leipzig-Fans,Leipzig-Fans,ORG,-0.7,0.0,de,2
Munitionsfabrik +++ Polnischer,Munitionsfabrik +++ Polnischer,ORG,0.0,0.0,de,2
HelloFresh,HelloFresh,ORG,0.5,0.0,de,2
Verdac…,Verdac…,ORG,0.0,0.0,de,2
Jackson Hole,Jackson Hole,ORG,0.35,0.0,de,2
Schublade,Schublade,ORG,0.35,0.0,de,2
Blockfi,Blockfi,ORG,0.0,0.0,de,2
Genesis,Genesis,ORG,0.0,0.0,de,2
Datenleck,Datenleck,ORG,0.7,0.0,de,2
wei…,wei…,ORG,0.0,0.0,de,2
Tag der humanitären Hilfe,Tag der humanitären Hilfe,ORG,0.0,0.0,de,2
Moskau +++ Drohnenangriffe,Moskau +++ Drohnenangriffe,ORG,0.0,0.0,de,2
deutschen Streitkräften,deutschen Streitkräften,ORG,0.35,0.5,de,2
Jacksonville,Jacksonville,ORG,-0.5916666666666667,0.0,de,2
TK Waters,TK Waters,ORG,-0.5916666666666667,0.0,de,2
Samsta…,Samsta…,ORG,-0.425,0.0,de,2
Ukraine +++ Putin,Ukraine +++ Putin,ORG,-0.2125,0.0,de,2
Linksextreme,Linksextreme,ORG,-1.0,0.0,de,2
Wagner-Chef Prigoschin +++ Selenskyj,Wagner-Chef Prigoschin +++ Selenskyj,ORG,0.35,0.0,de,2
RTE,RTE,ORG,0.0,0.0,de,2
Travis Kelce,Travis Kelce,ORG,0.35,0.0,de,2
radikal-islamistischen Taliban,radikal-islamistischen Taliban,ORG,0.0,0.0,de,2
FragDenStaat,FragDenStaat,ORG,-0.5,0.0,de,2
Nationa…,Nationa…,ORG,0.0,0.0,de,2
Opus Klassik,Opus Klassik,ORG,1.0,0.0,de,2
MagenaSport,MagenaSport,ORG,0.0,0.0,de,2
Baikal Electronics,Baikal Electronics,ORG,0.0,0.0,de,2
Lebensgefährten,Lebensgefährten,ORG,0.0,0.0,de,2
TSMC,TSMC,ORG,0.35,0.0,de,2
Wiederaufbau +++,Wiederaufbau +++,ORG,0.35,0.0,de,2
KI-Produkte,KI-Produkte,ORG,0.7,0.0,de,2
Wohnu…,Wohnu…,ORG,0.0,0.0,de,2
Gashändler VNG,Gashändler VNG,ORG,0.85,0.0,de,2
Europäischen Kommissi…,Europäischen Kommissi…,ORG,0.0,0.0,de,2
Na… Ein,Na… Ein,ORG,0.0,0.0,de,2
Yonhap,Yonhap,ORG,-0.35,0.0,de,2
Organisator…,Organisator…,ORG,0.0,0.0,de,2
Star Finanz GmbH,Star Finanz GmbH,ORG,0.925,0.0,de,2
Wien,Wien,ORG,0.0,0.0,de,2
ASIF,ASIF,ORG,0.0,0.0,de,2
"Taurus""-Marschflugkörpern","Taurus""-Marschflugkörpern",ORG,0.175,0.0,de,2
EU-Flagge,EU-Flagge,ORG,-0.5,0.0,de,2
US-Herstellers,US-Herstellers,ORG,0.0,0.5,de,2
Indien +++,Indien +++,ORG,0.0,0.0,de,2
US-Anleihen,US-Anleihen,ORG,0.35,0.0,de,2
Förderun…,Förderun…,ORG,0.5,0.0,de,2
Norwegens Armee,Norwegens Armee,ORG,0.0,0.0,de,2
FH Joanneum,FH Joanneum,ORG,0.0,0.0,de,2
NABU,NABU,ORG,0.0,0.0,de,2
SZ-Serie,SZ-Serie,ORG,0.0,0.0,de,2
MLS,MLS,ORG,0.0,0.0,de,2
Liveblog Polen,Liveblog Polen,ORG,-0.27499999999999997,0.0,de,2
Einfuhrverbots für ukrainisches Getreide,Einfuhrverbots für ukrainisches Getreide,ORG,-0.27499999999999997,0.0,de,2
Vancouver Whitecaps,Vancouver Whitecaps,ORG,0.0,0.0,de,2
Internationa…,Internationa…,ORG,0.0,0.0,de,2
Ukraine +++ Ukrainische Armee,Ukraine +++ Ukrainische Armee,ORG,0.0,0.0,de,2
Absturz der Grünen,Absturz der Grünen,ORG,0.0,0.0,de,2
Großbritann…,Großbritann…,ORG,0.0,0.0,de,2
NHL-Start,NHL-Start,ORG,0.7,0.0,de,2
Hackerangriffen +++ Russland,Hackerangriffen +++ Russland,ORG,0.7,0.0,de,2
Lawrow +++ Rumänien,Lawrow +++ Rumänien,ORG,0.35,0.0,de,2
FC Midtjylland,FC Midtjylland,ORG,0.0,0.0,de,2
Putin +++ Flugausfälle,Putin +++ Flugausfälle,ORG,0.7,0.0,de,2
Grenze +++ Russische Medien,Grenze +++ Russische Medien,ORG,0.0,0.0,de,2
Universum,Universum,ORG,0.0,0.0,de,2
Yle wer…,Yle wer…,ORG,0.0,0.0,de,2
Austrian Health Forum,Austrian Health Forum,ORG,0.0,0.0,de,2
Reiselust der Deutschen,Reiselust der Deutschen,ORG,0.0,0.0,de,2
Entwick…,Entwick…,ORG,0.0,0.0,de,2
Psy…,Psy…,ORG,0.0,0.0,de,2
Bayerische Hotel- und Gaststättenverband,Bayerische Hotel- und Gaststättenverband,ORG,0.0,0.0,de,2
Bayerischen Hotel- und Gaststättenverbandes,Bayerischen Hotel- und Gaststättenverbandes,ORG,-0.7,0.0,de,2
Deutscher Bundestag,Deutscher Bundestag,ORG,-0.5,0.0,de,2
Behörde…,Behörde…,ORG,-0.5,0.0,de,2
Finanz-NGO,Finanz-NGO,ORG,1.0,0.0,de,2
Putin-Partei,Putin-Partei,ORG,-0.5,0.0,de,2
Airbus,Airbus,ORG,0.0,0.0,de,2
DATEV,DATEV,ORG,0.7,0.0,de,2
Lärm-Eklat,Lärm-Eklat,ORG,0.0,0.0,de,2
Banaszak,Banaszak,ORG,0.0,0.0,de,2
Europäischen Health Forum Gastein,Europäischen Health Forum Gastein,ORG,0.0,0.0,de,2
schwedischen Marine,schwedischen Marine,ORG,0.175,0.0,de,2
Schleswig-Holsteins Grüne,Schleswig-Holsteins Grüne,ORG,0.07500000000000001,0.0,de,2
Ernstfall,Ernstfall,ORG,0.0,0.0,de,2
Orchesters der Bayerischen Staatsoper,Orchesters der Bayerischen Staatsoper,ORG,0.0,0.0,de,2
Formel-1-Team,Formel-1-Team,ORG,0.35,0.0,de,2
Treibstoffe,Treibstoffe,ORG,0.0,0.0,de,2
GUS-Luftabwehr +++,GUS-Luftabwehr +++,ORG,0.0,0.0,de,2
spanischen Regierung,spanischen Regierung,ORG,0.0,0.0,de,2
Klima-Institut,Klima-Institut,ORG,0.0,0.5,de,2
Russlands Nordmeerflotte,Russlands Nordmeerflotte,ORG,0.0,0.0,de,2
US-Ziele,US-Ziele,ORG,-0.35,0.0,de,2
Ukraine +++  ,Ukraine +++  ,ORG,0.35,0.0,de,2
Oppositio…,Oppositio…,ORG,0.0,0.0,de,2
GUS-Luftabwehr +++ Russland,GUS-Luftabwehr +++ Russland,ORG,0.0,0.0,de,2
Pro Asyl,Pro Asyl,ORG,0.0,0.0,de,2
+++ US-Präsident,+++ US-Präsident,ORG,-0.5,0.0,de,2
US-Staatsbürgerin,US-Staatsbürgerin,ORG,0.35,0.0,de,2
Berliner Abgeordnetenhauswahl,Berliner Abgeordnetenhauswahl,ORG,-1.0,0.0,de,2
BUND warnt Union,BUND warnt Union,ORG,-0.7,0.0,de,2
erken…,erken…,ORG,0.0,0.0,de,2
fäl…,fäl…,ORG,0.85,0.0,de,2
französischen Energiemix,französischen Energiemix,ORG,0.0,0.0,de,2
zmr Akkuzustand,zmr Akkuzustand,ORG,0.0,0.0,de,2
Pride Parade,Pride Parade,ORG,0.35,0.0,de,2
UV-Strahlung,UV-Strahlung,ORG,0.35,0.0,de,2
Jordanien +++,Jordanien +++,ORG,0.0,0.0,de,2
AWO,AWO,ORG,0.0,0.0,de,2
Taurus-Marschflugkörpern +++ Oblast Saporischschja,Taurus-Marschflugkörpern +++ Oblast Saporischschja,ORG,-0.7,0.0,de,2
Beschuss +++ Der Newsblog,Beschuss +++ Der Newsblog,ORG,-0.7,0.0,de,2
EU-Vertretung,EU-Vertretung,ORG,0.0,0.0,de,2
Njet!,Njet!,ORG,0.0,0.0,de,2
Unbreakable Ukraine,Unbreakable Ukraine,ORG,0.0,0.0,de,2
Jazda!,Jazda!,ORG,0.5,0.0,de,2
SC Paderbo…,SC Paderbo…,ORG,0.0,0.0,de,2
SCP,SCP,ORG,0.0,0.0,de,2
Außenmini…,Außenmini…,ORG,0.0,0.0,de,2
Tottenham,Tottenham,ORG,0.35,0.0,de,2
Lambrini Girls,Lambrini Girls,ORG,0.0,0.5,de,2
Tränengas,Tränengas,ORG,0.0,0.0,de,2
US-Cent,US-Cent,ORG,0.0,0.0,de,2
AfD-Landesverband,AfD-Landesverband,ORG,-1.0,0.0,de,2
Kokerei Bottrop,Kokerei Bottrop,ORG,0.0,0.0,de,2
Deutsche Verein des Gas- und Wasserfaches,Deutsche Verein des Gas- und Wasserfaches,ORG,0.0,0.5,de,2
Wirtschaftsminister Habeck für Deutschland,Wirtschaftsminister Habeck für Deutschland,ORG,0.0,0.0,de,2
militäri…,militäri…,ORG,0.85,0.0,de,2
Nor…,Nor…,ORG,-0.35,0.0,de,2
Fachhochschule Vorarlberg,Fachhochschule Vorarlberg,ORG,0.0,0.0,de,2
Habeck…,Habeck…,ORG,0.0,0.0,de,2
Russland +++ 13,Russland +++ 13,ORG,0.0,0.0,de,2
seh…,seh…,ORG,0.35,0.0,de,2
IT-Systemen,IT-Systemen,ORG,0.0,0.0,de,2
Flucht vor Polizei,Flucht vor Polizei,ORG,0.0,0.0,de,2
IOC-Mitglied,IOC-Mitglied,ORG,0.0,0.0,de,2
Oktoberfest!,Oktoberfest!,ORG,0.0,0.5,de,2
Stuttgarter Nutzfahrzeug-Konzern,Stuttgarter Nutzfahrzeug-Konzern,ORG,-1.0,0.0,de,2
VPN-Netzwerken,VPN-Netzwerken,ORG,0.0,0.0,de,2
Partei Mensch Klima Tierschutz“,Partei Mensch Klima Tierschutz“,ORG,0.0,0.5,de,2
US-Gespräche,US-Gespräche,ORG,0.0,0.0,de,2
zwa…,zwa…,ORG,0.0,0.0,de,2
Nahverkehr-Streiks,Nahverkehr-Streiks,ORG,0.0,0.0,de,2
polnischen Streitkräfte,polnischen Streitkräfte,ORG,0.0,0.0,de,2
Saudi-Arabien +++ Ostukraine,Saudi-Arabien +++ Ostukraine,ORG,0.0,0.0,de,2
Sozialverbands Deutschland,Sozialverbands Deutschland,ORG,0.3,0.16666666666666666,de,2
Maßna…,Maßna…,ORG,0.0,0.0,de,2
Kölner Linken,Kölner Linken,ORG,-0.7,0.0,de,2
Verhandler von Union,Verhandler von Union,ORG,0.0,0.0,de,2
Antikriegsdemo,Antikriegsdemo,ORG,0.0,0.0,de,2
GPS-Störung,GPS-Störung,ORG,0.0,0.0,de,2
ko…,ko…,ORG,0.0,0.0,de,2
US-Kongress,US-Kongress,ORG,0.0,0.0,de,2
US-Angriffspläne,US-Angriffspläne,ORG,0.0,0.0,de,2
Gas-und Strompreise,Gas-und Strompreise,ORG,-1.0,0.0,de,2
Waffenstillstand +++,Waffenstillstand +++,ORG,0.0,0.0,de,2
Union …,Union …,ORG,0.35,0.0,de,2
Frontlinie +++ EU,Frontlinie +++ EU,ORG,0.0,0.0,de,2
EU-Gelder,EU-Gelder,ORG,0.425,0.0,de,2
US-Regierungsmitgliedern,US-Regierungsmitgliedern,ORG,0.7,0.0,de,2
UTMB,UTMB,ORG,0.0,0.0,de,2
Hamburgische Bürgerschaft,Hamburgische Bürgerschaft,ORG,0.35,0.0,de,2
zule…,zule…,ORG,0.0,0.0,de,2
deutsche Grüne,deutsche Grüne,ORG,0.0,0.0,de,2
Diplo…,Diplo…,ORG,0.0,0.0,de,2
Unabhängigkeitstag +++ Frankreich,Unabhängigkeitstag +++ Frankreich,ORG,0.0,0.0,de,2
TTF,TTF,ORG,0.0,0.0,de,2
Ukrainische Luftangriffe,Ukrainische Luftangriffe,ORG,0.175,0.0,de,2
Saisonzielen,Saisonzielen,ORG,0.0,0.0,de,2
Nato-Verbündete,Nato-Verbündete,ORG,0.0,0.0,de,2
Norddeutsche Wirtschaft,Norddeutsche Wirtschaft,ORG,0.0,0.0,de,2
LEGO,LEGO,ORG,0.175,0.25,de,2
Parlamentskammer,Parlamentskammer,ORG,0.0,0.0,de,2
WiZ RGBIC LED Lightstrip,WiZ RGBIC LED Lightstrip,ORG,0.0,0.0,de,2
AKW-Entscheidung,AKW-Entscheidung,ORG,-1.0,0.0,de,2
"CCO
","CCO
",ORG,-0.5,0.0,de,2
Deutschen Städtetags,Deutschen Städtetags,ORG,0.0,0.0,de,2
Deutschen Buchpreis,Deutschen Buchpreis,ORG,0.0,0.0,de,2
Shahed-Drohnen +++ Baerbock,Shahed-Drohnen +++ Baerbock,ORG,0.35,0.0,de,2
Bundeswehr-Friedenstruppe,Bundeswehr-Friedenstruppe,ORG,0.575,0.0,de,2
westli…,westli…,ORG,0.0,0.0,de,2
congstar,congstar,ORG,0.0,0.0,de,2
Shahed-Drohnen +++,Shahed-Drohnen +++,ORG,-0.425,0.0,de,2
Klima-Kurskorrektur,Klima-Kurskorrektur,ORG,0.0,0.0,de,2
Rolling Stones,Rolling Stones,ORG,0.0,0.0,de,2
Putin,Putin,ORG,0.0,0.0,de,2
UHD,UHD,ORG,0.35,0.0,de,2
VA-Panel,VA-Panel,ORG,0.0,0.0,de,2
All-Inclusive!,All-Inclusive!,ORG,0.0,0.0,de,2
Brasiliens Dilemma,Brasiliens Dilemma,ORG,0.0,0.0,de,2
Bau-Baron,Bau-Baron,ORG,0.0,0.0,de,2
Hannover Messe,Hannover Messe,ORG,0.0,0.0,de,2
KIIS,KIIS,ORG,0.0,0.0,de,2
jet…,jet…,ORG,0.0,0.0,de,2
Entw…,Entw…,ORG,-0.4083333333333333,0.16666666666666666,de,2
US-Bundesstaat,US-Bundesstaat,ORG,1.0,0.0,de,2
IFA,IFA,ORG,0.7,0.0,de,2
Sparer + Horror-Rohstoffabkommen,Sparer + Horror-Rohstoffabkommen,ORG,-0.925,0.0,de,2
Eisspeicher-Wärmepumpe,Eisspeicher-Wärmepumpe,ORG,0.0,0.0,de,2
Pipeline,Pipeline,ORG,-0.5,0.0,de,2
LfU,LfU,ORG,-0.35,0.0,de,2
Apple Pay,Apple Pay,ORG,0.0,0.0,de,2
Versicherungen,Versicherungen,ORG,0.0,0.0,de,2
Carlsberg-Konzerns,Carlsberg-Konzerns,ORG,0.0,0.0,de,2
Musik und Demokratie,Musik und Demokratie,ORG,0.0,0.0,de,2
Russlands Polizei,Russlands Polizei,ORG,0.35,0.0,de,2
Rückbau der boomenden grünen Wirtschaft,Rückbau der boomenden grünen Wirtschaft,ORG,0.0,0.0,de,2
US-Klimapolitik,US-Klimapolitik,ORG,0.0,0.0,de,2
Odessa +++ London,Odessa +++ London,ORG,-0.5,0.0,de,2
US-Börsianer,US-Börsianer,ORG,0.0,0.0,de,2
Anlag…,Anlag…,ORG,0.0,0.0,de,2
Bosch Smart Home,Bosch Smart Home,ORG,0.7,0.0,de,2
Kuleba…,Kuleba…,ORG,0.0,0.0,de,2
US-Medienbericht,US-Medienbericht,ORG,0.0,0.0,de,2
deutschen Vereinigung,deutschen Vereinigung,ORG,0.0,0.0,de,2
Sündern!,Sündern!,ORG,0.0,0.0,de,2
Wasserqualität,Wasserqualität,ORG,0.0,0.0,de,2
steirischen FPÖ-Finanzaffäre,steirischen FPÖ-Finanzaffäre,ORG,0.0,0.0,de,2
Pizza,Pizza,ORG,0.0,0.0,de,2
Kriegsbeginn +++ Putin,Kriegsbeginn +++ Putin,ORG,0.0,0.0,de,2
Rhein-Neckar Löwen,Rhein-Neckar Löwen,ORG,0.925,0.0,de,2
let…,let…,ORG,0.0,0.0,de,2
Ukrainisch-Orthodoxe Kirche,Ukrainisch-Orthodoxe Kirche,ORG,0.0,0.0,de,2
RUSI,RUSI,ORG,0.0,0.0,de,2
Nat…,Nat…,ORG,0.19999999999999998,0.0,de,2
Protestcamp,Protestcamp,ORG,0.0,0.0,de,2
Abs…,Abs…,ORG,0.0,0.0,de,2
Cherson +++ Tschetschenenchef Kadyrow,Cherson +++ Tschetschenenchef Kadyrow,ORG,-0.15000000000000002,0.0,de,2
Kantonalbank,Kantonalbank,ORG,0.15000000000000002,0.0,de,2
Voigt,Voigt,ORG,0.0,0.0,de,2
kassenwirksam,kassenwirksam,ORG,0.0,0.0,de,2
ITA Airways,ITA Airways,ORG,0.0,0.0,de,2
Zwei-Prozent-Ziel,Zwei-Prozent-Ziel,ORG,0.0,0.0,de,2
EZB-Rates,EZB-Rates,ORG,0.0,0.0,de,2
Entlastungspaket der Bundesregierung,Entlastungspaket der Bundesregierung,ORG,0.0,0.0,de,2
Netanjahu +++,Netanjahu +++,ORG,0.35,0.0,de,2
UN-Organisation,UN-Organisation,ORG,-0.25,0.0,de,2
CDU-Landesgeschäftsstelle,CDU-Landesgeschäftsstelle,ORG,0.0,0.0,de,2
Investitionsbank,Investitionsbank,ORG,0.7,0.0,de,2
EU-Reaktion,EU-Reaktion,ORG,0.0,0.0,de,2
Investiti…,Investiti…,ORG,0.0,0.0,de,2
dav…,dav…,ORG,0.0,0.5,de,2
Potsdam,Potsdam,ORG,0.5,0.0,de,2
EU-Boykott,EU-Boykott,ORG,0.0,0.0,de,2
E.On,E.On,ORG,0.35,0.0,de,2
Reifenhersteller Continental,Reifenhersteller Continental,ORG,0.0,0.0,de,2
Minister für Wirtschaft und Klimaschutz,Minister für Wirtschaft und Klimaschutz,ORG,-1.0,0.0,de,2
Hel…,Hel…,ORG,0.0,0.0,de,2
WM-Auftaktspiel,WM-Auftaktspiel,ORG,-0.5,0.0,de,2
EU-Integration der Ukraine,EU-Integration der Ukraine,ORG,0.0,0.0,de,2
Österreichs grüne,Österreichs grüne,ORG,0.7,0.0,de,2
EU-Mandatare,EU-Mandatare,ORG,0.7,0.0,de,2
EU-Beitrittsverhandlungen +++ USA,EU-Beitrittsverhandlungen +++ USA,ORG,0.0,0.0,de,2
deutsche Nationalelf,deutsche Nationalelf,ORG,-0.21666666666666667,0.0,de,2
ec…,ec…,ORG,0.35,0.0,de,2
grüne Fraktionschef,grüne Fraktionschef,ORG,0.0,0.0,de,2
Gelder +++ Dutzende Kriegsgefangene,Gelder +++ Dutzende Kriegsgefangene,ORG,0.0,0.0,de,2
Russlands Marine,Russlands Marine,ORG,0.0,0.0,de,2
US-Unternehmen,US-Unternehmen,ORG,0.39999999999999997,0.0,de,2
EU-Bankenbehörde,EU-Bankenbehörde,ORG,0.0,0.0,de,2
WSG Tirol,WSG Tirol,ORG,0.85,0.0,de,2
Polizei Bolzenschneider,Polizei Bolzenschneider,ORG,0.0,0.0,de,2
EBA,EBA,ORG,0.0,0.0,de,2
US-Sicherheitsberaters,US-Sicherheitsberaters,ORG,-0.175,0.0,de,2
Sponsoring,Sponsoring,ORG,1.0,0.0,de,2
IB Vogt,IB Vogt,ORG,0.0,0.0,de,2
Berlgiens,Berlgiens,ORG,0.0,0.0,de,2
Düssel…,Düssel…,ORG,0.0,0.5,de,2
Global Footprint Network,Global Footprint Network,ORG,0.0,0.0,de,2
Hei…,Hei…,ORG,0.0,0.0,de,2
SG Flensburg-Handewitt,SG Flensburg-Handewitt,ORG,-0.925,0.0,de,2
Ex-Mann,Ex-Mann,ORG,-0.5,0.0,de,2
Air New Zealand,Air New Zealand,ORG,0.0,0.0,de,2
Isco,Isco,ORG,0.0,0.0,de,2
Ukraine-Krieg ++ Die 61,Ukraine-Krieg ++ Die 61,ORG,0.0,0.0,de,2
PCK,PCK,ORG,0.0,0.0,de,2
AKW Brokdorf,AKW Brokdorf,ORG,-0.5,0.0,de,2
EU-Statis…,EU-Statis…,ORG,0.35,0.0,de,2
EU-Städte,EU-Städte,ORG,0.0,0.0,de,2
Gerbera-Drohne,Gerbera-Drohne,ORG,0.0,0.0,de,2
Leyens EU-Plan,Leyens EU-Plan,ORG,0.0,0.0,de,2
US-Subventionen,US-Subventionen,ORG,-0.7,0.0,de,2
Drohnen ++,Drohnen ++,ORG,0.0,0.0,de,2
Russland u,Russland u,ORG,0.0,0.0,de,2
Söldnergruppe Wagner,Söldnergruppe Wagner,ORG,-0.5,0.0,de,2
zunächs…,zunächs…,ORG,0.0,0.0,de,2
Biennale in Venedig,Biennale in Venedig,ORG,0.0,0.0,de,2
BoE,BoE,ORG,0.35,0.0,de,2
Nestlé-Chef,Nestlé-Chef,ORG,0.0,0.0,de,2
deutschen Landesbank,deutschen Landesbank,ORG,-0.575,0.0,de,2
Solarmodule,Solarmodule,ORG,0.85,0.0,de,2
Bayerische Städtetag,Bayerische Städtetag,ORG,-1.0,0.0,de,2
AfD-Fraktionsspitze,AfD-Fraktionsspitze,ORG,0.0,0.0,de,2
Disco…,Disco…,ORG,0.0,0.0,de,2
GRÜNE,GRÜNE,ORG,0.0,0.0,de,2
OVKS,OVKS,ORG,0.0,0.0,de,2
Gaswerk Music Days,Gaswerk Music Days,ORG,0.0,0.0,de,2
Philadelphia Eagles,Philadelphia Eagles,ORG,0.0,0.0,de,2
Wiederaufbau…,Wiederaufbau…,ORG,0.5,0.0,de,2
Ebersberger Kreisgruppe,Ebersberger Kreisgruppe,ORG,0.0,0.0,de,2
Bundes Naturschutz,Bundes Naturschutz,ORG,0.0,0.0,de,2
Forschungszentrum Jülich,Forschungszentrum Jülich,ORG,0.0,0.0,de,2
Cherson Solarmodule,Cherson Solarmodule,ORG,0.0,0.0,de,2
Libanesische Armee,Libanesische Armee,ORG,-0.5,0.0,de,2
WamS-Chefredakteur,WamS-Chefredakteur,ORG,0.0,0.5,de,2
mas…,mas…,ORG,0.0,0.0,de,2
Archivfoto,Archivfoto,ORG,0.0,0.0,de,2
Bruttoinlandsprodukts für Verteidigung,Bruttoinlandsprodukts für Verteidigung,ORG,0.0,0.0,de,2
CENTCOM,CENTCOM,ORG,0.0,0.0,de,2
CBS News,CBS News,ORG,0.0,0.0,de,2
US-Verbände,US-Verbände,ORG,-0.35,0.0,de,2
EU-Beitrittsverhandlungen +++,EU-Beitrittsverhandlungen +++,ORG,0.0,0.0,de,2
"ZEIT
","ZEIT
",ORG,-0.35,0.0,de,2
Bremens FDP,Bremens FDP,ORG,-0.7,0.0,de,2
App Sparkasse,App Sparkasse,ORG,0.0,0.0,de,2
Ankömmlinge,Ankömmlinge,ORG,-1.0,0.0,de,2
Krim-Annexion,Krim-Annexion,ORG,0.0,0.0,de,2
ARD-Mitarbeiter,ARD-Mitarbeiter,ORG,0.0,0.0,de,2
Kampfjets +++,Kampfjets +++,ORG,0.0,0.0,de,2
Zeit willkürlicher Ausgaben,Zeit willkürlicher Ausgaben,ORG,0.0,0.0,de,2
Yanomami,Yanomami,ORG,0.0,0.0,de,2
Fallout London,Fallout London,ORG,0.35,0.0,de,2
Thyssenkrupp,Thyssenkrupp,ORG,0.0,0.0,de,2
FC 27,FC 27,ORG,0.0,0.0,de,2
+++ Der,+++ Der,ORG,0.0,0.0,de,2
libanesischen Hisbollah,libanesischen Hisbollah,ORG,0.0,0.5,de,2
libanesische Hisbollah,libanesische Hisbollah,ORG,0.0,0.0,de,2
sech…,sech…,ORG,0.0,0.0,de,2
Irans Marine,Irans Marine,ORG,0.0,0.0,de,2
Bund-Länder-Runde,Bund-Länder-Runde,ORG,-0.35,0.0,de,2
dara…,dara…,ORG,0.0,0.0,de,2
Löwen,Löwen,ORG,0.85,0.0,de,2
"CC-BY-SA-2.0
","CC-BY-SA-2.0
",ORG,0.0,0.0,de,2
Deutschen hohe Reallohneinbußen,Deutschen hohe Reallohneinbußen,ORG,0.0,0.0,de,2
Die Linken,Die Linken,ORG,-0.24166666666666664,0.0,de,2
Organisation Urgewald,Organisation Urgewald,ORG,0.0,0.5,de,2
Hackern,Hackern,ORG,-1.0,0.0,de,2
Klimatechnik Verantwortlicher,Klimatechnik Verantwortlicher,ORG,0.0,0.0,de,2
Che…,Che…,ORG,0.0,0.0,de,2
Lufthansa Technik,Lufthansa Technik,ORG,0.5,0.0,de,2
RWE-Chef,RWE-Chef,ORG,0.0,0.0,de,2
abhä…,abhä…,ORG,0.0,0.0,de,2
Cansu Özdemir,Cansu Özdemir,ORG,-0.3375,0.125,de,2
Zusammentreffens,Zusammentreffens,ORG,0.15000000000000002,0.0,de,2
Selenskyjs Waffenruhe,Selenskyjs Waffenruhe,ORG,0.0,0.0,de,2
Fahrstrom,Fahrstrom,ORG,0.5,0.0,de,2
Chip-Fabrik,Chip-Fabrik,ORG,0.7,0.0,de,2
Chinas Regierung,Chinas Regierung,ORG,0.0,0.0,de,2
Spanische Bischofskonferenz,Spanische Bischofskonferenz,ORG,0.0,0.0,de,2
6epelee en pleekeu,6epelee en pleekeu,ORG,0.0,0.0,de,2
F.A.S.,F.A.S.,ORG,0.5,0.0,de,2
Autozulieferer Continental,Autozulieferer Continental,ORG,-0.35,0.0,de,2
Szenarios,Szenarios,ORG,0.0,0.0,de,2
"Patriot""-Raketen","Patriot""-Raketen",ORG,0.0,0.0,de,2
Deutsche Polizeigewerkschaft,Deutsche Polizeigewerkschaft,ORG,-0.5,0.5,de,2
Egisto Ott,Egisto Ott,ORG,-1.0,0.0,de,2
Wissen & Umwelt,Wissen & Umwelt,ORG,0.5,0.0,de,2
dpa Themendienst,dpa Themendienst,ORG,0.5,0.0,de,2
++ Brand,++ Brand,ORG,0.0,0.0,de,2
New York University,New York University,ORG,0.35,0.0,de,2
Wagner“-Chef,Wagner“-Chef,ORG,-0.35,0.0,de,2
Antikorruptionsbehörde NACP,Antikorruptionsbehörde NACP,ORG,0.0,0.0,de,2
Landesverteidigungsakademie,Landesverteidigungsakademie,ORG,0.35,0.0,de,2
Klopps FC Liverpool,Klopps FC Liverpool,ORG,0.0,0.0,de,2
EPR,EPR,ORG,0.0,0.0,de,2
Sumy +++ IAEA,Sumy +++ IAEA,ORG,-0.16666666666666666,0.0,de,2
IMAGO/Funke Foto Services,IMAGO/Funke Foto Services,ORG,0.35,0.0,de,2
“ +++ Ukrainische Armee,“ +++ Ukrainische Armee,ORG,0.7,0.0,de,2
Stattd…,Stattd…,ORG,0.0,0.0,de,2
The Guardian,The Guardian,ORG,0.0,0.0,de,2
VW-Clubs,VW-Clubs,ORG,-1.0,0.0,de,2
Zweitliga-Dritten SC Paderborn,Zweitliga-Dritten SC Paderborn,ORG,-1.0,0.0,de,2
++ Musk,++ Musk,ORG,0.0,0.0,de,2
Angriff Russlands,Angriff Russlands,ORG,0.0,0.0,de,2
SC Magdeburg,SC Magdeburg,ORG,0.0,0.0,de,2
Öltank,Öltank,ORG,0.0,0.0,de,2
Stadtrivalen FC Everton,Stadtrivalen FC Everton,ORG,0.0,0.0,de,2
FC Everton,FC Everton,ORG,-0.07500000000000001,0.0,de,2
IP-Adresse…,IP-Adresse…,ORG,0.5,0.0,de,2
Nestle,Nestle,ORG,0.0,0.0,de,2
Mars…,Mars…,ORG,0.0,0.0,de,2
Leopard-2-Panzern,Leopard-2-Panzern,ORG,0.0,0.0,de,2
US-Bereitschaft,US-Bereitschaft,ORG,0.0,0.0,de,2
Leopard-Lieferungen +++ Stoltenberg,Leopard-Lieferungen +++ Stoltenberg,ORG,0.0,0.0,de,2
Anzeichen für Bewegung,Anzeichen für Bewegung,ORG,0.0,0.0,de,2
AKW Fessenheim,AKW Fessenheim,ORG,0.0,0.0,de,2
Ausnahmezustand +++ Selenskyj,Ausnahmezustand +++ Selenskyj,ORG,0.7,0.0,de,2
Streitkräfte des Landes,Streitkräfte des Landes,ORG,0.0,0.0,de,2
grüne Transformation,grüne Transformation,ORG,0.0,0.0,de,2
Auchan,Auchan,ORG,0.0,0.0,de,2
Argentinien,Argentinien,ORG,0.7,0.0,de,2
US-Luftwaffe,US-Luftwaffe,ORG,-0.5,0.0,de,2
Vers…,Vers…,ORG,-0.5,0.0,de,2
Brent,Brent,ORG,-0.5,0.0,de,2
abaca,abaca,ORG,0.0,0.0,de,2
Siri,Siri,ORG,0.35,0.0,de,2
Kiew +++ Umfrage,Kiew +++ Umfrage,ORG,0.0,0.0,de,2
General a.D.,General a.D.,ORG,0.35,0.0,de,2
Afghanistan,Afghanistan,ORG,0.0,0.0,de,2
US-Nähe,US-Nähe,ORG,0.0,0.0,de,2
EU-Einstufung Gas- und Atomkraftwerke,EU-Einstufung Gas- und Atomkraftwerke,ORG,0.0,0.0,de,2
Iran +++ Huthi-Angriffe,Iran +++ Huthi-Angriffe,ORG,0.0,0.0,de,2
Ecos,Ecos,ORG,0.0,0.0,de,2
Schiffsverkehr +++ Ölpreis,Schiffsverkehr +++ Ölpreis,ORG,0.0,0.4,de,2
Umweltbundesamtes,Umweltbundesamtes,ORG,0.35,0.0,de,2
New York Time…,New York Time…,ORG,0.0,0.0,de,2
bal…,bal…,ORG,0.0,0.0,de,2
Ukraine +++ Der Newsblog,Ukraine +++ Der Newsblog,ORG,-0.5,0.5,de,2
Ukrainische AKWs,Ukrainische AKWs,ORG,0.0,0.0,de,2
US-Waffensysteme,US-Waffensysteme,ORG,0.0,0.0,de,2
Nationalspieler,Nationalspieler,ORG,0.85,0.0,de,2
Rake…,Rake…,ORG,0.0,0.0,de,2
Senioren-WG,Senioren-WG,ORG,0.0,0.0,de,2
Karlspreisträger Draghi,Karlspreisträger Draghi,ORG,0.0,0.0,de,2
ICE-Zügen,ICE-Zügen,ORG,0.0,0.0,de,2
Klimaaktivisten,Klimaaktivisten,ORG,0.0,0.0,de,2
Grünen Woche,Grünen Woche,ORG,0.425,0.0,de,2
Droh…,Droh…,ORG,0.0,0.0,de,2
Privatkonsum,Privatkonsum,ORG,0.35,0.0,de,2
Deutschen Katholikentags,Deutschen Katholikentags,ORG,-0.35,0.0,de,2
britischen Parlament,britischen Parlament,ORG,0.0,0.0,de,2
VZBV,VZBV,ORG,0.0,0.0,de,2
Torezk +++,Torezk +++,ORG,-0.35,0.0,de,2
Taiwan ++ Trump,Taiwan ++ Trump,ORG,-1.0,0.0,de,2
COP-Teilnehmer,COP-Teilnehmer,ORG,0.0,0.0,de,2
lni,lni,ORG,-1.0,0.0,de,2
Institut DIW,Institut DIW,ORG,0.0,0.0,de,2
Syrischen Beobachtungsstelle für Menschenrechte,Syrischen Beobachtungsstelle für Menschenrechte,ORG,-0.5,0.0,de,2
Ukraine +++ Tomahawk-Ersatz,Ukraine +++ Tomahawk-Ersatz,ORG,-0.7749999999999999,0.0,de,2
Salzburger Festspielen,Salzburger Festspielen,ORG,0.0,0.0,de,2
EU-Durchschnitt,EU-Durchschnitt,ORG,-0.85,0.0,de,2
F-16-Kampfjet  +++ Leopard-Panzer,F-16-Kampfjet  +++ Leopard-Panzer,ORG,0.7,0.0,de,2
Muni…,Muni…,ORG,0.0,0.0,de,2
jemenitische Huthi-Rebellen,jemenitische Huthi-Rebellen,ORG,0.0,0.0,de,2
WGC,WGC,ORG,0.0,0.0,de,2
Journalistenorganisation,Journalistenorganisation,ORG,-1.0,0.0,de,2
EU Kriegsgerät,EU Kriegsgerät,ORG,0.0,0.0,de,2
Ostukra…,Ostukra…,ORG,-0.35,0.0,de,2
Hohe Flüchtlingskommiss…,Hohe Flüchtlingskommiss…,ORG,0.0,0.0,de,2
SpOn,SpOn,ORG,0.0,0.0,de,2
Bundesrats ++ Trumps,Bundesrats ++ Trumps,ORG,-1.0,0.0,de,2
Meisterfeier,Meisterfeier,ORG,1.0,0.0,de,2
Atomkraftwerk Baraka,Atomkraftwerk Baraka,ORG,0.5,0.0,de,2
Grünen starkes Unwohlsein,Grünen starkes Unwohlsein,ORG,0.0,0.0,de,2
Ibiza,Ibiza,ORG,-0.7,0.0,de,2
Völkermord in Ruanda,Völkermord in Ruanda,ORG,-0.5,0.0,de,2
zwischen Grünen,zwischen Grünen,ORG,0.0,0.0,de,2
Stopp!,Stopp!,ORG,0.0,0.0,de,2
Machtkampf,Machtkampf,ORG,-0.35,0.0,de,2
FDP-Urgestein,FDP-Urgestein,ORG,-0.35,0.0,de,2
DFB!,DFB!,ORG,0.0,0.0,de,2
Deutschen Rentenversicherung,Deutschen Rentenversicherung,ORG,-0.35,0.0,de,2
DRV,DRV,ORG,-0.35,0.0,de,2
Doomsday Clock,Doomsday Clock,ORG,1.0,0.0,de,2
BSW-Europaabgeordnete,BSW-Europaabgeordnete,ORG,0.7,0.0,de,2
BILD-Informationen,BILD-Informationen,ORG,0.0,0.0,de,2
Propaganda +++ Ukraine,Propaganda +++ Ukraine,ORG,-0.575,0.0,de,2
Olympia-Boykott +++ USA,Olympia-Boykott +++ USA,ORG,-0.575,0.0,de,2
ukrainische Armee Moskau,ukrainische Armee Moskau,ORG,0.0,0.0,de,2
FOCUS-Kolumne,FOCUS-Kolumne,ORG,0.0,0.0,de,2
Deutsche Städtebund,Deutsche Städtebund,ORG,0.0,0.0,de,2
syrische Luftwaffe,syrische Luftwaffe,ORG,0.0,0.0,de,2
Mexiko,Mexiko,ORG,0.0,0.0,de,2
Region Kursk +++,Region Kursk +++,ORG,0.0,0.0,de,2
KAS,KAS,ORG,-0.07500000000000001,0.0,de,2
Nemec,Nemec,ORG,1.0,0.0,de,2
Rück…,Rück…,ORG,0.0,0.0,de,2
Stromkosten,Stromkosten,ORG,0.7,0.0,de,2
Russisches Kreml-TV,Russisches Kreml-TV,ORG,0.0,0.0,de,2
Ampel-Politikern,Ampel-Politikern,ORG,0.7,0.0,de,2
Deutschlandtickets,Deutschlandtickets,ORG,0.0,0.0,de,2
Apec,Apec,ORG,0.0,0.0,de,2
Kiel Institut,Kiel Institut,ORG,0.0,0.0,de,2
Zusamme…,Zusamme…,ORG,0.0,0.0,de,2
++ Biden,++ Biden,ORG,0.35,0.0,de,2
Krankenkasse KKH,Krankenkasse KKH,ORG,0.0,0.0,de,2
NATO +++ Merz zu Bundeswehreinsatz,NATO +++ Merz zu Bundeswehreinsatz,ORG,0.0,0.0,de,2
Paris +++ Kiew,Paris +++ Kiew,ORG,0.0,0.0,de,2
Moskau…,Moskau…,ORG,0.0,0.0,de,2
Immobilienverbands GdW,Immobilienverbands GdW,ORG,0.0,0.0,de,2
SciLogs,SciLogs,ORG,-0.07500000000000001,0.0,de,2
Smartphone-Nutzung,Smartphone-Nutzung,ORG,0.0,0.0,de,2
Kiew +++ Russlands,Kiew +++ Russlands,ORG,-0.7,0.0,de,2
ukrainischen Nationalmannschaft,ukrainischen Nationalmannschaft,ORG,0.0,0.0,de,2
Bundesamtes für Bevölkerungsschutz und Katastrophenhilfe,Bundesamtes für Bevölkerungsschutz und Katastrophenhilfe,ORG,0.35,0.0,de,2
TWS-Kopfhörer,TWS-Kopfhörer,ORG,0.425,0.0,de,2
Nothing,Nothing,ORG,0.425,0.0,de,2
Polen +++ USA,Polen +++ USA,ORG,0.35,0.0,de,2
Gesamtverbands…,Gesamtverbands…,ORG,0.0,0.0,de,2
Knöchel,Knöchel,ORG,-1.0,0.0,de,2
F16-Kampfjets +++ Russland,F16-Kampfjets +++ Russland,ORG,0.6812499999999999,0.0,de,2
kriegskritischen Partei Jabloko,kriegskritischen Partei Jabloko,ORG,0.0,0.0,de,2
Preisbremsen für Gas,Preisbremsen für Gas,ORG,0.0,0.0,de,2
Phönix,Phönix,ORG,0.0,0.0,de,2
dts-Agentur,dts-Agentur,ORG,0.0,0.0,de,2
Auflösung +++,Auflösung +++,ORG,-0.7,0.0,de,2
988-Millionen-Dollar-Paket,988-Millionen-Dollar-Paket,ORG,0.0,0.0,de,2
bisla…,bisla…,ORG,0.0,0.0,de,2
Klima-Allianz Deutschland,Klima-Allianz Deutschland,ORG,-0.35,0.0,de,2
CIOs,CIOs,ORG,0.5,0.0,de,2
ber…,ber…,ORG,0.0,0.0,de,2
Golem.de,Golem.de,ORG,0.35,0.0,de,2
Volksentscheid Berlin,Volksentscheid Berlin,ORG,0.0,0.0,de,2
AB,AB,ORG,-1.0,0.0,de,2
CPAC,CPAC,ORG,0.16666666666666666,0.0,de,2
FIFA-Krisensitzung,FIFA-Krisensitzung,ORG,0.0,0.0,de,2
X90 Pro in Europa,X90 Pro in Europa,ORG,0.7,0.0,de,2
Benfica,Benfica,ORG,0.0,0.0,de,2
Grüne Frank Habineza,Grüne Frank Habineza,ORG,0.0,0.0,de,2
Bayerns SPD-Chefs,Bayerns SPD-Chefs,ORG,0.0,0.0,de,2
VW-Marken,VW-Marken,ORG,0.0,0.0,de,2
Industri…,Industri…,ORG,0.07500000000000001,0.0,de,2
Internationales Anti-Plastik-Abkommen,Internationales Anti-Plastik-Abkommen,ORG,0.0,0.0,de,2
E.on-Tochter,E.on-Tochter,ORG,0.0,0.0,de,2
Kiew +++ Der Newsblog,Kiew +++ Der Newsblog,ORG,-0.35,0.0,de,2
Öl …,Öl …,ORG,0.0,0.0,de,2
BBK,BBK,ORG,0.35,0.0,de,2
BMUKN,BMUKN,ORG,-0.425,0.0,de,2
Naturschutzbund Deutschland,Naturschutzbund Deutschland,ORG,0.35,0.0,de,2
Verfassun…,Verfassun…,ORG,0.5249999999999999,0.125,de,2
Dresden,Dresden,ORG,0.0,0.0,de,2
Atomic Heart,Atomic Heart,ORG,0.35,0.0,de,2
Anti-Putin-Bündnisses,Anti-Putin-Bündnisses,ORG,0.0,0.0,de,2
Chinas,Chinas,ORG,0.0,0.0,de,2
Kampfflugzeug-Ringtausch,Kampfflugzeug-Ringtausch,ORG,-0.35,0.0,de,2
run…,run…,ORG,0.0,0.0,de,2
US-Präsidentenwahl,US-Präsidentenwahl,ORG,0.0,0.0,de,2
Staatsanwaltschaf…,Staatsanwaltschaf…,ORG,-0.5,0.0,de,2
Wiener Institut für Internationale Wirtschaftsvergleiche,Wiener Institut für Internationale Wirtschaftsvergleiche,ORG,0.0,0.0,de,2
Alt-AKW,Alt-AKW,ORG,0.0,0.0,de,2
FC Arsenal,FC Arsenal,ORG,0.35,0.0,de,2
Janitos Versicherung,Janitos Versicherung,ORG,0.0,0.0,de,2
Peek & Cloppenburg,Peek & Cloppenburg,ORG,0.0,0.0,de,2
Deutsche Konzerne,Deutsche Konzerne,ORG,0.0,0.0,de,2
Rüstungsschmiede Heckler &amp,Rüstungsschmiede Heckler &amp,ORG,1.0,0.0,de,2
Rüstungsschmiede Heckler & Koch,Rüstungsschmiede Heckler & Koch,ORG,1.0,0.0,de,2
Selenskyj Moskau,Selenskyj Moskau,ORG,-0.7,0.0,de,2
Liveti…,Liveti…,ORG,0.0,0.5,de,2
deutsche Reederverband,deutsche Reederverband,ORG,0.0,0.0,de,2
Lu…,Lu…,ORG,0.0,0.0,de,2
LNG-Infrastruktur,LNG-Infrastruktur,ORG,-0.5,0.0,de,2
Zweiten Liga,Zweiten Liga,ORG,0.35,0.0,de,2
World LNG Summit,World LNG Summit,ORG,0.0,0.0,de,2
KI-System,KI-System,ORG,0.0,0.0,de,2
Bundeswirtschaftsministerium,Bundeswirtschaftsministerium,ORG,0.0,0.0,de,2
FIFA-Experte,FIFA-Experte,ORG,0.0,0.0,de,2
Attac…,Attac…,ORG,0.0,0.0,de,2
RN,RN,ORG,0.0,0.0,de,2
Zulieferer Spirit,Zulieferer Spirit,ORG,0.0,0.0,de,2
Irans Armee,Irans Armee,ORG,0.0,0.0,de,2
Beit…,Beit…,ORG,0.0,0.0,de,2
Aeyde,Aeyde,ORG,0.5,0.0,de,2
Südwest-CDU,Südwest-CDU,ORG,0.575,0.0,de,2
Kernfusionsexperiments Wendelstein 7-X,Kernfusionsexperiments Wendelstein 7-X,ORG,0.7,0.0,de,2
F-15-Funkspruch,F-15-Funkspruch,ORG,0.0,0.0,de,2
EM-Titel,EM-Titel,ORG,0.0,0.0,de,2
Assads Baath-Partei,Assads Baath-Partei,ORG,0.0,0.0,de,2
Kriegs-Ende,Kriegs-Ende,ORG,0.0,0.0,de,2
IT-Riesen,IT-Riesen,ORG,0.35,0.0,de,2
EU-Vertreter,EU-Vertreter,ORG,-0.5,0.0,de,2
Mehrhei…,Mehrhei…,ORG,0.35,0.0,de,2
DB,DB,ORG,0.0,0.0,de,2
Planet A Ventures,Planet A Ventures,ORG,0.35,0.0,de,2
App-Store-Geschäft,App-Store-Geschäft,ORG,0.7,0.0,de,2
Geschäf…,Geschäf…,ORG,0.0,0.0,de,2
NEWSWIRE,NEWSWIRE,ORG,0.35,0.0,de,2
Papier,Papier,ORG,0.0,0.5,de,2
EU-Kredite,EU-Kredite,ORG,0.0,0.0,de,2
Israel Luftangriffe,Israel Luftangriffe,ORG,0.0,0.0,de,2
Sanktionen +++ Russland,Sanktionen +++ Russland,ORG,-0.5,0.0,de,2
US-AKW,US-AKW,ORG,0.7,0.0,de,2
Austrian Institute of Technology,Austrian Institute of Technology,ORG,0.0,0.0,de,2
Israel …,Israel …,ORG,0.0,0.0,de,2
US-Blockade +++ Trump,US-Blockade +++ Trump,ORG,-0.4666666666666666,0.16666666666666666,de,2
Preisbremsen der Regierung,Preisbremsen der Regierung,ORG,0.0,0.0,de,2
World Central Kitchen,World Central Kitchen,ORG,0.35,0.0,de,2
EU Unruhe,EU Unruhe,ORG,0.0,0.0,de,2
Irans Atom- und Raketenprogramm,Irans Atom- und Raketenprogramm,ORG,-0.07500000000000001,0.0,de,2
US-Kriegsschiffen,US-Kriegsschiffen,ORG,0.0,0.0,de,2
Feuerpause,Feuerpause,ORG,0.0,0.0,de,2
Behö…,Behö…,ORG,0.0,0.0,de,2
Deutsche Lufthansa AG,Deutsche Lufthansa AG,ORG,0.0,0.0,de,2
stern.de,stern.de,ORG,0.0,0.0,de,2
Rohstoff-Importen,Rohstoff-Importen,ORG,-1.0,0.0,de,2
US-Vermittlern,US-Vermittlern,ORG,0.0,0.0,de,2
Beyond Journey's End,Beyond Journey's End,ORG,-1.0,0.0,de,2
Renewable Energy Directive,Renewable Energy Directive,ORG,-1.0,0.0,de,2
FDP-Basisinitiative,FDP-Basisinitiative,ORG,0.0,0.0,de,2
UN-Gericht,UN-Gericht,ORG,0.7749999999999999,0.0,de,2
E-Mobilität,E-Mobilität,ORG,0.0,0.0,de,2
Kli­ma­schüt­ze­r*in­nen,Kli­ma­schüt­ze­r*in­nen,ORG,-1.0,0.0,de,2
Zwei-Prozent-Ziel +++,Zwei-Prozent-Ziel +++,ORG,0.7749999999999999,0.0,de,2
CMF Watch Pro 2,CMF Watch Pro 2,ORG,0.0,0.0,de,2
Dr. Steffen Merkel,Dr. Steffen Merkel,ORG,0.0,0.0,de,2
Crypto-Boom,Crypto-Boom,ORG,1.0,0.0,de,2
GPU-Generationen,GPU-Generationen,ORG,1.0,0.0,de,2
DFL-Geschäftsführer,DFL-Geschäftsführer,ORG,0.0,0.0,de,2
CMF Watch,CMF Watch,ORG,0.5,0.0,de,2
Lukaschenko-Regime,Lukaschenko-Regime,ORG,0.0,0.0,de,2
Institute NIM,Institute NIM,ORG,0.0,0.0,de,2
Ahoi Piraten!,Ahoi Piraten!,ORG,0.0,0.0,de,2
ste…,ste…,ORG,0.0,0.0,de,2
Champions-League-Achtelfinale,Champions-League-Achtelfinale,ORG,1.0,0.0,de,2
NATO-Mitgliedern,NATO-Mitgliedern,ORG,0.0,0.0,de,2
Liquidität,Liquidität,ORG,0.0,0.0,de,2
NRW-Spitzenkandidat,NRW-Spitzenkandidat,ORG,0.0,0.0,de,2
Pakistan +++ Iran,Pakistan +++ Iran,ORG,0.18333333333333332,0.0,de,2
New York +++ Staatsmedien,New York +++ Staatsmedien,ORG,0.18333333333333332,0.0,de,2
Montag +++ Wadephul,Montag +++ Wadephul,ORG,0.18333333333333332,0.0,de,2
Ceuta,Ceuta,ORG,-0.85,0.0,de,2
CDU-Politikers,CDU-Politikers,ORG,0.35,0.0,de,2
Phantom,Phantom,ORG,0.0,0.0,de,2
US-Startup Foundation,US-Startup Foundation,ORG,1.0,0.0,de,2
Rot-Weiss,Rot-Weiss,ORG,-0.5,0.0,de,2
Hochschule Koblenz,Hochschule Koblenz,ORG,0.0,0.0,de,2
UN-Charta,UN-Charta,ORG,-0.35,0.0,de,2
US-Raketenstationierung,US-Raketenstationierung,ORG,0.0,0.0,de,2
Merz +++,Merz +++,ORG,0.0,0.0,de,2
l.,l.,ORG,0.0,0.0,de,2
niederländischen Verteidigungsministeriums,niederländischen Verteidigungsministeriums,ORG,0.0,0.0,de,2
russischen Wagner-Gruppe,russischen Wagner-Gruppe,ORG,0.0,0.0,de,2
Kanzl…,Kanzl…,ORG,0.5,0.0,de,2
FCK,FCK,ORG,-0.7,0.0,de,2
FI,FI,ORG,0.0,0.0,de,2
Johnson Controls,Johnson Controls,ORG,-0.7,0.0,de,2
Universität Yale,Universität Yale,ORG,-0.35,0.16666666666666666,de,2
Kickers Offenbach,Kickers Offenbach,ORG,-0.5,0.0,de,2
ABC News,ABC News,ORG,0.0,0.0,de,2
Brüssel +++ Russland,Brüssel +++ Russland,ORG,0.0,0.0,de,2
ATP-Level,ATP-Level,ORG,0.0,0.0,de,2
Pipelines,Pipelines,ORG,-0.5,0.0,de,2
HAYI,HAYI,ORG,-0.7,0.0,de,2
Sumy ++,Sumy ++,ORG,0.0,0.0,de,2
FIFA-Präsident,FIFA-Präsident,ORG,0.0,0.0,de,2
Jahreshoch ++ Nachruf,Jahreshoch ++ Nachruf,ORG,0.0,0.0,de,2
EU-Beitrittsprozess,EU-Beitrittsprozess,ORG,0.35,0.0,de,2
F.A.Z-Reihe Junge Köpfe,F.A.Z-Reihe Junge Köpfe,ORG,0.0,0.0,de,2
US-Journalistin,US-Journalistin,ORG,0.0,0.0,de,2
US-Präsidentschaftwahlkampf,US-Präsidentschaftwahlkampf,ORG,0.0,0.0,de,2
Alltag,Alltag,ORG,0.0,0.0,de,2
Chi…,Chi…,ORG,0.0,0.0,de,2
US-Benzinpreis,US-Benzinpreis,ORG,0.0,0.0,de,2
Institut für Klimasozialpolitik,Institut für Klimasozialpolitik,ORG,0.0,0.0,de,2
Putins Aggression,Putins Aggression,ORG,0.5,0.0,de,2
Lo…,Lo…,ORG,0.0,0.0,de,2
RH,RH,ORG,0.0,0.5,de,2
Schalke 04,Schalke 04,ORG,-0.5,0.0,de,2
Gentechnik-Landwirtschaft,Gentechnik-Landwirtschaft,ORG,0.0,0.0,de,2
Ukraine-Krieg…,Ukraine-Krieg…,ORG,0.0,0.0,de,2
NATO +++,NATO +++,ORG,-0.175,0.25,de,2
BEV,BEV,ORG,0.0,0.0,de,2
Deutsche Rote Kreuz,Deutsche Rote Kreuz,ORG,0.0,0.0,de,2
Tegel,Tegel,ORG,0.0,0.0,de,2
AfD-Demo,AfD-Demo,ORG,0.0,0.0,de,2
Atomk…,Atomk…,ORG,-0.5,0.0,de,2
Freiwilligenarmee,Freiwilligenarmee,ORG,0.0,0.0,de,2
Angriff +++ Alle Neuigkeiten,Angriff +++ Alle Neuigkeiten,ORG,-1.0,0.0,de,2
VfGH,VfGH,ORG,-1.0,0.0,de,2
Klimaschutzgesetz,Klimaschutzgesetz,ORG,-1.0,0.0,de,2
Fußball-Weltverband,Fußball-Weltverband,ORG,-0.5,0.0,de,2
Präsidentschaftskandidat der Republikaner,Präsidentschaftskandidat der Republikaner,ORG,-1.0,0.0,de,2
Pekin…,Pekin…,ORG,0.0,0.0,de,2
US-Freigabe,US-Freigabe,ORG,0.35,0.0,de,2
AfD-Anträge,AfD-Anträge,ORG,0.0,0.0,de,2
Solakon,Solakon,ORG,0.0,0.0,de,2
LGBTQI-Rechte,LGBTQI-Rechte,ORG,-0.5,0.0,de,2
deutsche Partei,deutsche Partei,ORG,0.7,0.0,de,2
DUBAI,DUBAI,ORG,0.0,0.0,de,2
Amnesty Israel,Amnesty Israel,ORG,0.35,0.0,de,2
AKW Saporischschja,AKW Saporischschja,ORG,-0.39999999999999997,0.0,de,2
Nato-Ukraine-Kommando,Nato-Ukraine-Kommando,ORG,0.0,0.0,de,2
Rededuell!,Rededuell!,ORG,0.7,0.0,de,2
Internationale Organisation für Migration,Internationale Organisation für Migration,ORG,-0.35,0.0,de,2
Rei…,Rei…,ORG,0.0,0.0,de,2
New-Start-Vertrags,New-Start-Vertrags,ORG,0.0,0.0,de,2
FCAS,FCAS,ORG,0.0,0.0,de,2
Invasi…,Invasi…,ORG,-1.0,0.0,de,2
kirchlichen Hilfswerks Renovabis,kirchlichen Hilfswerks Renovabis,ORG,0.7,0.0,de,2
Waffenbörse,Waffenbörse,ORG,0.0,0.0,de,2
ukrainische Pipelines,ukrainische Pipelines,ORG,0.0,0.5,de,2
EU-Milliarden,EU-Milliarden,ORG,0.0,0.0,de,2
Storm Shadow,Storm Shadow,ORG,0.0,0.0,de,2
verstärk…,verstärk…,ORG,0.35,0.0,de,2
MH17,MH17,ORG,0.23333333333333334,0.0,de,2
Araghtschi,Araghtschi,ORG,0.0,0.0,de,2
EU-Parlamentspräsidentin,EU-Parlamentspräsidentin,ORG,0.25,0.25,de,2
Suspilne,Suspilne,ORG,0.0,0.0,de,2
EPR-Reaktoren,EPR-Reaktoren,ORG,0.0,0.0,de,2
möch…,möch…,ORG,0.0,0.0,de,2
NPM-Paket,NPM-Paket,ORG,0.5,0.0,de,2
Supply-Chain-Angriff,Supply-Chain-Angriff,ORG,0.0,0.0,de,2
Daue…,Daue…,ORG,-0.5,0.0,de,2
KHNP,KHNP,ORG,0.0,0.0,de,2
Demokrat,Demokrat,ORG,-0.5,0.0,de,2
DeutschlandTrend,DeutschlandTrend,ORG,0.0,0.0,de,2
Vorwür…,Vorwür…,ORG,0.0,0.0,de,2
IT-Branche,IT-Branche,ORG,0.0,0.0,de,2
Hochkommissar der Vereinten Nationen für Flüchtlinge,Hochkommissar der Vereinten Nationen für Flüchtlinge,ORG,0.7,0.0,de,2
US-Wirtschaft,US-Wirtschaft,ORG,0.0,0.16666666666666666,de,2
DDR-Kernkraftwerksteile,DDR-Kernkraftwerksteile,ORG,-1.0,0.0,de,2
Straßenbahnfahrer,Straßenbahnfahrer,ORG,-0.5,0.0,de,2
Klimaschutzinitiative Fridays for Future,Klimaschutzinitiative Fridays for Future,ORG,0.0,0.0,de,2
DDR-Atomkraftwerke,DDR-Atomkraftwerke,ORG,-1.0,0.0,de,2
EU-Treffens,EU-Treffens,ORG,0.0,0.0,de,2
China Drohnenhilfe,China Drohnenhilfe,ORG,0.0,0.0,de,2
Ungarn,Ungarn,ORG,-0.5,0.0,de,2
Instagram,Instagram,ORG,0.35,0.0,de,2
Iran +++ Selenskyj,Iran +++ Selenskyj,ORG,-0.7,0.0,de,2
Bürgergeld-Empfängern,Bürgergeld-Empfängern,ORG,0.0,0.0,de,2
Institute of International Finance,Institute of International Finance,ORG,0.0,0.0,de,2
IIF,IIF,ORG,0.0,0.0,de,2
Nordkoreanische Truppen,Nordkoreanische Truppen,ORG,0.35,0.0,de,2
Bundesweite Razzia,Bundesweite Razzia,ORG,-0.35,0.0,de,2
Nachrichte…,Nachrichte…,ORG,0.0,0.0,de,2
Plakate,Plakate,ORG,0.0,0.0,de,2
Hoffnungen für das Touristikjahr,Hoffnungen für das Touristikjahr,ORG,0.7,0.0,de,2
WM-Blamage,WM-Blamage,ORG,0.0,0.0,de,2
DLRG,DLRG,ORG,-0.35,0.0,de,2
Pride Match,Pride Match,ORG,0.0,0.5,de,2
EU-Energieminister,EU-Energieminister,ORG,0.0,0.0,de,2
Wirtschaftsministerium,Wirtschaftsministerium,ORG,0.0,0.0,de,2
Ukraine +++ Internationale Hilfskonferenz,Ukraine +++ Internationale Hilfskonferenz,ORG,0.75,0.25,de,2
IT-Unternehmen,IT-Unternehmen,ORG,0.0,0.0,de,2
Russland +++ Scholz,Russland +++ Scholz,ORG,0.7,0.0,de,2
Report Mainz,Report Mainz,ORG,0.0,0.0,de,2
völke…,völke…,ORG,0.0,0.0,de,2
Hydrotreated Vegetable Oil,Hydrotreated Vegetable Oil,ORG,0.0,0.0,de,2
Zahnschmelz,Zahnschmelz,ORG,0.7,0.0,de,2
Ampel-Fraktion,Ampel-Fraktion,ORG,0.0,0.0,de,2
Jahr +++,Jahr +++,ORG,0.35,0.0,de,2
finni…,finni…,ORG,0.0,0.0,de,2
US-Initiativen,US-Initiativen,ORG,0.0,0.0,de,2
Sacharow-Preises für Menschenrechte,Sacharow-Preises für Menschenrechte,ORG,0.0,0.0,de,2
"Flamingo""-Marschflugkörpern","Flamingo""-Marschflugkörpern",ORG,0.0,0.0,de,2
HomePod-Software,HomePod-Software,ORG,0.0,0.0,de,2
Grenzsicherung +++,Grenzsicherung +++,ORG,0.35,0.0,de,2
Minister für Innere Sicherheit,Minister für Innere Sicherheit,ORG,0.0,0.0,de,2
The Tyre Extinguishers,The Tyre Extinguishers,ORG,0.5,0.0,de,2
Op…,Op…,ORG,0.0,0.0,de,2
Kuleba in,Kuleba in,ORG,1.0,0.0,de,2
TV-Star,TV-Star,ORG,0.5,0.0,de,2
WOR for Future,WOR for Future,ORG,0.0,0.0,de,2
Sommerhitze &,Sommerhitze &,ORG,0.3333333333333333,0.16666666666666666,de,2
BIP +++ Putin,BIP +++ Putin,ORG,-0.41666666666666663,0.3333333333333333,de,2
Baub…,Baub…,ORG,0.0,0.0,de,2
Baubra…,Baubra…,ORG,0.0,0.0,de,2
Liveblog Sloweniens Regierung,Liveblog Sloweniens Regierung,ORG,-0.4375,0.0,de,2
Zinsen für Immobilienkredite,Zinsen für Immobilienkredite,ORG,0.0,0.5,de,2
Russland Wahlmanipulation,Russland Wahlmanipulation,ORG,0.0,0.0,de,2
französ…,französ…,ORG,0.0,0.0,de,2
Grup…,Grup…,ORG,0.0,0.0,de,2
Klimaschutz-Demonstranten,Klimaschutz-Demonstranten,ORG,0.35,0.0,de,2
++ Kreml,++ Kreml,ORG,-0.35,0.0,de,2
Unterstütz…,Unterstütz…,ORG,0.5,0.0,de,2
F-16-Probleme,F-16-Probleme,ORG,0.0,0.0,de,2
KI-Energiebedarfs,KI-Energiebedarfs,ORG,0.0,0.0,de,2
FED,FED,ORG,0.0,0.0,de,2
Sono Motors,Sono Motors,ORG,0.0,0.0,de,2
Landgewinne +++ Ukraine,Landgewinne +++ Ukraine,ORG,0.175,0.0,de,2
Israels Angriffsplänen,Israels Angriffsplänen,ORG,0.0,0.0,de,2
US-Bundespolizei,US-Bundespolizei,ORG,0.0,0.0,de,2
Entwicklungsministerium,Entwicklungsministerium,ORG,0.0,0.0,de,2
All-Inclusive-Angeboten,All-Inclusive-Angeboten,ORG,0.0,0.0,de,2
KfW-Bank,KfW-Bank,ORG,0.7,0.0,de,2
Stadler Rail,Stadler Rail,ORG,0.3375,0.0,de,2
Rus…,Rus…,ORG,0.0,0.0,de,2
Russen-Angriff,Russen-Angriff,ORG,0.0,0.0,de,2
ÖGPI,ÖGPI,ORG,0.0,0.0,de,2
Ludwig-Maximilians-Universität,Ludwig-Maximilians-Universität,ORG,0.0,0.0,de,2
Russlands Zentralbank,Russlands Zentralbank,ORG,0.0,0.0,de,2
CO₂-Grenzwerte,CO₂-Grenzwerte,ORG,0.0,0.0,de,2
T-Systems,T-Systems,ORG,-0.35,0.0,de,2
Festival Zürich,Festival Zürich,ORG,-1.0,0.0,de,2
Foto,Foto,ORG,-0.5,0.0,de,2
Bibliothek der Universität Münster,Bibliothek der Universität Münster,ORG,0.0,0.0,de,2
Russland-Film,Russland-Film,ORG,-1.0,0.0,de,2
Straßenmusikerin Naoko,Straßenmusikerin Naoko,ORG,0.0,0.0,de,2
EU-Klimabeirats,EU-Klimabeirats,ORG,0.0,0.0,de,2
Funkgeräten,Funkgeräten,ORG,0.0,0.0,de,2
Atomkraftentscheid des Parlaments,Atomkraftentscheid des Parlaments,ORG,0.7,0.0,de,2
Spa…,Spa…,ORG,0.0,0.0,de,2
Schweizer Grünen,Schweizer Grünen,ORG,0.0,0.0,de,2
Brennholz,Brennholz,ORG,0.5,0.0,de,2
Schachtar Donezk,Schachtar Donezk,ORG,0.0,0.0,de,2
USA-Iran-Abkommens,USA-Iran-Abkommens,ORG,0.0,0.0,de,2
Biennale von Venedig,Biennale von Venedig,ORG,0.0,0.0,de,2
Deutscher Alpenverein,Deutscher Alpenverein,ORG,-0.7,0.0,de,2
Milliarden-Höhe +++,Milliarden-Höhe +++,ORG,-0.3333333333333333,0.16666666666666666,de,2
Kältebusse,Kältebusse,ORG,0.0,0.0,de,2
einfa…,einfa…,ORG,0.0,0.0,de,2
Schwedens,Schwedens,ORG,0.0,0.0,de,2
Katars,Katars,ORG,0.0,0.0,de,2
Überblic…,Überblic…,ORG,0.0,0.0,de,2
Europäisc…,Europäisc…,ORG,0.0,0.0,de,2
Europaparlaments,Europaparlaments,ORG,0.0,0.0,de,2
US-Regierungsz,US-Regierungsz,ORG,0.0,0.0,de,2
Gaspreis für Bürgerinnen und Bürger,Gaspreis für Bürgerinnen und Bürger,ORG,0.0,0.0,de,2
US-Bodentruppen,US-Bodentruppen,ORG,0.0,0.5,de,2
Flugabwehr +++ 64,Flugabwehr +++ 64,ORG,0.7,0.0,de,2
Atomanlagen +++ Scholz,Atomanlagen +++ Scholz,ORG,-0.2833333333333333,0.0,de,2
Marktsituation,Marktsituation,ORG,-0.7,0.0,de,2
Universität zu Köln,Universität zu Köln,ORG,0.0,0.0,de,2
"Shahed""-Drohne","Shahed""-Drohne",ORG,0.0,0.0,de,2
Militäro…,Militäro…,ORG,0.0,0.0,de,2
Pipeline Nord Stream 1,Pipeline Nord Stream 1,ORG,0.0,0.0,de,2
beschlosse…,beschlosse…,ORG,0.0,0.0,de,2
Energiekrise verdüstern,Energiekrise verdüstern,ORG,0.0,0.0,de,2
le…,le…,ORG,0.0,0.0,de,2
UN-Menschenrechtskommissar,UN-Menschenrechtskommissar,ORG,0.0,0.0,de,2
Pazifik-Inselstaat Tuvalu,Pazifik-Inselstaat Tuvalu,ORG,-0.35,0.0,de,2
britischen Gesellschaft,britischen Gesellschaft,ORG,0.0,0.0,de,2
HPG,HPG,ORG,0.0,0.0,de,2
britischen Guardian,britischen Guardian,ORG,0.0,0.0,de,2
Energi…,Energi…,ORG,0.5,0.0,de,2
Provokation +++ London,Provokation +++ London,ORG,1.0,0.0,de,2
Leyen Kiew,Leyen Kiew,ORG,0.15000000000000002,0.0,de,2
Linke…,Linke…,ORG,0.35,0.0,de,2
Widerstand Ungarns,Widerstand Ungarns,ORG,0.0,0.0,de,2
SZ-Feuilleton,SZ-Feuilleton,ORG,1.0,0.0,de,2
"Öl-Export
+++Lizenz","Öl-Export
+++Lizenz",ORG,1.0,0.0,de,2
Schol…,Schol…,ORG,0.0,0.4,de,2
Drittliga-Spiel,Drittliga-Spiel,ORG,-0.5,0.0,de,2
Kirchliche Allgemeine Sozialarbeit,Kirchliche Allgemeine Sozialarbeit,ORG,-0.15000000000000002,0.0,de,2
Kinder +++,Kinder +++,ORG,-0.5,0.0,de,2
US-Airforce,US-Airforce,ORG,0.0,0.0,de,2
Militä…,Militä…,ORG,0.0,0.0,de,2
Funke Mediengruppe,Funke Mediengruppe,ORG,0.0,0.0,de,2
Eve Systems,Eve Systems,ORG,0.0,0.0,de,2
Aktion Zukunft Plus,Aktion Zukunft Plus,ORG,0.0,0.0,de,2
Sipri-Institut,Sipri-Institut,ORG,0.0,0.0,de,2
Telegram…,Telegram…,ORG,0.0,0.0,de,2
israelischer Armee,israelischer Armee,ORG,0.0,0.0,de,2
Ukraine-Unterstützer,Ukraine-Unterstützer,ORG,0.0,0.0,de,2
sp…,sp…,ORG,0.0,0.0,de,2
BDR Thermea,BDR Thermea,ORG,0.0,0.0,de,2
Friedensdemos,Friedensdemos,ORG,0.0,0.0,de,2
Economist,Economist,ORG,0.0,0.0,de,2
zers…,zers…,ORG,0.0,0.0,de,2
Krieg +++,Krieg +++,ORG,-0.5,0.0,de,2
SHOKZ,SHOKZ,ORG,0.27499999999999997,0.0,de,2
EU-Kollegen,EU-Kollegen,ORG,0.0,0.0,de,2
bi…,bi…,ORG,0.0,0.0,de,2
Umspannwerke,Umspannwerke,ORG,0.0,0.0,de,2
Internet-Konzern,Internet-Konzern,ORG,0.0,0.0,de,2
Generation,Generation,ORG,0.0,0.0,de,2
Tag der Streitkräfte,Tag der Streitkräfte,ORG,0.35,0.0,de,2
EACEA,EACEA,ORG,0.5,0.0,de,2
UNIFIL-Soldaten,UNIFIL-Soldaten,ORG,-0.75,0.25,de,2
Front +++ Video,Front +++ Video,ORG,0.0,0.0,de,2
EU-Ölpreisdeckel,EU-Ölpreisdeckel,ORG,0.0,0.0,de,2
Die Europäische Union,Die Europäische Union,ORG,0.0,0.5,de,2
Instituts Forsa,Instituts Forsa,ORG,0.0,0.0,de,2
Deniz Yücel,Deniz Yücel,ORG,-0.5,0.0,de,2
Linde,Linde,ORG,0.0,0.0,de,2
Beirut,Beirut,ORG,-0.85,0.0,de,2
Senegal,Senegal,ORG,0.0,0.0,de,2
Zentrum …,Zentrum …,ORG,0.25,0.25,de,2
CO2-Abdruck,CO2-Abdruck,ORG,0.0,0.0,de,2
Bundes am Leipziger Gasimporteur,Bundes am Leipziger Gasimporteur,ORG,0.0,0.0,de,2
GLSDB,GLSDB,ORG,0.35,0.0,de,2
Australien Moskau,Australien Moskau,ORG,-1.0,0.0,de,2
SP-Finanzminister,SP-Finanzminister,ORG,1.0,0.0,de,2
Angriff verletzt +++,Angriff verletzt +++,ORG,-1.0,0.0,de,2
Raffinerien,Raffinerien,ORG,-0.35,0.0,de,2
Russland-Deal,Russland-Deal,ORG,0.0,0.0,de,2
Ukraine-Verbündeten,Ukraine-Verbündeten,ORG,0.0,0.0,de,2
ZDF-Krimi,ZDF-Krimi,ORG,0.0,0.0,de,2
Mitfavorit England,Mitfavorit England,ORG,0.0,0.0,de,2
Preisbremsen für Energie,Preisbremsen für Energie,ORG,0.7,0.0,de,2
Australien,Australien,ORG,0.0,0.0,de,2
Russen +++ Kreml,Russen +++ Kreml,ORG,-0.625,0.0,de,2
Beirut +++ Netanjahu,Beirut +++ Netanjahu,ORG,-0.7166666666666667,0.0,de,2
Europäische Fußball-Union,Europäische Fußball-Union,ORG,0.0,0.0,de,2
PEN Berlin,PEN Berlin,ORG,0.0,0.0,de,2
Montag +++,Montag +++,ORG,-0.17500000000000002,0.0,de,2
Libanesische Regierung,Libanesische Regierung,ORG,0.0,0.0,de,2
EuropeDecoded,EuropeDecoded,ORG,0.0,0.0,de,2
Filmfestspielen von Venedig,Filmfestspielen von Venedig,ORG,0.5,0.0,de,2
Gegner*innen,Gegner*innen,ORG,-1.0,0.0,de,2
Putin +++ Kiew,Putin +++ Kiew,ORG,-1.0,0.0,de,2
"Belarus
Russlands","Belarus
Russlands",ORG,0.0,0.0,de,2
Dut…,Dut…,ORG,0.0,0.0,de,2
Verlags,Verlags,ORG,0.35,0.0,de,2
Russland Kiew,Russland Kiew,ORG,0.0,0.0,de,2
Berlin …,Berlin …,ORG,0.175,0.0,de,2
UN-Büro Kiew,UN-Büro Kiew,ORG,0.0,0.0,de,2
fÃ¼r Holzpellets,fÃ¼r Holzpellets,ORG,0.35,0.0,de,2
F.A.Z,F.A.Z,ORG,1.0,0.0,de,2
propalästinensischen Demonstrationen,propalästinensischen Demonstrationen,ORG,0.0,0.0,de,2
Britische F-35-Kampfflugzeuge,Britische F-35-Kampfflugzeuge,ORG,0.35,0.5,de,2
Initiative,Initiative,ORG,0.0,0.0,de,2
Stadtwerke München,Stadtwerke München,ORG,0.0,0.0,de,2
Ampel-Partner,Ampel-Partner,ORG,-1.0,0.0,de,2
Finanzministers,Finanzministers,ORG,-1.0,0.0,de,2
EU ,EU ,ORG,-0.5,0.0,de,2
deutsche Völkermord-Einstufung,deutsche Völkermord-Einstufung,ORG,0.7,0.0,de,2
Haushaltsplänen der Regierung,Haushaltsplänen der Regierung,ORG,0.0,0.0,de,2
CCL,CCL,ORG,0.7,0.0,de,2
Bundeswehr +++,Bundeswehr +++,ORG,-1.0,0.0,de,2
Ukrainische Spezialkräfte,Ukrainische Spezialkräfte,ORG,0.0,0.0,de,2
nic…,nic…,ORG,0.0,0.0,de,2
wic…,wic…,ORG,-0.35,0.0,de,2
Pani…,Pani…,ORG,0.0,0.0,de,2
Stadt +++,Stadt +++,ORG,0.35,0.0,de,2
Brave1,Brave1,ORG,0.0,0.0,de,2
Melitopol +++,Melitopol +++,ORG,0.0,0.0,de,2
britische Guardian,britische Guardian,ORG,0.0,0.0,de,2
EU für Unmut,EU für Unmut,ORG,0.85,0.0,de,2
TSG 1899 Hoffenheim,TSG 1899 Hoffenheim,ORG,0.0,0.0,de,2
Russlands Staatshaushalt +++ Estland,Russlands Staatshaushalt +++ Estland,ORG,-0.5,0.25,de,2
EU Verfassungsziel,EU Verfassungsziel,ORG,0.0,0.0,de,2
Hamburgs Grüne,Hamburgs Grüne,ORG,-0.85,0.0,de,2
Haushaltsausschu…,Haushaltsausschu…,ORG,0.0,0.0,de,2
Dienstagabend Israel,Dienstagabend Israel,ORG,0.0,0.0,de,2
Ex-Bayern-Star,Ex-Bayern-Star,ORG,0.0,0.0,de,2
Trump Europa,Trump Europa,ORG,0.0,0.0,de,2
Frankfurter Goethe-Universität,Frankfurter Goethe-Universität,ORG,0.0,0.0,de,2
Dab…,Dab…,ORG,0.0,0.0,de,2
israelische Streitkräfte,israelische Streitkräfte,ORG,-0.5,0.0,de,2
ROG,ROG,ORG,0.0,0.0,de,2
picture alliance/dpa/AP photo,picture alliance/dpa/AP photo,ORG,0.0,0.0,de,2
Münchner Polizei,Münchner Polizei,ORG,0.35,0.0,de,2
Vanguard,Vanguard,ORG,0.5,0.0,de,2
Flughafenverband ADV,Flughafenverband ADV,ORG,-1.0,0.0,de,2
Moskau,Moskau,ORG,-0.06666666666666665,0.0,de,2
Oberland Sohland,Oberland Sohland,ORG,0.0,0.0,de,2
Bundesta…,Bundesta…,ORG,0.0,0.0,de,2
Wuhledar +++,Wuhledar +++,ORG,0.7,0.0,de,2
Rathaus-CSU,Rathaus-CSU,ORG,0.0,0.0,de,2
Innenministerium Oppositionsanwalt Nowikow,Innenministerium Oppositionsanwalt Nowikow,ORG,0.0,0.0,de,2
Multis,Multis,ORG,-0.35,0.0,de,2
amerikanischen Südens,amerikanischen Südens,ORG,0.0,0.0,de,2
Deutsche Soldaten für Hormus-Mission,Deutsche Soldaten für Hormus-Mission,ORG,0.0,0.0,de,2
israelischen Luftwaffe,israelischen Luftwaffe,ORG,-1.0,0.0,de,2
Aktion der Klima-Aktivisten,Aktion der Klima-Aktivisten,ORG,0.0,0.5,de,2
Energiekonzern One-Dyas,Energiekonzern One-Dyas,ORG,0.35,0.0,de,2
ANC-Kopfhörer,ANC-Kopfhörer,ORG,0.35,0.0,de,2
Film &amp,Film &amp,ORG,0.0,0.0,de,2
Spiele,Spiele,ORG,0.0,0.0,de,2
Softwar…,Softwar…,ORG,0.0,0.0,de,2
Waffenhändler But,Waffenhändler But,ORG,0.0,0.0,de,2
Zoos Hannover,Zoos Hannover,ORG,-0.875,0.0,de,2
türkische Militär,türkische Militär,ORG,0.0,0.0,de,2
Energieriese Qatar Energy,Energieriese Qatar Energy,ORG,0.0,0.0,de,2
Rettungsschiffe,Rettungsschiffe,ORG,0.0,0.0,de,2
Leopard-2-Panzer +++ Frankreich,Leopard-2-Panzer +++ Frankreich,ORG,0.0,0.0,de,2
Deutschlands Klimabilanz,Deutschlands Klimabilanz,ORG,-0.5,0.0,de,2
Freitag,Freitag,ORG,0.0,0.0,de,2
Umweltprogramms der Vereinten Nationen,Umweltprogramms der Vereinten Nationen,ORG,0.0,0.0,de,2
Occidental,Occidental,ORG,0.0,0.0,de,2
Evok Innovations,Evok Innovations,ORG,0.0,0.0,de,2
Gewinnerinnen,Gewinnerinnen,ORG,-0.675,0.25,de,2
Climate Investment,Climate Investment,ORG,0.0,0.0,de,2
Hilton-Konzern,Hilton-Konzern,ORG,-0.35,0.0,de,2
Stadtwerke Halle GmbH,Stadtwerke Halle GmbH,ORG,0.35,0.0,de,2
CO2-Werte,CO2-Werte,ORG,-0.575,0.0,de,2
Norwegens Marine,Norwegens Marine,ORG,0.0,0.0,de,2
Geo Barents,Geo Barents,ORG,0.0,0.0,de,2
CO-Bilanz,CO-Bilanz,ORG,-0.5,0.0,de,2
insbe…,insbe…,ORG,0.0,0.0,de,2
Rezession,Rezession,ORG,0.0,0.0,de,2
Gerichtsbeschluss +++,Gerichtsbeschluss +++,ORG,0.43333333333333335,0.0,de,2
mach…,mach…,ORG,0.0,0.0,de,2
Russland +++ Kulturstaatsminister,Russland +++ Kulturstaatsminister,ORG,0.43333333333333335,0.0,de,2
Fenster für Gespräche,Fenster für Gespräche,ORG,0.0,0.0,de,2
OSZE-Chefin,OSZE-Chefin,ORG,1.0,0.0,de,2
AP-Informationen,AP-Informationen,ORG,0.0,0.0,de,2
Kohlendioxidkosten,Kohlendioxidkosten,ORG,0.0,0.0,de,2
Ostukraine +++ Leopard-Panzer,Ostukraine +++ Leopard-Panzer,ORG,0.0,0.0,de,2
Schifffah…,Schifffah…,ORG,0.0,0.0,de,2
Ramstein +++,Ramstein +++,ORG,0.0,0.0,de,2
Energiehunger der Welt,Energiehunger der Welt,ORG,0.0,0.0,de,2
Krim +++ Caritas,Krim +++ Caritas,ORG,0.0,0.0,de,2
Wyhl,Wyhl,ORG,0.0,0.0,de,2
Online-Händler Wildberries,Online-Händler Wildberries,ORG,0.0,0.0,de,2
WM-Fans,WM-Fans,ORG,-0.5,0.0,de,2
Grossi,Grossi,ORG,0.0,0.0,de,2
Mongolei +++,Mongolei +++,ORG,0.0,0.0,de,2
Google-Strafe,Google-Strafe,ORG,-0.5,0.0,de,2
Johnson & Johnson,Johnson & Johnson,ORG,-0.5,0.0,de,2
stre…,stre…,ORG,0.5,0.0,de,2
Real,Real,ORG,1.0,0.0,de,2
Insolvenzantrag +++ Milliardär,Insolvenzantrag +++ Milliardär,ORG,0.0,0.0,de,2
SV Babelsberg,SV Babelsberg,ORG,0.0,0.0,de,2
FC Carl Zeiss Jena,FC Carl Zeiss Jena,ORG,0.0,0.0,de,2
Cheys,Cheys,ORG,-0.7,0.0,de,2
Instituts der Deutschen Wirtschaft,Instituts der Deutschen Wirtschaft,ORG,-0.7,0.0,de,2
Jobsuchenden,Jobsuchenden,ORG,0.0,0.0,de,2
Täter-Opfer-Umkehr,Täter-Opfer-Umkehr,ORG,-1.0,0.0,de,2
Gaza +++ ,Gaza +++ ,ORG,0.2583333333333333,0.0,de,2
Wrong!,Wrong!,ORG,0.0,0.0,de,2
Sportwagenmarke Bugatti,Sportwagenmarke Bugatti,ORG,0.0,0.0,de,2
C-Seed,C-Seed,ORG,0.5,0.0,de,2
Visually,Visually,ORG,0.5,0.0,de,2
Luxushotels,Luxushotels,ORG,0.7,0.0,de,2
Jüdische Krankenhaus in Wedding,Jüdische Krankenhaus in Wedding,ORG,-0.7,0.0,de,2
Abgeordneten Zeldin,Abgeordneten Zeldin,ORG,0.0,0.0,de,2
IHK,IHK,ORG,-0.5,0.0,de,2
Russlands Verteidigungsministerium,Russlands Verteidigungsministerium,ORG,-0.15000000000000002,0.0,de,2
Haie,Haie,ORG,0.0,0.0,de,2
gep…,gep…,ORG,0.0,0.0,de,2
Liveblog SPD-Chef Lars Klingbeil,Liveblog SPD-Chef Lars Klingbeil,ORG,1.0,0.0,de,2
Internationalen Strafgerichtshof bei +++ Scholz,Internationalen Strafgerichtshof bei +++ Scholz,ORG,1.0,0.0,de,2
behau…,behau…,ORG,0.35,0.0,de,2
CMT,CMT,ORG,0.425,0.0,de,2
NS-Kontroverse,NS-Kontroverse,ORG,0.0,0.0,de,2
spanische Innenministerium,spanische Innenministerium,ORG,0.0,0.0,de,2
Kanaren,Kanaren,ORG,0.0,0.0,de,2
Branchenverband VCI,Branchenverband VCI,ORG,-0.35,0.0,de,2
Langstreckenwaffen +++,Langstreckenwaffen +++,ORG,0.925,0.0,de,2
Verkehrsclub Österreich,Verkehrsclub Österreich,ORG,0.0,0.5,de,2
VCÖ,VCÖ,ORG,0.0,0.0,de,2
Bürger Atomkraft,Bürger Atomkraft,ORG,0.7,0.0,de,2
CDU-Vorstandsklausur,CDU-Vorstandsklausur,ORG,0.0,0.0,de,2
Wehrpflicht hochsetzen +++ Hersteller,Wehrpflicht hochsetzen +++ Hersteller,ORG,0.0,0.0,de,2
Bundesminister für Wirtschaft und Klimaschutz,Bundesminister für Wirtschaft und Klimaschutz,ORG,0.0,0.0,de,2
Berlin +++ Massive,Berlin +++ Massive,ORG,-0.5,0.0,de,2
Ukrainer +++,Ukrainer +++,ORG,-0.175,0.0,de,2
Reich…,Reich…,ORG,0.35,0.0,de,2
Neun-Euro-Ticket,Neun-Euro-Ticket,ORG,0.0,0.5,de,2
Anwalts,Anwalts,ORG,-0.35,0.0,de,2
Metro,Metro,ORG,0.0,0.0,de,2
Festungsbau,Festungsbau,ORG,0.0,0.0,de,2
EU-Annäherung des Kaukasusstaats,EU-Annäherung des Kaukasusstaats,ORG,0.7,0.0,de,2
EU-Annäherung,EU-Annäherung,ORG,0.0,0.0,de,2
Schulen +++,Schulen +++,ORG,0.0,0.0,de,2
Steigende Gas- und Strompreise,Steigende Gas- und Strompreise,ORG,0.0,0.0,de,2
PiS-Regierung,PiS-Regierung,ORG,0.35,0.0,de,2
Ukraine +++ Merz,Ukraine +++ Merz,ORG,0.35,0.0,de,2
Geothermie,Geothermie,ORG,-0.5,0.0,de,2
Sudscha,Sudscha,ORG,0.0,0.0,de,2
Rumänien +++ Moskau,Rumänien +++ Moskau,ORG,0.0,0.0,de,2
FPÖ-Spitzenkandidaten,FPÖ-Spitzenkandidaten,ORG,1.0,0.0,de,2
Deutschland ++ USA,Deutschland ++ USA,ORG,-1.0,0.0,de,2
Bund Naturschutz Bayern,Bund Naturschutz Bayern,ORG,0.0,0.4,de,2
Bundesumweltamt,Bundesumweltamt,ORG,-1.0,0.0,de,2
US Air Force,US Air Force,ORG,-0.35,0.0,de,2
Kinder essen,Kinder essen,ORG,-1.0,0.0,de,2
Abgeord…,Abgeord…,ORG,0.0,0.0,de,2
Verbio,Verbio,ORG,0.0,0.0,de,2
Februa…,Februa…,ORG,0.0,0.0,de,2
Tschechien,Tschechien,ORG,0.0,0.0,de,2
Gesundheitsdienst,Gesundheitsdienst,ORG,-0.5,0.0,de,2
NHS,NHS,ORG,-0.5,0.0,de,2
Drohnenangriffen ++,Drohnenangriffen ++,ORG,-0.5,0.0,de,2
Österreich +++ Selenskyj,Österreich +++ Selenskyj,ORG,0.0,0.0,de,2
EU-Kommissare,EU-Kommissare,ORG,0.0,0.0,de,2
Carola Millgramm,Carola Millgramm,ORG,1.0,0.0,de,2
Soledar +++,Soledar +++,ORG,0.0,0.0,de,2
Südrussland +++,Südrussland +++,ORG,-0.5,0.0,de,2
AF…,AF…,ORG,-0.175,0.25,de,2
Direct Line,Direct Line,ORG,-0.2,0.0,de,2
Stahl- und Aluminiumbranche,Stahl- und Aluminiumbranche,ORG,1.0,0.0,de,2
Venezuelas Regierung,Venezuelas Regierung,ORG,-0.35,0.0,de,2
LBV,LBV,ORG,0.0,0.5,de,2
Energie AG,Energie AG,ORG,0.0,0.0,de,2
Clooney Foundation for Justice,Clooney Foundation for Justice,ORG,0.0,0.0,de,2
indische Außenministerium,indische Außenministerium,ORG,0.0,0.0,de,2
Ums…,Ums…,ORG,-0.35,0.25,de,2
Cool,Cool,ORG,0.7749999999999999,0.0,de,2
Christsozialen,Christsozialen,ORG,0.0,0.5,de,2
Belarus +++ London,Belarus +++ London,ORG,-1.0,0.0,de,2
Prec…,Prec…,ORG,0.35,0.25,de,2
Neue Trends,Neue Trends,ORG,0.0,0.0,de,2
Bosch Smart,Bosch Smart,ORG,0.7,0.0,de,2
Amerikaner…,Amerikaner…,ORG,0.0,0.0,de,2
Zeitungsvermarkters Score Media,Zeitungsvermarkters Score Media,ORG,0.0,0.0,de,2
Versicherer,Versicherer,ORG,0.0,0.0,de,2
gewäh…,gewäh…,ORG,0.0,0.0,de,2
EU-Bollwerk,EU-Bollwerk,ORG,0.0,0.0,de,2
Indien +++ Ukraine,Indien +++ Ukraine,ORG,-0.00833333333333336,0.0,de,2
Obe…,Obe…,ORG,-0.5,0.0,de,2
iranischen Nationalmannschaft,iranischen Nationalmannschaft,ORG,-0.07500000000000001,0.0,de,2
Cyber Week,Cyber Week,ORG,0.0,0.0,de,2
Staaten…,Staaten…,ORG,-0.35,0.0,de,2
Photoshot,Photoshot,ORG,0.0,0.0,de,2
Katholiken,Katholiken,ORG,0.0,0.0,de,2
Artilleriesysteme +++,Artilleriesysteme +++,ORG,0.0,0.0,de,2
RAF-Terroristin Klette,RAF-Terroristin Klette,ORG,0.0,0.0,de,2
Luftwaffen-Inspekteurs Neumann,Luftwaffen-Inspekteurs Neumann,ORG,0.0,0.0,de,2
Preisexplosion!,Preisexplosion!,ORG,0.0,0.0,de,2
bisheri…,bisheri…,ORG,0.0,0.0,de,2
offen +++ London,offen +++ London,ORG,0.0,0.0,de,2
BND-Mitarbeiter,BND-Mitarbeiter,ORG,0.0,0.0,de,2
Ramstein +++ Russland,Ramstein +++ Russland,ORG,-0.35,0.0,de,2
VW-Vorstand,VW-Vorstand,ORG,-0.35,0.0,de,2
Ghana,Ghana,ORG,0.0,0.0,de,2
US-Kapitol,US-Kapitol,ORG,0.0,0.0,de,2
NRW-Wirtschafts-,NRW-Wirtschafts-,ORG,0.0,0.0,de,2
Ampel-Koalition für Gas- und Strompreisbremse,Ampel-Koalition für Gas- und Strompreisbremse,ORG,0.0,0.0,de,2
Irans Führung,Irans Führung,ORG,-0.5,0.0,de,2
Moskaus Armee,Moskaus Armee,ORG,-0.175,0.25,de,2
Autohersteller Volkswagen,Autohersteller Volkswagen,ORG,-0.7,0.0,de,2
Bautempo,Bautempo,ORG,0.0,0.0,de,2
Kur…,Kur…,ORG,0.0,0.0,de,2
Türkei +++ Selenskyj,Türkei +++ Selenskyj,ORG,0.35,0.0,de,2
Sportmarketing-Agentur,Sportmarketing-Agentur,ORG,0.35,0.0,de,2
Spring Media Group,Spring Media Group,ORG,0.35,0.0,de,2
Staatsanwaltscha…,Staatsanwaltscha…,ORG,0.0,0.0,de,2
Vormarsch +++ Kiew,Vormarsch +++ Kiew,ORG,-0.5,0.0,de,2
Nacht +++ Ukraine,Nacht +++ Ukraine,ORG,0.0,0.0,de,2
Bundesgesellschaft für Endlagerung,Bundesgesellschaft für Endlagerung,ORG,0.0,0.0,de,2
WiFi,WiFi,ORG,0.35,0.0,de,2
NATO-Partnern,NATO-Partnern,ORG,-0.5,0.0,de,2
zusät…,zusät…,ORG,0.0,0.0,de,2
Jemens Regierung,Jemens Regierung,ORG,0.0,0.0,de,2
Urengoi-Pomary-Uschhorod-Pipeline,Urengoi-Pomary-Uschhorod-Pipeline,ORG,0.0,0.0,de,2
Einschlags,Einschlags,ORG,0.0,0.0,de,2
Organisation Defizite,Organisation Defizite,ORG,0.0,0.0,de,2
Ukrajinska Prawda,Ukrajinska Prawda,ORG,0.0,0.0,de,2
US-Arbeitsministerium,US-Arbeitsministerium,ORG,0.0,0.0,de,2
Bachmut +++ Russland,Bachmut +++ Russland,ORG,0.7,0.0,de,2
Tschuwaschien +++,Tschuwaschien +++,ORG,0.7,0.0,de,2
Fensterscheibe…,Fensterscheibe…,ORG,0.0,0.0,de,2
CHIP,CHIP,ORG,0.5,0.0,de,2
peruanische Parlament,peruanische Parlament,ORG,0.0,0.0,de,2
Marburg +++ Einbruchsprävention,Marburg +++ Einbruchsprävention,ORG,-1.0,0.0,de,2
Lufta…,Lufta…,ORG,0.0,0.0,de,2
Business Angels,Business Angels,ORG,0.5,0.0,de,2
Pustekuchen!,Pustekuchen!,ORG,0.0,0.0,de,2
AKW +++,AKW +++,ORG,0.0,0.0,de,2
Krypto-Börse FTX,Krypto-Börse FTX,ORG,-0.7,0.0,de,2
Berliner Grünen-Chefs,Berliner Grünen-Chefs,ORG,0.0,0.0,de,2
Inflation +++ Hybridsupermarkt,Inflation +++ Hybridsupermarkt,ORG,1.0,0.0,de,2
Freitag +++ Trump,Freitag +++ Trump,ORG,1.0,0.0,de,2
Nord Stream 2 AG,Nord Stream 2 AG,ORG,0.0,0.0,de,2
Mitgliedsland des Internationalen Strafgerichtshofs,Mitgliedsland des Internationalen Strafgerichtshofs,ORG,1.0,0.0,de,2
p…,p…,ORG,0.0,0.0,de,2
EU-Maßnahme,EU-Maßnahme,ORG,0.0,0.0,de,2
AKW Lingen,AKW Lingen,ORG,0.35,0.0,de,2
UN-Flüchtlingshilfe,UN-Flüchtlingshilfe,ORG,-0.25,0.5,de,2
Unternehmenssprechers,Unternehmenssprechers,ORG,0.0,0.0,de,2
DIW-Präsident,DIW-Präsident,ORG,0.0,0.0,de,2
israelischen Militär,israelischen Militär,ORG,-0.55,0.16666666666666666,de,2
Bundesfinan…,Bundesfinan…,ORG,0.0,0.0,de,2
Moskau ++,Moskau ++,ORG,0.0,0.0,de,2
US-Luftwaffenstützpunkt,US-Luftwaffenstützpunkt,ORG,0.0,0.0,de,2
Südlibanon +++,Südlibanon +++,ORG,0.85,0.0,de,2
Hungersnot Holodomor,Hungersnot Holodomor,ORG,0.0,0.0,de,2
SMHI,SMHI,ORG,0.0,0.0,de,2
TuS Makkabi Berlin,TuS Makkabi Berlin,ORG,0.0,0.0,de,2
Ärzt*innen,Ärzt*innen,ORG,-0.15000000000000002,0.0,de,2
Staatsgebiet +++ London,Staatsgebiet +++ London,ORG,0.0,0.0,de,2
US-Wahlnacht,US-Wahlnacht,ORG,0.0,0.0,de,2
Maduro,Maduro,ORG,-0.35,0.0,de,2
AKW Riwne Reaktoren,AKW Riwne Reaktoren,ORG,0.0,0.0,de,2
pro-iranische Huthi-Miliz,pro-iranische Huthi-Miliz,ORG,0.0,0.0,de,2
Streitkräften Russlands,Streitkräften Russlands,ORG,1.0,0.0,de,2
Lanz &amp,Lanz &amp,ORG,0.35,0.25,de,2
EZB…,EZB…,ORG,0.0,0.0,de,2
ukrainisch-orthodoxe Kirche,ukrainisch-orthodoxe Kirche,ORG,0.0,0.0,de,2
Landessportbund Brandenburg,Landessportbund Brandenburg,ORG,0.0,0.0,de,2
Drohnen-Start-up Tytan Technologies,Drohnen-Start-up Tytan Technologies,ORG,1.0,0.0,de,2
Luft +++,Luft +++,ORG,0.0,0.0,de,2
SZ Tagebuch,SZ Tagebuch,ORG,0.0,0.0,de,2
Britische Armee,Britische Armee,ORG,0.0,0.0,de,2
TBV Lemgo Lippe,TBV Lemgo Lippe,ORG,0.0,0.0,de,2
Handball Bundesliga,Handball Bundesliga,ORG,0.0,0.0,de,2
TES,TES,ORG,0.5,0.0,de,2
Abstan…,Abstan…,ORG,0.0,0.0,de,2
Österreichs Polizei,Österreichs Polizei,ORG,0.0,0.0,de,2
AfD-Mann,AfD-Mann,ORG,0.0,0.0,de,2
US-Wetterdienst,US-Wetterdienst,ORG,-0.35,0.0,de,2
Technische Alternativen,Technische Alternativen,ORG,0.0,0.0,de,2
Samst…,Samst…,ORG,-0.175,0.0,de,2
Kubanische Institut für Völkerfreundschaft,Kubanische Institut für Völkerfreundschaft,ORG,0.0,0.0,de,2
Verhandl…,Verhandl…,ORG,0.0,0.0,de,2
Remarkable,Remarkable,ORG,0.35,0.0,de,2
Kulturpass für 18-Jährige,Kulturpass für 18-Jährige,ORG,0.0,0.0,de,2
SZ-Interview,SZ-Interview,ORG,-0.5,0.25,de,2
Neue Freie Presse,Neue Freie Presse,ORG,0.0,0.0,de,2
Normalität,Normalität,ORG,1.0,0.0,de,2
Klimaschützer,Klimaschützer,ORG,-1.0,0.0,de,2
Singapore Airlines,Singapore Airlines,ORG,1.0,0.0,de,2
Gepäck!,Gepäck!,ORG,1.0,0.0,de,2
G7,G7,ORG,0.0,0.0,de,2
Rada,Rada,ORG,0.0,0.0,de,2
Internationalen Luft- und Raumfahrtausstellung,Internationalen Luft- und Raumfahrtausstellung,ORG,0.0,0.0,de,2
Katjes-Greenwashing,Katjes-Greenwashing,ORG,0.0,0.0,de,2
Regionalliga Nordost,Regionalliga Nordost,ORG,-1.0,0.0,de,2
Grünen-Ministerium,Grünen-Ministerium,ORG,-0.15000000000000002,0.0,de,2
Vize-Minister,Vize-Minister,ORG,0.0,0.0,de,2
Riad,Riad,ORG,0.0,0.0,de,2
Klubspitze!,Klubspitze!,ORG,0.0,0.0,de,2
Wirtschaftsforschungsinstitut,Wirtschaftsforschungsinstitut,ORG,-0.7,0.0,de,2
Zahlungsantrags,Zahlungsantrags,ORG,1.0,0.0,de,2
Gruppe E,Gruppe E,ORG,0.0,0.0,de,2
Koalitionspartner FDP,Koalitionspartner FDP,ORG,-0.5,0.0,de,2
SPD-Politi…,SPD-Politi…,ORG,-0.7,0.0,de,2
AKW-Abschaltungen,AKW-Abschaltungen,ORG,1.0,0.0,de,2
Gas-Tochter VNG,Gas-Tochter VNG,ORG,0.0,0.0,de,2
Unterhaltungswert,Unterhaltungswert,ORG,0.0,0.0,de,2
niederländischen Rotterdam,niederländischen Rotterdam,ORG,0.0,0.0,de,2
Black Friday-Schnäppchen,Black Friday-Schnäppchen,ORG,0.0,0.0,de,2
Berliner Zeitung,Berliner Zeitung,ORG,-0.5,0.0,de,2
Nesawisimaja Gaseta,Nesawisimaja Gaseta,ORG,1.0,0.0,de,2
Paderborn,Paderborn,ORG,0.7,0.0,de,2
NS-Führung,NS-Führung,ORG,-1.0,0.0,de,2
Verband Deutscher Reeder,Verband Deutscher Reeder,ORG,0.35,0.0,de,2
weiterg…,weiterg…,ORG,-0.35,0.0,de,2
VDR,VDR,ORG,0.35,0.0,de,2
Dorf +++,Dorf +++,ORG,0.0,0.0,de,2
Moskauer Zeitung,Moskauer Zeitung,ORG,1.0,0.0,de,2
Kara-Mursa +++,Kara-Mursa +++,ORG,-0.5,0.0,de,2
UN-Sitzung,UN-Sitzung,ORG,0.7,0.0,de,2
Gaskra…,Gaskra…,ORG,0.0,0.0,de,2
UN-Vermittlung,UN-Vermittlung,ORG,0.0,0.0,de,2
Rheinmetall-CEO,Rheinmetall-CEO,ORG,0.5,0.5,de,2
Cyberattacken,Cyberattacken,ORG,0.0,0.0,de,2
Leica,Leica,ORG,0.35,0.0,de,2
Mann der Polizei,Mann der Polizei,ORG,0.0,0.0,de,2
Kommunen,Kommunen,ORG,0.0,0.0,de,2
Selenskyj-Rede,Selenskyj-Rede,ORG,-0.5,0.0,de,2
Frankfurter Börse,Frankfurter Börse,ORG,-0.35,0.0,de,2
deutsche Wirtschaft und Gesellschaft,deutsche Wirtschaft und Gesellschaft,ORG,-1.0,0.0,de,2
Leibniz-Instituts für Wirtschaftsforschung Halle,Leibniz-Instituts für Wirtschaftsforschung Halle,ORG,-0.5,0.0,de,2
Kremlchef Russlands,Kremlchef Russlands,ORG,0.575,0.0,de,2
EWP,EWP,ORG,0.0,0.0,de,2
Veranstal…,Veranstal…,ORG,-0.7,0.0,de,2
++ Baerbock,++ Baerbock,ORG,0.0,0.0,de,2
Verwaltungsg…,Verwaltungsg…,ORG,-0.35,0.0,de,2
FOCUS-online-Redakteurin …,FOCUS-online-Redakteurin …,ORG,-1.0,0.0,de,2
Sommertransfers,Sommertransfers,ORG,0.0,0.0,de,2
Oetker-Gruppe,Oetker-Gruppe,ORG,-0.35,0.0,de,2
+++ Scholz,+++ Scholz,ORG,-0.7,0.0,de,2
Bundesamt für Fremdenwesen und Asyl,Bundesamt für Fremdenwesen und Asyl,ORG,0.35,0.0,de,2
Bürgergeld für Flüchtlinge,Bürgergeld für Flüchtlinge,ORG,0.7,0.0,de,2
zahlunfähig,zahlunfähig,ORG,0.0,0.0,de,2
Maßn…,Maßn…,ORG,-0.5,0.0,de,2
Ocean Change,Ocean Change,ORG,0.0,0.0,de,2
Uni Wien,Uni Wien,ORG,-0.7,0.0,de,2
Massenentlass…,Massenentlass…,ORG,0.0,0.0,de,2
Grünen-Bundestagsfraktion,Grünen-Bundestagsfraktion,ORG,0.0,0.0,de,2
US-Regionalbanken,US-Regionalbanken,ORG,0.0875,0.25,de,2
Covid-Pandemie,Covid-Pandemie,ORG,-0.5,0.0,de,2
Mobilfunkanbieters congstar,Mobilfunkanbieters congstar,ORG,0.175,0.25,de,2
VBB,VBB,ORG,0.0,0.0,de,2
ntv-Report…,ntv-Report…,ORG,0.0,0.0,de,2
Radioaktivität,Radioaktivität,ORG,0.0,0.0,de,2
lä…,lä…,ORG,0.0,0.0,de,2
Auskunftei Creditreform,Auskunftei Creditreform,ORG,0.0,0.0,de,2
Stiftung Preußische Schlösser und Gärten,Stiftung Preußische Schlösser und Gärten,ORG,1.0,0.0,de,2
iranische Marine,iranische Marine,ORG,0.5,0.0,de,2
MfS,MfS,ORG,0.0,0.0,de,2
DDR-Ministerium für Staatssicherheit,DDR-Ministerium für Staatssicherheit,ORG,0.0,0.0,de,2
Trump Russland,Trump Russland,ORG,-1.0,0.0,de,2
dpa)-,dpa)-,ORG,0.2333333333333333,0.0,de,2
Ir…,Ir…,ORG,0.0,0.0,de,2
zentr…,zentr…,ORG,0.0,0.0,de,2
Russland</li><li,Russland</li><li,ORG,0.0,0.0,de,2
CS-Rettung,CS-Rettung,ORG,0.85,0.0,de,2
NSATU,NSATU,ORG,0.5,0.0,de,2
Schweizer Fintech-Unternehmen,Schweizer Fintech-Unternehmen,ORG,0.0,0.0,de,2
Internationalen Roten Kreuzes,Internationalen Roten Kreuzes,ORG,0.0,0.0,de,2
NBA-Karriere,NBA-Karriere,ORG,0.0,0.0,de,2
Geflügel-Seuche,Geflügel-Seuche,ORG,0.0,0.0,de,2
Netz +++ Befehlshaber Syrskyj,Netz +++ Befehlshaber Syrskyj,ORG,0.0,0.0,de,2
US-Geheimdienstbehörde CIA,US-Geheimdienstbehörde CIA,ORG,0.0,0.0,de,2
Nahrungsmittelpreise global,Nahrungsmittelpreise global,ORG,0.0,0.0,de,2
Großbritannien +++,Großbritannien +++,ORG,0.0,0.0,de,2
ARD-Interview Vorschläge Russlands,ARD-Interview Vorschläge Russlands,ORG,0.0,0.0,de,2
DANIEL BISKUP,DANIEL BISKUP,ORG,0.0,0.0,de,2
Bachmut +,Bachmut +,ORG,0.0,0.0,de,2
Umweltdachverband Deutscher Naturschutzring,Umweltdachverband Deutscher Naturschutzring,ORG,-0.35,0.0,de,2
Palmer Luckey,Palmer Luckey,ORG,0.7,0.0,de,2
iranischen Streitkräfte,iranischen Streitkräfte,ORG,0.0,0.0,de,2
Freien Wählern,Freien Wählern,ORG,0.7,0.0,de,2
SportSpat,SportSpat,ORG,1.0,0.0,de,2
Bre…,Bre…,ORG,0.0,0.0,de,2
Deutsche US-Basen,Deutsche US-Basen,ORG,0.0,0.0,de,2
Verkehrsverbund Berlin-Brandenburg,Verkehrsverbund Berlin-Brandenburg,ORG,0.0,0.0,de,2
Diesel,Diesel,ORG,0.0,0.0,de,2
Befürworter,Befürworter,ORG,-0.5,0.0,de,2
US-Sender,US-Sender,ORG,0.0,0.0,de,2
Ma…,Ma…,ORG,0.0,0.0,de,2
EU-Emissionshandelssystem,EU-Emissionshandelssystem,ORG,0.0,0.0,de,2
Nacht +++ USA,Nacht +++ USA,ORG,0.0,0.5,de,2
Kursker Front,Kursker Front,ORG,0.0,0.0,de,2
Putins D…,Putins D…,ORG,0.5,0.0,de,2
Gesprächen +++,Gesprächen +++,ORG,-0.5,0.0,de,2
Teilnehmerstaaten,Teilnehmerstaaten,ORG,0.0,0.0,de,2
Syrskyj,Syrskyj,ORG,0.0,0.0,de,2
Banken-Aktien,Banken-Aktien,ORG,0.0,0.0,de,2
Silvergate Capital,Silvergate Capital,ORG,-0.7,0.0,de,2
SEFE,SEFE,ORG,0.0,0.0,de,2
AfD-Fraktion,AfD-Fraktion,ORG,0.0,0.0,de,2
++ Weissrussland,++ Weissrussland,ORG,-1.0,0.0,de,2
Teheran +++ Bessent,Teheran +++ Bessent,ORG,0.0,0.5,de,2
ÖGB Burgenland,ÖGB Burgenland,ORG,0.0,0.0,de,2
Wirtschaftsmi…,Wirtschaftsmi…,ORG,0.0,0.0,de,2
Kreml-Kritikern,Kreml-Kritikern,ORG,0.0,0.5,de,2
CHP,CHP,ORG,0.0,0.0,de,2
Evangelischen Kirche Kurschus,Evangelischen Kirche Kurschus,ORG,-0.35,0.0,de,2
Antwor…,Antwor…,ORG,0.0,0.0,de,2
Siemens Gamesa,Siemens Gamesa,ORG,0.0,0.0,de,2
Meh…,Meh…,ORG,0.0,0.0,de,2
Immobilienunternehmers Gröner,Immobilienunternehmers Gröner,ORG,-0.35,0.0,de,2
Verein Deutscher Ingenieure,Verein Deutscher Ingenieure,ORG,0.0,0.0,de,2
BfV,BfV,ORG,-0.425,0.0,de,2
System Eisenbahn,System Eisenbahn,ORG,0.0,0.0,de,2
US-Geheimdienstchef,US-Geheimdienstchef,ORG,0.0,0.0,de,2
ISW-Experten,ISW-Experten,ORG,1.0,0.0,de,2
Oberstes US-Gericht,Oberstes US-Gericht,ORG,0.35,0.0,de,2
++ Deutschland,++ Deutschland,ORG,0.35,0.0,de,2
Unesco-Schutz,Unesco-Schutz,ORG,0.0,0.0,de,2
ukrainischer Armee,ukrainischer Armee,ORG,-0.5,0.0,de,2
Russland +++ Putin,Russland +++ Putin,ORG,-0.5166666666666666,0.3333333333333333,de,2
Schweizer Credit Suisse,Schweizer Credit Suisse,ORG,0.35,0.0,de,2
Strompreisbremse,Strompreisbremse,ORG,0.0,0.0,de,2
Sberbank Europe,Sberbank Europe,ORG,0.0,0.0,de,2
US-Kanzleien,US-Kanzleien,ORG,-0.7,0.0,de,2
Swiss,Swiss,ORG,0.0,0.0,de,2
Kaufland.de,Kaufland.de,ORG,0.0,0.0,de,2
CNBC,CNBC,ORG,0.0,0.0,de,2
Instituts,Instituts,ORG,0.7,0.0,de,2
Die aserbaidschanische Regierung,Die aserbaidschanische Regierung,ORG,0.0,0.0,de,2
Stuttgarter Zeitung & Stuttgarter,Stuttgarter Zeitung & Stuttgarter,ORG,0.0,0.0,de,2
Palästinenser Israel,Palästinenser Israel,ORG,-1.0,0.0,de,2
PUK,PUK,ORG,-0.5,0.0,de,2
Ludwig-Börne-Preis,Ludwig-Börne-Preis,ORG,0.5,0.0,de,2
FRAKTUR,FRAKTUR,ORG,-1.0,0.0,de,2
Ga…,Ga…,ORG,0.0,0.0,de,2
Ampel-Koalition,Ampel-Koalition,ORG,-0.5,0.0,de,2
Urlaube,Urlaube,ORG,0.0,0.0,de,2
Luxusautos für Russland,Luxusautos für Russland,ORG,0.0,0.0,de,2
Ty…,Ty…,ORG,0.0,0.0,de,2
OPEC Fund for International Development,OPEC Fund for International Development,ORG,0.0,0.5,de,2
OPEC Fund,OPEC Fund,ORG,0.0,0.5,de,2
FDP-Fraktionsvize,FDP-Fraktionsvize,ORG,-0.5,0.0,de,2
Allianz Ukrainischer Organisationen,Allianz Ukrainischer Organisationen,ORG,0.0,0.0,de,2
IMK-Vorsitzender,IMK-Vorsitzender,ORG,0.0,0.0,de,2
AUX-Anschluss,AUX-Anschluss,ORG,0.0,0.0,de,2
DFB-Stars!,DFB-Stars!,ORG,0.85,0.0,de,2
IÖW,IÖW,ORG,0.09999999999999998,0.0,de,2
Institut für ökologische Wirtschaftsforschung,Institut für ökologische Wirtschaftsforschung,ORG,0.09999999999999998,0.0,de,2
Bundesverband Bürgerinitiativen Umweltschutz,Bundesverband Bürgerinitiativen Umweltschutz,ORG,0.0,0.0,de,2
beheizenden Fläche,beheizenden Fläche,ORG,0.0,0.5,de,2
Grünen …,Grünen …,ORG,0.0,0.0,de,2
Nationalpolizei,Nationalpolizei,ORG,-0.5,0.0,de,2
Fernseh-Legende,Fernseh-Legende,ORG,0.0,0.0,de,2
Florida,Florida,ORG,0.15000000000000002,0.0,de,2
+++ UN,+++ UN,ORG,-0.5249999999999999,0.0,de,2
Südkorea,Südkorea,ORG,0.0,0.0,de,2
US-Bankensystem,US-Bankensystem,ORG,-0.85,0.0,de,2
Neuen Zürcher Zeitung,Neuen Zürcher Zeitung,ORG,0.0,0.0,de,2
kratzen,kratzen,ORG,0.0,0.0,de,2
+++ Rhein,+++ Rhein,ORG,-0.35,0.0,de,2
fort +++,fort +++,ORG,0.35,0.0,de,2
Laternenpfahl +++ Liveblog,Laternenpfahl +++ Liveblog,ORG,-0.35,0.0,de,2
EM-Spielberichten,EM-Spielberichten,ORG,0.0,0.45,de,2
Stagflation,Stagflation,ORG,0.0,0.4,de,2
Dertour,Dertour,ORG,0.0,0.0,de,2
Kryptobörse FTX,Kryptobörse FTX,ORG,-0.5,0.0,de,2
CDU-Sicherheitspolitiker,CDU-Sicherheitspolitiker,ORG,0.0,0.0,de,2
FPGA,FPGA,ORG,0.0,0.0,de,2
Regierungspräsidium,Regierungspräsidium,ORG,0.0,0.0,de,2
MACHTPROBE,MACHTPROBE,ORG,-0.35,0.0,de,2
SCHUFA-Accounts,SCHUFA-Accounts,ORG,0.0,0.0,de,2
Flugha…,Flugha…,ORG,0.0,0.0,de,2
Militäradministration,Militäradministration,ORG,0.0,0.0,de,2
Superreichen ++ SRG,Superreichen ++ SRG,ORG,1.0,0.0,de,2
Ukraine-Flüchtlinge +++,Ukraine-Flüchtlinge +++,ORG,0.0,0.0,de,2
FP…,FP…,ORG,0.0,0.0,de,2
Fachhochschule Polizei zu verschwundenen Waffen,Fachhochschule Polizei zu verschwundenen Waffen,ORG,0.0,0.0,de,2
US-Geldhäuser,US-Geldhäuser,ORG,0.0,0.0,de,2
Fidesz,Fidesz,ORG,0.35,0.0,de,2
Tatarskij-Anschlag,Tatarskij-Anschlag,ORG,0.0,0.0,de,2
Odessa +++ Putin,Odessa +++ Putin,ORG,0.0,0.0,de,2
Ukraine +++ Chinas,Ukraine +++ Chinas,ORG,0.0,0.0,de,2
Russland a…,Russland a…,ORG,0.0,0.0,de,2
ASEAN-Staaten,ASEAN-Staaten,ORG,-0.425,0.0,de,2
Russische Regierung,Russische Regierung,ORG,0.0,0.0,de,2
Kieler Woche,Kieler Woche,ORG,0.0,0.0,de,2
Russland +++ Der Newsblog,Russland +++ Der Newsblog,ORG,0.0,0.0,de,2
ETH,ETH,ORG,1.0,0.0,de,2
freie Gesellschaft,freie Gesellschaft,ORG,0.85,0.0,de,2
RP ONLINE,RP ONLINE,ORG,0.0,0.0,de,2
Käufe russischen Erdöls,Käufe russischen Erdöls,ORG,1.0,0.0,de,2
Laptop,Laptop,ORG,0.0,0.0,de,2
Europäischen Volkspartei,Europäischen Volkspartei,ORG,-0.35,0.0,de,2
Iran +++ Iran,Iran +++ Iran,ORG,0.0,0.0,de,2
wiederherst…,wiederherst…,ORG,0.0,0.0,de,2
Blackstone,Blackstone,ORG,0.675,0.25,de,2
Monaten …,Monaten …,ORG,0.35,0.0,de,2
Hoheitsgewässer +++ Moskau,Hoheitsgewässer +++ Moskau,ORG,-0.7,0.0,de,2
Gastkommentar – Global Challenges,Gastkommentar – Global Challenges,ORG,0.0,0.0,de,2
kommunistischen Partei,kommunistischen Partei,ORG,0.0,0.0,de,2
Ukraine-News ++ Klitschko,Ukraine-News ++ Klitschko,ORG,-1.0,0.0,de,2
SZ Photo,SZ Photo,ORG,0.5,0.0,de,2
US-Aufklärungsdrohne,US-Aufklärungsdrohne,ORG,0.0,0.0,de,2
Berliner…,Berliner…,ORG,0.175,0.0,de,2
Arbeitsgemeinschaft Energiebilanzen,Arbeitsgemeinschaft Energiebilanzen,ORG,0.0,0.0,de,2
Tatverdächtiger Partner,Tatverdächtiger Partner,ORG,0.0,0.0,de,2
Spor…,Spor…,ORG,-1.0,0.0,de,2
Ukrainisch-Orthodoxen Kirche Verbindungen,Ukrainisch-Orthodoxen Kirche Verbindungen,ORG,0.0,0.0,de,2
Wol…,Wol…,ORG,0.0,0.0,de,2
Zinsen!,Zinsen!,ORG,0.0,0.0,de,2
IAB-Prognose,IAB-Prognose,ORG,0.0,0.5,de,2
Euro-Währungshüter stemmen,Euro-Währungshüter stemmen,ORG,0.0,0.0,de,2
Peking Taiwan,Peking Taiwan,ORG,-0.75,0.0,de,2
ukrainische Pipeline-Netz,ukrainische Pipeline-Netz,ORG,0.0,0.0,de,2
bishe…,bishe…,ORG,0.0,0.0,de,2
Frankreich +++,Frankreich +++,ORG,0.0,0.0,de,2
Medien +++,Medien +++,ORG,-0.5375,0.0,de,2
Kanzleramts,Kanzleramts,ORG,0.0,0.0,de,2
philippinische Marine,philippinische Marine,ORG,0.0,0.0,de,2
Verteidigungsausgaben,Verteidigungsausgaben,ORG,0.0,0.0,de,2
SSV Jahn Regensburg,SSV Jahn Regensburg,ORG,0.0,0.0,de,2
Klinik Floridsdorf,Klinik Floridsdorf,ORG,0.0,0.0,de,2
Internationalen Energie-Agentur,Internationalen Energie-Agentur,ORG,-0.25,0.25,de,2
+++ NATO-Chef,+++ NATO-Chef,ORG,0.5,0.0,de,2
Zehn-Prozent-Marke,Zehn-Prozent-Marke,ORG,0.0,0.0,de,2
EU-Treibhausgasvorgaben,EU-Treibhausgasvorgaben,ORG,-1.0,0.0,de,2
bestim…,bestim…,ORG,0.0,0.0,de,2
Stasi,Stasi,ORG,-0.5,0.0,de,2
EvB,EvB,ORG,1.0,0.0,de,2
AWI,AWI,ORG,-0.25,0.0,de,2
Ermittl…,Ermittl…,ORG,0.0,0.0,de,2
"Reichsbürger""-Netzwerks","Reichsbürger""-Netzwerks",ORG,0.0,0.0,de,2
Russland bes,Russland bes,ORG,0.0,0.0,de,2
Gruppe…,Gruppe…,ORG,0.35,0.0,de,2
Putins Bombenterror,Putins Bombenterror,ORG,0.0,0.0,de,2
Nachrich…,Nachrich…,ORG,-0.5,0.0,de,2
Kell…,Kell…,ORG,0.0,0.0,de,2
Ukraine se…,Ukraine se…,ORG,0.0,0.5,de,2
Atomkraft-Pakt,Atomkraft-Pakt,ORG,0.0,0.0,de,2
Geno…,Geno…,ORG,0.35,0.0,de,2
Medizinische Universität Kiew,Medizinische Universität Kiew,ORG,1.0,0.0,de,2
Iran-Drohung,Iran-Drohung,ORG,0.0,0.0,de,2
EU-Sanktus,EU-Sanktus,ORG,0.0,0.0,de,2
+++ Banken-News +++,+++ Banken-News +++,ORG,0.5,0.0,de,2
Ungarns Blockade,Ungarns Blockade,ORG,0.0,0.0,de,2
Stahlkonzerns GMH,Stahlkonzerns GMH,ORG,0.35,0.0,de,2
Zentraleuropa,Zentraleuropa,ORG,0.27499999999999997,0.0,de,2
"Großrussland""-Träume","Großrussland""-Träume",ORG,-1.0,0.0,de,2
RTS,RTS,ORG,0.7,0.0,de,2
Selenskyj-Kritik +++,Selenskyj-Kritik +++,ORG,0.5,0.0,de,2
Deutsche Pelletinstitut,Deutsche Pelletinstitut,ORG,0.0,0.0,de,2
EU-Politikers,EU-Politikers,ORG,0.7,0.0,de,2
wa…,wa…,ORG,-0.175,0.25,de,2
"Patriot""-System ++","Patriot""-System ++",ORG,0.35,0.0,de,2
BOKU,BOKU,ORG,0.0,0.0,de,2
Notenbank Norwegens,Notenbank Norwegens,ORG,0.0,0.0,de,2
Koalitionspartner SPD,Koalitionspartner SPD,ORG,0.0,0.0,de,2
FIFA-Präsidenten,FIFA-Präsidenten,ORG,0.0,0.0,de,2
Ostern für Frieden,Ostern für Frieden,ORG,0.0,0.5,,2
Rechtsaussen,Rechtsaussen,ORG,0.0,0.0,de,2
Schweizer Nationalbank,Schweizer Nationalbank,ORG,0.0,0.0,de,2
französische Linke,französische Linke,ORG,-0.175,0.25,de,2
Transport &amp,Transport &amp,ORG,0.0,0.0,de,2
Stromausf…,Stromausf…,ORG,0.35,0.0,de,2
"Patriot""-Flugabwehrsystem","Patriot""-Flugabwehrsystem",ORG,0.0,0.0,de,2
Royal Navy,Royal Navy,ORG,0.425,0.0,de,2
Schaeffler,Schaeffler,ORG,0.0,0.0,de,2
Nassau Gruppe,Nassau Gruppe,ORG,-1.0,0.0,de,2
sprec…,sprec…,ORG,0.0,0.0,de,2
Tendenz,Tendenz,ORG,0.0,0.0,de,2
EU-Ratschef,EU-Ratschef,ORG,0.0,0.0,de,2
US-Geheimdokumente,US-Geheimdokumente,ORG,0.0,0.0,de,2
Hermes,Hermes,ORG,0.7,0.0,de,2
libanesischen Armee,libanesischen Armee,ORG,-0.5,0.0,de,2
Steigende Gas- und Ölpreise,Steigende Gas- und Ölpreise,ORG,0.0,0.0,de,2
Entwi…,Entwi…,ORG,0.0,0.0,de,2
Militärhilfe,Militärhilfe,ORG,0.0,0.0,de,2
FSME,FSME,ORG,0.0,0.0,de,2
Neues Nato-Ukraine-Kommando,Neues Nato-Ukraine-Kommando,ORG,0.0,0.0,de,2
DNR,DNR,ORG,-0.35,0.0,de,2
Project Arielle,Project Arielle,ORG,0.0,0.0,de,2
deutsche Klimaschutzorganisation atmosfair,deutsche Klimaschutzorganisation atmosfair,ORG,0.0,0.0,de,2
Verband Pro Agro,Verband Pro Agro,ORG,0.0,0.0,de,2
kaufen +++,kaufen +++,ORG,-0.7,0.0,de,2
Unternehmen Energie,Unternehmen Energie,ORG,0.0,0.0,de,2
US-Inflationsbericht,US-Inflationsbericht,ORG,0.0,0.0,de,2
ANSA,ANSA,ORG,0.0,0.0,de,2
E10-Superbenzin,E10-Superbenzin,ORG,0.0,0.0,de,2
Börse FTX,Börse FTX,ORG,1.0,0.0,de,2
INF-Abrüstungsvertrag,INF-Abrüstungsvertrag,ORG,0.0,0.0,de,2
Rand Corporation,Rand Corporation,ORG,1.0,0.0,de,2
DPD,DPD,ORG,0.7,0.0,de,2
Alten!,Alten!,ORG,-1.0,0.0,de,2
Web Service,Web Service,ORG,0.7,0.0,de,2
deutschen …,deutschen …,ORG,0.0,0.0,de,2
Ostsee-Pipelines Nord Stream 1,Ostsee-Pipelines Nord Stream 1,ORG,-0.7,0.0,de,2
Gasheizungsverbot,Gasheizungsverbot,ORG,0.0,0.0,de,2
Euro-Notenbank,Euro-Notenbank,ORG,0.0,0.0,de,2
CS,CS,ORG,0.675,0.0,de,2
US-Militärgarnison,US-Militärgarnison,ORG,0.4666666666666666,0.0,de,2
TV-Debatte,TV-Debatte,ORG,0.7,0.0,de,2
Finanz-Geschäftsführer,Finanz-Geschäftsführer,ORG,0.0,0.0,de,2
US-Unterstützung,US-Unterstützung,ORG,0.0,0.0,de,2
Iran +++ US-Militär,Iran +++ US-Militär,ORG,0.0,0.0,de,2
Demokra…,Demokra…,ORG,0.0,0.0,de,2
Kampagne der Grünen,Kampagne der Grünen,ORG,0.0,0.0,de,2
Alfred-Wegener-Insituts,Alfred-Wegener-Insituts,ORG,1.0,0.0,de,2
EU-Kandidatenstatus,EU-Kandidatenstatus,ORG,0.0,0.0,de,2
Konrad-Adenauer-Stiftung,Konrad-Adenauer-Stiftung,ORG,0.0,0.0,de,2
Univers…,Univers…,ORG,0.0,0.0,de,2
DEPI,DEPI,ORG,0.0,0.0,de,2
Nuklearvertrag +++,Nuklearvertrag +++,ORG,0.0,0.0,de,1
Zeit des entspannten Autofahrens,Zeit des entspannten Autofahrens,ORG,0.2333333333333333,0.0,de,1
Irak…,Irak…,ORG,0.0,0.0,de,1
Waffens…,Waffens…,ORG,0.0,0.0,de,1
BN-Mitglieder,BN-Mitglieder,ORG,0.0,0.0,de,1
Interv…,Interv…,ORG,0.0,0.0,de,1
Klima-Sozialplan,Klima-Sozialplan,ORG,0.0,0.0,de,1
Bund Unterstützung für Autoindustrie“,Bund Unterstützung für Autoindustrie“,ORG,0.0,0.0,de,1
Verfas…,Verfas…,ORG,0.0,0.0,de,1
BN-Initiativen,BN-Initiativen,ORG,0.0,0.0,de,1
Chemikali…,Chemikali…,ORG,0.0,0.0,de,1
Bundesministerium für Wirtschaft und En…,Bundesministerium für Wirtschaft und En…,ORG,0.0,0.0,de,1
Albatrosse,Albatrosse,ORG,0.0,0.0,de,1
Box,Box,ORG,0.0,0.0,de,1
EU zofft,EU zofft,ORG,-1.0,0.0,de,1
Noch-Kanzlerpartei,Noch-Kanzlerpartei,ORG,0.0,0.0,de,1
New START-Vertrags,New START-Vertrags,ORG,0.0,0.0,de,1
Repeater & Fon,Repeater & Fon,ORG,0.0,0.0,de,1
Office of Global Change,Office of Global Change,ORG,-0.7,0.0,de,1
UN-Klimaverhandlungen,UN-Klimaverhandlungen,ORG,0.0,0.0,de,1
Ukrainian 93rd Mechanized,Ukrainian 93rd Mechanized,ORG,0.0,0.0,de,1
FRITZ!,FRITZ!,ORG,0.0,0.0,de,1
ukrainische Streitkräfte 24,ukrainische Streitkräfte 24,ORG,0.0,0.0,de,1
Diversity-Spezialisten +++,Diversity-Spezialisten +++,ORG,-1.0,0.0,de,1
+++ Teheran,+++ Teheran,ORG,0.0,0.0,de,1
EU-Gasspeichervorgabe,EU-Gasspeichervorgabe,ORG,0.0,0.0,de,1
Sa./13 Uhr/live bei Sky,Sa./13 Uhr/live bei Sky,ORG,0.5666666666666667,0.0,de,1
Grüne …,Grüne …,ORG,0.0,0.0,de,1
Zweitliga-Krise,Zweitliga-Krise,ORG,0.0,0.0,de,1
Kiew +++ Nordkorea,Kiew +++ Nordkorea,ORG,0.0,0.0,de,1
Neuling Preußen Münster,Neuling Preußen Münster,ORG,0.0,0.0,de,1
Vize-Fraktionschefin der Grünen,Vize-Fraktionschefin der Grünen,ORG,0.0,0.0,de,1
Aon plc,Aon plc,ORG,-0.7,0.0,de,1
Internationale Energie-Agentur,Internationale Energie-Agentur,ORG,0.0,0.0,de,1
Zweiradhersteller,Zweiradhersteller,ORG,0.0,0.0,de,1
vorstellben +++,vorstellben +++,ORG,-1.0,0.0,de,1
Medien +++ Slowakische Regierung,Medien +++ Slowakische Regierung,ORG,-0.07500000000000001,0.0,de,1
Ukrainekriegs +++,Ukrainekriegs +++,ORG,0.0,0.0,de,1
Tro…,Tro…,ORG,-0.7,0.0,de,1
Aktion und Solidarität,Aktion und Solidarität,ORG,0.0,0.0,de,1
Zentral-Israel +++,Zentral-Israel +++,ORG,-1.0,0.0,de,1
HTS-Miliz,HTS-Miliz,ORG,-0.7,0.0,de,1
DET,DET,ORG,0.0,0.0,de,1
Partei Aktion und…,Partei Aktion und…,ORG,0.0,0.0,de,1
Deutsche Energy Terminal,Deutsche Energy Terminal,ORG,0.0,0.0,de,1
Syrien +++ Wahlen,Syrien +++ Wahlen,ORG,-0.7,0.0,de,1
Anti-Putin-Partei,Anti-Putin-Partei,ORG,0.0,0.0,de,1
UNRWA-Verbot,UNRWA-Verbot,ORG,0.0,0.0,de,1
The Wall St…,The Wall St…,ORG,0.0,0.0,de,1
Opfers,Opfers,ORG,-1.0,0.0,de,1
Vermögensaufbau…,Vermögensaufbau…,ORG,0.0,0.0,de,1
Umrüstun…,Umrüstun…,ORG,0.0,0.0,de,1
UN-Kommission,UN-Kommission,ORG,0.0,0.0,de,1
Pennsylvania +++ Wahlleiter,Pennsylvania +++ Wahlleiter,ORG,-0.7,0.0,de,1
Nürnberger-Tochter Fürst,Nürnberger-Tochter Fürst,ORG,0.0,0.0,de,1
europäischen Gasinfrastrukturverbands,europäischen Gasinfrastrukturverbands,ORG,0.7,0.0,de,1
sol…,sol…,ORG,0.0,0.0,de,1
Kabel…,Kabel…,ORG,0.0,0.0,de,1
neunstöckiges Wohnhaus +++,neunstöckiges Wohnhaus +++,ORG,0.0,0.0,de,1
Nati…,Nati…,ORG,0.0,0.0,de,1
Kriti…,Kriti…,ORG,0.0,0.0,de,1
Gas Produk…,Gas Produk…,ORG,0.0,0.0,de,1
ZF-Betriebsrat,ZF-Betriebsrat,ORG,0.0,0.0,de,1
Selenskyjs Büro,Selenskyjs Büro,ORG,0.0,0.0,de,1
außerde…,außerde…,ORG,0.0,0.0,de,1
Halloween-Nacht,Halloween-Nacht,ORG,0.0,0.0,de,1
Ohren +++,Ohren +++,ORG,0.0,0.0,de,1
Zollkeule für deutsche Autos,Zollkeule für deutsche Autos,ORG,0.0,0.0,,1
Bund Unterstützung für Autoindustrie,Bund Unterstützung für Autoindustrie,ORG,0.0,0.0,de,1
Ria Nowosti …,Ria Nowosti …,ORG,0.0,0.0,de,1
El Al,El Al,ORG,0.0,0.0,de,1
Jubiläumsprämien,Jubiläumsprämien,ORG,0.0,0.0,de,1
Haushaltsrobote…,Haushaltsrobote…,ORG,-0.7,0.0,de,1
Öko…,Öko…,ORG,0.0,0.0,de,1
Messenger-Dienst Telegram,Messenger-Dienst Telegram,ORG,-0.07500000000000001,0.0,de,1
Ministerin Hamburg,Ministerin Hamburg,ORG,0.0,0.0,de,1
Serie A,Serie A,ORG,0.0,0.0,de,1
Moonshot Factory,Moonshot Factory,ORG,0.7,0.0,de,1
Zeit für Durchhalteparolen,Zeit für Durchhalteparolen,ORG,1.0,0.0,de,1
KTM AG,KTM AG,ORG,0.0,0.0,de,1
Hardware-Chef,Hardware-Chef,ORG,-0.7,0.0,de,1
FRITZ,FRITZ,ORG,0.0,0.0,de,1
Tschernobyl +++,Tschernobyl +++,ORG,0.0,0.0,de,1
persone…,persone…,ORG,0.0,0.0,de,1
Amerikas Bombardements,Amerikas Bombardements,ORG,0.0,0.0,de,1
Ural +++,Ural +++,ORG,0.0,0.0,de,1
Defense Express,Defense Express,ORG,0.0,0.0,de,1
Waffenstillstandsabkommen +++,Waffenstillstandsabkommen +++,ORG,-0.7,0.0,de,1
Liveblog Irans Revolutionsgarden,Liveblog Irans Revolutionsgarden,ORG,0.0,0.0,de,1
Diskurs,Diskurs,ORG,-1.0,0.0,de,1
PlanetCare,PlanetCare,ORG,0.0,0.0,de,1
Luftangrif…,Luftangrif…,ORG,0.0,0.0,de,1
US-Neonazi-Gruppe,US-Neonazi-Gruppe,ORG,0.0,0.0,de,1
Solarpunk-Mitwel…,Solarpunk-Mitwel…,ORG,0.0,0.0,de,1
Montana State University,Montana State University,ORG,0.0,0.0,de,1
Ukraine-Drohnen,Ukraine-Drohnen,ORG,0.7,0.0,de,1
EU-Stimmrecht,EU-Stimmrecht,ORG,0.0,0.0,de,1
Luftrettungssta…,Luftrettungssta…,ORG,0.0,0.0,de,1
KRSA,KRSA,ORG,0.0,0.0,de,1
EU-Mannschaft,EU-Mannschaft,ORG,0.7,0.0,de,1
BVB-Geschäftsführung,BVB-Geschäftsführung,ORG,0.0,0.0,de,1
Fairford +++ Iran,Fairford +++ Iran,ORG,0.0,0.0,de,1
Ukraine +++ Kreml,Ukraine +++ Kreml,ORG,0.0,0.0,de,1
Raketen +++,Raketen +++,ORG,0.0,0.0,de,1
russischen Militär,russischen Militär,ORG,0.0,0.0,de,1
NATO-Verbündeten Polen,NATO-Verbündeten Polen,ORG,0.0,0.0,de,1
Ria,Ria,ORG,0.0,0.0,de,1
IUMI,IUMI,ORG,0.0,0.0,de,1
EU-Grenzschutzagentur,EU-Grenzschutzagentur,ORG,0.7,0.0,de,1
New Yo…,New Yo…,ORG,0.0,0.0,de,1
Europäische Kommission Kiew,Europäische Kommission Kiew,ORG,0.0,0.0,de,1
Klima-Lobby,Klima-Lobby,ORG,0.0,0.0,de,1
Umrisse…,Umrisse…,ORG,0.0,0.0,de,1
EU-Stroms,EU-Stroms,ORG,0.0,0.0,de,1
gleichbleiben…,gleichbleiben…,ORG,0.0,0.0,de,1
Iran-Oman-Lösung,Iran-Oman-Lösung,ORG,0.0,0.0,de,1
britischen Streitkräfte,britischen Streitkräfte,ORG,0.0,0.0,de,1
Vereinigun…,Vereinigun…,ORG,-1.0,0.0,de,1
Angreifers,Angreifers,ORG,0.0,0.0,de,1
trot…,trot…,ORG,0.0,0.0,de,1
Ranghoher Militär,Ranghoher Militär,ORG,-0.43333333333333335,0.0,de,1
Mai +++ Trump,Mai +++ Trump,ORG,-0.2,0.0,de,1
SIT,SIT,ORG,0.0,0.0,de,1
Sparzinsen,Sparzinsen,ORG,0.0,0.0,de,1
"Russland-Geschäft
","Russland-Geschäft
",ORG,0.0,0.0,de,1
Stammmarke VW,Stammmarke VW,ORG,-1.0,0.0,de,1
Präzisionsschlag,Präzisionsschlag,ORG,0.0,0.0,de,1
VW-Aktionäre,VW-Aktionäre,ORG,0.0,0.0,de,1
MSU,MSU,ORG,0.0,0.0,de,1
Jahren +++ Russland,Jahren +++ Russland,ORG,0.0,0.0,de,1
Aussag…,Aussag…,ORG,0.0,0.0,de,1
Supermarktkette Globus,Supermarktkette Globus,ORG,0.0,0.0,de,1
EU-Erweiterungsprozess,EU-Erweiterungsprozess,ORG,0.0,0.0,de,1
Ukraine-Sankti…,Ukraine-Sankti…,ORG,0.0,0.0,de,1
Russischer Vormarsch,Russischer Vormarsch,ORG,0.7,0.0,de,1
UNO-Sicherheitsrat,UNO-Sicherheitsrat,ORG,1.0,0.0,de,1
Hilfspaket für Ukraine,Hilfspaket für Ukraine,ORG,0.7,0.0,de,1
Irans Atomchef,Irans Atomchef,ORG,0.0,0.0,de,1
"Ramstein""-Treffen +++","Ramstein""-Treffen +++",ORG,0.0,0.0,de,1
AI-Funktionen,AI-Funktionen,ORG,0.0,0.0,de,1
+++ Biden,+++ Biden,ORG,0.7,0.0,de,1
TV-Rolle,TV-Rolle,ORG,1.0,0.0,de,1
Hamburger Lions Clubs,Hamburger Lions Clubs,ORG,0.0,0.0,de,1
Frontex Polen,Frontex Polen,ORG,0.7,0.0,de,1
Abstiegskandid…,Abstiegskandid…,ORG,0.0,0.0,de,1
Manchester City“,Manchester City“,ORG,0.0,0.0,de,1
Mega,Mega,ORG,0.7,0.0,de,1
Verstöß…,Verstöß…,ORG,0.0,0.0,de,1
Stahlkonzern Swiss Steel,Stahlkonzern Swiss Steel,ORG,0.0,0.0,de,1
Ökonomenpreise für Felbermayr,Ökonomenpreise für Felbermayr,ORG,0.0,0.0,de,1
Diebst…,Diebst…,ORG,0.0,0.0,de,1
Dienstle…,Dienstle…,ORG,0.0,0.0,de,1
VfL“,VfL“,ORG,0.0,0.0,de,1
Fußball-Bundesligisten TSG 1899 Hoffenheim,Fußball-Bundesligisten TSG 1899 Hoffenheim,ORG,0.0,0.0,de,1
Volkswagen Are…,Volkswagen Are…,ORG,0.0,0.0,de,1
Jugend die Rückkehr,Jugend die Rückkehr,ORG,0.0,0.0,de,1
F-16-Piloten +++,F-16-Piloten +++,ORG,0.0,0.0,de,1
Dertour Group,Dertour Group,ORG,0.0,0.0,de,1
Roth,Roth,ORG,0.0,0.0,de,1
Motel One & Co,Motel One & Co,ORG,0.7,0.0,de,1
Union von innen,Union von innen,ORG,0.0,0.0,de,1
Verhandlunge…,Verhandlunge…,ORG,0.0,0.0,de,1
Ukraine +++ Europäische Friedensmission,Ukraine +++ Europäische Friedensmission,ORG,-0.7,0.0,de,1
Ilzer,Ilzer,ORG,0.0,0.0,de,1
Tag der offenen Tür,Tag der offenen Tür,ORG,0.7,0.0,de,1
Strafm…,Strafm…,ORG,-0.7,0.0,de,1
Kursk,Kursk,ORG,-0.7,0.0,de,1
Münchner Mietervereins,Münchner Mietervereins,ORG,0.0,0.0,de,1
S&ouml;ldner,S&ouml;ldner,ORG,0.0,0.0,de,1
Selenskyj +++ Russland,Selenskyj +++ Russland,ORG,-0.7,0.0,de,1
Trump kritisier…,Trump kritisier…,ORG,0.0,0.0,de,1
Amazon-Experte,Amazon-Experte,ORG,0.0,0.0,de,1
Megapark!,Megapark!,ORG,-0.35,0.0,de,1
Nato +++,Nato +++,ORG,0.0,0.0,de,1
gedac…,gedac…,ORG,0.0,0.0,de,1
Liveblog AfD-Chefin Weidel,Liveblog AfD-Chefin Weidel,ORG,0.0,0.0,de,1
Bündnisse der …,Bündnisse der …,ORG,-0.7,0.0,de,1
Wolfsburgs,Wolfsburgs,ORG,-0.7,0.0,de,1
Marmoush,Marmoush,ORG,0.0,0.0,de,1
Energiesektor +++,Energiesektor +++,ORG,-0.8500000000000001,0.0,de,1
Nordkoreaner +++,Nordkoreaner +++,ORG,-1.0,0.0,de,1
Zielmarke +++,Zielmarke +++,ORG,0.0,0.0,de,1
Gasspeicher der Europäischen Union,Gasspeicher der Europäischen Union,ORG,0.5,0.0,de,1
Putins Verbündetem +++,Putins Verbündetem +++,ORG,0.0,0.0,de,1
Typs Bohdana,Typs Bohdana,ORG,0.0,0.0,de,1
Kiew pluralistischere Medienlandschaft +++,Kiew pluralistischere Medienlandschaft +++,ORG,0.0,0.0,de,1
CO2-Aufschlag,CO2-Aufschlag,ORG,0.0,0.0,de,1
EU-Schuldenregeln,EU-Schuldenregeln,ORG,0.0,0.0,de,1
Aufrüstungsd…,Aufrüstungsd…,ORG,0.0,0.0,de,1
EU-Mitglied,EU-Mitglied,ORG,0.0,0.0,de,1
ausgeschlosse…,ausgeschlosse…,ORG,0.0,0.0,de,1
Die Gesellschaft,Die Gesellschaft,ORG,-1.0,0.0,de,1
Uni Potsdam,Uni Potsdam,ORG,0.0,0.0,de,1
Liter Benzin,Liter Benzin,ORG,0.0,0.0,de,1
scheitertEU zofft,scheitertEU zofft,ORG,-1.0,0.0,de,1
Öl-Staaten,Öl-Staaten,ORG,-1.0,0.0,de,1
Russland Gegenangebot +++,Russland Gegenangebot +++,ORG,0.0,0.0,de,1
Wirtschaftsverbands Fuels und Energie,Wirtschaftsverbands Fuels und Energie,ORG,0.0,0.0,de,1
Bürgerservice,Bürgerservice,ORG,0.0,0.0,de,1
Urt…,Urt…,ORG,0.0,0.0,de,1
Pipeline …,Pipeline …,ORG,0.0,0.0,de,1
Hans-Böckler-Stiftun…,Hans-Böckler-Stiftun…,ORG,0.0,0.0,de,1
Republicans Over…,Republicans Over…,ORG,0.0,0.0,de,1
Umweltbundesam…,Umweltbundesam…,ORG,-0.5,0.0,de,1
Gaza-Flüchtlingen ++,Gaza-Flüchtlingen ++,ORG,0.0,0.0,de,1
Rafiq Maqbool,Rafiq Maqbool,ORG,0.0,0.0,de,1
Investi­…,Investi­…,ORG,0.7,0.0,de,1
jüdischen Vereins TuS …,jüdischen Vereins TuS …,ORG,0.0,0.0,de,1
British Steel,British Steel,ORG,0.0,0.0,de,1
Putins Wiederwahl,Putins Wiederwahl,ORG,0.0,0.0,de,1
Russlands Streitkräfte…,Russlands Streitkräfte…,ORG,0.0,0.0,de,1
Science-Fiction-Hörspiel,Science-Fiction-Hörspiel,ORG,0.0,0.0,de,1
Rekordtief +++ Weißes Haus,Rekordtief +++ Weißes Haus,ORG,0.7,0.0,de,1
Torten-Anschlag,Torten-Anschlag,ORG,0.0,0.0,de,1
Tesla-Roboter!,Tesla-Roboter!,ORG,0.0,0.0,de,1
BWP,BWP,ORG,1.0,0.0,de,1
Raumfahrtb…,Raumfahrtb…,ORG,0.0,0.0,de,1
Nordkoreas Truppen ++,Nordkoreas Truppen ++,ORG,0.0,0.0,de,1
Das Umweltministerium,Das Umweltministerium,ORG,0.7,0.0,de,1
bayerischen Wirtschaftsministerium,bayerischen Wirtschaftsministerium,ORG,0.0,0.0,de,1
Kims Elitetruppe,Kims Elitetruppe,ORG,0.0,0.0,de,1
Der EU-Außenbeauftragte,Der EU-Außenbeauftragte,ORG,0.7,0.0,de,1
Anti-Klima-Haltung,Anti-Klima-Haltung,ORG,-0.7,0.0,de,1
schwerf…,schwerf…,ORG,0.0,0.0,de,1
Finanzminister Kukies,Finanzminister Kukies,ORG,0.0,0.0,de,1
AMD Radeon RX 9070,AMD Radeon RX 9070,ORG,0.0,0.0,de,1
Endes der Ampel-Koalition,Endes der Ampel-Koalition,ORG,0.0,0.0,de,1
Bloomberg TV,Bloomberg TV,ORG,0.0,0.0,de,1
Liga schweigen,Liga schweigen,ORG,0.0,0.0,de,1
Eintracht Braunschweig mi…,Eintracht Braunschweig mi…,ORG,0.0,0.0,de,1
Tyczka,Tyczka,ORG,0.0,0.0,de,1
Bundesverwaltungs…,Bundesverwaltungs…,ORG,-0.7,0.0,de,1
CIA-Direkt…,CIA-Direkt…,ORG,0.0,0.0,de,1
ri…,ri…,ORG,0.0,0.0,de,1
ESG,ESG,ORG,-0.7,0.0,de,1
Universität der,Universität der,ORG,0.0,0.0,de,1
Belaru…,Belaru…,ORG,0.0,0.0,de,1
EU Klima,EU Klima,ORG,0.7,0.0,de,1
Inflationsrate für Deutschland,Inflationsrate für Deutschland,ORG,0.0,0.0,de,1
VC-Markt,VC-Markt,ORG,0.0,0.0,de,1
Direktorium der Nationalbank,Direktorium der Nationalbank,ORG,0.0,0.0,de,1
Deutsche Mark,Deutsche Mark,ORG,0.0,0.0,de,1
"Securing Energy for
Europe","Securing Energy for
Europe",ORG,0.0,0.0,de,1
MOP,MOP,ORG,0.0,0.0,de,1
IPO-Zyklus,IPO-Zyklus,ORG,0.0,0.0,de,1
ermög…,ermög…,ORG,0.7,0.0,de,1
IW-Umfrage,IW-Umfrage,ORG,0.0,0.0,de,1
Koalitionsvertrag +++ Miersch,Koalitionsvertrag +++ Miersch,ORG,0.125,0.0,de,1
Rohstoffdeal +++ Selenskyj,Rohstoffdeal +++ Selenskyj,ORG,0.09999999999999998,0.0,de,1
Ifo-Institut für Wirtschaftsforschung,Ifo-Institut für Wirtschaftsforschung,ORG,0.0,0.0,de,1
Finanzierungsvorbehalt +++ Arbeitnehmerflügel,Finanzierungsvorbehalt +++ Arbeitnehmerflügel,ORG,0.125,0.0,de,1
Geheimdienstinformationen +++ Ukrainische,Geheimdienstinformationen +++ Ukrainische,ORG,0.0,0.0,de,1
Entscheidun…,Entscheidun…,ORG,0.0,0.0,de,1
Holocaust-Überlebende,Holocaust-Überlebende,ORG,1.0,0.0,de,1
Sanktionsliste,Sanktionsliste,ORG,0.0,0.0,de,1
Spionage-Abwehr,Spionage-Abwehr,ORG,0.0,0.0,de,1
Norddeutschland,Norddeutschland,ORG,0.0,0.0,de,1
Union +++,Union +++,ORG,0.125,0.0,de,1
Stadtwerke Schmölln,Stadtwerke Schmölln,ORG,-0.7,0.0,de,1
Israel +++ UN-Blauhelmsoldaten,Israel +++ UN-Blauhelmsoldaten,ORG,-0.7,0.0,de,1
Terzic,Terzic,ORG,0.0,0.0,de,1
Wirtschafts…,Wirtschafts…,ORG,0.0,0.0,de,1
Kanal +++,Kanal +++,ORG,0.0,0.0,de,1
Unterwasserka…,Unterwasserka…,ORG,0.0,0.0,de,1
Vizefraktionsvorsitzende der Grünen,Vizefraktionsvorsitzende der Grünen,ORG,0.0,0.0,de,1
Meteoriten-Einschlag,Meteoriten-Einschlag,ORG,0.0,0.0,de,1
Wild Hornets,Wild Hornets,ORG,-1.0,0.0,de,1
Machtpartei Einiges Russland,Machtpartei Einiges Russland,ORG,0.0,0.0,de,1
Ulm,Ulm,ORG,0.0,0.0,de,1
CSU Wahlkampf,CSU Wahlkampf,ORG,0.5,0.0,de,1
bea…,bea…,ORG,0.0,0.0,de,1
BBL-Tabellenführer Ulm,BBL-Tabellenführer Ulm,ORG,-0.7,0.0,de,1
Hürzeler,Hürzeler,ORG,0.0,0.0,de,1
EU-Ministern,EU-Ministern,ORG,0.0,0.0,de,1
Brighton & Hove Albion,Brighton & Hove Albion,ORG,0.0,0.0,de,1
Zentrum Valencias,Zentrum Valencias,ORG,0.0,0.0,de,1
Kämpfer für…,Kämpfer für…,ORG,0.0,0.0,de,1
EU-Investitionsbank,EU-Investitionsbank,ORG,0.0,0.0,de,1
+++ Panama,+++ Panama,ORG,0.0,0.0,de,1
Kraft +++ Ukraine,Kraft +++ Ukraine,ORG,0.35,0.0,de,1
Trump Jr.,Trump Jr.,ORG,0.0,0.0,de,1
Russland +++ Supreme Court,Russland +++ Supreme Court,ORG,0.0,0.0,de,1
Klimakrise abwend…,Klimakrise abwend…,ORG,0.1333333333333333,0.0,de,1
Russland-Sanktionen ++,Russland-Sanktionen ++,ORG,0.0,0.0,de,1
Ko…,Ko…,ORG,0.0,0.0,de,1
US-Terrorliste,US-Terrorliste,ORG,0.0,0.0,de,1
US-Prä…,US-Prä…,ORG,0.0,0.0,de,1
Politikwisse…,Politikwisse…,ORG,-0.7,0.0,de,1
europäischen Partnern +++,europäischen Partnern +++,ORG,0.35,0.0,de,1
Hornet Queen,Hornet Queen,ORG,-1.0,0.0,de,1
Nato-C…,Nato-C…,ORG,0.0,0.0,de,1
Estlands Marine,Estlands Marine,ORG,-0.7,0.0,de,1
CA Osasuna,CA Osasuna,ORG,0.0,0.0,de,1
CNN +++,CNN +++,ORG,0.7,0.0,de,1
Transformation der Wirtschaft für mehr Klimaschutz,Transformation der Wirtschaft für mehr Klimaschutz,ORG,0.0,0.0,de,1
Rainer Thiele,Rainer Thiele,ORG,1.0,0.0,de,1
Partisanen-Organisation Atesh,Partisanen-Organisation Atesh,ORG,0.7,0.0,de,1
Aula…,Aula…,ORG,1.0,0.0,de,1
Warentest,Warentest,ORG,1.0,0.0,de,1
++ Ukrainische Drohnen,++ Ukrainische Drohnen,ORG,0.0,0.0,de,1
Gleichzei…,Gleichzei…,ORG,0.0,0.0,de,1
offi…,offi…,ORG,0.0,0.0,de,1
Dachverbands,Dachverbands,ORG,-0.7,0.0,de,1
Kleidervorrat,Kleidervorrat,ORG,1.0,0.0,de,1
BUND-Landesverbands,BUND-Landesverbands,ORG,0.0,0.0,de,1
Millionen-Krise,Millionen-Krise,ORG,0.0,0.0,de,1
As…,As…,ORG,1.0,0.0,de,1
Du…,Du…,ORG,0.0,0.0,de,1
Schädli…,Schädli…,ORG,0.0,0.0,de,1
Irans Top-Club,Irans Top-Club,ORG,0.0,0.0,de,1
Leav,Leav,ORG,0.0,0.0,de,1
Hashe…,Hashe…,ORG,0.0,0.0,de,1
Wunderland Reizgas,Wunderland Reizgas,ORG,0.0,0.0,de,1
Outlook,Outlook,ORG,0.0,0.0,de,1
Zweitliga-Tabellenführer Hannover 96,Zweitliga-Tabellenführer Hannover 96,ORG,0.0,0.0,de,1
Militão,Militão,ORG,-0.2333333333333333,0.0,de,1
Europäische Rüstungsziele,Europäische Rüstungsziele,ORG,0.0,0.0,de,1
La Liga,La Liga,ORG,1.0,0.0,de,1
Jahrestarife,Jahrestarife,ORG,0.0,0.0,de,1
Ergebni…,Ergebni…,ORG,0.0,0.0,de,1
Skandin…,Skandin…,ORG,0.0,0.0,de,1
E-Zigaretten,E-Zigaretten,ORG,0.0,0.0,de,1
RH-Bericht,RH-Bericht,ORG,0.0,0.0,de,1
Autoherstellers Stellantis,Autoherstellers Stellantis,ORG,0.0,0.0,de,1
öst…,öst…,ORG,-1.0,0.0,de,1
Atomwaffen-Einsatz,Atomwaffen-Einsatz,ORG,0.0,0.0,de,1
Osteuropa-Fokus,Osteuropa-Fokus,ORG,0.0,0.0,de,1
De'Longhi-Kaffeevollautomat,De'Longhi-Kaffeevollautomat,ORG,0.0,0.0,de,1
Thüringens,Thüringens,ORG,0.0,0.0,de,1
Außenministerium ve,Außenministerium ve,ORG,0.0,0.0,de,1
Global Carbon Budget,Global Carbon Budget,ORG,0.0,0.0,de,1
Großhandelskonzerns Metro,Großhandelskonzerns Metro,ORG,0.0,0.0,de,1
Bund Natu…,Bund Natu…,ORG,0.0,0.0,de,1
Burger King,Burger King,ORG,0.0,0.0,de,1
Ukraine-Hilfen ++,Ukraine-Hilfen ++,ORG,0.0,0.0,de,1
Großbritannien,Großbritannien,ORG,0.0,0.0,de,1
Kapitulation +++,Kapitulation +++,ORG,0.0,0.0,de,1
Dnipropetrowski +++,Dnipropetrowski +++,ORG,0.7,0.0,de,1
US-Popgruppe,US-Popgruppe,ORG,0.85,0.0,de,1
Meinungsforschungsinstitut INSA,Meinungsforschungsinstitut INSA,ORG,0.0,0.0,de,1
internationalen Rechts +++,internationalen Rechts +++,ORG,1.0,0.0,de,1
­Siena College,­Siena College,ORG,1.0,0.0,de,1
The Pussycat Dolls,The Pussycat Dolls,ORG,0.85,0.0,de,1
Flaute …,Flaute …,ORG,0.0,0.0,de,1
Einigung +++,Einigung +++,ORG,0.0,0.0,de,1
Umweltministerium in Sachsen-Anhalt,Umweltministerium in Sachsen-Anhalt,ORG,0.0,0.0,de,1
+++ Neues Digitalministerium,+++ Neues Digitalministerium,ORG,0.0,0.0,de,1
Liveblog CDU,Liveblog CDU,ORG,0.0,0.0,de,1
Nord Stream 2 +,Nord Stream 2 +,ORG,0.0,0.0,de,1
US-Zeitung …,US-Zeitung …,ORG,0.0,0.0,de,1
Regierung Krisenstimmung!,Regierung Krisenstimmung!,ORG,0.0,0.0,de,1
EU-Militärausgaben,EU-Militärausgaben,ORG,0.0,0.0,de,1
USA & Co.,USA & Co.,ORG,0.0,0.0,de,1
Die Börse,Die Börse,ORG,0.0,0.0,de,1
++Möllring,++Möllring,ORG,0.0,0.0,de,1
Tops,Tops,ORG,0.2333333333333333,0.0,de,1
Ziv…,Ziv…,ORG,0.0,0.0,de,1
US-Typ Pat…,US-Typ Pat…,ORG,0.0,0.0,de,1
Organisation Human Rights Watch wil…,Organisation Human Rights Watch wil…,ORG,1.0,0.0,de,1
US-Finanzmärkte,US-Finanzmärkte,ORG,0.0,0.0,de,1
Wirtschaftsaufschwu…,Wirtschaftsaufschwu…,ORG,0.7,0.0,de,1
Absolventen,Absolventen,ORG,0.0,0.0,de,1
Bohai Trimet,Bohai Trimet,ORG,0.7,0.0,de,1
M.i,M.i,ORG,0.0,0.0,de,1
Raiffeisenbank International,Raiffeisenbank International,ORG,-1.0,0.0,de,1
STOPP!,STOPP!,ORG,0.0,0.0,de,1
NBA-Profis,NBA-Profis,ORG,0.7,0.0,de,1
Südafrika-Besuch +++,Südafrika-Besuch +++,ORG,0.0,0.0,de,1
McDonald's Ukraine,McDonald's Ukraine,ORG,0.0,0.0,de,1
Emission impossible,Emission impossible,ORG,0.0,0.0,de,1
CO2-Neutralität,CO2-Neutralität,ORG,0.0,0.0,de,1
Ausbildungs-Deal +++,Ausbildungs-Deal +++,ORG,0.0,0.0,de,1
Anker Powerbank,Anker Powerbank,ORG,0.7,0.0,de,1
Raiffeisenbank Russland,Raiffeisenbank Russland,ORG,-1.0,0.0,de,1
Stadtzürche…,Stadtzürche…,ORG,0.7,0.0,de,1
Trump Moskau,Trump Moskau,ORG,0.7,0.0,de,1
TV-Quoten,TV-Quoten,ORG,-0.5,0.0,de,1
Kanzler …,Kanzler …,ORG,0.0,0.0,de,1
Mittwochabend +++,Mittwochabend +++,ORG,-1.0,0.0,de,1
Sustainable Finance Beirats,Sustainable Finance Beirats,ORG,0.0,0.0,de,1
Signal-Gruppe,Signal-Gruppe,ORG,-0.7,0.0,de,1
“ +++ Biden,“ +++ Biden,ORG,-0.15000000000000002,0.0,de,1
Vatikanbank,Vatikanbank,ORG,0.0,0.0,de,1
Handelskonzerns Metro AG,Handelskonzerns Metro AG,ORG,0.0,0.0,de,1
AC,AC,ORG,1.0,0.0,de,1
ELN Kriegsver…,ELN Kriegsver…,ORG,0.0,0.0,de,1
US-Zöllen,US-Zöllen,ORG,-0.35,0.0,de,1
vatikanische Finanzaufsicht,vatikanische Finanzaufsicht,ORG,0.0,0.0,de,1
EZB-Ratsmitglied,EZB-Ratsmitglied,ORG,0.0,0.0,de,1
ELN Kriegsverbrechen,ELN Kriegsverbrechen,ORG,0.0,0.0,de,1
US-Offiziere,US-Offiziere,ORG,-0.7,0.0,de,1
Initiative Zukunftsallianz,Initiative Zukunftsallianz,ORG,0.0,0.0,de,1
IT-Experten,IT-Experten,ORG,-0.35,0.0,de,1
Babacom,Babacom,ORG,0.85,0.0,de,1
Wassersto…,Wassersto…,ORG,0.0,0.0,de,1
TTIP,TTIP,ORG,0.0,0.0,de,1
Kyjiw-Mohyla-Akademie,Kyjiw-Mohyla-Akademie,ORG,0.7,0.0,de,1
ukrainischen PEN-Clubs,ukrainischen PEN-Clubs,ORG,0.0,0.0,de,1
HAPEKO…,HAPEKO…,ORG,0.0,0.0,de,1
Donezk +++ Biden,Donezk +++ Biden,ORG,-0.85,0.0,de,1
Panamakanal +++ Betreiber,Panamakanal +++ Betreiber,ORG,1.0,0.0,de,1
Ukraine-Formulierung,Ukraine-Formulierung,ORG,0.0,0.0,de,1
Oster-Feuerpause +++ Kiew,Oster-Feuerpause +++ Kiew,ORG,0.0,0.0,de,1
Grünen…,Grünen…,ORG,0.0,0.0,de,1
Beschuss +++ Waffenruhe,Beschuss +++ Waffenruhe,ORG,0.0,0.0,de,1
Klima-Fachbere…,Klima-Fachbere…,ORG,0.0,0.0,de,1
Erfolgsverwöhnte Führungskräfte,Erfolgsverwöhnte Führungskräfte,ORG,1.0,0.0,de,1
Sicherheitskonfe…,Sicherheitskonfe…,ORG,0.0,0.0,de,1
NHM-Generaldirektorin,NHM-Generaldirektorin,ORG,0.7,0.0,de,1
Nordkorea +++ Mütznenich,Nordkorea +++ Mütznenich,ORG,-0.85,0.0,de,1
Energieanlage +++,Energieanlage +++,ORG,0.0,0.0,de,1
Westjordanland +++ Seibert,Westjordanland +++ Seibert,ORG,1.0,0.0,de,1
Will Berlin,Will Berlin,ORG,1.0,0.0,de,1
Nationalen Sicherhei…,Nationalen Sicherhei…,ORG,0.0,0.0,de,1
Syrskyjs Drohnen-Armee Russland,Syrskyjs Drohnen-Armee Russland,ORG,0.0,0.0,de,1
Academics Heidelberg,Academics Heidelberg,ORG,0.85,0.0,de,1
CSU-Vo…,CSU-Vo…,ORG,0.0,0.0,de,1
Griff!,Griff!,ORG,0.0,0.0,de,1
Bomme…,Bomme…,ORG,0.0,0.0,de,1
German Marshall Fund,German Marshall Fund,ORG,0.0,0.0,de,1
+++ Luftverkehr,+++ Luftverkehr,ORG,0.0,0.0,de,1
Russland +++ Außenministerin,Russland +++ Außenministerin,ORG,-0.15000000000000002,0.0,de,1
Tiktok,Tiktok,ORG,0.7,0.0,de,1
Deutschen Insti…,Deutschen Insti…,ORG,0.0,0.0,de,1
Vonovia…,Vonovia…,ORG,0.0,0.0,de,1
Union se…,Union se…,ORG,-1.0,0.0,de,1
Freitag +++,Freitag +++,ORG,0.0,0.0,de,1
ND,ND,ORG,0.0,0.0,de,1
Geschich…,Geschich…,ORG,0.0,0.0,de,1
US-Geopolitiker,US-Geopolitiker,ORG,0.0,0.0,de,1
US-Rohöl,US-Rohöl,ORG,0.0,0.0,de,1
+++ NATO,+++ NATO,ORG,1.0,0.0,de,1
Neue russische Offensive,Neue russische Offensive,ORG,0.0,0.0,de,1
Reformstau,Reformstau,ORG,-0.85,0.0,de,1
Ukraine Pekings,Ukraine Pekings,ORG,0.0,0.0,de,1
NHM,NHM,ORG,0.0,0.0,de,1
Ukraine ang…,Ukraine ang…,ORG,0.0,0.0,de,1
europäische Sicherheitsordnung sprech…,europäische Sicherheitsordnung sprech…,ORG,0.7,0.0,de,1
CMF Phone 2,CMF Phone 2,ORG,0.0,0.0,de,1
Russen…,Russen…,ORG,0.0,0.0,de,1
Ukraine +++ Frankreich,Ukraine +++ Frankreich,ORG,0.0,0.0,de,1
Kupfer-ETC,Kupfer-ETC,ORG,0.0,0.0,de,1
UN-Flüchtlingshilfswerk für Palästinenser,UN-Flüchtlingshilfswerk für Palästinenser,ORG,0.2333333333333333,0.0,de,1
abgeschlosse…,abgeschlosse…,ORG,0.0,0.0,de,1
Terrorhysterie,Terrorhysterie,ORG,-0.7,0.0,de,1
Atomwaffen +++,Atomwaffen +++,ORG,0.0,0.0,de,1
Flugtickets…,Flugtickets…,ORG,0.0,0.0,de,1
SPD-Ministerpräsident,SPD-Ministerpräsident,ORG,0.0,0.0,de,1
Streumunition,Streumunition,ORG,0.0,0.0,de,1
Kiel,Kiel,ORG,0.0,0.0,de,1
Umweltbundes…,Umweltbundes…,ORG,0.7,0.0,de,1
Deutschlands Chancen,Deutschlands Chancen,ORG,0.0,0.0,de,1
Die FDP,Die FDP,ORG,0.0,0.0,de,1
US-Gewässern,US-Gewässern,ORG,0.0,0.0,de,1
Global Perspectives Initiative,Global Perspectives Initiative,ORG,0.0,0.0,de,1
Schattenflotte +++ SPD-Fraktionschef,Schattenflotte +++ SPD-Fraktionschef,ORG,0.0,0.0,de,1
Millionengrenze +++,Millionengrenze +++,ORG,0.0,0.0,de,1
Minister Willingmann,Minister Willingmann,ORG,0.0,0.0,de,1
Mittwochmorg…,Mittwochmorg…,ORG,0.0,0.0,de,1
Intel-CPU,Intel-CPU,ORG,0.0,0.0,de,1
Rundfunk Berlin-Brandenburg,Rundfunk Berlin-Brandenburg,ORG,0.0,0.0,de,1
bew… Russland,bew… Russland,ORG,0.0,0.0,de,1
Polarwirbel,Polarwirbel,ORG,0.0,0.0,de,1
Umweltministerium in Schwerin,Umweltministerium in Schwerin,ORG,0.325,0.0,de,1
St. Pauli,St. Pauli,ORG,0.0,0.0,de,1
PocketBook Verse Lite,PocketBook Verse Lite,ORG,0.0,0.0,de,1
Fokus +++,Fokus +++,ORG,0.0,0.0,de,1
Regierungsspreche…,Regierungsspreche…,ORG,0.0,0.0,de,1
Bochum,Bochum,ORG,0.0,0.0,de,1
Moskau Waffenruhe,Moskau Waffenruhe,ORG,0.0,0.0,de,1
EU Dreifach-Sanktion +++,EU Dreifach-Sanktion +++,ORG,0.0,0.0,de,1
Kommunistischen Partei …,Kommunistischen Partei …,ORG,0.0,0.0,de,1
NATO-Russland,NATO-Russland,ORG,-0.15000000000000002,0.0,de,1
Bergamt Südbayern,Bergamt Südbayern,ORG,0.0,0.0,de,1
leiden,leiden,ORG,-0.5,0.0,de,1
Bodycams,Bodycams,ORG,0.0,0.0,de,1
Israelische Kampfjets,Israelische Kampfjets,ORG,0.0,0.0,de,1
akf,akf,ORG,0.0,0.0,de,1
Air China,Air China,ORG,0.0,0.0,de,1
Megagon Industries,Megagon Industries,ORG,0.0,0.0,de,1
Deutsche Computerspielpreis,Deutsche Computerspielpreis,ORG,0.0,0.0,de,1
Kontrollen…,Kontrollen…,ORG,0.0,0.0,de,1
nheb…,nheb…,ORG,0.0,0.0,de,1
Quest One,Quest One,ORG,0.0,0.0,de,1
NA…,NA…,ORG,0.0,0.0,de,1
Asylunterkünfte,Asylunterkünfte,ORG,1.0,0.0,de,1
Linken-Frak…,Linken-Frak…,ORG,0.0,0.0,de,1
BRICS-Gruppe,BRICS-Gruppe,ORG,0.0,0.0,de,1
CO2-Gesamtemissionen,CO2-Gesamtemissionen,ORG,-0.7,0.0,de,1
Ankara +++ Trump,Ankara +++ Trump,ORG,0.0,0.0,de,1
Hamas-Infrastruktur,Hamas-Infrastruktur,ORG,0.0,0.0,de,1
Akku rapide Energie,Akku rapide Energie,ORG,-0.7,0.0,de,1
Samsung Galaxy,Samsung Galaxy,ORG,0.7,0.0,de,1
Wasserstoffproduktion,Wasserstoffproduktion,ORG,0.0,0.0,de,1
Libanons +++ Netanjahu,Libanons +++ Netanjahu,ORG,-0.5,0.0,de,1
Flüchtlingsunterkunft +++,Flüchtlingsunterkunft +++,ORG,-0.5,0.0,de,1
Ficos Ukraine-Kurs +++,Ficos Ukraine-Kurs +++,ORG,0.0,0.0,de,1
Met…,Met…,ORG,0.0,0.0,de,1
Anzeige*Zur,Anzeige*Zur,ORG,0.7,0.0,de,1
reist +++ EU-Staaten,reist +++ EU-Staaten,ORG,0.0,0.0,de,1
ESR,ESR,ORG,1.0,0.0,de,1
Russlandsanktionen +++ Maßnahmen,Russlandsanktionen +++ Maßnahmen,ORG,0.0,0.0,de,1
europä…,europä…,ORG,0.0,0.0,de,1
US-Mediziner,US-Mediziner,ORG,0.0,0.0,de,1
Europäische Club-Vereinigung,Europäische Club-Vereinigung,ORG,0.7,0.0,de,1
Drittliga-Rückrunde,Drittliga-Rückrunde,ORG,0.0,0.0,de,1
ZF…,ZF…,ORG,0.0,0.0,de,1
EU-Sanktionspakete,EU-Sanktionspakete,ORG,0.0,0.0,de,1
kWh Jahresve…,kWh Jahresve…,ORG,0.0,0.0,de,1
Enshrouded,Enshrouded,ORG,0.0,0.0,de,1
ECA,ECA,ORG,0.0,0.0,de,1
NS-Forschung,NS-Forschung,ORG,0.0,0.0,de,1
Inflationsrate…,Inflationsrate…,ORG,0.0,0.0,de,1
Ap…,Ap…,ORG,0.0,0.0,de,1
Sonntagm…,Sonntagm…,ORG,0.0,0.0,de,1
EU-Referendum,EU-Referendum,ORG,0.0,0.0,de,1
"Sahra 
","Sahra 
",ORG,0.0,0.0,de,1
Vielfalt ni…,Vielfalt ni…,ORG,0.0,0.0,de,1
Ukraine-Unterstützung für Europa,Ukraine-Unterstützung für Europa,ORG,0.0,0.0,de,1
Golf-Staaten +++ Saudi-Arabien,Golf-Staaten +++ Saudi-Arabien,ORG,0.7,0.0,de,1
US-Medikamente,US-Medikamente,ORG,0.0,0.0,de,1
Indoor …,Indoor …,ORG,1.0,0.0,de,1
mas,mas,ORG,0.0,0.0,de,1
Chalil al-Hajja,Chalil al-Hajja,ORG,0.7,0.0,de,1
Deloitte…,Deloitte…,ORG,-0.7,0.0,de,1
Outdoor-Aktivitäten…,Outdoor-Aktivitäten…,ORG,0.0,0.0,de,1
ukrainischen Bahn,ukrainischen Bahn,ORG,0.0,0.0,de,1
Co-Chefin …,Co-Chefin …,ORG,0.0,0.0,de,1
Vorbereitun…,Vorbereitun…,ORG,0.0,0.0,de,1
"zurück""</li><li","zurück""</li><li",ORG,-1.0,0.0,de,1
deutschen Bundestages,deutschen Bundestages,ORG,0.0,0.0,de,1
Zentrum der Wahl,Zentrum der Wahl,ORG,0.0,0.0,de,1
Krakau +++,Krakau +++,ORG,0.0,0.0,de,1
BSW-Migrationspolitik,BSW-Migrationspolitik,ORG,1.0,0.0,de,1
Luftangriffen +++ Seoul,Luftangriffen +++ Seoul,ORG,-1.0,0.0,de,1
SPD-Fraktionsvize Siemtje Möller,SPD-Fraktionsvize Siemtje Möller,ORG,0.0,0.0,de,1
Spitzensteuersatz-Reform,Spitzensteuersatz-Reform,ORG,-1.0,0.0,de,1
European Pravda,European Pravda,ORG,0.0,0.0,de,1
Bochumer,Bochumer,ORG,-0.7,0.0,de,1
pakistanischen Streitkräften,pakistanischen Streitkräften,ORG,0.0,0.0,de,1
Hoffenheim,Hoffenheim,ORG,-0.7,0.0,de,1
Waffenruhe …,Waffenruhe …,ORG,0.0,0.0,de,1
Ausweichmanöver +++ Putin,Ausweichmanöver +++ Putin,ORG,0.3499999999999999,0.0,de,1
Bevölk…,Bevölk…,ORG,0.0,0.0,de,1
Waffenruhe +++ Macron,Waffenruhe +++ Macron,ORG,0.5125,0.0,de,1
Sanktionen +++,Sanktionen +++,ORG,-1.0,0.0,de,1
Hamas-Führer Sinwar +++ Hamas-Chef Sinwar,Hamas-Führer Sinwar +++ Hamas-Chef Sinwar,ORG,-0.6666666666666666,0.0,de,1
europäischen Partnern Sanktionen,europäischen Partnern Sanktionen,ORG,0.0,0.0,de,1
BSW-Landesvorstand,BSW-Landesvorstand,ORG,0.0,0.0,de,1
Anschlussstell…,Anschlussstell…,ORG,0.0,0.0,de,1
FDP sch,FDP sch,ORG,0.0,0.0,de,1
Kühlschrank-Kuchen!,Kühlschrank-Kuchen!,ORG,0.0,0.0,de,1
internationalen Vergleic…,internationalen Vergleic…,ORG,0.0,0.0,de,1
HfG,HfG,ORG,-0.7,0.0,de,1
Drogen-Kriminalität,Drogen-Kriminalität,ORG,-1.0,0.0,de,1
Nuklear-Start-up,Nuklear-Start-up,ORG,0.0,0.0,de,1
S1IIE,S1IIE,ORG,0.0,0.0,de,1
Denkfabrik Peterson Institute for International Economics,Denkfabrik Peterson Institute for International Economics,ORG,0.0,0.0,de,1
Russland Sanktionen,Russland Sanktionen,ORG,0.0,0.0,de,1
0:5-Debakel,0:5-Debakel,ORG,0.0,0.0,de,1
S1RII-Gehäuse,S1RII-Gehäuse,ORG,0.0,0.0,de,1
US-Produktion,US-Produktion,ORG,-0.7,0.0,de,1
Geoökonom Posen,Geoökonom Posen,ORG,0.0,0.0,de,1
vergan…,vergan…,ORG,0.0,0.0,de,1
++ Syrien,++ Syrien,ORG,0.0,0.0,de,1
Lumix DC-S1II,Lumix DC-S1II,ORG,-0.7,0.0,de,1
Terror-Organisation Hisbollah,Terror-Organisation Hisbollah,ORG,0.0,0.0,de,1
Siegesplan,Siegesplan,ORG,0.0,0.0,de,1
Hyperglobu…,Hyperglobu…,ORG,0.7,0.0,de,1
Vizeregi…,Vizeregi…,ORG,0.0,0.0,de,1
Kinderverweigerung,Kinderverweigerung,ORG,0.0,0.0,de,1
Regierungsmaschine Air Force One,Regierungsmaschine Air Force One,ORG,0.0,0.0,de,1
Cool & Smart,Cool & Smart,ORG,0.7,0.0,de,1
Who cares!,Who cares!,ORG,0.0,0.0,de,1
russischen Ablegers,russischen Ablegers,ORG,0.0,0.0,de,1
spanische Liga,spanische Liga,ORG,0.0,0.0,de,1
Fridays for Israel,Fridays for Israel,ORG,1.0,0.0,de,1
Trumpf-Grupp…,Trumpf-Grupp…,ORG,0.0,0.0,de,1
SEK-Einsätze,SEK-Einsätze,ORG,-1.0,0.0,de,1
CDU-Wirtschaftsrat,CDU-Wirtschaftsrat,ORG,0.7,0.0,de,1
Friedensverhandlungen +++ Kiew,Friedensverhandlungen +++ Kiew,ORG,0.0,0.0,de,1
Rheinmetall & Co.,Rheinmetall & Co.,ORG,0.0,0.0,de,1
Invasio…,Invasio…,ORG,0.0,0.0,de,1
begrenz…,begrenz…,ORG,0.0,0.0,de,1
US-Pharmabranche,US-Pharmabranche,ORG,-1.0,0.0,de,1
dpa/AUTO BILD/KI,dpa/AUTO BILD/KI,ORG,0.7,0.0,de,1
europäischen Strommarkts,europäischen Strommarkts,ORG,0.0,0.0,de,1
UNIFIL-Truppen,UNIFIL-Truppen,ORG,0.35,0.0,de,1
Verband der Elektrizitätsunternehmen,Verband der Elektrizitätsunternehmen,ORG,-1.0,0.0,de,1
Trend…,Trend…,ORG,0.0,0.0,de,1
Centrica,Centrica,ORG,0.0,0.0,de,1
Notfallvorsorge Nachholbedarf,Notfallvorsorge Nachholbedarf,ORG,0.0,0.0,de,1
Polizei Köln,Polizei Köln,ORG,0.0,0.0,de,1
EU-Paket,EU-Paket,ORG,0.0,0.0,de,1
CPI,CPI,ORG,-0.7,0.0,de,1
Karlsruher …,Karlsruher …,ORG,-0.85,0.0,de,1
Margarine,Margarine,ORG,0.0,0.0,de,1
freiheitliche demokratische Grundor…,freiheitliche demokratische Grundor…,ORG,0.3333333333333333,0.0,de,1
unterzieh…,unterzieh…,ORG,0.0,0.0,de,1
deutsche Bundesanwaltschaft,deutsche Bundesanwaltschaft,ORG,0.0,0.0,de,1
Kampfpanzer +++,Kampfpanzer +++,ORG,-0.7,0.0,de,1
Schriftstell…,Schriftstell…,ORG,0.0,0.0,de,1
US-System,US-System,ORG,0.0,0.0,de,1
Lindner-Rede,Lindner-Rede,ORG,0.0,0.0,de,1
Cape Coral/Fort Myers,Cape Coral/Fort Myers,ORG,1.0,0.0,,1
Rügen +++,Rügen +++,ORG,-1.0,0.0,de,1
Friedensgesprächen +++,Friedensgesprächen +++,ORG,0.0,0.0,de,1
Ostseeküs…,Ostseeküs…,ORG,0.0,0.0,de,1
tz,tz,ORG,0.0,0.0,de,1
Streitkräften …,Streitkräften …,ORG,0.0,0.0,de,1
Luitpold-Gymnasium,Luitpold-Gymnasium,ORG,0.0,0.0,de,1
Prusa,Prusa,ORG,0.0,0.0,de,1
russischen Marine,russischen Marine,ORG,0.0,0.0,de,1
Filmpreis +++,Filmpreis +++,ORG,0.0,0.0,de,1
St. Petersburg +++,St. Petersburg +++,ORG,0.0,0.0,de,1
Österreichischen Biomasseverbands,Österreichischen Biomasseverbands,ORG,0.0,0.0,de,1
frei +++,frei +++,ORG,0.7,0.0,de,1
Amnesty International +++,Amnesty International +++,ORG,1.0,0.0,de,1
Staatsanw…,Staatsanw…,ORG,0.0,0.0,de,1
Höchststand +++,Höchststand +++,ORG,0.0,0.0,de,1
US-Friedensbemühungen ++,US-Friedensbemühungen ++,ORG,-0.7,0.0,de,1
Platz 1,Platz 1,ORG,0.0,0.0,de,1
Steinmeier +++ General,Steinmeier +++ General,ORG,0.7,0.0,de,1
Bahnausfälle +++ Selenskyj,Bahnausfälle +++ Selenskyj,ORG,0.7,0.0,de,1
Unterstützun…,Unterstützun…,ORG,0.0,0.0,de,1
Sachsens Wirtschaft,Sachsens Wirtschaft,ORG,0.0,0.0,de,1
Munition fü,Munition fü,ORG,0.0,0.0,de,1
Israel +++ 28,Israel +++ 28,ORG,-1.0,0.0,de,1
Phishing,Phishing,ORG,0.7,0.0,de,1
Markus Lanz,Markus Lanz,ORG,0.0,0.0,de,1
alten Arbeiterpartei,alten Arbeiterpartei,ORG,0.0,0.0,de,1
Nowak/Shutterstock.com,Nowak/Shutterstock.com,ORG,0.0,0.0,de,1
Rheinmetall-Tochtergesellschaft Pierburg GmbH…,Rheinmetall-Tochtergesellschaft Pierburg GmbH…,ORG,0.0,0.0,de,1
Libanon +++ Zwei,Libanon +++ Zwei,ORG,-1.0,0.0,de,1
europäischen Verbund,europäischen Verbund,ORG,0.0,0.0,de,1
Siegen-Niederschelden,Siegen-Niederschelden,ORG,0.0,0.0,de,1
FHD-Qualität,FHD-Qualität,ORG,1.0,0.0,de,1
Klimaschutzorganisation Fridays for Future,Klimaschutzorganisation Fridays for Future,ORG,0.0,0.0,de,1
In-Ears,In-Ears,ORG,1.0,0.0,de,1
Stereo-Sound,Stereo-Sound,ORG,1.0,0.0,de,1
italienischen Mafia,italienischen Mafia,ORG,0.0,0.0,de,1
++ Italien,++ Italien,ORG,0.0,0.0,de,1
VW-Aufsichtsrätin,VW-Aufsichtsrätin,ORG,0.0,0.0,de,1
Cyberattacken +++,Cyberattacken +++,ORG,-1.0,0.0,de,1
Zeit +++ Kanada,Zeit +++ Kanada,ORG,0.7,0.0,de,1
ARD-Studios,ARD-Studios,ORG,0.0,0.0,de,1
amerikanische Gesellschaft,amerikanische Gesellschaft,ORG,0.0,0.0,de,1
Berlin +++ Starmer,Berlin +++ Starmer,ORG,0.0,0.0,de,1
TV-Talk,TV-Talk,ORG,-0.7,0.0,de,1
++ Rubio,++ Rubio,ORG,0.0,0.0,de,1
Russlands Waffenruhe-Plan ++,Russlands Waffenruhe-Plan ++,ORG,0.0,0.0,de,1
Kupferproduzent,Kupferproduzent,ORG,0.0,0.0,de,1
russischen Waffenruhe-Vorschlag,russischen Waffenruhe-Vorschlag,ORG,0.0,0.0,de,1
Visegrad-Gruppe,Visegrad-Gruppe,ORG,0.0,0.0,de,1
Raffinerie-Brand +++,Raffinerie-Brand +++,ORG,0.0,0.0,de,1
deutschen Finanz-Start-ups,deutschen Finanz-Start-ups,ORG,0.7,0.0,de,1
schw…,schw…,ORG,0.0,0.0,de,1
Ostmitteleuropäer,Ostmitteleuropäer,ORG,0.0,0.0,de,1
Westdeutsche Rundfunk,Westdeutsche Rundfunk,ORG,0.0,0.0,de,1
CMF by Nothing Phone,CMF by Nothing Phone,ORG,0.0,0.0,de,1
Menschenrechtsorganisation,Menschenrechtsorganisation,ORG,0.0,0.0,de,1
Instituts für Physiologie und Biochemie…,Instituts für Physiologie und Biochemie…,ORG,0.0,0.0,de,1
Aktie …,Aktie …,ORG,0.0,0.0,de,1
russischen Kurses,russischen Kurses,ORG,0.0,0.0,de,1
Luftangriff,Luftangriff,ORG,-1.0,0.0,de,1
Waffenruhe Priorität +++ Trump,Waffenruhe Priorität +++ Trump,ORG,-0.35,0.0,de,1
EU droht de…,EU droht de…,ORG,0.1333333333333333,0.0,de,1
Bagdad,Bagdad,ORG,-0.7,0.0,de,1
Fortschrit…,Fortschrit…,ORG,0.0,0.0,de,1
Europäische Rüstungsschulden,Europäische Rüstungsschulden,ORG,-1.0,0.0,de,1
Bundesverbands Erneuerbare Energien,Bundesverbands Erneuerbare Energien,ORG,0.7,0.0,de,1
Iran +++ Saudis,Iran +++ Saudis,ORG,0.0,0.0,de,1
Honda,Honda,ORG,0.0,0.0,de,1
BR,BR,ORG,0.7,0.0,de,1
Partei …,Partei …,ORG,0.0,0.0,de,1
NATO-Bündnisfalls,NATO-Bündnisfalls,ORG,0.0,0.0,de,1
Umkehr,Umkehr,ORG,0.0,0.0,de,1
Low Level Agents,Low Level Agents,ORG,0.0,0.0,de,1
Neubrandenburger Dreikönigsvereins,Neubrandenburger Dreikönigsvereins,ORG,0.0,0.0,de,1
Jahren +++ Trump,Jahren +++ Trump,ORG,0.11666666666666665,0.0,de,1
Amtsg…,Amtsg…,ORG,0.0,0.0,de,1
Google,Google,ORG,0.0,0.0,de,1
Türkei …,Türkei …,ORG,-0.5,0.0,de,1
EU-Außenpolitiker,EU-Außenpolitiker,ORG,-1.0,0.0,de,1
Moskaus Dar,Moskaus Dar,ORG,0.0,0.0,de,1
türkische…,türkische…,ORG,0.0,0.0,de,1
Milchalternativen,Milchalternativen,ORG,0.0,0.0,de,1
Verha…,Verha…,ORG,-0.7,0.0,de,1
Bosporus-Diplomatie,Bosporus-Diplomatie,ORG,-0.7,0.0,de,1
BEE,BEE,ORG,0.7,0.0,de,1
Internationale…,Internationale…,ORG,0.0,0.0,de,1
US-Küsten,US-Küsten,ORG,0.0,0.0,de,1
Ost-West-Pipelin…,Ost-West-Pipelin…,ORG,0.0,0.0,de,1
Sonne und Wind,Sonne und Wind,ORG,0.0,0.0,de,1
Freitag +++ Rubio,Freitag +++ Rubio,ORG,0.0,0.0,de,1
Flüchtlingsunterkunft +++ UN,Flüchtlingsunterkunft +++ UN,ORG,-1.0,0.0,de,1
Erhal…,Erhal…,ORG,0.0,0.0,de,1
Luftstreitkräfte …,Luftstreitkräfte …,ORG,0.0,0.0,de,1
Amnesty International ++,Amnesty International ++,ORG,0.0,0.0,de,1
Subventionen</li></ol,Subventionen</li></ol,ORG,0.0,0.0,de,1
Team +++,Team +++,ORG,0.0,0.0,de,1
Macron & Co.,Macron & Co.,ORG,0.0,0.0,de,1
Razer Project Arielle,Razer Project Arielle,ORG,0.0,0.0,de,1
Ministe…,Ministe…,ORG,0.0,0.0,de,1
Los Angeles,Los Angeles,ORG,0.0,0.0,de,1
Fliegerbomben +++,Fliegerbomben +++,ORG,0.0,0.0,de,1
deutschen Formel-1-Werksteams,deutschen Formel-1-Werksteams,ORG,0.0,0.0,de,1
ANC …,ANC …,ORG,0.0,0.0,de,1
Putin ++,Putin ++,ORG,0.0,0.0,de,1
Rom +++ Ukraine,Rom +++ Ukraine,ORG,0.0,0.0,de,1
Alliierten +++ Kiew,Alliierten +++ Kiew,ORG,0.0,0.0,de,1
T-Shi…,T-Shi…,ORG,0.0,0.0,de,1
Funke-Mediengruppe,Funke-Mediengruppe,ORG,0.0,0.0,de,1
Maschinengewe…,Maschinengewe…,ORG,0.0,0.0,de,1
Funke Mediengruppe u…,Funke Mediengruppe u…,ORG,0.0,0.0,de,1
Pferden,Pferden,ORG,0.0,0.0,de,1
Spielplan,Spielplan,ORG,0.0,0.0,de,1
Elterngeldes will die Partei,Elterngeldes will die Partei,ORG,0.0,0.0,de,1
Gaza +++ Kritik,Gaza +++ Kritik,ORG,0.0,0.0,de,1
VW-Standorten,VW-Standorten,ORG,0.0,0.0,de,1
Libyen +++ Kritik,Libyen +++ Kritik,ORG,-0.7,0.0,de,1
EU-Erdbeobachtungsprogramms,EU-Erdbeobachtungsprogramms,ORG,0.0,0.0,de,1
KI-Betrüger,KI-Betrüger,ORG,0.0,0.0,de,1
LSDV+,LSDV+,ORG,-0.7,0.0,de,1
Alliierten +,Alliierten +,ORG,0.0,0.0,de,1
Verband Queere Vielfalt,Verband Queere Vielfalt,ORG,-0.7,0.0,de,1
WRD,WRD,ORG,0.0,0.0,de,1
Superyacht Design Festival,Superyacht Design Festival,ORG,0.0,0.0,de,1
Spitzenpersonal der deutschen Geheimdienste,Spitzenpersonal der deutschen Geheimdienste,ORG,0.0,0.0,de,1
Luxemburg,Luxemburg,ORG,0.0,0.0,de,1
UN-Truppen,UN-Truppen,ORG,-0.7,0.0,de,1
Gas- und Bremspedal,Gas- und Bremspedal,ORG,0.0,0.0,de,1
Nils-Ole Book,Nils-Ole Book,ORG,1.0,0.0,de,1
Deutschen Filmpreise,Deutschen Filmpreise,ORG,0.7,0.0,de,1
Staats- und Regierungschefs Deutschlands,Staats- und Regierungschefs Deutschlands,ORG,0.0,0.0,de,1
die Grünen der falsche Fokus,die Grünen der falsche Fokus,ORG,-1.0,0.0,de,1
deutsche …,deutsche …,ORG,0.0,0.0,de,1
Ents…,Ents…,ORG,0.0,0.0,de,1
Russische Militärpläne,Russische Militärpläne,ORG,0.0,0.0,de,1
brandg…,brandg…,ORG,0.0,0.0,de,1
Öko-Bewegung,Öko-Bewegung,ORG,0.7,0.0,de,1
russischen Orden,russischen Orden,ORG,0.0,0.0,de,1
Kiew +++ Kiew,Kiew +++ Kiew,ORG,0.7,0.0,de,1
Bundeswehrsoldate…,Bundeswehrsoldate…,ORG,0.0,0.0,de,1
Kiew +++ Bundeswehr,Kiew +++ Bundeswehr,ORG,0.0,0.0,de,1
Flugabwehr Arrow +++,Flugabwehr Arrow +++,ORG,0.0,0.0,de,1
Metro-Verstaatlichung,Metro-Verstaatlichung,ORG,0.0,0.0,de,1
Hansa-Hooligans,Hansa-Hooligans,ORG,0.0,0.0,de,1
Kommissar,Kommissar,ORG,0.0,0.0,de,1
Patriot-Lieferung +++,Patriot-Lieferung +++,ORG,0.0,0.0,de,1
deutschen Holding,deutschen Holding,ORG,0.0,0.0,de,1
Rückschlag Israels,Rückschlag Israels,ORG,0.0,0.0,de,1
Putins Gas,Putins Gas,ORG,0.0,0.0,de,1
US-Präsidente…,US-Präsidente…,ORG,0.0,0.0,de,1
europäische Armee +++ Vance,europäische Armee +++ Vance,ORG,1.0,0.0,de,1
Erneuerbaren-B…,Erneuerbaren-B…,ORG,-0.4666666666666666,0.0,de,1
Investoren +++,Investoren +++,ORG,0.0,0.0,de,1
UN-Staaten,UN-Staaten,ORG,-0.15000000000000002,0.0,de,1
vone…,vone…,ORG,0.0,0.0,de,1
IMEO,IMEO,ORG,0.0,0.0,de,1
Essengehe…,Essengehe…,ORG,0.0,0.0,de,1
Gastechnologischen Institut,Gastechnologischen Institut,ORG,0.0,0.0,de,1
Bayerische Journalistenverband,Bayerische Journalistenverband,ORG,1.0,0.0,de,1
TU,TU,ORG,0.0,0.0,de,1
staatli…,staatli…,ORG,1.0,0.0,de,1
Autofahrer,Autofahrer,ORG,0.0,0.0,de,1
Einsatzkräfte…,Einsatzkräfte…,ORG,0.0,0.0,de,1
US-Sicherheitsrat,US-Sicherheitsrat,ORG,-1.0,0.0,de,1
Netanjahu-Rede +++ Lastwagen,Netanjahu-Rede +++ Lastwagen,ORG,-0.7,0.0,de,1
Internationalen Beobachtungsstelle für Methanemissionen,Internationalen Beobachtungsstelle für Methanemissionen,ORG,0.0,0.0,de,1
EU-Kommissars für Verteidigung,EU-Kommissars für Verteidigung,ORG,-1.0,0.0,de,1
Irans Atomanlagen,Irans Atomanlagen,ORG,0.7,0.0,de,1
Putins Kreml-Wohnung,Putins Kreml-Wohnung,ORG,0.0,0.0,de,1
Fußball-Bundesliga…,Fußball-Bundesliga…,ORG,1.0,0.0,de,1
Union mit den Grünen,Union mit den Grünen,ORG,0.3333333333333333,0.0,de,1
Großbritanniens neue Regierung,Großbritanniens neue Regierung,ORG,0.7,0.0,de,1
Moskau abgeweh…,Moskau abgeweh…,ORG,0.0,0.0,de,1
+++ Wagenknecht,+++ Wagenknecht,ORG,0.3333333333333333,0.0,de,1
bulgarische Nationalteam,bulgarische Nationalteam,ORG,0.0,0.0,de,1
Ukraine-Paket,Ukraine-Paket,ORG,0.3333333333333333,0.0,de,1
Durchschnittslöhne,Durchschnittslöhne,ORG,0.0,0.0,de,1
Wasserwerke,Wasserwerke,ORG,0.0,0.0,de,1
Häme,Häme,ORG,0.7,0.0,de,1
Ostlibanon +++,Ostlibanon +++,ORG,0.7,0.0,de,1
Volleyball-Bundesliga,Volleyball-Bundesliga,ORG,0.0,0.0,de,1
deutschen Volleyball-Meisterschaft,deutschen Volleyball-Meisterschaft,ORG,0.0,0.0,de,1
Libanons +++ Beirut,Libanons +++ Beirut,ORG,0.7,0.0,de,1
Berlin Volleys,Berlin Volleys,ORG,0.0,0.0,de,1
Brain Drain,Brain Drain,ORG,0.0,0.0,de,1
deutsche Militärhilfe für die Ukraine,deutsche Militärhilfe für die Ukraine,ORG,0.0,0.0,de,1
WolodymyrSelenskyj,WolodymyrSelenskyj,ORG,0.0,0.0,de,1
Weltkriegsexhumierungen +++ Pistorius,Weltkriegsexhumierungen +++ Pistorius,ORG,0.7,0.0,de,1
"Link
Trumps","Link
Trumps",ORG,-0.7,0.0,de,1
Landesbischof der Evangelischen Kirche in Mitteldeutschland,Landesbischof der Evangelischen Kirche in Mitteldeutschland,ORG,0.7,0.0,de,1
Zentralverband des Deutsche…,Zentralverband des Deutsche…,ORG,0.0,0.0,de,1
europäische Staats- und Regierungschefs,europäische Staats- und Regierungschefs,ORG,1.0,0.0,de,1
Deutscher Milchproduzent,Deutscher Milchproduzent,ORG,0.0,0.0,de,1
Deutsche Industrie- und Handelskammer,Deutsche Industrie- und Handelskammer,ORG,0.0,0.0,de,1
Nord-Stream-Anschlag,Nord-Stream-Anschlag,ORG,0.0,0.0,de,1
Deutschen Arbeitgeberverbände,Deutschen Arbeitgeberverbände,ORG,0.0,0.0,de,1
TV-Experte,TV-Experte,ORG,0.0,0.0,de,1
England-Profis,England-Profis,ORG,0.0,0.0,de,1
Deutschlandfonds,Deutschlandfonds,ORG,1.0,0.0,de,1
Preußen Münster,Preußen Münster,ORG,0.0,0.0,de,1
AfD-Mitgliedern,AfD-Mitgliedern,ORG,0.0,0.0,de,1
Frühlingswet…,Frühlingswet…,ORG,0.0,0.0,de,1
Telegram-Kana…,Telegram-Kana…,ORG,0.0,0.0,de,1
Ukraine-Gesprächen +++,Ukraine-Gesprächen +++,ORG,0.0,0.0,de,1
Trend 1,Trend 1,ORG,0.0,0.0,de,1
Fortuna Düsseldorfs,Fortuna Düsseldorfs,ORG,0.0,0.0,de,1
Offenbach +++ Liveblog,Offenbach +++ Liveblog,ORG,0.0,0.0,de,1
Bundesanwaltscha…,Bundesanwaltscha…,ORG,0.0,0.0,de,1
Tracking,Tracking,ORG,0.7,0.0,de,1
angekün…,angekün…,ORG,0.0,0.0,de,1
Berliner CSD,Berliner CSD,ORG,-0.35,0.0,de,1
Schwefel,Schwefel,ORG,0.0,0.0,de,1
Medienf…,Medienf…,ORG,0.0,0.0,de,1
nan Moskau,nan Moskau,ORG,-0.7,0.0,de,1
Sachsen-Anhalts Umweltministerium,Sachsen-Anhalts Umweltministerium,ORG,0.0,0.0,de,1
Lärm,Lärm,ORG,0.0,0.0,de,1
Two Circles,Two Circles,ORG,0.0,0.0,de,1
Vereins Deutsch-Israelische Gesellschaft,Vereins Deutsch-Israelische Gesellschaft,ORG,-1.0,0.0,de,1
Sachsen-Anhalts U…,Sachsen-Anhalts U…,ORG,0.0,0.0,de,1
Arbeitsmarkt +++ Teenager,Arbeitsmarkt +++ Teenager,ORG,0.0,0.0,de,1
kurdi…,kurdi…,ORG,0.0,0.0,de,1
Rostock Seawolves,Rostock Seawolves,ORG,0.0,0.0,de,1
Mainova,Mainova,ORG,0.0,0.0,de,1
D-Trust GmbH,D-Trust GmbH,ORG,0.0,0.0,de,1
Milliarden-Höhe +++ Finnlands,Milliarden-Höhe +++ Finnlands,ORG,-0.6666666666666666,0.0,de,1
Philips Airfryer,Philips Airfryer,ORG,0.0,0.0,de,1
Congress…,Congress…,ORG,0.0,0.0,de,1
Gasversorgungssitua…,Gasversorgungssitua…,ORG,0.0,0.0,de,1
Europäische Raumfahrt,Europäische Raumfahrt,ORG,0.0,0.0,de,1
App-Steuerung,App-Steuerung,ORG,0.7,0.0,de,1
International Union of Marine Insurance,International Union of Marine Insurance,ORG,0.0,0.0,de,1
Schweizer Weltwoche,Schweizer Weltwoche,ORG,0.0,0.0,de,1
HK,HK,ORG,0.0,0.0,de,1
GfK,GfK,ORG,0.0,0.0,de,1
Strabag,Strabag,ORG,0.0,0.0,de,1
Amt der Vereinten Nationen,Amt der Vereinten Nationen,ORG,1.0,0.0,de,1
Hilfsstruktur f…,Hilfsstruktur f…,ORG,0.0,0.0,de,1
VinziWerke,VinziWerke,ORG,0.0,0.0,de,1
Inge,Inge,ORG,0.0,0.0,de,1
zerst…,zerst…,ORG,0.0,0.0,de,1
UMK,UMK,ORG,0.0,0.0,de,1
Tankstellenverbandes in Deutschland,Tankstellenverbandes in Deutschland,ORG,0.0,0.0,de,1
Tony-Preise,Tony-Preise,ORG,0.0,0.0,de,1
Hessen Nidda,Hessen Nidda,ORG,0.0,0.0,de,1
“ +++ … Nordkoreas,“ +++ … Nordkoreas,ORG,0.7,0.0,de,1
Friedrich-Naumann-Stiftung,Friedrich-Naumann-Stiftung,ORG,0.7,0.0,de,1
Hyperglobus,Hyperglobus,ORG,0.0,0.0,de,1
Schr…,Schr…,ORG,0.0,0.0,de,1
große FC Barcelona,große FC Barcelona,ORG,0.7,0.0,de,1
Union Plän…,Union Plän…,ORG,0.0,0.0,de,1
Kernlan…,Kernlan…,ORG,0.7,0.0,de,1
Verband Writers Guild of America,Verband Writers Guild of America,ORG,0.0,0.0,de,1
++ UN-Sicherheitsrat,++ UN-Sicherheitsrat,ORG,0.0,0.0,de,1
Bauen-Agrar-Umw…,Bauen-Agrar-Umw…,ORG,0.0,0.0,de,1
US-Außenmin…,US-Außenmin…,ORG,0.0,0.0,de,1
UNEP,UNEP,ORG,0.0,0.0,de,1
Wahlbehörde,Wahlbehörde,ORG,0.0,0.0,de,1
Deutschen Tierschutzbunds,Deutschen Tierschutzbunds,ORG,0.7,0.0,de,1
Wahl +++,Wahl +++,ORG,0.0,0.0,de,1
katala…,katala…,ORG,0.0,0.0,de,1
Grüne Energiewende,Grüne Energiewende,ORG,0.0,0.0,de,1
Ausland +++ Studie,Ausland +++ Studie,ORG,0.0,0.0,de,1
Selenskyjs Waffenruhe-Vorschlag,Selenskyjs Waffenruhe-Vorschlag,ORG,0.0,0.0,de,1
Investors Interspa,Investors Interspa,ORG,0.0,0.0,de,1
dab…,dab…,ORG,0.0,0.0,de,1
PKK-Anschlag,PKK-Anschlag,ORG,0.0,0.0,de,1
SPD-Basis,SPD-Basis,ORG,0.0,0.0,de,1
SPD-Politikers,SPD-Politikers,ORG,0.0,0.0,de,1
Inflationsrate ,Inflationsrate ,ORG,0.0,0.0,de,1
Flugverkehr +++,Flugverkehr +++,ORG,-0.7,0.0,de,1
Deutschlands Manager-Gehälter,Deutschlands Manager-Gehälter,ORG,0.7,0.0,de,1
Battlemage-GPU,Battlemage-GPU,ORG,0.85,0.0,de,1
Washington +++ Russischer,Washington +++ Russischer,ORG,0.0,0.0,de,1
Schusswa…,Schusswa…,ORG,0.0,0.0,de,1
zugleic…,zugleic…,ORG,0.0,0.0,de,1
Rohstoffdeal,Rohstoffdeal,ORG,0.0,0.0,de,1
Deutsche Tierschutzbund,Deutsche Tierschutzbund,ORG,0.0,0.0,de,1
LKA…,LKA…,ORG,-0.7,0.0,de,1
pakistanische Zeitung,pakistanische Zeitung,ORG,0.0,0.0,de,1
++ Hamas,++ Hamas,ORG,0.0,0.0,de,1
Uhrendrehen,Uhrendrehen,ORG,0.0,0.0,de,1
maritime Sicherh…,maritime Sicherh…,ORG,0.0,0.0,de,1
Gesellschaft verrohe,Gesellschaft verrohe,ORG,0.0,0.0,de,1
Gemeinwohl,Gemeinwohl,ORG,-1.0,0.0,de,1
MerzAntrittsbesuch,MerzAntrittsbesuch,ORG,0.0,0.0,de,1
Landeskriminalamts,Landeskriminalamts,ORG,0.0,0.0,de,1
Siegesparade +++ Außenminister,Siegesparade +++ Außenminister,ORG,0.0,0.0,de,1
lib…,lib…,ORG,0.0,0.0,de,1
abgeschosse…,abgeschosse…,ORG,0.0,0.0,de,1
Kilogr…,Kilogr…,ORG,0.0,0.0,de,1
Casio,Casio,ORG,-0.85,0.0,de,1
Skyliners Frankfurt,Skyliners Frankfurt,ORG,1.0,0.0,de,1
Europäischen Rundfunkunion,Europäischen Rundfunkunion,ORG,0.0,0.0,de,1
Stimmungsbild,Stimmungsbild,ORG,0.0,0.0,de,1
EBU,EBU,ORG,0.0,0.0,de,1
BMI,BMI,ORG,0.0,0.0,de,1
Söldnergeschäfte …,Söldnergeschäfte …,ORG,0.0,0.0,de,1
Gasspeicherziele,Gasspeicherziele,ORG,0.7,0.0,de,1
Stickstoffwerke Piesteritz,Stickstoffwerke Piesteritz,ORG,0.0,0.0,de,1
Nazi-Diktatur,Nazi-Diktatur,ORG,0.0,0.0,de,1
Geflüchtete ++,Geflüchtete ++,ORG,0.0,0.0,de,1
++ Lindner,++ Lindner,ORG,0.0,0.0,de,1
Erzgebirge Aue,Erzgebirge Aue,ORG,0.85,0.0,de,1
Kindern,Kindern,ORG,0.0,0.0,de,1
UN-Sankti…,UN-Sankti…,ORG,1.0,0.0,de,1
Russland-Verstehern,Russland-Verstehern,ORG,0.0,0.0,de,1
Trinity House Agreement,Trinity House Agreement,ORG,0.0,0.0,de,1
++ Außenminister,++ Außenminister,ORG,0.0,0.0,de,1
Scheibe,Scheibe,ORG,-0.85,0.0,de,1
Niedersachsen +++,Niedersachsen +++,ORG,0.0,0.0,de,1
Nazi-Deuts…,Nazi-Deuts…,ORG,0.0,0.0,de,1
Nieder…,Nieder…,ORG,1.0,0.0,de,1
EZB-Personalrats-Chef,EZB-Personalrats-Chef,ORG,0.0,0.0,de,1
AKZENT,AKZENT,ORG,0.0,0.0,de,1
Finanzminister Klingbeil,Finanzminister Klingbeil,ORG,0.7,0.0,de,1
gla…,gla…,ORG,0.0,0.0,de,1
Nationalrevolutionären Jugend,Nationalrevolutionären Jugend,ORG,0.0,0.0,de,1
russisches Fernsehen,russisches Fernsehen,ORG,0.0,0.0,de,1
Aktion Silberloc…,Aktion Silberloc…,ORG,0.7,0.0,de,1
Ostseepipeline Nord Stream,Ostseepipeline Nord Stream,ORG,0.7,0.0,de,1
Gower Street Analytics,Gower Street Analytics,ORG,0.0,0.0,de,1
Deadl…,Deadl…,ORG,0.0,0.0,de,1
Stagflation!,Stagflation!,ORG,0.0,0.0,de,1
Aktion Silberlocke,Aktion Silberlocke,ORG,0.7,0.0,de,1
Max-Grünebaum-Stiftung,Max-Grünebaum-Stiftung,ORG,0.7,0.0,de,1
Gehe…,Gehe…,ORG,0.0,0.0,de,1
+++ Netanjahu,+++ Netanjahu,ORG,-1.0,0.0,de,1
Kommu…,Kommu…,ORG,0.0,0.0,de,1
Plasma-TV +++ Geheimdienstzentrale,Plasma-TV +++ Geheimdienstzentrale,ORG,-1.0,0.0,de,1
++ Flughafen St. Petersburg,++ Flughafen St. Petersburg,ORG,0.0,0.0,de,1
zukü…,zukü…,ORG,0.0,0.0,de,1
Südwest-FDP,Südwest-FDP,ORG,0.0,0.0,de,1
NS-Widerstandsdrama,NS-Widerstandsdrama,ORG,1.0,0.0,de,1
BSW +++,BSW +++,ORG,-0.7,0.0,de,1
CDU & Co,CDU & Co,ORG,0.0,0.0,de,1
indischen Militär,indischen Militär,ORG,0.0,0.0,de,1
Vereinigten S…,Vereinigten S…,ORG,1.0,0.0,de,1
Kreml-Medium,Kreml-Medium,ORG,0.0,0.0,de,1
Ost-West-Pipeline +++ Irak,Ost-West-Pipeline +++ Irak,ORG,0.7,0.0,de,1
Windschutzscheibe festzufrieren,Windschutzscheibe festzufrieren,ORG,-1.0,0.0,de,1
Russland-Freund,Russland-Freund,ORG,0.0,0.0,de,1
Nation…,Nation…,ORG,0.0,0.0,de,1
Getreideexport +++ Putin,Getreideexport +++ Putin,ORG,-0.5,0.0,de,1
Wärmeplän…,Wärmeplän…,ORG,0.0,0.0,de,1
tagesthemen-Interview,tagesthemen-Interview,ORG,0.7,0.0,de,1
Deutsche Wetterdienst für Rheinland-Pfalz u,Deutsche Wetterdienst für Rheinland-Pfalz u,ORG,-0.7,0.0,de,1
Deutsche Wetterdienst für Rheinland-Pfalz,Deutsche Wetterdienst für Rheinland-Pfalz,ORG,-0.7,0.0,de,1
Hohenemser Polizei,Hohenemser Polizei,ORG,0.0,0.0,de,1
Baumw…,Baumw…,ORG,-0.7,0.0,de,1
Einrichtun…,Einrichtun…,ORG,0.0,0.0,de,1
pakistanischen Streitkräfte,pakistanischen Streitkräfte,ORG,0.0,0.0,de,1
DeepState,DeepState,ORG,0.0,0.0,de,1
NRJ,NRJ,ORG,0.0,0.0,de,1
Bergakademie Freiberg,Bergakademie Freiberg,ORG,0.0,0.0,de,1
Militärverwaltun…,Militärverwaltun…,ORG,0.0,0.0,de,1
Sena…,Sena…,ORG,0.0,0.0,de,1
Tomahawk-Plan,Tomahawk-Plan,ORG,0.7,0.0,de,1
Trump-Effekt,Trump-Effekt,ORG,0.0,0.0,de,1
Sozialverband beze…,Sozialverband beze…,ORG,0.0,0.0,de,1
Flugzeugbauers,Flugzeugbauers,ORG,0.0,0.0,de,1
Storyblocks06.05.2025,Storyblocks06.05.2025,ORG,0.0,0.0,de,1
EU Vorbereitungen,EU Vorbereitungen,ORG,-0.7,0.0,de,1
Genexco,Genexco,ORG,0.0,0.0,de,1
Oktob…,Oktob…,ORG,0.0,0.0,de,1
Nazi-Deutschland,Nazi-Deutschland,ORG,-0.7,0.0,de,1
US-Präsidialamt,US-Präsidialamt,ORG,0.0,0.0,de,1
++ Büro des Roten Kreuzes,++ Büro des Roten Kreuzes,ORG,0.0,0.0,de,1
++ Pistorius,++ Pistorius,ORG,0.0,0.0,de,1
Fondsgesellschaft Union Investment,Fondsgesellschaft Union Investment,ORG,0.0,0.0,de,1
favorisi…,favorisi…,ORG,0.0,0.0,de,1
Amtsei…,Amtsei…,ORG,0.0,0.0,de,1
thüri…,thüri…,ORG,0.0,0.0,de,1
Polizei Hamburg,Polizei Hamburg,ORG,0.0,0.0,de,1
Technik-Deal,Technik-Deal,ORG,0.0,0.0,de,1
Internationalen Wäh…,Internationalen Wäh…,ORG,0.0,0.0,de,1
imageBR,imageBR,ORG,0.0,0.0,de,1
russische Wirtschaft,russische Wirtschaft,ORG,0.0,0.0,de,1
WELOCK,WELOCK,ORG,0.7,0.0,de,1
bayerischen Landeskriminalamts,bayerischen Landeskriminalamts,ORG,-0.7,0.0,de,1
Pul…,Pul…,ORG,0.0,0.0,de,1
radikalpazifistischen Grünen,radikalpazifistischen Grünen,ORG,0.7,0.0,de,1
US-Raumfahrtprogramm,US-Raumfahrtprogramm,ORG,0.7,0.0,de,1
Fico +++,Fico +++,ORG,0.0,0.0,de,1
Flughafen St. Petersburg +++,Flughafen St. Petersburg +++,ORG,0.7,0.0,de,1
Erfolge +++,Erfolge +++,ORG,0.0,0.0,de,1
Reitverband,Reitverband,ORG,0.0,0.0,de,1
Deutschen Reiterlichen Vereinigung,Deutschen Reiterlichen Vereinigung,ORG,0.0,0.0,de,1
FN,FN,ORG,0.0,0.0,de,1
Qualen…,Qualen…,ORG,1.0,0.0,de,1
Gründerm…,Gründerm…,ORG,0.0,0.0,de,1
Juge…,Juge…,ORG,0.0,0.0,de,1
Fortunas Finanz-Vorstand,Fortunas Finanz-Vorstand,ORG,0.0,0.0,de,1
Ze…,Ze…,ORG,1.0,0.0,de,1
CDA,CDA,ORG,0.0,0.0,de,1
herausford…,herausford…,ORG,0.0,0.0,de,1
Putins Militärparade +++,Putins Militärparade +++,ORG,0.0,0.0,de,1
Christlich-Demokratischen Arbeitnehmerschaft Deutschlands,Christlich-Demokratischen Arbeitnehmerschaft Deutschlands,ORG,0.0,0.0,de,1
Nordkoreanische Truppen in Russland,Nordkoreanische Truppen in Russland,ORG,0.7,0.0,de,1
Ost-West-Pipeline +++,Ost-West-Pipeline +++,ORG,0.35,0.0,de,1
Instituts der Europäischen Union für Sicherheitsstudien,Instituts der Europäischen Union für Sicherheitsstudien,ORG,0.0,0.0,de,1
Ukraine mithi…,Ukraine mithi…,ORG,0.0,0.0,de,1
Bundeswirtschaftsministeri…,Bundeswirtschaftsministeri…,ORG,0.0,0.0,de,1
gemeins…,gemeins…,ORG,-1.0,0.0,de,1
Deutsche Jets,Deutsche Jets,ORG,0.0,0.0,de,1
Polizeipräsidium jüng…,Polizeipräsidium jüng…,ORG,-0.7,0.0,de,1
Russlands Meeressabotage,Russlands Meeressabotage,ORG,0.0,0.0,de,1
Weltkriegsged…,Weltkriegsged…,ORG,0.0,0.0,de,1
schleswig-holsteinischen Umweltministeriums am Mittwoch,schleswig-holsteinischen Umweltministeriums am Mittwoch,ORG,0.0,0.0,de,1
FR,FR,ORG,1.0,0.0,de,1
"Link
Deutschland","Link
Deutschland",ORG,-0.7,0.0,de,1
Kassen-Krise!,Kassen-Krise!,ORG,0.0,0.0,de,1
Angek…,Angek…,ORG,0.0,0.0,de,1
F-16-Krise,F-16-Krise,ORG,-0.5,0.0,de,1
Schweizer Jugend,Schweizer Jugend,ORG,-0.7,0.0,de,1
Russische Marineschiffe,Russische Marineschiffe,ORG,0.0,0.0,de,1
ISU,ISU,ORG,0.0,0.0,de,1
Ampel-Regierung!,Ampel-Regierung!,ORG,0.0,0.0,de,1
Rumänien-Drama,Rumänien-Drama,ORG,0.0,0.0,de,1
Absturz +++,Absturz +++,ORG,0.0,0.0,de,1
Rosat…,Rosat…,ORG,0.0,0.0,de,1
Ausd…,Ausd…,ORG,0.0,0.0,de,1
Syrien +++,Syrien +++,ORG,0.0,0.0,de,1
Dorfgasthöfe …,Dorfgasthöfe …,ORG,0.0,0.0,de,1
deutschen Wohnungswirtschaft,deutschen Wohnungswirtschaft,ORG,0.0,0.0,de,1
Betrei…,Betrei…,ORG,0.0,0.0,de,1
Charkiw ++,Charkiw ++,ORG,0.0,0.0,de,1
Aserbaidschans,Aserbaidschans,ORG,0.0,0.0,de,1
ARD-Reporterin,ARD-Reporterin,ORG,0.0,0.0,de,1
KI-Umgebung,KI-Umgebung,ORG,0.0,0.0,de,1
Aufrüs…,Aufrüs…,ORG,0.0,0.0,de,1
Beru…,Beru…,ORG,0.0,0.0,de,1
amerikanischen Militärhilfe,amerikanischen Militärhilfe,ORG,0.0,0.0,de,1
Regierung +++ Grüne,Regierung +++ Grüne,ORG,-0.5,0.0,de,1
Amtsjahres,Amtsjahres,ORG,0.7,0.0,de,1
Zustell-Tour,Zustell-Tour,ORG,-1.0,0.0,de,1
Trump LNG-Deal,Trump LNG-Deal,ORG,0.0,0.0,de,1
Österreichische Post,Österreichische Post,ORG,0.0,0.0,de,1
Drehscheibe für ganz Europa,Drehscheibe für ganz Europa,ORG,0.0,0.0,de,1
schwarz-rotes Finanzpaket,schwarz-rotes Finanzpaket,ORG,0.0,0.0,de,1
Jahr +++ Pistorius,Jahr +++ Pistorius,ORG,-0.7,0.0,de,1
US-amer…,US-amer…,ORG,0.0,0.0,de,1
Polizei un…,Polizei un…,ORG,-1.0,0.0,de,1
Polykrise!,Polykrise!,ORG,0.0,0.0,de,1
Wahlen +++ Steigerung,Wahlen +++ Steigerung,ORG,0.7,0.0,de,1
Zentrums zur Bekämpfung von Desinforma…,Zentrums zur Bekämpfung von Desinforma…,ORG,0.0,0.0,de,1
Ukraine-Äußerungen +++ Banaszak,Ukraine-Äußerungen +++ Banaszak,ORG,-0.5,0.0,de,1
FDP-Bundesgeschäftsführer,FDP-Bundesgeschäftsführer,ORG,-0.5,0.0,de,1
Syriens,Syriens,ORG,0.0,0.0,de,1
Südkoreas Demokratie,Südkoreas Demokratie,ORG,0.0,0.0,de,1
Vulkan,Vulkan,ORG,0.0,0.0,de,1
CDU-Oppositionsführer,CDU-Oppositionsführer,ORG,1.0,0.0,de,1
Bringschuld,Bringschuld,ORG,0.0,0.0,de,1
sozi…,sozi…,ORG,0.0,0.0,de,1
europäischer Nato-Staaten,europäischer Nato-Staaten,ORG,-0.7,0.0,de,1
Organisation für das Verbot von Chemiewaffen,Organisation für das Verbot von Chemiewaffen,ORG,0.0,0.0,de,1
Kreml Macron +++,Kreml Macron +++,ORG,0.0,0.0,de,1
Torezk…,Torezk…,ORG,0.0,0.0,de,1
Formel-1-Finale,Formel-1-Finale,ORG,0.7,0.0,de,1
Europäische Friedenstruppen,Europäische Friedenstruppen,ORG,-0.5,0.0,de,1
Baschar al-Assad,Baschar al-Assad,ORG,-1.0,0.0,de,1
Militär…,Militär…,ORG,0.0,0.0,de,1
Lief…,Lief…,ORG,0.0,0.0,de,1
US-Fernsehen,US-Fernsehen,ORG,0.0,0.0,de,1
Aufsehe…,Aufsehe…,ORG,0.0,0.0,de,1
Unterstützer +++,Unterstützer +++,ORG,0.0,0.0,de,1
EQ,EQ,ORG,0.0,0.0,de,1
Russland Nordkorea,Russland Nordkorea,ORG,0.7,0.0,de,1
Draghi-Report,Draghi-Report,ORG,0.0,0.0,de,1
Draghis EU-Vision,Draghis EU-Vision,ORG,0.0,0.0,de,1
JSA,JSA,ORG,0.0,0.0,de,1
Survival-Actionspiel Enshrouded,Survival-Actionspiel Enshrouded,ORG,0.0,0.0,de,1
US-Taskforce,US-Taskforce,ORG,0.0,0.0,de,1
Speicherchips,Speicherchips,ORG,0.0,0.0,de,1
Technologiekonzern Maxar,Technologiekonzern Maxar,ORG,0.0,0.0,de,1
Satellitenbildservice Glob…,Satellitenbildservice Glob…,ORG,0.0,0.0,de,1
wac…,wac…,ORG,0.0,0.0,de,1
US-Sonderbeauftragten,US-Sonderbeauftragten,ORG,0.0,0.0,de,1
Weidels Selenskyj-Kritik + Trumps Russland-Sanktionen,Weidels Selenskyj-Kritik + Trumps Russland-Sanktionen,ORG,0.0,0.0,de,1
Weidels Selenskyj-Kritik + Trumps,Weidels Selenskyj-Kritik + Trumps,ORG,0.0,0.0,de,1
Ficos Russland-Kurs,Ficos Russland-Kurs,ORG,0.0,0.0,de,1
US-Sonderbeauftragten +++,US-Sonderbeauftragten +++,ORG,0.0,0.0,de,1
Saudi-Arabien +++ Frankreich,Saudi-Arabien +++ Frankreich,ORG,0.7,0.0,de,1
CDU-Parteibuch leit…,CDU-Parteibuch leit…,ORG,0.0,0.0,de,1
US-Publizist,US-Publizist,ORG,0.0,0.0,de,1
Massiver Russen-Beschuss,Massiver Russen-Beschuss,ORG,-0.15000000000000002,0.0,de,1
Industriestaate…,Industriestaate…,ORG,0.0,0.0,de,1
AI-Entwicklung,AI-Entwicklung,ORG,0.0,0.0,de,1
Rändern,Rändern,ORG,0.0,0.0,de,1
EQ Technologie,EQ Technologie,ORG,0.0,0.0,de,1
NATO-Beitritt ++,NATO-Beitritt ++,ORG,0.0,0.0,de,1
US-Systemen,US-Systemen,ORG,-0.15000000000000002,0.0,de,1
US-Frühwarnsysteme,US-Frühwarnsysteme,ORG,0.0,0.0,de,1
See-Überwachungsdrohnen +++,See-Überwachungsdrohnen +++,ORG,0.0,0.0,de,1
Eurobonds +++,Eurobonds +++,ORG,0.0,0.0,de,1
Schwedens Regierung,Schwedens Regierung,ORG,0.0,0.0,de,1
Druschba-Pipeline +++,Druschba-Pipeline +++,ORG,0.0,0.0,de,1
Airbus-Rüstungschef,Airbus-Rüstungschef,ORG,0.0,0.0,de,1
Unterhaus des Parlaments,Unterhaus des Parlaments,ORG,0.0,0.0,de,1
Defense News,Defense News,ORG,0.0,0.0,de,1
Langlaufclub Studen,Langlaufclub Studen,ORG,0.7,0.0,de,1
Selenskyj“,Selenskyj“,ORG,0.0,0.0,de,1
Zentrum für Wirtschaftsstrategie,Zentrum für Wirtschaftsstrategie,ORG,0.0,0.0,de,1
anerkenn…,anerkenn…,ORG,0.0,0.0,de,1
Normalitä…,Normalitä…,ORG,0.0,0.0,de,1
Premiermin…,Premiermin…,ORG,0.0,0.0,de,1
RB Leipzig“,RB Leipzig“,ORG,0.0,0.0,de,1
ABC-Ticket,ABC-Ticket,ORG,0.7,0.0,de,1
Einbrecher d…,Einbrecher d…,ORG,0.0,0.0,de,1
Fa…,Fa…,ORG,0.7,0.0,de,1
03.03.2025,03.03.2025,ORG,0.35,0.0,de,1
Kriegs +++ Kiews,Kriegs +++ Kiews,ORG,0.0,0.0,de,1
Tisch +++,Tisch +++,ORG,0.0,0.0,de,1
Olexandr Prokudin,Olexandr Prokudin,ORG,0.0,0.0,de,1
niederländische Polizei,niederländische Polizei,ORG,0.0,0.0,de,1
Volkswagen …,Volkswagen …,ORG,0.0,0.0,de,1
sozialdemokrat…,sozialdemokrat…,ORG,0.0,0.0,de,1
Gaza +++ Israel,Gaza +++ Israel,ORG,0.0,0.0,de,1
US-Militärhilfe +++,US-Militärhilfe +++,ORG,0.7,0.0,de,1
Softdrinks,Softdrinks,ORG,0.0,0.0,de,1
Vollzu…,Vollzu…,ORG,0.0,0.0,de,1
Ukraine vo…,Ukraine vo…,ORG,0.0,0.0,de,1
EU-Politikerinnen,EU-Politikerinnen,ORG,0.0,0.0,de,1
Genozid-Vorwurf +++,Genozid-Vorwurf +++,ORG,0.7,0.0,de,1
Leih-Loch!,Leih-Loch!,ORG,0.0,0.0,de,1
Tagesspiegel-App Aktuelle,Tagesspiegel-App Aktuelle,ORG,0.0,0.0,de,1
Russland-Expertin Sabine Fischer,Russland-Expertin Sabine Fischer,ORG,0.0,0.0,de,1
Wettbe…,Wettbe…,ORG,0.0,0.0,de,1
La,La,ORG,0.0,0.0,de,1
los,los,ORG,-1.0,0.0,de,1
Academy of Motion Pictur…,Academy of Motion Pictur…,ORG,0.0,0.0,de,1
Fox,Fox,ORG,0.0,0.0,de,1
Luftwaffenbasis ++,Luftwaffenbasis ++,ORG,0.0,0.0,de,1
Tisch +++ Selenskyj,Tisch +++ Selenskyj,ORG,0.0,0.0,de,1
deutschen Alfred-Wegener-Instituts,deutschen Alfred-Wegener-Instituts,ORG,0.0,0.0,de,1
Independent-Kino!,Independent-Kino!,ORG,0.0,0.0,de,1
Exxon-Lobbyisten,Exxon-Lobbyisten,ORG,0.0,0.0,de,1
gesproc…,gesproc…,ORG,-0.3333333333333333,0.0,de,1
EU-Friedenstruppen,EU-Friedenstruppen,ORG,0.0,0.0,de,1
Taliban</li></ol,Taliban</li></ol,ORG,0.0,0.0,de,1
Finanz-Derivaten,Finanz-Derivaten,ORG,-1.0,0.0,de,1
w…,w…,ORG,0.0,0.0,de,1
Dell,Dell,ORG,0.0,0.0,de,1
Finanz-Vorhaben von Union,Finanz-Vorhaben von Union,ORG,0.0,0.0,de,1
wuse…,wuse…,ORG,0.0,0.0,de,1
Libanon +++ Hamas,Libanon +++ Hamas,ORG,-1.0,0.0,de,1
Antr…,Antr…,ORG,0.0,0.0,de,1
USA +++ Scholz,USA +++ Scholz,ORG,0.7,0.0,de,1
Wohnmobil-Herstellers,Wohnmobil-Herstellers,ORG,0.0,0.0,de,1
Die Institute,Die Institute,ORG,0.0,0.0,de,1
CDU-Chef fü…,CDU-Chef fü…,ORG,0.7,0.0,de,1
US-Waffenhersteller,US-Waffenhersteller,ORG,0.0,0.0,de,1
Kursk +++ alle Entwicklung…,Kursk +++ alle Entwicklung…,ORG,-1.0,0.0,de,1
Frankf…,Frankf…,ORG,0.0,0.0,de,1
RB Leizpig,RB Leizpig,ORG,0.0,0.0,de,1
US-Parl,US-Parl,ORG,0.0,0.0,de,1
eisi…,eisi…,ORG,0.0,0.0,de,1
Genozid-Vorwurf,Genozid-Vorwurf,ORG,0.0,0.0,de,1
Sond…,Sond…,ORG,0.0,0.0,de,1
Nestlés Standorte,Nestlés Standorte,ORG,0.0,0.0,de,1
Rote Armee Berlin,Rote Armee Berlin,ORG,0.0,0.0,de,1
OMR Podcast,OMR Podcast,ORG,0.0,0.0,de,1
NGO-Industrie,NGO-Industrie,ORG,0.0,0.0,de,1
Ostse…,Ostse…,ORG,0.7,0.0,de,1
Rostelecom,Rostelecom,ORG,0.0,0.0,de,1
Bed and Breakfas…,Bed and Breakfas…,ORG,0.0,0.0,de,1
"New York Post"" offe…","New York Post"" offe…",ORG,0.0,0.0,de,1
“ +++ Selenskyj,“ +++ Selenskyj,ORG,0.7,0.0,de,1
Langarm-Baselayer-Shirts,Langarm-Baselayer-Shirts,ORG,0.0,0.0,de,1
SPD-Landtagsfraktion,SPD-Landtagsfraktion,ORG,0.0,0.0,de,1
Verteidigungsa…,Verteidigungsa…,ORG,0.0,0.0,de,1
Leyen Milliarden für Waffen,Leyen Milliarden für Waffen,ORG,0.0,0.0,de,1
Gaza-Verwaltung +,Gaza-Verwaltung +,ORG,-1.0,0.0,de,1
NATO-Austritt,NATO-Austritt,ORG,0.0,0.0,de,1
Exklusiv!,Exklusiv!,ORG,0.0,0.0,de,1
Brati…,Brati…,ORG,-0.7,0.0,de,1
Fußball-Drittligist Hansa Rostock,Fußball-Drittligist Hansa Rostock,ORG,-1.0,0.0,de,1
unlän…,unlän…,ORG,0.0,0.0,de,1
ESC-Konkurrenz,ESC-Konkurrenz,ORG,-0.7,0.0,de,1
Gebieten +++ Ukraine,Gebieten +++ Ukraine,ORG,0.7,0.0,de,1
Poletto,Poletto,ORG,0.0,0.0,de,1
Ukraine h,Ukraine h,ORG,0.0,0.0,de,1
Fußball-Bundesligisten RB Leipzig,Fußball-Bundesligisten RB Leipzig,ORG,-0.15000000000000002,0.0,de,1
Bundesverbandes der Deutschen Sicherheits- und Verteidigungsindustrie,Bundesverbandes der Deutschen Sicherheits- und Verteidigungsindustrie,ORG,0.0,0.0,de,1
Sabotage +++,Sabotage +++,ORG,0.0,0.0,de,1
Amazon-Abonnenten,Amazon-Abonnenten,ORG,0.0,0.0,de,1
Atlético-Fans!,Atlético-Fans!,ORG,1.0,0.0,de,1
Atlético Madrid,Atlético Madrid,ORG,1.0,0.0,de,1
Ausg…,Ausg…,ORG,0.0,0.0,de,1
FSB-Kontakten,FSB-Kontakten,ORG,0.0,0.0,de,1
Flugdatenschreiber…,Flugdatenschreiber…,ORG,0.0,0.0,de,1
Arsch!,Arsch!,ORG,0.0,0.0,de,1
Gou…,Gou…,ORG,0.0,0.0,de,1
hoffen +++ Kallas,hoffen +++ Kallas,ORG,0.7,0.0,de,1
Trump-Truppenhammer!,Trump-Truppenhammer!,ORG,0.0,0.0,de,1
Rüstungsli…,Rüstungsli…,ORG,0.0,0.0,de,1
Oulu-Universität,Oulu-Universität,ORG,0.0,0.0,de,1
Friedensforschungsinstit…,Friedensforschungsinstit…,ORG,1.0,0.0,de,1
Klima-Förderung,Klima-Förderung,ORG,0.0,0.0,de,1
Fehlern…,Fehlern…,ORG,0.0,0.0,de,1
Ampel-Koalition …,Ampel-Koalition …,ORG,0.0,0.0,de,1
Medion,Medion,ORG,0.0,0.0,de,1
Reze…,Reze…,ORG,0.35,0.0,de,1
Gewerkschaft IG Metall,Gewerkschaft IG Metall,ORG,0.0,0.0,de,1
Polizei Streifenwagen,Polizei Streifenwagen,ORG,0.0,0.0,de,1
Waffenstills…,Waffenstills…,ORG,0.0,0.0,de,1
DHL-Flugzeug,DHL-Flugzeug,ORG,0.0,0.0,de,1
Costa,Costa,ORG,0.7,0.0,de,1
Ukaine-USA,Ukaine-USA,ORG,0.0,0.0,de,1
"Kiew 
","Kiew 
",ORG,0.0,0.0,de,1
Russland Chips,Russland Chips,ORG,-1.0,0.0,de,1
Iris-T +++,Iris-T +++,ORG,0.0,0.0,de,1
Fernduell a…,Fernduell a…,ORG,0.7,0.0,de,1
BAFzA,BAFzA,ORG,0.0,0.0,de,1
Kreml-Streit…,Kreml-Streit…,ORG,0.0,0.0,de,1
Black Friday 90 Euro,Black Friday 90 Euro,ORG,0.7,0.0,de,1
Klima-Korrektur,Klima-Korrektur,ORG,0.0,0.0,de,1
Wegener Center,Wegener Center,ORG,0.0,0.0,de,1
Bundesamt für Familie und zivilgesellschaftliche Aufgaben,Bundesamt für Familie und zivilgesellschaftliche Aufgaben,ORG,0.0,0.0,de,1
Ukraine-Unterstützung +++ Merkel,Ukraine-Unterstützung +++ Merkel,ORG,0.7,0.0,de,1
RedaktionsNetzwerk…,RedaktionsNetzwerk…,ORG,0.0,0.0,de,1
Hochschule,Hochschule,ORG,0.0,0.0,de,1
Rutte …,Rutte …,ORG,0.0,0.0,de,1
Gewinner +++,Gewinner +++,ORG,0.7,0.0,de,1
EU-Gesetzgeber,EU-Gesetzgeber,ORG,-1.0,0.0,de,1
Blue Economy,Blue Economy,ORG,0.0,0.0,de,1
Dominik G…,Dominik G…,ORG,1.0,0.0,de,1
Fire-TV-Konkurrenten,Fire-TV-Konkurrenten,ORG,0.0,0.0,de,1
gesundheitsschädli…,gesundheitsschädli…,ORG,-1.0,0.0,de,1
Staatsregister ++,Staatsregister ++,ORG,0.0,0.0,de,1
++ Russischer Cyber-Angriff,++ Russischer Cyber-Angriff,ORG,0.0,0.0,de,1
EU Sanktionen und Exportbeschränkungen,EU Sanktionen und Exportbeschränkungen,ORG,0.0,0.0,de,1
Sulli…,Sulli…,ORG,0.0,0.0,de,1
Waffenruhe + Scholz,Waffenruhe + Scholz,ORG,0.0,0.0,de,1
Moskau k…,Moskau k…,ORG,-1.0,0.0,de,1
Iranische Regierung,Iranische Regierung,ORG,0.0,0.0,de,1
Technischen Hochschule in,Technischen Hochschule in,ORG,0.0,0.0,de,1
Waffenruhe + Der Nachrichtenüberblick,Waffenruhe + Der Nachrichtenüberblick,ORG,0.0,0.0,de,1
Ford-Versammlung,Ford-Versammlung,ORG,0.0,0.0,de,1
russischen Vormarsches,russischen Vormarsches,ORG,0.0,0.0,de,1
Homematic IP Smart-Home-Set,Homematic IP Smart-Home-Set,ORG,0.0,0.0,de,1
Jabloko-Partei für Frieden,Jabloko-Partei für Frieden,ORG,0.0,0.0,de,1
LFCS-Vorbereitung,LFCS-Vorbereitung,ORG,0.0,0.0,de,1
Wahlkampf +++ Norwegen,Wahlkampf +++ Norwegen,ORG,-0.7,0.0,de,1
Waffenstillstands +++,Waffenstillstands +++,ORG,0.7,0.0,de,1
Ukraine“,Ukraine“,ORG,0.7,0.0,de,1
zutr…,zutr…,ORG,0.0,0.0,de,1
US-Geheimdiensten hoffen +++,US-Geheimdiensten hoffen +++,ORG,0.85,0.0,de,1
Schönheitssalon Pretty Woman Ltd,Schönheitssalon Pretty Woman Ltd,ORG,1.0,0.0,de,1
Smart Tags,Smart Tags,ORG,0.7,0.0,de,1
F.A.Z.-Jahresrückblick,F.A.Z.-Jahresrückblick,ORG,0.0,0.0,de,1
SSV Ulm,SSV Ulm,ORG,0.0,0.0,de,1
Air,Air,ORG,1.0,0.0,de,1
+++ RTL Deutschland,+++ RTL Deutschland,ORG,0.0,0.0,de,1
politi…,politi…,ORG,0.0,0.0,de,1
LIVE!,LIVE!,ORG,0.0,0.0,de,1
Butter-Preiskampf,Butter-Preiskampf,ORG,0.0,0.0,de,1
Champions-League-Überraschungskandidat Mainz 05,Champions-League-Überraschungskandidat Mainz 05,ORG,0.0,0.0,de,1
Haidara,Haidara,ORG,0.0,0.0,de,1
Borussia Dortmund patzt,Borussia Dortmund patzt,ORG,-0.7,0.0,de,1
Asics,Asics,ORG,0.0,0.0,de,1
beiDouble-Sieger Leverkusen,beiDouble-Sieger Leverkusen,ORG,0.7,0.0,de,1
World Economic Forums,World Economic Forums,ORG,0.0,0.0,de,1
Brüssel ++,Brüssel ++,ORG,0.0,0.0,de,1
Scuderia,Scuderia,ORG,0.85,0.0,de,1
Intel-CEO,Intel-CEO,ORG,0.0,0.0,de,1
MH,MH,ORG,0.0,0.0,de,1
Ex-Schalke-Stürmer,Ex-Schalke-Stürmer,ORG,-1.0,0.0,de,1
Dnipro…,Dnipro…,ORG,0.0,0.0,de,1
EU-Aufnahme,EU-Aufnahme,ORG,0.0,0.0,de,1
Partei Einiges Russland,Partei Einiges Russland,ORG,0.0,0.0,de,1
internationalen G…,internationalen G…,ORG,0.0,0.0,de,1
Zentrum Luftoperationen in Kalkar-U…,Zentrum Luftoperationen in Kalkar-U…,ORG,0.0,0.0,de,1
Militärhi…,Militärhi…,ORG,0.0,0.0,de,1
Russlands Präsid,Russlands Präsid,ORG,0.0,0.0,de,1
Der Linke,Der Linke,ORG,0.0,0.0,de,1
Betrieb +++,Betrieb +++,ORG,0.0,0.0,de,1
Kiel Instit…,Kiel Instit…,ORG,0.5,0.0,de,1
Dobropillja,Dobropillja,ORG,-0.85,0.0,de,1
Berlinern,Berlinern,ORG,0.0,0.0,de,1
zweiten Fußball-Bundesliga,zweiten Fußball-Bundesliga,ORG,1.0,0.0,de,1
Ukraine & Partei,Ukraine & Partei,ORG,0.0,0.0,de,1
PR-Veranstaltung,PR-Veranstaltung,ORG,0.0,0.0,de,1
++ NATO-Treffen,++ NATO-Treffen,ORG,0.0,0.0,de,1
Hanser Verlag,Hanser Verlag,ORG,0.0,0.0,de,1
Heide erricht…,Heide erricht…,ORG,0.0,0.0,de,1
Waffen +++ Frankreich,Waffen +++ Frankreich,ORG,0.7,0.0,de,1
CO-Flottenzi,CO-Flottenzi,ORG,0.0,0.0,de,1
Flottengrenzwerten,Flottengrenzwerten,ORG,0.0,0.0,de,1
Die britische Regierung,Die britische Regierung,ORG,-0.15000000000000002,0.0,de,1
++ Erste,++ Erste,ORG,0.0,0.0,de,1
ÖVP Schlüsselressorts,ÖVP Schlüsselressorts,ORG,0.0,0.0,de,1
Energiewend…,Energiewend…,ORG,0.7,0.0,de,1
and…,and…,ORG,0.0,0.0,de,1
Kanadas,Kanadas,ORG,0.0,0.0,de,1
Wiener Instituts…,Wiener Instituts…,ORG,0.0,0.0,de,1
Solar-Unternehmens Enpal,Solar-Unternehmens Enpal,ORG,0.0,0.0,de,1
Ukraine gemeins…,Ukraine gemeins…,ORG,1.0,0.0,de,1
KI-Chefs,KI-Chefs,ORG,0.0,0.0,de,1
bayerischen Industrie- und Handelskammern,bayerischen Industrie- und Handelskammern,ORG,0.0,0.0,de,1
Waffen +++,Waffen +++,ORG,0.7,0.0,de,1
Telegramkanal Shot,Telegramkanal Shot,ORG,0.0,0.0,de,1
Trudeau-Nachfolge,Trudeau-Nachfolge,ORG,0.0,0.0,de,1
Bundesligist,Bundesligist,ORG,0.0,0.0,de,1
Zentrum für Sicherheitspolitik,Zentrum für Sicherheitspolitik,ORG,0.0,0.0,de,1
Gewerkschaft Reallohnverluste,Gewerkschaft Reallohnverluste,ORG,0.85,0.0,de,1
Kanzlers +,Kanzlers +,ORG,0.6999999999999998,0.0,de,1
Europäischer Gerichtshof,Europäischer Gerichtshof,ORG,0.7,0.0,de,1
Genfer Institut,Genfer Institut,ORG,0.0,0.0,de,1
Europäische Gerichtshof,Europäische Gerichtshof,ORG,0.0,0.0,de,1
Baseba…,Baseba…,ORG,0.0,0.0,de,1
US-Einladung für Russlands,US-Einladung für Russlands,ORG,0.0,0.0,de,1
aktue…,aktue…,ORG,0.0,0.0,de,1
Schuld,Schuld,ORG,0.0,0.0,de,1
Wärmepumpe Deutschland,Wärmepumpe Deutschland,ORG,0.0,0.0,de,1
Fass…,Fass…,ORG,0.7,0.0,de,1
deutschen Meister,deutschen Meister,ORG,0.0,0.0,de,1
Hertha-Krise,Hertha-Krise,ORG,-0.7,0.0,de,1
Situat…,Situat…,ORG,0.0,0.0,de,1
Drittligisten,Drittligisten,ORG,0.15000000000000002,0.0,de,1
syrischen Armee,syrischen Armee,ORG,0.7,0.0,de,1
RTP,RTP,ORG,0.0,0.0,de,1
appell…,appell…,ORG,0.0,0.0,de,1
Paramount+,Paramount+,ORG,0.7,0.0,de,1
SK Rapid,SK Rapid,ORG,0.0,0.0,de,1
Unterstützer,Unterstützer,ORG,0.0,0.0,de,1
Bundesverbands der Deutschen…,Bundesverbands der Deutschen…,ORG,0.0,0.0,de,1
Bundesweh…,Bundesweh…,ORG,-0.7,0.0,de,1
Teams Hamburg,Teams Hamburg,ORG,0.0,0.0,de,1
US-Rakete,US-Rakete,ORG,-1.0,0.0,de,1
DIW-Kurzanalyse,DIW-Kurzanalyse,ORG,0.0,0.0,de,1
DGB-Demonstration,DGB-Demonstration,ORG,0.0,0.0,de,1
Dänemarks Regierung,Dänemarks Regierung,ORG,1.0,0.0,de,1
GNTM,GNTM,ORG,0.0,0.0,de,1
Konstrukti…,Konstrukti…,ORG,0.0,0.0,de,1
CO-Zeichen,CO-Zeichen,ORG,0.0,0.0,de,1
Heidis Model,Heidis Model,ORG,0.0,0.0,de,1
Heidis Boys,Heidis Boys,ORG,0.0,0.0,de,1
Baath-Partei,Baath-Partei,ORG,-0.5249999999999999,0.0,de,1
Polizei e,Polizei e,ORG,0.0,0.0,de,1
VW-Luxuslimousine,VW-Luxuslimousine,ORG,0.0,0.0,de,1
Paradox,Paradox,ORG,0.0,0.0,de,1
Noctua,Noctua,ORG,0.0,0.0,de,1
brandenburgische Union,brandenburgische Union,ORG,1.0,0.0,de,1
Migrationsgeset…,Migrationsgeset…,ORG,0.0,0.0,de,1
Demok…,Demok…,ORG,-0.5,0.0,de,1
europäischen Nato-Ländern,europäischen Nato-Ländern,ORG,0.0,0.0,de,1
Heizkostenabrechnu…,Heizkostenabrechnu…,ORG,0.0,0.0,de,1
Juve,Juve,ORG,0.0,0.0,de,1
Online-TV,Online-TV,ORG,0.0,0.0,de,1
Europa los!,Europa los!,ORG,0.0,0.0,de,1
shock and awe,shock and awe,ORG,0.0,0.0,de,1
Politikwis…,Politikwis…,ORG,0.0,0.0,de,1
Klima-Champion,Klima-Champion,ORG,0.0,0.0,de,1
Auto & Co,Auto & Co,ORG,0.0,0.0,de,1
Goldrally,Goldrally,ORG,0.0,0.0,de,1
Heidis Männermodels,Heidis Männermodels,ORG,0.0,0.0,de,1
joyn…,joyn…,ORG,0.0,0.0,de,1
FOCUS online Tipps,FOCUS online Tipps,ORG,0.7,0.0,de,1
Nature Co…,Nature Co…,ORG,0.0,0.0,de,1
Octopus Energy Spielraum für Entlastungen,Octopus Energy Spielraum für Entlastungen,ORG,-0.7,0.0,de,1
Onlinekanal Telegram,Onlinekanal Telegram,ORG,0.0,0.0,de,1
Anti-Terror-Staatsanwaltschaft,Anti-Terror-Staatsanwaltschaft,ORG,0.0,0.0,de,1
russischen Parlament,russischen Parlament,ORG,0.7,0.0,de,1
Karpfenteichwi…,Karpfenteichwi…,ORG,1.0,0.0,de,1
russischen Ermittlungskomitees,russischen Ermittlungskomitees,ORG,0.0,0.0,de,1
University of Queensland,University of Queensland,ORG,0.0,0.0,de,1
Russland-Uk…,Russland-Uk…,ORG,0.0,0.0,de,1
CO₂-Verursacher,CO₂-Verursacher,ORG,0.0,0.0,de,1
Öste…,Öste…,ORG,0.0,0.0,de,1
SDF-Milizen,SDF-Milizen,ORG,0.0,0.0,de,1
Regionalleitstelle Lausitz,Regionalleitstelle Lausitz,ORG,0.0,0.0,de,1
++ Costa,++ Costa,ORG,0.0,0.0,de,1
US-Sonder…,US-Sonder…,ORG,0.0,0.0,de,1
Nieselrege…,Nieselrege…,ORG,-0.7,0.0,de,1
Instituts für Wirtschaftsforschung Kiel,Instituts für Wirtschaftsforschung Kiel,ORG,0.0,0.0,de,1
Boston Dynamics Roboterhund,Boston Dynamics Roboterhund,ORG,0.0,0.0,de,1
Putins Ukraine-Forderungen,Putins Ukraine-Forderungen,ORG,0.0,0.0,de,1
Waipu.tv,Waipu.tv,ORG,1.0,0.0,de,1
NATO-Generalsekretär Rutte,NATO-Generalsekretär Rutte,ORG,0.0,0.0,de,1
Automobilkonzern Mercedes,Automobilkonzern Mercedes,ORG,-0.7,0.0,de,1
Reisenden +++ Rapider Methan-Anstieg +++ Alarmierende „Vital“-Daten der Erde +++ Rekordwetter,Reisenden +++ Rapider Methan-Anstieg +++ Alarmierende „Vital“-Daten der Erde +++ Rekordwetter,ORG,0.7,0.0,de,1
Zeit der Welt,Zeit der Welt,ORG,0.0,0.0,de,1
Feiertage,Feiertage,ORG,0.0,0.0,de,1
Klimakri…,Klimakri…,ORG,0.0,0.0,de,1
US-Krankenversicherung,US-Krankenversicherung,ORG,-1.0,0.0,de,1
Stadtrivale United,Stadtrivale United,ORG,-0.7,0.0,de,1
Instituts für Wirtschaftsforschung Kiel…,Instituts für Wirtschaftsforschung Kiel…,ORG,1.0,0.0,de,1
europäischen…,europäischen…,ORG,0.0,0.0,de,1
Anwä…,Anwä…,ORG,0.0,0.0,de,1
Universität Stuttgart,Universität Stuttgart,ORG,0.0,0.0,de,1
Internationalen Zentrum für Kultur- und Technikforschung,Internationalen Zentrum für Kultur- und Technikforschung,ORG,0.0,0.0,de,1
Nationalversammlu…,Nationalversammlu…,ORG,0.0,0.0,de,1
Kiew +++ US-Gesandter,Kiew +++ US-Gesandter,ORG,0.2333333333333333,0.0,de,1
ego death capital,ego death capital,ORG,0.7,0.0,de,1
Riad +++ Macron,Riad +++ Macron,ORG,0.2333333333333333,0.0,de,1
IfW…,IfW…,ORG,0.0,0.0,de,1
Steinmeier +++ Russische Drohne,Steinmeier +++ Russische Drohne,ORG,-0.7,0.0,de,1
Eskalation +,Eskalation +,ORG,0.7,0.0,de,1
Scholz ++,Scholz ++,ORG,0.0,0.0,de,1
Trump sc,Trump sc,ORG,0.0,0.0,de,1
++ Kallas,++ Kallas,ORG,0.0,0.0,de,1
Netflix-Filmcharts,Netflix-Filmcharts,ORG,0.0,0.0,de,1
Kleinwagens!,Kleinwagens!,ORG,0.0,0.0,de,1
Südukraine +++,Südukraine +++,ORG,0.0,0.0,de,1
Zentralrussland +++,Zentralrussland +++,ORG,0.0,0.0,de,1
US-Bevöl…,US-Bevöl…,ORG,0.0,0.0,de,1
Präsidentschaftswahl +++,Präsidentschaftswahl +++,ORG,0.0,0.0,de,1
Polizei nann…,Polizei nann…,ORG,0.0,0.0,de,1
McKinsey,McKinsey,ORG,-1.0,0.0,de,1
Bundesweite FFF-Demos,Bundesweite FFF-Demos,ORG,0.0,0.0,de,1
US-Präs,US-Präs,ORG,0.0,0.0,de,1
Asylbewerber +++ Mediziner,Asylbewerber +++ Mediziner,ORG,-1.0,0.0,de,1
Moskaue…,Moskaue…,ORG,0.0,0.0,de,1
Lieferwege für Waffen +++ Grüne,Lieferwege für Waffen +++ Grüne,ORG,-1.0,0.0,de,1
Rheinmetall AG,Rheinmetall AG,ORG,0.0,0.0,de,1
Knieperteich…,Knieperteich…,ORG,0.0,0.0,de,1
+++ Insolvenzen,+++ Insolvenzen,ORG,0.0,0.0,de,1
Ticker +++ -,Ticker +++ -,ORG,0.0,0.0,de,1
Islamisten-Anschlag von Solingen,Islamisten-Anschlag von Solingen,ORG,0.0,0.0,de,1
XI ZR…,XI ZR…,ORG,-0.7,0.0,de,1
Universität …,Universität …,ORG,0.0,0.0,de,1
entschiede…,entschiede…,ORG,0.0,0.0,de,1
Priorität +++,Priorität +++,ORG,0.0,0.0,de,1
US-Lehrer,US-Lehrer,ORG,0.0,0.0,de,1
Finanz-Diva Katja Eckardt,Finanz-Diva Katja Eckardt,ORG,0.0,0.0,de,1
Verdrän…,Verdrän…,ORG,0.7,0.0,de,1
Tesla-Fabrik,Tesla-Fabrik,ORG,0.0,0.0,de,1
Witalij Bunetsch…,Witalij Bunetsch…,ORG,-1.0,0.0,de,1
"Link
Europa","Link
Europa",ORG,-0.7,0.0,de,1
europäische Armee +++ Ukrainischer Präsident,europäische Armee +++ Ukrainischer Präsident,ORG,0.85,0.0,de,1
www.rusemb.at,www.rusemb.at,ORG,0.0,0.0,de,1
Hochschulen,Hochschulen,ORG,0.0,0.0,de,1
Berliner Wärmeplanung …,Berliner Wärmeplanung …,ORG,0.0,0.0,de,1
Gaza-Stadt +++ Huthis,Gaza-Stadt +++ Huthis,ORG,-0.15000000000000002,0.0,de,1
Sanktionspaket…,Sanktionspaket…,ORG,0.0,0.0,de,1
GameStar Tech,GameStar Tech,ORG,0.7,0.0,de,1
E-Fuel-Branche trollt Elektro-Konzern Volkswagen,E-Fuel-Branche trollt Elektro-Konzern Volkswagen,ORG,0.7,0.0,de,1
FSV Mainz 05,FSV Mainz 05,ORG,0.0,0.0,de,1
österreichischen Erstligisten,österreichischen Erstligisten,ORG,0.0,0.0,de,1
Falsch!,Falsch!,ORG,-1.0,0.0,de,1
FC Heidenheim,FC Heidenheim,ORG,-0.7,0.0,de,1
TV-Quadrell,TV-Quadrell,ORG,0.0,0.0,de,1
deutsche Rüstungsboom,deutsche Rüstungsboom,ORG,0.0,0.0,de,1
Kiew +++ Frankreich,Kiew +++ Frankreich,ORG,0.7,0.0,de,1
Befehlsha…,Befehlsha…,ORG,0.0,0.0,de,1
"Gesellschaft"" - Flüchtling","Gesellschaft"" - Flüchtling",ORG,0.0,0.0,de,1
Spitzenkandidat der Grünen,Spitzenkandidat der Grünen,ORG,0.0,0.0,de,1
unt…,unt…,ORG,0.0,0.0,de,1
Polizei Vorwürfe,Polizei Vorwürfe,ORG,0.0,0.0,de,1
VfB Stuttgart,VfB Stuttgart,ORG,0.0,0.0,de,1
Gewalttätige Polizei,Gewalttätige Polizei,ORG,-1.0,0.0,de,1
Wolodymyr Se,Wolodymyr Se,ORG,0.0,0.0,de,1
Energie-Infrastruktur des Nachbarlandes,Energie-Infrastruktur des Nachbarlandes,ORG,0.0,0.0,de,1
FC ,FC ,ORG,0.0,0.0,de,1
Celtic Glasgow,Celtic Glasgow,ORG,0.7,0.0,de,1
Raketenangriff +++ Drohnenangriffe,Raketenangriff +++ Drohnenangriffe,ORG,0.0,0.0,de,1
US-Ukra,US-Ukra,ORG,0.0,0.0,de,1
verhin…,verhin…,ORG,-1.0,0.0,de,1
UNO-Generalsekretär,UNO-Generalsekretär,ORG,-1.0,0.0,de,1
ÖFB-Team,ÖFB-Team,ORG,0.0,0.0,de,1
Commun…,Commun…,ORG,0.7,0.0,de,1
MAN Energy Solutions,MAN Energy Solutions,ORG,0.7,0.0,de,1
Ort +++ Israel,Ort +++ Israel,ORG,-0.15000000000000002,0.0,de,1
Chinas Außenminister +++ Moskau,Chinas Außenminister +++ Moskau,ORG,0.0,0.0,de,1
FC Erzgebirge Aue,FC Erzgebirge Aue,ORG,-1.0,0.0,de,1
Rekordzahl a,Rekordzahl a,ORG,0.0,0.0,de,1
gerat…,gerat…,ORG,0.0,0.0,de,1
Vereinten Nationen zusa…,Vereinten Nationen zusa…,ORG,0.0,0.0,de,1
Adygeja +++,Adygeja +++,ORG,0.0,0.0,de,1
EWP di…,EWP di…,ORG,0.0,0.0,de,1
NATO-Mitgliedsland Lettland,NATO-Mitgliedsland Lettland,ORG,0.0,0.0,de,1
F-16-Lieferung +++,F-16-Lieferung +++,ORG,0.7,0.0,de,1
Parlaments,Parlaments,ORG,0.0,0.0,de,1
Deutschen Gesellschaft für Os,Deutschen Gesellschaft für Os,ORG,0.0,0.0,de,1
Europa-Universität Viadrina,Europa-Universität Viadrina,ORG,0.0,0.0,de,1
Südkoreas Parlament,Südkoreas Parlament,ORG,0.0,0.0,de,1
HSV-Kritiker,HSV-Kritiker,ORG,0.0,0.0,de,1
NDTV,NDTV,ORG,-1.0,0.0,de,1
FOCUS-online-Ex…,FOCUS-online-Ex…,ORG,0.4666666666666666,0.0,de,1
Va…,Va…,ORG,-0.5,0.0,de,1
UNFPA,UNFPA,ORG,0.0,0.0,de,1
Yoons Partei,Yoons Partei,ORG,0.0,0.0,de,1
Behörde NSATU,Behörde NSATU,ORG,0.0,0.0,de,1
Turkmenistan,Turkmenistan,ORG,0.7,0.0,de,1
Meer +++,Meer +++,ORG,-1.0,0.0,de,1
Selenskyjs Trump-Deal,Selenskyjs Trump-Deal,ORG,0.0,0.0,de,1
Brasilianern,Brasilianern,ORG,0.0,0.0,de,1
Lieferkettengesetz,Lieferkettengesetz,ORG,0.0,0.0,de,1
Klima-Vorschriften,Klima-Vorschriften,ORG,0.0,0.0,de,1
europäische Kommission,europäische Kommission,ORG,-0.15000000000000002,0.0,de,1
EU-Lieferkettengesetzes,EU-Lieferkettengesetzes,ORG,-0.15000000000000002,0.0,de,1
totgesagte Linke,totgesagte Linke,ORG,0.0,0.0,de,1
Hertha-Angriff,Hertha-Angriff,ORG,1.0,0.0,de,1
Paris ++,Paris ++,ORG,0.0,0.0,de,1
West-Konzernen,West-Konzernen,ORG,-0.7,0.0,de,1
US-Präsidenten …,US-Präsidenten …,ORG,0.0,0.0,de,1
Flussthermie,Flussthermie,ORG,0.0,0.0,de,1
KY…,KY…,ORG,0.0,0.0,de,1
UN-Daten,UN-Daten,ORG,-0.7,0.0,de,1
PKK-Führer,PKK-Führer,ORG,0.0,0.0,de,1
deutschen Film-Legende,deutschen Film-Legende,ORG,0.0,0.0,de,1
Expansionsplän…,Expansionsplän…,ORG,0.0,0.0,de,1
BYDs,BYDs,ORG,0.0,0.0,de,1
Nato Security Assistance and Training for Ukraine,Nato Security Assistance and Training for Ukraine,ORG,0.0,0.0,de,1
Putin-Tattoo,Putin-Tattoo,ORG,0.0,0.0,de,1
Staaten der Europäischen Union,Staaten der Europäischen Union,ORG,0.0,0.0,de,1
Soldaten +++,Soldaten +++,ORG,0.0,0.0,de,1
Internationale Pressekommentare…,Internationale Pressekommentare…,ORG,0.0,0.0,de,1
Zentrum Seouls,Zentrum Seouls,ORG,0.0,0.0,de,1
Northvolt-Krise,Northvolt-Krise,ORG,-0.7,0.0,de,1
Batterieherstellers,Batterieherstellers,ORG,-0.7,0.0,de,1
De Standaard,De Standaard,ORG,1.0,0.0,de,1
Roten ⁠Meer,Roten ⁠Meer,ORG,0.7,0.0,de,1
Academy of Motion Picture Arts an,Academy of Motion Picture Arts an,ORG,0.0,0.0,de,1
unkontrolli…,unkontrolli…,ORG,-0.9,0.0,de,1
Handwerkspräsident…,Handwerkspräsident…,ORG,0.0,0.0,de,1
Ostsee +++ Russland,Ostsee +++ Russland,ORG,-0.15000000000000002,0.0,de,1
Heizungsgesetz-Abschaffung,Heizungsgesetz-Abschaffung,ORG,-0.7,0.0,de,1
Inwi…,Inwi…,ORG,0.0,0.0,de,1
Khamenei hoch +++,Khamenei hoch +++,ORG,0.7,0.0,de,1
KI-Fehler,KI-Fehler,ORG,0.0,0.0,de,1
US-Vize…,US-Vize…,ORG,0.0,0.0,de,1
Bremer Polizei,Bremer Polizei,ORG,0.0,0.0,de,1
FDP-Abgeordneten,FDP-Abgeordneten,ORG,0.0,0.0,de,1
FB Giorgi Danelia27.02.2025,FB Giorgi Danelia27.02.2025,ORG,0.0,0.0,de,1
UN-Bevölkerungsfonds,UN-Bevölkerungsfonds,ORG,0.0,0.0,de,1
Verantwortu…,Verantwortu…,ORG,0.0,0.0,de,1
Massnahmenzentrums,Massnahmenzentrums,ORG,0.0,0.0,de,1
Vorer…,Vorer…,ORG,0.0,0.0,de,1
gesunk…,gesunk…,ORG,0.0,0.0,de,1
unterschiedli…,unterschiedli…,ORG,0.0,0.0,de,1
Italiens Regierung,Italiens Regierung,ORG,0.7,0.0,,1
Atom-Kehrtwende!,Atom-Kehrtwende!,ORG,0.7,0.0,,1
Waffenruhe Waf…,Waffenruhe Waf…,ORG,0.0,0.0,de,1
Europäischen Union au…,Europäischen Union au…,ORG,0.0,0.0,de,1
Nestlés Russland-Geschäft,Nestlés Russland-Geschäft,ORG,0.0,0.0,de,1
Medizinkosten,Medizinkosten,ORG,0.7,0.0,de,1
Evangelisch-lutherischen Kirche in Norddeutschland,Evangelisch-lutherischen Kirche in Norddeutschland,ORG,0.0,0.0,de,1
Europäische Filmakademie am Samstagabend,Europäische Filmakademie am Samstagabend,ORG,0.0,0.0,de,1
EU-Ratspräsident Costa,EU-Ratspräsident Costa,ORG,0.0,0.0,de,1
IPCC-Arbeitsgruppe Klimaschutz,IPCC-Arbeitsgruppe Klimaschutz,ORG,0.0,0.0,de,1
Katastrophenschutz A,Katastrophenschutz A,ORG,0.0,0.0,de,1
IPBE…,IPBE…,ORG,-0.3333333333333333,0.0,de,1
direk…,direk…,ORG,1.0,0.0,de,1
Bergwerks Gorleben,Bergwerks Gorleben,ORG,0.0,0.0,de,1
Klimavorgaben für Neuwagen,Klimavorgaben für Neuwagen,ORG,0.0,0.0,de,1
Söder-Challenge,Söder-Challenge,ORG,0.0,0.0,de,1
Wendlan…,Wendlan…,ORG,0.0,0.0,de,1
Chega-Partei,Chega-Partei,ORG,0.7,0.0,de,1
portugiesische Chega-Partei,portugiesische Chega-Partei,ORG,-0.7,0.0,de,1
Trump-Drohungen,Trump-Drohungen,ORG,-1.0,0.0,de,1
Asy…,Asy…,ORG,0.0,0.0,de,1
Ukraine geford…,Ukraine geford…,ORG,0.0,0.0,de,1
… Union,… Union,ORG,0.0,0.0,de,1
UN-Sicherheitsrat für moskaufreundliche Ukraine-Resolution“,UN-Sicherheitsrat für moskaufreundliche Ukraine-Resolution“,ORG,0.0,0.0,de,1
Rad…,Rad…,ORG,0.0,0.0,de,1
blau-türkisen Verhandlungsprotokolls,blau-türkisen Verhandlungsprotokolls,ORG,0.0,0.0,de,1
American Football,American Football,ORG,0.0,0.0,de,1
Elektro-SUV,Elektro-SUV,ORG,0.1333333333333333,0.0,de,1
Sitzblockaden,Sitzblockaden,ORG,0.0,0.0,de,1
EU-Expansion,EU-Expansion,ORG,0.7,0.0,de,1
Northvolt-Krise für Grüne,Northvolt-Krise für Grüne,ORG,0.0,0.0,de,1
Daily Podcasts,Daily Podcasts,ORG,0.0,0.0,de,1
Ukraine +++ Explosion,Ukraine +++ Explosion,ORG,1.0,0.0,de,1
UN-Generaldebatte Russlands,UN-Generaldebatte Russlands,ORG,0.0,0.0,de,1
Marseille +++ EU,Marseille +++ EU,ORG,1.0,0.0,de,1
Ukraine ei,Ukraine ei,ORG,-1.0,0.0,de,1
mehrfa…,mehrfa…,ORG,0.0,0.0,de,1
Montagabend a,Montagabend a,ORG,0.0,0.0,de,1
Ukraine-Frage bemüh…,Ukraine-Frage bemüh…,ORG,-0.7,0.0,de,1
Duell Frankfurt,Duell Frankfurt,ORG,0.0,0.0,de,1
dire…,dire…,ORG,1.0,0.0,de,1
Aktion…,Aktion…,ORG,0.0,0.0,de,1
spü…,spü…,ORG,0.35,0.0,de,1
Friedensges…,Friedensges…,ORG,0.0,0.0,de,1
EU-Auflage,EU-Auflage,ORG,0.0,0.0,de,1
NDCs,NDCs,ORG,0.0,0.0,de,1
Idee fü…,Idee fü…,ORG,0.0,0.0,de,1
Hamas-Prozess,Hamas-Prozess,ORG,0.0,0.0,de,1
Wanderern,Wanderern,ORG,-0.7,0.0,de,1
Homs +++ Alle Entwicklungen,Homs +++ Alle Entwicklungen,ORG,1.0,0.0,de,1
TV-Ausblick,TV-Ausblick,ORG,0.0,0.0,de,1
ÖBB,ÖBB,ORG,0.0,0.0,de,1
EU-Vorschriten,EU-Vorschriten,ORG,0.0,0.0,de,1
Skandal-Flugzeugträgergruppe,Skandal-Flugzeugträgergruppe,ORG,-1.0,0.0,de,1
Resolution +++,Resolution +++,ORG,0.0,0.0,de,1
+++ Rebellen,+++ Rebellen,ORG,1.0,0.0,de,1
Nordkirche,Nordkirche,ORG,0.0,0.0,de,1
Schauspiele…,Schauspiele…,ORG,0.0,0.0,de,1
Waffenschmiede,Waffenschmiede,ORG,0.0,0.0,de,1
Dosenpfand,Dosenpfand,ORG,1.0,0.0,de,1
BER-Chefin,BER-Chefin,ORG,0.0,0.0,de,1
Ostregion,Ostregion,ORG,0.0,0.0,de,1
Wolfsburg VW,Wolfsburg VW,ORG,0.0,0.0,de,1
nationalen Klimapläne,nationalen Klimapläne,ORG,0.0,0.0,de,1
brüskiertAuch,brüskiertAuch,ORG,0.0,0.0,de,1
Assad-Porträt,Assad-Porträt,ORG,0.0,0.0,de,1
Spen…,Spen…,ORG,0.0,0.0,de,1
Gesch…,Gesch…,ORG,-0.7,0.0,de,1
Flixbus,Flixbus,ORG,-0.7,0.0,de,1
Kirchenbeitrags,Kirchenbeitrags,ORG,0.0,0.0,de,1
Research Lab für Nachhaltiges Baukulturelles Erbe,Research Lab für Nachhaltiges Baukulturelles Erbe,ORG,0.0,0.0,de,1
Ausbauziele für Solaranlagen und Batteriespeicher,Ausbauziele für Solaranlagen und Batteriespeicher,ORG,0.0,0.0,de,1
Stiftung SPI,Stiftung SPI,ORG,0.0,0.0,de,1
kunstvollsten Edelmetall- und K…,kunstvollsten Edelmetall- und K…,ORG,0.0,0.0,de,1
Legalität,Legalität,ORG,0.0,0.0,de,1
Donau-Uni Krems,Donau-Uni Krems,ORG,0.0,0.0,de,1
Nervengift-Anschlag,Nervengift-Anschlag,ORG,0.0,0.0,de,1
Drohnen-Produktion +++,Drohnen-Produktion +++,ORG,0.0,0.0,de,1
Lüc…,Lüc…,ORG,0.0,0.0,de,1
Isjum +++,Isjum +++,ORG,0.0,0.0,de,1
UN-Vollvers,UN-Vollvers,ORG,0.0,0.0,de,1
Deutschen Presse-Agentur dpa,Deutschen Presse-Agentur dpa,ORG,1.0,0.0,de,1
EU Nazi-Propaganda,EU Nazi-Propaganda,ORG,0.0,0.0,de,1
"Europäischen
","Europäischen
",ORG,0.0,0.0,de,1
ORF-Journalist,ORF-Journalist,ORG,0.0,0.0,de,1
Putins Partei,Putins Partei,ORG,0.0,0.0,de,1
Friedenstruppen +++,Friedenstruppen +++,ORG,0.0,0.0,de,1
Amerika…,Amerika…,ORG,0.0,0.0,de,1
Organisation Erdölexportierender Länder,Organisation Erdölexportierender Länder,ORG,0.0,0.0,de,1
ATACMS-Einsatz +++ Putin,ATACMS-Einsatz +++ Putin,ORG,0.0,0.0,de,1
Roland …,Roland …,ORG,0.0,0.0,de,1
zug…,zug…,ORG,-0.15000000000000002,0.0,de,1
Turkish Stream,Turkish Stream,ORG,-0.7,0.0,de,1
Think Tank,Think Tank,ORG,0.0,0.0,de,1
Friedenskanzler +++ Wadephul,Friedenskanzler +++ Wadephul,ORG,-0.15000000000000002,0.0,de,1
EU-Gasimporte,EU-Gasimporte,ORG,0.0,0.0,de,1
US-Druck +++  ,US-Druck +++  ,ORG,0.0,0.0,de,1
Xi +++,Xi +++,ORG,0.0,0.0,de,1
Vorsa…,Vorsa…,ORG,0.0,0.0,de,1
Nord-Stream-Pipelines +++,Nord-Stream-Pipelines +++,ORG,0.7,0.0,de,1
Türschloss Nuki Smart Lock Pro,Türschloss Nuki Smart Lock Pro,ORG,0.7,0.0,de,1
Konsequenzen für die Luftwaffe,Konsequenzen für die Luftwaffe,ORG,0.7,0.0,de,1
SC Freibu…,SC Freibu…,ORG,-0.7,0.0,de,1
Spitzenreiter FC Bayern,Spitzenreiter FC Bayern,ORG,0.0,0.0,de,1
Schokoladenhersteller Ritter Sport,Schokoladenhersteller Ritter Sport,ORG,1.0,0.0,de,1
Selenskyj-Kritik +++ Fico,Selenskyj-Kritik +++ Fico,ORG,0.0,0.0,de,1
Beteiligung +++,Beteiligung +++,ORG,0.0,0.0,de,1
"Sever""-Truppe","Sever""-Truppe",ORG,-1.0,0.0,de,1
Nationale Sicherheitsberater der USA,Nationale Sicherheitsberater der USA,ORG,0.0,0.0,de,1
Bundesweiten Warntag,Bundesweiten Warntag,ORG,0.0,0.0,de,1
Spurs,Spurs,ORG,0.0,0.0,de,1
Nordkoreas Armee,Nordkoreas Armee,ORG,0.0,0.0,de,1
Politico,Politico,ORG,1.0,0.0,de,1
Operationsplans Deutschland,Operationsplans Deutschland,ORG,0.7,0.0,de,1
Nationale Akademie der Wissenschaften der Ukraine,Nationale Akademie der Wissenschaften der Ukraine,ORG,0.0,0.0,de,1
Koalitionsarbeitsgruppen,Koalitionsarbeitsgruppen,ORG,0.7,0.0,de,1
Atomdoktrin +++,Atomdoktrin +++,ORG,0.0,0.0,de,1
eBay,eBay,ORG,0.7,0.0,de,1
Crack,Crack,ORG,0.0,0.0,de,1
Hamburgs Wirtschaft,Hamburgs Wirtschaft,ORG,0.0,0.0,de,1
Nachrichtensenders,Nachrichtensenders,ORG,0.0,0.0,de,1
Festnahme!,Festnahme!,ORG,0.0,0.0,de,1
israelischen …,israelischen …,ORG,0.0,0.0,de,1
Trump +++ Estland,Trump +++ Estland,ORG,0.0,0.0,de,1
Belarussen Wahlrecht +++,Belarussen Wahlrecht +++,ORG,0.0,0.0,de,1
RomanHalbinsel,RomanHalbinsel,ORG,0.0,0.0,de,1
Magyar Nemzet,Magyar Nemzet,ORG,0.0,0.0,de,1
Beiruts Zentrum,Beiruts Zentrum,ORG,0.0,0.0,de,1
Fakten,Fakten,ORG,0.0,0.0,de,1
Bündnis 90/Die Grünen Kriegseuph…,Bündnis 90/Die Grünen Kriegseuph…,ORG,0.0,0.0,de,1
angeprang…,angeprang…,ORG,0.15000000000000002,0.0,de,1
Internetanbieter +++,Internetanbieter +++,ORG,0.85,0.0,de,1
"Link
Israel","Link
Israel",ORG,-0.7,0.0,de,1
Luchterhand,Luchterhand,ORG,0.0,0.0,de,1
Welyka Nowosilka +++,Welyka Nowosilka +++,ORG,0.0,0.0,de,1
Russland +++ Macron,Russland +++ Macron,ORG,0.0,0.0,de,1
russischen Raumes,russischen Raumes,ORG,0.0,0.0,de,1
Paris +++ Scholz,Paris +++ Scholz,ORG,0.0,0.0,de,1
Guerillagruppe,Guerillagruppe,ORG,0.0,0.0,de,1
Kurac…,Kurac…,ORG,0.0,0.0,de,1
Springer-Konzern,Springer-Konzern,ORG,-1.0,0.0,de,1
Koalitions-Pläne für uns Steuerzahler,Koalitions-Pläne für uns Steuerzahler,ORG,0.0,0.0,de,1
Ukraine-Streitkräfte,Ukraine-Streitkräfte,ORG,0.7,0.0,de,1
Sowjet-Panzer +++,Sowjet-Panzer +++,ORG,0.0,0.0,de,1
Trumps UN-Rede,Trumps UN-Rede,ORG,0.85,0.0,de,1
Koalitionäre,Koalitionäre,ORG,0.0,0.0,de,1
US-Zeitungen,US-Zeitungen,ORG,0.0,0.0,de,1
Hannover…,Hannover…,ORG,0.0,0.0,de,1
Kolumbiens Regierung,Kolumbiens Regierung,ORG,0.0,0.0,de,1
Denkfabrik …,Denkfabrik …,ORG,0.0,0.0,de,1
Boeing ferti…,Boeing ferti…,ORG,0.0,0.0,de,1
richtig +++,richtig +++,ORG,1.0,0.0,de,1
Cherson +++ Ukraine-Gipfel,Cherson +++ Ukraine-Gipfel,ORG,0.0,0.0,de,1
Will Moskau,Will Moskau,ORG,0.0,0.0,de,1
Agentur unte…,Agentur unte…,ORG,0.0,0.0,de,1
IT,IT,ORG,0.0,0.0,de,1
Zentrums…,Zentrums…,ORG,0.0,0.0,de,1
EU hoffen +++,EU hoffen +++,ORG,0.7,0.0,de,1
Verteidigungsausgaben +++ Ukraine,Verteidigungsausgaben +++ Ukraine,ORG,0.7,0.0,de,1
Kernkra…,Kernkra…,ORG,0.0,0.0,de,1
Flugzeughers…,Flugzeughers…,ORG,0.85,0.0,de,1
Europäische Investitionsbank EIB,Europäische Investitionsbank EIB,ORG,0.0,0.0,de,1
Flugzeugherst…,Flugzeugherst…,ORG,0.85,0.0,de,1
Freien Demokraten,Freien Demokraten,ORG,0.7,0.0,de,1
Putin-Trump-Treffen +++,Putin-Trump-Treffen +++,ORG,0.0,0.0,de,1
Rote Armee-Fraktion,Rote Armee-Fraktion,ORG,0.85,0.0,de,1
Rapid-Stadion Essen,Rapid-Stadion Essen,ORG,0.0,0.0,de,1
Kanzlerkandidat Atomkraftwerke,Kanzlerkandidat Atomkraftwerke,ORG,0.0,0.0,de,1
CDU-Pläne,CDU-Pläne,ORG,1.0,0.0,de,1
Rheinme…,Rheinme…,ORG,0.0,0.0,de,1
Deutschlands Bank…,Deutschlands Bank…,ORG,0.0,0.0,de,1
jemenitische Huthi-Miliz,jemenitische Huthi-Miliz,ORG,-0.7,0.0,de,1
Deutschen Literaturfonds,Deutschen Literaturfonds,ORG,1.0,0.0,de,1
Einstiegsgehalt,Einstiegsgehalt,ORG,0.0,0.0,de,1
Raketenangriff ++,Raketenangriff ++,ORG,0.7,0.0,de,1
Auto-Krise für Hessen,Auto-Krise für Hessen,ORG,0.0,0.0,de,1
Dohna,Dohna,ORG,0.0,0.0,de,1
UN-Klimagipfel,UN-Klimagipfel,ORG,0.0,0.0,de,1
Weihnachten!,Weihnachten!,ORG,0.0,0.0,de,1
Berliner …,Berliner …,ORG,0.0,0.0,de,1
Zusicherun…,Zusicherun…,ORG,0.0,0.0,de,1
Columbia-Universität,Columbia-Universität,ORG,0.0,0.0,de,1
Par…,Par…,ORG,0.0,0.0,de,1
deeskali…,deeskali…,ORG,-0.7,0.0,de,1
Schunk Group,Schunk Group,ORG,-0.35,0.0,de,1
Zentrum der Ukraine,Zentrum der Ukraine,ORG,0.0,0.0,de,1
Festl…,Festl…,ORG,0.0,0.0,de,1
Geheimdienst-Chef +++,Geheimdienst-Chef +++,ORG,-1.0,0.0,de,1
VfL Wolfsburg…,VfL Wolfsburg…,ORG,0.0,0.0,de,1
eromskiego-Straße,eromskiego-Straße,ORG,0.7,0.0,de,1
Flammen-Emoji,Flammen-Emoji,ORG,0.0,0.0,de,1
Millionen-Zahlung,Millionen-Zahlung,ORG,0.7,0.0,de,1
europäischen Rüstungsindustri…,europäischen Rüstungsindustri…,ORG,0.0,0.0,de,1
not…,not…,ORG,0.0,0.0,de,1
ukrainische AKWs,ukrainische AKWs,ORG,0.0,0.0,de,1
bedroh…,bedroh…,ORG,0.0,0.0,de,1
US-Eigentum,US-Eigentum,ORG,0.0,0.0,de,1
The Independent,The Independent,ORG,0.0,0.0,de,1
IT-Mängel,IT-Mängel,ORG,0.0,0.0,de,1
Plan D,Plan D,ORG,0.0,0.0,de,1
Sicherheitsschutz +++,Sicherheitsschutz +++,ORG,-1.0,0.0,de,1
BUND spr,BUND spr,ORG,0.0,0.0,de,1
US-Kurzstreckenraketen,US-Kurzstreckenraketen,ORG,0.7,0.0,de,1
Klima un…,Klima un…,ORG,0.0,0.0,de,1
reduzi…,reduzi…,ORG,0.0,0.0,de,1
Nationale Akademie der Wissenschaften,Nationale Akademie der Wissenschaften,ORG,0.0,0.0,de,1
US-Verteid…,US-Verteid…,ORG,0.0,0.0,de,1
US-Friedensangebot +++,US-Friedensangebot +++,ORG,0.0,0.0,de,1
PA,PA,ORG,0.0,0.0,de,1
Kiew +++ Umfragen,Kiew +++ Umfragen,ORG,0.0,0.0,de,1
Finanzminister …,Finanzminister …,ORG,0.0,0.0,de,1
Dehoga,Dehoga,ORG,0.0,0.0,de,1
Problem-Brigade +++,Problem-Brigade +++,ORG,0.0,0.0,de,1
RK Zagreb,RK Zagreb,ORG,0.0,0.0,de,1
US-Magazins,US-Magazins,ORG,-1.0,0.0,de,1
deutsche Handball-Meister,deutsche Handball-Meister,ORG,0.0,0.0,de,1
Pufferzone +++,Pufferzone +++,ORG,0.0,0.0,de,1
Deutschen Hotel- und Gaststättenverband,Deutschen Hotel- und Gaststättenverband,ORG,0.0,0.0,de,1
SC Magdeburg“,SC Magdeburg“,ORG,0.0,0.0,de,1
Umweltverbände,Umweltverbände,ORG,-1.0,0.0,de,1
Bundesamt für…,Bundesamt für…,ORG,0.0,0.0,de,1
Storm-Shadow-Raketen,Storm-Shadow-Raketen,ORG,0.0,0.0,de,1
Landesinneren +++,Landesinneren +++,ORG,0.7,0.0,de,1
Luftangriffs- und Raketenalarm,Luftangriffs- und Raketenalarm,ORG,0.0,0.0,de,1
Castor-Behältern,Castor-Behältern,ORG,0.7,0.0,de,1
Trump-Plan,Trump-Plan,ORG,0.0,0.0,de,1
MVV Energie AG,MVV Energie AG,ORG,0.0,0.0,de,1
Krem…,Krem…,ORG,0.0,0.0,de,1
Aufsichtsratsche…,Aufsichtsratsche…,ORG,1.0,0.0,de,1
Mitar…,Mitar…,ORG,0.7,0.0,de,1
World Economic Forum End…,World Economic Forum End…,ORG,0.0,0.0,de,1
Staatsduma-Wahl,Staatsduma-Wahl,ORG,0.0,0.0,de,1
Feiertags-Fernsehabend,Feiertags-Fernsehabend,ORG,0.0,0.0,de,1
AKW-Reaktivierung,AKW-Reaktivierung,ORG,0.0,0.0,de,1
Herb…,Herb…,ORG,0.0,0.0,de,1
grüne NRW-Ministerin,grüne NRW-Ministerin,ORG,0.0,0.0,de,1
stabil +++ Janine Wissler,stabil +++ Janine Wissler,ORG,0.0,0.0,de,1
Solar- und Wi…,Solar- und Wi…,ORG,0.0,0.0,de,1
GPS-Spoofing,GPS-Spoofing,ORG,0.0,0.0,de,1
grüne N…,grüne N…,ORG,0.0,0.0,de,1
Krieges!,Krieges!,ORG,0.7,0.0,de,1
Hessen +++ Gebrannte Mandeln,Hessen +++ Gebrannte Mandeln,ORG,0.0,0.0,de,1
Strom un…,Strom un…,ORG,0.0,0.0,de,1
Slowfood-Bewegung,Slowfood-Bewegung,ORG,0.0,0.0,de,1
deutschen Sanktionen,deutschen Sanktionen,ORG,0.0,0.0,de,1
Meinunge…,Meinunge…,ORG,1.0,0.0,de,1
Bundestagswahl,Bundestagswahl,ORG,0.0,0.0,de,1
Arbeiterpartei Kurdistans PKK,Arbeiterpartei Kurdistans PKK,ORG,0.0,0.0,de,1
Metro-Geschäft,Metro-Geschäft,ORG,0.0,0.0,de,1
US-Politik,US-Politik,ORG,0.0,0.0,de,1
Ukrenerho vo…,Ukrenerho vo…,ORG,0.0,0.0,de,1
Proteste für Demokratie,Proteste für Demokratie,ORG,0.0,0.0,de,1
instrumenta…,instrumenta…,ORG,-1.0,0.0,de,1
"Trump-Zölle
","Trump-Zölle
",ORG,0.7,0.0,de,1
Chemotherapien,Chemotherapien,ORG,1.0,0.0,de,1
++ Hisbollah,++ Hisbollah,ORG,0.0,0.0,de,1
Umweltinstitut Münch…,Umweltinstitut Münch…,ORG,0.0,0.0,de,1
Örag-Chefin,Örag-Chefin,ORG,0.0,0.0,de,1
Versorgern,Versorgern,ORG,0.7,0.0,de,1
Trump Russlands,Trump Russlands,ORG,1.0,0.0,de,1
Kanzlerkandidat der Grünen,Kanzlerkandidat der Grünen,ORG,0.0,0.0,de,1
Gaspro…,Gaspro…,ORG,-1.0,0.0,de,1
Oligarchen,Oligarchen,ORG,-0.7,0.0,de,1
Wissensstand,Wissensstand,ORG,0.0,0.0,de,1
UN-Ozeankonferenz,UN-Ozeankonferenz,ORG,0.0,0.0,de,1
Zoll-Liste +++ Scharfe,Zoll-Liste +++ Scharfe,ORG,0.0,0.0,de,1
Jemen +++ Israels,Jemen +++ Israels,ORG,0.0,0.0,de,1
Freitag ver…,Freitag ver…,ORG,0.0,0.0,de,1
Trumps Regierung,Trumps Regierung,ORG,0.0,0.0,de,1
Linz AG,Linz AG,ORG,0.0,0.0,de,1
"Link
Moskau","Link
Moskau",ORG,-0.4666666666666666,0.0,de,1
Rubio…,Rubio…,ORG,0.0,0.0,de,1
Direct Air Capture,Direct Air Capture,ORG,0.7,0.0,de,1
hypotheti…,hypotheti…,ORG,0.0,0.0,de,1
Munich Re,Munich Re,ORG,0.7,0.0,de,1
Yonhap meld…,Yonhap meld…,ORG,0.0,0.0,de,1
Krywyj Rih +++ Ukrainischer Lokalpolitiker,Krywyj Rih +++ Ukrainischer Lokalpolitiker,ORG,-1.0,0.0,de,1
Davos-Forum,Davos-Forum,ORG,0.0,0.0,de,1
HDR10+,HDR10+,ORG,0.0,0.0,de,1
Syriens Regierung,Syriens Regierung,ORG,0.0,0.0,de,1
Internationalen Handelskamme…,Internationalen Handelskamme…,ORG,0.0,0.0,de,1
Deutschen für Rückkehr,Deutschen für Rückkehr,ORG,0.0,0.0,de,1
Deutschen Press,Deutschen Press,ORG,0.0,0.0,de,1
Vereins für Socialpolitik,Vereins für Socialpolitik,ORG,0.0,0.0,de,1
SPD-Wahlstand,SPD-Wahlstand,ORG,0.0,0.0,de,1
Autoverband +++,Autoverband +++,ORG,0.0,0.0,de,1
Verordnungsentwü…,Verordnungsentwü…,ORG,0.7,0.0,de,1
++ Trump-Berater,++ Trump-Berater,ORG,0.0,0.0,de,1
Auseinanderbre…,Auseinanderbre…,ORG,0.0,0.0,de,1
Vor-Merkel-Härte,Vor-Merkel-Härte,ORG,0.0,0.0,de,1
Identitären Bewegung,Identitären Bewegung,ORG,0.0,0.0,de,1
AKW-Comeback,AKW-Comeback,ORG,0.0,0.0,de,1
Aserbaidschans Regierung,Aserbaidschans Regierung,ORG,0.0,0.0,de,1
Energie-Versorger Energie AG,Energie-Versorger Energie AG,ORG,0.0,0.0,de,1
gestopp…,gestopp…,ORG,0.0,0.0,de,1
stat…,stat…,ORG,0.0,0.0,de,1
Entwic…,Entwic…,ORG,0.0,0.0,de,1
Großsta…,Großsta…,ORG,0.0,0.0,de,1
Azerbaijan Airlines,Azerbaijan Airlines,ORG,0.0,0.0,de,1
System Volkswagen,System Volkswagen,ORG,0.0,0.0,de,1
Polen +++ Schwerer,Polen +++ Schwerer,ORG,-0.15000000000000002,0.0,de,1
Saudische Pipeline,Saudische Pipeline,ORG,0.0,0.0,de,1
Deutsche Fußball-Bund,Deutsche Fußball-Bund,ORG,0.0,0.0,de,1
Borussia Möncheng…,Borussia Möncheng…,ORG,0.0,0.0,de,1
Targobank …,Targobank …,ORG,0.7,0.0,de,1
USA Kiew,USA Kiew,ORG,1.0,0.0,de,1
Zentralen Wahlkommission,Zentralen Wahlkommission,ORG,0.0,0.0,de,1
Außenpolitik +++,Außenpolitik +++,ORG,0.0,0.0,de,1
Obi-Baumarkt-Gruppe,Obi-Baumarkt-Gruppe,ORG,0.0,0.0,de,1
Energie-Infrastru…,Energie-Infrastru…,ORG,0.0,0.0,de,1
Kasten +++,Kasten +++,ORG,0.0,0.0,de,1
Munz,Munz,ORG,0.0,0.0,de,1
Tscherkassy +++,Tscherkassy +++,ORG,0.0,0.0,de,1
Torg RUS,Torg RUS,ORG,0.0,0.0,de,1
Butscha-Befreiung +++,Butscha-Befreiung +++,ORG,0.0,0.0,de,1
US-Regierungsmitglied,US-Regierungsmitglied,ORG,0.0,0.0,de,1
bekan…,bekan…,ORG,0.0,0.0,de,1
geford…,geford…,ORG,0.7,0.0,de,1
Grünen-Fraktionschefin Britta Haßelmann,Grünen-Fraktionschefin Britta Haßelmann,ORG,0.0,0.0,de,1
Corona se…,Corona se…,ORG,0.0,0.0,de,1
deutsche Handelskonzern Metro,deutsche Handelskonzern Metro,ORG,0.0,0.0,de,1
Solarthermie,Solarthermie,ORG,-1.0,0.0,de,1
VW-Kernmarke,VW-Kernmarke,ORG,0.0,0.0,de,1
Skepsis +++,Skepsis +++,ORG,0.10000000000000002,0.0,de,1
Ascon3,Ascon3,ORG,0.0,0.0,de,1
Green One,Green One,ORG,1.0,0.0,de,1
Green One Tech,Green One Tech,ORG,0.0,0.0,de,1
Stigma,Stigma,ORG,0.7,0.0,de,1
UN-Übergangsverwaltung,UN-Übergangsverwaltung,ORG,0.0,0.0,de,1
Vereinigung der Ökonomen aus Deutschland,Vereinigung der Ökonomen aus Deutschland,ORG,1.0,0.0,de,1
Borussia D…,Borussia D…,ORG,-1.0,0.0,de,1
Instituts der deutschen Wirtsc…,Instituts der deutschen Wirtsc…,ORG,0.0,0.0,de,1
vorz…,vorz…,ORG,0.0,0.0,de,1
Gener…,Gener…,ORG,0.0,0.0,de,1
Verband Austria Solar,Verband Austria Solar,ORG,0.0,0.0,de,1
Die Vorstellung,Die Vorstellung,ORG,1.0,0.0,de,1
Krankenkasse +++,Krankenkasse +++,ORG,0.0,0.0,de,1
Drohnenprojekt +++,Drohnenprojekt +++,ORG,0.0,0.0,de,1
öffnen +++,öffnen +++,ORG,0.0,0.0,de,1
Migros-Gruppe,Migros-Gruppe,ORG,0.0,0.0,de,1
Polizei m…,Polizei m…,ORG,0.0,0.0,de,1
Kiewer Internationalen Instituts für Soziologie,Kiewer Internationalen Instituts für Soziologie,ORG,0.0,0.0,de,1
Zeit kräf­tiger,Zeit kräf­tiger,ORG,0.0,0.0,de,1
Nebenkosten-Schock,Nebenkosten-Schock,ORG,0.0,0.0,de,1
Ann…,Ann…,ORG,0.7,0.0,de,1
Four Seasons,Four Seasons,ORG,0.0,0.0,de,1
VfL Osnabrück“,VfL Osnabrück“,ORG,0.0,0.0,de,1
Stati…,Stati…,ORG,0.0,0.0,de,1
Fußball-Drittligist VfL Osnabrück,Fußball-Drittligist VfL Osnabrück,ORG,1.0,0.0,de,1
Kriegs ++,Kriegs ++,ORG,0.0,0.0,de,1
US-Auslandshilfen,US-Auslandshilfen,ORG,0.0,0.0,de,1
Sepp-Herberger-Award,Sepp-Herberger-Award,ORG,1.0,0.0,de,1
Gas für Europa,Gas für Europa,ORG,1.0,0.0,de,1
Rat der Europäischen Union einsti…,Rat der Europäischen Union einsti…,ORG,0.0,0.0,de,1
Energiesektor +++ Attacken,Energiesektor +++ Attacken,ORG,-1.0,0.0,de,1
Rechtspopulistin Marine Le Pen,Rechtspopulistin Marine Le Pen,ORG,0.0,0.0,de,1
natürli…,natürli…,ORG,0.7,0.0,de,1
Ale…,Ale…,ORG,0.0,0.0,de,1
Kiew +++ Elf,Kiew +++ Elf,ORG,0.0,0.0,de,1
Monaten hinterherlaufe!,Monaten hinterherlaufe!,ORG,0.0,0.0,de,1
inde…,inde…,ORG,0.0,0.0,de,1
Deutschen Presse-Age…,Deutschen Presse-Age…,ORG,0.7,0.0,de,1
Gewinnent…,Gewinnent…,ORG,0.0,0.0,de,1
Rückbank,Rückbank,ORG,0.0,0.0,de,1
Mars & Erde,Mars & Erde,ORG,0.0,0.0,de,1
Hessen +++ Gebrannte,Hessen +++ Gebrannte,ORG,0.0,0.0,de,1
Verein für Socialpolitik,Verein für Socialpolitik,ORG,1.0,0.0,de,1
europäische Streitkräfte,europäische Streitkräfte,ORG,0.0,0.0,de,1
VBS,VBS,ORG,0.0,0.0,de,1
verbill…,verbill…,ORG,0.5,0.0,de,1
VWL,VWL,ORG,0.7,0.0,de,1
stabil +++ Liveblog,stabil +++ Liveblog,ORG,0.0,0.0,de,1
Elektronik,Elektronik,ORG,0.7,0.0,de,1
GTS,GTS,ORG,0.0,0.0,de,1
US-Schauspieler,US-Schauspieler,ORG,0.0,0.0,de,1
Vorstan…,Vorstan…,ORG,1.0,0.0,de,1
Top-Priorität,Top-Priorität,ORG,0.0,0.0,de,1
Französischer Abgeordneter,Französischer Abgeordneter,ORG,0.0,0.0,de,1
Evonik,Evonik,ORG,0.0,0.0,de,1
wechse…,wechse…,ORG,0.0,0.0,de,1
Preisdruc…,Preisdruc…,ORG,0.0,0.0,de,1
Militärhilfen +++,Militärhilfen +++,ORG,0.0,0.0,de,1
Pasquale Natuzzi …,Pasquale Natuzzi …,ORG,0.0,0.0,de,1
EU-Vorschlag,EU-Vorschlag,ORG,0.7,0.0,de,1
Access-Point-Funktion,Access-Point-Funktion,ORG,0.0,0.0,de,1
Hamas-T…,Hamas-T…,ORG,0.0,0.0,de,1
Tag der Hoffnung,Tag der Hoffnung,ORG,0.0,0.0,de,1
Punk-Gruppe Pussy Riot …,Punk-Gruppe Pussy Riot …,ORG,0.0,0.0,de,1
Linken +++ A3,Linken +++ A3,ORG,-0.7,0.0,de,1
Dual-Band-WLAN,Dual-Band-WLAN,ORG,0.0,0.0,de,1
USA +++ UN,USA +++ UN,ORG,-1.0,0.0,de,1
Huthi-Miliz +++,Huthi-Miliz +++,ORG,0.0,0.0,de,1
vorrü…,vorrü…,ORG,1.0,0.0,de,1
Russen-Attacken,Russen-Attacken,ORG,0.0,0.0,de,1
Leyen…,Leyen…,ORG,0.0,0.0,de,1
Spiegel onlineso,Spiegel onlineso,ORG,0.0,0.0,de,1
Verteidigung +++ Ukrainische Delegation,Verteidigung +++ Ukrainische Delegation,ORG,0.5,0.0,de,1
Hèdi Bouden,Hèdi Bouden,ORG,1.0,0.0,de,1
Laternenpfahl +++ Frankfurter Kreuz,Laternenpfahl +++ Frankfurter Kreuz,ORG,-0.5666666666666667,0.0,de,1
"Belegschaft des internationalen Senders ""Voice of America","Belegschaft des internationalen Senders ""Voice of America",ORG,0.0,0.0,de,1
ntv …,ntv …,ORG,0.0,0.0,de,1
Verhandlung…,Verhandlung…,ORG,0.0,0.0,de,1
Tiefgarage +++ Liveblog,Tiefgarage +++ Liveblog,ORG,-0.5666666666666667,0.0,de,1
VOA,VOA,ORG,0.0,0.0,de,1
US-Strafzölle,US-Strafzölle,ORG,0.0,0.0,de,1
TV-Journalisten,TV-Journalisten,ORG,0.0,0.0,de,1
Urla…,Urla…,ORG,0.0,0.0,de,1
wora…,wora…,ORG,0.0,0.0,de,1
Kriegsverbrechen +++,Kriegsverbrechen +++,ORG,0.0,0.0,de,1
Russland Energie,Russland Energie,ORG,-0.7,0.0,de,1
französische Armee,französische Armee,ORG,0.0,0.0,de,1
Gemeinschaftsschulen in Gefahr,Gemeinschaftsschulen in Gefahr,ORG,0.0,0.0,de,1
Deutschlands Formel,Deutschlands Formel,ORG,0.0,0.0,de,1
Altenheim-Verwaltung,Altenheim-Verwaltung,ORG,0.0,0.0,de,1
Vize-Verteidigungsminister +++,Vize-Verteidigungsminister +++,ORG,-0.7,0.0,de,1
BSW-Politikwende,BSW-Politikwende,ORG,0.0,0.0,de,1
Einfrier-ABC,Einfrier-ABC,ORG,0.0,0.0,de,1
Samsung Electronics,Samsung Electronics,ORG,0.0,0.0,de,1
"Link
Union Berlin","Link
Union Berlin",ORG,-0.08333333333333333,0.0,de,1
Bayer Leve…,Bayer Leve…,ORG,0.0,0.0,de,1
Union Berlin“,Union Berlin“,ORG,0.0,0.0,de,1
LAN-Ports,LAN-Ports,ORG,0.85,0.0,de,1
Wagenknechts Kanzler-Programm,Wagenknechts Kanzler-Programm,ORG,0.0,0.0,de,1
“ +++ Russland,“ +++ Russland,ORG,0.7,0.0,de,1
russisches LNG +++,russisches LNG +++,ORG,0.0,0.0,de,1
SPD-Zustimmung,SPD-Zustimmung,ORG,0.7,0.0,de,1
kli…,kli…,ORG,0.0,0.0,de,1
Kieler Instituts für Weltwir…,Kieler Instituts für Weltwir…,ORG,0.0,0.0,de,1
SC…,SC…,ORG,0.0,0.0,de,1
britisch-französischen,britisch-französischen,ORG,0.0,0.0,de,1
Deutschlands Top-Konzerne,Deutschlands Top-Konzerne,ORG,-0.7,0.0,de,1
Friedensgespräche +++ Starmer,Friedensgespräche +++ Starmer,ORG,-1.0,0.0,de,1
Zeit dieser Waffenruhe,Zeit dieser Waffenruhe,ORG,0.0,0.0,de,1
Auffahrunfällen +++ Frankfurt,Auffahrunfällen +++ Frankfurt,ORG,-0.7,0.0,de,1
AMOC,AMOC,ORG,1.0,0.0,de,1
Verhandlungstisch +++,Verhandlungstisch +++,ORG,-1.0,0.0,de,1
Zivili…,Zivili…,ORG,0.0,0.0,de,1
AstroGeo Podcast,AstroGeo Podcast,ORG,0.0,0.0,de,1
US-Auslandsmedien,US-Auslandsmedien,ORG,-1.0,0.0,de,1
University of Michigan,University of Michigan,ORG,0.0,0.0,de,1
Irans Luftfahrtsektor,Irans Luftfahrtsektor,ORG,-1.0,0.0,de,1
United States Agency for Global Media,United States Agency for Global Media,ORG,-1.0,0.0,de,1
Weihnachtsmärkten +++ Frankfurt,Weihnachtsmärkten +++ Frankfurt,ORG,0.0,0.0,de,1
Moskau-Nähe,Moskau-Nähe,ORG,0.0,0.0,de,1
Tom-Oli…,Tom-Oli…,ORG,-0.7,0.0,de,1
Ukrainer a…,Ukrainer a…,ORG,0.0,0.0,de,1
Apple Intelligence,Apple Intelligence,ORG,0.7,0.0,de,1
++ US-Sondergesandter,++ US-Sondergesandter,ORG,0.0,0.0,de,1
Waffenhilfe +++,Waffenhilfe +++,ORG,0.5,0.0,de,1
Kolumbiens,Kolumbiens,ORG,0.0,0.0,de,1
Atomaus…,Atomaus…,ORG,0.0,0.0,de,1
Außenpolitikexper…,Außenpolitikexper…,ORG,0.0,0.0,de,1
TAURUS,TAURUS,ORG,0.0,0.0,de,1
Währungskrise für Russlands,Währungskrise für Russlands,ORG,0.0,0.0,de,1
Die Schweizer Regierung,Die Schweizer Regierung,ORG,0.0,0.0,de,1
Universität Würzburg,Universität Würzburg,ORG,0.0,0.0,de,1
Sondervermögen für Verteidigung und Infrastruktur,Sondervermögen für Verteidigung und Infrastruktur,ORG,0.0,0.0,de,1
Team Trump,Team Trump,ORG,0.0,0.0,de,1
Friedensgesprächen,Friedensgesprächen,ORG,0.0,0.0,de,1
"Patriot""-Systeme","Patriot""-Systeme",ORG,0.0,0.0,de,1
Wort Crack,Wort Crack,ORG,0.35,0.0,de,1
JAAAAA,JAAAAA,ORG,0.0,0.0,de,1
"Link
Sachsen","Link
Sachsen",ORG,0.15000000000000002,0.0,de,1
EU-Sanktionsliste,EU-Sanktionsliste,ORG,0.0,0.0,de,1
Generali,Generali,ORG,0.0,0.0,de,1
Lettland +++,Lettland +++,ORG,0.0,0.0,de,1
Ukrainerinnen und Ukrainer,Ukrainerinnen und Ukrainer,ORG,0.0,0.0,de,1
US-Umweltschutz,US-Umweltschutz,ORG,-1.0,0.0,de,1
Deutsche Jagdverband,Deutsche Jagdverband,ORG,0.0,0.0,de,1
DNA-Anal…,DNA-Anal…,ORG,0.0,0.0,de,1
Ukrinfor…,Ukrinfor…,ORG,0.0,0.0,de,1
Hotelübernachtungen …,Hotelübernachtungen …,ORG,0.0,0.0,de,1
Luftalarm +++,Luftalarm +++,ORG,-0.7,0.0,de,1
Stichwort Inflationsausgleichsprämie,Stichwort Inflationsausgleichsprämie,ORG,0.0,0.0,de,1
Initiative 'Bring Kids Back UA' des Präsidenten,Initiative 'Bring Kids Back UA' des Präsidenten,ORG,0.0,0.0,de,1
Absch…,Absch…,ORG,0.0,0.0,de,1
Enders Gasgrill,Enders Gasgrill,ORG,0.7999999999999999,0.0,de,1
Preisnachlässe …,Preisnachlässe …,ORG,0.0,0.0,de,1
Sukhare…,Sukhare…,ORG,0.0,0.0,de,1
Zentrums für Ordnung und Governance,Zentrums für Ordnung und Governance,ORG,0.0,0.0,de,1
Bodenroboter +++,Bodenroboter +++,ORG,0.0,0.0,de,1
Abend +++,Abend +++,ORG,0.0,0.0,de,1
Wehrm…,Wehrm…,ORG,0.0,0.0,de,1
Homeoffice für Führungskräfte,Homeoffice für Führungskräfte,ORG,0.0,0.0,de,1
US-Milliardärs,US-Milliardärs,ORG,0.0,0.0,de,1
Konzerntrend,Konzerntrend,ORG,0.0,0.0,de,1
Leuchtenhersteller Zumtobel,Leuchtenhersteller Zumtobel,ORG,0.0,0.0,de,1
pieptsMG4 EV Urban,pieptsMG4 EV Urban,ORG,0.3333333333333333,0.0,de,1
US-Ministerium,US-Ministerium,ORG,0.0,0.0,de,1
Alte AKWs,Alte AKWs,ORG,0.0,0.0,de,1
pictu…,pictu…,ORG,0.0,0.0,de,1
US-Ministerium für Regierungseffizienz,US-Ministerium für Regierungseffizienz,ORG,0.0,0.0,de,1
die Grünen niem,die Grünen niem,ORG,0.0,0.0,de,1
Tochtermarke Skoda,Tochtermarke Skoda,ORG,0.7,0.0,de,1
US-B…,US-B…,ORG,0.0,0.0,de,1
FC Union Berlin,FC Union Berlin,ORG,0.0,0.0,de,1
Ukraine +++ Ungarn,Ukraine +++ Ungarn,ORG,-1.0,0.0,de,1
Mütterrente +++ Merz,Mütterrente +++ Merz,ORG,0.0,0.0,de,1
Ostukraine ++,Ostukraine ++,ORG,0.0,0.0,de,1
Luftschläge ++,Luftschläge ++,ORG,0.0,0.0,de,1
Ukraine fl…,Ukraine fl…,ORG,-1.0,0.0,de,1
Ukrainehilfe,Ukrainehilfe,ORG,0.0,0.0,de,1
Täter-Radikalisierung,Täter-Radikalisierung,ORG,0.0,0.0,de,1
Ukraine a…,Ukraine a…,ORG,-0.7,0.0,de,1
Bayer 04 Leverkusen,Bayer 04 Leverkusen,ORG,-1.0,0.0,de,1
Stürmer-Star Deniz Undav,Stürmer-Star Deniz Undav,ORG,-1.0,0.0,de,1
Militäreinrichtungen,Militäreinrichtungen,ORG,0.0,0.0,de,1
Bayer 04 Leverkusen am Sonntag,Bayer 04 Leverkusen am Sonntag,ORG,0.0,0.0,de,1
"Link
Frost","Link
Frost",ORG,-0.7,0.0,de,1
of…,of…,ORG,0.0,0.0,de,1
Wirtschaftskamme…,Wirtschaftskamme…,ORG,-0.5,0.0,de,1
Wirk…,Wirk…,ORG,-1.0,0.0,de,1
CDU-Sofortprogramm,CDU-Sofortprogramm,ORG,0.0,0.0,de,1
Märchenwald!,Märchenwald!,ORG,0.0,0.0,de,1
Hohe Energiekosten,Hohe Energiekosten,ORG,0.0,0.0,de,1
Spezial-Einsatz-Kommando,Spezial-Einsatz-Kommando,ORG,0.0,0.0,de,1
Fußball-Bundesligist Union Berlin,Fußball-Bundesligist Union Berlin,ORG,0.0,0.0,de,1
Capcom,Capcom,ORG,0.0,0.0,de,1
Polizei sa…,Polizei sa…,ORG,0.0,0.0,de,1
Gesetzentwur…,Gesetzentwur…,ORG,0.0,0.0,de,1
"Link
Erfurt","Link
Erfurt",ORG,-0.7,0.0,de,1
Deutsche Alpenverein,Deutsche Alpenverein,ORG,0.0,0.0,de,1
ESA-Medieneinladung,ESA-Medieneinladung,ORG,0.0,0.0,de,1
Zusammenstoß am Mont…,Zusammenstoß am Mont…,ORG,0.0,0.0,de,1
Release N°,Release N°,ORG,0.0,0.0,de,1
DLR Raumfahrtag…,DLR Raumfahrtag…,ORG,0.0,0.0,de,1
ESA orga…,ESA orga…,ORG,0.0,0.0,de,1
Infrastruktu…,Infrastruktu…,ORG,0.0,0.0,de,1
Stud…,Stud…,ORG,0.0,0.0,de,1
Misinterpreting Inflation Biggest Bond Market Risk,Misinterpreting Inflation Biggest Bond Market Risk,ORG,0.0,0.0,de,1
Wahlleitun…,Wahlleitun…,ORG,0.0,0.0,de,1
US-Präsident +++ Iran,US-Präsident +++ Iran,ORG,0.7,0.0,de,1
Linken +++ Liveblog,Linken +++ Liveblog,ORG,-0.2333333333333333,0.0,de,1
we and our partners,we and our partners,ORG,0.0,0.0,de,1
milder +++ Frau,milder +++ Frau,ORG,-0.2333333333333333,0.0,de,1
Klimawandelfreund US-Präside…,Klimawandelfreund US-Präside…,ORG,0.0,0.0,de,1
Lokal +++,Lokal +++,ORG,-0.2333333333333333,0.0,de,1
Warnschlags,Warnschlags,ORG,0.0,0.0,de,1
Auto-und,Auto-und,ORG,0.0,0.0,de,1
Priori…,Priori…,ORG,0.0,0.0,de,1
Flüssiggas-Importen…,Flüssiggas-Importen…,ORG,0.0,0.0,de,1
Train…,Train…,ORG,-1.0,0.0,de,1
amerikanische Notenbank,amerikanische Notenbank,ORG,0.0,0.0,de,1
Ozonschwund,Ozonschwund,ORG,0.0,0.0,de,1
konse…,konse…,ORG,-0.7,0.0,de,1
Datenbank-Löschung,Datenbank-Löschung,ORG,0.0,0.0,de,1
Universität in Yale,Universität in Yale,ORG,-1.0,0.0,de,1
Anatolij Barhylevych,Anatolij Barhylevych,ORG,1.0,0.0,de,1
Kongo,Kongo,ORG,1.0,0.0,de,1
Russland Werbung für Kinderlosigkeit +++,Russland Werbung für Kinderlosigkeit +++,ORG,0.0,0.0,de,1
Berliner Bäder Betriebe,Berliner Bäder Betriebe,ORG,0.0,0.0,de,1
E-Autokonzern,E-Autokonzern,ORG,0.0,0.0,de,1
Luftangriff ++,Luftangriff ++,ORG,0.0,0.0,de,1
Zweitliga-Absteiger,Zweitliga-Absteiger,ORG,-0.5,0.0,de,1
Monaco,Monaco,ORG,0.0,0.0,de,1
Consent Framework,Consent Framework,ORG,0.0,0.0,de,1
PWC,PWC,ORG,0.0,0.0,de,1
US-Präsidentschaftswah…,US-Präsidentschaftswah…,ORG,0.0,0.0,de,1
Chaos-Klub HSV,Chaos-Klub HSV,ORG,0.0,0.0,de,1
ti…,ti…,ORG,0.0,0.0,de,1
Landesteils Republika Srpska,Landesteils Republika Srpska,ORG,0.0,0.0,de,1
aserbaidscha…,aserbaidscha…,ORG,0.0,0.0,de,1
Rheingau Musik Festival,Rheingau Musik Festival,ORG,0.0,0.0,de,1
RMF,RMF,ORG,0.0,0.0,de,1
Auszeich…,Auszeich…,ORG,0.0,0.0,de,1
Jüdis…,Jüdis…,ORG,-1.0,0.0,de,1
Verivo…,Verivo…,ORG,0.0,0.0,de,1
SPÖ-Klubdirektor,SPÖ-Klubdirektor,ORG,0.0,0.0,de,1
Sicherheitspoliti…,Sicherheitspoliti…,ORG,-0.15000000000000002,0.0,de,1
Friedenszentrums,Friedenszentrums,ORG,0.0,0.0,de,1
UN-Klimakonferen…,UN-Klimakonferen…,ORG,0.0,0.0,de,1
PKV,PKV,ORG,0.0,0.0,de,1
Syrien ++,Syrien ++,ORG,-0.7,0.0,de,1
EU!,EU!,ORG,0.0,0.0,de,1
AngriffRussland,AngriffRussland,ORG,0.0,0.0,de,1
EY,EY,ORG,0.0,0.0,de,1
Hells Angels,Hells Angels,ORG,0.0,0.0,de,1
"Georgetown 
University","Georgetown 
University",ORG,0.0,0.0,de,1
Präsidentschaftskan…,Präsidentschaftskan…,ORG,0.7,0.0,de,1
"Link
Nordkorea","Link
Nordkorea",ORG,-0.7,0.0,de,1
ep…,ep…,ORG,0.0,0.0,de,1
Brandenburger Grünen,Brandenburger Grünen,ORG,0.0,0.0,de,1
NO MORE POOL TIME,NO MORE POOL TIME,ORG,0.0,0.0,de,1
Warum Mannheim,Warum Mannheim,ORG,0.0,0.0,de,1
Trump ak,Trump ak,ORG,0.0,0.0,de,1
US-Raketensysteme,US-Raketensysteme,ORG,0.0,0.0,de,1
Industriear…,Industriear…,ORG,0.0,0.0,de,1
deutschen Liberalen,deutschen Liberalen,ORG,0.0,0.0,de,1
Raketen-Einsatz,Raketen-Einsatz,ORG,0.0,0.0,de,1
Vorarlbergs Arbeitsmarkt,Vorarlbergs Arbeitsmarkt,ORG,0.0,0.0,de,1
BOS,BOS,ORG,0.0,0.0,de,1
Deutsche Brauer-Bund,Deutsche Brauer-Bund,ORG,0.0,0.0,de,1
Tropical Medicine,Tropical Medicine,ORG,0.0,0.0,de,1
Trump-Putin-Vereinbarung,Trump-Putin-Vereinbarung,ORG,0.0,0.0,de,1
ISW Behauptungen,ISW Behauptungen,ORG,-0.7,0.0,de,1
sterben›,sterben›,ORG,-1.0,0.0,de,1
NS-Opfer,NS-Opfer,ORG,0.0,0.0,de,1
VR Bank Bad Salzungen Schmalkalden,VR Bank Bad Salzungen Schmalkalden,ORG,0.0,0.0,de,1
Jahr Kindern,Jahr Kindern,ORG,0.0,0.0,de,1
Betäubungsmittelg…,Betäubungsmittelg…,ORG,0.0,0.0,de,1
die Linke,die Linke,ORG,0.0,0.0,de,1
VR Bank“,VR Bank“,ORG,0.0,0.0,de,1
VR Bank,VR Bank,ORG,0.0,0.0,de,1
Hanseatic Help,Hanseatic Help,ORG,0.0,0.0,de,1
KI-Forschungslabor,KI-Forschungslabor,ORG,1.0,0.0,de,1
Soho Factory,Soho Factory,ORG,0.0,0.0,de,1
EDK,EDK,ORG,0.0,0.0,de,1
betroffe…,betroffe…,ORG,0.0,0.0,de,1
CS-Debakel,CS-Debakel,ORG,0.0,0.0,de,1
Pflegekasse</li></ol,Pflegekasse</li></ol,ORG,0.0,0.0,de,1
Zentrum der Kritik,Zentrum der Kritik,ORG,0.0,0.0,de,1
Antibiotika,Antibiotika,ORG,0.0,0.0,de,1
dafü…,dafü…,ORG,0.0,0.0,de,1
Israel +++ USA,Israel +++ USA,ORG,0.7,0.0,de,1
US-Militärmaschinen,US-Militärmaschinen,ORG,0.0,0.0,de,1
Einmischu…,Einmischu…,ORG,0.0,0.0,de,1
Bezirkshaupt…,Bezirkshaupt…,ORG,0.0,0.0,de,1
Pistor…,Pistor…,ORG,0.0,0.0,de,1
Sturmgewehr-Dieb,Sturmgewehr-Dieb,ORG,0.0,0.0,de,1
US-Stellungnahme,US-Stellungnahme,ORG,0.0,0.0,de,1
UN-Ermittler,UN-Ermittler,ORG,0.0,0.0,de,1
Stadtzürcher Linke,Stadtzürcher Linke,ORG,0.7,0.0,de,1
sicherstel…,sicherstel…,ORG,0.0,0.0,de,1
Hamas-Mitglieder +++ Chamenei,Hamas-Mitglieder +++ Chamenei,ORG,0.7,0.0,de,1
Sudanesischen Streitkräften,Sudanesischen Streitkräften,ORG,-0.7999999999999999,0.0,de,1
SAF,SAF,ORG,-0.7999999999999999,0.0,de,1
Deutsche Hotel- und Gaststättenverband,Deutsche Hotel- und Gaststättenverband,ORG,0.0,0.0,de,1
Bürger ernst,Bürger ernst,ORG,0.0,0.0,de,1
Bayerische Oberste Landesgericht,Bayerische Oberste Landesgericht,ORG,0.0,0.0,de,1
Berei…,Berei…,ORG,0.0,0.0,de,1
AfD-Mann Gauland Wagenknecht,AfD-Mann Gauland Wagenknecht,ORG,0.7,0.0,de,1
Bloomberg News,Bloomberg News,ORG,0.0,0.0,de,1
SS-Symbole,SS-Symbole,ORG,-1.0,0.0,de,1
Frauensicherheitspaket,Frauensicherheitspaket,ORG,0.7,0.0,de,1
Herr Weinreuter,Herr Weinreuter,ORG,0.0,0.0,de,1
International Planned Parenthood Federation“,International Planned Parenthood Federation“,ORG,0.7,0.0,de,1
israelischen Streitkräften,israelischen Streitkräften,ORG,0.0,0.0,de,1
bera…,bera…,ORG,0.7,0.0,de,1
CN…,CN…,ORG,0.7,0.0,de,1
CNA Deutsch,CNA Deutsch,ORG,0.7,0.0,de,1
Huthi-Rebellen +++ Kiew,Huthi-Rebellen +++ Kiew,ORG,0.15000000000000002,0.0,de,1
angegr…,angegr…,ORG,0.7,0.0,de,1
JOM Group,JOM Group,ORG,0.0,0.0,de,1
Rekordhoch +++,Rekordhoch +++,ORG,0.0,0.0,de,1
Großbri…,Großbri…,ORG,-0.7,0.0,de,1
Künstler*innen,Künstler*innen,ORG,0.0,0.0,de,1
Orbans System,Orbans System,ORG,0.0,0.0,de,1
Vestiaire Collective,Vestiaire Collective,ORG,0.0,0.0,de,1
vertret…,vertret…,ORG,0.0,0.0,de,1
Niedersachs…,Niedersachs…,ORG,0.0,0.0,de,1
CO-Buchhalter,CO-Buchhalter,ORG,0.0,0.0,de,1
Lokal +++ Liveblog,Lokal +++ Liveblog,ORG,0.7,0.0,de,1
Wahlhelfer +++ Gast,Wahlhelfer +++ Gast,ORG,0.7,0.0,de,1
Frankfurt +++ Hessens,Frankfurt +++ Hessens,ORG,0.7,0.0,de,1
Exitus der CS,Exitus der CS,ORG,0.0,0.0,de,1
Passagiere…,Passagiere…,ORG,-1.0,0.0,de,1
öffentl…,öffentl…,ORG,0.0,0.0,de,1
türkische Armee,türkische Armee,ORG,0.0,0.0,de,1
Beschluss,Beschluss,ORG,-0.7,0.0,de,1
BSW-Wahlprogramm,BSW-Wahlprogramm,ORG,0.0,0.0,de,1
Raffinerie +++,Raffinerie +++,ORG,0.0,0.0,de,1
Russland-Sanktionen +++ Wadephul,Russland-Sanktionen +++ Wadephul,ORG,-0.7,0.0,de,1
LNG +++,LNG +++,ORG,0.0,0.0,de,1
Frost-Tage,Frost-Tage,ORG,-0.7,0.0,de,1
Versu…,Versu…,ORG,-1.0,0.0,de,1
US-Waffenbestände,US-Waffenbestände,ORG,0.0,0.0,de,1
Gesellschaft in der Diskussion,Gesellschaft in der Diskussion,ORG,-1.0,0.0,de,1
F-15-Kampff,F-15-Kampff,ORG,0.0,0.0,de,1
US-Berufungsgericht,US-Berufungsgericht,ORG,-0.7,0.0,de,1
Zollfahnder,Zollfahnder,ORG,0.0,0.0,de,1
US-Anfragen,US-Anfragen,ORG,0.0,0.0,de,1
Nu…,Nu…,ORG,0.0,0.0,de,1
"Stiftung für Technologie, Innovation und Forschung Thüringen mitteil","Stiftung für Technologie, Innovation und Forschung Thüringen mitteil",ORG,0.0,0.0,de,1
Bierflasche,Bierflasche,ORG,0.0,0.0,de,1
Russland-Sanktionen +++ Tote,Russland-Sanktionen +++ Tote,ORG,0.0,0.0,de,1
newscom,newscom,ORG,0.0,0.0,de,1
dre…,dre…,ORG,1.0,0.0,de,1
Teheran sc,Teheran sc,ORG,0.7,0.0,de,1
Französischer Frachter,Französischer Frachter,ORG,0.0,0.0,de,1
US-Arbeitsmarkt,US-Arbeitsmarkt,ORG,-0.7,0.0,de,1
Reaktore…,Reaktore…,ORG,0.0,0.0,de,1
Atom-Raumschiff,Atom-Raumschiff,ORG,0.0,0.0,de,1
US-Luftwaffensoldat,US-Luftwaffensoldat,ORG,-0.7,0.0,de,1
F-15-Kampfjets,F-15-Kampfjets,ORG,0.0,0.0,de,1
Tayyip Erdoans,Tayyip Erdoans,ORG,0.0,0.0,de,1
Heidenheim,Heidenheim,ORG,0.0,0.0,de,1
Bundeswehrstandortes Mechernich …,Bundeswehrstandortes Mechernich …,ORG,0.0,0.0,de,1
Tierparks,Tierparks,ORG,0.0,0.0,de,1
++ Kuwait,++ Kuwait,ORG,0.0,0.0,de,1
Dienstagabend +++ Trump,Dienstagabend +++ Trump,ORG,-0.9,0.0,de,1
Iran +++ Iranischer Parlamentspräsident,Iran +++ Iranischer Parlamentspräsident,ORG,-0.9,0.0,de,1
Truth Social in…,Truth Social in…,ORG,0.0,0.0,de,1
Opec-Gruppe,Opec-Gruppe,ORG,0.0,0.0,de,1
Deutsche Anwaltverein,Deutsche Anwaltverein,ORG,-0.7,0.0,de,1
Iran-Konflikt +++,Iran-Konflikt +++,ORG,0.0,0.0,de,1
Europäische Organisation,Europäische Organisation,ORG,-1.0,0.0,de,1
Axios-Bibliothek,Axios-Bibliothek,ORG,0.0,0.0,de,1
Faisal-Moschee,Faisal-Moschee,ORG,0.0,0.0,de,1
Bedenken</li></ol,Bedenken</li></ol,ORG,-0.10000000000000002,0.0,de,1
Landesverband,Landesverband,ORG,0.0,0.0,de,1
Doha,Doha,ORG,0.0,0.0,de,1
Universität Bayreuth,Universität Bayreuth,ORG,0.7999999999999999,0.0,de,1
Internationalen Strafgerichtshof per Haftbefehl…,Internationalen Strafgerichtshof per Haftbefehl…,ORG,0.0,0.0,de,1
ausgegan…,ausgegan…,ORG,0.0,0.0,de,1
Situation Monitors,Situation Monitors,ORG,0.0,0.0,de,1
Ukraine +++ EU-Außenminister,Ukraine +++ EU-Außenminister,ORG,0.0,0.0,de,1
"USA 
","USA 
",ORG,-0.7,0.0,de,1
Syrer</li><li>,Syrer</li><li>,ORG,0.0,0.0,de,1
Supervulkan speit,Supervulkan speit,ORG,0.0,0.0,de,1
US-Finanzmini…,US-Finanzmini…,ORG,0.0,0.0,de,1
US-Geheimdienstes,US-Geheimdienstes,ORG,0.0,0.0,de,1
Indus…,Indus…,ORG,0.0,0.0,de,1
Bundesarbeitsgemeinschaft Wohnungslosenhilfe e.,Bundesarbeitsgemeinschaft Wohnungslosenhilfe e.,ORG,0.0,0.0,de,1
+++ Fußballstadion,+++ Fußballstadion,ORG,0.0,0.0,de,1
BAG W,BAG W,ORG,0.0,0.0,de,1
Luftfahrtmanagern hi…,Luftfahrtmanagern hi…,ORG,0.0,0.0,de,1
AfD-Erf…,AfD-Erf…,ORG,0.0,0.0,de,1
Dubai ade!,Dubai ade!,ORG,0.0,0.0,de,1
Union-Stars,Union-Stars,ORG,0.0,0.0,de,1
Raketenangriffe ++,Raketenangriffe ++,ORG,0.0,0.0,de,1
Green Club,Green Club,ORG,0.0,0.0,de,1
Ölpr…,Ölpr…,ORG,0.0,0.0,de,1
Endph…,Endph…,ORG,0.0,0.0,de,1
Nachrichtenportal One…,Nachrichtenportal One…,ORG,0.0,0.0,de,1
erneuerba…,erneuerba…,ORG,0.0,0.0,de,1
Ölinsel…,Ölinsel…,ORG,-0.7,0.0,de,1
Amazon & Co.,Amazon & Co.,ORG,0.0,0.0,de,1
Energies…,Energies…,ORG,0.0,0.0,de,1
+++ Iranische Fußballerinnen,+++ Iranische Fußballerinnen,ORG,0.7,0.0,de,1
Premie…,Premie…,ORG,0.0,0.0,de,1
Ortszei…,Ortszei…,ORG,0.0,0.0,de,1
US-Militärklinik,US-Militärklinik,ORG,0.0,0.0,de,1
Feuerpause …,Feuerpause …,ORG,-0.7,0.0,de,1
Streitkräften…,Streitkräften…,ORG,0.0,0.0,de,1
Israelisches Militär,Israelisches Militär,ORG,0.0,0.0,de,1
Oman +++ Uganda,Oman +++ Uganda,ORG,0.7,0.0,de,1
Iran +++ US-Vizepräsident,Iran +++ US-Vizepräsident,ORG,1.0,0.0,de,1
Internationalen Energi…,Internationalen Energi…,ORG,0.0,0.0,de,1
FIDESZ-Partei,FIDESZ-Partei,ORG,0.5,0.0,de,1
Premier…,Premier…,ORG,0.5,0.0,de,1
Eini…,Eini…,ORG,0.0,0.0,de,1
Staatsmedie…,Staatsmedie…,ORG,0.7,0.0,de,1
US-Piloten,US-Piloten,ORG,0.7,0.0,de,1
Funkgerät,Funkgerät,ORG,0.7,0.0,de,1
EU-Infos,EU-Infos,ORG,0.0,0.0,de,1
Lieferketten +++ Neuigkeiten,Lieferketten +++ Neuigkeiten,ORG,-1.0,0.0,de,1
Jahresanfa,Jahresanfa,ORG,0.0,0.0,de,1
Universal Music Group,Universal Music Group,ORG,0.0,0.0,de,1
"<li>UN Conference
on Trade and
De…","<li>UN Conference
on Trade and
De…",ORG,0.0,0.0,de,1
Ukrainekriegs +++  Haftstrafen,Ukrainekriegs +++  Haftstrafen,ORG,-0.6833333333333332,0.0,de,1
+++US-Präsident,+++US-Präsident,ORG,0.0,0.0,de,1
REUTER…,REUTER…,ORG,0.0,0.0,de,1
Internationale Atomenergiebe…,Internationale Atomenergiebe…,ORG,0.0,0.0,de,1
Energiekonzerns One-Dyas,Energiekonzerns One-Dyas,ORG,-1.0,0.0,de,1
Spanische Regierung,Spanische Regierung,ORG,0.0,0.0,de,1
USrael,USrael,ORG,0.0,0.0,de,1
Donau…,Donau…,ORG,1.0,0.0,de,1
Ölpreise kl,Ölpreise kl,ORG,0.0,0.0,de,1
PiS-Partei,PiS-Partei,ORG,0.0,0.0,de,1
US-Suchtrupps,US-Suchtrupps,ORG,0.0,0.0,de,1
picture alliance/Anado…,picture alliance/Anado…,ORG,0.0,0.0,de,1
action…,action…,ORG,0.0,0.0,de,1
Französische Rafale-Jets,Französische Rafale-Jets,ORG,-0.7,0.0,de,1
Französische Rafale-Kampfjets,Französische Rafale-Kampfjets,ORG,-0.7,0.0,de,1
Pipeline +++,Pipeline +++,ORG,-1.0,0.0,de,1
Russland Waffenruhe,Russland Waffenruhe,ORG,0.0,0.0,de,1
ble…,ble…,ORG,1.0,0.0,de,1
Selenskyj Russland…,Selenskyj Russland…,ORG,0.0,0.0,de,1
iranische Militär,iranische Militär,ORG,0.0,0.0,de,1
Führ…,Führ…,ORG,0.0,0.0,de,1
Irans Militärführung,Irans Militärführung,ORG,1.0,0.0,de,1
Handy-Standortdaten,Handy-Standortdaten,ORG,-1.0,0.0,de,1
Datenhändler,Datenhändler,ORG,0.0,0.0,de,1
Auße…,Auße…,ORG,0.0,0.0,de,1
Sicherheitsbehör…,Sicherheitsbehör…,ORG,0.0,0.0,de,1
koreanische Elektronik- und Chipkonzern Samsung Electronics,koreanische Elektronik- und Chipkonzern Samsung Electronics,ORG,0.7,0.0,de,1
Handelssc…,Handelssc…,ORG,-0.15000000000000002,0.0,de,1
FIFA-Ethikkommission,FIFA-Ethikkommission,ORG,-1.0,0.0,de,1
Allrad,Allrad,ORG,0.7,0.0,de,1
japanisches Vollhybrid-SUV,japanisches Vollhybrid-SUV,ORG,0.7,0.0,de,1
Rohstoffengpässe,Rohstoffengpässe,ORG,0.0,0.0,de,1
Rheingau Musik Festivals,Rheingau Musik Festivals,ORG,-1.0,0.0,de,1
House of Pianos,House of Pianos,ORG,0.0,0.0,de,1
liban…,liban…,ORG,0.0,0.0,de,1
SCHUFA-Integration,SCHUFA-Integration,ORG,0.0,0.0,de,1
Gebrauchtwagenhändlers Autoland AG,Gebrauchtwagenhändlers Autoland AG,ORG,0.0,0.0,de,1
Internationalen Energiebehörde IEA,Internationalen Energiebehörde IEA,ORG,-1.0,0.0,de,1
beherzig…,beherzig…,ORG,1.0,0.0,de,1
Spritkostenbremse,Spritkostenbremse,ORG,0.0,0.0,de,1
stupid!,stupid!,ORG,0.0,0.0,de,1
TUI ,TUI ,ORG,0.0,0.0,de,1
Auswirku…,Auswirku…,ORG,0.0,0.0,de,1
Ukraine +++ Sicherheitskräfte,Ukraine +++ Sicherheitskräfte,ORG,0.7,0.0,de,1
Ukraine-Energiekrise,Ukraine-Energiekrise,ORG,0.7,0.0,de,1
Friedrich-Bergius-Schule,Friedrich-Bergius-Schule,ORG,0.0,0.0,de,1
ordne…,ordne…,ORG,0.0,0.0,de,1
Staatsanwal…,Staatsanwal…,ORG,0.0,0.0,de,1
Luxusairline Qatar Airways,Luxusairline Qatar Airways,ORG,0.0,0.0,de,1
A7-ACU,A7-ACU,ORG,0.0,0.0,de,1
US-Kräften,US-Kräften,ORG,1.0,0.0,de,1
US-Luftstreitkräften,US-Luftstreitkräften,ORG,0.0,0.0,de,1
Fallsc…,Fallsc…,ORG,0.0,0.0,de,1
Windsors,Windsors,ORG,0.0,0.0,de,1
Beatrice,Beatrice,ORG,0.0,0.0,de,1
Iran weiterger…,Iran weiterger…,ORG,0.0,0.0,de,1
Nato-Partner Finnland,Nato-Partner Finnland,ORG,0.7,0.0,de,1
britischen Armee,britischen Armee,ORG,0.7,0.0,de,1
Kubicki,Kubicki,ORG,0.0,0.0,de,1
++ Robotaxi-Unternehmen,++ Robotaxi-Unternehmen,ORG,1.0,0.0,de,1
Respektsperson,Respektsperson,ORG,0.0,0.0,de,1
Iran +++ ,Iran +++ ,ORG,0.7,0.0,de,1
Abolfazl Sc…,Abolfazl Sc…,ORG,0.0,0.0,de,1
US-israelische Streitkräfte,US-israelische Streitkräfte,ORG,0.0,0.0,de,1
+++Iranische Medien,+++Iranische Medien,ORG,0.0,0.0,de,1
Aperol Spritz,Aperol Spritz,ORG,0.0,0.0,de,1
Eintracht Brau…,Eintracht Brau…,ORG,0.0,0.0,de,1
Flugplan +++,Flugplan +++,ORG,0.0,0.0,de,1
bestel…,bestel…,ORG,0.0,0.0,de,1
US-Einsatzfähigkeit,US-Einsatzfähigkeit,ORG,-1.0,0.0,de,1
Munitionsmangel,Munitionsmangel,ORG,-0.7,0.0,de,1
US-Waffendepots,US-Waffendepots,ORG,0.0,0.0,de,1
picture alliance/dpa/Vantor/AP,picture alliance/dpa/Vantor/AP,ORG,0.0,0.0,de,1
Natans +++,Natans +++,ORG,0.7,0.0,de,1
Irans Test,Irans Test,ORG,-0.7,0.0,de,1
Borussia …,Borussia …,ORG,0.0,0.0,de,1
Regierung autoritäre Tendenzen,Regierung autoritäre Tendenzen,ORG,-1.0,0.0,de,1
Regierung autoritäre Tendenzen vor -,Regierung autoritäre Tendenzen vor -,ORG,-1.0,0.0,de,1
strei…,strei…,ORG,0.0,0.0,de,1
Iran Ultimatum ++,Iran Ultimatum ++,ORG,0.0,0.0,de,1
Irans Kraftwerke,Irans Kraftwerke,ORG,-1.0,0.0,de,1
Rheinland-Pfalz +++ Angriff,Rheinland-Pfalz +++ Angriff,ORG,0.0,0.0,de,1
CDU-Generalsekretär Steiniger +++,CDU-Generalsekretär Steiniger +++,ORG,0.0,0.0,de,1
Partei der Deutungskampf,Partei der Deutungskampf,ORG,0.10000000000000002,0.0,de,1
Mini-Atomkraftwerke…,Mini-Atomkraftwerke…,ORG,0.7,0.0,de,1
Erdöl…,Erdöl…,ORG,0.0,0.0,de,1
US-Zugeständnissen,US-Zugeständnissen,ORG,0.0,0.0,de,1
fehlgeleitet +++ Ungarn,fehlgeleitet +++ Ungarn,ORG,0.7,0.0,de,1
Ole Book,Ole Book,ORG,0.0,0.0,de,1
Russlands Tropf,Russlands Tropf,ORG,0.0,0.0,de,1
Gouverneursbüro erk…,Gouverneursbüro erk…,ORG,0.0,0.0,de,1
Munit…,Munit…,ORG,0.0,0.0,de,1
Religiöse Fanatiker ve,Religiöse Fanatiker ve,ORG,0.0,0.0,de,1
Menschenrechtsorganisation Global Rights Compliance,Menschenrechtsorganisation Global Rights Compliance,ORG,-1.0,0.0,de,1
GRC,GRC,ORG,-1.0,0.0,de,1
Fieberkurve der Wirtschaft,Fieberkurve der Wirtschaft,ORG,0.0,0.0,de,1
KI-Inhalte,KI-Inhalte,ORG,-0.85,0.0,de,1
Art-Basel-Messe,Art-Basel-Messe,ORG,0.0,0.0,de,1
Hong Kong is back!,Hong Kong is back!,ORG,0.0,0.0,de,1
Großbank UBS,Großbank UBS,ORG,0.0,0.0,de,1
Japan-Quali,Japan-Quali,ORG,0.0,0.0,de,1
BILD-Liveticker,BILD-Liveticker,ORG,0.7,0.0,de,1
+++ Iran-nahe Gruppe,+++ Iran-nahe Gruppe,ORG,-1.0,0.0,de,1
World Wide Fund For Nature,World Wide Fund For Nature,ORG,0.0,0.0,de,1
Uruguay,Uruguay,ORG,-1.0,0.0,de,1
deutschen Unparteiischen,deutschen Unparteiischen,ORG,0.0,0.0,de,1
Racing-Bulls-Pilot Arvi…,Racing-Bulls-Pilot Arvi…,ORG,0.0,0.0,de,1
Verbr…,Verbr…,ORG,0.0,0.0,de,1
Play­station-5-Fans,Play­station-5-Fans,ORG,0.0,0.0,de,1
"Chernika""-Drohne","Chernika""-Drohne",ORG,0.0,0.0,de,1
Partei der Malocher,Partei der Malocher,ORG,0.0,0.0,de,1
Universitäten ++,Universitäten ++,ORG,-1.0,0.0,de,1
Opernstar Rolando Villazón,Opernstar Rolando Villazón,ORG,0.0,0.0,de,1
Opernstar Rolando Villazón“,Opernstar Rolando Villazón“,ORG,0.0,0.0,de,1
Mail-Account,Mail-Account,ORG,-1.0,0.0,de,1
Rumän…,Rumän…,ORG,0.0,0.0,de,1
Bayerns Regierungspartei,Bayerns Regierungspartei,ORG,-1.0,0.0,de,1
Howard/Pool Reuters,Howard/Pool Reuters,ORG,0.0,0.0,de,1
CO-Einsparung,CO-Einsparung,ORG,0.0,0.0,de,1
CEO-Namensranking,CEO-Namensranking,ORG,0.0,0.0,de,1
Neue Initiative,Neue Initiative,ORG,0.0,0.0,de,1
Potsdamer Institute,Potsdamer Institute,ORG,0.0,0.0,de,1
Leibniz-Forschungsgemeinschaft,Leibniz-Forschungsgemeinschaft,ORG,0.0,0.0,de,1
Beckham & Co,Beckham & Co,ORG,0.0,0.0,de,1
Leibniz-Institut für Astrophysik Potsdam,Leibniz-Institut für Astrophysik Potsdam,ORG,0.0,0.0,de,1
AIP,AIP,ORG,0.0,0.0,de,1
Fernandes Irans,Fernandes Irans,ORG,0.0,0.0,de,1
Energie-Wende für Industrie,Energie-Wende für Industrie,ORG,0.0,0.0,de,1
Air…,Air…,ORG,0.0,0.0,de,1
Minister Carsten Schneider,Minister Carsten Schneider,ORG,0.7,0.0,de,1
Kunst-Werke,Kunst-Werke,ORG,0.0,0.0,de,1
weiterhi…,weiterhi…,ORG,0.0,0.0,de,1
Zwischenwahlen,Zwischenwahlen,ORG,0.7,0.0,de,1
Rechnun…,Rechnun…,ORG,0.0,0.0,de,1
Deutsche Journalisten-Verband,Deutsche Journalisten-Verband,ORG,0.0,0.0,de,1
Gasanbieter,Gasanbieter,ORG,1.0,0.0,de,1
FDP-Landes-,FDP-Landes-,ORG,-0.7,0.0,de,1
Venus,Venus,ORG,0.0,0.0,de,1
Burritos essen,Burritos essen,ORG,-0.7,0.0,de,1
klei…,klei…,ORG,0.0,0.0,de,1
gew…,gew…,ORG,-0.7,0.0,de,1
Scout,Scout,ORG,0.0,0.0,de,1
Langenscheidt-Verlag,Langenscheidt-Verlag,ORG,0.0,0.0,de,1
crazy!,crazy!,ORG,0.0,0.0,de,1
Antisemitismusbeauftragter,Antisemitismusbeauftragter,ORG,0.0,0.0,de,1
Saubere Energie,Saubere Energie,ORG,0.0,0.0,de,1
Spaßkonto,Spaßkonto,ORG,0.0,0.0,de,1
EU-Unterstützungspakets,EU-Unterstützungspakets,ORG,0.7,0.0,de,1
Euro-Office,Euro-Office,ORG,0.0,0.0,de,1
Stärkste Armee,Stärkste Armee,ORG,1.0,0.0,de,1
Wettbewerbsfähigkei…,Wettbewerbsfähigkei…,ORG,0.0,0.0,de,1
Phishing-Angriff,Phishing-Angriff,ORG,0.0,0.0,de,1
Ankunf…,Ankunf…,ORG,0.0,0.0,de,1
Benzinpreis-K…,Benzinpreis-K…,ORG,1.0,0.0,de,1
Erdöl üb…,Erdöl üb…,ORG,0.0,0.0,de,1
Epilepsie,Epilepsie,ORG,0.7,0.0,de,1
Die Kommission,Die Kommission,ORG,0.0,0.0,de,1
baby,baby,ORG,0.0,0.0,de,1
frack!,frack!,ORG,0.0,0.0,de,1
Teheran +++,Teheran +++,ORG,0.0,0.0,de,1
Klima-Protest,Klima-Protest,ORG,0.7,0.0,de,1
Reiche Kungelei,Reiche Kungelei,ORG,0.7,0.0,de,1
internationale Linke,internationale Linke,ORG,0.0,0.0,de,1
EU ++ Mutmaßliche Saboteure,EU ++ Mutmaßliche Saboteure,ORG,0.0,0.0,de,1
TV-Journalist,TV-Journalist,ORG,0.0,0.0,de,1
Klimawan…,Klimawan…,ORG,0.0,0.0,de,1
Münchner Forschungs,Münchner Forschungs,ORG,0.0,0.0,de,1
Münchner ifo Instituts,Münchner ifo Instituts,ORG,0.0,0.0,de,1
Bitwarden-CLI,Bitwarden-CLI,ORG,1.0,0.0,de,1
Hightech Akkus,Hightech Akkus,ORG,0.0,0.0,de,1
Messenger-Dienst Signal,Messenger-Dienst Signal,ORG,0.0,0.0,de,1
Universitätsklinikum Heidelberg,Universitätsklinikum Heidelberg,ORG,0.0,0.0,de,1
Zahl hitzebedingter Todesfälle,Zahl hitzebedingter Todesfälle,ORG,0.0,0.0,de,1
Billionen Euro,Billionen Euro,ORG,0.0,0.0,de,1
Selenskyj di…,Selenskyj di…,ORG,0.0,0.0,de,1
Universität Aalborg,Universität Aalborg,ORG,0.0,0.0,de,1
Wahlplakate der Grünen,Wahlplakate der Grünen,ORG,1.0,0.0,de,1
Chancengleichheit …,Chancengleichheit …,ORG,1.0,0.0,de,1
Hoffnun…,Hoffnun…,ORG,0.0,0.0,de,1
DHL Group,DHL Group,ORG,0.7,0.0,de,1
veröffentlic…,veröffentlic…,ORG,0.0,0.0,de,1
Pakistan +++ Teheran,Pakistan +++ Teheran,ORG,0.0,0.0,de,1
EU-Mittel,EU-Mittel,ORG,0.0,0.0,de,1
bislan…,bislan…,ORG,-1.0,0.0,de,1
Finanzminister Bessent,Finanzminister Bessent,ORG,0.0,0.0,de,1
iPad Pro,iPad Pro,ORG,0.7,0.0,de,1
United,United,ORG,0.0,0.0,de,1
Ukraines Roboter-Offensive,Ukraines Roboter-Offensive,ORG,0.0,0.0,de,1
US-Fluggesellschaft,US-Fluggesellschaft,ORG,0.0,0.0,de,1
BP-C…,BP-C…,ORG,0.0,0.0,de,1
BP-Chefin,BP-Chefin,ORG,0.0,0.0,de,1
Petersberger …,Petersberger …,ORG,0.0,0.0,de,1
Ungarns AKW Paks,Ungarns AKW Paks,ORG,0.0,0.0,de,1
Kanzler Deutschland,Kanzler Deutschland,ORG,1.0,0.0,de,1
Riesen-Gewinne!,Riesen-Gewinne!,ORG,1.0,0.0,de,1
Attacken +++ Trump,Attacken +++ Trump,ORG,-1.0,0.0,de,1
MSC Francesca,MSC Francesca,ORG,0.0,0.0,de,1
Saudi Aramco,Saudi Aramco,ORG,0.7,0.0,de,1
Epaminod…,Epaminod…,ORG,0.0,0.0,de,1
Friday for Future,Friday for Future,ORG,0.7,0.0,de,1
Teh…,Teh…,ORG,0.0,0.0,de,1
Teheran +++ Iran,Teheran +++ Iran,ORG,0.0,0.0,de,1
Finanzb…,Finanzb…,ORG,1.0,0.0,de,1
EU-Importzölle,EU-Importzölle,ORG,0.0,0.0,de,1
Terror…,Terror…,ORG,-1.0,0.0,de,1
AMD Ryzen 5,AMD Ryzen 5,ORG,0.0,0.0,de,1
LaLiga,LaLiga,ORG,0.0,0.0,de,1
Terrororganisationen +++ Nordkorea,Terrororganisationen +++ Nordkorea,ORG,-1.0,0.0,de,1
Ostukraine +++,Ostukraine +++,ORG,-1.0,0.0,de,1
Unions-Klau…,Unions-Klau…,ORG,0.0,0.0,de,1
Iran-Vorschlag,Iran-Vorschlag,ORG,0.0,0.0,de,1
FMH-Finanzberatung,FMH-Finanzberatung,ORG,0.7,0.0,de,1
Deutsche Institut für Service-Qualität u…,Deutsche Institut für Service-Qualität u…,ORG,0.7,0.0,de,1
Finanzmarktes,Finanzmarktes,ORG,0.7,0.0,de,1
Enpal,Enpal,ORG,0.0,0.0,de,1
Bohrlöcher für Geothermie,Bohrlöcher für Geothermie,ORG,0.0,0.0,de,1
AMD Ryzen 7,AMD Ryzen 7,ORG,0.0,0.0,de,1
Zinsdilemma,Zinsdilemma,ORG,0.0,0.0,de,1
kremltreuen Medien,kremltreuen Medien,ORG,0.0,0.0,de,1
NVMe SSD,NVMe SSD,ORG,0.7,0.0,de,1
Nationale Maritime Konferenz,Nationale Maritime Konferenz,ORG,0.0,0.0,de,1
europäischen Forschungszentrum CERN,europäischen Forschungszentrum CERN,ORG,0.0,0.0,de,1
mass…,mass…,ORG,0.0,0.0,de,1
Wacker,Wacker,ORG,0.85,0.0,de,1
Iran …,Iran …,ORG,0.0,0.0,de,1
Siesta-Stimmung,Siesta-Stimmung,ORG,0.0,0.0,de,1
02.08.2026 05:25,02.08.2026 05:25,ORG,-1.0,0.0,de,1
EU-Einsparziele,EU-Einsparziele,ORG,0.0,0.0,de,1
Planet…,Planet…,ORG,0.0,0.0,de,1
One-Dyas,One-Dyas,ORG,-1.0,0.0,de,1
Ro…,Ro…,ORG,0.0,0.0,de,1
"niedersächsische Landesamt für Bergbau, Energie","niedersächsische Landesamt für Bergbau, Energie",ORG,0.0,0.0,de,1
Polizeihund Beast,Polizeihund Beast,ORG,0.0,0.0,de,1
++ Libanon,++ Libanon,ORG,0.0,0.0,de,1
Luftangriffen Israels ++,Luftangriffen Israels ++,ORG,0.0,0.0,de,1
GTA,GTA,ORG,0.0,0.0,de,1
Unionspolit…,Unionspolit…,ORG,0.0,0.0,de,1
staatliche iranische Fernsehen,staatliche iranische Fernsehen,ORG,0.0,0.0,de,1
Iran-Gespräche,Iran-Gespräche,ORG,0.0,0.0,de,1
Marine Minenjagd-Einheiten,Marine Minenjagd-Einheiten,ORG,0.0,0.0,de,1
Polizei Hannover,Polizei Hannover,ORG,0.7,0.0,de,1
Sieg-Rekord,Sieg-Rekord,ORG,-0.7,0.0,de,1
Hizbullah +++,Hizbullah +++,ORG,-1.0,0.0,de,1
Geisler-Fotopress,Geisler-Fotopress,ORG,1.0,0.0,de,1
Anthropic +++ Rekord-Preissprung,Anthropic +++ Rekord-Preissprung,ORG,0.0,0.0,de,1
Grenzen +++ Trump,Grenzen +++ Trump,ORG,0.0,0.0,de,1
Zapfsäule +++ Hapag-Lloyd,Zapfsäule +++ Hapag-Lloyd,ORG,0.0,0.0,de,1
Foundat…,Foundat…,ORG,0.0,0.0,de,1
DB Sicherheit,DB Sicherheit,ORG,-1.0,0.0,de,1
Oman +++ Trump,Oman +++ Trump,ORG,-1.0,0.0,de,1
Falschinfo…,Falschinfo…,ORG,0.0,0.0,de,1
Bundes-SPD,Bundes-SPD,ORG,0.0,0.0,de,1
Sparpaket,Sparpaket,ORG,0.0,0.0,de,1
Hackerangriff +++ Linnemann,Hackerangriff +++ Linnemann,ORG,0.35,0.0,de,1
Ukraine-Kommando,Ukraine-Kommando,ORG,0.0,0.0,de,1
wirk…,wirk…,ORG,0.7,0.0,de,1
Kölner Haie,Kölner Haie,ORG,0.0,0.0,de,1
US-Vize J.D.,US-Vize J.D.,ORG,0.0,0.0,de,1
Helium-Importen,Helium-Importen,ORG,0.0,0.0,de,1
Champions-League-Halbfinale,Champions-League-Halbfinale,ORG,1.0,0.0,de,1
Aptoide…,Aptoide…,ORG,0.7,0.0,de,1
eur…,eur…,ORG,0.0,0.0,de,1
Ukraine +++ Berlin,Ukraine +++ Berlin,ORG,0.7,0.0,de,1
Ayser-Çalık-Mittelschule,Ayser-Çalık-Mittelschule,ORG,0.0,0.0,de,1
rumänischen Luftwaffe,rumänischen Luftwaffe,ORG,0.0,0.0,de,1
Jabloko,Jabloko,ORG,0.7,0.0,de,1
FPA,FPA,ORG,0.0,0.0,de,1
iranischen Armee,iranischen Armee,ORG,0.0,0.0,de,1
deutschen Tennisfrauen,deutschen Tennisfrauen,ORG,0.7,0.0,de,1
Finanz-Bebens,Finanz-Bebens,ORG,0.0,0.0,de,1
kü…,kü…,ORG,0.0,0.0,de,1
Atomkraft-Rückkehr,Atomkraft-Rückkehr,ORG,0.0,0.0,de,1
Rhe…,Rhe…,ORG,0.0,0.0,de,1
betriff…,betriff…,ORG,0.0,0.0,de,1
Atomkraft‑Debatte,Atomkraft‑Debatte,ORG,0.0,0.0,de,1
Statistische Landesamt für März …,Statistische Landesamt für März …,ORG,0.0,0.0,de,1
Rohöl,Rohöl,ORG,1.0,0.0,de,1
EU-Klimaneutralität,EU-Klimaneutralität,ORG,0.0,0.0,de,1
Generalli…,Generalli…,ORG,0.0,0.0,de,1
Verbrennerwerke,Verbrennerwerke,ORG,0.0,0.0,de,1
Rutte +++,Rutte +++,ORG,0.7,0.0,de,1
US-Intervention,US-Intervention,ORG,0.0,0.0,de,1
US-Podcasts,US-Podcasts,ORG,0.0,0.0,de,1
Konfe…,Konfe…,ORG,0.0,0.0,de,1
Zweite Fußball-Bundesliga,Zweite Fußball-Bundesliga,ORG,0.7,0.0,de,1
++ Gespräche,++ Gespräche,ORG,0.0,0.0,de,1
Regierung +++,Regierung +++,ORG,-1.0,0.0,de,1
voranbr…,voranbr…,ORG,0.0,0.0,de,1
USA +++ Libanon,USA +++ Libanon,ORG,0.7,0.0,de,1
Scharfe Rhetorik,Scharfe Rhetorik,ORG,0.35,0.0,de,1
Fluglinien,Fluglinien,ORG,0.0,0.0,de,1
ipa-agency,ipa-agency,ORG,0.0,0.0,de,1
++ US-Delegation,++ US-Delegation,ORG,0.0,0.0,de,1
US-Aufklärer,US-Aufklärer,ORG,0.0,0.0,de,1
id Software,id Software,ORG,0.7,0.0,de,1
+++Kerosinknappheit!,+++Kerosinknappheit!,ORG,0.0,0.0,de,1
US-Vize,US-Vize,ORG,0.0,0.0,de,1
America First“-Politik,America First“-Politik,ORG,0.0,0.0,de,1
Vereinigten Sta…,Vereinigten Sta…,ORG,-1.0,0.0,de,1
Aufhe…,Aufhe…,ORG,0.0,0.0,de,1
+++ Grüne,+++ Grüne,ORG,-1.0,0.0,de,1
Scheitern ++,Scheitern ++,ORG,0.0,0.0,de,1
Osterwaffenruhe,Osterwaffenruhe,ORG,0.0,0.0,de,1
Messerangriff,Messerangriff,ORG,0.0,0.0,de,1
Rechtsmedizin-Or…,Rechtsmedizin-Or…,ORG,0.0,0.0,de,1
Wahrsche…,Wahrsche…,ORG,0.0,0.0,de,1
++ Paris,++ Paris,ORG,0.0,0.0,de,1
Hormus-Konferenz ++,Hormus-Konferenz ++,ORG,0.0,0.0,de,1
Friedensverhand…,Friedensverhand…,ORG,0.0,0.0,de,1
Flugabwehr made,Flugabwehr made,ORG,0.0,0.0,de,1
Thüringer Funke-Zeit…,Thüringer Funke-Zeit…,ORG,0.0,0.0,de,1
US-Militärangriff,US-Militärangriff,ORG,-1.0,0.0,de,1
europäische Akademienverbund,europäische Akademienverbund,ORG,0.0,0.0,de,1
Kiel Instituts,Kiel Instituts,ORG,0.0,0.0,de,1
EASAC,EASAC,ORG,0.0,0.0,de,1
jordanischen Fußball-Verbandes,jordanischen Fußball-Verbandes,ORG,0.0,0.0,de,1
Bremer…,Bremer…,ORG,0.7,0.0,de,1
Schweizer Eishockey-Nationalmannschaft,Schweizer Eishockey-Nationalmannschaft,ORG,0.0,0.0,de,1
US-Kriegsschiff,US-Kriegsschiff,ORG,0.0,0.0,de,1
Islamabad +++,Islamabad +++,ORG,0.0,0.0,de,1
iX3-Produktion,iX3-Produktion,ORG,1.0,0.0,de,1
Insidern,Insidern,ORG,0.85,0.0,de,1
dauerha…,dauerha…,ORG,0.0,0.0,de,1
EU-Kommissionspr…,EU-Kommissionspr…,ORG,-0.85,0.0,de,1
Grenzen +++ ,Grenzen +++ ,ORG,0.85,0.0,de,1
Petersberger Klimadialogs,Petersberger Klimadialogs,ORG,-0.7,0.0,de,1
Irans Außenministerium,Irans Außenministerium,ORG,0.0,0.0,de,1
Teleg…,Teleg…,ORG,0.0,0.0,de,1
Boutiquen,Boutiquen,ORG,0.0,0.0,de,1
USA +++ China,USA +++ China,ORG,-0.7,0.0,de,1
Frachter +++ Verunsicherung,Frachter +++ Verunsicherung,ORG,-0.7,0.0,de,1
Finanzmärkten +++,Finanzmärkten +++,ORG,-0.7,0.0,de,1
Zentralverbands,Zentralverbands,ORG,0.0,0.0,de,1
Anti-Atom-Bewegung,Anti-Atom-Bewegung,ORG,0.0,0.0,de,1
KI-Beratung,KI-Beratung,ORG,1.0,0.0,de,1
Südlibanon +++ Irans Außenministerium,Südlibanon +++ Irans Außenministerium,ORG,-0.7,0.0,de,1
+++ China,+++ China,ORG,-0.7,0.0,de,1
Frachter +++,Frachter +++,ORG,-0.7,0.0,de,1
Zentrum des Küstengebiets,Zentrum des Küstengebiets,ORG,0.0,0.0,de,1
Öl lukriert,Öl lukriert,ORG,0.0,0.0,de,1
Aut…,Aut…,ORG,0.0,0.0,de,1
US-Sanktionen für russisches Öl,US-Sanktionen für russisches Öl,ORG,0.0,0.0,de,1
Instituts für Makroökonomie…,Instituts für Makroökonomie…,ORG,0.0,0.0,de,1
USA blocki…,USA blocki…,ORG,0.0,0.0,de,1
Bußge…,Bußge…,ORG,0.0,0.0,de,1
Waffenruhe +++ Trump,Waffenruhe +++ Trump,ORG,0.0,0.0,de,1
“ bevorstehend +++,“ bevorstehend +++,ORG,0.0,0.0,de,1
Groß!,Groß!,ORG,0.7,0.0,de,1
Ericsson,Ericsson,ORG,0.7,0.0,de,1
Atomstaub,Atomstaub,ORG,0.7,0.0,de,1
STEPHAN FINSTERBUSCH,STEPHAN FINSTERBUSCH,ORG,0.0,0.0,de,1
Stelldi…,Stelldi…,ORG,0.0,0.0,de,1
US-Forderung,US-Forderung,ORG,0.0,0.0,de,1
Kon… Bundeswehr,Kon… Bundeswehr,ORG,-1.0,0.0,de,1
Marine-Mission,Marine-Mission,ORG,0.0,0.0,de,1
Seeminen +++ Trump,Seeminen +++ Trump,ORG,0.0,0.0,de,1
Partei b…,Partei b…,ORG,0.15000000000000002,0.0,de,1
Nac…,Nac…,ORG,0.0,0.0,de,1
Irans Parlamentspräsident,Irans Parlamentspräsident,ORG,0.0,0.0,de,1
konkr…,konkr…,ORG,0.0,0.0,de,1
CDU-Minist…,CDU-Minist…,ORG,0.0,0.0,de,1
Trümmer…,Trümmer…,ORG,0.0,0.0,de,1
russischem Öl ++,russischem Öl ++,ORG,1.0,0.0,de,1
LIV-Golftour,LIV-Golftour,ORG,0.0,0.0,de,1
rüc…,rüc…,ORG,-0.35,0.0,de,1
FIFA-Präsidentschaft,FIFA-Präsidentschaft,ORG,0.0,0.0,de,1
Harvard University,Harvard University,ORG,0.0,0.0,de,1
pro-iranische Hisbollah,pro-iranische Hisbollah,ORG,0.0,0.0,de,1
Giftschrank,Giftschrank,ORG,0.0,0.0,de,1
USA Geheimdienst-Deal,USA Geheimdienst-Deal,ORG,0.0,0.0,de,1
Israels…,Israels…,ORG,0.7,0.0,de,1
SPD…,SPD…,ORG,0.7,0.0,de,1
as Washington builds up its military capability,as Washington builds up its military capability,ORG,0.0,0.0,de,1
Coventry,Coventry,ORG,0.7,0.0,de,1
"New Start""-Abkommens","New Start""-Abkommens",ORG,0.0,0.0,de,1
Vereins Ukrainehilfe Birstein und Brachttal,Vereins Ukrainehilfe Birstein und Brachttal,ORG,0.7,0.0,de,1
Formschwächstes Team Europas,Formschwächstes Team Europas,ORG,0.0,0.0,de,1
Ukraine-Darlehen,Ukraine-Darlehen,ORG,0.0,0.0,de,1
Kinderschutzbund Bezirksverband Halle,Kinderschutzbund Bezirksverband Halle,ORG,0.0,0.0,de,1
Jugendhilfe…,Jugendhilfe…,ORG,0.7,0.0,de,1
Stiftung Naturschutz Schleswig-Holstein,Stiftung Naturschutz Schleswig-Holstein,ORG,0.7,0.0,de,1
Schleswig-Holsteinischen Landesforsten,Schleswig-Holsteinischen Landesforsten,ORG,0.7,0.0,de,1
US-Nachric…,US-Nachric…,ORG,0.0,0.0,de,1
Oberbürger…,Oberbürger…,ORG,0.0,0.0,de,1
Putins Kriegsziele,Putins Kriegsziele,ORG,1.0,0.0,de,1
Ukraine Deutschland,Ukraine Deutschland,ORG,0.0,0.0,de,1
Putins Luftterror,Putins Luftterror,ORG,-1.0,0.0,de,1
Wolodymyr Polevyi,Wolodymyr Polevyi,ORG,0.7,0.0,de,1
Deutschlands Militärausgaben,Deutschlands Militärausgaben,ORG,0.0,0.0,de,1
erwa…,erwa…,ORG,0.0,0.0,de,1
EU-Vorgaben,EU-Vorgaben,ORG,0.0,0.0,de,1
Hamburgischen Bürgerschaft der Ukraine,Hamburgischen Bürgerschaft der Ukraine,ORG,0.7,0.0,de,1
Zusti…,Zusti…,ORG,0.7,0.0,de,1
+++Unglaubliches Drama!,+++Unglaubliches Drama!,ORG,0.0,0.0,de,1
Rocker-Durchsuchung,Rocker-Durchsuchung,ORG,0.0,0.0,de,1
Partei Fidesz,Partei Fidesz,ORG,0.0,0.0,de,1
bitt…,bitt…,ORG,0.0,0.0,de,1
"Berlin
","Berlin
",ORG,-1.0,0.0,de,1
RevierkämpfeTürkische,RevierkämpfeTürkische,ORG,-1.0,0.0,de,1
deutsche Gesellschaft,deutsche Gesellschaft,ORG,0.35,0.0,de,1
Berliner Sports,Berliner Sports,ORG,0.0,0.0,de,1
Starlink-Sperre Russlands Armee,Starlink-Sperre Russlands Armee,ORG,0.0,0.0,de,1
"Nanny""-Staat","Nanny""-Staat",ORG,1.0,0.0,de,1
General Electric,General Electric,ORG,0.7,0.0,de,1
Insel Geschm +++ Araghtschi,Insel Geschm +++ Araghtschi,ORG,-1.0,0.0,de,1
Putins KriegGroßstadt,Putins KriegGroßstadt,ORG,-1.0,0.0,de,1
Russland vielleich…,Russland vielleich…,ORG,0.0,0.0,de,1
Panama Picture,Panama Picture,ORG,0.0,0.0,de,1
vergle…,vergle…,ORG,0.0,0.0,de,1
Trump-Entscheidung,Trump-Entscheidung,ORG,-1.0,0.0,de,1
Falcon-9,Falcon-9,ORG,0.7,0.0,de,1
Ukrainer Russland,Ukrainer Russland,ORG,0.0,0.0,de,1
FC Internationale Berlin,FC Internationale Berlin,ORG,0.0,0.0,de,1
SS-Großvater,SS-Großvater,ORG,0.0,0.0,de,1
ausgebild…,ausgebild…,ORG,0.0,0.0,de,1
Wissens…,Wissens…,ORG,0.7,0.0,de,1
Helmholtz-Zentrums für Umweltforschung,Helmholtz-Zentrums für Umweltforschung,ORG,0.0,0.0,de,1
UFZ,UFZ,ORG,0.0,0.0,de,1
Erpressung!,Erpressung!,ORG,0.0,0.0,de,1
Donnerst…,Donnerst…,ORG,0.0,0.0,de,1
unsc…,unsc…,ORG,0.0,0.0,de,1
Deutsche Reisebranche,Deutsche Reisebranche,ORG,0.0,0.0,de,1
Mucha +++ Trump,Mucha +++ Trump,ORG,0.0,0.0,de,1
SRF,SRF,ORG,0.0,0.0,de,1
United Healthcare,United Healthcare,ORG,-1.0,0.0,de,1
Schweizer Bank,Schweizer Bank,ORG,-0.7,0.0,de,1
Reaper-Drohnen,Reaper-Drohnen,ORG,-0.7,0.0,de,1
Germany Trade &amp,Germany Trade &amp,ORG,0.0,0.0,de,1
Iltalehti,Iltalehti,ORG,0.0,0.0,de,1
Emirates,Emirates,ORG,0.0,0.0,de,1
stab…,stab…,ORG,0.3333333333333333,0.0,de,1
MWC,MWC,ORG,0.0,0.0,de,1
IMAGO/IMAGO,IMAGO/IMAGO,ORG,0.7,0.0,de,1
US-Vize Vance,US-Vize Vance,ORG,0.0,0.0,de,1
Athletenp…,Athletenp…,ORG,0.0,0.0,de,1
Rudolstadt Festival,Rudolstadt Festival,ORG,0.0,0.0,de,1
Deutschen Werbefilmakademie,Deutschen Werbefilmakademie,ORG,0.0,0.0,de,1
KI-Produktionen,KI-Produktionen,ORG,1.0,0.0,de,1
Deutschlands Handwerkern,Deutschlands Handwerkern,ORG,0.0,0.0,de,1
Zentralverband des Deutschen Ha…,Zentralverband des Deutschen Ha…,ORG,0.0,0.0,de,1
Lebensmittel,Lebensmittel,ORG,0.0,0.0,de,1
Verband ZDH,Verband ZDH,ORG,0.0,0.0,de,1
iran…,iran…,ORG,0.0,0.0,de,1
Deutschlands Handwerksbetrieben,Deutschlands Handwerksbetrieben,ORG,1.0,0.0,de,1
Außenamtssprecher Ismail Baghai,Außenamtssprecher Ismail Baghai,ORG,0.0,0.0,de,1
Militärgeheimd…,Militärgeheimd…,ORG,0.0,0.0,de,1
Lebensmittel…,Lebensmittel…,ORG,0.0,0.0,de,1
Flüssigerdgases,Flüssigerdgases,ORG,-1.0,0.0,de,1
israelis…,israelis…,ORG,0.0,0.0,de,1
At…,At…,ORG,0.0,0.0,de,1
Kahla-Porzellanfabrik,Kahla-Porzellanfabrik,ORG,0.0,0.0,de,1
Finanztip-Chefredakteur Hermann-Josef Tenhagen,Finanztip-Chefredakteur Hermann-Josef Tenhagen,ORG,1.0,0.0,de,1
CTK,CTK,ORG,0.0,0.0,de,1
Gas global,Gas global,ORG,0.0,0.0,de,1
Anadolu Agency,Anadolu Agency,ORG,0.7,0.0,de,1
Radio Wien,Radio Wien,ORG,0.0,0.0,de,1
Industrie- und Handelskammern Nord,Industrie- und Handelskammern Nord,ORG,0.0,0.0,de,1
RFK,RFK,ORG,0.0,0.0,de,1
Ukrspecsystems,Ukrspecsystems,ORG,0.0,0.0,de,1
SMRs,SMRs,ORG,0.0,0.0,de,1
Nieders…,Nieders…,ORG,0.0,0.0,de,1
US-Doppelschlag,US-Doppelschlag,ORG,0.0,0.0,de,1
AUTO BILD-Gebrauchtwagenmarkt,AUTO BILD-Gebrauchtwagenmarkt,ORG,0.0,0.0,de,1
CasaliniM20,CasaliniM20,ORG,0.0,0.0,de,1
neuseeländische Fußballverband,neuseeländische Fußballverband,ORG,0.0,0.0,de,1
Trofeo,Trofeo,ORG,0.0,0.0,de,1
DCI,DCI,ORG,0.0,0.0,de,1
KLIMA,KLIMA,ORG,0.0,0.0,de,1
Carplay,Carplay,ORG,0.0,0.0,de,1
Ihne…,Ihne…,ORG,0.0,0.0,de,1
Verbots Luxusautos,Verbots Luxusautos,ORG,0.0,0.0,de,1
Heizungsbesitzer,Heizungsbesitzer,ORG,0.0,0.0,de,1
Israel +++ Trump,Israel +++ Trump,ORG,0.0,0.0,de,1
Militäroperation +++,Militäroperation +++,ORG,0.0,0.0,de,1
ame…,ame…,ORG,0.0,0.0,de,1
Fernsehen +++ ,Fernsehen +++ ,ORG,0.0,0.0,de,1
Nordostukraine +++ Selenskyj,Nordostukraine +++ Selenskyj,ORG,0.0,0.0,de,1
vorges…,vorges…,ORG,0.0,0.0,de,1
gesp…,gesp…,ORG,0.0,0.0,de,1
CO2-Ausstosses,CO2-Ausstosses,ORG,0.0,0.0,de,1
KI-Tool,KI-Tool,ORG,0.0,0.0,de,1
SNS,SNS,ORG,-1.0,0.0,de,1
Teuerungs…,Teuerungs…,ORG,0.0,0.0,de,1
Eurasia Group,Eurasia Group,ORG,-0.7,0.0,de,1
Klima-Kult,Klima-Kult,ORG,-1.0,0.0,de,1
behaup…,behaup…,ORG,0.0,0.0,de,1
Bhumjaithai vorn,Bhumjaithai vorn,ORG,0.7,0.0,de,1
Bundestagsausschusses für Wirtschaft und Energie,Bundestagsausschusses für Wirtschaft und Energie,ORG,-0.7,0.0,de,1
Hunde…,Hunde…,ORG,0.0,0.0,de,1
+++Erste deutsche Medaille!,+++Erste deutsche Medaille!,ORG,0.0,0.0,de,1
"Vonn-Drama 
+++Erste","Vonn-Drama 
+++Erste",ORG,0.0,0.0,de,1
"Vonn-Drama 
+","Vonn-Drama 
+",ORG,0.0,0.0,de,1
Frostwinter,Frostwinter,ORG,-1.0,0.0,de,1
Ökopartei der…,Ökopartei der…,ORG,0.0,0.0,de,1
Sic…,Sic…,ORG,0.7,0.0,de,1
Online-Kommentat…,Online-Kommentat…,ORG,0.0,0.0,de,1
Deutschen Presse-Agentur mittei…,Deutschen Presse-Agentur mittei…,ORG,0.0,0.0,de,1
Formel-1-Legende,Formel-1-Legende,ORG,1.0,0.0,de,1
AngriffE,AngriffE,ORG,0.0,0.0,de,1
Rhein-Main-Verkehrsverbundes,Rhein-Main-Verkehrsverbundes,ORG,0.0,0.0,de,1
Fortschritts +++ Russland,Fortschritts +++ Russland,ORG,-1.0,0.0,de,1
General +++ Kind,General +++ Kind,ORG,-1.0,0.0,de,1
Olympia-Athleten,Olympia-Athleten,ORG,1.0,0.0,de,1
Ukrainischer Skeleton-Pilot,Ukrainischer Skeleton-Pilot,ORG,0.0,0.0,de,1
kün…,kün…,ORG,1.0,0.0,de,1
picture allianc…,picture allianc…,ORG,0.0,0.0,de,1
Sport Russland,Sport Russland,ORG,0.0,0.0,de,1
SC Magdebur…,SC Magdebur…,ORG,0.0,0.0,de,1
Münchner Panther,Münchner Panther,ORG,0.0,0.0,de,1
Entwar…,Entwar…,ORG,0.0,0.0,de,1
New …,New …,ORG,0.7,0.0,de,1
kürzli…,kürzli…,ORG,0.0,0.0,de,1
Reaktors …,Reaktors …,ORG,0.0,0.0,de,1
Schwu…,Schwu…,ORG,0.0,0.0,de,1
House Judiciary Committee Jim Jordan,House Judiciary Committee Jim Jordan,ORG,0.0,0.0,de,1
Olympia-Sponsor,Olympia-Sponsor,ORG,0.0,0.0,de,1
Mailand +++ Niederlage,Mailand +++ Niederlage,ORG,0.0,0.0,de,1
Eishockey-Frauen +++ Vonn,Eishockey-Frauen +++ Vonn,ORG,0.0,0.0,de,1
ICE-Einsatz +++ Cyber-Attacke,ICE-Einsatz +++ Cyber-Attacke,ORG,0.0,0.0,de,1
Schü…,Schü…,ORG,0.0,0.0,de,1
Thermal Grizzly,Thermal Grizzly,ORG,0.0,0.0,de,1
picture alliance/dpa/AP/Sergei Grits,picture alliance/dpa/AP/Sergei Grits,ORG,-0.7,0.0,de,1
Territo…,Territo…,ORG,0.0,0.0,de,1
anstre…,anstre…,ORG,0.5666666666666667,0.0,de,1
US-Ausschuss,US-Ausschuss,ORG,0.0,0.0,de,1
US-Kongressbericht,US-Kongressbericht,ORG,0.0,0.0,de,1
START-Vertrages,START-Vertrages,ORG,0.0,0.0,de,1
MBC,MBC,ORG,1.0,0.0,de,1
US-Rappers,US-Rappers,ORG,0.0,0.0,de,1
Öffentlichrechtlichen Fernsehsendern,Öffentlichrechtlichen Fernsehsendern,ORG,-1.0,0.0,de,1
Neuen START-Vertrags,Neuen START-Vertrags,ORG,0.0,0.0,de,1
Deutsche Waffenexporte,Deutsche Waffenexporte,ORG,0.7,0.0,de,1
Podcast diskutier…,Podcast diskutier…,ORG,0.7,0.0,de,1
Verhandlungstisch +++ Schütze,Verhandlungstisch +++ Schütze,ORG,-1.0,0.0,de,1
Militärgeheimdiensts GRU,Militärgeheimdiensts GRU,ORG,-1.0,0.0,de,1
angekü…,angekü…,ORG,0.0,0.0,de,1
Skandal-Rapper Kanye West,Skandal-Rapper Kanye West,ORG,0.0,0.0,de,1
Energie-Infrastruktur …,Energie-Infrastruktur …,ORG,-0.5,0.0,de,1
zuv…,zuv…,ORG,0.0,0.0,de,1
Blohm + Voss,Blohm + Voss,ORG,0.0,0.0,de,1
IfW Kiel,IfW Kiel,ORG,0.7,0.0,de,1
Eurobonds,Eurobonds,ORG,0.0,0.0,de,1
POLITIK,POLITIK,ORG,0.0,0.0,de,1
Fußball-Zweitligist Schalke 04,Fußball-Zweitligist Schalke 04,ORG,0.0,0.0,de,1
KI-Firmen,KI-Firmen,ORG,0.7,0.0,de,1
Deutsche Akademische Austauschdienst,Deutsche Akademische Austauschdienst,ORG,0.0,0.0,de,1
InflationRussische,InflationRussische,ORG,0.7,0.0,de,1
picture alliance…,picture alliance…,ORG,0.0,0.0,de,1
US-Arbeitsministeriums,US-Arbeitsministeriums,ORG,0.0,0.0,de,1
pepphoto,pepphoto,ORG,0.0,0.0,de,1
Nawalny-Te…,Nawalny-Te…,ORG,0.0,0.0,de,1
Deutschem Wetterdienst,Deutschem Wetterdienst,ORG,-0.7,0.0,de,1
aufgebroc…,aufgebroc…,ORG,0.0,0.0,de,1
Schreckschusswaffe +++ ,Schreckschusswaffe +++ ,ORG,-0.7,0.0,de,1
US-Rahmenabkommen,US-Rahmenabkommen,ORG,0.0,0.0,de,1
Konkre…,Konkre…,ORG,0.0,0.0,de,1
Herbstein +++ Schauer,Herbstein +++ Schauer,ORG,-0.7,0.0,de,1
Unte…,Unte…,ORG,0.7,0.0,de,1
Partei Reiche,Partei Reiche,ORG,0.7,0.0,de,1
Co-Production Markets,Co-Production Markets,ORG,0.0,0.0,de,1
Fil…,Fil…,ORG,0.0,0.0,de,1
Wiederholungsgefa…,Wiederholungsgefa…,ORG,0.0,0.0,de,1
Coca Cola,Coca Cola,ORG,0.7,0.0,de,1
Kar…,Kar…,ORG,0.0,0.0,de,1
LNG-Schwemme,LNG-Schwemme,ORG,0.0,0.0,de,1
Tis…,Tis…,ORG,0.0,0.0,de,1
Kramators…,Kramators…,ORG,0.0,0.0,de,1
Deutschen Akademischen Austauschdienstes,Deutschen Akademischen Austauschdienstes,ORG,0.0,0.0,de,1
Mobilitätsmi…,Mobilitätsmi…,ORG,0.0,0.0,de,1
Arktis +++ Bericht,Arktis +++ Bericht,ORG,0.0,0.0,de,1
Covid,Covid,ORG,0.0,0.0,de,1
Vorschlagsdokument herv…,Vorschlagsdokument herv…,ORG,0.0,0.0,de,1
Kiel Institut: Europa,Kiel Institut: Europa,ORG,0.0,0.0,de,1
militäris…,militäris…,ORG,0.0,0.0,de,1
Treibhaus-Erde,Treibhaus-Erde,ORG,-0.7,0.0,de,1
Speicher-Krise,Speicher-Krise,ORG,0.0,0.0,de,1
FCS,FCS,ORG,0.0,0.0,de,1
Gianni Infantino,Gianni Infantino,ORG,0.0,0.0,de,1
Zumba &amp,Zumba &amp,ORG,0.0,0.0,de,1
europäischen Ve,europäischen Ve,ORG,-1.0,0.0,de,1
Arktis-Einsatz,Arktis-Einsatz,ORG,0.0,0.0,de,1
Messenger-App Telegram,Messenger-App Telegram,ORG,0.0,0.0,de,1
sn,sn,ORG,0.0,0.0,de,1
Bund für mehr Sicherheit,Bund für mehr Sicherheit,ORG,0.0,0.0,de,1
Ridge,Ridge,ORG,0.0,0.0,de,1
Donn…,Donn…,ORG,0.0,0.0,de,1
VisierUkraine,VisierUkraine,ORG,0.0,0.0,de,1
CNES,CNES,ORG,0.0,0.0,de,1
Maxar Technol…,Maxar Technol…,ORG,0.0,0.0,de,1
mexikanischen Marine,mexikanischen Marine,ORG,-0.7,0.0,de,1
Epizentr,Epizentr,ORG,0.0,0.0,de,1
Environmental Protection Agency,Environmental Protection Agency,ORG,0.0,0.0,de,1
Filmfestspiele Berlin,Filmfestspiele Berlin,ORG,0.0,0.0,de,1
Sofor…,Sofor…,ORG,0.0,0.0,de,1
Inflationsdaten,Inflationsdaten,ORG,0.7,0.0,de,1
ungarische …,ungarische …,ORG,0.0,0.0,de,1
Gas Journal</li><li,Gas Journal</li><li,ORG,0.0,0.0,de,1
PR-Offensiven,PR-Offensiven,ORG,0.0,0.0,de,1
Russen gera…,Russen gera…,ORG,0.0,0.0,de,1
ZF-Chef,ZF-Chef,ORG,-1.0,0.0,de,1
EU-Einreiseverbots,EU-Einreiseverbots,ORG,0.0,0.0,de,1
Darst…,Darst…,ORG,0.0,0.0,de,1
russischen Justizministeriums,russischen Justizministeriums,ORG,0.0,0.0,de,1
Drohnenangriff +++ Iran,Drohnenangriff +++ Iran,ORG,0.0,0.0,de,1
Organisation Netblocks,Organisation Netblocks,ORG,0.7,0.0,de,1
liberale Partei Jabloko,liberale Partei Jabloko,ORG,0.7,0.0,de,1
Straße von Hormus +++ US-Armee,Straße von Hormus +++ US-Armee,ORG,0.0,0.0,de,1
Kostenfalle Gas,Kostenfalle Gas,ORG,0.0,0.0,de,1
Irans ve…,Irans ve…,ORG,0.0,0.0,de,1
DSL,DSL,ORG,0.7,0.0,de,1
Erstligisten,Erstligisten,ORG,0.0,0.0,de,1
Shahed-Drohnen +++  ,Shahed-Drohnen +++  ,ORG,0.0,0.0,de,1
Bub,Bub,ORG,-1.0,0.0,de,1
Fußball-Zweitligist VfL Bochum,Fußball-Zweitligist VfL Bochum,ORG,0.0,0.0,de,1
Erdoğan Iran,Erdoğan Iran,ORG,0.0,0.0,de,1
KI-Steuerung,KI-Steuerung,ORG,0.0,0.0,de,1
Söders,Söders,ORG,0.0,0.0,de,1
US-Militärmission,US-Militärmission,ORG,0.0,0.0,de,1
Straße von Hormus +++ Israels Armee,Straße von Hormus +++ Israels Armee,ORG,0.0,0.0,de,1
Libanon +++ Iran,Libanon +++ Iran,ORG,0.0,0.0,de,1
Reisebus ro…,Reisebus ro…,ORG,0.0,0.0,de,1
pakistanische Militär,pakistanische Militär,ORG,0.0,0.0,de,1
Allgemeinhei…,Allgemeinhei…,ORG,0.0,0.0,de,1
AfD-Mitgliedschaft,AfD-Mitgliedschaft,ORG,0.0,0.0,de,1
Selenskyj EU-Kredit,Selenskyj EU-Kredit,ORG,1.0,0.0,de,1
Luftver…,Luftver…,ORG,0.0,0.0,de,1
"Patriot""-Paket","Patriot""-Paket",ORG,0.0,0.0,de,1
Zapfsäulen a…,Zapfsäulen a…,ORG,-0.7,0.0,de,1
Cloud,Cloud,ORG,0.7,0.0,de,1
US-Stützpunkten +++ Iran,US-Stützpunkten +++ Iran,ORG,-0.3333333333333333,0.0,de,1
Niederlage +++,Niederlage +++,ORG,-0.3333333333333333,0.0,de,1
Reuters12.03.2026,Reuters12.03.2026,ORG,0.0,0.0,de,1
ChatGPT-Entwicklers,ChatGPT-Entwicklers,ORG,0.0,0.0,de,1
CM5-Mainboard,CM5-Mainboard,ORG,0.0,0.0,de,1
NCEI,NCEI,ORG,0.0,0.0,de,1
islamisc…,islamisc…,ORG,0.0,0.0,de,1
Rene Traut Fotografie,Rene Traut Fotografie,ORG,1.0,0.0,de,1
Dacia,Dacia,ORG,0.0,0.0,de,1
Streitkräfte Israels,Streitkräfte Israels,ORG,0.0,0.0,de,1
Tokio13.03.2026,Tokio13.03.2026,ORG,0.0,0.0,de,1
Frankfurter FMH-Finanzberatung,Frankfurter FMH-Finanzberatung,ORG,0.0,0.0,de,1
US-Tankflugzeug,US-Tankflugzeug,ORG,0.0,0.0,de,1
Mannheimer MVV Energie AG,Mannheimer MVV Energie AG,ORG,0.0,0.0,de,1
Sanktionen +++ Deutschland,Sanktionen +++ Deutschland,ORG,0.7,0.0,de,1
Iran-Flüchtenden +++ Trump,Iran-Flüchtenden +++ Trump,ORG,0.7,0.0,de,1
Irans Regime,Irans Regime,ORG,0.7,0.0,de,1
Mediengrupp…,Mediengrupp…,ORG,-0.7,0.0,de,1
Rivian,Rivian,ORG,0.7,0.0,de,1
ntv Frühstart,ntv Frühstart,ORG,0.0,0.0,de,1
Langstrecken-Abfa…,Langstrecken-Abfa…,ORG,0.0,0.0,de,1
Irak,Irak,ORG,0.7,0.0,de,1
Flugzeugabsturz,Flugzeugabsturz,ORG,0.0,0.0,de,1
AFC,AFC,ORG,0.7,0.0,de,1
Amerikas,Amerikas,ORG,0.0,0.0,de,1
Gesellschaft mit dem Klimawandel,Gesellschaft mit dem Klimawandel,ORG,0.15000000000000002,0.0,de,1
Iran +++ Bericht,Iran +++ Bericht,ORG,0.6999999999999998,0.0,de,1
US-Rüstungsindustrie,US-Rüstungsindustrie,ORG,0.0,0.0,de,1
Blockade Orbans,Blockade Orbans,ORG,1.0,0.0,de,1
liberalen Partei Jabloko,liberalen Partei Jabloko,ORG,0.7,0.0,de,1
Partei Jabloko,Partei Jabloko,ORG,0.7,0.0,de,1
Trade Repulic,Trade Repulic,ORG,0.0,0.0,de,1
Sekundar- und Gemeinschaftsschulen,Sekundar- und Gemeinschaftsschulen,ORG,0.0,0.0,de,1
Ungarns Ministerpr,Ungarns Ministerpr,ORG,0.0,0.0,de,1
Kriegskritischer Partei Jabloko,Kriegskritischer Partei Jabloko,ORG,0.0,0.0,de,1
AfD-Abgeordne…,AfD-Abgeordne…,ORG,-0.7,0.0,de,1
The Nation,The Nation,ORG,0.0,0.0,de,1
Irankrieg +++ Reiche,Irankrieg +++ Reiche,ORG,0.6999999999999998,0.0,de,1
Russlands Schattenflotte,Russlands Schattenflotte,ORG,0.0,0.0,de,1
Wirtschaftsauskunftei Creditreform im Jahr 2025,Wirtschaftsauskunftei Creditreform im Jahr 2025,ORG,-0.7,0.0,de,1
fre,fre,ORG,0.0,0.0,de,1
Spaniens Regierung,Spaniens Regierung,ORG,0.7,0.0,de,1
US-Schiffe,US-Schiffe,ORG,-0.7,0.0,de,1
Russland durrch,Russland durrch,ORG,-0.7,0.0,de,1
Saudi-Arabien +++ Iran,Saudi-Arabien +++ Iran,ORG,-0.7,0.0,de,1
Spani…,Spani…,ORG,0.0,0.0,de,1
Rev…,Rev…,ORG,-0.7,0.0,de,1
Uni Kiew,Uni Kiew,ORG,0.0,0.0,de,1
Flüssiggas-Infras…,Flüssiggas-Infras…,ORG,0.0,0.0,de,1
Putins Regierung,Putins Regierung,ORG,-0.15000000000000002,0.0,de,1
EU-Kommissi…,EU-Kommissi…,ORG,0.7,0.0,de,1
Katars LNG-Anlagen,Katars LNG-Anlagen,ORG,0.0,0.0,de,1
Bundesverband der Deutschen Binnenschifffahrt,Bundesverband der Deutschen Binnenschifffahrt,ORG,0.0,0.0,de,1
internationalen päpstlichen Hilfswerk,internationalen päpstlichen Hilfswerk,ORG,0.0,0.0,de,1
Nationalen Sicherheitsrates…,Nationalen Sicherheitsrates…,ORG,0.0,0.0,de,1
ACN,ACN,ORG,0.0,0.0,de,1
unterschät…,unterschät…,ORG,0.0,0.0,de,1
europäischen Interessenverbands,europäischen Interessenverbands,ORG,0.0,0.0,de,1
sozialistische Regierung des Landes Investitionen,sozialistische Regierung des Landes Investitionen,ORG,0.15000000000000002,0.0,de,1
Foundation Robotics Lab,Foundation Robotics Lab,ORG,0.0,0.0,de,1
EU-Experten,EU-Experten,ORG,0.0,0.0,de,1
Druschba…,Druschba…,ORG,0.0,0.0,de,1
Branchenex…,Branchenex…,ORG,0.0,0.0,de,1
Russland +++ Fünf,Russland +++ Fünf,ORG,0.7,0.0,de,1
Ölk…,Ölk…,ORG,0.0,0.0,de,1
Vortag +++ Israel,Vortag +++ Israel,ORG,0.7,0.0,de,1
CEO …,CEO …,ORG,0.0,0.0,de,1
BDB,BDB,ORG,0.0,0.0,de,1
Russland-Sanktione…,Russland-Sanktione…,ORG,0.0,0.0,de,1
Trump Bedingungen +++ Baldige Öffnung,Trump Bedingungen +++ Baldige Öffnung,ORG,0.0,0.0,de,1
Geheimdienstministers +++ ,Geheimdienstministers +++ ,ORG,0.7,0.0,de,1
Barrel +++  ,Barrel +++  ,ORG,0.7,0.0,de,1
Span…,Span…,ORG,0.0,0.0,de,1
Aktienmarkt-Stabilität,Aktienmarkt-Stabilität,ORG,0.0,0.0,de,1
Irankonflikts,Irankonflikts,ORG,-0.7,0.0,de,1
Bür…,Bür…,ORG,0.0,0.0,de,1
Not…,Not…,ORG,-0.7,0.0,de,1
SBU besc,SBU besc,ORG,0.0,0.0,de,1
Europäische Union politisc…,Europäische Union politisc…,ORG,0.0,0.0,de,1
Nahost- und Sicherheitsexperten,Nahost- und Sicherheitsexperten,ORG,-0.5,0.0,de,1
Private Credit,Private Credit,ORG,0.0,0.0,de,1
IOC-Präsidentin,IOC-Präsidentin,ORG,0.0,0.0,de,1
Europäischen Kommissionspräsidentin,Europäischen Kommissionspräsidentin,ORG,0.0,0.0,de,1
Unga…,Unga…,ORG,0.0,0.0,de,1
MDR-Logo,MDR-Logo,ORG,0.0,0.0,de,1
++ ++,++ ++,ORG,0.0,0.0,de,1
EU-Mindestmaß,EU-Mindestmaß,ORG,0.0,0.0,de,1
Energiepreise!,Energiepreise!,ORG,0.0,0.0,de,1
israelischen Institut für Studien zur nationalen Sicherheit,israelischen Institut für Studien zur nationalen Sicherheit,ORG,0.0,0.0,de,1
INSS,INSS,ORG,0.0,0.0,de,1
Wasserstands…,Wasserstands…,ORG,-1.0,0.0,de,1
Freque…,Freque…,ORG,0.0,0.0,de,1
EU-Milliardenkredit,EU-Milliardenkredit,ORG,0.0,0.0,de,1
US-Produkt,US-Produkt,ORG,0.7,0.0,de,1
EU-Mitgliedstaate…,EU-Mitgliedstaate…,ORG,0.0,0.0,de,1
Team Ninja,Team Ninja,ORG,0.0,0.0,de,1
Noahs,Noahs,ORG,0.0,0.0,de,1
Gewerkschaft die Betriebsratswahl,Gewerkschaft die Betriebsratswahl,ORG,0.0,0.0,de,1
Tesla-Werk Grünheide,Tesla-Werk Grünheide,ORG,0.0,0.0,de,1
CDU-Fraktionsvorsitzende,CDU-Fraktionsvorsitzende,ORG,-0.7,0.0,de,1
Landtag,Landtag,ORG,-0.7,0.0,de,1
verhinder…,verhinder…,ORG,0.0,0.0,de,1
Internationalen Seeschifffahrtsorganisation,Internationalen Seeschifffahrtsorganisation,ORG,-0.7,0.0,de,1
IMO,IMO,ORG,-0.7,0.0,de,1
Verlag…,Verlag…,ORG,-1.0,0.0,de,1
Missi…,Missi…,ORG,0.0,0.0,de,1
BSW-Bundesvorsitzende,BSW-Bundesvorsitzende,ORG,0.0,0.0,de,1
Satellitenfirma Planet Labs,Satellitenfirma Planet Labs,ORG,0.0,0.0,de,1
US-Flugzeugträger,US-Flugzeugträger,ORG,0.0,0.0,de,1
russischen Außenministerium,russischen Außenministerium,ORG,0.0,0.0,de,1
rich…,rich…,ORG,0.0,0.0,de,1
eNu,eNu,ORG,0.0,0.0,de,1
Umweltschäden +++,Umweltschäden +++,ORG,1.0,0.0,de,1
IO…,IO…,ORG,0.0,0.0,de,1
deutsche Bundeswehr,deutsche Bundeswehr,ORG,0.0,0.0,de,1
geschöntRussland,geschöntRussland,ORG,-1.0,0.0,de,1
Kriegsbeginn!,Kriegsbeginn!,ORG,0.0,0.0,de,1
Iran +++ Emirate,Iran +++ Emirate,ORG,1.0,0.0,de,1
staatliche emi…,staatliche emi…,ORG,-1.0,0.0,de,1
Iran finanzi…,Iran finanzi…,ORG,0.35,0.0,de,1
IOM-Chefin,IOM-Chefin,ORG,-0.7,0.0,de,1
US-Erzeugerpreisen,US-Erzeugerpreisen,ORG,0.7,0.0,de,1
Energie- und Umweltagentur,Energie- und Umweltagentur,ORG,0.0,0.0,de,1
Zwei-Euro-Marke,Zwei-Euro-Marke,ORG,0.0,0.0,de,1
Ungarische Mission,Ungarische Mission,ORG,0.0,0.0,de,1
Flammen +++ Neue Angriffswelle,Flammen +++ Neue Angriffswelle,ORG,-0.7,0.0,de,1
Teheran +++ Israelische Luftwaffe,Teheran +++ Israelische Luftwaffe,ORG,-0.7,0.0,de,1
Donnerstagmo…,Donnerstagmo…,ORG,0.0,0.0,de,1
Instituts für Öffentliches Recht und Direktor,Instituts für Öffentliches Recht und Direktor,ORG,1.0,0.0,de,1
Instituts für Völkerrecht,Instituts für Völkerrecht,ORG,1.0,0.0,de,1
Universität Bonn,Universität Bonn,ORG,1.0,0.0,de,1
Weimer vertei,Weimer vertei,ORG,0.0,0.0,de,1
Montag +++ Iran,Montag +++ Iran,ORG,0.0,0.0,de,1
Aserbaidschan +++,Aserbaidschan +++,ORG,0.0,0.0,de,1
Mitteldeutsche Rundfunk,Mitteldeutsche Rundfunk,ORG,0.0,0.0,de,1
Europas Windkraft,Europas Windkraft,ORG,0.0,0.0,de,1
Anfrage,Anfrage,ORG,0.7,0.0,de,1
Samstagmittag …,Samstagmittag …,ORG,0.0,0.0,de,1
Große Halle des Volkes,Große Halle des Volkes,ORG,0.7,0.0,de,1
Dynacom,Dynacom,ORG,0.0,0.0,de,1
Atomkraft-Abkehr,Atomkraft-Abkehr,ORG,0.0,0.0,de,1
EU-Atompolitik,EU-Atompolitik,ORG,0.0,0.0,de,1
Vize-Re…,Vize-Re…,ORG,-0.7,0.0,de,1
US-Ölreserve,US-Ölreserve,ORG,0.0,0.0,de,1
Jurij…,Jurij…,ORG,0.0,0.0,de,1
300-Millionen-Barrel-Marke,300-Millionen-Barrel-Marke,ORG,0.0,0.0,de,1
Trump says Iran options are let Tehran fail economically or 'hit them really hard,Trump says Iran options are let Tehran fail economically or 'hit them really hard,ORG,0.0,0.0,de,1
frei +++ Selenskyj,frei +++ Selenskyj,ORG,0.2333333333333333,0.0,de,1
Illja,Illja,ORG,0.0,0.0,de,1
Luftalar…,Luftalar…,ORG,0.0,0.0,de,1
EU-Komm…,EU-Komm…,ORG,0.0,0.0,de,1
Abhä…,Abhä…,ORG,0.0,0.0,de,1
ILNA,ILNA,ORG,0.0,0.0,de,1
Trump +++ Witkoff,Trump +++ Witkoff,ORG,-1.0,0.0,de,1
Beschuss +++ Russland,Beschuss +++ Russland,ORG,0.2333333333333333,0.0,de,1
Iran +++ Wadephul,Iran +++ Wadephul,ORG,-1.0,0.0,de,1
SPD-Bundespartei,SPD-Bundespartei,ORG,-0.3333333333333333,0.0,de,1
US-Untersuchungen,US-Untersuchungen,ORG,-1.0,0.0,de,1
Prob…,Prob…,ORG,0.0,0.0,de,1
CDU-Politikerin,CDU-Politikerin,ORG,1.0,0.0,de,1
Israel Luftangrif…,Israel Luftangrif…,ORG,0.0,0.0,de,1
Was Öl-,Was Öl-,ORG,0.0,0.0,de,1
Riad +++ Frachter,Riad +++ Frachter,ORG,-0.35,0.0,de,1
fre…,fre…,ORG,0.0,0.0,de,1
Bilanz …,Bilanz …,ORG,0.0,0.0,de,1
EU-Kommissionschefin,EU-Kommissionschefin,ORG,0.0,0.0,de,1
Nationalen Volk…,Nationalen Volk…,ORG,0.7,0.0,de,1
Cortin…,Cortin…,ORG,0.0,0.0,de,1
Börsenabsturz Berlin,Börsenabsturz Berlin,ORG,0.0,0.0,de,1
SRG,SRG,ORG,0.0,0.0,de,1
PR-Berater,PR-Berater,ORG,0.0,0.0,de,1
ITDZ,ITDZ,ORG,0.0,0.0,de,1
Japans Nordostküste +++ Ukraine,Japans Nordostküste +++ Ukraine,ORG,0.0,0.0,de,1
Digitalisie…,Digitalisie…,ORG,0.0,0.0,de,1
sprachli…,sprachli…,ORG,1.0,0.0,de,1
AKW Paks,AKW Paks,ORG,0.0,0.0,de,1
Islamische Republ…,Islamische Republ…,ORG,-1.0,0.0,de,1
Stockholmer Sipri-Institut,Stockholmer Sipri-Institut,ORG,0.0,0.0,de,1
“ +++ US-Helikopter,“ +++ US-Helikopter,ORG,0.0,0.0,de,1
Bea…,Bea…,ORG,0.0,0.0,de,1
europäischen Energiemix,europäischen Energiemix,ORG,0.0,0.0,de,1
Irans ++,Irans ++,ORG,0.0,0.0,de,1
Cyber-Kriminalität,Cyber-Kriminalität,ORG,0.0,0.0,de,1
Lebensmittelpreise in Europa,Lebensmittelpreise in Europa,ORG,-0.7,0.0,de,1
Berliner Humboldt-Universität,Berliner Humboldt-Universität,ORG,-0.15000000000000002,0.0,de,1
Kohleförderer wittern,Kohleförderer wittern,ORG,0.0,0.0,de,1
Verband norddeutscher Wohnungsunternehmen,Verband norddeutscher Wohnungsunternehmen,ORG,-0.7,0.0,de,1
VNW,VNW,ORG,-0.7,0.0,de,1
Ölanlagen +++ Trump,Ölanlagen +++ Trump,ORG,-0.7,0.0,de,1
Lieferengpässe für ukrainisches Getreide,Lieferengpässe für ukrainisches Getreide,ORG,0.0,0.0,de,1
Spektakel-Faktor,Spektakel-Faktor,ORG,0.0,0.0,de,1
Terrororg…,Terrororg…,ORG,0.0,0.0,de,1
Demonstrationsz…,Demonstrationsz…,ORG,0.0,0.0,de,1
Dynamik gewonn…,Dynamik gewonn…,ORG,0.0,0.0,de,1
Chemiekonzern BASF,Chemiekonzern BASF,ORG,0.0,0.0,de,1
US-Wissenschaftler,US-Wissenschaftler,ORG,0.0,0.0,de,1
ABC der Innenminister,ABC der Innenminister,ORG,0.0,0.0,de,1
Friedens-Deal,Friedens-Deal,ORG,0.0,0.0,de,1
Wasserstofffähiges Gaskraftwerk,Wasserstofffähiges Gaskraftwerk,ORG,0.0,0.0,de,1
ENGIE Deutschland,ENGIE Deutschland,ORG,0.0,0.0,de,1
Zuschlag fü…,Zuschlag fü…,ORG,0.0,0.0,de,1
EU-Phosphorindex,EU-Phosphorindex,ORG,0.0,0.0,de,1
Angriffs-Nacht,Angriffs-Nacht,ORG,0.0,0.0,de,1
E-Autos,E-Autos,ORG,0.7,0.0,de,1
Jemens Huthi-Miliz,Jemens Huthi-Miliz,ORG,-1.0,0.0,de,1
Neue US-Angriffswelle,Neue US-Angriffswelle,ORG,0.0,0.0,de,1
Iran +++ Frankreich,Iran +++ Frankreich,ORG,-1.0,0.0,de,1
Libanon +++ Schweiz,Libanon +++ Schweiz,ORG,-1.0,0.0,de,1
US-Regierungskreise,US-Regierungskreise,ORG,0.0,0.0,de,1
EU-Gespräche,EU-Gespräche,ORG,0.0,0.0,de,1
"Europäische
Union","Europäische
Union",ORG,0.0,0.0,de,1
wäh…,wäh…,ORG,0.0,0.0,de,1
EU-Sanktionspakets,EU-Sanktionspakets,ORG,-0.7,0.0,de,1
Bewe…,Bewe…,ORG,0.0,0.0,de,1
Wahlja…,Wahlja…,ORG,0.0,0.0,de,1
Axt,Axt,ORG,0.0,0.0,de,1
WM-Geschichten,WM-Geschichten,ORG,0.0,0.0,de,1
Himmelsscheibe!,Himmelsscheibe!,ORG,0.0,0.0,de,1
Europäische Exekutivagentur für Bildung und Kultur,Europäische Exekutivagentur für Bildung und Kultur,ORG,0.0,0.0,de,1
Strahlendes Afrika,Strahlendes Afrika,ORG,0.7,0.0,de,1
Südlibanon +++ iranisch-amerikanische Verhandlungen,Südlibanon +++ iranisch-amerikanische Verhandlungen,ORG,1.0,0.0,de,1
Kurs &,Kurs &,ORG,0.0,0.0,de,1
Schweiz +++ Netanjahu,Schweiz +++ Netanjahu,ORG,1.0,0.0,de,1
EU-Ausgaben,EU-Ausgaben,ORG,0.0,0.0,de,1
Kraft +++ ,Kraft +++ ,ORG,0.425,0.0,de,1
US-Zugeständnisse,US-Zugeständnisse,ORG,0.0,0.0,de,1
Französische Marine,Französische Marine,ORG,0.0,0.0,de,1
AWS-Instanz,AWS-Instanz,ORG,0.0,0.0,de,1
französischen Marine,französischen Marine,ORG,0.0,0.0,de,1
Straße …,Straße …,ORG,0.0,0.0,de,1
Leistungsträger B…,Leistungsträger B…,ORG,0.0,0.0,de,1
Memorandums +++ Trump,Memorandums +++ Trump,ORG,0.7,0.0,de,1
Macron +++ Macron,Macron +++ Macron,ORG,0.2333333333333333,0.0,de,1
Europäische Rüstungskonzerne,Europäische Rüstungskonzerne,ORG,0.0,0.0,de,1
Kallas +++ Das Memorandum,Kallas +++ Das Memorandum,ORG,0.425,0.0,de,1
Wortlaut +++ Vermittler,Wortlaut +++ Vermittler,ORG,0.425,0.0,de,1
Engpä…,Engpä…,ORG,0.0,0.0,de,1
STOCKHOLM,STOCKHOLM,ORG,0.0,0.0,de,1
Moskau +++ Pistorius,Moskau +++ Pistorius,ORG,-0.15000000000000002,0.0,de,1
Schweizer Parlaments,Schweizer Parlaments,ORG,0.7,0.0,de,1
US-Abkommen,US-Abkommen,ORG,0.0,0.0,de,1
Verband D…,Verband D…,ORG,0.0,0.0,de,1
Gol…,Gol…,ORG,0.0,0.0,de,1
Oberste Gerichtshof der,Oberste Gerichtshof der,ORG,0.15000000000000002,0.0,de,1
Italienischer Verband,Italienischer Verband,ORG,0.0,0.0,de,1
US-Außenmi…,US-Außenmi…,ORG,-0.7,0.0,de,1
Internationalen Strafgerichtshof »niederreißen,Internationalen Strafgerichtshof »niederreißen,ORG,0.0,0.0,de,1
Mitgliedst…,Mitgliedst…,ORG,0.0,0.0,de,1
Gespräc…,Gespräc…,ORG,0.0,0.0,de,1
Alpenr…,Alpenr…,ORG,-0.7,0.0,de,1
Sergej A…,Sergej A…,ORG,-0.9,0.0,de,1
EU-Grenzschutz,EU-Grenzschutz,ORG,-0.7,0.0,de,1
niedersächsisc…,niedersächsisc…,ORG,0.0,0.0,de,1
US-Angriffen,US-Angriffen,ORG,0.0,0.0,de,1
Uni Gießen,Uni Gießen,ORG,0.0,0.0,de,1
UN-Institut,UN-Institut,ORG,0.0,0.0,de,1
Soft Saving,Soft Saving,ORG,1.0,0.0,de,1
Deutschen überlage…,Deutschen überlage…,ORG,-0.35,0.0,de,1
Diesel-Exportstopp,Diesel-Exportstopp,ORG,0.0,0.0,de,1
Nah…,Nah…,ORG,0.0,0.0,de,1
International Maritime Organization …,International Maritime Organization …,ORG,0.7,0.0,de,1
Starkes Multitool,Starkes Multitool,ORG,0.7,0.0,de,1
Selenskyj +++ Moskauer,Selenskyj +++ Moskauer,ORG,0.325,0.0,de,1
Sibirien +++ E5-Gruppe,Sibirien +++ E5-Gruppe,ORG,0.325,0.0,de,1
NATO-Partnern +++ NATO-Generalsekretär,NATO-Partnern +++ NATO-Generalsekretär,ORG,0.0,0.0,de,1
Russland Milliardengeschäfte,Russland Milliardengeschäfte,ORG,0.0,0.0,de,1
Kongress,Kongress,ORG,0.0,0.0,de,1
Gesellschaft für Konsumforschung und das Nürnberg Institut,Gesellschaft für Konsumforschung und das Nürnberg Institut,ORG,0.0,0.0,de,1
Steam Machine,Steam Machine,ORG,0.7,0.0,de,1
Natrium-Ionen-Akkus,Natrium-Ionen-Akkus,ORG,0.7,0.0,de,1
Irritation,Irritation,ORG,0.7,0.0,de,1
Danzig +++ Frankreich,Danzig +++ Frankreich,ORG,-0.6,0.0,de,1
WM-«Pride Match,WM-«Pride Match,ORG,-0.5,0.0,de,1
Russlands sorg,Russlands sorg,ORG,0.0,0.0,de,1
Dialog«-Netzwerks,Dialog«-Netzwerks,ORG,-1.0,0.0,de,1
SUP-Board,SUP-Board,ORG,0.0,0.0,de,1
Ukraine-Verfassung,Ukraine-Verfassung,ORG,1.0,0.0,de,1
Vier-Pro…,Vier-Pro…,ORG,0.0,0.0,de,1
picture alliance/…,picture alliance/…,ORG,0.0,0.0,de,1
Räumu…,Räumu…,ORG,0.0,0.0,de,1
aust…,aust…,ORG,0.0,0.0,de,1
ÖAMTC,ÖAMTC,ORG,0.0,0.0,de,1
Urlaubssaison,Urlaubssaison,ORG,0.7,0.0,de,1
Wort +++ Israel,Wort +++ Israel,ORG,-1.0,0.0,de,1
9.00 U,9.00 U,ORG,0.0,0.0,de,1
Washingt…,Washingt…,ORG,1.0,0.0,de,1
picture alliance/dpa/KEYSTONE,picture alliance/dpa/KEYSTONE,ORG,-1.0,0.0,de,1
Autobranch…,Autobranch…,ORG,0.0,0.0,de,1
Kraftwerke Mainz-Wiesbaden AG,Kraftwerke Mainz-Wiesbaden AG,ORG,0.0,0.0,de,1
US-Streitmacht,US-Streitmacht,ORG,0.0,0.0,de,1
KMW AG,KMW AG,ORG,0.0,0.0,de,1
Forschungsnetzwerk…,Forschungsnetzwerk…,ORG,0.0,0.0,de,1
Benzin,Benzin,ORG,0.0,0.0,de,1
bun…,bun…,ORG,0.0,0.0,de,1
Hemmati,Hemmati,ORG,1.0,0.0,de,1
+++Lizenz,+++Lizenz,ORG,1.0,0.0,de,1
Ex-D…,Ex-D…,ORG,0.0,0.0,de,1
Neue Waffenruhe,Neue Waffenruhe,ORG,1.0,0.0,de,1
EY Parthenon,EY Parthenon,ORG,0.0,0.0,de,1
Uni Rostock,Uni Rostock,ORG,1.0,0.0,de,1
Mega-Wärmepumpe,Mega-Wärmepumpe,ORG,0.7,0.0,de,1
Bundeswehreinsatz +++,Bundeswehreinsatz +++,ORG,1.0,0.0,de,1
Erdöl-Boom,Erdöl-Boom,ORG,1.0,0.0,de,1
ARD-Serie,ARD-Serie,ORG,0.7,0.0,de,1
Waffenruhe +++ Tanker,Waffenruhe +++ Tanker,ORG,-1.0,0.0,de,1
NDR-Programmdirektor,NDR-Programmdirektor,ORG,0.7,0.0,de,1
Ausset…,Ausset…,ORG,0.0,0.0,de,1
Nachrichtenkanal Al-Arabija,Nachrichtenkanal Al-Arabija,ORG,0.0,0.0,de,1
Notebook,Notebook,ORG,0.7,0.0,de,1
block…,block…,ORG,0.0,0.0,de,1
Schwarz,Schwarz,ORG,-0.15000000000000002,0.0,de,1
wirkli…,wirkli…,ORG,0.0,0.0,de,1
Ostfront!,Ostfront!,ORG,0.0,0.0,de,1
Europa +++ Pistorius,Europa +++ Pistorius,ORG,0.0,0.0,de,1
Bulgarien Lidl,Bulgarien Lidl,ORG,0.0,0.0,de,1
Hausar…,Hausar…,ORG,0.0,0.0,de,1
Ukraine +++ UN,Ukraine +++ UN,ORG,0.7,0.0,de,1
WM-Trikot,WM-Trikot,ORG,1.0,0.0,de,1
Roskosmos,Roskosmos,ORG,0.7,0.0,de,1
USA +++,USA +++,ORG,0.2333333333333333,0.0,de,1
Ballettpremiere Amsterdam,Ballettpremiere Amsterdam,ORG,0.0,0.0,de,1
Ukrainischen Aufstandsarmee,Ukrainischen Aufstandsarmee,ORG,0.0,0.0,de,1
Gespräche a…,Gespräche a…,ORG,0.0,0.0,de,1
Instituts f…,Instituts f…,ORG,0.0,0.0,de,1
FIA,FIA,ORG,1.0,0.0,de,1
"Leitzins
","Leitzins
",ORG,0.0,0.0,de,1
britische Militär,britische Militär,ORG,0.0,0.0,de,1
Streitkräft…,Streitkräft…,ORG,0.0,0.0,de,1
SonntagTrump,SonntagTrump,ORG,0.0,0.0,de,1
Geburtstags,Geburtstags,ORG,0.0,0.0,de,1
Europäische Zentralban…,Europäische Zentralban…,ORG,0.7,0.0,de,1
Friedens-Deal!,Friedens-Deal!,ORG,0.0,0.0,de,1
BILD-Finanztalk Money,BILD-Finanztalk Money,ORG,0.0,0.0,de,1
Aufh…,Aufh…,ORG,0.0,0.0,de,1
AK-Marktforschung,AK-Marktforschung,ORG,0.0,0.0,de,1
Soccer,Soccer,ORG,0.7,0.0,de,1
Brandenburg…,Brandenburg…,ORG,0.0,0.0,de,1
Nichtweiterverbr…,Nichtweiterverbr…,ORG,0.0,0.0,de,1
NRZ,NRZ,ORG,0.0,0.0,de,1
Kiel Report,Kiel Report,ORG,0.0,0.0,de,1
Kieler Institut für Weltwirts…,Kieler Institut für Weltwirts…,ORG,0.0,0.0,de,1
Fox News ziti,Fox News ziti,ORG,0.0,0.0,de,1
AfD-Bundestagsabgeordneten,AfD-Bundestagsabgeordneten,ORG,0.0,0.0,de,1
Leitzi…,Leitzi…,ORG,0.0,0.0,de,1
Irans Ölindustrie,Irans Ölindustrie,ORG,-0.15000000000000002,0.0,de,1
Gesellschaft für Konsumfors…,Gesellschaft für Konsumfors…,ORG,0.0,0.0,de,1
School Nurse,School Nurse,ORG,1.0,0.0,de,1
Tegut-Filialen +++ BYD,Tegut-Filialen +++ BYD,ORG,1.0,0.0,de,1
JULY,JULY,ORG,0.0,0.0,de,1
Südeuropa +++ Neuigkeiten,Südeuropa +++ Neuigkeiten,ORG,1.0,0.0,de,1
Kriegs- un…,Kriegs- un…,ORG,0.0,0.0,de,1
Vergünstigung…,Vergünstigung…,ORG,0.0,0.0,de,1
Indian Tech &amp,Indian Tech &amp,ORG,0.0,0.0,de,1
SVT …,SVT …,ORG,0.0,0.0,de,1
Europas Streitkräfte,Europas Streitkräfte,ORG,0.0,0.0,de,1
IT-Spezialisten,IT-Spezialisten,ORG,0.0,0.0,de,1
Deutscher Umwelthilfe,Deutscher Umwelthilfe,ORG,-0.15000000000000002,0.0,de,1
Öltanker ++,Öltanker ++,ORG,0.0,0.0,de,1
KI-Kräfte,KI-Kräfte,ORG,1.0,0.0,de,1
Tegut-Filialen +++ Neuigkeiten,Tegut-Filialen +++ Neuigkeiten,ORG,1.0,0.0,de,1
Brjan…,Brjan…,ORG,0.0,0.0,de,1
Massenmigr…,Massenmigr…,ORG,1.0,0.0,de,1
Verteidigungskri…,Verteidigungskri…,ORG,-0.7,0.0,de,1
EU Druck auf Russland,EU Druck auf Russland,ORG,0.0,0.0,de,1
Sharif au…,Sharif au…,ORG,1.0,0.0,de,1
KI-Montage,KI-Montage,ORG,0.0,0.0,de,1
Januar +++,Januar +++,ORG,0.85,0.0,de,1
Bank von Japan,Bank von Japan,ORG,0.0,0.0,de,1
BOJ,BOJ,ORG,0.0,0.0,de,1
iranische Nationalmannschaft,iranische Nationalmannschaft,ORG,-1.0,0.0,de,1
Flash Drives,Flash Drives,ORG,0.7,0.0,de,1
staatliche libanesische Armee,staatliche libanesische Armee,ORG,0.85,0.0,de,1
Staatsl…,Staatsl…,ORG,0.7,0.0,de,1
Freitag +++ US-Vizepräsident,Freitag +++ US-Vizepräsident,ORG,0.7,0.0,de,1
Iranische Schiffe,Iranische Schiffe,ORG,0.7,0.0,de,1
US-Blockade +++,US-Blockade +++,ORG,0.7,0.0,de,1
Ukraine +++ ,Ukraine +++ ,ORG,-0.75,0.0,de,1
Netanjahus Regierung,Netanjahus Regierung,ORG,1.0,0.0,de,1
Teheran +++ 25,Teheran +++ 25,ORG,0.85,0.0,de,1
Senders BBC,Senders BBC,ORG,-0.6,0.0,de,1
Axel Springer Verlag,Axel Springer Verlag,ORG,0.7,0.0,de,1
Regierungsve…,Regierungsve…,ORG,0.0,0.0,de,1
Wetzlar +++ Liveblog,Wetzlar +++ Liveblog,ORG,-1.0,0.0,de,1
Vodafone Business,Vodafone Business,ORG,0.0,0.0,de,1
Deutsch-Israelischen Gesellschaft in Franken,Deutsch-Israelischen Gesellschaft in Franken,ORG,0.0,0.0,de,1
Umweltklinik,Umweltklinik,ORG,0.0,0.0,de,1
Ukrainischer Kampfjet,Ukrainischer Kampfjet,ORG,-1.0,0.0,de,1
Évian +++ Russische Fregatte,Évian +++ Russische Fregatte,ORG,0.0,0.0,de,1
Ärmelkanal +++ Kreml,Ärmelkanal +++ Kreml,ORG,0.0,0.0,de,1
südosta…,südosta…,ORG,0.0,0.0,de,1
Kurve +++ Schüsse,Kurve +++ Schüsse,ORG,-1.0,0.0,de,1
KI-Flut,KI-Flut,ORG,0.0,0.0,de,1
Drohnenangriffe +++ Merz,Drohnenangriffe +++ Merz,ORG,-0.6,0.0,de,1
Tooor!,Tooor!,ORG,0.0,0.0,de,1
Iran-USA-Deal,Iran-USA-Deal,ORG,0.0,0.0,de,1
Süd…,Süd…,ORG,0.0,0.0,de,1
Atomabkommens,Atomabkommens,ORG,0.0,0.0,de,1
Angriffe +++ USA,Angriffe +++ USA,ORG,0.0,0.0,de,1
Schusswaffen-Kriminalität,Schusswaffen-Kriminalität,ORG,0.0,0.0,de,1
Iranische Nationalmannschaft,Iranische Nationalmannschaft,ORG,0.0,0.0,de,1
US-Stellungen,US-Stellungen,ORG,0.0,0.0,de,1
+++ Polen,+++ Polen,ORG,-0.575,0.0,de,1
Wikipedia-Klon,Wikipedia-Klon,ORG,0.0,0.0,de,1
Notenbank…,Notenbank…,ORG,0.0,0.0,de,1
vorhe…,vorhe…,ORG,-1.0,0.0,de,1
AfD-Chef Tino Chr…,AfD-Chef Tino Chr…,ORG,0.0,0.0,de,1
Irans Nationalelf,Irans Nationalelf,ORG,0.0,0.0,de,1
Lausitzern,Lausitzern,ORG,0.0,0.0,de,1
Megamontag,Megamontag,ORG,0.0,0.0,de,1
Israels +++,Israels +++,ORG,0.7,0.0,de,1
deutschen Steuerzahler,deutschen Steuerzahler,ORG,0.7,0.0,de,1
Islamischen R,Islamischen R,ORG,0.0,0.0,de,1
Atomprogramm …,Atomprogramm …,ORG,-1.0,0.0,de,1
Egg donors wanted,Egg donors wanted,ORG,1.0,0.0,de,1
iranische Fußball-Nationalmannschaft,iranische Fußball-Nationalmannschaft,ORG,0.7,0.0,de,1
US-Streitkräft…,US-Streitkräft…,ORG,0.0,0.0,de,1
V-Bank +++,V-Bank +++,ORG,0.0,0.0,de,1
Börse +++ Neuigkeiten,Börse +++ Neuigkeiten,ORG,0.0,0.0,de,1
Ölko…,Ölko…,ORG,0.0,0.0,de,1
Technikschmiede Emerald Horizon,Technikschmiede Emerald Horizon,ORG,0.0,0.0,de,1
Autozulieferer Sembach,Autozulieferer Sembach,ORG,0.0,0.0,de,1
Wirku…,Wirku…,ORG,0.0,0.0,de,1
AA-Variante,AA-Variante,ORG,0.7,0.0,de,1
UNFCCC,UNFCCC,ORG,0.0,0.0,de,1
Potsdamer,Potsdamer,ORG,1.0,0.0,de,1
Jens Niering,Jens Niering,ORG,0.0,0.0,de,1
UN-Klimasekretariat,UN-Klimasekretariat,ORG,0.0,0.0,de,1
Venezuelas Erdbeben,Venezuelas Erdbeben,ORG,0.0,0.0,de,1
Putins Weltbild,Putins Weltbild,ORG,-1.0,0.0,de,1
Ölanl…,Ölanl…,ORG,0.0,0.0,de,1
CSD Zeichen,CSD Zeichen,ORG,0.0,0.0,de,1
Hauseigent…,Hauseigent…,ORG,0.0,0.0,de,1
UN-Klimabehörde,UN-Klimabehörde,ORG,0.0,0.0,de,1
Verbands…,Verbands…,ORG,-1.0,0.0,de,1
Europäische Regierungen,Europäische Regierungen,ORG,0.0,0.0,de,1
Massaker-Opfer,Massaker-Opfer,ORG,-1.0,0.0,de,1
Islamischen Republik zusammenbrec…,Islamischen Republik zusammenbrec…,ORG,-1.0,0.0,de,1
Russlands Olympia-Bann,Russlands Olympia-Bann,ORG,-1.0,0.0,de,1
WM-Spieler,WM-Spieler,ORG,0.0,0.0,de,1
GeForce RTX,GeForce RTX,ORG,0.0,0.0,de,1
GeForce…,GeForce…,ORG,0.0,0.0,de,1
Irans Atomwaffen-Anlagen,Irans Atomwaffen-Anlagen,ORG,0.0,0.0,de,1
AfD-Mitglied,AfD-Mitglied,ORG,1.0,0.0,de,1
AfD-Bundestagsmitglied,AfD-Bundestagsmitglied,ORG,0.0,0.0,de,1
Formel-1-Titel,Formel-1-Titel,ORG,0.7,0.0,de,1
Europäische Exek…,Europäische Exek…,ORG,1.0,0.0,de,1
Irans Revolutionsgarden,Irans Revolutionsgarden,ORG,0.0,0.0,de,1
Europäische Kommission Europas,Europäische Kommission Europas,ORG,0.35,0.0,de,1
CO₂-Abgaben,CO₂-Abgaben,ORG,1.0,0.0,de,1
Konfli…,Konfli…,ORG,0.0,0.0,de,1
Cas…,Cas…,ORG,0.0,0.0,de,1
Zentrum der Aufmerksamkeit rücken,Zentrum der Aufmerksamkeit rücken,ORG,0.0,0.0,de,1
Fraun…,Fraun…,ORG,0.0,0.0,de,1
Mythos,Mythos,ORG,0.0,0.0,de,1
Irankriegs …,Irankriegs …,ORG,0.0,0.0,de,1
Ifo-Instit…,Ifo-Instit…,ORG,0.0,0.0,de,1
Mohyla-Akademie,Mohyla-Akademie,ORG,0.0,0.0,de,1
Deutschen Bundesbank,Deutschen Bundesbank,ORG,0.0,0.0,de,1
US-Finanzminist,US-Finanzminist,ORG,1.0,0.0,de,1
Irans Vize-Botschafter,Irans Vize-Botschafter,ORG,-0.85,0.0,de,1
Neue Gas- und Ölheizungen,Neue Gas- und Ölheizungen,ORG,1.0,0.0,de,1
Internationale Organisation fü…,Internationale Organisation fü…,ORG,0.0,0.0,de,1
Bahrain +++ USA,Bahrain +++ USA,ORG,-1.0,0.0,de,1
dänische Fernsehen,dänische Fernsehen,ORG,0.0,0.0,de,1
Fars,Fars,ORG,0.0,0.0,de,1
Quantum Systems,Quantum Systems,ORG,0.0,0.0,de,1
Deutsche Akademie für Sprache und Dich…,Deutsche Akademie für Sprache und Dich…,ORG,0.0,0.0,de,1
Fortescues Fabrik,Fortescues Fabrik,ORG,0.0,0.0,de,1
Jur…,Jur…,ORG,0.0,0.0,de,1
BG…,BG…,ORG,0.0,0.0,de,1
“ +++ US-Militär,“ +++ US-Militär,ORG,1.0,0.0,de,1
Handelsschiffe +++,Handelsschiffe +++,ORG,1.0,0.0,de,1
NEMP,NEMP,ORG,0.0,0.0,de,1
Abendesse…,Abendesse…,ORG,0.0,0.0,de,1
Trump-Wende!,Trump-Wende!,ORG,0.0,0.0,de,1
russische Verband,russische Verband,ORG,0.0,0.0,de,1
Irans Atomwaffen-Anlagen +++,Irans Atomwaffen-Anlagen +++,ORG,-1.0,0.0,de,1
+++ Videobotschaft,+++ Videobotschaft,ORG,0.0,0.0,de,1
MIT Computer Science and Artificial Intelligence Laboratory,MIT Computer Science and Artificial Intelligence Laboratory,ORG,0.0,0.0,de,1
Hun…,Hun…,ORG,0.0,0.0,de,1
verlan…,verlan…,ORG,0.0,0.0,de,1
Iran-Konflikt so…,Iran-Konflikt so…,ORG,0.0,0.0,de,1
Eyb & W…,Eyb & W…,ORG,0.7,0.0,de,1
Failed State,Failed State,ORG,0.0,0.0,de,1
Nasdaq Rückenwind,Nasdaq Rückenwind,ORG,0.0,0.0,de,1
US-Teuerungsrate,US-Teuerungsrate,ORG,0.7,0.0,de,1
KI-Investitionen,KI-Investitionen,ORG,-1.0,0.0,de,1
Iran +++ Lob,Iran +++ Lob,ORG,0.7,0.0,de,1
Verhandlungstisch,Verhandlungstisch,ORG,0.0,0.0,de,1
Central Command,Central Command,ORG,0.0,0.0,de,1
x.com/CENTCOM,x.com/CENTCOM,ORG,0.0,0.0,de,1
WM-Halbfinale,WM-Halbfinale,ORG,0.0,0.0,de,1
Ukrainische Aufständische Armee,Ukrainische Aufständische Armee,ORG,-0.35,0.0,de,1
Zeitraums,Zeitraums,ORG,0.0,0.0,de,1
Frankfurt +++ IT-Unternehmen,Frankfurt +++ IT-Unternehmen,ORG,0.7,0.0,de,1
+++ Eichbaum-Brauerei,+++ Eichbaum-Brauerei,ORG,0.7,0.0,de,1
Frankfurter Privatkundenfiliale +++ IT-Unternehmen,Frankfurter Privatkundenfiliale +++ IT-Unternehmen,ORG,0.0,0.0,de,1
Lebensmittel-Transporte,Lebensmittel-Transporte,ORG,0.0,0.0,de,1
Autozulieferer-Standort Magdeburg,Autozulieferer-Standort Magdeburg,ORG,0.0,0.0,de,1
Pensionssystems,Pensionssystems,ORG,0.0,0.0,de,1
DEUTSCHLAND,DEUTSCHLAND,ORG,0.7,0.0,de,1
Saporischschja +++ Ukraine,Saporischschja +++ Ukraine,ORG,-1.0,0.0,de,1
kontinuierl…,kontinuierl…,ORG,0.0,0.0,de,1
Verteidigungsministerium +++  ,Verteidigungsministerium +++  ,ORG,-1.0,0.0,de,1
politisc…,politisc…,ORG,0.0,0.0,de,1
Podcast Finanzen & Immobilien,Podcast Finanzen & Immobilien,ORG,0.7,0.0,de,1
Wolhynien-Gedenktag +++,Wolhynien-Gedenktag +++,ORG,0.0,0.0,de,1
ProPellets Austria,ProPellets Austria,ORG,0.0,0.0,de,1
Iranische Zeitung,Iranische Zeitung,ORG,0.0,0.0,de,1
Universität Cambr…,Universität Cambr…,ORG,0.0,0.0,de,1
US-Basen,US-Basen,ORG,0.0,0.0,de,1
katarischen Streitkräfte,katarischen Streitkräfte,ORG,-1.0,0.0,de,1
Zentrum iranischer Drohpropaganda,Zentrum iranischer Drohpropaganda,ORG,-0.15000000000000002,0.0,de,1
Samstaga…,Samstaga…,ORG,0.0,0.0,de,1
Golfstaaten +++ Iran,Golfstaaten +++ Iran,ORG,-1.0,0.0,de,1
Coldplay,Coldplay,ORG,0.0,0.0,de,1
Straße von Hormus +++ alle En…,Straße von Hormus +++ alle En…,ORG,-1.0,0.0,de,1
Beschuss +++ Bericht,Beschuss +++ Bericht,ORG,0.0,0.0,de,1
Middle Eas…,Middle Eas…,ORG,0.0,0.0,de,1
Paris +++ Selenskyj,Paris +++ Selenskyj,ORG,0.7,0.0,de,1
Dresdner Presseclubs,Dresdner Presseclubs,ORG,0.0,0.0,de,1
britischen Unterhaus,britischen Unterhaus,ORG,-1.0,0.0,de,1
Tageszeitu…,Tageszeitu…,ORG,0.0,0.0,de,1
VW-Werk Osnabrück,VW-Werk Osnabrück,ORG,0.0,0.0,de,1
stopp…,stopp…,ORG,-0.7,0.0,de,1
Bundesr…,Bundesr…,ORG,0.0,0.0,de,1
Meerenge +++ Iran,Meerenge +++ Iran,ORG,0.0,0.0,de,1
iranische Fernsehen,iranische Fernsehen,ORG,1.0,0.0,de,1
mitver…,mitver…,ORG,0.0,0.0,de,1
Raketenabwehrprogramm +++ Russischer,Raketenabwehrprogramm +++ Russischer,ORG,0.0,0.0,de,1
Russland ang…,Russland ang…,ORG,0.7,0.0,de,1
französischen Nationalfeiertags,französischen Nationalfeiertags,ORG,0.0,0.0,de,1
Düngemittelherstellers,Düngemittelherstellers,ORG,0.0,0.0,de,1
AAA-Batterien,AAA-Batterien,ORG,0.0,0.0,de,1
Mosc…,Mosc…,ORG,0.0,0.0,de,1
bayerische…,bayerische…,ORG,0.0,0.0,de,1
Herr Smets,Herr Smets,ORG,0.0,0.0,de,1
Händlers Wildberries,Händlers Wildberries,ORG,0.0,0.0,de,1
ÖFB-Elf,ÖFB-Elf,ORG,0.0,0.0,de,1
angegrif…,angegrif…,ORG,0.0,0.0,de,1
Trump!,Trump!,ORG,0.0,0.0,de,1
Anti-Terror-Einheit,Anti-Terror-Einheit,ORG,0.0,0.0,de,1
Korruptio…,Korruptio…,ORG,0.0,0.0,de,1
NatoOstflanke,NatoOstflanke,ORG,-1.0,0.0,de,1
Nachrichtenportal WP Tech,Nachrichtenportal WP Tech,ORG,0.0,0.0,de,1
WM-Wertung,WM-Wertung,ORG,0.7,0.0,de,1
beset…,beset…,ORG,0.0,0.0,de,1
Kimi Antonelli,Kimi Antonelli,ORG,0.7,0.0,de,1
KI-Kriegsführung,KI-Kriegsführung,ORG,0.0,0.0,de,1
Alexandr Lunin,Alexandr Lunin,ORG,-0.7,0.0,de,1
Soziale Medien,Soziale Medien,ORG,0.7,0.0,de,1
US-Demokratie,US-Demokratie,ORG,0.0,0.0,de,1
Macrons Minen-Mission,Macrons Minen-Mission,ORG,0.0,0.0,de,1
Mercedes-Pilot,Mercedes-Pilot,ORG,0.0,0.0,de,1
Estland +++,Estland +++,ORG,0.0,0.0,de,1
Islamistische Gruppe,Islamistische Gruppe,ORG,0.7,0.0,de,1
befi…,befi…,ORG,0.0,0.0,de,1
NRW-Verfassungsgerichtshof,NRW-Verfassungsgerichtshof,ORG,0.0,0.0,de,1
Infr…,Infr…,ORG,0.0,0.0,de,1
iranische Verband,iranische Verband,ORG,0.0,0.0,de,1
iranischen Fußball-Verband,iranischen Fußball-Verband,ORG,0.0,0.0,de,1
Wash…,Wash…,ORG,0.0,0.0,de,1
Bank für Internationalen Zahlungsausgleich,Bank für Internationalen Zahlungsausgleich,ORG,0.0,0.0,de,1
BIZ,BIZ,ORG,0.0,0.0,de,1
WM-Machtdemonstration ‒ Belgien,WM-Machtdemonstration ‒ Belgien,ORG,0.0,0.0,de,1
Qi-Charging,Qi-Charging,ORG,0.0,0.0,de,1
US-Rolle,US-Rolle,ORG,0.0,0.0,de,1
Public-Viewing-Partys,Public-Viewing-Partys,ORG,0.0,0.0,de,1
Seattle,Seattle,ORG,0.0,0.0,de,1
Gruppe G,Gruppe G,ORG,0.0,0.0,de,1
Waffenruhe +++ Israel,Waffenruhe +++ Israel,ORG,0.2333333333333333,0.0,de,1
Anker-Powerbank,Anker-Powerbank,ORG,0.0,0.0,de,1
Libanon,Libanon,ORG,0.2333333333333333,0.0,de,1
Fraunhofer-Inst…,Fraunhofer-Inst…,ORG,0.7,0.0,de,1
International Council on Clean Transportation,International Council on Clean Transportation,ORG,0.7,0.0,de,1
Vorschlägen +++ Ausnahmezustand auf der Krim,Vorschlägen +++ Ausnahmezustand auf der Krim,ORG,0.0,0.0,de,1
Superstar…,Superstar…,ORG,0.7,0.0,de,1
Ecuador,Ecuador,ORG,0.7,0.0,de,1
iranischen Verbandes,iranischen Verbandes,ORG,0.0,0.0,de,1
Regierung der Vereinigten Arabischen Emirate,Regierung der Vereinigten Arabischen Emirate,ORG,0.0,0.0,de,1
tatkräf…,tatkräf…,ORG,0.0,0.0,de,1
t3n.de Elektroautos,t3n.de Elektroautos,ORG,1.0,0.0,de,1
Spitzenwert…,Spitzenwert…,ORG,0.0,0.0,de,1
Kreml-Hardliner,Kreml-Hardliner,ORG,0.0,0.0,de,1
Kreml-Hardli…,Kreml-Hardli…,ORG,0.0,0.0,de,1
Fraunhofer-Institut,Fraunhofer-Institut,ORG,1.0,0.0,de,1
AP Photo/Ariel Schalit,AP Photo/Ariel Schalit,ORG,0.0,0.0,de,1
Streitkräfte der USA,Streitkräfte der USA,ORG,-1.0,0.0,de,1
Is…,Is…,ORG,0.0,0.0,de,1
Panama Pictures,Panama Pictures,ORG,0.0,0.0,de,1
Kriegs-Gegners,Kriegs-Gegners,ORG,0.0,0.0,de,1
Umweltministerium auf Anfrage,Umweltministerium auf Anfrage,ORG,0.0,0.0,de,1
Espresso,Espresso,ORG,0.5,0.0,de,1
baltische EU-,baltische EU-,ORG,0.0,0.0,de,1
Natoland Litauen,Natoland Litauen,ORG,0.0,0.0,de,1
US-Offensive,US-Offensive,ORG,0.0,0.0,de,1
Damaskus +++ USA,Damaskus +++ USA,ORG,-0.2333333333333333,0.0,de,1
Stiftung Familienunternehmen,Stiftung Familienunternehmen,ORG,0.0,0.0,de,1
Bundeswehr-Infos,Bundeswehr-Infos,ORG,-0.7,0.0,de,1
Wi-Fi,Wi-Fi,ORG,0.0,0.0,de,1
Bahrain +++ Iran,Bahrain +++ Iran,ORG,-1.0,0.0,de,1
Gebühren +++ Paris,Gebühren +++ Paris,ORG,1.0,0.0,de,1
Khamenei +++,Khamenei +++,ORG,1.0,0.0,de,1
Eis,Eis,ORG,0.5,0.0,de,1
Bahrain,Bahrain,ORG,0.0,0.0,de,1
National…,National…,ORG,0.7,0.0,de,1
Sonnencreme,Sonnencreme,ORG,0.5,0.0,de,1
Mittwoch +++ Trump,Mittwoch +++ Trump,ORG,-0.15000000000000002,0.0,de,1
Putin +++ Selenskyj,Putin +++ Selenskyj,ORG,-0.15000000000000002,0.0,de,1
Info…,Info…,ORG,0.0,0.0,de,1
Rüstungsbudget,Rüstungsbudget,ORG,-0.5666666666666667,0.0,de,1
Deutschland schwertut,Deutschland schwertut,ORG,0.0,0.0,de,1
attac…,attac…,ORG,0.0,0.0,de,1
Deutschen Bauernverbandes,Deutschen Bauernverbandes,ORG,-0.7,0.0,de,1
Minister Klingbeil,Minister Klingbeil,ORG,0.0,0.0,de,1
US-Unternehmer,US-Unternehmer,ORG,0.0,0.0,de,1
Großprojekt Brenner-Zulauf,Großprojekt Brenner-Zulauf,ORG,0.0,0.0,de,1
Meta Platforms,Meta Platforms,ORG,0.0,0.0,de,1
WELT…,WELT…,ORG,0.0,0.0,de,1
Forsche…,Forsche…,ORG,0.0,0.0,de,1
Gewerkschaft Deutscher Lokomotivführer,Gewerkschaft Deutscher Lokomotivführer,ORG,0.0,0.0,de,1
Kramatorsk +++ ,Kramatorsk +++ ,ORG,0.0,0.0,de,1
Wiener Instituts für Internationale…,Wiener Instituts für Internationale…,ORG,0.0,0.0,de,1
Russische Luftangriffe,Russische Luftangriffe,ORG,0.0,0.0,de,1
gestaffel…,gestaffel…,ORG,0.0,0.0,de,1
EU-Klimaprogramms Copernicus,EU-Klimaprogramms Copernicus,ORG,0.0,0.0,de,1
Selenskyj +++ Zwei,Selenskyj +++ Zwei,ORG,0.0,0.0,de,1
EZB de…,EZB de…,ORG,0.0,0.0,de,1
Ukraine-Hilfen +++ Demonstranten,Ukraine-Hilfen +++ Demonstranten,ORG,0.0,0.0,de,1
Abstimmung +++ Auswärtiges Amt,Abstimmung +++ Auswärtiges Amt,ORG,-0.7,0.0,de,1
VW-Sparkurs,VW-Sparkurs,ORG,0.0,0.0,de,1
Deutsche Autos,Deutsche Autos,ORG,0.0,0.0,de,1
Bayerischen Motoren Werke,Bayerischen Motoren Werke,ORG,0.0,0.0,de,1
Iran +++ Revolutionsgarden,Iran +++ Revolutionsgarden,ORG,0.0,0.0,de,1
riecht.2,riecht.2,ORG,1.0,0.0,de,1
deutschen Automanagern,deutschen Automanagern,ORG,0.0,0.0,de,1
Alexand…,Alexand…,ORG,0.0,0.0,de,1
ukrainische EU-Perspektive,ukrainische EU-Perspektive,ORG,0.0,0.0,de,1
Lufthansa-Gruppe,Lufthansa-Gruppe,ORG,0.0,0.0,de,1
Gesellschaft Condor,Gesellschaft Condor,ORG,0.0,0.0,de,1
Kälte-Keule,Kälte-Keule,ORG,0.0,0.0,de,1
Ukraine herbeibomben,Ukraine herbeibomben,ORG,-1.0,0.0,de,1
Luftschl…,Luftschl…,ORG,0.0,0.0,de,1
Deutsche Landkreistag,Deutsche Landkreistag,ORG,0.0,0.0,de,1
Bravo1,Bravo1,ORG,0.0,0.0,de,1
pass…,pass…,ORG,0.0,0.0,de,1
++ US-Armee,++ US-Armee,ORG,0.0,0.0,de,1
ukrainische Grenze roll…,ukrainische Grenze roll…,ORG,0.0,0.0,de,1
oh…,oh…,ORG,0.0,0.0,de,1
US-Absage,US-Absage,ORG,0.0,0.0,de,1
Autobahntankstellen Diesel,Autobahntankstellen Diesel,ORG,0.0,0.0,de,1
US-Außenminister …,US-Außenminister …,ORG,0.0,0.0,de,1
italienische Fußball-Nationalmannschaft,italienische Fußball-Nationalmannschaft,ORG,0.0,0.0,de,1
WM-Teilnahmen,WM-Teilnahmen,ORG,0.0,0.0,de,1
GEW,GEW,ORG,0.85,0.0,de,1
Irans Raketenarsenal,Irans Raketenarsenal,ORG,0.0,0.0,de,1
US-Datenspezialist,US-Datenspezialist,ORG,0.0,0.0,de,1
deutsche Reisebranche,deutsche Reisebranche,ORG,0.0,0.0,de,1
deutschen Reisebranche,deutschen Reisebranche,ORG,0.0,0.0,de,1
Saudi…,Saudi…,ORG,0.0,0.0,de,1
internationale Energieagentur,internationale Energieagentur,ORG,0.0,0.0,de,1
Grünen-Fraktionschefin Dröge…,Grünen-Fraktionschefin Dröge…,ORG,-1.0,0.0,de,1
Geschäftsführer …,Geschäftsführer …,ORG,0.0,0.0,de,1
verfei…,verfei…,ORG,0.0,0.0,de,1
Luftangriffen +++,Luftangriffen +++,ORG,0.0,0.0,de,1
IT-Experte,IT-Experte,ORG,0.0,0.0,de,1
S&P,S&P,ORG,0.0,0.0,de,1
Ital…,Ital…,ORG,0.0,0.0,de,1
Organisation der erdölexportierenden Länder,Organisation der erdölexportierenden Länder,ORG,-1.0,0.0,de,1
Organization of the Petroleum Exporting Countries,Organization of the Petroleum Exporting Countries,ORG,-1.0,0.0,de,1
VAE…,VAE…,ORG,0.0,0.0,de,1
Ex-Präsidialamtschef Jermak,Ex-Präsidialamtschef Jermak,ORG,0.0,0.0,de,1
Selenskyjs Ex-Stabschef,Selenskyjs Ex-Stabschef,ORG,0.0,0.0,de,1
Andrij Jermak,Andrij Jermak,ORG,0.0,0.0,de,1
US-Marschflugkörpern,US-Marschflugkörpern,ORG,0.0,0.0,de,1
Bee…,Bee…,ORG,-1.0,0.0,de,1
Sendern +++ Ölpreise,Sendern +++ Ölpreise,ORG,-0.7,0.0,de,1
Liveblog CDU-Landeschef,Liveblog CDU-Landeschef,ORG,0.35,0.0,de,1
EEG,EEG,ORG,0.35,0.0,de,1
Verhandlungen +++,Verhandlungen +++,ORG,0.0,0.0,de,1
britischen Stützpunkts,britischen Stützpunkts,ORG,0.0,0.0,de,1
Sow…,Sow…,ORG,0.7,0.0,de,1
polnisch-b…,polnisch-b…,ORG,0.0,0.0,de,1
Hisb…,Hisb…,ORG,-0.7,0.0,de,1
Zielsprint,Zielsprint,ORG,0.7,0.0,de,1
KI-Angriff,KI-Angriff,ORG,0.0,0.0,de,1
Offiziersau…,Offiziersau…,ORG,0.0,0.0,de,1
Blau-Weiß Linz,Blau-Weiß Linz,ORG,1.0,0.0,de,1
Ergänzun…,Ergänzun…,ORG,0.0,0.0,de,1
Europa +++ Umfrage,Europa +++ Umfrage,ORG,0.0,0.0,de,1
hunde…,hunde…,ORG,0.0,0.0,de,1
WoW,WoW,ORG,0.0,0.0,de,1
Exekution +++ USA,Exekution +++ USA,ORG,0.0,0.0,de,1
MMOs,MMOs,ORG,-1.0,0.0,de,1
Roten …,Roten …,ORG,0.0,0.0,de,1
Ukraine-Krieges von Österreich,Ukraine-Krieges von Österreich,ORG,0.0,0.0,de,1
Drohnenabsturz +++,Drohnenabsturz +++,ORG,0.0,0.0,de,1
Tankrabatt & Co.,Tankrabatt & Co.,ORG,0.0,0.0,de,1
Beendigu…,Beendigu…,ORG,0.0,0.0,de,1
Bilanzsaison,Bilanzsaison,ORG,0.0,0.0,de,1
Frische Impulse,Frische Impulse,ORG,0.0,0.0,de,1
++ Iran-Liveblog,++ Iran-Liveblog,ORG,0.0,0.0,de,1
ZfP,ZfP,ORG,0.0,0.0,de,1
Indiens,Indiens,ORG,0.0,0.0,de,1
Ernähr…,Ernähr…,ORG,-1.0,0.0,de,1
Reliant AI +++ Mistral AI,Reliant AI +++ Mistral AI,ORG,-0.7,0.0,de,1
Ökostrom-Anla…,Ökostrom-Anla…,ORG,0.0,0.0,de,1
EU-Atomprojekt,EU-Atomprojekt,ORG,0.0,0.0,de,1
Aufgeplatzter Asphalt,Aufgeplatzter Asphalt,ORG,0.0,0.0,de,1
Christsoziale,Christsoziale,ORG,0.0,0.0,de,1
Ac…,Ac…,ORG,0.0,0.0,de,1
Bahng…,Bahng…,ORG,0.0,0.0,de,1
KI-Finanzberater,KI-Finanzberater,ORG,0.0,0.0,de,1
Real Madrids,Real Madrids,ORG,1.0,0.0,de,1
schwäbischen Unternehmens,schwäbischen Unternehmens,ORG,0.0,0.0,de,1
DealMonitor +++ Verdane,DealMonitor +++ Verdane,ORG,-0.7,0.0,de,1
Eterno +++ Getquin,Eterno +++ Getquin,ORG,-0.7,0.0,de,1
Emmi AI +++ Finanzspritze,Emmi AI +++ Finanzspritze,ORG,-0.7,0.0,de,1
EU-Regierungschefin,EU-Regierungschefin,ORG,0.0,0.0,de,1
Russian Railways,Russian Railways,ORG,0.0,0.0,de,1
HappySupport +++ Im,HappySupport +++ Im,ORG,-0.7,0.0,de,1
Speicherpreise,Speicherpreise,ORG,0.7,0.0,de,1
ASUS,ASUS,ORG,0.7,0.0,de,1
Speicherkris…,Speicherkris…,ORG,0.0,0.0,de,1
siegessi…,siegessi…,ORG,0.0,0.0,de,1
LAPRESSE,LAPRESSE,ORG,0.7,0.0,de,1
US-Demokraten,US-Demokraten,ORG,0.0,0.0,de,1
Monaten festgesessen +++ Teheran,Monaten festgesessen +++ Teheran,ORG,-1.0,0.0,de,1
Aktionsplan,Aktionsplan,ORG,0.0,0.0,de,1
Universität Leipzig,Universität Leipzig,ORG,0.0,0.0,de,1
Therapie-Fortschrit…,Therapie-Fortschrit…,ORG,0.0,0.0,de,1
Zusamm…,Zusamm…,ORG,0.0,0.0,de,1
Schiffsverkehr +++,Schiffsverkehr +++,ORG,0.0,0.0,de,1
FPÖ-Politikern,FPÖ-Politikern,ORG,0.0,0.0,de,1
osnapix,osnapix,ORG,-1.0,0.0,de,1
Fide-Präsident…,Fide-Präsident…,ORG,0.0,0.0,de,1
Energy Transitions Commission,Energy Transitions Commission,ORG,-0.7,0.0,de,1
Regionale Erdbeeren …,Regionale Erdbeeren …,ORG,0.0,0.0,de,1
Gas- und Strompreisen,Gas- und Strompreisen,ORG,0.0,0.0,de,1
Waffenfund,Waffenfund,ORG,0.0,0.0,de,1
Kärntner,Kärntner,ORG,0.0,0.0,de,1
AIS-Signal,AIS-Signal,ORG,0.0,0.0,de,1
ch…,ch…,ORG,0.15000000000000002,0.0,de,1
sozialdemokratischen Labour-Partei,sozialdemokratischen Labour-Partei,ORG,0.7,0.0,de,1
Emirate +++,Emirate +++,ORG,-1.0,0.0,de,1
Bedenken a…,Bedenken a…,ORG,0.7,0.0,de,1
Double-Ansage,Double-Ansage,ORG,1.0,0.0,de,1
grundsätzlic…,grundsätzlic…,ORG,0.0,0.0,de,1
FDP-Spitze!,FDP-Spitze!,ORG,0.0,0.0,de,1
"Parteivorsitz
+","Parteivorsitz
+",ORG,-0.7,0.0,de,1
"Parteivorsitz
+++ E","Parteivorsitz
+++ E",ORG,0.0,0.0,de,1
Center for Strategic and International Studies,Center for Strategic and International Studies,ORG,0.0,0.0,de,1
Wall Stre…,Wall Stre…,ORG,1.0,0.0,de,1
Gaskocher MSR Switch,Gaskocher MSR Switch,ORG,0.35,0.0,de,1
UN-Gerichts,UN-Gerichts,ORG,0.0,0.0,de,1
AA,AA,ORG,-1.0,0.0,de,1
beg…,beg…,ORG,0.0,0.0,de,1
US-Influencerin,US-Influencerin,ORG,1.0,0.0,de,1
Libanon +++ Qatars,Libanon +++ Qatars,ORG,0.0,0.0,de,1
Waffenruhe +++ Wadephul,Waffenruhe +++ Wadephul,ORG,0.0,0.0,de,1
DHL Express,DHL Express,ORG,0.0,0.0,de,1
Är…,Är…,ORG,0.0,0.0,de,1
Eis +++  Videospielhändler,Eis +++  Videospielhändler,ORG,0.0,0.0,de,1
Captital Pictures,Captital Pictures,ORG,0.0,0.0,de,1
Mullahs…,Mullahs…,ORG,0.0,0.0,de,1
BBQ,BBQ,ORG,-0.7,0.0,de,1
REWE,REWE,ORG,0.7,0.0,de,1
US-Schiff,US-Schiff,ORG,-1.0,0.0,de,1
US-Kriegsschiffe,US-Kriegsschiffe,ORG,0.0,0.0,de,1
EU-Migrationspolitik,EU-Migrationspolitik,ORG,0.0,0.0,de,1
US-Kriegsschiff +++ US-Initiative,US-Kriegsschiff +++ US-Initiative,ORG,0.0,0.0,de,1
Angehörigen,Angehörigen,ORG,0.0,0.0,de,1
Iran +++ US-Armee,Iran +++ US-Armee,ORG,0.0,0.0,de,1
Drohnenangriff +++ US-Armee,Drohnenangriff +++ US-Armee,ORG,-0.7,0.0,de,1
Durchfahrt +++ Großbrand,Durchfahrt +++ Großbrand,ORG,-0.2333333333333333,0.0,de,1
KI-Hedgefonds,KI-Hedgefonds,ORG,0.0,0.0,de,1
Klimaanl…,Klimaanl…,ORG,0.0,0.0,de,1
US-Marineeinsatzes,US-Marineeinsatzes,ORG,-1.0,0.0,de,1
Kompli…,Kompli…,ORG,0.0,0.0,de,1
Heimkino-Soundbar,Heimkino-Soundbar,ORG,0.0,0.0,de,1
niedersächsische Landesamt f…,niedersächsische Landesamt f…,ORG,0.0,0.0,de,1
Atommüll-Transport,Atommüll-Transport,ORG,0.0,0.0,de,1
Streitkräfte der Islamischen Republik,Streitkräfte der Islamischen Republik,ORG,0.0,0.0,de,1
US-Einsatz,US-Einsatz,ORG,0.7,0.0,de,1
saudi…,saudi…,ORG,0.0,0.0,de,1
Atomkraftwerke,Atomkraftwerke,ORG,0.0,0.0,de,1
Klinik Verantwortlic…,Klinik Verantwortlic…,ORG,0.0,0.0,de,1
Arbeitgeberinitiative Neue Soziale Marktwirtschaft,Arbeitgeberinitiative Neue Soziale Marktwirtschaft,ORG,0.7,0.0,de,1
Mittelmeer ++,Mittelmeer ++,ORG,0.0,0.0,de,1
europäischen Grenzschutz,europäischen Grenzschutz,ORG,0.0,0.0,de,1
New Yo,New Yo,ORG,0.0,0.0,de,1
Vermieter!,Vermieter!,ORG,0.0,0.0,de,1
Fußball-Weltverbandes,Fußball-Weltverbandes,ORG,0.0,0.0,de,1
NDR Talk Show!,NDR Talk Show!,ORG,0.7,0.0,de,1
Einschalten!,Einschalten!,ORG,0.0,0.0,de,1
Acht-Stunden-Tags,Acht-Stunden-Tags,ORG,0.0,0.0,de,1
Grüne… Aline Trede,Grüne… Aline Trede,ORG,0.0,0.0,de,1
Murks,Murks,ORG,0.0,0.0,de,1
iranische Fußball-Verband,iranische Fußball-Verband,ORG,0.0,0.0,de,1
FFI,FFI,ORG,0.0,0.0,de,1
Tabellenschlusslicht SC DHfK Leipzig,Tabellenschlusslicht SC DHfK Leipzig,ORG,0.0,0.0,de,1
HSG Wetzlar…,HSG Wetzlar…,ORG,0.0,0.0,de,1
Hatschi!,Hatschi!,ORG,0.0,0.0,de,1
Araghtschi +++ Iran,Araghtschi +++ Iran,ORG,-1.0,0.0,de,1
Donnerstag ei,Donnerstag ei,ORG,0.0,0.0,de,1
Iran +++ Sieben Tote,Iran +++ Sieben Tote,ORG,-1.0,0.0,de,1
Papiertaschentuch-herstellende Industrie,Papiertaschentuch-herstellende Industrie,ORG,1.0,0.0,de,1
Xinhua News Agency,Xinhua News Agency,ORG,-1.0,0.0,de,1
Unwetter-Warnung,Unwetter-Warnung,ORG,0.0,0.0,de,1
Naturgewalten,Naturgewalten,ORG,0.7,0.0,de,1
Fußball-Zweitligisten 1,Fußball-Zweitligisten 1,ORG,0.0,0.0,de,1
FCK-Trainer,FCK-Trainer,ORG,0.0,0.0,de,1
israelische …,israelische …,ORG,0.0,0.0,de,1
Amicool,Amicool,ORG,0.0,0.0,de,1
Opec-Staaten,Opec-Staaten,ORG,0.7,0.0,de,1
Vereinigung der bayerischen Wirtschaft,Vereinigung der bayerischen Wirtschaft,ORG,0.0,0.0,de,1
vbw,vbw,ORG,0.0,0.0,de,1
Lausanner Versorgers Gaznat,Lausanner Versorgers Gaznat,ORG,0.0,0.0,de,1
Cenovus Energy,Cenovus Energy,ORG,0.7,0.0,de,1
US-Senders,US-Senders,ORG,0.0,0.0,de,1
Project Freedom,Project Freedom,ORG,0.7,0.0,de,1
weiterlesenKöln,weiterlesenKöln,ORG,-1.0,0.0,de,1
Infekti…,Infekti…,ORG,0.0,0.0,de,1
US-Truppenabzug,US-Truppenabzug,ORG,0.0,0.0,de,1
Selbstve…,Selbstve…,ORG,0.0,0.0,de,1
++ Waffenruhe,++ Waffenruhe,ORG,0.0,0.0,de,1
Kraft ++,Kraft ++,ORG,0.0,0.0,de,1
Moskau +++ Deutsche Diplomaten,Moskau +++ Deutsche Diplomaten,ORG,0.0,0.0,de,1
EU-Programms Copernicus,EU-Programms Copernicus,ORG,0.0,0.0,de,1
Nachbarn…,Nachbarn…,ORG,0.0,0.0,de,1
Ontario,Ontario,ORG,0.7,0.0,de,1
Börse mäc,Börse mäc,ORG,0.0,0.0,de,1
Aduro Clean Technologies Inc,Aduro Clean Technologies Inc,ORG,0.7,0.0,de,1
Chemie…,Chemie…,ORG,0.0,0.0,de,1
EA Sports,EA Sports,ORG,0.0,0.0,de,1
Anthropics Finanz-Agenten,Anthropics Finanz-Agenten,ORG,0.0,0.0,de,1
Fußball-Weltmeisters…,Fußball-Weltmeisters…,ORG,0.0,0.0,de,1
Alitalia,Alitalia,ORG,0.0,0.0,de,1
US-Militärschiffe,US-Militärschiffe,ORG,0.0,0.0,de,1
Vereinigten Staatenund Iran,Vereinigten Staatenund Iran,ORG,0.0,0.0,de,1
Kharg +++ Globales Internet,Kharg +++ Globales Internet,ORG,-0.15000000000000002,0.0,de,1
deutschen Flughafenverbands,deutschen Flughafenverbands,ORG,-0.7,0.0,de,1
Kiew Russlands,Kiew Russlands,ORG,0.0,0.0,de,1
Erdüberlastungstags,Erdüberlastungstags,ORG,0.0,0.0,de,1
Börse!,Börse!,ORG,0.0,0.0,de,1
US-Präsi…,US-Präsi…,ORG,0.0,0.0,de,1
österreichischen Meister,österreichischen Meister,ORG,0.0,0.0,de,1
Peking ++,Peking ++,ORG,0.0,0.0,de,1
through price gouging,through price gouging,ORG,0.0,0.0,de,1
Democracy,Democracy,ORG,0.0,0.0,de,1
<li>AG,<li>AG,ORG,0.0,0.0,de,1
US-Presse,US-Presse,ORG,0.0,0.0,de,1
Papageienmonitoring</li><li>…,Papageienmonitoring</li><li>…,ORG,0.0,0.0,de,1
Nahver…,Nahver…,ORG,0.0,0.0,de,1
Tech-Milliardär,Tech-Milliardär,ORG,0.0,0.0,de,1
Landesamt für Staatsschutz und Extremismusbekämpfung,Landesamt für Staatsschutz und Extremismusbekämpfung,ORG,0.0,0.0,de,1
Team K…,Team K…,ORG,0.7,0.0,de,1
Israel Deutschland,Israel Deutschland,ORG,0.0,0.0,de,1
Regionalliga-Saison,Regionalliga-Saison,ORG,0.0,0.0,de,1
Frachter ++,Frachter ++,ORG,0.0,0.0,de,1
Pre…,Pre…,ORG,0.0,0.0,de,1
EU n…,EU n…,ORG,0.0,0.0,de,1
IPC,IPC,ORG,-1.0,0.0,de,1
Chemnitzer FC,Chemnitzer FC,ORG,0.0,0.0,de,1
Internationalen Paralympisch…,Internationalen Paralympisch…,ORG,0.0,0.0,de,1
Hertha BSC II,Hertha BSC II,ORG,0.0,0.0,de,1
Weltbörse…,Weltbörse…,ORG,0.0,0.0,de,1
Hertha-News,Hertha-News,ORG,0.0,0.0,de,1
Stiftungs…,Stiftungs…,ORG,0.0,0.0,de,1
stö…,stö…,ORG,0.0,0.0,de,1
deutscher NS-Gefangenschaft,deutscher NS-Gefangenschaft,ORG,0.0,0.0,de,1
Akademie der W…,Akademie der W…,ORG,0.0,0.0,de,1
China Russlands Pipelinepläne,China Russlands Pipelinepläne,ORG,0.0,0.0,de,1
Alfred-Wegener-Instituts,Alfred-Wegener-Instituts,ORG,0.0,0.0,de,1
EVP-Vorsitzender,EVP-Vorsitzender,ORG,0.0,0.0,de,1
Erfurts Wärmeplanung,Erfurts Wärmeplanung,ORG,0.0,0.0,de,1
Freie Sachsen,Freie Sachsen,ORG,0.7,0.0,de,1
Kanzleramt für Gespräche mit Russland,Kanzleramt für Gespräche mit Russland,ORG,0.0,0.0,de,1
Business-Netzwerke,Business-Netzwerke,ORG,0.0,0.0,de,1
OGCI-Mitgliedsu…,OGCI-Mitgliedsu…,ORG,0.0,0.0,de,1
Darmbakterien,Darmbakterien,ORG,0.0,0.0,de,1
Milliarden-Krediten,Milliarden-Krediten,ORG,0.0,0.0,de,1
"Kiew
","Kiew
",ORG,0.0,0.0,de,1
Metal Business Club,Metal Business Club,ORG,0.7,0.0,de,1
Sti…,Sti…,ORG,0.0,0.0,de,1
CIA-Stationen,CIA-Stationen,ORG,0.0,0.0,de,1
+++ Neuigkeiten,+++ Neuigkeiten,ORG,0.0,0.0,de,1
Drohnenangriffen +++ Selenskyj,Drohnenangriffen +++ Selenskyj,ORG,-1.0,0.0,de,1
gefährlic…,gefährlic…,ORG,0.0,0.0,de,1
KI-Initiative,KI-Initiative,ORG,0.0,0.0,de,1
auc…,auc…,ORG,0.0,0.0,de,1
russlandfreundliche Partei,russlandfreundliche Partei,ORG,-1.0,0.0,de,1
Südkoreas SK Group,Südkoreas SK Group,ORG,0.0,0.0,de,1
US-Atomdeal,US-Atomdeal,ORG,0.0,0.0,de,1
Minister +++,Minister +++,ORG,0.0,0.0,de,1
Iranisches Nationalteam,Iranisches Nationalteam,ORG,0.0,0.0,de,1
WM-Karten,WM-Karten,ORG,0.0,0.0,de,1
Team USA,Team USA,ORG,0.0,0.0,de,1
Funktionäre +++ ,Funktionäre +++ ,ORG,0.15000000000000002,0.0,de,1
Wasserflaschen +++ Menschenrechtler,Wasserflaschen +++ Menschenrechtler,ORG,0.15000000000000002,0.0,de,1
geg…,geg…,ORG,0.0,0.0,de,1
US-Finanzministerium …,US-Finanzministerium …,ORG,0.0,0.0,de,1
Jugendgefängnisses Hahnöfersand,Jugendgefängnisses Hahnöfersand,ORG,0.0,0.0,de,1
bezeic…,bezeic…,ORG,0.0,0.0,de,1
deutschen Gasreserven - Fracking,deutschen Gasreserven - Fracking,ORG,0.0,0.0,de,1
UNO-Mitglieder,UNO-Mitglieder,ORG,-1.0,0.0,de,1
inakzeptab…,inakzeptab…,ORG,-0.7,0.0,de,1
"Spinnennetz""-Strategie","Spinnennetz""-Strategie",ORG,0.35,0.0,de,1
Bafög-Reform so schwertut,Bafög-Reform so schwertut,ORG,0.0,0.0,de,1
ifo Instituts,ifo Instituts,ORG,0.0,0.0,de,1
Eurostat in,Eurostat in,ORG,0.0,0.0,de,1
islamische…,islamische…,ORG,0.0,0.0,de,1
Zinserh…,Zinserh…,ORG,0.0,0.0,de,1
Menschhe…,Menschhe…,ORG,0.0,0.0,de,1
“ +++  Israel,“ +++  Israel,ORG,0.0,0.0,de,1
Fegebank,Fegebank,ORG,0.0,0.0,de,1
deutschen Erfolgsmodells,deutschen Erfolgsmodells,ORG,0.0,0.0,de,1
Nationalen Geheimdienstkoordinators,Nationalen Geheimdienstkoordinators,ORG,0.0,0.0,de,1
Internationale Wirtschaftsforum +++ Russland,Internationale Wirtschaftsforum +++ Russland,ORG,-0.7,0.0,de,1
Sozialdemokrat …,Sozialdemokrat …,ORG,0.0,0.0,de,1
Schif…,Schif…,ORG,0.0,0.0,de,1
OECD-Prognose,OECD-Prognose,ORG,1.0,0.0,de,1
Nahostkonflikt,Nahostkonflikt,ORG,1.0,0.0,de,1
Libanon-Feldzug Israels,Libanon-Feldzug Israels,ORG,0.7,0.0,de,1
Nachbarschaftsdisput,Nachbarschaftsdisput,ORG,0.0,0.0,de,1
Ukraine-Pilot,Ukraine-Pilot,ORG,0.0,0.0,de,1
Saudi-Koalition,Saudi-Koalition,ORG,0.0,0.0,de,1
VW-Story,VW-Story,ORG,0.0,0.0,de,1
WM +++,WM +++,ORG,0.15000000000000002,0.0,de,1
wikimedia,wikimedia,ORG,0.0,0.0,de,1
Europäische Union: Österreich,Europäische Union: Österreich,ORG,0.0,0.0,de,1
Helikopter-Abschusses,Helikopter-Abschusses,ORG,0.0,0.0,de,1
Wiens,Wiens,ORG,-0.7,0.0,de,1
Grundsteuer k…,Grundsteuer k…,ORG,0.0,0.0,de,1
AMD-Warnung,AMD-Warnung,ORG,0.0,0.0,de,1
Monats +++ EU,Monats +++ EU,ORG,-0.7,0.0,de,1
Arbeitsspeiche…,Arbeitsspeiche…,ORG,0.0,0.0,de,1
epd-bild,epd-bild,ORG,0.0,0.0,,1
Ex-Klub,Ex-Klub,ORG,0.0,0.0,de,1
Sechzi,Sechzi,ORG,0.7,0.0,de,1
BILD-Nachf…,BILD-Nachf…,ORG,0.0,0.0,de,1
US-Kampfhubschraubers,US-Kampfhubschraubers,ORG,0.0,0.0,de,1
please validate that you're,please validate that you're,ORG,1.0,0.0,de,1
US-Militärhubschraubers,US-Militärhubschraubers,ORG,0.0,0.0,de,1
Not +++,Not +++,ORG,-0.7,0.0,de,1
Zustimmung für Russlands,Zustimmung für Russlands,ORG,0.0,0.0,de,1
Meinungsforschungsinstitut,Meinungsforschungsinstitut,ORG,-0.7,0.0,de,1
VCIOM,VCIOM,ORG,-0.7,0.0,de,1
Na los,Na los,ORG,0.0,0.0,de,1
Reuters …,Reuters …,ORG,0.0,0.0,de,1
Regensburger Bank,Regensburger Bank,ORG,0.0,0.0,de,1
Putins Ukraine-Krieg,Putins Ukraine-Krieg,ORG,0.0,0.0,de,1
Fahrerin Gas- und Bremspedal verwech…,Fahrerin Gas- und Bremspedal verwech…,ORG,0.0,0.0,de,1
+++ Evakuierungsanordnung,+++ Evakuierungsanordnung,ORG,0.7,0.0,de,1
US-Hubschraubers,US-Hubschraubers,ORG,0.7,0.0,de,1
Russland-Kennern,Russland-Kennern,ORG,0.0,0.0,de,1
Österreichischen Städtebundes,Österreichischen Städtebundes,ORG,-0.7,0.0,de,1
Cyberkriminellen,Cyberkriminellen,ORG,0.0,0.0,de,1
Drohnenvorfall +++  Kreml,Drohnenvorfall +++  Kreml,ORG,-0.2333333333333333,0.0,de,1
Donal…,Donal…,ORG,0.0,0.0,de,1
Antares Nuclear,Antares Nuclear,ORG,0.0,0.0,de,1
Huthis e…,Huthis e…,ORG,0.0,0.0,de,1
TV…,TV…,ORG,1.0,0.0,de,1
darge…,darge…,ORG,0.0,0.0,de,1
Erdölkartells,Erdölkartells,ORG,0.35,0.0,de,1
Konsequenzen +++  ,Konsequenzen +++  ,ORG,-1.0,0.0,de,1
CHR,CHR,ORG,0.0,0.0,de,1
Kosovo-Wahl,Kosovo-Wahl,ORG,0.0,0.0,de,1
Iran +++ EU,Iran +++ EU,ORG,0.0,0.0,de,1
Scott Spirit,Scott Spirit,ORG,0.0,0.0,de,1
Waffenr…,Waffenr…,ORG,0.0,0.0,de,1
Kriselnder Industrie,Kriselnder Industrie,ORG,0.0,0.0,de,1
Polisario,Polisario,ORG,0.0,0.0,de,1
Verarbeitendes Gewerbe,Verarbeitendes Gewerbe,ORG,0.0,0.0,de,1
EU-Ve…,EU-Ve…,ORG,0.0,0.0,de,1
+++ Weidmann,+++ Weidmann,ORG,0.0,0.0,de,1
Sorg…,Sorg…,ORG,1.0,0.0,de,1
UNESCO-Welterbestätte +++ Iran,UNESCO-Welterbestätte +++ Iran,ORG,0.7,0.0,de,1
Luftraum +++ Huthi,Luftraum +++ Huthi,ORG,0.7,0.0,de,1
Iranische Armee,Iranische Armee,ORG,0.0,0.0,de,1
zuse…,zuse…,ORG,-1.0,0.0,de,1
Erg…,Erg…,ORG,0.0,0.0,de,1
Ukraine +++ NATO-Kampfflugzeuge,Ukraine +++ NATO-Kampfflugzeuge,ORG,-0.85,0.0,de,1
marokkanischen Streitkräfte,marokkanischen Streitkräfte,ORG,0.0,0.0,de,1
Universität Erlangen-Nürnberg,Universität Erlangen-Nürnberg,ORG,0.0,0.0,de,1
Stocktrek Images,Stocktrek Images,ORG,-1.0,0.0,de,1
Freunds…,Freunds…,ORG,0.0,0.0,de,1
Irans Verhandlungsteam,Irans Verhandlungsteam,ORG,0.0,0.0,de,1
deutschen Umweltdenkern,deutschen Umweltdenkern,ORG,0.0,0.0,de,1
Cradle to Cradle,Cradle to Cradle,ORG,0.0,0.0,de,1
Trump +++ Ukraine,Trump +++ Ukraine,ORG,-0.15000000000000002,0.0,de,1
Deutsche Gesellschaft für Allgemeine und Krankenhaus-Hygiene,Deutsche Gesellschaft für Allgemeine und Krankenhaus-Hygiene,ORG,1.0,0.0,de,1
DGKH,DGKH,ORG,1.0,0.0,de,1
Öffn…,Öffn…,ORG,0.7,0.0,de,1
Dünger-Krise,Dünger-Krise,ORG,-1.0,0.0,de,1
parlamentarische Taskforce,parlamentarische Taskforce,ORG,0.0,0.0,de,1
Stellantis-Konzerns für die Jahre bis 2030,Stellantis-Konzerns für die Jahre bis 2030,ORG,0.5,0.0,de,1
Kriegsbeginn…,Kriegsbeginn…,ORG,0.0,0.0,de,1
US-Börsen…,US-Börsen…,ORG,0.0,0.0,de,1
Teheran +++ Israels,Teheran +++ Israels,ORG,0.0,0.0,de,1
Mord-Plan +++,Mord-Plan +++,ORG,0.0,0.0,de,1
Deutschlands forschungsintensive,Deutschlands forschungsintensive,ORG,0.0,0.0,de,1
Merz-Vorschlag,Merz-Vorschlag,ORG,0.0,0.0,de,1
Kriegsgebiets +++ Saudi-Koalition,Kriegsgebiets +++ Saudi-Koalition,ORG,-0.15000000000000002,0.0,de,1
Ukraine +++ Nawrocki,Ukraine +++ Nawrocki,ORG,0.0,0.0,de,1
Ukrainische Kamikaze-Drohnen,Ukrainische Kamikaze-Drohnen,ORG,0.0,0.0,de,1
Nachrichtenportal …,Nachrichtenportal …,ORG,-0.7,0.0,de,1
Vereins…,Vereins…,ORG,0.0,0.0,de,1
Kenn…,Kenn…,ORG,0.0,0.0,de,1
BR-Doku,BR-Doku,ORG,0.0,0.0,de,1
Herz!,Herz!,ORG,0.0,0.0,de,1
Paul-Gerhardt-Wettbewerbs,Paul-Gerhardt-Wettbewerbs,ORG,0.0,0.0,de,1
GPS-Alarmfunktionen,GPS-Alarmfunktionen,ORG,0.0,0.0,de,1
Forschu…,Forschu…,ORG,0.0,0.0,de,1
Spahn-Vorschlag,Spahn-Vorschlag,ORG,0.0,0.0,de,1
Oxford Economics,Oxford Economics,ORG,0.0,0.0,de,1
deutschen Bruttoinlandsprodukts,deutschen Bruttoinlandsprodukts,ORG,0.0,0.0,de,1
symbolisc…,symbolisc…,ORG,0.0,0.0,de,1
Ex-Verfassungsschützer,Ex-Verfassungsschützer,ORG,0.0,0.0,de,1
Russland Mariupol,Russland Mariupol,ORG,0.0,0.0,de,1
russischer Armee,russischer Armee,ORG,0.0,0.0,de,1
Ug…,Ug…,ORG,0.0,0.0,de,1
Tec…,Tec…,ORG,0.85,0.0,de,1
Exilenova Plus,Exilenova Plus,ORG,0.0,0.0,de,1
gerechtferti…,gerechtferti…,ORG,0.0,0.0,de,1
SPD-Außenpolitikern,SPD-Außenpolitikern,ORG,0.0,0.0,de,1
Ukraine +++ Sorge,Ukraine +++ Sorge,ORG,0.0,0.0,de,1
Institut der deutschen Wirtschaft…,Institut der deutschen Wirtschaft…,ORG,0.0,0.0,de,1
Redebeitrag Frankreichs +++,Redebeitrag Frankreichs +++,ORG,-0.7,0.0,de,1
VfB-Sportboss Fabian Wohlgemuth,VfB-Sportboss Fabian Wohlgemuth,ORG,0.7999999999999999,0.0,de,1
source says,source says,ORG,0.0,0.0,de,1
Zentralrats der Juden,Zentralrats der Juden,ORG,0.0,0.0,de,1
Uran-Ausfuhr!,Uran-Ausfuhr!,ORG,0.0,0.0,de,1
Trump-Deal,Trump-Deal,ORG,0.0,0.0,de,1
US-Verlusten,US-Verlusten,ORG,0.0,0.0,de,1
Irans Ober-Mullah,Irans Ober-Mullah,ORG,0.0,0.0,de,1
Ziels…,Ziels…,ORG,0.0,0.0,de,1
Si…,Si…,ORG,0.85,0.0,de,1
Wid…,Wid…,ORG,0.0,0.0,de,1
ZMD,ZMD,ORG,0.0,0.0,de,1
Typs Jars,Typs Jars,ORG,0.0,0.0,de,1
US-Regierung +++ Iran,US-Regierung +++ Iran,ORG,-0.15000000000000002,0.0,de,1
Seemine,Seemine,ORG,-0.15000000000000002,0.0,de,1
Minderjähri…,Minderjähri…,ORG,-1.0,0.0,de,1
Wenn Autos,Wenn Autos,ORG,-1.0,0.0,de,1
Der Flughafenhändler,Der Flughafenhändler,ORG,0.0,0.0,de,1
Duty-free-Händler Heinemann,Duty-free-Händler Heinemann,ORG,-0.7,0.0,de,1
Die Inflationsrate,Die Inflationsrate,ORG,0.0,0.0,de,1
Europäische Strategische Partnerschaften,Europäische Strategische Partnerschaften,ORG,0.0,0.0,de,1
Fridays for Future Frankfurt,Fridays for Future Frankfurt,ORG,0.0,0.0,de,1
Rumänien +++ Merz,Rumänien +++ Merz,ORG,0.0,0.0,de,1
NATO-Ostflanke +++ Ukraine,NATO-Ostflanke +++ Ukraine,ORG,0.0,0.0,de,1
Logistikverband BME,Logistikverband BME,ORG,-0.7,0.0,de,1
CSD Frankfurt,CSD Frankfurt,ORG,0.0,0.0,de,1
Mahnwache,Mahnwache,ORG,0.0,0.0,de,1
Campact h,Campact h,ORG,0.0,0.0,de,1
US-Luftangriffe,US-Luftangriffe,ORG,0.0,0.0,de,1
Städtepartnerscha…,Städtepartnerscha…,ORG,0.0,0.0,de,1
Evangelischen Kirche Berlin-Brandenbur…,Evangelischen Kirche Berlin-Brandenbur…,ORG,0.0,0.0,de,1
WM-Box-Sensation,WM-Box-Sensation,ORG,0.0,0.0,de,1
russisch +++,russisch +++,ORG,0.0,0.0,de,1
NATO-Verbündeten,NATO-Verbündeten,ORG,0.0,0.0,de,1
Zentrum seiner europäischen KI-Strategie,Zentrum seiner europäischen KI-Strategie,ORG,0.0,0.0,de,1
gemess…,gemess…,ORG,0.7,0.0,de,1
AI-95,AI-95,ORG,1.0,0.0,de,1
NZZ-Korrespondenten,NZZ-Korrespondenten,ORG,0.0,0.0,de,1
Hizbullah +++ Irans,Hizbullah +++ Irans,ORG,0.0,0.0,de,1
“ +++ USA,“ +++ USA,ORG,0.0,0.0,de,1
Gegenschlag +++ Kuwait,Gegenschlag +++ Kuwait,ORG,0.0,0.0,de,1
Panzerbauers KNDS,Panzerbauers KNDS,ORG,-0.7,0.0,de,1
US-Konjunktur,US-Konjunktur,ORG,0.0,0.0,de,1
Schwefelsäure …,Schwefelsäure …,ORG,0.0,0.0,de,1
Die Streitkräfte,Die Streitkräfte,ORG,-0.7,0.0,de,1
Kyjiw schnellstmöglic…,Kyjiw schnellstmöglic…,ORG,0.0,0.0,de,1
Kiew +++ ,Kiew +++ ,ORG,0.0,0.0,de,1
NIQ…,NIQ…,ORG,0.0,0.0,de,1
Baden-W…,Baden-W…,ORG,0.0,0.0,de,1
Putins Krypto-Plan,Putins Krypto-Plan,ORG,0.0,0.0,de,1
russische Krypto-Plattformen,russische Krypto-Plattformen,ORG,0.0,0.0,de,1
Finanz-Infrastruktur,Finanz-Infrastruktur,ORG,0.0,0.0,de,1
Bundesinnenminist…,Bundesinnenminist…,ORG,0.0,0.0,de,1
REUT…,REUT…,ORG,0.0,0.0,de,1
Plutonium,Plutonium,ORG,0.7,0.0,de,1
Lebenswichtiges Instrument,Lebenswichtiges Instrument,ORG,0.0,0.0,de,1
Ukrainische Luf…,Ukrainische Luf…,ORG,0.0,0.0,de,1
Mitte-Rechts-Koalition,Mitte-Rechts-Koalition,ORG,0.7,0.0,de,1
SichtTrump,SichtTrump,ORG,0.0,0.0,de,1
beo…,beo…,ORG,-0.7,0.0,de,1
Deutsche Reallöhne,Deutsche Reallöhne,ORG,0.0,0.0,de,1
Luftangriff +++ US-Sanktionen,Luftangriff +++ US-Sanktionen,ORG,-0.15000000000000002,0.0,de,1
Irans Behörde,Irans Behörde,ORG,-0.15000000000000002,0.0,de,1
+++Messerangriff,+++Messerangriff,ORG,-1.0,0.0,de,1
Brüsseler Bürokratie,Brüsseler Bürokratie,ORG,0.7,0.0,de,1
Freiheitsidee,Freiheitsidee,ORG,0.0,0.0,de,1
G-10-Länder,G-10-Länder,ORG,-0.7,0.0,de,1
US-Kreise,US-Kreise,ORG,0.7,0.0,de,1
Lettisches Parlament,Lettisches Parlament,ORG,0.0,0.0,de,1
Epstein +++,Epstein +++,ORG,-1.0,0.0,de,1
Kommando der US-Streitkräfte,Kommando der US-Streitkräfte,ORG,0.0,0.0,de,1
gesu…,gesu…,ORG,0.0,0.0,de,1
Europäische …,Europäische …,ORG,0.0,0.0,de,1
NDR-Reportage,NDR-Reportage,ORG,0.0,0.0,de,1
Geheimdienstes SBU,Geheimdienstes SBU,ORG,-0.3333333333333333,0.0,de,1
Verband proPellets Austria,Verband proPellets Austria,ORG,-0.7,0.0,de,1
Anleihem…,Anleihem…,ORG,0.0,0.0,de,1
proPellets Austria,proPellets Austria,ORG,0.0,0.0,de,1
Russland Iran,Russland Iran,ORG,0.0,0.0,de,1
Karlsruher…,Karlsruher…,ORG,0.0,0.0,de,1
gegenübe…,gegenübe…,ORG,0.0,0.0,de,1
Startlö…,Startlö…,ORG,0.0,0.0,de,1
Finanz-Wahrheit!,Finanz-Wahrheit!,ORG,-1.0,0.0,de,1
Bewohner …,Bewohner …,ORG,0.0,0.0,de,1
Bertelsmann Stiftun…,Bertelsmann Stiftun…,ORG,0.0,0.0,de,1
Zusammenfassu…,Zusammenfassu…,ORG,0.0,0.0,de,1
Stuttgarter Autobauers,Stuttgarter Autobauers,ORG,-0.85,0.0,de,1
Ursache f,Ursache f,ORG,0.0,0.0,de,1
Annäh…,Annäh…,ORG,0.0,0.0,de,1
Gas u,Gas u,ORG,0.0,0.0,de,1
Antikorruptionsstaatsanwal…,Antikorruptionsstaatsanwal…,ORG,0.0,0.0,de,1
Europäischen Ze…,Europäischen Ze…,ORG,0.0,0.0,de,1
Moskau Drohne,Moskau Drohne,ORG,0.0,0.0,de,1
Nebenkosten-Nachzahlung,Nebenkosten-Nachzahlung,ORG,0.0,0.0,de,1
CO-Bepreisung,CO-Bepreisung,ORG,0.0,0.0,de,1
US-Autos,US-Autos,ORG,0.0,0.0,de,1
Kampfdrohnen-Starts +++,Kampfdrohnen-Starts +++,ORG,0.0,0.0,de,1
Trümmern +++,Trümmern +++,ORG,0.0,0.0,de,1
Meerenge +++ Trump,Meerenge +++ Trump,ORG,0.0,0.0,de,1
Online-Plattform Temu,Online-Plattform Temu,ORG,-1.0,0.0,de,1
Vier-Prozent-Regel,Vier-Prozent-Regel,ORG,0.0,0.0,de,1
512 GB fassenden Speicher,512 GB fassenden Speicher,ORG,0.0,0.0,de,1
israelische Polizei,israelische Polizei,ORG,0.0,0.0,de,1
Israelische Streitkräfte,Israelische Streitkräfte,ORG,0.0,0.0,de,1
abgesch…,abgesch…,ORG,0.0,0.0,de,1
EU-Speicher,EU-Speicher,ORG,-1.0,0.0,de,1
US-Justizministeriums,US-Justizministeriums,ORG,1.0,0.0,de,1
Sex…,Sex…,ORG,1.0,0.0,de,1
Neue Capture-Hardware,Neue Capture-Hardware,ORG,0.0,0.0,de,1
Parlament +++,Parlament +++,ORG,0.0,0.0,de,1
Anti-Korruptionsbehörd…,Anti-Korruptionsbehörd…,ORG,-1.0,0.0,de,1
Absturzmaschine,Absturzmaschine,ORG,0.0,0.0,de,1
SSK,SSK,ORG,0.0,0.0,de,1
Köln/Frankfurt,Köln/Frankfurt,ORG,-0.7,0.0,de,1
CDU-Außen-,CDU-Außen-,ORG,-1.0,0.0,de,1
Sabotageplänen +++,Sabotageplänen +++,ORG,-0.7,0.0,de,1
zwe,zwe,ORG,0.0,0.0,de,1
Ahornsirup!,Ahornsirup!,ORG,0.0,0.0,de,1
Thüringer Clubs!,Thüringer Clubs!,ORG,0.0,0.0,de,1
Jimi Blue Ochsenknecht!,Jimi Blue Ochsenknecht!,ORG,0.0,0.0,de,1
Ukrainische Drohnenangriffe +++ Moskau,Ukrainische Drohnenangriffe +++ Moskau,ORG,0.0,0.0,de,1
Östlichen Wirtschaftsforum +++ Norwegen,Östlichen Wirtschaftsforum +++ Norwegen,ORG,-0.7,0.0,de,1
berücksichtig…,berücksichtig…,ORG,0.0,0.0,de,1
Berliner Landesverbands,Berliner Landesverbands,ORG,0.0,0.0,de,1
Lesb…,Lesb…,ORG,0.0,0.0,de,1
Rebellenmiliz ADF,Rebellenmiliz ADF,ORG,0.0,0.0,de,1
Secret Blizzard,Secret Blizzard,ORG,0.7,0.0,de,1
Truth-Social-Post,Truth-Social-Post,ORG,-1.0,0.0,de,1
Geschwindigkeitsk…,Geschwindigkeitsk…,ORG,0.0,0.0,de,1
Neue Gas- und Ölbohrungen,Neue Gas- und Ölbohrungen,ORG,0.0,0.0,de,1
Aktion des Geheimdienstes SBU,Aktion des Geheimdienstes SBU,ORG,0.0,0.0,de,1
SpektreWorks,SpektreWorks,ORG,0.0,0.0,de,1
Russland-Handelspartner Indien,Russland-Handelspartner Indien,ORG,0.0,0.0,de,1
Silbereisens G…,Silbereisens G…,ORG,0.0,0.0,de,1
Spek…,Spek…,ORG,0.0,0.0,de,1
Kamjanez-Podi…,Kamjanez-Podi…,ORG,0.0,0.0,de,1
Tötens +++,Tötens +++,ORG,0.7,0.0,de,1
Varta AG,Varta AG,ORG,0.0,0.0,de,1
Deutschen fremdeln,Deutschen fremdeln,ORG,-1.0,0.0,de,1
Luftverteidigung +++ Selenskyj,Luftverteidigung +++ Selenskyj,ORG,-0.7,0.0,de,1
beid…,beid…,ORG,0.0,0.0,de,1
Wadephul,Wadephul,ORG,0.0,0.0,de,1
FCM-Profis,FCM-Profis,ORG,1.0,0.0,de,1
Anku…,Anku…,ORG,0.0,0.0,de,1
CRM,CRM,ORG,0.7,0.0,de,1
Minister Dobrindt,Minister Dobrindt,ORG,0.0,0.0,de,1
Nato Deutschland,Nato Deutschland,ORG,0.0,0.0,de,1
Diplomatenfahrzeug +++,Diplomatenfahrzeug +++,ORG,-1.0,0.0,de,1
irani…,irani…,ORG,0.0,0.0,de,1
Die Vereinten Nationen,Die Vereinten Nationen,ORG,-1.0,0.0,de,1
deutsche Regierung…,deutsche Regierung…,ORG,0.0,0.0,de,1
+++ Gespräche,+++ Gespräche,ORG,0.0,0.0,de,1
Filmfestival Venedig,Filmfestival Venedig,ORG,0.0,0.0,de,1
US-Sonderbeauftr,US-Sonderbeauftr,ORG,-0.7,0.0,de,1
Gesprächs +++,Gesprächs +++,ORG,0.0,0.0,de,1
C-3…,C-3…,ORG,0.0,0.0,de,1
NGO enga…,NGO enga…,ORG,1.0,0.0,de,1
Finanz-Coachin,Finanz-Coachin,ORG,0.7,0.0,de,1
Bureau of Labor Statistics,Bureau of Labor Statistics,ORG,0.0,0.0,de,1
Staats…,Staats…,ORG,0.0,0.0,de,1
Bundesliga-Comebacks,Bundesliga-Comebacks,ORG,0.0,0.0,de,1
Fortuna Düsseldorfs Spielern,Fortuna Düsseldorfs Spielern,ORG,0.0,0.0,de,1
Pro-Atomkraft-Verein,Pro-Atomkraft-Verein,ORG,0.0,0.0,de,1
Europäische Weltraumagentur,Europäische Weltraumagentur,ORG,0.0,0.0,de,1
Eumetsat,Eumetsat,ORG,0.0,0.0,de,1
europäische Organisation für Wettersatelliten,europäische Organisation für Wettersatelliten,ORG,0.0,0.0,de,1
Zwanzigjähri…,Zwanzigjähri…,ORG,0.0,0.0,de,1
Weltwirts…,Weltwirts…,ORG,0.0,0.0,de,1
Amtes für Arbeitsstatistik,Amtes für Arbeitsstatistik,ORG,0.0,0.0,de,1
BLS,BLS,ORG,0.0,0.0,de,1
Putins Armee d…,Putins Armee d…,ORG,-1.0,0.0,de,1
Wassers…,Wassers…,ORG,0.0,0.0,de,1
Hamilton!,Hamilton!,ORG,-1.0,0.0,de,1
Ferrari-Pilot,Ferrari-Pilot,ORG,0.2333333333333333,0.0,de,1
Russlands Präsid…,Russlands Präsid…,ORG,0.0,0.0,de,1
Verband der Tech-Industrie,Verband der Tech-Industrie,ORG,0.0,0.0,de,1
Einmaleins der Ökonomie,Einmaleins der Ökonomie,ORG,0.0,0.0,de,1
Hamburger Stiftung für Zukunftsfragen,Hamburger Stiftung für Zukunftsfragen,ORG,0.0,0.0,de,1
Erwachse…,Erwachse…,ORG,0.0,0.0,de,1
Gruppe der Frauen,Gruppe der Frauen,ORG,0.0,0.0,de,1
Leipziger Drohnenvorfall,Leipziger Drohnenvorfall,ORG,0.0,0.0,de,1
03.08.2025,03.08.2025,ORG,-1.0,0.0,de,1
SCIOFLEX,SCIOFLEX,ORG,0.0,0.0,de,1
Hessen +++ Neunzehnjähriger,Hessen +++ Neunzehnjähriger,ORG,0.0,0.0,de,1
Pepco Germany,Pepco Germany,ORG,0.0,0.0,de,1
Polizei +++ Lastwagen,Polizei +++ Lastwagen,ORG,0.0,0.0,de,1
Seedrohnen +++,Seedrohnen +++,ORG,0.7,0.0,de,1
Kontrolloffensive,Kontrolloffensive,ORG,0.0,0.0,de,1
Stefanischyna,Stefanischyna,ORG,0.0,0.0,de,1
Antonow AN-124,Antonow AN-124,ORG,0.7,0.0,de,1
Bundesministeriums für Wirtschaft und Energie auf…,Bundesministeriums für Wirtschaft und Energie auf…,ORG,-0.7,0.0,de,1
Sicherheitsrats +++,Sicherheitsrats +++,ORG,0.0,0.0,de,1
rumänische Verteidigungsministerium,rumänische Verteidigungsministerium,ORG,0.0,0.0,de,1
rumänischen Armee,rumänischen Armee,ORG,0.0,0.0,de,1
Lä…,Lä…,ORG,0.0,0.0,de,1
Mirage-Jets +++,Mirage-Jets +++,ORG,0.0,0.0,de,1
Abwehr russisc,Abwehr russisc,ORG,0.0,0.0,de,1
Gripen,Gripen,ORG,0.0,0.0,de,1
Gespräche z…,Gespräche z…,ORG,0.0,0.0,de,1
18-Jährigem,18-Jährigem,ORG,0.0,0.0,de,1
Oppositionsparteien,Oppositionsparteien,ORG,0.0,0.0,de,1
Schweizer Luftraumes,Schweizer Luftraumes,ORG,0.0,0.0,de,1
Rohstahlpr…,Rohstahlpr…,ORG,0.0,0.0,de,1
Beschuldi…,Beschuldi…,ORG,0.0,0.0,de,1
klima&so +++ Callstack,klima&so +++ Callstack,ORG,-0.7,0.0,de,1
Agrarmarkt Informations-Gesellschaft…,Agrarmarkt Informations-Gesellschaft…,ORG,0.0,0.0,de,1
Gazprom +++ EU,Gazprom +++ EU,ORG,0.0,0.0,de,1
SustainTech,SustainTech,ORG,-0.7,0.0,de,1
"Abrams""-Panzer","Abrams""-Panzer",ORG,0.0,0.0,de,1
internationale militärtechnische Forum «Army-2025»,internationale militärtechnische Forum «Army-2025»,ORG,0.0,0.0,de,1
Gazprom +++,Gazprom +++,ORG,0.0,0.0,de,1
Kampfpanzer-Lieferung,Kampfpanzer-Lieferung,ORG,0.7,0.0,de,1
Sage Mobile,Sage Mobile,ORG,0.0,0.0,de,1
Feuerwe…,Feuerwe…,ORG,0.0,0.0,de,1
Margelo +++,Margelo +++,ORG,-0.7,0.0,de,1
Dienstagabend Duncan Minto,Dienstagabend Duncan Minto,ORG,0.0,0.0,de,1
Spar-Haushalts,Spar-Haushalts,ORG,0.0,0.0,de,1
Deutschen Akademie für Sprache und Dichtung,Deutschen Akademie für Sprache und Dichtung,ORG,0.0,0.0,de,1
Milka Alpenmilch-Schokolade,Milka Alpenmilch-Schokolade,ORG,0.0,0.0,de,1
STOP GAS!,STOP GAS!,ORG,-1.0,0.0,de,1
Zulieferer ZF,Zulieferer ZF,ORG,0.0,0.0,de,1
Webasto,Webasto,ORG,0.0,0.0,de,1
Chilbi Schwamendingen,Chilbi Schwamendingen,ORG,0.0,0.0,de,1
Jimi Blue Ochsenknecht an,Jimi Blue Ochsenknecht an,ORG,-0.7,0.0,de,1
Finanz Online,Finanz Online,ORG,0.0,0.0,de,1
FinanzOnline,FinanzOnline,ORG,-0.7,0.0,de,1
ID Austria,ID Austria,ORG,0.0,0.0,de,1
MP Materials,MP Materials,ORG,-1.0,0.0,de,1
Aufklärun…,Aufklärun…,ORG,0.0,0.0,de,1
Leyens Billionen-Haushaltsvorschlag,Leyens Billionen-Haushaltsvorschlag,ORG,0.0,0.0,de,1
EU-Etat,EU-Etat,ORG,0.0,0.0,de,1
Fossil Free London,Fossil Free London,ORG,0.0,0.0,de,1
SBU-Leiters,SBU-Leiters,ORG,0.7,0.0,de,1
Leyens Billionen-Budget,Leyens Billionen-Budget,ORG,0.0,0.0,de,1
EU-Haushaltsplänen,EU-Haushaltsplänen,ORG,0.0,0.0,de,1
Agrar,Agrar,ORG,0.0,0.0,de,1
Zentrum der Hauptstadt Kiew,Zentrum der Hauptstadt Kiew,ORG,0.0,0.0,de,1
Deutschland +++ Ukraine,Deutschland +++ Ukraine,ORG,0.85,0.0,de,1
katholische Kirche der Heilig…,katholische Kirche der Heilig…,ORG,0.7,0.0,de,1
internationale W…,internationale W…,ORG,0.0,0.0,de,1
Australien +++,Australien +++,ORG,0.7,0.0,de,1
russischen…,russischen…,ORG,0.0,0.0,de,1
Foldcast +++ Berliner,Foldcast +++ Berliner,ORG,-0.7,0.0,de,1
Central European Petroleum,Central European Petroleum,ORG,0.7,0.0,de,1
Visier +++,Visier +++,ORG,0.0,0.0,de,1
EU-Mitgliedern,EU-Mitgliedern,ORG,0.0,0.0,de,1
Anti-Korruptions-Behörden +++,Anti-Korruptions-Behörden +++,ORG,0.0,0.0,de,1
Anti-Korruptions-Behörden,Anti-Korruptions-Behörden,ORG,-0.175,0.0,de,1
DealMonitor +++ Münchner KI-Startup,DealMonitor +++ Münchner KI-Startup,ORG,-0.7,0.0,de,1
Bierbrauer +++,Bierbrauer +++,ORG,0.0,0.0,de,1
Audi-Standort,Audi-Standort,ORG,0.0,0.0,de,1
AKW-Fantasie,AKW-Fantasie,ORG,0.0,0.0,de,1
VW-Sparpaket,VW-Sparpaket,ORG,0.0,0.0,de,1
Börsianern u…,Börsianern u…,ORG,0.0,0.0,de,1
Dürre,Dürre,ORG,-1.0,0.0,de,1
Wäldern,Wäldern,ORG,-0.35,0.0,de,1
Ukrainska Prawda,Ukrainska Prawda,ORG,0.0,0.0,de,1
Ukraine Putins Drohnenterror,Ukraine Putins Drohnenterror,ORG,0.0,0.0,de,1
Ges… Korruption,Ges… Korruption,ORG,0.0,0.0,de,1
Darrell Ames/gemeinfrei,Darrell Ames/gemeinfrei,ORG,-1.0,0.0,de,1
Antikorruptionsbehörden +++,Antikorruptionsbehörden +++,ORG,0.0,0.0,de,1
Defekt ++,Defekt ++,ORG,0.0,0.0,de,1
Amerikanern …,Amerikanern …,ORG,0.0,0.0,de,1
Inso…,Inso…,ORG,0.0,0.0,de,1
Die Polizei Brandenburg,Die Polizei Brandenburg,ORG,0.0,0.0,de,1
Brandenburger Polizei,Brandenburger Polizei,ORG,0.0,0.0,de,1
Centre for Humanitarian Dialogue,Centre for Humanitarian Dialogue,ORG,0.0,0.0,de,1
HD,HD,ORG,0.0,0.0,de,1
Moskau-Reisen,Moskau-Reisen,ORG,0.0,0.0,de,1
Streitkräften der Ukraine,Streitkräften der Ukraine,ORG,0.0,0.0,de,1
Zielen +++,Zielen +++,ORG,0.0,0.0,de,1
Ukraine-Kontaktgruppe…,Ukraine-Kontaktgruppe…,ORG,0.0,0.0,de,1
Andrejewka +++,Andrejewka +++,ORG,-1.0,0.0,de,1
Jelabuga +++,Jelabuga +++,ORG,0.0,0.0,de,1
Profikampf,Profikampf,ORG,1.0,0.0,de,1
Nationalen Sicherheits- und Vertei…,Nationalen Sicherheits- und Vertei…,ORG,0.0,0.0,de,1
US Army,US Army,ORG,0.0,0.0,de,1
Mikrowellen-Drohnenabwehr,Mikrowellen-Drohnenabwehr,ORG,0.0,0.0,de,1
Munich  Bike Stars,Munich  Bike Stars,ORG,-1.0,0.0,de,1
minde…,minde…,ORG,0.0,0.0,de,1
Konservativen Partei,Konservativen Partei,ORG,0.0,0.0,de,1
The Conservative Party Conference,The Conservative Party Conference,ORG,0.0,0.0,de,1
Birmingham,Birmingham,ORG,0.0,0.0,de,1
EU-Daten,EU-Daten,ORG,0.0,0.0,de,1
Atira,Atira,ORG,-0.7,0.0,de,1
Share Point,Share Point,ORG,0.0,0.0,de,1
Sanktions-Gegenschlag,Sanktions-Gegenschlag,ORG,-1.0,0.0,de,1
Jemen ++,Jemen ++,ORG,0.0,0.0,de,1
Parallelwelt!,Parallelwelt!,ORG,1.0,0.0,de,1
Kam…,Kam…,ORG,0.0,0.0,de,1
Klinik-Konzern Ameos,Klinik-Konzern Ameos,ORG,0.0,0.0,de,1
Kiew Waffen,Kiew Waffen,ORG,0.0,0.0,de,1
ukrainische Zivilbe­völkerung,ukrainische Zivilbe­völkerung,ORG,0.0,0.0,de,1
Antikorruptionsbüro,Antikorruptionsbüro,ORG,0.0,0.0,de,1
Russlands Schattenflotte +++ Italien,Russlands Schattenflotte +++ Italien,ORG,0.0,0.0,de,1
Platzecks Moskaureisen +++,Platzecks Moskaureisen +++,ORG,-1.0,0.0,de,1
Aufk…,Aufk…,ORG,0.0,0.0,de,1
DFL-Posten,DFL-Posten,ORG,0.7,0.0,de,1
Mediengruppe …,Mediengruppe …,ORG,-0.7,0.0,de,1
Infrastruktur-Sondertopf,Infrastruktur-Sondertopf,ORG,0.0,0.0,de,1
Märkt…,Märkt…,ORG,-1.0,0.0,de,1
gesellscha…,gesellscha…,ORG,-0.5,0.0,de,1
MAGA-Linie,MAGA-Linie,ORG,0.0,0.0,de,1
Rubio …,Rubio …,ORG,-0.7,0.0,de,1
US-Rindfleischpreise,US-Rindfleischpreise,ORG,-0.85,0.0,de,1
EU-Kooperation,EU-Kooperation,ORG,0.0,0.0,de,1
Vollelektrische Abrissbaustelle,Vollelektrische Abrissbaustelle,ORG,0.0,0.0,de,1
Zurückhaltung +++ Russischer Aufklärer,Zurückhaltung +++ Russischer Aufklärer,ORG,-0.35,0.0,de,1
Neos,Neos,ORG,-0.10000000000000002,0.0,de,1
UVP,UVP,ORG,0.0,0.0,de,1
Stiftung Kreisau für Europäische Verständigung,Stiftung Kreisau für Europäische Verständigung,ORG,0.0,0.0,de,1
Krzyowa …,Krzyowa …,ORG,0.0,0.0,de,1
New York,New York,ORG,0.0,0.0,de,1
Centcom …,Centcom …,ORG,0.0,0.0,de,1
Tarp,Tarp,ORG,0.0,0.0,de,1
VW Passat,VW Passat,ORG,-0.15000000000000002,0.0,de,1
Trump +++ Ungarn,Trump +++ Ungarn,ORG,-1.0,0.0,de,1
ERAM +++  Merz,ERAM +++  Merz,ORG,1.0,0.0,de,1
Landesstatis…,Landesstatis…,ORG,0.0,0.0,de,1
ERAM,ERAM,ORG,0.0,0.0,de,1
Typs ERAM,Typs ERAM,ORG,0.0,0.0,de,1
amerikanischen Verteidigungsministeriums,amerikanischen Verteidigungsministeriums,ORG,0.0,0.0,de,1
Senders,Senders,ORG,0.0,0.0,de,1
Saporischschja +++ Großer Angriff in Dnipropetrowsk +++ Selenskyj,Saporischschja +++ Großer Angriff in Dnipropetrowsk +++ Selenskyj,ORG,0.0,0.0,de,1
trotzd…,trotzd…,ORG,0.7,0.0,de,1
Gewerkschaftsbund,Gewerkschaftsbund,ORG,-0.7,0.0,de,1
+++ 08:54 Ch…,+++ 08:54 Ch…,ORG,0.0,0.0,de,1
Einschläge +++,Einschläge +++,ORG,0.0,0.0,de,1
Future Needs Remembrance,Future Needs Remembrance,ORG,0.0,0.0,de,1
Le…,Le…,ORG,0.0,0.0,de,1
Center for New American Security,Center for New American Security,ORG,0.0,0.0,de,1
Justizministeriums +++ Lawrow,Justizministeriums +++ Lawrow,ORG,0.0,0.0,de,1
Insel Larak +++,Insel Larak +++,ORG,-0.7,0.0,de,1
russische Justizministerium,russische Justizministerium,ORG,0.0,0.0,de,1
US-Rückkehr,US-Rückkehr,ORG,0.0,0.0,de,1
Wehrp…,Wehrp…,ORG,0.0,0.0,de,1
Sport Bild-Awards,Sport Bild-Awards,ORG,0.0,0.0,de,1
Russische Gesellschaft,Russische Gesellschaft,ORG,0.0,0.0,de,1
Boku Wien,Boku Wien,ORG,0.0,0.0,de,1
Strom & Heizung,Strom & Heizung,ORG,1.0,0.0,de,1
Zentrums …,Zentrums …,ORG,0.0,0.0,de,1
Ministerpräsidentin +++,Ministerpräsidentin +++,ORG,0.0,0.0,de,1
Sanitäter +++ Israel,Sanitäter +++ Israel,ORG,0.7,0.0,de,1
Gaza-Stadt +++ Katz,Gaza-Stadt +++ Katz,ORG,0.7,0.0,de,1
Bodenoffensive +++ Internationale Organisation,Bodenoffensive +++ Internationale Organisation,ORG,0.7,0.0,de,1
Sozialleistungen für Ukraine-Flüchtlinge,Sozialleistungen für Ukraine-Flüchtlinge,ORG,0.0,0.0,de,1
US-Sendern,US-Sendern,ORG,0.0,0.0,de,1
Sendern ABC,Sendern ABC,ORG,-0.7,0.0,de,1
Sendern ABC News,Sendern ABC News,ORG,-1.0,0.0,de,1
Traubenernte für Federweißen,Traubenernte für Federweißen,ORG,0.0,0.0,de,1
Vereinten Nati…,Vereinten Nati…,ORG,0.7,0.0,de,1
Gaza-Stadt +++,Gaza-Stadt +++,ORG,-1.0,0.0,de,1
SPD-Chef,SPD-Chef,ORG,0.0,0.0,de,1
Zweiten Bundesliga,Zweiten Bundesliga,ORG,0.0,0.0,de,1
Formel-1-Startplatz,Formel-1-Startplatz,ORG,0.7,0.0,de,1
Formel-1-Qualifikation,Formel-1-Qualifikation,ORG,0.0,0.0,de,1
ACEA,ACEA,ORG,0.0,0.0,de,1
nan Russlands,nan Russlands,ORG,0.7,0.0,de,1
Erhö…,Erhö…,ORG,0.0,0.0,de,1
bombt Russland,bombt Russland,ORG,0.0,0.0,de,1
Zivilbevölkeru…,Zivilbevölkeru…,ORG,-0.7,0.0,de,1
Friedenstruppen +++ Deutschland,Friedenstruppen +++ Deutschland,ORG,0.7,0.0,de,1
Sicherheitsgarantie…,Sicherheitsgarantie…,ORG,0.7,0.0,de,1
Ugreen,Ugreen,ORG,0.0,0.0,de,1
Klima-Allianz,Klima-Allianz,ORG,0.0,0.0,de,1
NAS,NAS,ORG,0.7,0.0,de,1
Porsche-Chef,Porsche-Chef,ORG,0.7,0.0,de,1
Venezuela  Delcy Rodríguez,Venezuela  Delcy Rodríguez,ORG,0.0,0.0,de,1
EM-Achtelfinale,EM-Achtelfinale,ORG,0.0,0.0,de,1
Hoffmann und Campe Verlags,Hoffmann und Campe Verlags,ORG,0.0,0.0,de,1
Me…,Me…,ORG,0.0,0.0,de,1
deutschen Volleyballerinnen,deutschen Volleyballerinnen,ORG,0.0,0.0,de,1
Kölner Krisen-Klausur,Kölner Krisen-Klausur,ORG,0.0,0.0,de,1
Wirtschaftsver…,Wirtschaftsver…,ORG,0.0,0.0,de,1
Sel…,Sel…,ORG,0.0,0.0,de,1
iPad Air,iPad Air,ORG,0.7,0.0,de,1
Verband der Chemieindustrie VCI,Verband der Chemieindustrie VCI,ORG,0.0,0.0,de,1
Luftangriffen +++ Bundeswehr,Luftangriffen +++ Bundeswehr,ORG,-1.0,0.0,de,1
Bausparkasse Schwäbisch Hall,Bausparkasse Schwäbisch Hall,ORG,0.0,0.0,de,1
Zulieferer,Zulieferer,ORG,0.7,0.0,de,1
Regierungsgebäude +++ Melnyk,Regierungsgebäude +++ Melnyk,ORG,-1.0,0.0,de,1
Ukrenergo,Ukrenergo,ORG,0.0,0.0,de,1
MPS,MPS,ORG,0.0,0.0,de,1
which an,which an,ORG,0.0,0.0,de,1
SOZ,SOZ,ORG,0.0,0.0,de,1
Deutsche Kathar…,Deutsche Kathar…,ORG,0.0,0.0,de,1
FLÜGEN,FLÜGEN,ORG,0.0,0.0,de,1
China +,China +,ORG,-0.7,0.0,de,1
Disney Plus!,Disney Plus!,ORG,0.0,0.0,de,1
Filmfestival von Venedig,Filmfestival von Venedig,ORG,-0.7,0.0,de,1
++ Spahn,++ Spahn,ORG,0.0,0.0,de,1
Bloomberg,Bloomberg,ORG,0.0,0.0,de,1
WSJ,WSJ,ORG,0.0,0.0,de,1
Crystal Palace,Crystal Palace,ORG,1.0,0.0,de,1
Mittelstandsverbunds ZGV,Mittelstandsverbunds ZGV,ORG,0.0,0.0,de,1
Navigationssystems GPS,Navigationssystems GPS,ORG,0.0,0.0,de,1
Jahres +++,Jahres +++,ORG,0.0,0.0,de,1
UN-Friedensmission,UN-Friedensmission,ORG,0.0,0.0,de,1
Leyens,Leyens,ORG,0.0,0.0,de,1
Ermittlungen +++,Ermittlungen +++,ORG,0.0,0.0,de,1
LLMs,LLMs,ORG,0.0,0.0,de,1
Klarnas Börsen-Plan,Klarnas Börsen-Plan,ORG,0.0,0.0,de,1
Fintech-Unt…,Fintech-Unt…,ORG,0.0,0.0,de,1
Airline,Airline,ORG,0.0,0.0,de,1
Airline Virgin Australia,Airline Virgin Australia,ORG,0.7,0.0,de,1
Wiesn-Wucher!,Wiesn-Wucher!,ORG,0.0,0.0,de,1
SCO-Gipfel,SCO-Gipfel,ORG,0.0,0.0,de,1
Staatschefs von Russland,Staatschefs von Russland,ORG,0.0,0.0,de,1
Merz Russland,Merz Russland,ORG,0.0,0.0,de,1
Rechn…,Rechn…,ORG,0.0,0.0,de,1
Economic Policy Symposium,Economic Policy Symposium,ORG,0.0,0.0,de,1
Holzklass…,Holzklass…,ORG,0.0,0.0,de,1
Top-Gaming-Aktien,Top-Gaming-Aktien,ORG,0.0,0.0,de,1
europäischen Regierungschefs z…,europäischen Regierungschefs z…,ORG,0.0,0.0,de,1
Al-Dschasira,Al-Dschasira,ORG,0.0,0.0,de,1
Mental-Health-Krise der Jugend,Mental-Health-Krise der Jugend,ORG,0.0,0.0,de,1
27 EU-Mitgliedstaaten +++ Trump,27 EU-Mitgliedstaaten +++ Trump,ORG,0.0,0.0,de,1
++ Ungarn,++ Ungarn,ORG,0.0,0.0,de,1
Anti-Atomkraft-Initiativen,Anti-Atomkraft-Initiativen,ORG,-0.15000000000000002,0.0,de,1
Liebherr-Aerospace Lindenberg GmbH,Liebherr-Aerospace Lindenberg GmbH,ORG,1.0,0.0,de,1
MagentaSport,MagentaSport,ORG,0.7,0.0,de,1
Verband der St…,Verband der St…,ORG,0.0,0.0,de,1
Fahrradhelm,Fahrradhelm,ORG,0.0,0.0,de,1
Privatl…,Privatl…,ORG,0.7,0.0,de,1
Öl-Deal,Öl-Deal,ORG,0.7,0.0,de,1
Peki…,Peki…,ORG,0.0,0.0,de,1
September +++,September +++,ORG,0.7,0.0,de,1
Schlangeninsel +++,Schlangeninsel +++,ORG,0.0,0.0,de,1
Fox News Radio,Fox News Radio,ORG,0.0,0.0,de,1
Holzza…,Holzza…,ORG,0.0,0.0,de,1
Bereitschaftspolizei,Bereitschaftspolizei,ORG,0.0,0.0,de,1
Top-Gastronomie,Top-Gastronomie,ORG,0.0,0.0,de,1
abkühl…,abkühl…,ORG,0.0,0.0,de,1
Land für Waffen,Land für Waffen,ORG,0.0,0.0,de,1
Erwartungen fü,Erwartungen fü,ORG,0.0,0.0,de,1
Alaska +++ Selenskyj,Alaska +++ Selenskyj,ORG,-1.0,0.0,de,1
Starmer,Starmer,ORG,-1.0,0.0,de,1
Online-Bank,Online-Bank,ORG,0.0,0.0,de,1
Ex… Berlin,Ex… Berlin,ORG,0.0,0.0,de,1
Existenzrecht Israel…,Existenzrecht Israel…,ORG,0.0,0.0,de,1
Bundesamt für Bevölkerungsschutz,Bundesamt für Bevölkerungsschutz,ORG,0.0,0.0,de,1
Thyssen-Krupp Marine Systems,Thyssen-Krupp Marine Systems,ORG,0.0,0.0,de,1
Kopfbereich u,Kopfbereich u,ORG,-1.0,0.0,de,1
Sportorganisatio…,Sportorganisatio…,ORG,0.0,0.0,de,1
Gruppe Reuß,Gruppe Reuß,ORG,0.0,0.0,de,1
Zugeständni…,Zugeständni…,ORG,0.0,0.0,de,1
Grandezza un…,Grandezza un…,ORG,0.0,0.0,de,1
Schwarz-R…,Schwarz-R…,ORG,0.0,0.0,de,1
US-Topmilitärs,US-Topmilitärs,ORG,-0.7,0.0,de,1
Bundesligist Ulm,Bundesligist Ulm,ORG,0.0,0.0,de,1
Bloo…,Bloo…,ORG,0.0,0.0,de,1
Faszinierende Ausgrabungen +++ Erbitterter Lärmstreit +++ Restaurants,Faszinierende Ausgrabungen +++ Erbitterter Lärmstreit +++ Restaurants,ORG,0.7,0.0,de,1
Thyssen-Krupp AG,Thyssen-Krupp AG,ORG,0.0,0.0,de,1
TKMS,TKMS,ORG,0.0,0.0,de,1
Al-Jazeera-Reporter Anas,Al-Jazeera-Reporter Anas,ORG,0.0,0.0,de,1
Deutschen Mieterbunds,Deutschen Mieterbunds,ORG,0.0,0.0,de,1
Ukraine ant +++ Kreml,Ukraine ant +++ Kreml,ORG,0.7,0.0,de,1
Tempo will,Tempo will,ORG,0.0,0.0,de,1
Ukraine einzupreisen - Kiew,Ukraine einzupreisen - Kiew,ORG,0.0,0.0,de,1
Münchner Wirtschaftsforschungsinstitut,Münchner Wirtschaftsforschungsinstitut,ORG,0.0,0.0,de,1
"The …
","The …
",ORG,0.7,0.0,de,1
grö,grö,ORG,1.0,0.0,de,1
Ukraine-Krieges ge…,Ukraine-Krieges ge…,ORG,0.0,0.0,de,1
“ +++ Trump-Putin-Gipfel,“ +++ Trump-Putin-Gipfel,ORG,0.0,0.0,de,1
Ukrainekrieg…,Ukrainekrieg…,ORG,0.0,0.0,de,1
Deutschen Welle gesag…,Deutschen Welle gesag…,ORG,0.0,0.0,de,1
Dax-Riesen,Dax-Riesen,ORG,0.0,0.0,de,1
Staatsgebiet …,Staatsgebiet …,ORG,0.5,0.0,de,1
Naturschü…,Naturschü…,ORG,0.0,0.0,de,1
Provokation Russlands +++ Lawrow,Provokation Russlands +++ Lawrow,ORG,-1.0,0.0,de,1
Iran-Krieg!,Iran-Krieg!,ORG,0.0,0.0,de,1
Ukraine-Friedensmission,Ukraine-Friedensmission,ORG,0.0,0.0,de,1
Wir…,Wir…,ORG,-1.0,0.0,de,1
CDU-Vor…,CDU-Vor…,ORG,0.0,0.0,de,1
Mission Impossible,Mission Impossible,ORG,0.0,0.0,de,1
CSU…,CSU…,ORG,0.0,0.0,de,1
Mario,Mario,ORG,0.0,0.0,de,1
Lego,Lego,ORG,0.7,0.0,de,1
Eyes+,Eyes+,ORG,0.7,0.0,de,1
Polizeierkenntnissen …,Polizeierkenntnissen …,ORG,0.0,0.0,de,1
Patient Österreich,Patient Österreich,ORG,0.0,0.0,de,1
Trumps +++ Tusk,Trumps +++ Tusk,ORG,-1.0,0.0,de,1
Bundesamtes für Verfassungsschutz ,Bundesamtes für Verfassungsschutz ,ORG,0.0,0.0,de,1
Budapest +++,Budapest +++,ORG,-1.0,0.0,de,1
Rassemblement national,Rassemblement national,ORG,0.0,0.0,de,1
not amused,not amused,ORG,0.0,0.0,de,1
brasilianischen Polizei,brasilianischen Polizei,ORG,0.0,0.0,de,1
Europa ++,Europa ++,ORG,0.0,0.0,de,1
Bundes für Infrastruktur,Bundes für Infrastruktur,ORG,0.0,0.0,de,1
German Films,German Films,ORG,0.0,0.0,de,1
Auslandsvertretun…,Auslandsvertretun…,ORG,0.0,0.0,de,1
Schwarz-rote Regierung,Schwarz-rote Regierung,ORG,0.0,0.0,de,1
Klimatechnik CCS,Klimatechnik CCS,ORG,0.0,0.0,de,1
Inselrepub…,Inselrepub…,ORG,0.0,0.0,de,1
Knallhart-Bedingung,Knallhart-Bedingung,ORG,0.0,0.0,de,1
Potsdams Wärmeplan,Potsdams Wärmeplan,ORG,0.0,0.0,de,1
rheinland-pfälzischen Grünen,rheinland-pfälzischen Grünen,ORG,0.7,0.0,de,1
Kremls +++,Kremls +++,ORG,0.0,0.0,de,1
NATO-Vorbild +++ Trump,NATO-Vorbild +++ Trump,ORG,0.0,0.0,de,1
Waffenruhe +,Waffenruhe +,ORG,0.0,0.0,de,1
BP-Chef,BP-Chef,ORG,0.0,0.0,de,1
Donbass-Kontrolle ++,Donbass-Kontrolle ++,ORG,0.0,0.0,de,1
US-Stellung…,US-Stellung…,ORG,0.0,0.0,de,1
Deutschlands Inkompetenz,Deutschlands Inkompetenz,ORG,0.0,0.0,de,1
++ Wadephul,++ Wadephul,ORG,0.0,0.0,de,1
deutsche Soldaten,deutsche Soldaten,ORG,0.0,0.0,de,1
Politikwissenschaf…,Politikwissenschaf…,ORG,0.0,0.0,de,1
Landesamt für Energie und Bergbau Niedersachsen,Landesamt für Energie und Bergbau Niedersachsen,ORG,0.0,0.0,de,1
Landesamt für Energie und Bergbau Niedersa…,Landesamt für Energie und Bergbau Niedersa…,ORG,0.0,0.0,de,1
eigenwi…,eigenwi…,ORG,0.0,0.0,de,1
Uranabbaus,Uranabbaus,ORG,-1.0,0.0,de,1
Oval Office +++ Trump-naher,Oval Office +++ Trump-naher,ORG,1.0,0.0,de,1
Selenskyj +++ Trump,Selenskyj +++ Trump,ORG,0.15000000000000002,0.0,de,1
bekanntgegebe…,bekanntgegebe…,ORG,0.0,0.0,de,1
F-35-Fiasko,F-35-Fiasko,ORG,1.0,0.0,de,1
EU-Dossier,EU-Dossier,ORG,0.0,0.0,de,1
WiZ RGBIC,WiZ RGBIC,ORG,0.0,0.0,de,1
Gruppe!,Gruppe!,ORG,0.7,0.0,de,1
LEGO Technic Bulldozer,LEGO Technic Bulldozer,ORG,0.0,0.0,de,1
Gebietsabtretungen,Gebietsabtretungen,ORG,0.0,0.0,de,1
Team Europa,Team Europa,ORG,0.0,0.0,de,1
Arbeitsgemeinschaft Norddeutscher I…,Arbeitsgemeinschaft Norddeutscher I…,ORG,0.0,0.0,de,1
Trump +++ US-Präsident,Trump +++ US-Präsident,ORG,0.15000000000000002,0.0,de,1
Xiaomi Mijia Air Conditioner,Xiaomi Mijia Air Conditioner,ORG,1.0,0.0,de,1
HDMI,HDMI,ORG,0.7,0.0,de,1
deutsche Bundespolizei,deutsche Bundespolizei,ORG,0.0,0.0,de,1
Russlands Nuklearstreitkräfte,Russlands Nuklearstreitkräfte,ORG,0.0,0.0,de,1
Irans +++ IAEA,Irans +++ IAEA,ORG,0.0,0.0,de,1
UN-Sicherheitsrat +++ Rohölpreis,UN-Sicherheitsrat +++ Rohölpreis,ORG,-0.5,0.0,de,1
Live-Schalte +++,Live-Schalte +++,ORG,0.0,0.0,de,1
Frieden +++,Frieden +++,ORG,-1.0,0.0,de,1
Einmarsch Russlands,Einmarsch Russlands,ORG,0.0,0.0,de,1
Jahren +++,Jahren +++,ORG,0.0,0.0,de,1
Russland gesetzwidr…,Russland gesetzwidr…,ORG,0.0,0.0,de,1
Verhandlungsbereitschaft +++,Verhandlungsbereitschaft +++,ORG,-1.0,0.0,de,1
Geopo…,Geopo…,ORG,1.0,0.0,de,1
Istanbul ++,Istanbul ++,ORG,0.0,0.0,de,1
deutsche Robotik- und Automatisierungsbranche,deutsche Robotik- und Automatisierungsbranche,ORG,0.0,0.0,de,1
Verband VD…,Verband VD…,ORG,0.0,0.0,de,1
Standart News,Standart News,ORG,0.0,0.0,de,1
Demokratie und Menschenrechte,Demokratie und Menschenrechte,ORG,-1.0,0.0,de,1
Universität Oldenburg in Zusammen…,Universität Oldenburg in Zusammen…,ORG,0.0,0.0,de,1
Zeit vor ++,Zeit vor ++,ORG,0.0,0.0,de,1
Kiews Aktion,Kiews Aktion,ORG,0.0,0.0,de,1
Schöneberger Regenbogenkiez,Schöneberger Regenbogenkiez,ORG,0.0,0.0,de,1
Putins Armee Sumy,Putins Armee Sumy,ORG,0.0,0.0,de,1
Verteilungsstation +++,Verteilungsstation +++,ORG,0.0,0.0,de,1
Niederlage,Niederlage,ORG,0.0,0.0,de,1
Waffenliefer…,Waffenliefer…,ORG,0.0,0.0,de,1
TV-Senders,TV-Senders,ORG,0.7,0.0,de,1
Altes Eisen!,Altes Eisen!,ORG,0.0,0.0,de,1
Militärbasen +++ Russland,Militärbasen +++ Russland,ORG,0.0,0.0,de,1
Einsatz +++,Einsatz +++,ORG,0.0,0.0,de,1
Brückeneinsturz +++ Kiews,Brückeneinsturz +++ Kiews,ORG,0.0,0.0,de,1
Russland-Sanktionen +++ Selenskyj,Russland-Sanktionen +++ Selenskyj,ORG,0.7,0.0,de,1
Gazastreifen +++ Israel,Gazastreifen +++ Israel,ORG,0.0,0.0,de,1
Stiftung Gaza Humanitarian Foundation,Stiftung Gaza Humanitarian Foundation,ORG,0.0,0.0,de,1
GHF,GHF,ORG,0.0,0.0,de,1
Tagesordn…,Tagesordn…,ORG,0.0,0.0,de,1
Prüf…,Prüf…,ORG,0.0,0.0,de,1
NATO-Osterweiterung,NATO-Osterweiterung,ORG,0.0,0.0,de,1
Taurus +++ Beobachter,Taurus +++ Beobachter,ORG,0.0,0.0,de,1
Kommende Woche,Kommende Woche,ORG,0.0,0.0,de,1
Bundesmarine,Bundesmarine,ORG,0.7,0.0,de,1
berücksic…,berücksic…,ORG,0.0,0.0,de,1
Zentrums für Nationalen Widerstan…,Zentrums für Nationalen Widerstan…,ORG,0.0,0.0,de,1
Supermarkt!,Supermarkt!,ORG,0.0,0.0,de,1
Umjerow …,Umjerow …,ORG,0.0,0.0,de,1
Brückeneinsturz,Brückeneinsturz,ORG,0.0,0.0,de,1
Nähe +++,Nähe +++,ORG,0.0,0.0,de,1
Silent Hunter +++,Silent Hunter +++,ORG,0.0,0.0,de,1
+++ 00,+++ 00,ORG,0.0,0.0,de,1
Instituts Ipsos,Instituts Ipsos,ORG,0.0,0.0,de,1
Recht …,Recht …,ORG,0.0,0.0,de,1
Putins Arsenal,Putins Arsenal,ORG,-0.7,0.0,de,1
Grüne Geldanlage,Grüne Geldanlage,ORG,0.7,0.0,de,1
EU-Offenlegungsverordnung,EU-Offenlegungsverordnung,ORG,1.0,0.0,de,1
UN-Sicherheitsrat +++,UN-Sicherheitsrat +++,ORG,0.0,0.0,de,1
SFDR,SFDR,ORG,1.0,0.0,de,1
EU-Skeptiker,EU-Skeptiker,ORG,0.0,0.0,de,1
Luftwaffe Putins,Luftwaffe Putins,ORG,0.0,0.0,de,1
Gazastreifen +++ Unionsfraktion,Gazastreifen +++ Unionsfraktion,ORG,0.7,0.0,de,1
Union-Investment-Vorständin,Union-Investment-Vorständin,ORG,0.0,0.0,de,1
hint…,hint…,ORG,0.0,0.0,de,1
"Kriegsbeginn
","Kriegsbeginn
",ORG,-1.0,0.0,de,1
Drohnen-Coup,Drohnen-Coup,ORG,0.0,0.0,de,1
Putins Drohnen-Terror,Putins Drohnen-Terror,ORG,-1.0,0.0,de,1
Sonntagnach…,Sonntagnach…,ORG,0.0,0.0,de,1
Gip…,Gip…,ORG,0.7,0.0,de,1
Kupjansk +++,Kupjansk +++,ORG,0.0,0.0,de,1
Kiewer Instituts für Soziologie,Kiewer Instituts für Soziologie,ORG,0.0,0.0,de,1
freiheitlich-demokratische Ordnung in Deutschland,freiheitlich-demokratische Ordnung in Deutschland,ORG,0.0,0.0,de,1
What the Finance!,What the Finance!,ORG,0.0,0.0,de,1
BRIGITTE Academy,BRIGITTE Academy,ORG,0.0,0.0,de,1
WOW Live-Sport,WOW Live-Sport,ORG,0.0,0.0,de,1
Belastungen für Länder,Belastungen für Länder,ORG,1.0,0.0,de,1
Premium,Premium,ORG,0.0,0.0,de,1
WOW Live-Sp…,WOW Live-Sp…,ORG,-1.0,0.0,de,1
mona…,mona…,ORG,0.0,0.0,de,1
jüngs…,jüngs…,ORG,0.0,0.0,de,1
Möglichkei…,Möglichkei…,ORG,0.0,0.0,de,1
Standorts Deutschland,Standorts Deutschland,ORG,0.0,0.0,de,1
Einfuhren a…,Einfuhren a…,ORG,0.0,0.0,de,1
APA-Images,APA-Images,ORG,1.0,0.0,de,1
MVV,MVV,ORG,1.0,0.0,de,1
Auf…,Auf…,ORG,0.0,0.0,de,1
Berliner Staatsanwaltschaft,Berliner Staatsanwaltschaft,ORG,0.0,0.0,de,1
"Handball-Meister
Füchse Berl…","Handball-Meister
Füchse Berl…",ORG,0.0,0.0,de,1
Se…,Se…,ORG,0.0,0.0,de,1
Finanz-Akten,Finanz-Akten,ORG,0.0,0.0,de,1
Bundesarbeitsgemeinschaft F…,Bundesarbeitsgemeinschaft F…,ORG,0.0,0.0,de,1
HelloSafe,HelloSafe,ORG,0.0,0.0,de,1
Zeit des Nationalsozialismus,Zeit des Nationalsozialismus,ORG,0.0,0.0,de,1
Messerstich,Messerstich,ORG,0.0,0.0,de,1
Unterzeichnerinne…,Unterzeichnerinne…,ORG,0.0,0.0,de,1
Die Party,Die Party,ORG,0.0,0.0,de,1
Rostock +++,Rostock +++,ORG,0.0,0.0,de,1
Generalst…,Generalst…,ORG,0.0,0.0,de,1
"ARD-""Deutschlandtrend","ARD-""Deutschlandtrend",ORG,0.0,0.0,de,1
Verwaltungsgebäude +++,Verwaltungsgebäude +++,ORG,0.0,0.0,de,1
Harvard Crimson,Harvard Crimson,ORG,0.0,0.0,de,1
Nationalen Sicherheitsrats Russlands,Nationalen Sicherheitsrats Russlands,ORG,-0.7,0.0,de,1
"Viessmann
","Viessmann
",ORG,1.0,0.0,de,1
Identitätsdiebstahl!,Identitätsdiebstahl!,ORG,0.0,0.0,de,1
Statistischem Bundesamt wur…,Statistischem Bundesamt wur…,ORG,0.0,0.0,de,1
Frankfurter Ostend,Frankfurter Ostend,ORG,0.0,0.0,de,1
HSV!,HSV!,ORG,1.0,0.0,de,1
Fußball-Bun…,Fußball-Bun…,ORG,0.7,0.0,de,1
TT NYHETSBYRÅN,TT NYHETSBYRÅN,ORG,0.0,0.0,de,1
Science-Fiction-Klassikers,Science-Fiction-Klassikers,ORG,1.0,0.0,de,1
unentgeltlic…,unentgeltlic…,ORG,0.0,0.0,de,1
Tür…,Tür…,ORG,0.0,0.0,de,1
Gla…,Gla…,ORG,0.0,0.0,de,1
Telegram v…,Telegram v…,ORG,0.0,0.0,de,1
Sudetendeutschen Landsmannschaft,Sudetendeutschen Landsmannschaft,ORG,0.7,0.0,de,1
Reich</li></ol,Reich</li></ol,ORG,0.85,0.0,de,1
glückl…,glückl…,ORG,-0.7,0.0,de,1
"SPD-""Manifest","SPD-""Manifest",ORG,-1.0,0.0,de,1
SVR,SVR,ORG,-1.0,0.0,de,1
russische Vize-Sicherheitsratsvorsitzende,russische Vize-Sicherheitsratsvorsitzende,ORG,-1.0,0.0,de,1
Arschlöc…,Arschlöc…,ORG,0.0,0.0,de,1
Europäische Staatschefs,Europäische Staatschefs,ORG,-0.7,0.0,de,1
Swift-System ausschließen +++,Swift-System ausschließen +++,ORG,-0.7,0.0,de,1
Frontlinie +++,Frontlinie +++,ORG,0.7,0.0,de,1
abgeschoss…,abgeschoss…,ORG,0.0,0.0,de,1
Nationalen Sicherheitsrat +++ Trump,Nationalen Sicherheitsrat +++ Trump,ORG,-0.7,0.0,de,1
US-Haft,US-Haft,ORG,0.0,0.0,de,1
US-Haftanstalten,US-Haftanstalten,ORG,0.0,0.0,de,1
Yukos-Affäre,Yukos-Affäre,ORG,0.0,0.0,de,1
Kiew +++ Zwei Tote,Kiew +++ Zwei Tote,ORG,0.0,0.0,de,1
Putin-Haft,Putin-Haft,ORG,0.85,0.0,de,1
IIHF,IIHF,ORG,0.0,0.0,de,1
Eishockey-Weltverband,Eishockey-Weltverband,ORG,0.0,0.0,de,1
Russlands Eishockey-Team,Russlands Eishockey-Team,ORG,0.0,0.0,de,1
deutschen Finfluencer-Awards,deutschen Finfluencer-Awards,ORG,0.0,0.0,de,1
"Stachelschwein""-Panzer +++","Stachelschwein""-Panzer +++",ORG,0.0,0.0,de,1
Putins Lügen +++,Putins Lügen +++,ORG,-0.7,0.0,de,1
Verteidigungsministeriums 96 ukrainische Drohnen,Verteidigungsministeriums 96 ukrainische Drohnen,ORG,0.0,0.0,de,1
Nationalen Sicherheits- und Verteidigungsrat der …,Nationalen Sicherheits- und Verteidigungsrat der …,ORG,0.0,0.0,de,1
Trump +++ USA,Trump +++ USA,ORG,0.7,0.0,de,1
deutsche Umspannwerke …,deutsche Umspannwerke …,ORG,0.0,0.0,de,1
finnische Außenministerium,finnische Außenministerium,ORG,0.0,0.0,de,1
Rubio +++,Rubio +++,ORG,0.0,0.0,de,1
Israel-Waffenexporte ++,Israel-Waffenexporte ++,ORG,0.0,0.0,de,1
Landes +++,Landes +++,ORG,0.0,0.0,de,1
Abwehr +++,Abwehr +++,ORG,0.0,0.0,de,1
Nuklearbranche…,Nuklearbranche…,ORG,1.0,0.0,de,1
EU-Verbot,EU-Verbot,ORG,0.0,0.0,de,1
Mitspracher…,Mitspracher…,ORG,1.0,0.0,de,1
Neues Online-Tool,Neues Online-Tool,ORG,0.0,0.0,de,1
Schleswig-Holsteinische Landtag,Schleswig-Holsteinische Landtag,ORG,0.0,0.0,de,1
Pro-Atom-Kurs,Pro-Atom-Kurs,ORG,0.0,0.0,de,1
namentlic…,namentlic…,ORG,-1.0,0.0,de,1
Neue US-Sanktionen gegen Russland,Neue US-Sanktionen gegen Russland,ORG,0.7,0.0,de,1
US-P…,US-P…,ORG,0.0,0.0,de,1
St. Petersburger Forums für internationales Recht,St. Petersburger Forums für internationales Recht,ORG,1.0,0.0,de,1
JJ,JJ,ORG,-1.0,0.0,de,1
Gange +++,Gange +++,ORG,0.0,0.0,de,1
Bundesfinanzministeriums …,Bundesfinanzministeriums …,ORG,0.0,0.0,de,1
Batteriefabrik +++,Batteriefabrik +++,ORG,0.0,0.0,de,1
Hintergründ…,Hintergründ…,ORG,0.0,0.0,de,1
Diplomati…,Diplomati…,ORG,0.0,0.0,de,1
Russland +++  ,Russland +++  ,ORG,0.7,0.0,de,1
qua…,qua…,ORG,0.0,0.0,de,1
Finanzfabi,Finanzfabi,ORG,0.0,0.0,de,1
Unterstützer Irans +++ Niedrige Bestände,Unterstützer Irans +++ Niedrige Bestände,ORG,0.7,0.0,de,1
Nordukraine,Nordukraine,ORG,-0.7,0.0,de,1
verletz…,verletz…,ORG,0.0,0.0,de,1
NSA,NSA,ORG,0.0,0.0,de,1
Lebensgefahr!,Lebensgefahr!,ORG,0.0,0.0,de,1
McDonald’s,McDonald’s,ORG,0.0,0.0,de,1
Tagesspi…,Tagesspi…,ORG,0.0,0.0,de,1
europäischen Bezahlplattform,europäischen Bezahlplattform,ORG,0.7,0.0,de,1
anschli…,anschli…,ORG,0.7,0.0,de,1
jew…,jew…,ORG,0.0,0.0,de,1
alten Bundestag,alten Bundestag,ORG,0.7,0.0,de,1
KAB-Bomben,KAB-Bomben,ORG,-1.0,0.0,de,1
Institute for …,Institute for …,ORG,0.0,0.0,de,1
Inflationsschub,Inflationsschub,ORG,0.0,0.0,de,1
Leyens Geschick,Leyens Geschick,ORG,0.0,0.0,de,1
Ista…,Ista…,ORG,0.0,0.0,de,1
Memorandum,Memorandum,ORG,0.7,0.0,de,1
Ukrainekonflikts +++,Ukrainekonflikts +++,ORG,0.7,0.0,de,1
Irans +++,Irans +++,ORG,0.7,0.0,de,1
US-Finanzministerium +++ Niedrige Bestände,US-Finanzministerium +++ Niedrige Bestände,ORG,0.7,0.0,de,1
Bundes- und Landes,Bundes- und Landes,ORG,0.0,0.0,de,1
Kartoffel-Klemme!,Kartoffel-Klemme!,ORG,-0.35,0.0,de,1
Rekrutierungsauto +++,Rekrutierungsauto +++,ORG,-0.7,0.0,de,1
Avangard Electronics,Avangard Electronics,ORG,0.0,0.0,de,1
Handlun…,Handlun…,ORG,0.0,0.0,de,1
ukrainische R…,ukrainische R…,ORG,-1.0,0.0,de,1
Parlamentarische Gesellschaft,Parlamentarische Gesellschaft,ORG,0.0,0.0,de,1
Unterrichtspläne,Unterrichtspläne,ORG,-1.0,0.0,de,1
Istanbul-Gespräche +++,Istanbul-Gespräche +++,ORG,0.5,0.0,de,1
ukrainische Verteidigungsministerium u…,ukrainische Verteidigungsministerium u…,ORG,0.0,0.0,de,1
ABC …,ABC …,ORG,0.0,0.0,de,1
serbisch-orthodoxen Kirche trifft Russlands,serbisch-orthodoxen Kirche trifft Russlands,ORG,0.0,0.0,de,1
christlich-orthodoxen Kirchen,christlich-orthodoxen Kirchen,ORG,0.0,0.0,de,1
Nato Putin,Nato Putin,ORG,0.0,0.0,de,1
Serbiens Balanceakt,Serbiens Balanceakt,ORG,0.0,0.0,de,1
Deutschen Bundeswehrverbandes,Deutschen Bundeswehrverbandes,ORG,0.0,0.0,de,1
OLG Hamm,OLG Hamm,ORG,0.0,0.0,de,1
US-Investoren,US-Investoren,ORG,0.0,0.0,de,1
SPD-Chef Fraktionschef,SPD-Chef Fraktionschef,ORG,0.0,0.0,de,1
Family Offices,Family Offices,ORG,1.0,0.0,de,1
Kretschmer-Vorschlag,Kretschmer-Vorschlag,ORG,0.7,0.0,de,1
USA +++ Großer Gefangenenaustausch,USA +++ Großer Gefangenenaustausch,ORG,0.1333333333333333,0.0,de,1
leic…,leic…,ORG,0.0,0.0,de,1
Streaming,Streaming,ORG,0.7,0.0,de,1
Inz…,Inz…,ORG,0.0,0.0,de,1
Neues EU-Programm,Neues EU-Programm,ORG,0.7,0.0,de,1
EU-Rüstungsprogramm,EU-Rüstungsprogramm,ORG,0.0,0.0,de,1
Security Action for,Security Action for,ORG,0.0,0.0,de,1
Kanzler +++ Wadephul,Kanzler +++ Wadephul,ORG,-1.0,0.0,de,1
++ Mützenich,++ Mützenich,ORG,0.0,0.0,de,1
Pay-TV-Anbieter,Pay-TV-Anbieter,ORG,-1.0,0.0,de,1
Taurus-Werk,Taurus-Werk,ORG,0.0,0.0,de,1
Putins Kamikaze-Drohnen,Putins Kamikaze-Drohnen,ORG,0.0,0.0,de,1
Schloss Ac…,Schloss Ac…,ORG,0.0,0.0,de,1
Mobilfunkanbieter congstar,Mobilfunkanbieter congstar,ORG,0.0,0.0,de,1
Allnet Flat…,Allnet Flat…,ORG,0.0,0.0,de,1
Gast +++ Ukrainischer Drohnenangriff,Gast +++ Ukrainischer Drohnenangriff,ORG,0.0,0.0,de,1
Berlin +,Berlin +,ORG,-0.35,0.0,de,1
Knauf …,Knauf …,ORG,-1.0,0.0,de,1
Sachsen-Anhalt …,Sachsen-Anhalt …,ORG,0.0,0.0,de,1
Finanz…,Finanz…,ORG,0.0,0.0,de,1
BSW-Populismus,BSW-Populismus,ORG,0.0,0.0,de,1
Abwe…,Abwe…,ORG,0.0,0.0,de,1
Anime-Welt,Anime-Welt,ORG,0.0,0.0,de,1
Bundesregier…,Bundesregier…,ORG,0.0,0.0,de,1
PLO,PLO,ORG,0.0,0.0,de,1
amerikanischen …,amerikanischen …,ORG,0.0,0.0,de,1
Untermiete,Untermiete,ORG,-0.7,0.0,de,1
Nutzfahrzeughersteller Daimler Truck,Nutzfahrzeughersteller Daimler Truck,ORG,0.0,0.0,de,1
Lebensmitt…,Lebensmitt…,ORG,0.0,0.0,de,1
01.07.2025,01.07.2025,ORG,0.0,0.0,de,1
Mercedes-Star,Mercedes-Star,ORG,0.0,0.0,de,1
Tiroler Arbeiterkammer,Tiroler Arbeiterkammer,ORG,0.0,0.0,de,1
AFD,AFD,ORG,-1.0,0.0,de,1
Agrargüter+++ Ukraine,Agrargüter+++ Ukraine,ORG,0.0,0.0,de,1
Kiew +++ Lawrow,Kiew +++ Lawrow,ORG,1.0,0.0,de,1
Minen-Verbot +++,Minen-Verbot +++,ORG,0.0,0.0,de,1
Mais,Mais,ORG,0.0,0.0,de,1
US-Bestände,US-Bestände,ORG,0.0,0.0,de,1
Jo…,Jo…,ORG,0.0,0.0,de,1
Bankenlobby,Bankenlobby,ORG,0.0,0.0,de,1
nationa…,nationa…,ORG,0.0,0.0,de,1
US-Ministerien,US-Ministerien,ORG,0.0,0.0,de,1
The Initiative,The Initiative,ORG,0.0,0.0,de,1
Polizeisprecher…,Polizeisprecher…,ORG,0.0,0.0,de,1
ASEAN,ASEAN,ORG,0.0,0.0,de,1
Telegra…,Telegra…,ORG,1.0,0.0,de,1
afghan…,afghan…,ORG,0.0,0.0,de,1
Rheingold-Institut,Rheingold-Institut,ORG,0.0,0.0,de,1
Chlorp…,Chlorp…,ORG,0.0,0.0,de,1
ICE-Angriff,ICE-Angriff,ORG,0.0,0.0,de,1
AWI…,AWI…,ORG,0.85,0.0,de,1
Moskau e…,Moskau e…,ORG,0.0,0.0,de,1
Joint Ventures,Joint Ventures,ORG,0.0,0.0,de,1
Antrittsbesuch Ukraine,Antrittsbesuch Ukraine,ORG,0.7,0.0,de,1
"Weitefeld
","Weitefeld
",ORG,0.0,0.0,de,1
GeschichteFM-Plus Kanals,GeschichteFM-Plus Kanals,ORG,0.0,0.0,de,1
Monza,Monza,ORG,0.0,0.0,de,1
italienische WM-Spitzenreiter,italienische WM-Spitzenreiter,ORG,0.7,0.0,de,1
EU-Mitgliedschaft der Ukraine,EU-Mitgliedschaft der Ukraine,ORG,-0.15000000000000002,0.0,de,1
Internationalen Atomenergieaufsicht,Internationalen Atomenergieaufsicht,ORG,0.0,0.0,de,1
Weltbank-Präsident,Weltbank-Präsident,ORG,0.0,0.0,de,1
verschär…,verschär…,ORG,0.0,0.0,de,1
E-Trottinett-Fahrer,E-Trottinett-Fahrer,ORG,0.0,0.0,de,1
Wülfli…,Wülfli…,ORG,0.0,0.0,de,1
Berlin +++ Russischsprachiges Video,Berlin +++ Russischsprachiges Video,ORG,-1.0,0.0,de,1
Trump +++ Russland,Trump +++ Russland,ORG,-1.0,0.0,de,1
Online-Hinweise,Online-Hinweise,ORG,0.0,0.0,de,1
die Grünen grün,die Grünen grün,ORG,0.0,0.0,de,1
EU-Fördermilliarden,EU-Fördermilliarden,ORG,0.0,0.0,de,1
EU-Fördergelder,EU-Fördergelder,ORG,0.0,0.0,de,1
IT-Positionen,IT-Positionen,ORG,0.0,0.0,de,1
Ukrainischer F-16-Pilot,Ukrainischer F-16-Pilot,ORG,0.0,0.0,de,1
Deutschland +++ Russische Kampfdrohnen,Deutschland +++ Russische Kampfdrohnen,ORG,-0.43333333333333335,0.0,de,1
Institut mahnt Klimaschutzmaßnahmen,Institut mahnt Klimaschutzmaßnahmen,ORG,0.0,0.0,de,1
Kindern spiele…,Kindern spiele…,ORG,0.0,0.0,de,1
Verbandes der italienischen Speiseeishersteller,Verbandes der italienischen Speiseeishersteller,ORG,0.0,0.0,de,1
Kämpfe +++ Trump,Kämpfe +++ Trump,ORG,0.5,0.0,de,1
Netanjahu-Verfahrens +++ Dobrindt,Netanjahu-Verfahrens +++ Dobrindt,ORG,0.5,0.0,de,1
TSV 1860,TSV 1860,ORG,0.7,0.0,de,1
Polizeisprecher …,Polizeisprecher …,ORG,0.0,0.0,de,1
Big Beautiful Bill,Big Beautiful Bill,ORG,0.7,0.0,de,1
Oblast Rostow +++,Oblast Rostow +++,ORG,0.0,0.0,de,1
Frieren“-Fans,Frieren“-Fans,ORG,0.0,0.0,de,1
bu…,bu…,ORG,0.0,0.0,de,1
Head of Legal Department Blau Direkt,Head of Legal Department Blau Direkt,ORG,0.2333333333333333,0.0,de,1
CTO Blau Direkt,CTO Blau Direkt,ORG,0.2333333333333333,0.0,de,1
UAE-Teamkollegen,UAE-Teamkollegen,ORG,0.0,0.0,de,1
Salzburger Gaisberg,Salzburger Gaisberg,ORG,0.0,0.0,de,1
Tages…,Tages…,ORG,0.0,0.0,de,1
Zentralukraine +++ Selenskyj,Zentralukraine +++ Selenskyj,ORG,0.0,0.0,de,1
Dosenfleisch …,Dosenfleisch …,ORG,0.0,0.0,de,1
illiberale Alternativen,illiberale Alternativen,ORG,0.0,0.0,de,1
Gebieten +++ Lawrow,Gebieten +++ Lawrow,ORG,0.7,0.0,de,1
US-Staatsverschuldung,US-Staatsverschuldung,ORG,-0.15000000000000002,0.0,de,1
US-Sondergesandt,US-Sondergesandt,ORG,0.0,0.0,de,1
UN-Umweltprogramms …,UN-Umweltprogramms …,ORG,0.0,0.0,de,1
Spr…,Spr…,ORG,0.0,0.0,de,1
Gazas…,Gazas…,ORG,0.0,0.0,de,1
Grenzkontrollen,Grenzkontrollen,ORG,0.0,0.0,de,1
Einberufungsbüros +++,Einberufungsbüros +++,ORG,0.0,0.0,de,1
"ausgeschlossen""+++","ausgeschlossen""+++",ORG,-0.7,0.0,de,1
Community,Community,ORG,0.7,0.0,de,1
Battlefield Labs,Battlefield Labs,ORG,0.7,0.0,de,1
Dice,Dice,ORG,-0.16666666666666666,0.0,de,1
ARD-Team,ARD-Team,ORG,0.0,0.0,de,1
Al-Kuds-Universität,Al-Kuds-Universität,ORG,0.0,0.0,de,1
Palästinensische Befreiungsorganisation,Palästinensische Befreiungsorganisation,ORG,0.0,0.0,de,1
Element Insurance,Element Insurance,ORG,-0.7,0.0,de,1
UN Environment Programme,UN Environment Programme,ORG,0.0,0.0,de,1
Baltikum +++,Baltikum +++,ORG,-1.0,0.0,de,1
Thüri…,Thüri…,ORG,0.0,0.0,de,1
Peking Moskau,Peking Moskau,ORG,-1.0,0.0,de,1
Soziale Pflegeversicherung,Soziale Pflegeversicherung,ORG,0.7,0.0,de,1
SPV,SPV,ORG,0.7,0.0,de,1
Westjordanland,Westjordanland,ORG,-1.0,0.0,de,1
MOnza,MOnza,ORG,0.7,0.0,de,1
US-Waffenvorräte,US-Waffenvorräte,ORG,-1.0,0.0,de,1
Steinen ange…,Steinen ange…,ORG,-1.0,0.0,de,1
rad…,rad…,ORG,0.0,0.0,de,1
US-Chemiekonzern,US-Chemiekonzern,ORG,0.0,0.0,de,1
Mensc…,Mensc…,ORG,0.0,0.0,de,1
EU-Defizitverfahrens,EU-Defizitverfahrens,ORG,0.0,0.0,de,1
EU-Ministerinnen,EU-Ministerinnen,ORG,0.0,0.0,de,1
BDLI,BDLI,ORG,0.7,0.0,de,1
Attikon Finanz AG,Attikon Finanz AG,ORG,0.0,0.0,de,1
+++Rauchwolke,+++Rauchwolke,ORG,0.0,0.0,de,1
UBS …,UBS …,ORG,0.0,0.0,de,1
Imperial College London,Imperial College London,ORG,0.0,0.0,de,1
London School o,London School o,ORG,0.0,0.0,de,1
Ukraine einmarsc…,Ukraine einmarsc…,ORG,0.0,0.0,de,1
Europäische Gerichtshof für Menschenrechte ,Europäische Gerichtshof für Menschenrechte ,ORG,0.0,0.0,de,1
LB…,LB…,ORG,0.0,0.0,de,1
Inside Russland,Inside Russland,ORG,0.7,0.0,de,1
Rom +++ Kurz,Rom +++ Kurz,ORG,0.0,0.0,de,1
AfD-Regierung,AfD-Regierung,ORG,-0.7,0.0,de,1
Elektrohandwerk …,Elektrohandwerk …,ORG,0.15000000000000002,0.0,de,1
Sabotage-Angriff,Sabotage-Angriff,ORG,-1.0,0.0,de,1
Bayerische Akademie der Schönen Künste,Bayerische Akademie der Schönen Künste,ORG,1.0,0.0,de,1
Soda,Soda,ORG,0.0,0.0,de,1
Rohstoff-Versorgung,Rohstoff-Versorgung,ORG,0.7,0.0,de,1
Geheimdienstchefs,Geheimdienstchefs,ORG,0.0,0.0,de,1
Exklusiv-Bericht,Exklusiv-Bericht,ORG,0.0,0.0,de,1
Atomanlage Fordow +,Atomanlage Fordow +,ORG,-0.3333333333333333,0.0,de,1
Irans +++ Putin,Irans +++ Putin,ORG,-0.3333333333333333,0.0,de,1
iranische Airlines,iranische Airlines,ORG,0.0,0.0,de,1
dead horse,dead horse,ORG,0.0,0.0,de,1
Sachsen-Anhalts Landes-Mathematik-Olympiade,Sachsen-Anhalts Landes-Mathematik-Olympiade,ORG,0.0,0.0,de,1
Landessiegern,Landessiegern,ORG,0.0,0.0,de,1
geopoli…,geopoli…,ORG,0.7,0.0,de,1
Tre…,Tre…,ORG,0.0,0.0,de,1
Kiel he…,Kiel he…,ORG,0.0,0.0,de,1
Amadeu Antonio Stiftung,Amadeu Antonio Stiftung,ORG,0.0,0.0,de,1
Sanofi,Sanofi,ORG,0.0,0.0,de,1
verp…,verp…,ORG,0.0,0.0,de,1
Ausstellungshäusern,Ausstellungshäusern,ORG,0.0,0.0,de,1
Nacken!,Nacken!,ORG,0.0,0.0,de,1
schri…,schri…,ORG,-1.0,0.0,de,1
Demokratischen Partei,Demokratischen Partei,ORG,0.7,0.0,de,1
Organisation für wirtschaftliche Zusammenarbeit,Organisation für wirtschaftliche Zusammenarbeit,ORG,-0.7,0.0,de,1
Staateng…,Staateng…,ORG,0.0,0.0,de,1
Fonds +++,Fonds +++,ORG,0.0,0.0,de,1
Zattoo Smart,Zattoo Smart,ORG,0.7,0.0,de,1
"Drecksarbeit""-Äußerung","Drecksarbeit""-Äußerung",ORG,0.0,0.0,de,1
SvenSimon-Press Service Of …,SvenSimon-Press Service Of …,ORG,0.0,0.0,de,1
Hauptstad…,Hauptstad…,ORG,0.0,0.0,de,1
Anti-Abschiebungs-Demonstranten,Anti-Abschiebungs-Demonstranten,ORG,0.0,0.0,de,1
vollzoge…,vollzoge…,ORG,0.0,0.0,de,1
Drohnenangriff +++ Ungarn,Drohnenangriff +++ Ungarn,ORG,0.0,0.0,de,1
SPD-Parteichef,SPD-Parteichef,ORG,0.0,0.0,de,1
US-Gesundheitsministerium,US-Gesundheitsministerium,ORG,0.0,0.0,de,1
Friedenspartei,Friedenspartei,ORG,0.7,0.0,de,1
Mächtigen,Mächtigen,ORG,0.0,0.0,de,1
Europäische Union Sanktionen,Europäische Union Sanktionen,ORG,0.0,0.0,de,1
Brent-Öl,Brent-Öl,ORG,0.0,0.0,de,1
Vorsitzende der Grünen,Vorsitzende der Grünen,ORG,0.7,0.0,de,1
Chubb,Chubb,ORG,0.0,0.0,de,1
gepla…,gepla…,ORG,0.0,0.0,de,1
Landes +++ Selenskyj,Landes +++ Selenskyj,ORG,0.0,0.0,de,1
uns a…,uns a…,ORG,0.0,0.0,de,1
Reise-Unbegrenzt-Tarif,Reise-Unbegrenzt-Tarif,ORG,0.0,0.0,de,1
US-Engagements,US-Engagements,ORG,0.0,0.0,de,1
Ego-Shooter-Spiele,Ego-Shooter-Spiele,ORG,0.0,0.0,de,1
Ego-Shooter-Spielen,Ego-Shooter-Spielen,ORG,0.0,0.0,de,1
Hitze-Check,Hitze-Check,ORG,0.0,0.0,de,1
hera…,hera…,ORG,1.0,0.0,de,1
Luftterrors,Luftterrors,ORG,0.0,0.0,de,1
Kreml Propaganda,Kreml Propaganda,ORG,0.0,0.0,de,1
Uniklinikum Gießen,Uniklinikum Gießen,ORG,0.0,0.0,de,1
+++ Jordanien,+++ Jordanien,ORG,0.0,0.0,de,1
Rüstungsproduktion,Rüstungsproduktion,ORG,0.0,0.0,de,1
Russische Wagner-Söldner,Russische Wagner-Söldner,ORG,0.0,0.0,de,1
Mali +++ Pistorius,Mali +++ Pistorius,ORG,0.0,0.0,de,1
Ural-Gebirge +++,Ural-Gebirge +++,ORG,0.0,0.0,de,1
GOG.com,GOG.com,ORG,0.0,0.0,de,1
US-Bürger +++,US-Bürger +++,ORG,-1.0,0.0,de,1
Stadtwerke-Tochter Energie,Stadtwerke-Tochter Energie,ORG,0.0,0.0,de,1
TrefferWer,TrefferWer,ORG,0.0,0.0,de,1
Discountfans,Discountfans,ORG,0.7,0.0,de,1
Zusammenfas…,Zusammenfas…,ORG,0.0,0.0,de,1
Hitzebeauftr…,Hitzebeauftr…,ORG,0.7,0.0,de,1
Wasser …,Wasser …,ORG,0.0,0.0,de,1
WKStA,WKStA,ORG,0.0,0.0,de,1
Rolläden smart,Rolläden smart,ORG,0.7,0.0,de,1
Rolläden,Rolläden,ORG,0.09999999999999998,0.0,de,1
Dinger smart,Dinger smart,ORG,0.7,0.0,de,1
Flaggschiff-Features,Flaggschiff-Features,ORG,0.0,0.0,de,1
EWP-Vorhaben,EWP-Vorhaben,ORG,-0.2333333333333333,0.0,de,1
Pfälzer,Pfälzer,ORG,0.0,0.0,de,1
Zeit für Frieden,Zeit für Frieden,ORG,0.0,0.0,de,1
EU-Roaminggebiet,EU-Roaminggebiet,ORG,0.0,0.0,de,1
Mobilfunk,Mobilfunk,ORG,0.7,0.0,de,1
US-Geheimdienstinformationen,US-Geheimdienstinformationen,ORG,0.0,0.0,de,1
Palästinenser +++ CIA,Palästinenser +++ CIA,ORG,0.0,0.0,de,1
Woche +++,Woche +++,ORG,0.0,0.0,de,1
Schanghaier Organisation für Zusammenarbeit +++ Israelische Siedler,Schanghaier Organisation für Zusammenarbeit +++ Israelische Siedler,ORG,-1.0,0.0,de,1
Westjordanland +++ CIA,Westjordanland +++ CIA,ORG,-1.0,0.0,de,1
Klima-Asyl,Klima-Asyl,ORG,0.0,0.0,de,1
Bande Los Choneros,Bande Los Choneros,ORG,0.0,0.0,de,1
Esprit,Esprit,ORG,0.0,0.0,de,1
Scotch &amp,Scotch &amp,ORG,0.0,0.0,de,1
US-Generalkonsulat,US-Generalkonsulat,ORG,0.0,0.0,de,1
Borussia Mittelmaß,Borussia Mittelmaß,ORG,0.0,0.0,de,1
Wochenende +++,Wochenende +++,ORG,0.0,0.0,de,1
Pakistans Regierung,Pakistans Regierung,ORG,0.0,0.0,de,1
russichen Wirtschaft,russichen Wirtschaft,ORG,-0.6,0.0,de,1
Weiterentwick…,Weiterentwick…,ORG,0.0,0.0,de,1
sda,sda,ORG,1.0,0.0,de,1
Organisation von Sex-Veranstaltungen,Organisation von Sex-Veranstaltungen,ORG,0.0,0.0,de,1
Euro-Einführung,Euro-Einführung,ORG,0.85,0.0,de,1
deutschen…,deutschen…,ORG,-1.0,0.0,de,1
Vaude,Vaude,ORG,0.0,0.0,de,1
Grüne Landtagsabgeordnete,Grüne Landtagsabgeordnete,ORG,0.0,0.0,de,1
Wirtschaftsforums,Wirtschaftsforums,ORG,0.0,0.0,de,1
Gegenwa…,Gegenwa…,ORG,0.0,0.0,de,1
spätest…,spätest…,ORG,0.0,0.0,de,1
Belegungszah…,Belegungszah…,ORG,0.0,0.0,de,1
Tag der Industrie…,Tag der Industrie…,ORG,0.0,0.0,de,1
Asylbewe…,Asylbewe…,ORG,0.0,0.0,de,1
Putins Schattentankern,Putins Schattentankern,ORG,0.0,0.0,de,1
Analyseh…,Analyseh…,ORG,0.0,0.0,de,1
Details,Details,ORG,0.0,0.0,de,1
Fachzeitschri…,Fachzeitschri…,ORG,0.0,0.0,de,1
US-Minister,US-Minister,ORG,0.0,0.0,de,1
US-Angriff +++,US-Angriff +++,ORG,0.0,0.0,de,1
CSU-Vorstandssitzung,CSU-Vorstandssitzung,ORG,-0.7,0.0,de,1
kle,kle,ORG,0.0,0.0,de,1
Polizei Kaiserslautern,Polizei Kaiserslautern,ORG,0.0,0.0,de,1
Jaguar Land,Jaguar Land,ORG,0.0,0.0,de,1
Schnellstraßen-Hotel,Schnellstraßen-Hotel,ORG,0.0,0.0,de,1
Europäische Rechnungshof,Europäische Rechnungshof,ORG,-0.7,0.0,de,1
Botschafters,Botschafters,ORG,0.0,0.0,de,1
US-Waffenverkäufen,US-Waffenverkäufen,ORG,0.7,0.0,de,1
gelöscht?</li><li>,gelöscht?</li><li>,ORG,0.0,0.0,de,1
Miami +++,Miami +++,ORG,0.7833333333333333,0.0,de,1
Google-Tochter Waymo,Google-Tochter Waymo,ORG,0.0,0.0,de,1
Land Baden-Württembe…,Land Baden-Württembe…,ORG,0.0,0.0,de,1
VW los,VW los,ORG,0.7,0.0,de,1
Auto Club Europa,Auto Club Europa,ORG,0.0,0.0,de,1
ACE,ACE,ORG,0.0,0.0,de,1
Fürth/Nürnberg,Fürth/Nürnberg,ORG,0.2333333333333333,0.0,de,1
dü…,dü…,ORG,0.0,0.0,de,1
Zulieferern,Zulieferern,ORG,0.0,0.0,de,1
NZZ-Redaktion24.08.2026,NZZ-Redaktion24.08.2026,ORG,0.0,0.0,de,1
Toyota Motor,Toyota Motor,ORG,0.0,0.0,de,1
Konzernmarke Century,Konzernmarke Century,ORG,0.0,0.0,de,1
Calgary Flames,Calgary Flames,ORG,1.0,0.0,de,1
Boxed Water Is Better,Boxed Water Is Better,ORG,0.27999999999999997,0.0,de,1
EVP-Politiker,EVP-Politiker,ORG,1.0,0.0,de,1
EVP-Fraktion,EVP-Fraktion,ORG,0.0,0.0,de,1
Richterbund,Richterbund,ORG,0.0,0.0,de,1
Deutschen Weinanbau,Deutschen Weinanbau,ORG,0.0,0.0,de,1
Deutsche Bauernverband,Deutsche Bauernverband,ORG,0.0,0.0,de,1
Russlands +,Russlands +,ORG,0.85,0.0,de,1
Friedenssicherung +++ Selenskyj,Friedenssicherung +++ Selenskyj,ORG,0.85,0.0,de,1
thailändische Streitkräfte,thailändische Streitkräfte,ORG,0.0,0.0,de,1
Sonntagnachm…,Sonntagnachm…,ORG,0.0,0.0,de,1
US-Androhung,US-Androhung,ORG,0.7,0.0,de,1
Energieberatungs-Startup,Energieberatungs-Startup,ORG,-0.7,0.0,de,1
Enter,Enter,ORG,-0.7,0.0,de,1
Cash-Puffer-Strategie,Cash-Puffer-Strategie,ORG,0.0,0.0,de,1
Haushaltspläne der Regierung,Haushaltspläne der Regierung,ORG,0.0,0.0,de,1
German Craft Skills,German Craft Skills,ORG,0.0,0.0,de,1
Russischsprachiger Demokratinnen,Russischsprachiger Demokratinnen,ORG,0.0,0.0,de,1
Finanzzahlen,Finanzzahlen,ORG,0.7,0.0,de,1
Frauke Brosius-Gersdorf,Frauke Brosius-Gersdorf,ORG,-1.0,0.0,de,1
Pokal,Pokal,ORG,0.7,0.0,de,1
spanischen Polizei,spanischen Polizei,ORG,0.7,0.0,de,1
Hennigsdorfer Elektrostahlwe…,Hennigsdorfer Elektrostahlwe…,ORG,0.0,0.0,de,1
US-Druck,US-Druck,ORG,0.0,0.0,de,1
EU-Staats- und Regierungschefs Brüssel,EU-Staats- und Regierungschefs Brüssel,ORG,0.3333333333333333,0.0,de,1
Kinderkriege…,Kinderkriege…,ORG,0.0,0.0,de,1
Gespräch…,Gespräch…,ORG,-0.7,0.0,de,1
Merco…,Merco…,ORG,-1.0,0.0,de,1
Fabrik für Steckverbinder,Fabrik für Steckverbinder,ORG,0.0,0.0,de,1
EU-Binnengrenzen,EU-Binnengrenzen,ORG,0.0,0.0,de,1
aufzune…,aufzune…,ORG,0.0,0.0,de,1
Dschihadistenmiliz Islamischer Staat,Dschihadistenmiliz Islamischer Staat,ORG,0.0,0.0,de,1
VW-Standorte,VW-Standorte,ORG,0.0,0.0,de,1
Uni Hamburg“,Uni Hamburg“,ORG,1.0,0.0,de,1
Miami +++ Ukraine,Miami +++ Ukraine,ORG,0.0,0.0,de,1
Florida +++ Rubio,Florida +++ Rubio,ORG,0.5,0.0,de,1
Europa +++ Treffen,Europa +++ Treffen,ORG,0.0,0.0,de,1
Frankfurter Fastnachter,Frankfurter Fastnachter,ORG,0.7333333333333334,0.0,de,1
E... Moskau,E... Moskau,ORG,0.0,0.0,de,1
San…,San…,ORG,0.0,0.0,de,1
Friedenssicherung +++  ,Friedenssicherung +++  ,ORG,0.0,0.0,de,1
Verteidigungsminister,Verteidigungsminister,ORG,0.0,0.0,de,1
Jungen Sc…,Jungen Sc…,ORG,0.0,0.0,de,1
Dezember-Rekord,Dezember-Rekord,ORG,0.0,0.0,de,1
US-Schlägen,US-Schlägen,ORG,0.0,0.0,de,1
Verhandlungsführer …,Verhandlungsführer …,ORG,-0.7,0.0,de,1
Not Berlin,Not Berlin,ORG,0.0,0.0,de,1
Konkurrenten Ozon,Konkurrenten Ozon,ORG,0.0,0.0,de,1
Rheinischen Post,Rheinischen Post,ORG,0.0,0.0,de,1
Abwesenheits-Vorwürfe,Abwesenheits-Vorwürfe,ORG,0.0,0.0,de,1
Bahn-Fernverkehr,Bahn-Fernverkehr,ORG,0.0,0.0,de,1
IC,IC,ORG,1.0,0.0,de,1
klimafreundlic…,klimafreundlic…,ORG,0.0,0.0,de,1
Gesünder essen,Gesünder essen,ORG,0.16666666666666666,0.0,de,1
Regierung Merz,Regierung Merz,ORG,-0.85,0.0,de,1
DW-Faktencheck,DW-Faktencheck,ORG,-1.0,0.0,de,1
USA Venezuela,USA Venezuela,ORG,0.0,0.0,de,1
Trump-Regierung,Trump-Regierung,ORG,0.0,0.0,de,1
Uran-Produktion,Uran-Produktion,ORG,0.0,0.0,de,1
Milliarden-Paket,Milliarden-Paket,ORG,0.0,0.0,de,1
frühli…,frühli…,ORG,0.0,0.0,de,1
Verfass…,Verfass…,ORG,0.0,0.0,de,1
Frise…,Frise…,ORG,0.0,0.0,de,1
Verbandes der deutschen Automobilindustrie,Verbandes der deutschen Automobilindustrie,ORG,0.0,0.0,de,1
Berliner Anschlag,Berliner Anschlag,ORG,0.85,0.0,de,1
Paris +++ USA,Paris +++ USA,ORG,0.0,0.0,de,1
Inlandsgeheimdienstchefs +++,Inlandsgeheimdienstchefs +++,ORG,0.0,0.0,de,1
unterzeic…,unterzeic…,ORG,0.7,0.0,de,1
Russlands Neujahrsfeiertage,Russlands Neujahrsfeiertage,ORG,1.0,0.0,de,1
Venezuela durchgefüh…,Venezuela durchgefüh…,ORG,0.0,0.0,de,1
Online-Händlers Ozon,Online-Händlers Ozon,ORG,-1.0,0.0,de,1
CSU-Klausurtagung,CSU-Klausurtagung,ORG,1.0,0.0,de,1
Jammerei!,Jammerei!,ORG,0.0,0.0,de,1
“ +++ Iran,“ +++ Iran,ORG,0.7,0.0,de,1
Grenz-Koordinierungseinheiten,Grenz-Koordinierungseinheiten,ORG,0.0,0.0,de,1
SPD-Forderung,SPD-Forderung,ORG,0.0,0.0,de,1
bund…,bund…,ORG,0.0,0.0,de,1
Fraunhofer-Institut für Grenzflächen- und Bioverfahrenstechnik,Fraunhofer-Institut für Grenzflächen- und Bioverfahrenstechnik,ORG,0.0,0.0,de,1
Stuttgart…,Stuttgart…,ORG,0.0,0.0,de,1
Russ…,Russ…,ORG,0.0,0.0,de,1
Anle…,Anle…,ORG,0.0,0.0,de,1
Bund-Länder-Finan…,Bund-Länder-Finan…,ORG,-0.9,0.0,de,1
Milliardengeldern,Milliardengeldern,ORG,0.7,0.0,de,1
Xinhua,Xinhua,ORG,0.0,0.0,de,1
Ä…,Ä…,ORG,0.0,0.0,de,1
Parteiklausur,Parteiklausur,ORG,0.0,0.0,de,1
Millionen-Einbruch,Millionen-Einbruch,ORG,0.0,0.0,de,1
Willebadessen,Willebadessen,ORG,0.0,0.0,de,1
Überwachungskameras,Überwachungskameras,ORG,0.7,0.0,de,1
Bevö…,Bevö…,ORG,0.0,0.0,de,1
Aussic…,Aussic…,ORG,0.0,0.0,de,1
SMRCSU,SMRCSU,ORG,0.0,0.0,de,1
Trump Always Chickens Out,Trump Always Chickens Out,ORG,0.0,0.0,de,1
RDK,RDK,ORG,1.0,0.0,de,1
Deutschen Lufthansa,Deutschen Lufthansa,ORG,0.7,0.0,de,1
Drohne +++ Diplomatischer Streit,Drohne +++ Diplomatischer Streit,ORG,0.0,0.0,de,1
Prag,Prag,ORG,0.0,0.0,de,1
französischen…,französischen…,ORG,0.0,0.0,de,1
Nürn…,Nürn…,ORG,0.0,0.0,de,1
Volkswagen-Belegschaft,Volkswagen-Belegschaft,ORG,0.7,0.0,de,1
Fernseh-Audienz,Fernseh-Audienz,ORG,0.0,0.0,de,1
Hochschule for Palestine“,Hochschule for Palestine“,ORG,0.0,0.0,de,1
Waffen-Attrappe,Waffen-Attrappe,ORG,0.0,0.0,de,1
Wiener RBI,Wiener RBI,ORG,0.0,0.0,de,1
Hochschule for …,Hochschule for …,ORG,0.0,0.0,de,1
US-Strategie,US-Strategie,ORG,0.0,0.0,de,1
Mayday,Mayday,ORG,0.0,0.0,de,1
Engli…,Engli…,ORG,0.0,0.0,de,1
irg…,irg…,ORG,0.0,0.0,de,1
Ost-Pazifik +++,Ost-Pazifik +++,ORG,-0.85,0.0,de,1
US-Sicherheitsstrategie,US-Sicherheitsstrategie,ORG,1.0,0.0,de,1
Warner Brothers Discovery,Warner Brothers Discovery,ORG,-0.15000000000000002,0.0,de,1
WBD,WBD,ORG,-0.15000000000000002,0.0,de,1
more,more,ORG,0.0,0.0,de,1
deutschen Sterne-Restaurants,deutschen Sterne-Restaurants,ORG,0.0,0.0,de,1
Sterne-Gastronomie,Sterne-Gastronomie,ORG,0.0,0.0,de,1
Smart Heating,Smart Heating,ORG,0.7,0.0,de,1
Chemiegipfel Ostdeutschland,Chemiegipfel Ostdeutschland,ORG,0.0,0.0,de,1
Leipzig f,Leipzig f,ORG,0.0,0.0,de,1
UN-Umweltberichts,UN-Umweltberichts,ORG,0.85,0.0,de,1
USA +,USA +,ORG,1.0,0.0,de,1
CO-Preissystem,CO-Preissystem,ORG,0.0,0.0,de,1
Bevölkeru…,Bevölkeru…,ORG,0.0,0.0,de,1
Erling Haaland,Erling Haaland,ORG,0.85,0.0,de,1
warns Iran not to,warns Iran not to,ORG,0.0,0.0,de,1
Bärbel-Bas-Krise,Bärbel-Bas-Krise,ORG,0.0,0.0,de,1
Bundesamts für Verfassungsschutz,Bundesamts für Verfassungsschutz,ORG,0.0,0.0,de,1
Bitk…,Bitk…,ORG,0.0,0.0,de,1
Digitalverbands Bitkom,Digitalverbands Bitkom,ORG,0.0,0.0,de,1
Forum Russland,Forum Russland,ORG,0.0,0.0,de,1
Dacia Duster,Dacia Duster,ORG,1.0,0.0,de,1
Erneuerbare verä…,Erneuerbare verä…,ORG,0.0,0.0,de,1
Chemiefabrik +++ Selenskyj,Chemiefabrik +++ Selenskyj,ORG,-1.0,0.0,de,1
US-Unterhändl,US-Unterhändl,ORG,-1.0,0.0,de,1
Kälte Kalorien,Kälte Kalorien,ORG,0.0,0.0,de,1
AKW Kashiwazaki-Kariwa,AKW Kashiwazaki-Kariwa,ORG,0.0,0.0,de,1
Chemiefabrik +++,Chemiefabrik +++,ORG,0.0,0.0,de,1
Deutschen lieben Schoko-Weihnachtsmänner,Deutschen lieben Schoko-Weihnachtsmänner,ORG,1.0,0.0,de,1
SV …,SV …,ORG,0.0,0.0,de,1
Beitragskommission,Beitragskommission,ORG,0.7,0.0,de,1
Rundfunkko…,Rundfunkko…,ORG,0.0,0.0,de,1
Ukraine-Krieges von Russlands,Ukraine-Krieges von Russlands,ORG,0.0,0.0,de,1
einverstand…,einverstand…,ORG,-0.35,0.0,de,1
Amerikas Wirtschaft,Amerikas Wirtschaft,ORG,0.1333333333333333,0.0,de,1
Eibinger-Miedl,Eibinger-Miedl,ORG,-1.0,0.0,de,1
AK…,AK…,ORG,0.0,0.0,de,1
erzi…,erzi…,ORG,0.0,0.0,de,1
Euroclear…,Euroclear…,ORG,0.0,0.0,de,1
sudanesische Außenministerium,sudanesische Außenministerium,ORG,0.0,0.0,de,1
Enttäuschungen,Enttäuschungen,ORG,0.0,0.0,de,1
Carst…,Carst…,ORG,0.0,0.0,de,1
BSW-Vertreter,BSW-Vertreter,ORG,0.0,0.0,de,1
rausg…,rausg…,ORG,0.0,0.0,de,1
vorvergangene Woche,vorvergangene Woche,ORG,0.7,0.0,de,1
unveränder…,unveränder…,ORG,0.0,0.0,de,1
Durchsuchungen,Durchsuchungen,ORG,0.0,0.0,de,1
volat…,volat…,ORG,0.7,0.0,de,1
Informationsökonomie,Informationsökonomie,ORG,1.0,0.0,de,1
Australi…,Australi…,ORG,-1.0,0.0,de,1
deutsch-ukrainischen Wirtschaftsforums,deutsch-ukrainischen Wirtschaftsforums,ORG,0.0,0.0,de,1
Unabhängigkeit +++ EU,Unabhängigkeit +++ EU,ORG,-1.0,0.0,de,1
IS-Ideologie,IS-Ideologie,ORG,0.0,0.0,de,1
Terrororganisation IS,Terrororganisation IS,ORG,-1.0,0.0,de,1
Terrororganisation Islamischer Staat …,Terrororganisation Islamischer Staat …,ORG,0.0,0.0,de,1
Sydney,Sydney,ORG,0.0,0.0,de,1
deutschen Chemie- und Pharmaindustrie,deutschen Chemie- und Pharmaindustrie,ORG,-0.7,0.0,de,1
EU-Beitrittsgesprächen,EU-Beitrittsgesprächen,ORG,-1.0,0.0,de,1
Feuerholz,Feuerholz,ORG,0.0,0.0,de,1
pi…,pi…,ORG,0.0,0.0,de,1
AfD-Antrag,AfD-Antrag,ORG,0.0,0.0,de,1
Kanzleramt +++,Kanzleramt +++,ORG,0.09999999999999998,0.0,de,1
Moskaus Propaganda,Moskaus Propaganda,ORG,0.0,0.0,de,1
Netanjah…,Netanjah…,ORG,0.0,0.0,de,1
"Ex-""Tatort""-Kommissar Wolfram Koch","Ex-""Tatort""-Kommissar Wolfram Koch",ORG,-0.7,0.0,de,1
Sicherhe…,Sicherhe…,ORG,0.0,0.0,de,1
gehö…,gehö…,ORG,0.0,0.0,de,1
Drogenp…,Drogenp…,ORG,0.0,0.0,de,1
städtischen Verkehrsbetriebs VAG,städtischen Verkehrsbetriebs VAG,ORG,0.0,0.0,de,1
Klimaschutz-Instrume…,Klimaschutz-Instrume…,ORG,-1.0,0.0,de,1
fai…,fai…,ORG,0.0,0.0,de,1
Uniper ei…,Uniper ei…,ORG,0.0,0.0,de,1
SST,SST,ORG,0.0,0.0,de,1
kerneu…,kerneu…,ORG,0.0,0.0,de,1
Zentralrat,Zentralrat,ORG,-0.85,0.0,de,1
Roblox-Verbot,Roblox-Verbot,ORG,0.0,0.0,de,1
bayerischer…,bayerischer…,ORG,0.0,0.0,de,1
picture alliance/dpa/XinHua,picture alliance/dpa/XinHua,ORG,0.0,0.0,de,1
Nova Post,Nova Post,ORG,0.0,0.0,de,1
Uno-Friedenstruppe…,Uno-Friedenstruppe…,ORG,0.0,0.0,de,1
Standorts,Standorts,ORG,0.0,0.0,de,1
Ukrainisches Verhandlungsteam,Ukrainisches Verhandlungsteam,ORG,0.0,0.0,de,1
JNIM,JNIM,ORG,0.0,0.0,de,1
Welternährungsprogramms,Welternährungsprogramms,ORG,0.0,0.0,de,1
Europäische Rat,Europäische Rat,ORG,0.7,0.0,de,1
Zentralbank a…,Zentralbank a…,ORG,0.0,0.0,de,1
Skate…,Skate…,ORG,0.0,0.0,de,1
NATO-Truppen gekom…,NATO-Truppen gekom…,ORG,0.0,0.0,de,1
Shirts & Co.,Shirts & Co.,ORG,0.0,0.0,de,1
Secondhand-Kette Other Peoples Clothes,Secondhand-Kette Other Peoples Clothes,ORG,-0.7,0.0,de,1
Gesellscha…,Gesellscha…,ORG,0.0,0.0,de,1
KSC-Krise,KSC-Krise,ORG,-0.7,0.0,de,1
Karlsruher SC,Karlsruher SC,ORG,-1.0,0.0,de,1
Europas Support,Europas Support,ORG,0.0,0.0,de,1
Trauring…,Trauring…,ORG,0.0,0.0,de,1
US-Sondergesan…,US-Sondergesan…,ORG,0.0,0.0,de,1
New South Wales Police Force…,New South Wales Police Force…,ORG,0.7,0.0,de,1
Abwehrsystems SAMP/T +++,Abwehrsystems SAMP/T +++,ORG,-1.0,0.0,de,1
Grenzsicherung +++  ,Grenzsicherung +++  ,ORG,0.7,0.0,de,1
deutsche Auslandssender,deutsche Auslandssender,ORG,0.0,0.0,de,1
Merz +++ Amerikanische,Merz +++ Amerikanische,ORG,0.7,0.0,de,1
Bundesamt f…,Bundesamt f…,ORG,0.0,0.0,de,1
Rote Panda,Rote Panda,ORG,0.0,0.0,de,1
Ukraine konk…,Ukraine konk…,ORG,0.7,0.0,de,1
Wochenenddienste,Wochenenddienste,ORG,0.0,0.0,de,1
Trier,Trier,ORG,0.0,0.0,de,1
Ehrenkreuz,Ehrenkreuz,ORG,0.7,0.0,de,1
friedli…,friedli…,ORG,0.0,0.0,de,1
Staatsanwaltsc…,Staatsanwaltsc…,ORG,0.0,0.0,de,1
IS-Gefangenen,IS-Gefangenen,ORG,0.0,0.0,de,1
syrische Regierung,syrische Regierung,ORG,0.0,0.0,de,1
Frankfurter Fußballprofis,Frankfurter Fußballprofis,ORG,-1.0,0.0,de,1
EU-Funktionäre,EU-Funktionäre,ORG,0.0,0.0,de,1
Russlands he…,Russlands he…,ORG,1.0,0.0,de,1
Verhandlungen +++ Russland,Verhandlungen +++ Russland,ORG,0.0,0.0,de,1
Internationalen Energieagentur rät Europa,Internationalen Energieagentur rät Europa,ORG,0.0,0.0,de,1
Internationalen Energieagentur der OECD,Internationalen Energieagentur der OECD,ORG,0.0,0.0,de,1
Berliner Initiative,Berliner Initiative,ORG,0.0,0.0,de,1
deutschen Sozialstaats,deutschen Sozialstaats,ORG,0.7,0.0,de,1
Cyberkriminelle,Cyberkriminelle,ORG,0.0,0.0,de,1
Trade-Republic-Nutzer,Trade-Republic-Nutzer,ORG,0.0,0.0,de,1
Preis-Explosion & Speicher,Preis-Explosion & Speicher,ORG,-1.0,0.0,de,1
Trade R…,Trade R…,ORG,1.0,0.0,de,1
Polizei rück…,Polizei rück…,ORG,0.0,0.0,de,1
EU-Importverbot,EU-Importverbot,ORG,0.0,0.0,de,1
Odessa +++ EU-Staaten,Odessa +++ EU-Staaten,ORG,-1.0,0.0,de,1
Pretti,Pretti,ORG,0.0,0.0,de,1
IW Consult,IW Consult,ORG,0.0,0.0,de,1
weitge…,weitge…,ORG,0.0,0.0,de,1
Zentrum für Sicherheits- und internationale Studien,Zentrum für Sicherheits- und internationale Studien,ORG,0.0,0.0,de,1
gewerkschaftsnahe Institut für Makroökonomie und Konjunkturforschung,gewerkschaftsnahe Institut für Makroökonomie und Konjunkturforschung,ORG,1.0,0.0,de,1
The Barents O…,The Barents O…,ORG,0.0,0.0,de,1
US-Technologieindustrie,US-Technologieindustrie,ORG,0.7,0.0,de,1
"Ö3 Gastein Sounds auf</li></ul>
","Ö3 Gastein Sounds auf</li></ul>
",ORG,0.0,0.0,de,1
+++ Mutmaßliche Russland-Spionin,+++ Mutmaßliche Russland-Spionin,ORG,0.0,0.0,de,1
CO-Preis,CO-Preis,ORG,0.0,0.0,de,1
Weißglut,Weißglut,ORG,0.0,0.0,de,1
Festg…,Festg…,ORG,0.0,0.0,de,1
beizutr…,beizutr…,ORG,0.5,0.0,de,1
Deutsche Filmball,Deutsche Filmball,ORG,0.0,0.0,de,1
Xbox Developer Direct,Xbox Developer Direct,ORG,0.7,0.0,de,1
Dealabs,Dealabs,ORG,0.0,0.0,de,1
Videospielhersteller Ubisoft,Videospielhersteller Ubisoft,ORG,0.0,0.0,de,1
priva…,priva…,ORG,0.35,0.0,de,1
Jänne…,Jänne…,ORG,0.0,0.0,de,1
Kriminali…,Kriminali…,ORG,0.0,0.0,de,1
Ö3,Ö3,ORG,0.0,0.0,de,1
Ukrainischen Streitkräfte,Ukrainischen Streitkräfte,ORG,0.0,0.0,de,1
Abu Dhabi +++ Selenskyj,Abu Dhabi +++ Selenskyj,ORG,0.0,0.0,de,1
Ö3 Gastein Sounds auf</li></ul,Ö3 Gastein Sounds auf</li></ul,ORG,0.0,0.0,de,1
auße…,auße…,ORG,0.0,0.0,de,1
Schlüsselfrage +++ Kreml-Sprecher Peskow,Schlüsselfrage +++ Kreml-Sprecher Peskow,ORG,0.15000000000000002,0.0,de,1
SvenSimon-ThePresidentialOfficeU,SvenSimon-ThePresidentialOfficeU,ORG,0.0,0.0,de,1
Die Hoffnung,Die Hoffnung,ORG,0.7,0.0,de,1
PC-Komponenten,PC-Komponenten,ORG,0.7,0.0,de,1
CO2-Emissionshandels,CO2-Emissionshandels,ORG,0.0,0.0,de,1
zuständ…,zuständ…,ORG,-1.0,0.0,de,1
Socia…,Socia…,ORG,0.0,0.0,de,1
PR-Nummer,PR-Nummer,ORG,0.0,0.0,de,1
Jüdisch-israelische Restaurants,Jüdisch-israelische Restaurants,ORG,0.0,0.0,de,1
EU-Außenbeauftr,EU-Außenbeauftr,ORG,0.0,0.0,de,1
LNG-betriebene Sc…,LNG-betriebene Sc…,ORG,0.0,0.0,de,1
Notaufna…,Notaufna…,ORG,0.0,0.0,de,1
Ukra… Show,Ukra… Show,ORG,0.85,0.0,de,1
Importstopp für Erdgas,Importstopp für Erdgas,ORG,0.0,0.0,de,1
Winter-Terror,Winter-Terror,ORG,0.0,0.0,de,1
erg…,erg…,ORG,0.0,0.0,de,1
Frohe Botschaft für Moskau,Frohe Botschaft für Moskau,ORG,1.0,0.0,de,1
Versorgungsla…,Versorgungsla…,ORG,0.0,0.0,de,1
Woch…,Woch…,ORG,0.0,0.0,de,1
HRW,HRW,ORG,1.0,0.0,de,1
Bahn-Mitarbeiter …,Bahn-Mitarbeiter …,ORG,0.0,0.0,de,1
EU-Statistikamt,EU-Statistikamt,ORG,0.0,0.0,de,1
Kaiserslautern,Kaiserslautern,ORG,-1.0,0.0,de,1
Wetter-Apps,Wetter-Apps,ORG,0.15000000000000002,0.0,de,1
DUBAI/WASHINGTON,DUBAI/WASHINGTON,ORG,0.0,0.0,de,1
US-Skistar,US-Skistar,ORG,0.0,0.0,de,1
Tehran says Strait of Hormuz still shut,Tehran says Strait of Hormuz still shut,ORG,0.0,0.0,de,1
Zentrum Nigerias,Zentrum Nigerias,ORG,0.0,0.0,de,1
+++Serkan,+++Serkan,ORG,0.0,0.0,de,1
Zugbe…,Zugbe…,ORG,0.0,0.0,de,1
Donbass e…,Donbass e…,ORG,0.7,0.0,de,1
Moskau Konsequenzen,Moskau Konsequenzen,ORG,-0.7,0.0,de,1
+++Dschungel-A…,+++Dschungel-A…,ORG,0.0,0.0,de,1
Wirtschafts- und Finanzministeriums…,Wirtschafts- und Finanzministeriums…,ORG,0.0,0.0,de,1
Bayerischen Industrie- und Handelskammertag,Bayerischen Industrie- und Handelskammertag,ORG,0.0,0.0,de,1
Das Erste,Das Erste,ORG,0.3333333333333333,0.0,de,1
mutmaßlichem Beschaffungs-Netzwerk für,mutmaßlichem Beschaffungs-Netzwerk für,ORG,0.0,0.0,de,1
US-Sich…,US-Sich…,ORG,0.0,0.0,de,1
Transfersch…,Transfersch…,ORG,0.0,0.0,de,1
Misan …,Misan …,ORG,0.0,0.0,de,1
Hochrangiger US-Beamter,Hochrangiger US-Beamter,ORG,0.0,0.0,de,1
PV-Module,PV-Module,ORG,0.0,0.0,de,1
ukrainische Energie-Infrastruktur,ukrainische Energie-Infrastruktur,ORG,0.0,0.0,de,1
CNP,CNP,ORG,0.0,0.0,de,1
AdMedia,AdMedia,ORG,0.0,0.0,de,1
Russischen Demokratischen Kräften,Russischen Demokratischen Kräften,ORG,0.0,0.0,de,1
Parlamentarische Versammlung des Europarats,Parlamentarische Versammlung des Europarats,ORG,0.0,0.0,de,1
Hamburger Institut für Sozialforschung,Hamburger Institut für Sozialforschung,ORG,0.0,0.0,de,1
Europäischen Un…,Europäischen Un…,ORG,0.15000000000000002,0.0,de,1
Trump-Vorschlag,Trump-Vorschlag,ORG,0.7,0.0,de,1
US-Kommentatoren,US-Kommentatoren,ORG,0.0,0.0,de,1
mutmaßlichem Beschaffungs-Netzwerk für Russland,mutmaßlichem Beschaffungs-Netzwerk für Russland,ORG,0.0,0.0,de,1
Handelspartner …,Handelspartner …,ORG,0.0,0.0,de,1
Redaktionsnetzwerk Deutschl…,Redaktionsnetzwerk Deutschl…,ORG,0.0,0.0,de,1
VerhandlungenRussland,VerhandlungenRussland,ORG,0.0,0.0,de,1
Russland Verkehrsinfrastruktur,Russland Verkehrsinfrastruktur,ORG,0.0,0.0,de,1
Investors,Investors,ORG,-1.0,0.0,de,1
Sicherheitskonferen…,Sicherheitskonferen…,ORG,0.0,0.0,de,1
gefloge…,gefloge…,ORG,0.7,0.0,de,1
Warnstreiks,Warnstreiks,ORG,0.0,0.0,de,1
Gewe…,Gewe…,ORG,0.0,0.0,de,1
Latino-Rapstar Bad Bunny,Latino-Rapstar Bad Bunny,ORG,0.3333333333333333,0.0,de,1
imageB…,imageB…,ORG,0.0,0.0,de,1
we defend it,we defend it,ORG,0.0,0.0,de,1
EU erstma…,EU erstma…,ORG,0.0,0.0,de,1
US-Beteiligung,US-Beteiligung,ORG,0.0,0.0,de,1
einla…,einla…,ORG,0.0,0.0,de,1
Brrrrrr!,Brrrrrr!,ORG,0.0,0.0,de,1
Dortmunds Guirassy,Dortmunds Guirassy,ORG,0.0,0.0,de,1
Kennedy Jr.,Kennedy Jr.,ORG,0.0,0.0,de,1
Deutschlands Gasreserven,Deutschlands Gasreserven,ORG,0.0,0.0,de,1
Wirtschaftsweisen-Chefin,Wirtschaftsweisen-Chefin,ORG,0.0,0.0,de,1
Energie-Riesen,Energie-Riesen,ORG,0.0,0.0,de,1
Minister…,Minister…,ORG,0.0,0.0,de,1
ING,ING,ORG,0.0,0.0,de,1
Stromversorger DTEK,Stromversorger DTEK,ORG,-1.0,0.0,de,1
Kiew +++ Großbritannien,Kiew +++ Großbritannien,ORG,0.7,0.0,de,1
Kälte Deutschland,Kälte Deutschland,ORG,-0.7,0.0,de,1
Polizei davongerast,Polizei davongerast,ORG,0.0,0.0,de,1
Vulkan-Terror,Vulkan-Terror,ORG,0.0,0.0,de,1
linkextremistische Vulkan-Gruppe,linkextremistische Vulkan-Gruppe,ORG,0.0,0.0,de,1
Zürcher Parlament,Zürcher Parlament,ORG,0.0,0.0,de,1
Kriminalitätshotspots…,Kriminalitätshotspots…,ORG,0.7,0.0,de,1
Milliardärs Andrej Babi,Milliardärs Andrej Babi,ORG,0.0,0.0,de,1
’nen Stuss,’nen Stuss,ORG,0.0,0.0,de,1
+++Jury,+++Jury,ORG,0.0,0.0,de,1
"Jahres
+++Jury ha","Jahres
+++Jury ha",ORG,0.0,0.0,de,1
LMU,LMU,ORG,0.0,0.0,de,1
Fachjournal Nature Communications,Fachjournal Nature Communications,ORG,0.0,0.0,de,1
CO2-Handels,CO2-Handels,ORG,0.0,0.0,de,1
regiona…,regiona…,ORG,0.0,0.0,de,1
+++ Parlament,+++ Parlament,ORG,-0.3333333333333333,0.0,de,1
Getränke…,Getränke…,ORG,-0.85,0.0,de,1
Formel-1-Rennen,Formel-1-Rennen,ORG,0.0,0.0,de,1
EU-Freihandelsvertrag,EU-Freihandelsvertrag,ORG,0.0,0.0,de,1
RAM,RAM,ORG,0.7,0.0,de,1
Online-Händler Ozon,Online-Händler Ozon,ORG,0.0,0.0,de,1
Siegesju…,Siegesju…,ORG,0.0,0.0,de,1
Bevölkerungsfonds der Vereinten Nationen und Gremien,Bevölkerungsfonds der Vereinten Nationen und Gremien,ORG,0.0,0.0,de,1
Bundesaußenministe…,Bundesaußenministe…,ORG,0.0,0.0,de,1
US Navy,US Navy,ORG,-1.0,0.0,de,1
US-Army,US-Army,ORG,0.0,0.0,de,1
Goldregion,Goldregion,ORG,0.0,0.0,de,1
Vier-Sterne-General,Vier-Sterne-General,ORG,0.0,0.0,de,1
AAA-Spielen,AAA-Spielen,ORG,0.0,0.0,de,1
Trump wants more economic pressure on Iran,Trump wants more economic pressure on Iran,ORG,0.0,0.0,de,1
Speicherherstellern,Speicherherstellern,ORG,0.0,0.0,de,1
Wintertief Elli,Wintertief Elli,ORG,0.0,0.0,de,1
EU-Freihandelsabkommen,EU-Freihandelsabkommen,ORG,1.0,0.0,de,1
zurz…,zurz…,ORG,0.0,0.0,de,1
Ringe“-Dreh,Ringe“-Dreh,ORG,0.0,0.0,de,1
Drehstart,Drehstart,ORG,0.0,0.0,de,1
Opioid‑Krise,Opioid‑Krise,ORG,-1.0,0.0,de,1
WAIC,WAIC,ORG,0.0,0.0,de,1
Venezuela“,Venezuela“,ORG,0.0,0.0,de,1
KI-Wettrüsten,KI-Wettrüsten,ORG,0.0,0.0,de,1
Moskau …,Moskau …,ORG,0.7,0.0,de,1
Einwohner +++ Oreschnik-Rakete,Einwohner +++ Oreschnik-Rakete,ORG,-0.35,0.0,de,1
Gefilde Europas,Gefilde Europas,ORG,0.0,0.0,de,1
picture alliance/dpa/TT News Agency via AP,picture alliance/dpa/TT News Agency via AP,ORG,0.0,0.0,de,1
SBU-Chef Maljuk +++ Selenskyj,SBU-Chef Maljuk +++ Selenskyj,ORG,-0.3333333333333333,0.0,de,1
Europa-Bild,Europa-Bild,ORG,0.0,0.0,de,1
Neuer EU-Kredit für Ukraine,Neuer EU-Kredit für Ukraine,ORG,0.0,0.0,de,1
drö,drö,ORG,0.0,0.0,de,1
Schwert-Angriff,Schwert-Angriff,ORG,0.0,0.0,de,1
Finanz-App Outbank,Finanz-App Outbank,ORG,0.0,0.0,de,1
Raketentests +++ Ukrainischer Drohnenangriff +++ Neuigkeiten,Raketentests +++ Ukrainischer Drohnenangriff +++ Neuigkeiten,ORG,0.7,0.0,de,1
Berlin +++ Tokio,Berlin +++ Tokio,ORG,0.7,0.0,de,1
Deepseek Afrika,Deepseek Afrika,ORG,0.0,0.0,de,1
Ole…,Ole…,ORG,-1.0,0.0,de,1
Deftones,Deftones,ORG,0.0,0.0,de,1
Russland te…,Russland te…,ORG,0.0,0.0,de,1
Hauptverbands der Deutschen Bauindustrie,Hauptverbands der Deutschen Bauindustrie,ORG,-1.0,0.0,de,1
Herr Hübner,Herr Hübner,ORG,0.0,0.0,de,1
+++Schlüsselmoment,+++Schlüsselmoment,ORG,0.0,0.0,de,1
Wis…,Wis…,ORG,0.0,0.0,de,1
Mär…,Mär…,ORG,-0.5,0.0,de,1
Tiefbauarbeiten Gas,Tiefbauarbeiten Gas,ORG,0.0,0.0,de,1
Bayerische Verfas…,Bayerische Verfas…,ORG,0.0,0.0,de,1
Kiew be…,Kiew be…,ORG,0.0,0.0,de,1
US-Coup,US-Coup,ORG,0.0,0.0,de,1
Mutmaßliche Russland-Spionin,Mutmaßliche Russland-Spionin,ORG,0.7,0.0,de,1
Dauerfrostes,Dauerfrostes,ORG,0.0,0.0,de,1
EU-Energiemarkt,EU-Energiemarkt,ORG,0.0,0.0,de,1
russischemGas,russischemGas,ORG,0.0,0.0,de,1
LNG…,LNG…,ORG,0.0,0.0,de,1
Die Sicherheitsbehörden,Die Sicherheitsbehörden,ORG,-0.7,0.0,de,1
EU-Strommixes,EU-Strommixes,ORG,1.0,0.0,de,1
Krefeld,Krefeld,ORG,0.7,0.0,de,1
Match Winterthur St. Gallen,Match Winterthur St. Gallen,ORG,0.0,0.0,de,1
EU-Darlehen,EU-Darlehen,ORG,0.7,0.0,de,1
Peseschkian +++,Peseschkian +++,ORG,-1.0,0.0,de,1
Kommissionsprä…,Kommissionsprä…,ORG,0.0,0.0,de,1
EU-Kommissions-…,EU-Kommissions-…,ORG,0.0,0.0,de,1
Kohle-Kraftwerke,Kohle-Kraftwerke,ORG,0.7,0.0,de,1
Bayern Mini-Atomkraftwerke,Bayern Mini-Atomkraftwerke,ORG,0.0,0.0,de,1
venezolanischer Interimspräsidentin +++ ICE-Beamter,venezolanischer Interimspräsidentin +++ ICE-Beamter,ORG,-0.7,0.0,de,1
Einwanderer +++,Einwanderer +++,ORG,-0.7,0.0,de,1
Unsplash.com,Unsplash.com,ORG,0.15000000000000002,0.0,de,1
SPONSORED,SPONSORED,ORG,0.0,0.0,de,1
Energie-Backup,Energie-Backup,ORG,0.0,0.0,de,1
Übergangspräsidentin,Übergangspräsidentin,ORG,0.0,0.0,de,1
“ +++ Trump,“ +++ Trump,ORG,-1.0,0.0,de,1
Operationsplan Deutschland,Operationsplan Deutschland,ORG,0.0,0.0,de,1
Match Winterthur,Match Winterthur,ORG,0.0,0.0,de,1
Jahresbil…,Jahresbil…,ORG,0.0,0.0,de,1
Aktion für Berliner Kältehilfe,Aktion für Berliner Kältehilfe,ORG,1.0,0.0,de,1
Berliner Kältehilfe,Berliner Kältehilfe,ORG,1.0,0.0,de,1
IMAGO/DeFodi Images,IMAGO/DeFodi Images,ORG,0.0,0.0,de,1
Fußall-Bund…,Fußall-Bund…,ORG,0.0,0.0,de,1
US-Firma Westinghouse,US-Firma Westinghouse,ORG,0.0,0.0,de,1
deutsch-sowjetische,deutsch-sowjetische,ORG,0.0,0.0,de,1
Deutsche üb…,Deutsche üb…,ORG,0.0,0.0,de,1
Venezuela-Intervention,Venezuela-Intervention,ORG,-0.7,0.0,de,1
Europäische Filmakademie,Europäische Filmakademie,ORG,1.0,0.0,de,1
Berner Negativserie,Berner Negativserie,ORG,0.0,0.0,de,1
AUTO BILD,AUTO BILD,ORG,0.0,0.0,de,1
Leyen ste…,Leyen ste…,ORG,0.0,0.0,de,1
KI-Modell,KI-Modell,ORG,0.0,0.0,de,1
Finanz-Abteilung,Finanz-Abteilung,ORG,0.0,0.0,de,1
Nationale Paralympische Komitee der,Nationale Paralympische Komitee der,ORG,-1.0,0.0,de,1
Nationale Paralympische Komitee der Ukraine,Nationale Paralympische Komitee der Ukraine,ORG,0.0,0.0,de,1
Internationale Paralympische Komitee…,Internationale Paralympische Komitee…,ORG,0.0,0.0,de,1
Framatome m…,Framatome m…,ORG,0.0,0.0,de,1
Selenskyj-Putin-Treffen +++,Selenskyj-Putin-Treffen +++,ORG,0.0,0.0,de,1
+++ Bundeswehr,+++ Bundeswehr,ORG,0.0,0.0,de,1
Neofaschisten-Kongress,Neofaschisten-Kongress,ORG,0.0,0.0,de,1
Gesellschaft Wege,Gesellschaft Wege,ORG,-0.7,0.0,de,1
Rhein-Necka…,Rhein-Necka…,ORG,0.0,0.0,de,1
Bergl…,Bergl…,ORG,0.0,0.0,de,1
Van Cleef & Arpels,Van Cleef & Arpels,ORG,1.0,0.0,de,1
Tschernobyl-Sarkophags,Tschernobyl-Sarkophags,ORG,0.0,0.0,de,1
Polizei Magdeburg,Polizei Magdeburg,ORG,0.0,0.0,de,1
Paris Fashion Week,Paris Fashion Week,ORG,1.0,0.0,de,1
Manchester,Manchester,ORG,0.0,0.0,de,1
Greater Manchester Police,Greater Manchester Police,ORG,0.0,0.0,de,1
Israel-Wahl,Israel-Wahl,ORG,0.0,0.0,de,1
Cha,Cha,ORG,0.0,0.0,de,1
EU-Drohnenabwehr +++,EU-Drohnenabwehr +++,ORG,1.0,0.0,de,1
britische Polizei,britische Polizei,ORG,-0.7,0.0,de,1
Daikin Handball-Bundesliga,Daikin Handball-Bundesliga,ORG,0.0,0.0,de,1
Tabellenführer Kiel!,Tabellenführer Kiel!,ORG,0.0,0.0,de,1
Drohnengesetz,Drohnengesetz,ORG,0.0,0.0,de,1
Kampfdrohnen +++ Russland,Kampfdrohnen +++ Russland,ORG,-1.0,0.0,de,1
Fla…,Fla…,ORG,0.0,0.0,de,1
EU-Kommiss,EU-Kommiss,ORG,0.7,0.0,de,1
Erfahrun…,Erfahrun…,ORG,0.0,0.0,de,1
SwRI,SwRI,ORG,1.0,0.0,de,1
No Future,No Future,ORG,0.0,0.0,de,1
Zahlungsdienstle…,Zahlungsdienstle…,ORG,0.0,0.0,de,1
Hochtemperaturreaktors Hamm,Hochtemperaturreaktors Hamm,ORG,0.0,0.0,de,1
OLG München,OLG München,ORG,0.0,0.0,de,1
Iran-Russland-Pakt,Iran-Russland-Pakt,ORG,0.0,0.0,de,1
Iran Hormos,Iran Hormos,ORG,0.0,0.0,de,1
Stripe,Stripe,ORG,-0.5,0.0,de,1
Kaufkriterium,Kaufkriterium,ORG,0.0,0.0,de,1
Irans Atomprogramm,Irans Atomprogramm,ORG,0.0,0.0,de,1
Köln-Bilanz!,Köln-Bilanz!,ORG,0.0,0.0,de,1
Hormus-Passage +++ Laut Aktivisten,Hormus-Passage +++ Laut Aktivisten,ORG,0.0,0.0,de,1
FC-Geschäftsführer,FC-Geschäftsführer,ORG,0.0,0.0,de,1
UN-Vollversamm…,UN-Vollversamm…,ORG,-0.7,0.0,de,1
Can Gülcek,Can Gülcek,ORG,0.0,0.0,de,1
Air Policing,Air Policing,ORG,0.0,0.0,de,1
Hitler Europa,Hitler Europa,ORG,0.0,0.0,de,1
Schwe…,Schwe…,ORG,0.0,0.0,de,1
Finanz-Websites,Finanz-Websites,ORG,-0.7,0.0,de,1
Hormus-Passage +++,Hormus-Passage +++,ORG,-1.0,0.0,de,1
Arte…,Arte…,ORG,0.0,0.0,de,1
One Mor…,One Mor…,ORG,0.0,0.0,de,1
EU Kriegstreiberei,EU Kriegstreiberei,ORG,-1.0,0.0,de,1
EU-Bericht,EU-Bericht,ORG,-1.0,0.0,de,1
Biodiversitä…,Biodiversitä…,ORG,-0.43333333333333335,0.0,de,1
Oleksandr Syrskyj,Oleksandr Syrskyj,ORG,0.0,0.0,de,1
Bundestag +++ Dobrindt,Bundestag +++ Dobrindt,ORG,0.7,0.0,de,1
Partei AfD,Partei AfD,ORG,-1.0,0.0,de,1
<em>Caren Miosga</em,<em>Caren Miosga</em,ORG,0.0,0.0,de,1
Bauvorschrifte…,Bauvorschrifte…,ORG,-0.7,0.0,de,1
Gaza Verantwortung,Gaza Verantwortung,ORG,0.0,0.0,de,1
Internationalen Währungsfonds deutsche Hilfen für den Wiederaufbau,Internationalen Währungsfonds deutsche Hilfen für den Wiederaufbau,ORG,0.0,0.0,de,1
Europäer…,Europäer…,ORG,0.0,0.0,de,1
Zentrum Wort,Zentrum Wort,ORG,0.0,0.0,de,1
kos…,kos…,ORG,0.0,0.0,de,1
Nord-Stream-Verdächtigem +++,Nord-Stream-Verdächtigem +++,ORG,-0.35,0.0,de,1
BND-…,BND-…,ORG,0.0,0.0,de,1
Russland +++ Schwere Explosionen in Kiew +++ Neuigkeiten,Russland +++ Schwere Explosionen in Kiew +++ Neuigkeiten,ORG,0.0,0.0,de,1
Fahrbericht!,Fahrbericht!,ORG,0.0,0.0,de,1
Yukos,Yukos,ORG,0.0,0.0,de,1
Odes…,Odes…,ORG,0.0,0.0,de,1
Sauber-Pilot,Sauber-Pilot,ORG,0.0,0.0,de,1
Istanbul +++ Brief,Istanbul +++ Brief,ORG,0.0,0.0,de,1
russischen Streitkräfte +++ Medienberichte,russischen Streitkräfte +++ Medienberichte,ORG,0.0,0.0,de,1
VfL Wolfsburgs Sportchef,VfL Wolfsburgs Sportchef,ORG,0.0,0.0,de,1
Marine des Landes,Marine des Landes,ORG,0.0,0.0,de,1
EU-Energieministerinnen,EU-Energieministerinnen,ORG,0.0,0.0,de,1
Transitionsplänen,Transitionsplänen,ORG,0.0,0.0,de,1
Mitschülern,Mitschülern,ORG,0.0,0.0,de,1
Kälte +++,Kälte +++,ORG,0.0,0.0,de,1
gebrandeten Fake-Videos,gebrandeten Fake-Videos,ORG,0.0,0.0,de,1
Logos,Logos,ORG,0.0,0.0,de,1
Europa-League-Teilnehmer,Europa-League-Teilnehmer,ORG,-1.0,0.0,de,1
Feed,Feed,ORG,0.0,0.0,de,1
Israe…,Israe…,ORG,0.7,0.0,de,1
Tomahawks-Lieferung,Tomahawks-Lieferung,ORG,0.1333333333333333,0.0,de,1
Vorfälle,Vorfälle,ORG,0.7,0.0,de,1
Spezialkräften,Spezialkräften,ORG,0.0,0.0,de,1
Bundesverband …,Bundesverband …,ORG,0.0,0.0,de,1
Bedingun…,Bedingun…,ORG,-0.7,0.0,de,1
Berchtesgadener A…,Berchtesgadener A…,ORG,0.0,0.0,de,1
Stiftung Klima- und Umweltschutz Mecklenburg-Vorpommern,Stiftung Klima- und Umweltschutz Mecklenburg-Vorpommern,ORG,0.0,0.0,de,1
Black-outs,Black-outs,ORG,0.0,0.0,de,1
Thales,Thales,ORG,0.7,0.0,de,1
Polizei Hagen am Morgen,Polizei Hagen am Morgen,ORG,0.0,0.0,de,1
Netzjou…,Netzjou…,ORG,0.0,0.0,de,1
Staatsa…,Staatsa…,ORG,0.0,0.0,de,1
Klimaschutzmi…,Klimaschutzmi…,ORG,0.0,0.0,de,1
UVNord,UVNord,ORG,0.0,0.0,de,1
Kremlin Press,Kremlin Press,ORG,1.0,0.0,de,1
verlore…,verlore…,ORG,0.0,0.0,de,1
russischen Thinktanks,russischen Thinktanks,ORG,1.0,0.0,de,1
mil…,mil…,ORG,0.0,0.0,de,1
Klima-Sachverständigenrat,Klima-Sachverständigenrat,ORG,0.0,0.0,de,1
Fortschritt …,Fortschritt …,ORG,0.0,0.0,de,1
Kampfhubschraubers +++,Kampfhubschraubers +++,ORG,0.0,0.0,de,1
+++ 08:49 Nord…,+++ 08:49 Nord…,ORG,0.0,0.0,de,1
Fussba…,Fussba…,ORG,0.15000000000000002,0.0,de,1
Epirus,Epirus,ORG,0.15000000000000002,0.0,de,1
grei…,grei…,ORG,0.0,0.0,de,1
deutschen Klimazielen,deutschen Klimazielen,ORG,-0.1333333333333333,0.0,de,1
Tourismusbran…,Tourismusbran…,ORG,0.0,0.0,de,1
Princeton University,Princeton University,ORG,0.0,0.0,de,1
Klimastiftung-Ausschuss,Klimastiftung-Ausschuss,ORG,0.0,0.0,de,1
CO₂-Preisbremse,CO₂-Preisbremse,ORG,0.0,0.0,de,1
Kreml-Herrscher,Kreml-Herrscher,ORG,0.0,0.0,de,1
Emmenegger +++ Grüne,Emmenegger +++ Grüne,ORG,0.0,0.0,de,1
Ukraine-Pläne,Ukraine-Pläne,ORG,0.0,0.0,de,1
Drohnenherstellers Quantum Systems,Drohnenherstellers Quantum Systems,ORG,0.0,0.0,de,1
Barentssee +++,Barentssee +++,ORG,0.0,0.0,de,1
Landtagswahl in Baden-Württemberg,Landtagswahl in Baden-Württemberg,ORG,0.0,0.0,de,1
Südostukraine +++,Südostukraine +++,ORG,0.0,0.0,de,1
Drohnenvorfall +++,Drohnenvorfall +++,ORG,0.7,0.0,de,1
Kleiner HSV-Mutmacher,Kleiner HSV-Mutmacher,ORG,0.0,0.0,de,1
FC Bayern“,FC Bayern“,ORG,0.0,0.0,de,1
0:5-Klatsche,0:5-Klatsche,ORG,-1.0,0.0,de,1
Brand in Raffinerie ++,Brand in Raffinerie ++,ORG,0.0,0.0,de,1
Aktion der «…,Aktion der «…,ORG,0.0,0.0,de,1
Tonne Pellets,Tonne Pellets,ORG,0.0,0.0,de,1
Starlink ++,Starlink ++,ORG,0.0,0.0,de,1
Satelliten-Kommunikationsdienstes Starlink,Satelliten-Kommunikationsdienstes Starlink,ORG,0.0,0.0,de,1
Finanz-App Budget Flow,Finanz-App Budget Flow,ORG,1.0,0.0,de,1
Darja Sotejewa,Darja Sotejewa,ORG,0.0,0.0,de,1
LED-Schreibtischlampe,LED-Schreibtischlampe,ORG,0.0,0.0,de,1
Touch-Steuerung,Touch-Steuerung,ORG,-1.0,0.0,de,1
Timer,Timer,ORG,-1.0,0.0,de,1
Drogen-Schiff,Drogen-Schiff,ORG,-1.0,0.0,de,1
"Sapad""-Übung","Sapad""-Übung",ORG,0.0,0.0,de,1
Ostflanke +++,Ostflanke +++,ORG,0.0,0.0,de,1
Rechnunge…,Rechnunge…,ORG,0.7,0.0,de,1
Entwicklungsbiologen Davor Solter,Entwicklungsbiologen Davor Solter,ORG,1.0,0.0,de,1
Genera…,Genera…,ORG,0.0,0.0,de,1
AIZEO CarPlay,AIZEO CarPlay,ORG,0.0,0.0,de,1
​Ende August zuckt Deutschland,​Ende August zuckt Deutschland,ORG,-1.0,0.0,de,1
"Greenwashing""-Klage","Greenwashing""-Klage",ORG,0.0,0.0,de,1
EU m…,EU m…,ORG,0.0,0.0,de,1
Vinted,Vinted,ORG,0.0,0.0,de,1
eBay &amp,eBay &amp,ORG,0.0,0.0,de,1
Nordosttei…,Nordosttei…,ORG,-0.15000000000000002,0.0,de,1
Katars Premier,Katars Premier,ORG,-1.0,0.0,de,1
Oberkommando der Streitkräfte,Oberkommando der Streitkräfte,ORG,0.0,0.0,de,1
Langstreckenangrif…,Langstreckenangrif…,ORG,0.0,0.0,de,1
polnische Luftwaffe,polnische Luftwaffe,ORG,0.0,0.0,de,1
Presseschau Israels Streitkräfte,Presseschau Israels Streitkräfte,ORG,0.0,0.0,de,1
Hamasim Golfstaat Katar,Hamasim Golfstaat Katar,ORG,0.0,0.0,de,1
Einst…,Einst…,ORG,0.0,0.0,de,1
EU-Richtern,EU-Richtern,ORG,0.0,0.0,de,1
Kemme…,Kemme…,ORG,0.0,0.0,de,1
Österreich,Österreich,ORG,0.0,0.0,de,1
Währungsh…,Währungsh…,ORG,-1.0,0.0,de,1
indischen Tees,indischen Tees,ORG,0.0,0.0,de,1
GKU,GKU,ORG,0.0,0.0,de,1
Nature-Studie,Nature-Studie,ORG,0.0,0.0,de,1
US-Vizepräsidenten,US-Vizepräsidenten,ORG,1.0,0.0,de,1
Sapad …,Sapad …,ORG,0.0,0.0,de,1
Polen +++ Russland,Polen +++ Russland,ORG,0.0,0.0,de,1
US-Aktivisten,US-Aktivisten,ORG,0.0,0.0,de,1
Lenovo,Lenovo,ORG,1.0,0.0,de,1
Thüringer FDP,Thüringer FDP,ORG,0.0,0.0,de,1
Standard,Standard,ORG,0.0,0.0,de,1
TV-Redaktion,TV-Redaktion,ORG,0.0,0.0,de,1
israelische Gesellschaft,israelische Gesellschaft,ORG,0.0,0.0,de,1
Liveblog Litauen,Liveblog Litauen,ORG,0.07500000000000001,0.0,de,1
Metal Gear,Metal Gear,ORG,0.0,0.0,de,1
Zeit des Kalte…,Zeit des Kalte…,ORG,0.0,0.0,de,1
Melsungen,Melsungen,ORG,0.0,0.0,de,1
Streitkräfte g,Streitkräfte g,ORG,0.0,0.0,de,1
Russlands Luftraumverletzungen +++ Putin,Russlands Luftraumverletzungen +++ Putin,ORG,0.0,0.0,de,1
Weltfrieden +++ Polen,Weltfrieden +++ Polen,ORG,-1.0,0.0,de,1
Energie,Energie,ORG,0.0,0.0,de,1
Disney-Sender ABC,Disney-Sender ABC,ORG,1.0,0.0,de,1
Weltfrieden +++,Weltfrieden +++,ORG,-1.0,0.0,de,1
Performance-Kollektiv Pussy Riot,Performance-Kollektiv Pussy Riot,ORG,-0.5,0.0,de,1
Luftraums +++ Allianz,Luftraums +++ Allianz,ORG,0.07500000000000001,0.0,de,1
Beratungsgesellschaft Co2online,Beratungsgesellschaft Co2online,ORG,0.0,0.0,de,1
europäischen Grenzen,europäischen Grenzen,ORG,0.7,0.0,de,1
EU Stückwerk,EU Stückwerk,ORG,0.0,0.0,de,1
Vorwu…,Vorwu…,ORG,0.0,0.0,de,1
ÖVP-Klausur,ÖVP-Klausur,ORG,0.0,0.0,de,1
niederösterreichischen Volkspartei,niederösterreichischen Volkspartei,ORG,0.0,0.0,de,1
ÖVP-Landesparteich…,ÖVP-Landesparteich…,ORG,0.0,0.0,de,1
Selenskyjs UN-Rede,Selenskyjs UN-Rede,ORG,0.0,0.0,de,1
Comicfans,Comicfans,ORG,0.0,0.0,de,1
Bundesliga-Absteiger VfL Bochum,Bundesliga-Absteiger VfL Bochum,ORG,0.7,0.0,de,1
Ransomware-Gruppe,Ransomware-Gruppe,ORG,0.0,0.0,de,1
Bundesliga-Absteiger Bochum,Bundesliga-Absteiger Bochum,ORG,0.0,0.0,de,1
Kult-Trainer a,Kult-Trainer a,ORG,0.0,0.0,de,1
Metal Gear Solid,Metal Gear Solid,ORG,0.7,0.0,de,1
Foros-Sanatorium,Foros-Sanatorium,ORG,0.0,0.0,de,1
Homematic IP,Homematic IP,ORG,1.0,0.0,de,1
Deutsche Presse…,Deutsche Presse…,ORG,0.0,0.0,de,1
Justizbehörden,Justizbehörden,ORG,-1.0,0.0,de,1
Präsidentenmaschine Air Force One au…,Präsidentenmaschine Air Force One au…,ORG,0.0,0.0,de,1
Labors,Labors,ORG,0.7,0.0,de,1
Kraft …,Kraft …,ORG,0.0,0.0,de,1
transpor…,transpor…,ORG,1.0,0.0,de,1
Ransomware-Gruppe Rhysida,Ransomware-Gruppe Rhysida,ORG,0.0,0.0,de,1
VBB heut…,VBB heut…,ORG,0.0,0.0,de,1
Norddeutsche Rundfunk,Norddeutsche Rundfunk,ORG,0.0,0.0,de,1
Der Norddeutsche Rundfunk,Der Norddeutsche Rundfunk,ORG,0.6666666666666666,0.0,de,1
Importstopp,Importstopp,ORG,0.7,0.0,de,1
Haien,Haien,ORG,0.0875,0.0,de,1
Estland-Vorfall +++,Estland-Vorfall +++,ORG,0.0,0.0,de,1
Tote +++,Tote +++,ORG,-1.0,0.0,de,1
Destabilisierung,Destabilisierung,ORG,0.0,0.0,de,1
Russische Jets,Russische Jets,ORG,-1.0,0.0,de,1
Berliner Landes-IT,Berliner Landes-IT,ORG,0.0,0.0,de,1
Moskaus Partner,Moskaus Partner,ORG,0.0,0.0,de,1
Inflationsbekäm…,Inflationsbekäm…,ORG,0.0,0.0,de,1
Blood & Honour,Blood & Honour,ORG,0.0,0.0,de,1
Luftraum-Verletzung +++ Polen,Luftraum-Verletzung +++ Polen,ORG,1.0,0.0,de,1
Ostsee +++ Alle Neuigkeiten,Ostsee +++ Alle Neuigkeiten,ORG,1.0,0.0,de,1
Solarwär…,Solarwär…,ORG,0.0,0.0,de,1
Enter future,Enter future,ORG,0.0,0.0,de,1
Ölkonzerns OMV,Ölkonzerns OMV,ORG,0.0,0.0,de,1
Urs…,Urs…,ORG,0.0,0.0,de,1
Territoriums +++ Warschau,Territoriums +++ Warschau,ORG,-0.2333333333333333,0.0,de,1
IMAGO/ZUMA Press,IMAGO/ZUMA Press,ORG,0.0,0.0,de,1
Baxxter,Baxxter,ORG,0.0,0.0,de,1
Unterdes…,Unterdes…,ORG,0.0,0.0,de,1
BSW-Verkehrsminister De…,BSW-Verkehrsminister De…,ORG,0.7,0.0,de,1
Nürnberger Instituts für Marktents…,Nürnberger Instituts für Marktents…,ORG,0.0,0.0,de,1
Monster,Monster,ORG,-1.0,0.0,de,1
brasiliani…,brasiliani…,ORG,0.0,0.0,de,1
University o…,University o…,ORG,0.0,0.0,de,1
Wohnv…,Wohnv…,ORG,0.0,0.0,de,1
AngriffsKrieg,AngriffsKrieg,ORG,0.0,0.0,de,1
Matter-Ök…,Matter-Ök…,ORG,0.0,0.0,de,1
Nord-Stream-Verdächtigem,Nord-Stream-Verdächtigem,ORG,0.85,0.0,de,1
EU-Gerichts,EU-Gerichts,ORG,-1.0,0.0,de,1
Selenskyj Friedensplan,Selenskyj Friedensplan,ORG,0.0,0.0,de,1
CO2-Recycling,CO2-Recycling,ORG,0.0,0.0,de,1
Zentrums für Brennstoffzellen Technik,Zentrums für Brennstoffzellen Technik,ORG,0.0,0.0,de,1
ZBT,ZBT,ORG,0.0,0.0,de,1
Christenverfolgung,Christenverfolgung,ORG,0.0,0.0,de,1
Verband der Christen,Verband der Christen,ORG,0.0,0.0,de,1
Unicef,Unicef,ORG,0.0,0.0,de,1
beson…,beson…,ORG,0.0,0.0,de,1
Dörfern,Dörfern,ORG,0.0,0.0,de,1
Ostukraine +++ Merz,Ostukraine +++ Merz,ORG,0.0,0.0,de,1
Entwur…,Entwur…,ORG,0.0,0.0,de,1
Saint Gobain,Saint Gobain,ORG,0.0,0.0,de,1
Putins Reich,Putins Reich,ORG,0.7,0.0,de,1
IT-Branchenverbands Bitkom,IT-Branchenverbands Bitkom,ORG,0.0,0.0,de,1
Funke-Medieng…,Funke-Medieng…,ORG,0.0,0.0,de,1
vollständ…,vollständ…,ORG,0.0,0.0,de,1
Bundestages,Bundestages,ORG,0.85,0.0,de,1
Ukraine +++ Pistorius,Ukraine +++ Pistorius,ORG,0.0,0.0,de,1
Gruppe Stoptime,Gruppe Stoptime,ORG,0.0,0.0,de,1
US-Startup Valar,US-Startup Valar,ORG,0.0,0.0,de,1
UN-Gipfel,UN-Gipfel,ORG,0.0,0.0,de,1
Amazonas…,Amazonas…,ORG,0.0,0.0,de,1
Mercedes GLB,Mercedes GLB,ORG,0.0,0.0,de,1
Korruptionsskandal +++ Nord-Stream-Verdächtiger,Korruptionsskandal +++ Nord-Stream-Verdächtiger,ORG,0.0,0.0,de,1
Hungerstreik +++ Anwälte,Hungerstreik +++ Anwälte,ORG,0.0,0.0,de,1
Internationale Reiterliche Vereinigung FEI,Internationale Reiterliche Vereinigung FEI,ORG,0.0,0.0,de,1
Tabellenvorletzte 1,Tabellenvorletzte 1,ORG,0.0,0.0,de,1
Verbandes in H…,Verbandes in H…,ORG,0.0,0.0,de,1
Berliner Gaskunden,Berliner Gaskunden,ORG,0.0,0.0,de,1
Urkundenfälschung +++,Urkundenfälschung +++,ORG,0.0,0.0,de,1
Chatham House,Chatham House,ORG,0.0,0.0,de,1
Organisierte Kriminalität,Organisierte Kriminalität,ORG,0.0,0.0,de,1
Verdrießlichkeit +++ Ermittlungen,Verdrießlichkeit +++ Ermittlungen,ORG,0.0,0.0,de,1
Kinzhal-Raketen,Kinzhal-Raketen,ORG,0.0,0.0,de,1
Vereinten Natione…,Vereinten Natione…,ORG,0.0,0.0,de,1
Bäckerei Eifler,Bäckerei Eifler,ORG,0.0,0.0,de,1
Jahrhundertflut,Jahrhundertflut,ORG,-0.5666666666666667,0.0,de,1
Energietechnikkonzern,Energietechnikkonzern,ORG,0.0,0.0,de,1
Wirtschaftsauskun…,Wirtschaftsauskun…,ORG,0.0,0.0,de,1
Airtag,Airtag,ORG,0.7,0.0,de,1
Smart heizen &,Smart heizen &,ORG,0.7,0.0,de,1
Klimaschutzbewegung Fridays For Future,Klimaschutzbewegung Fridays For Future,ORG,0.0,0.0,de,1
Deutsche Firmen,Deutsche Firmen,ORG,0.0,0.0,de,1
Oberste Gerichtshof des Landes,Oberste Gerichtshof des Landes,ORG,0.7,0.0,de,1
Hausarrests abgele…,Hausarrests abgele…,ORG,0.7,0.0,de,1
Pipeline-Konsortium,Pipeline-Konsortium,ORG,0.5,0.0,de,1
US-Vertreter …,US-Vertreter …,ORG,0.0,0.0,de,1
Umständ…,Umständ…,ORG,0.0,0.0,de,1
Outsourcing,Outsourcing,ORG,0.0,0.0,de,1
US-Bashing,US-Bashing,ORG,-0.7,0.0,de,1
Lufthansa-Maschine LH2088,Lufthansa-Maschine LH2088,ORG,0.0,0.0,de,1
Sondergesan…,Sondergesan…,ORG,0.0,0.0,de,1
Formel-1-Rennstrecke,Formel-1-Rennstrecke,ORG,0.0,0.0,de,1
Landesamt …,Landesamt …,ORG,0.0,0.0,de,1
Einzelaktien,Einzelaktien,ORG,-0.35,0.0,de,1
NATO-Unterstützungskommando,NATO-Unterstützungskommando,ORG,1.0,0.0,de,1
Pipeline-Konsortiu…,Pipeline-Konsortiu…,ORG,0.5,0.0,de,1
Ratcliffe,Ratcliffe,ORG,0.0,0.0,de,1
EU-Rüstung,EU-Rüstung,ORG,0.0,0.0,de,1
Umjer…,Umjer…,ORG,0.0,0.0,de,1
Präsidentenmaschine Air,Präsidentenmaschine Air,ORG,0.0,0.0,de,1
klirr…,klirr…,ORG,-0.7,0.0,de,1
Technologie-Neutralität,Technologie-Neutralität,ORG,-0.7,0.0,de,1
Bundesverband der Ve…,Bundesverband der Ve…,ORG,0.0,0.0,de,1
Dschu…,Dschu…,ORG,0.7,0.0,de,1
The Base,The Base,ORG,0.0,0.0,de,1
Zweitliga-Realität,Zweitliga-Realität,ORG,0.7,0.0,de,1
Ham…,Ham…,ORG,0.7,0.0,de,1
Zentrum Moskaus,Zentrum Moskaus,ORG,0.0,0.0,de,1
Deutschen Instituts für Wirtschaftsf…,Deutschen Instituts für Wirtschaftsf…,ORG,0.0,0.0,de,1
EU-Militärstabes,EU-Militärstabes,ORG,0.0,0.0,de,1
entk…,entk…,ORG,0.0,0.0,de,1
Befreiungsschlag,Befreiungsschlag,ORG,0.0,0.0,de,1
verantwor…,verantwor…,ORG,0.0,0.0,de,1
SpVgg Greuther Fürth,SpVgg Greuther Fürth,ORG,0.0,0.0,de,1
Pestel-Instituts bundeswei…,Pestel-Instituts bundeswei…,ORG,0.0,0.0,de,1
Brandenburger SPD,Brandenburger SPD,ORG,0.0,0.0,de,1
AfD-Äußerung,AfD-Äußerung,ORG,0.0,0.0,de,1
AfD-Aussage,AfD-Aussage,ORG,0.0,0.0,de,1
Paris Saint-Germain,Paris Saint-Germain,ORG,0.0,0.0,de,1
Club-Weltmeister FC Chelsea,Club-Weltmeister FC Chelsea,ORG,0.0,0.0,de,1
Geopoli…,Geopoli…,ORG,0.0,0.0,de,1
Arbeitsplatz</li></ul,Arbeitsplatz</li></ul,ORG,0.7,0.0,de,1
Greenpease East Asia,Greenpease East Asia,ORG,0.0,0.0,de,1
dazugehör…,dazugehör…,ORG,0.0,0.0,de,1
EU-Friedensplan,EU-Friedensplan,ORG,0.0,0.0,de,1
Über-Bayern,Über-Bayern,ORG,0.0,0.0,de,1
Taiwans Regierung,Taiwans Regierung,ORG,0.0,0.0,de,1
Kammer spr…,Kammer spr…,ORG,0.0,0.0,de,1
Billig-Onlinehän…,Billig-Onlinehän…,ORG,0.0,0.0,de,1
Münchner Unternehmens,Münchner Unternehmens,ORG,-1.0,0.0,de,1
Vereinten Nationen…,Vereinten Nationen…,ORG,0.0,0.0,de,1
beka…,beka…,ORG,0.0,0.0,de,1
Entwicklungsbank,Entwicklungsbank,ORG,0.7,0.0,de,1
Ukraine kriegführende Russland,Ukraine kriegführende Russland,ORG,0.0,0.0,de,1
Dienstag +++,Dienstag +++,ORG,0.7,0.0,de,1
Nationalen Sicherhe…,Nationalen Sicherhe…,ORG,0.0,0.0,de,1
Macy's,Macy's,ORG,0.0,0.0,de,1
Jugend in Russland,Jugend in Russland,ORG,0.0,0.0,de,1
Atlanta Falcons,Atlanta Falcons,ORG,0.0,0.0,de,1
Deutsche Gesellschaft für Osteuropa-Kunde,Deutsche Gesellschaft für Osteuropa-Kunde,ORG,0.0,0.0,de,1
Indianapolis Colts,Indianapolis Colts,ORG,0.0,0.0,de,1
Bunker +++ Gesandter,Bunker +++ Gesandter,ORG,0.7,0.0,de,1
Chinas Armee,Chinas Armee,ORG,0.0,0.0,de,1
Zukunftsentscheid…,Zukunftsentscheid…,ORG,0.0,0.0,de,1
Raketentests +++,Raketentests +++,ORG,0.0,0.0,de,1
KI-Workstations,KI-Workstations,ORG,0.0,0.0,de,1
Workstation-GPU,Workstation-GPU,ORG,0.0,0.0,de,1
Mejasg,Mejasg,ORG,0.0,0.0,de,1
Palestine Media Production,Palestine Media Production,ORG,0.0,0.0,de,1
Statio…,Statio…,ORG,0.0,0.0,de,1
Hessen +++ Verletzter bei Unfall mit U-Bahn,Hessen +++ Verletzter bei Unfall mit U-Bahn,ORG,-1.0,0.0,de,1
HVV-Preise,HVV-Preise,ORG,0.0,0.0,de,1
Hamburger Verkehrsverbund,Hamburger Verkehrsverbund,ORG,0.0,0.0,de,1
US-Energieunternehmen,US-Energieunternehmen,ORG,0.0,0.0,de,1
Anti-Frost-Mittel,Anti-Frost-Mittel,ORG,0.0,0.0,de,1
Kälte …,Kälte …,ORG,-0.7,0.0,de,1
Stabili…,Stabili…,ORG,0.0,0.0,de,1
Landeskriminala…,Landeskriminala…,ORG,0.0,0.0,de,1
Demokratischen Faschismus,Demokratischen Faschismus,ORG,0.7,0.0,de,1
Suhrkamp,Suhrkamp,ORG,0.7,0.0,de,1
Kiew +++ Trump,Kiew +++ Trump,ORG,0.0,0.0,de,1
Boulder Church,Boulder Church,ORG,-1.0,0.0,de,1
Ölbr…,Ölbr…,ORG,0.0,0.0,de,1
Schwäbischen Zeitung,Schwäbischen Zeitung,ORG,0.0,0.0,de,1
Russland +++ Schwere Explosionen in Kiew +++ Neun Tote,Russland +++ Schwere Explosionen in Kiew +++ Neun Tote,ORG,0.0,0.0,de,1
Irans Wirtschaft,Irans Wirtschaft,ORG,0.0,0.0,de,1
AKW-Kühltürmen,AKW-Kühltürmen,ORG,-1.0,0.0,de,1
AKW Gundremmingen,AKW Gundremmingen,ORG,0.0,0.0,de,1
Kiew +++ Gesandte,Kiew +++ Gesandte,ORG,0.0,0.0,de,1
Landgeri…,Landgeri…,ORG,0.0,0.0,de,1
Netzentgelt für Gaskunden,Netzentgelt für Gaskunden,ORG,0.0,0.0,de,1
Energieministerium,Energieministerium,ORG,0.0,0.0,de,1
DB Cargo-Chefin Sigrid Nikutta,DB Cargo-Chefin Sigrid Nikutta,ORG,0.0,0.0,de,1
DP…,DP…,ORG,0.0,0.0,de,1
Privatbanken,Privatbanken,ORG,0.0,0.0,de,1
Ölkonzerne Rosneft,Ölkonzerne Rosneft,ORG,0.0,0.0,de,1
Stadtwerkeverbands VKU,Stadtwerkeverbands VKU,ORG,0.5,0.0,de,1
Techem Atlas für Energie,Techem Atlas für Energie,ORG,0.0,0.0,de,1
Präsidialamts,Präsidialamts,ORG,0.0,0.0,de,1
HTGF,HTGF,ORG,0.7,0.0,de,1
Vodafone Group,Vodafone Group,ORG,0.0,0.0,de,1
Londoner Börse,Londoner Börse,ORG,0.7,0.0,de,1
Fortschritte der europäischen Verbündeten,Fortschritte der europäischen Verbündeten,ORG,0.0,0.0,de,1
Frankfurt +++ Liveblog,Frankfurt +++ Liveblog,ORG,-1.0,0.0,de,1
EU-Gipfeltreffens,EU-Gipfeltreffens,ORG,0.85,0.0,de,1
EU-Funktionär,EU-Funktionär,ORG,0.0,0.0,de,1
Mitgl…,Mitgl…,ORG,0.0,0.0,de,1
Ostseegrund,Ostseegrund,ORG,0.0,0.0,de,1
MS Estonia,MS Estonia,ORG,0.0,0.0,de,1
US-Kräfte,US-Kräfte,ORG,0.0,0.0,de,1
Mileis Argentinien,Mileis Argentinien,ORG,0.0,0.0,de,1
EU verzwergt,EU verzwergt,ORG,-1.0,0.0,de,1
Charkows Bü…,Charkows Bü…,ORG,0.0,0.0,de,1
Umweltkriminalität,Umweltkriminalität,ORG,0.0,0.0,de,1
Israel…,Israel…,ORG,-0.15000000000000002,0.0,de,1
Stat…,Stat…,ORG,0.0,0.0,de,1
DB-Vorstand,DB-Vorstand,ORG,0.0,0.0,de,1
Deutschen lieben das Tagesgeld,Deutschen lieben das Tagesgeld,ORG,0.10000000000000002,0.0,de,1
Verteidigungsfonds,Verteidigungsfonds,ORG,0.0,0.0,de,1
Prokrowsk +++,Prokrowsk +++,ORG,0.0,0.0,de,1
Atomwaffentests +++ Nordeuropäer,Atomwaffentests +++ Nordeuropäer,ORG,-0.9,0.0,de,1
Korr…,Korr…,ORG,0.0,0.0,de,1
DWP Bank,DWP Bank,ORG,0.0,0.0,de,1
Finanz-Start-up Upvest,Finanz-Start-up Upvest,ORG,0.0,0.0,de,1
Medwedew,Medwedew,ORG,0.0,0.0,de,1
November Freiwilligendienst,November Freiwilligendienst,ORG,-0.85,0.0,de,1
Nationalitä…,Nationalitä…,ORG,0.0,0.0,de,1
Demeter-Farm Chacra Ddago,Demeter-Farm Chacra Ddago,ORG,0.0,0.0,de,1
Kos…,Kos…,ORG,0.0,0.0,de,1
Wolodymyr Kudr…,Wolodymyr Kudr…,ORG,0.0,0.0,de,1
Infratest dimap,Infratest dimap,ORG,0.5,0.0,de,1
Waffenruhe-Vorschlag,Waffenruhe-Vorschlag,ORG,0.0,0.0,de,1
Reisesektors,Reisesektors,ORG,0.0,0.0,de,1
Imago/Getty Images,Imago/Getty Images,ORG,0.0,0.0,de,1
Abschlusstra…,Abschlusstra…,ORG,0.7,0.0,de,1
Bahnchefin,Bahnchefin,ORG,-0.7,0.0,de,1
Techni…,Techni…,ORG,-0.7,0.0,de,1
Russland-Öl,Russland-Öl,ORG,0.0,0.0,de,1
gezeig…,gezeig…,ORG,0.0,0.0,de,1
H&amp;F,H&amp;F,ORG,0.7,0.0,de,1
Migration und Bildung +++ Kleine,Migration und Bildung +++ Kleine,ORG,0.5,0.0,de,1
WM-Führung,WM-Führung,ORG,0.7,0.0,de,1
Atomwaffentests +++,Atomwaffentests +++,ORG,0.7,0.0,de,1
Regulierungsbehörde E-Control,Regulierungsbehörde E-Control,ORG,0.0,0.0,de,1
DB-Aufsichtsrat,DB-Aufsichtsrat,ORG,0.0,0.0,de,1
Operat…,Operat…,ORG,1.0,0.0,de,1
Statistis…,Statistis…,ORG,0.0,0.0,de,1
Adobe,Adobe,ORG,0.0,0.0,de,1
Bildbearbeitungsprogramm Affinity Photo,Bildbearbeitungsprogramm Affinity Photo,ORG,0.0,0.0,de,1
Layout-Programm Affinity Publisher,Layout-Programm Affinity Publisher,ORG,0.0,0.0,de,1
Affinity,Affinity,ORG,0.0,0.0,de,1
Preisentwicklung,Preisentwicklung,ORG,0.0,0.0,de,1
INF…,INF…,ORG,0.0,0.0,de,1
Nexperia,Nexperia,ORG,0.0,0.0,de,1
sudanesische…,sudanesische…,ORG,-1.0,0.0,de,1
Döner-Bistro …,Döner-Bistro …,ORG,0.0,0.0,de,1
Drohnen +++,Drohnen +++,ORG,0.0,0.0,de,1
Öltanker +++,Öltanker +++,ORG,0.0,0.0,de,1
WKO,WKO,ORG,1.0,0.0,de,1
Grenzfluss +++,Grenzfluss +++,ORG,0.0,0.0,de,1
"ARD-""Monitor","ARD-""Monitor",ORG,0.0,0.0,de,1
ÖRR Argentiniens,ÖRR Argentiniens,ORG,0.0,0.0,de,1
Landesfläche fü…,Landesfläche fü…,ORG,0.0,0.0,de,1
Veolia Towers Hamburg,Veolia Towers Hamburg,ORG,0.0,0.0,de,1
Regierungen,Regierungen,ORG,0.0,0.0,de,1
Gebi…,Gebi…,ORG,0.0,0.0,de,1
Deutschlands Atommüll,Deutschlands Atommüll,ORG,0.0,0.0,de,1
Ladesäule,Ladesäule,ORG,0.0,0.0,de,1
Cloud Computing,Cloud Computing,ORG,0.7,0.0,de,1
Süßem,Süßem,ORG,0.0,0.0,de,1
Fussball-EM der Frauen…,Fussball-EM der Frauen…,ORG,0.0,0.0,de,1
Herausforderung für Obstbauern,Herausforderung für Obstbauern,ORG,0.0,0.0,de,1
TSG-Coach,TSG-Coach,ORG,0.5,0.0,de,1
HSV-Profi,HSV-Profi,ORG,0.0,0.0,de,1
Netzbetreiber Amprion,Netzbetreiber Amprion,ORG,0.0,0.0,de,1
DDR-Kampfjets,DDR-Kampfjets,ORG,0.0,0.0,de,1
Insid…,Insid…,ORG,0.0,0.0,de,1
DDR-Beständen,DDR-Beständen,ORG,0.0,0.0,de,1
Bund für unseren Plan“ - Exklusive Mails,Bund für unseren Plan“ - Exklusive Mails,ORG,0.0,0.0,de,1
Krisengebiete +++,Krisengebiete +++,ORG,0.0,0.0,de,1
Schwedische Polizei,Schwedische Polizei,ORG,-0.7,0.0,de,1
Cons…,Cons…,ORG,0.0,0.0,de,1
Militär-Verwendung,Militär-Verwendung,ORG,0.0,0.0,de,1
Stuttgarter Zeitung,Stuttgarter Zeitung,ORG,0.0,0.0,de,1
Deutschlands Energiezukunft,Deutschlands Energiezukunft,ORG,0.0,0.0,de,1
Manövers …,Manövers …,ORG,0.0,0.0,de,1
Geldhäu…,Geldhäu…,ORG,0.0,0.0,de,1
Universität Michigan,Universität Michigan,ORG,0.0,0.0,de,1
US-Großbanken,US-Großbanken,ORG,0.0,0.0,de,1
n-tv NACHRICHTEN,n-tv NACHRICHTEN,ORG,-1.0,0.0,de,1
Absat…,Absat…,ORG,0.0,0.0,de,1
Slowjansk ++,Slowjansk ++,ORG,0.0,0.0,de,1
US-Eliteun…,US-Eliteun…,ORG,0.0,0.0,de,1
SlowjanskBei,SlowjanskBei,ORG,-0.15000000000000002,0.0,de,1
Russen,Russen,ORG,-1.0,0.0,de,1
Bayern-Stars Sadio Mané,Bayern-Stars Sadio Mané,ORG,-0.85,0.0,de,1
Artensterben,Artensterben,ORG,0.0,0.0,de,1
Russland Gebietsgewinne,Russland Gebietsgewinne,ORG,0.0,0.0,de,1
Klima-Thema,Klima-Thema,ORG,-1.0,0.0,de,1
vereinten Deutschland,vereinten Deutschland,ORG,0.0,0.0,de,1
Carabinieri,Carabinieri,ORG,0.0,0.0,de,1
Verfüg…,Verfüg…,ORG,0.0,0.0,de,1
faschisten,faschisten,ORG,0.0,0.0,de,1
internationale Gemeinschaft …,internationale Gemeinschaft …,ORG,0.0,0.0,de,1
HANDOUT/via REUTERS,HANDOUT/via REUTERS,ORG,0.0,0.0,de,1
Pekings Streitkräfte,Pekings Streitkräfte,ORG,0.0,0.0,de,1
Russen-Armee,Russen-Armee,ORG,0.0,0.0,de,1
Selenskyj zuv…,Selenskyj zuv…,ORG,0.0,0.0,de,1
Modellr…,Modellr…,ORG,0.0,0.0,de,1
eigent…,eigent…,ORG,0.0,0.0,de,1
Bündnispartnern CDU/CSU,Bündnispartnern CDU/CSU,ORG,0.7,0.0,de,1
EU-Beitri…,EU-Beitri…,ORG,-0.06000000000000001,0.0,de,1
SPIEGEL We use cookies and data to<ul><li,SPIEGEL We use cookies and data to<ul><li,ORG,0.0,0.0,de,1
Putzmittel-Firma Everdrop,Putzmittel-Firma Everdrop,ORG,0.0,0.0,de,1
Wasserstoff-Start-up,Wasserstoff-Start-up,ORG,0.0,0.0,de,1
Boni,Boni,ORG,-0.7,0.0,de,1
Credit Suisse +++ Der News-Blog,Credit Suisse +++ Der News-Blog,ORG,-0.7,0.0,de,1
MagentaZuhause,MagentaZuhause,ORG,0.7,0.0,de,1
World Economic Outlook,World Economic Outlook,ORG,0.0,0.0,de,1
BerlinDie,BerlinDie,ORG,0.7,0.0,de,1
Risikokapitalgebern…,Risikokapitalgebern…,ORG,-0.7,0.0,de,1
Ratsmitg…,Ratsmitg…,ORG,0.0,0.0,de,1
bayerischen Atomspezlwirtschaft,bayerischen Atomspezlwirtschaft,ORG,0.2333333333333333,0.0,de,1
Liberalen i…,Liberalen i…,ORG,0.7,0.0,de,1
DNA-Abgleich,DNA-Abgleich,ORG,-0.7,0.0,de,1
Botsc…,Botsc…,ORG,0.0,0.0,de,1
Hauptstadt4,Hauptstadt4,ORG,0.0,0.0,de,1
zahlen5,zahlen5,ORG,0.0,0.0,de,1
Landta…,Landta…,ORG,0.0,0.0,de,1
PC-Markt,PC-Markt,ORG,0.0,0.0,de,1
Nachvollzieh…,Nachvollzieh…,ORG,0.0,0.0,de,1
"dpa-Videokanal"",""mainTheme"":""Video"",""durationInSeconds"":""00:45"",""tags"":[""Video""],""autoListing"":true,""seoData"":{""seoTitle"":"""",""seoDescription…","dpa-Videokanal"",""mainTheme"":""Video"",""durationInSeconds"":""00:45"",""tags"":[""Video""],""autoListing"":true,""seoData"":{""seoTitle"":"""",""seoDescription…",ORG,0.7,0.0,de,1
deutsche Erdgas- und Erdölindustrie h…,deutsche Erdgas- und Erdölindustrie h…,ORG,0.0,0.0,de,1
Anf,Anf,ORG,0.0,0.0,de,1
Ermi…,Ermi…,ORG,0.0,0.0,de,1
Kasachstan +,Kasachstan +,ORG,0.0,0.0,de,1
Chips,Chips,ORG,0.0,0.0,de,1
Hackerangriffen +++ Russische Schiffe,Hackerangriffen +++ Russische Schiffe,ORG,-1.0,0.0,de,1
Hintergrü…,Hintergrü…,ORG,0.0,0.0,de,1
HABECK,HABECK,ORG,0.0,0.0,de,1
Mähroboter BLADE,Mähroboter BLADE,ORG,0.0,0.0,de,1
Mini-Kühlschrank GLACIER & Klimagerät,Mini-Kühlschrank GLACIER & Klimagerät,ORG,0.0,0.0,de,1
Verband der Gasspeicher,Verband der Gasspeicher,ORG,0.0,0.0,de,1
Branchenverband Initiat…,Branchenverband Initiat…,ORG,-0.7,0.0,de,1
Frontbesuch +++ Ukrainische Frontkämpfer,Frontbesuch +++ Ukrainische Frontkämpfer,ORG,0.0,0.0,de,1
extra +++ USA,extra +++ USA,ORG,0.0,0.0,de,1
Focus …,Focus …,ORG,0.0,0.0,de,1
Waffensyst…,Waffensyst…,ORG,0.0,0.0,de,1
Söders Atomkraft-Pläne,Söders Atomkraft-Pläne,ORG,0.7,0.0,de,1
US-Geheimd…,US-Geheimd…,ORG,1.0,0.0,de,1
Ex-„Let's Dance“-Star,Ex-„Let's Dance“-Star,ORG,0.0,0.0,de,1
"Fitnessstudio
","Fitnessstudio
",ORG,0.0,0.0,de,1
Klarnas Girokonto,Klarnas Girokonto,ORG,0.0,0.0,de,1
Ermittlungsstand…,Ermittlungsstand…,ORG,0.0,0.0,de,1
"ZPS
","ZPS
",ORG,0.0,0.0,de,1
ZPS,ZPS,ORG,0.0,0.0,de,1
Moskauer Polizei +++,Moskauer Polizei +++,ORG,0.5,0.0,de,1
Ukraine +++ Kreml-Chef,Ukraine +++ Kreml-Chef,ORG,0.0,0.0,de,1
Greenp…,Greenp…,ORG,-1.0,0.0,de,1
deutsche Erdgas- und Erdölindustrie,deutsche Erdgas- und Erdölindustrie,ORG,0.7,0.0,de,1
Sicherheitsgarantien +++,Sicherheitsgarantien +++,ORG,-0.15000000000000002,0.0,de,1
"Reuters-Videokanal"",""mainTheme"":""Video"",""durationInSeconds"":""01:30"",""tags"":[""Video""],""autoListing"":true,""seoData"":{""seoTitle"":"""",""seoDescrip…","Reuters-Videokanal"",""mainTheme"":""Video"",""durationInSeconds"":""01:30"",""tags"":[""Video""],""autoListing"":true,""seoData"":{""seoTitle"":"""",""seoDescrip…",ORG,0.7,0.0,de,1
FDP-Zentrale,FDP-Zentrale,ORG,0.0,0.0,de,1
Pentagon-Leaks,Pentagon-Leaks,ORG,-0.7,0.0,de,1
Newsblog + |,Newsblog + |,ORG,0.0,0.0,de,1
Kurzbi…,Kurzbi…,ORG,0.15000000000000002,0.0,de,1
Sicherheitsgarantien +++ Millionen Menschen,Sicherheitsgarantien +++ Millionen Menschen,ORG,-0.43333333333333335,0.0,de,1
Söders AKW-Alleingang,Söders AKW-Alleingang,ORG,0.0,0.0,de,1
Syrische Beobachtungsstelle für Menschenrechte am,Syrische Beobachtungsstelle für Menschenrechte am,ORG,0.0,0.0,de,1
Tagesspiege…,Tagesspiege…,ORG,0.0,0.0,de,1
Opfe…,Opfe…,ORG,0.0,0.0,de,1
Olexij ResnikowDie,Olexij ResnikowDie,ORG,0.0,0.0,de,1
Fake Profile,Fake Profile,ORG,0.0,0.0,de,1
Polestar,Polestar,ORG,0.0,0.0,de,1
Fake-Accounts,Fake-Accounts,ORG,0.85,0.0,de,1
Bankenbranche  +++ Der News-Blog,Bankenbranche  +++ Der News-Blog,ORG,0.0,0.0,de,1
Ungarns Importstopp,Ungarns Importstopp,ORG,0.0,0.0,de,1
Verluste +++,Verluste +++,ORG,0.0,0.0,de,1
Verleihers,Verleihers,ORG,0.0,0.0,de,1
deutschen Orden,deutschen Orden,ORG,0.0,0.0,de,1
EU-Öko-Siegel,EU-Öko-Siegel,ORG,-1.0,0.0,de,1
Withings Body Smart,Withings Body Smart,ORG,0.7,0.0,de,1
Greenpeace Deutschland,Greenpeace Deutschland,ORG,1.0,0.0,de,1
KellerGasheizung,KellerGasheizung,ORG,0.0,0.0,de,1
SUV-Coupé,SUV-Coupé,ORG,0.0,0.0,de,1
Bündnisgrünen und Vorsitzen…,Bündnisgrünen und Vorsitzen…,ORG,0.0,0.0,de,1
Bündnisgrünen,Bündnisgrünen,ORG,0.0,0.0,de,1
Grünen“,Grünen“,ORG,0.0,0.0,de,1
IS-Mitglieds,IS-Mitglieds,ORG,0.0,0.0,de,1
Preisauf…,Preisauf…,ORG,0.0,0.0,de,1
Belarus-Ankündigung +++ Generalstaatsanwalt,Belarus-Ankündigung +++ Generalstaatsanwalt,ORG,-0.35,0.0,de,1
Gegenoffensive +++ Polen,Gegenoffensive +++ Polen,ORG,-0.7,0.0,de,1
Neutralis…,Neutralis…,ORG,0.0,0.0,de,1
Metallgesellschaft,Metallgesellschaft,ORG,0.0,0.0,de,1
beheiz…,beheiz…,ORG,0.0,0.0,de,1
Formel-1-Grand-Prix,Formel-1-Grand-Prix,ORG,0.7,0.0,de,1
Einbau wasserstofffähiger Gasheizungen,Einbau wasserstofffähiger Gasheizungen,ORG,0.0,0.0,de,1
Netzbe…,Netzbe…,ORG,0.0,0.0,de,1
russische Atompläne,russische Atompläne,ORG,0.0,0.0,de,1
Putins Atompläne,Putins Atompläne,ORG,0.7,0.0,de,1
Unabhä…,Unabhä…,ORG,0.0,0.0,de,1
particularly fond o,particularly fond o,ORG,0.0,0.0,de,1
FSV Mainz 05 un…,FSV Mainz 05 un…,ORG,0.0,0.0,de,1
Bundesliga-Spieltag,Bundesliga-Spieltag,ORG,0.15000000000000002,0.0,de,1
Gesellschaft zu b…,Gesellschaft zu b…,ORG,0.0,0.0,de,1
niederländischen Gesellschaft,niederländischen Gesellschaft,ORG,0.0,0.0,de,1
ukrainisch-orthodoxen Kirche,ukrainisch-orthodoxen Kirche,ORG,0.0,0.0,de,1
Safety Car,Safety Car,ORG,1.0,0.0,de,1
Nationalen Sicherheitsrats der Ukraine,Nationalen Sicherheitsrats der Ukraine,ORG,0.0,0.0,de,1
Neues Rheinmetall-Wartungszentrum,Neues Rheinmetall-Wartungszentrum,ORG,0.0,0.0,de,1
The Presidential Office of Ukraine,The Presidential Office of Ukraine,ORG,0.0,0.0,de,1
Paypal Ventures,Paypal Ventures,ORG,0.0,0.0,de,1
RheinmetallEin,RheinmetallEin,ORG,0.0,0.0,de,1
Rheinmetall-Werk Unterlüß,Rheinmetall-Werk Unterlüß,ORG,0.0,0.0,de,1
NDR-Landesfunkhäuser,NDR-Landesfunkhäuser,ORG,0.0,0.0,de,1
Ukraine +++ Weißes Haus,Ukraine +++ Weißes Haus,ORG,-0.7,0.0,de,1
Rolle Klimaschutz,Rolle Klimaschutz,ORG,0.0,0.0,de,1
Schweizer …,Schweizer …,ORG,-1.0,0.0,de,1
ZEW Leibniz-Zentrum für Europäische Wirtschaftsforschun…,ZEW Leibniz-Zentrum für Europäische Wirtschaftsforschun…,ORG,0.0,0.0,de,1
WG-Zimmer,WG-Zimmer,ORG,0.0,0.0,de,1
VfL Potsdam,VfL Potsdam,ORG,0.0,0.0,de,1
Ampel-Klimapaket,Ampel-Klimapaket,ORG,0.0,0.0,de,1
Klim…,Klim…,ORG,0.0,0.0,de,1
Reno Schuhcentrum GmbH,Reno Schuhcentrum GmbH,ORG,0.0,0.0,de,1
herv…,herv…,ORG,0.0,0.0,de,1
Aktionsprogramm Natürlicher Klimaschutz,Aktionsprogramm Natürlicher Klimaschutz,ORG,0.0,0.0,de,1
App Air Alert,App Air Alert,ORG,0.15000000000000002,0.0,de,1
Uli Hauck.</em>,Uli Hauck.</em>,ORG,-1.0,0.0,de,1
läs…,läs…,ORG,1.0,0.0,de,1
Bund un,Bund un,ORG,0.0,0.0,de,1
"Darts-""Frettchen","Darts-""Frettchen",ORG,0.0,0.0,de,1
Sideloading-Angriff,Sideloading-Angriff,ORG,0.0,0.0,de,1
Emsland Brennstäbe für russisch…,Emsland Brennstäbe für russisch…,ORG,0.0,0.0,de,1
Formel 1 Siege,Formel 1 Siege,ORG,0.0,0.0,de,1
Erwartun…,Erwartun…,ORG,0.0,0.0,de,1
Zentrum des Geschehens,Zentrum des Geschehens,ORG,0.0,0.0,de,1
"dpa-Videokanal"",""mainTheme"":""Video"",""durationInSeconds"":""00:58"",""tags"":[""Video""],""autoListing"":true,""seoData"":{""seoTitle"":"""",""seoDescription","dpa-Videokanal"",""mainTheme"":""Video"",""durationInSeconds"":""00:58"",""tags"":[""Video""],""autoListing"":true,""seoData"":{""seoTitle"":"""",""seoDescription",ORG,0.7,0.0,de,1
Reporter,Reporter,ORG,-1.0,0.0,de,1
Russlands …,Russlands …,ORG,0.0,0.0,de,1
Inf…,Inf…,ORG,0.0,0.0,de,1
Premiere League,Premiere League,ORG,0.0,0.0,de,1
Liberalen …,Liberalen …,ORG,0.7,0.0,de,1
+++ Nawalnyj-Team,+++ Nawalnyj-Team,ORG,0.0,0.0,de,1
ROG Ally,ROG Ally,ORG,0.0,0.0,de,1
Scholz-SPD,Scholz-SPD,ORG,0.0,0.0,de,1
DDoS Threat Intelligence Reports,DDoS Threat Intelligence Reports,ORG,0.0,0.0,de,1
Potsdamer Polizei,Potsdamer Polizei,ORG,0.0,0.0,de,1
Geheime US-,Geheime US-,ORG,0.0,0.0,de,1
"Ukraine
Geheimdokumente","Ukraine
Geheimdokumente",ORG,0.0,0.0,de,1
Schweden …,Schweden …,ORG,0.0,0.0,de,1
Die CS,Die CS,ORG,0.7,0.0,de,1
FDP i…,FDP i…,ORG,0.0,0.0,de,1
Deutschland +++ US-Außenminister,Deutschland +++ US-Außenminister,ORG,0.0,0.0,de,1
bo…,bo…,ORG,0.0,0.0,de,1
AMINZER,AMINZER,ORG,0.0,0.0,de,1
US-Einzelhandelskonzern,US-Einzelhandelskonzern,ORG,0.0,0.0,de,1
al-Aqsa-Moschee,al-Aqsa-Moschee,ORG,0.0,0.0,de,1
zdf.de,zdf.de,ORG,0.0,0.0,de,1
Madeleine/IMAGO/ZUMA Wire,Madeleine/IMAGO/ZUMA Wire,ORG,0.0,0.0,de,1
Beliebtheitswer…,Beliebtheitswer…,ORG,0.0,0.0,de,1
Achtung!,Achtung!,ORG,0.0,0.0,de,1
Techem CEO,Techem CEO,ORG,-1.0,0.0,de,1
LindtAnalysten,LindtAnalysten,ORG,0.7,0.0,de,1
Lindt &amp,Lindt &amp,ORG,0.7,0.0,de,1
Umfrage Energie,Umfrage Energie,ORG,0.0,0.0,de,1
Schottische Regierung,Schottische Regierung,ORG,0.0,0.0,de,1
Aufr…,Aufr…,ORG,0.0,0.0,de,1
Wärmepum…,Wärmepum…,ORG,0.0,0.0,de,1
Militärblogger  +++ Ukrainischer Energieversorger,Militärblogger  +++ Ukrainischer Energieversorger,ORG,0.0,0.0,de,1
Aachener Karlspreises,Aachener Karlspreises,ORG,0.0,0.0,de,1
Moskaus Konfrontationskurs,Moskaus Konfrontationskurs,ORG,0.0,0.0,de,1
ARD-DeutschlandTrend,ARD-DeutschlandTrend,ORG,0.0,0.0,de,1
Azubis,Azubis,ORG,0.0,0.0,de,1
Deutschlands Pflege-Krise,Deutschlands Pflege-Krise,ORG,0.0,0.0,de,1
Klima-Kurs  ,Klima-Kurs  ,ORG,-1.0,0.0,de,1
Zielorganisat…,Zielorganisat…,ORG,0.0,0.0,de,1
Gegenmaßn…,Gegenmaßn…,ORG,0.0,0.0,de,1
Start-ups loben Pläne,Start-ups loben Pläne,ORG,1.0,0.0,de,1
Pxhere,Pxhere,ORG,0.0,0.0,de,1
Börse am… We use cookies and data to<ul><li>Deliver and maintain Google services</li><li,Börse am… We use cookies and data to<ul><li>Deliver and maintain Google services</li><li,ORG,0.7,0.0,de,1
RIA Nowosti un…,RIA Nowosti un…,ORG,0.0,0.0,de,1
Summit One Vanderbilt Observation,Summit One Vanderbilt Observation,ORG,0.0,0.0,de,1
UN-Umweltprogramm Unep,UN-Umweltprogramm Unep,ORG,0.7,0.0,de,1
Zurich-Gruppe,Zurich-Gruppe,ORG,0.0,0.0,de,1
SPIEGELMehr,SPIEGELMehr,ORG,0.0,0.0,de,1
Klima-Kurs,Klima-Kurs,ORG,-1.0,0.0,de,1
PAP e…,PAP e…,ORG,-0.7,0.0,de,1
Streitkräfte Wladimir Putin,Streitkräfte Wladimir Putin,ORG,0.0,0.0,de,1
Lukaschenko +++,Lukaschenko +++,ORG,0.0,0.0,de,1
Akt…,Akt…,ORG,0.0,0.0,de,1
Griechenland +++,Griechenland +++,ORG,0.7,0.0,de,1
Eklat +++,Eklat +++,ORG,0.7,0.0,de,1
US-Technologiefirma,US-Technologiefirma,ORG,0.0,0.0,de,1
Scholz,Scholz,ORG,0.0,0.0,de,1
Sabotage ++,Sabotage ++,ORG,0.7,0.0,de,1
Ostdeutschen Abs…,Ostdeutschen Abs…,ORG,0.0,0.0,de,1
Putins Kurs,Putins Kurs,ORG,0.0,0.0,de,1
Nachmittag,Nachmittag,ORG,0.0,0.0,de,1
Rimb…,Rimb…,ORG,0.0,0.0,de,1
Moskauer Bolschoi-…,Moskauer Bolschoi-…,ORG,0.0,0.0,de,1
PV-Förderung,PV-Förderung,ORG,0.0,0.0,de,1
OeNB,OeNB,ORG,0.0,0.0,de,1
Schu…,Schu…,ORG,0.0,0.0,de,1
Refurbished,Refurbished,ORG,0.0,0.0,de,1
Grüne Energien global,Grüne Energien global,ORG,0.0,0.0,de,1
Herr Veit,Herr Veit,ORG,-0.7,0.0,de,1
Cherson +++ Ukrainischer,Cherson +++ Ukrainischer,ORG,0.0,0.0,de,1
Fracking,Fracking,ORG,0.0,0.0,de,1
CREDO,CREDO,ORG,-1.0,0.0,de,1
Russland3,Russland3,ORG,0.0,0.0,de,1
Mafia4,Mafia4,ORG,0.0,0.0,de,1
Schröder-Klage +++ Selenskyj,Schröder-Klage +++ Selenskyj,ORG,0.0,0.0,de,1
KorrespondentInnen,KorrespondentInnen,ORG,0.0,0.0,de,1
TASS Donnerstagfrüh,TASS Donnerstagfrüh,ORG,0.0,0.0,de,1
China br,China br,ORG,0.0,0.0,de,1
Gauweiler &amp,Gauweiler &amp,ORG,0.0,0.0,de,1
Öl-Sultan,Öl-Sultan,ORG,0.0,0.0,de,1
NRW-Straßen,NRW-Straßen,ORG,0.0,0.0,de,1
Französischer Minister,Französischer Minister,ORG,0.0,0.0,de,1
EU-Entwicklungsminister,EU-Entwicklungsminister,ORG,0.7,0.0,de,1
Lö…,Lö…,ORG,0.0,0.0,de,1
Kinder Mangelware,Kinder Mangelware,ORG,0.0,0.0,de,1
Medikamente ausgeg…,Medikamente ausgeg…,ORG,0.0,0.0,de,1
Zeit der Corona-Pandemie,Zeit der Corona-Pandemie,ORG,0.7,0.0,de,1
Jung-Prei…,Jung-Prei…,ORG,0.0,0.0,de,1
SuperFire LED Stirnlampe,SuperFire LED Stirnlampe,ORG,0.0,0.0,de,1
Selenskyj  ,Selenskyj  ,ORG,0.0,0.0,de,1
Sachsen-Anhalt +++ China,Sachsen-Anhalt +++ China,ORG,0.0,0.0,de,1
Finnland +++ Russland,Finnland +++ Russland,ORG,0.0,0.0,de,1
SPD-Innenexperten,SPD-Innenexperten,ORG,1.0,0.0,de,1
b isfgµ#iuuqt;00xxx/npshfoqptu/ef0qpmjujl0jomboe0bsujdmf3489:58940Lmjnbblujwjtujoof…,b isfgµ#iuuqt;00xxx/npshfoqptu/ef0qpmjujl0jomboe0bsujdmf3489:58940Lmjnbblujwjtujoof…,ORG,0.0,0.0,de,1
Freising,Freising,ORG,0.0,0.0,de,1
Anti-Heimat-Literatur,Anti-Heimat-Literatur,ORG,0.7,0.0,de,1
UN-Welternährungsprogramm,UN-Welternährungsprogramm,ORG,-0.7,0.0,de,1
Hamburger Lagezentrums,Hamburger Lagezentrums,ORG,0.0,0.0,de,1
kei…,kei…,ORG,-1.0,0.0,de,1
unü…,unü…,ORG,0.0,0.0,de,1
Googles Quartalszahlen,Googles Quartalszahlen,ORG,0.0,0.0,de,1
LNG-Bonanza,LNG-Bonanza,ORG,0.0,0.0,de,1
Deutschen Gesellschaft für Ernä…,Deutschen Gesellschaft für Ernä…,ORG,0.0,0.0,de,1
US-Finanzriese,US-Finanzriese,ORG,-0.7,0.0,de,1
J.P.,J.P.,ORG,0.0,0.0,de,1
Simon-Kucher &amp,Simon-Kucher &amp,ORG,0.0,0.0,de,1
Partners,Partners,ORG,0.0,0.0,de,1
Qantas,Qantas,ORG,0.0,0.0,de,1
Internationalen…,Internationalen…,ORG,0.0,0.0,de,1
NATO-Gipfel +++ Putin-treue Motorradfahrer,NATO-Gipfel +++ Putin-treue Motorradfahrer,ORG,-1.0,0.0,de,1
Internationalen Organisation für Migration,Internationalen Organisation für Migration,ORG,-0.35,0.0,de,1
Comeback!,Comeback!,ORG,0.0,0.0,de,1
Verbraucherzentrale Sachsen,Verbraucherzentrale Sachsen,ORG,0.0,0.0,de,1
SPD-Innenministerin Faeser für Asylverfahren,SPD-Innenministerin Faeser für Asylverfahren,ORG,0.7,0.0,de,1
Asylkompromiss,Asylkompromiss,ORG,0.7,0.0,de,1
Waffenruhen w…,Waffenruhen w…,ORG,0.0,0.0,de,1
Polen +++ Schojgu,Polen +++ Schojgu,ORG,0.35,0.0,de,1
Reporter ohne Grenzen jährli…,Reporter ohne Grenzen jährli…,ORG,0.0,0.0,de,1
Klimagruppen,Klimagruppen,ORG,0.0,0.0,de,1
Hellofresh,Hellofresh,ORG,1.0,0.0,de,1
Friedensgespräche,Friedensgespräche,ORG,0.0,0.0,de,1
Sachsen-Anhalt +++,Sachsen-Anhalt +++,ORG,-0.7,0.0,de,1
Russlands +++ Russland,Russlands +++ Russland,ORG,-0.7,0.0,de,1
Green Climate Fund,Green Climate Fund,ORG,1.0,0.0,de,1
DStGB,DStGB,ORG,-1.0,0.0,de,1
Western Digitals Onlineshop,Western Digitals Onlineshop,ORG,0.0,0.0,de,1
blockie…,blockie…,ORG,0.0,0.0,de,1
BLADE,BLADE,ORG,0.0,0.0,de,1
Sparer lohnt,Sparer lohnt,ORG,0.0,0.0,de,1
CommerzbankDeutschlands,CommerzbankDeutschlands,ORG,0.0,0.0,de,1
Zeremonie …,Zeremonie …,ORG,0.0,0.0,de,1
Kriegern +++ Russland,Kriegern +++ Russland,ORG,0.7,0.0,de,1
Saporischschja +++ Tote,Saporischschja +++ Tote,ORG,0.7,0.0,de,1
Kulmbacher Schachklub,Kulmbacher Schachklub,ORG,0.0,0.0,de,1
bekämpf…,bekämpf…,ORG,0.7,0.0,de,1
CO2-Ausst,CO2-Ausst,ORG,0.0,0.0,de,1
Wirtschaftsministerium beleg…,Wirtschaftsministerium beleg…,ORG,0.0,0.0,de,1
Preiserhöhungen,Preiserhöhungen,ORG,0.0,0.0,de,1
DFL  ,DFL  ,ORG,0.7,0.0,de,1
Rabattcoupon a…,Rabattcoupon a…,ORG,0.0,0.0,de,1
Lebe…,Lebe…,ORG,0.7,0.0,de,1
Minusrekord!,Minusrekord!,ORG,0.0,0.0,de,1
Handball-Meister SC Magdeburg,Handball-Meister SC Magdeburg,ORG,0.0,0.0,de,1
Liquimoly-Bundesliga,Liquimoly-Bundesliga,ORG,0.0,0.0,de,1
Anleger!,Anleger!,ORG,1.0,0.0,de,1
Putins Propaganda-Show,Putins Propaganda-Show,ORG,0.0,0.0,de,1
Solar-Ausbau,Solar-Ausbau,ORG,-1.0,0.0,de,1
Po­l,Po­l,ORG,0.0,0.0,de,1
Wassermangel +++,Wassermangel +++,ORG,-1.0,0.0,de,1
Artiller…,Artiller…,ORG,-0.7,0.0,de,1
Nationale Republikanische Armee,Nationale Republikanische Armee,ORG,0.0,0.0,de,1
+++ 21:24,+++ 21:24,ORG,0.0,0.0,de,1
Bayerische Sonderwege,Bayerische Sonderwege,ORG,0.0,0.0,de,1
GCF,GCF,ORG,1.0,0.0,de,1
InflationDie,InflationDie,ORG,0.85,0.0,de,1
Dok.fest München,Dok.fest München,ORG,0.0,0.0,de,1
Following Valeria,Following Valeria,ORG,0.0,0.0,de,1
Schusswaffenan…,Schusswaffenan…,ORG,0.0,0.0,de,1
Landesamt für Statistik…,Landesamt für Statistik…,ORG,-1.0,0.0,de,1
Branchenverband Zukunft,Branchenverband Zukunft,ORG,-0.7,0.0,de,1
Dienstleister Aboalarm,Dienstleister Aboalarm,ORG,0.0,0.0,de,1
Agrarmesse BraLa,Agrarmesse BraLa,ORG,0.0,0.0,de,1
Pause…,Pause…,ORG,0.0,0.0,de,1
Top-Juristen,Top-Juristen,ORG,0.0,0.0,de,1
Weltbankenverbands IIF,Weltbankenverbands IIF,ORG,0.0,0.0,de,1
Krankenhaus +++,Krankenhaus +++,ORG,0.0,0.0,de,1
Tschetschenen-Führer Kadyrow,Tschetschenen-Führer Kadyrow,ORG,0.0,0.0,de,1
Landesteilen +++ Schoigu,Landesteilen +++ Schoigu,ORG,0.0,0.0,de,1
Wiede…,Wiede…,ORG,1.0,0.0,de,1
Ukraine +++ Berlin,Ukraine +++ Berlin,ORG,0.0,0.0,de,1
Bundesverfassungsgeri…,Bundesverfassungsgeri…,ORG,0.0,0.0,de,1
The East African,The East African,ORG,-0.85,0.0,de,1
Spenden +++,Spenden +++,ORG,0.0,0.0,de,1
Sektlaune  ,Sektlaune  ,ORG,0.7,0.0,de,1
Ukraine-Hymne,Ukraine-Hymne,ORG,0.7,0.0,de,1
Protest  ,Protest  ,ORG,0.7,0.0,de,1
Hause +++,Hause +++,ORG,0.0,0.0,de,1
ukrainische Minister für strategische Industrie,ukrainische Minister für strategische Industrie,ORG,0.0,0.0,de,1
Brüchige Waffenruhe,Brüchige Waffenruhe,ORG,0.0,0.0,de,1
Klima-Str…,Klima-Str…,ORG,0.0,0.0,de,1
Samsung SDI,Samsung SDI,ORG,0.0,0.0,de,1
Thüringer Linke,Thüringer Linke,ORG,0.0,0.0,de,1
Ti…,Ti…,ORG,0.0,0.0,de,1
Provi…,Provi…,ORG,0.0,0.0,de,1
"Oberwalleney
","Oberwalleney
",ORG,-0.7,0.0,de,1
Verbrauchern,Verbrauchern,ORG,0.7,0.0,de,1
Weltwirtschaftskrisen na,Weltwirtschaftskrisen na,ORG,0.5,0.0,de,1
Munition +++,Munition +++,ORG,0.35,0.0,de,1
Abenteuer Landratsamt,Abenteuer Landratsamt,ORG,-1.0,0.0,de,1
Berlin od…,Berlin od…,ORG,0.5,0.0,de,1
Getreideabkommens ++,Getreideabkommens ++,ORG,-1.0,0.0,de,1
Verbot reiner,Verbot reiner,ORG,0.0,0.0,de,1
Verband Haus & Grund,Verband Haus & Grund,ORG,-0.7,0.0,de,1
Verband Haus &amp,Verband Haus &amp,ORG,-0.7,0.0,de,1
Bayern-Krise!,Bayern-Krise!,ORG,-1.0,0.0,de,1
Youtube-LogoIn Deutschland,Youtube-LogoIn Deutschland,ORG,0.7,0.0,de,1
Sportl…,Sportl…,ORG,0.0,0.0,de,1
OnePlus Pad,OnePlus Pad,ORG,0.0,0.0,de,1
Microsoft-Investor Tiger Global,Microsoft-Investor Tiger Global,ORG,0.0,0.0,de,1
Twitter-Geldgeber Union Square Ventures,Twitter-Geldgeber Union Square Ventures,ORG,0.0,0.0,de,1
Frankfurter CSD,Frankfurter CSD,ORG,0.0,0.0,de,1
Bernd Kammerer,Bernd Kammerer,ORG,0.0,0.0,de,1
Direktbank INGDeutschlands,Direktbank INGDeutschlands,ORG,0.7,0.0,de,1
US-Autohersteller,US-Autohersteller,ORG,0.0,0.0,de,1
General Motors,General Motors,ORG,0.0,0.0,de,1
SDI,SDI,ORG,0.0,0.0,de,1
Verlän…,Verlän…,ORG,0.0,0.0,de,1
Getreideabkommens +++ Selenskyj,Getreideabkommens +++ Selenskyj,ORG,0.0,0.0,de,1
Neueinbau von Öl-,Neueinbau von Öl-,ORG,0.7,0.0,de,1
Wildtier-Angriff,Wildtier-Angriff,ORG,-0.15000000000000002,0.0,de,1
Media Publishing,Media Publishing,ORG,0.0,0.0,de,1
Katholischen Sonntagsblatt,Katholischen Sonntagsblatt,ORG,0.0,0.0,de,1
Tempoli…,Tempoli…,ORG,0.0,0.0,de,1
Deutscher Bank zu Gewinnsprung,Deutscher Bank zu Gewinnsprung,ORG,0.7,0.0,de,1
Gesellschaft an Essen,Gesellschaft an Essen,ORG,0.7,0.0,de,1
+++ Russisches Flugzeug,+++ Russisches Flugzeug,ORG,0.85,0.0,de,1
"Leopard-2-Reparaturzentrum
Ukraine-Liveblog","Leopard-2-Reparaturzentrum
Ukraine-Liveblog",ORG,0.85,0.0,de,1
"Leopard-2-Reparaturzentrum
","Leopard-2-Reparaturzentrum
",ORG,0.85,0.0,de,1
Russland Linke,Russland Linke,ORG,-0.7,0.0,de,1
Imperialismus-…,Imperialismus-…,ORG,0.7,0.0,de,1
ATP-Turnier,ATP-Turnier,ORG,0.0,0.0,de,1
FC St. Pauli ge,FC St. Pauli ge,ORG,0.0,0.0,de,1
Defence Intelligence,Defence Intelligence,ORG,0.0,0.0,de,1
veröffentli…,veröffentli…,ORG,0.0,0.0,de,1
Kenia +++,Kenia +++,ORG,0.0,0.0,de,1
Welternährungsprogramm der Vereinten Nationen,Welternährungsprogramm der Vereinten Nationen,ORG,0.0,0.0,de,1
Balletttänzer +++,Balletttänzer +++,ORG,0.0,0.0,de,1
Munitionsproblem der Bundeswehr,Munitionsproblem der Bundeswehr,ORG,0.0,0.0,de,1
Bundesverteidigungsmi…,Bundesverteidigungsmi…,ORG,0.0,0.0,de,1
Energie- und Verkehrswende,Energie- und Verkehrswende,ORG,0.7,0.0,de,1
Gegenoffensive  ,Gegenoffensive  ,ORG,0.0,0.0,de,1
Einhei…,Einhei…,ORG,1.0,0.0,de,1
WELT …,WELT …,ORG,-0.15000000000000002,0.0,de,1
Ukraine-Berichte,Ukraine-Berichte,ORG,0.0,0.0,de,1
Chevrolet BoltGeneral Motors,Chevrolet BoltGeneral Motors,ORG,0.0,0.0,de,1
AfD-Chefs,AfD-Chefs,ORG,0.0,0.0,de,1
Klima-Straftätern,Klima-Straftätern,ORG,0.0,0.0,de,1
KaufDa,KaufDa,ORG,0.0,0.0,de,1
Zaube…,Zaube…,ORG,0.0,0.0,de,1
sudan…,sudan…,ORG,0.0,0.0,de,1
Staatskonzerns …,Staatskonzerns …,ORG,0.0,0.0,de,1
Bauarbeite…,Bauarbeite…,ORG,0.0,0.0,de,1
Polizei sto…,Polizei sto…,ORG,0.0,0.0,de,1
Täter +++ USA,Täter +++ USA,ORG,-1.0,0.0,de,1
reichlic…,reichlic…,ORG,1.0,0.0,de,1
Credit Suissescheint,Credit Suissescheint,ORG,0.15000000000000002,0.0,de,1
WiWo,WiWo,ORG,0.0,0.0,de,1
Bayer-Boni,Bayer-Boni,ORG,0.0,0.0,de,1
Schulden-Streit,Schulden-Streit,ORG,0.0,0.0,de,1
HV,HV,ORG,0.0,0.0,de,1
Statistisches Bundesamt - Inflation,Statistisches Bundesamt - Inflation,ORG,0.0,0.0,de,1
Motorola,Motorola,ORG,0.0,0.0,de,1
Grünen-Lobby,Grünen-Lobby,ORG,0.0,0.0,de,1
ZDF-Finanzplanung,ZDF-Finanzplanung,ORG,0.0,0.0,de,1
EU-Mitgliedsländer,EU-Mitgliedsländer,ORG,0.0,0.0,de,1
Uman +++ Kiew,Uman +++ Kiew,ORG,0.0,0.0,de,1
Vorbereitungen für Offensive vor Abschluss +++ Fliegeralarm,Vorbereitungen für Offensive vor Abschluss +++ Fliegeralarm,ORG,0.0,0.0,de,1
Luftschutzkeller +++ Gouverneur,Luftschutzkeller +++ Gouverneur,ORG,0.35,0.0,de,1
Brand +++ Ukrainische Verteidigungsminister,Brand +++ Ukrainische Verteidigungsminister,ORG,0.35,0.0,de,1
Luftschutzkeller +++ Ukrainische Verteidigungsminister,Luftschutzkeller +++ Ukrainische Verteidigungsminister,ORG,0.5666666666666667,0.0,de,1
bes… Atomausstieg,bes… Atomausstieg,ORG,1.0,0.0,de,1
FOCUS online Earth - Österreich,FOCUS online Earth - Österreich,ORG,0.0,0.0,de,1
Luftschutzkeller +++,Luftschutzkeller +++,ORG,0.5,0.0,de,1
IMAGO/CTK Photo Atom,IMAGO/CTK Photo Atom,ORG,0.0,0.0,de,1
Mafia-Boss,Mafia-Boss,ORG,0.0,0.0,de,1
Pasquale Bonavota,Pasquale Bonavota,ORG,0.0,0.0,de,1
Geheimdienstpersonal +++,Geheimdienstpersonal +++,ORG,-1.0,0.0,de,1
EU-Hilfszahlung,EU-Hilfszahlung,ORG,0.0,0.0,de,1
Chinas Vermittlerrolle +++ UN,Chinas Vermittlerrolle +++ UN,ORG,0.0,0.0,de,1
deutschen Energieversorgers,deutschen Energieversorgers,ORG,0.0,0.0,de,1
EU-Politik,EU-Politik,ORG,0.0,0.0,de,1
Uniper +++ Bundeswehr,Uniper +++ Bundeswehr,ORG,0.0,0.0,de,1
Bayerns Grüne,Bayerns Grüne,ORG,0.0,0.0,de,1
Antytila,Antytila,ORG,0.0,0.0,de,1
Tatort +++,Tatort +++,ORG,0.0,0.0,de,1
Abweh…,Abweh…,ORG,0.0,0.0,de,1
Montery Institute of International Studies,Montery Institute of International Studies,ORG,0.0,0.0,de,1
Brigade +++,Brigade +++,ORG,0.7,0.0,de,1
Mykolajiw +++ Ukrainischer Reporter für italienische,Mykolajiw +++ Ukrainischer Reporter für italienische,ORG,0.0,0.0,de,1
nordit…,nordit…,ORG,0.0,0.0,de,1
La Repubblica,La Repubblica,ORG,0.0,0.0,de,1
Valve,Valve,ORG,0.0,0.0,de,1
Wagner-Söldnergruppe,Wagner-Söldnergruppe,ORG,0.0,0.0,de,1
Ukraine-Einsatz +++,Ukraine-Einsatz +++,ORG,0.0,0.0,de,1
IT-Projekt,IT-Projekt,ORG,-1.0,0.0,de,1
italienische Bank,italienische Bank,ORG,0.0,0.0,de,1
höre,höre,ORG,0.0,0.0,de,1
SupermarktBei,SupermarktBei,ORG,0.0,0.0,de,1
Bürokratie,Bürokratie,ORG,-0.7,0.0,de,1
Badisaison,Badisaison,ORG,0.0,0.0,de,1
italie…,italie…,ORG,0.0,0.0,de,1
Düsseldorf Inflation,Düsseldorf Inflation,ORG,0.0,0.0,de,1
Oesterreichische Nationalbank,Oesterreichische Nationalbank,ORG,0.0,0.0,de,1
Istanbul +++ EU-Kommissionspräsidentin,Istanbul +++ EU-Kommissionspräsidentin,ORG,-1.0,0.0,de,1
Folter-Einrichtungen +++,Folter-Einrichtungen +++,ORG,-0.7,0.0,de,1
Deutschland Energie,Deutschland Energie,ORG,0.0,0.0,de,1
Kampfflugzeugen +++ Selenskyj,Kampfflugzeugen +++ Selenskyj,ORG,-0.6999999999999998,0.0,de,1
Leopard-2-Kampfpanzer,Leopard-2-Kampfpanzer,ORG,-0.6999999999999998,0.0,de,1
Bundeswirtschaftsmini…,Bundeswirtschaftsmini…,ORG,0.0,0.0,de,1
Grüne Partei,Grüne Partei,ORG,0.0,0.0,de,1
Einmaleins der Ter…,Einmaleins der Ter…,ORG,0.0,0.0,de,1
Wohnbau-Stopp,Wohnbau-Stopp,ORG,0.0,0.0,de,1
Veganes Deutschland,Veganes Deutschland,ORG,0.0,0.0,de,1
Mixed Material Arts,Mixed Material Arts,ORG,0.0,0.0,de,1
… Deutschland,… Deutschland,ORG,1.0,0.0,de,1
Urutseg,Urutseg,ORG,0.0,0.0,de,1
Russlands Verluste,Russlands Verluste,ORG,0.0,0.0,de,1
Ashley Chan/dpa WANTED,Ashley Chan/dpa WANTED,ORG,0.0,0.0,de,1
vorDie,vorDie,ORG,0.0,0.0,de,1
Habeck-Pläne,Habeck-Pläne,ORG,0.0,0.0,de,1
Getty images,Getty images,ORG,0.0,0.0,de,1
Arminia,Arminia,ORG,0.0,0.0,de,1
Anti-Korruptionsorganisation,Anti-Korruptionsorganisation,ORG,0.0,0.0,de,1
Sitz…,Sitz…,ORG,0.0,0.0,de,1
Ruinen +++,Ruinen +++,ORG,0.0,0.0,de,1
Luftaufna…,Luftaufna…,ORG,0.0,0.0,de,1
Parlamentswahl,Parlamentswahl,ORG,1.0,0.0,de,1
ARD Putins,ARD Putins,ORG,0.0,0.0,de,1
Feldspaten +++,Feldspaten +++,ORG,0.5666666666666667,0.0,de,1
Marine Le Pens Partei,Marine Le Pens Partei,ORG,-0.7,0.0,de,1
Querkopf,Querkopf,ORG,0.0,0.0,de,1
G-20-Treffen +++,G-20-Treffen +++,ORG,-0.7,0.0,de,1
NAZK,NAZK,ORG,0.0,0.0,de,1
Schwerge…,Schwerge…,ORG,0.0,0.0,de,1
FDP-Fraktionsvorsitzende,FDP-Fraktionsvorsitzende,ORG,0.0,0.0,de,1
Verbraucherpre…,Verbraucherpre…,ORG,0.0,0.0,de,1
US-Märkten,US-Märkten,ORG,0.0,0.0,de,1
SPD-geführten Regierung,SPD-geführten Regierung,ORG,0.0,0.0,de,1
Ursache für Havanna-Syndrom,Ursache für Havanna-Syndrom,ORG,0.0,0.0,de,1
Deutsche Zentrum für Luft- und Raumfahrt,Deutsche Zentrum für Luft- und Raumfahrt,ORG,0.0,0.0,de,1
DN Capital,DN Capital,ORG,0.0,0.0,de,1
BtoV,BtoV,ORG,0.0,0.0,de,1
drän…,drän…,ORG,0.0,0.0,de,1
Demons­trant…,Demons­trant…,ORG,0.0,0.0,de,1
Zeitenwende-Rede,Zeitenwende-Rede,ORG,-1.0,0.0,de,1
G-20-Treffen,G-20-Treffen,ORG,0.0,0.0,de,1
Kriegsbeginn +++ Bachmut,Kriegsbeginn +++ Bachmut,ORG,0.0,0.0,de,1
Schläfe l…,Schläfe l…,ORG,0.0,0.0,de,1
Taiwan  ,Taiwan  ,ORG,0.0,0.0,de,1
Jahren,Jahren,ORG,0.0,0.0,de,1
bevo…,bevo…,ORG,0.0,0.0,de,1
Zeit für Attacken,Zeit für Attacken,ORG,0.0,0.0,de,1
A20,A20,ORG,0.0,0.0,de,1
türkischen Gesellschaft,türkischen Gesellschaft,ORG,0.7,0.0,de,1
Bayerns Sparkassen,Bayerns Sparkassen,ORG,0.0,0.0,de,1
Bayerns Bürger,Bayerns Bürger,ORG,0.0,0.0,de,1
Verbandes der freien Immobilien- und Wohnungsunternehmen,Verbandes der freien Immobilien- und Wohnungsunternehmen,ORG,0.7,0.0,de,1
G-20-Treffen +++ Erstes,G-20-Treffen +++ Erstes,ORG,0.0,0.0,de,1
Agit Kabayel,Agit Kabayel,ORG,0.0,0.0,de,1
"Welt-Klima-Ticker +++
Klimawandel","Welt-Klima-Ticker +++
Klimawandel",ORG,0.85,0.0,de,1
StartupTicker +++,StartupTicker +++,ORG,0.0,0.0,de,1
Ruuky,Ruuky,ORG,0.0,0.0,de,1
Insolvenz +++ Vermietet.de-Gründer ,Insolvenz +++ Vermietet.de-Gründer ,ORG,0.0,0.0,de,1
Syrische Beobachtungsstelle für Menschenrechte,Syrische Beobachtungsstelle für Menschenrechte,ORG,0.0,0.0,de,1
Polen Kiew,Polen Kiew,ORG,0.0,0.0,de,1
Leopard-Panzer +++ London,Leopard-Panzer +++ London,ORG,0.7,0.0,de,1
USA h…,USA h…,ORG,0.0,0.0,de,1
Europäische Union der Ukraine,Europäische Union der Ukraine,ORG,0.0,0.0,de,1
Conservati…,Conservati…,ORG,0.3333333333333333,0.0,de,1
Verbandes Conservative Political Action Conference,Verbandes Conservative Political Action Conference,ORG,0.3333333333333333,0.0,de,1
Wärm…,Wärm…,ORG,0.0,0.0,de,1
LNG-Terminals +++ Wirtschaftsminister Habeck,LNG-Terminals +++ Wirtschaftsminister Habeck,ORG,0.85,0.0,de,1
Online-Broker Trade Republic,Online-Broker Trade Republic,ORG,0.0,0.0,de,1
Blechwarenfabrik Limburg,Blechwarenfabrik Limburg,ORG,0.0,0.0,de,1
Silvia Stöber.</em,Silvia Stöber.</em,ORG,0.0,0.0,de,1
Riesenbambus,Riesenbambus,ORG,0.0,0.0,de,1
Umweltverbände wittern,Umweltverbände wittern,ORG,0.0,0.0,de,1
Villeroy,Villeroy,ORG,0.0,0.0,de,1
Europäischen Trainingsmission,Europäischen Trainingsmission,ORG,0.0,0.0,de,1
Breitwand-Kinos,Breitwand-Kinos,ORG,0.0,0.0,de,1
Fußball-Bundesligaklubs FC Schalke 04,Fußball-Bundesligaklubs FC Schalke 04,ORG,-1.0,0.0,de,1
NRW-Städten,NRW-Städten,ORG,-1.0,0.0,de,1
Wolfsburg Meister,Wolfsburg Meister,ORG,0.0,0.0,de,1
Fußball-Bundesligisten FC Schalke 04,Fußball-Bundesligisten FC Schalke 04,ORG,-1.0,0.0,de,1
Derby-Rache,Derby-Rache,ORG,-1.0,0.0,de,1
Italienisch/Schweizer TV-Sender,Italienisch/Schweizer TV-Sender,ORG,0.0,0.0,de,1
RSI,RSI,ORG,0.0,0.0,de,1
Valery Sharifulin/TASS/dpa,Valery Sharifulin/TASS/dpa,ORG,0.0,0.0,de,1
Zeit f…,Zeit f…,ORG,0.0,0.0,de,1
Landesregierun…,Landesregierun…,ORG,-1.0,0.0,de,1
Boom-Thema Wärmepumpe,Boom-Thema Wärmepumpe,ORG,0.7,0.0,de,1
Ransomwaregruppe Doppelpaymer,Ransomwaregruppe Doppelpaymer,ORG,0.0,0.0,de,1
Start +++ Sono Motors,Start +++ Sono Motors,ORG,0.0,0.0,de,1
E-Auto-Startups +,E-Auto-Startups +,ORG,0.0,0.0,de,1
M. Wiegmann.</em>,M. Wiegmann.</em>,ORG,0.0,0.0,de,1
Amtsge…,Amtsge…,ORG,0.0,0.0,de,1
Ukraine ric,Ukraine ric,ORG,0.0,0.0,de,1
Luisa Dames,Luisa Dames,ORG,0.0,0.0,de,1
Transparency International,Transparency International,ORG,1.0,0.0,de,1
Antikorruptionsbehörde +++,Antikorruptionsbehörde +++,ORG,1.0,0.0,de,1
Lösegeld,Lösegeld,ORG,0.0,0.0,de,1
Bundes-CDU,Bundes-CDU,ORG,0.0,0.0,de,1
Ransomwaregruppe,Ransomwaregruppe,ORG,0.0,0.0,de,1
Ransomware,Ransomware,ORG,0.7,0.0,de,1
Björ…,Björ…,ORG,0.0,0.0,de,1
stern-Umfrage,stern-Umfrage,ORG,0.0,0.0,de,1
CO₂-Fußabdruck,CO₂-Fußabdruck,ORG,0.7,0.0,de,1
Deutsche Post fordert…,Deutsche Post fordert…,ORG,0.0,0.0,de,1
strafrechtli…,strafrechtli…,ORG,0.0,0.0,de,1
Wertpapie…,Wertpapie…,ORG,0.0,0.0,de,1
Kommunikationstechnik,Kommunikationstechnik,ORG,1.0,0.0,de,1
Ugandas Regierung,Ugandas Regierung,ORG,0.0,0.0,de,1
PR-Profis,PR-Profis,ORG,0.85,0.0,de,1
Lobby…,Lobby…,ORG,0.85,0.0,de,1
Leopoldina,Leopoldina,ORG,0.0,0.0,de,1
Wirtschaftsministerium will Öl-,Wirtschaftsministerium will Öl-,ORG,-1.0,0.0,de,1
WuermelingAnders,WuermelingAnders,ORG,-0.7,0.0,de,1
Löscharbe…,Löscharbe…,ORG,0.0,0.0,de,1
könnte4,könnte4,ORG,0.0,0.0,de,1
Russlands Rüstungskonzerne,Russlands Rüstungskonzerne,ORG,0.0,0.0,de,1
li>6x Eve Energy,li>6x Eve Energy,ORG,0.0,0.0,de,1
Eve Energy…,Eve Energy…,ORG,0.0,0.0,de,1
Fam…,Fam…,ORG,0.0,0.0,de,1
Stiftung für Klima- und Umweltschutz,Stiftung für Klima- und Umweltschutz,ORG,-0.7,0.0,de,1
Atomwaffeneinsatz ++,Atomwaffeneinsatz ++,ORG,0.0,0.0,de,1
Russlands Gesellschaft,Russlands Gesellschaft,ORG,0.0,0.0,de,1
nachlasse…,nachlasse…,ORG,0.0,0.0,de,1
Russland Putschpläne,Russland Putschpläne,ORG,0.0,0.0,de,1
Mittelstands- und Wirtschaftsunion,Mittelstands- und Wirtschaftsunion,ORG,0.0,0.0,de,1
Russland +++ NATO-Generalsekretär,Russland +++ NATO-Generalsekretär,ORG,-0.7,0.0,de,1
Deutschen Zentrums f…,Deutschen Zentrums f…,ORG,0.0,0.0,de,1
Frieden3,Frieden3,ORG,0.0,0.0,de,1
Schlüsselpartner5,Schlüsselpartner5,ORG,0.0,0.0,de,1
BIP,BIP,ORG,0.0,0.0,de,1
Hacker,Hacker,ORG,0.7,0.0,de,1
Japans Inflation,Japans Inflation,ORG,0.35,0.0,de,1
Durchsuchungen Diebesgut,Durchsuchungen Diebesgut,ORG,0.0,0.0,de,1
FDP-Basis,FDP-Basis,ORG,0.0,0.0,de,1
Bayerns Grenzpolizei,Bayerns Grenzpolizei,ORG,0.0,0.0,de,1
bayerische Grenzpolizei,bayerische Grenzpolizei,ORG,0.0,0.0,de,1
Landesbischof Meister,Landesbischof Meister,ORG,0.0,0.0,de,1
Kiew +++ Polen,Kiew +++ Polen,ORG,-0.7,0.0,de,1
Russlands Zukunft +++ Deutschland,Russlands Zukunft +++ Deutschland,ORG,-0.7,0.0,de,1
EU Strafmaßnahmen,EU Strafmaßnahmen,ORG,0.0,0.0,de,1
Veran…,Veran…,ORG,0.0,0.0,de,1
Eve Energy,Eve Energy,ORG,0.0,0.0,de,1
Sub,Sub,ORG,0.7,0.0,de,1
Beam,Beam,ORG,0.7,0.0,de,1
Fun Halle,Fun Halle,ORG,0.5,0.0,de,1
+++ Putin-Rede,+++ Putin-Rede,ORG,-0.7,0.0,de,1
Putin-Rede +++ Stoltenberg,Putin-Rede +++ Stoltenberg,ORG,0.0,0.0,de,1
ambitioni…,ambitioni…,ORG,0.0,0.0,de,1
fr…,fr…,ORG,0.0,0.0,de,1
pol…,pol…,ORG,0.0,0.0,de,1
Informati…,Informati…,ORG,0.0,0.0,de,1
Neodigital Autoversicherung AG,Neodigital Autoversicherung AG,ORG,0.0,0.0,de,1
Bidens Signal,Bidens Signal,ORG,-1.0,0.0,de,1
Menschenrechtsorganisation Amnesty,Menschenrechtsorganisation Amnesty,ORG,0.0,0.0,de,1
US-Abgeordnete,US-Abgeordnete,ORG,0.7,0.0,de,1
Sport &amp,Sport &amp,ORG,0.5,0.0,de,1
Beratungsz…,Beratungsz…,ORG,0.5,0.0,de,1
Propaganda…,Propaganda…,ORG,0.7,0.0,de,1
Einigkei…,Einigkei…,ORG,0.0,0.0,de,1
IT-Finanzmanagement & Co.,IT-Finanzmanagement & Co.,ORG,0.0,0.0,de,1
beha…,beha…,ORG,0.0,0.0,de,1
CIOs IT-Finanzmanagement,CIOs IT-Finanzmanagement,ORG,0.0,0.0,de,1
FOTOGRIN,FOTOGRIN,ORG,0.0,0.0,de,1
LebensmitteleinkaufDas Statistische Bundesamt,LebensmitteleinkaufDas Statistische Bundesamt,ORG,0.0,0.0,de,1
Ziviligesellschaftliche Initiative unzivil,Ziviligesellschaftliche Initiative unzivil,ORG,0.0,0.0,de,1
Conservative Political Action Conference,Conservative Political Action Conference,ORG,0.0,0.0,de,1
Energiespa…,Energiespa…,ORG,0.0,0.0,de,1
Tech…,Tech…,ORG,0.0,0.0,de,1
Meldungen & De… +++,Meldungen & De… +++,ORG,0.0,0.0,de,1
Banksy-Bild +++,Banksy-Bild +++,ORG,0.0,0.0,de,1
Herzogenauracher Auto- und Industriezulieferer,Herzogenauracher Auto- und Industriezulieferer,ORG,0.0,0.0,de,1
EU für Führerscheinregeln,EU für Führerscheinregeln,ORG,0.0,0.0,de,1
Vereins der Kohlenimporteur…,Vereins der Kohlenimporteur…,ORG,0.0,0.0,de,1
Mariupol +++ Medwedew,Mariupol +++ Medwedew,ORG,-0.3333333333333333,0.0,de,1
russischen Orden der Freundschaft,russischen Orden der Freundschaft,ORG,0.0,0.0,de,1
Schwarzer,Schwarzer,ORG,0.0,0.0,de,1
Transaktionen gi…,Transaktionen gi…,ORG,0.35,0.0,de,1
IMK-Inflationsmonitor,IMK-Inflationsmonitor,ORG,0.0,0.0,de,1
Instituts für Makroökonomie u,Instituts für Makroökonomie u,ORG,0.0,0.0,de,1
CALP,CALP,ORG,0.7,0.0,de,1
Deutschen Bundestages,Deutschen Bundestages,ORG,0.7,0.0,de,1
EVG-Verhandlungsführerin,EVG-Verhandlungsführerin,ORG,0.0,0.0,de,1
Nikkei,Nikkei,ORG,0.0,0.0,de,1
Topix & Co,Topix & Co,ORG,0.0,0.0,de,1
Technologie-Werte,Technologie-Werte,ORG,0.0,0.0,de,1
Scout24Für,Scout24Für,ORG,0.0,0.0,de,1
Finnische Parlament,Finnische Parlament,ORG,0.0,0.0,de,1
Renteneintrittsalters,Renteneintrittsalters,ORG,0.0,0.0,de,1
CSU-Abg…,CSU-Abg…,ORG,-1.0,0.0,de,1
Belarus +++ Ukrainischer,Belarus +++ Ukrainischer,ORG,-0.7,0.0,de,1
“ +++  Brand,“ +++  Brand,ORG,-0.7,0.0,de,1
Tuapsea +++,Tuapsea +++,ORG,-0.7,0.0,de,1
Tierheim,Tierheim,ORG,0.0,0.0,de,1
ETA Hoffmann Theater,ETA Hoffmann Theater,ORG,0.0,0.0,de,1
ZugzwangInvestoren,ZugzwangInvestoren,ORG,0.0,0.0,de,1
G-20-Außenministertreffen,G-20-Außenministertreffen,ORG,0.0,0.0,de,1
Russlands System,Russlands System,ORG,0.0,0.0,de,1
DFB-Bosse Neuendorf,DFB-Bosse Neuendorf,ORG,0.0,0.0,de,1
Gas +++ Der Newsblog,Gas +++ Der Newsblog,ORG,0.0,0.0,de,1
Druschba-Pipeline,Druschba-Pipeline,ORG,0.0,0.0,de,1
Lübec…,Lübec…,ORG,0.0,0.0,de,1
Milit…,Milit…,ORG,0.7,0.0,de,1
österreichischen Institut für Wirtschaftsforschung,österreichischen Institut für Wirtschaftsforschung,ORG,0.0,0.0,de,1
Krebsgesellschaft,Krebsgesellschaft,ORG,0.7,0.0,de,1
Neues EU-Sanktionspaket,Neues EU-Sanktionspaket,ORG,0.0,0.0,de,1
KKH,KKH,ORG,0.0,0.0,de,1
Mä,Mä,ORG,0.0,0.0,de,1
Schenkungssteuer-Pflicht für Klimastiftung,Schenkungssteuer-Pflicht für Klimastiftung,ORG,0.0,0.0,de,1
Ritter Sport,Ritter Sport,ORG,0.0,0.0,de,1
Hochland,Hochland,ORG,0.0,0.0,de,1
Markenkonzerne,Markenkonzerne,ORG,0.0,0.0,de,1
Polen +++ Ungarn,Polen +++ Ungarn,ORG,1.0,0.0,de,1
Branchenverband bitkom,Branchenverband bitkom,ORG,0.0,0.0,de,1
Volles Haus!,Volles Haus!,ORG,0.0,0.0,de,1
REGIONALLIGA,REGIONALLIGA,ORG,0.0,0.0,de,1
CO2-Lager,CO2-Lager,ORG,0.0,0.0,de,1
CIA Waffenlieferung,CIA Waffenlieferung,ORG,0.0,0.0,de,1
Hamburger IT-Strategietagen,Hamburger IT-Strategietagen,ORG,0.0,0.0,de,1
EnergiewirtschaftEnergiewirtschaft,EnergiewirtschaftEnergiewirtschaft,ORG,0.0,0.0,de,1
kWh,kWh,ORG,0.0,0.0,de,1
Hyundai,Hyundai,ORG,0.0,0.0,de,1
Fronttriebler-SUV,Fronttriebler-SUV,ORG,0.0,0.0,de,1
Gas +,Gas +,ORG,0.0,0.0,de,1
Wegwerfgesells…,Wegwerfgesells…,ORG,0.0,0.0,de,1
Stadtderby&nbsp;nimmt,Stadtderby&nbsp;nimmt,ORG,0.0,0.0,de,1
Primus VfB,Primus VfB,ORG,0.0,0.0,de,1
Schaeffler +++,Schaeffler +++,ORG,0.0,0.0,de,1
Frühjahrsoffensive +++,Frühjahrsoffensive +++,ORG,0.0,0.0,de,1
Immobilienwi…,Immobilienwi…,ORG,0.0,0.0,de,1
Memorial-Mitarbeitern +++,Memorial-Mitarbeitern +++,ORG,0.0,0.0,de,1
Jabloko-Partei,Jabloko-Partei,ORG,-1.0,0.0,de,1
Radio…,Radio…,ORG,0.0,0.0,de,1
liberalen Jabloko-Partei,liberalen Jabloko-Partei,ORG,-0.15000000000000002,0.0,de,1
Leopard-2-Panzer +++,Leopard-2-Panzer +++,ORG,0.0,0.0,de,1
deutsche Waffenhilfe,deutsche Waffenhilfe,ORG,0.0,0.0,de,1
Kreml-Chef +++ London,Kreml-Chef +++ London,ORG,0.0,0.0,de,1
Chinas Ukraine-Initiative,Chinas Ukraine-Initiative,ORG,0.0,0.0,de,1
Ukrainische Freiwillige,Ukrainische Freiwillige,ORG,0.0,0.0,de,1
Kyjiwer Polizei,Kyjiwer Polizei,ORG,0.85,0.0,de,1
Klima-Exper…,Klima-Exper…,ORG,0.0,0.0,de,1
Japan +++ Xi,Japan +++ Xi,ORG,0.2333333333333333,0.0,de,1
Großbritannien…,Großbritannien…,ORG,0.0,0.0,de,1
Energieanla…,Energieanla…,ORG,-0.7,0.0,de,1
Bittsteller Pekings,Bittsteller Pekings,ORG,0.0,0.0,de,1
FDP…,FDP…,ORG,0.7,0.0,de,1
Uran-Munition +++ Erste,Uran-Munition +++ Erste,ORG,0.2333333333333333,0.0,de,1
Uran-Munition +++  ,Uran-Munition +++  ,ORG,-0.15000000000000002,0.0,de,1
britische Investmentbank Barings,britische Investmentbank Barings,ORG,0.0,0.0,de,1
britische Barings Bank,britische Barings Bank,ORG,-0.7,0.0,de,1
Fir…,Fir…,ORG,0.0,0.0,de,1
PR-Coup,PR-Coup,ORG,0.0,0.0,de,1
FPD,FPD,ORG,0.0,0.0,de,1
Bundesligaspiele,Bundesligaspiele,ORG,0.0,0.0,de,1
"Reichsbürger""-Netzwerk","Reichsbürger""-Netzwerk",ORG,0.0,0.0,de,1
Notenbanker-Welt,Notenbanker-Welt,ORG,0.0,0.0,de,1
J…,J…,ORG,0.0,0.0,de,1
Duma-Ausschusses für internationale Angelegenheiten,Duma-Ausschusses für internationale Angelegenheiten,ORG,0.0,0.0,de,1
postchristlichen Gesellschaft,postchristlichen Gesellschaft,ORG,0.0,0.0,de,1
Abrams-Kampfpanzer ge,Abrams-Kampfpanzer ge,ORG,0.0,0.0,de,1
Universität Leiden h…,Universität Leiden h…,ORG,-1.0,0.0,de,1
StuttgartMit,StuttgartMit,ORG,1.0,0.0,de,1
Geräten,Geräten,ORG,0.0,0.0,de,1
"Internationalen Strafgerichtshofs ""hi","Internationalen Strafgerichtshofs ""hi",ORG,0.0,0.0,de,1
Paria,Paria,ORG,-0.35,0.0,de,1
georgische Jugend für Europa,georgische Jugend für Europa,ORG,0.0,0.0,de,1
EU will Kiew,EU will Kiew,ORG,0.0,0.0,de,1
Pipeline-Ga…,Pipeline-Ga…,ORG,-1.0,0.0,de,1
TerraPower,TerraPower,ORG,0.7,0.0,de,1
Kreditprogramme +++ Der Newsblog,Kreditprogramme +++ Der Newsblog,ORG,0.0,0.0,de,1
international ag…,international ag…,ORG,0.0,0.0,de,1
Ukraine +++ Verteidigungsminister,Ukraine +++ Verteidigungsminister,ORG,0.0,0.0,de,1
Japan +++ Der Newsblog,Japan +++ Der Newsblog,ORG,0.0,0.0,de,1
Credit Suisse-Krise,Credit Suisse-Krise,ORG,0.85,0.0,de,1
Großbank we…,Großbank we…,ORG,0.0,0.0,de,1
US-Einmarsch,US-Einmarsch,ORG,0.0,0.0,de,1
Schweizer UBS,Schweizer UBS,ORG,0.0,0.0,de,1
EU-Auße…,EU-Auße…,ORG,0.7,0.0,de,1
Würzburg,Würzburg,ORG,0.0,0.0,de,1
US-Denkfabrik,US-Denkfabrik,ORG,-0.7,0.0,de,1
IPCC-Bericht,IPCC-Bericht,ORG,0.0,0.0,de,1
UN-Klimarat,UN-Klimarat,ORG,0.0,0.0,de,1
Klima-Behörde der Vereinten Nationen,Klima-Behörde der Vereinten Nationen,ORG,0.0,0.0,de,1
Putin-Double Orden,Putin-Double Orden,ORG,1.0,0.0,de,1
Investmentbank Lehman Brothers,Investmentbank Lehman Brothers,ORG,-0.35,0.0,de,1
Klimaneutrales Berlin,Klimaneutrales Berlin,ORG,0.0,0.0,de,1
EU-Staaten der Ukraine,EU-Staaten der Ukraine,ORG,-1.0,0.0,de,1
EU-Agenda,EU-Agenda,ORG,0.0,0.0,de,1
deutsche Kanzleramt,deutsche Kanzleramt,ORG,0.0,0.0,de,1
Japan News,Japan News,ORG,0.0,0.0,de,1
Verdienter Menschrechtsverteidiger Tschetscheniens,Verdienter Menschrechtsverteidiger Tschetscheniens,ORG,1.0,0.0,de,1
LNG-Export,LNG-Export,ORG,0.0,0.0,de,1
meinun…,meinun…,ORG,0.0,0.0,de,1
Sonnabend,Sonnabend,ORG,0.0,0.0,de,1
Bayern-Wahl,Bayern-Wahl,ORG,1.0,0.0,de,1
Saporischschja +++ Putin,Saporischschja +++ Putin,ORG,-0.7,0.0,de,1
NATO-Bewerbung des Landes,NATO-Bewerbung des Landes,ORG,-1.0,0.0,de,1
Küstenwache Libyens,Küstenwache Libyens,ORG,0.0,0.0,de,1
80-Prozent-Lösungen +++ Ratsvorsitzende,80-Prozent-Lösungen +++ Ratsvorsitzende,ORG,0.0,0.0,de,1
Württembergische Landeskirche,Württembergische Landeskirche,ORG,0.0,0.0,de,1
China schmi…,China schmi…,ORG,0.0,0.0,de,1
Eintracht Frankfurts,Eintracht Frankfurts,ORG,0.0,0.0,de,1
80-Prozent-Lösungen +++,80-Prozent-Lösungen +++,ORG,-1.0,0.0,de,1
dpa/J.Carstensen,dpa/J.Carstensen,ORG,-0.5,0.0,de,1
US-Militärbasis,US-Militärbasis,ORG,0.0,0.0,de,1
NRW-Krise,NRW-Krise,ORG,-1.0,0.0,de,1
Ukrainische Drohne,Ukrainische Drohne,ORG,-1.0,0.0,de,1
Tula +++ London,Tula +++ London,ORG,-1.0,0.0,de,1
Salzburger Polizei,Salzburger Polizei,ORG,0.7,0.0,de,1
Lieferung +++ Selenskyj,Lieferung +++ Selenskyj,ORG,0.7,0.0,de,1
Saporischschja +++ ISW,Saporischschja +++ ISW,ORG,0.7,0.0,de,1
israelischen Gesellschaft,israelischen Gesellschaft,ORG,0.0,0.0,de,1
FinTechs,FinTechs,ORG,0.0,0.0,de,1
Deutsche Wirtschaft und Gesellschaft,Deutsche Wirtschaft und Gesellschaft,ORG,0.0,0.0,de,1
Raubkopien,Raubkopien,ORG,0.0,0.0,de,1
russischen Unterhauses,russischen Unterhauses,ORG,0.0,0.0,de,1
EU-Subventionen,EU-Subventionen,ORG,0.0,0.0,de,1
Internationale Kriegsverbrecher Tribunal,Internationale Kriegsverbrecher Tribunal,ORG,0.0,0.0,de,1
Dmitr…,Dmitr…,ORG,0.7,0.0,de,1
ÖVP-Wirtschaftsbund,ÖVP-Wirtschaftsbund,ORG,0.0,0.0,de,1
Zentrums Hereon,Zentrums Hereon,ORG,0.0,0.0,de,1
Twitter/MykolaKuleba,Twitter/MykolaKuleba,ORG,0.0,0.0,de,1
Russland verschießt,Russland verschießt,ORG,0.0,0.0,de,1
Universität Kiew,Universität Kiew,ORG,0.0,0.0,de,1
Kiewer Universität,Kiewer Universität,ORG,1.0,0.0,de,1
WSF-Nebenhaushalt,WSF-Nebenhaushalt,ORG,0.0,0.0,de,1
F.A.…,F.A.…,ORG,0.0,0.0,de,1
Cherson +++ Ukraine,Cherson +++ Ukraine,ORG,0.0,0.0,de,1
EU-Land Ungarn,EU-Land Ungarn,ORG,-1.0,0.0,de,1
Einb…,Einb…,ORG,0.0,0.0,de,1
ICAN,ICAN,ORG,0.0,0.0,de,1
Einser-Infl…,Einser-Infl…,ORG,0.7,0.0,de,1
Netze,Netze,ORG,0.0,0.0,de,1
AfDle…,AfDle…,ORG,0.7,0.0,de,1
AKW Ems…,AKW Ems…,ORG,0.0,0.0,de,1
Drogenfund,Drogenfund,ORG,0.0,0.0,de,1
Nord-Stream-Pipelines bergen,Nord-Stream-Pipelines bergen,ORG,0.0,0.0,de,1
Bayern…,Bayern…,ORG,0.0,0.0,de,1
OLG Stuttgart,OLG Stuttgart,ORG,0.0,0.0,de,1
Sh…,Sh…,ORG,0.35,0.0,de,1
EU-Position,EU-Position,ORG,-0.5,0.0,de,1
nachd…,nachd…,ORG,0.0,0.0,de,1
Diskursproduktion,Diskursproduktion,ORG,1.0,0.0,de,1
Kindern …,Kindern …,ORG,0.0,0.0,de,1
Bay…,Bay…,ORG,0.0,0.0,de,1
Sipri,Sipri,ORG,1.0,0.0,de,1
Reserven +++ London,Reserven +++ London,ORG,-0.5,0.0,de,1
Gewerkschaft der Polizei für strengeres Waffenrecht,Gewerkschaft der Polizei für strengeres Waffenrecht,ORG,0.0,0.0,de,1
Lineker-Suspendierung,Lineker-Suspendierung,ORG,0.0,0.0,de,1
Verteidigungsministeriums h,Verteidigungsministeriums h,ORG,0.0,0.0,de,1
Silicon Valley Bank angeleg,Silicon Valley Bank angeleg,ORG,0.0,0.0,de,1
BachmutEin,BachmutEin,ORG,0.0,0.0,de,1
Air Assault Brigade,Air Assault Brigade,ORG,0.0,0.0,de,1
Bayerns Polizei,Bayerns Polizei,ORG,0.0,0.0,de,1
Klimaklebern,Klimaklebern,ORG,0.0,0.0,de,1
Europa …,Europa …,ORG,0.0,0.0,de,1
Russland Pappdrohnen,Russland Pappdrohnen,ORG,0.0,0.0,de,1
Premier-Le,Premier-Le,ORG,0.0,0.0,de,1
Mikhail Metzel/AP,Mikhail Metzel/AP,ORG,-0.10000000000000002,0.0,de,1
Waffenlieferungen ++,Waffenlieferungen ++,ORG,0.0,0.0,de,1
VW-Aufsichtsrat,VW-Aufsichtsrat,ORG,0.7,0.0,de,1
Bachmut +++ London,Bachmut +++ London,ORG,0.7,0.0,de,1
Kriegseinsatz  +++ Selenskyj,Kriegseinsatz  +++ Selenskyj,ORG,0.7,0.0,de,1
Merck KGaA,Merck KGaA,ORG,1.0,0.0,de,1
Biontech,Biontech,ORG,1.0,0.0,de,1
LEG Immobilien,LEG Immobilien,ORG,1.0,0.0,de,1
TAG,TAG,ORG,1.0,0.0,de,1
Signature Bank,Signature Bank,ORG,1.0,0.0,de,1
Alphabet,Alphabet,ORG,1.0,0.0,de,1
MEDIENTICKER,MEDIENTICKER,ORG,0.0,0.0,de,1
Denkfabrik der Partei,Denkfabrik der Partei,ORG,0.0,0.0,de,1
Munitionsmangel +++ Kiew,Munitionsmangel +++ Kiew,ORG,-0.5,0.0,de,1
ASN,ASN,ORG,0.0,0.0,de,1
französische Atomsicherheitsbehörde,französische Atomsicherheitsbehörde,ORG,0.0,0.0,de,1
Orthodoxen Kirche,Orthodoxen Kirche,ORG,-0.7,0.0,de,1
SPÖ-Landesparteivorsitzende,SPÖ-Landesparteivorsitzende,ORG,0.0,0.0,de,1
TV-Comeback,TV-Comeback,ORG,0.7,0.0,de,1
Salesc…,Salesc…,ORG,0.0,0.0,de,1
Corona-Pand…,Corona-Pand…,ORG,0.0,0.0,de,1
Bequemlichke…,Bequemlichke…,ORG,0.7,0.0,de,1
ÖGB,ÖGB,ORG,1.0,0.0,de,1
Russische Sanktionen,Russische Sanktionen,ORG,1.0,0.0,de,1
Oligarch Fridman +++,Oligarch Fridman +++,ORG,0.0,0.0,de,1
Umfrage vorn +++,Umfrage vorn +++,ORG,0.0,0.0,de,1
pro-russische Partei,pro-russische Partei,ORG,0.0,0.0,de,1
Stahl +++,Stahl +++,ORG,0.0,0.0,de,1
Ukrainisch-Orthodoxen Kirche vo,Ukrainisch-Orthodoxen Kirche vo,ORG,0.0,0.0,de,1
Altersschwache AKWs,Altersschwache AKWs,ORG,0.7,0.0,de,1
Litauens Parlament,Litauens Parlament,ORG,0.0,0.0,de,1
TankerDem,TankerDem,ORG,0.0,0.0,de,1
Gesellschaft“,Gesellschaft“,ORG,0.0,0.0,de,1
Landesverband Hamburg,Landesverband Hamburg,ORG,0.0,0.0,de,1
Green Heroes,Green Heroes,ORG,0.0,0.0,de,1
Minus-CO₂-Fabrik,Minus-CO₂-Fabrik,ORG,0.0,0.0,de,1
EU-Aufbauplan,EU-Aufbauplan,ORG,0.0,0.0,de,1
Comput…,Comput…,ORG,0.0,0.0,de,1
Bier-Verbot + Ultra-Wut + Polizei-Razzia,Bier-Verbot + Ultra-Wut + Polizei-Razzia,ORG,0.0,0.0,de,1
Das Zündstoff-Derby!,Das Zündstoff-Derby!,ORG,0.0,0.0,de,1
SVEN,SVEN,ORG,-0.7,0.0,de,1
offenle…,offenle…,ORG,0.0,0.0,de,1
Nichtra…,Nichtra…,ORG,-1.0,0.0,de,1
MU…,MU…,ORG,0.0,0.0,de,1
Apollo Global Management,Apollo Global Management,ORG,0.0,0.0,de,1
Crédit Suisse,Crédit Suisse,ORG,0.0,0.0,de,1
Schweizer Crédit Suisse,Schweizer Crédit Suisse,ORG,0.0,0.0,de,1
Russla…,Russla…,ORG,0.0,0.0,de,1
Schojgu,Schojgu,ORG,0.0,0.0,de,1
Austin +++ Russland,Austin +++ Russland,ORG,0.0,0.0,de,1
Drohnenvorwür…,Drohnenvorwür…,ORG,0.0,0.0,de,1
Drohnenabsturz +++ Strack-Zimmermann,Drohnenabsturz +++ Strack-Zimmermann,ORG,0.0,0.0,de,1
Tages!,Tages!,ORG,1.0,0.0,de,1
Su-27-Kampfjets,Su-27-Kampfjets,ORG,-1.0,0.0,de,1
Unters…,Unters…,ORG,0.0,0.0,de,1
kalifornis…,kalifornis…,ORG,-0.7,0.0,de,1
Barclays Bank,Barclays Bank,ORG,0.0,0.0,de,1
europäischen Bankensektors,europäischen Bankensektors,ORG,0.0,0.0,de,1
EUR/USD,EUR/USD,ORG,0.7,0.0,de,1
Euro-Stärke,Euro-Stärke,ORG,0.7,0.0,de,1
+++ EZB-Newsblog +++,+++ EZB-Newsblog +++,ORG,0.7,0.0,de,1
EZB-Entscheid,EZB-Entscheid,ORG,0.0,0.0,de,1
Frankfurter Notenbank,Frankfurter Notenbank,ORG,0.0,0.0,de,1
Zins-Turnaround,Zins-Turnaround,ORG,0.0,0.0,de,1
+++ Feuer,+++ Feuer,ORG,0.7,0.0,de,1
Russland-Korresponde…,Russland-Korresponde…,ORG,0.0,0.0,de,1
Mariupol ++,Mariupol ++,ORG,0.0,0.0,de,1
Musik-Club,Musik-Club,ORG,0.0,0.0,de,1
Moskau +++ China,Moskau +++ China,ORG,0.0,0.0,de,1
Gas …,Gas …,ORG,0.0,0.0,de,1
Energieriesen E.On,Energieriesen E.On,ORG,0.0,0.0,de,1
Klima-Sondervermö…,Klima-Sondervermö…,ORG,0.0,0.0,de,1
DB AG,DB AG,ORG,0.0,0.0,de,1
Dienstagmittag +++ Habeck,Dienstagmittag +++ Habeck,ORG,0.0,0.0,de,1
Bankenaufsicht,Bankenaufsicht,ORG,-1.0,0.0,de,1
US-Bankenkollaps,US-Bankenkollaps,ORG,0.7,0.0,de,1
Anleger-Schock!,Anleger-Schock!,ORG,0.0,0.0,de,1
Apollo Global,Apollo Global,ORG,-1.0,0.0,de,1
+++ Habeck,+++ Habeck,ORG,-1.0,0.0,de,1
Staatsanleihen +++ Der News-Blog,Staatsanleihen +++ Der News-Blog,ORG,-1.0,0.0,de,1
Silicon Valley Bank +++ Habeck,Silicon Valley Bank +++ Habeck,ORG,-1.0,0.0,de,1
Deutsche Regierung,Deutsche Regierung,ORG,0.0,0.0,de,1
Billhorner Brückenstraße/Billhorner Röhrendamm,Billhorner Brückenstraße/Billhorner Röhrendamm,ORG,0.0,0.0,de,1
Umw…,Umw…,ORG,0.0,0.0,de,1
Moody's,Moody's,ORG,-0.7,0.0,de,1
Gastauto…,Gastauto…,ORG,0.0,0.0,de,1
EU-Mitglied Rum…,EU-Mitglied Rum…,ORG,-0.7,0.0,de,1
IMAGO/Kyodo News,IMAGO/Kyodo News,ORG,0.0,0.0,de,1
BBU,BBU,ORG,0.0,0.0,de,1
Klima-Killer Film,Klima-Killer Film,ORG,0.0,0.0,de,1
NDR</em>,NDR</em>,ORG,0.0,0.0,de,1
Instituts für die Erfüllung,Instituts für die Erfüllung,ORG,0.0,0.0,de,1
Lukas Köhler,Lukas Köhler,ORG,0.0,0.0,de,1
Russischer Raketenschlag,Russischer Raketenschlag,ORG,0.0,0.0,de,1
"Ostukraine  WEB.DE News
","Ostukraine  WEB.DE News
",ORG,0.0,0.0,de,1
Ukraine-News ++ Du… We use cookies and data to<ul><li,Ukraine-News ++ Du… We use cookies and data to<ul><li,ORG,0.0,0.0,de,1
UkrainePhosphorbomben,UkrainePhosphorbomben,ORG,1.0,0.0,de,1
Investigativ-Netzwerks,Investigativ-Netzwerks,ORG,-0.7,0.0,de,1
Europäische Zentr…,Europäische Zentr…,ORG,0.0,0.0,de,1
Terrapower,Terrapower,ORG,0.0,0.0,de,1
Helmu…,Helmu…,ORG,0.0,0.0,de,1
mö…,mö…,ORG,0.0,0.0,de,1
Deutsche Inflationsrate,Deutsche Inflationsrate,ORG,0.0,0.0,de,1
Rat…,Rat…,ORG,0.0,0.0,de,1
Chemiebranche BASF,Chemiebranche BASF,ORG,0.7,0.0,de,1
Leag,Leag,ORG,0.0,0.0,de,1
Syrischen Revolution…,Syrischen Revolution…,ORG,0.0,0.0,de,1
Streitkräfte von Prigoschins,Streitkräfte von Prigoschins,ORG,0.35,0.0,de,1
kyrillischer Schrift Seerestaurants,kyrillischer Schrift Seerestaurants,ORG,0.85,0.0,de,1
selt…,selt…,ORG,0.7,0.0,de,1
fossi…,fossi…,ORG,0.0,0.0,de,1
Jamal-Pipeline…,Jamal-Pipeline…,ORG,0.105,0.0,de,1
Streumunition +++ Ukraine,Streumunition +++ Ukraine,ORG,0.0,0.0,de,1
Richtungen +++ Selenski,Richtungen +++ Selenski,ORG,0.0,0.0,de,1
Wagner Gruppe,Wagner Gruppe,ORG,-0.7,0.0,de,1
Cherson +++ Spaniens,Cherson +++ Spaniens,ORG,0.0,0.0,de,1
Kiew +++ Der,Kiew +++ Der,ORG,0.0,0.0,de,1
AKW Saporischschja  ,AKW Saporischschja  ,ORG,0.0,0.0,de,1
christlich-orthodoxen Welt für Aufruhr,christlich-orthodoxen Welt für Aufruhr,ORG,0.0,0.0,de,1
Üb… Internationale Beobachter,Üb… Internationale Beobachter,ORG,0.0,0.0,de,1
Paketversand,Paketversand,ORG,0.0,0.0,de,1
Internationalen Atomenergiebeh…,Internationalen Atomenergiebeh…,ORG,0.0,0.0,de,1
LukaWagner-Gruppe,LukaWagner-Gruppe,ORG,0.0,0.0,de,1
EU-Ratspräsident Sánchez,EU-Ratspräsident Sánchez,ORG,0.7,0.0,de,1
Angriffe</li><li,Angriffe</li><li,ORG,0.7,0.0,de,1
Funke Medi…,Funke Medi…,ORG,0.0,0.0,de,1
Gierflation,Gierflation,ORG,0.0,0.0,de,1
Die Europäische Kommission,Die Europäische Kommission,ORG,0.0,0.0,de,1
SpanienVor,SpanienVor,ORG,0.0,0.0,de,1
Einhorn,Einhorn,ORG,0.0,0.0,de,1
Phase One,Phase One,ORG,0.0,0.0,de,1
Zitate…,Zitate…,ORG,0.0,0.0,de,1
Bundesnetzage…,Bundesnetzage…,ORG,0.0,0.0,de,1
Neue US-Sanktionen,Neue US-Sanktionen,ORG,0.0,0.0,de,1
Wagner-Gruppe +++,Wagner-Gruppe +++,ORG,0.0,0.0,de,1
Afrika +++ Der Newsblog,Afrika +++ Der Newsblog,ORG,0.0,0.0,de,1
KfW-Chef Wintels,KfW-Chef Wintels,ORG,0.7,0.0,de,1
SPD-Verteidigungsminister,SPD-Verteidigungsminister,ORG,0.0,0.0,de,1
übe…,übe…,ORG,0.0,0.0,de,1
Söldner-Armee ha…,Söldner-Armee ha…,ORG,0.0,0.0,de,1
SINGAPUR,SINGAPUR,ORG,0.8500000000000001,0.0,de,1
SUNRATE,SUNRATE,ORG,0.8500000000000001,0.0,de,1
Wachstumsfonds…,Wachstumsfonds…,ORG,0.8500000000000001,0.0,de,1
ZdK-Präsidentin,ZdK-Präsidentin,ORG,0.0,0.0,de,1
SZ-Nachhaltigkeitsgipfel,SZ-Nachhaltigkeitsgipfel,ORG,0.0,0.0,de,1
Katholischen Kirche,Katholischen Kirche,ORG,0.0,0.0,de,1
Deutschen Bischofskonf…,Deutschen Bischofskonf…,ORG,0.0,0.0,de,1
OLG-Urteil,OLG-Urteil,ORG,0.0,0.0,de,1
la…,la…,ORG,0.0,0.0,de,1
"Prigoschin/dpa
","Prigoschin/dpa
",ORG,-0.35,0.0,de,1
BDO,BDO,ORG,0.0,0.0,de,1
Finance Transformation,Finance Transformation,ORG,0.0,0.0,de,1
HAMBURG,HAMBURG,ORG,0.0,0.0,de,1
Militär-Helfern,Militär-Helfern,ORG,0.0,0.0,de,1
Conoco,Conoco,ORG,0.0,0.0,de,1
AR-Brille,AR-Brille,ORG,0.35,0.0,de,1
Baltim…,Baltim…,ORG,0.0,0.0,de,1
Putins…,Putins…,ORG,0.0,0.0,de,1
Waffenschmiede Hessen,Waffenschmiede Hessen,ORG,0.0,0.0,de,1
Begriffs Ökozid,Begriffs Ökozid,ORG,1.0,0.0,de,1
Atomkraftwerk Saporischschja,Atomkraftwerk Saporischschja,ORG,0.0,0.0,de,1
Internationalen Atomenergiebehö…,Internationalen Atomenergiebehö…,ORG,0.0,0.0,de,1
Chinook-Helikoptern +++,Chinook-Helikoptern +++,ORG,0.7,0.0,de,1
NRW-Industrie,NRW-Industrie,ORG,0.0,0.0,de,1
Nationalrat …,Nationalrat …,ORG,0.0,0.0,de,1
Unileve…,Unileve…,ORG,0.0,0.0,de,1
Rechenzentren verwässern,Rechenzentren verwässern,ORG,0.0,0.0,de,1
Tempolimits,Tempolimits,ORG,-1.0,0.0,de,1
Heizungs-Förderprogramm,Heizungs-Förderprogramm,ORG,0.0,0.0,de,1
Ampel-Koalition plane,Ampel-Koalition plane,ORG,0.0,0.0,de,1
BVK,BVK,ORG,0.0,0.0,de,1
Gesellschaft: Inflation und Strompreise,Gesellschaft: Inflation und Strompreise,ORG,-1.0,0.0,de,1
Russland +++ Explosion,Russland +++ Explosion,ORG,0.0,0.0,de,1
Zuckerbergs Meta-Konzern,Zuckerbergs Meta-Konzern,ORG,0.0,0.0,de,1
belar…,belar…,ORG,0.0,0.0,de,1
Recherche-Gruppe,Recherche-Gruppe,ORG,0.0,0.0,de,1
Lemberg +++ Britische Botschaft,Lemberg +++ Britische Botschaft,ORG,0.0,0.0,de,1
beschr…,beschr…,ORG,1.0,0.0,de,1
CDU-Außenpolitiker,CDU-Außenpolitiker,ORG,0.0,0.0,de,1
Tina,Tina,ORG,0.0,0.0,de,1
Britische Finanzaufsicht,Britische Finanzaufsicht,ORG,0.0,0.0,de,1
Sparer,Sparer,ORG,0.0,0.0,de,1
einzi…,einzi…,ORG,0.0,0.0,de,1
Ukraine-Militärhilfe +++,Ukraine-Militärhilfe +++,ORG,0.35,0.0,de,1
Lemberg +++,Lemberg +++,ORG,0.35,0.0,de,1
Ländern +++,Ländern +++,ORG,1.0,0.0,de,1
Institut für Kriegsforschung,Institut für Kriegsforschung,ORG,0.7,0.0,de,1
Kreml-Politikern,Kreml-Politikern,ORG,0.0,0.0,de,1
Brandenburgs Obstbauern,Brandenburgs Obstbauern,ORG,0.0,0.0,de,1
Internationale Institution,Internationale Institution,ORG,0.0,0.0,de,1
Internationale Zentrum für die Verfolgung des Verbrechens der Aggression gegen die Ukraine,Internationale Zentrum für die Verfolgung des Verbrechens der Aggression gegen die Ukraine,ORG,0.0,0.0,de,1
Internationale Zentrum für die Verfolg…,Internationale Zentrum für die Verfolg…,ORG,0.0,0.0,de,1
GAO,GAO,ORG,0.0,0.0,de,1
Pistorius,Pistorius,ORG,0.0,0.0,de,1
EU-Justizbehörde Eurojust zusa…,EU-Justizbehörde Eurojust zusa…,ORG,0.0,0.0,de,1
Leopard-2-Werkstatt,Leopard-2-Werkstatt,ORG,0.0,0.0,de,1
Leopard-Reparatur,Leopard-Reparatur,ORG,0.0,0.0,de,1
Rückerob…,Rückerob…,ORG,0.0,0.0,de,1
Ukrainer bergen,Ukrainer bergen,ORG,-0.7,0.0,de,1
Förde…,Förde…,ORG,0.0,0.0,de,1
Reporter Gershkovich,Reporter Gershkovich,ORG,0.0,0.0,de,1
Nordirland-Frage,Nordirland-Frage,ORG,0.0,0.0,de,1
Landtagsabgeordneten Rol…,Landtagsabgeordneten Rol…,ORG,0.0,0.0,de,1
angek…,angek…,ORG,0.0,0.0,de,1
Hitze pur,Hitze pur,ORG,0.7,0.0,de,1
Kiew Moskau,Kiew Moskau,ORG,-1.0,0.0,de,1
Kreditnehmer,Kreditnehmer,ORG,0.7,0.0,de,1
Mafiagruppe Vory,Mafiagruppe Vory,ORG,0.0,0.0,de,1
Mafiagr…,Mafiagr…,ORG,0.0,0.0,de,1
Radios…,Radios…,ORG,0.7,0.0,de,1
ÖlheizungFunktionierende,ÖlheizungFunktionierende,ORG,0.0,0.0,de,1
Heizungs-Förderpläne,Heizungs-Förderpläne,ORG,0.0,0.0,de,1
Shanghaier Organisation für,Shanghaier Organisation für,ORG,0.0,0.0,de,1
Gas-Wirtschaft,Gas-Wirtschaft,ORG,0.0,0.0,de,1
Global Wealth Report,Global Wealth Report,ORG,0.0,0.0,de,1
ErkanDie,ErkanDie,ORG,0.0,0.0,de,1
festkett…,festkett…,ORG,0.0,0.0,de,1
Umstrittener COP-28-Chef,Umstrittener COP-28-Chef,ORG,-0.85,0.0,de,1
SKopp,SKopp,ORG,0.0,0.0,de,1
Waterloo,Waterloo,ORG,0.0,0.0,de,1
britische Zentrum,britische Zentrum,ORG,0.0,0.0,de,1
Public Investment Fund,Public Investment Fund,ORG,0.0,0.0,de,1
PIF,PIF,ORG,0.0,0.0,de,1
We use cookies and data to<ul><li,We use cookies and data to<ul><li,ORG,0.0,0.0,de,1
Polizei am Sonntag,Polizei am Sonntag,ORG,-1.0,0.0,de,1
Polizei am Sonntag…,Polizei am Sonntag…,ORG,-1.0,0.0,de,1
Atoma…,Atoma…,ORG,0.0,0.0,de,1
Liveblog Großbritannien,Liveblog Großbritannien,ORG,-0.7,0.0,de,1
UN-Helfern,UN-Helfern,ORG,0.0,0.0,de,1
Binnnealster,Binnnealster,ORG,0.0,0.0,de,1
Europäische Gerechtigkeitskrise,Europäische Gerechtigkeitskrise,ORG,-1.0,0.0,de,1
EU t…,EU t…,ORG,0.7,0.0,de,1
Saporischschja +++ Ukraine,Saporischschja +++ Ukraine,ORG,0.0,0.0,de,1
Private-Equity-Riesen KKR,Private-Equity-Riesen KKR,ORG,0.7,0.0,de,1
Lemberg +++ EU,Lemberg +++ EU,ORG,0.0,0.0,de,1
Weltwir…,Weltwir…,ORG,0.0,0.0,de,1
Klima-Flitzerin!,Klima-Flitzerin!,ORG,0.0,0.0,de,1
deutschen Fußball-Nationalmannschaft,deutschen Fußball-Nationalmannschaft,ORG,0.0,0.0,de,1
ter Stegen,ter Stegen,ORG,-0.7,0.0,de,1
Ordnungskräften,Ordnungskräften,ORG,0.0,0.0,de,1
Qu…,Qu…,ORG,-1.0,0.0,de,1
deutschen Nationalelf,deutschen Nationalelf,ORG,-1.0,0.0,de,1
Frieden,Frieden,ORG,0.0,0.0,de,1
Sneaker-Guru,Sneaker-Guru,ORG,0.0,0.0,de,1
Sylt,Sylt,ORG,0.0,0.0,de,1
"Irna
","Irna
",ORG,-1.0,0.0,de,1
Stabilität,Stabilität,ORG,0.0,0.0,de,1
"Reuters-Videokanal"",""mainTheme"":""Video"",""durationInSeconds"":""02:08"",""tags"":[""Video""],""autoListing"":true,""seoData"":{""seoTitle"":"""",""seoDescript…","Reuters-Videokanal"",""mainTheme"":""Video"",""durationInSeconds"":""02:08"",""tags"":[""Video""],""autoListing"":true,""seoData"":{""seoTitle"":"""",""seoDescript…",ORG,0.7,0.0,de,1
Nachhaltige Alternative,Nachhaltige Alternative,ORG,0.0,0.0,de,1
Europäischen Gerichtshofs,Europäischen Gerichtshofs,ORG,-1.0,0.0,de,1
Panzer +++ Ukraine,Panzer +++ Ukraine,ORG,0.0,0.0,de,1
untersc…,untersc…,ORG,0.0,0.0,de,1
Panzer +++ Selenskyj,Panzer +++ Selenskyj,ORG,1.0,0.0,de,1
Gegenoffensive +++ Zwei Tote,Gegenoffensive +++ Zwei Tote,ORG,1.0,0.0,de,1
Amp…,Amp…,ORG,0.0,0.0,de,1
Nationale…,Nationale…,ORG,0.7,0.0,de,1
Aktivistin,Aktivistin,ORG,0.0,0.0,de,1
Notenbank stabilitätsf…,Notenbank stabilitätsf…,ORG,-1.0,0.0,de,1
Forum Anthropozän,Forum Anthropozän,ORG,1.0,0.0,de,1
ukrainischer Luftwaffe,ukrainischer Luftwaffe,ORG,-1.0,0.0,de,1
St. Petersburg +++ London,St. Petersburg +++ London,ORG,-1.0,0.0,de,1
Ideen-Flaute!,Ideen-Flaute!,ORG,0.0,0.0,de,1
NRW-Landesgruppe,NRW-Landesgruppe,ORG,0.0,0.0,de,1
Klima für Freiheitliches,Klima für Freiheitliches,ORG,-0.7,0.0,de,1
St. Petersburg +++ Putin,St. Petersburg +++ Putin,ORG,-0.7,0.0,de,1
Geset…,Geset…,ORG,0.7,0.0,de,1
Bund für Ukraine-Politik,Bund für Ukraine-Politik,ORG,0.0,0.0,de,1
SPD +++ Ukraine,SPD +++ Ukraine,ORG,-0.7,0.0,de,1
Parteizentrale fe,Parteizentrale fe,ORG,0.7,0.0,de,1
Forum Antropozän,Forum Antropozän,ORG,0.0,0.0,de,1
DFB-Spiel,DFB-Spiel,ORG,0.0,0.0,de,1
Goretzka,Goretzka,ORG,0.0,0.0,de,1
EU-Erdgas,EU-Erdgas,ORG,0.0,0.0,de,1
DFB-Krise,DFB-Krise,ORG,0.0,0.0,de,1
Sunak,Sunak,ORG,0.0,0.0,de,1
Frage +++,Frage +++,ORG,0.0,0.0,de,1
Wagner-Chefs…,Wagner-Chefs…,ORG,0.0,0.0,de,1
Elliot Page,Elliot Page,ORG,0.7,0.0,de,1
Anti-Terror…,Anti-Terror…,ORG,0.0,0.0,de,1
Söldnern,Söldnern,ORG,-0.7,0.0,de,1
EFC-Entscheidung,EFC-Entscheidung,ORG,0.0,0.0,de,1
Europäischer Fechtverband,Europäischer Fechtverband,ORG,0.0,0.0,de,1
Industrieverband,Industrieverband,ORG,0.0,0.0,de,1
Erdbeben,Erdbeben,ORG,0.0,0.0,de,1
Erdoğans Wiederwahl,Erdoğans Wiederwahl,ORG,0.0,0.0,de,1
Yacht-feindliche Orcas,Yacht-feindliche Orcas,ORG,0.0,0.0,de,1
EDG,EDG,ORG,0.0,0.0,de,1
Wagner-Aufstand +++ US-Geheimdienste,Wagner-Aufstand +++ US-Geheimdienste,ORG,0.0,0.0,de,1
Prigoschin-Pläne +++,Prigoschin-Pläne +++,ORG,0.0,0.0,de,1
Herrschaft Putins,Herrschaft Putins,ORG,-1.0,0.0,de,1
unve…,unve…,ORG,-0.5,0.0,de,1
Wagner-Aufstand +++,Wagner-Aufstand +++,ORG,-0.7,0.0,de,1
Drive-away Dolls,Drive-away Dolls,ORG,0.0,0.0,de,1
Jahreskarten,Jahreskarten,ORG,0.0,0.0,de,1
Apple Watch,Apple Watch,ORG,0.7,0.0,de,1
AfD-Sprache,AfD-Sprache,ORG,-0.7,0.0,de,1
Deutschland4,Deutschland4,ORG,0.0,0.0,de,1
IWF-Chefin,IWF-Chefin,ORG,0.0,0.0,de,1
Geldent…,Geldent…,ORG,0.0,0.0,de,1
Sunak +++,Sunak +++,ORG,0.0,0.0,de,1
Erd…,Erd…,ORG,0.0,0.0,de,1
Führu…,Führu…,ORG,0.0,0.0,de,1
Urenco Nederland,Urenco Nederland,ORG,0.0,0.0,de,1
Wiederaufbauhilfe,Wiederaufbauhilfe,ORG,0.0,0.0,de,1
Gebir…,Gebir…,ORG,0.0,0.0,de,1
Universität Texas,Universität Texas,ORG,0.0,0.0,de,1
Allgaier Werke GmbH,Allgaier Werke GmbH,ORG,0.0,0.0,de,1
Engie …,Engie …,ORG,0.0,0.0,de,1
Vormit…,Vormit…,ORG,0.0,0.0,de,1
Russlands Partner,Russlands Partner,ORG,-0.7,0.0,de,1
Uncredited/PRIGOZHIN PRESS SERVICE/AP/dp…,Uncredited/PRIGOZHIN PRESS SERVICE/AP/dp…,ORG,0.0,0.0,de,1
Liberale höhnen,Liberale höhnen,ORG,-1.0,0.0,de,1
Kantine…,Kantine…,ORG,-0.7,0.0,de,1
Urananreicherer Urenco,Urananreicherer Urenco,ORG,0.0,0.0,de,1
deutschen Schwestergesellschaft,deutschen Schwestergesellschaft,ORG,0.0,0.0,de,1
Buchungszah…,Buchungszah…,ORG,0.0,0.0,de,1
Urenco Deutschland,Urenco Deutschland,ORG,0.0,0.0,de,1
"Urenco
","Urenco
",ORG,0.0,0.0,de,1
Stiftung an Grenzen,Stiftung an Grenzen,ORG,0.7,0.0,de,1
Russische Spezialgruppen,Russische Spezialgruppen,ORG,0.0,0.0,de,1
Österre…,Österre…,ORG,0.7,0.0,de,1
US-Agrarm…,US-Agrarm…,ORG,0.0,0.0,de,1
EM-Auftaktspie…,EM-Auftaktspie…,ORG,0.0,0.0,de,1
Russland-Akten,Russland-Akten,ORG,0.0,0.0,de,1
deutsche Fintech-Branche,deutsche Fintech-Branche,ORG,1.0,0.0,de,1
Z,Z,ORG,-0.7,0.0,de,1
Generat… Mode,Generat… Mode,ORG,0.7,0.0,de,1
Energie-Start-up,Energie-Start-up,ORG,0.0,0.0,de,1
Elfadli,Elfadli,ORG,0.0,0.0,de,1
Ukraine-News ++ Deutschland,Ukraine-News ++ Deutschland,ORG,0.0,0.0,de,1
UK-Geschäft,UK-Geschäft,ORG,0.0,0.0,de,1
Container-Unterkünfte für Flüchtlinge,Container-Unterkünfte für Flüchtlinge,ORG,0.0,0.0,de,1
Russisches Innenministerium,Russisches Innenministerium,ORG,0.0,0.0,de,1
Löwen-Imperium,Löwen-Imperium,ORG,0.0,0.0,de,1
blau-weißen F…,blau-weißen F…,ORG,0.0,0.0,de,1
UNESCO-Weltkulturerbes,UNESCO-Weltkulturerbes,ORG,0.0,0.0,de,1
Zentrum von Odessa,Zentrum von Odessa,ORG,0.0,0.0,de,1
UNESCO-Liste,UNESCO-Liste,ORG,0.0,0.0,de,1
"AKW Saporischschja
","AKW Saporischschja
",ORG,0.0,0.0,de,1
LGBTQ,LGBTQ,ORG,0.0,0.0,de,1
TV-Sendung,TV-Sendung,ORG,0.7,0.0,de,1
AKW Saporischschja +++ Ukraine,AKW Saporischschja +++ Ukraine,ORG,0.0,0.0,de,1
Branchenverband GDV,Branchenverband GDV,ORG,0.0,0.0,de,1
BlechschadenDie,BlechschadenDie,ORG,0.0,0.0,de,1
Bund der Steuerzahler,Bund der Steuerzahler,ORG,0.0,0.0,de,1
Shadowhawk-Taschenlampe,Shadowhawk-Taschenlampe,ORG,0.15000000000000002,0.0,de,1
EU-Agrarminister,EU-Agrarminister,ORG,0.0,0.0,de,1
US-Börsenschluss,US-Börsenschluss,ORG,0.0,0.0,de,1
Kiewer Wahrzeichen +++,Kiewer Wahrzeichen +++,ORG,0.0,0.0,de,1
russischem Botschaftspersonal +++,russischem Botschaftspersonal +++,ORG,0.0,0.0,de,1
Regierung der osteuropäischen Republik Moldau,Regierung der osteuropäischen Republik Moldau,ORG,-0.7,0.0,de,1
Staaten +++,Staaten +++,ORG,0.0,0.0,de,1
Wagner +++,Wagner +++,ORG,0.0,0.0,de,1
Verteidigungsausschus…,Verteidigungsausschus…,ORG,0.0,0.0,de,1
Wagner-Aufschwung +++,Wagner-Aufschwung +++,ORG,0.0,0.0,de,1
Orichiw,Orichiw,ORG,-1.0,0.0,de,1
Philosophin Henrike Kohpeiß,Philosophin Henrike Kohpeiß,ORG,0.0,0.0,de,1
Axa,Axa,ORG,0.0,0.0,de,1
Rote Kreuz Niederösterreich,Rote Kreuz Niederösterreich,ORG,0.0,0.0,de,1
Odessa,Odessa,ORG,1.0,0.0,de,1
Immobilien-Ratgeber,Immobilien-Ratgeber,ORG,0.0,0.0,de,1
Lateinamerika-Gipfel +++ Moskau,Lateinamerika-Gipfel +++ Moskau,ORG,0.7,0.0,de,1
Wehrdienst +++,Wehrdienst +++,ORG,0.7,0.0,de,1
Windwärts Energie,Windwärts Energie,ORG,0.0,0.0,de,1
Vegane Kost,Vegane Kost,ORG,0.0,0.0,de,1
berufli…,berufli…,ORG,0.0,0.0,de,1
All-Net-Flat,All-Net-Flat,ORG,0.7,0.0,de,1
Handels…,Handels…,ORG,0.0,0.0,de,1
GT-Line,GT-Line,ORG,0.0,0.0,de,1
Bluetti,Bluetti,ORG,0.7,0.0,de,1
Polizei schlichtet Nachbarschaftsstreit,Polizei schlichtet Nachbarschaftsstreit,ORG,0.0,0.0,de,1
Eibner-Pressefoto,Eibner-Pressefoto,ORG,0.25,0.0,de,1
Zw…,Zw…,ORG,0.0,0.0,de,1
F… Hitze-Wahnsinn,F… Hitze-Wahnsinn,ORG,0.0,0.0,de,1
Unternehmen +++ Der Newsblog,Unternehmen +++ Der Newsblog,ORG,0.0,0.0,de,1
TV-Tipp,TV-Tipp,ORG,0.0,0.0,de,1
Social Freezing,Social Freezing,ORG,0.09999999999999998,0.0,de,1
Waf…,Waf…,ORG,0.0,0.0,de,1
Russland Terror,Russland Terror,ORG,0.0,0.0,de,1
Belarus  ,Belarus  ,ORG,1.0,0.0,de,1
Ukraine-News ++ Gouverneur,Ukraine-News ++ Gouverneur,ORG,-1.0,0.0,de,1
Metropolit Pawlo,Metropolit Pawlo,ORG,0.0,0.0,de,1
UOK,UOK,ORG,0.0,0.0,de,1
“ +++ Rheinmetall,“ +++ Rheinmetall,ORG,1.0,0.0,de,1
Flakpanzer +++ Selenskyj,Flakpanzer +++ Selenskyj,ORG,1.0,0.0,de,1
Militärbeziehungen +++,Militärbeziehungen +++,ORG,0.0,0.0,de,1
Taurus-Marschflugkörpern +++,Taurus-Marschflugkörpern +++,ORG,0.0,0.0,de,1
"Black Hornet""-Drohnen","Black Hornet""-Drohnen",ORG,0.0,0.0,de,1
Frieden +,Frieden +,ORG,0.0,0.0,de,1
Klima-Gruppe Le…,Klima-Gruppe Le…,ORG,0.0,0.0,de,1
Krim stockt +++ Investitionsbank-Chef,Krim stockt +++ Investitionsbank-Chef,ORG,-1.0,0.0,de,1
Die Afrikanische Union,Die Afrikanische Union,ORG,-1.0,0.0,de,1
Russlands Afrika-Expansion,Russlands Afrika-Expansion,ORG,-1.0,0.0,de,1
Zentrum der ukrainischen Stadt Dnipro,Zentrum der ukrainischen Stadt Dnipro,ORG,-1.0,0.0,de,1
"Dnipro
Selenskyj","Dnipro
Selenskyj",ORG,0.0,0.0,de,1
Dnipro  ,Dnipro  ,ORG,-1.0,0.0,de,1
Handschlags,Handschlags,ORG,0.0,0.0,de,1
FIE,FIE,ORG,0.0,0.0,de,1
Putin +,Putin +,ORG,0.0,0.0,de,1
Bachmut +++   ,Bachmut +++   ,ORG,0.0,0.0,de,1
Dnipro +++  ,Dnipro +++  ,ORG,0.0,0.0,de,1
Putin +++  ,Putin +++  ,ORG,0.0,0.0,de,1
Carbonite Ultra,Carbonite Ultra,ORG,1.0,0.0,de,1
PräsidentPutin,PräsidentPutin,ORG,0.0,0.0,de,1
Getreide-Geschenke +,Getreide-Geschenke +,ORG,-1.0,0.0,de,1
"Moskau
","Moskau
",ORG,-1.0,0.0,de,1
Wagner-Tr…,Wagner-Tr…,ORG,-1.0,0.0,de,1
DEHOGA,DEHOGA,ORG,0.0,0.0,de,1
KIlimaschutz…,KIlimaschutz…,ORG,0.0,0.0,de,1
Cloud-Investitionen,Cloud-Investitionen,ORG,0.0,0.0,de,1
Umsatzträge…,Umsatzträge…,ORG,0.0,0.0,de,1
Westafrikanischen Wirtschaftsgemeinschaft,Westafrikanischen Wirtschaftsgemeinschaft,ORG,0.0,0.0,de,1
Drohnen-Einschlag,Drohnen-Einschlag,ORG,0.0,0.0,de,1
Selenskyjs Friedensplan +++,Selenskyjs Friedensplan +++,ORG,0.0,0.0,de,1
FPÖ-Gemeinderatsklub,FPÖ-Gemeinderatsklub,ORG,1.0,0.0,de,1
Vorjahresmona…,Vorjahresmona…,ORG,0.0,0.0,de,1
Athen/ Frankfurt,Athen/ Frankfurt,ORG,-0.35,0.0,de,1
Zickzackkurs,Zickzackkurs,ORG,0.0,0.0,de,1
Russlands Angriffskrieg +++ Der Newsblog,Russlands Angriffskrieg +++ Der Newsblog,ORG,0.0,0.0,de,1
Wagner +++ Der Newsblog,Wagner +++ Der Newsblog,ORG,0.0,0.0,de,1
Tagesspiegel…,Tagesspiegel…,ORG,0.0,0.0,de,1
Paletten,Paletten,ORG,0.0,0.0,de,1
TV-Sendern,TV-Sendern,ORG,0.0,0.0,de,1
One Entertainment Group,One Entertainment Group,ORG,0.0,0.0,de,1
World Heritage Watch,World Heritage Watch,ORG,0.0,0.0,de,1
Endes des Koreakriegs,Endes des Koreakriegs,ORG,0.0,0.0,de,1
DER SPIEGEL,DER SPIEGEL,ORG,0.0,0.0,de,1
EU-Blockade,EU-Blockade,ORG,-1.0,0.0,de,1
China +++ Die Meldungen,China +++ Die Meldungen,ORG,0.0,0.0,de,1
Liveblog: ++ Luftangriffe,Liveblog: ++ Luftangriffe,ORG,0.0,0.0,de,1
+++ Ukraine …,+++ Ukraine …,ORG,0.0,0.0,de,1
Chmelnyz…,Chmelnyz…,ORG,-1.0,0.0,de,1
Clariant,Clariant,ORG,0.0,0.0,de,1
Preisbremsen …,Preisbremsen …,ORG,0.0,0.0,de,1
Söd…,Söd…,ORG,0.0,0.0,de,1
PR-Show Putins,PR-Show Putins,ORG,0.0,0.0,de,1
Front +++ NATO,Front +++ NATO,ORG,0.0,0.0,de,1
Besuc…,Besuc…,ORG,0.0,0.0,de,1
Ukrainerin Charlan,Ukrainerin Charlan,ORG,0.0,0.0,de,1
brut…,brut…,ORG,0.7,0.0,de,1
Inflations-Prognose,Inflations-Prognose,ORG,-1.0,0.0,de,1
Flächen-Paradox,Flächen-Paradox,ORG,0.0,0.0,de,1
Wehrdienst +++ London,Wehrdienst +++ London,ORG,0.7,0.0,de,1
Lateinamerika-Gipfel +++ Russland,Lateinamerika-Gipfel +++ Russland,ORG,0.7,0.0,de,1
Kerry,Kerry,ORG,0.0,0.0,de,1
Big Oil,Big Oil,ORG,0.0,0.0,de,1
Monaten +++,Monaten +++,ORG,0.0,0.0,de,1
deutschen Paket,deutschen Paket,ORG,0.0,0.0,de,1
Atomwaffenlager +++,Atomwaffenlager +++,ORG,0.0,0.0,de,1
+++ 16:10,+++ 16:10,ORG,0.0,0.0,de,1
Prigoschin +++,Prigoschin +++,ORG,0.0,0.0,de,1
US-Denkfabrik Institute for the Study of War zufo…,US-Denkfabrik Institute for the Study of War zufo…,ORG,0.0,0.0,de,1
deutsche Rüstungspaket,deutsche Rüstungspaket,ORG,0.0,0.0,de,1
II,II,ORG,0.0,0.0,de,1
Uk… Wolodymyr Selenskyj,Uk… Wolodymyr Selenskyj,ORG,0.0,0.0,de,1
Ukrainische GegenoffensiveEin,Ukrainische GegenoffensiveEin,ORG,0.0,0.0,de,1
ErdbeerenPreise,ErdbeerenPreise,ORG,0.7,0.0,de,1
RTL fü…,RTL fü…,ORG,0.0,0.0,de,1
+++ Die Meldungen,+++ Die Meldungen,ORG,0.0,0.0,de,1
NATO-Gipfel +++ Russland,NATO-Gipfel +++ Russland,ORG,0.7,0.0,de,1
Ukraine +++ NATO-Staaten,Ukraine +++ NATO-Staaten,ORG,0.7,0.0,de,1
Russland +++ Moskau,Russland +++ Moskau,ORG,0.7,0.0,de,1
++ Neues deutsches Waffenpaket,++ Neues deutsches Waffenpaket,ORG,0.0,0.0,de,1
Verbraucherzentrale,Verbraucherzentrale,ORG,0.0,0.0,de,1
Scalp-Raketen,Scalp-Raketen,ORG,0.7,0.0,de,1
Festspiele,Festspiele,ORG,0.0,0.0,de,1
Anthropo…,Anthropo…,ORG,0.0,0.0,de,1
Tablets,Tablets,ORG,0.7,0.0,de,1
Foldables Samsung …,Foldables Samsung …,ORG,0.7,0.0,de,1
grüne Klima-Kraftstoffe,grüne Klima-Kraftstoffe,ORG,0.0,0.0,de,1
KINO,KINO,ORG,0.0,0.0,de,1
sow…,sow…,ORG,0.0,0.0,de,1
Kiew Beitrittsperspektive +++,Kiew Beitrittsperspektive +++,ORG,0.0,0.0,de,1
Russischer Militär,Russischer Militär,ORG,0.0,0.0,de,1
Duda +++,Duda +++,ORG,0.0,0.0,de,1
Transpor…,Transpor…,ORG,0.0,0.0,de,1
Instrument fü,Instrument fü,ORG,0.0,0.0,de,1
Instrument fü…,Instrument fü…,ORG,0.0,0.0,de,1
Crash-Propheten,Crash-Propheten,ORG,0.0,0.0,de,1
Pressetelefons,Pressetelefons,ORG,-1.0,0.0,de,1
Die bayerische Polizei,Die bayerische Polizei,ORG,0.7,0.0,de,1
Not …,Not …,ORG,0.7,0.0,de,1
Aktion der „Letzten Generation“,Aktion der „Letzten Generation“,ORG,0.0,0.0,de,1
grüne Wirtschaftswunder!,grüne Wirtschaftswunder!,ORG,0.0,0.0,de,1
USA +++ London,USA +++ London,ORG,0.0,0.0,de,1
THORSTEN,THORSTEN,ORG,0.0,0.0,de,1
Nato-Mi…,Nato-Mi…,ORG,0.0,0.0,de,1
Abwehrpläne ++,Abwehrpläne ++,ORG,0.0,0.0,de,1
i… Saudi-Arabien,i… Saudi-Arabien,ORG,0.0,0.0,de,1
USA +++ Selenskyj,USA +++ Selenskyj,ORG,-0.7,0.0,de,1
Nationalgarde +++  ,Nationalgarde +++  ,ORG,-0.7,0.0,de,1
Zeit zwisc…,Zeit zwisc…,ORG,0.0,0.0,de,1
Krim-Eroberung,Krim-Eroberung,ORG,0.0,0.0,de,1
US-Entschei,US-Entschei,ORG,1.0,0.0,de,1
frontnahe Stadt Orichiw +++ Russland,frontnahe Stadt Orichiw +++ Russland,ORG,0.0,0.0,de,1
Russland +++ Kreml,Russland +++ Kreml,ORG,0.1333333333333333,0.0,de,1
Prigoschin +++ London,Prigoschin +++ London,ORG,0.1333333333333333,0.0,de,1
Borussia Mönchengladbachs,Borussia Mönchengladbachs,ORG,0.0,0.0,de,1
Polizeipräsidium München,Polizeipräsidium München,ORG,0.0,0.0,de,1
International Cooperation for Animal Research Using Space,International Cooperation for Animal Research Using Space,ORG,0.0,0.0,de,1
Extremwetter …,Extremwetter …,ORG,0.0,0.0,de,1
Melokea,Melokea,ORG,0.7,0.0,de,1
Universität Wien bet…,Universität Wien bet…,ORG,0.0,0.0,de,1
ÖVP-Mandatar,ÖVP-Mandatar,ORG,0.0,0.0,de,1
Meloni-Vertraute,Meloni-Vertraute,ORG,0.0,0.0,de,1
action press,action press,ORG,-0.15000000000000002,0.0,de,1
ukrainische Gesellschaft +++ -,ukrainische Gesellschaft +++ -,ORG,0.0,0.0,de,1
ukrainische Gesellschaft +++  n-tv,ukrainische Gesellschaft +++  n-tv,ORG,0.0,0.0,de,1
Belarus +++ Biden,Belarus +++ Biden,ORG,0.7,0.0,de,1
Ukraine-News ++ Ukraine,Ukraine-News ++ Ukraine,ORG,0.0,0.0,de,1
Wagner-Söldnern …,Wagner-Söldnern …,ORG,0.0,0.0,de,1
griechisc…,griechisc…,ORG,0.0,0.0,de,1
Endes des russischen Angriffskrieges,Endes des russischen Angriffskrieges,ORG,0.0,0.0,de,1
Saporischschja +++ USA,Saporischschja +++ USA,ORG,0.7,0.0,de,1
Militärapparats +++ Putin,Militärapparats +++ Putin,ORG,-1.0,0.0,de,1
Polizei mitteil…,Polizei mitteil…,ORG,-0.85,0.0,de,1
Mörfelden-Walld…,Mörfelden-Walld…,ORG,-0.7,0.0,de,1
Bachmut  +++,Bachmut  +++,ORG,0.0,0.0,de,1
Getreideabkommen +++ Explosionen,Getreideabkommen +++ Explosionen,ORG,0.0,0.0,de,1
Migrationsfreundlicher Kurs,Migrationsfreundlicher Kurs,ORG,0.0,0.0,de,1
Krim-Brücke +++ Putin,Krim-Brücke +++ Putin,ORG,0.0,0.0,de,1
Geldwäsche,Geldwäsche,ORG,-0.5249999999999999,0.0,de,1
Digitalbank,Digitalbank,ORG,0.0,0.0,de,1
Krim-Brücke +++,Krim-Brücke +++,ORG,-0.7,0.0,de,1
Verfassungsgericht2,Verfassungsgericht2,ORG,0.0,0.0,de,1
Behavioural Finance,Behavioural Finance,ORG,0.0,0.0,de,1
Verhaltenswissenscha…,Verhaltenswissenscha…,ORG,0.0,0.0,de,1
Libysche Grenzbeamte,Libysche Grenzbeamte,ORG,0.0,0.0,de,1
Koalitionspartners,Koalitionspartners,ORG,0.0,0.0,de,1
Toiletten-Gang Energie,Toiletten-Gang Energie,ORG,0.85,0.0,de,1
WC-Gang,WC-Gang,ORG,0.7,0.0,de,1
Sicherheitsallianz ++,Sicherheitsallianz ++,ORG,0.0,0.0,de,1
Preisunterschiede für Verbra,Preisunterschiede für Verbra,ORG,0.0,0.0,de,1
Lebensversicherer,Lebensversicherer,ORG,0.0,0.0,de,1
Sicherheitskonferenz…,Sicherheitskonferenz…,ORG,0.0,0.0,de,1
Verteidigungsministerium +++ Russisches Staatsfernsehen,Verteidigungsministerium +++ Russisches Staatsfernsehen,ORG,-0.15000000000000002,0.0,de,1
ranghohem General +++,ranghohem General +++,ORG,-0.15000000000000002,0.0,de,1
Kiew +++ Russischer Armeegeneral,Kiew +++ Russischer Armeegeneral,ORG,-0.7,0.0,de,1
+++ Wagner-Armee,+++ Wagner-Armee,ORG,-0.7,0.0,de,1
Unterschiede,Unterschiede,ORG,0.0,0.0,de,1
Abermilliarden,Abermilliarden,ORG,-0.7,0.0,de,1
IAA Mobility,IAA Mobility,ORG,0.0,0.0,de,1
G7-Sicherheitspakts +++ Streumunition,G7-Sicherheitspakts +++ Streumunition,ORG,0.0,0.0,de,1
Deutschlan…,Deutschlan…,ORG,0.7,0.0,de,1
Offensive ++,Offensive ++,ORG,0.0,0.0,de,1
Kiewer Offensive,Kiewer Offensive,ORG,0.0,0.0,de,1
Ukraine pa… Man,Ukraine pa… Man,ORG,1.0,0.0,de,1
Grüne Warnungen,Grüne Warnungen,ORG,1.0,0.0,de,1
Our Body,Our Body,ORG,0.0,0.0,de,1
Ehrenlegion,Ehrenlegion,ORG,0.0,0.0,de,1
Ritter der Ehrenlegion,Ritter der Ehrenlegion,ORG,0.7,0.0,de,1
Schornsteinfeger-Innung,Schornsteinfeger-Innung,ORG,0.0,0.0,de,1
VW-Gruppe,VW-Gruppe,ORG,0.0,0.0,de,1
Reisebr…,Reisebr…,ORG,0.0,0.0,de,1
Wuns…,Wuns…,ORG,0.0,0.0,de,1
Gele…,Gele…,ORG,0.0,0.0,de,1
Ukraine ++  ,Ukraine ++  ,ORG,0.0,0.0,de,1
Ukraine News,Ukraine News,ORG,0.0,0.0,de,1
Internationale Energie Agentur,Internationale Energie Agentur,ORG,1.0,0.0,de,1
RSF u,RSF u,ORG,0.0,0.0,de,1
Bundesakademie für Sicherhei…,Bundesakademie für Sicherhei…,ORG,0.0,0.0,de,1
Militärallianz +++,Militärallianz +++,ORG,-1.0,0.0,de,1
Mali,Mali,ORG,0.0,0.0,de,1
Einnahme Bachmuts,Einnahme Bachmuts,ORG,0.0,0.0,de,1
Bachmuts fähig +++ Russland,Bachmuts fähig +++ Russland,ORG,-0.2333333333333333,0.0,de,1
StartupTicker +++ Zenjob,StartupTicker +++ Zenjob,ORG,0.0,0.0,de,1
Complori +++ Identitätsdiebstahl,Complori +++ Identitätsdiebstahl,ORG,0.0,0.0,de,1
Finanzguru +++ ClimateTech-Startups sammeln Rekordsumme,Finanzguru +++ ClimateTech-Startups sammeln Rekordsumme,ORG,0.0,0.0,de,1
Westwing-Gründerin Delia Lachance +,Westwing-Gründerin Delia Lachance +,ORG,0.0,0.0,de,1
VaillantDie Heizungsindustrie,VaillantDie Heizungsindustrie,ORG,0.7,0.0,de,1
FDP nervt +,FDP nervt +,ORG,-1.0,0.0,de,1
Heizungs-Hoffnung,Heizungs-Hoffnung,ORG,0.0,0.0,de,1
North Sea Transition Authority,North Sea Transition Authority,ORG,0.7,0.0,de,1
Holzpellet-Werk Wismar,Holzpellet-Werk Wismar,ORG,0.0,0.0,de,1
brandenb…,brandenb…,ORG,-0.15000000000000002,0.0,de,1
NATO-Beitritt +++ Söldnertruppe,NATO-Beitritt +++ Söldnertruppe,ORG,-0.7,0.0,de,1
Internationalen Skiverband,Internationalen Skiverband,ORG,0.0,0.0,de,1
Weltcup-Kalenders,Weltcup-Kalenders,ORG,0.0,0.0,de,1
Initiative Protect Our Winters,Initiative Protect Our Winters,ORG,0.7,0.0,de,1
"Blockaden</li><li>""Letzte Generation","Blockaden</li><li>""Letzte Generation",ORG,-0.43333333333333335,0.0,de,1
Aktivisten-Grupp…,Aktivisten-Grupp…,ORG,0.0,0.0,de,1
Pass…,Pass…,ORG,0.0,0.0,de,1
"Reuters-Videokanal"",""mainTheme"":""Video"",""durationInSeconds"":""01:24"",""tags"":[""Video""],""autoListing"":true,""seoData"":{""seoTitle"":"""",""seoDescripti…","Reuters-Videokanal"",""mainTheme"":""Video"",""durationInSeconds"":""01:24"",""tags"":[""Video""],""autoListing"":true,""seoData"":{""seoTitle"":"""",""seoDescripti…",ORG,0.7,0.0,de,1
Drogenschmuggel,Drogenschmuggel,ORG,0.0,0.0,de,1
Asyl +++ EU-Militärhilfe,Asyl +++ EU-Militärhilfe,ORG,-0.7,0.0,de,1
Nord Stream-Anschläge,Nord Stream-Anschläge,ORG,-0.2333333333333333,0.0,de,1
Northern Ruler,Northern Ruler,ORG,0.7,0.0,de,1
ode…,ode…,ORG,0.0,0.0,de,1
Tiroler Imkerinnen und …,Tiroler Imkerinnen und …,ORG,0.0,0.0,de,1
FC Bayern!,FC Bayern!,ORG,0.0,0.0,de,1
Wissenschaf…,Wissenschaf…,ORG,0.0,0.0,de,1
Finanz Maklerservice GmbH,Finanz Maklerservice GmbH,ORG,0.0,0.0,de,1
US-Generalstaatsanwälten,US-Generalstaatsanwälten,ORG,0.0,0.0,de,1
Cl…,Cl…,ORG,0.0,0.0,de,1
Rally,Rally,ORG,0.0,0.0,de,1
Japans Börse,Japans Börse,ORG,0.0,0.0,de,1
Allensbach-Instituts,Allensbach-Instituts,ORG,0.0,0.0,de,1
Stuttgarter Zulieferer,Stuttgarter Zulieferer,ORG,0.7,0.0,de,1
Devad Karahasans,Devad Karahasans,ORG,0.0,0.0,de,1
wur…,wur…,ORG,0.0,0.0,de,1
Verteidigungsministeriums der Ukraine,Verteidigungsministeriums der Ukraine,ORG,0.0,0.0,de,1
italienischen Bischofskonferenz,italienischen Bischofskonferenz,ORG,0.0,0.0,de,1
Honig eingetra…,Honig eingetra…,ORG,0.0,0.0,de,1
Ukraine  +++ Moskau,Ukraine  +++ Moskau,ORG,0.0,0.0,de,1
Architekturbiennale von Venedig,Architekturbiennale von Venedig,ORG,1.0,0.0,de,1
Spieg…,Spieg…,ORG,0.7,0.0,de,1
"Reuters-Videokanal"",""mainTheme"":""Video"",""durationInSeconds"":""01:14"",""tags"":[""Video""],""autoListing"":true,""seoData"":{""seoTitle"":"""",""seoDescripti…","Reuters-Videokanal"",""mainTheme"":""Video"",""durationInSeconds"":""01:14"",""tags"":[""Video""],""autoListing"":true,""seoData"":{""seoTitle"":"""",""seoDescripti…",ORG,0.7,0.0,de,1
FH Vorarlberg,FH Vorarlberg,ORG,0.0,0.0,de,1
ORF Vorarlberg-Interview…,ORF Vorarlberg-Interview…,ORG,0.0,0.0,de,1
Sunak…,Sunak…,ORG,0.0,0.0,de,1
Obama +++,Obama +++,ORG,-0.7,0.0,de,1
Waffenhilfe für Kiew,Waffenhilfe für Kiew,ORG,0.0,0.0,de,1
General Dynamics,General Dynamics,ORG,0.0,0.0,de,1
LukaschenkoLukaschenkos,LukaschenkoLukaschenkos,ORG,0.0,0.0,de,1
LNG Terminals in,LNG Terminals in,ORG,0.0,0.0,de,1
Angriff auf Russland,Angriff auf Russland,ORG,0.0,0.0,de,1
Fabio PanettaDer EZB-Rat,Fabio PanettaDer EZB-Rat,ORG,0.0,0.0,de,1
Autorität…,Autorität…,ORG,0.0,0.0,de,1
Diehl Defence,Diehl Defence,ORG,0.0,0.0,de,1
Wagner-Chef,Wagner-Chef,ORG,0.0,0.0,de,1
Mali +++,Mali +++,ORG,0.0,0.0,de,1
Nord-Stream-Gaspipelines…,Nord-Stream-Gaspipelines…,ORG,0.0,0.0,de,1
Arkt…,Arkt…,ORG,0.7,0.0,de,1
steh…,steh…,ORG,-0.7,0.0,de,1
Klimafreundliche Neubauten,Klimafreundliche Neubauten,ORG,-1.0,0.0,de,1
Minister Habeck …,Minister Habeck …,ORG,0.0,0.0,de,1
TU Bergakademie Freiberg,TU Bergakademie Freiberg,ORG,0.0,0.0,de,1
russischem Territorium +++,russischem Territorium +++,ORG,0.0,0.0,de,1
Wagner-Söldner +++,Wagner-Söldner +++,ORG,0.0,0.0,de,1
SSU,SSU,ORG,0.0,0.0,de,1
Klinik +++,Klinik +++,ORG,0.0,0.0,de,1
Euromaidan Press,Euromaidan Press,ORG,0.0,0.0,de,1
Royal Air Force,Royal Air Force,ORG,-1.0,0.0,de,1
britischen Luftstreitkräfte,britischen Luftstreitkräfte,ORG,-0.85,0.0,de,1
Oleksiy Danilov,Oleksiy Danilov,ORG,0.7,0.0,de,1
Zivilsten +++,Zivilsten +++,ORG,0.0,0.0,de,1
Gesundheitsdiensten +++,Gesundheitsdiensten +++,ORG,0.0,0.0,de,1
Bedingu…,Bedingu…,ORG,0.0,0.0,de,1
Kiew-Eroberung +++,Kiew-Eroberung +++,ORG,0.0,0.0,de,1
Streitkräfte +++,Streitkräfte +++,ORG,0.0,0.0,de,1
Wirtschaftsmin…,Wirtschaftsmin…,ORG,0.7,0.0,de,1
Leipziger Jusos,Leipziger Jusos,ORG,-1.0,0.0,de,1
Christi…,Christi…,ORG,0.0,0.0,de,1
Arsenij Jaz…,Arsenij Jaz…,ORG,0.0,0.0,de,1
europäischen Kontinents,europäischen Kontinents,ORG,0.7,0.0,de,1
deutschen Gepard-Panzern,deutschen Gepard-Panzern,ORG,0.0,0.0,de,1
Haruki Murakami,Haruki Murakami,ORG,0.0,0.0,de,1
EU Mega-Krisen,EU Mega-Krisen,ORG,1.0,0.0,de,1
"dpa-Videokanal"",""mainTheme"":""Video"",""durationInSeconds"":""01:29"",""tags"":[""Video""],""autoListing"":true,""seoData"":{""seoTitle"":"""",""seoDescription","dpa-Videokanal"",""mainTheme"":""Video"",""durationInSeconds"":""01:29"",""tags"":[""Video""],""autoListing"":true,""seoData"":{""seoTitle"":"""",""seoDescription",ORG,0.7,0.0,de,1
EU-Textes,EU-Textes,ORG,0.0,0.0,de,1
FrankreichDie Regierung,FrankreichDie Regierung,ORG,0.7,0.0,de,1
"Reuters-Videokanal"",""mainTheme"":""Video"",""durationInSeconds"":""02:13"",""tags"":[""Video""],""autoListing"":true,""seoData"":{""seoTitle"":"""",""seoDescripti…","Reuters-Videokanal"",""mainTheme"":""Video"",""durationInSeconds"":""02:13"",""tags"":[""Video""],""autoListing"":true,""seoData"":{""seoTitle"":"""",""seoDescripti…",ORG,0.7,0.0,de,1
Otto Group,Otto Group,ORG,0.0,0.0,de,1
B… AMD,B… AMD,ORG,0.7,0.0,de,1
Russland +++ ISW,Russland +++ ISW,ORG,-0.6999999999999998,0.0,de,1
Bachmut +++ USA,Bachmut +++ USA,ORG,-0.6999999999999998,0.0,de,1
Brand +++ Russland,Brand +++ Russland,ORG,-0.7,0.0,de,1
Pipelines +++ Prigoschin,Pipelines +++ Prigoschin,ORG,-0.7,0.0,de,1
Russland +++ +++ Russische Miliz,Russland +++ +++ Russische Miliz,ORG,0.0,0.0,de,1
Niederländischer Notenbankchef,Niederländischer Notenbankchef,ORG,0.0,0.0,de,1
Kampfjets +++ Die,Kampfjets +++ Die,ORG,0.7,0.0,de,1
Fairtrade Deutschland,Fairtrade Deutschland,ORG,0.0,0.0,de,1
besse…,besse…,ORG,0.0,0.0,de,1
Putins Elite,Putins Elite,ORG,0.0,0.0,de,1
Abgefangene Nachrichten,Abgefangene Nachrichten,ORG,0.0,0.0,de,1
Wirtschaftsl…,Wirtschaftsl…,ORG,0.0,0.0,de,1
Pipelines +++ Wagner-Chef,Pipelines +++ Wagner-Chef,ORG,-0.7,0.0,de,1
Weckruf Rezession,Weckruf Rezession,ORG,0.0,0.0,de,1
FC Bayern i…,FC Bayern i…,ORG,0.0,0.0,de,1
Pipelines +++,Pipelines +++,ORG,0.0,0.0,de,1
Pia HeinemannMit,Pia HeinemannMit,ORG,0.7,0.0,de,1
Bundesliga-Spieltags,Bundesliga-Spieltags,ORG,0.0,0.0,de,1
Sachsen München,Sachsen München,ORG,0.0,0.0,de,1
Wasserstoffproduktion für Industrie,Wasserstoffproduktion für Industrie,ORG,1.0,0.0,de,1
<ol><li>„Putin,<ol><li>„Putin,ORG,0.0,0.0,de,1
Prigoschins Ausfällen +++,Prigoschins Ausfällen +++,ORG,-0.7,0.0,de,1
Internetmedium …,Internetmedium …,ORG,0.0,0.0,de,1
Neandertaler-DNA,Neandertaler-DNA,ORG,-1.0,0.0,de,1
DNA-Abschnitte,DNA-Abschnitte,ORG,0.0,0.0,de,1
werd…,werd…,ORG,-1.0,0.0,de,1
Cancom,Cancom,ORG,-1.0,0.0,de,1
Zwei-Prozent-Ziel der europäischen Zentralbank,Zwei-Prozent-Ziel der europäischen Zentralbank,ORG,0.0,0.0,de,1
Präse…,Präse…,ORG,0.0,0.0,de,1
Luong…,Luong…,ORG,0.0,0.0,de,1
Donnerstag d…,Donnerstag d…,ORG,0.0,0.0,de,1
Alternativna TV,Alternativna TV,ORG,0.0,0.0,de,1
Selenskyj-Besuch +++,Selenskyj-Besuch +++,ORG,0.0,0.0,de,1
Zentrums von Berlin,Zentrums von Berlin,ORG,0.0,0.0,de,1
Währungsentwicklu…,Währungsentwicklu…,ORG,0.7,0.0,de,1
DDR-Grenzer,DDR-Grenzer,ORG,0.0,0.0,de,1
Selenskyj +++ Ukraine,Selenskyj +++ Ukraine,ORG,-1.0,0.0,de,1
Sperrmüll,Sperrmüll,ORG,0.0,0.0,de,1
LNG-Pläne,LNG-Pläne,ORG,-0.5,0.0,de,1
Flucht a…,Flucht a…,ORG,0.0,0.0,de,1
Bergankunft a… Bais,Bergankunft a… Bais,ORG,0.7,0.0,de,1
Sanktionspaket +++ ESC-Veranstalter,Sanktionspaket +++ ESC-Veranstalter,ORG,-1.0,0.0,de,1
Selenskyj  +++,Selenskyj  +++,ORG,-1.0,0.0,de,1
Neue Warnsignale,Neue Warnsignale,ORG,0.0,0.0,de,1
Belarussen +++,Belarussen +++,ORG,0.0,0.0,de,1
Rheinmet…,Rheinmet…,ORG,0.0,0.0,de,1
Russen-Botschaft,Russen-Botschaft,ORG,0.0,0.0,de,1
AfD-Politikern,AfD-Politikern,ORG,0.7,0.0,de,1
Unterschiede zu Deutschlands Grünen,Unterschiede zu Deutschlands Grünen,ORG,0.0,0.0,de,1
PT1 Ventures,PT1 Ventures,ORG,1.0,0.0,de,1
EU-Ländern +++ Prigoschin,EU-Ländern +++ Prigoschin,ORG,-1.0,0.0,de,1
Wagner“-Boss,Wagner“-Boss,ORG,0.0,0.0,de,1
Europäische Volkspartei,Europäische Volkspartei,ORG,0.0,0.0,de,1
Gefechten +++,Gefechten +++,ORG,0.0,0.0,de,1
NATO-Grenzfluss +++,NATO-Grenzfluss +++,ORG,0.7,0.0,de,1
AFP-Journalisten,AFP-Journalisten,ORG,0.0,0.0,de,1
Anti-Terror-Staatsan…,Anti-Terror-Staatsan…,ORG,0.0,0.0,de,1
Munitions-Mangel +++,Munitions-Mangel +++,ORG,-1.0,0.0,de,1
F.A.Z.-…,F.A.Z.-…,ORG,0.0,0.0,de,1
Trauzeugen-Affäre3,Trauzeugen-Affäre3,ORG,0.0,0.0,de,1
still4,still4,ORG,0.0,0.0,de,1
Bed & Breakfasts,Bed & Breakfasts,ORG,0.0,0.0,de,1
Trauma,Trauma,ORG,0.0,0.0,de,1
ETF-Handel,ETF-Handel,ORG,0.0,0.0,de,1
Finanz-App Revolut,Finanz-App Revolut,ORG,0.0,0.0,de,1
Controllern,Controllern,ORG,0.0,0.0,de,1
Kampfeinsatz +++ USA,Kampfeinsatz +++ USA,ORG,-1.0,0.0,de,1
EU-Ländern +++,EU-Ländern +++,ORG,-1.0,0.0,de,1
AfD-Bossen,AfD-Bossen,ORG,0.0,0.0,de,1
Russen-Botschaft!,Russen-Botschaft!,ORG,0.0,0.0,de,1
Terror-Organisation +++ Der Newsblog,Terror-Organisation +++ Der Newsblog,ORG,0.0,0.0,de,1
Rekrutierungsbüros Schlange,Rekrutierungsbüros Schlange,ORG,0.0,0.0,de,1
Hauswand ange…,Hauswand ange…,ORG,-0.75,0.0,de,1
US-Aktienanleger,US-Aktienanleger,ORG,1.0,0.0,de,1
Artilleriegeschosse +++,Artilleriegeschosse +++,ORG,0.0,0.0,de,1
Handels-App Trade Republic,Handels-App Trade Republic,ORG,0.7,0.0,de,1
Cyprianerho…,Cyprianerho…,ORG,0.0,0.0,de,1
Finance-Forward-Konferenz,Finance-Forward-Konferenz,ORG,0.7,0.0,de,1
Sunak +++ Der Newsblog,Sunak +++ Der Newsblog,ORG,0.0,0.0,de,1
Hyperschallraketen +++,Hyperschallraketen +++,ORG,0.0,0.0,de,1
Sorgenf…,Sorgenf…,ORG,0.0,0.0,de,1
Handelsblatt Live,Handelsblatt Live,ORG,0.7,0.0,de,1
KSE-Abrüstungsvertrag,KSE-Abrüstungsvertrag,ORG,0.0,0.0,de,1
Hausbesitzer,Hausbesitzer,ORG,-1.0,0.0,de,1
h… <ul><li,h… <ul><li,ORG,0.0,0.0,de,1
Wärmepump…,Wärmepump…,ORG,0.85,0.0,de,1
KSE-Abrüstungsvertrag +++ London,KSE-Abrüstungsvertrag +++ London,ORG,-0.7,0.0,de,1
OK!,OK!,ORG,0.0,0.0,de,1
Ukraine Kampfjets,Ukraine Kampfjets,ORG,0.0,0.0,de,1
Vorbesitzern,Vorbesitzern,ORG,0.0,0.0,de,1
Unstoppable Finance,Unstoppable Finance,ORG,0.0,0.0,de,1
Decentralized Finance,Decentralized Finance,ORG,0.0,0.0,de,1
Amerikaner +++ Russland,Amerikaner +++ Russland,ORG,-1.0,0.0,de,1
Hyperschallraketen +++ Scholz,Hyperschallraketen +++ Scholz,ORG,-1.0,0.0,de,1
Thinktanks,Thinktanks,ORG,0.0,0.0,de,1
Klima-Thinktanks,Klima-Thinktanks,ORG,0.0,0.0,de,1
RSF zugutekamen,RSF zugutekamen,ORG,0.0,0.0,de,1
Erneuerbaren-Ausbau,Erneuerbaren-Ausbau,ORG,0.0,0.0,de,1
Amerikaner +++,Amerikaner +++,ORG,-0.5,0.0,de,1
Domain-Endung,Domain-Endung,ORG,0.0,0.0,de,1
Saturn-Monde,Saturn-Monde,ORG,0.7999999999999999,0.0,de,1
WM-Limit,WM-Limit,ORG,0.0,0.0,de,1
Zentralver…,Zentralver…,ORG,1.0,0.0,de,1
Bachmut +++ Selenski,Bachmut +++ Selenski,ORG,0.0,0.0,de,1
Bremer Grünen,Bremer Grünen,ORG,0.0,0.0,de,1
Bremen-Wahl,Bremen-Wahl,ORG,-1.0,0.0,de,1
Bachmut +++  ,Bachmut +++  ,ORG,0.0,0.0,de,1
Forspoken-Entwicklerteam unmi…,Forspoken-Entwicklerteam unmi…,ORG,0.0,0.0,de,1
Islamischer Dschihad,Islamischer Dschihad,ORG,0.0,0.0,de,1
Islamischen Dschihad,Islamischen Dschihad,ORG,1.0,0.0,de,1
Palästinenserorganisation Islamischer Dschihad,Palästinenserorganisation Islamischer Dschihad,ORG,0.0,0.0,de,1
US-Zeitung,US-Zeitung,ORG,0.0,0.0,de,1
Tvorchi,Tvorchi,ORG,0.0,0.0,de,1
ESC-Auftritt +++ Selenskyj,ESC-Auftritt +++ Selenskyj,ORG,-0.07500000000000001,0.0,de,1
Zuwac…,Zuwac…,ORG,0.0,0.0,de,1
Bundesamts für Migration und Flüchtlinge,Bundesamts für Migration und Flüchtlinge,ORG,0.0,0.0,de,1
Seekabel,Seekabel,ORG,0.7,0.0,de,1
Freiheit Europas,Freiheit Europas,ORG,0.0,0.0,de,1
DFB-Vizepräsident,DFB-Vizepräsident,ORG,0.0,0.0,de,1
Schwächelnde Grünen,Schwächelnde Grünen,ORG,-1.0,0.0,de,1
DFB-Vizep…,DFB-Vizep…,ORG,0.0,0.0,de,1
Russen!,Russen!,ORG,0.0,0.0,de,1
Regionale Gasve…,Regionale Gasve…,ORG,0.0,0.0,de,1
inst…,inst…,ORG,0.7,0.0,de,1
SPD-Parteimitglied,SPD-Parteimitglied,ORG,0.0,0.0,de,1
Ortsver…,Ortsver…,ORG,0.0,0.0,de,1
Bundesschiedskommission,Bundesschiedskommission,ORG,-1.0,0.0,de,1
SPD-Sc…,SPD-Sc…,ORG,0.0,0.0,de,1
Finanzinvestor Hannover Finanz,Finanzinvestor Hannover Finanz,ORG,0.0,0.0,de,1
CDU-Onlinekampagne,CDU-Onlinekampagne,ORG,0.0,0.0,de,1
Heizungspläne der Ampel,Heizungspläne der Ampel,ORG,0.7,0.0,de,1
dro…,dro…,ORG,0.0,0.0,de,1
Vorabbericht…,Vorabbericht…,ORG,0.0,0.0,de,1
Ukraine-News ++ Ukrainische Armee,Ukraine-News ++ Ukrainische Armee,ORG,1.0,0.0,de,1
CDU-Mitglieder,CDU-Mitglieder,ORG,0.0,0.0,de,1
Wohneinheite…,Wohneinheite…,ORG,0.0,0.0,de,1
Dnipropetrowsk +++,Dnipropetrowsk +++,ORG,0.0,0.0,de,1
Zwei-Prozent-Inflation,Zwei-Prozent-Inflation,ORG,-1.0,0.0,de,1
Neue Geld-Krise!,Neue Geld-Krise!,ORG,0.0,0.0,de,1
ADEM,ADEM,ORG,-1.0,0.0,de,1
Thorium-Reaktoren…,Thorium-Reaktoren…,ORG,0.0,0.0,de,1
türkisc…,türkisc…,ORG,0.0,0.0,de,1
Olympiap…,Olympiap…,ORG,0.0,0.0,de,1
Ukrainische Angr…,Ukrainische Angr…,ORG,0.0,0.0,de,1
Kirchentag,Kirchentag,ORG,0.0,0.0,de,1
Donezk +++ Deutschlands,Donezk +++ Deutschlands,ORG,0.0,0.0,de,1
"CC-Zero
","CC-Zero
",ORG,0.0,0.0,de,1
Eldagsens Mission,Eldagsens Mission,ORG,1.0,0.0,de,1
SWPA,SWPA,ORG,0.0,0.0,de,1
HomeKit,HomeKit,ORG,0.0,0.0,de,1
Müllhalde“ +++ London,Müllhalde“ +++ London,ORG,0.0,0.0,de,1
Front +++ Scholz,Front +++ Scholz,ORG,0.0,0.0,de,1
Müllhalde +++ London,Müllhalde +++ London,ORG,0.0,0.0,de,1
Gesellschaft: Krieg und Klima,Gesellschaft: Krieg und Klima,ORG,0.0,0.0,de,1
Putins Apparat,Putins Apparat,ORG,0.0,0.0,de,1
Nord-Stream-Sabotage +++ Ukrainisches Militär,Nord-Stream-Sabotage +++ Ukrainisches Militär,ORG,0.0,0.0,de,1
Ukrainischer A,Ukrainischer A,ORG,0.0,0.0,de,1
Oberkomma…,Oberkomma…,ORG,0.0,0.0,de,1
demons…,demons…,ORG,0.0,0.0,de,1
Evangelischen Kirche…,Evangelischen Kirche…,ORG,0.0,0.0,de,1
Beigeschmack,Beigeschmack,ORG,1.0,0.0,de,1
CDU-Verein,CDU-Verein,ORG,0.0,0.0,de,1
Wasserwerfer…,Wasserwerfer…,ORG,0.0,0.0,de,1
Colorado,Colorado,ORG,1.0,0.0,de,1
begegn…,begegn…,ORG,0.0,0.0,de,1
Giorgos Moutafis Russland,Giorgos Moutafis Russland,ORG,0.0,0.0,de,1
Pipeline-Explosion +++ Russische Medien,Pipeline-Explosion +++ Russische Medien,ORG,-0.43333333333333335,0.0,de,1
Saporischschja normal +++,Saporischschja normal +++,ORG,-0.43333333333333335,0.0,de,1
Staudamm +++ Moskau,Staudamm +++ Moskau,ORG,-0.5,0.0,de,1
Getreidedeal +,Getreidedeal +,ORG,-0.5,0.0,de,1
För…,För…,ORG,0.0,0.0,de,1
Rotem Kreuz,Rotem Kreuz,ORG,0.7,0.0,de,1
Südukraine  ,Südukraine  ,ORG,0.0,0.0,de,1
Programmheft,Programmheft,ORG,0.0,0.0,de,1
Budget,Budget,ORG,-1.0,0.0,de,1
Vereinten …,Vereinten …,ORG,0.0,0.0,de,1
AfD …,AfD …,ORG,0.0,0.0,de,1
Klima-Kris…,Klima-Kris…,ORG,0.0,0.0,de,1
Schwade…,Schwade…,ORG,0.0,0.0,de,1
Cherson +++ Fast,Cherson +++ Fast,ORG,0.0,0.0,de,1
EU-Agentur,EU-Agentur,ORG,0.0,0.0,de,1
FRA,FRA,ORG,0.0,0.0,de,1
Deutschen Presse…,Deutschen Presse…,ORG,0.0,0.0,de,1
Problemfall,Problemfall,ORG,0.0,0.0,de,1
SUVs,SUVs,ORG,0.0,0.0,de,1
AMP,AMP,ORG,0.0,0.0,de,1
Motive Partners,Motive Partners,ORG,0.0,0.0,de,1
TIFIN,TIFIN,ORG,0.0,0.0,de,1
BOULDER,BOULDER,ORG,1.0,0.0,de,1
Behörd…,Behörd…,ORG,0.0,0.0,de,1
Tradi…,Tradi…,ORG,0.0,0.0,de,1
Sipri-Forschungsinstitut,Sipri-Forschungsinstitut,ORG,0.0,0.0,de,1
Freiwilligenkorps RDK,Freiwilligenkorps RDK,ORG,0.0,0.0,de,1
Desktop-PC,Desktop-PC,ORG,0.0,0.0,de,1
Smartphone-GPU,Smartphone-GPU,ORG,0.0,0.0,de,1
Chaos-Bilanz,Chaos-Bilanz,ORG,0.0,0.0,de,1
Nationale Sicherheitsstrategie Deutschlands,Nationale Sicherheitsstrategie Deutschlands,ORG,0.0,0.0,de,1
Nationalen Sicherheitsstrategie Deutschlands,Nationalen Sicherheitsstrategie Deutschlands,ORG,0.0,0.0,de,1
Panzer-Ersatz +++ Russland,Panzer-Ersatz +++ Russland,ORG,0.0,0.0,de,1
iranische Kamikaze-Drohnen +++ Die,iranische Kamikaze-Drohnen +++ Die,ORG,0.0,0.0,de,1
Deutsche Leasing,Deutsche Leasing,ORG,0.0,0.0,de,1
Leasingtochter der deutschen…,Leasingtochter der deutschen…,ORG,0.0,0.0,de,1
US-Beamt…,US-Beamt…,ORG,0.0,0.0,de,1
Kachowka-Staudamm  ,Kachowka-Staudamm  ,ORG,0.0,0.0,de,1
Lomond School,Lomond School,ORG,0.15000000000000002,0.0,de,1
aller­orts,aller­orts,ORG,-0.7,0.0,de,1
EU-Mitgl…,EU-Mitgl…,ORG,0.0,0.0,de,1
Flüchtlingsza…,Flüchtlingsza…,ORG,0.0,0.0,de,1
Erde… Berlin,Erde… Berlin,ORG,0.0,0.0,de,1
F-18-Kampfflugzeugen +++,F-18-Kampfflugzeugen +++,ORG,-0.7,0.0,de,1
Heiz-Hammer!,Heiz-Hammer!,ORG,0.0,0.0,de,1
Brüssel +++ Lawrow,Brüssel +++ Lawrow,ORG,-1.0,0.0,de,1
Deutsche Institut für Wirtsch…,Deutsche Institut für Wirtsch…,ORG,0.0,0.0,de,1
go…,go…,ORG,0.0,0.0,de,1
Finanzplatz,Finanzplatz,ORG,0.0,0.0,de,1
Finance City Hamburg GmbH,Finance City Hamburg GmbH,ORG,0.0,0.0,de,1
Klima-Kommunisten,Klima-Kommunisten,ORG,0.0,0.0,de,1
Hamburgs Hafen-Chefs,Hamburgs Hafen-Chefs,ORG,-1.0,0.0,de,1
BFW,BFW,ORG,0.0,0.0,de,1
Bundesverband Deutsche Berufsförderungswerke,Bundesverband Deutsche Berufsförderungswerke,ORG,0.0,0.0,de,1
StäV,StäV,ORG,1.0,0.0,de,1
NATO-Mitgliedsländer,NATO-Mitgliedsländer,ORG,0.0,0.0,de,1
Schweizerische Kreditanstalt,Schweizerische Kreditanstalt,ORG,0.7,0.0,de,1
Man City,Man City,ORG,0.0,0.0,de,1
Aldi,Aldi,ORG,1.0,0.0,de,1
dm & Co,dm & Co,ORG,1.0,0.0,de,1
Amazon.de,Amazon.de,ORG,0.0,0.0,de,1
Ukraine-Spiel,Ukraine-Spiel,ORG,0.0,0.0,de,1
Fußballnationalmannschaft,Fußballnationalmannschaft,ORG,0.0,0.0,de,1
FBI-Razzia,FBI-Razzia,ORG,0.0,0.0,de,1
Ex-Wagner-Söldner,Ex-Wagner-Söldner,ORG,0.0,0.0,de,1
Deutsche Friedensforscher,Deutsche Friedensforscher,ORG,0.7,0.0,de,1
Bundesregieru…,Bundesregieru…,ORG,0.0,0.0,de,1
hochpräziser Munition +++,hochpräziser Munition +++,ORG,0.0,0.0,de,1
Auswärtigen Ausschusses,Auswärtigen Ausschusses,ORG,1.0,0.0,de,1
BBC R…,BBC R…,ORG,0.0,0.0,de,1
Nordkoreas +++,Nordkoreas +++,ORG,-1.0,0.0,de,1
F-18-Kampfjets +++,F-18-Kampfjets +++,ORG,0.0,0.0,de,1
F-18-Kampfjets,F-18-Kampfjets,ORG,0.0,0.0,de,1
Gemeinschaft Unabhängiger Staaten,Gemeinschaft Unabhängiger Staaten,ORG,0.0,0.0,de,1
GUS,GUS,ORG,0.0,0.0,de,1
Russland +++ Länderspiel Deutschland-Ukraine,Russland +++ Länderspiel Deutschland-Ukraine,ORG,-0.85,0.0,de,1
Front geschaut +++,Front geschaut +++,ORG,-0.85,0.0,de,1
F-18-Kampfflugzeugen,F-18-Kampfflugzeugen,ORG,0.0,0.0,de,1
F-18-Generation,F-18-Generation,ORG,-1.0,0.0,de,1
F-18-Generation…,F-18-Generation…,ORG,-1.0,0.0,de,1
Deutsche Evangelische Kirchentag,Deutsche Evangelische Kirchentag,ORG,0.0,0.0,de,1
Bundespräsident Steinmeier ++  ,Bundespräsident Steinmeier ++  ,ORG,0.0,0.0,de,1
Bundespräsident Steinmeier,Bundespräsident Steinmeier,ORG,0.0,0.0,de,1
Grunderwerbssteuer,Grunderwerbssteuer,ORG,0.0,0.0,de,1
Kiew Terror,Kiew Terror,ORG,1.0,0.0,de,1
bewähr…,bewähr…,ORG,0.0,0.0,de,1
CDU-Vorschlag,CDU-Vorschlag,ORG,0.7,0.0,de,1
Seasonic Energy,Seasonic Energy,ORG,0.0,0.0,de,1
StartupTicker +++ Konsolidierung,StartupTicker +++ Konsolidierung,ORG,0.0,0.0,de,1
Startup-Investments,Startup-Investments,ORG,0.0,0.0,de,1
Krise +++ Was,Krise +++ Was,ORG,0.0,0.0,de,1
Schebekino +++ Gouverneur,Schebekino +++ Gouverneur,ORG,0.0,0.0,de,1
OstseeWährend,OstseeWährend,ORG,0.0,0.0,de,1
Verdächtiges Auto,Verdächtiges Auto,ORG,-1.0,0.0,de,1
Amazon-Bewertung,Amazon-Bewertung,ORG,-1.0,0.0,de,1
Eyb & Wallwitz,Eyb & Wallwitz,ORG,0.0,0.0,de,1
Schebekino +++,Schebekino +++,ORG,0.0,0.0,de,1
mu…,mu…,ORG,0.7,0.0,de,1
World Wealth Repo…,World Wealth Repo…,ORG,0.0,0.0,de,1
Nature Sustainability,Nature Sustainability,ORG,0.0,0.0,de,1
Norddeutschen Rundfunks,Norddeutschen Rundfunks,ORG,0.7,0.0,de,1
Buchfestival,Buchfestival,ORG,0.7,0.0,de,1
CAMS,CAMS,ORG,0.0,0.0,de,1
Energie-Preissturz,Energie-Preissturz,ORG,0.0,0.0,de,1
ARD-Deutschlandtrend,ARD-Deutschlandtrend,ORG,0.0,0.0,de,1
FDP-Fragen,FDP-Fragen,ORG,0.0,0.0,de,1
USA-Illuminaten,USA-Illuminaten,ORG,0.0,0.0,de,1
Kom…,Kom…,ORG,0.5,0.0,de,1
abgew…,abgew…,ORG,-0.15000000000000002,0.0,de,1
Zürcher Klimajugend,Zürcher Klimajugend,ORG,0.0,0.0,de,1
Schweizer Bevölkerungsschutz,Schweizer Bevölkerungsschutz,ORG,0.7,0.0,de,1
Saporischschja +++ WHO,Saporischschja +++ WHO,ORG,0.0,0.0,de,1
WiesbadenDer,WiesbadenDer,ORG,0.0,0.0,de,1
Oppositionspartei,Oppositionspartei,ORG,-1.0,0.0,de,1
Ölraffinerie +++ 47 Staatschefs,Ölraffinerie +++ 47 Staatschefs,ORG,0.7,0.0,de,1
SPD-V…,SPD-V…,ORG,0.0,0.0,de,1
Union zur Mäßigung,Union zur Mäßigung,ORG,0.0,0.0,de,1
SPD-Parteivorsitzende,SPD-Parteivorsitzende,ORG,-0.85,0.0,de,1
Go clean,Go clean,ORG,0.7,0.0,de,1
4B,4B,ORG,0.7,0.0,de,1
Rege…,Rege…,ORG,0.0,0.0,de,1
Klima-Erzählung,Klima-Erzählung,ORG,0.0,0.0,de,1
Königs-Pool,Königs-Pool,ORG,0.0,0.0,de,1
Nachrichtenkanal Telegram,Nachrichtenkanal Telegram,ORG,0.0,0.0,de,1
Zentral- und Nordukraine,Zentral- und Nordukraine,ORG,0.0,0.0,de,1
Omas for Future,Omas for Future,ORG,0.0,0.0,de,1
plö…,plö…,ORG,0.0,0.0,de,1
UkraineGroße,UkraineGroße,ORG,0.0,0.0,de,1
Halifax,Halifax,ORG,1.0,0.0,de,1
Schweizer Wirtschaft,Schweizer Wirtschaft,ORG,0.7,0.0,de,1
Nato-Mitgliedsland,Nato-Mitgliedsland,ORG,0.0,0.0,de,1
Moskau +++ Die,Moskau +++ Die,ORG,0.0,0.0,de,1
Werks,Werks,ORG,0.7,0.0,de,1
Produktgruppen,Produktgruppen,ORG,0.0,0.0,de,1
Straßenschlachten,Straßenschlachten,ORG,0.0,0.0,de,1
Gasschock für Russland,Gasschock für Russland,ORG,-0.7,0.0,de,1
Pfingstmontag online,Pfingstmontag online,ORG,-0.7,0.0,de,1
FOCUS-online-Auto,FOCUS-online-Auto,ORG,0.0,0.0,de,1
Fundorten für Schutz,Fundorten für Schutz,ORG,0.0,0.0,de,1
Deutschen Evangelischen Kirchentag,Deutschen Evangelischen Kirchentag,ORG,0.0,0.0,de,1
Ukraine +++ Amerika,Ukraine +++ Amerika,ORG,0.15000000000000002,0.0,de,1
US-Offizielle,US-Offizielle,ORG,0.0,0.0,de,1
Indien…,Indien…,ORG,-1.0,0.0,de,1
indonesi…,indonesi…,ORG,-1.0,0.0,de,1
FN Scar,FN Scar,ORG,0.0,0.0,de,1
Umweltkatastrophe +++,Umweltkatastrophe +++,ORG,0.0,0.0,de,1
Atombombe +++,Atombombe +++,ORG,0.0,0.0,de,1
wiederherg…,wiederherg…,ORG,0.0,0.0,de,1
Staudamm-Experte,Staudamm-Experte,ORG,0.0,0.0,de,1
Staudamm-Einsturz +++,Staudamm-Einsturz +++,ORG,0.0,0.0,de,1
Handelsblatt Green & Energy,Handelsblatt Green & Energy,ORG,0.0,0.0,de,1
Campus Founders,Campus Founders,ORG,0.0,0.0,de,1
Allt…,Allt…,ORG,0.7,0.0,de,1
Belgien +++,Belgien +++,ORG,-0.175,0.0,de,1
Liveblog Russlands Angriffskrieg,Liveblog Russlands Angriffskrieg,ORG,-0.175,0.0,de,1
Büc…,Büc…,ORG,0.0,0.0,de,1
Border Violence Monitoring Projects,Border Violence Monitoring Projects,ORG,0.0,0.0,de,1
Smartph…,Smartph…,ORG,0.0,0.0,de,1
bisl…,bisl…,ORG,0.0,0.0,de,1
Flucht +++,Flucht +++,ORG,0.2333333333333333,0.0,de,1
Evangelischen Kirche in Deutschland,Evangelischen Kirche in Deutschland,ORG,0.0,0.0,de,1
FOCUS online Earth - Brauereien,FOCUS online Earth - Brauereien,ORG,0.0,0.0,de,1
Misslungene Werbetour,Misslungene Werbetour,ORG,-1.0,0.0,de,1
Ernährungs- und Landwirtschaftsorganisation,Ernährungs- und Landwirtschaftsorganisation,ORG,0.0,0.0,de,1
FAO,FAO,ORG,0.0,0.0,de,1
Putins Fangirl,Putins Fangirl,ORG,0.0,0.0,de,1
Militärp…,Militärp…,ORG,0.0,0.0,de,1
Apple Headset,Apple Headset,ORG,0.0,0.0,de,1
Problemfall DB Cargo,Problemfall DB Cargo,ORG,0.0,0.0,de,1
bad nigger,bad nigger,ORG,-0.85,0.0,de,1
Anti-Wirtschaftsminist…,Anti-Wirtschaftsminist…,ORG,0.7,0.0,de,1
BVDM,BVDM,ORG,-0.35,0.0,de,1
Verbandes BIMCO,Verbandes BIMCO,ORG,0.0,0.0,de,1
F. Laeisz,F. Laeisz,ORG,0.0,0.0,de,1
Gegenoffensive an ++  ,Gegenoffensive an ++  ,ORG,-0.7,0.0,de,1
Nato-Mitgliedschaft …,Nato-Mitgliedschaft …,ORG,0.0,0.0,de,1
Beschuss +++ London,Beschuss +++ London,ORG,0.0,0.0,de,1
publica,publica,ORG,-0.7,0.0,de,1
generel…,generel…,ORG,0.0,0.0,de,1
SPD-Veranstaltung,SPD-Veranstaltung,ORG,0.0,0.0,de,1
HipHop-Duo Run The Jewels,HipHop-Duo Run The Jewels,ORG,0.0,0.0,de,1
Killer Mike,Killer Mike,ORG,0.0,0.0,de,1
Dublin…,Dublin…,ORG,0.0,0.0,de,1
Ic…,Ic…,ORG,0.0,0.0,de,1
Koope…,Koope…,ORG,0.0,0.0,de,1
Hannover Stress,Hannover Stress,ORG,0.0,0.0,de,1
bayrischen FC Hollywood,bayrischen FC Hollywood,ORG,0.0,0.0,de,1
Sonnenenergie Strom,Sonnenenergie Strom,ORG,0.0,0.0,de,1
AWZ,AWZ,ORG,1.0,0.0,de,1
JP Morgan Chase,JP Morgan Chase,ORG,0.0,0.0,de,1
Bio-Marke,Bio-Marke,ORG,0.0,0.0,de,1
Nur Nur Natur,Nur Nur Natur,ORG,0.0,0.0,de,1
Fernwärme-Illusion,Fernwärme-Illusion,ORG,0.0,0.0,de,1
Launch,Launch,ORG,0.0,0.0,de,1
BMR/AP,BMR/AP,ORG,0.0,0.0,de,1
Österreichischen Energieagentur,Österreichischen Energieagentur,ORG,0.0,0.0,de,1
TV-Bilder,TV-Bilder,ORG,0.0,0.0,de,1
US-Technologiebranche,US-Technologiebranche,ORG,0.0,0.0,de,1
Gastgeber Polen,Gastgeber Polen,ORG,-1.0,0.0,de,1
Marineverband +++,Marineverband +++,ORG,0.0,0.0,de,1
Donnerstag…,Donnerstag…,ORG,0.0,0.0,de,1
Ukroboronprom,Ukroboronprom,ORG,0.0,0.0,de,1
Dänema…,Dänema…,ORG,0.0,0.0,de,1
asiatisch-pazifischen Wirtschaftsgemeinschaft,asiatisch-pazifischen Wirtschaftsgemeinschaft,ORG,0.0,0.0,de,1
+++ Das Wichtigste,+++ Das Wichtigste,ORG,-1.0,0.0,de,1
Kürze +++<ul><li,Kürze +++<ul><li,ORG,-1.0,0.0,de,1
SIM-Karte,SIM-Karte,ORG,0.0,0.0,de,1
SIM-Karten,SIM-Karten,ORG,0.0,0.0,de,1
Vereinigte Königreic…,Vereinigte Königreic…,ORG,0.0,0.0,de,1
Fernwärmebedarf,Fernwärmebedarf,ORG,0.0,0.0,de,1
Wien Energie,Wien Energie,ORG,0.0,0.0,de,1
Baywa-Boss!,Baywa-Boss!,ORG,0.7,0.0,de,1
US-Flüssiggas,US-Flüssiggas,ORG,0.0,0.0,de,1
Klimaziele ei…,Klimaziele ei…,ORG,0.0,0.0,de,1
Russland-Pipelines,Russland-Pipelines,ORG,0.0,0.0,de,1
Tarif- un…,Tarif- un…,ORG,0.0,0.0,de,1
Gaskauf +++,Gaskauf +++,ORG,0.7,0.0,de,1
Ex-Sowjetrepublik,Ex-Sowjetrepublik,ORG,0.0,0.0,de,1
Russland-Ukraine-Krieg,Russland-Ukraine-Krieg,ORG,0.0,0.0,de,1
Cotar,Cotar,ORG,0.0,0.0,de,1
Bundestagsabgeordnete Joana Cotar,Bundestagsabgeordnete Joana Cotar,ORG,0.0,0.0,de,1
Cota…,Cota…,ORG,0.0,0.0,de,1
eke ple,eke ple,ORG,0.0,0.0,de,1
Generalstaatsanwalts Andrij Kostin,Generalstaatsanwalts Andrij Kostin,ORG,0.0,0.0,de,1
Stromnetzes +++ Ukraine,Stromnetzes +++ Ukraine,ORG,0.0,0.0,de,1
Finanz-Wende,Finanz-Wende,ORG,0.0,0.0,de,1
EU-Land Asyl,EU-Land Asyl,ORG,0.0,0.0,de,1
Rödl & Partner-Weltmarktführerindex Deutschland,Rödl & Partner-Weltmarktführerindex Deutschland,ORG,-1.0,0.0,de,1
Rödl &amp,Rödl &amp,ORG,0.0,0.0,de,1
Partner-Weltmarktführerindex Deutschland,Partner-Weltmarktführerindex Deutschland,ORG,0.0,0.0,de,1
Weizenspende +++ Lawrows Sprecherin,Weizenspende +++ Lawrows Sprecherin,ORG,1.0,0.0,de,1
Haush…,Haush…,ORG,0.0,0.0,de,1
Polen +++ Russische Wirtschaft,Polen +++ Russische Wirtschaft,ORG,0.0,0.0,de,1
Kuscheliges Black Friday-Schnäppchen,Kuscheliges Black Friday-Schnäppchen,ORG,1.0,0.0,de,1
Zehn-Euro-Marke,Zehn-Euro-Marke,ORG,0.7,0.0,de,1
NSU,NSU,ORG,0.0,0.0,de,1
Topverdienern,Topverdienern,ORG,0.0,0.0,de,1
britischen Finanzministers,britischen Finanzministers,ORG,0.0,0.0,de,1
AKW  ,AKW  ,ORG,-0.7,0.0,de,1
AKW Saporischschja ++,AKW Saporischschja ++,ORG,0.0,0.0,de,1
Nachrichtenagentur AP,Nachrichtenagentur AP,ORG,0.7,0.0,de,1
Lobby des…,Lobby des…,ORG,0.0,0.0,de,1
Asien-Pazifik-Staaten,Asien-Pazifik-Staaten,ORG,-0.7,0.0,de,1
Zeitn…,Zeitn…,ORG,0.0,0.0,de,1
"Cannabisöl
","Cannabisöl
",ORG,1.0,0.0,de,1
Explosio…,Explosio…,ORG,0.0,0.0,de,1
Zentrum für Internationale Friedenseinsätze,Zentrum für Internationale Friedenseinsätze,ORG,0.0,0.0,de,1
Deutschen Studierendenwerkes,Deutschen Studierendenwerkes,ORG,-0.35,0.0,de,1
vorge…,vorge…,ORG,0.0,0.0,de,1
Wüstenland Katar,Wüstenland Katar,ORG,0.0,0.0,de,1
CO₂-Rechnung,CO₂-Rechnung,ORG,0.0,0.0,de,1
WM-Organisatoren,WM-Organisatoren,ORG,1.0,0.0,de,1
Klima-Kleber Verkehr,Klima-Kleber Verkehr,ORG,0.0,0.0,de,1
Press,Press,ORG,1.0,0.0,de,1
Poliz…,Poliz…,ORG,0.0,0.0,de,1
Beyond Meat,Beyond Meat,ORG,-1.0,0.0,de,1
Typs Iskander …,Typs Iskander …,ORG,0.0,0.0,de,1
++ Kuleba,++ Kuleba,ORG,-0.7,0.0,de,1
ausharre…,ausharre…,ORG,1.0,0.0,de,1
Bundesfinanzministerium,Bundesfinanzministerium,ORG,0.0,0.0,de,1
VW-Beschäftigte,VW-Beschäftigte,ORG,0.0,0.0,de,1
vle ple lO 6epoloek,vle ple lO 6epoloek,ORG,0.0,0.0,de,1
utl,utl,ORG,0.0,0.0,de,1
europäischen …,europäischen …,ORG,0.0,0.0,de,1
Ausgabendisziplin,Ausgabendisziplin,ORG,0.0,0.0,de,1
KMK,KMK,ORG,0.0,0.0,de,1
WM-Auftakt,WM-Auftakt,ORG,0.0,0.0,de,1
deutsche Nationalmannschaft los,deutsche Nationalmannschaft los,ORG,0.0,0.0,de,1
Kommunistischen Partei der Ukraine,Kommunistischen Partei der Ukraine,ORG,0.0,0.0,de,1
Hilfspaket für Deutschlands,Hilfspaket für Deutschlands,ORG,0.0,0.0,de,1
Bilddateien,Bilddateien,ORG,0.0,0.0,de,1
GPS-Koordinaten,GPS-Koordinaten,ORG,0.0,0.0,de,1
EU-Grenzwerte,EU-Grenzwerte,ORG,0.0,0.0,de,1
CDU-Wahlkreisbüro,CDU-Wahlkreisbüro,ORG,0.0,0.0,de,1
One Love«-Binde,One Love«-Binde,ORG,0.0,0.0,de,1
Abgeordnet…,Abgeordnet…,ORG,0.7,0.0,de,1
grundle…,grundle…,ORG,0.0,0.0,de,1
Taschenlampenlicht +++,Taschenlampenlicht +++,ORG,0.0,0.0,de,1
Bergens Tidende,Bergens Tidende,ORG,0.0,0.0,de,1
europäische Raumfahrtagentur,europäische Raumfahrtagentur,ORG,0.0,0.0,de,1
++ Ukraine-News,++ Ukraine-News,ORG,0.7,0.0,de,1
"Grad""-Mehrfachraketenwerfern","Grad""-Mehrfachraketenwerfern",ORG,-1.0,0.0,de,1
Mehrfachraketenwerfer +++,Mehrfachraketenwerfer +++,ORG,-1.0,0.0,de,1
Generalstaatsanwaltschaf…,Generalstaatsanwaltschaf…,ORG,0.0,0.0,de,1
Cherson wi…,Cherson wi…,ORG,0.7,0.0,de,1
Jugend in Deutschland,Jugend in Deutschland,ORG,-0.85,0.0,de,1
geplan…,geplan…,ORG,0.0,0.0,de,1
Bäckereie…,Bäckereie…,ORG,0.0,0.0,de,1
GKV,GKV,ORG,0.0,0.0,de,1
Sch…,Sch…,ORG,0.0,0.0,de,1
SPIEGEL-Wirtschaftsred…,SPIEGEL-Wirtschaftsred…,ORG,0.0,0.0,de,1
Risiko,Risiko,ORG,0.0,0.0,de,1
1 Woche & Preis,1 Woche & Preis,ORG,0.7,0.0,de,1
EU-Standards,EU-Standards,ORG,0.0,0.0,de,1
Managing Director DACH,Managing Director DACH,ORG,0.0,0.0,de,1
IDnow,IDnow,ORG,0.0,0.0,de,1
Autarkie,Autarkie,ORG,-1.0,0.0,de,1
The Techshop,The Techshop,ORG,0.0,0.0,de,1
WEB.DE News,WEB.DE News,ORG,0.0,0.0,de,1
Schröders deutsch-russisches Forum,Schröders deutsch-russisches Forum,ORG,0.0,0.0,de,1
"taz
","taz
",ORG,0.0,0.0,de,1
Bedi…,Bedi…,ORG,-1.0,0.0,de,1
Karibikdiktatur,Karibikdiktatur,ORG,0.0,0.0,de,1
Yankee-Imperium,Yankee-Imperium,ORG,0.0,0.0,de,1
Preisbremsen … Frankfurt am Main,Preisbremsen … Frankfurt am Main,ORG,0.0,0.0,de,1
deutsche Gas- und Strompreisbremse,deutsche Gas- und Strompreisbremse,ORG,-0.35,0.0,de,1
EU-Großhandel,EU-Großhandel,ORG,0.0,0.0,de,1
Synergo Capital,Synergo Capital,ORG,0.0,0.0,de,1
CDP Venture Capital,CDP Venture Capital,ORG,0.0,0.0,de,1
Weltmarktführerindex Deutschland,Weltmarktführerindex Deutschland,ORG,-1.0,0.0,de,1
COP27 +++,COP27 +++,ORG,1.0,0.0,de,1
Russland +++ Lawrows Sprecherin,Russland +++ Lawrows Sprecherin,ORG,1.0,0.0,de,1
deutschen Börse,deutschen Börse,ORG,0.0,0.0,de,1
NBB,NBB,ORG,0.0,0.0,de,1
Gasag-Tochter Netzgesellschaft Berlin-Brandenburg…,Gasag-Tochter Netzgesellschaft Berlin-Brandenburg…,ORG,0.0,0.0,de,1
Klimak…,Klimak…,ORG,-0.5,0.0,de,1
dam…,dam…,ORG,-1.0,0.0,de,1
EU helf…,EU helf…,ORG,0.0,0.0,de,1
"Evangelische Kirche 
Deutschland","Evangelische Kirche 
Deutschland",ORG,0.0,0.0,de,1
klage…,klage…,ORG,0.0,0.0,de,1
Jutrczenka/dpa/Archivbil…,Jutrczenka/dpa/Archivbil…,ORG,0.0,0.0,de,1
Bäckerei Kasprowicz,Bäckerei Kasprowicz,ORG,0.0,0.0,de,1
RWE  Ha…,RWE  Ha…,ORG,0.76,0.0,de,1
Social Engineering,Social Engineering,ORG,1.0,0.0,de,1
SAIC,SAIC,ORG,0.0,0.0,de,1
Santana,Santana,ORG,0.0,0.0,de,1
University of Exeter,University of Exeter,ORG,0.0,0.0,de,1
Forschungsb…,Forschungsb…,ORG,0.0,0.0,de,1
Chefre…,Chefre…,ORG,0.0,0.0,de,1
Cherson +++ Moskau,Cherson +++ Moskau,ORG,-0.15000000000000002,0.0,de,1
Euro Münze,Euro Münze,ORG,0.0,0.0,de,1
Atom-Laufzeitverlängerung,Atom-Laufzeitverlängerung,ORG,-1.0,0.0,de,1
ENBW,ENBW,ORG,0.7,0.0,de,1
Niveau vo,Niveau vo,ORG,0.0,0.0,de,1
Kriegsbeginn +++ Ukrainische Truppen,Kriegsbeginn +++ Ukrainische Truppen,ORG,-0.15000000000000002,0.0,de,1
risk…,risk…,ORG,0.0,0.0,de,1
Bundeskanzl…,Bundeskanzl…,ORG,0.0,0.0,de,1
Lorenz Beckhardt.</em,Lorenz Beckhardt.</em,ORG,0.0,0.0,de,1
Gasag-Tochter Netzgesellschaft Berlin-Brandenburg,Gasag-Tochter Netzgesellschaft Berlin-Brandenburg,ORG,0.0,0.0,de,1
Cop27,Cop27,ORG,-0.7,0.0,de,1
Erdgaspläne,Erdgaspläne,ORG,0.0,0.0,de,1
"UN
Energie und Klima","UN
Energie und Klima",ORG,0.0,0.0,de,1
internationalen Klimakonferenz,internationalen Klimakonferenz,ORG,0.0,0.0,de,1
Europa…,Europa…,ORG,-0.7,0.0,de,1
Tr… Energie,Tr… Energie,ORG,0.7,0.0,de,1
SachverständigenratesDie Wirtschaftsweisen,SachverständigenratesDie Wirtschaftsweisen,ORG,-0.7,0.0,de,1
Corona-Pan…,Corona-Pan…,ORG,0.0,0.0,de,1
Initiative Erdgas - Brücke,Initiative Erdgas - Brücke,ORG,0.0,0.0,de,1
RTL Online,RTL Online,ORG,0.7,0.0,de,1
Hamburg Energie!,Hamburg Energie!,ORG,0.35,0.0,de,1
Versorgers Hamburg,Versorgers Hamburg,ORG,0.0,0.0,de,1
Energiek…,Energiek…,ORG,-1.0,0.0,de,1
deutschen Heimwerkern,deutschen Heimwerkern,ORG,0.0,0.0,de,1
Terminpläne,Terminpläne,ORG,0.0,0.0,de,1
tänzer…,tänzer…,ORG,0.0,0.0,de,1
EU-Rechnungshof,EU-Rechnungshof,ORG,0.0,0.0,de,1
EU-Rechnungsprüfer,EU-Rechnungsprüfer,ORG,-0.7,0.0,de,1
Bosch-Wärmepumpen,Bosch-Wärmepumpen,ORG,0.7,0.0,de,1
Finanzflüsse für die Armee-Ausgaben schärfer,Finanzflüsse für die Armee-Ausgaben schärfer,ORG,0.7,0.0,de,1
Jesuiten,Jesuiten,ORG,-0.7,0.0,de,1
UNO-Klimakonferenz,UNO-Klimakonferenz,ORG,0.7,0.0,de,1
Global Oil & Gas Exit List“,Global Oil & Gas Exit List“,ORG,0.7,0.0,de,1
GOGEL,GOGEL,ORG,0.7,0.0,de,1
Bürger,Bürger,ORG,0.0,0.0,de,1
Essener Energ…,Essener Energ…,ORG,0.0,0.0,de,1
Deutschen Mieterbund…,Deutschen Mieterbund…,ORG,-1.0,0.0,de,1
UN-Weltklimakonferenz,UN-Weltklimakonferenz,ORG,1.0,0.0,de,1
Alexander-von-Humboldt-Stiftung,Alexander-von-Humboldt-Stiftung,ORG,0.0,0.0,de,1
Weizenspende ++,Weizenspende ++,ORG,0.0,0.0,de,1
Crime Time bleib…,Crime Time bleib…,ORG,0.0,0.0,de,1
durchschnittli…,durchschnittli…,ORG,0.0,0.0,de,1
FOCUS online!,FOCUS online!,ORG,0.7,0.0,de,1
Frugalist…,Frugalist…,ORG,0.0,0.0,de,1
Emirat Deutschland,Emirat Deutschland,ORG,0.0,0.0,de,1
siebenundsechzig …,siebenundsechzig …,ORG,0.0,0.0,de,1
Speic…,Speic…,ORG,0.0,0.0,de,1
Auskunftei Creditre…,Auskunftei Creditre…,ORG,0.7,0.0,de,1
Forde…,Forde…,ORG,0.0,0.0,de,1
Party!,Party!,ORG,0.0,0.0,de,1
Stromvers…,Stromvers…,ORG,-0.7,0.0,de,1
Unterhä…,Unterhä…,ORG,0.0,0.0,de,1
Gas- und Stromspeicher,Gas- und Stromspeicher,ORG,-1.0,0.0,de,1
Bosch Climate Solutions…,Bosch Climate Solutions…,ORG,-0.7,0.0,de,1
Deutsche Studentenwerk,Deutsche Studentenwerk,ORG,0.0,0.0,de,1
ARD-Intervi…,ARD-Intervi…,ORG,-1.0,0.0,de,1
Social Chain AG,Social Chain AG,ORG,0.0,0.0,de,1
E-Commerce-Unternehmen Social Chain AG,E-Commerce-Unternehmen Social Chain AG,ORG,0.0,0.0,de,1
hessische Umweltministerium am Mittwoch,hessische Umweltministerium am Mittwoch,ORG,0.0,0.0,de,1
AG Ener…,AG Ener…,ORG,0.0,0.0,de,1
Strompreisbremse richttet,Strompreisbremse richttet,ORG,0.0,0.0,de,1
ple elu Iletteu,ple elu Iletteu,ORG,0.0,0.0,de,1
ep uelklupelu,ep uelklupelu,ORG,0.0,0.0,de,1
Kranic…,Kranic…,ORG,-0.7,0.0,de,1
Centrum für Europäische Politik,Centrum für Europäische Politik,ORG,-1.0,0.0,de,1
cep,cep,ORG,-1.0,0.0,de,1
Ministers für Irritation…,Ministers für Irritation…,ORG,0.7,0.0,de,1
Ministers für Irritationen,Ministers für Irritationen,ORG,0.7,0.0,de,1
+++ Russlands,+++ Russlands,ORG,-1.0,0.0,de,1
Women's Health,Women's Health,ORG,0.0,0.0,de,1
Ign…,Ign…,ORG,0.7,0.0,de,1
NFL-Legende,NFL-Legende,ORG,0.0,0.0,de,1
Tampa Bay,Tampa Bay,ORG,0.7,0.0,de,1
Bundesnetzagentur,Bundesnetzagentur,ORG,0.0,0.0,de,1
FOCUS onli…,FOCUS onli…,ORG,-0.5,0.0,de,1
BCG,BCG,ORG,1.0,0.0,de,1
And… Benlpekteup lpl ulekl Veppelplutt-leepv,And… Benlpekteup lpl ulekl Veppelplutt-leepv,ORG,0.0,0.0,de,1
ple lu,ple lu,ORG,0.0,0.0,de,1
Indonesiens Regierung,Indonesiens Regierung,ORG,0.0,0.0,de,1
Unterne…,Unterne…,ORG,0.0,0.0,de,1
WOMEN'S,WOMEN'S,ORG,0.0,0.0,de,1
Dezember-Gas-Abschlag,Dezember-Gas-Abschlag,ORG,0.0,0.0,de,1
Shadow Diplomats«-Enthüllungen,Shadow Diplomats«-Enthüllungen,ORG,0.0,0.0,de,1
Flüssiggas-Transport,Flüssiggas-Transport,ORG,0.0,0.0,de,1
Strompreis-Verdoppelung,Strompreis-Verdoppelung,ORG,0.0,0.0,de,1
Stadtwerken Schwerin,Stadtwerken Schwerin,ORG,0.0,0.0,de,1
Universität von Virginia,Universität von Virginia,ORG,-1.0,0.0,de,1
Hochschule und die Polizei,Hochschule und die Polizei,ORG,-1.0,0.0,de,1
Gas-Importeur Sefe,Gas-Importeur Sefe,ORG,0.0,0.0,de,1
Energie- und Wasserwirtschaft,Energie- und Wasserwirtschaft,ORG,-1.0,0.0,de,1
Ie vellel ple nhlelulpekeu,Ie vellel ple nhlelulpekeu,ORG,-1.0,0.0,de,1
indonesischen Regierung,indonesischen Regierung,ORG,1.0,0.0,de,1
US-Universität,US-Universität,ORG,0.0,0.0,de,1
FFF-Aktivistin,FFF-Aktivistin,ORG,0.7,0.0,de,1
ZivilbevölkerungMit,ZivilbevölkerungMit,ORG,-0.7,0.0,de,1
n-tv.de  ,n-tv.de  ,ORG,0.0,0.0,de,1
Meduza,Meduza,ORG,0.0,0.0,de,1
News im…,News im…,ORG,0.0,0.0,de,1
Völkermord-Beschluss +++,Völkermord-Beschluss +++,ORG,0.0,0.0,de,1
tschechische Parlament,tschechische Parlament,ORG,0.7,0.0,de,1
Dnipro-Ufer,Dnipro-Ufer,ORG,-0.7,0.0,de,1
Atommä…,Atommä…,ORG,0.0,0.0,de,1
Strompreis…,Strompreis…,ORG,0.0,0.0,de,1
näh…,näh…,ORG,0.0,0.0,de,1
Ukraine</li><li,Ukraine</li><li,ORG,-0.7,0.0,de,1
Roboter,Roboter,ORG,0.7,0.0,de,1
Hauck Aufhäuser Lampe Privatbank,Hauck Aufhäuser Lampe Privatbank,ORG,0.0,0.0,de,1
Kult-Band Tokio Hotel,Kult-Band Tokio Hotel,ORG,0.0,0.0,de,1
Tokio Hotel,Tokio Hotel,ORG,0.0,0.0,de,1
zusammensc…,zusammensc…,ORG,0.0,0.0,de,1
Vermieter Heimstaden,Vermieter Heimstaden,ORG,0.0,0.0,de,1
AK-Hauptversammlung,AK-Hauptversammlung,ORG,0.0,0.0,de,1
österreichische Arbeitnehmerinnen- und Arbeitnehmerparlament,österreichische Arbeitnehmerinnen- und Arbeitnehmerparlament,ORG,0.0,0.0,de,1
AMS-Gebäude,AMS-Gebäude,ORG,0.0,0.0,de,1
KIno,KIno,ORG,0.0,0.0,de,1
vle ple uuu pelueu Zeekpelu,vle ple uuu pelueu Zeekpelu,ORG,0.0,0.0,de,1
nup pelue Vukunua velpe,nup pelue Vukunua velpe,ORG,0.0,0.0,de,1
Kinderhospizdienst Löwenzahn,Kinderhospizdienst Löwenzahn,ORG,0.7,0.0,de,1
ORF-Stiftungsrat,ORF-Stiftungsrat,ORG,0.0,0.0,de,1
Energievorrat,Energievorrat,ORG,0.3,0.0,de,1
deutschen WM-Aus,deutschen WM-Aus,ORG,0.0,0.0,de,1
Einigkeit3,Einigkeit3,ORG,0.0,0.0,de,1
Deutschland5,Deutschland5,ORG,0.0,0.0,de,1
China …,China …,ORG,0.0,0.0,de,1
CIA-Chefs,CIA-Chefs,ORG,0.0,0.0,de,1
SolarthermieSolarthermieanlagen,SolarthermieSolarthermieanlagen,ORG,0.0,0.0,de,1
US-Viersternegenerals,US-Viersternegenerals,ORG,0.0,0.0,de,1
Botschaften +++,Botschaften +++,ORG,-0.7,0.0,de,1
Andrijiwk…,Andrijiwk…,ORG,0.0,0.0,de,1
Litauens Armee,Litauens Armee,ORG,0.0,0.0,de,1
Regierung…,Regierung…,ORG,0.0,0.0,de,1
F-35-Kampfjet,F-35-Kampfjet,ORG,0.0,0.0,de,1
Kulturstätten ++,Kulturstätten ++,ORG,0.7,0.0,de,1
CrowdStrike,CrowdStrike,ORG,0.0,0.0,de,1
Peak Inflation,Peak Inflation,ORG,0.0,0.0,de,1
DNB Technology,DNB Technology,ORG,0.0,0.0,de,1
Fidelity Globus Technology,Fidelity Globus Technology,ORG,0.0,0.0,de,1
BNPP Disruptive Technologies,BNPP Disruptive Technologies,ORG,0.0,0.0,de,1
SP-Kandidatin,SP-Kandidatin,ORG,0.0,0.0,de,1
SP-Kandidat,SP-Kandidat,ORG,0.0,0.0,de,1
geplag…,geplag…,ORG,0.0,0.0,de,1
Google-Suche,Google-Suche,ORG,-1.0,0.0,de,1
Dem Grünen,Dem Grünen,ORG,0.0,0.0,de,1
H&M,H&M,ORG,0.0,0.0,de,1
H&amp;M,H&amp;M,ORG,0.0,0.0,de,1
Bundesheer,Bundesheer,ORG,0.0,0.0,de,1
Frankfurter Allerheiligenviertel,Frankfurter Allerheiligenviertel,ORG,0.0,0.0,de,1
JUAN,JUAN,ORG,0.0,0.0,de,1
DW Nachrichten,DW Nachrichten,ORG,0.0,0.0,de,1
BSI,BSI,ORG,0.7999999999999999,0.0,de,1
türkischen Streitkräfte,türkischen Streitkräfte,ORG,0.0,0.0,de,1
Klima-Chaoten!,Klima-Chaoten!,ORG,0.0,0.0,de,1
+++ Gouverneur,+++ Gouverneur,ORG,-1.0,0.0,de,1
Ukraine +++ Biden,Ukraine +++ Biden,ORG,-1.0,0.0,de,1
Juventus,Juventus,ORG,0.0,0.0,de,1
Ba…,Ba…,ORG,0.0,0.0,de,1
Ukraine-Flüchtlingen +++,Ukraine-Flüchtlingen +++,ORG,0.0,0.0,de,1
Topverdiener,Topverdiener,ORG,-0.7,0.0,de,1
Total Energies Deutschland,Total Energies Deutschland,ORG,0.0,0.0,de,1
Raffiner…,Raffiner…,ORG,0.0,0.0,de,1
LNG-Terminals Deutschland,LNG-Terminals Deutschland,ORG,0.0,0.0,de,1
ICIS,ICIS,ORG,0.0,0.0,de,1
Tiefg…,Tiefg…,ORG,0.0,0.0,de,1
Kriegstreiber Russland,Kriegstreiber Russland,ORG,-1.0,0.0,de,1
demokratische Spielregeln,demokratische Spielregeln,ORG,0.0,0.0,de,1
strong>.</strong,strong>.</strong,ORG,-1.0,0.0,de,1
Separatistengebildes,Separatistengebildes,ORG,0.0,0.0,de,1
CO₂-Zertifikate,CO₂-Zertifikate,ORG,0.0,0.0,de,1
Corona…,Corona…,ORG,0.0,0.0,de,1
US-Bomber B-1B,US-Bomber B-1B,ORG,0.0,0.0,de,1
südkoreanischen Streitkräfte,südkoreanischen Streitkräfte,ORG,0.0,0.0,de,1
Friedensforschungsinstitut …,Friedensforschungsinstitut …,ORG,0.0,0.0,de,1
EU will Russlands Ölerlöse,EU will Russlands Ölerlöse,ORG,-1.0,0.0,de,1
Billigfleisch-Theke,Billigfleisch-Theke,ORG,0.3333333333333333,0.0,de,1
Gas- und Heizölpreise,Gas- und Heizölpreise,ORG,0.0,0.0,de,1
bra…,bra…,ORG,0.0,0.0,de,1
flatexDEGIRO-Aktie,flatexDEGIRO-Aktie,ORG,-0.7,0.0,de,1
WM-Scheitern,WM-Scheitern,ORG,0.0,0.0,de,1
Costa Rica i…,Costa Rica i…,ORG,0.0,0.0,de,1
Wasserstoffwirtscha…,Wasserstoffwirtscha…,ORG,0.7,0.0,de,1
Russland +++ London,Russland +++ London,ORG,-0.43333333333333335,0.0,de,1
Förderm…,Förderm…,ORG,0.0,0.0,de,1
Ölpreisdeckel,Ölpreisdeckel,ORG,0.0,0.0,de,1
Microsoft-Analysezentrums…,Microsoft-Analysezentrums…,ORG,0.0,0.0,de,1
Kriegsverbrec…,Kriegsverbrec…,ORG,1.0,0.0,de,1
Klima-COP,Klima-COP,ORG,0.0,0.0,de,1
Ukraine gesproc…,Ukraine gesproc…,ORG,1.0,0.0,de,1
reg…,reg…,ORG,0.0,0.0,de,1
Instituts der deutschen Wirtschaft Köln,Instituts der deutschen Wirtschaft Köln,ORG,0.0,0.0,de,1
Potsdam-Instit…,Potsdam-Instit…,ORG,0.0,0.0,de,1
Artilleriemunition,Artilleriemunition,ORG,0.0,0.0,de,1
SP-Bundesrat,SP-Bundesrat,ORG,0.0,0.0,de,1
Repar…,Repar…,ORG,0.0,0.0,de,1
Kreml-Propagandist…,Kreml-Propagandist…,ORG,0.0,0.0,de,1
t-online.de,t-online.de,ORG,0.35,0.0,de,1
FR-Interview,FR-Interview,ORG,1.0,0.0,de,1
Just…,Just…,ORG,0.0,0.0,de,1
Organisation der Erdöl exportierenden Länder,Organisation der Erdöl exportierenden Länder,ORG,0.0,0.0,de,1
Revol…,Revol…,ORG,0.0,0.0,de,1
AA Will Russen-Diktator Wladimir Putin,AA Will Russen-Diktator Wladimir Putin,ORG,0.0,0.0,de,1
Fluchtwinter +++,Fluchtwinter +++,ORG,-0.15000000000000002,0.0,de,1
Ukraine +++ Grüne,Ukraine +++ Grüne,ORG,-0.5,0.0,de,1
G7-,G7-,ORG,0.0,0.0,de,1
Kreml künd,Kreml künd,ORG,-1.0,0.0,de,1
Moskau… Russland,Moskau… Russland,ORG,-0.5249999999999999,0.0,de,1
Send…,Send…,ORG,0.7,0.0,de,1
Winter-Ausstattung +++,Winter-Ausstattung +++,ORG,0.0,0.0,de,1
Gruppe Opec+ zus,Gruppe Opec+ zus,ORG,0.7,0.0,de,1
Förderpolitik +++,Förderpolitik +++,ORG,0.0,0.0,de,1
LNG-Experte,LNG-Experte,ORG,0.5,0.0,de,1
Weihnac…,Weihnac…,ORG,0.0,0.0,de,1
Eierlikör,Eierlikör,ORG,0.0,0.0,de,1
DLR-Institut für Planetenforschung,DLR-Institut für Planetenforschung,ORG,0.7,0.0,de,1
Dove…,Dove…,ORG,0.0,0.0,de,1
Gasrese…,Gasrese…,ORG,0.0,0.0,de,1
Klima-A…,Klima-A…,ORG,0.0,0.0,de,1
Marktwirtschaft ve… Erstaunliche Nachrichten,Marktwirtschaft ve… Erstaunliche Nachrichten,ORG,1.0,0.0,de,1
Biolabore,Biolabore,ORG,0.0,0.0,de,1
Luzifer!,Luzifer!,ORG,0.0,0.0,de,1
LGBT,LGBT,ORG,0.0,0.0,de,1
Hartz IV,Hartz IV,ORG,0.0,0.0,de,1
US-Raumfahrtbehö…,US-Raumfahrtbehö…,ORG,0.0,0.0,de,1
Air Force,Air Force,ORG,0.0,0.0,de,1
Woelki,Woelki,ORG,0.7,0.0,de,1
US-Wettermodel…,US-Wettermodel…,ORG,0.0,0.0,de,1
Ukraine auswe…,Ukraine auswe…,ORG,0.0,0.0,de,1
NATO-Außenminist…,NATO-Außenminist…,ORG,0.0,0.0,de,1
Scholz +++,Scholz +++,ORG,0.0,0.0,de,1
Munitionsgipfel +++,Munitionsgipfel +++,ORG,0.0,0.0,de,1
UN-Menschenrechtschef,UN-Menschenrechtschef,ORG,1.0,0.0,de,1
Beamtenbundes dbb,Beamtenbundes dbb,ORG,0.0,0.0,de,1
Ukraine-News ++ Nato,Ukraine-News ++ Nato,ORG,-0.5,0.0,de,1
Kiew  ,Kiew  ,ORG,0.7,0.0,de,1
BER-Störaktion,BER-Störaktion,ORG,0.0,0.0,de,1
Technische Hilfswerk,Technische Hilfswerk,ORG,0.0,0.0,de,1
deutsch-fran…,deutsch-fran…,ORG,0.0,0.0,de,1
nöti…,nöti…,ORG,0.0,0.0,de,1
Umlaufverfah…,Umlaufverfah…,ORG,-0.7,0.0,de,1
Plä…,Plä…,ORG,0.0,0.0,de,1
ungarische Demokratie,ungarische Demokratie,ORG,0.0,0.0,de,1
Frankfurter Banken-Skyline,Frankfurter Banken-Skyline,ORG,1.0,0.0,de,1
Russischer TV-Experte,Russischer TV-Experte,ORG,-0.15000000000000002,0.0,de,1
Bahnhofsmission…,Bahnhofsmission…,ORG,0.0,0.0,de,1
Patriot-Flugabwehr für Polen,Patriot-Flugabwehr für Polen,ORG,0.7,0.0,de,1
schließli…,schließli…,ORG,0.0,0.0,de,1
Nike»-Preis für Lebenswerk,Nike»-Preis für Lebenswerk,ORG,0.0,0.0,de,1
Weltraumtourismus,Weltraumtourismus,ORG,-0.7,0.0,de,1
Krankenkasse Medibank,Krankenkasse Medibank,ORG,0.0,0.0,de,1
Klima-Akti…,Klima-Akti…,ORG,0.0,0.0,de,1
ALEXANDER NEMENOV/AFP,ALEXANDER NEMENOV/AFP,ORG,-1.0,0.0,de,1
Fröstel-Alarm,Fröstel-Alarm,ORG,-1.0,0.0,de,1
einschrä…,einschrä…,ORG,0.0,0.0,de,1
Baerbock +++  ,Baerbock +++  ,ORG,-0.15000000000000002,0.0,de,1
LGBTQ-Propaganda,LGBTQ-Propaganda,ORG,0.0,0.0,de,1
tleale 09ib …,tleale 09ib …,ORG,0.0,0.0,de,1
Bombenterror,Bombenterror,ORG,0.0,0.0,de,1
ONS,ONS,ORG,0.10000000000000002,0.0,de,1
vle teupeu Ple ep,vle teupeu Ple ep,ORG,0.0,0.0,de,1
BGB,BGB,ORG,0.0,0.0,de,1
elue Poleekellu pel puaeueuuleu Ueleleu,elue Poleekellu pel puaeueuuleu Ueleleu,ORG,0.0,0.0,de,1
bmt Lbubs,bmt Lbubs,ORG,0.0,0.0,de,1
efo,efo,ORG,0.0,0.0,de,1
cfl…,cfl…,ORG,0.0,0.0,de,1
Hamburger SPD,Hamburger SPD,ORG,1.0,0.0,de,1
Co-Frakt…,Co-Frakt…,ORG,0.0,0.0,de,1
Grif…,Grif…,ORG,-0.5249999999999999,0.0,de,1
pekllep UellelplanuapOlu,pekllep UellelplanuapOlu,ORG,-0.7,0.0,de,1
Gas-und Strompreisbremsen,Gas-und Strompreisbremsen,ORG,0.0,0.0,de,1
Neue Zeitung Europa,Neue Zeitung Europa,ORG,0.7,0.0,de,1
Netzagentur,Netzagentur,ORG,0.0,0.0,de,1
Pranger,Pranger,ORG,0.0,0.0,de,1
Wirkungsloses Instrument,Wirkungsloses Instrument,ORG,-0.7,0.0,de,1
Black Week,Black Week,ORG,0.0,0.0,de,1
Akku-S…,Akku-S…,ORG,0.0,0.0,de,1
Borkum Erdgas,Borkum Erdgas,ORG,0.7,0.0,de,1
od…,od…,ORG,0.0,0.0,de,1
Casals Forum,Casals Forum,ORG,0.7,0.0,de,1
Kronberg Academy,Kronberg Academy,ORG,0.7,0.0,de,1
International Piano Forum Frankfurt,International Piano Forum Frankfurt,ORG,0.7,0.0,de,1
Cherson +++ Die,Cherson +++ Die,ORG,0.7,0.0,de,1
Generation Mitte,Generation Mitte,ORG,0.0,0.0,de,1
Chinas Führung,Chinas Führung,ORG,0.0,0.0,de,1
Rechnungshöfe,Rechnungshöfe,ORG,0.0,0.0,de,1
Rundfunk Berlins Brandenburg,Rundfunk Berlins Brandenburg,ORG,0.0,0.0,de,1
Höhe!,Höhe!,ORG,-0.7,0.0,de,1
Gesellschaft: Krieg,Gesellschaft: Krieg,ORG,-0.7,0.0,de,1
Conoco Phillips,Conoco Phillips,ORG,0.0,0.0,de,1
Conoco…,Conoco…,ORG,0.0,0.0,de,1
BerlinKatar,BerlinKatar,ORG,0.0,0.0,de,1
Sommermona…,Sommermona…,ORG,0.7,0.0,de,1
Statistisches Landesamt,Statistisches Landesamt,ORG,0.0,0.0,de,1
Satte Strompreiserhöhung,Satte Strompreiserhöhung,ORG,0.7,0.0,de,1
nup ple pekeleeu,nup ple pekeleeu,ORG,0.0,0.0,de,1
Universität Münster,Universität Münster,ORG,-0.7,0.0,de,1
Christ…,Christ…,ORG,0.0,0.0,de,1
Everyday Church,Everyday Church,ORG,1.0,0.0,de,1
Wochenvorschau für,Wochenvorschau für,ORG,0.0,0.0,de,1
Getreide-Export +++,Getreide-Export +++,ORG,0.0,0.0,de,1
US-Denkfabrik Institut for the Study of War,US-Denkfabrik Institut for the Study of War,ORG,0.7,0.0,de,1
Abgesehe…,Abgesehe…,ORG,0.0,0.0,de,1
Verband der Deutschen Automobilindustrie,Verband der Deutschen Automobilindustrie,ORG,0.0,0.0,de,1
Zentralverband des Deutschen Handwerks,Zentralverband des Deutschen Handwerks,ORG,0.0,0.0,de,1
ZDH,ZDH,ORG,0.0,0.0,de,1
Stiftung am Freitag,Stiftung am Freitag,ORG,0.0,0.0,de,1
Russland Muttertag,Russland Muttertag,ORG,0.0,0.0,de,1
Union im Bundestag,Union im Bundestag,ORG,0.0,0.0,de,1
"Wirtschaftsminister 
","Wirtschaftsminister 
",ORG,0.0,0.0,de,1
GuOoluOlppe pektleQeu,GuOoluOlppe pektleQeu,ORG,-0.7,0.0,de,1
Landeskitaelternbeirat,Landeskitaelternbeirat,ORG,-0.7,0.0,de,1
Strom a…,Strom a…,ORG,0.0,0.0,de,1
Oxford High School,Oxford High School,ORG,-0.7,0.0,de,1
Internationalen Energie Agentur,Internationalen Energie Agentur,ORG,0.0,0.0,de,1
Robb Elementary School,Robb Elementary School,ORG,0.0,0.0,de,1
Weihnachtseinkaufs-Saison,Weihnachtseinkaufs-Saison,ORG,0.0,0.0,de,1
South Sudan Police Service,South Sudan Police Service,ORG,0.0,0.0,de,1
SSPS,SSPS,ORG,0.0,0.0,de,1
33-Jä…,33-Jä…,ORG,0.0,0.0,de,1
Sachverständigenrats Wirtschaft,Sachverständigenrats Wirtschaft,ORG,0.0,0.0,de,1
Unicef-Team,Unicef-Team,ORG,0.0,0.0,de,1
DfB-Elf,DfB-Elf,ORG,0.0,0.0,de,1
Wirtschaftsweise…,Wirtschaftsweise…,ORG,0.0,0.0,de,1
Amerikas Partner,Amerikas Partner,ORG,-0.7,0.0,de,1
RUMMS!,RUMMS!,ORG,0.0,0.0,de,1
Abschlusserklär…,Abschlusserklär…,ORG,0.0,0.0,de,1
Bibber-Zoff,Bibber-Zoff,ORG,1.0,0.0,de,1
pakistanische Regierung,pakistanische Regierung,ORG,1.0,0.0,de,1
Soldaten</li><li,Soldaten</li><li,ORG,-0.15000000000000002,0.0,de,1
DNV,DNV,ORG,-0.7,0.0,de,1
Ukraine marki…,Ukraine marki…,ORG,0.0,0.0,de,1
Bundesparteitag der Grünen,Bundesparteitag der Grünen,ORG,-0.7,0.0,de,1
RWE-Kohlekompromiss,RWE-Kohlekompromiss,ORG,0.0,0.0,de,1
WELT-Livep…,WELT-Livep…,ORG,-0.15000000000000002,0.0,de,1
Deutsche Feuerwehrve…,Deutsche Feuerwehrve…,ORG,0.0,0.0,de,1
Verband der europäischen Gasinfrastruktur-Betreiber,Verband der europäischen Gasinfrastruktur-Betreiber,ORG,0.0,0.0,de,1
Bitterfeld-Wolfe…,Bitterfeld-Wolfe…,ORG,0.0,0.0,de,1
Allianz Global Investors,Allianz Global Investors,ORG,0.0,0.0,de,1
Union Investment,Union Investment,ORG,0.0,0.0,de,1
DWS,DWS,ORG,0.0,0.0,de,1
Spandauer Velours,Spandauer Velours,ORG,0.0,0.0,de,1
sollen3,sollen3,ORG,-0.7,0.0,de,1
dänische Polizei,dänische Polizei,ORG,0.7,0.0,de,1
AKW-Streit,AKW-Streit,ORG,0.0,0.0,de,1
Ukraine meld…,Ukraine meld…,ORG,0.0,0.0,de,1
Kanzlers!,Kanzlers!,ORG,0.0,0.0,de,1
LNG-Term…,LNG-Term…,ORG,0.0,0.0,de,1
LNG-EinkÃ¤ufe,LNG-EinkÃ¤ufe,ORG,0.0,0.0,de,1
Zerst…,Zerst…,ORG,0.0,0.0,de,1
Gaskonzern TotalEnergies,Gaskonzern TotalEnergies,ORG,0.0,0.0,de,1
Blueye Robotics,Blueye Robotics,ORG,-0.7,0.0,de,1
estnische Parlament,estnische Parlament,ORG,0.0,0.0,de,1
Hin…,Hin…,ORG,0.16666666666666666,0.0,de,1
sen…,sen…,ORG,0.0,0.0,de,1
CO₂-Neutralität,CO₂-Neutralität,ORG,-0.7,0.0,de,1
Anla…,Anla…,ORG,0.0,0.0,de,1
Gegenoffensive +++  ,Gegenoffensive +++  ,ORG,0.0,0.0,de,1
FOCUS-online-…,FOCUS-online-…,ORG,0.85,0.0,de,1
LNG-Standorten,LNG-Standorten,ORG,-1.0,0.0,de,1
LNG-Terminals Wilhelmshaven,LNG-Terminals Wilhelmshaven,ORG,0.7,0.0,de,1
Verdammt!,Verdammt!,ORG,0.0,0.0,de,1
iPhone VPN,iPhone VPN,ORG,0.0,0.0,de,1
Butscha +++ Deutschland,Butscha +++ Deutschland,ORG,1.0,0.0,de,1
"Gas
Ukraine-Liveblog
","Gas
Ukraine-Liveblog
",ORG,1.0,0.0,de,1
"Gas
","Gas
",ORG,1.0,0.0,de,1
Gas +++ Russland,Gas +++ Russland,ORG,1.0,0.0,de,1
verheize Russland,verheize Russland,ORG,0.0,0.0,de,1
Trading Hub Europe …,Trading Hub Europe …,ORG,0.0,0.0,de,1
Stadtwerken Osnabrück,Stadtwerken Osnabrück,ORG,-0.85,0.0,de,1
FOCUS-online-Au…,FOCUS-online-Au…,ORG,0.85,0.0,de,1
Naturkatastrophen,Naturkatastrophen,ORG,0.0,0.0,de,1
"Globale Gesellschaft
","Globale Gesellschaft
",ORG,0.7,0.0,de,1
Pullover,Pullover,ORG,0.0,0.0,de,1
Kleidungss…,Kleidungss…,ORG,0.7,0.0,de,1
FrontDer,FrontDer,ORG,0.0,0.0,de,1
Umg…,Umg…,ORG,0.0,0.0,de,1
sachsen-anhaltischen Halle,sachsen-anhaltischen Halle,ORG,0.0,0.0,de,1
ÄRGER,ÄRGER,ORG,0.0,0.0,de,1
Sonnenschein,Sonnenschein,ORG,0.0,0.0,de,1
Volle Kanne Service,Volle Kanne Service,ORG,0.0,0.0,de,1
Putins Militär,Putins Militär,ORG,0.7,0.0,de,1
Diesel-Vorrat,Diesel-Vorrat,ORG,0.0,0.0,de,1
Sozialdemokratische Partei Europas,Sozialdemokratische Partei Europas,ORG,0.0,0.0,de,1
Neues EU-Maßnahmenpaket,Neues EU-Maßnahmenpaket,ORG,0.0,0.0,de,1
Deutschland Fracking,Deutschland Fracking,ORG,0.0,0.0,de,1
europäischen E…,europäischen E…,ORG,0.0,0.0,de,1
Brauchwasser-Wärmepumpen,Brauchwasser-Wärmepumpen,ORG,0.0,0.0,de,1
Gaspreisbremse,Gaspreisbremse,ORG,0.0,0.0,de,1
Bundeswirtschaftsmi…,Bundeswirtschaftsmi…,ORG,0.0,0.0,de,1
Silke Hahne.</em>,Silke Hahne.</em>,ORG,0.0,0.0,de,1
vorherseh…,vorherseh…,ORG,0.0,0.0,de,1
gegange…,gegange…,ORG,0.0,0.0,de,1
Reali…,Reali…,ORG,0.0,0.0,de,1
EU-Fonds,EU-Fonds,ORG,0.0,0.0,de,1
MPK-Beschlüssen,MPK-Beschlüssen,ORG,0.0,0.0,de,1
Gaspreisbremse  ,Gaspreisbremse  ,ORG,0.0,0.0,de,1
INITIATIVE,INITIATIVE,ORG,0.7,0.0,de,1
FLÜCHTLINGEN,FLÜCHTLINGEN,ORG,0.7,0.0,de,1
PAKISTAN,PAKISTAN,ORG,0.7,0.0,de,1
AFRIKA,AFRIKA,ORG,0.7,0.0,de,1
SAN FRANC…,SAN FRANC…,ORG,-0.2333333333333333,0.0,de,1
Ministerpräsi…,Ministerpräsi…,ORG,0.0,0.0,de,1
Europäischen Zentralbank m…,Europäischen Zentralbank m…,ORG,0.0,0.0,de,1
Stiftung Klimaschutz,Stiftung Klimaschutz,ORG,0.0,0.0,de,1
EU-Gipfelabschluss,EU-Gipfelabschluss,ORG,0.0,0.0,de,1
Energietal Toggenburg,Energietal Toggenburg,ORG,0.0,0.0,de,1
Energiekris…,Energiekris…,ORG,0.0,0.0,de,1
Ptleluellue…,Ptleluellue…,ORG,0.0,0.0,de,1
Flugindustrie-Zulieferer,Flugindustrie-Zulieferer,ORG,-0.7,0.0,de,1
Motor Sitsch,Motor Sitsch,ORG,0.0,0.0,de,1
Munitionsfabrik +++,Munitionsfabrik +++,ORG,0.0,0.0,de,1
Nutz…,Nutz…,ORG,0.0,0.0,de,1
EU-Vergleich,EU-Vergleich,ORG,-0.7,0.0,de,1
NTV Erdogan,NTV Erdogan,ORG,0.0,0.0,de,1
Ablenkungsmanöver +++,Ablenkungsmanöver +++,ORG,0.0,0.0,de,1
Fernwärmegeschäft,Fernwärmegeschäft,ORG,0.0,0.0,de,1
Brauchwasser,Brauchwasser,ORG,0.0,0.0,de,1
BWWP,BWWP,ORG,-0.7,0.0,de,1
Atomgesetzes,Atomgesetzes,ORG,0.0,0.0,de,1
CO2-Kosten,CO2-Kosten,ORG,0.0,0.0,de,1
WC-Preisbremse,WC-Preisbremse,ORG,0.0,0.0,de,1
Instituts für Wirtschaft und Frieden,Instituts für Wirtschaft und Frieden,ORG,0.0,0.0,de,1
AC Milan,AC Milan,ORG,1.0,0.0,de,1
Rolle Merkels,Rolle Merkels,ORG,-1.0,0.0,de,1
Gas Infrastructure Europe,Gas Infrastructure Europe,ORG,1.0,0.0,de,1
Energie- und Wärmeversorgung in,Energie- und Wärmeversorgung in,ORG,1.0,0.0,de,1
Gif…,Gif…,ORG,1.0,0.0,de,1
Zentrum der Aufmerksamkeit,Zentrum der Aufmerksamkeit,ORG,0.0,0.0,de,1
+++ 08:11 US-Regierung,+++ 08:11 US-Regierung,ORG,0.0,0.0,de,1
Klimafolgenfors…,Klimafolgenfors…,ORG,0.0,0.0,de,1
Ansa…,Ansa…,ORG,0.0,0.0,de,1
ENERGIEVERSORGUNG,ENERGIEVERSORGUNG,ORG,0.0,0.0,de,1
Bundeswettbewe…,Bundeswettbewe…,ORG,0.0,0.0,de,1
Russland ge…,Russland ge…,ORG,0.0,0.0,de,1
Allian…,Allian…,ORG,0.7,0.0,de,1
Brandenburgs SPD,Brandenburgs SPD,ORG,-0.7,0.0,de,1
Hamburger Hafens,Hamburger Hafens,ORG,0.15000000000000002,0.0,de,1
Aggregat…,Aggregat…,ORG,0.0,0.0,de,1
EEU,EEU,ORG,0.0,0.0,de,1
Austin +++,Austin +++,ORG,0.0,0.0,de,1
UN-Mitgliedsstaaten,UN-Mitgliedsstaaten,ORG,0.7,0.0,de,1
Die internationale Gemeinschaft,Die internationale Gemeinschaft,ORG,0.0,0.0,de,1
deutsche UN-Vertretung,deutsche UN-Vertretung,ORG,0.0,0.0,de,1
hÃ¤nge siâ€¦,hÃ¤nge siâ€¦,ORG,0.0,0.0,de,1
FDP-Wirtschaftspolitiker,FDP-Wirtschaftspolitiker,ORG,0.0,0.0,de,1
"ntv-Podcast ""Wirtschaft Welt & Weit","ntv-Podcast ""Wirtschaft Welt & Weit",ORG,0.0,0.0,de,1
baden-wÃ¼rttembergischen Wirtschaft,baden-wÃ¼rttembergischen Wirtschaft,ORG,0.0,0.0,de,1
Wohnor…,Wohnor…,ORG,0.7,0.0,de,1
tsf,tsf,ORG,0.0,0.0,de,1
Extremmaßna…,Extremmaßna…,ORG,0.7,0.0,de,1
EU von Russlands,EU von Russlands,ORG,0.7,0.0,de,1
Annexionen +++ Ukrainischen Streitkräften,Annexionen +++ Ukrainischen Streitkräften,ORG,-0.15000000000000002,0.0,de,1
Gebiet Cherson +++,Gebiet Cherson +++,ORG,-0.15000000000000002,0.0,de,1
Ratgeber Inflation,Ratgeber Inflation,ORG,-1.0,0.0,de,1
Mexikos Armee,Mexikos Armee,ORG,0.0,0.0,de,1
Truppenübungsplatz + Gasaustritt,Truppenübungsplatz + Gasaustritt,ORG,-1.0,0.0,de,1
deutschen Entlastungspaket,deutschen Entlastungspaket,ORG,0.0,0.0,de,1
Nord-Stream-Betreiber,Nord-Stream-Betreiber,ORG,0.0,0.0,de,1
Linkspartei,Linkspartei,ORG,0.0,0.0,de,1
Maischberger,Maischberger,ORG,-0.5,0.0,de,1
Internetkabel in Gefahr,Internetkabel in Gefahr,ORG,0.0,0.0,de,1
Private Pools,Private Pools,ORG,0.0,0.0,de,1
ReDer,ReDer,ORG,0.7,0.0,de,1
Diktat Deutschlands,Diktat Deutschlands,ORG,-1.0,0.0,de,1
zwö,zwö,ORG,0.0,0.0,de,1
Initiative World…,Initiative World…,ORG,0.0,0.0,de,1
Lieferketten-Lottos,Lieferketten-Lottos,ORG,0.0,0.0,de,1
Knappes Gas,Knappes Gas,ORG,0.0,0.0,de,1
ek…,ek…,ORG,0.0,0.0,de,1
"dpa
","dpa
",ORG,0.0,0.0,de,1
Deutsche Stahlwerke,Deutsche Stahlwerke,ORG,0.0,0.0,de,1
norwe…,norwe…,ORG,0.0,0.0,de,1
Partei Russlands,Partei Russlands,ORG,0.0,0.0,de,1
EuropeanDebates,EuropeanDebates,ORG,0.0,0.0,de,1
Europäischen Union Geschäfte,Europäischen Union Geschäfte,ORG,0.0,0.0,de,1
Gas +++ Geldwäsche,Gas +++ Geldwäsche,ORG,0.0,0.0,de,1
Schleswig-Holsteins SPD,Schleswig-Holsteins SPD,ORG,0.7,0.0,de,1
LNG-Lieferung,LNG-Lieferung,ORG,-0.1333333333333333,0.0,de,1
US-Berater für globale Energiesicherheit,US-Berater für globale Energiesicherheit,ORG,0.35,0.0,de,1
US-Senatsunterausschuss,US-Senatsunterausschuss,ORG,0.35,0.0,de,1
kohlenstoffarmem kanadischem LNG,kohlenstoffarmem kanadischem LNG,ORG,0.0,0.0,en,1
National Joint Stock Company,National Joint Stock Company,ORG,0.0,0.0,en,1
Naftogaz of Ukraine,Naftogaz of Ukraine,ORG,0.0,0.0,en,1
niedlich!,niedlich!,ORG,0.7,0.0,de,1
taz.de,taz.de,ORG,0.0,0.0,,1
Ostsee-Anrainern Finnland,Ostsee-Anrainern Finnland,ORG,1.0,0.0,de,1
EPH,EPH,ORG,0.0,0.0,de,1
EU-Prügelknabe,EU-Prügelknabe,ORG,0.0,0.0,de,1
"Ampel""-Koalition","Ampel""-Koalition",ORG,-0.15000000000000002,0.0,de,1
Covid-19-Zeit,Covid-19-Zeit,ORG,0.0,0.0,de,1
Preisdeckeln für Strom und Gas,Preisdeckeln für Strom und Gas,ORG,0.7,0.0,de,1
Leading Tennis Clubs of Germany,Leading Tennis Clubs of Germany,ORG,0.0,0.0,de,1
Orbans Motive,Orbans Motive,ORG,0.7,0.0,de,1
Sichere Energie für,Sichere Energie für,ORG,0.0,0.0,de,1
Energiefr…,Energiefr…,ORG,0.0,0.0,de,1
Wohnungskonzern Kündigungen,Wohnungskonzern Kündigungen,ORG,0.0,0.0,de,1
Schuldenbremse…,Schuldenbremse…,ORG,0.0,0.0,de,1
Vattenfall WÃ¤rme Berlin AG,Vattenfall WÃ¤rme Berlin AG,ORG,0.0,0.0,de,1
Diese Grünen,Diese Grünen,ORG,0.0,0.0,de,1
Vereinigung der kantonalen Migrationsbehörden und e…,Vereinigung der kantonalen Migrationsbehörden und e…,ORG,0.0,0.0,de,1
Wut-Partei,Wut-Partei,ORG,0.0,0.0,de,1
Kälte & Stromausfall,Kälte & Stromausfall,ORG,0.0,0.0,de,1
kältetoler…,kältetoler…,ORG,0.0,0.0,de,1
EnWB,EnWB,ORG,0.0,0.0,de,1
EnBW Gas,EnBW Gas,ORG,0.7,0.0,de,1
Großhandelsm…,Großhandelsm…,ORG,0.0,0.0,de,1
Vorsch…,Vorsch…,ORG,0.0,0.0,de,1
Herr weâ€¦,Herr weâ€¦,ORG,0.0,0.0,de,1
Gas sparenWer,Gas sparenWer,ORG,0.0,0.0,de,1
Gasf…,Gasf…,ORG,0.0,0.0,de,1
Winterschlafprämie für Industrie,Winterschlafprämie für Industrie,ORG,0.0,0.0,de,1
Dienstagabend he…,Dienstagabend he…,ORG,0.0,0.0,de,1
Putins Kälte-Würgegriff,Putins Kälte-Würgegriff,ORG,0.0,0.0,de,1
Dienstagabend he,Dienstagabend he,ORG,0.0,0.0,de,1
Leuna +++,Leuna +++,ORG,0.0,0.0,de,1
RIA…,RIA…,ORG,0.0,0.0,de,1
Internationalen Atom-Energieagentur,Internationalen Atom-Energieagentur,ORG,0.0,0.0,de,1
Masc…,Masc…,ORG,0.0,0.0,de,1
polni…,polni…,ORG,-0.35,0.0,de,1
Hersteller…,Hersteller…,ORG,0.0,0.0,de,1
Woche…,Woche…,ORG,0.0,0.0,de,1
Livestream,Livestream,ORG,0.0,0.0,de,1
ENN Group,ENN Group,ORG,0.0,0.0,de,1
Jovo Energy,Jovo Energy,ORG,0.0,0.0,de,1
ENN,ENN,ORG,0.0,0.0,de,1
jeweiâ€,jeweiâ€,ORG,0.0,0.0,de,1
stelleâ€¦,stelleâ€¦,ORG,0.0,0.0,de,1
International Monetary Fund,International Monetary Fund,ORG,0.0,0.0,de,1
United Nations,United Nations,ORG,0.0,0.0,de,1
Ticker +++ - Althusmann,Ticker +++ - Althusmann,ORG,0.0,0.0,de,1
AfD am,AfD am,ORG,0.0,0.0,de,1
"Arte.tv
","Arte.tv
",ORG,0.0,0.0,de,1
medi…,medi…,ORG,0.0,0.0,de,1
Mähren AG,Mähren AG,ORG,-0.7,0.0,de,1
AfD-Demonstration,AfD-Demonstration,ORG,0.0,0.0,de,1
Menschenr…,Menschenr…,ORG,0.0,0.0,de,1
Plan +++,Plan +++,ORG,0.0,0.0,de,1
Fun…,Fun…,ORG,0.0,0.0,de,1
Terror +++,Terror +++,ORG,-0.7,0.0,de,1
Pipeline-Lecks +++,Pipeline-Lecks +++,ORG,0.0,0.0,de,1
EU b,EU b,ORG,0.0,0.0,de,1
Preisbrems…,Preisbrems…,ORG,0.0,0.0,de,1
Gesellschaft: Ostdeutschland,Gesellschaft: Ostdeutschland,ORG,0.0,0.0,de,1
BDI …,BDI …,ORG,0.0,0.0,de,1
Experten-Kommission,Experten-Kommission,ORG,1.0,0.0,de,1
Christian BruchDer,Christian BruchDer,ORG,0.0,0.0,de,1
Deutsche Bundesanwaltschaft,Deutsche Bundesanwaltschaft,ORG,0.0,0.0,de,1
Ostsee-Gaspipelines  ,Ostsee-Gaspipelines  ,ORG,-0.15000000000000002,0.0,de,1
Raum.</li><li,Raum.</li><li,ORG,-0.15000000000000002,0.0,de,1
Flüchtlings-Unterbringung,Flüchtlings-Unterbringung,ORG,0.0,0.0,de,1
Grüne Gas,Grüne Gas,ORG,0.0,0.0,de,1
Grüne Tempo,Grüne Tempo,ORG,0.0,0.0,de,1
ange…,ange…,ORG,0.0,0.0,de,1
Prag +++,Prag +++,ORG,0.0,0.0,de,1
zwis…,zwis…,ORG,0.0,0.0,de,1
Landesverband des Bundes für Umwelt und Naturschutz Deutschland,Landesverband des Bundes für Umwelt und Naturschutz Deutschland,ORG,0.7,0.0,de,1
Klima-Kleber!,Klima-Kleber!,ORG,0.0,0.0,de,1
Super Gepard,Super Gepard,ORG,1.0,0.0,de,1
Super,Super,ORG,1.0,0.0,de,1
Bundesfin…,Bundesfin…,ORG,0.0,0.0,de,1
Norwegen +++,Norwegen +++,ORG,0.0,0.0,de,1
Donnerstagmorgen …,Donnerstagmorgen …,ORG,0.0,0.0,de,1
NBI,NBI,ORG,0.0,0.0,de,1
BfS,BfS,ORG,0.0,0.0,de,1
EU-Industriepolitik,EU-Industriepolitik,ORG,1.0,0.0,de,1
RiffReporter,RiffReporter,ORG,0.7,0.0,de,1
Rechercheverbund,Rechercheverbund,ORG,0.0,0.0,de,1
österreichischen Parlament,österreichischen Parlament,ORG,0.0,0.0,de,1
österreichische Regierung,österreichische Regierung,ORG,0.0,0.0,de,1
Gesprächen,Gesprächen,ORG,0.7,0.0,de,1
"Instagram
","Instagram
",ORG,0.0,0.0,de,1
Japans Regierung,Japans Regierung,ORG,0.0,0.0,de,1
Devis…,Devis…,ORG,0.0,0.0,de,1
Härtefallfonds & Co.,Härtefallfonds & Co.,ORG,0.7,0.0,de,1
Münst…,Münst…,ORG,0.0,0.0,de,1
Deutschen wünsc…,Deutschen wünsc…,ORG,0.0,0.0,de,1
Ampel-Koalitionspartner,Ampel-Koalitionspartner,ORG,0.0,0.0,de,1
Dro…,Dro…,ORG,0.0,0.0,de,1
Aquari…,Aquari…,ORG,0.0,0.0,de,1
Flüssigerdgas…,Flüssigerdgas…,ORG,0.0,0.0,de,1
Kraft des Mittelstands,Kraft des Mittelstands,ORG,0.0,0.0,de,1
Gemeinderats,Gemeinderats,ORG,0.0,0.0,de,1
ulekl uku,ulekl uku,ORG,0.0,0.0,de,1
Super Verteidigung,Super Verteidigung,ORG,1.0,0.0,de,1
Länder-Ministerpräsidentenkonf…,Länder-Ministerpräsidentenkonf…,ORG,0.0,0.0,de,1
Akti…,Akti…,ORG,0.7,0.0,de,1
Entlastungs-Finanzpaket,Entlastungs-Finanzpaket,ORG,0.0,0.0,de,1
Übergewinnsteuer +++,Übergewinnsteuer +++,ORG,-1.0,0.0,de,1
Atomschlag +++,Atomschlag +++,ORG,-0.7,0.0,de,1
Zei…,Zei…,ORG,1.0,0.0,de,1
Mykolajiw +++ IAEA,Mykolajiw +++ IAEA,ORG,0.0,0.0,de,1
Sachsen-Anh…,Sachsen-Anh…,ORG,0.0,0.0,de,1
Energiesystem +++,Energiesystem +++,ORG,0.0,0.0,de,1
verhängter Sanktionen,verhängter Sanktionen,ORG,-0.7,0.0,de,1
ABU DHABI,ABU DHABI,ORG,0.0,0.0,de,1
Häu…,Häu…,ORG,0.0,0.0,de,1
BP Milliardengewinn,BP Milliardengewinn,ORG,0.0,0.0,de,1
deutschen Erdgas-Bedarfs,deutschen Erdgas-Bedarfs,ORG,0.0,0.0,de,1
Straße gegan…,Straße gegan…,ORG,0.0,0.0,de,1
iranischen Kamikaze-Drohnen,iranischen Kamikaze-Drohnen,ORG,0.0,0.0,de,1
Vereinigung der hessischen Unternehmerverbände,Vereinigung der hessischen Unternehmerverbände,ORG,0.0,0.0,de,1
VhU,VhU,ORG,0.0,0.0,de,1
eu,eu,ORG,0.0,0.0,de,1
pe ple pepuupelp,pe ple pepuupelp,ORG,-1.0,0.0,de,1
ZEIT für Klima,ZEIT für Klima,ORG,0.0,0.0,de,1
BASF-Fabrik,BASF-Fabrik,ORG,0.7,0.0,de,1
Regierungsziele,Regierungsziele,ORG,0.7,0.0,de,1
vertragli…,vertragli…,ORG,-0.7,0.0,de,1
Dezember-Soforthilfe,Dezember-Soforthilfe,ORG,0.0,0.0,de,1
Kanzleramt …,Kanzleramt …,ORG,0.7,0.0,de,1
Bürgeri…,Bürgeri…,ORG,0.35,0.0,de,1
Deutschen Fußball-Bunds,Deutschen Fußball-Bunds,ORG,0.0,0.0,de,1
Pharmakonzern Boehringer Ingelheim,Pharmakonzern Boehringer Ingelheim,ORG,1.0,0.0,de,1
Tschechiens AKW-Pläne,Tschechiens AKW-Pläne,ORG,0.7,0.0,de,1
Nordafrikas,Nordafrikas,ORG,1.0,0.0,de,1
+++ Ist Thorium,+++ Ist Thorium,ORG,-1.0,0.0,de,1
Frankfurter BörseGas-,Frankfurter BörseGas-,ORG,0.0,0.0,de,1
Corona-Pandemie…,Corona-Pandemie…,ORG,0.7,0.0,de,1
Grüne Energie,Grüne Energie,ORG,0.0,0.0,de,1
Welt Entwicklungsländern,Welt Entwicklungsländern,ORG,0.0,0.0,de,1
CO…,CO…,ORG,0.0,0.0,de,1
Sachvers…,Sachvers…,ORG,0.0,0.0,de,1
picture-alliance Leipzig,picture-alliance Leipzig,ORG,-1.0,0.0,de,1
Ukraine verst…,Ukraine verst…,ORG,0.0,0.0,de,1
WK,WK,ORG,0.0,0.0,de,1
Verteidigungsd…,Verteidigungsd…,ORG,0.0,0.0,de,1
Fahrbahn,Fahrbahn,ORG,-0.7,0.0,de,1
Bundesanstalt für Arbeitsschutz und Arbeitsmedizin,Bundesanstalt für Arbeitsschutz und Arbeitsmedizin,ORG,0.0,0.0,de,1
BAuA,BAuA,ORG,0.0,0.0,de,1
Arbeitspla…,Arbeitspla…,ORG,0.0,0.0,de,1
Finanzminister der Europäischen Union,Finanzminister der Europäischen Union,ORG,0.0,0.0,de,1
Ecofin,Ecofin,ORG,0.0,0.0,de,1
Weltklimagipfel COP27,Weltklimagipfel COP27,ORG,0.0,0.0,de,1
Sachverständigenrat,Sachverständigenrat,ORG,-0.7,0.0,de,1
FrankfurtDeutschland,FrankfurtDeutschland,ORG,0.0,0.0,de,1
AKW Civaux,AKW Civaux,ORG,0.0,0.0,de,1
Münc…,Münc…,ORG,0.0,0.0,de,1
Empörun…,Empörun…,ORG,1.0,0.0,de,1
Stendal,Stendal,ORG,-1.0,0.0,de,1
Evangelischen Kirche,Evangelischen Kirche,ORG,0.0,0.0,de,1
Schwerpunktthema Klimaschutz,Schwerpunktthema Klimaschutz,ORG,0.0,0.0,de,1
Sen…,Sen…,ORG,0.0,0.0,de,1
Investment-Beratungsfirma,Investment-Beratungsfirma,ORG,0.0,0.0,de,1
Ge,Ge,ORG,0.0,0.0,de,1
Berliner Staatsballett,Berliner Staatsballett,ORG,0.7,0.0,de,1
A26,A26,ORG,0.0,0.0,de,1
DU-Landesparteitag,DU-Landesparteitag,ORG,0.0,0.0,de,1
NRW-Ministerpräsidenten,NRW-Ministerpräsidenten,ORG,-1.0,0.0,de,1
Tschechiens,Tschechiens,ORG,0.7,0.0,de,1
libera…,libera…,ORG,-1.0,0.0,de,1
CottbusHilfesuchende,CottbusHilfesuchende,ORG,0.0,0.0,de,1
Islamische Rep…,Islamische Rep…,ORG,0.0,0.0,de,1
Bundesregierug will Gaskunden,Bundesregierug will Gaskunden,ORG,-1.0,0.0,de,1
Hermann-Josef Tenhagen,Hermann-Josef Tenhagen,ORG,0.0,0.0,de,1
Finanztip-Ch…,Finanztip-Ch…,ORG,0.0,0.0,de,1
Klimaschutz…,Klimaschutz…,ORG,0.0,0.0,de,1
Nuclear Posture Review,Nuclear Posture Review,ORG,0.7,0.0,de,1
SUV,SUV,ORG,0.0,0.0,de,1
amerika­nische Regierung,amerika­nische Regierung,ORG,0.7,0.0,de,1
Denkfabrik Agora Energiewende,Denkfabrik Agora Energiewende,ORG,1.0,0.0,de,1
ple BlpelvolOnua,ple BlpelvolOnua,ORG,0.0,0.0,de,1
Berat…,Berat…,ORG,0.0,0.0,de,1
Pellets,Pellets,ORG,0.0,0.0,de,1
Unterzei…,Unterzei…,ORG,0.0,0.0,de,1
Gas wur…,Gas wur…,ORG,0.0,0.0,de,1
Bundesrepu…,Bundesrepu…,ORG,0.0,0.0,de,1
Conference of the parties,Conference of the parties,ORG,0.0,0.0,de,1
Umweltministerium für Deutschland,Umweltministerium für Deutschland,ORG,1.0,0.0,de,1
Kleinwagen,Kleinwagen,ORG,0.0,0.0,de,1
Mykolajiw +++,Mykolajiw +++,ORG,0.0,0.0,de,1
EU-Grenze +++,EU-Grenze +++,ORG,-0.85,0.0,de,1
Uniper-Terminal Wilhelmshaven,Uniper-Terminal Wilhelmshaven,ORG,0.0,0.0,de,1
Hilton,Hilton,ORG,0.0,0.0,de,1
FDP Hoffnungen,FDP Hoffnungen,ORG,0.0,0.0,de,1
PBB,PBB,ORG,0.0,0.0,de,1
Finanzplatz Frankfurt,Finanzplatz Frankfurt,ORG,0.0,0.0,de,1
Baader …,Baader …,ORG,0.7,0.0,de,1
Gaspreis-Bremse,Gaspreis-Bremse,ORG,-1.0,0.0,de,1
EU Kiew,EU Kiew,ORG,0.7,0.0,de,1
Kleins…,Kleins…,ORG,0.0,0.0,de,1
Hochschule Neubrandenburg,Hochschule Neubrandenburg,ORG,-1.0,0.0,de,1
Bel…,Bel…,ORG,0.0,0.0,de,1
EU-Emissionen,EU-Emissionen,ORG,0.35,0.0,de,1
Auto-Show IAA Mobility,Auto-Show IAA Mobility,ORG,0.0,0.0,de,1
Avtodom,Avtodom,ORG,0.0,0.0,de,1
Ingolstädter …,Ingolstädter …,ORG,0.0,0.0,de,1
europäische Dilemma,europäische Dilemma,ORG,0.0,0.0,de,1
Dezember-Abschläge,Dezember-Abschläge,ORG,0.0,0.0,de,1
US-Satelliten +++,US-Satelliten +++,ORG,-0.7,0.0,de,1
US-Satelliten,US-Satelliten,ORG,-0.7,0.0,de,1
Urmas Reinsalu,Urmas Reinsalu,ORG,0.0,0.0,de,1
Energie-Infrastruktur angegr,Energie-Infrastruktur angegr,ORG,0.0,0.0,de,1
Straftätern +++,Straftätern +++,ORG,1.0,0.0,de,1
Nazis +++,Nazis +++,ORG,0.0,0.0,de,1
Bundesamt für die Sic…,Bundesamt für die Sic…,ORG,0.0,0.0,de,1
chinesisc…,chinesisc…,ORG,0.0,0.0,de,1
krit…,krit…,ORG,0.7,0.0,de,1
ku…,ku…,ORG,0.0,0.0,de,1
EU-Einkaufsplattform,EU-Einkaufsplattform,ORG,0.15000000000000002,0.0,de,1
Steuer…,Steuer…,ORG,0.0,0.0,de,1
Rishi Sunak-Rede,Rishi Sunak-Rede,ORG,0.0,0.0,de,1
Neues Rückgrat,Neues Rückgrat,ORG,0.0,0.0,de,1
Landesverband des Bundes für Umwelt und Natu…,Landesverband des Bundes für Umwelt und Natu…,ORG,0.0,0.0,de,1
Deutschen Industrie- und Hande…,Deutschen Industrie- und Hande…,ORG,0.0,0.0,de,1
Climate,Climate,ORG,-1.0,0.0,de,1
Maue Klimabilanz,Maue Klimabilanz,ORG,-1.0,0.0,de,1
Kuba,Kuba,ORG,0.0,0.0,de,1
Berlin +++ Regierung,Berlin +++ Regierung,ORG,0.0,0.0,de,1
Liveblo…,Liveblo…,ORG,0.0,0.0,de,1
AEOI,AEOI,ORG,0.0,0.0,de,1
Markit-Einkaufsmanager-…,Markit-Einkaufsmanager-…,ORG,0.0,0.0,de,1
ba…,ba…,ORG,0.0,0.0,de,1
Eastmed-Pipeline,Eastmed-Pipeline,ORG,0.0,0.0,de,1
TTF Teile…,TTF Teile…,ORG,0.0,0.0,de,1
EU-Energieministertreffens,EU-Energieministertreffens,ORG,0.0,0.0,de,1
Universität Cambridge,Universität Cambridge,ORG,1.0,0.0,de,1
Twitter nachlässig +++,Twitter nachlässig +++,ORG,-1.0,0.0,de,1
Rote Hilfe e.,Rote Hilfe e.,ORG,0.0,0.0,de,1
Sachsens Ministerpräside…,Sachsens Ministerpräside…,ORG,0.0,0.0,de,1
Marktpreise…,Marktpreise…,ORG,0.0,0.0,de,1
Ministerien für Umwelt,Ministerien für Umwelt,ORG,0.0,0.0,de,1
Jessy Wellmers,Jessy Wellmers,ORG,0.0,0.0,de,1
Erdgas-Speicher,Erdgas-Speicher,ORG,0.0,0.0,de,1
Universität Göttingen,Universität Göttingen,ORG,0.0,0.0,de,1
Bürger Statistikern,Bürger Statistikern,ORG,0.0,0.0,de,1
massi…,massi…,ORG,0.0,0.0,de,1
Energiesektor +++ Die Nachrichten zu Russlands Krieg,Energiesektor +++ Die Nachrichten zu Russlands Krieg,ORG,0.0,0.0,de,1
"Hilton
","Hilton
",ORG,0.0,0.0,de,1
Finanzie…,Finanzie…,ORG,0.0,0.0,de,1
Spiegel bereite…,Spiegel bereite…,ORG,0.0,0.0,de,1
Augsburg …,Augsburg …,ORG,0.0,0.0,de,1
KuB,KuB,ORG,0.0,0.0,de,1
Nord-Stream-Pipelines mitgesprengt,Nord-Stream-Pipelines mitgesprengt,ORG,0.0,0.0,de,1
Bayern,Bayern,ORG,0.0,0.0,de,1
Last-Minute-Drama…,Last-Minute-Drama…,ORG,1.0,0.0,de,1
Zentralen Militärbezirks,Zentralen Militärbezirks,ORG,0.0,0.0,de,1
CMD,CMD,ORG,0.0,0.0,de,1
herangehenâ€œ,herangehenâ€œ,ORG,0.0,0.0,de,1
Fracking-Verbots,Fracking-Verbots,ORG,0.0,0.0,de,1
Aussto…,Aussto…,ORG,0.0,0.0,de,1
Al-Shabaab,Al-Shabaab,ORG,0.0,0.0,de,1
CE…,CE…,ORG,0.0,0.0,de,1
Sabotageangst,Sabotageangst,ORG,0.0,0.0,de,1
Einstiâ€,Einstiâ€,ORG,0.7,0.0,de,1
AKW-Prüfung,AKW-Prüfung,ORG,0.0,0.0,de,1
finnische Polizei,finnische Polizei,ORG,0.7,0.0,de,1
Zentralanstalt für Meteorologie und Geodynamik,Zentralanstalt für Meteorologie und Geodynamik,ORG,1.0,0.0,de,1
ZAMG,ZAMG,ORG,1.0,0.0,de,1
Saporischschja +++ UN,Saporischschja +++ UN,ORG,-0.7,0.0,de,1
GrÃ¼ne,GrÃ¼ne,ORG,0.0,0.0,de,1
sü…,sü…,ORG,0.0,0.0,de,1
Höchstwert,Höchstwert,ORG,0.0,0.0,de,1
CO-Melder,CO-Melder,ORG,-0.7,0.0,de,1
Anreize,Anreize,ORG,0.0,0.0,de,1
Verordn…,Verordn…,ORG,0.0,0.0,de,1
CSU-Führung,CSU-Führung,ORG,0.0,0.0,de,1
Energiekrise für Gaskunden,Energiekrise für Gaskunden,ORG,-0.85,0.0,de,1
US-Präsidialamtes,US-Präsidialamtes,ORG,0.0,0.0,de,1
TV-Programme,TV-Programme,ORG,0.0,0.0,de,1
äu…,äu…,ORG,0.0,0.0,de,1
DIW Berlin,DIW Berlin,ORG,0.0,0.0,de,1
Einweihu…,Einweihu…,ORG,0.0,0.0,de,1
Raumtemperat…,Raumtemperat…,ORG,0.0,0.0,de,1
SPIEGEL Deep Dive,SPIEGEL Deep Dive,ORG,0.0,0.0,de,1
Berlin/Oberpframmern,Berlin/Oberpframmern,ORG,0.0,0.0,de,1
EU-Kommunikationsexperte,EU-Kommunikationsexperte,ORG,0.0,0.0,de,1
Wuppertal Institut,Wuppertal Institut,ORG,0.0,0.0,de,1
DW-Gespräch,DW-Gespräch,ORG,0.0,0.0,de,1
Terror-Strateg…,Terror-Strateg…,ORG,0.0,0.0,de,1
Statistisches Bundesamt: Deutsche Wirtschaft,Statistisches Bundesamt: Deutsche Wirtschaft,ORG,0.0,0.0,de,1
Verbraucherp…,Verbraucherp…,ORG,0.0,0.0,de,1
Twitter-Einstand,Twitter-Einstand,ORG,0.0,0.0,de,1
Füllstän…,Füllstän…,ORG,0.0,0.0,de,1
Netzbet…,Netzbet…,ORG,0.0,0.0,de,1
Pauèp Beuulel-Bnueekel,Pauèp Beuulel-Bnueekel,ORG,0.0,0.0,de,1
Bep Vle…,Bep Vle…,ORG,0.0,0.0,de,1
puupelu lelpoektlek nO ple Pelloae,puupelu lelpoektlek nO ple Pelloae,ORG,0.0,0.0,de,1
ple tel BeeeOpel aeeektl velpeu Oeppleu,ple tel BeeeOpel aeeektl velpeu Oeppleu,ORG,0.0,0.0,de,1
ENI,ENI,ORG,0.0,0.0,de,1
EU-Anstrengung,EU-Anstrengung,ORG,0.0,0.0,de,1
Netz +++,Netz +++,ORG,0.0,0.0,de,1
+ UN,+ UN,ORG,0.0,0.0,de,1
Notkraftwerk Birr,Notkraftwerk Birr,ORG,-0.35,0.0,de,1
Pakistans Lieferverträge,Pakistans Lieferverträge,ORG,0.0,0.0,de,1
deutschen Außen- und dem Wirtschaftsministerium,deutschen Außen- und dem Wirtschaftsministerium,ORG,0.0,0.0,de,1
Initiative Finanzwende,Initiative Finanzwende,ORG,0.0,0.0,de,1
Ukraine-Hilfen +++ Baerbock,Ukraine-Hilfen +++ Baerbock,ORG,0.35,0.0,de,1
Liveblog: ++ Rheinmetall,Liveblog: ++ Rheinmetall,ORG,0.0,0.0,de,1
Teufel Airy TWS,Teufel Airy TWS,ORG,0.0,0.0,de,1
Gasversorgung,Gasversorgung,ORG,0.0,0.0,de,1
Holcim,Holcim,ORG,0.0,0.0,de,1
EU-Geld,EU-Geld,ORG,0.0,0.0,de,1
EU Sanktionen,EU Sanktionen,ORG,0.0,0.0,de,1
Höhepunk…,Höhepunk…,ORG,0.0,0.0,de,1
Abrams-Panzern +++,Abrams-Panzern +++,ORG,0.0,0.0,de,1
IW-Experten,IW-Experten,ORG,-1.0,0.0,de,1
IW-Chef,IW-Chef,ORG,0.0,0.0,de,1
Finanz-Gurus,Finanz-Gurus,ORG,-1.0,0.0,de,1
Start-up Quantum Systems,Start-up Quantum Systems,ORG,0.0,0.0,de,1
fÃ¼r Verteidigung +++ London,fÃ¼r Verteidigung +++ London,ORG,-1.0,0.0,de,1
Argumâ€¦,Argumâ€¦,ORG,0.0,0.0,de,1
Dead Space,Dead Space,ORG,0.0,0.0,de,1
Kaufâ€,Kaufâ€,ORG,0.0,0.0,de,1
Auto-Reparatur,Auto-Reparatur,ORG,0.0,0.0,de,1
groÃŸes Sparpotential,groÃŸes Sparpotential,ORG,0.0,0.0,de,1
Ukraine +++ Bundeswehrverband,Ukraine +++ Bundeswehrverband,ORG,-1.0,0.0,de,1
WIFO-Umweltökonom,WIFO-Umweltökonom,ORG,0.0,0.0,de,1
Abrams-Kampfpanzer +++ Melnyk,Abrams-Kampfpanzer +++ Melnyk,ORG,-1.0,0.0,de,1
Abrams-Kampfpanzer +++,Abrams-Kampfpanzer +++,ORG,0.7,0.0,de,1
Trill Impact Ventures,Trill Impact Ventures,ORG,0.0,0.0,de,1
Trill Impact …,Trill Impact …,ORG,0.0,0.0,de,1
Unterbring…,Unterbring…,ORG,0.0,0.0,de,1
"Armeekost
","Armeekost
",ORG,0.0,0.0,de,1
Armeekost…,Armeekost…,ORG,0.0,0.0,de,1
Panzer!,Panzer!,ORG,0.0,0.0,de,1
Armeekost +++ Aussteiger,Armeekost +++ Aussteiger,ORG,0.0,0.0,de,1
Fachzeitsch…,Fachzeitsch…,ORG,0.0,0.0,de,1
Saporischschja Fortschritte,Saporischschja Fortschritte,ORG,0.0,0.0,de,1
Abrams +++,Abrams +++,ORG,0.7,0.0,de,1
US-Politiker,US-Politiker,ORG,0.0,0.0,de,1
Meinungsaustausch +++,Meinungsaustausch +++,ORG,0.0,0.0,de,1
NATO-Beitritt +++,NATO-Beitritt +++,ORG,0.7,0.0,de,1
Bürgerschaft…,Bürgerschaft…,ORG,0.0,0.0,de,1
Leopard-Zoff,Leopard-Zoff,ORG,-1.0,0.0,de,1
Armee-Aufstockung,Armee-Aufstockung,ORG,0.0,0.0,de,1
Armee-Aufstockung  ,Armee-Aufstockung  ,ORG,0.0,0.0,de,1
Stern School of Business,Stern School of Business,ORG,0.0,0.0,de,1
Atlas Capital Team,Atlas Capital Team,ORG,0.0,0.0,de,1
Bedürfti…,Bedürfti…,ORG,0.0,0.0,de,1
RWE-Schild,RWE-Schild,ORG,0.0,0.0,de,1
Privatsphär…,Privatsphär…,ORG,0.0,0.0,de,1
Free Leopards now!,Free Leopards now!,ORG,0.0,0.0,de,1
Leopard-Panzern,Leopard-Panzern,ORG,0.0,0.0,de,1
Mercedes-Benz Group AG,Mercedes-Benz Group AG,ORG,0.0,0.0,de,1
ple Bluleple aeaeu ple,ple Bluleple aeaeu ple,ORG,0.7,0.0,de,1
NAVY,NAVY,ORG,0.0,0.0,de,1
FDP wittern,FDP wittern,ORG,0.0,0.0,de,1
Sustainable Business,Sustainable Business,ORG,0.0,0.0,de,1
Chief Sustainable Officer,Chief Sustainable Officer,ORG,0.0,0.0,de,1
Ungewissheiten,Ungewissheiten,ORG,0.0,0.0,de,1
Europäischen Zen…,Europäischen Zen…,ORG,0.0,0.0,de,1
Impfdosen,Impfdosen,ORG,0.0,0.0,de,1
Baet,Baet,ORG,-1.0,0.0,de,1
up Oll PlluO,up Oll PlluO,ORG,-1.0,0.0,de,1
ple Gupleuevot,ple Gupleuevot,ORG,0.0,0.0,de,1
Tropf,Tropf,ORG,0.0,0.0,de,1
Pandemie-Nachwehen,Pandemie-Nachwehen,ORG,0.0,0.0,de,1
Tarifrunde Öffentlicher Dienst,Tarifrunde Öffentlicher Dienst,ORG,0.0,0.0,de,1
kommunale Arbeitgeberverband Sachsen,kommunale Arbeitgeberverband Sachsen,ORG,0.0,0.0,de,1
ChannelPartner Superwahljahr,ChannelPartner Superwahljahr,ORG,0.0,0.0,de,1
Vorquartal …,Vorquartal …,ORG,0.0,0.0,de,1
+++ Hurrikane,+++ Hurrikane,ORG,0.0,0.0,de,1
Eber…,Eber…,ORG,1.0,0.0,de,1
"ARD-""Morgenmagazin","ARD-""Morgenmagazin",ORG,0.0,0.0,de,1
säum…,säum…,ORG,0.0,0.0,de,1
dpa/bb,dpa/bb,ORG,0.0,0.0,de,1
Kiew auf +++ Ukraine,Kiew auf +++ Ukraine,ORG,0.0,0.0,de,1
Invasion +++ Polen,Invasion +++ Polen,ORG,0.0,0.0,de,1
Bruttoinlandsprodukts,Bruttoinlandsprodukts,ORG,-0.15000000000000002,0.0,de,1
Schweizer Armee,Schweizer Armee,ORG,0.0,0.0,de,1
Bundeswehr-Leoparden +++,Bundeswehr-Leoparden +++,ORG,0.0,0.0,de,1
US-Generalstabs,US-Generalstabs,ORG,0.0,0.0,de,1
White House Archive,White House Archive,ORG,0.0,0.0,de,1
F-16-Kampfjets</li><li>,F-16-Kampfjets</li><li>,ORG,0.0,0.0,de,1
Erneuerbaren-Offensive,Erneuerbaren-Offensive,ORG,0.0,0.0,de,1
World Gold Council,World Gold Council,ORG,0.0,0.0,de,1
Ölpreiskris…,Ölpreiskris…,ORG,0.0,0.0,de,1
Ember her…,Ember her…,ORG,0.0,0.0,de,1
European…,European…,ORG,0.0,0.0,de,1
Vorq…,Vorq…,ORG,0.0,0.0,de,1
definiti…,definiti…,ORG,0.0,0.0,de,1
SPD-General…,SPD-General…,ORG,0.0,0.0,de,1
Entspann…,Entspann…,ORG,0.0,0.0,de,1
Expertenrates für Klimafragen,Expertenrates für Klimafragen,ORG,0.0,0.0,de,1
eri…,eri…,ORG,0.7,0.0,de,1
Kampfflugzeugen +++ Kanada,Kampfflugzeugen +++ Kanada,ORG,0.7,0.0,de,1
Grindel,Grindel,ORG,0.0,0.0,de,1
DFB-Präsident,DFB-Präsident,ORG,0.0,0.0,de,1
umfa…,umfa…,ORG,0.0,0.0,de,1
Kampfflugzeugen +++,Kampfflugzeugen +++,ORG,-0.15000000000000002,0.0,de,1
Börsenpreise für Strom und Gas sinken,Börsenpreise für Strom und Gas sinken,ORG,0.0,0.0,de,1
Syrische Luftwaffe,Syrische Luftwaffe,ORG,0.0,0.0,de,1
Australien Open,Australien Open,ORG,0.7,0.0,de,1
Energie-Ausbauziele,Energie-Ausbauziele,ORG,0.0,0.0,de,1
Gas- und Strompreisen für Neukunden,Gas- und Strompreisen für Neukunden,ORG,0.0,0.0,de,1
Friedensbew…,Friedensbew…,ORG,0.0,0.0,de,1
Elbe-Einkaufszentrum,Elbe-Einkaufszentrum,ORG,-1.0,0.0,de,1
Panzer ++,Panzer ++,ORG,-0.7,0.0,de,1
Kinderschutz,Kinderschutz,ORG,0.0,0.0,de,1
Waffenrechts-Verschärfung,Waffenrechts-Verschärfung,ORG,0.0,0.0,de,1
APOKALYPSE,APOKALYPSE,ORG,0.0,0.0,de,1
Ukraine-News ++ Russland,Ukraine-News ++ Russland,ORG,0.0,0.0,de,1
Kinderschutz +++ UN-Flüchtlingshilfswerk,Kinderschutz +++ UN-Flüchtlingshilfswerk,ORG,0.0,0.0,de,1
Netanjahu,Netanjahu,ORG,-0.7,0.0,de,1
star…,star…,ORG,0.0,0.0,de,1
Langstreckenraketen ++,Langstreckenraketen ++,ORG,1.0,0.0,de,1
Nato +++ Ukraine,Nato +++ Ukraine,ORG,0.0,0.0,de,1
Invasion +++,Invasion +++,ORG,0.0,0.0,de,1
gena…,gena…,ORG,0.0,0.0,de,1
Harte Linie,Harte Linie,ORG,-1.0,0.0,de,1
somalische Regierung,somalische Regierung,ORG,0.7,0.0,de,1
Regierungschef Plenkovi,Regierungschef Plenkovi,ORG,-1.0,0.0,de,1
Winter-Beginn,Winter-Beginn,ORG,0.0,0.0,de,1
Soledar  +++ Polen,Soledar  +++ Polen,ORG,0.0,0.0,de,1
Bundesregierung,Bundesregierung,ORG,0.0,0.0,de,1
GÜVEN PURTUL,GÜVEN PURTUL,ORG,0.0,0.0,de,1
Treibhausgas-Emi…,Treibhausgas-Emi…,ORG,0.0,0.0,de,1
Soledar-Fall,Soledar-Fall,ORG,0.0,0.0,de,1
Adler Mannheim,Adler Mannheim,ORG,0.0,0.0,de,1
Samstagmorgen +++ Bericht,Samstagmorgen +++ Bericht,ORG,0.0,0.0,de,1
Woche +++ IAEA,Woche +++ IAEA,ORG,0.0,0.0,de,1
AKWs +++ Entwicklungen,AKWs +++ Entwicklungen,ORG,0.0,0.0,de,1
UN-Sondertribunals,UN-Sondertribunals,ORG,0.0,0.0,de,1
ukrainische Präsidialverwaltung,ukrainische Präsidialverwaltung,ORG,0.0,0.0,de,1
Beh…,Beh…,ORG,0.0,0.0,de,1
CDU-Vorstand am Wochenende,CDU-Vorstand am Wochenende,ORG,0.0,0.0,de,1
Generation Greta,Generation Greta,ORG,0.0,0.0,de,1
Russland +++ Baerbock,Russland +++ Baerbock,ORG,0.0,0.0,de,1
Internationalen Gerichtshofs +++,Internationalen Gerichtshofs +++,ORG,0.0,0.0,de,1
ARD-Moderatorin,ARD-Moderatorin,ORG,0.0,0.0,de,1
Urtei…,Urtei…,ORG,0.0,0.0,de,1
Tourismusmesse CMT,Tourismusmesse CMT,ORG,0.0,0.0,de,1
Bandenkriminal…,Bandenkriminal…,ORG,0.0,0.0,de,1
Organisation für Sicherheit und Zusammenarbeit,Organisation für Sicherheit und Zusammenarbeit,ORG,0.0,0.0,de,1
Kei…,Kei…,ORG,0.0,0.0,de,1
Roderich Kiesewetter,Roderich Kiesewetter,ORG,0.0,0.0,de,1
Sondertribunal +++,Sondertribunal +++,ORG,-1.0,0.0,de,1
Ukraine-Krieg sor…,Ukraine-Krieg sor…,ORG,-0.7,0.0,de,1
Sonderermittler für Biden,Sonderermittler für Biden,ORG,0.0,0.0,de,1
Soledar +++  ,Soledar +++  ,ORG,0.0,0.0,de,1
anâ€¦ [+6612 chars,anâ€¦ [+6612 chars,ORG,-1.0,0.0,de,1
Leopard-2-Kampfpanzern,Leopard-2-Kampfpanzern,ORG,0.0,0.0,de,1
ukrainisch…,ukrainisch…,ORG,0.0,0.0,de,1
Micross Components,Micross Components,ORG,0.0,0.0,de,1
Patriot-System ausg…,Patriot-System ausg…,ORG,0.0,0.0,de,1
SPD-Chefin Esken,SPD-Chefin Esken,ORG,-1.0,0.0,de,1
DIW-Studie,DIW-Studie,ORG,0.0,0.0,de,1
Kunstverein,Kunstverein,ORG,0.0,0.0,de,1
SPD-Fraktionsvorsitzender,SPD-Fraktionsvorsitzender,ORG,0.0,0.0,de,1
INSE,INSE,ORG,0.0,0.0,de,1
klickbareâ€¦,klickbareâ€¦,ORG,0.0,0.0,de,1
einâ€,einâ€,ORG,0.0,0.0,de,1
Verbraucherzentrale wâ€,Verbraucherzentrale wâ€,ORG,0.0,0.0,de,1
Umsetzbarkeit.<em>,Umsetzbarkeit.<em>,ORG,-0.2333333333333333,0.0,de,1
gÃ¼nstigere Energie,gÃ¼nstigere Energie,ORG,-0.7,0.0,de,1
Dmytro Lubinez,Dmytro Lubinez,ORG,0.0,0.0,de,1
Deutsche Bank…,Deutsche Bank…,ORG,0.0,0.0,de,1
AKW Okarshamn,AKW Okarshamn,ORG,0.0,0.0,de,1
CO2-Budget,CO2-Budget,ORG,0.0,0.0,de,1
Scholz +++ Russland,Scholz +++ Russland,ORG,0.7,0.0,de,1
nup,nup,ORG,0.0,0.0,de,1
poln…,poln…,ORG,-1.0,0.0,de,1
Naturschutzverband,Naturschutzverband,ORG,-0.7,0.0,de,1
Landesbund für Vogel- und Naturschutz,Landesbund für Vogel- und Naturschutz,ORG,0.0,0.0,de,1
Eidgenössischen Elektrizität…,Eidgenössischen Elektrizität…,ORG,0.0,0.0,de,1
Milanovi,Milanovi,ORG,0.0,0.0,de,1
Luftstreitkräf…,Luftstreitkräf…,ORG,0.7,0.0,de,1
vertagter Leopard-Entscheidung,vertagter Leopard-Entscheidung,ORG,0.0,0.0,de,1
NR…,NR…,ORG,-0.7,0.0,de,1
Leopard-Lieferung +++ Heusgen,Leopard-Lieferung +++ Heusgen,ORG,-0.85,0.0,de,1
Helping Hands,Helping Hands,ORG,0.0,0.0,de,1
Winternotprogramm für obdachlose Menschen,Winternotprogramm für obdachlose Menschen,ORG,-1.0,0.0,de,1
Green…,Green…,ORG,0.7,0.0,de,1
Zeit für Führung,Zeit für Führung,ORG,0.0,0.0,de,1
EU-Abgeor,EU-Abgeor,ORG,0.0,0.0,de,1
Militärbudget,Militärbudget,ORG,0.0,0.0,de,1
Moskaus Polizei,Moskaus Polizei,ORG,0.0,0.0,de,1
"Freiburg
","Freiburg
",ORG,0.0,0.0,de,1
IT-Schutz,IT-Schutz,ORG,0.0,0.0,de,1
ebe…,ebe…,ORG,0.0,0.0,de,1
UN-Blauhelmsoldaten,UN-Blauhelmsoldaten,ORG,0.0,0.0,de,1
Cooperative …,Cooperative …,ORG,0.0,0.0,de,1
T-Mobile,T-Mobile,ORG,0.0,0.0,de,1
"Leopard""-Lieferung","Leopard""-Lieferung",ORG,0.0,0.0,de,1
Bank of JapanDie japanische Notenbank,Bank of JapanDie japanische Notenbank,ORG,0.0,0.0,de,1
Homepod,Homepod,ORG,0.7,0.0,de,1
Leopard-Lieferungen +++ Südafrika,Leopard-Lieferungen +++ Südafrika,ORG,0.0,0.0,de,1
Hilfsorg…,Hilfsorg…,ORG,0.0,0.0,de,1
Leopard-Lieferungen +++,Leopard-Lieferungen +++,ORG,0.0,0.0,de,1
WWF & Ecos,WWF & Ecos,ORG,0.0,0.0,de,1
GrÃ¼nes,GrÃ¼nes,ORG,0.0,0.0,de,1
Fördervereins …,Fördervereins …,ORG,0.0,0.0,de,1
deutschen Leopard-2-Panzern,deutschen Leopard-2-Panzern,ORG,0.0,0.0,de,1
entgeg…,entgeg…,ORG,0.0,0.0,de,1
hierzuland…,hierzuland…,ORG,0.0,0.0,de,1
Allensbach-Elite-Umfrage,Allensbach-Elite-Umfrage,ORG,0.0,0.0,de,1
woh…,woh…,ORG,0.0,0.0,de,1
Ukraine +++ Ukrainischer Innenminister,Ukraine +++ Ukrainischer Innenminister,ORG,-0.7,0.0,de,1
Wagner-Anwerbeversuche +++,Wagner-Anwerbeversuche +++,ORG,-1.0,0.0,de,1
Marketmakers Citadel,Marketmakers Citadel,ORG,0.0,0.0,de,1
Deutsche Krankenhausgesellschaft,Deutsche Krankenhausgesellschaft,ORG,0.0,0.0,de,1
Leopard-Lieferung +,Leopard-Lieferung +,ORG,-0.7,0.0,de,1
Zielgenauigkeit +++,Zielgenauigkeit +++,ORG,-0.7,0.0,de,1
++ Melnyk,++ Melnyk,ORG,0.0,0.0,de,1
Pistorius Entschlossenheit ++,Pistorius Entschlossenheit ++,ORG,0.0,0.0,de,1
ple Bnluooel velpeu tlleleu,ple Bnluooel velpeu tlleleu,ORG,-1.0,0.0,de,1
veuu pel Vepleu eu pelueu Buelalepeuhlluueu teplkletle,veuu pel Vepleu eu pelueu Buelalepeuhlluueu teplkletle,ORG,-1.0,0.0,de,1
Leopard-Lieferung +++,Leopard-Lieferung +++,ORG,0.0,0.0,de,1
Ukraine +++ Kämpfe,Ukraine +++ Kämpfe,ORG,-0.7,0.0,de,1
Hubschrauberabsturz,Hubschrauberabsturz,ORG,-0.7,0.0,de,1
Absturz-Ermittlungen +++,Absturz-Ermittlungen +++,ORG,-1.0,0.0,de,1
News …,News …,ORG,0.0,0.0,de,1
"Leopard""-Kampfpanzern","Leopard""-Kampfpanzern",ORG,0.0,0.0,de,1
Russische Reich,Russische Reich,ORG,0.7,0.0,de,1
PV-Anlagen +++,PV-Anlagen +++,ORG,0.0,0.0,de,1
NRW-Tourismusbranche,NRW-Tourismusbranche,ORG,0.0,0.0,de,1
Ukraine-In…,Ukraine-In…,ORG,0.0,0.0,de,1
Europäisches Parlament,Europäisches Parlament,ORG,0.0,0.0,de,1
Ukraine +++ Kanada,Ukraine +++ Kanada,ORG,0.0,0.0,de,1
Energie-Gipfel,Energie-Gipfel,ORG,0.7,0.0,de,1
Abrams-Panzern,Abrams-Panzern,ORG,0.0,0.0,de,1
Belarus +++ Selenskyj,Belarus +++ Selenskyj,ORG,-1.0,0.0,de,1
Regierung versu…,Regierung versu…,ORG,0.0,0.0,de,1
Frankfurter BankenviertelMit,Frankfurter BankenviertelMit,ORG,1.0,0.0,de,1
Kombi-Paket,Kombi-Paket,ORG,0.7,0.0,de,1
Auftauender Permafrost,Auftauender Permafrost,ORG,0.0,0.0,de,1
Tech-Branche,Tech-Branche,ORG,0.0,0.0,de,1
Infla…,Infla…,ORG,0.0,0.0,de,1
Kampfpanzern +++ Ukrainische Regierung,Kampfpanzern +++ Ukrainische Regierung,ORG,-0.7,0.0,de,1
Focus Magazin-Redakteur Felix Heck,Focus Magazin-Redakteur Felix Heck,ORG,-0.7,0.0,de,1
<…,<…,ORG,0.0,0.0,de,1
Rechenschaft …,Rechenschaft …,ORG,0.0,0.0,de,1
Zwei-Prozent-Ziel +++ Ukrainische Regierung,Zwei-Prozent-Ziel +++ Ukrainische Regierung,ORG,0.85,0.0,de,1
EU-Roaming,EU-Roaming,ORG,0.0,0.0,de,1
Merck & Co,Merck & Co,ORG,0.0,0.0,de,1
Merck &amp,Merck &amp,ORG,0.0,0.0,de,1
Null +++,Null +++,ORG,0.0,0.0,de,1
bso,bso,ORG,0.0,0.0,de,1
Panzer +++,Panzer +++,ORG,-0.5,0.0,de,1
SANA,SANA,ORG,0.0,0.0,de,1
Zukunf…,Zukunf…,ORG,0.85,0.0,de,1
Immobilienboom,Immobilienboom,ORG,0.0,0.0,de,1
Österreichische Verband der Immobilienwirtschaft,Österreichische Verband der Immobilienwirtschaft,ORG,0.0,0.0,de,1
ÖVI,ÖVI,ORG,0.0,0.0,de,1
Newcastle United,Newcastle United,ORG,0.0,0.0,de,1
"Reds 
","Reds 
",ORG,1.0,0.0,de,1
syrisc…,syrisc…,ORG,-0.7,0.0,de,1
"Sportschau""-Werbeumfeld","Sportschau""-Werbeumfeld",ORG,0.0,0.0,de,1
Sportschau,Sportschau,ORG,0.0,0.0,de,1
AdScanner,AdScanner,ORG,0.7,0.0,de,1
sowo…,sowo…,ORG,0.7,0.0,de,1
gem…,gem…,ORG,0.0,0.0,de,1
Urh…,Urh…,ORG,-0.35,0.0,de,1
Bankenbehörde EBA,Bankenbehörde EBA,ORG,1.0,0.0,de,1
Deutsche Börsen-Konzerne,Deutsche Börsen-Konzerne,ORG,-0.35,0.0,de,1
Kickers,Kickers,ORG,-0.7,0.0,de,1
Hannover …,Hannover …,ORG,0.0,0.0,de,1
Neptun Energy,Neptun Energy,ORG,0.0,0.0,de,1
pe…,pe…,ORG,0.0,0.0,de,1
Ost-Offensive +++ 6000,Ost-Offensive +++ 6000,ORG,0.0,0.0,de,1
Gaslobby-Netzwerke,Gaslobby-Netzwerke,ORG,-1.0,0.0,de,1
Untergrenze +++ Treffen,Untergrenze +++ Treffen,ORG,0.0,0.0,de,1
NATO-Verteidigungsminister,NATO-Verteidigungsminister,ORG,0.0,0.0,de,1
Ost-Offensive +++,Ost-Offensive +++,ORG,0.0,0.0,de,1
OEZ,OEZ,ORG,0.0,0.0,de,1
Waffenlieferungen +++ Rheinmetall,Waffenlieferungen +++ Rheinmetall,ORG,0.0,0.0,de,1
Aufnahme Geflüchteter,Aufnahme Geflüchteter,ORG,0.1333333333333333,0.0,de,1
Militärangaben,Militärangaben,ORG,0.0,0.0,de,1
Simul…,Simul…,ORG,0.0,0.0,de,1
Arbeitsp…,Arbeitsp…,ORG,0.0,0.0,de,1
Russland +++ Chef,Russland +++ Chef,ORG,0.0,0.0,de,1
Waffenlieferungen +++,Waffenlieferungen +++,ORG,0.0,0.0,de,1
Ukraine +++ Institut für Kriegsstudien,Ukraine +++ Institut für Kriegsstudien,ORG,-0.7,0.0,de,1
Zwillingspaares,Zwillingspaares,ORG,1.0,0.0,de,1
Benni,Benni,ORG,0.0,0.0,de,1
LNG-Flüssiggas,LNG-Flüssiggas,ORG,0.0,0.0,de,1
Verke…,Verke…,ORG,-0.7,0.0,de,1
Berlinale!,Berlinale!,ORG,0.0,0.0,de,1
Nord-Stream-Untersuchung,Nord-Stream-Untersuchung,ORG,0.0,0.0,de,1
Gaspipeline Nord Stream,Gaspipeline Nord Stream,ORG,-1.0,0.0,de,1
Söld…,Söld…,ORG,0.0,0.0,de,1
Bevölkerung.<em>,Bevölkerung.<em>,ORG,-0.5,0.0,de,1
Aktion am Samstag,Aktion am Samstag,ORG,0.0,0.0,de,1
Uta…,Uta…,ORG,0.0,0.0,de,1
"uuu 0,b ent 0,t Blueeul","uuu 0,b ent 0,t Blueeul",ORG,0.0,0.0,de,1
Brennelementefabrik Lingen sucht Neukunden,Brennelementefabrik Lingen sucht Neukunden,ORG,0.0,0.0,de,1
Genehmigungsve…,Genehmigungsve…,ORG,0.0,0.0,de,1
nan Frankreich,nan Frankreich,ORG,0.0,0.0,de,1
NATO-Mitgliedsstaaten,NATO-Mitgliedsstaaten,ORG,0.7,0.0,de,1
abz…,abz…,ORG,1.0,0.0,de,1
Ersuchen der Regierung,Ersuchen der Regierung,ORG,1.0,0.0,de,1
New-Start-Abkommen,New-Start-Abkommen,ORG,0.0,0.0,de,1
SPD-Au…,SPD-Au…,ORG,0.0,0.0,de,1
Bund +++,Bund +++,ORG,-0.5,0.0,de,1
sicher +++,sicher +++,ORG,0.7,0.0,de,1
SOS-Kinderdörfer,SOS-Kinderdörfer,ORG,1.0,0.0,de,1
Hohen Kommissars der Vereinten Nationen für Menschenrechte,Hohen Kommissars der Vereinten Nationen für Menschenrechte,ORG,0.0,0.0,de,1
OHCHR,OHCHR,ORG,0.0,0.0,de,1
Zwei-Prozent-Ziels +++,Zwei-Prozent-Ziels +++,ORG,0.7,0.0,de,1
Nord-Stream-Explosionen +++,Nord-Stream-Explosionen +++,ORG,0.0,0.0,de,1
Untersuchungsergebnisse +++,Untersuchungsergebnisse +++,ORG,0.0,0.0,de,1
Kieler Institut für Weltwirtschaft wartet,Kieler Institut für Weltwirtschaft wartet,ORG,0.0,0.0,de,1
darau…,darau…,ORG,0.7,0.0,de,1
Erdbebenopfer5,Erdbebenopfer5,ORG,0.0,0.0,de,1
Umwel…,Umwel…,ORG,-0.85,0.0,de,1
Selenskyj siegesgewiss,Selenskyj siegesgewiss,ORG,0.7,0.0,de,1
Westen +++ Rheinmetall,Westen +++ Rheinmetall,ORG,0.7,0.0,de,1
Letzten Generation Österreich,Letzten Generation Österreich,ORG,0.0,0.0,de,1
Irre Aktion,Irre Aktion,ORG,0.0,0.0,de,1
telekl aeplleaeu lpl,telekl aeplleaeu lpl,ORG,0.0,0.0,de,1
Mon…,Mon…,ORG,0.7,0.0,de,1
Schalkes Ru…,Schalkes Ru…,ORG,-1.0,0.0,de,1
Moskauer Börse,Moskauer Börse,ORG,0.0,0.0,de,1
Silvio Bürger Leipzig,Silvio Bürger Leipzig,ORG,0.0,0.0,de,1
Friedenstauben,Friedenstauben,ORG,0.0,0.0,de,1
Russland-Fahnen,Russland-Fahnen,ORG,0.0,0.0,de,1
Überzahl,Überzahl,ORG,0.0,0.0,de,1
Internationale Friedenspreis,Internationale Friedenspreis,ORG,0.7,0.0,de,1
Internationalen Dresdner Friedenspreis,Internationalen Dresdner Friedenspreis,ORG,0.7,0.0,de,1
US-amerik…,US-amerik…,ORG,0.0,0.0,de,1
Dresdner Friedenspreis,Dresdner Friedenspreis,ORG,1.0,0.0,de,1
Friends of D…,Friends of D…,ORG,1.0,0.0,de,1
Chaoten-Aktion,Chaoten-Aktion,ORG,-0.35,0.0,de,1
Landesh…,Landesh…,ORG,0.0,0.0,de,1
Verhandlungsgesuche Frankreichs,Verhandlungsgesuche Frankreichs,ORG,-0.7,0.0,de,1
Drohnenhersteller DJI,Drohnenhersteller DJI,ORG,0.0,0.0,de,1
Högl will Wehretat,Högl will Wehretat,ORG,0.0,0.0,de,1
be… enlel,be… enlel,ORG,0.7,0.0,de,1
"Zeitverschwendung""?Wie","Zeitverschwendung""?Wie",ORG,-1.0,0.0,de,1
Erfolgsdruck +++ Selenskyj,Erfolgsdruck +++ Selenskyj,ORG,0.0,0.0,de,1
Macron +++ Kiew,Macron +++ Kiew,ORG,0.0,0.0,de,1
Russland +++ ,Russland +++ ,ORG,0.0,0.0,de,1
RW,RW,ORG,0.0,0.0,de,1
vle leteueul plup ple,vle leteueul plup ple,ORG,0.0,0.0,de,1
ple uel,ple uel,ORG,0.0,0.0,de,1
Vorkommnisse a… Ralf Fähr­mann,Vorkommnisse a… Ralf Fähr­mann,ORG,0.0,0.0,de,1
Spacety,Spacety,ORG,0.7,0.0,de,1
Kommunistische Jugend,Kommunistische Jugend,ORG,0.0,0.0,de,1
StraßeSpätestens,StraßeSpätestens,ORG,0.0,0.0,de,1
Dark Patterns,Dark Patterns,ORG,1.0,0.0,de,1
US-Zinshüter,US-Zinshüter,ORG,0.7,0.0,de,1
italienischen Polizei,italienischen Polizei,ORG,0.0,0.0,de,1
Missions-Benediktine…,Missions-Benediktine…,ORG,0.0,0.0,de,1
Bidens Subventionen,Bidens Subventionen,ORG,0.7,0.0,de,1
Landesbank Hessen-Thüringen,Landesbank Hessen-Thüringen,ORG,0.0,0.0,de,1
EU Langstreckenwaffen,EU Langstreckenwaffen,ORG,0.0,0.0,de,1
Leopard-1-Panzern freigeben +++  ,Leopard-1-Panzern freigeben +++  ,ORG,0.7,0.0,de,1
Russland +++ Die,Russland +++ Die,ORG,0.7,0.0,de,1
Kamelle,Kamelle,ORG,0.0,0.0,de,1
Landesbank B…,Landesbank B…,ORG,-0.15000000000000002,0.0,de,1
Landesbank-Chef,Landesbank-Chef,ORG,0.0,0.0,de,1
Landesbank,Landesbank,ORG,0.0,0.0,de,1
Na,Na,ORG,1.0,0.0,de,1
Insight Innovation,Insight Innovation,ORG,0.0,0.0,de,1
Temperaturen zwis…,Temperaturen zwis…,ORG,0.0,0.0,de,1
Ukrainehilfe Dorfen …,Ukrainehilfe Dorfen …,ORG,0.0,0.0,de,1
Twitter Videoaufnah…,Twitter Videoaufnah…,ORG,0.0,0.0,de,1
Leopard-Panzer,Leopard-Panzer,ORG,0.0,0.0,de,1
Man City Finanzregel-Verstöße,Man City Finanzregel-Verstöße,ORG,0.0,0.0,de,1
Ver.di Bundeszentrale,Ver.di Bundeszentrale,ORG,0.7,0.0,de,1
"Welt-Klima-Ticker +++
 
Marina Silva","Welt-Klima-Ticker +++
 
Marina Silva",ORG,0.0,0.0,de,1
englische Liga,englische Liga,ORG,-1.0,0.0,de,1
Manchester CityDer,Manchester CityDer,ORG,-1.0,0.0,de,1
Grünen für Wohnen und Bauen,Grünen für Wohnen und Bauen,ORG,0.0,0.0,de,1
"Welt-Klima-Ticker +++
 
","Welt-Klima-Ticker +++
 
",ORG,0.0,0.0,de,1
Studenten-Pauschale,Studenten-Pauschale,ORG,0.0,0.0,de,1
Mafia-Clans Italien,Mafia-Clans Italien,ORG,-1.0,0.0,de,1
Klans 'Ndrangheta,Klans 'Ndrangheta,ORG,1.0,0.0,de,1
VBUI,VBUI,ORG,0.0,0.0,de,1
EU-Ausbildungsmission,EU-Ausbildungsmission,ORG,0.0,0.0,de,1
EU-Bankenbehörde EBA,EU-Bankenbehörde EBA,ORG,0.0,0.0,de,1
Schukri behaup…,Schukri behaup…,ORG,0.0,0.0,de,1
Kiew +++ USA,Kiew +++ USA,ORG,0.0,0.0,de,1
Caesar-Haubitzen +++,Caesar-Haubitzen +++,ORG,0.0,0.0,de,1
Caesar-Haubitzen +++ Großbritannien,Caesar-Haubitzen +++ Großbritannien,ORG,0.0,0.0,de,1
Treiber Wärmepumpe,Treiber Wärmepumpe,ORG,0.0,0.0,de,1
Organisation Assistance Association for Poltical Prisoners,Organisation Assistance Association for Poltical Prisoners,ORG,0.0,0.0,de,1
Städte-…,Städte-…,ORG,0.0,0.0,de,1
belarussi…,belarussi…,ORG,0.0,0.0,de,1
Investitionsbank Berlin,Investitionsbank Berlin,ORG,0.0,0.0,de,1
IBB,IBB,ORG,0.0,0.0,de,1
Hochschule Harz,Hochschule Harz,ORG,0.0,0.0,de,1
gesorg…,gesorg…,ORG,-1.0,0.0,de,1
Leerstand,Leerstand,ORG,0.0,0.0,de,1
EU-Antwort,EU-Antwort,ORG,-0.7,0.0,de,1
Kommissaren Kiew +++,Kommissaren Kiew +++,ORG,0.0,0.0,de,1
Anti-Terror-Gesetze,Anti-Terror-Gesetze,ORG,0.0,0.0,de,1
Rolle Russlands,Rolle Russlands,ORG,0.0,0.0,de,1
Kramatorsk +++,Kramatorsk +++,ORG,0.0,0.0,de,1
Georgiens Ex-Präsident +++,Georgiens Ex-Präsident +++,ORG,0.0,0.0,de,1
Staatsbürge…,Staatsbürge…,ORG,0.0,0.0,de,1
HIMARS-Systemen +++,HIMARS-Systemen +++,ORG,0.7,0.0,de,1
Ground Launched Small Diameter Bomb,Ground Launched Small Diameter Bomb,ORG,0.0,0.0,de,1
Reuters-Informationen…,Reuters-Informationen…,ORG,0.0,0.0,de,1
Premier-League-Rausschmiss!,Premier-League-Rausschmiss!,ORG,-0.5,0.0,de,1
Freien für obdachlose Menschen,Freien für obdachlose Menschen,ORG,0.7,0.0,de,1
Erneu…,Erneu…,ORG,0.7,0.0,de,1
AKW Tschernobyl,AKW Tschernobyl,ORG,0.0,0.0,de,1
Trümmerwüst…,Trümmerwüst…,ORG,0.0,0.0,de,1
Bewusstse…,Bewusstse…,ORG,0.0,0.0,de,1
Russland IT,Russland IT,ORG,0.0,0.0,de,1
Ukra… Berlin,Ukra… Berlin,ORG,0.0,0.0,de,1
Magna,Magna,ORG,0.0,0.0,de,1
Öl,Öl,ORG,0.0,0.0,de,1
deutschen Bundeswehr,deutschen Bundeswehr,ORG,0.0,0.0,de,1
Russlands Olympia-Teilnahme,Russlands Olympia-Teilnahme,ORG,0.0,0.0,de,1
Internationale Olympisch…,Internationale Olympisch…,ORG,0.0,0.0,de,1
Olympia-Rückkehr Russlands,Olympia-Rückkehr Russlands,ORG,0.0,0.0,de,1
Panzer-Zusagen +++,Panzer-Zusagen +++,ORG,0.0,0.0,de,1
gering +++,gering +++,ORG,-0.7,0.0,de,1
Energie-Infrastruktur…,Energie-Infrastruktur…,ORG,-1.0,0.0,de,1
Kampfjet-Forderungen,Kampfjet-Forderungen,ORG,0.0,0.0,de,1
Parte…,Parte…,ORG,0.0,0.0,de,1
Zürcher Bürgerlichen,Zürcher Bürgerlichen,ORG,0.0,0.0,de,1
Nationaltorhüter,Nationaltorhüter,ORG,-1.0,0.0,de,1
Hannover Staatsoper,Hannover Staatsoper,ORG,0.0,0.0,de,1
südam…,südam…,ORG,-1.0,0.0,de,1
F-35-Kampfflugzeugen,F-35-Kampfflugzeugen,ORG,0.0,0.0,de,1
Militärjunta,Militärjunta,ORG,0.0,0.0,de,1
NRW-Handel,NRW-Handel,ORG,0.0,0.0,de,1
Tamaz GeorgadzeDer,Tamaz GeorgadzeDer,ORG,0.0,0.0,de,1
NTW,NTW,ORG,0.0,0.0,de,1
Pttelu ple,Pttelu ple,ORG,0.0,0.0,de,1
ContainerhafenDie,ContainerhafenDie,ORG,0.0,0.0,de,1
Castbox,Castbox,ORG,0.0,0.0,de,1
NZZ Akzent,NZZ Akzent,ORG,0.0,0.0,de,1
Chipproduktion,Chipproduktion,ORG,0.0,0.0,de,1
Waffenlieferunge…,Waffenlieferunge…,ORG,0.35,0.0,de,1
Diese Linke,Diese Linke,ORG,-1.0,0.0,de,1
Sachen Energie,Sachen Energie,ORG,1.0,0.0,de,1
FürstenfeldbruckDie Kommunen in Obe,FürstenfeldbruckDie Kommunen in Obe,ORG,0.0,0.0,de,1
US-Notenbankchef,US-Notenbankchef,ORG,0.0,0.0,de,1
Umwelt-NGO,Umwelt-NGO,ORG,0.0,0.0,de,1
Kampfpanzer-Ausbildung +++,Kampfpanzer-Ausbildung +++,ORG,-1.0,0.0,de,1
Erdgasfördermethode FrackingGegen,Erdgasfördermethode FrackingGegen,ORG,0.0,0.0,de,1
Wirtschaftsbeziehun…,Wirtschaftsbeziehun…,ORG,0.0,0.0,de,1
BMW-Konzern,BMW-Konzern,ORG,0.25,0.0,de,1
Organisation Merkels Flüchtlingspolitik…,Organisation Merkels Flüchtlingspolitik…,ORG,0.0,0.0,de,1
Flüchtlingshel…,Flüchtlingshel…,ORG,1.0,0.0,de,1
Grossbritannien-Korrespondent Niklaus…,Grossbritannien-Korrespondent Niklaus…,ORG,0.0,0.0,de,1
r,r,ORG,0.0,0.0,de,1
NRW-Innenministerium,NRW-Innenministerium,ORG,0.0,0.0,de,1
Delivery Hero,Delivery Hero,ORG,-1.0,0.0,de,1
Kreminna +++ Musks,Kreminna +++ Musks,ORG,0.0,0.0,de,1
Atom-Wasserstoff,Atom-Wasserstoff,ORG,-1.0,0.0,de,1
EU-Sondergipfels,EU-Sondergipfels,ORG,0.0,0.0,de,1
Gewerkschaft Ver.di,Gewerkschaft Ver.di,ORG,0.0,0.0,de,1
Handelsblatt-Interview,Handelsblatt-Interview,ORG,-0.7,0.0,de,1
EU-Subventionspakt,EU-Subventionspakt,ORG,0.0,0.0,de,1
vle pekuu teuae ulekl Oekl,vle pekuu teuae ulekl Oekl,ORG,0.0,0.0,de,1
Zurich Insurance Group,Zurich Insurance Group,ORG,0.0,0.0,de,1
Russland Propaganda,Russland Propaganda,ORG,0.0,0.0,de,1
Bachmut +++ Deutschland,Bachmut +++ Deutschland,ORG,0.0,0.0,de,1
Kriegs-geplagten Land,Kriegs-geplagten Land,ORG,0.7,0.0,de,1
Institut …,Institut …,ORG,0.0,0.0,de,1
Klima-Blockierern,Klima-Blockierern,ORG,0.7,0.0,de,1
juristis…,juristis…,ORG,0.0,0.0,de,1
Ukraine +++ Hilfszusagen,Ukraine +++ Hilfszusagen,ORG,0.5,0.0,de,1
Gesellschaft aufrüstet,Gesellschaft aufrüstet,ORG,0.0,0.0,de,1
Deutschen Bund…,Deutschen Bund…,ORG,0.0,0.0,de,1
WM-Gastgeber,WM-Gastgeber,ORG,0.7,0.0,de,1
Startup Transmutex,Startup Transmutex,ORG,0.0,0.0,de,1
Niederländischer Fonds,Niederländischer Fonds,ORG,0.0,0.0,de,1
Berliner Finanz-App,Berliner Finanz-App,ORG,0.0,0.0,de,1
Peak,Peak,ORG,0.0,0.0,de,1
IBB Ventures,IBB Ventures,ORG,0.0,0.0,de,1
Investitionsbank Be…,Investitionsbank Be…,ORG,0.0,0.0,de,1
Asean-Ländern,Asean-Ländern,ORG,0.0,0.0,de,1
selbs…,selbs…,ORG,-1.0,0.0,de,1
Partei Berlin,Partei Berlin,ORG,0.0,0.0,de,1
Sacharow-Preis-Verleihung,Sacharow-Preis-Verleihung,ORG,0.0,0.0,de,1
IFO,IFO,ORG,1.0,0.0,de,1
befür…,befür…,ORG,-0.7,0.0,de,1
Ausbr…,Ausbr…,ORG,0.0,0.0,de,1
WM-Pause,WM-Pause,ORG,0.7,0.0,de,1
Brackel …,Brackel …,ORG,0.0,0.0,de,1
Führungsebene +++,Führungsebene +++,ORG,0.7,0.0,de,1
Siemens Energy-Turbinen,Siemens Energy-Turbinen,ORG,-0.7,0.0,de,1
Europäischen Unio…,Europäischen Unio…,ORG,0.0,0.0,de,1
3.000-Einwohner-Städtchens Adenau,3.000-Einwohner-Städtchens Adenau,ORG,0.0,0.0,de,1
hohen Heizkost…,hohen Heizkost…,ORG,0.35,0.0,de,1
NorwegenDas,NorwegenDas,ORG,0.7,0.0,de,1
Part…,Part…,ORG,0.7,0.0,de,1
US-Zinssitzung,US-Zinssitzung,ORG,0.0,0.0,de,1
AKW-Rückbau,AKW-Rückbau,ORG,0.0,0.0,de,1
Prognos…,Prognos…,ORG,0.0,0.0,de,1
German Institute for Defence and Strategic Studies,German Institute for Defence and Strategic Studies,ORG,0.0,0.0,de,1
GIDS,GIDS,ORG,0.0,0.0,de,1
Leyen vorbe…,Leyen vorbe…,ORG,-1.0,0.0,de,1
Reiseportal TUI,Reiseportal TUI,ORG,-0.7,0.0,de,1
Berliner Grüne,Berliner Grüne,ORG,0.10000000000000002,0.0,de,1
Cyberangriff-Ermittlungsstand,Cyberangriff-Ermittlungsstand,ORG,0.0,0.0,de,1
Rollkragen-Pullover,Rollkragen-Pullover,ORG,0.0,0.0,de,1
Kontrov…,Kontrov…,ORG,0.0,0.0,de,1
Deutsche Wetterdi…,Deutsche Wetterdi…,ORG,0.0,0.0,de,1
Deutschlands Startup-Szen…,Deutschlands Startup-Szen…,ORG,0.0,0.0,de,1
Landgewinne +++,Landgewinne +++,ORG,0.2333333333333333,0.0,de,1
Russland se…,Russland se…,ORG,0.0,0.0,de,1
NikkeiDie,NikkeiDie,ORG,0.0,0.0,de,1
Zinsschritten,Zinsschritten,ORG,0.0,0.0,de,1
Klima-Club,Klima-Club,ORG,0.0,0.0,de,1
DBK,DBK,ORG,0.0,0.0,de,1
Deutschen Bischofskonfere,Deutschen Bischofskonfere,ORG,0.0,0.0,de,1
NRW-Verfassungsschutz,NRW-Verfassungsschutz,ORG,0.0,0.0,de,1
EZB-Mitarbeiter,EZB-Mitarbeiter,ORG,0.0,0.0,de,1
Money,Money,ORG,0.0,0.0,de,1
+++ Papst,+++ Papst,ORG,0.3333333333333333,0.0,de,1
Aktivistengru…,Aktivistengru…,ORG,0.0,0.0,de,1
Kapitalmarktgeschäft …,Kapitalmarktgeschäft …,ORG,0.0,0.0,de,1
Kaili,Kaili,ORG,0.0,0.0,de,1
Globale Trends,Globale Trends,ORG,0.0,0.0,de,1
Instituts der deutschen Wirtschaft …,Instituts der deutschen Wirtschaft …,ORG,0.0,0.0,de,1
Vierb…,Vierb…,ORG,0.0,0.0,de,1
Fastlane Forum,Fastlane Forum,ORG,-0.7,0.0,de,1
CIO-Magazin,CIO-Magazin,ORG,-0.7,0.0,de,1
Zentrum des Fastlane-Forums,Zentrum des Fastlane-Forums,ORG,0.0,0.0,de,1
"T-Systems
","T-Systems
",ORG,0.0,0.0,de,1
Global Head Digital Solutions Sales,Global Head Digital Solutions Sales,ORG,0.0,0.0,de,1
GROSSEINSATZ,GROSSEINSATZ,ORG,0.0,0.0,de,1
epel tell,epel tell,ORG,0.0,0.0,de,1
StartupTicker +++ Enpal,StartupTicker +++ Enpal,ORG,-1.0,0.0,de,1
Yuno +++ Cherry Ventures,Yuno +++ Cherry Ventures,ORG,-1.0,0.0,de,1
+++ Was gibts Neues,+++ Was gibts Neues,ORG,0.0,0.0,de,1
Wintere…,Wintere…,ORG,0.0,0.0,de,1
Sportfreunde Stiller-Bassist,Sportfreunde Stiller-Bassist,ORG,0.0,0.0,de,1
LNG-Terminal +++,LNG-Terminal +++,ORG,0.0,0.0,de,1
Insiderhand…,Insiderhand…,ORG,0.0,0.0,de,1
EU-Gaspreismechanismus,EU-Gaspreismechanismus,ORG,0.0,0.0,de,1
Notf…,Notf…,ORG,0.0,0.0,de,1
Angriffstruppen,Angriffstruppen,ORG,0.0,0.0,de,1
Strom</li></ul,Strom</li></ul,ORG,0.0,0.0,de,1
Energie-In…,Energie-In…,ORG,0.0,0.0,de,1
Bibber-Kälte,Bibber-Kälte,ORG,0.7,0.0,de,1
KiewMit,KiewMit,ORG,-1.0,0.0,de,1
Hamburger Elbbrücken/Veddel,Hamburger Elbbrücken/Veddel,ORG,0.0,0.0,de,1
Gasreserven Deutschland,Gasreserven Deutschland,ORG,-1.0,0.0,de,1
CSU-General,CSU-General,ORG,-1.0,0.0,de,1
EU-Organisation,EU-Organisation,ORG,0.0,0.0,de,1
Arbeitsmarkt +++ Weltbank,Arbeitsmarkt +++ Weltbank,ORG,0.85,0.0,de,1
Stadion-Modernisierung,Stadion-Modernisierung,ORG,-1.0,0.0,de,1
EU kö,EU kö,ORG,0.0,0.0,de,1
"Potanin
","Potanin
",ORG,1.0,0.0,de,1
DC Studios,DC Studios,ORG,0.7,0.0,de,1
Der Bundestag,Der Bundestag,ORG,0.0,0.0,de,1
Franke & Bornberg,Franke & Bornberg,ORG,0.0,0.0,de,1
Swiss Life,Swiss Life,ORG,0.0,0.0,de,1
Schweizer Finanzdienstleisters,Schweizer Finanzdienstleisters,ORG,0.0,0.0,de,1
Produkttester Franke & Bornberg,Produkttester Franke & Bornberg,ORG,0.0,0.0,de,1
Bornberg Research,Bornberg Research,ORG,0.0,0.0,de,1
Versicherung…,Versicherung…,ORG,0.0,0.0,de,1
britische Nationalbank,britische Nationalbank,ORG,0.0,0.0,de,1
Schenker-Verkauf,Schenker-Verkauf,ORG,0.0,0.0,de,1
Potanin,Potanin,ORG,1.0,0.0,de,1
jW-Grafik/MIS Nun,jW-Grafik/MIS Nun,ORG,-0.10000000000000002,0.0,de,1
Klima!,Klima!,ORG,0.0,0.0,de,1
VILNIUS,VILNIUS,ORG,-0.7,0.0,de,1
Ukraine Sanktionen,Ukraine Sanktionen,ORG,0.0,0.0,de,1
Oligarchen Potanin +++ Russland,Oligarchen Potanin +++ Russland,ORG,1.0,0.0,de,1
Patriot-Abwehr,Patriot-Abwehr,ORG,1.0,0.0,de,1
Vereinigten …,Vereinigten …,ORG,0.7,0.0,de,1
ZDF-Talker,ZDF-Talker,ORG,0.0,0.0,de,1
Computersimulatione…,Computersimulatione…,ORG,0.0,0.0,de,1
++ Bund,++ Bund,ORG,0.7,0.0,de,1
Ukraines Energieversorgung ++,Ukraines Energieversorgung ++,ORG,0.7,0.0,de,1
ro…,ro…,ORG,0.0,0.0,de,1
ZDF/Jule Roehr Krieg!,ZDF/Jule Roehr Krieg!,ORG,0.0,0.0,de,1
CDU-Europaabgeordnete,CDU-Europaabgeordnete,ORG,0.0,0.0,de,1
Rückbaupläne,Rückbaupläne,ORG,0.0,0.0,de,1
SPARMODUS,SPARMODUS,ORG,0.25,0.0,de,1
ManUnited,ManUnited,ORG,-1.0,0.0,de,1
Organisation Wissenschaft im,Organisation Wissenschaft im,ORG,0.0,0.0,de,1
Öl umgest...,Öl umgest...,ORG,-1.0,0.0,de,1
ple eO,ple eO,ORG,0.0,0.0,de,1
Belastungssituation,Belastungssituation,ORG,0.0,0.0,de,1
WELT-Podcast,WELT-Podcast,ORG,0.0,0.0,de,1
Technischen Universität Berlin,Technischen Universität Berlin,ORG,0.0,0.0,de,1
Unilever,Unilever,ORG,0.0,0.0,de,1
US-Fondsriese,US-Fondsriese,ORG,0.0,0.0,de,1
Initiative Klimaneustart Berlin,Initiative Klimaneustart Berlin,ORG,0.0,0.0,de,1
xcitepress/benedict bartsch Dresden,xcitepress/benedict bartsch Dresden,ORG,0.0,0.0,de,1
Bosporus,Bosporus,ORG,0.0,0.0,de,1
Waffenhändler Wiktor But,Waffenhändler Wiktor But,ORG,0.0,0.0,de,1
LNG-Termin…,LNG-Termin…,ORG,0.0,0.0,de,1
The Wandering Village,The Wandering Village,ORG,0.0,0.0,de,1
AKWs Saporischschja,AKWs Saporischschja,ORG,0.0,0.0,de,1
Zeit für Friedensverhandlungen,Zeit für Friedensverhandlungen,ORG,0.7,0.0,de,1
Zeit für Friedensverhandlungen …,Zeit für Friedensverhandlungen …,ORG,0.0,0.0,de,1
suc…,suc…,ORG,-1.0,0.0,de,1
Waffenhändler Bout,Waffenhändler Bout,ORG,0.0,0.0,de,1
Neuen Zürcher Ze,Neuen Zürcher Ze,ORG,0.0,0.0,de,1
D4,D4,ORG,0.0,0.0,de,1
Tuning,Tuning,ORG,0.0,0.0,de,1
PS,PS,ORG,0.0,0.0,de,1
Hau…,Hau…,ORG,0.0,0.0,de,1
Climate Accountability Institute,Climate Accountability Institute,ORG,0.0,0.0,de,1
“ +++ EU-Kommission,“ +++ EU-Kommission,ORG,0.0,0.0,de,1
lkleu Pelllep,lkleu Pelllep,ORG,0.0,0.0,de,1
Initiative für autofreie Hamburger City,Initiative für autofreie Hamburger City,ORG,0.0,0.0,de,1
Hörsaal,Hörsaal,ORG,0.0,0.0,de,1
Europe…,Europe…,ORG,1.0,0.0,de,1
Ex-Wagner-Rekrut,Ex-Wagner-Rekrut,ORG,0.0,0.0,de,1
Fußball-Bundesligist Borussia Mönchengladbach,Fußball-Bundesligist Borussia Mönchengladbach,ORG,-0.5,0.0,de,1
Susanna Zdrzalek.</em>,Susanna Zdrzalek.</em>,ORG,-1.0,0.0,de,1
KohlekraftwerkZusammen,KohlekraftwerkZusammen,ORG,0.7,0.0,de,1
bege…,bege…,ORG,0.0,0.0,de,1
Schulweg-Angriff,Schulweg-Angriff,ORG,0.0,0.0,de,1
Union – Grüne,Union – Grüne,ORG,0.0,0.0,de,1
Ukraine we…,Ukraine we…,ORG,0.0,0.0,de,1
Hohe Gaspreise,Hohe Gaspreise,ORG,-1.0,0.0,de,1
Finanz-Apps un…,Finanz-Apps un…,ORG,0.0,0.0,de,1
Stü…,Stü…,ORG,0.0,0.0,de,1
deutsche WM-Aus,deutsche WM-Aus,ORG,-1.0,0.0,de,1
End Fossil,End Fossil,ORG,0.0,0.0,de,1
Brexit-Gespräche Londons,Brexit-Gespräche Londons,ORG,0.0,0.0,de,1
Berliner Software,Berliner Software,ORG,0.0,0.0,de,1
CO₂-Einsparungen,CO₂-Einsparungen,ORG,0.7,0.0,de,1
Rekord-DNA,Rekord-DNA,ORG,-0.35,0.0,de,1
Weihnach…,Weihnach…,ORG,0.0,0.0,de,1
Bundeskanzlerin a.D.,Bundeskanzlerin a.D.,ORG,1.0,0.0,de,1
EVN AG,EVN AG,ORG,0.0,0.0,de,1
Funke-Mediengr…,Funke-Mediengr…,ORG,-1.0,0.0,de,1
russischen Pipelines,russischen Pipelines,ORG,0.0,0.0,de,1
WM-Spezial,WM-Spezial,ORG,-1.0,0.0,de,1
spend…,spend…,ORG,1.0,0.0,de,1
Kanz…,Kanz…,ORG,-1.0,0.0,de,1
davo…,davo…,ORG,-1.0,0.0,de,1
Wirkli…,Wirkli…,ORG,0.0,0.0,de,1
ausweiten</li><li>13:28,ausweiten</li><li>13:28,ORG,-0.85,0.0,de,1
Abo Twitter Blue,Abo Twitter Blue,ORG,0.0,0.0,de,1
Schwachstellen,Schwachstellen,ORG,-1.0,0.0,de,1
ZinqBei,ZinqBei,ORG,1.0,0.0,de,1
ar…,ar…,ORG,0.0,0.0,de,1
Gesellschaft für deutsche Sprache,Gesellschaft für deutsche Sprache,ORG,0.0,0.0,de,1
Rabbinerhaus…,Rabbinerhaus…,ORG,0.0,0.0,de,1
ORF Steiermark-Chefredakteur,ORF Steiermark-Chefredakteur,ORG,0.0,0.0,de,1
Militärstra…,Militärstra…,ORG,0.0,0.0,de,1
IS-Extremisten,IS-Extremisten,ORG,0.0,0.0,de,1
EU-Vizepräsidentin,EU-Vizepräsidentin,ORG,0.3333333333333333,0.0,de,1
Militär +++ London,Militär +++ London,ORG,-1.0,0.0,de,1
Russlands Staatshaushalt +++,Russlands Staatshaushalt +++,ORG,-1.0,0.0,de,1
BVW,BVW,ORG,0.0,0.0,de,1
Initiative WOR for Future,Initiative WOR for Future,ORG,0.0,0.0,de,1
Ukraines Verteidigungsminister,Ukraines Verteidigungsminister,ORG,0.0,0.0,de,1
NZZ Content Creation,NZZ Content Creation,ORG,1.0,0.0,de,1
Odessas ++,Odessas ++,ORG,0.0,0.0,de,1
Militär +++,Militär +++,ORG,0.0,0.0,de,1
Söldner-Gruppe Wagner,Söldner-Gruppe Wagner,ORG,-0.3333333333333333,0.0,de,1
CDU-Vizechef,CDU-Vizechef,ORG,0.0,0.0,de,1
Milliarden-Importe,Milliarden-Importe,ORG,0.7,0.0,de,1
Wirtschaft</li></ol,Wirtschaft</li></ol,ORG,0.5,0.0,de,1
Klimakampf,Klimakampf,ORG,0.0,0.0,de,1
zurückleh…,zurückleh…,ORG,0.7,0.0,de,1
Kriegskosten +,Kriegskosten +,ORG,-0.85,0.0,de,1
+ London,+ London,ORG,-0.85,0.0,de,1
++ Estland,++ Estland,ORG,0.0,0.0,de,1
Gegenstimme Ungarns,Gegenstimme Ungarns,ORG,0.0,0.0,de,1
US-Klimaschutzprogramm,US-Klimaschutzprogramm,ORG,-0.5,0.0,de,1
US-Wirtschaft abschotte,US-Wirtschaft abschotte,ORG,-1.0,0.0,de,1
Energiekrise für Deutschland,Energiekrise für Deutschland,ORG,0.0,0.0,de,1
Alexander Verlag,Alexander Verlag,ORG,0.0,0.0,de,1
Donezk +++ USA,Donezk +++ USA,ORG,0.0,0.0,de,1
Getreidekorridor +++,Getreidekorridor +++,ORG,0.0,0.0,de,1
Oslo +++,Oslo +++,ORG,0.0,0.0,de,1
Welyka Pys…,Welyka Pys…,ORG,0.0,0.0,de,1
Männern +++,Männern +++,ORG,0.0,0.0,de,1
Militär-Partnerschaft aus +++,Militär-Partnerschaft aus +++,ORG,0.0,0.0,de,1
Gaspreisdeckel +++,Gaspreisdeckel +++,ORG,0.0,0.0,de,1
Norwegens Regierung,Norwegens Regierung,ORG,0.0,0.0,de,1
Berliner Stadtwerke,Berliner Stadtwerke,ORG,0.7,0.0,de,1
Weltbank angesi…,Weltbank angesi…,ORG,0.0,0.0,de,1
Glacemaschi…,Glacemaschi…,ORG,0.0,0.0,de,1
Digitalkino,Digitalkino,ORG,0.7,0.0,de,1
Energiekrise …,Energiekrise …,ORG,0.0,0.0,de,1
beschäd…,beschäd…,ORG,0.0,0.0,de,1
Energiesparen!,Energiesparen!,ORG,0.0,0.0,de,1
BDEW-Vorsitzende,BDEW-Vorsitzende,ORG,0.7,0.0,de,1
Augsburger Allgemeinen…,Augsburger Allgemeinen…,ORG,0.7,0.0,de,1
Baden-Württembergs Umweltministerium,Baden-Württembergs Umweltministerium,ORG,-0.7,0.0,de,1
EU-Energieprojekt,EU-Energieprojekt,ORG,0.0,0.0,de,1
Projekts Repower EU,Projekts Repower EU,ORG,0.0,0.0,de,1
Energy Community,Energy Community,ORG,0.0,0.0,de,1
Rettungspla…,Rettungspla…,ORG,1.0,0.0,de,1
Leyen für Lieferung von Kampfpanzern,Leyen für Lieferung von Kampfpanzern,ORG,0.0,0.0,de,1
Bürger +++ Die Meldungen,Bürger +++ Die Meldungen,ORG,-0.7,0.0,de,1
Menschlichkei…,Menschlichkei…,ORG,0.0,0.0,de,1
Füchse-Trainer,Füchse-Trainer,ORG,0.0,0.0,de,1
Bremer,Bremer,ORG,0.0,0.0,de,1
Kreml-Chef d…,Kreml-Chef d…,ORG,0.0,0.0,de,1
Tempe…,Tempe…,ORG,0.0,0.0,de,1
US-Haushalt,US-Haushalt,ORG,0.0,0.0,de,1
Kultursz…,Kultursz…,ORG,0.0,0.0,de,1
Eurasia …,Eurasia …,ORG,0.0,0.0,de,1
FTX-Pleite,FTX-Pleite,ORG,-0.7,0.0,de,1
CO2-Debatte,CO2-Debatte,ORG,0.0,0.0,de,1
Energiestrat…,Energiestrat…,ORG,0.0,0.0,de,1
DW-Faktencheckteams,DW-Faktencheckteams,ORG,0.0,0.0,de,1
emha Bremen Paulina,emha Bremen Paulina,ORG,-1.0,0.0,de,1
Vereinten Nationen im Jahr 2015,Vereinten Nationen im Jahr 2015,ORG,0.7,0.0,de,1
Pandemie ger…,Pandemie ger…,ORG,0.0,0.0,de,1
Klima-Chaoten,Klima-Chaoten,ORG,0.7,0.0,de,1
erwartungs…,erwartungs…,ORG,0.0,0.0,de,1
Fußbodenhe…,Fußbodenhe…,ORG,1.0,0.0,de,1
Bachmut +++ Klitschko,Bachmut +++ Klitschko,ORG,0.0,0.0,de,1
Weibche…,Weibche…,ORG,0.0,0.0,de,1
ORF Vorarlberg-Interview,ORF Vorarlberg-Interview,ORG,-0.7,0.0,de,1
Ampel4,Ampel4,ORG,0.0,0.0,de,1
ETF-Ultras,ETF-Ultras,ORG,0.0,0.0,de,1
Haus…,Haus…,ORG,0.0,0.0,de,1
Bundesverbandes Deutscher Fert…,Bundesverbandes Deutscher Fert…,ORG,0.0,0.0,de,1
VW-Werk Kaluga,VW-Werk Kaluga,ORG,0.0,0.0,de,1
Europäische Investitionsba…,Europäische Investitionsba…,ORG,0.0,0.0,de,1
elu Bteek…,elu Bteek…,ORG,0.0,0.0,de,1
Förderbankchef Hoyer,Förderbankchef Hoyer,ORG,0.0,0.0,de,1
US-Kraftwerke,US-Kraftwerke,ORG,0.0,0.0,de,1
Luftabwehrsystemen +++,Luftabwehrsystemen +++,ORG,0.0,0.0,de,1
Russland angegriffenes Land,Russland angegriffenes Land,ORG,0.7,0.0,de,1
ansch…,ansch…,ORG,0.0,0.0,de,1
ukrainisch-orthodoxe Kirche …,ukrainisch-orthodoxe Kirche …,ORG,0.0,0.0,de,1
Gesu…,Gesu…,ORG,0.0,0.0,de,1
GaspreisDank,GaspreisDank,ORG,0.7,0.0,de,1
Gesundheitsmin…,Gesundheitsmin…,ORG,0.0,0.0,de,1
Internes Papier,Internes Papier,ORG,0.7,0.0,de,1
Samenbank,Samenbank,ORG,0.7,0.0,de,1
Ländern Nord- und Lateinamerikas kümmer…,Ländern Nord- und Lateinamerikas kümmer…,ORG,0.0,0.0,de,1
Erdgas…,Erdgas…,ORG,0.0,0.0,de,1
FokusDie,FokusDie,ORG,0.0,0.0,de,1
Velvet Autoinvest,Velvet Autoinvest,ORG,0.0,0.0,de,1
RWE Gas,RWE Gas,ORG,0.0,0.0,de,1
Kreminna  ,Kreminna  ,ORG,0.0,0.0,de,1
Kampfdrohnen</l…,Kampfdrohnen</l…,ORG,0.0,0.0,de,1
Deutschen Instit…,Deutschen Instit…,ORG,0.0,0.0,de,1
Rolle Russland,Rolle Russland,ORG,0.0,0.0,de,1
Abgeordneten Medien,Abgeordneten Medien,ORG,0.0,0.0,de,1
Ukraine-Krieg passi…,Ukraine-Krieg passi…,ORG,0.0,0.0,de,1
+++ Kreml,+++ Kreml,ORG,0.0,0.0,de,1
Friedensplan +++ Selenskyj,Friedensplan +++ Selenskyj,ORG,0.0,0.0,de,1
… <ol><li,… <ol><li,ORG,0.0,0.0,de,1
The Institute For The Study Of War,The Institute For The Study Of War,ORG,0.0,0.0,de,1
Nana-Krise!,Nana-Krise!,ORG,0.7,0.0,de,1
deutsche AKWs,deutsche AKWs,ORG,0.0,0.0,de,1
Aktienkurse,Aktienkurse,ORG,0.0,0.0,de,1
Ukrainische Polizei,Ukrainische Polizei,ORG,0.0,0.0,de,1
vorknöpft…,vorknöpft…,ORG,0.0,0.0,de,1
Dienst +++ Russen,Dienst +++ Russen,ORG,0.0,0.0,de,1
Dienst +++,Dienst +++,ORG,0.0,0.0,de,1
ZF Heat Belt,ZF Heat Belt,ORG,0.0,0.0,de,1
iOS,iOS,ORG,0.0,0.0,de,1
MacBooks!,MacBooks!,ORG,0.0,0.0,de,1
northern France,northern France,ORG,0.0,0.0,de,1
Neues Chromebook,Neues Chromebook,ORG,0.0,0.0,de,1
Maxar Technologies,Maxar Technologies,ORG,0.0,0.0,de,1
Macbook,Macbook,ORG,0.7,0.0,de,1
CO2-Messgerät,CO2-Messgerät,ORG,0.0,0.0,de,1
Deutschland emp…,Deutschland emp…,ORG,0.0,0.0,de,1
Ukrainische orthodoxe Christen,Ukrainische orthodoxe Christen,ORG,0.7,0.0,de,1
SONNTAG-Interview,SONNTAG-Interview,ORG,0.0,0.0,de,1
Putins Eskalationswillen,Putins Eskalationswillen,ORG,0.21666666666666667,0.0,de,1
Kubicki für Lieferung deutscher Kampfpanzer +++,Kubicki für Lieferung deutscher Kampfpanzer +++,ORG,0.0,0.0,de,1
all…,all…,ORG,0.0,0.0,de,1
Marder-Schützenpanzern,Marder-Schützenpanzern,ORG,0.0,0.0,de,1
Donbass,Donbass,ORG,0.0,0.0,de,1
Biogas Verband Österreich,Biogas Verband Österreich,ORG,0.0,0.0,de,1
PV-Anlagen +++ Die,PV-Anlagen +++ Die,ORG,0.0,0.0,de,1
Ostukraine +++ L,Ostukraine +++ L,ORG,1.0,0.0,de,1
EU-Kommiss…,EU-Kommiss…,ORG,0.0,0.0,de,1
Nordatlantik +++,Nordatlantik +++,ORG,0.0,0.0,de,1
Bodentruppe +++,Bodentruppe +++,ORG,0.0,0.0,de,1
bestäti…,bestäti…,ORG,-1.0,0.0,de,1
Nvidia Ada,Nvidia Ada,ORG,0.7,0.0,de,1
Nvidias,Nvidias,ORG,0.0,0.0,de,1
Eishalle +++,Eishalle +++,ORG,0.0,0.0,de,1
Eishockey-Club,Eishockey-Club,ORG,0.0,0.0,de,1
Charkiw +++ Russland,Charkiw +++ Russland,ORG,0.0,0.0,de,1
Bundes… Wie,Bundes… Wie,ORG,0.0,0.0,de,1
Deutsche Gewerkschaftsbund,Deutsche Gewerkschaftsbund,ORG,0.0,0.0,de,1
Atomkraft-Debatte,Atomkraft-Debatte,ORG,0.0,0.0,de,1
Atomkraftwerke…,Atomkraftwerke…,ORG,-1.0,0.0,de,1
Agentur für Arbeit,Agentur für Arbeit,ORG,0.0,0.0,de,1
Leibniz-Zentrum für Europäische Wirtschaftsforschung,Leibniz-Zentrum für Europäische Wirtschaftsforschung,ORG,0.0,0.0,de,1
Inflationsrate Deutschlands,Inflationsrate Deutschlands,ORG,0.0,0.0,de,1
IHK Potsdam,IHK Potsdam,ORG,1.0,0.0,de,1
russische Streitkräfte +++ Eishockey-Club,russische Streitkräfte +++ Eishockey-Club,ORG,0.0,0.0,de,1
Start-Up Bulletproof Ukraine,Start-Up Bulletproof Ukraine,ORG,0.0,0.0,de,1
Lotto-Bilanz,Lotto-Bilanz,ORG,0.0,0.0,de,1
Start-Up,Start-Up,ORG,0.0,0.0,de,1
Angabe…,Angabe…,ORG,0.0,0.0,de,1
rumänische Polizei,rumänische Polizei,ORG,0.0,0.0,de,1
Wissings Strohhalm,Wissings Strohhalm,ORG,0.0,0.0,de,1
Finanzmetropole Frankfurt,Finanzmetropole Frankfurt,ORG,0.0,0.0,de,1
Finanz-Fortbildung,Finanz-Fortbildung,ORG,0.0,0.0,de,1
russische Streitkräfte +++ +,russische Streitkräfte +++ +,ORG,0.0,0.0,de,1
Galeri…,Galeri…,ORG,1.0,0.0,de,1
CO-Emission,CO-Emission,ORG,0.0,0.0,de,1
Makijiwka,Makijiwka,ORG,-1.0,0.0,de,1
Berechnunge…,Berechnunge…,ORG,0.0,0.0,de,1
JASON,JASON,ORG,0.0,0.0,de,1
WM-Star Gakpo,WM-Star Gakpo,ORG,0.0,0.0,de,1
ung…,ung…,ORG,0.7,0.0,de,1
ejf,ejf,ORG,0.0,0.0,de,1
Munitio…,Munitio…,ORG,-1.0,0.0,de,1
EU-Beihilfevorschriften,EU-Beihilfevorschriften,ORG,0.0,0.0,de,1
Tschuwaschien +++ London,Tschuwaschien +++ London,ORG,-1.0,0.0,de,1
Mittwoch Washington,Mittwoch Washington,ORG,0.0,0.0,de,1
genan…,genan…,ORG,0.0,0.0,de,1
Ukraine +++  ,Ukraine +++  ,ORG,0.0,0.0,de,1
Patriot-System,Patriot-System,ORG,0.0,0.0,de,1
US-Haup…,US-Haup…,ORG,0.0,0.0,de,1
Raytheon,Raytheon,ORG,0.0,0.0,de,1
Anti-Drogen-Polizei,Anti-Drogen-Polizei,ORG,-0.15000000000000002,0.0,de,1
US-Anti-Drogen-Polizei DEA,US-Anti-Drogen-Polizei DEA,ORG,0.0,0.0,de,1
regasifiziertes LNG,regasifiziertes LNG,ORG,0.0,0.0,de,1
Bevöl…,Bevöl…,ORG,0.0,0.0,de,1
hllllpekel,hllllpekel,ORG,0.0,0.0,de,1
eO hllllpekpleu,eO hllllpekpleu,ORG,0.0,0.0,de,1
Madrid,Madrid,ORG,-0.15000000000000002,0.0,de,1
Staatshilfen ge,Staatshilfen ge,ORG,0.0,0.0,de,1
verzi…,verzi…,ORG,0.0,0.0,de,1
Tuzly Estuaries National Nature Park,Tuzly Estuaries National Nature Park,ORG,0.7,0.0,de,1
Malchin,Malchin,ORG,0.0,0.0,de,1
Grenzregion +++ Putin,Grenzregion +++ Putin,ORG,0.0,0.0,de,1
Kohle-Boom,Kohle-Boom,ORG,-0.7,0.0,de,1
Putins Ansprache,Putins Ansprache,ORG,0.0,0.0,de,1
Neue S-Bahn-Werkstatt,Neue S-Bahn-Werkstatt,ORG,0.7,0.0,de,1
International Federation of Journalists,International Federation of Journalists,ORG,-1.0,0.0,de,1
Anas,Anas,ORG,-1.0,0.0,de,1
Weihnachtsgesche…,Weihnachtsgesche…,ORG,0.7,0.0,de,1
Basic,Basic,ORG,0.0,0.0,de,1
ATP-Tour,ATP-Tour,ORG,0.0,0.0,de,1
ukrainische Gesellschaft,ukrainische Gesellschaft,ORG,0.0,0.0,de,1
GRU gear…,GRU gear…,ORG,0.0,0.0,de,1
MenschHamburg,MenschHamburg,ORG,0.0,0.0,de,1
Hö…,Hö…,ORG,0.0,0.0,de,1
Aktionä…,Aktionä…,ORG,0.0,0.0,de,1
deutschen Atommüll,deutschen Atommüll,ORG,0.0,0.0,de,1
bundeseigene Gesellschaft,bundeseigene Gesellschaft,ORG,0.0,0.0,de,1
Finanz-Polizei,Finanz-Polizei,ORG,0.0,0.0,de,1
FIU,FIU,ORG,0.0,0.0,de,1
Maximilan Sachse,Maximilan Sachse,ORG,1.0,0.0,de,1
Alexandr Dolgopolov,Alexandr Dolgopolov,ORG,0.0,0.0,de,1
Marktmechanismus +++ Lambrecht,Marktmechanismus +++ Lambrecht,ORG,-0.7,0.0,de,1
Unfal…,Unfal…,ORG,0.0,0.0,de,1
Sputnik,Sputnik,ORG,0.0,0.0,de,1
CO2-Ausstoß Deutschlands,CO2-Ausstoß Deutschlands,ORG,0.0,0.0,de,1
Europa-KolumneJede Woche,Europa-KolumneJede Woche,ORG,0.0,0.0,de,1
jüngeren Bundesbürgern,jüngeren Bundesbürgern,ORG,0.0,0.0,de,1
Mutti,Mutti,ORG,0.0,0.0,de,1
Flensburger Polizei,Flensburger Polizei,ORG,0.0,0.0,de,1
Boni & Co.,Boni & Co.,ORG,0.0,0.0,de,1
Bundesbürger Bil…,Bundesbürger Bil…,ORG,-0.7,0.0,de,1
Bank of Japan,Bank of Japan,ORG,0.7,0.0,de,1
Institut,Institut,ORG,0.0,0.0,de,1
Verbraucherpreisen,Verbraucherpreisen,ORG,0.0,0.0,de,1
IFJ,IFJ,ORG,-1.0,0.0,de,1
Russisches Unterhaus,Russisches Unterhaus,ORG,-1.0,0.0,de,1
indische Polizei,indische Polizei,ORG,0.0,0.0,de,1
Mittwoch +++,Mittwoch +++,ORG,0.0,0.0,de,1
Zentrum von Paris,Zentrum von Paris,ORG,-1.0,0.0,de,1
Bahntranspo…,Bahntranspo…,ORG,0.0,0.0,de,1
Feiertagen +++,Feiertagen +++,ORG,-0.9,0.0,de,1
Roland Zimmermann.</em,Roland Zimmermann.</em,ORG,0.0,0.0,de,1
pos…,pos…,ORG,0.0,0.0,de,1
Ukraine +++ Kardinal,Ukraine +++ Kardinal,ORG,-0.15000000000000002,0.0,de,1
verflüssigtes Erdgas,verflüssigtes Erdgas,ORG,0.0,0.0,de,1
Berliner Feinkosthändler,Berliner Feinkosthändler,ORG,0.0,0.0,de,1
Stromausfälle…,Stromausfälle…,ORG,0.0,0.0,de,1
Schnee  ,Schnee  ,ORG,0.5666666666666667,0.0,de,1
GTI Clubsport S.,GTI Clubsport S.,ORG,0.0,0.0,de,1
Klang-Perfektionist,Klang-Perfektionist,ORG,0.0,0.0,de,1
Wahrhei…,Wahrhei…,ORG,1.0,0.0,de,1
Morgen +++ Selenskyj,Morgen +++ Selenskyj,ORG,0.0,0.0,de,1
“ +++ Kiew,“ +++ Kiew,ORG,0.0,0.0,de,1
Antje Passenheim.</em,Antje Passenheim.</em,ORG,0.0,0.0,de,1
Gaspreisbremse  SWR …,Gaspreisbremse  SWR …,ORG,0.0,0.0,de,1
Bankenchefs…,Bankenchefs…,ORG,-0.7,0.0,de,1
Ukraine erhof,Ukraine erhof,ORG,1.0,0.0,de,1
Gürtel,Gürtel,ORG,0.15000000000000002,0.0,de,1
Sor…,Sor…,ORG,0.7,0.0,de,1
AKW-Abschaltung,AKW-Abschaltung,ORG,-0.7,0.0,de,1
russischen Gesellschaft vo­raus,russischen Gesellschaft vo­raus,ORG,0.0,0.0,de,1
our roar,our roar,ORG,1.0,0.0,de,1
Swords…,Swords…,ORG,1.0,0.0,de,1
"Wagner""-Gruppe","Wagner""-Gruppe",ORG,0.0,0.0,de,1
evangelischen Kirche Streit,evangelischen Kirche Streit,ORG,0.0,0.0,de,1
SZ-Klimakolumne,SZ-Klimakolumne,ORG,0.0,0.0,de,1
Festtage,Festtage,ORG,0.0,0.0,de,1
Zivilisten +++,Zivilisten +++,ORG,-1.0,0.0,de,1
Rosgwardija-Truppen,Rosgwardija-Truppen,ORG,0.0,0.0,de,1
Geburtstagsfeier +++,Geburtstagsfeier +++,ORG,-1.0,0.0,de,1
Myanmars Militärjunta,Myanmars Militärjunta,ORG,0.0,0.0,de,1
Landes!,Landes!,ORG,0.0,0.0,de,1
SelenskiImmer,SelenskiImmer,ORG,0.7,0.0,de,1
Lilli Hiltscher.</em,Lilli Hiltscher.</em,ORG,0.0,0.0,de,1
geruchl…,geruchl…,ORG,0.0,0.0,de,1
Keep Ukraine Connected,Keep Ukraine Connected,ORG,0.0,0.0,de,1
Kühle Kirchen,Kühle Kirchen,ORG,-0.7,0.0,de,1
angeschlagenem Energiekonzern Uniper,angeschlagenem Energiekonzern Uniper,ORG,0.0,0.0,de,1
E-Con…,E-Con…,ORG,0.0,0.0,de,1
offensichtlic…,offensichtlic…,ORG,0.0,0.0,de,1
Trumps Partei,Trumps Partei,ORG,0.0,0.0,de,1
Natur- und Klimaschutz contra,Natur- und Klimaschutz contra,ORG,-0.7,0.0,de,1
mittlerwei…,mittlerwei…,ORG,0.0,0.0,de,1
Atomoption,Atomoption,ORG,-0.35,0.0,de,1
Ausschusses,Ausschusses,ORG,0.0,0.0,de,1
Ausschu…,Ausschu…,ORG,0.0,0.0,de,1
AfD-Kreisverband,AfD-Kreisverband,ORG,0.0,0.0,de,1
stellvertrâ€,stellvertrâ€,ORG,0.0,0.0,de,1
Vampire Survivors,Vampire Survivors,ORG,0.0,0.0,de,1
Wagner-Kampfgruppe,Wagner-Kampfgruppe,ORG,0.0,0.0,de,1
Rekord-Verteidigungshaushalt +++,Rekord-Verteidigungshaushalt +++,ORG,0.7,0.0,de,1
LitauenDer,LitauenDer,ORG,0.0,0.0,de,1
id…,id…,ORG,0.0,0.0,de,1
Fruchtjoghurt,Fruchtjoghurt,ORG,0.7,0.0,de,1
Spitzenverdiene…,Spitzenverdiene…,ORG,0.0,0.0,de,1
Autos…,Autos…,ORG,0.0,0.0,de,1
Rober…,Rober…,ORG,0.0,0.0,de,1
Wohnunge…,Wohnunge…,ORG,0.0,0.0,de,1
EU-Beitrittsgespräche +,EU-Beitrittsgespräche +,ORG,0.0,0.0,de,1
Steuererhöhungen +++ Bundeswehr,Steuererhöhungen +++ Bundeswehr,ORG,0.0,0.0,de,1
deutsche Pipelines,deutsche Pipelines,ORG,0.0,0.0,de,1
EU-Nachbarländer,EU-Nachbarländer,ORG,-1.0,0.0,de,1
Sve…,Sve…,ORG,0.0,0.0,de,1
Energiecharta-Vertrag,Energiecharta-Vertrag,ORG,-1.0,0.0,de,1
Cast &,Cast &,ORG,-0.5,0.0,de,1
Steuererhöhungen +++,Steuererhöhungen +++,ORG,0.0,0.0,de,1
EU-Beitrittsgespräche +++,EU-Beitrittsgespräche +++,ORG,0.0,0.0,de,1
Green Deals,Green Deals,ORG,1.0,0.0,de,1
Ursul…,Ursul…,ORG,0.0,0.0,de,1
Nobelhart &amp,Nobelhart &amp,ORG,1.0,0.0,de,1
Energiepreis-Rückgang,Energiepreis-Rückgang,ORG,0.0,0.0,de,1
Inflationsrate für Österreich,Inflationsrate für Österreich,ORG,0.0,0.0,de,1
Original-Avengers,Original-Avengers,ORG,0.0,0.0,de,1
Kreuzberger Zentrum,Kreuzberger Zentrum,ORG,0.0,0.0,de,1
Vermögensver…,Vermögensver…,ORG,0.0,0.0,de,1
staatlichen Kreditanstalt für Wi…,staatlichen Kreditanstalt für Wi…,ORG,0.0,0.0,de,1
Charkiws +++,Charkiws +++,ORG,1.0,0.0,de,1
Soldatenleichen …,Soldatenleichen …,ORG,0.0,0.0,de,1
tagela…,tagela…,ORG,0.0,0.0,de,1
Umwe…,Umwe…,ORG,0.0,0.0,de,1
Teuerungsrate,Teuerungsrate,ORG,0.0,0.0,de,1
Militäroffensiv…,Militäroffensiv…,ORG,0.0,0.0,de,1
deutsche gemeinnützige Plattform „,deutsche gemeinnützige Plattform „,ORG,1.0,0.0,de,1
Botschaft ge…,Botschaft ge…,ORG,0.0,0.0,de,1
Hessen +++ Der Liveblog für Frankfurt u,Hessen +++ Der Liveblog für Frankfurt u,ORG,-0.5,0.0,de,1
Putins Atom-Abwehr,Putins Atom-Abwehr,ORG,0.0,0.0,de,1
russische Atom-Abwehr,russische Atom-Abwehr,ORG,1.0,0.0,de,1
ukrainischer Streitkräfte,ukrainischer Streitkräfte,ORG,0.7,0.0,de,1
F-16-Kampfjet…,F-16-Kampfjet…,ORG,0.0,0.0,de,1
Staatlichen Notdienst,Staatlichen Notdienst,ORG,0.0,0.0,de,1
SES,SES,ORG,0.0,0.0,de,1
Afrika +++,Afrika +++,ORG,0.0,0.0,de,1
Patriot-Raketen +++,Patriot-Raketen +++,ORG,-1.0,0.0,de,1
Patriot-System für Ukraine,Patriot-System für Ukraine,ORG,0.0,0.0,de,1
UN-S…,UN-S…,ORG,0.0,0.0,de,1
Neobroke…,Neobroke…,ORG,1.0,0.0,de,1
Macrons Atomdeal,Macrons Atomdeal,ORG,0.0,0.0,de,1
Startup Cloover,Startup Cloover,ORG,0.0,0.0,de,1
zwe... München,zwe... München,ORG,0.0,0.0,de,1
Galeria,Galeria,ORG,0.0,0.0,de,1
Schlecker,Schlecker,ORG,-1.0,0.0,de,1
Tochtergesellschafte…,Tochtergesellschafte…,ORG,0.0,0.0,de,1
Ukraine +++ Belgien,Ukraine +++ Belgien,ORG,0.35,0.0,de,1
hef…,hef…,ORG,0.0,0.0,de,1
Patriot-Ausbildungs-Stützpunkt,Patriot-Ausbildungs-Stützpunkt,ORG,0.0,0.0,de,1
Spitzenkandidatin der Grünen,Spitzenkandidatin der Grünen,ORG,0.0,0.0,de,1
EU-Parlamentsmitarbeiter,EU-Parlamentsmitarbeiter,ORG,0.0,0.0,de,1
Militäroffensive +++ Abstimmung,Militäroffensive +++ Abstimmung,ORG,0.7,0.0,de,1
Mittwoch statfinden +++ USA,Mittwoch statfinden +++ USA,ORG,0.7,0.0,de,1
Restaurant essen,Restaurant essen,ORG,0.0,0.0,de,1
Inflationszahlen,Inflationszahlen,ORG,0.0,0.0,de,1
EU-Krisenstaat,EU-Krisenstaat,ORG,0.0,0.0,de,1
Reggae-Song,Reggae-Song,ORG,1.0,0.0,de,1
Peking torpediere Friedensbemühungen,Peking torpediere Friedensbemühungen,ORG,0.0,0.0,de,1
++ Wagenknecht,++ Wagenknecht,ORG,0.0,0.0,de,1
Waffen-Kurswechsel ++,Waffen-Kurswechsel ++,ORG,0.0,0.0,de,1
Berliner SPD-Zentrale,Berliner SPD-Zentrale,ORG,0.0,0.0,de,1
SPD-Zentrale,SPD-Zentrale,ORG,0.0,0.0,de,1
Willy-Brandt-Hau…,Willy-Brandt-Hau…,ORG,0.0,0.0,de,1
Bremerhaven…,Bremerhaven…,ORG,1.0,0.0,de,1
Bremerhavener Alfred-Wegener-Instituts,Bremerhavener Alfred-Wegener-Instituts,ORG,0.0,0.0,de,1
Alfred-Wegener-Institut,Alfred-Wegener-Institut,ORG,-0.5,0.0,de,1
is…,is…,ORG,0.0,0.0,de,1
EU-Vorhaben,EU-Vorhaben,ORG,0.0,0.0,de,1
Europa-Wahl,Europa-Wahl,ORG,0.0,0.0,de,1
Vize-Außenmin…,Vize-Außenmin…,ORG,0.0,0.0,de,1
besoffen Auto,besoffen Auto,ORG,-1.0,0.0,de,1
imm…,imm…,ORG,0.0,0.0,de,1
europäischen Ländern +++ Selenskyj,europäischen Ländern +++ Selenskyj,ORG,0.0,0.0,de,1
Friedensgipfel +++ Polen,Friedensgipfel +++ Polen,ORG,0.0,0.0,de,1
Teilmobilisierung +++,Teilmobilisierung +++,ORG,0.0,0.0,de,1
amerikani…,amerikani…,ORG,0.7,0.0,de,1
FPGA-Hardware,FPGA-Hardware,ORG,0.7,0.0,de,1
FinTech Clanq,FinTech Clanq,ORG,0.0,0.0,de,1
Kanzlers +++,Kanzlers +++,ORG,1.0,0.0,de,1
ents…,ents…,ORG,0.7,0.0,de,1
Gummistiefel-Politik,Gummistiefel-Politik,ORG,0.0,0.0,de,1
gewürd…,gewürd…,ORG,0.0,0.0,de,1
Zentrum von Berlin,Zentrum von Berlin,ORG,0.7,0.0,de,1
Polizeipräsidium Mannheim,Polizeipräsidium Mannheim,ORG,0.0,0.0,de,1
abzu…,abzu…,ORG,-1.0,0.0,de,1
Wowtschansk +++,Wowtschansk +++,ORG,0.0,0.0,de,1
Teilmobilisierung +++ Ukraine,Teilmobilisierung +++ Ukraine,ORG,0.0,0.0,de,1
Ratingagentur S&amp;P,Ratingagentur S&amp;P,ORG,0.0,0.0,de,1
Kampfjetkoalition,Kampfjetkoalition,ORG,0.0,0.0,de,1
EU-Klimastreik,EU-Klimastreik,ORG,0.0,0.0,de,1
Städtenund,Städtenund,ORG,0.0,0.0,de,1
F-16-Kampfje…,F-16-Kampfje…,ORG,0.0,0.0,de,1
System au…,System au…,ORG,0.0,0.0,de,1
Kriegskasse +++,Kriegskasse +++,ORG,0.0,0.0,de,1
Statue ++++,Statue ++++,ORG,0.0,0.0,de,1
Internationalen Kindertag +++,Internationalen Kindertag +++,ORG,0.0,0.0,de,1
Ukraine einges,Ukraine einges,ORG,0.0,0.0,de,1
italienische Bank UniCredit ++++,italienische Bank UniCredit ++++,ORG,0.0,0.0,de,1
FDP wen…,FDP wen…,ORG,-0.15000000000000002,0.0,de,1
UniCredit-Bank,UniCredit-Bank,ORG,0.0,0.0,de,1
FDP-Verteidigungsexpertin,FDP-Verteidigungsexpertin,ORG,0.7,0.0,de,1
"Yasmin
Fahimi","Yasmin
Fahimi",ORG,0.0,0.0,de,1
Nato…,Nato…,ORG,0.0,0.0,de,1
ThyssenKrupp,ThyssenKrupp,ORG,0.0,0.0,de,1
++ Ukrainische Stromversorgung,++ Ukrainische Stromversorgung,ORG,0.0,0.0,de,1
Rausschmiss,Rausschmiss,ORG,0.0,0.0,de,1
Grünen-Chef,Grünen-Chef,ORG,0.7,0.0,de,1
Schweizer Konferenz ++,Schweizer Konferenz ++,ORG,1.0,0.0,de,1
Shangri-La Dialogue ,Shangri-La Dialogue ,ORG,0.0,0.0,de,1
NRW-Innenminister Reul,NRW-Innenminister Reul,ORG,-1.0,0.0,de,1
Frankfurt +++,Frankfurt +++,ORG,-0.5,0.0,de,1
A661 +++ Urteil,A661 +++ Urteil,ORG,-0.5,0.0,de,1
Ex-Sowjetrepublik Usbekistan,Ex-Sowjetrepublik Usbekistan,ORG,0.0,0.0,de,1
Montagabend…,Montagabend…,ORG,0.0,0.0,de,1
Potsdam-Instituts für Klimafolgenforschung erhiel…,Potsdam-Instituts für Klimafolgenforschung erhiel…,ORG,0.0,0.0,de,1
Krim +++ Baerbock,Krim +++ Baerbock,ORG,-1.0,0.0,de,1
Restless,Restless,ORG,0.0,0.0,de,1
Land br,Land br,ORG,0.0,0.0,de,1
US-Air Force,US-Air Force,ORG,0.0,0.0,de,1
Landwirtsc…,Landwirtsc…,ORG,0.0,0.0,de,1
Fargo»-Star Buscemi,Fargo»-Star Buscemi,ORG,0.0,0.0,de,1
NRA-Anhängern,NRA-Anhängern,ORG,0.0,0.0,de,1
Waffenlobbyverbands NRA,Waffenlobbyverbands NRA,ORG,0.7,0.0,de,1
Olexander Ussyk,Olexander Ussyk,ORG,0.0,0.0,de,1
Krimtataren +++ Russische Armee,Krimtataren +++ Russische Armee,ORG,0.0,0.0,de,1
+++ Vermögen,+++ Vermögen,ORG,0.0,0.0,de,1
FAS-Kolumne,FAS-Kolumne,ORG,0.0,0.0,de,1
Ukrainer Usyk,Ukrainer Usyk,ORG,-1.0,0.0,de,1
dvp,dvp,ORG,0.0,0.0,de,1
"Shutterstock.com
Deutsche Bank","Shutterstock.com
Deutsche Bank",ORG,0.0,0.0,de,1
Krimtataren +,Krimtataren +,ORG,-0.85,0.0,de,1
Bundesh…,Bundesh…,ORG,0.0,0.0,de,1
Wärmepumpen!,Wärmepumpen!,ORG,0.0,0.0,de,1
Vitamin Inc,Vitamin Inc,ORG,0.0,0.0,de,1
unvermitte…,unvermitte…,ORG,0.0,0.0,de,1
Arg…,Arg…,ORG,0.0,0.0,de,1
Alleinherrsch…,Alleinherrsch…,ORG,0.0,0.0,de,1
Charkiw +++ Kiew,Charkiw +++ Kiew,ORG,0.15000000000000002,0.0,de,1
Milei,Milei,ORG,0.0,0.0,de,1
Republ…,Republ…,ORG,-1.0,0.0,de,1
App-Analyse,App-Analyse,ORG,0.0,0.0,de,1
AVM FRITZ!,AVM FRITZ!,ORG,0.7,0.0,de,1
Charkiw +++ Deutschland,Charkiw +++ Deutschland,ORG,0.0,0.0,de,1
Vermögenswerten,Vermögenswerten,ORG,0.0,0.0,de,1
Ukraijinska Prawda,Ukraijinska Prawda,ORG,0.0,0.0,de,1
Grenztruppen,Grenztruppen,ORG,-1.0,0.0,de,1
Straßenkämpfe +++,Straßenkämpfe +++,ORG,0.0,0.0,de,1
Bundesfinanzministeriums,Bundesfinanzministeriums,ORG,0.0,0.0,de,1
Voice of Europe +++,Voice of Europe +++,ORG,0.0,0.0,de,1
palästinensische Ur-Katastrophe,palästinensische Ur-Katastrophe,ORG,0.0,0.0,de,1
Spä…,Spä…,ORG,0.0,0.0,de,1
Geräte-Generation smarter Raum- und Heizkörperthermostate,Geräte-Generation smarter Raum- und Heizkörperthermostate,ORG,-0.7,0.0,de,1
Hessen +++ Bewohner,Hessen +++ Bewohner,ORG,-1.0,0.0,de,1
US-Außenministern,US-Außenministern,ORG,0.0,0.0,de,1
grüne…,grüne…,ORG,0.7,0.0,de,1
Bumble & Co.,Bumble & Co.,ORG,0.0,0.0,de,1
WSF,WSF,ORG,0.0,0.0,de,1
grüne Bank,grüne Bank,ORG,0.0,0.0,de,1
Turbulen…,Turbulen…,ORG,0.0,0.0,de,1
Wärmesek…,Wärmesek…,ORG,-1.0,0.0,de,1
EM-Kader,EM-Kader,ORG,-0.7,0.0,de,1
unterschei…,unterschei…,ORG,0.0,0.0,de,1
Oberbefehlshabers der NATO-Streitkräfte in Europa,Oberbefehlshabers der NATO-Streitkräfte in Europa,ORG,0.7,0.0,de,1
Uzun-Millionen,Uzun-Millionen,ORG,0.0,0.0,de,1
FCN-Finanzen!,FCN-Finanzen!,ORG,0.0,0.0,de,1
Liveblog Deutschlands Export,Liveblog Deutschlands Export,ORG,0.0,0.0,de,1
Tinder,Tinder,ORG,0.0,0.0,de,1
spanische Partei Vox,spanische Partei Vox,ORG,0.0,0.0,de,1
verpflich…,verpflich…,ORG,1.0,0.0,de,1
deutlic…,deutlic…,ORG,0.0,0.0,de,1
Sets,Sets,ORG,0.7,0.0,de,1
Putins Nuklearmanöver,Putins Nuklearmanöver,ORG,-1.0,0.0,de,1
Berliner Klima-Hungerstreiks,Berliner Klima-Hungerstreiks,ORG,0.0,0.0,de,1
Heavy Metal Party,Heavy Metal Party,ORG,0.0,0.0,de,1
Tartastan +++,Tartastan +++,ORG,1.0,0.0,de,1
Wowt…,Wowt…,ORG,0.0,0.0,de,1
Amerika Europa,Amerika Europa,ORG,0.0,0.0,de,1
IAB,IAB,ORG,0.0,0.0,de,1
existenzb…,existenzb…,ORG,0.0,0.0,de,1
Meinungsforschungsinsti…,Meinungsforschungsinsti…,ORG,0.7,0.0,de,1
Deutschen Buchhande…,Deutschen Buchhande…,ORG,0.0,0.0,de,1
Partei der sozialen Kälte“,Partei der sozialen Kälte“,ORG,0.7,0.0,de,1
Soziale Gerechtigkeit,Soziale Gerechtigkeit,ORG,0.0,0.0,de,1
Kupiansk ++,Kupiansk ++,ORG,0.0,0.0,de,1
CDU-P…,CDU-P…,ORG,0.0,0.0,de,1
Strafverfahren +++,Strafverfahren +++,ORG,-1.0,0.0,de,1
Liveblog Chinas,Liveblog Chinas,ORG,-1.0,0.0,de,1
Vora…,Vora…,ORG,0.0,0.0,de,1
Deutschen Bahn u,Deutschen Bahn u,ORG,0.0,0.0,de,1
Modeimperium Benetton,Modeimperium Benetton,ORG,0.0,0.0,de,1
Benetton,Benetton,ORG,0.7,0.0,de,1
Erdogan-Regierung,Erdogan-Regierung,ORG,0.0,0.0,de,1
Erdogan-Regierung Sparmaßnahmen ergr…,Erdogan-Regierung Sparmaßnahmen ergr…,ORG,0.0,0.0,de,1
Kyivstar,Kyivstar,ORG,0.0,0.0,de,1
IGH-Maßnahmen,IGH-Maßnahmen,ORG,0.0,0.0,de,1
Frankreich-Erstligist Stade Rennes,Frankreich-Erstligist Stade Rennes,ORG,0.0,0.0,de,1
Deutschen Bah,Deutschen Bah,ORG,0.0,0.0,de,1
ESA-Satellit,ESA-Satellit,ORG,0.0,0.0,de,1
deutschen Zentralbank,deutschen Zentralbank,ORG,0.0,0.0,de,1
US-Satellit,US-Satellit,ORG,0.0,0.0,de,1
saarländische Polizei,saarländische Polizei,ORG,-1.0,0.0,de,1
Gelder +++,Gelder +++,ORG,0.0,0.0,de,1
Verhandlungsstart +++,Verhandlungsstart +++,ORG,0.0,0.0,de,1
Gesetzes +++,Gesetzes +++,ORG,-0.7,0.0,de,1
Polens Armee,Polens Armee,ORG,0.7,0.0,de,1
Westeuropa +++,Westeuropa +++,ORG,0.0,0.0,de,1
Promis +++,Promis +++,ORG,0.0,0.0,de,1
"Doppelgänger""-Netzwerk","Doppelgänger""-Netzwerk",ORG,0.0,0.0,de,1
US-Plänen,US-Plänen,ORG,-0.7,0.0,de,1
eingefrore…,eingefrore…,ORG,0.0,0.0,de,1
Weltraumwaffe,Weltraumwaffe,ORG,0.0,0.0,de,1
Ja zu Europa,Ja zu Europa,ORG,0.0,0.0,de,1
Stiftung für Bären,Stiftung für Bären,ORG,0.0,0.0,de,1
Verteid…,Verteid…,ORG,0.7,0.0,de,1
Yellen +++ Der Liveblog für Frankfurt,Yellen +++ Der Liveblog für Frankfurt,ORG,0.0,0.0,de,1
Frankfurt School,Frankfurt School,ORG,0.0,0.0,de,1
Hochschule wo,Hochschule wo,ORG,0.0,0.0,de,1
Stadtelternrat,Stadtelternrat,ORG,0.0,0.0,de,1
Einzelpers…,Einzelpers…,ORG,0.7,0.0,de,1
Sparpreis angrillen!,Sparpreis angrillen!,ORG,0.0,0.0,de,1
Regierung,Regierung,ORG,0.0,0.0,de,1
Europäischer Union,Europäischer Union,ORG,-1.0,0.0,de,1
schleuse…,schleuse…,ORG,-1.0,0.0,de,1
RI…,RI…,ORG,-1.0,0.0,de,1
Deutsche Plattform „Dekoder“,Deutsche Plattform „Dekoder“,ORG,0.0,0.0,de,1
Dekoder.org,Dekoder.org,ORG,1.0,0.0,de,1
Identifizi…,Identifizi…,ORG,0.0,0.0,de,1
Frieden ++,Frieden ++,ORG,-1.0,0.0,de,1
Ren…,Ren…,ORG,-0.7,0.0,de,1
rumänische Fußballnationalmannschaft,rumänische Fußballnationalmannschaft,ORG,0.0,0.0,de,1
Schattenflotte +++ Baerbock,Schattenflotte +++ Baerbock,ORG,0.0,0.0,de,1
weg +++,weg +++,ORG,0.0,0.0,de,1
TDK,TDK,ORG,0.0,0.0,de,1
Iro…,Iro…,ORG,0.0,0.0,de,1
Asow +++ Putin,Asow +++ Putin,ORG,0.7,0.0,de,1
Liveblog Bundesfinanzminister,Liveblog Bundesfinanzminister,ORG,0.0,0.0,de,1
Wärmepumpe…,Wärmepumpe…,ORG,0.0,0.0,de,1
Plattenbaus…,Plattenbaus…,ORG,0.0,0.0,de,1
Diehl-Konzern,Diehl-Konzern,ORG,0.0,0.0,de,1
Hausenergie-Ökosystem,Hausenergie-Ökosystem,ORG,1.0,0.0,de,1
Kosmos,Kosmos,ORG,0.0,0.0,de,1
Atommächte Russland,Atommächte Russland,ORG,0.0,0.0,de,1
Zypern +++ Brüssel,Zypern +++ Brüssel,ORG,-0.3375,0.0,de,1
Jaschin +++,Jaschin +++,ORG,-0.7,0.0,de,1
Unternehmensgeschichte +++,Unternehmensgeschichte +++,ORG,0.0,0.0,de,1
DAX-Konzern,DAX-Konzern,ORG,0.0,0.0,de,1
Ifo Institut,Ifo Institut,ORG,0.0,0.0,de,1
USA +++ Laut USA,USA +++ Laut USA,ORG,0.0,0.0,de,1
Jemen +++ Gaza-Pier,Jemen +++ Gaza-Pier,ORG,0.0,0.0,de,1
Liveblog Hizbullah-Anführer Hassan Nasrallah,Liveblog Hizbullah-Anführer Hassan Nasrallah,ORG,0.0,0.0,de,1
Benz,Benz,ORG,0.0,0.0,de,1
600er Mercedes Maybach,600er Mercedes Maybach,ORG,0.0,0.0,de,1
extralange 600er Mercedes,extralange 600er Mercedes,ORG,0.0,0.0,de,1
SBC,SBC,ORG,0.0,0.0,de,1
weg +++ FDP-Generalsekretär,weg +++ FDP-Generalsekretär,ORG,0.0,0.0,de,1
Begleitdrohne für Kampfjets,Begleitdrohne für Kampfjets,ORG,0.0,0.0,de,1
TikTokern,TikTokern,ORG,0.0,0.0,de,1
"Wolodymyr Selenskyj
","Wolodymyr Selenskyj
",ORG,0.0,0.0,de,1
Sitzungswoche des Deutschen Bundestages,Sitzungswoche des Deutschen Bundestages,ORG,0.0,0.0,de,1
verschleppter Kinder +++,verschleppter Kinder +++,ORG,0.0,0.0,de,1
Wohltäti…,Wohltäti…,ORG,0.0,0.0,de,1
Bürgenstock +++,Bürgenstock +++,ORG,0.0,0.0,de,1
Nachrichtenportal Ukrajinska Prawda,Nachrichtenportal Ukrajinska Prawda,ORG,0.0,0.0,de,1
Teilnehmerlist…,Teilnehmerlist…,ORG,0.0,0.0,de,1
G7-Gipf…,G7-Gipf…,ORG,0.0,0.0,de,1
La France insoumise,La France insoumise,ORG,0.0,0.0,de,1
Auslandskatastrophenfonds,Auslandskatastrophenfonds,ORG,0.0,0.0,de,1
AKF,AKF,ORG,0.0,0.0,de,1
Wasseroberfläc…,Wasseroberfläc…,ORG,0.0,0.0,de,1
Region Belgorod ++,Region Belgorod ++,ORG,0.0,0.0,de,1
Gala,Gala,ORG,0.0,0.0,de,1
Milliardenkre…,Milliardenkre…,ORG,0.0,0.0,de,1
in­n…,in­n…,ORG,0.0,0.0,de,1
Milliarden-Hilfspaket,Milliarden-Hilfspaket,ORG,-0.7,0.0,de,1
Italien Putins,Italien Putins,ORG,0.0,0.0,de,1
kla…,kla…,ORG,0.0,0.0,de,1
Mädch…,Mädch…,ORG,0.0,0.0,de,1
betei…,betei…,ORG,0.0,0.0,de,1
Frankenstein-Einheiten,Frankenstein-Einheiten,ORG,0.0,0.0,de,1
Islamischer Staat,Islamischer Staat,ORG,0.0,0.0,de,1
IS-Bezug,IS-Bezug,ORG,0.0,0.0,de,1
Schweizer Konferenz,Schweizer Konferenz,ORG,0.0,0.0,de,1
Russland be…,Russland be…,ORG,0.0,0.0,de,1
Südkoreas Regierung,Südkoreas Regierung,ORG,0.0,0.0,de,1
Online-Portal Ukrainska Prawda,Online-Portal Ukrainska Prawda,ORG,0.0,0.0,de,1
Abhängigkeiten,Abhängigkeiten,ORG,0.0,0.0,de,1
TVN24,TVN24,ORG,0.0,0.0,de,1
Russisches Verteidigungsministerium,Russisches Verteidigungsministerium,ORG,0.0,0.0,de,1
Charkiw +++ Energiekonzerne,Charkiw +++ Energiekonzerne,ORG,0.7,0.0,de,1
Landesweite Stromausfälle,Landesweite Stromausfälle,ORG,0.7,0.0,de,1
G-20-Bürger,G-20-Bürger,ORG,0.0,0.0,de,1
Kult Prigoschins,Kult Prigoschins,ORG,-1.0,0.0,de,1
Tote …,Tote …,ORG,0.0,0.0,de,1
Polnische Staatsanwälte,Polnische Staatsanwälte,ORG,0.0,0.0,de,1
NSO Pegasus,NSO Pegasus,ORG,0.0,0.0,de,1
aufgek…,aufgek…,ORG,0.2333333333333333,0.0,de,1
Disney-Streaming-Dienstes,Disney-Streaming-Dienstes,ORG,0.2333333333333333,0.0,de,1
US-Konzern,US-Konzern,ORG,0.2333333333333333,0.0,de,1
Montenegro,Montenegro,ORG,0.0,0.0,de,1
bl…,bl…,ORG,0.35,0.0,de,1
Europäischer Gerichtshof für Menschenrechte,Europäischer Gerichtshof für Menschenrechte,ORG,0.0,0.0,de,1
Europäische Gerichtshof für Menschenrechtsverletzungen,Europäische Gerichtshof für Menschenrechtsverletzungen,ORG,0.0,0.0,de,1
Moldau +++ Selenskyj,Moldau +++ Selenskyj,ORG,0.7,0.0,de,1
Malware Strelastealer,Malware Strelastealer,ORG,0.0,0.0,de,1
Minister +++ Russland,Minister +++ Russland,ORG,0.7,0.0,de,1
EU u…,EU u…,ORG,0.0,0.0,de,1
US-Historikerin,US-Historikerin,ORG,-0.7,0.0,de,1
Vitrinenschrank,Vitrinenschrank,ORG,-0.7,0.0,de,1
Die Partei der Sozialdemokratie,Die Partei der Sozialdemokratie,ORG,0.0,0.0,de,1
Akademie,Akademie,ORG,0.0,0.0,de,1
Academy of Motion Picture Arts and …,Academy of Motion Picture Arts and …,ORG,0.0,0.0,de,1
Beei…,Beei…,ORG,-1.0,0.0,de,1
Gebiet +++,Gebiet +++,ORG,0.0,0.0,de,1
Philadelphia Inquirer,Philadelphia Inquirer,ORG,-1.0,0.0,de,1
Ukraines Yaremchuk,Ukraines Yaremchuk,ORG,-0.7,0.0,de,1
Atom-Keule,Atom-Keule,ORG,0.0,0.0,de,1
ISW-Institut,ISW-Institut,ORG,1.0,0.0,de,1
Öl-Raffinerie +++,Öl-Raffinerie +++,ORG,0.0,0.0,de,1
DFB-Zeugwärten,DFB-Zeugwärten,ORG,1.0,0.0,de,1
Südkor…,Südkor…,ORG,0.0,0.0,de,1
Bürgergeld für Ukrainer?,Bürgergeld für Ukrainer?,ORG,0.0,0.0,de,1
Energie & Klima…,Energie & Klima…,ORG,0.7,0.0,de,1
Weisungsrat,Weisungsrat,ORG,0.0,0.0,de,1
In­flu­en­ce­r,In­flu­en­ce­r,ORG,0.0,0.0,de,1
Sol­da­t,Sol­da­t,ORG,0.0,0.0,de,1
mitteil…,mitteil…,ORG,0.0,0.0,de,1
Die grünen,Die grünen,ORG,0.0,0.0,de,1
Sewastopol +++,Sewastopol +++,ORG,0.0,0.0,de,1
Rassemblement National…,Rassemblement National…,ORG,1.0,0.0,de,1
United by Football,United by Football,ORG,0.0,0.0,de,1
Israel +++ Armenien,Israel +++ Armenien,ORG,0.0,0.0,de,1
wichti…,wichti…,ORG,0.0,0.0,de,1
Partei Reform UK,Partei Reform UK,ORG,0.0,0.0,de,1
Deutsche Spargelbauern,Deutsche Spargelbauern,ORG,0.0,0.0,de,1
EU-Zölle,EU-Zölle,ORG,0.0,0.0,de,1
Ex-Goldman-Sachs-B…,Ex-Goldman-Sachs-B…,ORG,0.0,0.0,de,1
Grüne Transformation,Grüne Transformation,ORG,0.0,0.0,de,1
Shahed-Produktion +++,Shahed-Produktion +++,ORG,0.0,0.0,de,1
Großraum Kiew +++,Großraum Kiew +++,ORG,0.0,0.0,de,1
Partei Diener des Volkes,Partei Diener des Volkes,ORG,0.0,0.0,de,1
Fabi…,Fabi…,ORG,0.7,0.0,de,1
EM-Ticker,EM-Ticker,ORG,0.0,0.0,de,1
Sicherheitsgipfel +++,Sicherheitsgipfel +++,ORG,0.0,0.0,de,1
Mirage-Kampfflugzeugen +++,Mirage-Kampfflugzeugen +++,ORG,0.7,0.0,de,1
Ukraine be…,Ukraine be…,ORG,0.0,0.0,de,1
Oberbefehlshab…,Oberbefehlshab…,ORG,0.0,0.0,de,1
Russland wiederh…,Russland wiederh…,ORG,0.0,0.0,de,1
Mirage-Jets,Mirage-Jets,ORG,0.0,0.0,de,1
F-16 +++,F-16 +++,ORG,0.0,0.0,de,1
Kiews Militärführung +++,Kiews Militärführung +++,ORG,0.0,0.0,de,1
Kühe +++,Kühe +++,ORG,-0.7,0.0,de,1
FOCUS-online-Re…,FOCUS-online-Re…,ORG,-1.0,0.0,de,1
Wissenschafts-Datenbank,Wissenschafts-Datenbank,ORG,-0.7,0.0,de,1
ScienceDirect,ScienceDirect,ORG,-0.7,0.0,de,1
gesellschaftli…,gesellschaftli…,ORG,0.0,0.0,de,1
AfD-Kundgebung,AfD-Kundgebung,ORG,0.0,0.0,de,1
Polizei Karlsruhe,Polizei Karlsruhe,ORG,0.0,0.0,de,1
Gedankenwelt d…,Gedankenwelt d…,ORG,0.7,0.0,de,1
russischem Kampfjet +,russischem Kampfjet +,ORG,0.0,0.0,de,1
Slowakei & Rumänien,Slowakei & Rumänien,ORG,0.0,0.0,de,1
Kreml-Kriti…,Kreml-Kriti…,ORG,-0.15000000000000002,0.0,de,1
Fürstenwillkür,Fürstenwillkür,ORG,0.0,0.0,de,1
Auszeichnungszeremoni…,Auszeichnungszeremoni…,ORG,0.0,0.0,de,1
Frankfurt +++ Mann,Frankfurt +++ Mann,ORG,0.0,0.0,de,1
CD Projekt RED,CD Projekt RED,ORG,0.0,0.0,de,1
Frankfurt +++ Der Liv… Hasselroth,Frankfurt +++ Der Liv… Hasselroth,ORG,1.0,0.0,de,1
Satellitena…,Satellitena…,ORG,0.0,0.0,de,1
Wuchang,Wuchang,ORG,0.0,0.0,de,1
angekündi…,angekündi…,ORG,0.0,0.0,de,1
Kreml-Idealbesetzung,Kreml-Idealbesetzung,ORG,0.0,0.0,de,1
Minister für Energiewende,Minister für Energiewende,ORG,-1.0,0.0,de,1
deutschen Taurus-Marschflugkörpern,deutschen Taurus-Marschflugkörpern,ORG,0.0,0.0,de,1
Bluff,Bluff,ORG,0.0,0.0,de,1
Oppositionellen,Oppositionellen,ORG,0.0,0.0,de,1
US-Ukrainer,US-Ukrainer,ORG,0.175,0.0,de,1
US-Russen,US-Russen,ORG,0.0,0.0,de,1
Sowjetarmee,Sowjetarmee,ORG,-1.0,0.0,de,1
DDR-Grenzsoldaten,DDR-Grenzsoldaten,ORG,-1.0,0.0,de,1
IAB-Forschungsbereichs,IAB-Forschungsbereichs,ORG,0.0,0.0,de,1
Autobauer Mercedes,Autobauer Mercedes,ORG,0.7,0.0,de,1
Stellantis,Stellantis,ORG,0.7,0.0,de,1
Auto!,Auto!,ORG,0.7,0.0,de,1
Attentat,Attentat,ORG,0.0,0.0,de,1
EU-Beitrittsgespräch,EU-Beitrittsgespräch,ORG,0.0,0.0,de,1
Kremlchef …,Kremlchef …,ORG,-0.7,0.0,de,1
Afghan…,Afghan…,ORG,0.0,0.0,de,1
UN-Schule,UN-Schule,ORG,0.0,0.0,de,1
EZB-Einlagensatz,EZB-Einlagensatz,ORG,0.0,0.0,de,1
Anweisungen fü…,Anweisungen fü…,ORG,0.0,0.0,de,1
Grünen-Politik…,Grünen-Politik…,ORG,1.0,0.0,de,1
Niederlage Nazi-Deutschlands,Niederlage Nazi-Deutschlands,ORG,-0.15000000000000002,0.0,de,1
Autonomes Fahren,Autonomes Fahren,ORG,0.7,0.0,de,1
Drittliga-Aufsteiger VfB Stuttgart II,Drittliga-Aufsteiger VfB Stuttgart II,ORG,0.0,0.0,de,1
Don…,Don…,ORG,0.0,0.0,de,1
nämli…,nämli…,ORG,0.0,0.0,de,1
Lieferpause,Lieferpause,ORG,1.0,0.0,de,1
Europawahl +++,Europawahl +++,ORG,-0.7,0.0,de,1
Angriffsziele +++,Angriffsziele +++,ORG,1.0,0.0,de,1
Ukraine-Koordinierung,Ukraine-Koordinierung,ORG,0.0,0.0,de,1
UEFA-Präsident,UEFA-Präsident,ORG,1.0,0.0,de,1
unbem…,unbem…,ORG,0.0,0.0,de,1
Bidens …,Bidens …,ORG,-0.7,0.0,de,1
Selenskyjs Ansprache,Selenskyjs Ansprache,ORG,0.7,0.0,de,1
Geschlechter +++,Geschlechter +++,ORG,0.0,0.0,de,1
Selenskyj-Rede +++ Pistorius,Selenskyj-Rede +++ Pistorius,ORG,-0.15000000000000002,0.0,de,1
Ukraine +++ Ukrainischer Präsident,Ukraine +++ Ukrainischer Präsident,ORG,-0.15000000000000002,0.0,de,1
Bundestag +++ Scholz,Bundestag +++ Scholz,ORG,-0.15000000000000002,0.0,de,1
Gazakriegs +++ Israel,Gazakriegs +++ Israel,ORG,1.0,0.0,de,1
Gaza-Vorschlag +++ Hamas-Vertreter,Gaza-Vorschlag +++ Hamas-Vertreter,ORG,1.0,0.0,de,1
UN-Resolution +++,UN-Resolution +++,ORG,1.0,0.0,de,1
NATO-Chef,NATO-Chef,ORG,0.0,0.0,de,1
Deutschen Presse-Agentur Fortschritte,Deutschen Presse-Agentur Fortschritte,ORG,0.0,0.0,de,1
Klima-Hungerstreik,Klima-Hungerstreik,ORG,0.0,0.0,de,1
EM-Auftakt,EM-Auftakt,ORG,-0.7,0.0,de,1
präz…,präz…,ORG,0.0,0.0,de,1
Atomausstieg ge…,Atomausstieg ge…,ORG,0.7,0.0,de,1
Patriot-Batterien …,Patriot-Batterien …,ORG,0.0,0.0,de,1
Neue Russland-Sanktionen,Neue Russland-Sanktionen,ORG,0.0,0.0,de,1
demokratischen W…,demokratischen W…,ORG,0.7,0.0,de,1
Verteidigungsk…,Verteidigungsk…,ORG,0.0,0.0,de,1
ukrainischen Fußball-Nationalspielers,ukrainischen Fußball-Nationalspielers,ORG,0.0,0.0,de,1
Düngeperiode …,Düngeperiode …,ORG,0.0,0.0,de,1
• Moskau,• Moskau,ORG,1.0,0.0,de,1
Gerichtshof für Menschenrechte,Gerichtshof für Menschenrechte,ORG,0.0,0.0,de,1
Schweizer Nationalrat,Schweizer Nationalrat,ORG,0.0,0.0,de,1
Putins Angriffs-Idee +++,Putins Angriffs-Idee +++,ORG,0.7,0.0,de,1
Fußball-Bundesligist,Fußball-Bundesligist,ORG,0.0,0.0,de,1
Bundestags-Ausschusses für Verteidigung,Bundestags-Ausschusses für Verteidigung,ORG,0.0,0.0,de,1
Fachhochschule der Polizei,Fachhochschule der Polizei,ORG,0.0,0.0,de,1
Grenzdorf +++,Grenzdorf +++,ORG,0.0,0.0,de,1
Preise für Hotels & Co.,Preise für Hotels & Co.,ORG,0.0,0.0,de,1
Gebäudeenergiegesetz!,Gebäudeenergiegesetz!,ORG,0.0,0.0,de,1
Berlin +++ USA,Berlin +++ USA,ORG,0.0,0.0,de,1
+++ Vierzig Staats- und Regierungschefs,+++ Vierzig Staats- und Regierungschefs,ORG,0.0,0.0,de,1
Fachhochschule Polizei versch…,Fachhochschule Polizei versch…,ORG,0.0,0.0,de,1
Fachhochschule der Polizei von Sachsen-Anhalt,Fachhochschule der Polizei von Sachsen-Anhalt,ORG,0.0,0.0,de,1
Fachhochschule Polizei verschw…,Fachhochschule Polizei verschw…,ORG,0.0,0.0,de,1
Waffenlieferungen,Waffenlieferungen,ORG,0.0,0.0,de,1
Anträ…,Anträ…,ORG,0.0,0.0,de,1
Ukraine +++ Schmyhal,Ukraine +++ Schmyhal,ORG,0.0,0.0,de,1
Fachhochschule Polizei,Fachhochschule Polizei,ORG,0.0,0.0,de,1
Ukraine-Städtepartnerschaften,Ukraine-Städtepartnerschaften,ORG,0.0,0.0,de,1
Fachhochschule,Fachhochschule,ORG,0.0,0.0,de,1
Wied…,Wied…,ORG,0.0,0.0,de,1
fina…,fina…,ORG,1.0,0.0,de,1
US-Präsidentensohn,US-Präsidentensohn,ORG,-1.0,0.0,de,1
UN-Hürde,UN-Hürde,ORG,0.0,0.0,de,1
Apple …,Apple …,ORG,0.0,0.0,de,1
Gerüc…,Gerüc…,ORG,0.0,0.0,de,1
Weimarer Republik Carl von Ossietzky,Weimarer Republik Carl von Ossietzky,ORG,0.0,0.0,de,1
Mecklenburg-Vorp…,Mecklenburg-Vorp…,ORG,0.0,0.0,de,1
EM-Auftaktpartie,EM-Auftaktpartie,ORG,-1.0,0.0,de,1
Dänemark +++,Dänemark +++,ORG,0.0,0.0,de,1
Charkiw +++ Mobilmachung,Charkiw +++ Mobilmachung,ORG,0.0,0.0,de,1
Verband,Verband,ORG,1.0,0.0,de,1
Volksbefragungs-Zahlen,Volksbefragungs-Zahlen,ORG,0.0,0.0,de,1
ukrainisch-orthodoxen Kirche des Moskauer Patriarcha…,ukrainisch-orthodoxen Kirche des Moskauer Patriarcha…,ORG,0.0,0.0,de,1
Nigers Junta,Nigers Junta,ORG,0.0,0.0,de,1
Atomausst…,Atomausst…,ORG,0.0,0.0,de,1
Russlands Terror,Russlands Terror,ORG,0.0,0.0,de,1
Austria Presse Agentur,Austria Presse Agentur,ORG,0.0,0.0,de,1
Zentrum der jüngsten Enthüllungen,Zentrum der jüngsten Enthüllungen,ORG,0.0,0.0,de,1
Wehretat für…,Wehretat für…,ORG,0.0,0.0,de,1
Olypmia +++ Scholz,Olypmia +++ Scholz,ORG,0.7,0.0,de,1
Friedenskonferenz +++,Friedenskonferenz +++,ORG,0.7,0.0,de,1
verh…,verh…,ORG,0.0,0.0,de,1
Fro…,Fro…,ORG,0.0,0.0,de,1
NZZ Szczepan Twardochs,NZZ Szczepan Twardochs,ORG,0.0,0.0,de,1
Militär-Ausbau +++ Ex-Geheimagent,Militär-Ausbau +++ Ex-Geheimagent,ORG,-0.15000000000000002,0.0,de,1
NPD,NPD,ORG,-0.35,0.0,de,1
Klagen for Future,Klagen for Future,ORG,0.0,0.0,de,1
Tag der Urteilsverkündung,Tag der Urteilsverkündung,ORG,0.0,0.0,de,1
Europäischen Gerichtshof für Menschenrechte,Europäischen Gerichtshof für Menschenrechte,ORG,0.0,0.0,de,1
"Christian Hartmann/Reuters
","Christian Hartmann/Reuters
",ORG,0.0,0.0,de,1
dest…,dest…,ORG,0.0,0.0,de,1
Deutsch-Israelische Gesellschaft in Berlin,Deutsch-Israelische Gesellschaft in Berlin,ORG,0.0,0.0,de,1
Drohnen-Angriff,Drohnen-Angriff,ORG,1.0,0.0,de,1
Islamischen Zentrums Hamburg +++,Islamischen Zentrums Hamburg +++,ORG,0.0,0.0,de,1
Islamische Zentrum Hamburg,Islamische Zentrum Hamburg,ORG,0.0,0.0,de,1
IZH,IZH,ORG,0.0,0.0,de,1
Irans Außenminister +++,Irans Außenminister +++,ORG,0.0,0.0,de,1
Franz-Bobzien-Preis für Demokratie und Toleranz,Franz-Bobzien-Preis für Demokratie und Toleranz,ORG,1.0,0.0,de,1
Wohngebiet +++,Wohngebiet +++,ORG,-0.7,0.0,de,1
Lauri Läänemets,Lauri Läänemets,ORG,-0.7,0.0,de,1
Nacht +++ Debatte,Nacht +++ Debatte,ORG,0.0,0.0,de,1
Russisch Orthodoxe Kirche,Russisch Orthodoxe Kirche,ORG,0.0,0.0,de,1
ADX Energy,ADX Energy,ORG,0.0,0.0,de,1
Vorteilen,Vorteilen,ORG,1.0,0.0,de,1
Donner…,Donner…,ORG,0.0,0.0,de,1
US-Drohnen,US-Drohnen,ORG,-1.0,0.0,de,1
Polizei bundesweit,Polizei bundesweit,ORG,0.0,0.0,de,1
Blitzermarathon!,Blitzermarathon!,ORG,0.0,0.0,de,1
Markencheck Citroën,Markencheck Citroën,ORG,0.0,0.0,de,1
Citroën,Citroën,ORG,0.0,0.0,de,1
leb…,leb…,ORG,0.0,0.0,de,1
Arbeiterkammer,Arbeiterkammer,ORG,0.0,0.0,de,1
Großmarktpre…,Großmarktpre…,ORG,0.7,0.0,de,1
Erneuerbare Energien,Erneuerbare Energien,ORG,0.7,0.0,de,1
Bundesminister …,Bundesminister …,ORG,0.0,0.0,de,1
Bauverbandes MV,Bauverbandes MV,ORG,0.0,0.0,de,1
ultraorthodoxe G…,ultraorthodoxe G…,ORG,0.0,0.0,de,1
Zeit der ehemaligen Sowjetunion,Zeit der ehemaligen Sowjetunion,ORG,0.0,0.0,de,1
"China-Reise
 ","China-Reise
 ",ORG,0.0,0.0,de,1
russischer Streitkräfte,russischer Streitkräfte,ORG,-1.0,0.0,de,1
europäischen Standards +++,europäischen Standards +++,ORG,0.0,0.0,de,1
ukrainische Eisenbahngesellschaft,ukrainische Eisenbahngesellschaft,ORG,0.7,0.0,de,1
Ukrzaliznytsia,Ukrzaliznytsia,ORG,0.7,0.0,de,1
Invasionsbeginn +++,Invasionsbeginn +++,ORG,0.0,0.0,de,1
Associated Press,Associated Press,ORG,0.0,0.0,de,1
Kriegsgefange…,Kriegsgefange…,ORG,0.0,0.0,de,1
Halbins…,Halbins…,ORG,0.0,0.0,de,1
ki-generiert,ki-generiert,ORG,0.0,0.0,de,1
Zentrums,Zentrums,ORG,0.0,0.0,de,1
IZH …,IZH …,ORG,0.0,0.0,de,1
SWP,SWP,ORG,0.0,0.0,de,1
Microsofts,Microsofts,ORG,0.0,0.0,de,1
Microsoft Copilot,Microsoft Copilot,ORG,0.0,0.0,de,1
Sommerreife…,Sommerreife…,ORG,0.35,0.0,de,1
CO₂-Abscheidung,CO₂-Abscheidung,ORG,0.0,0.0,de,1
Williams,Williams,ORG,0.0,0.0,de,1
Straße!,Straße!,ORG,0.0,0.0,de,1
Handy-Ges…,Handy-Ges…,ORG,0.0,0.0,de,1
Raketenan…,Raketenan…,ORG,0.0,0.0,de,1
Zürcher Bourgeoisie,Zürcher Bourgeoisie,ORG,0.0,0.0,de,1
europäischen Kapital-,europäischen Kapital-,ORG,-0.35,0.0,de,1
aufgeforder…,aufgeforder…,ORG,0.0,0.0,de,1
Wirecard-Vorstand,Wirecard-Vorstand,ORG,0.0,0.0,de,1
Rep…,Rep…,ORG,0.0,0.0,de,1
Belgorod +++ Debatte,Belgorod +++ Debatte,ORG,0.0,0.0,de,1
Ukraine +++ EU,Ukraine +++ EU,ORG,0.0,0.0,de,1
Deepfake-Angriff,Deepfake-Angriff,ORG,0.7,0.0,de,1
TV-Rechten,TV-Rechten,ORG,0.0,0.0,de,1
nöt…,nöt…,ORG,0.0,0.0,de,1
Kohlendioxid-Grenzen ni…,Kohlendioxid-Grenzen ni…,ORG,0.0,0.0,de,1
Red Hot Chili Peppers,Red Hot Chili Peppers,ORG,0.0,0.0,de,1
HSF-Führung,HSF-Führung,ORG,-1.0,0.0,de,1
HSF-Aktionäre,HSF-Aktionäre,ORG,0.7,0.0,de,1
HSF w…,HSF w…,ORG,0.0,0.0,de,1
Institut IMK,Institut IMK,ORG,0.0,0.0,de,1
gewerkschaftsnahe Institut für Makroökonomie und Konjunkturforschung,gewerkschaftsnahe Institut für Makroökonomie und Konjunkturforschung,ORG,-0.15000000000000002,0.0,de,1
EU-Migrationspakt,EU-Migrationspakt,ORG,0.0,0.0,de,1
Kunst-Biennale,Kunst-Biennale,ORG,1.0,0.0,de,1
Foreigners Everywhere,Foreigners Everywhere,ORG,0.0,0.0,de,1
Europäischen Verbund der Übertragungsnetzbetreiber,Europäischen Verbund der Übertragungsnetzbetreiber,ORG,0.7,0.0,de,1
Universität von Chongqing,Universität von Chongqing,ORG,0.0,0.0,de,1
Nationalen Sicherheitsr…,Nationalen Sicherheitsr…,ORG,0.0,0.0,de,1
EU-Kommissionspräsidenten,EU-Kommissionspräsidenten,ORG,0.0,0.0,de,1
Geschwindigkeitskontrollen,Geschwindigkeitskontrollen,ORG,0.0,0.0,de,1
deutschen Treibhausgas-Emissionen,deutschen Treibhausgas-Emissionen,ORG,0.0,0.0,de,1
Bündnis90/Die Grünen,Bündnis90/Die Grünen,ORG,0.0,0.0,de,1
CO2-Emission…,CO2-Emission…,ORG,-1.0,0.0,de,1
ökologis…,ökologis…,ORG,0.0,0.0,de,1
YouTube Videos,YouTube Videos,ORG,0.0,0.0,de,1
Fußball-Nationalmannschaft der,Fußball-Nationalmannschaft der,ORG,0.0,0.0,de,1
Schwangerschaftsa…,Schwangerschaftsa…,ORG,0.0,0.0,de,1
Olympia +++,Olympia +++,ORG,0.0,0.0,de,1
Irans Großangriff,Irans Großangriff,ORG,0.0,0.0,de,1
umfass…,umfass…,ORG,0.0,0.0,de,1
AfD-Bundesvorstand,AfD-Bundesvorstand,ORG,0.0,0.0,de,1
US-Hilfspaket +++ Russland,US-Hilfspaket +++ Russland,ORG,0.0,0.0,de,1
Geschäftsführer Sport …,Geschäftsführer Sport …,ORG,0.0,0.0,de,1
Land verhäng,Land verhäng,ORG,0.0,0.0,de,1
Proje…,Proje…,ORG,0.0,0.0,de,1
deutsche Eishockey-Meisterschaft,deutsche Eishockey-Meisterschaft,ORG,0.0,0.0,de,1
Gegner Berlin,Gegner Berlin,ORG,0.0,0.0,de,1
US-Hilfspaket +++,US-Hilfspaket +++,ORG,0.0,0.0,de,1
Handball-Top-Klub,Handball-Top-Klub,ORG,0.0,0.0,de,1
Israel +++ Israelischer,Israel +++ Israelischer,ORG,1.0,0.0,de,1
Gefängnisi…,Gefängnisi…,ORG,0.0,0.0,de,1
Oligarchen +++ Selenskyj,Oligarchen +++ Selenskyj,ORG,0.0,0.0,de,1
Ukraine +++ EU-Gericht,Ukraine +++ EU-Gericht,ORG,0.0,0.0,de,1
Israel +++ Israels Armee,Israel +++ Israels Armee,ORG,0.0,0.0,de,1
Netzwerks Friedenskooperative,Netzwerks Friedenskooperative,ORG,0.0,0.0,de,1
Brandenb…,Brandenb…,ORG,0.0,0.0,de,1
Klimaschutzministerium,Klimaschutzministerium,ORG,0.7,0.0,de,1
Nato Serbien,Nato Serbien,ORG,0.0,0.0,de,1
Beha…,Beha…,ORG,0.0,0.0,de,1
Staatlichen Kunstakademie Kyjiw räu…,Staatlichen Kunstakademie Kyjiw räu…,ORG,0.0,0.0,de,1
Seite.weiterlesen au…,Seite.weiterlesen au…,ORG,0.78,0.0,de,1
Kohlenstoff-Zentralbank,Kohlenstoff-Zentralbank,ORG,0.0,0.0,de,1
Baikal Electronis,Baikal Electronis,ORG,0.0,0.0,de,1
NS-Geschichte,NS-Geschichte,ORG,0.0,0.0,de,1
öff…,öff…,ORG,0.0,0.0,de,1
Bundeswirtsc…,Bundeswirtsc…,ORG,0.0,0.0,de,1
LGBT-Personen,LGBT-Personen,ORG,0.0,0.0,de,1
Unf…,Unf…,ORG,0.0,0.0,de,1
Rekor…,Rekor…,ORG,0.0,0.0,de,1
Start +++,Start +++,ORG,0.0,0.0,de,1
NATO-Ausgaben +++ Südkorea,NATO-Ausgaben +++ Südkorea,ORG,0.0,0.0,de,1
Vergeltun…,Vergeltun…,ORG,0.0,0.0,de,1
international g,international g,ORG,0.0,0.0,de,1
Börsen-Startup Creditshelf,Börsen-Startup Creditshelf,ORG,1.0,0.0,de,1
Aggressore…,Aggressore…,ORG,0.0,0.0,de,1
KSV Hessen Kassel,KSV Hessen Kassel,ORG,-1.0,0.0,de,1
Kindergrundsicherung4,Kindergrundsicherung4,ORG,0.0,0.0,de,1
IS-Anschlag,IS-Anschlag,ORG,0.0,0.0,de,1
US-Sicherheitsbehörden,US-Sicherheitsbehörden,ORG,0.0,0.0,de,1
"Taurus""-Rüstungskonzern","Taurus""-Rüstungskonzern",ORG,0.0,0.0,de,1
Messern…,Messern…,ORG,0.0,0.0,de,1
Polizei a…,Polizei a…,ORG,1.0,0.0,de,1
Was,Was,ORG,0.0,0.0,de,1
Internationalen Energieagentur Fatih Birol,Internationalen Energieagentur Fatih Birol,ORG,0.0,0.0,de,1
Dienstagabend Fensterscheiben des Gebäudes,Dienstagabend Fensterscheiben des Gebäudes,ORG,0.0,0.0,de,1
MRT,MRT,ORG,0.7,0.0,de,1
Medizinischen Universität Wien…,Medizinischen Universität Wien…,ORG,0.0,0.0,de,1
Handschellen,Handschellen,ORG,0.0,0.0,de,1
Schweiz vorwärts,Schweiz vorwärts,ORG,0.0,0.0,de,1
Stiftung Klik,Stiftung Klik,ORG,0.0,0.0,de,1
Abrissarbei…,Abrissarbei…,ORG,0.0,0.0,de,1
deutschen Altkanzlers,deutschen Altkanzlers,ORG,1.0,0.0,de,1
Bagger …,Bagger …,ORG,0.0,0.0,de,1
Gruppe für Deutschland,Gruppe für Deutschland,ORG,0.0,0.0,de,1
Wo…,Wo…,ORG,0.0,0.0,de,1
Polizei a,Polizei a,ORG,1.0,0.0,de,1
Auß…,Auß…,ORG,0.0,0.0,de,1
Heizsa…,Heizsa…,ORG,0.0,0.0,de,1
Klimag…,Klimag…,ORG,0.0,0.0,de,1
Nove…,Nove…,ORG,0.0,0.0,de,1
SPD-Historiker,SPD-Historiker,ORG,-1.0,0.0,de,1
evangelisc…,evangelisc…,ORG,0.0,0.0,de,1
Kansas City,Kansas City,ORG,0.7,0.0,de,1
Badesaison,Badesaison,ORG,-1.0,0.0,de,1
Milliard…,Milliard…,ORG,0.0,0.0,de,1
Kölner SPD,Kölner SPD,ORG,0.0,0.0,de,1
RAF-Terroristen,RAF-Terroristen,ORG,0.0,0.0,de,1
israelischen Regierung,israelischen Regierung,ORG,0.7,0.0,de,1
NGO-Mitarbeiter,NGO-Mitarbeiter,ORG,0.0,0.0,de,1
Russlands ++,Russlands ++,ORG,-0.7,0.0,de,1
Hamas Anschläge,Hamas Anschläge,ORG,-1.0,0.0,de,1
TV …,TV …,ORG,1.0,0.0,de,1
Deutsche Kampfjets,Deutsche Kampfjets,ORG,0.0,0.0,de,1
Privatbank Donner & Reuschel,Privatbank Donner & Reuschel,ORG,0.0,0.0,de,1
Privatbank Donner &amp,Privatbank Donner &amp,ORG,0.0,0.0,de,1
Reuschel,Reuschel,ORG,0.0,0.0,de,1
Staatsschu…,Staatsschu…,ORG,0.0,0.0,de,1
Finnla…,Finnla…,ORG,0.0,0.0,de,1
AP Photo…,AP Photo…,ORG,0.0,0.0,de,1
Widerstandsfront g…,Widerstandsfront g…,ORG,0.0,0.0,de,1
Landt…,Landt…,ORG,0.0,0.0,de,1
NATO +++ Russland,NATO +++ Russland,ORG,0.0,0.0,de,1
CHampions League,CHampions League,ORG,0.0,0.0,de,1
Kairo +++ Israel,Kairo +++ Israel,ORG,-0.7,0.0,de,1
ZDF-Sen,ZDF-Sen,ORG,0.0,0.0,de,1
Rheinmetall +++,Rheinmetall +++,ORG,0.0,0.0,de,1
russischen Managements,russischen Managements,ORG,0.0,0.0,de,1
Ausbildungszentrum nebe…,Ausbildungszentrum nebe…,ORG,0.0,0.0,de,1
Putins China-Besuch,Putins China-Besuch,ORG,0.0,0.0,de,1
Innov…,Innov…,ORG,0.0,0.0,de,1
Gelder …,Gelder …,ORG,0.0,0.0,de,1
Muniti…,Muniti…,ORG,0.0,0.0,de,1
Organisation Reporter ohne Grenzen,Organisation Reporter ohne Grenzen,ORG,0.0,0.0,de,1
Zuck…,Zuck…,ORG,0.0,0.0,de,1
Streitkräften von,Streitkräften von,ORG,0.0,0.0,de,1
Patriot-Systeme +++,Patriot-Systeme +++,ORG,0.0,0.0,de,1
Science-Fiction-Meisterwerk,Science-Fiction-Meisterwerk,ORG,0.7,0.0,de,1
US-Trailerparks,US-Trailerparks,ORG,0.0,0.0,de,1
Wahlsieg +++,Wahlsieg +++,ORG,0.0,0.0,de,1
"Propagandaportal ""Voice of Europe","Propagandaportal ""Voice of Europe",ORG,0.0,0.0,de,1
Teuer-Schock!,Teuer-Schock!,ORG,0.0,0.0,de,1
NATO-Verbündete,NATO-Verbündete,ORG,0.0,0.0,de,1
Selbstvertei…,Selbstvertei…,ORG,0.0,0.0,de,1
Sibirien +++,Sibirien +++,ORG,-1.0,0.0,de,1
GPS-Störungen +++,GPS-Störungen +++,ORG,0.0,0.0,de,1
GPS-Satellitennavigation,GPS-Satellitennavigation,ORG,0.0,0.0,de,1
Genfer National- und Ständerätin,Genfer National- und Ständerätin,ORG,-1.0,0.0,de,1
AfD-Spitzenkandidat,AfD-Spitzenkandidat,ORG,1.0,0.0,de,1
Frankreichs Regierung,Frankreichs Regierung,ORG,1.0,0.0,de,1
Deník N,Deník N,ORG,-0.7,0.0,de,1
Hochschule Nordhausen,Hochschule Nordhausen,ORG,0.0,0.0,de,1
Attentäters,Attentäters,ORG,0.0,0.0,de,1
We are Ukraine,We are Ukraine,ORG,0.85,0.0,de,1
Mariupol +++,Mariupol +++,ORG,0.0,0.0,de,1
Verletzten +++,Verletzten +++,ORG,-1.0,0.0,de,1
KKL Luzern,KKL Luzern,ORG,0.0,0.0,de,1
Ensembles Musica Aeterna,Ensembles Musica Aeterna,ORG,0.0,0.0,de,1
Continuation Flood,Continuation Flood,ORG,-1.0,0.0,de,1
Solarausbau,Solarausbau,ORG,0.0,0.0,de,1
NATO +++ Ampel,NATO +++ Ampel,ORG,-0.6666666666666666,0.0,de,1
Orbán-Freund,Orbán-Freund,ORG,0.0,0.0,de,1
Deutschen Hotel- und Gaststättenverbands,Deutschen Hotel- und Gaststättenverbands,ORG,0.5,0.0,de,1
Die Situation,Die Situation,ORG,0.7,0.0,de,1
Charkiw +++ Gouverneur,Charkiw +++ Gouverneur,ORG,0.0,0.0,de,1
sächsische Polizei,sächsische Polizei,ORG,0.0,0.0,de,1
Volleys,Volleys,ORG,0.0,0.0,de,1
Kaderv…,Kaderv…,ORG,0.0,0.0,de,1
hö…,hö…,ORG,0.0,0.0,de,1
Moska…,Moska…,ORG,0.0,0.0,de,1
Macron Europa,Macron Europa,ORG,0.0,0.0,de,1
Russland Cyberangriff,Russland Cyberangriff,ORG,0.0,0.0,de,1
Nationalen Gesundheitsinstitute,Nationalen Gesundheitsinstitute,ORG,0.0,0.0,de,1
NIH,NIH,ORG,0.0,0.0,de,1
gerad…,gerad…,ORG,0.0,0.0,de,1
n…,n…,ORG,1.0,0.0,de,1
IS-Anhänger,IS-Anhänger,ORG,-0.15000000000000002,0.0,de,1
Terrormiliz Islamischer Staat,Terrormiliz Islamischer Staat,ORG,0.0,0.0,de,1
SPD-Bundesvorsitzenden,SPD-Bundesvorsitzenden,ORG,0.0,0.0,de,1
SPD-Chefs,SPD-Chefs,ORG,0.0,0.0,de,1
sachsen-anhaltische SPD-Spitze,sachsen-anhaltische SPD-Spitze,ORG,0.0,0.0,de,1
Grüne Rolf Fliß,Grüne Rolf Fliß,ORG,0.0,0.0,de,1
+++ Ukrainisches Militär,+++ Ukrainisches Militär,ORG,0.7,0.0,de,1
US-Waffen +++,US-Waffen +++,ORG,0.7,0.0,de,1
Innenminister,Innenminister,ORG,0.0,0.0,de,1
CDU-Führung,CDU-Führung,ORG,0.0,0.0,de,1
+++ 02:29,+++ 02:29,ORG,-0.35,0.0,de,1
Außenminis…,Außenminis…,ORG,-0.35,0.0,de,1
orthodoxem Osterfest +++,orthodoxem Osterfest +++,ORG,0.0,0.0,de,1
Universität von St. Andrew,Universität von St. Andrew,ORG,-0.5,0.0,de,1
Ampelhaushälter forden,Ampelhaushälter forden,ORG,0.0,0.0,de,1
Kirche +++,Kirche +++,ORG,0.0,0.0,de,1
SPD-P…,SPD-P…,ORG,0.0,0.0,de,1
polizei…,polizei…,ORG,0.0,0.0,de,1
Films Fixers,Films Fixers,ORG,0.0,0.0,de,1
Energiekonzern Verluste,Energiekonzern Verluste,ORG,0.0,0.0,de,1
Anziehen der Handschuhe,Anziehen der Handschuhe,ORG,0.35,0.0,de,1
präpand…,präpand…,ORG,1.0,0.0,de,1
IALANA,IALANA,ORG,0.0,0.0,de,1
US-Finan…,US-Finan…,ORG,0.0,0.0,de,1
Hafen +++,Hafen +++,ORG,0.0,0.0,de,1
Versandunterneh…,Versandunterneh…,ORG,0.0,0.0,de,1
Vorsicht!,Vorsicht!,ORG,0.0,0.0,de,1
FSB +++,FSB +++,ORG,0.0,0.0,de,1
internation…,internation…,ORG,0.0,0.0,de,1
Center for European Policy Analys…,Center for European Policy Analys…,ORG,0.0,0.0,de,1
US-Vorwurf,US-Vorwurf,ORG,0.0,0.0,de,1
PwC,PwC,ORG,0.0,0.0,de,1
Wirtschaftsminist…,Wirtschaftsminist…,ORG,0.0,0.0,de,1
Europa-League-Hinspiel,Europa-League-Hinspiel,ORG,0.0,0.0,de,1
Universität St. Gallen,Universität St. Gallen,ORG,0.0,0.0,de,1
Odesa,Odesa,ORG,-0.7,0.0,de,1
Mindestlohn …,Mindestlohn …,ORG,0.0,0.0,de,1
Arbeitsministers,Arbeitsministers,ORG,0.0,0.0,de,1
Raketen-Emoji,Raketen-Emoji,ORG,0.0,0.0,de,1
Brüsseler Agenda,Brüsseler Agenda,ORG,1.0,0.0,de,1
Kreml-Kritiker Kara-Mursa +++,Kreml-Kritiker Kara-Mursa +++,ORG,0.0,0.0,de,1
Bürgenstock…,Bürgenstock…,ORG,0.0,0.0,de,1
UN-Minenräumdienst,UN-Minenräumdienst,ORG,0.0,0.0,de,1
Russland GPS-Störsender,Russland GPS-Störsender,ORG,-1.0,0.0,de,1
Genfer Konvention,Genfer Konvention,ORG,0.0,0.0,de,1
US-Thinktank Institute for the Study of War,US-Thinktank Institute for the Study of War,ORG,0.0,0.0,de,1
Nationale Olympische Komitee der Ukraine,Nationale Olympische Komitee der Ukraine,ORG,0.0,0.0,de,1
CDU-Landtagsfraktionschef,CDU-Landtagsfraktionschef,ORG,0.0,0.0,de,1
Evangelischen Kirchen in,Evangelischen Kirchen in,ORG,0.0,0.0,de,1
Klei…,Klei…,ORG,0.0,0.0,de,1
Innenministerkonferenz,Innenministerkonferenz,ORG,0.0,0.0,de,1
Waffen-Stopp ++,Waffen-Stopp ++,ORG,0.7,0.0,de,1
demonstri…,demonstri…,ORG,0.0,0.0,de,1
Stuttgarter Antifa,Stuttgarter Antifa,ORG,0.7,0.0,de,1
Gruppe rä…,Gruppe rä…,ORG,0.0,0.0,de,1
Schuldenbremse +++ ukrainische Sender,Schuldenbremse +++ ukrainische Sender,ORG,1.0,0.0,de,1
Zentrum der russischen Ostseemetropole St. Petersburg,Zentrum der russischen Ostseemetropole St. Petersburg,ORG,0.0,0.0,de,1
Biden-Regi…,Biden-Regi…,ORG,0.0,0.0,de,1
daz…,daz…,ORG,0.7,0.0,de,1
Bruttolohn,Bruttolohn,ORG,0.0,0.0,de,1
Verteidigungslin…,Verteidigungslin…,ORG,-1.0,0.0,de,1
russischen Belgorod,russischen Belgorod,ORG,0.0,0.0,de,1
Ukraine-Metropole Charkiw,Ukraine-Metropole Charkiw,ORG,-1.0,0.0,de,1
ntv…,ntv…,ORG,0.0,0.0,de,1
Charkiw +++ Putin,Charkiw +++ Putin,ORG,0.0,0.0,de,1
+++ Wohnhaus,+++ Wohnhaus,ORG,0.0,0.0,de,1
Ukraine +++ Ukrainischer Außenminister,Ukraine +++ Ukrainischer Außenminister,ORG,0.0,0.0,de,1
Serbien +++ Ukraine,Serbien +++ Ukraine,ORG,0.0,0.0,de,1
Kampfs…,Kampfs…,ORG,0.0,0.0,de,1
GB Speicher,GB Speicher,ORG,-0.7,0.0,de,1
GByte LTE-Volumen,GByte LTE-Volumen,ORG,0.0,0.0,de,1
GByte Allnet-Flat,GByte Allnet-Flat,ORG,0.0,0.0,de,1
SPD-Europaabgeordnete,SPD-Europaabgeordnete,ORG,1.0,0.0,de,1
++ Kiew,++ Kiew,ORG,0.0,0.0,de,1
Front ++,Front ++,ORG,0.0,0.0,de,1
russischen Demokraten,russischen Demokraten,ORG,0.0,0.0,de,1
TV-Ausrüstung,TV-Ausrüstung,ORG,0.0,0.0,de,1
konkre…,konkre…,ORG,0.0,0.0,de,1
Nazi-Deutschland +++,Nazi-Deutschland +++,ORG,0.0,0.0,de,1
Energiekonzern U,Energiekonzern U,ORG,0.0,0.0,de,1
Erwartu…,Erwartu…,ORG,0.0,0.0,de,1
Bjelica,Bjelica,ORG,0.0,0.0,de,1
Handelsverbandes Deutschland,Handelsverbandes Deutschland,ORG,0.0,0.0,de,1
HDE,HDE,ORG,0.0,0.0,de,1
Aktion «Hungern bis ihr ehrlich sei…,Aktion «Hungern bis ihr ehrlich sei…,ORG,1.0,0.0,de,1
Finanz-Push,Finanz-Push,ORG,0.2333333333333333,0.0,de,1
Atomstreitkräften,Atomstreitkräften,ORG,-0.15000000000000002,0.0,de,1
Engagement Deutschlands,Engagement Deutschlands,ORG,0.7,0.0,de,1
Innenministerkonfere…,Innenministerkonfere…,ORG,0.0,0.0,de,1
einschü…,einschü…,ORG,0.0,0.0,de,1
Putin-Kritiker Karsa-Mursa,Putin-Kritiker Karsa-Mursa,ORG,0.0,0.0,de,1
Ostdeutsche,Ostdeutsche,ORG,0.7,0.0,de,1
Rechtsradikale…,Rechtsradikale…,ORG,0.7,0.0,de,1
Parlamentarische Rat,Parlamentarische Rat,ORG,0.7,0.0,de,1
Erdbeobach…,Erdbeobach…,ORG,0.0,0.0,de,1
Wuppertaler Polizei,Wuppertaler Polizei,ORG,0.0,0.0,de,1
US-Technologiefi…,US-Technologiefi…,ORG,0.0,0.0,de,1
Einser-Abitur,Einser-Abitur,ORG,-1.0,0.0,de,1
Respekt…,Respekt…,ORG,1.0,0.0,de,1
Bibliothekenverbund,Bibliothekenverbund,ORG,0.0,0.0,de,1
Eurasische Wirtschaftsunion,Eurasische Wirtschaftsunion,ORG,0.0,0.0,de,1
EAWU,EAWU,ORG,0.0,0.0,de,1
Staatenverbund,Staatenverbund,ORG,0.0,0.0,de,1
Islamisten,Islamisten,ORG,0.7,0.0,de,1
Mega-Razzia,Mega-Razzia,ORG,0.0,0.0,de,1
Deutschland Kiew,Deutschland Kiew,ORG,0.0,0.0,de,1
Horst Brandstätter Group,Horst Brandstätter Group,ORG,0.7,0.0,de,1
VR-Brille,VR-Brille,ORG,0.0,0.0,de,1
ARD-Recherchen…,ARD-Recherchen…,ORG,0.0,0.0,de,1
Ph…,Ph…,ORG,0.0,0.0,de,1
DFB-Stiftung,DFB-Stiftung,ORG,1.0,0.0,de,1
Jugend im Krisenmodus,Jugend im Krisenmodus,ORG,0.0,0.0,de,1
Liga Bedingungen,Liga Bedingungen,ORG,0.0,0.0,de,1
Kölner Oberstaat…,Kölner Oberstaat…,ORG,0.0,0.0,de,1
Moskauer Verlag,Moskauer Verlag,ORG,-0.7,0.0,de,1
AST,AST,ORG,-0.7,0.0,de,1
Eksmo-AST,Eksmo-AST,ORG,0.0,0.0,de,1
Inves…,Inves…,ORG,0.0,0.0,de,1
Odessa +++ al…,Odessa +++ al…,ORG,0.3333333333333333,0.0,de,1
US-Republikanern,US-Republikanern,ORG,0.0,0.0,de,1
Pflichten +++ Drohnenangriff,Pflichten +++ Drohnenangriff,ORG,0.0,0.0,de,1
Odessa…,Odessa…,ORG,0.0,0.0,de,1
ja!,ja!,ORG,0.0,0.0,de,1
Unissued Diplomas,Unissued Diplomas,ORG,0.0,0.0,de,1
Ukraine-Hilfen +++ Pentagon,Ukraine-Hilfen +++ Pentagon,ORG,0.0,0.0,de,1
Generalbundesanwalts,Generalbundesanwalts,ORG,0.0,0.0,de,1
FBK,FBK,ORG,0.0,0.0,de,1
Orga…,Orga…,ORG,0.0,0.0,de,1
Repräsentan…,Repräsentan…,ORG,0.7,0.0,de,1
ZDF-Talksendung,ZDF-Talksendung,ORG,0.0,0.0,de,1
Partei für die Demokratie in,Partei für die Demokratie in,ORG,0.0,0.0,de,1
Großbritanni…,Großbritanni…,ORG,0.0,0.0,de,1
Rheingau Literatur Festival,Rheingau Literatur Festival,ORG,0.0,0.0,de,1
ARD-Recherchen,ARD-Recherchen,ORG,1.0,0.0,de,1
European-League-Auftritt …,European-League-Auftritt …,ORG,0.0,0.0,de,1
Viertelfinal-Hinspiel Sporting Lissabon,Viertelfinal-Hinspiel Sporting Lissabon,ORG,0.0,0.0,de,1
estn…,estn…,ORG,0.0,0.0,de,1
FDP-nahe Friedrich-Naumann-Stiftung,FDP-nahe Friedrich-Naumann-Stiftung,ORG,0.0,0.0,de,1
Mak…,Mak…,ORG,0.0,0.0,de,1
Russland Anschlagsziele,Russland Anschlagsziele,ORG,0.0,0.0,de,1
Cloud Seeding,Cloud Seeding,ORG,0.0,0.0,de,1
schn…,schn…,ORG,0.0,0.0,de,1
Putin-Porträt,Putin-Porträt,ORG,0.0,0.0,de,1
Langstreckenbomber +++ Tote,Langstreckenbomber +++ Tote,ORG,0.0,0.0,de,1
Supercharging-Mitgliedschaft,Supercharging-Mitgliedschaft,ORG,0.0,0.0,de,1
Bayerns Wärmebedarf,Bayerns Wärmebedarf,ORG,0.0,0.0,,1
Allianz e…,Allianz e…,ORG,0.0,0.0,de,1
Hardl…,Hardl…,ORG,1.0,0.0,de,1
Luftangriff +++ NATO-Staaten,Luftangriff +++ NATO-Staaten,ORG,0.0,0.0,de,1
Knauf Gruppe,Knauf Gruppe,ORG,0.7,0.0,de,1
Google-Schwester Waymo,Google-Schwester Waymo,ORG,0.0,0.0,de,1
Drac…,Drac…,ORG,0.0,0.0,de,1
Roten Meer +++ EU,Roten Meer +++ EU,ORG,0.0,0.0,de,1
Abgeordneten v,Abgeordneten v,ORG,0.0,0.0,de,1
Aufzeichnu…,Aufzeichnu…,ORG,0.0,0.0,de,1
Grenzdurchgangslager Friedland,Grenzdurchgangslager Friedland,ORG,0.0,0.0,de,1
Asylantragsgruppe,Asylantragsgruppe,ORG,0.7,0.0,de,1
++ EU-Minister,++ EU-Minister,ORG,0.0,0.0,de,1
Nato-Mitgliedern,Nato-Mitgliedern,ORG,0.0,0.0,de,1
Bremer Institut,Bremer Institut,ORG,-0.7,0.0,de,1
Baustoffhersteller Knauf,Baustoffhersteller Knauf,ORG,0.0,0.0,de,1
Kontrollfreak Apple,Kontrollfreak Apple,ORG,0.0,0.0,de,1
österreichischen Branchenverbandes,österreichischen Branchenverbandes,ORG,-0.7,0.0,de,1
Frankfurt LAB,Frankfurt LAB,ORG,0.0,0.0,de,1
Landwirtsch…,Landwirtsch…,ORG,-0.7,0.0,de,1
FDP-Frau,FDP-Frau,ORG,0.0,0.0,de,1
Studio Caren Miosga,Studio Caren Miosga,ORG,0.0,0.0,de,1
Rentner-Einheit,Rentner-Einheit,ORG,0.0,0.0,de,1
Ifo,Ifo,ORG,0.0,0.0,de,1
Deutschen Lehrkräftepreises,Deutschen Lehrkräftepreises,ORG,0.0,0.0,de,1
Berlin ausgezei…,Berlin ausgezei…,ORG,0.0,0.0,de,1
EU-Atomschutzschild,EU-Atomschutzschild,ORG,0.0,0.0,de,1
"CC-BY-4.0
","CC-BY-4.0
",ORG,0.0,0.0,de,1
Bi…,Bi…,ORG,0.0,0.0,de,1
sich­.,sich­.,ORG,0.0,0.0,de,1
GPS-Signal,GPS-Signal,ORG,0.0,0.0,de,1
ESA-Chef,ESA-Chef,ORG,-1.0,0.0,de,1
Europäische Weltraumorganisation,Europäische Weltraumorganisation,ORG,0.0,0.0,de,1
EU-…,EU-…,ORG,0.7,0.0,de,1
Luxemburg Reformpläne,Luxemburg Reformpläne,ORG,0.0,0.0,de,1
Selenskyjs +++,Selenskyjs +++,ORG,0.0,0.0,de,1
Außenministeriums…,Außenministeriums…,ORG,0.0,0.0,de,1
Leserko…,Leserko…,ORG,0.0,0.0,de,1
Premiermini…,Premiermini…,ORG,0.0,0.0,de,1
Charkiw +++ UN-Ermittler,Charkiw +++ UN-Ermittler,ORG,0.0,0.0,de,1
Front Ukraine,Front Ukraine,ORG,1.0,0.0,de,1
Wikipedia,Wikipedia,ORG,0.7,0.0,de,1
Uran +++ Drei Tote,Uran +++ Drei Tote,ORG,-1.0,0.0,de,1
Sächsischen Staatsministerin für Kultur un…,Sächsischen Staatsministerin für Kultur un…,ORG,0.0,0.0,de,1
Lieferando +++ Kiloweise Doping und Waffen,Lieferando +++ Kiloweise Doping und Waffen,ORG,-0.85,0.0,de,1
Klitschko fo…,Klitschko fo…,ORG,0.0,0.0,de,1
Wichti… Russland,Wichti… Russland,ORG,0.0,0.0,de,1
Treff…,Treff…,ORG,0.0,0.0,de,1
Alkimia Interactive,Alkimia Interactive,ORG,0.0,0.0,de,1
Initiati…,Initiati…,ORG,0.0,0.0,de,1
Bundesverfassungsgerich…,Bundesverfassungsgerich…,ORG,0.0,0.0,de,1
Atomkraft-Forschung,Atomkraft-Forschung,ORG,0.0,0.0,de,1
Gesetzesnove…,Gesetzesnove…,ORG,0.0,0.0,de,1
Solarenergi…,Solarenergi…,ORG,0.0,0.0,de,1
Ukraine +++ Spanien,Ukraine +++ Spanien,ORG,0.0,0.0,de,1
islam…,islam…,ORG,0.0,0.0,de,1
ukrainischen Streitkräfte …,ukrainischen Streitkräfte …,ORG,0.0,0.0,de,1
Skandal,Skandal,ORG,0.0,0.0,de,1
Wachs…,Wachs…,ORG,0.0,0.0,de,1
Collectors Edition,Collectors Edition,ORG,0.0,0.0,de,1
Krieg +++ Massive Angriffe,Krieg +++ Massive Angriffe,ORG,-0.85,0.0,de,1
Miss United States,Miss United States,ORG,0.0,0.0,de,1
Krieg +++ Lindner,Krieg +++ Lindner,ORG,-1.0,0.0,de,1
AfD-Spitzenkandidaten,AfD-Spitzenkandidaten,ORG,0.0,0.0,de,1
AfD-Politiker,AfD-Politiker,ORG,0.0,0.0,de,1
Rückschritte,Rückschritte,ORG,0.0,0.0,de,1
at…,at…,ORG,0.0,0.0,de,1
EU Spionage,EU Spionage,ORG,-0.7,0.0,de,1
Ariston Thermo Group,Ariston Thermo Group,ORG,-1.0,0.0,de,1
Ariston Thermo Group in,Ariston Thermo Group in,ORG,-1.0,0.0,de,1
EU-Kritik,EU-Kritik,ORG,0.0,0.0,de,1
Herstellers Quantum Systems,Herstellers Quantum Systems,ORG,0.0,0.0,de,1
Landessprache,Landessprache,ORG,-1.0,0.0,de,1
EU-Beitrittsverhandlungen +++ Russland,EU-Beitrittsverhandlungen +++ Russland,ORG,0.7,0.0,de,1
Verbraucherlaune,Verbraucherlaune,ORG,-0.7,0.0,de,1
"Klimaneutral""-Urteil","Klimaneutral""-Urteil",ORG,0.0,0.0,de,1
Fregatt…,Fregatt…,ORG,-0.7,0.0,de,1
Kohlekraftwerke …,Kohlekraftwerke …,ORG,-0.7999999999999999,0.0,de,1
US-Verfahren,US-Verfahren,ORG,0.0,0.0,de,1
Uncredited/State Emergency Service of Ukraine/AP/dpa,Uncredited/State Emergency Service of Ukraine/AP/dpa,ORG,0.0,0.0,de,1
Unab…,Unab…,ORG,0.0,0.0,de,1
Rams…,Rams…,ORG,0.0,0.0,de,1
AKWs Kursk,AKWs Kursk,ORG,0.7,0.0,de,1
unver…,unver…,ORG,0.0,0.0,de,1
Russland einse…,Russland einse…,ORG,0.0,0.0,de,1
++ US-Justiz,++ US-Justiz,ORG,-1.0,0.0,de,1
US-Bunde,US-Bunde,ORG,0.0,0.0,de,1
SpotifyLink,SpotifyLink,ORG,0.0,0.0,de,1
Bohrgrund,Bohrgrund,ORG,0.0,0.0,de,1
Urnen +++ Scholz,Urnen +++ Scholz,ORG,0.0,0.0,de,1
Frankfurt +++ Kiew,Frankfurt +++ Kiew,ORG,0.0,0.0,de,1
Urnen +++,Urnen +++,ORG,-0.7,0.0,de,1
Generalstaatsanwalts…,Generalstaatsanwalts…,ORG,0.0,0.0,de,1
Ukraine Panzerhaubitzen,Ukraine Panzerhaubitzen,ORG,0.0,0.0,de,1
Flugob…,Flugob…,ORG,0.0,0.0,de,1
Hause!,Hause!,ORG,0.0,0.0,de,1
Notenbank Spielraum,Notenbank Spielraum,ORG,0.0,0.0,de,1
EU stockt,EU stockt,ORG,1.0,0.0,de,1
Donezk +++ Lage,Donezk +++ Lage,ORG,0.0,0.0,de,1
US-Luftwaffenstütz…,US-Luftwaffenstütz…,ORG,0.0,0.0,de,1
Selenskyjs Mission,Selenskyjs Mission,ORG,0.0,0.0,de,1
Messe Kind + Jugend,Messe Kind + Jugend,ORG,0.0,0.0,de,1
Oasis-Reunion-Tour Luft,Oasis-Reunion-Tour Luft,ORG,0.0,0.0,de,1
ukrainische Kursk-Offensive,ukrainische Kursk-Offensive,ORG,0.0,0.0,de,1
Ölmultis,Ölmultis,ORG,1.0,0.0,de,1
Iris-T-Flugabwehr,Iris-T-Flugabwehr,ORG,0.0,0.0,de,1
Küstenwache,Küstenwache,ORG,0.0,0.0,de,1
Generalleutnants a.D.,Generalleutnants a.D.,ORG,0.0,0.0,de,1
DFS,DFS,ORG,0.0,0.0,de,1
Sonntagnachmittag,Sonntagnachmittag,ORG,0.0,0.0,de,1
Instagram-Post,Instagram-Post,ORG,0.0,0.0,de,1
Europäischem Rechnungshof,Europäischem Rechnungshof,ORG,0.0,0.0,de,1
Ukraine ha…,Ukraine ha…,ORG,0.0,0.0,de,1
re…,re…,ORG,0.0,0.0,de,1
International Criminal Court,International Criminal Court,ORG,0.0,0.0,de,1
Eve Thermo Control,Eve Thermo Control,ORG,0.0,0.0,de,1
Eve Thermo Control bes…,Eve Thermo Control bes…,ORG,0.0,0.0,de,1
handelsnahe Handelsforschungsinstitut EHI,handelsnahe Handelsforschungsinstitut EHI,ORG,0.0,0.0,de,1
geka…,geka…,ORG,0.0,0.0,de,1
Brics-Staatengemeinschaft,Brics-Staatengemeinschaft,ORG,0.0,0.0,de,1
Investitio…,Investitio…,ORG,0.0,0.0,de,1
islamistischen Gruppe Boko-Haram,islamistischen Gruppe Boko-Haram,ORG,-1.0,0.0,de,1
Opferzah…,Opferzah…,ORG,0.0,0.0,de,1
Atomwaffendoktrin,Atomwaffendoktrin,ORG,-1.0,0.0,de,1
Atomwaffendoktrin +++ Tote,Atomwaffendoktrin +++ Tote,ORG,-0.10000000000000002,0.0,de,1
AfD-Kreisverbandes Offenbach-Land,AfD-Kreisverbandes Offenbach-Land,ORG,-0.5,0.0,de,1
VW-Unternehmenszahlen,VW-Unternehmenszahlen,ORG,0.7,0.0,de,1
Lemberg,Lemberg,ORG,0.35,0.0,de,1
Lemberg +++ Mehr,Lemberg +++ Mehr,ORG,0.35,0.0,de,1
Remarkable Paper,Remarkable Paper,ORG,0.0,0.0,de,1
Bergre…,Bergre…,ORG,1.0,0.0,de,1
Überwachungskameraset,Überwachungskameraset,ORG,1.0,0.0,de,1
Oberstaats…,Oberstaats…,ORG,0.0,0.0,de,1
Ex-Botschafter Melnyk,Ex-Botschafter Melnyk,ORG,0.0,0.0,de,1
Gegenan…,Gegenan…,ORG,0.7,0.0,de,1
Herberts Bayern,Herberts Bayern,ORG,-0.7,0.0,de,1
Verteidi…,Verteidi…,ORG,0.0,0.0,de,1
Schwefelhexafluorid,Schwefelhexafluorid,ORG,0.0,0.0,de,1
Zentral-Asien +++,Zentral-Asien +++,ORG,0.7,0.0,de,1
Süden +++,Süden +++,ORG,0.0,0.0,de,1
Verband b…,Verband b…,ORG,0.0,0.0,de,1
Soziali…,Soziali…,ORG,0.0,0.0,de,1
US-Waffen +++ Starmer,US-Waffen +++ Starmer,ORG,-1.0,0.0,de,1
Bundeswehrsoldaten,Bundeswehrsoldaten,ORG,0.0,0.0,de,1
Cyber-Angriff,Cyber-Angriff,ORG,0.0,0.0,de,1
US-Konsumenten,US-Konsumenten,ORG,0.0,0.0,de,1
Universität Michi…,Universität Michi…,ORG,0.0,0.0,de,1
Ukraine-Vermittlung,Ukraine-Vermittlung,ORG,0.0,0.0,de,1
Kiewer Stadtgebäude +++,Kiewer Stadtgebäude +++,ORG,0.0,0.0,de,1
Denkfabrik Institute for the Stu…,Denkfabrik Institute for the Stu…,ORG,0.7,0.0,de,1
demnac…,demnac…,ORG,0.0,0.0,de,1
Jahresende +++,Jahresende +++,ORG,0.7,0.0,de,1
Sanktions-Verlängerung +++,Sanktions-Verlängerung +++,ORG,0.0,0.0,de,1
regierungsnahe ukrai…,regierungsnahe ukrai…,ORG,0.0,0.0,de,1
Großb…,Großb…,ORG,0.0,0.0,de,1
Verband BDZV,Verband BDZV,ORG,0.7,0.0,de,1
Germanwatch,Germanwatch,ORG,-1.0,0.0,de,1
CDU-Politikers …,CDU-Politikers …,ORG,0.0,0.0,de,1
Pelletspreisein Deutschland,Pelletspreisein Deutschland,ORG,0.0,0.0,de,1
US-Präsidentschaftswahlkampf,US-Präsidentschaftswahlkampf,ORG,0.7,0.0,de,1
Einlagezins,Einlagezins,ORG,0.0,0.0,de,1
Rhein…,Rhein…,ORG,0.0,0.0,de,1
Explorationsunternehmens ADX Energy,Explorationsunternehmens ADX Energy,ORG,0.0,0.0,de,1
Waff…,Waff…,ORG,0.0,0.0,de,1
Coronavirus-Pandemie,Coronavirus-Pandemie,ORG,0.0,0.0,de,1
Putins Drohnen,Putins Drohnen,ORG,0.0,0.0,de,1
Nato-Ostflanke +++,Nato-Ostflanke +++,ORG,0.7,0.0,de,1
Hilfspaket +++,Hilfspaket +++,ORG,0.7,0.0,de,1
Waffeneinsatz ++,Waffeneinsatz ++,ORG,0.7,0.0,de,1
Regionalliga Nord,Regionalliga Nord,ORG,0.0,0.0,de,1
US-Farmer,US-Farmer,ORG,0.0,0.0,de,1
Internationale Strafgerichtshof Haftbefehl,Internationale Strafgerichtshof Haftbefehl,ORG,0.0,0.0,de,1
Luftwaffenbasis +++ Ukrainischer Drohnenangriff,Luftwaffenbasis +++ Ukrainischer Drohnenangriff,ORG,0.7,0.0,de,1
Wolgograd +++ CDU-Politiker,Wolgograd +++ CDU-Politiker,ORG,0.7,0.0,de,1
AfD-Frau,AfD-Frau,ORG,0.0,0.0,de,1
Integrati…,Integrati…,ORG,0.0,0.0,de,1
ADX Vie,ADX Vie,ORG,0.0,0.0,de,1
Propaganda-Schlappe für Russlands,Propaganda-Schlappe für Russlands,ORG,-1.0,0.0,de,1
Stuttgarts OB Fra…,Stuttgarts OB Fra…,ORG,1.0,0.0,de,1
Hamas-Gesundheitsministerium,Hamas-Gesundheitsministerium,ORG,1.0,0.0,de,1
Aufzeichnungen +++ Kühle,Aufzeichnungen +++ Kühle,ORG,0.0,0.0,de,1
Hitze +++,Hitze +++,ORG,0.0,0.0,de,1
fu…,fu…,ORG,0.0,0.0,de,1
DAC-Unternehmen,DAC-Unternehmen,ORG,0.0,0.0,de,1
Getreideschiff +++,Getreideschiff +++,ORG,0.0,0.0,de,1
Russland-Beziehungen +++,Russland-Beziehungen +++,ORG,0.0,0.0,de,1
VW Sachsen,VW Sachsen,ORG,0.0,0.0,de,1
ADX,ADX,ORG,0.0,0.0,de,1
Zulieferer für …,Zulieferer für …,ORG,0.0,0.0,de,1
fahnde international,fahnde international,ORG,0.0,0.0,de,1
Maritime Industrie,Maritime Industrie,ORG,0.0,0.0,de,1
Tickets,Tickets,ORG,0.0,0.0,de,1
Beilngries,Beilngries,ORG,0.0,0.0,de,1
Amazfit Active Edge Smartwatch,Amazfit Active Edge Smartwatch,ORG,0.0,0.0,de,1
Auswärtigen Amts,Auswärtigen Amts,ORG,0.0,0.0,de,1
Internationalen Strafgerichtshof bei“,Internationalen Strafgerichtshof bei“,ORG,0.0,0.0,de,1
EU-Beitritt +++ Russland,EU-Beitritt +++ Russland,ORG,0.0,0.0,de,1
Beslan,Beslan,ORG,0.0,0.0,de,1
Mallorca Zeitung,Mallorca Zeitung,ORG,0.0,0.0,de,1
Gamescom,Gamescom,ORG,0.7,0.0,de,1
"Instituts 
","Instituts 
",ORG,0.0,0.0,de,1
++ Indiens,++ Indiens,ORG,0.0,0.0,de,1
Hard Landing,Hard Landing,ORG,0.0,0.0,de,1
Soft Landing,Soft Landing,ORG,0.0,0.0,de,1
Stromausfall +++ Indiens,Stromausfall +++ Indiens,ORG,-1.0,0.0,de,1
Geise…,Geise…,ORG,0.0,0.0,de,1
Nachrichtena…,Nachrichtena…,ORG,-1.0,0.0,de,1
Russland +++ Borrell,Russland +++ Borrell,ORG,-1.0,0.0,de,1
Stadtfest,Stadtfest,ORG,-1.0,0.0,de,1
ARD-«Tagesthemen,ARD-«Tagesthemen,ORG,0.7,0.0,de,1
ARD-«Tages…,ARD-«Tages…,ORG,0.0,0.0,de,1
Regierung in Österreich,Regierung in Österreich,ORG,0.0,0.0,de,1
russische Kampfjets,russische Kampfjets,ORG,0.0,0.0,de,1
Finanzieru…,Finanzieru…,ORG,0.0,0.0,de,1
Jasper J.,Jasper J.,ORG,0.0,0.0,de,1
Falke Finist,Falke Finist,ORG,1.0,0.0,de,1
World Club Dome,World Club Dome,ORG,0.0,0.0,de,1
Fischstäbchen-Krise!,Fischstäbchen-Krise!,ORG,0.0,0.0,de,1
Universität Mainz,Universität Mainz,ORG,0.0,0.0,de,1
"Russland 
","Russland 
",ORG,0.0,0.0,de,1
Arsenal der Hisbollah,Arsenal der Hisbollah,ORG,-1.0,0.0,de,1
Verteidigungs- und Finanzministerium,Verteidigungs- und Finanzministerium,ORG,0.0,0.0,de,1
Verteidigungs- und Finanzministe…,Verteidigungs- und Finanzministe…,ORG,0.0,0.0,de,1
Haushalts…,Haushalts…,ORG,0.0,0.0,de,1
AKW-Sprengung,AKW-Sprengung,ORG,0.0,0.0,de,1
Langstreckenwaffen +,Langstreckenwaffen +,ORG,0.85,0.0,de,1
Verteidigungsministerium!,Verteidigungsministerium!,ORG,0.7,0.0,de,1
Verdachts au…,Verdachts au…,ORG,0.0,0.0,de,1
Kursk-Vorstoß +++ Selenskyj,Kursk-Vorstoß +++ Selenskyj,ORG,1.0,0.0,de,1
ukrai­nischen Atomkraftwerks,ukrai­nischen Atomkraftwerks,ORG,0.0,0.0,de,1
Finanzierungssperre für Ukrainehilfen,Finanzierungssperre für Ukrainehilfen,ORG,0.0,0.0,de,1
RAI,RAI,ORG,0.0,0.0,de,1
Schiitenmiliz tatsä…,Schiitenmiliz tatsä…,ORG,0.0,0.0,de,1
Russisch-Orthodoxen Kirche,Russisch-Orthodoxen Kirche,ORG,0.0,0.0,de,1
Kursk +++ Nachschub,Kursk +++ Nachschub,ORG,0.7,0.0,de,1
Kursk-Vorstoß +++,Kursk-Vorstoß +++,ORG,0.7,0.0,de,1
Territ…,Territ…,ORG,0.0,0.0,de,1
Clooney-Stiftung,Clooney-Stiftung,ORG,-0.7,0.0,de,1
Sank…,Sank…,ORG,-0.35,0.0,de,1
Außenministeri…,Außenministeri…,ORG,0.0,0.0,de,1
Speicher si…,Speicher si…,ORG,0.0,0.0,de,1
Nord-Stream-Ermittlungen +++ Russische Truppen rücken,Nord-Stream-Ermittlungen +++ Russische Truppen rücken,ORG,-1.0,0.0,de,1
+++ Brand,+++ Brand,ORG,-1.0,0.0,de,1
Brandbe…,Brandbe…,ORG,0.0,0.0,de,1
ukrainischen Parlament,ukrainischen Parlament,ORG,0.0,0.0,de,1
Party,Party,ORG,0.0,0.0,de,1
Belarus ++,Belarus ++,ORG,0.0,0.0,de,1
Luftan…,Luftan…,ORG,0.0,0.0,de,1
US-Vert…,US-Vert…,ORG,0.0,0.0,de,1
GmbH.,GmbH.,ORG,0.0,0.0,de,1
SUP,SUP,ORG,-0.7,0.0,de,1
Sachsens Polizei,Sachsens Polizei,ORG,0.0,0.0,de,1
Gefängnis +++,Gefängnis +++,ORG,0.0,0.0,de,1
Ostukraine,Ostukraine,ORG,0.0,0.0,de,1
Kampfjet +++,Kampfjet +++,ORG,0.7,0.0,de,1
Präsidialamtes,Präsidialamtes,ORG,0.7,0.0,de,1
Mediums Voice of America,Mediums Voice of America,ORG,0.0,0.0,de,1
F-16-Maschine,F-16-Maschine,ORG,0.0,0.0,de,1
London Freiwilligenverband,London Freiwilligenverband,ORG,0.0,0.0,de,1
Spi…,Spi…,ORG,0.7,0.0,de,1
europäischen Verteidigungsminister,europäischen Verteidigungsminister,ORG,0.0,0.0,de,1
Charkiwer Militär…,Charkiwer Militär…,ORG,0.0,0.0,de,1
F-16-Kampfjet,F-16-Kampfjet,ORG,-1.0,0.0,de,1
Top-Pilot,Top-Pilot,ORG,-1.0,0.0,de,1
F16-Pilot,F16-Pilot,ORG,-1.0,0.0,de,1
++ Huthi,++ Huthi,ORG,0.0,0.0,de,1
Tanker ++,Tanker ++,ORG,0.0,0.0,de,1
Bundesamt für Verfassungsschut…,Bundesamt für Verfassungsschut…,ORG,0.0,0.0,de,1
F-16-Crash,F-16-Crash,ORG,-1.0,0.0,de,1
Intel Corporation,Intel Corporation,ORG,0.0,0.0,de,1
Warschauer Organisation,Warschauer Organisation,ORG,0.0,0.0,de,1
Langstreckenraketen +++ Russische Truppen,Langstreckenraketen +++ Russische Truppen,ORG,1.0,0.0,de,1
TAS…,TAS…,ORG,0.0,0.0,de,1
Institute for the Stud…,Institute for the Stud…,ORG,0.0,0.0,de,1
Stromnetz Hamburg,Stromnetz Hamburg,ORG,0.0,0.0,de,1
Glasscheiben entwi…,Glasscheiben entwi…,ORG,0.0,0.0,de,1
Coole Scheiben,Coole Scheiben,ORG,-0.7,0.0,de,1
Waffenhersteller Heckler &amp,Waffenhersteller Heckler &amp,ORG,0.0,0.0,de,1
hä…,hä…,ORG,0.0,0.0,de,1
Onlinediens…,Onlinediens…,ORG,-0.15000000000000002,0.0,de,1
BSW-Beteiligung,BSW-Beteiligung,ORG,0.0,0.0,de,1
Wes…,Wes…,ORG,0.0,0.0,de,1
libanesischen Schiitenmiliz Hisbollah,libanesischen Schiitenmiliz Hisbollah,ORG,1.0,0.0,de,1
Atomkraftwerks Kursk +++,Atomkraftwerks Kursk +++,ORG,-0.5,0.0,de,1
B2B SaaS,B2B SaaS,ORG,0.0,0.0,de,1
Marktplätze</li><li,Marktplätze</li><li,ORG,0.0,0.0,de,1
AKW Kursk,AKW Kursk,ORG,-0.7,0.0,de,1
Kremlin.ru,Kremlin.ru,ORG,0.0,0.0,de,1
"deed
","deed
",ORG,0.0,0.0,de,1
Schengen-Raum einschleuse…,Schengen-Raum einschleuse…,ORG,0.0,0.0,de,1
Russland ke…,Russland ke…,ORG,-0.3333333333333333,0.0,de,1
Ukraine + Der Nachrichtenüberblick,Ukraine + Der Nachrichtenüberblick,ORG,0.0,0.0,de,1
Antirussische separatistische Bewegung,Antirussische separatistische Bewegung,ORG,0.0,0.0,de,1
Heckl…,Heckl…,ORG,0.0,0.0,de,1
Nord-Stream-Saboteur,Nord-Stream-Saboteur,ORG,0.0,0.0,de,1
niederländische F-16-Kampfjets,niederländische F-16-Kampfjets,ORG,0.0,0.0,de,1
niederländischen Streitkräfte,niederländischen Streitkräfte,ORG,0.0,0.0,de,1
Onno Eichelsheim,Onno Eichelsheim,ORG,0.0,0.0,de,1
Rundfunk…,Rundfunk…,ORG,0.0,0.0,de,1
Schweizer Stromzukunft,Schweizer Stromzukunft,ORG,0.0,0.0,de,1
Inflations-Ausgleichsprämien,Inflations-Ausgleichsprämien,ORG,0.0,0.0,de,1
Notion,Notion,ORG,0.0,0.0,de,1
soziale Netzwerk,soziale Netzwerk,ORG,0.7,0.0,de,1
Detektive,Detektive,ORG,0.0,0.0,de,1
Bombardierung +++ Deutscher Botschafter,Bombardierung +++ Deutscher Botschafter,ORG,-1.0,0.0,de,1
Gražinytė-Tyla,Gražinytė-Tyla,ORG,0.0,0.0,de,1
JMD,JMD,ORG,0.0,0.0,de,1
++ EU,++ EU,ORG,0.0,0.0,de,1
grundsätzli…,grundsätzli…,ORG,0.7,0.0,de,1
Fußballstars se…,Fußballstars se…,ORG,0.0,0.0,de,1
Tag der Deutschen Einheit,Tag der Deutschen Einheit,ORG,1.0,0.0,de,1
Radio Free Europe,Radio Free Europe,ORG,0.7,0.0,de,1
Auswärtigen A…,Auswärtigen A…,ORG,0.0,0.0,de,1
Public Joint Stock Company Gazprom,Public Joint Stock Company Gazprom,ORG,-1.0,0.0,de,1
Amur…,Amur…,ORG,0.0,0.0,de,1
Strafverfolgun…,Strafverfolgun…,ORG,0.0,0.0,de,1
Energiekonzern One-Dyas w…,Energiekonzern One-Dyas w…,ORG,0.0,0.0,de,1
"palästinensische Organisation ""Jugend gegen Siedlungen","palästinensische Organisation ""Jugend gegen Siedlungen",ORG,1.0,0.0,de,1
YAS,YAS,ORG,1.0,0.0,de,1
Typs…,Typs…,ORG,0.0,0.0,de,1
Valgeir Lunddal!,Valgeir Lunddal!,ORG,1.0,0.0,de,1
So./13.30 Uhr/Sky,So./13.30 Uhr/Sky,ORG,0.0,0.0,de,1
Wohnm…,Wohnm…,ORG,0.0,0.0,de,1
Wuhledar +++ Scholz,Wuhledar +++ Scholz,ORG,0.7,0.0,de,1
deutschen Partei Die Grünen,deutschen Partei Die Grünen,ORG,1.0,0.0,de,1
deutschen Partei,deutschen Partei,ORG,1.0,0.0,de,1
Die Grünen ,Die Grünen ,ORG,1.0,0.0,de,1
Berliner Regierungspartei,Berliner Regierungspartei,ORG,1.0,0.0,de,1
Kulturmanager Kauffmann,Kulturmanager Kauffmann,ORG,0.0,0.0,de,1
Kiew +++ Rutte,Kiew +++ Rutte,ORG,0.7,0.0,de,1
Euro Bußgeld,Euro Bußgeld,ORG,0.0,0.0,de,1
Jeunesses Musicales Deutschland,Jeunesses Musicales Deutschland,ORG,0.0,0.0,de,1
Liberaldemokratischen Partei,Liberaldemokratischen Partei,ORG,0.0,0.0,de,1
Upstream-Emissi…,Upstream-Emissi…,ORG,0.0,0.0,de,1
Israel-Korrespondenten der NZZ,Israel-Korrespondenten der NZZ,ORG,0.0,0.0,de,1
Air …,Air …,ORG,0.0,0.0,de,1
Nationalisten +++,Nationalisten +++,ORG,0.0,0.0,de,1
Selenskyjs Siegesplan,Selenskyjs Siegesplan,ORG,-0.35,0.0,de,1
AKW Saporischschja +++ Dänemark,AKW Saporischschja +++ Dänemark,ORG,0.7,0.0,de,1
EU gerechtere Löhne,EU gerechtere Löhne,ORG,0.0,0.0,de,1
französisch…,französisch…,ORG,0.0,0.0,de,1
Aktien-ETF,Aktien-ETF,ORG,0.0,0.0,de,1
Niveau d…,Niveau d…,ORG,0.0,0.0,de,1
erreich…,erreich…,ORG,0.0,0.0,de,1
Vorstandes der Grünen Jugend Brandenburg,Vorstandes der Grünen Jugend Brandenburg,ORG,0.0,0.0,de,1
Sprecher d…,Sprecher d…,ORG,0.0,0.0,de,1
österreichischen Bundesheers,österreichischen Bundesheers,ORG,-0.35,0.0,de,1
wöchentli…,wöchentli…,ORG,0.0,0.0,de,1
Berliner Polizei sucht Zeugen,Berliner Polizei sucht Zeugen,ORG,-1.0,0.0,de,1
abges…,abges…,ORG,0.0,0.0,de,1
Alexa,Alexa,ORG,0.7,0.0,de,1
Fatal,Fatal,ORG,0.175,0.0,de,1
Putins Tiger-Show,Putins Tiger-Show,ORG,0.0,0.0,de,1
Herausforde…,Herausforde…,ORG,0.0,0.0,de,1
NATO-Rat,NATO-Rat,ORG,0.0,0.0,de,1
Sapor…,Sapor…,ORG,0.0,0.0,de,1
Überwac…,Überwac…,ORG,0.7,0.0,de,1
US-Informationen,US-Informationen,ORG,-1.0,0.0,de,1
Kami…,Kami…,ORG,0.0,0.0,de,1
Lei…,Lei…,ORG,0.0,0.0,de,1
Emissi…,Emissi…,ORG,0.0,0.0,de,1
Frankfurter di…,Frankfurter di…,ORG,0.0,0.0,de,1
Deutsch-Israelischen Zukunftsforu…,Deutsch-Israelischen Zukunftsforu…,ORG,0.15000000000000002,0.0,de,1
Fraue…,Fraue…,ORG,0.0,0.0,de,1
Noise Cancelling,Noise Cancelling,ORG,1.0,0.0,de,1
Black…,Black…,ORG,0.0,0.0,de,1
"Armageddon""-Mitglieder +++","Armageddon""-Mitglieder +++",ORG,0.0,0.0,de,1
US-Wahltag,US-Wahltag,ORG,0.0,0.0,de,1
missbr…,missbr…,ORG,0.7,0.0,de,1
Sachverständigenrat Wirtschaft,Sachverständigenrat Wirtschaft,ORG,0.0,0.0,de,1
Kiew Mirage-Kampfflugzeuge,Kiew Mirage-Kampfflugzeuge,ORG,0.5,0.0,de,1
Nobelkomitee,Nobelkomitee,ORG,0.0,0.0,de,1
Königlich Schwedische Akademie der Wissenschaften,Königlich Schwedische Akademie der Wissenschaften,ORG,0.0,0.0,de,1
Gas rußt,Gas rußt,ORG,0.0,0.0,de,1
EU-Geldern,EU-Geldern,ORG,0.0,0.0,de,1
EU-Rechnungshofes,EU-Rechnungshofes,ORG,0.0,0.0,de,1
Nischensender Welt,Nischensender Welt,ORG,0.0,0.0,de,1
Bewohne…,Bewohne…,ORG,0.0,0.0,de,1
techem veröffentlic…,techem veröffentlic…,ORG,0.0,0.0,de,1
baden-württembergische Landtag,baden-württembergische Landtag,ORG,0.0,0.0,de,1
Steam Sale,Steam Sale,ORG,0.0,0.0,de,1
Chef-Marktanalyst CMC Markets,Chef-Marktanalyst CMC Markets,ORG,0.0,0.0,de,1
Angriff verletzt +++ Scholz,Angriff verletzt +++ Scholz,ORG,-1.0,0.0,de,1
International Organization for Migration,International Organization for Migration,ORG,0.0,0.0,de,1
Stef…,Stef…,ORG,0.0,0.0,de,1
verweiger…,verweiger…,ORG,0.0,0.0,de,1
Gedenkdeba…,Gedenkdeba…,ORG,0.7,0.0,de,1
grüne Sprit,grüne Sprit,ORG,0.0,0.0,de,1
syrischen Militär,syrischen Militär,ORG,0.0,0.0,de,1
Königlich-Schwedische Akademie der Wissenschaften,Königlich-Schwedische Akademie der Wissenschaften,ORG,0.0,0.0,de,1
Gesellschaft de,Gesellschaft de,ORG,0.0,0.0,de,1
IKG,IKG,ORG,0.0,0.0,de,1
Deutschen Waffenlieferungen,Deutschen Waffenlieferungen,ORG,0.0,0.0,de,1
EU-Zöllen,EU-Zöllen,ORG,0.0,0.0,de,1
Not Merz,Not Merz,ORG,0.0,0.0,de,1
TGIIF,TGIIF,ORG,0.0,0.0,de,1
Erfolgreiche Friedensmanifestation,Erfolgreiche Friedensmanifestation,ORG,1.0,0.0,de,1
Syrien +++ Biden,Syrien +++ Biden,ORG,0.7,0.0,de,1
Panzer-Lieferungen +++,Panzer-Lieferungen +++,ORG,-0.35,0.0,de,1
Anti-Drohnen-Training +++,Anti-Drohnen-Training +++,ORG,-1.0,0.0,de,1
Pjöngjang …,Pjöngjang …,ORG,0.0,0.0,de,1
AKW Saporischschja von Geheimdienst,AKW Saporischschja von Geheimdienst,ORG,-1.0,0.0,de,1
Oppositionsführer Kara-Mursa,Oppositionsführer Kara-Mursa,ORG,0.0,0.0,de,1
Bruno-Kr…,Bruno-Kr…,ORG,0.0,0.0,de,1
CDU-Au…,CDU-Au…,ORG,0.0,0.0,de,1
Israelitische Kultusgemeinde München und Oberbayern,Israelitische Kultusgemeinde München und Oberbayern,ORG,0.0,0.0,de,1
Paks,Paks,ORG,0.0,0.0,de,1
obligato…,obligato…,ORG,0.0,0.0,de,1
Innsbrucker Kommunalbetriebe,Innsbrucker Kommunalbetriebe,ORG,0.7,0.0,de,1
IKB,IKB,ORG,0.7,0.0,de,1
++ Russlands,++ Russlands,ORG,0.0,0.0,de,1
kontra Israel,kontra Israel,ORG,0.0,0.0,de,1
Bundesliga-Topspiel,Bundesliga-Topspiel,ORG,0.0,0.0,de,1
Eintracht Frankfurt und…,Eintracht Frankfurt und…,ORG,0.0,0.0,de,1
Cockpit-Besatzung,Cockpit-Besatzung,ORG,0.0,0.0,de,1
Zentralrat der Juden,Zentralrat der Juden,ORG,0.0,0.0,de,1
Zentralrates der Juden in Deutschland,Zentralrates der Juden in Deutschland,ORG,1.0,0.0,de,1
Norad,Norad,ORG,0.0,0.0,de,1
Nordamerikanische Luftverteidigungskommando,Nordamerikanische Luftverteidigungskommando,ORG,0.0,0.0,de,1
Alaska,Alaska,ORG,0.0,0.0,de,1
HHL Leipzig Graduate School of Management,HHL Leipzig Graduate School of Management,ORG,0.7,0.0,de,1
Fridays for Future-Bewegung,Fridays for Future-Bewegung,ORG,0.0,0.0,de,1
SV Darms…,SV Darms…,ORG,-1.0,0.0,de,1
Putins Propaganda …,Putins Propaganda …,ORG,1.0,0.0,de,1
Israel +++ Angriff,Israel +++ Angriff,ORG,-0.15000000000000002,0.0,de,1
Weltö…,Weltö…,ORG,0.0,0.0,de,1
Ukraine +++ Gespräche,Ukraine +++ Gespräche,ORG,-0.5,0.0,de,1
Schreckens-Nacht,Schreckens-Nacht,ORG,0.0,0.0,de,1
Leyen,Leyen,ORG,-0.5666666666666667,0.0,de,1
Russland-Dings,Russland-Dings,ORG,0.0,0.0,de,1
FBI-Chef,FBI-Chef,ORG,0.0,0.0,de,1
Fashion Week,Fashion Week,ORG,0.0,0.0,de,1
UN-Reformplan,UN-Reformplan,ORG,0.0,0.0,de,1
UN-Reformplans,UN-Reformplans,ORG,0.0,0.0,de,1
UN-Zukunftsgipfel,UN-Zukunftsgipfel,ORG,0.0,0.0,de,1
UN-Gremiums,UN-Gremiums,ORG,0.0,0.0,de,1
Philem…,Philem…,ORG,0.0,0.0,de,1
Preisdebatte,Preisdebatte,ORG,0.0,0.0,de,1
Autohersteller,Autohersteller,ORG,0.0,0.0,de,1
Verbän…,Verbän…,ORG,0.0,0.0,de,1
Bewohner…,Bewohner…,ORG,0.0,0.0,de,1
Renais…,Renais…,ORG,0.0,0.0,de,1
SMARD,SMARD,ORG,0.0,0.0,de,1
SMARD-Plattform,SMARD-Plattform,ORG,0.0,0.0,de,1
Preisentwick…,Preisentwick…,ORG,0.0,0.0,de,1
Co2online,Co2online,ORG,0.0,0.0,de,1
Strominfrastruk…,Strominfrastruk…,ORG,0.0,0.0,de,1
Klima-Demo,Klima-Demo,ORG,0.0,0.0,de,1
Initia…,Initia…,ORG,0.0,0.0,de,1
Verhal…,Verhal…,ORG,0.0,0.0,de,1
gemac…,gemac…,ORG,0.0,0.0,de,1
Fußball-Weltverband FIFA,Fußball-Weltverband FIFA,ORG,0.0,0.0,de,1
w&auml;hlen,w&auml;hlen,ORG,0.0,0.0,de,1
Harris,Harris,ORG,0.0,0.0,de,1
US-Softwarekonzerns,US-Softwarekonzerns,ORG,0.0,0.0,de,1
Vorw…,Vorw…,ORG,0.0,0.0,de,1
US-Konzerns,US-Konzerns,ORG,0.7,0.0,de,1
Britische Zentralbank,Britische Zentralbank,ORG,0.7,0.0,de,1
Filmfestival Zürich,Filmfestival Zürich,ORG,0.0,0.0,de,1
Acea,Acea,ORG,0.7,0.0,de,1
Euro­päische Kommission,Euro­päische Kommission,ORG,0.7,0.0,de,1
SPÖ-Themen,SPÖ-Themen,ORG,0.7,0.0,de,1
Sumy +++ EU-Parlament,Sumy +++ EU-Parlament,ORG,1.0,0.0,de,1
FDP-geführte,FDP-geführte,ORG,0.0,0.0,de,1
"Automobilverband VDA
","Automobilverband VDA
",ORG,0.0,0.0,de,1
Kinderschutzbundes,Kinderschutzbundes,ORG,0.0,0.0,de,1
Deutsche Kinderschutzbund,Deutsche Kinderschutzbund,ORG,0.0,0.0,de,1
DKSB,DKSB,ORG,0.0,0.0,de,1
Klimaschutzbewe…,Klimaschutzbewe…,ORG,0.0,0.0,de,1
Grünen-Politike…,Grünen-Politike…,ORG,0.7,0.0,de,1
Prags,Prags,ORG,0.0,0.0,de,1
Ampel-Politik,Ampel-Politik,ORG,0.0,0.0,de,1
handsc…,handsc…,ORG,0.0,0.0,de,1
deutschen Ukraine-Hilfe,deutschen Ukraine-Hilfe,ORG,-1.0,0.0,de,1
US-Präside…,US-Präside…,ORG,-0.7,0.0,de,1
Paradots,Paradots,ORG,0.7,0.0,de,1
Kommandozentrale…,Kommandozentrale…,ORG,0.0,0.0,de,1
Hessens Regierungschef Rhein,Hessens Regierungschef Rhein,ORG,0.0,0.0,de,1
Ukraine-Kontaktgruppe +++ Russland,Ukraine-Kontaktgruppe +++ Russland,ORG,0.0,0.0,de,1
Uni Saarbrücken,Uni Saarbrücken,ORG,0.0,0.0,de,1
Uni Saarbrücken“,Uni Saarbrücken“,ORG,0.0,0.0,de,1
Universität des Saarlandes,Universität des Saarlandes,ORG,1.0,0.0,de,1
Dualen Hochschule Baden-Württemberg,Dualen Hochschule Baden-Württemberg,ORG,0.0,0.0,de,1
DHBW,DHBW,ORG,0.0,0.0,de,1
UN-Generaldebatte Israel,UN-Generaldebatte Israel,ORG,0.0,0.0,de,1
li…,li…,ORG,0.7,0.0,de,1
ORF-Elefantenrunde,ORF-Elefantenrunde,ORG,0.0,0.0,de,1
Deutschland +++ Slowenien,Deutschland +++ Slowenien,ORG,-0.175,0.0,de,1
russischen Polizei,russischen Polizei,ORG,0.0,0.0,de,1
Hamburger Grünen-Abgeordnete,Hamburger Grünen-Abgeordnete,ORG,0.0,0.0,de,1
Ivy May Müller,Ivy May Müller,ORG,-0.7,0.0,de,1
Nato Angriffspläne,Nato Angriffspläne,ORG,-0.7,0.0,de,1
britis…,britis…,ORG,0.0,0.0,de,1
Vereinten Nationen vo,Vereinten Nationen vo,ORG,0.0,0.0,de,1
Nasrallah +++ Angriff auf Haifa +++ Israel,Nasrallah +++ Angriff auf Haifa +++ Israel,ORG,0.0,0.0,de,1
Deeskalation +++,Deeskalation +++,ORG,0.0,0.0,de,1
Beirut ++,Beirut ++,ORG,0.0,0.0,de,1
Samara +++,Samara +++,ORG,0.0,0.0,de,1
Haifa +++ Israel,Haifa +++ Israel,ORG,0.7,0.0,de,1
Zah…,Zah…,ORG,0.0,0.0,de,1
Saporischschja“,Saporischschja“,ORG,0.0,0.0,de,1
Co-Vorsitzende der Grünen,Co-Vorsitzende der Grünen,ORG,0.0,0.0,de,1
Landesvorstands der Grünen Jugend aus der Partei,Landesvorstands der Grünen Jugend aus der Partei,ORG,0.0,0.0,de,1
Niederla…,Niederla…,ORG,0.0,0.0,de,1
russische Polizei,russische Polizei,ORG,0.0,0.0,de,1
Strom-Herstellung,Strom-Herstellung,ORG,-0.25,0.0,de,1
Genossenschaftsverband Bayern,Genossenschaftsverband Bayern,ORG,1.0,0.0,de,1
MAGAZINRUNDSCHAU,MAGAZINRUNDSCHAU,ORG,0.0,0.0,de,1
Desk Russie,Desk Russie,ORG,-0.7,0.0,de,1
NATO +++ Selenskyj,NATO +++ Selenskyj,ORG,1.0,0.0,de,1
ska…,ska…,ORG,0.0,0.0,de,1
Montagab…,Montagab…,ORG,0.0,0.0,de,1
Bauteile für Russland,Bauteile für Russland,ORG,0.0,0.0,de,1
ukrainische Nationalbank,ukrainische Nationalbank,ORG,0.0,0.0,de,1
+++ ISW,+++ ISW,ORG,0.0,0.0,de,1
Russland-Helfer++,Russland-Helfer++,ORG,0.0,0.0,de,1
Puma Allwetterjacke Team,Puma Allwetterjacke Team,ORG,0.0,0.0,de,1
FIW,FIW,ORG,0.0,0.0,de,1
GVB,GVB,ORG,1.0,0.0,de,1
Shutdown,Shutdown,ORG,0.0,0.0,de,1
Grüne Fahnen,Grüne Fahnen,ORG,0.0,0.0,de,1
mitregierende Linke,mitregierende Linke,ORG,0.0,0.0,de,1
Importverbot,Importverbot,ORG,0.0,0.0,de,1
Autos Cyberwaffen,Autos Cyberwaffen,ORG,0.0,0.0,de,1
Grünen-Bundesvorstandes,Grünen-Bundesvorstandes,ORG,0.85,0.0,de,1
Berl…,Berl…,ORG,0.0,0.0,de,1
Iran +,Iran +,ORG,-0.85,0.0,de,1
PKW-Exporte,PKW-Exporte,ORG,-1.0,0.0,de,1
Washington & Co,Washington & Co,ORG,0.0,0.0,de,1
Atom-Knopf,Atom-Knopf,ORG,0.0,0.0,de,1
Propaganda!,Propaganda!,ORG,0.0,0.0,de,1
Ukrainische Jets,Ukrainische Jets,ORG,0.0,0.0,de,1
Militärhilfe nac…,Militärhilfe nac…,ORG,0.0,0.0,de,1
DasProdukt.de,DasProdukt.de,ORG,0.3333333333333333,0.0,de,1
ukrainische Justizministerium,ukrainische Justizministerium,ORG,0.0,0.0,de,1
NATO-Vertreter +++,NATO-Vertreter +++,ORG,0.7,0.0,de,1
UN-Sicherheitsratssitzung,UN-Sicherheitsratssitzung,ORG,0.0,0.0,de,1
++ Stoltenberg,++ Stoltenberg,ORG,0.0,0.0,de,1
Hochschule Kleve,Hochschule Kleve,ORG,0.0,0.0,de,1
Hochschule Rhein-Waal,Hochschule Rhein-Waal,ORG,-1.0,0.0,de,1
Freie Universität,Freie Universität,ORG,0.016666666666666646,0.0,de,1
Bayerns SPD-Landeschef,Bayerns SPD-Landeschef,ORG,0.7,0.0,de,1
Ostdeutschen,Ostdeutschen,ORG,0.0,0.0,de,1
Wiesbaden +++ Verlegung,Wiesbaden +++ Verlegung,ORG,0.7,0.0,de,1
Bank of Zambia,Bank of Zambia,ORG,0.7,0.0,de,1
Moskaus Aggression,Moskaus Aggression,ORG,0.0,0.0,de,1
Fluchtautos,Fluchtautos,ORG,0.0,0.0,de,1
Bayerns SPD-Chef,Bayerns SPD-Chef,ORG,-1.0,0.0,de,1
Wonnemonat für Unterkunftsanbieter,Wonnemonat für Unterkunftsanbieter,ORG,0.7,0.0,de,1
Putins Horror-Angriff,Putins Horror-Angriff,ORG,0.0,0.0,de,1
Amerikanischer Super-Taurus,Amerikanischer Super-Taurus,ORG,0.0,0.0,de,1
Bedr…,Bedr…,ORG,0.0,0.0,de,1
US-Marschflugkörper,US-Marschflugkörper,ORG,0.0,0.0,de,1
Apple & Co.,Apple & Co.,ORG,0.0,0.0,de,1
ukrainischen Streitkräfte s…,ukrainischen Streitkräfte s…,ORG,0.0,0.0,de,1
Rheinmetall-Chef,Rheinmetall-Chef,ORG,-1.0,0.0,de,1
Rheinmetall-Chef“,Rheinmetall-Chef“,ORG,-1.0,0.0,de,1
Sicherheitsabkom…,Sicherheitsabkom…,ORG,0.0,0.0,de,1
Christoph Heusgen sc…,Christoph Heusgen sc…,ORG,0.0,0.0,de,1
NATO-Ukraine-Kommando,NATO-Ukraine-Kommando,ORG,0.0,0.0,de,1
US-Terrorwarnung,US-Terrorwarnung,ORG,0.0,0.0,de,1
Augsburger Al…,Augsburger Al…,ORG,0.0,0.0,de,1
Russisch-Orthodoxe Kirche,Russisch-Orthodoxe Kirche,ORG,0.0,0.0,de,1
Sommer +++,Sommer +++,ORG,0.0,0.0,de,1
Sebastia…,Sebastia…,ORG,0.7,0.0,de,1
Cha…,Cha…,ORG,0.7,0.0,de,1
CMF Buds,CMF Buds,ORG,0.0,0.0,de,1
Einstiegs-Kopfhörer,Einstiegs-Kopfhörer,ORG,0.0,0.0,de,1
Tr… CMF,Tr… CMF,ORG,0.85,0.0,de,1
Bundeswehr-Etat,Bundeswehr-Etat,ORG,-1.0,0.0,de,1
Gefährliches Lotto-Gück!,Gefährliches Lotto-Gück!,ORG,-1.0,0.0,de,1
NATO-Einladung,NATO-Einladung,ORG,0.0,0.0,de,1
Prod…,Prod…,ORG,0.0,0.0,de,1
ständi…,ständi…,ORG,0.0,0.0,de,1
Angriff…,Angriff…,ORG,-1.0,0.0,de,1
Ukraine +++ Vermisster Junge,Ukraine +++ Vermisster Junge,ORG,-0.325,0.0,de,1
+++ UN-Sicherheitsrat,+++ UN-Sicherheitsrat,ORG,-0.325,0.0,de,1
Gasunabhäng…,Gasunabhäng…,ORG,0.0,0.0,de,1
Atomkraft</li></ol,Atomkraft</li></ol,ORG,0.0,0.0,de,1
Narend…,Narend…,ORG,0.0,0.0,de,1
Klinik v,Klinik v,ORG,-0.35,0.0,de,1
Linke-Gruppe,Linke-Gruppe,ORG,0.0,0.0,de,1
Palästina-Solidarität,Palästina-Solidarität,ORG,0.0,0.0,de,1
AI,AI,ORG,-1.0,0.0,de,1
Putins Invasionsarmee,Putins Invasionsarmee,ORG,0.0,0.0,de,1
NATO-Bündnispartnern,NATO-Bündnispartnern,ORG,0.7,0.0,de,1
Ronald Reagan Institute,Ronald Reagan Institute,ORG,0.0,0.0,de,1
unterschiedlic…,unterschiedlic…,ORG,0.0,0.0,de,1
Exil-Ukrainern,Exil-Ukrainern,ORG,0.0,0.0,de,1
US-Langstreckenraketen,US-Langstreckenraketen,ORG,0.0,0.0,de,1
niederlän­dischen Umwelt-NGO Milieud…,niederlän­dischen Umwelt-NGO Milieud…,ORG,0.0,0.0,de,1
Nato-Gipfels +++ Ukraine,Nato-Gipfels +++ Ukraine,ORG,0.7,0.0,de,1
US-Staaten,US-Staaten,ORG,0.0,0.0,de,1
GFZ Potsdam Silber-Plakette,GFZ Potsdam Silber-Plakette,ORG,0.0,0.0,de,1
Geoforschungszentrum Potsdam,Geoforschungszentrum Potsdam,ORG,1.0,0.0,de,1
Helmholtz-Labor,Helmholtz-Labor,ORG,1.0,0.0,de,1
GeoBioLab,GeoBioLab,ORG,1.0,0.0,de,1
Secret-Service-Chefin,Secret-Service-Chefin,ORG,0.0,0.0,de,1
Vors…,Vors…,ORG,0.0,0.0,de,1
Info +++ Luftalarm,Info +++ Luftalarm,ORG,-0.2333333333333333,0.0,de,1
Neue Bauernpartei,Neue Bauernpartei,ORG,0.0,0.0,de,1
DLW,DLW,ORG,0.0,0.0,de,1
Israels Parlament,Israels Parlament,ORG,0.0,0.0,de,1
Israelisches Parlament,Israelisches Parlament,ORG,0.0,0.0,de,1
Jemen +++,Jemen +++,ORG,1.0,0.0,de,1
Wagenknechts Russland-Kurs,Wagenknechts Russland-Kurs,ORG,0.7,0.0,de,1
Southwark Crown Court,Southwark Crown Court,ORG,0.0,0.0,de,1
Sicherheitsleistunge…,Sicherheitsleistunge…,ORG,0.6999999999999998,0.0,de,1
Bad Honnef,Bad Honnef,ORG,-0.7,0.0,de,1
Schöning…,Schöning…,ORG,0.0,0.0,de,1
Polizei Drogen,Polizei Drogen,ORG,0.0,0.0,de,1
Pariser Gastronomen,Pariser Gastronomen,ORG,-1.0,0.0,de,1
Russlands Regime,Russlands Regime,ORG,-1.0,0.0,de,1
Gefangennahme Gershkovichs,Gefangennahme Gershkovichs,ORG,0.0,0.0,de,1
FSB…,FSB…,ORG,0.0,0.0,de,1
Republikanischen Partei,Republikanischen Partei,ORG,0.0,0.0,de,1
Herr Keller,Herr Keller,ORG,0.0,0.0,de,1
Fedka,Fedka,ORG,0.7,0.0,de,1
Flintlock,Flintlock,ORG,0.0,0.0,de,1
Polizei Luftdruckwaffen,Polizei Luftdruckwaffen,ORG,0.0,0.0,de,1
Babylon Berlin,Babylon Berlin,ORG,0.0,0.0,de,1
Attentäter +++ Trump,Attentäter +++ Trump,ORG,-1.0,0.0,de,1
Risi…,Risi…,ORG,-1.0,0.0,de,1
Münchner Agrarhandels- und En,Münchner Agrarhandels- und En,ORG,0.7,0.0,de,1
Vorfa…,Vorfa…,ORG,0.0,0.0,de,1
Tasche,Tasche,ORG,-1.0,0.0,de,1
Dei…,Dei…,ORG,0.0,0.0,de,1
Spie…,Spie…,ORG,0.0,0.0,de,1
Präsidialkanzl…,Präsidialkanzl…,ORG,0.0,0.0,de,1
Fight!,Fight!,ORG,0.0,0.0,de,1
Systems UN,Systems UN,ORG,-1.0,0.0,de,1
Gewalt +++ Scholz,Gewalt +++ Scholz,ORG,-1.0,0.0,de,1
Secret Service +++ FBI,Secret Service +++ FBI,ORG,-1.0,0.0,de,1
New Jersey +++ Biden,New Jersey +++ Biden,ORG,-1.0,0.0,de,1
ukrainische Eisenbahn,ukrainische Eisenbahn,ORG,0.0,0.0,de,1
Ermittlungskrei…,Ermittlungskrei…,ORG,0.0,0.0,de,1
Pipeline Nordstream 1,Pipeline Nordstream 1,ORG,0.0,0.0,de,1
Explorationsboh…,Explorationsboh…,ORG,0.0,0.0,de,1
Jets ++,Jets ++,ORG,0.0,0.0,de,1
Orbans Putin-Besuch,Orbans Putin-Besuch,ORG,0.0,0.0,de,1
Friedensgipfel +++ Bundesregierung,Friedensgipfel +++ Bundesregierung,ORG,-0.15000000000000002,0.0,de,1
Kampfjet-Lieferung +++,Kampfjet-Lieferung +++,ORG,-0.15000000000000002,0.0,de,1
Stadtplanung,Stadtplanung,ORG,0.0,0.0,de,1
Hammer-Hardware!,Hammer-Hardware!,ORG,0.0,0.0,de,1
UN-Flüchtlingskommissar,UN-Flüchtlingskommissar,ORG,0.15000000000000002,0.0,de,1
Bauteilen für Drohnen,Bauteilen für Drohnen,ORG,0.0,0.0,de,1
Schwarzmeerregion,Schwarzmeerregion,ORG,0.85,0.0,de,1
Datenauf…,Datenauf…,ORG,0.0,0.0,de,1
ungaris…,ungaris…,ORG,0.0,0.0,de,1
Gas- und Stromversorgu…,Gas- und Stromversorgu…,ORG,0.0,0.0,de,1
Fälschern +++,Fälschern +++,ORG,0.0,0.0,de,1
Oblast Cherson +++,Oblast Cherson +++,ORG,0.0,0.0,de,1
Oleksandr Prokudin,Oleksandr Prokudin,ORG,0.0,0.0,de,1
Bachmut ++,Bachmut ++,ORG,0.0,0.0,de,1
Migros,Migros,ORG,0.0,0.0,de,1
jü…,jü…,ORG,0.0,0.0,de,1
Bal…,Bal…,ORG,0.0,0.0,de,1
Toronto Blue Jays,Toronto Blue Jays,ORG,-0.15000000000000002,0.0,de,1
New York Yankees,New York Yankees,ORG,-0.15000000000000002,0.0,de,1
TU Graz,TU Graz,ORG,0.7,0.0,de,1
Institut für Architektur und Landschaft,Institut für Architektur und Landschaft,ORG,1.0,0.0,de,1
Grazer Technischen Universität,Grazer Technischen Universität,ORG,1.0,0.0,de,1
PiS-Regierung in Polen,PiS-Regierung in Polen,ORG,0.7,0.0,de,1
Tijan Sila,Tijan Sila,ORG,0.0,0.0,de,1
nationalen Klima- und Energieplans,nationalen Klima- und Energieplans,ORG,0.0,0.0,de,1
NEKP,NEKP,ORG,0.0,0.0,de,1
Klimavorsorge,Klimavorsorge,ORG,0.0,0.0,de,1
NATO-Beitrittsperspektive,NATO-Beitrittsperspektive,ORG,0.0,0.0,de,1
Ukraine +++ Belarus,Ukraine +++ Belarus,ORG,0.7,0.0,de,1
Spirit Aerosystems,Spirit Aerosystems,ORG,0.7,0.0,de,1
Schwammwälder übern…,Schwammwälder übern…,ORG,0.7,0.0,de,1
Vorsitzender des Auswärtigen Ausschusses,Vorsitzender des Auswärtigen Ausschusses,ORG,0.0,0.0,de,1
MFG,MFG,ORG,0.0,0.0,de,1
Stiftung Mercator,Stiftung Mercator,ORG,0.0,0.0,de,1
Stiftung Mercator) Foto,Stiftung Mercator) Foto,ORG,0.7,0.0,de,1
Grenztruppen der autoritär,Grenztruppen der autoritär,ORG,-0.85,0.0,de,1
Next Generation,Next Generation,ORG,0.0,0.0,de,1
"PH
","PH
",ORG,0.0,0.0,de,1
Totschlag …,Totschlag …,ORG,0.0,0.0,de,1
Silja Graupes Hochschule,Silja Graupes Hochschule,ORG,0.0,0.0,de,1
Misstöne,Misstöne,ORG,0.0,0.0,de,1
Nebenan,Nebenan,ORG,0.0,0.0,de,1
mo…,mo…,ORG,0.0,0.0,de,1
Brunners Budget,Brunners Budget,ORG,0.0,0.0,de,1
ZBI,ZBI,ORG,0.0,0.0,de,1
Steuerpläne der Regierung zu Fall,Steuerpläne der Regierung zu Fall,ORG,0.0,0.0,de,1
Jordan,Jordan,ORG,0.0,0.0,de,1
Schweizer Notenbank,Schweizer Notenbank,ORG,0.0,0.0,de,1
Bratwur…,Bratwur…,ORG,0.0,0.0,de,1
derar…,derar…,ORG,0.0,0.0,de,1
The Pokemon Company,The Pokemon Company,ORG,0.0,0.0,de,1
VR &amp,VR &amp,ORG,0.0,0.0,de,1
Fanzone Stuttgart,Fanzone Stuttgart,ORG,0.0,0.0,de,1
Staa…,Staa…,ORG,0.0,0.0,de,1
Künf…,Künf…,ORG,0.0,0.0,de,1
Tatvorwur…,Tatvorwur…,ORG,0.0,0.0,de,1
real,real,ORG,0.0,0.0,de,1
Atmosfair,Atmosfair,ORG,0.0,0.0,de,1
Bid…,Bid…,ORG,0.0,0.0,de,1
mauen…,mauen…,ORG,0.0,0.0,de,1
Europäische Frauenpower,Europäische Frauenpower,ORG,0.0,0.0,de,1
VR & PH,VR & PH,ORG,0.0,0.0,de,1
Frankreich,Frankreich,ORG,-0.7,0.0,de,1
dpa/lsw,dpa/lsw,ORG,-1.0,0.0,de,1
Instit…,Instit…,ORG,0.0,0.0,de,1
Kriegs +++,Kriegs +++,ORG,0.7,0.0,de,1
bel…,bel…,ORG,0.0,0.0,de,1
Investigativportal The Insi…,Investigativportal The Insi…,ORG,0.0,0.0,de,1
++ NATO-Chef,++ NATO-Chef,ORG,0.0,0.0,de,1
Breaking News,Breaking News,ORG,0.7,0.0,de,1
Duisburg…,Duisburg…,ORG,0.0,0.0,de,1
Gasag Solution Plus GmbH,Gasag Solution Plus GmbH,ORG,0.0,0.0,de,1
Schuldenbremse einzuh…,Schuldenbremse einzuh…,ORG,1.0,0.0,de,1
Sumy +++ Selenskyj,Sumy +++ Selenskyj,ORG,0.7,0.0,de,1
++ Fico,++ Fico,ORG,-1.0,0.0,de,1
KTH,KTH,ORG,1.0,0.0,de,1
Kriegstreiber +++ Ukraine,Kriegstreiber +++ Ukraine,ORG,0.7,0.0,de,1
Lenkbomben-Angriff,Lenkbomben-Angriff,ORG,0.7,0.0,de,1
Inflationsbilanz,Inflationsbilanz,ORG,0.0,0.0,de,1
Slawena…,Slawena…,ORG,0.0,0.0,de,1
Wahlkampf-Coup,Wahlkampf-Coup,ORG,0.0,0.0,de,1
Dilemma</li></ol,Dilemma</li></ol,ORG,0.0,0.0,de,1
Ukraine-Forschung,Ukraine-Forschung,ORG,0.0,0.0,de,1
Deutsche Akademische Auslandsdienst,Deutsche Akademische Auslandsdienst,ORG,0.7,0.0,de,1
Neue britische Regierung,Neue britische Regierung,ORG,0.0,0.0,de,1
Rishi Sunak…,Rishi Sunak…,ORG,0.0,0.0,de,1
Su-25-Kampfjet,Su-25-Kampfjet,ORG,0.0,0.0,de,1
Sicherheitsk…,Sicherheitsk…,ORG,0.7,0.0,de,1
Bu,Bu,ORG,0.0,0.0,de,1
Diamond League,Diamond League,ORG,0.7,0.0,de,1
Inlandsgeheimdienstes SBU,Inlandsgeheimdienstes SBU,ORG,0.0,0.0,de,1
Tee +++,Tee +++,ORG,0.0,0.0,de,1
Bundes für Investitionen,Bundes für Investitionen,ORG,0.0,0.0,de,1
Wirtsch…,Wirtsch…,ORG,0.0,0.0,de,1
Stiftung Klimawirtschaft…,Stiftung Klimawirtschaft…,ORG,0.0,0.0,de,1
US-Medium,US-Medium,ORG,0.0,0.0,de,1
S-Bahn-Krise,S-Bahn-Krise,ORG,0.0,0.0,de,1
Greta-AG!,Greta-AG!,ORG,0.0,0.0,de,1
Corona-Krise!,Corona-Krise!,ORG,0.0,0.0,de,1
RedaktionsNetzwerk Deutschland,RedaktionsNetzwerk Deutschland,ORG,0.0,0.0,de,1
beschädi…,beschädi…,ORG,0.0,0.0,de,1
Iskander-Angriff,Iskander-Angriff,ORG,0.0,0.0,de,1
Nazi-Werke +++,Nazi-Werke +++,ORG,0.0,0.0,de,1
VKontakte,VKontakte,ORG,0.0,0.0,de,1
WIIW,WIIW,ORG,0.0,0.0,de,1
Türke…,Türke…,ORG,0.0,0.0,de,1
Austin …,Austin …,ORG,0.0,0.0,de,1
Nordkorea +++ Russisches Gericht,Nordkorea +++ Russisches Gericht,ORG,0.7,0.0,de,1
Frankfurter Diebesgrund,Frankfurter Diebesgrund,ORG,-0.7,0.0,de,1
Abg…,Abg…,ORG,0.0,0.0,de,1
wiiw,wiiw,ORG,0.0,0.0,de,1
Landesverwaltung,Landesverwaltung,ORG,0.0,0.0,de,1
Open-World-Meisterwerk,Open-World-Meisterwerk,ORG,0.0,0.0,de,1
Warschau +++ Erster Orbán-Besuch,Warschau +++ Erster Orbán-Besuch,ORG,0.7,0.0,de,1
Kriegsbeginn +++ US-Verteidigungsminister,Kriegsbeginn +++ US-Verteidigungsminister,ORG,0.7,0.0,de,1
EM-Fangesänge,EM-Fangesänge,ORG,0.0,0.0,de,1
Selenskyjs Balanceakt,Selenskyjs Balanceakt,ORG,0.0,0.0,de,1
Kriegspartei +++ NATO,Kriegspartei +++ NATO,ORG,0.7,0.0,de,1
Fremdanbietern,Fremdanbietern,ORG,-0.7,0.0,de,1
BSW-Gruppe,BSW-Gruppe,ORG,0.0,0.0,de,1
Leitzins-Senkung,Leitzins-Senkung,ORG,0.0,0.0,de,1
Wear…,Wear…,ORG,0.0,0.0,de,1
Lucerne Festival,Lucerne Festival,ORG,0.7,0.0,de,1
Panzerf…,Panzerf…,ORG,0.0,0.0,de,1
NT-Kernel,NT-Kernel,ORG,0.0,0.0,de,1
Coop-Kundschaft,Coop-Kundschaft,ORG,1.0,0.0,de,1
Messerkriminalität…,Messerkriminalität…,ORG,0.0,0.0,de,1
"Bund 
","Bund 
",ORG,0.0,0.0,de,1
Geheimdiensts FSB,Geheimdiensts FSB,ORG,0.0,0.0,de,1
El País,El País,ORG,0.0,0.0,de,1
Ex-Regierungschefin,Ex-Regierungschefin,ORG,0.7,0.0,de,1
Hindu-Buddhistisch-christlichen Einheitsrates …,Hindu-Buddhistisch-christlichen Einheitsrates …,ORG,0.0,0.0,de,1
radiokative Abfälle,radiokative Abfälle,ORG,0.7,0.0,de,1
Kretschmer-Vorstoß +++,Kretschmer-Vorstoß +++,ORG,1.0,0.0,de,1
balli…,balli…,ORG,0.0,0.0,de,1
Dnipro-Halbinsel +++,Dnipro-Halbinsel +++,ORG,-1.0,0.0,de,1
Kretschmer +++,Kretschmer +++,ORG,0.0,0.0,de,1
Drohne +++,Drohne +++,ORG,0.0,0.0,de,1
Kostjantyniwka +++,Kostjantyniwka +++,ORG,0.0,0.0,de,1
Atomkraftwerk Kursk +++,Atomkraftwerk Kursk +++,ORG,0.0,0.0,de,1
fei…,fei…,ORG,0.0,0.0,de,1
Ukraine-Waffenhilfe ++,Ukraine-Waffenhilfe ++,ORG,0.0,0.0,de,1
Russlands Rosatom,Russlands Rosatom,ORG,0.0,0.0,de,1
Grenze +++ Selenskyj,Grenze +++ Selenskyj,ORG,0.7,0.0,de,1
Oberverwaltungsg…,Oberverwaltungsg…,ORG,0.0,0.0,de,1
Plän…,Plän…,ORG,0.0,0.0,de,1
Kursk…,Kursk…,ORG,0.0,0.0,de,1
Signal,Signal,ORG,-1.0,0.0,de,1
Kursk-Offensive,Kursk-Offensive,ORG,0.0,0.0,de,1
DLLs,DLLs,ORG,0.0,0.0,de,1
BSW-Europaabgeordneter De Masi,BSW-Europaabgeordneter De Masi,ORG,0.7,0.0,de,1
Eberl-Ansage,Eberl-Ansage,ORG,0.0,0.0,de,1
Institut für…,Institut für…,ORG,0.0,0.0,de,1
Ägypt…,Ägypt…,ORG,0.7,0.0,de,1
Johns Hopkins University,Johns Hopkins University,ORG,0.0,0.0,de,1
Al-Schabab-Miliz,Al-Schabab-Miliz,ORG,1.0,0.0,de,1
Al-Schabab,Al-Schabab,ORG,0.0,0.0,de,1
Europas…,Europas…,ORG,0.0,0.0,de,1
Olympia-Gold,Olympia-Gold,ORG,0.0,0.0,de,1
malische Armee,malische Armee,ORG,-1.0,0.0,de,1
ETF-Sparplan,ETF-Sparplan,ORG,0.0,0.0,de,1
Ostseeküste,Ostseeküste,ORG,-1.0,0.0,de,1
beleb…,beleb…,ORG,-1.0,0.0,de,1
Anti-Ukraine-Stimmung,Anti-Ukraine-Stimmung,ORG,0.0,0.0,de,1
US-Verteidigungsministeriums der Deutschen Pr…,US-Verteidigungsministeriums der Deutschen Pr…,ORG,0.7,0.0,de,1
Co,Co,ORG,-0.7,0.0,de,1
++Selenskyj,++Selenskyj,ORG,1.0,0.0,de,1
Schüsse ge,Schüsse ge,ORG,0.0,0.0,de,1
ZEIT-Interview,ZEIT-Interview,ORG,0.0,0.0,de,1
KKR,KKR,ORG,-0.7,0.0,de,1
PR-Größe,PR-Größe,ORG,-0.7,0.0,de,1
FGS-Deal,FGS-Deal,ORG,-0.7,0.0,de,1
Finanzinvestoren,Finanzinvestoren,ORG,0.0,0.0,de,1
PR-Agenturen,PR-Agenturen,ORG,0.0,0.0,de,1
Private-Equity-Haus KKR,Private-Equity-Haus KKR,ORG,0.0,0.0,de,1
Atomkraftwerk Kursk +++ Russland,Atomkraftwerk Kursk +++ Russland,ORG,0.7,0.0,de,1
CDU-nahen Konrad-Adenauer-Stiftung,CDU-nahen Konrad-Adenauer-Stiftung,ORG,0.7,0.0,de,1
US-Politik +++,US-Politik +++,ORG,0.0,0.0,de,1
DDR-Diktatur,DDR-Diktatur,ORG,0.0,0.0,de,1
Staats-TV!,Staats-TV!,ORG,-1.0,0.0,de,1
Efre…,Efre…,ORG,0.0,0.0,de,1
Bürgergeldes,Bürgergeldes,ORG,-0.7,0.0,de,1
Feuerwehr-Hilfskonvoi,Feuerwehr-Hilfskonvoi,ORG,0.0,0.0,de,1
Flughafen,Flughafen,ORG,0.0,0.0,de,1
Organisat…,Organisat…,ORG,0.0,0.0,de,1
Russlands Nachbarn,Russlands Nachbarn,ORG,0.0,0.0,de,1
Cold Hawaii,Cold Hawaii,ORG,0.0,0.0,de,1
Massendurch…,Massendurch…,ORG,0.0,0.0,de,1
Vormarsches ukrainischer Streitkräfte,Vormarsches ukrainischer Streitkräfte,ORG,0.7,0.0,de,1
Nervenba…,Nervenba…,ORG,0.0,0.0,de,1
Energieve…,Energieve…,ORG,0.0,0.0,de,1
Kse…,Kse…,ORG,0.0,0.0,de,1
Dax-Konzer…,Dax-Konzer…,ORG,0.7,0.0,de,1
Ukraine-Offensive Kursk,Ukraine-Offensive Kursk,ORG,0.0,0.0,de,1
++ Nachschub,++ Nachschub,ORG,0.0,0.0,de,1
++ Israels Armee,++ Israels Armee,ORG,0.0,0.0,de,1
Westjorda…,Westjorda…,ORG,0.0,0.0,de,1
Deutschland +++ Selenskyj,Deutschland +++ Selenskyj,ORG,0.0,0.0,de,1
AKW-Türme,AKW-Türme,ORG,0.0,0.0,de,1
Minderausg…,Minderausg…,ORG,0.0,0.0,de,1
Ukraine-Hilfe unklug +++,Ukraine-Hilfe unklug +++,ORG,-1.0,0.0,de,1
Universität der Bundeswehr München,Universität der Bundeswehr München,ORG,0.0,0.0,de,1
AKW Kursk +++,AKW Kursk +++,ORG,0.0,0.0,de,1
AKW Saporisch…,AKW Saporisch…,ORG,0.0,0.0,de,1
ukrainischen Spezialkräften,ukrainischen Spezialkräften,ORG,0.0,0.0,de,1
kremltreuen Zeitung,kremltreuen Zeitung,ORG,0.0,0.0,de,1
jüngeren Generation,jüngeren Generation,ORG,0.0,0.0,de,1
Bezalel Smotrich,Bezalel Smotrich,ORG,0.0,0.0,de,1
Heiz…,Heiz…,ORG,-1.0,0.0,de,1
Kursk +++ Ukraine,Kursk +++ Ukraine,ORG,0.0,0.0,de,1
Europäischen Statistikamtes,Europäischen Statistikamtes,ORG,0.0,0.0,de,1
Russland besetz…,Russland besetz…,ORG,0.0,0.0,de,1
Internationale Medi…,Internationale Medi…,ORG,0.0,0.0,de,1
Kursk Luftangriffe,Kursk Luftangriffe,ORG,0.0,0.0,de,1
Terraforming Mars,Terraforming Mars,ORG,0.0,0.0,de,1
Disney Cruise Line,Disney Cruise Line,ORG,0.0,0.0,de,1
Kursk +++ Verfassungsschutz,Kursk +++ Verfassungsschutz,ORG,0.0,0.0,de,1
Fake News +++,Fake News +++,ORG,0.0,0.0,de,1
Landesamtes für Verfassungsschutz,Landesamtes für Verfassungsschutz,ORG,0.0,0.0,de,1
russische Belgorod,russische Belgorod,ORG,0.0,0.0,de,1
Solar-Powerbank,Solar-Powerbank,ORG,0.0,0.0,de,1
Barcelona Institute of Global Health,Barcelona Institute of Global Health,ORG,0.0,0.0,de,1
Russlands Prä…,Russlands Prä…,ORG,0.0,0.0,de,1
Index Research,Index Research,ORG,0.7,0.0,de,1
Imm…,Imm…,ORG,0.0,0.0,de,1
Palästinenser-Präsident Abbas,Palästinenser-Präsident Abbas,ORG,0.0,0.0,de,1
Zentrum von London,Zentrum von London,ORG,-1.0,0.0,de,1
britischen …,britischen …,ORG,0.0,0.0,de,1
Sicherheitsmaßnahme +++ Kiew,Sicherheitsmaßnahme +++ Kiew,ORG,0.0,0.0,de,1
Luftwa…,Luftwa…,ORG,0.0,0.0,de,1
Statistischem Bun…,Statistischem Bun…,ORG,0.0,0.0,de,1
SPD-Präsidium,SPD-Präsidium,ORG,0.7,0.0,de,1
Klimafonds KTF,Klimafonds KTF,ORG,1.0,0.0,de,1
BEG,BEG,ORG,1.0,0.0,de,1
Kriminalpolizei,Kriminalpolizei,ORG,0.0,0.0,de,1
US-Nachrichtenseite,US-Nachrichtenseite,ORG,0.0,0.0,de,1
Terrororganisation Hisbollah,Terrororganisation Hisbollah,ORG,0.7,0.0,de,1
nigerianische Regierung,nigerianische Regierung,ORG,0.0,0.0,de,1
Verband…,Verband…,ORG,0.0,0.0,de,1
Militärfähre +++ Russland,Militärfähre +++ Russland,ORG,0.7,0.0,de,1
Sommer-Pressekonferenz,Sommer-Pressekonferenz,ORG,0.0,0.0,de,1
Putins Atomingenieure,Putins Atomingenieure,ORG,0.0,0.0,de,1
Menschenre…,Menschenre…,ORG,0.0,0.0,de,1
Klimaneutraler Stahl,Klimaneutraler Stahl,ORG,0.0,0.0,de,1
Auktion +++,Auktion +++,ORG,0.0,0.0,de,1
Wieder…,Wieder…,ORG,0.0,0.0,de,1
Menschenrechtsbeobachtungsmission der Vereinten Nationen,Menschenrechtsbeobachtungsmission der Vereinten Nationen,ORG,-1.0,0.0,de,1
Unfallo…,Unfallo…,ORG,0.0,0.0,de,1
ukrainische Ministerium für Kultur und Informationspolitik,ukrainische Ministerium für Kultur und Informationspolitik,ORG,0.0,0.0,de,1
Kiews Kapitulation +++,Kiews Kapitulation +++,ORG,0.0,0.0,de,1
ukrainische Polizei,ukrainische Polizei,ORG,-1.0,0.0,de,1
Tagen +++,Tagen +++,ORG,0.0,0.0,de,1
Stromausfälle,Stromausfälle,ORG,0.0,0.0,de,1
Offiziere +++,Offiziere +++,ORG,0.0,0.0,de,1
Hauptnachrichtendirektion,Hauptnachrichtendirektion,ORG,0.0,0.0,de,1
Moskau G,Moskau G,ORG,0.0,0.0,de,1
Maritime Herausforderung,Maritime Herausforderung,ORG,0.0,0.0,de,1
Huthi-Guerilla,Huthi-Guerilla,ORG,0.0,0.0,de,1
Guerillataktiken,Guerillataktiken,ORG,0.0,0.0,de,1
Russische Marine,Russische Marine,ORG,0.0,0.0,de,1
Kriegszielen +++ Drohnen,Kriegszielen +++ Drohnen,ORG,0.7,0.0,de,1
Rumänien +++ EU-Staaten,Rumänien +++ EU-Staaten,ORG,0.7,0.0,de,1
Internationalen Nikola…,Internationalen Nikola…,ORG,0.7,0.0,de,1
Mittwocha…,Mittwocha…,ORG,0.0,0.0,de,1
China +++ Ukraine,China +++ Ukraine,ORG,0.7,0.0,de,1
Web Computing,Web Computing,ORG,0.0,0.0,de,1
KI-Spezialisten,KI-Spezialisten,ORG,0.0,0.0,de,1
RFE/RL,RFE/RL,ORG,0.0,0.0,de,1
Manchester United +++ Abgang,Manchester United +++ Abgang,ORG,1.0,0.0,de,1
Darmstadt 98 +++ Spaniens EM-Kapitän,Darmstadt 98 +++ Spaniens EM-Kapitän,ORG,1.0,0.0,de,1
Verein +++ Alle Infos,Verein +++ Alle Infos,ORG,1.0,0.0,de,1
Bundesligaverein Union Berlin,Bundesligaverein Union Berlin,ORG,0.0,0.0,de,1
ukrainische Energieinfrastruktur +++,ukrainische Energieinfrastruktur +++,ORG,0.7,0.0,de,1
US-Präsidentschaftsrennen,US-Präsidentschaftsrennen,ORG,0.7,0.0,de,1
zahlre…,zahlre…,ORG,0.0,0.0,de,1
unterla…,unterla…,ORG,0.0,0.0,de,1
HIV-Infektionen,HIV-Infektionen,ORG,0.0,0.0,de,1
HI-Virus,HI-Virus,ORG,0.0,0.0,de,1
Einwend…,Einwend…,ORG,0.0,0.0,de,1
EU-Außenbeauftragte Konsequenzen,EU-Außenbeauftragte Konsequenzen,ORG,-0.7,0.0,de,1
X-Besitzer,X-Besitzer,ORG,0.7,0.0,de,1
Finanz-Gesc…,Finanz-Gesc…,ORG,0.0,0.0,de,1
EU für Ärger,EU für Ärger,ORG,0.7,0.0,de,1
Russen-Öl,Russen-Öl,ORG,0.0,0.0,de,1
"Welt-Klima-Ticker +++
Klima-Fakt","Welt-Klima-Ticker +++
Klima-Fakt",ORG,0.7749999999999999,0.0,de,1
dpa/lby,dpa/lby,ORG,0.0,0.0,de,1
Legitimation …,Legitimation …,ORG,0.0,0.0,de,1
RP Kahl,RP Kahl,ORG,0.0,0.0,de,1
Ex-Frau,Ex-Frau,ORG,0.0,0.0,de,1
Ukrainische Sanktionen,Ukrainische Sanktionen,ORG,0.7,0.0,de,1
Hitachi,Hitachi,ORG,-0.7,0.0,de,1
Zentrum der Aufmerksamkeit …,Zentrum der Aufmerksamkeit …,ORG,0.0,0.0,de,1
LNG-Transporte,LNG-Transporte,ORG,-0.7,0.0,de,1
Frankfurter Flughafens,Frankfurter Flughafens,ORG,0.0,0.0,de,1
Gefa…,Gefa…,ORG,0.0,0.0,de,1
Feind Erdoan,Feind Erdoan,ORG,0.0,0.0,de,1
Mod Fallout London,Mod Fallout London,ORG,0.675,0.0,de,1
kommuna…,kommuna…,ORG,0.0,0.0,de,1
libanesis…,libanesis…,ORG,0.0,0.0,de,1
Bombardements,Bombardements,ORG,0.0,0.0,de,1
Aktionsplan fü…,Aktionsplan fü…,ORG,0.0,0.0,de,1
Dienstag Scheiben,Dienstag Scheiben,ORG,0.0,0.0,de,1
Raiffeisen Bank Inter…,Raiffeisen Bank Inter…,ORG,0.0,0.0,de,1
verhind…,verhind…,ORG,0.0,0.0,de,1
Marinemanöver +++ Meloni,Marinemanöver +++ Meloni,ORG,0.425,0.0,de,1
Unterhaus-Vorsitzende,Unterhaus-Vorsitzende,ORG,0.425,0.0,de,1
Bundespoliz…,Bundespoliz…,ORG,0.0,0.0,de,1
NRS-Import,NRS-Import,ORG,0.0,0.0,de,1
Rosneft,Rosneft,ORG,0.0,0.0,de,1
Hisbollah-Kommandeur,Hisbollah-Kommandeur,ORG,0.0,0.0,de,1
Sergey Gulko,Sergey Gulko,ORG,0.0,0.0,de,1
Serie Women,Serie Women,ORG,0.0,0.0,de,1
Corinna Harfouch,Corinna Harfouch,ORG,0.0,0.0,de,1
WELT TV,WELT TV,ORG,0.0,0.0,de,1
Geheimdienstmita…,Geheimdienstmita…,ORG,0.0,0.0,de,1
Al-Qaida,Al-Qaida,ORG,0.0,0.0,de,1
Ukraine-Krieg +++ Youtube,Ukraine-Krieg +++ Youtube,ORG,0.0,0.0,de,1
++ Drohnenangriffe,++ Drohnenangriffe,ORG,0.0,0.0,de,1
Russlands +++ Ukrainisches Kriegsschiff,Russlands +++ Ukrainisches Kriegsschiff,ORG,0.2333333333333333,0.0,de,1
Ukrainekrieg +++ Youtube,Ukrainekrieg +++ Youtube,ORG,0.2333333333333333,0.0,de,1
Ammergebirge Foto,Ammergebirge Foto,ORG,0.0,0.0,de,1
Doro!,Doro!,ORG,0.7,0.0,de,1
Olympiatag,Olympiatag,ORG,0.7,0.0,de,1
Humble Pixels with Porpoise Bundle,Humble Pixels with Porpoise Bundle,ORG,0.0,0.0,de,1
EU-Bürgerinnen,EU-Bürgerinnen,ORG,-1.0,0.0,de,1
Wien/…,Wien/…,ORG,0.0,0.0,de,1
USA Streumunition,USA Streumunition,ORG,0.0,0.0,de,1
Verband das Land,Verband das Land,ORG,0.0,0.0,de,1
Langstreckendrohnen +++,Langstreckendrohnen +++,ORG,0.0,0.0,de,1
Regio Data Research,Regio Data Research,ORG,0.7,0.0,de,1
Die Welt,Die Welt,ORG,0.0,0.0,de,1
Weltweite Hitze-Epidemie,Weltweite Hitze-Epidemie,ORG,-0.85,0.0,de,1
Die Fraktionen,Die Fraktionen,ORG,0.0,0.0,de,1
ZF-Chef Holger Klein,ZF-Chef Holger Klein,ORG,-1.0,0.0,de,1
französischen Bahn,französischen Bahn,ORG,0.0,0.0,de,1
Fer…,Fer…,ORG,0.0,0.0,de,1
Yellen,Yellen,ORG,1.0,0.0,de,1
Studentenwerk Leipzig,Studentenwerk Leipzig,ORG,0.7,0.0,de,1
G7 +++,G7 +++,ORG,1.0,0.0,de,1
G7 ++,G7 ++,ORG,0.0,0.0,de,1
Verantwortung +++,Verantwortung +++,ORG,-0.35,0.0,de,1
Golan +++ Viele Tote bei,Golan +++ Viele Tote bei,ORG,-0.35,0.0,de,1
on fire,on fire,ORG,0.0,0.0,de,1
Rugby-Finale,Rugby-Finale,ORG,0.0,0.0,de,1
Fidschi,Fidschi,ORG,0.0,0.0,de,1
französische Auswahl,französische Auswahl,ORG,-0.7,0.0,de,1
Ukrinfo…,Ukrinfo…,ORG,0.0,0.0,de,1
Militärbündnis +++,Militärbündnis +++,ORG,0.0,0.0,de,1
Leipziger Studentenwerk,Leipziger Studentenwerk,ORG,0.7,0.0,de,1
Bitkom,Bitkom,ORG,0.0,0.0,de,1
Kindlein!,Kindlein!,ORG,1.0,0.0,de,1
Verteidigungsstabes,Verteidigungsstabes,ORG,0.0,0.0,de,1
UN-Menschenrechtsrat +++,UN-Menschenrechtsrat +++,ORG,0.0,0.0,de,1
Taurus-Entscheidung +++,Taurus-Entscheidung +++,ORG,0.0,0.0,de,1
Raketenangriffe</li><li,Raketenangriffe</li><li,ORG,0.0,0.0,de,1
Energiesysteme</li><li,Energiesysteme</li><li,ORG,0.0,0.0,de,1
zer…,zer…,ORG,0.0,0.0,de,1
Kampfflugzeug-Produktion +++,Kampfflugzeug-Produktion +++,ORG,0.7,0.0,de,1
A-4 Skyhawks,A-4 Skyhawks,ORG,0.0,0.0,de,1
israelische Mirage-Nachbau,israelische Mirage-Nachbau,ORG,0.0,0.0,de,1
Europäischen Union am…,Europäischen Union am…,ORG,0.0,0.0,de,1
Minus,Minus,ORG,0.0,0.0,de,1
geö…,geö…,ORG,0.0,0.0,de,1
Sprengkraft,Sprengkraft,ORG,0.0,0.0,de,1
britisc…,britisc…,ORG,0.0,0.0,de,1
SPD-Innenpolitiker,SPD-Innenpolitiker,ORG,0.0,0.0,de,1
+++ Hamas-Angriff,+++ Hamas-Angriff,ORG,-1.0,0.0,de,1
geschlechtsspezif…,geschlechtsspezif…,ORG,0.0,0.0,de,1
deutsch-fr…,deutsch-fr…,ORG,0.0,0.0,de,1
Israel Russland,Israel Russland,ORG,-0.7,0.0,de,1
Spars…,Spars…,ORG,0.0,0.0,de,1
Pri…,Pri…,ORG,0.0,0.0,de,1
Irland,Irland,ORG,0.0,0.0,de,1
Staatfonds,Staatfonds,ORG,0.0,0.0,de,1
Staatsple…,Staatsple…,ORG,0.0,0.0,de,1
seismologische Institut Norwegens,seismologische Institut Norwegens,ORG,0.0,0.0,de,1
unabhängige seismologische Institut No…,unabhängige seismologische Institut No…,ORG,0.0,0.0,de,1
NVMe SSDs,NVMe SSDs,ORG,0.35,0.0,de,1
UN-Menschenrechtsgremium,UN-Menschenrechtsgremium,ORG,0.0,0.0,de,1
Lebens…,Lebens…,ORG,0.0,0.0,de,1
F1 Academy,F1 Academy,ORG,0.0,0.0,de,1
Gigazuhause DSL,Gigazuhause DSL,ORG,0.0,0.0,de,1
Ministerium will Vorschläge,Ministerium will Vorschläge,ORG,0.0,0.0,de,1
Schadstoffa…,Schadstoffa…,ORG,0.0,0.0,de,1
SBU verlaute,SBU verlaute,ORG,0.0,0.0,de,1
FOCU…,FOCU…,ORG,0.0,0.0,de,1
US-Geschichte,US-Geschichte,ORG,0.0,0.0,de,1
SZ-Politikredaktion,SZ-Politikredaktion,ORG,0.0,0.0,de,1
kanadische Parlament,kanadische Parlament,ORG,0.7,0.0,de,1
Arktis-Mysterium,Arktis-Mysterium,ORG,0.0,0.0,de,1
Investigativ-Team,Investigativ-Team,ORG,0.0,0.0,de,1
Institut für Meinungsforschung,Institut für Meinungsforschung,ORG,0.7,0.0,de,1
Schadener…,Schadener…,ORG,-1.0,0.0,de,1
Gasag-Aufsichtsräte Manfred Schmitz,Gasag-Aufsichtsräte Manfred Schmitz,ORG,0.0,0.0,de,1
Winterschutzschirm +++ London,Winterschutzschirm +++ London,ORG,-1.0,0.0,de,1
Energiestandards,Energiestandards,ORG,0.0,0.0,de,1
"CC-BY-SA-4.0
","CC-BY-SA-4.0
",ORG,0.0,0.0,de,1
Winterschutzschirm +++,Winterschutzschirm +++,ORG,1.0,0.0,de,1
Heresy Press,Heresy Press,ORG,0.0,0.0,de,1
US-Literaturbetrieb,US-Literaturbetrieb,ORG,0.0,0.0,de,1
Beobachtungsstelle für Menschenrechte,Beobachtungsstelle für Menschenrechte,ORG,0.0,0.0,de,1
Zentrum Syriens,Zentrum Syriens,ORG,-0.5,0.0,de,1
Nebenko…,Nebenko…,ORG,0.0,0.0,de,1
Altkan…,Altkan…,ORG,1.0,0.0,de,1
Finanz-Nachrichtenagentur dpa-AFX,Finanz-Nachrichtenagentur dpa-AFX,ORG,0.0,0.0,de,1
Finanz-Nachrichtenagentur,Finanz-Nachrichtenagentur,ORG,0.0,0.0,de,1
Kampfflugzeug-Produktion +++ Ukraine,Kampfflugzeug-Produktion +++ Ukraine,ORG,0.7,0.0,de,1
Leykam Verlag,Leykam Verlag,ORG,0.0,0.0,de,1
Leo-Perutz-Preis für Wiener Kriminalliteratur,Leo-Perutz-Preis für Wiener Kriminalliteratur,ORG,0.0,0.0,de,1
Update,Update,ORG,0.0,0.0,de,1
EU-Finanzsanktionen,EU-Finanzsanktionen,ORG,0.0,0.0,de,1
Imago,Imago,ORG,-1.0,0.0,de,1
"Gegenoffensive
Ukraine-Liveblog","Gegenoffensive
Ukraine-Liveblog",ORG,-0.7,0.0,de,1
"Gegenoffensive
","Gegenoffensive
",ORG,-0.7,0.0,de,1
HamasIsrael,HamasIsrael,ORG,0.0,0.0,de,1
arabische Welt Israel,arabische Welt Israel,ORG,0.0,0.0,de,1
SUV-Feeling,SUV-Feeling,ORG,0.7,0.0,de,1
Purdue-Universität,Purdue-Universität,ORG,0.0,0.0,de,1
Seriengründ…,Seriengründ…,ORG,0.0,0.0,de,1
hoffen3,hoffen3,ORG,0.0,0.0,de,1
Grazer Grüne,Grazer Grüne,ORG,0.0,0.0,de,1
Erneuerbare-Wärme-Paket der Regierung,Erneuerbare-Wärme-Paket der Regierung,ORG,0.0,0.0,de,1
Klima-Aktionsgruppe,Klima-Aktionsgruppe,ORG,-1.0,0.0,de,1
Universität Exe…,Universität Exe…,ORG,0.0,0.0,de,1
OG Clean Fuels,OG Clean Fuels,ORG,0.7,0.0,de,1
OG…,OG…,ORG,0.0,0.0,de,1
Deutschlands Klima-Diktat,Deutschlands Klima-Diktat,ORG,0.0,0.0,de,1
Hamburg Port Authority,Hamburg Port Authority,ORG,0.0,0.0,de,1
Ukraine be,Ukraine be,ORG,0.0,0.0,de,1
Wlad…,Wlad…,ORG,0.0,0.0,de,1
Ostsee +++ Ukra…,Ostsee +++ Ukra…,ORG,0.0,0.0,de,1
Hamas …,Hamas …,ORG,-0.6666666666666666,0.0,de,1
Minenjägern,Minenjägern,ORG,0.0,0.0,de,1
orthodoxe Kirche des Heiligen Porph…,orthodoxe Kirche des Heiligen Porph…,ORG,0.0,0.0,de,1
DAH,DAH,ORG,0.0,0.0,de,1
Aw…,Aw…,ORG,0.0,0.0,de,1
US-Apothekenkette,US-Apothekenkette,ORG,0.0,0.0,de,1
Russlands Schwarzmeerflotte,Russlands Schwarzmeerflotte,ORG,-0.2333333333333333,0.0,de,1
US-Klimabehörde,US-Klimabehörde,ORG,0.0,0.0,de,1
Außenmi…,Außenmi…,ORG,0.0,0.0,de,1
Hamas-Angriff +++ Angriffe,Hamas-Angriff +++ Angriffe,ORG,-0.6666666666666666,0.0,de,1
Militärhilfe +++ Großbritannien,Militärhilfe +++ Großbritannien,ORG,-0.35,0.0,de,1
Kirgistans Präs…,Kirgistans Präs…,ORG,0.0,0.0,de,1
Imperia…,Imperia…,ORG,0.0,0.0,de,1
Projektentwickler,Projektentwickler,ORG,0.0,0.0,de,1
Maxam,Maxam,ORG,0.0,0.0,de,1
Drohnentrümmer +++ Schule,Drohnentrümmer +++ Schule,ORG,-1.0,0.0,de,1
Bundes für Privathaushalte und Unternehmen,Bundes für Privathaushalte und Unternehmen,ORG,0.0,0.0,de,1
Drohnentrümmer +++,Drohnentrümmer +++,ORG,-1.0,0.0,de,1
Cloud-PC-Anbieters Shadow,Cloud-PC-Anbieters Shadow,ORG,0.0,0.0,de,1
Hassreden,Hassreden,ORG,0.0,0.0,de,1
Bundesministerium für Digitales und Verkehr,Bundesministerium für Digitales und Verkehr,ORG,0.0,0.0,de,1
Angriffen ++,Angriffen ++,ORG,0.0,0.0,de,1
Vormona…,Vormona…,ORG,0.0,0.0,de,1
EWG,EWG,ORG,0.0,0.0,de,1
Schutzraum +++ Israel,Schutzraum +++ Israel,ORG,-1.0,0.0,de,1
Jerusalem Post,Jerusalem Post,ORG,0.0,0.0,de,1
Berliner Polizei…,Berliner Polizei…,ORG,0.0,0.0,de,1
Luftv…,Luftv…,ORG,0.0,0.0,de,1
Awdijiwka fort +++ USA,Awdijiwka fort +++ USA,ORG,0.0,0.0,de,1
Reichsbürger-Gruppe,Reichsbürger-Gruppe,ORG,0.7,0.0,de,1
Ermittlungsstand …,Ermittlungsstand …,ORG,0.0,0.0,de,1
IW-Bericht,IW-Bericht,ORG,0.0,0.0,de,1
WELT Gruppe,WELT Gruppe,ORG,1.0,0.0,de,1
Syndrom,Syndrom,ORG,0.0,0.0,de,1
Truppenbesuch +++,Truppenbesuch +++,ORG,0.0,0.0,de,1
möglich +++,möglich +++,ORG,0.0,0.0,de,1
+++ 07:,+++ 07:,ORG,0.0,0.0,de,1
kosovarische…,kosovarische…,ORG,0.0,0.0,de,1
Mafia Cosa Nostra,Mafia Cosa Nostra,ORG,0.7,0.0,de,1
Lieferengpässe  ,Lieferengpässe  ,ORG,0.0,0.0,de,1
Londoner Polizei,Londoner Polizei,ORG,-1.0,0.0,de,1
Ampel-Re…,Ampel-Re…,ORG,0.0,0.0,de,1
NFL-Star,NFL-Star,ORG,0.0,0.0,de,1
Taylor Swift,Taylor Swift,ORG,0.0,0.0,de,1
Chicago Bears,Chicago Bears,ORG,0.0,0.0,de,1
Microsoft-Konzern,Microsoft-Konzern,ORG,0.0,0.0,de,1
Nuklearindus…,Nuklearindus…,ORG,0.0,0.0,de,1
EU-Land Rumänien,EU-Land Rumänien,ORG,-1.0,0.0,de,1
Lagebesprechung +++,Lagebesprechung +++,ORG,0.0,0.0,de,1
Online-Portal Ukrajinska Prawda,Online-Portal Ukrajinska Prawda,ORG,0.0,0.0,de,1
Mykola…,Mykola…,ORG,0.0,0.0,de,1
amerikanische Außenministerium,amerikanische Außenministerium,ORG,0.7,0.0,de,1
SS-Manns,SS-Manns,ORG,0.0,0.0,de,1
Krim +++ Selenskyj,Krim +++ Selenskyj,ORG,-1.0,0.0,de,1
Bundeswehrsold…,Bundeswehrsold…,ORG,0.0,0.0,de,1
Zentrum für politische Schönheit…,Zentrum für politische Schönheit…,ORG,0.0,0.0,de,1
Internetprovid…,Internetprovid…,ORG,0.7,0.0,de,1
Guide,Guide,ORG,-0.7,0.0,de,1
Stepan Banderas,Stepan Banderas,ORG,0.0,0.0,de,1
"CNA Deutsch Nachrichtenredaktion
","CNA Deutsch Nachrichtenredaktion
",ORG,0.0,0.0,de,1
Proze…,Proze…,ORG,0.0,0.0,de,1
Rettungskräfte +++,Rettungskräfte +++,ORG,0.0,0.0,de,1
Kosovo-Polizei,Kosovo-Polizei,ORG,0.0,0.0,de,1
"Zeitenwende""-Regierungserklärung","Zeitenwende""-Regierungserklärung",ORG,0.0,0.0,de,1
"Taurus""-Dilemma","Taurus""-Dilemma",ORG,0.0,0.0,de,1
gelan…,gelan…,ORG,0.0,0.0,de,1
Linken-Bund…,Linken-Bund…,ORG,0.0,0.0,de,1
Walt…,Walt…,ORG,0.0,0.0,de,1
Robotyne +++ Kriegsende,Robotyne +++ Kriegsende,ORG,-0.85,0.0,de,1
Fußball-Star  Gerard Piqué  ,Fußball-Star  Gerard Piqué  ,ORG,-0.7,0.0,de,1
katastropha…,katastropha…,ORG,0.0,0.0,de,1
UN-Mensche…,UN-Mensche…,ORG,0.0,0.0,de,1
Inlandsmarkt stabilisier…,Inlandsmarkt stabilisier…,ORG,0.0,0.0,de,1
boyk…,boyk…,ORG,0.0,0.0,de,1
Robotyne +++,Robotyne +++,ORG,0.0,0.0,de,1
Selenskyj ATACMS-Raketen,Selenskyj ATACMS-Raketen,ORG,1.0,0.0,de,1
TVO,TVO,ORG,0.0,0.0,de,1
Grüne Planwirtschaft,Grüne Planwirtschaft,ORG,0.0,0.0,de,1
Ukraine +++ Ausgangssperre,Ukraine +++ Ausgangssperre,ORG,-0.7,0.0,de,1
Liveblog: + Asyl,Liveblog: + Asyl,ORG,0.0,0.0,de,1
Cornell Universität,Cornell Universität,ORG,0.0,0.0,de,1
Marschflugkörper +++,Marschflugkörper +++,ORG,-1.0,0.0,de,1
Lindners Finanz-Kriminalamt,Lindners Finanz-Kriminalamt,ORG,0.0,0.0,de,1
Kara-Mursas A…,Kara-Mursas A…,ORG,0.0,0.0,de,1
ATACMS-Kurzstreckenraketen,ATACMS-Kurzstreckenraketen,ORG,0.0,0.0,de,1
Cia Pak,Cia Pak,ORG,0.0,0.0,de,1
"UN
","UN
",ORG,0.0,0.0,de,1
Umsat…,Umsat…,ORG,0.0,0.0,de,1
Feyenoord,Feyenoord,ORG,0.0,0.0,de,1
Feyenoord Rotterdam,Feyenoord Rotterdam,ORG,0.0,0.0,de,1
Nowaya Gazeta Europe,Nowaya Gazeta Europe,ORG,0.0,0.0,de,1
Tel…,Tel…,ORG,0.0,0.0,de,1
Truppenbesuch +++ Bundeswehr-Inspekteur Breuer,Truppenbesuch +++ Bundeswehr-Inspekteur Breuer,ORG,0.0,0.0,de,1
Russisches Flüssiggas,Russisches Flüssiggas,ORG,0.0,0.0,de,1
Heuer,Heuer,ORG,0.0,0.0,de,1
Grundnahrungsmittel,Grundnahrungsmittel,ORG,0.0,0.0,de,1
Land Putins Propaganda,Land Putins Propaganda,ORG,0.7,0.0,de,1
Aserbaidschan,Aserbaidschan,ORG,0.0,0.0,de,1
EU-Außenbeauftragter,EU-Außenbeauftragter,ORG,0.7,0.0,de,1
Privatarmeen +++ Putin,Privatarmeen +++ Putin,ORG,-0.15000000000000002,0.0,de,1
Hulapalu!,Hulapalu!,ORG,0.0,0.0,de,1
Kiew +++ EU-Außenbeauftragter,Kiew +++ EU-Außenbeauftragter,ORG,0.5666666666666667,0.0,de,1
Privatarmeen +++,Privatarmeen +++,ORG,0.5666666666666667,0.0,de,1
SPD-Wahlvideo,SPD-Wahlvideo,ORG,0.0,0.0,de,1
Software-Fehler!,Software-Fehler!,ORG,0.0,0.0,de,1
Weißes Haus,Weißes Haus,ORG,1.0,0.0,de,1
Motel One,Motel One,ORG,0.0,0.0,de,1
tatsä…,tatsä…,ORG,0.0,0.0,de,1
+++ Britischer Minister,+++ Britischer Minister,ORG,0.0,0.0,de,1
Energiepreispauschale Finanzamt,Energiepreispauschale Finanzamt,ORG,-1.0,0.0,de,1
Slowakisches Ministerium,Slowakisches Ministerium,ORG,0.0,0.0,de,1
ukrainischen Parlament +++ London,ukrainischen Parlament +++ London,ORG,0.7,0.0,de,1
UN-Einsatztruppe,UN-Einsatztruppe,ORG,0.0,0.0,de,1
Einheitsfestakt,Einheitsfestakt,ORG,0.7,0.0,de,1
Festakt,Festakt,ORG,0.7,0.0,de,1
PUBLIZIEREN +++ Grüne Hartmann,PUBLIZIEREN +++ Grüne Hartmann,ORG,0.0,0.0,de,1
Schulze +,Schulze +,ORG,0.0,0.0,de,1
Deutschlands Klima-Moral,Deutschlands Klima-Moral,ORG,0.0,0.0,de,1
Genicksc…,Genicksc…,ORG,0.7,0.0,de,1
Zentralasiens +++,Zentralasiens +++,ORG,0.0,0.0,de,1
KFOR,KFOR,ORG,0.0,0.0,de,1
"Ostukraine
","Ostukraine
",ORG,0.0,0.0,de,1
Mitsubishi Electric,Mitsubishi Electric,ORG,0.0,0.0,de,1
Columbia Business School,Columbia Business School,ORG,0.0,0.0,de,1
Russische Offensive,Russische Offensive,ORG,0.0,0.0,de,1
BNP Paribas,BNP Paribas,ORG,0.0,0.0,de,1
London…,London…,ORG,0.0,0.0,de,1
Ukrainern wäc…,Ukrainern wäc…,ORG,0.0,0.0,de,1
CO-Preisen,CO-Preisen,ORG,0.0,0.0,de,1
Lotte…,Lotte…,ORG,0.85,0.0,de,1
SS-Mann,SS-Mann,ORG,1.0,0.0,de,1
Ostukraine +++ Russland,Ostukraine +++ Russland,ORG,0.0,0.0,de,1
Sudan Partei,Sudan Partei,ORG,0.0,0.0,de,1
russischen Luft- und Raumfahrtstreitkräfte,russischen Luft- und Raumfahrtstreitkräfte,ORG,0.0,0.0,de,1
Energie- und Wärmew…,Energie- und Wärmew…,ORG,0.0,0.0,de,1
Showdown,Showdown,ORG,0.0,0.0,de,1
Ukraine +++ M,Ukraine +++ M,ORG,0.0,0.0,de,1
Ratspräsidents…,Ratspräsidents…,ORG,0.0,0.0,de,1
Rugby-WM,Rugby-WM,ORG,0.0,0.0,de,1
EU-Asylreform,EU-Asylreform,ORG,1.0,0.0,de,1
Die grossen grünen Illusionen,Die grossen grünen Illusionen,ORG,0.7,0.0,de,1
Grünen Partei der Schweiz,Grünen Partei der Schweiz,ORG,0.0,0.0,de,1
Ex-Prigoschin-Vertrauter,Ex-Prigoschin-Vertrauter,ORG,0.0,0.0,de,1
MLP-Chef,MLP-Chef,ORG,0.0,0.0,de,1
Raketen-Unfall +++,Raketen-Unfall +++,ORG,0.0,0.0,de,1
Jahresinflation,Jahresinflation,ORG,0.0,0.0,de,1
VPI,VPI,ORG,0.0,0.0,de,1
Gasver…,Gasver…,ORG,0.0,0.0,de,1
Israelische Luftwaffe,Israelische Luftwaffe,ORG,0.0,0.0,de,1
Kiew erfüllen +++ Opfer,Kiew erfüllen +++ Opfer,ORG,-0.7,0.0,de,1
Klimasc…,Klimasc…,ORG,0.0,0.0,de,1
ZEIT-…,ZEIT-…,ORG,0.0,0.0,de,1
US-Militärschiff,US-Militärschiff,ORG,-0.7,0.0,de,1
Südwestfalen IT,Südwestfalen IT,ORG,-0.5,0.0,de,1
Wass…,Wass…,ORG,0.7,0.0,de,1
07.11.2023,07.11.2023,ORG,0.0,0.0,de,1
Somat von Henkel,Somat von Henkel,ORG,1.0,0.0,de,1
Black lives,Black lives,ORG,-1.0,0.0,de,1
NATO-Luftraum +++,NATO-Luftraum +++,ORG,-1.0,0.0,de,1
Förderpläne,Förderpläne,ORG,-1.0,0.0,de,1
IFK Göteborg,IFK Göteborg,ORG,-0.85,0.0,de,1
AIK,AIK,ORG,0.0,0.0,de,1
IFK,IFK,ORG,-0.7,0.0,de,1
Early Birds Movement,Early Birds Movement,ORG,0.0,0.0,de,1
Nürnberg,Nürnberg,ORG,0.0,0.0,de,1
EU-Einstimmigkeitsprinzip,EU-Einstimmigkeitsprinzip,ORG,0.7,0.0,de,1
Feuerwehr- und Polizeidienststell…,Feuerwehr- und Polizeidienststell…,ORG,1.0,0.0,de,1
Ges…,Ges…,ORG,0.0,0.0,de,1
RIA Nov…,RIA Nov…,ORG,0.0,0.0,de,1
Öl +++,Öl +++,ORG,0.0,0.0,de,1
Nico,Nico,ORG,0.0,0.0,de,1
Neue Ghostbusters,Neue Ghostbusters,ORG,0.0,0.0,de,1
MSI,MSI,ORG,0.0,0.0,de,1
Stillstands,Stillstands,ORG,0.0,0.0,de,1
end…,end…,ORG,0.7,0.0,de,1
dpa:2311…,dpa:2311…,ORG,0.0,0.0,de,1
Apps,Apps,ORG,0.0,0.0,de,1
Ans…,Ans…,ORG,0.0,0.0,de,1
Islamische Dschihad,Islamische Dschihad,ORG,0.0,0.0,de,1
MSCI,MSCI,ORG,-1.0,0.0,de,1
Frankfurt University of Applied Sciences,Frankfurt University of Applied Sciences,ORG,0.0,0.0,de,1
Iwano-Frakiwsk +++ Bundeswehr,Iwano-Frakiwsk +++ Bundeswehr,ORG,-0.6666666666666666,0.0,de,1
Foldables,Foldables,ORG,0.7,0.0,de,1
Energie-Kooperation,Energie-Kooperation,ORG,0.0,0.0,de,1
Haribo,Haribo,ORG,-1.0,0.0,de,1
Fernsehen in Europa,Fernsehen in Europa,ORG,0.7,0.0,de,1
Zumind…,Zumind…,ORG,0.0,0.0,de,1
Auslandsreisen +++,Auslandsreisen +++,ORG,0.0,0.0,de,1
Konflikt-Ausweitung +++ Netanjahu,Konflikt-Ausweitung +++ Netanjahu,ORG,0.0,0.0,de,1
Iwano-Frankiwsk +++ Bundeswehr,Iwano-Frankiwsk +++ Bundeswehr,ORG,-0.5,0.0,de,1
Konflikt-Ausweitung +++,Konflikt-Ausweitung +++,ORG,0.0,0.0,de,1
Polizei Pforzheim,Polizei Pforzheim,ORG,0.0,0.0,de,1
Putins Rosatom,Putins Rosatom,ORG,0.0,0.0,de,1
Lotus,Lotus,ORG,0.0,0.0,de,1
E-Bike,E-Bike,ORG,0.7,0.0,de,1
gu…,gu…,ORG,0.0,0.0,de,1
Zeremonie +++,Zeremonie +++,ORG,0.7,0.0,de,1
EU-Beitrittsprozess +++,EU-Beitrittsprozess +++,ORG,0.0,0.0,de,1
Konzep…,Konzep…,ORG,0.0,0.0,de,1
nationalen forensischen Instituts,nationalen forensischen Instituts,ORG,0.0,0.0,de,1
Weiße Plastiktüten,Weiße Plastiktüten,ORG,0.0,0.0,de,1
deutschen Fridays,deutschen Fridays,ORG,-1.0,0.0,de,1
international geächtete Land,international geächtete Land,ORG,0.0,0.0,de,1
Siemens AG im Jahr 2020 rote Zahlen,Siemens AG im Jahr 2020 rote Zahlen,ORG,0.0,0.0,de,1
IW-Studie,IW-Studie,ORG,0.0,0.0,de,1
Krško-Ausbau,Krško-Ausbau,ORG,-0.7,0.0,de,1
Drohnen-Abschuss,Drohnen-Abschuss,ORG,0.0,0.0,de,1
FamVeld,FamVeld,ORG,0.0,0.0,de,1
Verbin…,Verbin…,ORG,1.0,0.0,de,1
Das Möchtegern-Klimaschutzprogramm,Das Möchtegern-Klimaschutzprogramm,ORG,0.0,0.0,de,1
Potsdamer EWP,Potsdamer EWP,ORG,0.0,0.0,de,1
Seeckt,Seeckt,ORG,0.0,0.0,de,1
POOL/REUTERS,POOL/REUTERS,ORG,1.0,0.0,de,1
EU-Reduktionsvorgaben,EU-Reduktionsvorgaben,ORG,0.0,0.0,de,1
Unterhän…,Unterhän…,ORG,0.0,0.0,de,1
Ukraine +++ Osteuropäische Länder,Ukraine +++ Osteuropäische Länder,ORG,0.0,0.0,de,1
EU-Munitionsplan +++ Mordfall Politkowskaja,EU-Munitionsplan +++ Mordfall Politkowskaja,ORG,0.0,0.0,de,1
Fol…,Fol…,ORG,0.0,0.0,de,1
+++ Treibstoff,+++ Treibstoff,ORG,-0.7,0.0,de,1
Schifa,Schifa,ORG,0.0,0.0,de,1
Bundeswehr-Brigade +++,Bundeswehr-Brigade +++,ORG,-0.7,0.0,de,1
Gegner Wladi…,Gegner Wladi…,ORG,0.0,0.0,de,1
Wasserstoff-Pipelines,Wasserstoff-Pipelines,ORG,0.0,0.0,de,1
Bern,Bern,ORG,0.0,0.0,de,1
Schweiz…,Schweiz…,ORG,0.0,0.0,de,1
Flüssiggastank,Flüssiggastank,ORG,0.7,0.0,de,1
Umweltbun…,Umweltbun…,ORG,0.0,0.0,de,1
verurteil…,verurteil…,ORG,0.0,0.0,de,1
Bewält…,Bewält…,ORG,0.7,0.0,de,1
Stahlkochers Salzgitter AG,Stahlkochers Salzgitter AG,ORG,-0.35,0.0,de,1
hessischen Finanzministeriums,hessischen Finanzministeriums,ORG,0.0,0.0,de,1
Union prüfe,Union prüfe,ORG,0.0,0.0,de,1
Progressiven,Progressiven,ORG,0.0,0.0,de,1
Musks SpaceX,Musks SpaceX,ORG,-0.7,0.0,de,1
verfassun…,verfassun…,ORG,0.0,0.0,de,1
Bevo…,Bevo…,ORG,0.0,0.0,de,1
Al-Schifa-Krankenhauses,Al-Schifa-Krankenhauses,ORG,0.0,0.0,de,1
Rückschlägen,Rückschlägen,ORG,0.0,0.0,de,1
Körpe…,Körpe…,ORG,0.0,0.0,de,1
LED-Panel,LED-Panel,ORG,0.7,0.0,de,1
Bundesarbeitsgemeinschaft Wohnungslosenhilfe,Bundesarbeitsgemeinschaft Wohnungslosenhilfe,ORG,0.0,0.0,de,1
Handball-Meister THW Kiel,Handball-Meister THW Kiel,ORG,0.85,0.0,de,1
+++ Waggons,+++ Waggons,ORG,0.0,0.0,de,1
äuße…,äuße…,ORG,0.0,0.0,de,1
Hamas-Terroristen Israel,Hamas-Terroristen Israel,ORG,-1.0,0.0,de,1
BILD-Reporte…,BILD-Reporte…,ORG,0.0,0.0,de,1
badischen Offenburg,badischen Offenburg,ORG,0.0,0.0,de,1
Rückzug ++,Rückzug ++,ORG,0.0,0.0,de,1
Wäh…,Wäh…,ORG,0.0,0.0,de,1
OlafStadtwerke Rostock,OlafStadtwerke Rostock,ORG,0.7,0.0,de,1
Partnersch…,Partnersch…,ORG,0.0,0.0,de,1
Stimmung…,Stimmung…,ORG,-1.0,0.0,de,1
Hamas Krankenhäuser,Hamas Krankenhäuser,ORG,0.0,0.0,de,1
falsche Partei,falsche Partei,ORG,-1.0,0.0,de,1
World Resources Institute,World Resources Institute,ORG,-0.7,0.0,de,1
internationalen Kampagne für das Verbot von Landminen,internationalen Kampagne für das Verbot von Landminen,ORG,0.0,0.0,de,1
ICB…,ICB…,ORG,0.0,0.0,de,1
Oppositionspolitikers Nawalny,Oppositionspolitikers Nawalny,ORG,0.0,0.0,de,1
Krasnopol-M2 lasergesteuerter Artilleriemunition,Krasnopol-M2 lasergesteuerter Artilleriemunition,ORG,0.7,0.0,de,1
Sauli Niinistö,Sauli Niinistö,ORG,0.7,0.0,de,1
Sockel +++,Sockel +++,ORG,0.0,0.0,de,1
bef…,bef…,ORG,0.0,0.0,de,1
Spezialkräfte +++,Spezialkräfte +++,ORG,0.0,0.0,de,1
Myanmars Junta,Myanmars Junta,ORG,0.0,0.0,de,1
Stuttg…,Stuttg…,ORG,0.0,0.0,de,1
lege…,lege…,ORG,0.0,0.0,de,1
+++ So tickt Home24-Chef …,+++ So tickt Home24-Chef …,ORG,0.0,0.0,de,1
Sportspar,Sportspar,ORG,-0.10000000000000002,0.0,de,1
Sport…,Sport…,ORG,0.0,0.0,de,1
Frontbesuch +++ Finnische Behörden,Frontbesuch +++ Finnische Behörden,ORG,0.0,0.0,de,1
Vermögensverwalters Blackrock,Vermögensverwalters Blackrock,ORG,0.0,0.0,de,1
hartnäck…,hartnäck…,ORG,0.0,0.0,de,1
AKW Kosloduj,AKW Kosloduj,ORG,0.0,0.0,de,1
Westinghouse Electric …,Westinghouse Electric …,ORG,0.0,0.0,de,1
Flugabwehr ++,Flugabwehr ++,ORG,0.0,0.0,de,1
Haushal…,Haushal…,ORG,0.0,0.0,de,1
lan…,lan…,ORG,0.0,0.0,de,1
Sprecher4,Sprecher4,ORG,0.0,0.0,de,1
Flugg…,Flugg…,ORG,1.0,0.0,de,1
Zu…,Zu…,ORG,0.7,0.0,de,1
vorg…,vorg…,ORG,0.0,0.0,de,1
Deutsche Aktivisten,Deutsche Aktivisten,ORG,0.0,0.0,de,1
Israelkritik,Israelkritik,ORG,0.0,0.0,de,1
Luftabwehr +++ London,Luftabwehr +++ London,ORG,-0.5,0.0,de,1
Ausbauziele,Ausbauziele,ORG,0.0,0.0,de,1
Fridays for Future International“,Fridays for Future International“,ORG,0.7,0.0,de,1
Reih… Fridays for Future,Reih… Fridays for Future,ORG,0.7,0.0,de,1
Jüdischen Allgemeinen,Jüdischen Allgemeinen,ORG,0.0,0.0,de,1
Gruppe Fridays for Future International,Gruppe Fridays for Future International,ORG,0.0,0.0,de,1
Israel +++ Israelische Armee,Israel +++ Israelische Armee,ORG,0.7,0.0,de,1
Hamas-Stellungen,Hamas-Stellungen,ORG,0.7,0.0,de,1
Tastyy,Tastyy,ORG,0.0,0.0,de,1
Oxolo Gas +++ Infinite Devices,Oxolo Gas +++ Infinite Devices,ORG,0.0,0.0,de,1
StartupTicker +++ Allmyhomes,StartupTicker +++ Allmyhomes,ORG,0.0,0.0,de,1
Söldnere…,Söldnere…,ORG,0.0,0.0,de,1
Wissenschaft für Nachhaltigkeit,Wissenschaft für Nachhaltigkeit,ORG,0.0,0.0,de,1
Ukraine passie…,Ukraine passie…,ORG,0.0,0.0,de,1
Frontabsch…,Frontabsch…,ORG,-0.5,0.0,de,1
Bayern-FDP,Bayern-FDP,ORG,0.0,0.0,de,1
tu…,tu…,ORG,0.0,0.0,de,1
Akademie der Künste,Akademie der Künste,ORG,0.0,0.0,de,1
coronabed…,coronabed…,ORG,0.0,0.0,de,1
Su-27-Kampfjet,Su-27-Kampfjet,ORG,0.0,0.0,de,1
Rheinmetall Ukrainian Defence Industry LLC,Rheinmetall Ukrainian Defence Industry LLC,ORG,0.0,0.0,de,1
Tag +++,Tag +++,ORG,0.0,0.0,de,1
Drei-Parteien-Regierung +++,Drei-Parteien-Regierung +++,ORG,1.0,0.0,de,1
Israels Gesellschaft,Israels Gesellschaft,ORG,0.0,0.0,de,1
katholi…,katholi…,ORG,0.0,0.0,de,1
israelische Regierung,israelische Regierung,ORG,0.0,0.0,de,1
Wiederaufbau ++,Wiederaufbau ++,ORG,0.0,0.0,de,1
Zeit für Entspannung,Zeit für Entspannung,ORG,0.0,0.0,de,1
EU-Finanzzusage,EU-Finanzzusage,ORG,0.0,0.0,de,1
Ukraine +++ Zwangsevakuierung von Kindern,Ukraine +++ Zwangsevakuierung von Kindern,ORG,0.0,0.0,de,1
Technischen Universität München,Technischen Universität München,ORG,0.0,0.0,de,1
"TUM
","TUM
",ORG,0.0,0.0,de,1
ukrainische Post gehand,ukrainische Post gehand,ORG,-1.0,0.0,de,1
Ministry of Defence of the Russian Federation,Ministry of Defence of the Russian Federation,ORG,-1.0,0.0,de,1
finnischen Polizei,finnischen Polizei,ORG,-1.0,0.0,de,1
Filmfest dokumentArt,Filmfest dokumentArt,ORG,0.0,0.0,de,1
Israel +++ Alle Entwicklungen…,Israel +++ Alle Entwicklungen…,ORG,0.7,0.0,de,1
Moskau +++ …,Moskau +++ …,ORG,0.7,0.0,de,1
Pattsituation +++,Pattsituation +++,ORG,0.0,0.0,de,1
F-16-Kampfflugzeugen +++ USA,F-16-Kampfflugzeugen +++ USA,ORG,0.0,0.0,de,1
Fine Dining,Fine Dining,ORG,0.0,0.0,de,1
Preisent…,Preisent…,ORG,0.7,0.0,de,1
Bonner Politikwissenschaftler,Bonner Politikwissenschaftler,ORG,0.0,0.0,de,1
"Self-published work
","Self-published work
",ORG,-1.0,0.0,de,1
Landtagswahlen,Landtagswahlen,ORG,-1.0,0.0,de,1
Prognosefreies,Prognosefreies,ORG,0.0,0.0,de,1
Feuerwehrle…,Feuerwehrle…,ORG,0.0,0.0,de,1
FC Uni,FC Uni,ORG,0.0,0.0,de,1
israe…,israe…,ORG,0.0,0.0,de,1
Bruchsaler Justizvollzugsanstalt,Bruchsaler Justizvollzugsanstalt,ORG,0.0,0.0,de,1
JVA,JVA,ORG,0.0,0.0,de,1
Aktion am Kanzleramt - Polizist,Aktion am Kanzleramt - Polizist,ORG,0.0,0.0,de,1
sogenan…,sogenan…,ORG,0.0,0.0,de,1
Weltzeituhr,Weltzeituhr,ORG,0.0,0.0,de,1
Strom-Netzentgelte,Strom-Netzentgelte,ORG,0.0,0.0,de,1
Energie Baden-Württemberg,Energie Baden-Württemberg,ORG,0.0,0.0,de,1
Flugabwehr +++ Kiew,Flugabwehr +++ Kiew,ORG,0.85,0.0,de,1
Treibhausgas…,Treibhausgas…,ORG,0.0,0.0,de,1
FDP-Mitgliedern,FDP-Mitgliedern,ORG,0.7,0.0,de,1
US-Zeitschrift,US-Zeitschrift,ORG,0.0,0.0,de,1
Geh…,Geh…,ORG,0.0,0.0,de,1
Taliban +++,Taliban +++,ORG,0.0,0.0,de,1
Ukrainische Nationalbank,Ukrainische Nationalbank,ORG,0.0,0.0,de,1
Nationalbank der Ukraine,Nationalbank der Ukraine,ORG,0.7,0.0,de,1
Abnutzungskrieg-Aussage,Abnutzungskrieg-Aussage,ORG,0.0,0.0,de,1
Front +++ Sieben Zivilisten,Front +++ Sieben Zivilisten,ORG,0.0,0.0,de,1
Airline-Tickets,Airline-Tickets,ORG,-0.7,0.0,de,1
Krieges +++ Ukraine,Krieges +++ Ukraine,ORG,-0.07500000000000001,0.0,de,1
Cherson ++,Cherson ++,ORG,0.0,0.0,de,1
Feuerwache +,Feuerwache +,ORG,0.0,0.0,de,1
F-16-Kampfflugzeugen +++,F-16-Kampfflugzeugen +++,ORG,0.0,0.0,de,1
Befehlsverweigerung +++ Orbán,Befehlsverweigerung +++ Orbán,ORG,0.0,0.0,de,1
EU-Strategie,EU-Strategie,ORG,0.0,0.0,de,1
Hamas-Delegation +++ USA,Hamas-Delegation +++ USA,ORG,1.0,0.0,de,1
Palästine…,Palästine…,ORG,-1.0,0.0,de,1
Europäischen Forschungsrats,Europäischen Forschungsrats,ORG,0.0,0.0,de,1
Befehlsverweigerung +++,Befehlsverweigerung +++,ORG,-1.0,0.0,de,1
SpVgg Unterhaching,SpVgg Unterhaching,ORG,0.0,0.0,de,1
Mannheimer se…,Mannheimer se…,ORG,0.0,0.0,de,1
US-Rüstungsindustrie +++,US-Rüstungsindustrie +++,ORG,0.7,0.0,de,1
FDP-Bundesministern,FDP-Bundesministern,ORG,0.7,0.0,de,1
Front +,Front +,ORG,0.35,0.0,de,1
Sozialleistungen für Asylbewerber,Sozialleistungen für Asylbewerber,ORG,0.7,0.0,de,1
Sozialstandards,Sozialstandards,ORG,0.0,0.0,de,1
Langstreckenbomber +++,Langstreckenbomber +++,ORG,-0.7,0.0,de,1
Standort +++,Standort +++,ORG,0.0,0.0,de,1
ukrainischen Polizei,ukrainischen Polizei,ORG,0.0,0.0,de,1
Ursache…,Ursache…,ORG,0.0,0.0,de,1
UN-Studie,UN-Studie,ORG,-0.3333333333333333,0.0,de,1
Abbruc…,Abbruc…,ORG,0.0,0.0,de,1
Naftogaz,Naftogaz,ORG,0.0,0.0,de,1
Olexij Tschernyschow,Olexij Tschernyschow,ORG,0.0,0.0,de,1
Laszlo Mura,Laszlo Mura,ORG,0.0,0.0,de,1
Kanada ++,Kanada ++,ORG,0.0,0.0,de,1
Gaslobby!,Gaslobby!,ORG,0.0,0.0,de,1
Ukraine-Krieges …,Ukraine-Krieges …,ORG,0.0,0.0,de,1
Music Unlimited,Music Unlimited,ORG,0.35,0.0,de,1
EU-Luftraum,EU-Luftraum,ORG,0.0,0.0,de,1
Malle-Star,Malle-Star,ORG,0.7,0.0,de,1
umg…,umg…,ORG,0.0,0.0,de,1
DMS & Cie.,DMS & Cie.,ORG,-1.0,0.0,de,1
Deutsche Leitz-Ordner-Kultur,Deutsche Leitz-Ordner-Kultur,ORG,0.0,0.0,de,1
Durchsuchungen Kokain,Durchsuchungen Kokain,ORG,0.0,0.0,de,1
Hauptstadtpolizei,Hauptstadtpolizei,ORG,0.0,0.0,de,1
ukrainischen Kirche,ukrainischen Kirche,ORG,0.0,0.0,de,1
russische Nationalgarde,russische Nationalgarde,ORG,0.0,0.0,de,1
Putins Nationalgar…,Putins Nationalgar…,ORG,0.7,0.0,de,1
gewa…,gewa…,ORG,0.0,0.0,de,1
Hobb…,Hobb…,ORG,0.0,0.0,de,1
Evergrandes Antrag,Evergrandes Antrag,ORG,0.0,0.0,de,1
Stimme für Menschenrechte,Stimme für Menschenrechte,ORG,1.0,0.0,de,1
Sacharow-Menschenrechtszentrum,Sacharow-Menschenrechtszentrum,ORG,0.0,0.0,de,1
Grenze +++ Training,Grenze +++ Training,ORG,0.0,0.0,de,1
Zentrum der Stadt Tschernihiw,Zentrum der Stadt Tschernihiw,ORG,0.0,0.0,de,1
Zentrum der nordukrainischen Stadt Tschernihiw,Zentrum der nordukrainischen Stadt Tschernihiw,ORG,0.0,0.0,de,1
F-16-Ausbildung,F-16-Ausbildung,ORG,0.0,0.0,de,1
Funke Medien…,Funke Medien…,ORG,0.0,0.0,de,1
ZusammenfassungDie,ZusammenfassungDie,ORG,0.2333333333333333,0.0,de,1
F-16-Einsatz,F-16-Einsatz,ORG,-0.7,0.0,de,1
internationalen Just…,internationalen Just…,ORG,0.0,0.0,de,1
Jets könn…,Jets könn…,ORG,0.0,0.0,de,1
Regierungs- und Staatschefs,Regierungs- und Staatschefs,ORG,0.0,0.0,de,1
Disney+picture alliance/dpa/AP,Disney+picture alliance/dpa/AP,ORG,0.0,0.0,de,1
EU durchleiten +++,EU durchleiten +++,ORG,0.0,0.0,de,1
Eyb & Wallwitz Vermögensverwaltun…,Eyb & Wallwitz Vermögensverwaltun…,ORG,0.0,0.0,de,1
EU-Beitrittsverhandlungen +++ Ukrainische Asow-S…,EU-Beitrittsverhandlungen +++ Ukrainische Asow-S…,ORG,0.85,0.0,de,1
Dnipro +++ Lindner,Dnipro +++ Lindner,ORG,0.0,0.0,de,1
müss…,müss…,ORG,0.0,0.0,de,1
Berufun…,Berufun…,ORG,0.0,0.0,de,1
Nationalen Befreiungstag Nordkoreas,Nationalen Befreiungstag Nordkoreas,ORG,0.0,0.0,de,1
Apec-Treffen +++,Apec-Treffen +++,ORG,-1.0,0.0,de,1
Ukraine-Krieges +++,Ukraine-Krieges +++,ORG,-0.7,0.0,de,1
Britische Kampfjets,Britische Kampfjets,ORG,0.0,0.0,de,1
World Wealth,World Wealth,ORG,0.0,0.0,de,1
Braunschweig,Braunschweig,ORG,0.0,0.0,de,1
US-Importe,US-Importe,ORG,0.0,0.0,de,1
US-Märkte,US-Märkte,ORG,0.7,0.0,de,1
Kadyr…,Kadyr…,ORG,0.0,0.0,de,1
Kaluga +++ Russland,Kaluga +++ Russland,ORG,0.0,0.0,de,1
Kaluga +++,Kaluga +++,ORG,0.0,0.0,de,1
Finanz-Applikation Revolut,Finanz-Applikation Revolut,ORG,0.0,0.0,de,1
Wind …,Wind …,ORG,0.0,0.0,de,1
Fraktionschef der Linkspartei,Fraktionschef der Linkspartei,ORG,0.0,0.0,de,1
Pazi…,Pazi…,ORG,0.0,0.0,de,1
La Izquierda Diario,La Izquierda Diario,ORG,0.0,0.0,de,1
USD,USD,ORG,0.0,0.0,de,1
EU durchleiten,EU durchleiten,ORG,0.0,0.0,de,1
Federal Reser…,Federal Reser…,ORG,0.0,0.0,de,1
Maklerpool Fonds Finanz,Maklerpool Fonds Finanz,ORG,0.7,0.0,de,1
EU durchleiten +++ Belarus,EU durchleiten +++ Belarus,ORG,-0.5,0.0,de,1
EU-Beitrittsverhandlungen +++ Ukrainische Asow-Spezialbrigade,EU-Beitrittsverhandlungen +++ Ukrainische Asow-Spezialbrigade,ORG,0.85,0.0,de,1
Wagner-Chef +++,Wagner-Chef +++,ORG,0.0,0.0,de,1
F-16-Kampfflugzeuge +++ Ukraine,F-16-Kampfflugzeuge +++ Ukraine,ORG,-0.6666666666666666,0.0,de,1
F-16-Kampfflugzeuglieferungen der Niederlande,F-16-Kampfflugzeuglieferungen der Niederlande,ORG,0.0,0.0,de,1
AfD-Politiker Russland,AfD-Politiker Russland,ORG,0.0,0.0,de,1
FSB …,FSB …,ORG,0.0,0.0,de,1
Wagner-Chef Prigoschin +++ Ukraine,Wagner-Chef Prigoschin +++ Ukraine,ORG,0.7,0.0,de,1
Russland Double-Tap-Attacken,Russland Double-Tap-Attacken,ORG,0.7,0.0,de,1
Deutschen müs…,Deutschen müs…,ORG,0.0,0.0,de,1
Statistisches Bundesamt:,Statistisches Bundesamt:,ORG,0.0,0.0,de,1
++ Ukraine-Krieg ++,++ Ukraine-Krieg ++,ORG,-1.0,0.0,de,1
F-16-Kampfpiloten,F-16-Kampfpiloten,ORG,0.0,0.0,de,1
Aufruhr!,Aufruhr!,ORG,0.7,0.0,de,1
Sussexes,Sussexes,ORG,0.0,0.0,de,1
"Aufruhr 
","Aufruhr 
",ORG,0.0,0.0,de,1
Arnest Group,Arnest Group,ORG,0.0,0.0,de,1
Reuß-Grippe,Reuß-Grippe,ORG,0.0,0.0,de,1
NATO-Niveau,NATO-Niveau,ORG,-0.7,0.0,de,1
amerikanischen Zentralbank,amerikanischen Zentralbank,ORG,0.0,0.0,de,1
polnischen Bahn,polnischen Bahn,ORG,0.0,0.0,de,1
Klima-Aufklärer,Klima-Aufklärer,ORG,0.0,0.0,de,1
sy…,sy…,ORG,0.0,0.0,de,1
CDU-Parteichef…,CDU-Parteichef…,ORG,0.0,0.0,de,1
Schweden +++,Schweden +++,ORG,-1.0,0.0,de,1
Krim +++ Flugschreiber von Wagner-Maschine,Krim +++ Flugschreiber von Wagner-Maschine,ORG,0.0,0.0,de,1
ukrainische Führung,ukrainische Führung,ORG,0.0,0.0,de,1
Großraum Berlin,Großraum Berlin,ORG,0.0,0.0,de,1
Spanischen Königlichen Föderation des Fußballs,Spanischen Königlichen Föderation des Fußballs,ORG,0.7,0.0,de,1
RFEF,RFEF,ORG,0.7,0.0,de,1
CS-Krise,CS-Krise,ORG,0.0,0.0,de,1
+++ EIL +++ Hund,+++ EIL +++ Hund,ORG,0.0,0.0,de,1
Hamburger Polizei Langwaffen,Hamburger Polizei Langwaffen,ORG,0.0,0.0,de,1
+++ EIL +++ Friseur,+++ EIL +++ Friseur,ORG,0.0,0.0,de,1
die Grünen stecken,die Grünen stecken,ORG,0.0,0.0,de,1
deutschen Bundestag,deutschen Bundestag,ORG,0.0,0.0,de,1
F-16-Maschinen,F-16-Maschinen,ORG,0.0,0.0,de,1
US-Klimapaket,US-Klimapaket,ORG,0.0,0.0,de,1
Flüssigerdgas-Lieferanten,Flüssigerdgas-Lieferanten,ORG,0.0,0.0,de,1
UNO-F…,UNO-F…,ORG,0.0,0.0,de,1
UNO-Friedenstruppe,UNO-Friedenstruppe,ORG,0.0,0.0,de,1
pxhere,pxhere,ORG,-1.0,0.0,de,1
bKV,bKV,ORG,0.0,0.0,de,1
Assekurata be…,Assekurata be…,ORG,0.0,0.0,de,1
Ministerpräsidentenkonfe…,Ministerpräsidentenkonfe…,ORG,0.0,0.0,de,1
Ukraine-Strategie,Ukraine-Strategie,ORG,0.0,0.0,de,1
Taurus-MFK,Taurus-MFK,ORG,0.7,0.0,de,1
+++ EIL +++ Grundschullehrerin,+++ EIL +++ Grundschullehrerin,ORG,0.0,0.0,de,1
russischem Verteidigungsministerium,russischem Verteidigungsministerium,ORG,0.0,0.0,de,1
Klimaschutzprogramm der Bundesregierung,Klimaschutzprogramm der Bundesregierung,ORG,0.0,0.0,de,1
Hackney Diamonds,Hackney Diamonds,ORG,0.0,0.0,de,1
Rolling Stones u…,Rolling Stones u…,ORG,0.0,0.0,de,1
Moskaus Truppen +++,Moskaus Truppen +++,ORG,-0.85,0.0,de,1
Atomkr…,Atomkr…,ORG,-0.85,0.0,de,1
Flugzeugabsturz +++ Amerikanische Strategen,Flugzeugabsturz +++ Amerikanische Strategen,ORG,-0.5,0.0,de,1
Sintflut hochgeschrieben,Sintflut hochgeschrieben,ORG,0.35,0.0,de,1
Flugzeugabsturz +++,Flugzeugabsturz +++,ORG,0.0,0.0,de,1
+++ EIL +++ Mann,+++ EIL +++ Mann,ORG,0.0,0.0,de,1
Staatsoper Hannover,Staatsoper Hannover,ORG,0.0,0.0,de,1
Hochverrats +++ London,Hochverrats +++ London,ORG,0.0,0.0,de,1
Taurus-Marsch…,Taurus-Marsch…,ORG,0.0,0.0,de,1
Luna NG,Luna NG,ORG,0.0,0.0,de,1
Xi wi…,Xi wi…,ORG,0.0,0.0,de,1
Deutschen umtreiben,Deutschen umtreiben,ORG,0.0,0.0,de,1
Szene-Applaus,Szene-Applaus,ORG,0.0,0.0,de,1
Schwarzme…,Schwarzme…,ORG,0.0,0.0,de,1
Staatsfernsehkamer…,Staatsfernsehkamer…,ORG,0.0,0.0,de,1
Belarus +++ Ukraine,Belarus +++ Ukraine,ORG,-1.0,0.0,de,1
Rekrutierungszentren +++,Rekrutierungszentren +++,ORG,-1.0,0.0,de,1
SIG,SIG,ORG,0.0,0.0,de,1
Saudi Arabien,Saudi Arabien,ORG,0.0,0.0,de,1
Saudi Arabien +++ Ukrainischer Geheimdienst,Saudi Arabien +++ Ukrainischer Geheimdienst,ORG,0.0,0.0,de,1
Russland zusamm…,Russland zusamm…,ORG,1.0,0.0,de,1
Nicht-Engagement der Schweiz,Nicht-Engagement der Schweiz,ORG,0.0,0.0,de,1
unzufriede…,unzufriede…,ORG,0.0,0.0,de,1
Saudi Arabien +++,Saudi Arabien +++,ORG,0.7,0.0,de,1
Russlands Präsenz,Russlands Präsenz,ORG,0.0,0.0,de,1
Dschidda  +++ Ukraine,Dschidda  +++ Ukraine,ORG,-0.43333333333333335,0.0,de,1
Zeit hitz…,Zeit hitz…,ORG,0.0,0.0,de,1
Eibne…,Eibne…,ORG,-0.7,0.0,de,1
Krim +++ Widerstand,Krim +++ Widerstand,ORG,-1.0,0.0,de,1
Daimler Trucks,Daimler Trucks,ORG,0.0,0.0,de,1
unrea…,unrea…,ORG,0.0,0.0,de,1
Wirtschaftskrise!,Wirtschaftskrise!,ORG,0.0,0.0,de,1
Mondmission,Mondmission,ORG,0.0,0.0,de,1
Corona-Pressekonferenz,Corona-Pressekonferenz,ORG,0.0,0.0,de,1
Haftstrafe,Haftstrafe,ORG,0.0,0.0,de,1
stö,stö,ORG,-0.35,0.0,de,1
Lissabon …,Lissabon …,ORG,0.0,0.0,de,1
Yale-Universität …,Yale-Universität …,ORG,0.0,0.0,de,1
US-Studie,US-Studie,ORG,-0.15000000000000002,0.0,de,1
Hessischen Rundfunks,Hessischen Rundfunks,ORG,0.0,0.0,de,1
Rechtsstre…,Rechtsstre…,ORG,0.0,0.0,de,1
Kerni…,Kerni…,ORG,0.0,0.0,de,1
Stan…,Stan…,ORG,-1.0,0.0,de,1
Reisebranche,Reisebranche,ORG,0.0,0.0,de,1
Stuttgarter CSD,Stuttgarter CSD,ORG,-1.0,0.0,de,1
Tempo!,Tempo!,ORG,0.0,0.0,de,1
Aktion des Discounters,Aktion des Discounters,ORG,-1.0,0.0,de,1
Österreichischen Instituts f…,Österreichischen Instituts f…,ORG,0.0,0.0,de,1
Penny  ,Penny  ,ORG,1.0,0.0,de,1
Never Ever“-Show,Never Ever“-Show,ORG,0.7,0.0,de,1
Never Ever-Show,Never Ever-Show,ORG,0.0,0.0,de,1
Atomkraftreak…,Atomkraftreak…,ORG,0.0,0.0,de,1
Russlands Drohnen-Blamage,Russlands Drohnen-Blamage,ORG,0.0,0.0,de,1
Linke Co-Vorsitzende,Linke Co-Vorsitzende,ORG,-0.7,0.0,de,1
Respek…,Respek…,ORG,1.0,0.0,de,1
Weltwirtschaftsinstitut,Weltwirtschaftsinstitut,ORG,-0.7,0.0,de,1
Wirtschaftswe…,Wirtschaftswe…,ORG,0.7,0.0,de,1
NATO +++ London,NATO +++ London,ORG,0.0,0.0,de,1
Polen …,Polen …,ORG,0.0,0.0,de,1
Erwär…,Erwär…,ORG,-0.35,0.0,de,1
Stadtwerke Heide,Stadtwerke Heide,ORG,0.7,0.0,de,1
Ministerium…,Ministerium…,ORG,0.0,0.0,de,1
Ukraine +++ Donau…,Ukraine +++ Donau…,ORG,0.0,0.0,de,1
AKW-Mitarbeitern,AKW-Mitarbeitern,ORG,0.0,0.0,de,1
Ukrainische Abwe,Ukrainische Abwe,ORG,-1.0,0.0,de,1
LebensmittelpreiseNahrungsmittel,LebensmittelpreiseNahrungsmittel,ORG,0.0,0.0,de,1
Wagner-Rekrutierung,Wagner-Rekrutierung,ORG,0.0,0.0,de,1
Benzin-Gas-Gemisch Ursache für Hausexplosion,Benzin-Gas-Gemisch Ursache für Hausexplosion,ORG,0.0,0.0,de,1
Kiew +++ Präsident,Kiew +++ Präsident,ORG,0.0,0.0,de,1
Beschuss ++,Beschuss ++,ORG,0.0,0.0,de,1
Flugabwe…,Flugabwe…,ORG,0.0,0.0,de,1
Politi…,Politi…,ORG,0.0,0.0,de,1
PKW,PKW,ORG,0.0,0.0,de,1
"Rattelschneck
","Rattelschneck
",ORG,0.0,0.0,de,1
Sumy +++ Frankreich,Sumy +++ Frankreich,ORG,0.0,0.0,de,1
Apple-Produkten +++,Apple-Produkten +++,ORG,0.0,0.0,de,1
Lebensmit…,Lebensmit…,ORG,0.0,0.0,de,1
Taurus-Lieferungen +++,Taurus-Lieferungen +++,ORG,0.0,0.0,de,1
Händchenhalten & vielsagende Blicke,Händchenhalten & vielsagende Blicke,ORG,0.0,0.0,de,1
Klimafonds-Mogelpackung,Klimafonds-Mogelpackung,ORG,0.0,0.0,de,1
Krim-Brücke +++ Rheinmetall,Krim-Brücke +++ Rheinmetall,ORG,-0.7,0.0,de,1
Taurus-Marschflugkörpern +++ Der Newsblog,Taurus-Marschflugkörpern +++ Der Newsblog,ORG,-0.7,0.0,de,1
UA,UA,ORG,0.0,0.0,de,1
Allianzen,Allianzen,ORG,0.0,0.0,de,1
Taifuns,Taifuns,ORG,0.0,0.0,de,1
Kino!,Kino!,ORG,0.0,0.0,de,1
Männ…,Männ…,ORG,0.0,0.0,de,1
Miloševićs,Miloševićs,ORG,0.0,0.0,de,1
Grüne Vers,Grüne Vers,ORG,1.0,0.0,de,1
Waffenkäufer +++,Waffenkäufer +++,ORG,0.0,0.0,de,1
südu…,südu…,ORG,0.0,0.0,de,1
wirtscha…,wirtscha…,ORG,0.0,0.0,de,1
Russland mus,Russland mus,ORG,0.0,0.0,de,1
Hamburg…,Hamburg…,ORG,1.0,0.0,de,1
Suchoi Su-24M-Bombers,Suchoi Su-24M-Bombers,ORG,0.0,0.0,de,1
Bundesamt für Strahlenschutz,Bundesamt für Strahlenschutz,ORG,0.0,0.0,de,1
Bosch Professional Bohrer-Set,Bosch Professional Bohrer-Set,ORG,0.0,0.0,de,1
Polizei Zeugen,Polizei Zeugen,ORG,0.0,0.0,de,1
Nationalgarde +++ Kiew,Nationalgarde +++ Kiew,ORG,0.0,0.0,de,1
Deutsche Pre…,Deutsche Pre…,ORG,0.0,0.0,de,1
Einlagenbestand der Institute,Einlagenbestand der Institute,ORG,0.0,0.0,de,1
ZinsenZuletzt,ZinsenZuletzt,ORG,0.0,0.0,de,1
++ Moskau,++ Moskau,ORG,0.0,0.0,de,1
Plastikpuppe,Plastikpuppe,ORG,-0.35,0.0,de,1
Keramikgeschirr,Keramikgeschirr,ORG,0.0,0.0,de,1
Bundesamts fü…,Bundesamts fü…,ORG,0.0,0.0,de,1
WELT-Redakteur Innenpolit…,WELT-Redakteur Innenpolit…,ORG,0.6999999999999998,0.0,de,1
Groß-Dealer,Groß-Dealer,ORG,0.0,0.0,de,1
Europas LNG-Bedarf,Europas LNG-Bedarf,ORG,0.7,0.0,de,1
Can…,Can…,ORG,-0.7,0.0,de,1
Nowatek,Nowatek,ORG,0.0,0.0,de,1
Raumfahrtbehörde Roskosmos,Raumfahrtbehörde Roskosmos,ORG,0.0,0.0,de,1
Raumfahrtbehörde Roskosmos…,Raumfahrtbehörde Roskosmos…,ORG,0.0,0.0,de,1
Deutschen Eck,Deutschen Eck,ORG,0.0,0.0,de,1
JapanDie,JapanDie,ORG,0.0,0.0,de,1
Verkehrsverbünden,Verkehrsverbünden,ORG,-1.0,0.0,de,1
äuß…,äuß…,ORG,0.0,0.0,de,1
Wahle…,Wahle…,ORG,-1.0,0.0,de,1
Bürokratie Deutschlands,Bürokratie Deutschlands,ORG,0.0,0.0,de,1
Taurus-Marschflugkörpern +++ Ukrainische Armee,Taurus-Marschflugkörpern +++ Ukrainische Armee,ORG,0.0,0.0,de,1
Akku e…,Akku e…,ORG,0.0,0.0,de,1
UBS…,UBS…,ORG,0.0,0.0,de,1
US-Konsulats,US-Konsulats,ORG,0.0,0.0,de,1
Finfluencer,Finfluencer,ORG,0.0,0.0,de,1
Liveblog Bundesaußenministerin,Liveblog Bundesaußenministerin,ORG,1.0,0.0,de,1
Europäische Unio…,Europäische Unio…,ORG,0.0,0.0,de,1
Bank of RussiaDie,Bank of RussiaDie,ORG,0.0,0.0,de,1
US-Rüstungsfirmen,US-Rüstungsfirmen,ORG,0.0,0.0,de,1
Westfälische Friedenskonferenz,Westfälische Friedenskonferenz,ORG,0.0,0.0,de,1
Klimaschutz-Demos,Klimaschutz-Demos,ORG,0.0,0.0,de,1
Klima-Streik,Klima-Streik,ORG,0.0,0.0,de,1
Selenskyj-Besuch ++,Selenskyj-Besuch ++,ORG,0.7,0.0,de,1
inzwisch…,inzwisch…,ORG,0.0,0.0,de,1
Handelsbeschränkungen für ukrainisches Getreide +++ Bei Angriff auf Schwarzmeerflotte,Handelsbeschränkungen für ukrainisches Getreide +++ Bei Angriff auf Schwarzmeerflotte,ORG,0.7,0.0,de,1
Deutschland-Krise,Deutschland-Krise,ORG,0.0,0.0,de,1
ZDF-Show,ZDF-Show,ORG,-0.25,0.0,de,1
Fridays for,Fridays for,ORG,-1.0,0.0,de,1
Deportivo Alaves,Deportivo Alaves,ORG,0.0,0.0,de,1
Los Franjirrojos,Los Franjirrojos,ORG,0.0,0.0,de,1
Grünen Jugend für mehr Umverteilung,Grünen Jugend für mehr Umverteilung,ORG,0.0,0.0,de,1
Jugendorganisation der Grünen,Jugendorganisation der Grünen,ORG,0.0,0.0,de,1
Megabauwerke,Megabauwerke,ORG,0.0,0.0,de,1
Heizungsaustausch,Heizungsaustausch,ORG,0.0,0.0,de,1
Beppos …,Beppos …,ORG,0.0,0.0,de,1
tschechische Regierung,tschechische Regierung,ORG,0.0,0.0,de,1
Mitte-Rechts-Regierung,Mitte-Rechts-Regierung,ORG,0.0,0.0,de,1
Erklärungen +++,Erklärungen +++,ORG,0.0,0.0,de,1
JVA Stadelheim,JVA Stadelheim,ORG,0.0,0.0,de,1
Blocka…,Blocka…,ORG,0.0,0.0,de,1
Eritrea-Veranstaltung,Eritrea-Veranstaltung,ORG,-1.0,0.0,de,1
Deutschlandweite Klima-Proteste,Deutschlandweite Klima-Proteste,ORG,0.0,0.0,de,1
Putins +++ Baerbock,Putins +++ Baerbock,ORG,1.0,0.0,de,1
Notenbank-Forum,Notenbank-Forum,ORG,0.0,0.0,de,1
WELT-Intervi…,WELT-Intervi…,ORG,0.7,0.0,de,1
ETH-Forscher,ETH-Forscher,ORG,0.0,0.0,de,1
WELT-Korrespondent Christoph…,WELT-Korrespondent Christoph…,ORG,0.7,0.0,de,1
Universität für Bodenkultu…,Universität für Bodenkultu…,ORG,0.0,0.0,de,1
Molkereibetriebes Salzburg,Molkereibetriebes Salzburg,ORG,0.0,0.0,de,1
besond…,besond…,ORG,0.0,0.0,de,1
Taurus-Lieferungen  +++,Taurus-Lieferungen  +++,ORG,0.15000000000000002,0.0,de,1
NGO Global Witness,NGO Global Witness,ORG,-1.0,0.0,de,1
bekanntg…,bekanntg…,ORG,0.0,0.0,de,1
Bittsteller,Bittsteller,ORG,0.0,0.0,de,1
Klima-Blockaden,Klima-Blockaden,ORG,0.0,0.0,de,1
Backofens für Energieverschwendung,Backofens für Energieverschwendung,ORG,0.0,0.0,de,1
Verbraucherzentrale Bayern,Verbraucherzentrale Bayern,ORG,0.0,0.0,de,1
Explosives Gebräu,Explosives Gebräu,ORG,0.0,0.0,de,1
“ +,“ +,ORG,0.7,0.0,de,1
Wärmepumpe,Wärmepumpe,ORG,0.7,0.0,de,1
Patient Erde,Patient Erde,ORG,0.0,0.0,de,1
Climate Action Network,Climate Action Network,ORG,0.0,0.0,de,1
verkaufenDas,verkaufenDas,ORG,-1.0,0.0,de,1
Immobilientransaktionen,Immobilientransaktionen,ORG,-1.0,0.0,de,1
Ponys,Ponys,ORG,0.0,0.0,de,1
EU-Finanzministerinnen,EU-Finanzministerinnen,ORG,0.0,0.0,de,1
spanische Ratspräsidentschaft der Europäischen Union,spanische Ratspräsidentschaft der Europäischen Union,ORG,0.7,0.0,de,1
Hallo Fridays,Hallo Fridays,ORG,1.0,0.0,de,1
Streitkräfte des Lands,Streitkräfte des Lands,ORG,0.0,0.0,de,1
New York Jets,New York Jets,ORG,0.0,0.0,de,1
Tokmak +++ Kim Jong-un,Tokmak +++ Kim Jong-un,ORG,0.0,0.0,de,1
Maßkrug-Angriff,Maßkrug-Angriff,ORG,0.0,0.0,de,1
Meldunge…,Meldunge…,ORG,0.0,0.0,de,1
VDA/IAA Mobility,VDA/IAA Mobility,ORG,0.0,0.0,de,1
Staaten +++ Präsidentengattin Selenska,Staaten +++ Präsidentengattin Selenska,ORG,0.175,0.0,de,1
Mi,Mi,ORG,0.0,0.0,de,1
Gigaset,Gigaset,ORG,-0.7,0.0,de,1
verschlep…,verschlep…,ORG,0.0,0.0,de,1
Assimilat…,Assimilat…,ORG,0.0,0.0,de,1
US-Leitzins,US-Leitzins,ORG,0.0,0.0,de,1
Bachmut +++ Irans,Bachmut +++ Irans,ORG,0.0,0.0,de,1
Bundesnetzagenturchef,Bundesnetzagenturchef,ORG,-1.0,0.0,de,1
Bosporus …,Bosporus …,ORG,0.0,0.0,de,1
Provokation +++,Provokation +++,ORG,0.0,0.0,de,1
Nachbarländern Russland,Nachbarländern Russland,ORG,0.0,0.0,de,1
Luftverteidigungssysteme ze…,Luftverteidigungssysteme ze…,ORG,0.0,0.0,de,1
Stromausfäl…,Stromausfäl…,ORG,0.0,0.0,de,1
Getreide-Importe +++,Getreide-Importe +++,ORG,0.0,0.0,de,1
Agrar-Ministerium,Agrar-Ministerium,ORG,0.0,0.0,de,1
UN-Expertin,UN-Expertin,ORG,0.0,0.0,de,1
polnische Außenministerium,polnische Außenministerium,ORG,0.0,0.0,de,1
Bewa…,Bewa…,ORG,0.0,0.0,de,1
vergessen</li><li>,vergessen</li><li>,ORG,0.35,0.0,de,1
ATACMS-Marschflug…,ATACMS-Marschflug…,ORG,0.35,0.0,de,1
VIACHESLAV,VIACHESLAV,ORG,0.0,0.0,de,1
UN-Sicherheitsrat +++ Ukraine,UN-Sicherheitsrat +++ Ukraine,ORG,1.0,0.0,de,1
MiG-Pilot,MiG-Pilot,ORG,0.0,0.0,de,1
Ferns…,Ferns…,ORG,0.0,0.0,de,1
StGB,StGB,ORG,0.0,0.0,de,1
USA gießen,USA gießen,ORG,0.0,0.0,de,1
UN-Kulturorganisation,UN-Kulturorganisation,ORG,0.0,0.0,de,1
Gas kills,Gas kills,ORG,0.0,0.0,de,1
Nordkorea +++ Pistorius,Nordkorea +++ Pistorius,ORG,-0.7,0.0,de,1
Verteidigungsministeriums Spezialkräfte,Verteidigungsministeriums Spezialkräfte,ORG,0.0,0.0,de,1
Kiew-Angriff +++,Kiew-Angriff +++,ORG,0.0,0.0,de,1
Investigati…,Investigati…,ORG,0.0,0.0,de,1
Hitler +++ Russland,Hitler +++ Russland,ORG,-0.7,0.0,de,1
UN-Beschlüsse,UN-Beschlüsse,ORG,-0.7,0.0,de,1
Pilotentraining +++,Pilotentraining +++,ORG,-0.7,0.0,de,1
Hitler +++,Hitler +++,ORG,-0.7,0.0,de,1
Chefökonomin,Chefökonomin,ORG,-0.5,0.0,de,1
Sommersaison,Sommersaison,ORG,0.0,0.0,de,1
Reisebranch…,Reisebranch…,ORG,-0.7,0.0,de,1
Expert…,Expert…,ORG,0.0,0.0,de,1
WELT-Exklusivinterview,WELT-Exklusivinterview,ORG,0.6999999999999998,0.0,de,1
Ukraine-Schock,Ukraine-Schock,ORG,-1.0,0.0,de,1
Konvention,Konvention,ORG,-1.0,0.0,de,1
TSG H,TSG H,ORG,0.0,0.0,de,1
Septemb…,Septemb…,ORG,0.0,0.0,de,1
US-PräsidentJoe Biden,US-PräsidentJoe Biden,ORG,0.0,0.0,de,1
Gen…,Gen…,ORG,0.7,0.0,de,1
SUPCON,SUPCON,ORG,1.0,0.0,de,1
OGA,OGA,ORG,1.0,0.0,de,1
KUALA LUMPUR,KUALA LUMPUR,ORG,0.0,0.0,de,1
sinnvo…,sinnvo…,ORG,-1.0,0.0,de,1
Organisation für Zusammenarbeit und Entwicklung,Organisation für Zusammenarbeit und Entwicklung,ORG,0.0,0.0,de,1
OE…,OE…,ORG,0.0,0.0,de,1
PRETTY,PRETTY,ORG,1.0,0.0,de,1
Nachhalt…,Nachhalt…,ORG,0.7,0.0,de,1
UN-Entwicklungsagentur,UN-Entwicklungsagentur,ORG,-1.0,0.0,de,1
+++ Armenien,+++ Armenien,ORG,0.7,0.0,de,1
Bayerns Vizeregieru…,Bayerns Vizeregieru…,ORG,0.0,0.0,de,1
weni…,weni…,ORG,0.0,0.0,de,1
Kolomojskyj,Kolomojskyj,ORG,0.0,0.0,de,1
Selenskyj-Förderer,Selenskyj-Förderer,ORG,0.0,0.0,de,1
Getreidekorridor +,Getreidekorridor +,ORG,0.0,0.0,de,1
amerikanischen Institut für Kriegsstudien,amerikanischen Institut für Kriegsstudien,ORG,0.0,0.0,de,1
Grenzen dichtmachen!,Grenzen dichtmachen!,ORG,0.0,0.0,de,1
Verkehrsrundschau Niedersachsens,Verkehrsrundschau Niedersachsens,ORG,0.7,0.0,de,1
Taurus-Marschf…,Taurus-Marschf…,ORG,-0.7,0.0,de,1
Luna 25,Luna 25,ORG,0.0,0.0,de,1
TUIK,TUIK,ORG,0.0,0.0,de,1
wiede…,wiede…,ORG,-0.7,0.0,de,1
Sotschi +++ Ukraine,Sotschi +++ Ukraine,ORG,0.0,0.0,de,1
Sotschi +++,Sotschi +++,ORG,0.7,0.0,de,1
Donetzk +++,Donetzk +++,ORG,-1.0,0.0,de,1
Pakistans Premier,Pakistans Premier,ORG,0.0,0.0,de,1
Flugabwehrpanzer Gepard,Flugabwehrpanzer Gepard,ORG,0.0,0.0,de,1
Ukraine +++ Nobelpreis-Träger,Ukraine +++ Nobelpreis-Träger,ORG,-1.0,0.0,de,1
ifo,ifo,ORG,0.0,0.0,de,1
Preisges…,Preisges…,ORG,0.0,0.0,de,1
Abgeschaltetes Kernkraftwerk Krümmel Schleswig HolsteinDie,Abgeschaltetes Kernkraftwerk Krümmel Schleswig HolsteinDie,ORG,0.0,0.0,de,1
Tresor,Tresor,ORG,0.0,0.0,de,1
Energiekonzerns Wintershall Dea,Energiekonzerns Wintershall Dea,ORG,0.0,0.0,de,1
Finanz-Nachrichtenag…,Finanz-Nachrichtenag…,ORG,0.0,0.0,de,1
Energiemärk…,Energiemärk…,ORG,0.0,0.0,de,1
Finanzhilfe…,Finanzhilfe…,ORG,0.0,0.0,de,1
EU-Umweltkommissar,EU-Umweltkommissar,ORG,0.0,0.0,de,1
Sowje…,Sowje…,ORG,0.0,0.0,de,1
InflationLebensmittel,InflationLebensmittel,ORG,0.0,0.0,de,1
Merck Fi…,Merck Fi…,ORG,0.7,0.0,de,1
AKW-Abkehr,AKW-Abkehr,ORG,0.0,0.0,de,1
CO₂-freien Kernenergie,CO₂-freien Kernenergie,ORG,0.0,0.0,de,1
+++ Unicef,+++ Unicef,ORG,0.2333333333333333,0.0,de,1
Baikal-CPUs,Baikal-CPUs,ORG,0.0,0.0,de,1
Auto online,Auto online,ORG,0.0,0.0,de,1
Scholz ei…,Scholz ei…,ORG,0.0,0.0,de,1
Messzahl,Messzahl,ORG,0.0,0.0,de,1
O2,O2,ORG,0.7,0.0,de,1
Rak…,Rak…,ORG,0.0,0.0,de,1
AKW-Chaos,AKW-Chaos,ORG,0.0,0.0,de,1
Disney Pluss,Disney Pluss,ORG,0.0,0.0,de,1
Welt +,Welt +,ORG,0.0,0.0,de,1
Disney Plus:,Disney Plus:,ORG,0.0,0.0,de,1
F-16-Ausbildung +++  ,F-16-Ausbildung +++  ,ORG,-1.0,0.0,de,1
aufre…,aufre…,ORG,0.0,0.0,de,1
Jabra Elite 10,Jabra Elite 10,ORG,0.0,0.0,de,1
­Labels Pulver,­Labels Pulver,ORG,0.0,0.0,de,1
spr…,spr…,ORG,0.0,0.0,de,1
Klimawandel &,Klimawandel &,ORG,0.0,0.0,de,1
WISAG Aviation,WISAG Aviation,ORG,0.0,0.0,de,1
Getreideabkommen +,Getreideabkommen +,ORG,0.0,0.0,de,1
Getreideabkommen +++ Türkis…,Getreideabkommen +++ Türkis…,ORG,0.0,0.0,de,1
Russland +++ Guterres,Russland +++ Guterres,ORG,0.0,0.0,de,1
EuG,EuG,ORG,0.0,0.0,de,1
Ukraine Uranmunition,Ukraine Uranmunition,ORG,0.0,0.0,de,1
Russland +++ Baerbock,Russland +++ Baerbock,ORG,-0.7,0.0,de,1
US-Panzer Abrams,US-Panzer Abrams,ORG,0.15000000000000002,0.0,de,1
rumänische Regierung,rumänische Regierung,ORG,0.0,0.0,de,1
Popul…,Popul…,ORG,0.0,0.0,de,1
SED,SED,ORG,0.0,0.0,de,1
Putin +++ Rumänien,Putin +++ Rumänien,ORG,0.7,0.0,de,1
Luftraums hin +++ London,Luftraums hin +++ London,ORG,0.7,0.0,de,1
Russland +++ Scheinwahlen,Russland +++ Scheinwahlen,ORG,0.0,0.0,de,1
Purins Partei,Purins Partei,ORG,0.0,0.0,de,1
Partei Geeintes Russland,Partei Geeintes Russland,ORG,0.0,0.0,de,1
Finanz-Startups Timeless,Finanz-Startups Timeless,ORG,0.0,0.0,de,1
Jungunternehmer geg…,Jungunternehmer geg…,ORG,-1.0,0.0,de,1
spe…,spe…,ORG,0.0,0.0,de,1
Ukraine +++ AfD-Kandidat,Ukraine +++ AfD-Kandidat,ORG,0.0,0.0,de,1
Deutschen Bahn AG,Deutschen Bahn AG,ORG,0.0,0.0,de,1
Sachen Korruption,Sachen Korruption,ORG,0.0,0.0,de,1
Konflikthor…,Konflikthor…,ORG,0.0,0.0,de,1
thailändisc…,thailändisc…,ORG,0.0,0.0,de,1
Grenze +++  ,Grenze +++  ,ORG,0.0,0.0,de,1
französische Regierung,französische Regierung,ORG,-0.7,0.0,de,1
Lays Chips,Lays Chips,ORG,0.0,0.0,de,1
Lipton Ice Tea von PepsiCo,Lipton Ice Tea von PepsiCo,ORG,0.0,0.0,de,1
Humboldt-Residency-Programm,Humboldt-Residency-Programm,ORG,0.0,0.0,de,1
wahrscheinl…,wahrscheinl…,ORG,0.0,0.0,de,1
öffentlich-re…,öffentlich-re…,ORG,1.0,0.0,de,1
Gefangenenaustausch +++,Gefangenenaustausch +++,ORG,-1.0,0.0,de,1
Krim +++ Der Newsblog,Krim +++ Der Newsblog,ORG,-0.7,0.0,de,1
Moskauer Bürgermeisterwahlen +++,Moskauer Bürgermeisterwahlen +++,ORG,0.0,0.0,de,1
Selenskyj Bewegung,Selenskyj Bewegung,ORG,0.0,0.0,de,1
ATACMS-Lieferung,ATACMS-Lieferung,ORG,0.0,0.0,de,1
Kompromisse…,Kompromisse…,ORG,0.0,0.0,de,1
Förderhöhe,Förderhöhe,ORG,0.0,0.0,de,1
+++ Der Newsblog,+++ Der Newsblog,ORG,0.0,0.0,de,1
F-16 Kampfjets,F-16 Kampfjets,ORG,0.7,0.0,de,1
Ukraine-Krieg Deutschland,Ukraine-Krieg Deutschland,ORG,0.0,0.0,de,1
Linke Medien,Linke Medien,ORG,-0.7,0.0,de,1
AKW Saporischschja +++ Saudische,AKW Saporischschja +++ Saudische,ORG,0.0,0.0,de,1
Ukraine +++ Ukrainischer Gouverneur,Ukraine +++ Ukrainischer Gouverneur,ORG,0.0,0.0,de,1
EZB-Zinspolitik,EZB-Zinspolitik,ORG,0.0,0.0,de,1
Deutsche Bundesta…,Deutsche Bundesta…,ORG,0.0,0.0,de,1
AfD-Logo,AfD-Logo,ORG,-0.7,0.0,de,1
Universität Tübingen,Universität Tübingen,ORG,0.0,0.0,de,1
Getreidedeal +++,Getreidedeal +++,ORG,0.0,0.0,de,1
Klimaschutzgruppe Ext…,Klimaschutzgruppe Ext…,ORG,0.0,0.0,de,1
beri…,beri…,ORG,0.0,0.0,de,1
Schreibtisch +++,Schreibtisch +++,ORG,0.0,0.0,de,1
UN-Vorschlag,UN-Vorschlag,ORG,-0.7,0.0,de,1
Kriegswinter +++,Kriegswinter +++,ORG,0.0,0.0,de,1
AKW ++,AKW ++,ORG,0.0,0.0,de,1
Sultan-Hassan-Moschee,Sultan-Hassan-Moschee,ORG,0.0,0.0,de,1
Pet…,Pet…,ORG,0.0,0.0,de,1
Skimpflation,Skimpflation,ORG,0.0,0.0,de,1
Indien …,Indien …,ORG,0.0,0.0,de,1
Gender-Diversity,Gender-Diversity,ORG,0.0,0.0,de,1
Sustainable Finance Finanzsstr…,Sustainable Finance Finanzsstr…,ORG,0.0,0.0,de,1
staatlichen Gas- und Strompreisbremsen,staatlichen Gas- und Strompreisbremsen,ORG,0.0,0.0,de,1
staatlichen Gas- und Strompreisbremsenbleiben,staatlichen Gas- und Strompreisbremsenbleiben,ORG,0.0,0.0,de,1
GIE AGSI,GIE AGSI,ORG,0.0,0.0,de,1
UdK-…,UdK-…,ORG,0.0,0.0,de,1
Damaskus +++ Netanjahu,Damaskus +++ Netanjahu,ORG,-1.0,0.0,de,1
Möglichke…,Möglichke…,ORG,0.0,0.0,de,1
University of Cambridge,University of Cambridge,ORG,0.0,0.0,de,1
Eisschwund,Eisschwund,ORG,0.0,0.0,de,1
"Antarktis
","Antarktis
",ORG,0.09999999999999998,0.0,de,1
Berlin +++ Scharfe,Berlin +++ Scharfe,ORG,0.0,0.0,de,1
Trumps Nato-Drohungen +++,Trumps Nato-Drohungen +++,ORG,0.0,0.0,de,1
ukrainische Sommeroffensive,ukrainische Sommeroffensive,ORG,0.0,0.0,de,1
Oxford,Oxford,ORG,0.0,0.0,de,1
Stanford,Stanford,ORG,0.0,0.0,de,1
Japan ++,Japan ++,ORG,0.0,0.0,de,1
Ampel-Ko…,Ampel-Ko…,ORG,0.0,0.0,de,1
Internationalen Energieagentur IEA,Internationalen Energieagentur IEA,ORG,1.0,0.0,de,1
Internationalen Energieagentur IEA Fatih Birol,Internationalen Energieagentur IEA Fatih Birol,ORG,0.0,0.0,de,1
Triumph,Triumph,ORG,0.0,0.0,de,1
Berlin +++ Alle Entwicklungen,Berlin +++ Alle Entwicklungen,ORG,0.0,0.0,de,1
LKA-Lagebild,LKA-Lagebild,ORG,0.0,0.0,de,1
… Moskau,… Moskau,ORG,0.0,0.0,de,1
niederländischen Börse,niederländischen Börse,ORG,0.0,0.0,de,1
Schw…,Schw…,ORG,0.0,0.0,de,1
Dnipro ++,Dnipro ++,ORG,0.0,0.0,de,1
Ukraine-Hilfspakets,Ukraine-Hilfspakets,ORG,0.0,0.0,de,1
Mongo…,Mongo…,ORG,0.0,0.0,de,1
Ampel-Ende,Ampel-Ende,ORG,0.0,0.0,de,1
Republikanischen Schutzbundes,Republikanischen Schutzbundes,ORG,0.0,0.0,de,1
Jugend indoktrinieren – ,Jugend indoktrinieren – ,ORG,0.0,0.0,de,1
Universität niedergebrüllt,Universität niedergebrüllt,ORG,0.0,0.0,de,1
Kriegsbeginn neue Russland-Sanktionen,Kriegsbeginn neue Russland-Sanktionen,ORG,0.0,0.0,de,1
Humboldt-Universität,Humboldt-Universität,ORG,-1.0,0.0,de,1
Finanz-Start-ups,Finanz-Start-ups,ORG,0.0,0.0,de,1
Xiaomi Smart,Xiaomi Smart,ORG,0.7,0.0,de,1
EU-Shop,EU-Shop,ORG,0.7,0.0,de,1
Milliardenv…,Milliardenv…,ORG,0.0,0.0,de,1
Discountfan.de,Discountfan.de,ORG,0.0,0.0,de,1
Koalitionspartner Grüne,Koalitionspartner Grüne,ORG,0.0,0.0,de,1
Rosneft +++ Tucker Carlson,Rosneft +++ Tucker Carlson,ORG,0.0,0.0,de,1
liberalen Oppositionellen,liberalen Oppositionellen,ORG,0.7,0.0,de,1
Wahlkomm…,Wahlkomm…,ORG,0.0,0.0,de,1
Couch-Potato-Mentalität,Couch-Potato-Mentalität,ORG,0.0,0.0,de,1
Pa­läs­ti­nen­se­r,Pa­läs­ti­nen­se­r,ORG,0.0,0.0,de,1
Vorjahresze…,Vorjahresze…,ORG,0.0,0.0,de,1
Ukraine +++ Tucker Carlson,Ukraine +++ Tucker Carlson,ORG,-0.7,0.0,de,1
Pu…,Pu…,ORG,0.0,0.0,de,1
Mariupol-Belagerung +++ Saluschnyj,Mariupol-Belagerung +++ Saluschnyj,ORG,0.7999999999999999,0.0,de,1
Mariupol-Belagerung +++ Alle Entwicklungen,Mariupol-Belagerung +++ Alle Entwicklungen,ORG,0.3333333333333333,0.0,de,1
rec…,rec…,ORG,0.0,0.0,de,1
Wikimedia Commons,Wikimedia Commons,ORG,0.0,0.0,de,1
Fox-N…,Fox-N…,ORG,0.0,0.0,de,1
Kurz-Regierung,Kurz-Regierung,ORG,0.0,0.0,de,1
türkis-grünen Regierung,türkis-grünen Regierung,ORG,0.0,0.0,de,1
ho…,ho…,ORG,0.0,0.0,de,1
verfa…,verfa…,ORG,-0.35,0.0,de,1
Gershkovich,Gershkovich,ORG,0.0,0.0,de,1
Geheimagente…,Geheimagente…,ORG,0.0,0.0,de,1
Tiroler Investors,Tiroler Investors,ORG,0.0,0.0,de,1
Zentrum der Kernenergie,Zentrum der Kernenergie,ORG,0.0,0.0,de,1
Munitionsfabrik +++ Alle Entwicklungen,Munitionsfabrik +++ Alle Entwicklungen,ORG,0.7,0.0,de,1
Ortsz…,Ortsz…,ORG,0.0,0.0,de,1
IFSH,IFSH,ORG,0.0,0.0,de,1
Flensburger W…,Flensburger W…,ORG,0.0,0.0,de,1
Putin +++ Rheinmetall,Putin +++ Rheinmetall,ORG,0.0,0.0,de,1
Putin +++ Alle Entwicklungen,Putin +++ Alle Entwicklungen,ORG,-1.0,0.0,de,1
Putins Russ…,Putins Russ…,ORG,1.0,0.0,de,1
Montagm…,Montagm…,ORG,0.0,0.0,de,1
Auswärtigen …,Auswärtigen …,ORG,0.0,0.0,de,1
Wasserstof…,Wasserstof…,ORG,0.0,0.0,de,1
LNG-Kontroverse,LNG-Kontroverse,ORG,0.0,0.0,de,1
Foto-Aktion,Foto-Aktion,ORG,0.0,0.0,de,1
ZDF Magazin Berlin,ZDF Magazin Berlin,ORG,0.7,0.0,de,1
Urgewald,Urgewald,ORG,0.0,0.0,de,1
deutschen Fußball-Rekordmeisters,deutschen Fußball-Rekordmeisters,ORG,0.7,0.0,de,1
SCP-Mitglieder,SCP-Mitglieder,ORG,0.0,0.0,de,1
Corona-Lock…,Corona-Lock…,ORG,0.0,0.0,de,1
EU-Wahlen,EU-Wahlen,ORG,0.0,0.0,de,1
Europas Grüne,Europas Grüne,ORG,0.0,0.0,de,1
Leichnams,Leichnams,ORG,0.0,0.0,de,1
US-Ölgigant,US-Ölgigant,ORG,0.0,0.0,de,1
europäi…,europäi…,ORG,0.0,0.0,de,1
Gesellschaft links-grün,Gesellschaft links-grün,ORG,0.0,0.0,de,1
FOCUS-online-Gastaut…,FOCUS-online-Gastaut…,ORG,0.0,0.0,de,1
Rheinland-Pfälzern,Rheinland-Pfälzern,ORG,0.0,0.0,de,1
IT-Sicherheitsunternehmens,IT-Sicherheitsunternehmens,ORG,0.0,0.0,de,1
ESET,ESET,ORG,0.0,0.0,de,1
Hamburger Institut für Friedensforschung und Sicherheitspolitik,Hamburger Institut für Friedensforschung und Sicherheitspolitik,ORG,0.0,0.0,de,1
Awdijiwka +++ Rheinmetall,Awdijiwka +++ Rheinmetall,ORG,0.0,0.0,de,1
International Institute for Strategic Stud,International Institute for Strategic Stud,ORG,0.0,0.0,de,1
"ukrainische Medium ""Ukrajinska Prawda","ukrainische Medium ""Ukrajinska Prawda",ORG,0.0,0.0,de,1
Gruppe Tyre Extinguishers Autos,Gruppe Tyre Extinguishers Autos,ORG,0.0,0.0,de,1
Exmatrikulati…,Exmatrikulati…,ORG,0.0,0.0,de,1
Kurznachri…,Kurznachri…,ORG,0.0,0.0,de,1
Steiermärkische Sparkasse,Steiermärkische Sparkasse,ORG,0.7,0.0,de,1
beli…,beli…,ORG,0.0,0.0,de,1
US-Atomschirm,US-Atomschirm,ORG,0.7,0.0,de,1
CVC,CVC,ORG,0.0,0.0,de,1
Tierschützer,Tierschützer,ORG,0.0,0.0,de,1
Atommacht Europa,Atommacht Europa,ORG,0.0,0.0,de,1
Dow Jones & Nasdaq,Dow Jones & Nasdaq,ORG,-1.0,0.0,de,1
Dow Jones Industrial,Dow Jones Industrial,ORG,0.7,0.0,de,1
ABC u,ABC u,ORG,0.0,0.0,de,1
Güterbahn DB Cargo,Güterbahn DB Cargo,ORG,-1.0,0.0,de,1
US-Nationalarchiv,US-Nationalarchiv,ORG,0.0,0.0,de,1
++ Göring-Eckardt,++ Göring-Eckardt,ORG,0.0,0.0,de,1
deutschen Schmuck- und Uhrenindustrie,deutschen Schmuck- und Uhrenindustrie,ORG,-0.43333333333333335,0.0,de,1
deutsche Verteidigungsmin…,deutsche Verteidigungsmin…,ORG,0.0,0.0,de,1
Hybrid- und Kraftstoff-Spezialist,Hybrid- und Kraftstoff-Spezialist,ORG,0.0,0.0,de,1
"Sorge
","Sorge
",ORG,-1.0,0.0,de,1
Kreml-Kritik…,Kreml-Kritik…,ORG,0.0,0.0,de,1
Organisation «Freies Russland NRW,Organisation «Freies Russland NRW,ORG,0.0,0.0,de,1
Sorge +++ Putin,Sorge +++ Putin,ORG,-1.0,0.0,de,1
Awdijiwka +++ Alle Entwicklungen,Awdijiwka +++ Alle Entwicklungen,ORG,-1.0,0.0,de,1
Jobabbau,Jobabbau,ORG,-1.0,0.0,de,1
EU-Energiesektor,EU-Energiesektor,ORG,0.0,0.0,de,1
Gewerkschaft der Lokführer,Gewerkschaft der Lokführer,ORG,0.0,0.0,de,1
CO-Ausstoßes,CO-Ausstoßes,ORG,0.0,0.0,de,1
Zentrum der dänischen Hafenstadt,Zentrum der dänischen Hafenstadt,ORG,0.0,0.0,de,1
Ukraine +++ IAEA,Ukraine +++ IAEA,ORG,0.0,0.0,de,1
Ukraine +++ All…,Ukraine +++ All…,ORG,0.0,0.0,de,1
Nordkorea-Reise ++,Nordkorea-Reise ++,ORG,0.0,0.0,de,1
US-Kälte,US-Kälte,ORG,-1.0,0.0,de,1
katholischen Polen,katholischen Polen,ORG,0.0,0.0,de,1
Tabellenführer Holstein Kiel,Tabellenführer Holstein Kiel,ORG,0.0,0.0,de,1
Freitagaben…,Freitagaben…,ORG,0.0,0.0,de,1
Lenin-Mumie,Lenin-Mumie,ORG,0.0,0.0,de,1
rechn…,rechn…,ORG,0.0,0.0,de,1
Großmanöver ++,Großmanöver ++,ORG,0.0,0.0,de,1
Sha…,Sha…,ORG,0.0,0.0,de,1
grüne Lösung,grüne Lösung,ORG,0.0,0.0,de,1
Blogger-Angriff,Blogger-Angriff,ORG,0.7,0.0,de,1
Tip…,Tip…,ORG,-0.85,0.0,de,1
Lösun…,Lösun…,ORG,0.0,0.0,de,1
Verkehrsministerkonf…,Verkehrsministerkonf…,ORG,0.0,0.0,de,1
demokratische Kultur,demokratische Kultur,ORG,0.7,0.0,de,1
Nades…,Nades…,ORG,0.0,0.0,de,1
Global Images Ukraine,Global Images Ukraine,ORG,-1.0,0.0,de,1
Suhrkamp Verlags,Suhrkamp Verlags,ORG,0.0,0.0,de,1
Weltöffent…,Weltöffent…,ORG,0.0,0.0,de,1
Israels Regierung,Israels Regierung,ORG,0.0,0.0,de,1
Benzema,Benzema,ORG,0.0,0.0,de,1
Lan…,Lan…,ORG,0.7,0.0,de,1
Musik-Verwertungsgesellschaft Gema,Musik-Verwertungsgesellschaft Gema,ORG,0.0,0.0,de,1
PS4-Version,PS4-Version,ORG,0.0,0.0,de,1
staatliche Rundfunk,staatliche Rundfunk,ORG,0.0,0.0,de,1
Bestan…,Bestan…,ORG,-0.7,0.0,de,1
ARD-Anstalt,ARD-Anstalt,ORG,0.0,0.0,de,1
Kommunale und private Wohnungsunternehmen,Kommunale und private Wohnungsunternehmen,ORG,0.0,0.0,de,1
Brennelementefabrik Lingen,Brennelementefabrik Lingen,ORG,-0.7,0.0,de,1
TV-Studio,TV-Studio,ORG,0.0,0.0,de,1
TV-Studios,TV-Studios,ORG,0.0,0.0,de,1
IMAS-Institut,IMAS-Institut,ORG,0.0,0.0,de,1
Erste Bank,Erste Bank,ORG,0.0,0.0,de,1
Sparkasse,Sparkasse,ORG,0.0,0.0,de,1
Wiener Städtischen,Wiener Städtischen,ORG,0.0,0.0,de,1
Direktbank ING Deutschland,Direktbank ING Deutschland,ORG,0.7,0.0,de,1
ÖRR-Reform,ÖRR-Reform,ORG,0.0,0.0,de,1
Zukunftsrat,Zukunftsrat,ORG,0.0,0.0,de,1
Rundfunkkommission der Länder,Rundfunkkommission der Länder,ORG,0.0,0.0,de,1
Indischen…,Indischen…,ORG,-0.7,0.0,de,1
Börsenbetrüger,Börsenbetrüger,ORG,0.0,0.0,de,1
SPD-Verteidigungspolitiker,SPD-Verteidigungspolitiker,ORG,0.0,0.0,de,1
Taskforce,Taskforce,ORG,0.0,0.0,de,1
Härtefallfonds,Härtefallfonds,ORG,0.0,0.0,de,1
Vorfäll…,Vorfäll…,ORG,0.0,0.0,de,1
Regionalliga-Teams,Regionalliga-Teams,ORG,0.0,0.0,de,1
Ukraine +++ NATO,Ukraine +++ NATO,ORG,0.0,0.0,de,1
Russlands +++ Öllager,Russlands +++ Öllager,ORG,0.0,0.0,de,1
Brand +++ Biden,Brand +++ Biden,ORG,0.0,0.0,de,1
Ersparnisse,Ersparnisse,ORG,0.0,0.0,de,1
WEF,WEF,ORG,0.0,0.0,de,1
Wiener Gesellschaft,Wiener Gesellschaft,ORG,0.0,0.0,de,1
digi…,digi…,ORG,0.0,0.0,de,1
… Amnesty International,… Amnesty International,ORG,0.7,0.0,de,1
Bürgergeld a…,Bürgergeld a…,ORG,0.0,0.0,de,1
Kontext-Institut,Kontext-Institut,ORG,0.0,0.0,de,1
WU Wien präsen…,WU Wien präsen…,ORG,0.0,0.0,de,1
Übertragungsnetzbetreibe…,Übertragungsnetzbetreibe…,ORG,0.0,0.0,de,1
Bundesministeriums für Wirtschaft und Klimaschutz,Bundesministeriums für Wirtschaft und Klimaschutz,ORG,0.0,0.0,de,1
Klima-Umbau,Klima-Umbau,ORG,0.0,0.0,de,1
Union Gespräche,Union Gespräche,ORG,0.0,0.0,de,1
europäischen Raumfahrtagentur,europäischen Raumfahrtagentur,ORG,0.0,0.0,de,1
Krim +++ Alle Entwicklungen,Krim +++ Alle Entwicklungen,ORG,0.0,0.0,de,1
Mobile Office!,Mobile Office!,ORG,0.0,0.0,de,1
Klima-Bewegung Fridays For Future,Klima-Bewegung Fridays For Future,ORG,0.0,0.0,de,1
Greta!,Greta!,ORG,0.0,0.0,de,1
Syrisc…,Syrisc…,ORG,0.0,0.0,de,1
Deutschen Wetterdienst…,Deutschen Wetterdienst…,ORG,0.0,0.0,de,1
DHL-Konzern,DHL-Konzern,ORG,0.0,0.0,de,1
Oberkommandeur +++ IGH,Oberkommandeur +++ IGH,ORG,-0.15000000000000002,0.0,de,1
++ EU-Außenminister,++ EU-Außenminister,ORG,0.0,0.0,de,1
New… Russland,New… Russland,ORG,0.0,0.0,de,1
"dpa
","dpa
",ORG,0.0,0.0,de,1
Ukraine wi…,Ukraine wi…,ORG,0.0,0.0,de,1
Angrei…,Angrei…,ORG,0.0,0.0,de,1
CO-Emissionen an…,CO-Emissionen an…,ORG,0.0,0.0,de,1
DiskussionIlhami Akter,DiskussionIlhami Akter,ORG,0.0,0.0,de,1
Durham University,Durham University,ORG,0.7,0.0,de,1
EU-Klimaschutzpläne,EU-Klimaschutzpläne,ORG,0.0,0.0,de,1
Wissenschaftsmagazin Science,Wissenschaftsmagazin Science,ORG,0.0,0.0,de,1
Neues Institut,Neues Institut,ORG,0.0,0.0,de,1
Katrin …,Katrin …,ORG,0.0,0.0,de,1
deutschen Landstreitkräfte,deutschen Landstreitkräfte,ORG,0.0,0.0,de,1
KI-Regulierungen,KI-Regulierungen,ORG,-0.7,0.0,de,1
"Norddeutschen Rundfunk
","Norddeutschen Rundfunk
",ORG,0.0,0.0,de,1
Schwedens NATO-Beitritt,Schwedens NATO-Beitritt,ORG,0.0,0.0,de,1
Tuapse +++,Tuapse +++,ORG,0.3499999999999999,0.0,de,1
UN-Hilfswerk,UN-Hilfswerk,ORG,0.15000000000000002,0.0,de,1
Song/REUTERS,Song/REUTERS,ORG,-1.0,0.0,de,1
UN-Hilfswerks für palästinensische Flüchtlinge,UN-Hilfswerks für palästinensische Flüchtlinge,ORG,0.0,0.0,de,1
Hamas-Angr…,Hamas-Angr…,ORG,0.0,0.0,de,1
Brötchen,Brötchen,ORG,0.0,0.0,de,1
Ukraine +++ Türkei,Ukraine +++ Türkei,ORG,0.0,0.0,de,1
Schwedens NATO-Beitritt +++ Strack-Zimmermann,Schwedens NATO-Beitritt +++ Strack-Zimmermann,ORG,0.0,0.0,de,1
Krementschuk ++,Krementschuk ++,ORG,0.0,0.0,de,1
Branchenverbandes ZVEI,Branchenverbandes ZVEI,ORG,0.0,0.0,de,1
Nato Russland,Nato Russland,ORG,-1.0,0.0,de,1
DW Reporter Tim Schauenberg,DW Reporter Tim Schauenberg,ORG,0.0,0.0,de,1
Krementschuk +++ Bundeskanzler,Krementschuk +++ Bundeskanzler,ORG,0.0,0.0,de,1
Militärhilfe +++ Alle Entwicklungen,Militärhilfe +++ Alle Entwicklungen,ORG,0.0,0.0,de,1
Steadfast Defender,Steadfast Defender,ORG,0.7,0.0,de,1
Österreich …,Österreich …,ORG,0.0,0.0,de,1
NATO-Ländern,NATO-Ländern,ORG,0.0,0.0,de,1
Union der Rumä…,Union der Rumä…,ORG,0.0,0.0,de,1
Iliad,Iliad,ORG,0.0,0.0,de,1
AAP,AAP,ORG,0.0,0.0,de,1
Kündigungstrend,Kündigungstrend,ORG,0.0,0.0,de,1
Arbeiterwohlfahrt,Arbeiterwohlfahrt,ORG,0.0,0.0,de,1
IT-Sicherheitsun…,IT-Sicherheitsun…,ORG,0.0,0.0,de,1
Die EU-Staaten,Die EU-Staaten,ORG,0.0,0.0,de,1
Trading Hub Europe,Trading Hub Europe,ORG,0.0,0.0,de,1
Att…,Att…,ORG,0.0,0.0,de,1
Freitag mi…,Freitag mi…,ORG,-1.0,0.0,de,1
Do…,Do…,ORG,0.0,0.0,de,1
Weimarer Dreiecks,Weimarer Dreiecks,ORG,0.0,0.0,de,1
Turn2X,Turn2X,ORG,0.0,0.0,de,1
Vorge…,Vorge…,ORG,-1.0,0.0,de,1
US-Imperium,US-Imperium,ORG,0.0,0.0,de,1
Putins Welt der Lügen,Putins Welt der Lügen,ORG,-1.0,0.0,de,1
Abhör-Affäre,Abhör-Affäre,ORG,0.0,0.0,de,1
Ukrainer be…,Ukrainer be…,ORG,0.0,0.0,de,1
FSB e…,FSB e…,ORG,0.0,0.0,de,1
Einiges Russland,Einiges Russland,ORG,0.0,0.0,de,1
Odessa +++ Zwei Tote,Odessa +++ Zwei Tote,ORG,0.35,0.0,de,1
Wahllokal…,Wahllokal…,ORG,0.0,0.0,de,1
Podcast Inside Austria,Podcast Inside Austria,ORG,0.0,0.0,de,1
Bürgergeld-Vorstoß,Bürgergeld-Vorstoß,ORG,-1.0,0.0,de,1
Moskaus Apparat,Moskaus Apparat,ORG,0.0,0.0,de,1
Gesellschaft um den Herrscher,Gesellschaft um den Herrscher,ORG,0.0,0.0,de,1
Verband der Schulleiter,Verband der Schulleiter,ORG,0.0,0.0,de,1
Berlin +++ Mutmaßlicher,Berlin +++ Mutmaßlicher,ORG,0.0,0.0,de,1
Union auf soziale Kälte,Union auf soziale Kälte,ORG,0.7,0.0,de,1
EU Wirtschaftssanktionen,EU Wirtschaftssanktionen,ORG,0.0,0.0,de,1
Deutschlands Tankstellen,Deutschlands Tankstellen,ORG,0.0,0.0,de,1
verschw…,verschw…,ORG,1.0,0.0,de,1
Ukraine2,Ukraine2,ORG,0.0,0.0,de,1
Siedler3,Siedler3,ORG,0.0,0.0,de,1
Polizeipräsidium Nordhes…,Polizeipräsidium Nordhes…,ORG,0.0,0.0,de,1
NATALIA,NATALIA,ORG,-1.0,0.0,de,1
Zweiter Jahrestag,Zweiter Jahrestag,ORG,0.0,0.0,de,1
Legion Swoboda Rossii,Legion Swoboda Rossii,ORG,0.0,0.0,de,1
Bosch Home Comfort Group,Bosch Home Comfort Group,ORG,0.0,0.0,de,1
Not-Hilfspaket,Not-Hilfspaket,ORG,-0.5666666666666667,0.0,de,1
Ker…,Ker…,ORG,0.0,0.0,de,1
Öllager +++ Putin,Öllager +++ Putin,ORG,0.0,0.0,de,1
Marmoush!,Marmoush!,ORG,0.0,0.0,de,1
Sturm-Star,Sturm-Star,ORG,0.0,0.0,de,1
Kuschelteam,Kuschelteam,ORG,0.0,0.0,de,1
Frauen*hilfe,Frauen*hilfe,ORG,1.0,0.0,de,1
Budget-Smartphones!,Budget-Smartphones!,ORG,0.85,0.0,de,1
Öllager +++,Öllager +++,ORG,0.0,0.0,de,1
Emissio…,Emissio…,ORG,0.0,0.0,de,1
Grenzregion +++,Grenzregion +++,ORG,0.0,0.0,de,1
Schweizer Fernsehen,Schweizer Fernsehen,ORG,1.0,0.0,de,1
"Union"" +++","Union"" +++",ORG,-0.7,0.0,de,1
Taurus-Ringtausch +++,Taurus-Ringtausch +++,ORG,0.0,0.0,de,1
russischen Geheimdienstes,russischen Geheimdienstes,ORG,0.0,0.0,de,1
Diskurs +++,Diskurs +++,ORG,0.0,0.0,de,1
Anteilseigner Hamburg,Anteilseigner Hamburg,ORG,0.0,0.0,de,1
UN ,UN ,ORG,0.0,0.0,de,1
Der Schweriner Landtag,Der Schweriner Landtag,ORG,0.0,0.0,de,1
Ukraine-Krieges lähmt di,Ukraine-Krieges lähmt di,ORG,0.0,0.0,de,1
Regierungsbank,Regierungsbank,ORG,0.0,0.0,de,1
Kanzlerpartei!,Kanzlerpartei!,ORG,0.0,0.0,de,1
deutsche Unterstützu…,deutsche Unterstützu…,ORG,0.0,0.0,de,1
Deutsche …,Deutsche …,ORG,-1.0,0.0,de,1
Gericht6,Gericht6,ORG,0.0,0.0,de,1
Paulskirchenverf…,Paulskirchenverf…,ORG,0.0,0.0,de,1
Earth-2,Earth-2,ORG,0.0,0.0,de,1
Chef +++ US-Senator,Chef +++ US-Senator,ORG,0.7,0.0,de,1
rek…,rek…,ORG,0.0,0.0,de,1
Sammelband Ladies in Arms,Sammelband Ladies in Arms,ORG,0.0,0.0,de,1
US-Pazifikflotte,US-Pazifikflotte,ORG,0.0,0.0,de,1
Ukraine attackie…,Ukraine attackie…,ORG,0.0,0.0,de,1
Ukraine +++ all…,Ukraine +++ all…,ORG,-0.7,0.0,de,1
Unschuld israelischer Waffen,Unschuld israelischer Waffen,ORG,0.0,0.0,de,1
Frozen Assets,Frozen Assets,ORG,0.7,0.0,de,1
Deutsch-französische Rüstungsfabrik,Deutsch-französische Rüstungsfabrik,ORG,0.0,0.0,de,1
RedaktionsN…,RedaktionsN…,ORG,0.0,0.0,de,1
Anschlusses,Anschlusses,ORG,0.7,0.0,de,1
scho…,scho…,ORG,0.0,0.0,de,1
Terrasse… Grillvergnügen,Terrasse… Grillvergnügen,ORG,0.3333333333333333,0.0,de,1
Eurostat herv…,Eurostat herv…,ORG,0.0,0.0,de,1
Crocus City…,Crocus City…,ORG,0.0,0.0,de,1
Islam…,Islam…,ORG,0.0,0.0,de,1
Bundesverwaltungsamt,Bundesverwaltungsamt,ORG,0.0,0.0,de,1
SED-Regime,SED-Regime,ORG,0.35,0.0,de,1
West-Berlinern,West-Berlinern,ORG,0.35,0.0,de,1
FAZ-Redakteur,FAZ-Redakteur,ORG,0.0,0.0,de,1
10.000 D…,10.000 D…,ORG,0.0,0.0,de,1
Wiga,Wiga,ORG,0.0,0.0,de,1
GDL-Chef Weselsky,GDL-Chef Weselsky,ORG,0.0,0.0,de,1
… Frankfurt,… Frankfurt,ORG,0.0,0.0,de,1
SPD-Spitze +++,SPD-Spitze +++,ORG,0.0,0.0,de,1
SPD-Spitze,SPD-Spitze,ORG,0.0,0.0,de,1
Rückeroberungen +++,Rückeroberungen +++,ORG,0.0,0.0,de,1
mitt…,mitt…,ORG,0.0,0.0,de,1
Luftw…,Luftw…,ORG,0.0,0.0,de,1
Testspiele,Testspiele,ORG,-0.7,0.0,de,1
Bundeswirtscha…,Bundeswirtscha…,ORG,-1.0,0.0,de,1
Berlin Energy Transition Dialogues,Berlin Energy Transition Dialogues,ORG,0.0,0.0,de,1
sodas…,sodas…,ORG,0.0,0.0,de,1
Autobahnkontrolle,Autobahnkontrolle,ORG,0.0,0.0,de,1
Gewalttätern,Gewalttätern,ORG,-0.7,0.0,de,1
Israel +++ Regierungskreise,Israel +++ Regierungskreise,ORG,0.0,0.0,de,1
Verband Zukunft Gas,Verband Zukunft Gas,ORG,0.0,0.0,de,1
Kiew +++ EU-Staaten,Kiew +++ EU-Staaten,ORG,-0.43333333333333335,0.0,de,1
US-Gericht,US-Gericht,ORG,-0.35,0.0,de,1
Fregatte «Hessen,Fregatte «Hessen,ORG,0.0,0.0,de,1
russische Nationalmannschaft,russische Nationalmannschaft,ORG,-0.7,0.0,de,1
russische Fußball-Nationalmannschaft,russische Fußball-Nationalmannschaft,ORG,0.0,0.0,de,1
Flugabwehrsystemen +++,Flugabwehrsystemen +++,ORG,0.0,0.0,de,1
UN-Palästinenserhilfswerk,UN-Palästinenserhilfswerk,ORG,0.0,0.0,de,1
russische Jugend ihr Hoffnung,russische Jugend ihr Hoffnung,ORG,0.0,0.0,de,1
Free Russia Foundation,Free Russia Foundation,ORG,0.0,0.0,de,1
Stadtwerken,Stadtwerken,ORG,0.0,0.0,de,1
Deutschen Forschungsgemeinschaft,Deutschen Forschungsgemeinschaft,ORG,1.0,0.0,de,1
Preisaktion &,Preisaktion &,ORG,0.7,0.0,de,1
Nachr…,Nachr…,ORG,0.0,0.0,de,1
CDU-Landesgruppe,CDU-Landesgruppe,ORG,0.0,0.0,de,1
Industriegebiet +++,Industriegebiet +++,ORG,0.0,0.0,de,1
Umwelts…,Umwelts…,ORG,0.7,0.0,de,1
russischen Streitkräfte +++,russischen Streitkräfte +++,ORG,-1.0,0.0,de,1
EU-Sanierungsvorgaben,EU-Sanierungsvorgaben,ORG,0.0,0.0,de,1
Hochschule für Gestaltung,Hochschule für Gestaltung,ORG,0.0,0.0,de,1
Caricom,Caricom,ORG,0.0,0.0,de,1
Aktion für Klima- und Artenschutz,Aktion für Klima- und Artenschutz,ORG,-1.0,0.0,de,1
Internationale Jugendbibliothek,Internationale Jugendbibliothek,ORG,0.0,0.0,de,1
SAG-Award,SAG-Award,ORG,-0.15000000000000002,0.0,de,1
SAG-Awards,SAG-Awards,ORG,0.0,0.0,de,1
Umjerow +++ Kiew,Umjerow +++ Kiew,ORG,0.15000000000000002,0.0,de,1
Nawa…,Nawa…,ORG,0.0,0.0,de,1
Royal Society,Royal Society,ORG,0.0,0.0,de,1
wissenschaftlichen Gesellschaft Großbritanniens,wissenschaftlichen Gesellschaft Großbritanniens,ORG,0.0,0.0,de,1
Spei…,Spei…,ORG,0.0,0.0,de,1
GT7-Aut…,GT7-Aut…,ORG,0.0,0.0,de,1
Bayerisc…,Bayerisc…,ORG,0.0,0.0,de,1
Liberale und Grüne,Liberale und Grüne,ORG,-1.0,0.0,de,1
Krim +++ Scholz,Krim +++ Scholz,ORG,0.0,0.0,de,1
CO₂-Speicherung,CO₂-Speicherung,ORG,0.0,0.0,de,1
Ukraine-Hilfskonferenz,Ukraine-Hilfskonferenz,ORG,-0.85,0.0,de,1
Volksinitiative Zukunftsentscheid,Volksinitiative Zukunftsentscheid,ORG,0.0,0.0,de,1
Ukraine +++Zweieinhalb Jahre Lagerhaft,Ukraine +++Zweieinhalb Jahre Lagerhaft,ORG,0.0,0.0,de,1
Orlow +,Orlow +,ORG,0.0,0.0,de,1
EU-Militärmission,EU-Militärmission,ORG,0.0,0.0,de,1
Europaparlament +++ Wirtschaftsweise,Europaparlament +++ Wirtschaftsweise,ORG,0.0,0.0,de,1
Auswärtigen Ausschusses des Bundestages,Auswärtigen Ausschusses des Bundestages,ORG,0.0,0.0,de,1
Nawalny-Team,Nawalny-Team,ORG,0.0,0.0,de,1
Versuchsräume…,Versuchsräume…,ORG,0.0,0.0,de,1
Image-Schaden,Image-Schaden,ORG,0.0,0.0,de,1
Alexej Nawalnyj,Alexej Nawalnyj,ORG,0.425,0.0,de,1
Aktion für Klimaschutz,Aktion für Klimaschutz,ORG,-1.0,0.0,de,1
"Kyjiw
","Kyjiw
",ORG,0.0,0.0,de,1
“ +++ Guterres,“ +++ Guterres,ORG,0.0,0.0,de,1
Internationale Jury,Internationale Jury,ORG,0.0,0.0,de,1
Winterthurer Wärmering-Affäre,Winterthurer Wärmering-Affäre,ORG,0.0,0.0,de,1
Besu…,Besu…,ORG,0.0,0.0,de,1
EU-Militärhilfe,EU-Militärhilfe,ORG,1.0,0.0,de,1
Cool White,Cool White,ORG,0.85,0.0,de,1
FR Anzeichen,FR Anzeichen,ORG,0.0,0.0,de,1
ta…,ta…,ORG,0.0,0.0,de,1
Oppositionspoliti…,Oppositionspoliti…,ORG,0.0,0.0,de,1
Jahresver…,Jahresver…,ORG,-0.7,0.0,de,1
Verstim…,Verstim…,ORG,0.0,0.0,de,1
SOB,SOB,ORG,0.0,0.0,de,1
WELT-Korrespondent Christoph Wanner,WELT-Korrespondent Christoph Wanner,ORG,0.0,0.0,de,1
grüne Energieministerin,grüne Energieministerin,ORG,0.0,0.0,de,1
MDR-Sachsenspiegel,MDR-Sachsenspiegel,ORG,1.0,0.0,de,1
Russen-B…,Russen-B…,ORG,0.0,0.0,de,1
Schweizerfranken,Schweizerfranken,ORG,0.0,0.0,de,1
NRW-Innenminister,NRW-Innenminister,ORG,1.0,0.0,de,1
Internationale Sportgerichtshof,Internationale Sportgerichtshof,ORG,0.0,0.0,de,1
Cas,Cas,ORG,0.0,0.0,de,1
Hynix,Hynix,ORG,0.7,0.0,de,1
Russland +++ Spanische Medien,Russland +++ Spanische Medien,ORG,0.0,0.0,de,1
Aktion an Botschaft,Aktion an Botschaft,ORG,0.0,0.0,de,1
Teilne…,Teilne…,ORG,0.0,0.0,de,1
Andrij…,Andrij…,ORG,0.0,0.0,de,1
verletztFoto,verletztFoto,ORG,0.0,0.0,de,1
Unterhaching,Unterhaching,ORG,0.0,0.0,de,1
Aktion für Klimaschutz“,Aktion für Klimaschutz“,ORG,0.0,0.0,de,1
Uniper-Chef,Uniper-Chef,ORG,0.0,0.0,de,1
Hard,Hard,ORG,1.0,0.0,de,1
Windrad,Windrad,ORG,0.0,0.0,de,1
Sergej Narischkin,Sergej Narischkin,ORG,0.0,0.0,de,1
Taurus-Lieferung +++ Selenskyj,Taurus-Lieferung +++ Selenskyj,ORG,-1.0,0.0,de,1
Remco Steenbergen,Remco Steenbergen,ORG,0.0,0.0,de,1
Sandoz,Sandoz,ORG,0.0,0.0,de,1
US-Klimabotschafter,US-Klimabotschafter,ORG,0.0,0.0,de,1
Westbalkan sc…,Westbalkan sc…,ORG,0.0,0.0,de,1
Supervulkane,Supervulkane,ORG,0.0,0.0,de,1
Wissenschaft deshalb…,Wissenschaft deshalb…,ORG,-0.7,0.0,de,1
Mitsotakis +++ EU,Mitsotakis +++ EU,ORG,0.0,0.0,de,1
Dresden…,Dresden…,ORG,1.0,0.0,de,1
Uni Köln,Uni Köln,ORG,0.0,0.0,de,1
Russlands Außenministerium,Russlands Außenministerium,ORG,0.0,0.0,de,1
Angel…,Angel…,ORG,0.0,0.0,de,1
SPD-OB,SPD-OB,ORG,0.0,0.0,de,1
DGE,DGE,ORG,0.0,0.0,de,1
Reserve +++ Schweden,Reserve +++ Schweden,ORG,0.0,0.0,de,1
NATO-Mitgliedstaat +++,NATO-Mitgliedstaat +++,ORG,0.0,0.0,de,1
Bootsfahrten,Bootsfahrten,ORG,0.0,0.0,de,1
Fl…,Fl…,ORG,0.0,0.0,de,1
Verbandes der Automobilindustrie,Verbandes der Automobilindustrie,ORG,0.0,0.0,de,1
Friedensverhandlungen +++ Weiteres Ramstein-Treffen,Friedensverhandlungen +++ Weiteres Ramstein-Treffen,ORG,0.7,0.0,de,1
Ukraine +++ Tschechische Republik,Ukraine +++ Tschechische Republik,ORG,0.7,0.0,de,1
Darts-Team Captains DC Berlin,Darts-Team Captains DC Berlin,ORG,0.0,0.0,de,1
Vereins Bärlinchen Dart,Vereins Bärlinchen Dart,ORG,0.0,0.0,de,1
Klimawandel …,Klimawandel …,ORG,0.0,0.0,de,1
Scholz +++ Ebert-Stiftung,Scholz +++ Ebert-Stiftung,ORG,0.0,0.0,de,1
Finanz-Expertin…,Finanz-Expertin…,ORG,0.0,0.0,de,1
Bundespa…,Bundespa…,ORG,0.0,0.0,de,1
Woh…,Woh…,ORG,0.7,0.0,de,1
TU Dresden,TU Dresden,ORG,0.0,0.0,de,1
Ukraine-Kriegs +++ Separatisten,Ukraine-Kriegs +++ Separatisten,ORG,0.15000000000000002,0.0,de,1
CDU-Außenexperte,CDU-Außenexperte,ORG,0.15000000000000002,0.0,de,1
Nation +++ Lage,Nation +++ Lage,ORG,-1.0,0.0,de,1
Eskalation +++ Scholz,Eskalation +++ Scholz,ORG,-1.0,0.0,de,1
Russland Odessa,Russland Odessa,ORG,-1.0,0.0,de,1
Naturschutzbund,Naturschutzbund,ORG,0.0,0.0,de,1
Nabu),Nabu),ORG,0.0,0.0,de,1
Bergischen HC am Donnerstagabend…,Bergischen HC am Donnerstagabend…,ORG,0.0,0.0,de,1
Singles,Singles,ORG,0.0,0.0,de,1
RAF-Terroristin,RAF-Terroristin,ORG,0.0,0.0,de,1
Neuer Finanz-Boss,Neuer Finanz-Boss,ORG,0.5,0.0,de,1
Taurus-Abhöraffäre +++ Alle Entwicklungen,Taurus-Abhöraffäre +++ Alle Entwicklungen,ORG,1.0,0.0,de,1
"Liga-Konkurrent 
St. Pa…","Liga-Konkurrent 
St. Pa…",ORG,0.0,0.0,de,1
Niederlanden +++,Niederlanden +++,ORG,0.0,0.0,de,1
Abrissarbeiten,Abrissarbeiten,ORG,0.0,0.0,de,1
Initiative Volksentscheid Baum,Initiative Volksentscheid Baum,ORG,0.0,0.0,de,1
Anspruc…,Anspruc…,ORG,0.0,0.0,de,1
HBSC-Studie,HBSC-Studie,ORG,0.0,0.0,de,1
BGR-Energiestudie,BGR-Energiestudie,ORG,-0.5,0.0,de,1
Eimsbütteler Bezirksamtes,Eimsbütteler Bezirksamtes,ORG,0.0,0.0,de,1
kleinteili… Berlin,kleinteili… Berlin,ORG,0.0,0.0,de,1
Initiative Baumentscheid,Initiative Baumentscheid,ORG,0.0,0.0,de,1
Taurus-Lieferung +++ Russische Medien,Taurus-Lieferung +++ Russische Medien,ORG,1.0,0.0,de,1
Monopolkonzerne,Monopolkonzerne,ORG,0.0,0.0,de,1
not earned,not earned,ORG,0.0,0.0,de,1
Davos,Davos,ORG,1.0,0.0,de,1
Su…,Su…,ORG,-0.7,0.0,de,1
AKW-Aktien,AKW-Aktien,ORG,0.0,0.0,de,1
Deutsche Institut für Bautechnik,Deutsche Institut für Bautechnik,ORG,0.0,0.0,de,1
Bauwir…,Bauwir…,ORG,0.0,0.0,de,1
russischem Gas +++ Keine Sicherheitsgarantie für Putin +++ Etwa,russischem Gas +++ Keine Sicherheitsgarantie für Putin +++ Etwa,ORG,-0.5,0.0,de,1
Erzeugerpr…,Erzeugerpr…,ORG,0.0,0.0,de,1
Ratingagentur Moody's,Ratingagentur Moody's,ORG,-1.0,0.0,de,1
Deutsche Olympische Sportbund,Deutsche Olympische Sportbund,ORG,0.7,0.0,de,1
deutschen Sports,deutschen Sports,ORG,0.7,0.0,de,1
Awdijiwka +++ Putin,Awdijiwka +++ Putin,ORG,0.0,0.0,de,1
russischem Gas +++ Alle Entwicklungen im Liveblog,russischem Gas +++ Alle Entwicklungen im Liveblog,ORG,0.0,0.0,de,1
Global Tipping Points Report,Global Tipping Points Report,ORG,0.0,0.0,de,1
Siem…,Siem…,ORG,0.7,0.0,de,1
EU-Lands,EU-Lands,ORG,-1.0,0.0,de,1
Vorstands…,Vorstands…,ORG,0.0,0.0,de,1
Haushaltsproblems,Haushaltsproblems,ORG,0.0,0.0,de,1
ausgewummst,ausgewummst,ORG,0.0,0.0,de,1
Casolaro Bros,Casolaro Bros,ORG,0.7,0.0,de,1
US-Währung,US-Währung,ORG,0.0,0.0,de,1
Landes-Arbei…,Landes-Arbei…,ORG,0.0,0.0,de,1
Liveblog…,Liveblog…,ORG,0.0,0.0,de,1
Deutsche Forschungsgemeinschaft,Deutsche Forschungsgemeinschaft,ORG,0.0,0.0,de,1
Tages- und Festgeld,Tages- und Festgeld,ORG,0.0,0.0,de,1
Direktbank,Direktbank,ORG,0.0,0.0,de,1
Direkt Bank,Direkt Bank,ORG,0.7,0.0,de,1
Zinsen für das Festgeld,Zinsen für das Festgeld,ORG,0.0,0.0,de,1
Net Zero Trackers,Net Zero Trackers,ORG,0.0,0.0,de,1
Milliardenbudget,Milliardenbudget,ORG,0.0,0.0,de,1
HUD,HUD,ORG,0.0,0.0,de,1
Awdijiwka +++  ,Awdijiwka +++  ,ORG,0.0,0.0,de,1
niedri…,niedri…,ORG,0.0,0.0,de,1
britische Marine Pipelines,britische Marine Pipelines,ORG,0.0,0.0,de,1
britische Marine,britische Marine,ORG,0.7,0.0,de,1
Airpods,Airpods,ORG,0.7,0.0,de,1
FSV Luckenwalde,FSV Luckenwalde,ORG,-1.0,0.0,de,1
LGBTQI+-Community,LGBTQI+-Community,ORG,-0.7,0.0,de,1
russischem Raketenangriff +++ IAEA,russischem Raketenangriff +++ IAEA,ORG,0.0,0.0,de,1
Frontbereic…,Frontbereic…,ORG,-1.0,0.0,de,1
Instituts für Qualitätsentwicklung im Bildungswesen,Instituts für Qualitätsentwicklung im Bildungswesen,ORG,-1.0,0.0,de,1
IQB,IQB,ORG,-1.0,0.0,de,1
Fächern Deuts,Fächern Deuts,ORG,0.0,0.0,de,1
Landessportverband Baden-Württemb…,Landessportverband Baden-Württemb…,ORG,0.0,0.0,de,1
Nations League,Nations League,ORG,0.0,0.0,de,1
feie… Feierstimmung,feie… Feierstimmung,ORG,0.0,0.0,de,1
Dänemark i…,Dänemark i…,ORG,0.0,0.0,de,1
Tag lege…,Tag lege…,ORG,-0.7,0.0,de,1
"Extremismus""-Urteil","Extremismus""-Urteil",ORG,0.0,0.0,de,1
Einberufungsgesetze +++ Alle Entwicklungen,Einberufungsgesetze +++ Alle Entwicklungen,ORG,1.0,0.0,de,1
ungar…,ungar…,ORG,0.0,0.0,de,1
World Nuclear Exhibition,World Nuclear Exhibition,ORG,0.7,0.0,de,1
Langlauf-Staffeln …,Langlauf-Staffeln …,ORG,0.0,0.0,de,1
Mini-Kernkraftwerke,Mini-Kernkraftwerke,ORG,0.0,0.0,de,1
Russischen Welt-Volksrat,Russischen Welt-Volksrat,ORG,0.7,0.0,de,1
Russland-Illusion,Russland-Illusion,ORG,0.0,0.0,de,1
Nacht +++ Zwei Tote,Nacht +++ Zwei Tote,ORG,0.0,0.0,de,1
Russische Oppositionelle,Russische Oppositionelle,ORG,0.0,0.0,de,1
Verbraucher…,Verbraucher…,ORG,0.0,0.0,de,1
ADES,ADES,ORG,0.0,0.0,de,1
Klimap…,Klimap…,ORG,0.0,0.0,de,1
Gutscheincodes J9O6SHMX,Gutscheincodes J9O6SHMX,ORG,0.0,0.0,de,1
Gutscheincodes J9O6SHMX bei de…,Gutscheincodes J9O6SHMX bei de…,ORG,0.0,0.0,de,1
Dubai Schlagzeilen,Dubai Schlagzeilen,ORG,0.0,0.0,de,1
Winterhall Dea,Winterhall Dea,ORG,0.0,0.0,de,1
Bund Anträge,Bund Anträge,ORG,0.0,0.0,de,1
Siemens-Bahntechniksparte Siemens Mobility,Siemens-Bahntechniksparte Siemens Mobility,ORG,0.0,0.0,de,1
Brandenburgs CDU-Ch…,Brandenburgs CDU-Ch…,ORG,0.7,0.0,de,1
Anwal…,Anwal…,ORG,0.0,0.0,de,1
Ukraine +++ US-Regierung,Ukraine +++ US-Regierung,ORG,-0.15000000000000002,0.0,de,1
Alexej Nawalnyj +++ Alle Entwicklungen,Alexej Nawalnyj +++ Alle Entwicklungen,ORG,-0.15000000000000002,0.0,de,1
beken…,beken…,ORG,0.5,0.0,de,1
Japanisches Weltraum-Startup,Japanisches Weltraum-Startup,ORG,0.0,0.0,de,1
Startup Air Water,Startup Air Water,ORG,0.0,0.0,de,1
Europäische Staatsführer,Europäische Staatsführer,ORG,-1.0,0.0,de,1
bri…,bri…,ORG,-1.0,0.0,de,1
MeteoSc…,MeteoSc…,ORG,0.0,0.0,de,1
JU,JU,ORG,0.0,0.0,de,1
Energie- und Na…,Energie- und Na…,ORG,0.0,0.0,de,1
Budapest,Budapest,ORG,0.0,0.0,de,1
Hände</li></ol,Hände</li></ol,ORG,0.0,0.0,de,1
Amerikane…,Amerikane…,ORG,0.0,0.0,de,1
höch…,höch…,ORG,0.0,0.0,de,1
Lupe geno…,Lupe geno…,ORG,0.85,0.0,de,1
Energieträ…,Energieträ…,ORG,0.0,0.0,de,1
Abschlussplenum,Abschlussplenum,ORG,0.0,0.0,de,1
Energie-Preise,Energie-Preise,ORG,0.0,0.0,de,1
Bundeslig…,Bundeslig…,ORG,0.0,0.0,de,1
Israelflagge +++,Israelflagge +++,ORG,0.0,0.0,de,1
F-16-Kampfjets +++,F-16-Kampfjets +++,ORG,0.0,0.0,de,1
Gastgewerbe-Verband Dehoga NRW,Gastgewerbe-Verband Dehoga NRW,ORG,0.0,0.0,de,1
Parlament in …,Parlament in …,ORG,0.0,0.0,de,1
EU-Militärs,EU-Militärs,ORG,0.7,0.0,de,1
Deutschlandtempo,Deutschlandtempo,ORG,0.0,0.0,de,1
Armeefü…,Armeefü…,ORG,0.0,0.0,de,1
Gründerteam,Gründerteam,ORG,0.0,0.0,de,1
Fuchsegg Eco Lodge,Fuchsegg Eco Lodge,ORG,0.0,0.0,de,1
Bewegu…,Bewegu…,ORG,0.0,0.0,de,1
Bedingungen fü…,Bedingungen fü…,ORG,0.0,0.0,de,1
Kap Verde +++,Kap Verde +++,ORG,0.0,0.0,de,1
Schnee +++,Schnee +++,ORG,0.0,0.0,de,1
Hy2gen AG,Hy2gen AG,ORG,0.0,0.0,de,1
Dienstag +++ EU-Außenminister,Dienstag +++ EU-Außenminister,ORG,0.0,0.0,de,1
VfB Lübeck,VfB Lübeck,ORG,0.0,0.0,de,1
KZ-Überlebenden,KZ-Überlebenden,ORG,-0.35,0.0,de,1
Volkswagen-Club,Volkswagen-Club,ORG,0.7,0.0,de,1
SPD-Bundesparteitag,SPD-Bundesparteitag,ORG,0.0,0.0,de,1
Partei zu Russland,Partei zu Russland,ORG,0.0,0.0,de,1
Nachwu…,Nachwu…,ORG,0.0,0.0,de,1
Orbán-Verbündete,Orbán-Verbündete,ORG,0.0,0.0,de,1
Bayern-Stars,Bayern-Stars,ORG,0.0,0.0,de,1
Beitritt,Beitritt,ORG,0.0,0.0,de,1
Tessiner FDP,Tessiner FDP,ORG,0.0,0.0,de,1
Partito liberale radicale ticinese,Partito liberale radicale ticinese,ORG,0.7,0.0,de,1
Straffungskurses der Europäischen Zentralbank,Straffungskurses der Europäischen Zentralbank,ORG,0.0,0.0,de,1
Rafiq Maqbo…,Rafiq Maqbo…,ORG,0.0,0.0,de,1
COP-Reisenden,COP-Reisenden,ORG,0.0,0.0,de,1
westfälischen Landeskirche,westfälischen Landeskirche,ORG,0.0,0.0,de,1
zurü…,zurü…,ORG,-1.0,0.0,de,1
Fernwärmeanbieter Eon,Fernwärmeanbieter Eon,ORG,-1.0,0.0,de,1
Hauptgeschäftsf…,Hauptgeschäftsf…,ORG,0.0,0.0,de,1
CO2-Preis-Regeln,CO2-Preis-Regeln,ORG,0.0,0.0,de,1
Bundesverfas…,Bundesverfas…,ORG,0.0,0.0,de,1
WHO-Angaben,WHO-Angaben,ORG,0.0,0.0,de,1
Roten Kreuz,Roten Kreuz,ORG,0.0,0.0,de,1
Hamas +++,Hamas +++,ORG,0.0,0.0,de,1
insbesonder…,insbesonder…,ORG,0.0,0.0,de,1
Bayerische Polizei,Bayerische Polizei,ORG,-1.0,0.0,de,1
Neben­kos­ten­pri­vileg,Neben­kos­ten­pri­vileg,ORG,0.0,0.0,de,1
Immobilienbr…,Immobilienbr…,ORG,0.0,0.0,de,1
EU-Beitrittgespräche,EU-Beitrittgespräche,ORG,0.0,0.0,de,1
Mosaic-Exp…,Mosaic-Exp…,ORG,0.0,0.0,de,1
+++ Mehr,+++ Mehr,ORG,0.35,0.0,de,1
Tag Deutschland,Tag Deutschland,ORG,0.0,0.0,de,1
Zweifach-Killers,Zweifach-Killers,ORG,0.0,0.0,de,1
Castor-Probefahrt,Castor-Probefahrt,ORG,0.0,0.0,de,1
nac…,nac…,ORG,0.0,0.0,de,1
Aerogel-it,Aerogel-it,ORG,0.0,0.0,de,1
deutschen LNG-Bedarfs,deutschen LNG-Bedarfs,ORG,0.0,0.0,de,1
Militärsprecher Ol…,Militärsprecher Ol…,ORG,0.0,0.0,de,1
ChatGPT-Firma,ChatGPT-Firma,ORG,0.0,0.0,de,1
KI-Drohnen,KI-Drohnen,ORG,-0.15000000000000002,0.0,de,1
europäische Ukraine-Strategie,europäische Ukraine-Strategie,ORG,0.0,0.0,de,1
Chinas Loongson-CPUs,Chinas Loongson-CPUs,ORG,-1.0,0.0,de,1
KRISE,KRISE,ORG,0.0,0.0,de,1
Polizei B…,Polizei B…,ORG,0.0,0.0,de,1
Asiatisch-Pazifischen Wirtschaftsgemeinschaft,Asiatisch-Pazifischen Wirtschaftsgemeinschaft,ORG,0.0,0.0,de,1
dieaktuelle Situation,dieaktuelle Situation,ORG,0.0,0.0,de,1
Hyperschall-Atomrakete +++,Hyperschall-Atomrakete +++,ORG,0.0,0.0,de,1
Ato…,Ato…,ORG,0.0,0.0,de,1
Klimaprojekten,Klimaprojekten,ORG,-0.7,0.0,de,1
Schutzprojekten,Schutzprojekten,ORG,-0.7,0.0,de,1
KTF …,KTF …,ORG,0.0,0.0,de,1
britische BBC,britische BBC,ORG,-1.0,0.0,de,1
Winterthu…,Winterthu…,ORG,0.0,0.0,de,1
EM-Teilnahme,EM-Teilnahme,ORG,-0.7,0.0,de,1
Klinik +++„Fridays for Israel,Klinik +++„Fridays for Israel,ORG,0.7,0.0,de,1
Gazastreifen +++,Gazastreifen +++,ORG,0.7,0.0,de,1
APEC,APEC,ORG,0.0,0.0,de,1
Urban Kälte- &amp,Urban Kälte- &amp,ORG,0.0,0.0,de,1
häuf…,häuf…,ORG,0.0,0.0,de,1
SVS,SVS,ORG,0.0,0.0,de,1
Ampelpartnern,Ampelpartnern,ORG,0.0,0.0,de,1
Russlands Militäroffensive,Russlands Militäroffensive,ORG,-1.0,0.0,de,1
europäischen Sicherheitsordnung,europäischen Sicherheitsordnung,ORG,0.0,0.0,de,1
Zeitenwende-Initiative der,Zeitenwende-Initiative der,ORG,0.0,0.0,de,1
Grüne Schuld,Grüne Schuld,ORG,0.0,0.0,de,1
Metaller…,Metaller…,ORG,0.0,0.0,de,1
Chefin…,Chefin…,ORG,0.0,0.0,de,1
Gas fliest,Gas fliest,ORG,0.0,0.0,de,1
Jamala,Jamala,ORG,0.0,0.0,de,1
Russischer Nachschub,Russischer Nachschub,ORG,0.0,0.0,de,1
Innengerät,Innengerät,ORG,0.0,0.0,de,1
HSH Nordbank,HSH Nordbank,ORG,0.0,0.0,de,1
beheizenden…,beheizenden…,ORG,0.0,0.0,de,1
Han…,Han…,ORG,0.0,0.0,de,1
aufgrun…,aufgrun…,ORG,0.0,0.0,de,1
EU un…,EU un…,ORG,0.0,0.0,de,1
US-De…,US-De…,ORG,0.0,0.0,de,1
Schneesturm +++ Stoltenberg,Schneesturm +++ Stoltenberg,ORG,0.0,0.0,de,1
Verbraucherzentrale Sachsen-Anhalt,Verbraucherzentrale Sachsen-Anhalt,ORG,0.0,0.0,de,1
US-Vertretung,US-Vertretung,ORG,0.0,0.0,de,1
US-Reporter Gershkovich,US-Reporter Gershkovich,ORG,0.0,0.0,de,1
Anhöru…,Anhöru…,ORG,0.0,0.0,de,1
LNG-Deal,LNG-Deal,ORG,-0.7,0.0,de,1
Pfötchen Ihres Lieblings,Pfötchen Ihres Lieblings,ORG,0.7,0.0,de,1
+++ Stromausfälle,+++ Stromausfälle,ORG,0.0,0.0,de,1
Schneesturm +++,Schneesturm +++,ORG,0.0,0.0,de,1
Ifo-Konjunkturche…,Ifo-Konjunkturche…,ORG,0.0,0.0,de,1
Öl-Multis,Öl-Multis,ORG,0.0,0.0,de,1
UNO-Weltklimakonferenz,UNO-Weltklimakonferenz,ORG,0.0,0.0,de,1
Vorbereitungs…,Vorbereitungs…,ORG,0.0,0.0,de,1
Schuldenfonds für Klimaschutz,Schuldenfonds für Klimaschutz,ORG,0.0,0.0,de,1
Die Presse,Die Presse,ORG,0.0,0.0,de,1
Entscheidungsgremium der Organisation für das Verbot chemischer Waffen,Entscheidungsgremium der Organisation für das Verbot chemischer Waffen,ORG,-0.7,0.0,de,1
"Putin""-Aktion","Putin""-Aktion",ORG,-0.7,0.0,de,1
System Change,System Change,ORG,-0.7,0.0,de,1
Sektoren Gebäude,Sektoren Gebäude,ORG,0.0,0.0,de,1
Sofortprogramme,Sofortprogramme,ORG,0.0,0.0,de,1
OSZE-Ministerrat,OSZE-Ministerrat,ORG,0.7,0.0,de,1
brandenburgische Wirtschaftsministerium,brandenburgische Wirtschaftsministerium,ORG,-0.7,0.0,de,1
Einhell-18V-Akku,Einhell-18V-Akku,ORG,0.0,0.0,de,1
schleswig-holsteinischen Umweltministers,schleswig-holsteinischen Umweltministers,ORG,0.0,0.0,de,1
SC Verl,SC Verl,ORG,0.0,0.0,de,1
Wirtschaftsmä…,Wirtschaftsmä…,ORG,0.0,0.0,de,1
deutsche Gastronomie,deutsche Gastronomie,ORG,0.0,0.0,de,1
Klimaschut…,Klimaschut…,ORG,0.0,0.0,de,1
kremlt…,kremlt…,ORG,0.0,0.0,de,1
Europäi…,Europäi…,ORG,0.0,0.0,de,1
Streitkräften +++,Streitkräften +++,ORG,1.0,0.0,de,1
Friedensverhandlungen +++,Friedensverhandlungen +++,ORG,-0.7,0.0,de,1
Meldun…,Meldun…,ORG,0.0,0.0,de,1
Fridays for Future Deutschland,Fridays for Future Deutschland,ORG,0.85,0.0,de,1
weggebro…,weggebro…,ORG,0.7,0.0,de,1
Deutsche Wetterdienst in …,Deutsche Wetterdienst in …,ORG,0.0,0.0,de,1
Licht +++,Licht +++,ORG,0.0,0.0,de,1
Cyber Monday,Cyber Monday,ORG,0.0,0.0,de,1
+++ 07:39 Klitschko …,+++ 07:39 Klitschko …,ORG,0.0,0.0,de,1
Holodomor-Gedenktag +++,Holodomor-Gedenktag +++,ORG,0.0,0.0,de,1
Behand…,Behand…,ORG,0.0,0.0,de,1
Friedensdemonstration,Friedensdemonstration,ORG,0.0,0.0,de,1
Weltwetterorganisation rät Deutschland,Weltwetterorganisation rät Deutschland,ORG,0.0,0.0,de,1
Moldawien +++ Kiew,Moldawien +++ Kiew,ORG,0.0,0.0,de,1
Umständen …,Umständen …,ORG,0.41999999999999993,0.0,de,1
Ampel!,Ampel!,ORG,0.0,0.0,de,1
Anti-Kriegs-Demo,Anti-Kriegs-Demo,ORG,0.0,0.0,de,1
CreativeCanvas,CreativeCanvas,ORG,0.0,0.0,de,1
isra…,isra…,ORG,0.0,0.0,de,1
Trägervereins …,Trägervereins …,ORG,0.0,0.0,de,1
Orban +++ Norwegen,Orban +++ Norwegen,ORG,0.35,0.0,de,1
Duisport-Gruppe,Duisport-Gruppe,ORG,0.0,0.0,de,1
briti…,briti…,ORG,0.0,0.0,de,1
Kiew fort +++ Landesweiter Luftalarm,Kiew fort +++ Landesweiter Luftalarm,ORG,-1.0,0.0,de,1
Ukraine +++ Selenskyj-Berater,Ukraine +++ Selenskyj-Berater,ORG,-1.0,0.0,de,1
British Royal Navy,British Royal Navy,ORG,0.0,0.0,de,1
Kiew fort…,Kiew fort…,ORG,0.0,0.0,de,1
SPD-Haushaltspolitiker,SPD-Haushaltspolitiker,ORG,-0.7,0.0,de,1
Hilfssegeln,Hilfssegeln,ORG,0.0,0.0,de,1
Bundespoli…,Bundespoli…,ORG,0.7,0.0,de,1
WM-Tempel,WM-Tempel,ORG,0.0,0.0,de,1
Ukraine Bewegung,Ukraine Bewegung,ORG,0.0,0.0,de,1
polnische…,polnische…,ORG,0.0,0.0,de,1
Viciunai Group,Viciunai Group,ORG,0.0,0.0,de,1
Emi…,Emi…,ORG,0.7,0.0,de,1
Klima-Front!,Klima-Front!,ORG,0.43333333333333335,0.0,de,1
deutschen CO-Emissionen,deutschen CO-Emissionen,ORG,0.43333333333333335,0.0,de,1
Grünen-nahen Denkfabrik Agora E…,Grünen-nahen Denkfabrik Agora E…,ORG,0.0,0.0,de,1
Deutsche Reiseverband…,Deutsche Reiseverband…,ORG,0.0,0.0,de,1
russischem Flüssigerdgas,russischem Flüssigerdgas,ORG,-1.0,0.0,de,1
Signa-Konzerns des Tiroler,Signa-Konzerns des Tiroler,ORG,0.0,0.0,de,1
Umweltbehörde Environment Agency,Umweltbehörde Environment Agency,ORG,0.0,0.0,de,1
Agentur e…,Agentur e…,ORG,0.0,0.0,de,1
Industria…,Industria…,ORG,0.0,0.0,de,1
Ener…,Ener…,ORG,0.0,0.0,de,1
en vogue,en vogue,ORG,0.0,0.0,de,1
libanesischen Regierung,libanesischen Regierung,ORG,0.0,0.0,de,1
Wiesbaden,Wiesbaden,ORG,0.0,0.0,de,1
Carrier Global,Carrier Global,ORG,1.0,0.0,de,1
Eon-Chef,Eon-Chef,ORG,-0.7,0.0,de,1
Bündnisbeitritt Schwedensr +++,Bündnisbeitritt Schwedensr +++,ORG,-1.0,0.0,de,1
Ukraine +++ Trümmer,Ukraine +++ Trümmer,ORG,0.0,0.0,de,1
Deutschen Gewerkschaftsbunds,Deutschen Gewerkschaftsbunds,ORG,-1.0,0.0,de,1
Deutsche Skiverband,Deutsche Skiverband,ORG,-1.0,0.0,de,1
Deutschen Skiverband,Deutschen Skiverband,ORG,0.0,0.0,de,1
DSV,DSV,ORG,0.0,0.0,de,1
Bundes für Umwelt und Naturschutz Deutschland,Bundes für Umwelt und Naturschutz Deutschland,ORG,0.0,0.0,de,1
Ramona Pop,Ramona Pop,ORG,0.0,0.0,de,1
ausg…,ausg…,ORG,0.0,0.0,de,1
Klimakleber GmbH,Klimakleber GmbH,ORG,0.0,0.0,de,1
GIE…,GIE…,ORG,0.0,0.0,de,1
Freitag m…,Freitag m…,ORG,0.0,0.0,de,1
knietief,knietief,ORG,0.0,0.0,de,1
Brand +++ Alle Entwicklungen,Brand +++ Alle Entwicklungen,ORG,0.0,0.0,de,1
+++ Nato-Generalsekretär,+++ Nato-Generalsekretär,ORG,-1.0,0.0,de,1
Ukraine +++ Alle Entwicklungen im Liveblog,Ukraine +++ Alle Entwicklungen im Liveblog,ORG,0.0,0.0,de,1
Syrien …,Syrien …,ORG,0.0,0.0,de,1
Angriffen +++ Alle Entwicklungen,Angriffen +++ Alle Entwicklungen,ORG,0.0,0.0,de,1
Klimawandel…,Klimawandel…,ORG,0.0,0.0,de,1
Streumun…,Streumun…,ORG,0.0,0.0,de,1
Drohne…,Drohne…,ORG,0.0,0.0,de,1
ukrainische Luftstreitkräfte,ukrainische Luftstreitkräfte,ORG,0.0,0.0,de,1
Fahr…,Fahr…,ORG,0.7,0.0,de,1
Meinungsforschungsinstituts Yougov,Meinungsforschungsinstituts Yougov,ORG,0.0,0.0,de,1
Deutschen Presse-Age,Deutschen Presse-Age,ORG,0.0,0.0,de,1
Belgorod-Beschuss,Belgorod-Beschuss,ORG,-1.0,0.0,de,1
Finanz-Lobbyist,Finanz-Lobbyist,ORG,0.0,0.0,de,1
EPR-Reaktormodell,EPR-Reaktormodell,ORG,0.0,0.0,de,1
Brand +++ Selenskyj,Brand +++ Selenskyj,ORG,0.0,0.0,de,1
08.01.2024 08:39,08.01.2024 08:39,ORG,0.35,0.0,de,1
Janua…,Janua…,ORG,0.0,0.0,de,1
Finanzinstituten,Finanzinstituten,ORG,0.0,0.0,de,1
Kreditversicherer Allianz Trade,Kreditversicherer Allianz Trade,ORG,0.0,0.0,de,1
Energieversorger E.on,Energieversorger E.on,ORG,0.7,0.0,de,1
Immobilienriesen,Immobilienriesen,ORG,-1.0,0.0,de,1
Huthi-Miliz+++,Huthi-Miliz+++,ORG,0.0,0.0,de,1
Wassi…,Wassi…,ORG,0.0,0.0,de,1
Schutzbunker +++,Schutzbunker +++,ORG,0.0,0.0,de,1
Quadratmeter…,Quadratmeter…,ORG,0.0,0.0,de,1
Tierschutzorganis…,Tierschutzorganis…,ORG,0.0,0.0,de,1
Anhal…,Anhal…,ORG,0.0,0.0,de,1
Chiefs,Chiefs,ORG,0.0,0.0,de,1
NFL-Playoffs,NFL-Playoffs,ORG,0.0,0.0,de,1
Chiefs zerschmettern Dolphins,Chiefs zerschmettern Dolphins,ORG,0.0,0.0,de,1
NGO Oxfam,NGO Oxfam,ORG,0.0,0.0,de,1
US-Wahljahr3,US-Wahljahr3,ORG,0.0,0.0,de,1
Landesenergie- und Kli…,Landesenergie- und Kli…,ORG,0.0,0.0,de,1
Fraktionsvorsi…,Fraktionsvorsi…,ORG,0.7,0.0,de,1
DoS-Angriff,DoS-Angriff,ORG,0.0,0.0,de,1
Rockergruppe,Rockergruppe,ORG,-1.0,0.0,de,1
Davos +++ Russland,Davos +++ Russland,ORG,0.7,0.0,de,1
Massa…,Massa…,ORG,0.0,0.0,de,1
Frohe Österreicher,Frohe Österreicher,ORG,0.0,0.0,de,1
EU-Statistikamts,EU-Statistikamts,ORG,0.0,0.0,de,1
Sturmflutwarnung für,Sturmflutwarnung für,ORG,0.0,0.0,de,1
Wärmest…,Wärmest…,ORG,0.0,0.0,de,1
CDU-Spitze,CDU-Spitze,ORG,0.0,0.0,de,1
britischen Luftwaffe,britischen Luftwaffe,ORG,0.0,0.0,de,1
Davos +++,Davos +++,ORG,0.0,0.0,de,1
ZDF-Kamerateam,ZDF-Kamerateam,ORG,0.0,0.0,de,1
Bewäh…,Bewäh…,ORG,0.0,0.0,de,1
Tag der deutschlandweiten Bauernproteste,Tag der deutschlandweiten Bauernproteste,ORG,1.0,0.0,de,1
Deutschen Bauernverbands,Deutschen Bauernverbands,ORG,1.0,0.0,de,1
EU-Ukrainehilfe,EU-Ukrainehilfe,ORG,-0.7,0.0,de,1
Propaganda-Show +++,Propaganda-Show +++,ORG,0.7,0.0,de,1
Flensburger Fahrzeugbau GmbH,Flensburger Fahrzeugbau GmbH,ORG,0.0,0.0,de,1
Kommunistischen Partei zu +++,Kommunistischen Partei zu +++,ORG,0.0,0.0,de,1
Kommunistischen Partei,Kommunistischen Partei,ORG,1.0,0.0,de,1
polnische Rundfunk,polnische Rundfunk,ORG,-1.0,0.0,de,1
Initiative +++,Initiative +++,ORG,0.0,0.0,de,1
Elektronik-Riese Samsung,Elektronik-Riese Samsung,ORG,0.0,0.0,de,1
"Durchsuchungen
","Durchsuchungen
",ORG,0.0,0.0,de,1
Russland +++ Russische Luftangriffe,Russland +++ Russische Luftangriffe,ORG,0.0,0.0,de,1
Ein-Personen-Unternehmen,Ein-Personen-Unternehmen,ORG,0.5,0.0,de,1
EPUs,EPUs,ORG,0.5,0.0,de,1
Frankreichs,Frankreichs,ORG,0.0,0.0,de,1
Angreif…,Angreif…,ORG,0.0,0.0,de,1
US-Außenministerium veröffe…,US-Außenministerium veröffe…,ORG,0.0,0.0,de,1
Europas Airlines,Europas Airlines,ORG,0.0,0.0,de,1
EZB-Vizepräsident,EZB-Vizepräsident,ORG,0.0,0.0,de,1
Zukunfts-Paradox!,Zukunfts-Paradox!,ORG,0.0,0.0,de,1
Zeit der US-Dominanz,Zeit der US-Dominanz,ORG,1.0,0.0,de,1
US-Dominanz,US-Dominanz,ORG,0.0,0.0,de,1
ukrainischer Friedensformel +++ Alle Entwicklungen im Liveblog,ukrainischer Friedensformel +++ Alle Entwicklungen im Liveblog,ORG,0.0,0.0,de,1
Fortuna 05 neuerbaut,Fortuna 05 neuerbaut,ORG,0.0,0.0,de,1
Komsomolskaya Pravda,Komsomolskaya Pravda,ORG,0.0,0.0,de,1
Philips Hue,Philips Hue,ORG,0.0,0.0,de,1
Militärkooperation​ +++,Militärkooperation​ +++,ORG,0.0,0.0,de,1
Kyiv International Institut…,Kyiv International Institut…,ORG,0.0,0.0,de,1
RWTH,RWTH,ORG,0.0,0.0,de,1
B… Wohnraum,B… Wohnraum,ORG,0.0,0.0,de,1
SBU Ermittlungen,SBU Ermittlungen,ORG,0.0,0.0,de,1
KI-Kopiloten,KI-Kopiloten,ORG,0.0,0.0,de,1
Hemmsch…,Hemmsch…,ORG,0.0,0.0,de,1
verläng…,verläng…,ORG,0.0,0.0,de,1
gov.uk,gov.uk,ORG,0.0,0.0,de,1
Equinor je…,Equinor je…,ORG,0.0,0.0,de,1
Euro-Gruppe,Euro-Gruppe,ORG,0.7,0.0,de,1
OHZ,OHZ,ORG,0.0,0.0,de,1
01.02.202…,01.02.202…,ORG,0.0,0.0,de,1
Langem +++ Alle Entwicklungen,Langem +++ Alle Entwicklungen,ORG,0.0,0.0,de,1
Die Millionen-Mission,Die Millionen-Mission,ORG,0.0,0.0,de,1
Kohle-Boss,Kohle-Boss,ORG,0.0,0.0,de,1
Partei befeuere,Partei befeuere,ORG,0.0,0.0,de,1
Sanktionsverstoß,Sanktionsverstoß,ORG,0.0,0.0,de,1
EU …,EU …,ORG,0.0,0.0,de,1
Abramowitsch,Abramowitsch,ORG,0.7,0.0,de,1
wirtschaftsstärkste Nation,wirtschaftsstärkste Nation,ORG,-0.35,0.0,de,1
Speicherrekord,Speicherrekord,ORG,0.0,0.0,de,1
TSV 1860 München,TSV 1860 München,ORG,0.0,0.0,de,1
kassi…,kassi…,ORG,0.0,0.0,de,1
Wohlfahrt,Wohlfahrt,ORG,0.0,0.0,de,1
Terminal Autonomy,Terminal Autonomy,ORG,0.0,0.0,de,1
Inlandsgehe…,Inlandsgehe…,ORG,0.0,0.0,de,1
päpstlichen Staatssekretariat,päpstlichen Staatssekretariat,ORG,0.7,0.0,de,1
Bundesanwaltschaf…,Bundesanwaltschaf…,ORG,0.0,0.0,de,1
Sozialverbandes VdK,Sozialverbandes VdK,ORG,0.0,0.0,de,1
Verena Bentele…,Verena Bentele…,ORG,0.0,0.0,de,1
Republikaner…,Republikaner…,ORG,0.0,0.0,de,1
Israel +++ Entwicklungshilfe,Israel +++ Entwicklungshilfe,ORG,0.0,0.0,de,1
Elek…,Elek…,ORG,0.0,0.0,de,1
Paukenschlag!,Paukenschlag!,ORG,0.0,0.0,de,1
Kreml… Moskau,Kreml… Moskau,ORG,0.7,0.0,de,1
UN-Hilfswerks,UN-Hilfswerks,ORG,-1.0,0.0,de,1
Verkehrsbehinderunge…,Verkehrsbehinderunge…,ORG,0.0,0.0,de,1
Verteidigungsabkommen +++ Millionen Kunden,Verteidigungsabkommen +++ Millionen Kunden,ORG,0.0,0.0,de,1
radikalislam…,radikalislam…,ORG,0.0,0.0,de,1
Gazastreifen +++ Weltbank,Gazastreifen +++ Weltbank,ORG,0.7,0.0,de,1
Schengen-Zone,Schengen-Zone,ORG,-0.7,0.0,de,1
Putins Progapandashow,Putins Progapandashow,ORG,0.0,0.0,de,1
Tag Russland,Tag Russland,ORG,0.0,0.0,de,1
EU-Haushalts,EU-Haushalts,ORG,0.0,0.0,de,1
Eisenerzbergw…,Eisenerzbergw…,ORG,0.0,0.0,de,1
aufgeno…,aufgeno…,ORG,0.0,0.0,de,1
Zusammenstoß,Zusammenstoß,ORG,0.0,0.0,de,1
CO-Preises,CO-Preises,ORG,0.0,0.0,de,1
Waffen-Depots,Waffen-Depots,ORG,0.0,0.0,de,1
Untersuc…,Untersuc…,ORG,0.0,0.0,de,1
Landtags,Landtags,ORG,0.0,0.0,de,1
Beitritt Bulgariens,Beitritt Bulgariens,ORG,-0.7,0.0,de,1
Starterset,Starterset,ORG,0.0,0.0,de,1
Putins Wortwahl,Putins Wortwahl,ORG,0.0,0.0,de,1
Fortuna 05,Fortuna 05,ORG,1.0,0.0,de,1
Orban,Orban,ORG,0.0,0.0,de,1
Region Cherson +++ Großbritannien,Region Cherson +++ Großbritannien,ORG,0.2333333333333333,0.0,de,1
lo…,lo…,ORG,0.0,0.0,de,1
Region Cherson +++,Region Cherson +++,ORG,0.85,0.0,de,1
Marjinkas +++ Lettland,Marjinkas +++ Lettland,ORG,1.0,0.0,de,1
Krim +++ Ukraine,Krim +++ Ukraine,ORG,0.0,0.0,de,1
Marjinkas +++,Marjinkas +++,ORG,0.0,0.0,de,1
ih… Bundeswehroffizier Florian Rohmann,ih… Bundeswehroffizier Florian Rohmann,ORG,0.0,0.0,de,1
Österreichs,Österreichs,ORG,0.0,0.0,de,1
Russlands aufgepumpte Wirtschaft,Russlands aufgepumpte Wirtschaft,ORG,0.0,0.0,de,1
Gulag-Plan,Gulag-Plan,ORG,-1.0,0.0,de,1
Filmfest,Filmfest,ORG,0.0,0.0,de,1
Co-Chefin,Co-Chefin,ORG,0.0,0.0,de,1
Co-Chefin de,Co-Chefin de,ORG,0.7,0.0,de,1
Amazonas-Dschungel,Amazonas-Dschungel,ORG,0.7,0.0,de,1
Deutschen z…,Deutschen z…,ORG,0.0,0.0,de,1
Handball-Bundesligist,Handball-Bundesligist,ORG,0.7,0.0,de,1
Prager Universität,Prager Universität,ORG,0.7,0.0,de,1
Prager Karls-Universität,Prager Karls-Universität,ORG,0.0,0.0,de,1
Front heimholt,Front heimholt,ORG,0.0,0.0,de,1
versic…,versic…,ORG,0.0,0.0,de,1
GeoSphere Austria,GeoSphere Austria,ORG,0.0,0.0,de,1
Luftfahrt-Riese Airbus,Luftfahrt-Riese Airbus,ORG,0.0,0.0,de,1
Mutabor Empörung,Mutabor Empörung,ORG,0.0,0.0,de,1
Organi…,Organi…,ORG,-1.0,0.0,de,1
Russlands Aggression aufgeruf…,Russlands Aggression aufgeruf…,ORG,-0.7,0.0,de,1
Rock…,Rock…,ORG,0.0,0.0,de,1
Internetportal Backstreets,Internetportal Backstreets,ORG,0.0,0.0,de,1
Kirchenpräsidentin der Evangelischen Kirche der Pfalz,Kirchenpräsidentin der Evangelischen Kirche der Pfalz,ORG,0.0,0.0,de,1
Polizei am Morgen…,Polizei am Morgen…,ORG,0.0,0.0,de,1
Kulinarik,Kulinarik,ORG,0.0,0.0,de,1
Ambiente,Ambiente,ORG,0.0,0.0,de,1
Service,Service,ORG,0.0,0.0,de,1
Institute for the Stu…,Institute for the Stu…,ORG,0.0,0.0,de,1
Hochhausbrand,Hochhausbrand,ORG,0.0,0.0,de,1
Drohnenangriff ++,Drohnenangriff ++,ORG,0.0,0.0,de,1
kicker-Reporters,kicker-Reporters,ORG,0.0,0.0,de,1
Harbour Energy,Harbour Energy,ORG,0.0,0.0,de,1
Nicht-EU-Ausland,Nicht-EU-Ausland,ORG,0.0,0.0,de,1
Desinteresse des Bundes,Desinteresse des Bundes,ORG,0.0,0.0,de,1
Deutschen Regas de…,Deutschen Regas de…,ORG,-0.7,0.0,de,1
Ex-Putin-Beamte,Ex-Putin-Beamte,ORG,0.7,0.0,de,1
Weihnachtsgeschäfts,Weihnachtsgeschäfts,ORG,0.0,0.0,de,1
Preissenkunge…,Preissenkunge…,ORG,0.0,0.0,de,1
Russlands Wahlkommission,Russlands Wahlkommission,ORG,0.0,0.0,de,1
Oppositionelle,Oppositionelle,ORG,-0.5,0.0,de,1
akz…,akz…,ORG,0.35,0.0,de,1
Island,Island,ORG,-0.7,0.0,de,1
Tokmak +++,Tokmak +++,ORG,0.0,0.0,de,1
Privathaushalten…,Privathaushalten…,ORG,0.0,0.0,de,1
Verb…,Verb…,ORG,0.0,0.0,de,1
loskomme…,loskomme…,ORG,0.0,0.0,de,1
Ägypten…,Ägypten…,ORG,-1.0,0.0,de,1
Weihnachtsgeschäftes,Weihnachtsgeschäftes,ORG,-0.85,0.0,de,1
Institut zur Pestbekämpfung von Irkutsk,Institut zur Pestbekämpfung von Irkutsk,ORG,0.0,0.0,de,1
