topic,sentiment_mean,sentiment_std,subjectivity_mean,subjectivity_std,counting
Energie,-0.00042452442689722587,0.967864183802853,-0.030250628336726666,0.9752983837527464,1192.0
Krieg,-0.03117862872903373,0.9719803565740762,-0.11875289979714772,0.8393032844908082,1234.0
Krise,-0.028124304008405567,0.9908743545417216,0.08304005046235866,1.1048978765961601,1018.0
Winter,0.04961669464121759,1.018932133890419,0.07016723244636107,1.02527742636149,1448.0
