topic,sentiment_mean,sentiment_std,subjectivity_mean,subjectivity_std,counting
Energie,-0.0054272459415977085,0.9653346938142017,-0.03297233681257861,0.9575023406771215,2410.0
Krieg,-0.036090029221502826,0.9936457224621809,-0.09147281452158107,0.896068856154683,3237.0
Krise,0.005517608096430265,1.0081969273830387,0.053788167715789724,1.0743847111808809,2360.0
Winter,0.0529648317940357,1.0062442233010072,0.11005622759030767,1.0641033166472798,2296.0
