topic,sentiment_mean,sentiment_std,subjectivity_mean,subjectivity_std,counting
Energie,0.02749323631028099,0.966367420217606,-0.027614174736923753,0.9463797031229476,3830.0
Krieg,-0.06629109972881006,0.9990025776430439,-0.08475234934964418,0.9016637783521232,5580.0
Krise,0.025625529840859283,1.0114867675443282,0.05797041320402342,1.0920597612984366,3986.0
Winter,0.05503697905516267,1.0002383463412374,0.11645442813239691,1.0744097581314085,3016.0
