topic,sentiment_mean,sentiment_std,subjectivity_mean,subjectivity_std,counting
Energie,0.023920096633921153,0.9762097175612131,-0.061401715251712424,0.9888712063612853,360.0
Krieg,0.0381168403464185,0.9970779972545628,-0.11780488525027674,0.8544014342437796,341.0
Krise,-0.06739091890969708,0.9552285578180502,0.077640324259203,1.0526520220692765,345.0
Winter,0.004014466481788642,0.9845039926322888,0.07100198500879978,0.9987152637829448,534.0
