topic,sentiment_mean,sentiment_std,subjectivity_mean,subjectivity_std,counting
Energie,0.03547072224011959,0.9670445668566854,-0.037068996329864864,0.9367223052648583,4586.0
Krieg,-0.06819138946691264,1.0002694650126853,-0.08276711996898396,0.8980351280534363,6953.0
Krise,0.03195507328435762,1.001802806253377,0.06379335928428008,1.097880962527016,4879.0
Winter,0.04145560848423033,1.0117561870281286,0.11512691536233681,1.0832901053220862,3795.0
