topic,sentiment_mean,sentiment_std,subjectivity_mean,subjectivity_std,counting
Energie,-0.0012371690126123155,0.9637832668797066,-0.03229118479769124,0.9562226856708292,2492.0
Krieg,-0.03776515534535391,0.9935557626059616,-0.09177581747886998,0.8949169152933096,3382.0
Krise,0.005399849774658828,1.0103414838501665,0.05390541721272542,1.0767555401121156,2402.0
Winter,0.0525652166136791,1.0072026483962557,0.1143561695293838,1.068857717675793,2324.0
