topic,sentiment_mean,sentiment_std,subjectivity_mean,subjectivity_std,counting
Energie,0.008582419735062248,0.9625255916185894,-0.023325243180578773,0.9557152427893354,2903.0
Krieg,-0.04717243703466449,0.9923544030621293,-0.09153187171077501,0.8971302185387869,4132.0
Krise,0.018302621566432732,1.01305560753547,0.046059258498720224,1.0709979396568223,2974.0
Winter,0.046909165527779795,1.0104035007723404,0.1229342235951796,1.08179082858515,2556.0
