topic,sentiment_mean,sentiment_std,subjectivity_mean,subjectivity_std,counting
Energie,0.03152158541258905,0.9660637903390374,-0.03153170199911679,0.9428303463949488,4291.0
Krieg,-0.06656747786025721,1.005045818553316,-0.08498360599488652,0.8929976664640035,6456.0
Krise,0.0278455583356186,1.0014261580126287,0.06410103622364652,1.102255417159579,4493.0
Winter,0.050777233903936736,1.0042537635612032,0.1168384130832689,1.0820287778563815,3407.0
