topic,sentiment_mean,sentiment_std,subjectivity_mean,subjectivity_std,counting
Energie,0.029838795498110863,0.9652777468779129,-0.030967902252714945,0.948071168099568,4180.0
Krieg,-0.06790798984774361,1.0065874039142881,-0.08323227317243985,0.8993418382960457,6327.0
Krise,0.025979372103927346,1.0006261590374435,0.06172907739288135,1.0925255153802644,4385.0
Winter,0.05824705718349758,1.0022479972461575,0.11601008181009724,1.0797997115151567,3341.0
