topic,sentiment_mean,sentiment_std,subjectivity_mean,subjectivity_std,counting
Energie,0.036606681426276794,0.9669939569809971,-0.03591025879860657,0.937758815377253,4493.0
Krieg,-0.0692840267219945,1.0018330489223317,-0.08324687697383053,0.895630632071183,6836.0
Krise,0.02911954963964254,0.9978196813197117,0.06495909522007563,1.1009610757774277,4721.0
Winter,0.04726088814477192,1.013475802230572,0.11625169663512626,1.0846448746803512,3670.0
