topic,sentiment_mean,sentiment_std,subjectivity_mean,subjectivity_std,counting
Energie,0.004287004532098341,0.9644423253075156,-0.02106918878418954,0.9644450978314436,2684.0
Krieg,-0.03800822426229729,0.9845757205525087,-0.09046664191902627,0.8998966440507904,3770.0
Krise,0.00871907952411189,1.0202814393475528,0.04401493534042694,1.0666543623167355,2689.0
Winter,0.04557654373113466,1.01112089049375,0.11554760967002897,1.0708678244915022,2467.0
