day,sentiment_mean,sentiment_std,subjectivity_mean,subjectivity_std,counting
000-00-00,0.0,0.0,0.0,0.0,30.0
2022-01-10,-0.7606515095574946,1.0,2.3183144497054626,1.0,1.0
2022-01-20,-0.4054415762817545,1.0,-0.4925293864669378,1.0,1.0
2022-01-31,-0.3588652883395434,1.0,-0.3535533905932738,1.0,1.0
2022-02-01,-0.4217666125764186,0.6391480800508823,-0.4547924934551722,0.02116406929869661,2.0
2022-02-14,-0.3588652883395434,1.0,-0.3535533905932738,1.0,1.0
2022-02-21,-2.268126766874063,1.0,-0.4938051129164735,1.0,1.0
2022-02-22,-0.0884205551885657,1.0,-0.5548291458048035,1.0,1.0
2022-02-24,0.8248602176807383,1.0,-0.7119588307288655,1.0,1.0
2022-03-08,0.8119430468495666,1.0,-0.35782574971477726,1.0,1.0
2022-03-09,0.7071067811865475,1.0,-0.7071067811865476,1.0,1.0
2022-03-19,-0.0884205551885657,1.0,-0.5548291458048035,1.0,1.0
2022-03-30,-0.08703882797784891,1.0,,1.0,1.0
2022-04-06,0.25,1.0,0.0,1.0,1.0
2022-04-12,0.27343304614842934,1.0,-0.4925293864669378,1.0,1.0
2022-04-13,0.2820874109059641,1.0,-0.35782574971477726,1.0,1.0
2022-04-17,-0.143998654109424,1.0,-0.7475419081125573,1.0,1.0
2022-04-19,-0.6144414636200163,0.7458599601564689,-0.3535533905932738,1.0,2.0
2022-04-27,-1.3327246760710432,1.0,-0.5548291458048035,1.0,1.0
2022-04-29,2.0770687900864484,1.0,-0.3535533905932738,1.0,1.0
2022-05-01,-1.1519871228997585,1.0,-0.4398272365365618,1.0,1.0
2022-05-10,-0.0926617821019586,1.0,0.9868232358896644,1.0,1.0
2022-05-13,-0.143998654109424,1.0,-0.7475419081125573,1.0,1.0
2022-05-21,1.0574412113590248,1.0,-0.4398272365365618,1.0,1.0
2022-05-25,0.8591017508734523,1.0,2.4748737341529163,1.0,1.0
2022-05-26,-0.143998654109424,1.0,-0.7475419081125573,1.0,1.0
2022-06-09,1.3003117592388012,1.0,-0.5328605796556856,1.0,1.0
2022-06-10,0.6722180054781115,1.0,1.4611209891723067,1.0,1.0
2022-06-13,-0.3101893591365491,1.0,-0.29515138076596914,1.0,1.0
2022-06-15,-0.3101893591365491,1.0,-0.29515138076596914,1.0,1.0
2022-06-17,1.1109817180268902,0.9608700200998358,-0.6892344330887192,0.08245922196644226,2.0
2022-06-21,0.8610290945166033,1.5437441542643493,-0.6206735105145154,0.17941900851969306,2.0
2022-06-22,-2.240618362632864,1.0,-0.7475419081125573,1.0,1.0
2022-06-24,-0.07418006879960706,1.0,-0.52307649985635,1.0,1.0
2022-06-28,-0.3588652883395434,1.0,-0.3535533905932738,1.0,1.0
2022-06-29,0.3193066821219908,0.40888782402412177,-0.46681617472651765,0.03816812242228473,2.0
2022-07-01,0.608434035234059,1.0,-0.4938051129164735,1.0,1.0
2022-07-03,0.06208166663722808,1.4372992877081157,-0.39882649312566953,0.05798380739906316,2.0
2022-07-04,-1.4678608265913264,0.4756793059103105,-0.4398272365365618,1.0,2.0
2022-07-06,0.719315343517875,1.0,-0.7475419081125573,1.0,1.0
2022-07-08,-1.832726224129217,1.1000938931276778,-0.6353092039844537,0.15872101231977107,2.0
2022-07-09,-1.0838638518945478,1.0,1.5055407609168283,1.0,1.0
2022-07-10,2.059507549358348,1.0,-0.20250077783379822,1.0,1.0
2022-07-12,-0.2514319712244837,0.15193365411484697,-0.5505476493529156,0.2785919524475202,2.0
2022-07-13,0.8486645935933836,1.0,-0.4697577503737826,1.0,1.0
2022-07-14,0.030179329009922613,1.0,-0.4398272365365618,1.0,1.0
2022-07-15,-0.46009509588638836,0.7041616705670019,0.27331162686085897,1.1435025036057156,2.0
2022-07-18,1.1322952183454134,0.060794441097793694,-0.7232831682829736,0.034307038873077664,2.0
2022-07-19,0.719315343517875,1.0,-0.7475419081125573,1.0,1.0
2022-07-21,-0.64392506552587,0.19983657506404814,-0.4836308023619745,0.10068966291534628,2.0
2022-07-24,-0.143998654109424,1.0,-0.7475419081125573,1.0,1.0
2022-07-25,-0.143998654109424,0.0,1.2963623304327894,0.0,2.0
2022-07-27,0.4439877441109537,1.0,-0.35782574971477726,1.0,1.0
2022-07-28,0.030179329009922613,1.0,-0.4398272365365618,1.0,1.0
2022-07-29,-1.4986318921887067,1.0,-0.5548291458048035,1.0,1.0
2022-07-31,-0.8176151699338624,1.0,-0.535266747742537,1.0,1.0
2022-08-01,-0.5201395365342394,1.0,-0.4398272365365618,1.0,1.0
2022-08-02,-0.25968252925245955,0.36724655478017626,0.3642443710504078,0.5151193295575447,2.0
2022-08-03,-0.143998654109424,1.0,-0.7475419081125573,1.0,1.0
2022-08-04,0.3907948643762767,0.7563122469117045,0.04060651186829595,0.8124012115286064,2.0
2022-08-05,-0.34917054390051194,1.231478476275765,0.3687841669178627,1.3134785788101828,2.0
2022-08-06,-1.0018867814028696,1.0,-0.535266747742537,1.0,1.0
2022-08-07,-0.38023213402353895,1.0,0.6855408745430523,1.0,1.0
2022-08-10,-1.1248896797536643,1.0,-0.52307649985635,1.0,1.0
2022-08-11,-0.6337166376965656,2.0444715324611504,0.47064569375585497,1.2876031661931095,2.0
2022-08-16,-0.2947140768601766,0.09072351331678506,0.8398776966983937,1.6877664294055452,2.0
2022-08-17,-0.0884205551885657,1.0,-0.5548291458048035,1.0,1.0
2022-08-18,-2.0721046470178366,1.0,-0.242535625036333,1.0,1.0
2022-08-22,-0.14399865410942392,1.2209103640310601,-0.7475419081125573,0.0,2.0
2022-08-23,0.1427647929010166,0.896871191959407,-0.3361328148983261,0.5392933115930321,3.0
2022-08-24,0.23329287064037882,0.32327563611042076,0.9837667894227692,1.2385978548476428,3.0
2022-08-25,1.2571585935243466,1.0,-0.6309269580648812,1.0,1.0
2022-08-28,-1.0073126517367228,1.0,-0.7475419081125573,1.0,1.0
2022-08-30,-0.143998654109424,1.0,-0.7475419081125573,1.0,1.0
2022-09-01,0.719315343517875,1.0,-0.7475419081125573,1.0,1.0
2022-09-02,-0.3206009295572833,1.0636935757716852,0.8009420767370024,0.2628756562633264,2.0
2022-09-05,0.18115977427135388,1.9819772687261032,-0.6297519259022031,0.16658019035356855,2.0
2022-09-06,0.16321788366791412,0.43446979431001786,-0.5936845723245595,0.21758713094197774,2.0
2022-09-07,0.07004427106845311,0.23650876566057072,0.22345758248687583,1.4236698996907282,3.0
2022-09-09,-1.1320691263261813,1.0,-0.4697577503737826,1.0,1.0
2022-09-12,1.3142566819463004,1.0,-0.4398272365365618,1.0,1.0
2022-09-14,1.0513630277753556,0.4923234188961842,0.48395028075333396,1.47634805892211,2.0
2022-09-15,-1.2030810780442658,1.3753484460035015,0.7551161420668556,1.8076373695332943,2.0
2022-09-19,-0.0720726053172887,0.8647465340820905,0.676130779650272,0.6611183967856964,3.0
2022-09-20,-0.6448659857453796,0.7139613684371707,-0.6013759913599586,0.10075037877936105,4.0
2022-09-21,-0.3932069405671509,0.4511721288151228,0.4649759457774098,1.4495142970621477,2.0
2022-09-22,-1.3773043650055654,1.0,-0.7475419081125573,1.0,1.0
2022-09-24,-1.0278334668434974,1.0,-0.35782574971477726,1.0,1.0
2022-09-25,-0.7345213703400786,0.6507983002043073,0.37514290817116036,1.8444774694763844,3.0
2022-09-26,-0.38784925035658185,1.3649242017862266,0.28854127512841565,1.4830330191930616,11.0
2022-09-27,-0.032177395220005,0.9486140154770859,0.10833683242752817,1.4625108418183215,11.0
2022-09-28,-0.2552872584398955,1.4495863080059266,-0.3416443403353908,0.42902857534172,13.0
2022-09-29,0.01796703814294698,0.6341744419394308,-0.17290909142485475,0.6416775107204611,25.0
2022-09-30,0.43310522778052557,0.5674278584121676,0.04315916032090843,1.1577004481853763,17.0
2022-10-01,0.8344717989002686,1.5475193669386953,-0.15437889520745451,0.5857578195135389,4.0
2022-10-02,0.6906590426602627,0.8524078143975146,1.0939609919234268,1.49330906017208,9.0
2022-10-03,-0.34919665825353885,0.6326059810731345,-0.15984892221446495,0.4980787027733845,5.0
2022-10-04,-0.07418512788380763,0.8866533523275115,0.2421798245469101,1.0330884153111028,21.0
2022-10-05,-0.05931329374479625,0.746226849584015,-0.22073506721912453,1.0767300703361802,12.0
2022-10-06,-0.3270247485428877,0.9989863644317575,0.17006888028312506,1.1154208618055317,22.0
2022-10-07,0.09237899457052356,0.5964173387914764,-0.16957077761316386,0.939478270196232,24.0
2022-10-08,-0.15999827982411322,0.7609819320793386,-0.356374009728359,0.4788440133386812,9.0
2022-10-09,-0.13837474601261537,0.9561517414884486,-0.19422735929090576,0.6498178587471873,18.0
2022-10-10,0.21532589353183748,1.0421114339383593,-0.19821661584189088,0.6550502492157321,41.0
2022-10-11,-0.07001921904562561,1.0507869113303203,-0.20143054901545196,0.7943143119908509,35.0
2022-10-12,0.2618544380857331,0.6705380963493904,-0.02602060187023755,1.3751853410256922,49.0
2022-10-13,0.2896207561205701,1.2875107282532867,0.3041231487071178,1.2535915332119372,43.0
2022-10-14,0.1326052705473776,1.0525805187003536,0.06087085087208608,1.0802432679946112,38.0
2022-10-15,0.23175600545855374,0.9576925987041615,0.007835186646869234,1.4953443385252372,22.0
2022-10-16,-0.21004060814304198,0.8902916792524469,0.2647287361057371,1.1202492168047111,15.0
2022-10-17,-0.12652397857846054,0.8509618108762915,0.12882912918617737,1.1970131616212347,36.0
2022-10-18,0.05935085440850257,1.116484431664009,0.10564798125381948,1.0492204389182682,59.0
2022-10-19,0.39698437311239504,0.9858495980734745,0.2943140680912786,1.1785327244291728,47.0
2022-10-20,0.26343426074552173,0.8443800961692305,-0.0970045150609691,0.8951724330228295,74.0
2022-10-21,0.031161884903271764,1.1642679299033103,0.018210234418023247,0.9499910164568183,59.0
2022-10-22,0.20078715744560172,0.7604208973938821,-0.08838847019028173,0.6791057868508052,40.0
2022-10-23,-0.009780666430949518,1.0483246525005099,-0.0895269265551791,0.890599726446848,26.0
2022-10-24,-0.0868836975948372,0.8664010804095048,0.05202246831263376,1.0344223449091834,45.0
2022-10-25,-0.009077510444512986,1.0332706452762825,0.03959102035774503,0.976680702004598,61.0
2022-10-26,0.04743217753539923,0.9112432556321365,-0.021512228406835015,1.1125138973310509,70.0
2022-10-27,-0.008310619294483767,1.0073893930231657,-0.02705514762790359,0.9960190599984213,60.0
2022-10-28,0.14506512660431442,0.6611281527013545,-0.05415621271489163,0.7561702911557698,54.0
2022-10-29,-0.22394935104756294,0.7637499476625214,-0.2138067851728315,0.6552396636771091,43.0
2022-10-30,0.062059065583343315,0.9157965909930166,-0.2653079796115816,0.8402614841342467,29.0
2022-10-31,0.2075391450785463,0.84166088396697,0.06174556683101731,1.0724576019993677,59.0
2022-11-01,0.22600735817616724,0.8684814697159646,0.10901953656498609,1.2425204269450136,47.0
2022-11-02,0.3623813868963647,1.0665805259904617,0.22364995001217164,1.257274260437304,75.0
2022-11-03,0.09552760131074473,0.8733395081888332,0.33794224046468446,1.106667242199965,58.0
2022-11-04,-0.16809624996151443,1.1536095833395037,0.0032903805083942953,1.1791302786720474,52.0
2022-11-05,0.04085849107076493,0.7499426105231572,0.33183229322494023,1.3234205228146192,41.0
2022-11-06,0.031185610181236216,0.889633897236686,0.10924725662843425,1.009068595571821,52.0
2022-11-07,0.15653683648678254,1.0540128428992603,0.2629908231410349,1.1053893063455076,69.0
2022-11-08,0.11184561787995757,0.9962655915492215,-0.04214648753099482,0.7794573236456684,85.0
2022-11-09,0.2093591299809042,0.8183923773167496,0.4791356539456277,1.260576733832567,73.0
2022-11-10,-0.13912552806272016,0.9575046217901085,0.14885252313009328,1.250179346212964,66.0
2022-11-11,-0.12148185623699757,0.8835599347775134,-0.0179933169123815,0.9262707989085952,88.0
2022-11-12,0.29514113115856083,0.88888439441708,0.2801466665302795,1.6804325173872325,21.0
2022-11-13,-0.20044534576416995,0.8057239176349384,-0.04548166491505486,0.7975894792790902,24.0
2022-11-14,0.18174578579940032,0.9109424319510727,-0.07201141662900362,0.9884305902696304,57.0
2022-11-15,0.18212376159652277,0.9377774547017789,0.18326043263493133,1.1138661750518455,71.0
2022-11-16,-0.09426566045626701,0.913478259959283,0.23115728227058296,1.149500839495905,62.0
2022-11-17,-0.15614447676574833,1.1685940634995864,0.154523709282657,1.0722503311951102,63.0
2022-11-18,0.3347425051592005,0.8584422399445676,0.07640359502675614,0.9731126692800091,95.0
2022-11-19,-0.35337795469502603,0.7704979327476735,0.06928259763482472,1.0438960326119726,28.0
2022-11-20,0.1627394684948309,1.0919240693185255,-0.0677774784650531,0.9272030573444746,27.0
2022-11-21,0.06934020525559238,0.9396262729113511,0.052684358184287426,1.1429840364131756,43.0
2022-11-22,0.0867414123083991,0.9679701947985542,-0.05404238369120555,0.7862406970565599,76.0
2022-11-23,0.015344627947007526,0.8821855119965786,0.09537406830867401,0.9848470668506294,93.0
2022-11-24,-0.018744147245548983,1.1180047562536073,-0.011648801257399576,0.9652298576677757,220.0
2022-11-25,0.18489428094660376,0.8764266082501895,0.05219810406462566,1.2801316470579909,75.0
2022-11-26,-0.027167790672907446,0.8764009807102454,0.20277483987363484,1.21595684543509,44.0
2022-11-27,-0.03311049129780675,0.7434375944437154,0.018834207080605906,0.7992564662685193,33.0
2022-11-28,0.1908955410115278,0.8721633744842178,0.01791048581105367,0.9486422602293989,44.0
2022-11-29,0.029177619118372324,0.7731630458546513,-0.023162600892576046,0.9569764803221503,88.0
2022-11-30,0.0801297719646032,0.9848510888822801,0.05328522035802268,1.0296410840193357,77.0
2022-12-01,0.1927090891626395,0.9225246591042535,-0.1359597613215498,0.6959763861683681,89.0
2022-12-02,0.0727895633729593,0.7278273129472238,-0.08295341382056962,0.9305700328017443,58.0
2022-12-03,-0.44305831370580434,1.0977730661382257,-0.138065181838726,0.7209062343832375,44.0
2022-12-04,0.0028592259234384997,0.8938314544843949,0.16198496702261317,1.2357478029697002,87.0
2022-12-05,0.010874028347088218,0.9596077498511814,-0.1887126314835473,0.6938532300394461,85.0
2022-12-06,0.1296788016818527,0.8620738373467688,0.04902534905099581,1.0042974903984652,41.0
2022-12-07,0.025029060202240192,0.991860747457862,-0.22184659484594432,0.6565856361824057,56.0
2022-12-08,-0.14971086032476455,0.9040372634498561,-0.31072243318846404,0.5509621284306175,69.0
2022-12-09,0.2554771721400874,1.0773696477047148,-0.13022159142125458,0.7286661286148318,90.0
2022-12-10,0.32204481065645385,0.9979142369411831,-0.2005068504574776,0.7109127164155232,32.0
2022-12-11,-0.19945782726870492,1.0762623304133243,0.33876393241045344,1.3251591371366318,65.0
2022-12-12,-0.08589011749637653,1.0861079830235192,0.06122471934429089,1.0118584044590617,83.0
2022-12-13,0.1659130224609272,0.7815750940805466,0.21162847587540748,1.2796034973744677,69.0
2022-12-14,0.011271130523710636,0.9629770435675401,-0.022193678296027305,0.9934116820871298,63.0
2022-12-15,0.10804312892752849,1.090636937397459,0.13541550033907057,1.0623866745401966,97.0
2022-12-16,0.351849091866807,0.8339506613945392,0.017995494615662157,1.044601290996218,78.0
2022-12-17,0.2495079659709564,0.8784757085749972,0.20290084498039712,1.0504908393757644,29.0
2022-12-18,-0.06339505391126586,0.9218772439263193,-0.12188124814732884,0.8959610945192629,25.0
2022-12-19,0.11927654599685611,1.0473695443528979,-0.22707428773513336,0.7451034915833055,59.0
2022-12-20,0.14379775038464251,1.1000840358828166,-0.0694711430686228,0.8590659217797033,78.0
2022-12-21,0.02356343547841927,0.8939349891816952,-0.23195439660020417,0.5783345497984717,82.0
2022-12-22,0.10945764832090712,1.1095881293428465,0.11510610099292222,1.0442362205216795,81.0
2022-12-23,0.045461935856968706,1.0361143381156797,-0.16400137532071582,0.8613324351569431,64.0
2022-12-24,0.19088738747584147,1.043473955609872,0.20402940627145044,1.051821970887976,28.0
2022-12-25,0.34703185369303624,1.051726685911007,0.29938831639351987,1.3356419385258516,38.0
2022-12-26,0.17007930157952117,0.8685064834777512,0.17905685498608354,0.960545858098243,36.0
2022-12-27,0.10255680165426019,0.8204104243684729,0.2706702975169683,1.1023082042446513,49.0
2022-12-28,0.12353175157692842,0.9767889081593649,0.0958767663942984,1.25971272200978,79.0
2022-12-29,0.06878888728662817,0.7085636398497196,0.19859410441757724,0.9753275673359559,48.0
2022-12-30,-0.06311643663795684,0.8074725389737024,0.10234289750188917,1.069967229654408,43.0
2022-12-31,-0.15097939082098577,0.8078855308259735,0.30852423518765404,1.1310711532547695,31.0
2023-01-01,0.3623732544028942,0.6294278206927325,-0.19795423643187762,0.7227465006620379,17.0
2023-01-02,0.10239625481837131,0.7506814434518719,0.36990157816800534,1.463533915603269,46.0
2023-01-03,0.13483263515250773,0.9524756627446672,0.08532082429519751,1.1542298524528194,86.0
2023-01-04,0.044255061002639005,0.9872025997988393,0.35076323396225983,1.0966898992471474,45.0
2023-01-05,0.12111102955614816,0.8880601417136713,-0.1434765937070546,0.7270376583057635,33.0
2023-01-06,0.149513094510584,0.9583764582773396,-0.025256629502091954,0.8317434264277866,39.0
2023-01-07,0.05489138158988862,0.8573096090301721,-0.061279900816757646,1.028569524264934,38.0
2023-01-08,-0.027743284771540307,0.9642766863337672,0.5254457259255039,1.8031342612429075,41.0
2023-01-09,-0.11876291292532726,0.9508590441927104,-0.18720808209433407,0.5542400476279141,29.0
2023-01-10,0.18090584193314532,1.185964106685089,-0.2855595573772276,0.49776206142813234,49.0
2023-01-11,0.01138336253976967,0.801249483648912,-0.06392804910011085,0.8749205955433673,46.0
2023-01-12,0.06472400310963024,0.7844990185882825,0.0008659433420978571,1.058115981926467,33.0
2023-01-13,-0.0053621555104776345,0.7517552919541011,0.5877033222251812,1.9239649654883537,38.0
2023-01-14,0.2289038086826434,0.9531419676960006,-0.05969311605174699,0.8048786476922206,23.0
2023-01-15,-0.19536368304371535,0.7529692116176425,-0.03446055044525824,1.2944422126246218,14.0
2023-01-16,0.12822167598778553,0.8037283371918255,0.07319708768831554,1.1925063002713556,33.0
2023-01-17,0.31742081172979003,0.8821427785871886,-0.09893497636601356,0.6755901262916225,46.0
2023-01-18,-0.02053243670756271,0.8006630589850986,-0.10555738027175636,0.9486236204042847,61.0
2023-01-19,0.08640171174661511,0.9345452770722006,0.011070152034852693,1.1836007377002002,58.0
2023-01-20,-0.024928349714929715,0.9404418248497843,-0.056195010890768914,0.9417672542619502,48.0
2023-01-21,-0.2825940177624279,1.0151327510706947,-0.09327792986518955,0.7618997169505892,28.0
2023-01-22,0.2504312833754818,1.0872043939621552,-0.14514880217755696,0.7221641484268579,51.0
2023-01-23,0.1605615690285475,1.0044890971305394,-0.15495076439649252,0.6457824298634823,36.0
2023-01-24,0.21894730290524195,0.9030372851112317,-0.14272679280882747,0.7231904535480785,28.0
2023-01-25,-0.10977778399305967,1.0479795006150285,0.08626098789840378,1.2277232830848313,47.0
2023-01-26,0.2858327586227868,0.9377104544483111,-0.065442263306905,0.8648724924974327,44.0
2023-01-27,0.04486454101679666,0.9574024151291115,0.4037317594850462,1.6525779894752122,40.0
2023-01-28,-0.1662001905025866,0.7815134126669048,-0.01133399473279544,0.8856598303694495,41.0
2023-01-29,0.07188679821029814,1.0805460355823326,-0.10291619116779607,0.9270275274585601,29.0
2023-01-30,-0.16821873447894137,1.1309342544160434,-0.2925619349065519,0.4357367009011142,63.0
2023-01-31,0.14022930318503982,0.8002983256080345,0.3324959393016369,1.2986332651998798,43.0
2023-02-01,0.1928441150760184,0.5766130302212057,0.005531635326282649,1.10990816686822,39.0
2023-02-02,0.29933159321089575,0.9016253092058839,0.004148814021877787,0.8199565699371346,80.0
2023-02-03,0.19645236737039656,1.1724896303848487,-0.053610344350694554,0.9204816354327038,32.0
2023-02-04,0.14738724240623893,0.8054242147817877,-0.12684450845365786,0.6369088356383772,40.0
2023-02-05,0.27225350104603974,0.5400622264668649,-0.16108579090711345,0.9598886958687598,18.0
2023-02-06,-0.11004408118733439,1.1882205824365193,0.3069568739199484,1.185576219981899,22.0
2023-02-07,0.23358546898472352,0.9321897503371855,0.36661257024147176,1.344042546269456,45.0
2023-02-08,0.10880508488179345,0.9381651535232263,0.04005065754041614,1.1556017584366458,49.0
2023-02-09,-0.18769323282583558,0.8452282137318223,0.05868293119044169,1.1437387099026015,58.0
2023-02-10,0.1982042089378302,0.7102012726025997,0.1114735764147507,1.0861552648313444,73.0
2023-02-11,-0.38545781031101284,0.6856890995292821,-0.20168928402611966,0.8360307504153214,17.0
2023-02-12,-0.4354752021020266,1.0986957923146499,-0.4244728652132734,0.10819486844121194,8.0
2023-02-13,-0.13660971357973514,0.7610659301621496,0.4478402249325355,1.6029562885339184,24.0
2023-02-14,-0.12175476033109428,0.805077843371257,0.3937282746954586,1.4536211080377652,47.0
2023-02-15,0.31910052643152126,0.9314513188862747,-0.00817016158080993,0.7280978912639091,29.0
2023-02-16,-0.3119898262472857,0.709341379949299,0.14046874929079356,1.1496969886984267,56.0
2023-02-17,0.06276246133660515,0.9137014643034537,0.2270440759823963,1.2249907222594119,41.0
2023-02-18,0.010179369759256244,0.9314439796829486,-0.20787600239457787,0.5223226143949884,26.0
2023-02-19,-0.032199636282364025,1.154799520958054,-0.1035509378388244,0.9649938181274288,54.0
2023-02-20,0.23231338046213176,1.0050487439785172,-0.21124510206334707,0.602315543446249,112.0
2023-02-21,0.019863345594720107,1.103336713882595,-0.09726737781876797,0.8408969738977262,103.0
2023-02-22,-0.003453080221787277,0.8923089917092101,0.2512852330572076,1.203669039477613,86.0
2023-02-23,-0.031910311395863755,0.9687785415567993,0.4163577843868177,1.5083980091938325,33.0
2023-02-24,0.10359674830115019,0.8177865188112597,-0.04201856389904535,1.0756111503324643,51.0
2023-02-25,-0.020255336898522717,0.6707047902642157,0.08334729185095487,1.130918608632042,52.0
2023-02-26,0.01610159442697022,1.1771902175310087,-0.2804524488648372,0.774467801855591,15.0
2023-02-27,0.040643070936941514,0.8385866647765207,-0.08191297098962991,0.8182524021713741,46.0
2023-02-28,-0.200500872652506,0.6640817815147196,0.054434032096258994,0.9264854111778964,41.0
2023-03-01,0.014968729083646319,0.8981414310829919,-0.10247904369149295,0.8163379733734992,32.0
2023-03-02,0.17529085310997683,0.9389490133714428,-0.08642267286682871,0.9267871830719728,75.0
2023-03-03,-0.12885711991750926,0.8833852199423844,0.17054358192273236,1.3027911234021838,35.0
2023-03-04,-0.19859713740315033,0.9371086472068766,-0.031145028390452068,0.9585315421485459,38.0
2023-03-05,-0.09433572442777965,1.3107606438052957,-0.27162986641450915,0.47077875558848753,16.0
2023-03-06,0.14582863205994998,1.0804943321683933,0.00018174423766761927,0.7799527357039938,50.0
2023-03-07,0.03811244582180556,0.9828822507522047,0.04817669421255364,1.0702610345576975,71.0
2023-03-08,-0.23295999490370095,0.8769525338360692,0.06640863822971849,0.8956244113488779,34.0
2023-03-09,-0.12647743787184976,1.093603834346755,-0.09168806333645116,0.7705712100564804,54.0
2023-03-10,0.32205502517776075,0.7183900074283521,-0.20472564565067686,0.6821706523442934,75.0
2023-03-11,0.09029345794860184,0.7563053617311651,0.18066057399035368,1.8350692342076587,18.0
2023-03-12,0.0010749287562285606,0.889415884440785,0.10330903732724317,1.1386200876299861,33.0
2023-03-13,0.016062562336347418,1.0292954897057414,0.09916285763404743,1.0158211819522178,35.0
2023-03-14,-0.15879805509857736,1.0243350095784505,-0.30726145976600167,0.6243833837413598,60.0
2023-03-15,-0.05673664441204858,1.131505343475795,0.04071338496164208,0.9275211023651513,45.0
2023-03-16,0.12867645645035608,0.8820959312596044,-0.14363803769157735,0.6675271343924906,64.0
2023-03-17,0.17964341376983362,0.6860262446736295,-0.28158906471743445,0.4630418632039535,41.0
2023-03-18,0.2247871275303047,1.060276438748632,-0.1715637322579775,0.6682420229969305,46.0
2023-03-19,0.2274804498423088,1.0223346576982835,-0.04555667599738214,1.0362532317569257,43.0
2023-03-20,0.2447751708967331,0.9562989670554198,-0.03644838804800123,0.9475797582212317,35.0
2023-03-21,0.34609399181434114,0.9891403387800476,-0.12433886988242275,0.6315642564338342,65.0
2023-03-22,-0.08448450632033896,0.9652478696941152,-0.215255956691155,0.6562274954492159,39.0
2023-03-23,-0.07569257666027848,0.8594735575352308,0.0005400504038420692,0.9458537985307822,64.0
2023-03-24,0.030485659175770497,1.1359484471557895,-0.062056427500815976,0.6998846601281495,42.0
2023-03-25,0.22039773986786437,1.0047818998450595,-0.14920611724121796,0.5876452054594151,55.0
2023-03-26,-0.003189573172497668,0.8550092471218594,-0.2058140803050189,0.6839264840973744,55.0
2023-03-27,0.13247371425148446,0.9241129198969047,-0.07684021476614603,0.813628666042212,34.0
2023-03-28,0.21089931716030422,0.6017731856733595,-0.060731993255026435,0.795132170262542,19.0
2023-03-29,0.2230098154849171,1.0024505698954804,0.3602883038916264,1.2152747920043094,36.0
2023-03-30,0.11951009980801883,1.0863035037969488,-0.0880484229639811,0.9568207606101313,51.0
2023-03-31,0.062336633532381516,0.8915942056264952,0.12140518424425129,1.075266739506605,49.0
2023-04-01,-0.17400877005138113,0.8690226202959677,-0.2941622520422088,0.5778806522394487,44.0
2023-04-02,-0.03150756198916945,1.107676000640772,-0.23596051695161968,0.451952288653746,20.0
2023-04-03,-0.033781409544414456,0.8920405530978401,-0.07154085698127134,0.8686466715755983,39.0
2023-04-04,-0.06702946364333388,1.034581034388922,0.08193177028588185,0.9588839765939718,31.0
2023-04-05,0.28611485934646474,0.9038218527809284,0.2729893554052844,1.7187682667423774,63.0
2023-04-06,-0.119979846595946,0.9697677056845877,-0.14181611088301077,0.8448109213145628,41.0
2023-04-07,0.1276881931258972,0.9359681971378128,-0.06846959187669141,0.8421501174596282,60.0
2023-04-08,-0.044599701818304624,0.8065278340695183,0.033632816595417024,0.8713699119810657,38.0
2023-04-09,0.023656495475629064,0.8101530503724492,-0.3684014633102776,0.476714099544395,28.0
2023-04-10,-0.2079958194982942,0.9457246550393906,0.4196029541948284,1.5542660405890605,32.0
2023-04-11,-0.1411454732796199,0.8187793317733164,-0.07728837237481902,0.6921058425690568,42.0
2023-04-12,-0.19166282377389454,0.9885313817401449,-0.3373819082878678,0.343321570001839,25.0
2023-04-13,-0.15256286556911453,0.775440196627185,-0.0647533979999527,1.0825275664113598,69.0
2023-04-14,0.31791602257185914,1.0415977367857598,0.1395898116387164,1.1458472961795847,67.0
2023-04-15,0.07599031207562579,1.0170154820379356,0.07265989578122549,1.0569595850103937,30.0
2023-04-16,-0.03094378003377211,1.1238869906856894,-0.2321048246978073,0.5811651980945637,42.0
2023-04-17,-0.1408657591931674,1.0364819909250829,-0.09162899776220161,0.8223428788826769,53.0
2023-04-18,-0.3698033212986805,1.0849256785734211,-0.13380385123199307,0.7632717388102841,52.0
2023-04-19,0.20575269851146966,0.9597187812070012,-0.09536499970032952,0.9287437253331287,30.0
2023-04-20,0.07864652714025118,0.9167919562753094,-0.07348423110925426,0.7957510154170233,40.0
2023-04-21,-0.024915478169131765,0.7814470017951616,-0.23998812602632613,0.5693281852320428,37.0
2023-04-22,0.20202316918202143,0.7908434892692833,-0.1315573361937754,0.7891525681274308,19.0
2023-04-23,-0.21247115227513644,0.9573964253529469,0.22636143291330943,1.3171272662062792,25.0
2023-04-24,0.0368452520683251,0.908016272072507,0.5811481677124986,1.4224819613769617,37.0
2023-04-25,-0.038286716145895974,0.9793463909131779,0.038027401072506475,0.8570761068597083,41.0
2023-04-26,0.368286342604562,0.7023681522099251,-0.1405202350036966,0.9139887478203615,42.0
2023-04-27,0.03828531984609508,0.9826569437688029,0.01747783067455319,0.9148223369486937,58.0
2023-04-28,0.0676245519498746,0.7589825140868521,-0.11311278150853181,0.8838072880638516,37.0
2023-04-29,0.3373861502084266,1.0125356235428151,0.30414757616855803,0.9867099182207985,18.0
2023-04-30,0.08756753540170997,1.1504147997854504,-0.1313407822929351,0.7246324163930404,29.0
2023-05-01,0.4328223056982193,1.3183245764000835,-0.2752719746970334,0.5562251305948398,24.0
2023-05-02,0.09664253731223642,0.8542933487337196,0.32019969235941087,1.0772593768075285,40.0
2023-05-03,0.12008521021708565,0.7735846195187682,-0.017119039540562823,1.0712460522221452,33.0
2023-05-04,0.2276965001694632,0.7898088094812369,-0.011611494324770577,0.9693962419668525,70.0
2023-05-05,-0.1509376601572399,1.0960437960330602,-0.14798784329861753,0.9029880062008103,110.0
2023-05-06,-0.24372183902471842,0.9526070146396858,-0.12096540511958957,0.6988650099394739,24.0
2023-05-07,-0.18262116524964722,0.8081196062839621,0.17107297450204323,1.3217489043101889,21.0
2023-05-08,-0.12819265751261513,1.162327835696953,-0.1189758606586816,0.8685040910974976,51.0
2023-05-09,0.14961231032948058,1.2109347214612494,-0.264916846188286,0.5227084366658039,67.0
2023-05-10,0.014437093659742594,0.9502717304423628,-0.18650962899306484,0.7410246811317998,63.0
2023-05-11,0.13218410585125168,1.0890276929392966,-0.06520291854713214,0.8716848027587568,51.0
2023-05-12,0.043565953138601565,0.8992724741949859,-0.1939870920241969,0.7955172240243144,71.0
2023-05-13,0.26152075475957676,0.9429058380632765,-0.30206499960342803,0.46309471925975676,38.0
2023-05-14,0.03389343530248893,1.0089669462212922,0.2656103476761974,1.1164940569567263,45.0
2023-05-15,0.02920193132489297,0.7673046208913727,-0.15792894346277467,0.6802822586648126,50.0
2023-05-16,0.12289574102611354,0.8592960526840021,0.07869165814887187,1.0171203497223678,29.0
2023-05-17,-0.06029070706593158,0.9420451015620684,-0.024336719791810235,0.8132559138187049,45.0
2023-05-18,-0.004520565391999991,1.0065904445439755,-0.0930682650766092,1.4421384689160084,29.0
2023-05-19,0.32514314846648945,0.6854381973451166,0.16304224466288486,1.2812544835436082,47.0
2023-05-20,0.016825819046692867,0.9493360804102119,-0.22936888058583363,0.7460734312710345,54.0
2023-05-21,-0.04128999005087273,0.8114033398655651,-0.004517162247944127,1.1840896289045495,41.0
2023-05-22,0.24778173337989964,0.9718450247012935,0.05097644007456921,1.004990387592967,44.0
2023-05-23,0.07752210848194811,0.9329341076753219,-0.08960038430809664,0.903270073092164,47.0
2023-05-24,-0.005541826001061945,0.9558593882915815,0.05796582542702613,0.9770292263354774,61.0
2023-05-25,0.24889378464075998,0.8434644713058285,-0.11930706943430716,0.8745682895913768,71.0
2023-05-26,0.053398257411184175,1.0249121503608787,-0.21558859921029244,0.656715390326612,63.0
2023-05-27,0.2563263695783351,0.7985602152997779,0.06322801852015164,0.9318184502651258,25.0
2023-05-28,-0.21704201637849938,1.0981482011656079,0.23170340451606639,1.1906178468595023,28.0
2023-05-29,0.10657960597827777,0.7798571107564836,0.12575576085420168,0.9732184474620703,15.0
2023-05-30,0.15584573868900206,1.0704595374482417,0.018467694872742375,1.1232346693757604,72.0
2023-05-31,0.25255610506955295,0.8145956419901391,-0.033586142459179895,0.978834324223223,51.0
2023-06-01,0.1493013792894635,0.996837588786776,-0.05253000936183695,0.7258013050299014,47.0
2023-06-02,-0.18117813252132986,0.838574308142717,-0.02974667294458334,0.7605386050069033,49.0
2023-06-03,0.055136038933052266,0.9198225179980665,0.23678555392263656,1.3993682338324678,37.0
2023-06-04,0.022104373235827326,1.2523016533775766,-0.14204990801790443,0.7532898150881409,19.0
2023-06-05,0.13349946339012014,0.7167628619482923,-0.16805704359025522,0.6960183362831155,63.0
2023-06-06,0.23974915062270288,0.640822398388857,-0.21553182257293965,0.4993419332680896,25.0
2023-06-07,-0.12135466088541151,0.9633245400956215,0.15453467640426607,1.1191154164090913,50.0
2023-06-08,0.043244927265132745,1.0729425697387436,0.0085389408168448,1.0355593085059906,76.0
2023-06-09,0.017129658762276838,0.8949219460232519,-0.06142745587910175,0.956330951359156,49.0
2023-06-10,0.1561432342089107,0.6253798853042142,-0.08603751472897694,1.0269813705189597,17.0
2023-06-11,-0.22660665714235312,1.097915264839604,-0.1739322523003455,0.7490750181919484,22.0
2023-06-12,0.20820944961359727,0.8410702803975654,-0.08314363003365934,0.7602192117233116,71.0
2023-06-13,-0.012594725446037916,0.9762498210954362,-0.18375320170737383,0.6885149310661993,61.0
2023-06-14,0.1425355394510008,1.0176343930268708,0.1892067108146269,1.3768600658668253,43.0
2023-06-15,0.32210142264243546,0.865966975379974,-0.10635303687663533,0.9361013775621931,71.0
2023-06-16,-0.046978476956259,1.0774451173865234,-0.08411261954783343,0.7674331900794924,54.0
2023-06-17,0.11821700545732806,1.198052785567237,0.35912070976178595,1.503730743881086,32.0
2023-06-18,0.26545380541911356,0.8975798685756077,-0.011276085040414045,1.041128764739596,18.0
2023-06-19,0.10380249886023972,0.7015372967861079,-0.28001125657525544,0.47565181592947553,24.0
2023-06-20,-0.0814331869890499,1.0273265118329526,0.1251937115834772,1.1354481613195055,52.0
2023-06-21,-0.06975579471879471,0.830543544959026,-0.20203989982952975,0.6717102884161276,59.0
2023-06-22,-0.06748028420179211,1.003305584710092,0.28711201855192897,1.2914630307381663,32.0
2023-06-23,0.4838553038133417,0.967557256591866,-0.17105060649934545,0.6965718390195652,54.0
2023-06-24,-0.11319562238497205,0.9273165644730151,-0.298922191356713,0.539056538548303,40.0
2023-06-25,0.19333618591631402,0.8625046553476664,0.0017406132896348064,0.8130077345719242,19.0
2023-06-26,-0.006283644647146105,0.8048191921128538,-0.11603899289499785,0.8451748494193998,52.0
2023-06-27,0.06091724873702381,0.6163765724263325,-0.16480691950841164,0.6996182425179902,39.0
2023-06-28,0.2612785107756075,0.8886237866596127,-0.13506092096680847,0.9251947761617139,50.0
2023-06-29,-0.2580344852603637,0.8167926630173763,-0.07675009709573014,0.773735310858542,36.0
2023-06-30,0.09717522015441708,0.9364572039336284,0.13367021864903,1.2535448201929016,30.0
2023-07-01,-0.30734548073537915,1.034018742041539,-0.10149013647801389,0.8003406500372386,38.0
2023-07-02,0.047602748939905445,0.9958265021326865,0.29672417249753874,1.1547449465409516,29.0
2023-07-03,0.08770935070506725,0.8275184798292691,0.07017269902915607,1.1501303777280472,57.0
2023-07-04,0.13806048950636152,0.9938492034503271,-0.011345919908207255,1.2547132693575815,68.0
2023-07-05,-0.15570759834654876,0.9464867127059514,-0.00469054537984575,0.946450827346234,43.0
2023-07-06,-0.0569785693896218,0.8136314529964579,0.21515359430364167,1.0560374991540586,70.0
2023-07-07,0.013068318443154085,0.9452657765666674,0.08969133799533152,1.0994336501429138,41.0
2023-07-08,0.31773496023393427,0.971275807097034,0.14319401223579964,1.060150078772553,24.0
2023-07-09,-0.02978126798896341,0.9362886589446957,0.054549746039333956,1.1471298788336763,23.0
2023-07-10,0.24258582352858465,0.9200613683628471,0.09970840735457871,1.3262931982182864,43.0
2023-07-11,0.2852629163635297,0.9695535928642476,-0.24007834019417215,0.7071260747778586,47.0
2023-07-12,0.1696818095616955,0.9997751566541129,-0.01646905354612293,0.9713878200317632,55.0
2023-07-13,0.10111138543819632,1.0023689231804118,-0.27896756685371027,0.48412456355131706,39.0
2023-07-14,0.045856508175358086,0.7044717029675782,0.19857555748838038,1.2194065313596087,57.0
2023-07-15,0.017486156200948483,0.9143870343069437,0.4723374037134036,1.39982611273375,20.0
2023-07-16,-0.3255248890025275,0.8772611625288015,-0.037355998836102466,0.8916871544850531,32.0
2023-07-17,0.1414481235445376,0.8162135347367603,-0.035566485862735996,1.061332964261232,45.0
2023-07-18,0.22524942105971338,0.9661009811552377,0.3047910007836739,1.2002420200791089,41.0
2023-07-19,0.11612959595481324,0.9072551986012308,-0.09394169067242567,0.7668355952693066,44.0
2023-07-20,0.1539220036467092,0.8610781719078211,-0.13313300857457847,0.830881576122479,24.0
2023-07-21,0.04721327813355093,0.855101265969986,0.3923124910616682,1.1252542301500823,31.0
2023-07-22,-0.14913154817511345,1.3963722060869634,-0.3436417508024801,0.4481627119063103,30.0
2023-07-23,0.15660959181462897,0.9659359513963571,0.28541863936570894,1.3978383135494794,16.0
2023-07-24,-0.08049240940187931,0.9345139532375535,0.11019534186149377,1.2794427510016282,30.0
2023-07-25,0.20604491436824324,0.9846745772015122,-0.09132038077910822,0.6583687942622056,55.0
2023-07-26,-0.046436593040216904,0.9123907600942186,0.16685056970684464,1.0786607509499841,39.0
2023-07-27,-0.21460212752036112,1.3664332616425245,-0.006882836230865842,0.9387886713359219,47.0
2023-07-28,0.09289810603332968,0.893184620101406,0.12072220047987717,1.0412623790550792,53.0
2023-07-29,-0.2688924109099152,1.0702529746930285,-0.1047880122988921,0.9095662868687968,44.0
2023-07-30,0.0120356449986184,0.8984399398492624,0.023041481760263237,1.2241107115096515,25.0
2023-07-31,0.17153142877791586,0.8788590784956679,0.055037610004460794,1.0990573766211797,64.0
2023-08-01,-0.05806009451938634,1.1113928532915298,-0.07693182832830943,0.8724400953162778,34.0
2023-08-02,-0.172671959282499,0.6932639351825817,-0.03777675623011678,0.7058709180182821,21.0
2023-08-03,0.24415322908085965,0.9363582535777165,0.02940493855536709,1.0638344843254994,45.0
2023-08-04,-0.01987726033128208,0.7570949629540625,0.04982637851327463,0.8633316498410109,21.0
2023-08-05,0.06248553345474866,0.8774293122430141,-0.13344542642737361,0.774002405279962,31.0
2023-08-06,-0.04869246466404377,0.6309186612673601,0.08717318863572816,1.1137558991033185,18.0
2023-08-07,-0.7564885190311605,1.3836823898779091,-0.2649712631349295,0.5762896122540457,27.0
2023-08-08,-0.14482507372711725,0.7381670449548328,-0.16691988553852694,0.6711034130954039,28.0
2023-08-09,0.06874567503957135,0.7228366001449613,-0.0755522805041243,0.9043940671038005,46.0
2023-08-10,0.01754655641516573,0.7282388884314452,-0.21274172142197156,0.5782456356456154,40.0
2023-08-11,-0.15249337753582587,0.9297839168113851,0.0677982882555144,1.0261046812205161,72.0
2023-08-12,-0.032573621046561516,0.8557957047441103,-0.24747773079477367,0.5522215867716915,34.0
2023-08-13,0.06140758256605065,0.8879825275025077,0.15101957370931354,1.3133084049223778,32.0
2023-08-14,0.03143755309208015,0.9574306187492159,-0.010675319303310176,0.9348607719815253,67.0
2023-08-15,-0.15609671448745158,0.7179271063311713,-0.021146938940452494,1.1113233764073938,27.0
2023-08-16,0.14445297108543179,0.838101357083638,-0.199454317086376,0.5919276479697057,37.0
2023-08-17,0.1996164822080946,1.0577902697453694,0.47780367476272373,1.3895457418081485,44.0
2023-08-18,0.14272589533170157,0.9458121731952126,-0.17118393587599254,0.7180743575449886,41.0
2023-08-19,0.3638167016486657,1.2384220975494964,-0.40912557341906636,0.10525222561171135,14.0
2023-08-20,-0.11788762124620704,0.7856306986521417,-0.21248852853403194,0.4641443044368183,23.0
2023-08-21,-0.053836488138029964,1.1075190267659047,-0.12892736454122142,0.6472359299785839,34.0
2023-08-22,0.1773043582561892,0.9356096710694815,-0.13161900130241236,0.8633998308405654,39.0
2023-08-23,-0.030512823522600294,1.0489299434135826,-0.015447448425396006,0.8805642769462894,32.0
2023-08-24,-0.1662966087034261,0.9807411382289833,-0.009945210447672544,0.9345315078705498,55.0
2023-08-25,0.006080477551400159,0.5858640682021659,-0.042349289968585356,0.9833394554507614,40.0
2023-08-26,-0.30236559389007284,1.1443694695942472,0.2311057985263942,1.2445025171636328,17.0
2023-08-27,-0.4976916084171608,1.2289653743634796,-0.23756508457357248,0.6379673402731927,27.0
2023-08-28,-0.13102695222678773,0.6209561210855168,0.1554974618000474,1.1799016849316428,24.0
2023-08-29,0.0534052360277415,1.0556286231083187,0.142465423200083,0.9534810616044118,25.0
2023-08-30,0.038805617870383724,0.675965839413534,-0.006494619240929348,1.1530200407224662,29.0
2023-08-31,0.19425320861860226,1.0580469606651048,-0.3220968872099314,0.614674116627164,33.0
2023-09-01,0.2673058792605045,0.6371317853837425,0.17100934029699508,1.0584172976789123,21.0
2023-09-02,0.3166590044568066,0.8310786863203125,-0.06403158484234624,0.8025148905732288,16.0
2023-09-03,0.011647696357215302,0.5861730332400966,0.04500650365372465,1.03829805699742,37.0
2023-09-04,0.40756249256899346,1.026145914388983,0.08477858736531305,1.2255891702952768,34.0
2023-09-05,0.0778380525987185,0.887716000498929,0.8180444773722816,1.9605913844478453,35.0
2023-09-06,0.30599104115096426,0.8754096901992798,0.0325510414354467,0.988763481534879,38.0
2023-09-07,-0.3590260715449742,1.0749818364100057,-0.09330451313037054,0.9469206990206033,30.0
2023-09-08,-0.19652807086671564,0.8604734588212387,0.2695721889171701,1.1831744668705373,69.0
2023-09-09,0.06348693462844422,0.9369755499239184,0.050706458623714666,1.0982436322618958,61.0
2023-09-10,-0.20650091577815552,1.0344717511877706,0.07749385078686886,1.031288868133706,35.0
2023-09-11,0.0732422925151202,0.9260459446389003,-0.0677069356318625,0.9041258100863818,54.0
2023-09-12,0.12130050274416566,0.9828593264755157,-0.12728011420566623,0.7174392348902485,63.0
2023-09-13,0.06339498597721324,0.9072483659720922,-0.07876689721225519,0.8418087028281535,37.0
2023-09-14,0.09661017893307859,0.7483375887049516,-0.17059945813405575,0.6928601505103221,37.0
2023-09-15,0.3181116996968385,0.9304492149341574,0.034200506889013896,1.2382870952674239,44.0
2023-09-16,0.0793370976149214,0.8476846907006543,0.14765214413975974,1.2056865679501854,37.0
2023-09-17,-0.03419511923697132,0.7293275182425877,-0.18930380598792074,1.0573222531602022,42.0
2023-09-18,0.31150860312287837,0.9365361922861122,-0.035450959522578145,1.0125247983333763,15.0
2023-09-19,0.0018321880513396966,0.9631846588016699,-0.2754746052995615,0.5089284832671083,82.0
2023-09-20,-0.04530734476328662,0.7744071197149289,0.14164541064026284,1.3937406045101068,53.0
2023-09-21,-0.0072909780362953825,0.8491931315466656,-0.24212432343059737,0.7048467798634181,42.0
2023-09-22,0.23654812098357947,1.043919445740048,0.021405595970322634,0.9726805494104365,35.0
2023-09-23,-0.3127175448031579,1.4001617662141685,-0.1992338731127632,0.6981367161189267,17.0
2023-09-24,-0.14963245335875155,1.0701312600033792,-0.19998025458657193,0.6801642632390298,21.0
2023-09-25,-0.048650687431788846,1.036915506422074,-0.10958851780005219,0.7437864277852662,45.0
2023-09-26,0.13695776455514674,1.0061920226418752,-0.16058230686324973,0.8919728864921225,58.0
2023-09-27,0.07214386478555829,1.0779076964586334,0.1213249754581437,1.0948184725790513,59.0
2023-09-28,0.20182533615759274,0.8929242232825619,-0.08408466045829867,0.9040197909329588,49.0
2023-09-29,0.1562185456115781,0.7198474433993814,0.21386799556139532,1.185077213571934,36.0
2023-09-30,0.17793013867119575,1.0370489706250727,-0.13537733962863355,0.9552983909087207,28.0
2023-10-01,0.4666835583080736,0.486390094493409,0.2646745727210935,1.18801008907671,16.0
2023-10-02,-0.10281230703626942,0.8395967882264709,-0.08928827355475233,0.7838225244208985,23.0
2023-10-03,-0.02903737050476763,1.202323749866178,0.16907052406550846,1.146931985097958,15.0
2023-10-04,-0.10763537709179204,0.7896097997757876,-0.030222410553815228,1.167997878621405,37.0
2023-10-05,-0.07585951690406016,0.9876799700173378,-0.24628400253302213,0.4507671257087481,50.0
2023-10-06,-0.09891284934100934,0.8402370269180068,0.09719381840336089,0.9409623730039194,52.0
2023-10-07,0.12185983378942927,0.8589969581999772,-0.19376173451774545,0.5631400036713433,35.0
2023-10-08,0.10854233010821716,0.8100672508561771,0.2278294171964371,1.165060037847655,14.0
2023-10-09,0.01743504769585248,1.1006210014996436,0.14503756526753034,1.1662389824962505,24.0
2023-10-10,-0.0471450863845275,0.7541600744729167,0.4790612033078541,1.6818019617527746,37.0
2023-10-11,-0.06930314234642511,0.8631967282959536,0.20072138256624333,0.9621498166072299,28.0
2023-10-12,-0.026677618901004892,0.8065332768780845,-0.02144179079339026,0.9743761181219384,24.0
2023-10-13,-0.48216201451008406,1.2353201514782977,-0.22085743250201928,0.7612689123978666,36.0
2023-10-14,0.15501366981312256,1.1995094661834822,-0.02898273819420237,0.7332038531259288,27.0
2023-10-15,0.18294857539363424,0.739133216740509,0.08221308910650224,1.0644385915500407,25.0
2023-10-16,-0.09853615153126151,0.8773464186443073,-0.11884518213710375,0.6293081226486203,33.0
2023-10-17,-0.14973409846500912,0.7811943440137473,-0.32935965969049774,0.3010745951130597,15.0
2023-10-18,0.2980276477567293,0.9138880856214882,0.006033665153969039,0.9578330244539001,29.0
2023-10-19,-0.02272715107138301,0.836700991834089,-0.12378654473410053,0.6474336348828686,40.0
2023-10-20,0.014620139660865821,0.8022934326567658,0.21315227399484882,1.0900759580984491,29.0
2023-10-21,0.5650023049542746,1.0905042901165587,0.1329484919957036,1.0828769058597865,20.0
2023-10-22,0.19855831052804704,0.7057897539128257,-0.0004274880281883518,0.7175055706576656,11.0
2023-10-23,0.19244544980641048,1.0073594967677897,-0.106148906639668,0.7337333604658481,49.0
2023-10-24,-0.2982786161993845,0.8214938608963757,0.19570003000447747,1.4557583729331247,43.0
2023-10-25,-0.07734656247412577,0.8601959189908066,-0.07080088135852623,0.811098562883732,32.0
2023-10-26,0.38008523655288706,1.034203555779167,0.39338670744432985,1.2152207273575464,44.0
2023-10-27,0.05832081882586493,0.8485215063313538,0.15878537618077462,0.8880763626695454,41.0
2023-10-28,-0.13461727384472455,0.9592719746911674,0.23099519547104871,1.6217544686766674,23.0
2023-10-29,-0.16981839346335192,0.8651229381772628,1.2337509841586942,2.197997099646124,14.0
2023-10-30,-0.44678297881022827,1.1185961477513202,0.2828967057449472,1.2108132172269188,52.0
2023-10-31,-0.0673871761379056,0.9244344615764796,0.013884513952835922,0.9344947706538361,28.0
2023-11-01,-0.23733536262706117,0.9468730110454302,0.21564081161281964,1.0974488713337782,42.0
2023-11-02,-0.06341258070775127,1.0487961130812165,0.3175933957882968,1.2520648641617185,53.0
2023-11-03,-0.2060160260018254,1.1423428098129083,0.2518172219398663,1.2678618317084682,35.0
2023-11-04,-0.0554344740051658,1.0466836444230632,0.3560902068127796,1.630253795158342,13.0
2023-11-05,-0.023127048105106646,0.853620703655997,-0.003037741870828021,1.1095037691013612,35.0
2023-11-06,0.15516407936601095,1.381403459038295,-0.03790554069618385,1.1389510670491818,16.0
2023-11-07,0.11251605644418523,1.3603769015343832,0.2715985565434288,1.0482798784961562,26.0
2023-11-08,0.3460749607795543,0.960816608486935,0.1320757899937087,1.2184047995650409,54.0
2023-11-09,0.08420990452291109,0.8954421544204207,-0.16741887389832075,0.6256779154099877,21.0
2023-11-10,0.11758527781360524,0.8928554044318165,-0.06529207556142179,0.9062178634095985,38.0
2023-11-11,0.04238410088118986,1.296296048314027,0.6392925433361125,1.61802356149578,12.0
2023-11-12,-0.04222994289623352,1.245597033705703,0.0795517227810248,0.8415869871138427,16.0
2023-11-13,-0.04967915890976123,1.0740352246482472,0.18770986180517893,1.0853675990721527,48.0
2023-11-14,-0.14195706962829419,1.033750983973445,-0.00450634481117354,1.0431128143870592,43.0
2023-11-15,0.09785291855193828,1.035052260825988,0.08028548315288041,0.9649330659310629,57.0
2023-11-16,0.13630867751513892,0.8379996894606941,-0.044409965085745316,0.9009865914385519,35.0
2023-11-17,-0.0826490553641732,0.9995020973717962,0.013220487255418861,0.9200655279790548,35.0
2023-11-18,0.15210289902349922,1.064548662636028,0.07072034530899651,1.0249266444152711,21.0
2023-11-19,0.31015508093578187,0.8326287594069864,0.1595226061037795,0.9646745772124065,29.0
2023-11-20,-0.10382715098969797,1.1139791052278099,0.24067283521343674,1.0102107436831371,39.0
2023-11-21,0.02476034955352971,1.0451816182485987,-0.07877458287292062,0.7768212348119524,46.0
2023-11-22,0.24112532946696985,0.9128698131283156,-0.23883095524349218,0.4566201177178093,37.0
2023-11-23,-0.050388491274724626,1.1066760185915359,0.12569699197997672,1.280048327046692,47.0
2023-11-24,0.4064226875180114,1.0477861819744456,-0.04844713444261781,1.0724399785733025,23.0
2023-11-25,0.09262329187017071,1.0261893562917923,-0.23976430756085454,0.3628469850742517,21.0
2023-11-26,-0.25893617218019777,1.1835915970045305,0.41673443496376805,1.4002145146226188,28.0
2023-11-27,-0.24680152238617364,1.0218978199063922,0.12254367014610051,1.1237126140932596,29.0
2023-11-28,0.11085074744372227,1.0993803222497147,0.08474169120954414,1.315631468297947,43.0
2023-11-29,0.04422937743308889,0.890267806025592,0.1992514925362644,1.4887354231788161,49.0
2023-11-30,0.05109194630974472,1.0723118493408523,-0.06062450446461189,1.2947460268182098,30.0
2023-12-01,-0.13551186173137006,0.9946853078469864,0.28212991444907826,1.0834293465899703,37.0
2023-12-02,-0.04329479874278942,0.8616119261913755,0.2987354925692627,1.2560669977799304,31.0
2023-12-03,-0.1912341173474918,0.8402695417640893,0.2758057716854136,1.2470555301008752,16.0
2023-12-04,-0.17192165015476377,1.1032452540899567,0.7246705885797908,1.7280802575732646,23.0
2023-12-05,0.24277244831129138,0.9399885765080617,0.3443569917517256,1.3678524356528958,26.0
2023-12-06,0.0050347578572254095,1.0033392533169543,0.0714161882611489,0.9889601839861496,31.0
2023-12-07,0.2932289705473038,0.8034680394446148,0.30881835758205856,1.2487806150032645,41.0
2023-12-08,0.24159800093924633,1.1073227717225689,-0.2171194538381895,0.5654214307676492,31.0
2023-12-09,-0.1947586505632274,1.081643533830086,0.10406015503917046,1.3640657605645259,32.0
2023-12-10,0.45163717487212873,1.1531356166966191,-0.37393107993951247,0.285872912011131,20.0
2023-12-11,0.06816758231160111,0.9117946951855996,0.3027011523012561,1.3950221874961894,41.0
2023-12-12,0.07372214248195305,1.035517050540669,-0.36989452493484454,0.2849358225975722,20.0
2023-12-13,0.38457118969763276,0.8959480638364178,0.2267196888401813,1.2764435291524863,37.0
2023-12-14,0.4254455000487355,0.8546958650263716,0.096104272561005,1.0869709800675338,67.0
2023-12-15,0.04179697370179644,0.8488517652023208,-0.05179508830274058,0.8207474221967566,48.0
2023-12-16,-0.031933277554952316,0.7399678304364725,-0.4868689659852378,0.12375535847748784,8.0
2023-12-17,-0.16777878558559062,0.6612205579042739,-0.011059849914993761,0.897221057849022,28.0
2023-12-18,0.211296643681134,0.8552013600151575,-0.18969129567822607,0.542749179746858,18.0
2023-12-19,-0.01454137683925069,0.6587646236893089,0.012584071414196188,1.1078225071748793,31.0
2023-12-20,0.2002039622112612,1.079169319551259,0.22787694902392347,1.1146913868698998,27.0
2023-12-21,0.23078779151341897,0.7991616865806829,-0.18614083593654904,0.5944368967444873,26.0
2023-12-22,0.030305052517771054,1.0491152674820325,0.44614614731843166,1.5573552365884626,17.0
2023-12-23,-0.06672782632756334,0.8011248743796135,-0.09234759224118566,0.7119085682549374,39.0
2023-12-24,0.06133027518112363,0.9874350141902991,1.0383248531278872,1.5928330732842935,15.0
2023-12-25,-0.24249725539999126,1.649867228817774,-0.0024025636969066707,1.0114690017854924,18.0
2023-12-26,0.3476648713294745,1.3071504589332539,0.12623490449901864,1.399666057004515,28.0
2023-12-27,-0.0006450844242896417,0.8261584897017179,-0.02344263060956981,0.8862940414973726,41.0
2023-12-28,-0.21892631156792486,1.017297013068446,0.0925088948987727,1.0774504301362287,51.0
2023-12-29,0.4186109984464184,1.2145790933025455,0.3196712078297237,1.145069159859759,47.0
2023-12-30,0.3938689965709316,0.8054092909831233,-0.1942207721910758,0.771645369942944,24.0
2023-12-31,-0.20747898980797208,1.1274164581661978,0.2525149264891103,1.2860851938735587,20.0
2024-01-01,0.06401712212523654,1.1689000471433306,0.09793247121405875,1.104572537567374,12.0
2024-01-02,0.0405073685445701,1.0123713329870367,0.3186286029568792,1.1666288090393269,31.0
2024-01-03,0.07570044681202412,0.8595367709120094,0.11938896866940532,1.081950296812296,54.0
2024-01-04,0.0248200079598406,0.9402860489982814,0.07458071634572228,1.0684095922225552,39.0
2024-01-05,-0.048950931615902,0.5814458919474482,0.2568596352296683,1.1425453889151866,18.0
2024-01-06,-0.14199194631090142,1.0055118821454876,0.18909822630328205,1.0582312147956865,22.0
2024-01-07,-0.13872035109219844,0.8146722991084903,0.15852488975894463,1.0624650502469397,14.0
2024-01-08,-0.05633666916957326,1.5895900665298903,0.5347973911151174,1.551386770147122,8.0
2024-01-09,-0.3259546913461013,1.021183362228764,0.09470070062389702,1.0740109518072822,49.0
2024-01-10,-0.41870755898601036,0.988064472024207,-0.26367572402814093,0.42171623418317344,29.0
2024-01-11,-0.1700311558889745,0.8655916967963014,0.19357818466621612,1.1279559342954406,20.0
2024-01-12,-0.15414242188275337,0.8238022350222398,-0.18329450044850898,0.7492778368864972,46.0
2024-01-13,-0.06652419398948697,0.5182173315081468,-0.18094532830848484,0.7157139517183848,18.0
2024-01-14,0.035282407195954726,1.2709495635486854,0.2051433776744434,0.8711917994003471,20.0
2024-01-15,0.325409637671235,0.9790181762175685,-0.03951533993189365,0.7558771773416297,17.0
2024-01-16,-0.08324281339422346,0.9979885260600695,0.004184636008613709,1.116920102211398,25.0
2024-01-17,-0.34403760663932964,1.2336445129566795,-0.10877840724694304,0.7039158603628757,22.0
2024-01-18,0.28907981863452015,0.7983756812930262,0.21895816870856402,1.0313769489968037,26.0
2024-01-19,0.04239261535838391,1.2237568558610081,0.16214754382032426,0.8606186449648373,19.0
2024-01-20,-0.18942590109848834,1.211875857754608,0.08537831833234664,1.2196979952640215,30.0
2024-01-21,-0.1548394959760281,1.1179141836940043,-0.0740480241086963,0.9064422184002465,21.0
2024-01-22,-0.013484236468178028,1.4440243973491138,0.3797877491585046,1.0894460280721165,23.0
2024-01-23,-0.16286096801363714,1.1361100254008407,-0.004730401120002031,0.9027539450034038,36.0
2024-01-24,-0.09544208148912671,0.676725234986788,-0.005278388070295603,0.8431582001845567,17.0
2024-01-25,-0.12261747132298534,0.7719562022616295,0.10385923524599479,1.2093327884488527,25.0
2024-01-26,-0.0380507322968147,0.5329881892491538,-0.11456599537202818,0.9187305837344745,23.0
2024-01-27,0.1381261766937567,0.8912067898597953,0.4273946392281947,1.613044219023263,9.0
2024-01-28,0.23668786901835387,0.9236691041931634,-0.1441364697007662,0.5548765703829058,5.0
2024-01-29,-0.011850408898967282,1.072734155708701,0.11591881104000382,1.248234957011106,34.0
2024-01-30,0.11439596169472083,1.0010308776933772,0.14013521197548334,1.3323291863686406,29.0
2024-01-31,0.07293023814387338,0.7886036701521776,0.007773713080376576,0.8189585446091345,33.0
2024-02-01,0.12405759652066022,1.072041382127957,0.31882908161204904,1.2634162311414199,24.0
2024-02-02,0.11698882817906836,0.758677474855486,0.20814369873920746,0.9636834607560063,13.0
2024-02-03,0.2756641282145031,0.6014839233666346,-0.014631519914844278,0.7809401577525037,28.0
2024-02-04,0.09770838009811282,0.86740891641348,-0.32269497703387506,0.5882243755866371,12.0
2024-02-05,-0.3417507189114345,1.307192495848341,-0.06947831282630713,0.9739315975592647,16.0
2024-02-06,-0.17448125983694807,0.9279898034477118,0.6009229924517298,1.398222862351711,24.0
2024-02-07,0.14781447951392582,0.9072934304456814,-0.3760338939742307,0.31207856396113354,23.0
2024-02-08,0.20465511735157998,1.1939400533640778,-0.08892921503003763,0.7416584640955448,16.0
2024-02-09,-0.09850947072679474,0.9353174956658971,-0.01253749530531077,0.9103025311426809,41.0
2024-02-10,-0.14697336897063462,1.2754118568426411,0.500142671335256,2.0346648156162352,9.0
2024-02-11,0.3185713154453425,1.2566719148201102,-0.34076457166479335,0.16650616965663445,16.0
2024-02-12,0.272897613291363,0.6117553306007301,0.32549503869231355,1.3203430810900685,32.0
2024-02-13,-0.023004040087235982,0.9797874237214704,-0.1475181325205607,0.7714931849179787,52.0
2024-02-14,0.05853154718020868,0.8053213480612578,-0.21383169299303786,0.6862630058866707,28.0
2024-02-15,0.06434945789933366,1.1866181861623069,-0.1358769275627727,0.5525927054503568,24.0
2024-02-16,-0.39056151115529164,1.2139072418028285,0.12264035941096044,1.1698369745786723,27.0
2024-02-17,0.033991501996369786,1.0646867703991472,-0.052671154539349875,0.8085417197643169,20.0
2024-02-18,0.009567648527158192,0.998618708424725,-0.15490685832171516,0.6758547680069961,31.0
2024-02-19,-0.0997246116093047,1.0374408485799242,0.08487319201063992,1.2578935264533402,38.0
2024-02-20,-0.0043485988737380025,1.112687490949105,-0.11209834674723095,0.7774023241817809,29.0
2024-02-21,-0.0680813716525612,0.7740882382051967,0.11522785254445234,1.0373316664711736,25.0
2024-02-22,0.23689562107761997,1.1928056085563918,0.005575050353885161,0.9309918041996644,43.0
2024-02-23,0.033381012691204325,1.1801877906541856,-0.26876544343647135,0.454030056403465,25.0
2024-02-24,0.108266128619945,0.9835660250526931,0.06230857634193197,0.9883031497995839,37.0
2024-02-25,0.005024834755533938,1.0079881837712852,0.13628601857137637,1.093828568235785,26.0
2024-02-26,-0.08438432700116846,0.8596105046463788,-0.04352426478892377,0.7450653761058665,27.0
2024-02-27,-0.21655649527215332,0.7992770088484275,-0.04906416324709301,0.7297790656758886,21.0
2024-02-28,0.239661914655249,1.0035163861016911,0.08417407143516291,1.007901402407003,38.0
2024-02-29,0.19097424688931772,1.1982591100090842,-0.19020718586122554,0.5984632227740915,20.0
2024-03-01,0.35264461394887436,1.1069275342402096,-0.07640535893747441,0.70759096137248,25.0
2024-03-02,-1.037012120463271,1.348078121084343,0.041278378338368095,0.762517504130003,12.0
2024-03-03,-0.58168538233949,0.8453928481898546,0.11295118958205491,0.9700203881344278,11.0
2024-03-04,0.10626287476815359,1.1170885426287969,0.04757709521296295,0.922124495226373,29.0
2024-03-05,0.17916917059417414,0.8807345927519189,0.19925017409940615,1.203181735624385,24.0
2024-03-06,-0.28663005112095413,1.0048794558011813,-0.15431747000341386,0.8244313037180983,25.0
2024-03-07,0.11542974166406907,0.9701714704874618,-0.08760516782250446,0.7659560529171212,33.0
2024-03-08,0.21683254388580508,0.9548591200500737,-0.07842173573339574,0.7213455714122926,17.0
2024-03-09,0.4105371769352243,1.3205583483950167,-0.1462380684533013,0.7122630126202908,8.0
2024-03-10,0.6675036339698541,0.5898321699999605,0.13499857838553367,1.0123995947861255,8.0
2024-03-11,0.4321271919255652,0.9244714135745007,-0.07367596023970481,0.769983028001469,14.0
2024-03-12,0.09944010676253787,0.7486237138471623,0.10723740084381973,1.7734665928059081,27.0
2024-03-13,-0.11626112437303422,1.0370380271377457,-0.09820442860008209,0.6920729375021478,48.0
2024-03-14,-0.07509683534334823,1.0545803778750091,-0.12770362123910609,0.776687929197811,34.0
2024-03-15,-0.19768523551096825,1.0882642583137607,-0.2289886518157765,0.5987142843493954,45.0
2024-03-16,-0.30199897527491293,0.9633130625613097,0.12423557017245423,1.226802599707763,46.0
2024-03-17,0.4786116279972627,0.8883681137868416,0.04188647247556029,0.9858646241017383,24.0
2024-03-18,0.09904127831474555,1.2941305706911144,0.1654892880533367,1.4462329353672383,28.0
2024-03-19,0.5600367416221999,1.2597345454468183,-0.17541700333169882,0.6327405412634484,23.0
2024-03-20,0.10005262003237073,1.1612183280788195,-0.11505162619696052,0.8628811151297632,30.0
2024-03-21,-0.10567441810558921,0.7206194520780111,0.6850216941355143,1.7221486858645372,24.0
2024-03-22,0.1297604630300839,1.0952909412444536,0.0642108197384366,1.014738821849103,45.0
2024-03-23,-0.27178326505191003,1.0361907091982503,0.2613120099881174,1.1589665665483166,32.0
2024-03-24,-0.07083326445641992,0.9790428386499676,0.040074243171115374,1.1927884598496612,31.0
2024-03-25,-0.00022542188427685623,0.8435621250420148,-0.03277854603009079,1.0205560186362317,21.0
2024-03-26,0.013234831858877388,0.7200042542627697,-0.1042182123539219,0.724954577795658,40.0
2024-03-27,-0.060646820296197355,0.7786557578686162,-0.05473939795189063,1.046910698912849,28.0
2024-03-28,0.3647626097657307,1.2700074135757151,0.16731575296742288,1.1024331119783788,29.0
2024-03-29,0.07404713543947032,1.14783528265748,-0.0178861386279229,0.8973445101188237,24.0
2024-03-30,0.25251742362872703,0.8549986253989433,-0.22528772408979175,0.5655921326432004,32.0
2024-03-31,-0.8007303894871811,1.2323677506273758,0.06769556870373564,0.9177515040288121,15.0
2024-04-01,0.17078576494784597,0.8468435342082432,-0.0859554788498092,0.9166585042190706,26.0
2024-04-02,0.034035801561925,1.0418756626546322,-0.194873733335901,0.6167371633290728,27.0
2024-04-03,-0.07414880513910589,1.124588076937804,-0.04760014718183,0.869159099146829,40.0
2024-04-04,-0.18600879318066232,0.9730410748764179,0.0414555452923224,1.088870757579889,25.0
2024-04-05,-0.165314890144955,0.851332429044317,-0.0184232271696447,0.9496571280467087,24.0
2024-04-06,-0.2043985716076555,1.0422936632420239,-0.04244201681588119,0.7833108453567238,29.0
2024-04-07,0.07619551811309229,0.9635155743223627,-0.07360660593260665,0.9043753823858722,39.0
2024-04-08,-0.2384151817815305,1.0058644231021234,-0.021726318751674228,1.5606576901867304,34.0
2024-04-09,0.15687523359502512,1.0164679400575123,-0.25602784894828456,0.6070656544776958,44.0
2024-04-10,0.08598235033586406,1.1967634166077539,0.28288027076718636,1.1110130510651612,19.0
2024-04-11,-0.06653099989688152,1.071042090792996,-0.0456026525147993,0.9681075721987006,75.0
2024-04-12,0.20279948349959895,0.7832326905804109,0.06988479839224951,1.2015896520811191,52.0
2024-04-13,-0.07603013779485629,0.9399357341722362,-0.07684095297364572,0.8464630759665831,18.0
2024-04-14,0.21997240325622136,0.8454396980155595,-0.09269065973247997,0.6307465763102236,50.0
2024-04-15,0.004349484137517869,0.9297537243328382,-0.00880194556000088,0.8972829411588511,50.0
2024-04-16,0.02285489580471866,1.0218472659085407,0.15650775540294798,1.362085877161478,53.0
2024-04-17,-0.03203076600698896,0.8423932801208189,0.1416760026482624,0.906490920878705,33.0
2024-04-18,0.04615631999443014,0.7139866716762079,-0.07065213547630782,0.7259672380938592,53.0
2024-04-19,-0.11717153266191253,1.1176834838978498,0.2705616177708164,1.0255186804866414,39.0
2024-04-20,0.1869199742353109,1.06309052254467,0.2501187996291536,1.258403387941734,23.0
2024-04-21,0.10022846792478082,0.805414752717167,0.1735726691349343,0.8370782703143593,19.0
2024-04-22,0.18842979842857743,0.8481562771511176,0.3897583897725372,1.158454293780468,35.0
2024-04-23,0.06899329269740859,0.914973063837769,0.22216562134680987,1.193901629761561,31.0
2024-04-24,0.33995340256717266,0.9737676887704396,0.09079449397284524,1.0380935013382464,39.0
2024-04-25,-0.354749868969451,1.0385200715667402,0.040218124997838806,0.9105541773035751,15.0
2024-04-26,0.1393970105461575,0.9831235291960699,-0.0314144340904911,0.8420924928906751,42.0
2024-04-27,-0.22735992732243906,0.8218140740276846,-0.06529398632395415,0.7373910838829716,38.0
2024-04-28,0.39842800254255584,1.8697332366320993,-0.03287331229744117,0.9352457048612085,11.0
2024-04-29,0.02520755747186179,0.9509993870238214,-0.14099023168923824,0.9480727793995272,74.0
2024-04-30,0.0017911376790383851,0.7761509980506193,0.8543062543359933,1.5655279607524732,19.0
2024-05-01,-0.16545569787802883,0.939481340834085,-0.3035415847101725,0.3819574098267993,34.0
2024-05-02,0.04361110064720911,1.1652471375131366,-0.03616846707594017,0.9163195238712236,63.0
2024-05-03,0.057825728236801474,1.0780663138168796,-0.200325949849613,0.7076327655619771,52.0
2024-05-04,-0.31002224762156544,1.1584913557790866,-0.10580675851866178,0.9359785603287925,39.0
2024-05-05,-0.2078504113064329,1.0310778700148682,-0.11860602961693828,1.014297635874114,44.0
2024-05-06,0.15871928024373733,0.8472874960420117,0.43137282335253174,1.3873339273810679,40.0
2024-05-07,-0.43313635688310465,1.1976693218418986,-0.2271822612600787,0.6136072096436472,29.0
2024-05-08,-0.37676535803793326,1.0361042249466543,-0.2930429762617069,0.4917890272901211,36.0
2024-05-09,-0.2188005956598141,1.288509798382277,-0.44426146222134566,0.09973956772666959,17.0
2024-05-10,0.06237518571648578,0.9355254120788331,-0.1385850224174694,0.7490518082795631,19.0
2024-05-11,0.03799330351859728,1.2393201159823644,0.08342209134901252,1.3259483848601772,18.0
2024-05-12,-0.16596396139288727,0.8011173875973177,0.18222071968207224,1.0387236812707958,23.0
2024-05-13,-0.05497083671121214,1.5309096945849014,0.012866403976038054,1.0863707945931997,25.0
2024-05-14,-0.30995414029077384,1.1121643107400714,0.04798397876743837,1.264860744601507,45.0
2024-05-15,0.013897770496163775,0.9973158339162435,-0.030446492941795328,1.2265861835342209,34.0
2024-05-16,0.4048741341492952,0.9031023212164258,0.002973345838525288,0.8931797397554058,37.0
2024-05-17,-0.068949538673185,1.074184794987521,0.31602794839355486,1.069609669308298,28.0
2024-05-18,-0.04679355436013363,0.818334996959225,-0.35194498334252144,0.3599636550185823,32.0
2024-05-19,-0.07268311465775122,0.7119664634684753,-0.17972132397358953,0.648673973576065,41.0
2024-05-20,0.18176023292398838,0.9483026947668367,-0.18820357799064974,0.6941601350455866,16.0
2024-05-21,-0.06354044817160133,0.8691872389084674,-0.13201796307085378,0.6775060712830968,49.0
2024-05-22,-0.055295286855070895,1.122298660085556,-0.04505880903072582,0.9048478396873014,54.0
2024-05-23,0.19675137541911755,1.1154451327066361,0.23756508572114327,1.1362294526090477,30.0
2024-05-24,0.09235180038470946,0.7433066141338459,0.37449028980835775,1.6692124125406966,29.0
2024-05-25,0.15161436565075478,1.2544194814758485,-0.28141163162452504,0.43478270168702776,12.0
2024-05-26,-0.04248394174543932,1.1754737244178408,-0.04025002652904666,0.889178815698227,16.0
2024-05-27,-0.11923802908712915,0.9337983709103398,-0.17823463089561795,0.5982097983524853,49.0
2024-05-28,-0.014024384222183158,1.0545689900630884,-0.11657622830405777,0.8173072168817599,56.0
2024-05-29,0.2547132915046261,0.6272647078933047,0.3101243883609082,1.1632052100997343,34.0
2024-05-30,-0.559297955404381,1.1537041876653806,-0.13201211023074008,0.722645533868506,24.0
2024-05-31,0.11357351210906576,1.0624064173151408,0.23043290055762597,1.2852118057560262,91.0
2024-06-01,-0.25258942024030684,1.2081536801988084,-0.06825607816956503,0.8420614031397058,20.0
2024-06-02,0.3976191511623553,1.3356277306194997,-0.1808881439357536,0.8873445891595823,18.0
2024-06-03,-0.2002306134496547,1.0222084231523108,-0.2353418154734946,0.5686126924966244,31.0
2024-06-04,0.20539123419787458,0.8153769410456696,-0.11184609199749063,0.8166855353943356,45.0
2024-06-05,-0.28248205445572344,1.3149330229545475,-0.28924849881733333,0.5109760551032473,24.0
2024-06-06,0.396447837913782,0.7520094614638163,-0.014223990811855868,1.0420747760961777,18.0
2024-06-07,0.08280922295696082,1.1234500743773645,-0.1814417784478583,0.8056514082124244,56.0
2024-06-08,-0.08554994903855177,0.9314472320848509,0.2678497597742527,0.9616839381381022,16.0
2024-06-09,0.23280054458916444,0.8570634468908978,-0.2330465655856465,0.7056795906407209,43.0
2024-06-10,0.2545521103958144,0.816762543897008,0.026083214871755064,0.8522096875120972,18.0
2024-06-11,0.03155337847418499,0.8958151924252968,-0.09726021531613768,0.9744015765726106,78.0
2024-06-12,0.12335483943841646,0.8429554453782244,-0.13486348636776618,0.8271312259586528,34.0
2024-06-13,0.28706468886205433,0.7262049405761042,0.09423565059499034,1.0484665612250457,29.0
2024-06-14,0.11028128486496339,0.8969787239930403,-0.15513414853831575,0.7932474726377318,70.0
2024-06-15,-0.1510803021477871,0.9940474946360404,-0.2027368575370073,0.7356423812869511,48.0
2024-06-16,-0.2699541453095552,0.8820304536748618,0.24761414238325719,1.2752948227410303,22.0
2024-06-17,0.1479465378309818,1.2050799411360738,-0.02189947352738353,0.7898585158211423,24.0
2024-06-18,-0.014636042485458156,0.7793237308217376,0.012695882799748209,0.8123589558704393,20.0
2024-06-19,-0.006388386698210507,0.9703479319319598,-0.055752801975051995,0.9043830250902961,56.0
2024-06-20,-0.1590838291508438,0.9870811512864959,-0.13874268455552355,0.7165720008245043,54.0
2024-06-21,0.007812880114705125,1.180356843795103,0.09039279437570792,1.2645317629901047,33.0
2024-06-22,-0.6007191493292199,1.0112989969133186,-0.02919626310112994,1.1016343930079084,29.0
2024-06-23,-0.11661111671251558,1.2909858246813357,-0.028416287045930737,0.827235161830108,9.0
2024-06-24,0.0928285020455911,0.9717859851013257,0.012716170856495953,0.8114665934685206,16.0
2024-06-25,-0.002792736955713527,0.9764084298986834,-0.15094691189333476,0.8129767454531954,36.0
2024-06-26,-0.10283910551351468,1.0964119467062035,0.19781640367112788,1.031132756082874,22.0
2024-06-27,0.050022330449858675,0.8067684550304713,-0.4094087068612591,0.10946749452280254,16.0
2024-06-28,-0.12604122313690538,0.910548945922056,0.24397272646172388,1.1441625100523423,45.0
2024-06-29,0.12015969721292782,0.9539392521899718,-0.14850673218146082,0.7891275479544664,22.0
2024-06-30,0.07019349652437121,0.9825852458092631,-0.21361397927555062,0.6026854676144533,28.0
2024-07-01,0.27025021064695703,0.9590038339010613,-0.12116351323310867,0.7291428632999765,55.0
2024-07-02,0.4415289577281109,0.936778453467651,-0.2706709487894131,0.9717578197767766,23.0
2024-07-03,0.21142131482612778,0.902654594401376,0.030367624296243526,0.9297993665912615,15.0
2024-07-04,-0.29211616819087033,0.8859241154714046,-0.1029163759000998,0.5516434262477811,19.0
2024-07-05,0.07899628245585186,1.0788369589710969,-0.3328649165452949,0.37443916652228965,24.0
2024-07-06,0.38456930053051025,1.062493568020315,-0.10600602613676671,0.648890617497043,42.0
2024-07-07,0.002874800515088099,0.9606760117640766,0.022358560369212997,1.1366834638345522,44.0
2024-07-08,-0.18483721584139193,1.0409025038075022,0.03757931956231248,0.8297247972320839,45.0
2024-07-09,0.09224717925090574,1.007573450184487,0.1428421802064826,1.1714781273155517,82.0
2024-07-10,-0.07092717135523487,0.8828978518483708,-0.017937614762014102,1.090617171248466,22.0
2024-07-11,0.2396565641569545,1.0494935478367198,-0.29943370058290764,0.47201803849020185,62.0
2024-07-12,-0.21018029621109574,1.3490289067525036,-0.031613901979970785,0.788351128506203,34.0
2024-07-13,-0.6381141374778714,1.0111930118127654,0.40516792350086406,1.1859691840234425,34.0
2024-07-14,-0.09388195868835927,1.2596408080113684,-0.17682790900725917,0.6379527243744323,28.0
2024-07-15,0.12607224838591105,0.9346986183211196,-0.24475468929868585,0.7575976495285932,28.0
2024-07-16,0.2408348461848396,0.8539757185483565,-0.15525394426131034,0.8889634876806618,19.0
2024-07-17,0.03987260509767964,1.5290492178522772,0.0802754693672815,1.6613617776365506,25.0
2024-07-18,0.10370640925361477,1.0503480155693556,-0.05325229659119523,1.1075866670356314,31.0
2024-07-19,-0.2928042660778868,1.3652878139297024,-0.30234945174687006,0.4260269337457474,35.0
2024-07-20,0.27781882331481506,0.9750894508125298,-0.09466343168045087,0.9091270217216929,22.0
2024-07-21,-0.7462289169741653,1.2114169814871556,-0.03164595370635533,0.9356421607313374,12.0
2024-07-22,-0.17111395185255537,0.852991773968013,-0.23700262556384177,0.6990695789978072,46.0
2024-07-23,0.023973902242136427,0.9987862556694097,0.4158250473406922,1.8349958683571044,35.0
2024-07-24,-0.17055903975936276,0.913200479746509,-0.35747640296198663,0.3687281381761131,58.0
2024-07-25,-0.10713628362856677,0.9124937788289956,-0.24141740299762535,0.5090581753175185,55.0
2024-07-26,0.31523727750702285,1.0674057125869096,-0.08385093874934052,0.9176400548192466,45.0
2024-07-27,-0.12560387515227478,0.9809484368309682,0.16136835969031268,1.2990592363257571,22.0
2024-07-28,-0.12632513312355742,1.2320614094763453,0.4726129031253406,1.7458987687909888,13.0
2024-07-29,0.1023852733475538,0.9585188709208764,-0.43618636396479654,0.1611381315186397,33.0
2024-07-30,0.1371132153571644,0.7147428910660091,0.023696488989730972,0.9402650317942801,51.0
2024-07-31,0.07571678514464157,1.061108262307662,0.05403562095847453,0.9509644214345853,53.0
2024-08-01,0.33899527881698593,1.1815229600932893,-0.1802781453001428,0.7483684603476979,23.0
2024-08-02,0.1739175694273312,1.1897884172662603,0.014659772522833556,0.9598704841571898,29.0
2024-08-03,-0.09523944395687783,1.2028543305566852,-0.22594370417215048,0.5228166661556553,11.0
2024-08-04,-0.07131181576011787,0.8255615986575966,-0.2995222613439207,0.41367569525357656,27.0
2024-08-05,-0.05176273773393066,1.0339461105348993,0.21235709245076004,1.3718681122796725,35.0
2024-08-06,-0.014207346367618926,1.2596410654920216,-0.27098941786151487,0.5933506737765591,36.0
2024-08-07,0.04822825128025598,1.0238094942031541,-0.22812728246336653,0.8120714285922895,46.0
2024-08-08,0.14720714242087105,0.8092331587941096,-0.021665758297656695,1.255557138018177,38.0
2024-08-09,0.06860878888592786,1.2841256901897113,-0.014345189183830093,0.8379714757977493,24.0
2024-08-10,-0.10198771972175073,1.0288804973420556,0.03641174311858429,1.17219078665581,20.0
2024-08-11,-0.3811522852284847,1.0566234153813527,-0.2765640509595002,0.787352122411788,32.0
2024-08-12,-0.11563025139003029,1.0280397343836234,-0.18689867352852244,0.726097267620579,48.0
2024-08-13,0.18952227147859516,0.9425030360503267,-0.18720463025362033,0.5878967427057377,28.0
2024-08-14,-0.062324353412639436,1.1354974400038425,-0.38470977034800213,0.07589946248669062,26.0
2024-08-15,0.0489636580109102,0.8339151037149712,-0.12021630147017749,1.1375766352307637,50.0
2024-08-16,-0.19241528196493235,0.9850598770304855,-0.08027263209044627,0.8293443989716918,31.0
2024-08-17,0.03008996376090481,0.9020841459634702,0.2628721917263608,1.4170663446997707,58.0
2024-08-18,0.23122828803871834,0.834709018178918,-0.3189564024139219,0.47207557677454365,31.0
2024-08-19,0.011971645155326859,1.2907807745644981,-0.1236214333104208,0.9152469827828542,51.0
2024-08-20,0.2007196478281274,0.8964130320621755,0.23730138198396106,1.8339540486216859,20.0
2024-08-21,0.100526705800142,0.9791431453693875,-0.14797121721599213,0.8324837132923806,32.0
2024-08-22,0.17312887140305228,1.048710015145703,-0.11053928286186793,0.903949002662064,22.0
2024-08-23,-0.4108127708349479,1.2550755863331697,-0.048809431268580755,0.7517096087268283,27.0
2024-08-24,-0.18504309904232696,0.809715673995578,-0.049269420244802874,0.7740885803856355,18.0
2024-08-25,0.09800965783695878,0.6219601104058042,0.6649319504150466,1.7086846809268597,17.0
2024-08-26,-0.016376217463733935,1.1913054652102195,0.4034003554328046,1.867752352445047,31.0
2024-08-27,-0.16744357031123,0.9409918120287011,0.16077209048171628,1.163724499559922,35.0
2024-08-28,-0.3441335056700105,0.9559852027357431,0.15084359958205162,1.1264461382403272,29.0
2024-08-29,0.14238558920632108,0.84201665509612,0.07009488774767662,0.9639215842899672,51.0
2024-08-30,-0.17297699320077783,1.0704593265139004,0.023929431818127893,0.9107198960551058,41.0
2024-08-31,-0.018684147594240724,1.1041544081467434,0.42993664183436464,1.3143971538190167,18.0
2024-09-01,-0.3354160874331616,1.2585818338956511,0.1805532096964439,1.4033947629828871,21.0
2024-09-02,-0.3237602019568615,1.0788777729444987,-0.2424849831984939,0.4696142956379021,19.0
2024-09-03,0.15100983682332764,1.0173549711109255,-0.03746028575988973,0.801407046031381,40.0
2024-09-04,-0.14021897801193603,1.0839556853548098,-0.130248952286368,0.6271225676197182,41.0
2024-09-05,-0.11265420601512281,0.9400066341410654,-0.1814053520144241,0.6291229881349035,53.0
2024-09-06,0.12192913577592451,1.170023362905264,-0.08697328795749348,0.7626669890911378,49.0
2024-09-07,-0.7346866737743322,1.288789337628709,-0.006880209479467359,0.9681560799883857,18.0
2024-09-08,-0.14853126860917024,1.0681427268348784,-0.19623582225565037,0.6312815257328375,36.0
2024-09-09,-0.08673475492171283,1.197890369209354,-0.16713962168767135,0.9509052551360158,17.0
2024-09-10,0.06370022497025209,1.1248423961616882,0.0961316452137595,1.164589147879376,30.0
2024-09-11,0.04854647827170416,0.9861656916529031,0.028095989518920037,1.101196205605098,31.0
2024-09-12,0.31463745942002086,1.1817973099892811,-0.11551013695602376,0.9151791054670131,39.0
2024-09-13,0.13811945582394122,1.1835924682278007,-0.07858408135008127,0.8504636016931617,44.0
2024-09-14,0.11286341743233473,1.1544104900095622,-0.46491459910080446,0.03518571158048672,7.0
2024-09-15,0.2680885029248422,0.733718939149453,0.607325098100522,2.009701580333112,8.0
2024-09-16,-0.003671394415554199,0.7536659064437898,0.21564886999097954,1.2925134492992845,24.0
2024-09-17,-0.09043429149932207,1.716869415155202,0.4620140529158145,1.531780609307321,12.0
2024-09-18,0.3337099812774251,1.150744497119394,-0.12830823789474433,0.8239608511945284,18.0
2024-09-19,0.16962452431018704,1.210591131501334,-0.01073649680787632,0.8889370310279522,66.0
2024-09-20,0.2029214634263184,0.9553589658669458,0.05269402429576488,0.9545012755064696,52.0
2024-09-21,-0.410622538077152,0.8613037578064685,0.01857572729036969,0.9030182433543354,36.0
2024-09-22,0.00650334115425489,0.4871125299788361,-0.28817860030623227,0.24918554330080148,21.0
2024-09-23,-0.03975250628509258,0.9021211620863929,-0.05787396501913569,0.8806369402817378,32.0
2024-09-24,0.05404977194776979,0.9426806235826891,-0.044244328227178525,0.8367557116627684,63.0
2024-09-25,-0.14016415901596854,0.9347802237707902,-0.09869303704611923,0.7541037346957538,53.0
2024-09-26,0.11881627578485258,1.0435215838423872,-0.2907879712993573,0.3508181730477839,23.0
2024-09-27,-0.09305986779185478,0.9434165462668637,-0.2721366559241063,0.5184834361480777,57.0
2024-09-28,-0.31689472347526115,0.7883618213532969,-0.4063670325429739,0.09006570557362799,13.0
2024-09-29,-0.15791733435931712,1.0577496465975285,-0.10583486114438753,0.9185465835973483,32.0
2024-09-30,-0.036872089690361855,0.837180136276448,-0.010837206631610375,1.0779997353709376,33.0
2024-10-01,-0.22017657577583313,1.1635018630061518,0.03299816152828826,1.1117229482138207,47.0
2024-10-02,-0.04644784244901901,0.9823926234990988,-0.22249289703730743,0.6283552872875758,51.0
2024-10-03,0.03342155106064962,0.9707884522280478,-0.33373837871355816,0.4361029746380219,32.0
2024-10-04,0.033703035890090174,0.8157347314029726,-0.020829456565873906,0.996572738090412,56.0
2024-10-05,-0.549064847528584,0.9715815326358003,-0.3659515113615427,0.2594251554377473,26.0
2024-10-06,0.5496240952404802,0.917946192502315,-0.16899813723761012,0.6254411890742582,22.0
2024-10-07,-0.009359414467237622,1.1008032300100208,0.5922366988758667,1.1317484290203763,15.0
2024-10-08,-0.17142186973378168,0.986333842217281,0.7001850414961708,2.127130589888755,26.0
2024-10-09,0.531219194398562,0.7996204831804732,-0.09146280094050455,0.9824353330076211,28.0
2024-10-10,0.010093570399738367,1.1075717754652423,0.06389898610827316,0.9515591288880381,43.0
2024-10-11,0.3889688167950575,0.9510348449068027,0.28682898657032146,1.1812367293262538,37.0
2024-10-12,0.2410021006456099,0.901415402485775,-0.18294280175475008,0.47751207471302426,16.0
2024-10-13,-0.15204196660473385,0.8684786762094496,0.007253490972548503,0.9347722671440446,23.0
2024-10-14,-0.13368045831827105,0.8500499228505773,-0.1055541817079466,0.9298069653797426,59.0
2024-10-15,0.10959102769861559,0.8708657518691655,-0.07012869427399988,0.6791338869870194,42.0
2024-10-16,-0.1460998217422268,1.0649515694572909,-0.2695338570649956,0.5168882478958052,64.0
2024-10-17,0.06801918923623071,0.8517132355494115,0.1745467476655762,0.9974945750210188,32.0
2024-10-18,0.3281625171316324,1.0829515413136752,-0.24783675112004,0.5230969788343512,22.0
2024-10-19,-0.49043058427011055,1.0278046085751027,-0.025098850314170876,0.8228603163217827,31.0
2024-10-20,0.15205980967072646,1.1346917859339203,-0.09224626075893483,0.6668956217806826,21.0
2024-10-21,0.008550249165209634,0.6485351559714778,0.26909026256020663,1.3371486954173093,53.0
2024-10-22,0.23484573077466736,0.9413284598664614,-0.30035850309766904,0.5117287775135444,37.0
2024-10-23,0.016077959718731678,0.9374309297749345,0.10620233682991458,1.1891763346119224,78.0
2024-10-24,-0.06111207711935589,1.215033662217934,-0.3409046968056893,0.2142126015036172,25.0
2024-10-25,0.11445877701920233,0.9237515199089519,-0.16956911789798365,0.6774115907581244,54.0
2024-10-26,0.2521528183542891,0.9849968783197283,-0.32489980553552184,0.45527643226671943,34.0
2024-10-27,-0.1778802017188828,0.8319912722837641,0.36018655754935364,1.1592413587123656,18.0
2024-10-28,-0.14305390364068335,0.916748055913864,-0.18768301833511622,0.7956544826626071,51.0
2024-10-29,-0.022537480409646118,0.8627322174667728,0.1461222734316185,1.2676298892923816,49.0
2024-10-30,-0.18566375841970228,0.928491271072134,-0.1834486990422371,0.6269449228891207,49.0
2024-10-31,-0.1251834817009104,0.8752523375992116,-0.2195702390088789,0.5730400439186453,45.0
2024-11-01,0.4892809831923637,0.9830318909542608,0.2326002384974259,1.270787350696153,18.0
2024-11-02,-0.3776292693663147,1.6628052222102239,-0.3512823998362924,0.0478232595532973,9.0
2024-11-03,0.03133062167993657,1.6122912729182923,-0.002460296067632051,0.8879057473132412,15.0
2024-11-04,0.09416162315034299,0.9767434074921783,-0.01775725549434255,0.9072504344968162,38.0
2024-11-05,-0.022693362575651004,0.8209782916388066,-0.17225296163587647,0.5897286439233212,31.0
2024-11-06,0.239017163923054,0.7964056013666531,0.2917880559291092,1.5580902669370449,26.0
2024-11-07,0.2008652447589076,1.2292493695027642,-0.3143229173778512,0.5452596081721006,19.0
2024-11-08,-0.14216993604134798,1.0032756809945693,0.47678811510048663,1.5505305853295388,41.0
2024-11-09,-0.04092005666999855,0.7178239528907607,0.442967111702955,1.4003743443738097,28.0
2024-11-10,-0.33715264685502677,0.7114857068809118,-0.07746498654777298,0.8434193606794448,21.0
2024-11-11,0.3317037462577863,1.0051505309075073,-0.13059832505532779,0.4980507326199964,20.0
2024-11-12,0.21085779945579824,0.9992596708746238,-0.013949496642949349,0.8063171106308304,38.0
2024-11-13,-0.15781419271692584,0.8224140618673985,0.12468779326805496,1.4149432897636776,15.0
2024-11-14,0.24344249289644893,0.7203459229465052,-0.14864734711205188,0.7034437464193588,27.0
2024-11-15,0.07673157653174105,1.0585128591939783,0.16547816292542455,1.0379767688459567,34.0
2024-11-16,-0.09926966373354541,1.03639858637929,0.2258697723620974,1.1503760452798288,31.0
2024-11-17,0.17426129303800672,1.0971706997481896,-0.17076763738311576,0.7932373741812765,35.0
2024-11-18,-0.05247550061396544,1.04434573287294,-0.21864731633285392,0.6495294545215502,100.0
2024-11-19,0.02347325203290145,0.9720285880847529,-0.14331279047112244,0.814576881989017,40.0
2024-11-20,-0.13694067194817955,1.08230265726095,0.055226090430613044,1.0491015324320025,45.0
2024-11-21,0.28862558570844976,0.6780969931732937,-0.07608980500406316,0.821117236254321,36.0
2024-11-22,-0.31753323853251175,1.109746223937809,0.20435094544500043,1.228501375205551,54.0
2024-11-23,-0.4355575292672198,0.7248019905966082,0.20874453659443581,0.9263520428588484,6.0
2024-11-24,-0.13578211084826206,0.8974441650283287,-0.12836548005920556,0.6093597808488883,48.0
2024-11-25,0.2930225163960118,0.961737140609744,0.12044210635358087,1.167609321553136,43.0
2024-11-26,0.022147073896917103,0.823584416395824,0.3997334960177123,1.3856227179310106,27.0
2024-11-27,0.1464042131539017,0.9686095716345616,0.083677817540179,1.1857102749454675,74.0
2024-11-28,-0.15243041313094036,0.9189891809671433,-0.0463538349461875,0.8628489571817386,96.0
2024-11-29,0.20774751309742115,0.7997645861639052,0.20182978086786207,1.2321729512449044,41.0
2024-11-30,-0.421791678125675,1.5105030761266884,-0.10182518042638067,0.7132471536453133,4.0
2024-12-01,0.019754005286217756,0.707265743564401,0.18176151913258226,1.0984346497922974,25.0
2024-12-02,0.3283732834161677,1.0877649729718588,0.01749043850573661,0.9574051534534305,38.0
2024-12-03,0.036034633592836644,0.9352652883102498,-0.029414433835342188,1.0506100955359226,60.0
2024-12-04,0.14950258377873782,1.1959369668082778,-0.08357558762495408,0.6333061488777892,37.0
2024-12-05,-0.01794499930727497,0.7916349835867188,-0.19061074875889664,0.7182961534804335,61.0
2024-12-06,-0.15844569235345926,1.1800192149708795,-0.17703892904262555,0.7755887410354122,52.0
2024-12-07,-0.033516273904755915,1.115592407520328,0.09618319932007298,1.1469035336952311,18.0
2024-12-08,0.0028696944635918154,0.6838337568349142,0.01394140724547777,0.7783416594473833,29.0
2024-12-09,-0.15240100440817583,0.7425234570364337,-0.2176606472695672,0.5352814026303309,20.0
2024-12-10,-0.16271911581562332,1.0444423882092935,-0.11455964942909196,0.6672347478057677,49.0
2024-12-11,-0.15814932370385232,1.1137932008959286,-0.14301852948365473,0.8326343958734345,47.0
2024-12-12,-0.2758200146882113,1.0398286098270195,-0.3179176882345937,0.3609137030300981,31.0
2024-12-13,-0.21383343046844558,1.0869126600448527,0.03563028032786941,1.2030416693971027,67.0
2024-12-14,0.431714412754013,1.3956917375331297,0.07679600868808034,1.0170951685067304,29.0
2024-12-15,-0.13638217220616394,0.809706810432134,-0.46330742900898586,0.09181030086499489,19.0
2024-12-16,-0.09748099481353355,0.9146459437460726,0.18314733753827617,0.993834835549984,38.0
2024-12-17,-0.19977290505399564,0.9828941234998266,0.07604622971964858,1.2420395943178721,79.0
2024-12-18,-0.11264048740467765,1.0764941871806004,0.3010525138270793,1.1112730759897762,26.0
2024-12-19,-0.03967159725126242,1.0406737113270594,0.014461668986346434,0.9398539871007512,81.0
2024-12-20,-0.05772239734024217,0.8755472951258081,-0.11443549419832247,0.6708686015152383,26.0
2024-12-21,-0.2715961399649461,0.8471272262557528,-0.12444892284727306,0.7283785220406651,47.0
2024-12-22,-0.36272149943132875,1.1072742914502878,-0.22887822109564349,0.6328048346278017,39.0
2024-12-23,-0.6476972351190822,1.2446190679251,-0.17760313450096712,0.8231868466441074,43.0
2024-12-24,-0.07739065702554145,1.1708664571818175,-0.19191886538456193,0.5160212407422322,36.0
2024-12-25,0.0635075148661135,1.2000379341698209,-0.31359185893139063,0.5392307733990922,25.0
2024-12-26,0.15873692894654196,1.347142122888939,0.20124579463609443,1.017425523725903,30.0
2024-12-27,-0.3876241659842252,1.213568788825189,0.2971521321683541,1.448234986797477,35.0
2024-12-28,-0.002222066686038568,1.0638734449299323,0.2379918473914517,1.3925060860403862,44.0
2024-12-29,0.08793140792892735,0.6314584563351412,0.16078267855664494,0.888436060334991,24.0
2024-12-30,-0.10163626484037395,0.9850942640189284,-0.3802225971803208,0.15904162089389115,31.0
2024-12-31,-0.08091218887140106,1.1233598464613328,0.1893284782969538,1.4409170099439232,28.0
2025-01-01,-0.08089690157840465,0.5742276585485024,0.16650334049115767,1.0702654229904627,18.0
2025-01-02,-0.7860844254752204,0.9788355112229714,0.006784232328741715,0.9452640684712946,13.0
2025-01-03,-0.2544043750460294,1.024958141212569,0.11091409512334362,1.1414885836987099,46.0
2025-01-04,0.14184627364734098,0.7260966167278977,-0.05760808115906633,0.8583374642674886,20.0
2025-01-05,-0.06456598179613086,1.254074493181829,0.0815653204610824,1.3146245822207459,25.0
2025-01-06,0.25184364714965424,0.9876484825088022,-0.18376534472216827,0.9652315214947166,37.0
2025-01-07,-0.1612353017589344,0.6074923078263766,-0.214363144113063,0.5670840044023591,19.0
2025-01-08,-0.06703239497977632,0.830802291419438,0.06388918984965053,1.1240946308329771,37.0
2025-01-09,-0.22890301346627032,1.0946240818832524,0.005934256818008879,1.1265532862900045,67.0
2025-01-10,-0.13401746792550445,1.0990789657186217,-0.17867342392612595,0.657772620341169,32.0
2025-01-11,-0.3155210671458891,0.9974812501282636,0.07455750995971627,1.1546621714581355,32.0
2025-01-12,0.09011335950911661,1.1406134674313229,0.45324751334395597,1.2535606110433535,20.0
2025-01-13,0.004014230865493626,1.1629397381244575,0.1915939105138996,1.239613991565301,50.0
2025-01-14,0.11637980295910219,0.8653495019454124,0.40050279022321383,1.4566844781255863,43.0
2025-01-15,0.23661971652203964,1.043727507260612,0.026660424798908913,0.9856597828805206,45.0
2025-01-16,0.2875214628301949,1.0941112093591572,-0.2672352202311071,0.47252176818889735,22.0
2025-01-17,-0.397717972235252,1.0955411777827695,-0.18852936027809028,0.6781087235192903,79.0
2025-01-18,0.016495943960240275,1.0029056491620552,0.0664008479053065,1.324297781953697,35.0
2025-01-19,-0.36323147605388595,1.1902916812986908,0.4737932235186363,1.2464557068159616,15.0
2025-01-20,-0.021610907101665282,0.7857680162642485,0.1617256772859154,1.3924126376874761,35.0
2025-01-21,0.26380524903624875,1.0883766776081627,0.5098920243426606,1.920995256210719,40.0
2025-01-22,-0.33040832503679257,1.1681227390488977,0.1839428740158403,1.3617254528256935,58.0
2025-01-23,-0.055863866236276837,0.7541440706936168,0.19613345539525184,0.9833383462619935,43.0
2025-01-24,-0.09275543711646664,0.9710187709352922,-0.23675502965598194,0.6325845645467681,79.0
2025-01-25,-0.37451287527067906,0.988588855273963,-0.13589289786783845,0.6989000856278562,44.0
2025-01-26,-0.3346611738542453,1.1562486021334322,-0.11731145917392606,0.7228592187103711,26.0
2025-01-27,-0.29307714534568363,1.1998175008108876,0.09406242755538931,1.121268705475755,42.0
2025-01-28,0.20568224607891886,0.8941151349981372,-0.1030217954126858,0.8071592265285109,38.0
2025-01-29,-0.02970089862236852,1.2435622460351055,-0.1661174015709176,0.6735422060741267,43.0
2025-01-30,-0.17639781543550742,1.2431979952505738,0.01878937973915059,0.8350256424881407,18.0
2025-01-31,0.05643464518589487,1.4595245867630633,-0.24394690732240068,0.5766934512942091,35.0
2025-02-01,-0.04691187295820625,0.920735956917077,0.0288055906005131,0.7970358870505614,7.0
2025-02-02,-0.4099247490062953,1.0583006306617142,0.2986733442834442,1.200029091667412,35.0
2025-02-03,-0.23901940572524585,1.0037737287696655,0.01519644944454628,1.0227392026347304,42.0
2025-02-04,0.22466804726741296,0.7558231645598651,0.4161534311173961,1.2890553295250315,20.0
2025-02-05,0.24038097265006536,1.1134159574143048,0.3534111170116812,1.7363433851071748,26.0
2025-02-06,0.04992196082176251,0.9985908473068023,0.024801868991234655,0.9861048692494203,49.0
2025-02-07,-0.10570215297821924,1.2169753988052763,0.13345954339438693,1.1930141864413788,46.0
2025-02-08,-0.21893225812056985,1.1375805883007115,0.018685489880676833,1.0686088762189443,25.0
2025-02-09,-0.2747287261621476,0.7474144665617708,-0.3528295910441456,0.3320159828417779,26.0
2025-02-10,0.030316548228929582,1.242608870430201,-0.09069925588829293,0.7183378933858257,34.0
2025-02-11,-0.18041710741433925,1.0338824391679946,0.1793450489300004,1.3306220829615947,32.0
2025-02-12,0.19442327300845408,0.9746106760553339,0.03847381222731282,1.0642406455351392,49.0
2025-02-13,-0.31642596618437496,1.0676163224778399,-0.16910288418104563,0.6763465452090566,43.0
2025-02-14,-0.14265883357032422,0.9408014312096343,0.365040158236915,1.4781428158975256,35.0
2025-02-15,0.07273497861657656,0.8966459147819484,0.7381806223351113,1.4551456766665263,11.0
2025-02-16,-0.05649937941891232,0.9514578924198649,0.006748295343022015,0.8892388393300312,18.0
2025-02-17,0.5817920014889364,0.8838581457356885,-0.016666866236555902,0.9421528197337485,15.0
2025-02-18,0.2500495411488709,0.9271753916168595,0.09918100724941968,1.1397837547332748,58.0
2025-02-19,-0.21268762266840854,1.0684419480104903,-0.10873759267865903,0.7200414862417038,31.0
2025-02-20,-0.12854624679238597,1.1417214321766342,0.07503700158740627,1.253886939425758,29.0
2025-02-21,0.7818973850669155,2.1123186174320936,0.03575396590703467,0.6338313204606936,2.0
2025-02-22,-0.30955191380878594,1.6353796216574343,0.3087002944568787,1.3033343459962934,7.0
2025-02-23,-0.24564755344262,1.0366108097276743,-0.04266552202447782,0.8037627842653516,16.0
2025-02-24,0.09263152557077431,0.818148870633791,-0.19478684677678162,0.6740735502411449,58.0
2025-02-25,-0.07735743625281133,1.1775184259485139,0.13070736459741153,1.2504391850042371,34.0
2025-02-26,-0.12327069662553418,0.8401788433635148,0.13680577073782244,1.1982659685139212,24.0
2025-02-27,-0.05614733070087528,0.8137474786175533,0.2081663210986095,1.182477476849361,38.0
2025-02-28,-0.05392082205233464,0.9347528484730964,-0.25431216903181747,0.6803297338142037,29.0
2025-03-01,0.05910070827383496,0.740544996105988,0.030524888558125993,1.1040066852913228,34.0
2025-03-02,0.18104461710716316,1.0559409912565727,-0.13714321862949486,0.7787789921169536,18.0
2025-03-03,-0.011547945637156349,0.5558344091692674,0.22244711474724083,1.3933336414828454,26.0
2025-03-04,-0.0525280701863081,1.1476863512977205,-0.027085018556846606,0.8858475150860403,50.0
2025-03-05,0.1808022196383619,0.8505825223611386,0.09476781619359528,1.0396104206860994,36.0
2025-03-06,0.11241956922498081,0.9319630651423538,0.11801240272769835,1.1209420324423276,32.0
2025-03-07,-0.23224222333636985,1.258877687150849,-0.13736406625068123,0.6999728433457701,49.0
2025-03-08,0.0915504873759695,1.3181927543184517,0.021107141428854236,1.0471633901998136,39.0
2025-03-09,-0.211318392266673,0.8979195993596567,0.24412529019318607,1.6294050783265528,23.0
2025-03-10,0.4337812280476977,0.9187938113483315,0.010954708598465089,0.9357888080708986,26.0
2025-03-11,0.028478097928231985,0.9288476334833967,-0.2740810079185834,0.5296756700459213,22.0
2025-03-12,0.27134669423781377,0.9976062958852298,-0.2172975557600991,0.6652132615658684,46.0
2025-03-13,0.17039622176383937,0.838551039081792,-0.03218091271003033,0.7952907673987883,49.0
2025-03-14,-0.008468281688896026,1.0116853288938827,0.06607525940395875,0.945814611050825,74.0
2025-03-15,-0.04022328141198152,0.9644341036737598,-0.13843001196975602,0.7083135051273179,29.0
2025-03-16,-0.4981499662690465,1.1600708276241647,-0.19610097481705993,0.6191892482206571,17.0
2025-03-17,-0.218308691123193,0.845245034919606,0.09636771924211397,1.1027413448501273,22.0
2025-03-18,0.23135740541935298,1.0528309696092433,0.2573102658468163,2.114191597197883,22.0
2025-03-19,0.10915441771310351,1.1425029685499122,0.02917517290479984,1.072798406701175,44.0
2025-03-20,-0.008821421054291827,0.91463861159443,-0.0396165607395509,0.8429580501970372,44.0
2025-03-21,-0.0770864499954381,1.0005309277159453,0.19095737066264076,1.2753656118068786,68.0
2025-03-22,-0.2884479780954469,0.9150184938566717,0.0410727662336379,1.0560328191632784,27.0
2025-03-23,-0.31049858482202464,1.1375458535437073,-0.054286261593581596,0.8894186607757835,21.0
2025-03-24,0.27818177676689865,0.9599455230367228,0.03685001025147633,1.2046551147575069,38.0
2025-03-25,-0.27351489328303313,1.1566711372307186,-0.046313378060395996,1.2014872953123912,61.0
2025-03-26,-0.043094329706482484,0.8603379978074469,0.25016831547734564,1.4411577451344888,42.0
2025-03-27,0.10092158723238824,0.8638379830766224,0.2273120730378749,1.435776394887329,58.0
2025-03-28,-0.1569110761375931,1.1933141700045888,-0.18798221563970227,0.48928560174807584,28.0
2025-03-29,-0.2903776191551783,0.788646296034614,-0.04375551453944778,0.6761039788902368,12.0
2025-03-30,-0.20761726064818414,1.17804938724581,0.12752106924144965,1.2080024299140752,47.0
2025-03-31,0.010901151843531591,0.9753274573682468,0.21972783143979396,1.0959425719555953,45.0
2025-04-01,0.03135970121207259,1.292545739495339,-0.06290927367811269,0.88368020328228,16.0
2025-04-02,0.20036378521478485,0.9043318263955474,-0.19806308297466582,0.5461966264469172,35.0
2025-04-03,-0.27337039555107556,1.1881158108924816,0.34912778335231004,2.010012583112045,18.0
2025-04-04,-0.19265799563143662,1.0573687264836824,0.09660863440582333,1.2850551539187014,80.0
2025-04-05,0.1794860255250396,0.6621070234078223,0.5622564737191578,0.9726114140566086,8.0
2025-04-06,-0.0009811782051927953,0.7121416995477218,0.21411833105121864,0.7807445791676125,10.0
2025-04-07,-0.06351785583203556,0.5738061604361119,-0.1666008256351496,0.8507527438536866,36.0
2025-04-08,0.0647980883347064,0.7749043647007418,0.08111241233631573,1.0108856788192973,35.0
2025-04-09,0.27026061324353196,0.8138673055831438,-0.07836873302475061,1.0069647962753876,25.0
2025-04-10,-0.09766322161004566,0.8137820940306665,0.06652931813836684,1.116395469218612,49.0
2025-04-11,0.21777885168394426,0.9166272752025122,0.4153792646998705,1.3727488817297486,38.0
2025-04-12,-0.24929288174311484,1.011383930877514,0.006264729680571639,0.9313300246712249,25.0
2025-04-13,0.12806907695878458,0.8347817372043238,0.9417193756505432,2.0095925064312583,19.0
2025-04-14,-0.11199073035810787,0.6553728006108814,-0.22026996863086687,0.5448567703042,28.0
2025-04-15,-0.28260177806206876,1.105637037827322,-0.04681544359863012,0.8904107150933567,32.0
2025-04-16,-0.2499128469540876,1.0121101697960613,-0.09390993454674412,1.0064424229723228,27.0
2025-04-17,-0.26259534487123715,1.055925380644441,0.20577312490654803,1.4186978843623377,29.0
2025-04-18,0.1939503131643682,1.0907949416081721,0.7698640805419001,2.164598682984481,21.0
2025-04-19,-0.07975472047420866,0.7019587915656748,-0.2333594524785984,0.5107144169441888,16.0
2025-04-20,-0.11483631235530896,1.2730933116630663,-0.05949842246993761,0.7940755619890566,16.0
2025-04-21,-0.05049899651117469,1.035053493179548,-0.126276217234917,0.5279819455719039,16.0
2025-04-22,-0.1569174909519801,1.0756041429555487,-0.00174416548179853,1.0005590602901084,41.0
2025-04-23,0.03746892609073468,0.8131686798398572,0.01829611480548957,0.7951283050450954,31.0
2025-04-24,-0.2523900985724387,1.1353833344555615,-0.3323237301943952,0.5523111032477507,31.0
2025-04-25,0.10601067091421047,1.0394248524645524,0.08636096427949833,0.9933779536375189,61.0
2025-04-26,-0.22484851281508067,1.2340840985288934,-0.10908350627330973,0.8619475710359187,47.0
2025-04-27,-0.14931722698342392,0.8790092837026142,-0.043433133982922,0.8427628782320974,39.0
2025-04-28,-0.11955037918366294,1.2724001356121195,0.17567653255507243,1.3262479720199503,27.0
2025-04-29,-0.1165634117622303,1.1907926476646733,-0.2755117963933863,0.4229795346828326,29.0
2025-04-30,0.17712462173954843,0.7824727225308183,-0.013813220067230429,0.9402244708198814,60.0
2025-05-01,0.0924188311989998,0.7620740702017688,0.6290039148539847,1.9512875401823508,30.0
2025-05-02,-0.20699982167615447,1.2344176792662518,-0.18909911467292442,0.8321689727860052,24.0
2025-05-03,0.5016152537649795,1.2520943642486317,-0.14811255910124954,0.5448829461661485,7.0
2025-05-04,-0.049153028580249496,0.9328760081770092,0.043021499824367954,0.9547144224864264,35.0
2025-05-05,0.24026668407442378,1.0651901226602132,-0.17586887821724861,0.5741939101240163,23.0
2025-05-06,-0.013471108764685265,1.048988099323906,0.023762914874207505,1.0770606814139938,26.0
2025-05-07,0.19354244445762278,1.458731768418168,0.08703735423821546,0.9185225517103841,24.0
2025-05-08,0.013611706462330505,1.054414693891975,-0.11465410015352462,0.7830679130400805,43.0
2025-05-09,0.11531911316054572,1.0209529542157527,-0.18770584082235775,0.6667281730200507,60.0
2025-05-10,0.1689341950761725,0.9618855180282756,-0.2412668582652101,0.4996235835953731,39.0
2025-05-11,0.23128917951184624,0.9988306358708995,-0.10472190542555232,0.7628172452851781,38.0
2025-05-12,-0.03348199783268563,1.0078476645417656,0.05196660663166068,0.890741296977346,31.0
2025-05-13,0.032973207360943405,1.0858473567140996,0.09021848909102988,0.9903106817209554,43.0
2025-05-14,0.288491581980607,0.8146058792748038,-0.08507436468638346,0.7665410301012243,27.0
2025-05-15,-0.0778393972739634,0.7607495409430871,0.019875191095409826,0.8908553548747811,52.0
2025-05-16,0.2621611445778394,1.0652191798382038,-0.15561730801035328,0.6123410904091072,34.0
2025-05-17,-0.45215953174091866,1.1694698779906412,-0.12382411931699892,0.8959681820594937,23.0
2025-05-18,-0.5257310959624693,1.219635970901164,0.3220330916678544,1.6089351982784954,19.0
2025-05-19,0.577149914591373,0.8695769012460053,0.09650323691996156,0.8850218728828382,23.0
2025-05-20,-0.32878277895186253,0.859183347738977,0.014398634648295553,1.2325965199648248,43.0
2025-05-21,-0.2141127643715627,1.0059730615813176,-0.15431763088277783,0.6526926533471814,40.0
2025-05-22,0.051679911882375494,0.8702665030011696,-0.12741417887198028,0.8717370233164413,53.0
2025-05-23,-0.09857840434393456,1.0380173310935021,-0.07525884712034724,0.8573060942322512,81.0
2025-05-24,-0.151817404158113,1.007600795539985,0.03628231682252153,0.8423002459099366,21.0
2025-05-25,-0.1321768657750602,0.8573080888030506,-0.20518086908053637,0.5163275641148246,31.0
2025-05-26,-0.1277555976738308,1.38839648651955,-0.13385004389331062,0.7151605753573383,20.0
2025-05-27,-0.21517136756475885,1.2427662706296894,0.287406182577141,1.2118523766180038,36.0
2025-05-28,-0.1328271501399051,0.9253513843544507,0.03840835291689182,0.841192135244596,60.0
2025-05-29,-0.09779324581032577,0.8835602318238714,-0.17188480343479257,0.8571831859496589,37.0
2025-05-30,-0.15881272986304926,0.8963267630259681,-0.022682371213809404,0.9557921133973475,69.0
2025-05-31,-0.05683835694384624,0.9964359295827339,0.07762614422040227,0.9789774111372072,40.0
2025-06-01,0.28092801782664667,0.8515612282016234,-0.2560799861825492,0.5787133310315252,58.0
2025-06-02,0.27015231280781854,1.1335282708682277,-0.2294212928418627,0.5061522632964258,28.0
2025-06-03,-0.0004657445425697635,0.9060919669815439,0.03839476659154299,1.0634632464676428,71.0
2025-06-04,-0.17414964498203858,0.6260885783231932,-0.11406658115117359,0.7758653927938542,47.0
2025-06-05,0.2949783430206627,0.9978459507486043,0.10871722097169767,1.25316277361078,40.0
2025-06-06,0.1849304886617254,1.2374996919861496,-0.25368395333849564,0.47066875611117337,16.0
2025-06-07,-0.04781177339558957,0.8610084694953173,0.29372025945308067,1.2564728684335638,14.0
2025-06-08,-0.2159815634160128,1.2113157919778696,-0.2985953900156357,0.3602006528682449,12.0
2025-06-09,-0.49053711940342604,1.0736961217838057,-0.12927075958728232,1.1090271057390382,45.0
2025-06-10,-0.19332443356327136,1.0404247058621072,-0.08845609128238131,0.7269339973829685,26.0
2025-06-11,0.10008490851513617,0.8552109613330887,-0.1864009354532684,0.8704407706136984,44.0
2025-06-12,0.3099584023202397,1.0432560456536275,0.12903832845320243,0.9913189356999117,44.0
2025-06-13,0.3625070921586401,0.8203343937622442,-0.1335427546887873,0.757151279801773,32.0
2025-06-14,-0.21014903993036366,1.1558009875095159,-0.23488404077203828,0.5374974828040749,15.0
2025-06-15,0.1337877188889699,0.8285355603694172,0.58726612438603,1.758413201858603,22.0
2025-06-16,-0.18196202434628325,1.6234176650774887,-0.09263220654979329,0.7869337472600523,29.0
2025-06-17,0.08758923390841239,0.8815813653562092,0.07047717115513044,1.0009266407623596,32.0
2025-06-18,0.1357130689911151,0.8636134973874818,0.02573582431885584,1.0866458566708759,29.0
2025-06-19,-0.3795377335932962,1.0045092109293434,-0.03820364739916669,0.8931308668945653,15.0
2025-06-20,-0.09457373405773438,0.8882169017650975,-0.1907688070658632,0.6917925276330624,36.0
2025-06-21,-0.4428030211691393,1.1417590654959993,0.005229471531489055,1.0367498337052896,23.0
2025-06-22,0.024003835868708735,0.9920486506532101,-0.010252031688184277,1.1615753225561782,55.0
2025-06-23,0.10188144719860776,0.8156119486436771,0.45460606213525523,1.2147298640185376,24.0
2025-06-24,0.3535476079911478,0.8711441927859666,0.05063625162861112,0.9615445882259357,33.0
2025-06-25,-0.32029518624651027,0.6817931213153466,-0.3655019106726056,0.06274584806021204,15.0
2025-06-26,0.14021018959134063,0.955196626675614,-0.28570110425260187,0.49266720491895033,39.0
2025-06-27,-0.1124380671688664,0.9343743469801391,-0.07845560841697553,0.7409830941247846,23.0
2025-06-28,-0.09775054535620126,1.1308753383014207,-0.1716013860861754,0.686790907399108,20.0
2025-06-29,-0.13682974923017255,1.2969501788641513,0.20594539049187713,0.9914136310103157,24.0
2025-06-30,0.39643389921652666,1.3883766018866468,0.12501033560073135,1.108756238517812,41.0
2025-07-01,-0.1031877459003473,0.9545531953667546,0.09602974849469689,0.9213328641703122,35.0
2025-07-02,0.11003165849060431,0.8997947646624161,0.21279839677449716,1.0356892227212768,32.0
2025-07-03,-0.2280404299815625,1.374187010578156,-0.33388064308913495,0.36462762608458094,29.0
2025-07-04,0.21826241495394522,0.7734790149686928,0.4141932566625119,1.7584413933256446,28.0
2025-07-05,-0.02195692803699747,1.2967899139578107,-0.1309602274067148,0.7382106372120305,30.0
2025-07-06,-0.6394699040695108,1.2253490809936272,-0.35289523465012296,0.27826901986067293,18.0
2025-07-07,-0.2858236366723312,1.213866100571698,0.1172350101778422,1.5007466627854604,24.0
2025-07-08,0.27316036225760415,0.6632461394946351,-0.17512769624088614,0.5899458922281254,31.0
2025-07-09,-0.018800344639058112,0.9907612141175697,0.11721692818622831,0.9078719609496211,30.0
2025-07-10,0.2389131078579131,0.7667511232307577,0.5764854539271564,1.764333748470076,23.0
2025-07-11,0.03123975860586222,1.208520386206364,0.1200003076142376,1.1237569763998114,37.0
2025-07-12,-0.1552003521751378,1.351615363697704,-0.09766078647381989,0.7042177154626524,12.0
2025-07-13,0.22847675784084584,1.1919520423666004,-0.3795092995519007,0.19659412842850404,33.0
2025-07-14,0.12430929189902146,0.744738229992734,0.4728274197804132,1.6321236484745583,27.0
2025-07-15,0.022742811868439922,0.896134184686583,0.1843218134869415,1.5933569589035708,28.0
2025-07-16,-0.0663665832106005,1.2078887257307998,-0.004057404059334936,1.0338918534175405,24.0
2025-07-17,-0.027349007910856978,1.0154645210282554,0.04365823731936791,1.2005145071310983,61.0
2025-07-18,-0.22088958723175406,1.0229287232593025,0.10333099910733652,0.9276510847931484,20.0
2025-07-19,-0.08475466235892269,0.9018504289628071,-0.2542062888005737,0.3924175022446093,30.0
2025-07-20,0.4790642496142921,0.7425537421793587,-0.3011100405756346,0.4250663019823035,15.0
2025-07-21,-0.17329427753560553,0.9861163817103107,-0.10515440043930216,0.7236417031486309,60.0
2025-07-22,0.01221378238010211,1.0888857458660421,-0.1533417592875516,0.7151174073807786,53.0
2025-07-23,-0.08327477113285689,1.1163648124584582,-0.19834594128298536,0.9240867890897141,26.0
2025-07-24,-0.2552559741348908,0.9087304498034948,-0.1300542780683044,0.6969248997488873,32.0
2025-07-25,-0.003915004274443473,0.7711930501172475,-0.2879431750285063,0.41815777193677783,28.0
2025-07-26,-0.5037125276496339,0.8401025223301516,0.1975558774051196,1.2222729745420835,17.0
2025-07-27,0.015264137081163401,0.841871830608534,0.11261892584049356,0.9165712514816022,18.0
2025-07-28,0.3142321190479719,1.3512725650341435,0.4947521688706209,1.4339931476280212,18.0
2025-07-29,-0.3732661577943472,0.8072623182216856,0.2426845265618495,1.2570536728017856,20.0
2025-07-30,-0.22922417494087027,1.0006528171707165,0.1767632583754303,1.31894406866711,21.0
2025-07-31,0.03993178835160065,0.9845077138820173,-0.0581445087161662,0.7103454513137794,49.0
2025-08-01,-0.2657365562570814,1.141784716338152,0.07158394906085029,1.1755424041537954,41.0
2025-08-02,0.013108746576062223,0.9162998255726619,-0.16269016970946049,1.052304438483945,16.0
2025-08-03,0.007563666102191684,0.9647093056857144,0.7968410381870609,2.0079194692885256,14.0
2025-08-04,0.1072930126224139,1.072784060094916,-0.12168612805847703,0.8209472451364258,46.0
2025-08-05,-0.2665848539127238,0.796408307749289,-0.2193624664004208,0.7825300775112203,17.0
2025-08-06,-0.018759267434626553,1.1132775716164955,-0.12574929123547673,0.7339746452516125,42.0
2025-08-07,0.006614521289756148,0.6046006974119981,0.7608800286813288,1.5680164560541225,14.0
2025-08-08,0.18356413581976078,0.864457692160954,-0.20956160868399804,0.5984332661951808,26.0
2025-08-09,0.04973266577130961,1.21453715950026,-0.2585133798118904,0.6855764709987301,22.0
2025-08-10,0.26862907120283663,0.8262536208978797,0.7784350292040475,1.7266490890671564,17.0
2025-08-11,0.05909689627161375,0.8881590956536546,-0.2544540526856976,0.5597163887588518,48.0
2025-08-12,0.09066665196915645,1.0896214590193876,-0.06837045243355225,0.8250256141750487,27.0
2025-08-13,0.08933646755574892,0.9457602296830805,-0.20616218504519523,0.6082171987259526,30.0
2025-08-14,-0.21359829740476083,1.113859052201027,-0.08942613979108936,0.9542888787314409,37.0
2025-08-15,-0.2007258289136054,0.8759437164347962,-0.06505799039564045,1.0384324922738386,29.0
2025-08-16,0.4626230275790717,1.2872946859192114,-0.04329791303077623,0.7833470301310472,23.0
2025-08-17,-0.22569229079432968,1.3680585369046208,-0.1460043999785598,0.6573821509166394,16.0
2025-08-18,0.19158748609903112,1.218139095886322,-0.19983128301386086,0.6639421303436316,28.0
2025-08-19,0.2079748658888674,1.0342935803161415,0.06511629004298074,1.2706909051518733,38.0
2025-08-20,0.13536079176317167,0.7190512117920378,-0.0021862207910263317,0.8515650446378749,40.0
2025-08-21,0.2869124943812911,0.9362482294350933,-0.01952380064552026,1.1310862120532343,18.0
2025-08-22,0.25196186124802267,0.8744060040407464,-0.0009965392825955928,0.8675708590040935,41.0
2025-08-23,0.03311785988413553,1.3122236015699806,-0.42575599245670964,0.08984910006845273,13.0
2025-08-24,-0.07169359707565659,1.1298525944007534,-0.0837145994779678,0.7496710465368495,19.0
2025-08-25,0.12993160090672626,1.1756210545897747,-0.047365634431752124,1.1400416094772068,28.0
2025-08-26,-0.02402560851997869,0.6735008625058919,0.3961589831067972,1.58254426873155,16.0
2025-08-27,-0.01445956054437009,1.3755898540791829,-0.01163498874942462,0.7922308787873154,19.0
2025-08-28,-0.009290684761667627,1.0768204018628913,-0.08085503762722393,0.7867710849875235,30.0
2025-08-29,-0.22722861919644088,1.0003707894589315,-0.19581492060949612,0.6034238787400757,29.0
2025-08-30,-0.4669322846124185,0.8343831876162701,-0.30330678061356264,0.36883030885351537,11.0
2025-08-31,-0.04871963000408066,0.5719437747582362,-0.25034208163074745,0.4220371634201099,12.0
2025-09-01,0.15230832584673154,0.956832748866667,-0.0502035107591229,0.9300774223992538,29.0
2025-09-02,0.07741026614975828,0.7640108922469484,-0.06386635029220158,0.8335159811038205,36.0
2025-09-03,-0.33703951572244517,1.357329784093388,-0.031893836901921685,0.8237167495730738,16.0
2025-09-04,0.18326349614204787,0.8874793988089655,0.20722845150002364,0.9432070244378113,30.0
2025-09-05,0.19004228694014857,0.920925958212199,0.4245529522473565,1.7471542998587346,18.0
2025-09-06,0.10374299361529893,1.141323457716645,0.13255585526679436,1.3488809014561065,6.0
2025-09-07,0.14221108077626224,1.1830224434443402,0.046800918152678395,1.0353281633342952,12.0
2025-09-08,0.10382334277135966,0.49946618453001335,0.21496983065909578,1.137520066523626,17.0
2025-09-09,-0.38144345493912657,1.2385592403031724,-0.07487557385394496,0.7812555220262054,21.0
2025-09-10,-1.1418235299618809e-05,0.8651825926350304,-0.15363236461220153,0.7831685760108362,34.0
2025-09-11,-0.024515198585050066,0.9825202587450167,-0.08441285919385141,0.8291118711438394,16.0
2025-09-12,0.06038494420462415,0.90923747300383,-0.14498985042793214,0.6438176510126697,43.0
2025-09-13,0.47860047284843565,1.4323549169874612,-0.06731118044080651,0.7657617843029717,6.0
2025-09-14,-0.3388307219539765,1.5145010654521842,0.35910143309115455,1.6614594131705218,8.0
2025-09-15,0.01111934328721569,0.9840382973067037,-0.1368191227740734,0.7410488599676442,24.0
2025-09-16,-0.06981980505986823,1.1601136854562433,-0.3001212704791479,0.40931503942989095,32.0
2025-09-17,0.3657311628133924,0.6214119775787545,0.1661041930036957,1.20815264371494,23.0
2025-09-18,-0.03511420280066388,0.9103926144158069,0.4117950546597248,1.4406664916990508,32.0
2025-09-19,0.11781801456149278,0.845807439419262,0.32212936750784893,1.702834562472082,27.0
2025-09-20,-0.15246941533705682,0.873919085070727,0.46123896541885323,1.7296966162477823,30.0
2025-09-21,0.20324486313089893,0.8842163263391756,0.20526713731090895,1.026618155250156,13.0
2025-09-22,-0.4714296413657644,0.7850941807572799,0.30060288510194855,1.3649549296396313,18.0
2025-09-23,0.15018627182179323,1.188429957095892,0.5183018313219147,1.4697593767960044,19.0
2025-09-24,0.1959000215364965,1.197807689663142,-0.27011624154129493,0.47709647979772124,28.0
2025-09-25,0.055599777955718396,0.9117843948368739,-0.137931538810923,0.6150910114623102,20.0
2025-09-26,-0.2234184296121233,1.2491048000355263,-0.06745377200106029,0.8932700080697512,29.0
2025-09-27,-0.1376161022313911,0.970588382919351,-0.07348527608656241,0.917823057139565,16.0
2025-09-28,0.2761967648328684,1.113630227697379,-0.2725724898021301,0.4647535246939292,18.0
2025-09-29,-0.16774000893675856,0.931952821744906,-0.17261389085068155,0.6674375141154526,44.0
2025-09-30,0.17333349148579197,0.9064840461736857,-0.2053001035657873,0.5389157210330973,33.0
2025-10-01,0.2502535729151346,0.9931177920731609,-0.1483252822734411,0.5886000742726777,16.0
2025-10-02,-0.4789158127048127,1.2121088501958386,-0.33944906144561793,0.3237149715558979,25.0
2025-10-03,-0.13160051055315322,1.0150100352684186,0.06743842929017987,0.9111138153605215,15.0
2025-10-04,-1.1460880505972222,1.796214809758494,-0.19649829254896128,0.8359749844578096,13.0
2025-10-05,-0.3364103988992802,1.0132702159807405,-0.3367315862079613,0.3305910320460161,28.0
2025-10-06,-0.15722547296822909,0.8670959896612327,0.4256795903185796,1.9837770763117932,15.0
2025-10-07,-0.008345206531955897,0.9161832795178247,0.3911104565518753,1.4564253401435105,21.0
2025-10-08,-0.18939598181605863,0.9373880088325661,0.0648920966245776,0.880878389586626,28.0
2025-10-09,0.1433082429795655,0.8583083654490009,0.15360783702013345,2.210401352990612,18.0
2025-10-10,0.04377549994574746,1.0541521406111205,0.38720259303874316,1.4913648333491911,20.0
2025-10-11,0.055354914450180995,1.0317496961823023,-0.35419174452528934,0.3519081661979844,22.0
2025-10-12,-0.3843887383110961,1.3409621580022106,-0.11374118028002274,0.8317010263946087,10.0
2025-10-13,-0.2954290989331466,1.173089473423049,-0.20990011843448636,0.8047075588168858,14.0
2025-10-14,-0.27530494580033443,1.4184491747365753,0.5081557831152975,1.6529696889339878,19.0
2025-10-15,0.04424784388108357,1.1745148187311294,0.03526939038587484,0.8914912428539528,14.0
2025-10-16,-0.07047435371856403,1.0486729510530424,0.23280070718916224,1.2128411950979754,19.0
2025-10-17,0.10850281239338777,1.819037960459483,-0.018996533065588853,1.1125344671415167,18.0
2025-10-18,0.3071008186243041,0.9136323699702698,0.8909474561931889,2.3579945525671233,8.0
2025-10-19,-0.19448332137615906,0.8800661310672928,-0.3554693677884721,0.03860502997721191,12.0
2025-10-20,-0.08123788873833704,1.0193298063361893,0.04024480699179279,1.072956656622408,17.0
2025-10-21,-0.15616989779889984,0.8326623542982908,-0.10190276405959131,0.9192867918107508,35.0
2025-10-22,0.14383997655389916,0.6168947312013663,0.13171770465960692,1.1569007532338151,20.0
2025-10-23,-0.028774328106960016,1.12277648573115,-0.020501183165028723,0.6939725633739389,31.0
2025-10-24,0.13791313788190257,0.9218872278831671,0.020608305049903186,0.9258114405338983,33.0
2025-10-25,0.05158516992931374,1.1191785013423157,-0.12660221692521872,0.7013469955946063,21.0
2025-10-26,-0.03455196777623691,0.45461387559323324,0.7301995232496189,1.7169002155287423,8.0
2025-10-27,-0.3739601371526227,0.8642563502733572,0.0748543128870734,1.2481922713863616,25.0
2025-10-28,-0.2830164816304627,1.16876120183498,0.08699708725353887,0.9368612708306446,19.0
2025-10-29,-0.03159769053373185,1.4926611766421645,0.22620935010537013,1.4998396901898476,19.0
2025-10-30,-0.2614600802002256,0.8752092700395213,-0.17813886622725836,0.5936175942505493,42.0
2025-10-31,-0.7170772187215548,1.1895497224160803,-0.31044606634597127,0.4133204161721952,18.0
2025-11-01,-0.692667993571868,1.0801328264494077,0.0041332146625426384,0.8258798192843929,31.0
2025-11-02,0.21806616002724208,1.0200066860412118,-0.386192535258017,0.0681864292823885,10.0
2025-11-03,-0.09638415635289546,0.7426219799620599,0.07652419061773683,0.9136874168581698,27.0
2025-11-04,0.14158053385543892,1.0628917509465943,0.6053744247009497,1.8092362511329485,15.0
2025-11-05,-0.1510263331897518,1.0030816889344683,0.5404953656386389,1.7866857532165363,30.0
2025-11-06,-0.07232967081605865,0.8373740682969253,0.03229399977277295,0.8969240869673517,23.0
2025-11-07,0.1002100083809113,1.132588825859318,-0.24241972232644707,0.418294219827927,24.0
2025-11-08,0.09263486290082608,0.46558212669621535,-0.32157065752049463,0.2430516708249282,10.0
2025-11-09,0.22103344794061014,1.0226729267332872,0.22830435397085963,1.413405885749449,16.0
2025-11-10,0.10579210076689646,0.8110354672767078,0.142989886993039,0.8559813001663826,9.0
2025-11-11,0.06602403639897537,1.2161868729069454,-0.24321891397573814,0.47731355834108935,14.0
2025-11-12,-0.10092726333349235,0.8846231942475506,0.25459296208532795,1.4441639481435604,23.0
2025-11-13,-0.20289541333667938,0.7570099034372807,-0.0157242853692925,0.9836819342028806,30.0
2025-11-14,-0.061070370080299176,1.137475022082291,0.2658586283432328,1.3271517601962872,24.0
2025-11-15,0.2809609679349814,0.4649085587176619,0.14716223461696928,0.8305971508269467,15.0
2025-11-16,0.08714700824091703,0.007611497304219918,-0.35653982519689303,0.03783840425367177,2.0
2025-11-17,-0.13620646730106592,0.812454512155291,0.07095351991742063,0.6836982741490321,12.0
2025-11-18,-0.39066128987318777,1.5930042409343763,-0.022187638668891868,1.135410839689651,18.0
2025-11-19,0.0022781575403902415,1.0155987265598907,-0.30916346780609016,0.4688062714940718,23.0
2025-11-20,0.2984756265636152,1.0091770327750018,-0.11112093674765067,0.7561518610987654,21.0
2025-11-21,0.48065528809346797,0.9156008676352311,-0.10945756543254222,0.7675834929259665,23.0
2025-11-22,-0.27306545820372646,1.0313299067679136,0.09044877452653992,1.1638866093357,32.0
2025-11-23,0.0688809205589407,0.685906910980068,-0.10539878386556166,0.5796979688751792,16.0
2025-11-24,-0.3729799964517521,1.3876676218714041,-0.2760530895221026,0.4023242157489362,21.0
2025-11-25,-0.4879121882916492,1.0888226539566883,-0.1575273169549875,0.5529908098632849,20.0
2025-11-26,0.0934190635720028,1.2195252364635694,-0.030228954776234128,0.8650796810425041,29.0
2025-11-27,-0.06474583325333177,0.8673630709916337,0.13195015659010706,1.3554716048835198,49.0
2025-11-28,0.11291054741875244,0.9802684073173301,-0.034626038080579534,0.9059952658766895,40.0
2025-11-29,-0.035305702400244186,0.9142547366085764,-0.23164248268044407,0.5112386836228184,15.0
2025-11-30,0.5722348795711165,0.9727003800638573,-0.4227091480989958,0.07032872059733127,16.0
2025-12-01,-0.06871518995312875,0.772885030183654,-0.09411163338114914,0.6540515968622681,19.0
2025-12-02,0.22948216313691686,0.6752600581280316,-0.15752836084567354,0.7752817625271,19.0
2025-12-03,0.14076661574148858,0.7013625640857013,0.2877099076214041,1.2338111281020314,26.0
2025-12-04,-0.4174364834837383,1.419245604196723,-0.3012081592858669,0.25514321565733566,19.0
2025-12-05,-0.21616013412547708,1.2516425982039572,-0.18872770902256886,0.6931630347074993,37.0
2025-12-06,-0.05179806506297469,0.9308620476055431,0.007227587017652849,1.0482420989881793,17.0
2025-12-07,-0.17464603395086398,0.7133731253970463,0.13608281768490332,1.1637762773889655,16.0
2025-12-08,-0.33474806011310737,0.8671156148427487,0.2676280049403206,1.1538214505624214,26.0
2025-12-09,0.266787447135996,0.777838237024561,0.3412736878495905,1.246875023453561,23.0
2025-12-10,-0.319279694018507,1.04221974699836,-0.14282410208418816,0.6326370378702718,25.0
2025-12-11,-0.021163366253520284,1.1788717321670823,-0.07592596633181134,0.702208225729928,21.0
2025-12-12,0.1508318605570249,0.622577914262484,0.11990354374416731,0.9011556487586082,28.0
2025-12-13,-0.028276623812004933,0.7915734855534714,-0.14996707995974368,0.5587331174883655,17.0
2025-12-14,-0.13433629696110533,1.2432643071097085,-0.4095978353230742,0.0840626711696564,21.0
2025-12-15,0.13894445453246623,1.2292025287015111,0.03577278208542164,0.7534176459058709,21.0
2025-12-16,-0.0007019596967044858,1.108631083760445,-0.2727978667907377,0.32405872086856924,21.0
2025-12-17,-0.07282735005520301,0.9392279328826902,-0.19727453335047046,0.5849872602910205,26.0
2025-12-18,0.19493401449222741,0.9359338066437008,-0.07355865184882865,0.6326600791630671,33.0
2025-12-19,0.010636685856289164,1.0819426448960523,0.1536208733953796,1.204352785074288,48.0
2025-12-20,-0.049751445669092564,1.3977698910693959,-0.10897708633530243,0.6434072368987294,16.0
2025-12-21,0.3140212369156006,1.59718864892871,-0.27412804068043645,0.6227092121927691,15.0
2025-12-22,0.017228552447527138,1.052614800396488,-0.15835435378481524,0.7221066184081579,23.0
2025-12-23,0.03352725648451052,1.1459756590477863,-0.409567687005555,0.13996957698552176,22.0
2025-12-24,0.13586919438452372,0.8096863671166548,-0.4212555445198066,0.0979738043176585,8.0
2025-12-25,0.5839742878763113,1.0867163224621297,0.7148457898471345,1.8483074626795237,10.0
2025-12-26,0.5229001142697745,1.2177218987268414,0.5702662525263994,1.5246762644292053,26.0
2025-12-27,0.08787885751630799,0.7790207401847967,-0.22306191824324026,0.6663373074197565,23.0
2025-12-28,0.033903808083137844,0.4960932695313329,0.2361755707256096,1.356073940868027,14.0
2025-12-29,-0.22012698851374823,1.121484329259091,0.5299800018105204,1.7945341346681007,17.0
2025-12-30,0.3611860631027657,0.9463527467364656,0.08144481670491725,0.9184147231362875,18.0
2025-12-31,-0.14155574600186746,0.9409580659177657,0.04258462946603236,1.0046932119831538,26.0
2026-01-01,-0.24125467315883486,0.6895788298940517,-0.18506640138136554,0.5916986923423954,27.0
2026-01-02,-0.237784905130472,0.604483827448442,0.3756715489513952,1.3575091816927543,21.0
2026-01-03,-0.14616024664930627,0.9934766887578717,-0.11186967928837921,0.8695796205930298,19.0
2026-01-04,-0.3032541620323687,1.0801624666227922,-0.20459745524943304,0.42128213219598654,12.0
2026-01-05,0.12620747921766653,1.0851685239546005,-0.27432692632147176,0.5602564297779644,22.0
2026-01-06,0.049405364655496845,0.7984219734422126,-0.1166956359522888,0.8272902503956989,39.0
2026-01-07,0.15993568909587091,1.0503570384026921,0.6336167622078596,1.4989516855790492,43.0
2026-01-08,-0.5086955247945133,1.1122217069787332,-0.08973699138666627,1.0933048670398264,31.0
2026-01-09,-0.32398255194538766,1.1201473091397889,-0.2006231566677666,0.7220410178455351,40.0
2026-01-10,-0.2593338324458164,0.9779666714988026,0.017925313321465915,0.8963820423306985,10.0
2026-01-11,0.1352459147738859,1.010850940520806,-0.41149479754300405,0.079566471962827,10.0
2026-01-12,-0.4859010456529929,1.6345867525760793,-0.06948670845689213,0.7043753376821323,26.0
2026-01-13,-0.2876906494385409,1.0806793388382967,-0.28816950519254725,0.5216774063114455,32.0
2026-01-14,-0.17341024462800034,0.8457124296764583,0.5670006758619415,1.985167322040662,29.0
2026-01-15,0.1262980323433387,1.16848130409516,0.18838653642658948,1.0433099176714167,14.0
2026-01-16,-0.013380311722045584,1.2721636842549588,0.008413123821272017,0.7966119225577237,41.0
2026-01-17,-0.11404283279353615,1.0730061170678338,-0.3942478351227398,0.25356935573683187,27.0
2026-01-18,-0.37110662568691605,0.6796066793888893,0.11769628547971715,1.3199039867658555,14.0
2026-01-19,0.2588047949910498,1.110542975747559,0.3519522010275372,1.4215855784799243,25.0
2026-01-20,0.06319295957651888,0.8315210960207342,-0.027464598511865286,1.187074062887761,27.0
2026-01-21,-0.2357354555241011,1.0964870378909095,-0.21108014469190492,0.5917290403061644,24.0
2026-01-22,-0.09933203952875704,0.7342307853466215,0.20798572077606578,1.3450441094410086,51.0
2026-01-23,0.14686308186612598,0.9013537751799356,0.1506916291337762,1.065219359522025,37.0
2026-01-24,-0.03198766481841573,0.8828563156428143,0.05975271365597315,0.9312782811807816,33.0
2026-01-25,-0.5991949917206651,1.3556236455155635,0.09962564951988236,0.8294181272576514,14.0
2026-01-26,-0.07898968155605934,1.409710205087767,-0.045847633663516324,0.7778353006204808,13.0
2026-01-27,-0.1756484453483831,1.1527417323554208,0.17428945829296225,1.132789531758257,24.0
2026-01-28,-0.33058484685865475,1.1041438782190818,0.12089389312788391,1.1323724874239884,32.0
2026-01-29,0.12841117065059077,1.3553286108617888,-0.06955043954615099,0.833566510881999,35.0
2026-01-30,-0.22961716140533808,0.7975662139257861,0.1367998152587882,1.126990440590051,28.0
2026-01-31,-0.17004507152148796,0.9993064211076046,0.21817406430580982,1.0935270784866902,26.0
2026-02-01,-0.11986375705111915,1.000947649947925,0.02274784563814763,0.9388715865282665,17.0
2026-02-02,0.08771395863918198,1.083746962876879,-0.15959407721898022,0.6099087181590844,22.0
2026-02-03,-0.2549697571890946,1.2718461261027503,-0.11196613849414541,0.671959148537407,26.0
2026-02-04,-0.4559310754424944,1.2101719060695157,0.43057536262874513,1.4100537916948643,48.0
2026-02-05,0.12456518908774346,0.8422013219212263,0.3130087880289017,1.7651092410743867,40.0
2026-02-06,-0.19792764868352578,0.6652966483265067,0.483578851282522,1.3511448983518122,28.0
2026-02-07,-0.11223067834377536,0.8916796585037567,0.1226720823779239,1.0084207246061234,21.0
2026-02-08,-0.2694723166152243,1.1483831183860957,-0.33682247581527136,0.3092254819798501,27.0
2026-02-09,0.2217218049432276,1.319359340251062,0.19174008245854038,1.8909562287713748,15.0
2026-02-10,0.10387655443518784,0.8999561397070223,-0.07263730778768789,1.0871052678763402,37.0
2026-02-11,-0.13594564694841796,1.1569107968209644,0.03743351728643959,0.9084979879834613,32.0
2026-02-12,-0.22860144932222964,0.7016146119478756,-0.19904166905027618,0.604653121662041,31.0
2026-02-13,-0.18880819712898528,1.1256690118038901,-0.0140852018106647,1.0101377911967948,44.0
2026-02-14,0.3801190353362967,1.252167339803738,-0.35612090432960736,0.31557675652059114,14.0
2026-02-15,0.022133772542011904,1.4285853253466698,0.5715537862452603,1.606072941528987,16.0
2026-02-16,-0.06458305480210405,1.2225431820109107,-0.18304385198599424,0.6438539576217482,30.0
2026-02-17,-0.048423050269155186,1.1955423001809549,-0.21306691115813825,0.6094368574854032,37.0
2026-02-18,0.12497825861767586,0.9909966149642082,-0.045361742743563235,0.8353306136226926,40.0
2026-02-19,0.03338595685552316,1.112332499404895,0.1421319498029538,0.8371254028092976,20.0
2026-02-20,0.14657903491857083,0.8510873198229204,-0.22869818000633768,0.5632441278809939,20.0
2026-02-21,-0.29068913750350983,1.254238185727124,-0.1537448797293915,0.5570988606867803,26.0
2026-02-22,-0.34688705370667905,1.3413706142912867,0.2997219644666008,1.2962190925360297,23.0
2026-02-23,0.118591811547479,1.0265216115332152,-0.27580374991081746,0.34876106518891037,33.0
2026-02-24,-0.1015915168531108,1.0933260625015433,0.003369300159489692,0.9450501603964133,54.0
2026-02-25,-0.1827812830090415,1.2642415333079406,0.28649972162620924,1.0368500520671469,25.0
2026-02-26,-0.5000075877202519,0.9853000930541874,-0.08668165107589357,0.7754314192277759,25.0
2026-02-27,0.19812485034615968,0.8763968789119124,0.07466820475675735,1.017124471558079,35.0
2026-02-28,0.1928886362377519,1.3074584233981925,0.22546149939231633,1.2375001119972315,29.0
2026-03-01,0.056695805991656245,1.2693812583747253,0.07593804912466591,1.2329266933497487,25.0
2026-03-02,0.1980585184789318,0.9221431722444017,-0.14065626075214438,0.641900843963587,21.0
2026-03-03,0.03930411059042068,1.1368995768984405,-0.19619718472950554,0.6486855395125017,51.0
2026-03-04,0.017068173960684507,1.0628420758507167,-0.05644670170219304,0.9537743948648482,67.0
2026-03-05,-0.12160106180478479,1.0830214147685862,0.31594344602102553,1.358535601741078,41.0
2026-03-06,0.06076331866993427,0.9077646766602707,0.23280328987681048,1.4140069985084933,40.0
2026-03-07,-0.42493854734705144,1.2536401998779643,0.5438100339164595,2.5337111199750346,15.0
2026-03-08,0.044617529954606834,0.9421547855896351,0.3778178410740637,1.2461039189758378,27.0
2026-03-09,0.31977949014272117,0.9986565914694832,-0.0478026993765369,1.0265951495693855,28.0
2026-03-10,-0.10717198454853083,0.9702335423525195,0.1313197205474432,1.0170211608262536,60.0
2026-03-11,0.34254133917395707,0.9987976770213415,0.062221450240037134,1.0048947622020394,38.0
2026-03-12,-0.10013849502529663,1.0872345577837021,0.06551538865394145,1.066445290291461,44.0
2026-03-13,-0.04387955375310466,1.4414924147290253,-0.21199661778242715,0.49968703118133884,46.0
2026-03-14,-0.15642602615053322,0.8982250260535247,0.2945666221837167,1.4291105293462212,22.0
2026-03-15,0.11004263547366534,1.0206201163446065,0.18462748953507618,1.1753300890594105,32.0
2026-03-16,0.013705739452639691,0.9872405872034653,-0.16465791105615607,0.7533993421453544,32.0
2026-03-17,-0.012684936538111662,0.9423188598440406,-0.009073379540359246,0.8937200627813073,42.0
2026-03-18,0.1650609820217654,0.8355136313501804,-0.13919305425348227,0.7320222381314976,37.0
2026-03-19,0.0996441896481496,0.9132255668991995,0.20618622064460101,1.1958296572305396,66.0
2026-03-20,0.03580508696668643,1.1153543364361598,-0.006535471612705568,1.075243309713278,44.0
2026-03-21,-0.17426576803007027,0.9632011108305373,0.11303606824382827,0.9613394854391963,54.0
2026-03-22,-0.655972864266979,1.0763093051986132,0.3262835689643336,1.7276537947833142,23.0
2026-03-23,-0.3914647376868349,1.0803280093094747,-0.21745144067948002,0.5708430513003978,40.0
2026-03-24,0.014587310636842484,0.9243688605184404,0.18501578259006277,1.2815048915139882,64.0
2026-03-25,0.0397755691145977,1.2352263584508105,0.34746218640614346,1.7000775401238486,55.0
2026-03-26,0.020340667284310894,1.1422067872238146,0.25797581188711577,1.2716152657115425,38.0
2026-03-27,-0.36447300483413014,1.1127496948528053,-0.21314163357162327,0.5983781444056315,32.0
2026-03-28,-0.12109985760055962,0.8951948165560427,-0.2276060089814358,0.8302608633873396,23.0
2026-03-29,-0.30623246363503887,1.1835385788220765,-0.02368020323287211,0.8416739599045004,10.0
2026-03-30,-0.18087497742404435,1.085111251695435,-0.007856545003085627,0.8780099626483667,27.0
2026-03-31,-0.3591182741597439,0.9578895475072877,0.1866315635906511,1.3586795012504433,29.0
2026-04-01,-0.049241054462396766,0.9563732699132301,0.10202785980634387,0.807318224961619,37.0
2026-04-02,-0.2712886852686141,1.2261289342502308,-0.07804834281192004,0.9226048845892939,50.0
2026-04-03,0.07183345186437437,0.7857574211049643,-0.19293218066148604,0.5746223206990029,21.0
2026-04-04,-0.10355165943080295,0.7692919142725918,-0.40583164750893636,0.07406785616919347,15.0
2026-04-05,0.08778759863704216,1.071957520476611,-0.10156909782345978,0.6591186488857297,16.0
2026-04-06,-0.38576097872619536,0.9960377673521139,-0.0796768477157099,0.7971604984392693,54.0
2026-04-07,-0.16297568753715674,1.0862202764095537,-0.09701112584893283,0.8947621695188877,81.0
2026-04-08,0.18226725004880864,1.2297908510097575,0.5303576600388032,1.4475568872951743,31.0
2026-04-09,-0.1695026128326911,1.183746034641577,-0.13227972778357752,0.9756874195974868,31.0
2026-04-10,-0.30174961693780344,0.9514563909591142,-0.02771215538754111,0.6715654600906614,31.0
2026-04-11,0.0005793231458116663,0.7282646076081765,-0.20941021774262308,0.7242535480419011,42.0
2026-04-12,-0.028199271539161044,0.7582315296310757,-0.15902832325138894,0.7652112639202904,18.0
2026-04-13,0.21033502955684397,1.2451617731661764,0.247138525278547,0.994063562058108,32.0
2026-04-14,0.09096276476145203,1.3232146247914827,0.005571981511126978,1.3772211567674033,32.0
2026-04-15,0.0007583829623208347,0.9914917950405344,0.02630919470335991,1.125447058271981,41.0
2026-04-16,0.0720351267993604,1.082535282089606,-0.11508287456692465,0.8646852967549614,51.0
2026-04-17,0.3248510009372558,0.968975826356508,-0.060426295581963614,0.7801632819784401,66.0
2026-04-18,-0.1385095670507818,1.0757069987051584,-0.18764617522802315,0.6109586387991143,47.0
2026-04-19,-0.11140442727734735,1.294675380126501,0.16838447684830263,1.0982148600316939,19.0
2026-04-20,-0.07241734876263482,1.1960744597098285,-0.04932673362436944,0.9375926859188055,55.0
2026-04-21,-0.0028187651604080505,0.9394841382190361,-0.12960715284496618,0.6953390486358826,53.0
2026-04-22,0.08425469715199772,0.8926782173799075,0.1453666971376304,1.1969358478567724,58.0
2026-04-23,0.1287534625654702,0.9783828461440695,-0.16541105759084254,0.6036146764296182,35.0
2026-04-24,0.03118684199605539,0.9985351479732042,-0.11075628154103642,0.9663134788742443,59.0
2026-04-25,-0.1871251381890017,0.8717691776836614,-0.1287764635056165,0.6841695588733785,50.0
2026-04-26,-0.27016872791025065,1.0158967529921594,-0.06334287909186846,0.8628740413985905,23.0
2026-04-27,-0.010194525166095092,1.163869444357499,0.04972305316545833,0.9225284051421979,27.0
2026-04-28,0.1414540667688776,1.0816414357072204,-0.008775495547168772,1.3355586104645143,33.0
2026-04-29,0.1436053963268615,0.9321329799964733,0.20319438589198383,0.9991176882117158,28.0
2026-04-30,-0.0017547891688203315,0.9695260335697983,0.01899703513438925,0.9624449046040072,36.0
2026-05-01,-0.4262261917473775,1.0971007206680037,-0.29814398120495406,0.5204701263855656,12.0
2026-05-02,0.11526936571191548,1.0489947568846363,-0.14406596315782852,0.8901083474972733,25.0
2026-05-03,0.3764637994601431,1.4487591019494757,-0.21771111056536105,0.5509009546030439,22.0
2026-05-04,-0.38441290212692636,0.9357562298808031,0.04021866640006089,1.1435523848082105,30.0
2026-05-05,-0.022739446441798764,1.0466251080867672,-0.10913913397514349,0.9872009870538038,56.0
2026-05-06,-0.0031328111590063603,0.9393497397938526,-0.04163099263456457,1.0543021949184181,46.0
2026-05-07,0.035890523629431716,1.0579842381293578,0.028394817155398343,1.0047780399306776,31.0
2026-05-08,-0.3093407476536223,0.926341872981124,0.09250999819563935,1.4631860864527373,26.0
2026-05-09,0.195535484517646,1.0245275374592835,0.13318907706420535,1.235195496603995,43.0
2026-05-10,0.02204689156700598,0.9223308642167463,0.33457698459787877,1.1271035763064088,22.0
2026-05-11,-0.14673137274483988,0.8012125948279148,0.05510861735127713,1.1167152027861658,26.0
2026-05-12,-0.3429436684681261,1.2556759532377204,-0.21855444324493162,0.4948709908460793,28.0
2026-05-13,-0.20189780373615088,1.0285694575221018,0.009874180446640445,0.9104527870050886,52.0
2026-05-14,-0.08654334178061843,1.044951224608938,0.3559182679682712,1.1584435493885472,32.0
2026-05-15,0.2967376348263667,1.0058180763777231,-0.0926574569348808,0.8260076483842804,31.0
2026-05-16,-0.2320632158076346,1.1534381629162636,-0.30536780071797104,0.3256585032099194,13.0
2026-05-17,0.2550589057363161,1.1471691536740427,0.3466775461141433,1.211746887433465,22.0
2026-05-18,-0.20847302830816838,1.0410952595833738,-0.07716800179129737,0.6597570973855436,28.0
2026-05-19,-0.1167774501647204,1.047279794292104,-0.12485761872637577,0.7062763274693132,49.0
2026-05-20,0.2709640505178713,1.1235387140032662,0.10931010382200804,1.0200089551453233,58.0
2026-05-21,-0.17931516918632381,1.0040632749371328,-0.14026155261213683,0.7783728709702241,70.0
2026-05-22,0.02735158424708773,1.0972966848631776,-0.07046188291602368,0.7410456941137579,40.0
2026-05-23,0.17562937573677792,1.0686813230545664,-0.0342415061594226,1.0096652291927075,35.0
2026-05-24,-0.07142372578089921,0.9325071055159805,0.15981131694309406,1.3864453869021258,27.0
2026-05-25,-0.11273345201423715,1.0827117603388803,-0.30728982128050425,0.2976918984981236,20.0
2026-05-26,-0.5591874888634385,0.9611256984767296,0.1163313517837881,0.9295721294647808,19.0
2026-05-27,-0.05974639700791798,1.197194770579291,0.3666974622275843,1.3535296070842613,44.0
2026-05-28,-0.09049070204254663,1.1641895973285026,-0.11268463945897914,0.6649992201871587,39.0
2026-05-29,-0.24105998086026426,1.1614773884983056,0.1224875506691178,1.1013407432310114,39.0
2026-05-30,-0.2846965625719696,1.2563218932266613,-0.16623075642635105,0.8534110624699826,10.0
2026-05-31,0.2697087758362188,0.7736793614602528,-0.21634445793698562,0.6325076252542094,8.0
2026-06-01,-0.09281546018023759,1.1105488008576678,0.061974431443900975,0.985727196768829,26.0
2026-06-02,-0.49795550717843867,0.7741313665989463,0.5598147167752008,1.2328105935138012,26.0
2026-06-03,-0.16203390475546162,0.7602536899357144,-0.1605494473290921,0.7553544405235678,49.0
2026-06-04,0.2192817510530184,0.9592111206128786,0.16731751704295583,1.4604327393518077,23.0
2026-06-05,0.1921821556959958,1.1789246216592255,-0.16552677526450188,0.7288167098438835,57.0
2026-06-06,0.0021403696645712735,0.9119646825884327,-0.38089509061188415,0.3662033625317484,25.0
2026-06-07,0.2164243112628547,0.9069514648859214,-0.11384081841008176,0.7432608557950968,24.0
2026-06-08,-0.21315595128991924,1.1132270806388875,-0.31850095609081763,0.44579613148027536,37.0
2026-06-09,-0.15138476542006782,1.3677284212328857,-0.030769737332132258,0.8353446234229898,32.0
2026-06-10,-0.21494029848029833,0.8944717351973179,0.3218658246078798,1.3105734498500257,40.0
2026-06-11,0.17021363243101326,1.0092337024607407,-0.013833422371057554,0.9202117174574546,38.0
2026-06-12,0.15844519734584023,1.1641247524371816,0.180503965538894,1.5162989088438346,49.0
2026-06-13,0.10371905109810643,1.1455035668538178,-0.2925011724715928,0.4611353560433059,28.0
2026-06-14,0.2665456289826979,0.5975904054109548,-0.3920145250379858,0.05772316588125163,20.0
2026-06-15,-0.03239171325344943,1.0663481796988745,-0.2627862556023261,0.47243062582136264,51.0
2026-06-16,0.07878667138803092,1.1980465133460687,-0.1834352719661904,0.5893240616221304,61.0
2026-06-17,0.14931704548036345,0.9633638264306532,0.44431233392871616,1.4830936146735016,30.0
2026-06-18,-0.13460287960848719,1.0317367413279304,-0.16869655813463327,0.6766088055570814,55.0
2026-06-19,-0.12790622568401103,0.9833078919355754,-0.2324808050393233,0.695573953224091,48.0
2026-06-20,-0.001869392369007351,1.0250482024021297,-0.1565046742600818,0.6467790054784563,24.0
2026-06-21,-0.12196174361063639,1.2975209269634838,-0.15745165750822734,0.7258605180319136,36.0
2026-06-22,-0.06864818981400643,1.09149184104306,-0.012811271165637794,1.1595805839558984,24.0
2026-06-23,0.33399044221531704,1.081475306546743,0.2146666956754918,0.9852448973273013,30.0
2026-06-24,0.4140519893955098,1.440378966124094,0.5197751175113571,1.4729262697720842,21.0
2026-06-25,-0.12834183407867392,0.9086541587873529,0.03958958506583406,0.880571814780796,27.0
2026-06-26,-0.24589175038221153,0.9582975958594295,-0.002578125286450034,0.9216328526668315,43.0
2026-06-27,0.052499666950577326,0.8402677039696079,0.05894116721977063,1.0287893612775643,40.0
2026-06-28,-0.1571978691196335,1.1171720648562136,0.11280076551176735,1.303742065856623,41.0
2026-06-29,-0.17871052830366857,0.8722169984833296,-0.26876291558085047,0.6777658933205633,36.0
2026-06-30,0.15393228694607822,0.8962166192662702,-0.22092944991833732,0.4987834245726873,35.0
2026-07-01,-0.1347812956674923,1.0022465396714773,-0.0789050629792862,0.7991591099139583,33.0
2026-07-02,-0.3269888271193456,1.0120836188831417,-0.0658088349630503,0.837571964055541,23.0
2026-07-03,-0.333193212969372,1.355475082190685,-0.15059035450931996,0.579991780875465,20.0
2026-07-04,-0.09307209078452801,0.7621507017564692,-0.07684376996692042,0.6091706398898339,16.0
2026-07-05,0.3405465762838008,1.1751203309133802,0.12768322193068904,0.8629366503240324,17.0
2026-07-06,-0.09959836572496328,0.9280515920056336,0.16615006380904937,0.9433487908435902,28.0
2026-07-07,-0.32508052246669583,1.131612223985209,0.4470837466853811,1.7591518602737288,18.0
2026-07-08,-0.14420709398083084,1.0683155563489461,0.15078187463066553,1.1956915322399084,27.0
2026-07-09,0.11648859160509979,0.9968063974783328,0.08949612632824204,0.9449020411828745,49.0
2026-07-10,-0.10578765842280437,0.9392739305280009,0.05508761560907311,0.9072485937741966,61.0
2026-07-11,0.6116895807104593,1.3681145246029158,-0.3613247055483591,0.4041875512830185,29.0
2026-07-12,-0.47345662640379643,0.8588161592056195,-0.337897586499081,0.32745710550705504,28.0
2026-07-13,-0.329230707866803,0.9562065480906391,0.0403891792341712,0.9822331461782476,38.0
2026-07-14,0.15056316886830357,0.987149116100327,0.2884886848049179,1.6899164999900818,37.0
2026-07-15,-0.029143951483294316,0.8341313963511531,-0.3326808010964221,0.3593316867920629,46.0
2026-07-16,0.058991720446062997,1.1074499131653497,-0.12644618167210558,0.838421842782596,35.0
2026-07-17,0.057584465091629844,0.8494795326847987,0.04117445196081403,0.9038681092875156,44.0
2026-07-18,-0.0036357410570946776,0.9340973079803078,0.030514131010386386,1.0364491774527376,27.0
2026-07-19,-0.27045348025840005,1.2503212072194774,0.056381165381270575,1.0387774614406955,43.0
2026-07-20,0.3129251298670595,0.8425294164648566,-0.05139659017647204,0.8093245631871027,31.0
2026-07-21,-0.2995571184533363,1.4187971034460911,-0.08576869113281574,1.2858838621225674,33.0
2026-07-22,0.07706815723961268,1.021073207229085,-0.15652477959461533,0.582099309255683,43.0
2026-07-23,-0.07693121898669895,0.9256266634462413,-0.05380400292545392,0.7170923133847873,48.0
2026-07-24,-0.34479312067154644,0.9060684610717373,0.05915498997600177,1.2036546589215695,31.0
2026-07-25,0.10542548976802532,1.0773389258294122,-0.22401657311985165,0.5824982378820468,27.0
2026-07-26,-0.20754674067512935,1.0223068960279085,-0.1163345856939532,1.0256796953555118,35.0
2026-07-27,-0.12739346176168118,0.8870263709749465,-0.1596869709441501,0.5586073884313412,31.0
2026-07-28,0.1583066485845171,0.6031163593651762,-0.06918675318306529,0.8662032658146849,45.0
2026-07-29,-0.2046502467713302,0.772254192326367,0.471598164119639,1.6205394604134413,29.0
2026-07-30,-0.17722528175444058,0.721324536870241,0.27555391356825837,1.4327618193525964,46.0
2026-07-31,-0.19368063923344794,0.8627428203878397,0.0013316859455341583,1.0717291005137224,37.0
2026-08-01,-0.474421757330182,1.436857292489673,0.19713518820435272,1.0690578275398175,29.0
2026-08-02,-0.1930699899313755,1.2395478366854802,-0.149011300306917,0.7583673550588148,26.0
2026-08-03,-0.00781126247050914,0.789819144074299,-0.12080952177376827,0.7528901304752307,40.0
2026-08-04,-0.1579072246160484,1.0920616407484838,-0.11043219420450993,0.8626522072181277,47.0
2026-08-05,0.10132757185807247,0.8852529827972985,-0.18200227345649675,0.7096875774588194,25.0
2026-08-06,-0.003372557589507588,1.0893261168623578,0.011465766712312777,0.7914071145170434,23.0
2026-08-07,0.09529264251770284,0.9716147513663528,-0.3614421695813917,0.275122302978245,54.0
2026-08-08,-0.4414319044550703,0.9447683518483639,0.03358658774793066,1.2765922405985382,66.0
2026-08-09,-0.179530347440652,1.0913257501393885,-0.073805519167124,0.7837990644614447,58.0
2026-08-10,-0.06498042232368646,0.9686638446910056,0.10379296608470792,1.1101904154949391,31.0
2026-08-11,0.120607240782692,0.7711904927456212,0.08877593780682466,1.2848337219049129,38.0
2026-08-12,-0.1579486091696058,0.7990864236253521,0.059766962326601725,0.9498652782452034,40.0
2026-08-13,-0.19346566804029405,1.0356579846420622,0.0744861824940199,0.9293761116228741,24.0
2026-08-14,-0.36646422608537715,1.1549962394554723,-0.09381998815315921,0.8069236682638604,42.0
2026-08-15,-0.3398377923081478,0.8820713319229239,-0.22798193325454202,0.5808580250099797,15.0
2026-08-16,0.005724077268450108,0.8055842283682185,-0.2980376418547561,0.4680820289000021,17.0
2026-08-17,-0.009028854583551814,0.5194444448608988,-0.3954733145168392,0.08197614184359325,9.0
2026-08-18,-0.11658460548972464,1.009399844772239,-0.15318073558233647,0.97280194391588,39.0
2026-08-19,-0.5411420387049488,1.1105155185924738,-0.2190021730811622,0.5626112486751272,38.0
2026-08-20,0.025319272626961986,0.9305996648367352,0.6289532419908395,1.5650951494329768,20.0
2026-08-21,-0.30356283032992315,0.8572884192982897,0.32697189383110753,1.3852761595167842,31.0
2026-08-22,-0.24620168251995156,1.1193358845270633,-0.3277470253972075,0.44447746201176325,29.0
2026-08-23,-0.4505457992076123,1.18116724486882,-0.024274505855507347,0.8395420103071964,29.0
2026-08-24,0.034862348217384403,1.1213530002386372,0.004157446621048531,0.9084901665828629,43.0
2026-08-25,-0.37623374034158774,1.0822701469077514,0.12768496282362699,1.2146667441093162,35.0
2026-08-26,0.1371604410138972,1.2064901801980146,0.4781252112973707,1.793039740589146,18.0
2026-08-27,-0.001034179866372909,0.8742048153476373,0.046009931449047296,1.0453488227877183,39.0
2026-08-28,-0.24990937605310448,1.015278062906568,0.3568659696469117,1.3805058169726776,29.0
2026-08-29,-0.377089163007835,0.9637911076245338,1.1596249309692954,1.757616037983316,14.0
2026-08-30,-0.32914438135161644,1.4742807924641192,-0.08319375794399614,0.7121356600596916,23.0
2026-08-31,-0.29343982248337447,0.9325765744592333,-0.2244438181474196,0.6180472205337042,54.0
2026-09-01,-0.19509469825867168,0.9321076245482475,-0.046566430159545744,0.9461305831214255,80.0
2026-09-02,-0.2568336167019057,1.056262791883611,-0.12177041158022527,0.8381581600855079,38.0
2026-09-03,-0.23570652356296498,0.8498804512493853,-0.3214227775796501,0.3014299074259552,39.0
2026-09-04,0.24942787100271796,1.179267821461533,-0.24994915034327264,0.3505969492770711,22.0
2026-09-05,-0.0015981779285850566,0.8674617288264916,-0.07424975694250088,0.988069617270969,26.0
2026-09-06,-0.2564712417980972,0.9591287269931643,-0.16221535557796474,0.7637807595739597,18.0
2026-09-07,0.12677224739601514,1.3758832152900355,-0.02710805251570964,0.8039066214870813,39.0
2026-09-08,-0.11772829056249332,0.7148576904912679,0.02307744151991972,0.8574286072011379,44.0
2026-09-09,-0.15332050346693604,1.029224375077282,-0.19115773610532616,0.687174204966573,50.0
2026-09-10,0.2286837123345422,0.937207128299858,-0.17830518055918446,0.6425513570837444,33.0
2026-09-11,0.2114808943237147,1.074251001538246,-0.26356296546203883,0.49443757474874056,27.0
2026-09-12,-0.4099318893843526,0.9558304603001522,-0.01993089516138065,1.0391834616841622,21.0
2026-09-13,0.14244979230575266,1.5599720026617867,-0.21676727043127303,0.6239371671519788,20.0
2026-09-14,0.06376785714712072,0.9988301270396648,-0.1374951423776954,0.7177563474978399,32.0
2026-09-15,0.036333872838841506,0.9049755608282992,-0.1717880984102358,0.885979795753556,38.0
2026-09-16,0.03485521803590057,1.0285580687732852,-0.08288638758352089,0.8727658263665239,18.0
2026-09-17,-0.06496763607317647,1.0423114219685214,-0.015674601719943868,1.2095885886768394,44.0
2026-09-18,-0.13289316771359488,0.6018019151208399,-0.2410847545252968,0.6680132727888024,37.0
2026-09-19,-0.2747157750797027,1.1439225671201685,-0.19925262108384537,0.7490428960260914,31.0
2026-09-20,-0.2085920098744433,0.8276953362301754,-0.2871620733171037,0.5420576052469818,27.0
2026-09-21,0.05418490036607191,0.8589709366498783,0.3614403449969787,1.3749904053165747,23.0
2026-09-22,0.28677140791042527,0.9091502477797098,-0.09174911100836493,0.8935703286032063,62.0
2026-09-23,0.04467622879220068,1.0186484728101926,-0.024996741584637057,1.0335778072999715,37.0
2026-09-24,0.083914573537672,1.1126296237060824,-0.2711978013558346,0.6241770747291919,19.0
2026-09-25,0.04645393677882013,0.9725465526589481,-0.1331565296614352,0.7637257612827085,20.0
2026-09-26,-0.007508361273050546,1.0355281431759458,0.060879051954730645,1.4325113424836515,10.0
2026-09-27,0.37412055003533556,1.2039648231636924,-0.38072515599932705,0.0635388825603034,7.0
2026-09-28,0.005525605985304837,0.6023791859415495,-0.12041466850543706,0.7344965853370059,27.0
2026-09-29,-0.5591737350543683,1.1292149897408992,-0.1513089901676609,0.7467156186213231,6.0
2026-09-30,0.1664168604767775,0.9897603094697345,0.3070380293643505,1.0060461601575963,21.0
2026-10-01,1.081018787590984,1.0,-0.3297840329598438,1.0,1.0
2026-10-02,0.09931958947999488,0.9392795335051805,0.009083389560473566,1.1321972057607934,40.0
2026-10-03,-0.19471901141655207,0.8552268278054644,0.023895699091735747,0.8242120841711168,18.0
