topic,sentiment_mean,sentiment_std,subjectivity_mean,subjectivity_std,counting
Energie,0.02520054694638802,0.9756925517218478,-0.05468928526771172,0.9680109801578723,720.0
Krieg,-0.005150083771702645,0.9860294419418477,-0.10165995738214159,0.861879409272751,806.0
Krise,-0.039156704656862495,0.9761470243192901,0.03804165497828512,1.0501321372647456,694.0
Winter,0.01987637229086601,1.0000121658579866,0.13020355661082123,1.052780033051382,774.0
