topic,sentiment_mean,sentiment_std,subjectivity_mean,subjectivity_std,counting
Energie,0.016380603701335726,0.9653982980071496,-0.028941909119544695,0.9420913328682634,3286.0
Krieg,-0.053331608548770414,0.9941782607391173,-0.08521197425747587,0.9021431493575326,4732.0
Krise,0.016387175019011064,1.0149670066314824,0.05014864798469438,1.0844805295827609,3499.0
Winter,0.05332910677518384,1.003043095405363,0.12052441018701446,1.0776865808802105,2718.0
