topic,sentiment_mean,sentiment_std,subjectivity_mean,subjectivity_std,counting
Energie,0.029417061906782803,0.9676030460488356,-0.031129936555407425,0.9480067481296246,4145.0
Krieg,-0.06511971230156124,1.0037686092221794,-0.08574837508476574,0.8955849405161168,6206.0
Krise,0.023760514239534094,1.0040784521383663,0.06293447089755146,1.0938141826390606,4356.0
Winter,0.055500274044555264,1.0008425655420286,0.11833927360846358,1.0817454274218135,3292.0
