topic,sentiment_mean,sentiment_std,subjectivity_mean,subjectivity_std,counting
Energie,0.022819858606923225,0.9642499610959082,-0.026433127636429417,0.9449530444938893,3682.0
Krieg,-0.061774502101453146,0.9974546544887449,-0.08491304744440004,0.9032252630493477,5325.0
Krise,0.02393479888925558,1.016219252476064,0.056120674787945884,1.0920324584766197,3879.0
Winter,0.05309302781815432,0.9990085468456498,0.11445463686855986,1.06997714612268,2925.0
