topic,sentiment_mean,sentiment_std,subjectivity_mean,subjectivity_std,counting
Energie,0.025103332471079588,0.9830002071399296,-0.10050124169239123,0.8861575879127804,265.0
Krieg,-0.008956999717872626,0.9464909216806908,-0.15341036166007496,0.8041037785851761,174.0
Krise,-0.01650220248405231,1.0025172145830037,0.09487582006545962,1.0304321874717493,196.0
Winter,0.0004639063984120197,0.9666293627074337,0.08366741072563093,1.052566640009955,441.0
